song_id,title,artist,genre,collection_status,collection_method,image_width,image_height,image_format,size_bytes
RMVM_S_23a8e13e19,Liên Khúc Thiên Sứ Tình Yêu (Remix),Đan Trường,POP_BALLAD,AVAILABLE,VERIFIED_PHYSICAL_IMAGE,720,378,JPEG,42356
RMVM_S_22491be421,Ước Mơ Của Mẹ (Beat),Văn Mai Hương,POP_BALLAD,AVAILABLE,VERIFIED_PHYSICAL_IMAGE,720,378,JPEG,28417
RMVM_S_796c5e6758,Ai Cho Tôi Tình Yêu,"Khánh Duy, Nhã Ca",BOLERO_TRUTINH,AVAILABLE,VERIFIED_PHYSICAL_IMAGE,720,378,JPEG,47192
RMVM_S_94b73a226f,Cơn Mưa Cuối Cùng,Elty,POP_BALLAD,AVAILABLE,VERIFIED_PHYSICAL_IMAGE,300,300,JPEG,5638
RMVM_S_51d19950cf,Hẹn Ước Cổ Loa Thành,Lý Anh Khoa,POP_BALLAD,AVAILABLE,VERIFIED_PHYSICAL_IMAGE,720,378,JPEG,46111
RMVM_S_65e58b6a0a,Tết Sẻ Chia - Xuân Hạnh Phúc,"Tuyết Mai, Various Artists",POP_BALLAD,AVAILABLE,VERIFIED_PHYSICAL_IMAGE,720,378,JPEG,44063
RMVM_S_05b9e2066f,Bóng Cả,Mây Trắng,POP_BALLAD,AVAILABLE,VERIFIED_PHYSICAL_IMAGE,720,378,JPEG,41283
RMVM_S_44ec610f09,LK Cánh Thiệp Hồng Ngang Trái,"Hoàng Như Ngọc, Cao Phi Long",BOLERO_TRUTINH,AVAILABLE,VERIFIED_PHYSICAL_IMAGE,720,378,JPEG,56095
RMVM_S_8139832583,Bên Cầu Ô Thước,Loan Châu,BOLERO_TRUTINH,AVAILABLE,VERIFIED_PHYSICAL_IMAGE,720,378,JPEG,46982
RMVM_S_481cea4d63,Đành Để Em Đi,TBEAR,POP_BALLAD,AVAILABLE,VERIFIED_PHYSICAL_IMAGE,720,378,JPEG,49685
RMVM_S_1b83aaff43,Mưa Trong Lòng (DJ Future Remix),Trịnh Đình Quang,POP_BALLAD,AVAILABLE,VERIFIED_PHYSICAL_IMAGE,720,378,JPEG,44861
RMVM_S_98d2ba4086,Yêu Thầm Phía Sau Em (Beat),Lương Chấn Nam,POP_BALLAD,AVAILABLE,VERIFIED_PHYSICAL_IMAGE,720,378,JPEG,35652
RMVM_S_099fb5288b,Biển Mặn Tình Em,Thanh Vinh,BOLERO_TRUTINH,AVAILABLE,VERIFIED_PHYSICAL_IMAGE,720,378,JPEG,48424
RMVM_S_c03e92531b,Xin Em Đừng Khóc Vu Quy (Version 2),"Shark Hùng Anh, Huỳnh Thật",BOLERO_TRUTINH,AVAILABLE,VERIFIED_PHYSICAL_IMAGE,720,378,JPEG,50632
RMVM_S_1a89a22057,Khúc Ca Mùa Đông,Dương Triệu Vũ,INSTRUMENTAL,AVAILABLE,VERIFIED_PHYSICAL_IMAGE,720,378,JPEG,51479
RMVM_S_beb8fafe4e,Liên Khúc Ai Đưa Em Về - Mùa Thu Lá Bay,Bằng Cường,RB_SOUL,AVAILABLE,VERIFIED_PHYSICAL_IMAGE,720,378,JPEG,45190
RMVM_S_37ab32104a,Lk: Ướt Mi,Thanh Hà,POP_BALLAD,AVAILABLE,VERIFIED_PHYSICAL_IMAGE,720,378,JPEG,45321
RMVM_S_ea0274192f,Lạc Mất Nhau Rồi,"Đức Vinh, Đức Hiếu",BOLERO_TRUTINH,AVAILABLE,VERIFIED_PHYSICAL_IMAGE,720,378,JPEG,42417
RMVM_S_a102219279,Cô Bé Mắt Nai,Cảnh Hàn,POP_BALLAD,AVAILABLE,VERIFIED_PHYSICAL_IMAGE,720,378,JPEG,41052
RMVM_S_013f09741f,Liên Khúc Trộm Nhìn Nhau,"Thái Trâm, Trương Huy",BOLERO_TRUTINH,AVAILABLE,VERIFIED_PHYSICAL_IMAGE,720,378,JPEG,33994
RMVM_S_aa2bf59378,Mưa Trong Mắt Em,Thu Phương,POP_BALLAD,AVAILABLE,VERIFIED_PHYSICAL_IMAGE,1200,630,JPEG,60657
RMVM_S_e1a43cb0b3,Xe Đạp Bốn Bánh,Bé Bào Ngư,CHILDREN,AVAILABLE,VERIFIED_PHYSICAL_IMAGE,1200,630,JPEG,60657
RMVM_S_8ba424b284,Đời Còn Cô Đơn (Beat),Lê Công,BOLERO_TRUTINH,AVAILABLE,VERIFIED_PHYSICAL_IMAGE,720,378,JPEG,45957
RMVM_S_4ef34f9c1b,Đêm Nghe Tiếng Mưa,Đan Kim,POP_BALLAD,AVAILABLE,VERIFIED_PHYSICAL_IMAGE,720,378,JPEG,41524
RMVM_S_325b49258f,Anh Mê Vợ Bé,"Hà Thanh Tâm, Mỹ Hạnh",POP_BALLAD,AVAILABLE,VERIFIED_PHYSICAL_IMAGE,1200,630,JPEG,60657
RMVM_S_b1f2e21740,Chuyện Bên Bờ Ao,"Bé Bào Ngư, Như Ý",CHILDREN,AVAILABLE,VERIFIED_PHYSICAL_IMAGE,1200,630,JPEG,60657
RMVM_S_534f7807f9,Cướp Vợ,Ngũ Cung,ROCK,AVAILABLE,VERIFIED_PHYSICAL_IMAGE,720,378,JPEG,45061
RMVM_S_b2d731df6c,Thầm Mang Ơn Anh,Trương Như Anh,POP_BALLAD,AVAILABLE,VERIFIED_PHYSICAL_IMAGE,720,378,JPEG,42415
RMVM_S_2fb4346c32,Tỉnh Giấc,Ngọc Liên,BOLERO_TRUTINH,AVAILABLE,VERIFIED_PHYSICAL_IMAGE,720,378,JPEG,37113
RMVM_S_4346b59fc4,Còn Thương Thì Không Để Em Khóc,Miu Lê,POP_BALLAD,AVAILABLE,VERIFIED_PHYSICAL_IMAGE,720,378,JPEG,41439
RMVM_S_ff2e13db98,Vũ Nữ Thân Gầy,Bùi Tuyết Mai,BOLERO_TRUTINH,AVAILABLE,VERIFIED_PHYSICAL_IMAGE,720,378,JPEG,33098
RMVM_S_96b63185d3,Nỗi Buồn Khắc Tên Em (Beat),David Tuấn Anh,POP_BALLAD,AVAILABLE,VERIFIED_PHYSICAL_IMAGE,720,378,JPEG,40437
RMVM_S_dffaa972d8,Ngày Tình Nhân Không Em,Nguyễn Phi Hùng,POP_BALLAD,AVAILABLE,VERIFIED_PHYSICAL_IMAGE,720,378,JPEG,49827
RMVM_S_e166a4c5d2,Đừng Xa Rời Nhau,Hoàng Lan,INSTRUMENTAL,AVAILABLE,VERIFIED_PHYSICAL_IMAGE,720,378,JPEG,46002
RMVM_S_d6ba468377,Kẻ Thất Bại Trong Tình Yêu,Hy Nam,POP_BALLAD,AVAILABLE,VERIFIED_PHYSICAL_IMAGE,720,378,JPEG,48723
RMVM_S_20a8b6c1f1,"Đừng Yêu Nữa, Em Mệt Rồi (Ngôn Phi Remix)",Diijam Studio,POP_BALLAD,AVAILABLE,VERIFIED_PHYSICAL_IMAGE,720,378,JPEG,43846
RMVM_S_5361de113d,4 Mùa Thương Em (TikTok Speed Up Version),"Nguyễn Lê Hoàng Anh, Lập Nguyên, Nguyễn Hoàng Anh Official",POP_BALLAD,AVAILABLE,VERIFIED_PHYSICAL_IMAGE,1200,630,JPEG,60657
RMVM_S_46f5ddf51f,Chọn Cách Cô Đơn (Beat),Vân Du,POP_BALLAD,AVAILABLE,VERIFIED_PHYSICAL_IMAGE,1200,630,JPEG,60657
RMVM_S_eedb13bbfa,Em Chỉ Là Giấc Mộng,Hà Thanh Xuân,BOLERO_TRUTINH,AVAILABLE,VERIFIED_PHYSICAL_IMAGE,300,300,JPEG,5638
RMVM_S_baa7c878a1,Bài Valse Buồn Cho Em,Thu Minh,BOLERO_TRUTINH,AVAILABLE,VERIFIED_PHYSICAL_IMAGE,720,378,JPEG,38816
RMVM_S_5dd6c9c607,Em Ra Đi Mùa Thu,Thu Phương,BOLERO_TRUTINH,AVAILABLE,VERIFIED_PHYSICAL_IMAGE,1200,630,JPEG,60657
RMVM_S_0221532bd3,Mặt Trời Nơi Mùa Đông,Khánh Phương,POP_BALLAD,AVAILABLE,VERIFIED_PHYSICAL_IMAGE,720,378,JPEG,49075
RMVM_S_281c71ff87,Tình Nghèo,"Huỳnh Thanh Thảo, Lý Công",BOLERO_TRUTINH,AVAILABLE,VERIFIED_PHYSICAL_IMAGE,720,378,JPEG,39555
RMVM_S_10f2a072c4,Ngôi Sao Của Lòng Anh,Lý Hải,POP_BALLAD,AVAILABLE,VERIFIED_PHYSICAL_IMAGE,720,378,JPEG,42326
RMVM_S_319395d65c,Đánh Rơi Yêu Thương,Minh Tài,POP_BALLAD,AVAILABLE,VERIFIED_PHYSICAL_IMAGE,720,378,JPEG,36641
RMVM_S_78ab93b47f,Chiếc Sport Của Tôi,Lâm Trí Hải,POP_BALLAD,AVAILABLE,VERIFIED_PHYSICAL_IMAGE,720,378,JPEG,46944
RMVM_S_f42e813a32,Nỗi Nhớ Cha,Ân Thiên Vỹ,POP_BALLAD,AVAILABLE,VERIFIED_PHYSICAL_IMAGE,720,378,JPEG,35247
RMVM_S_84848475d4,Em Về Trong Giấc Mơ,Bằng Cường,POP_BALLAD,AVAILABLE,VERIFIED_PHYSICAL_IMAGE,720,378,JPEG,42618
RMVM_S_cd9817e7b5,Kết Tóc Xe Duyên,Cao Minh,FOLK_TRADITIONAL,AVAILABLE,VERIFIED_PHYSICAL_IMAGE,720,378,JPEG,37617
RMVM_S_4c424ec6d6,Trả Lại Anh (Beat),Việt Vũ,BOLERO_TRUTINH,AVAILABLE,VERIFIED_PHYSICAL_IMAGE,1200,630,JPEG,60657
RMVM_S_b5b00d22be,Cho Tôi Yêu Một Lần,Thế Sơn,INSTRUMENTAL,AVAILABLE,VERIFIED_PHYSICAL_IMAGE,720,378,JPEG,38648
RMVM_S_9c89e775ef,Hẹn Ước Mùa Xuân,Thanh Long,POP_BALLAD,AVAILABLE,VERIFIED_PHYSICAL_IMAGE,720,378,JPEG,42987
RMVM_S_c060894eed,Cứ Ngỡ Tình Phôi Phai (Beat),"Dương Hồng Loan, Huỳnh Nguyễn Công Bằng",POP_BALLAD,MISSING,NO_VALID_IMAGE_URL,0,0,NONE,0
RMVM_S_4d4a9ba695,Chuyến Bay Thao Thức / 失眠飞行,"Thẩm Dĩ Thành, tiết minh viện",RAP_HIPHOP,AVAILABLE,VERIFIED_PHYSICAL_IMAGE,1200,630,JPEG,60657
RMVM_S_7651de8a7c,Bán Duyên (Beat),Chu Bin,POP_BALLAD,AVAILABLE,VERIFIED_PHYSICAL_IMAGE,720,378,JPEG,46223
RMVM_S_8ad42f411f,Đường tình đôi ngả,"Dương Ngọc Vũ, Thanh Tuyền",POP_BALLAD,AVAILABLE,VERIFIED_PHYSICAL_IMAGE,720,378,JPEG,45564
RMVM_S_9f84e54abd,Nếu Đời Không Có Em,"Thanh Ngân, Gia Tiến",POP_BALLAD,AVAILABLE,VERIFIED_PHYSICAL_IMAGE,1200,630,JPEG,60657
RMVM_S_0dc751e296,Cho Người Tình Nhỏ,Mai Trung Hậu,NHAC_TRINH,AVAILABLE,VERIFIED_PHYSICAL_IMAGE,720,378,JPEG,44075
RMVM_S_32f74f73db,Chắc Anh Có Yêu Em (Cover),"Anie Như Thùy, Lương Thăng",POP_BALLAD,AVAILABLE,VERIFIED_PHYSICAL_IMAGE,720,378,JPEG,41690
RMVM_S_d20ae0b0c8,Mưa Của Ngày Xưa,Lê Phú,POP_BALLAD,AVAILABLE,VERIFIED_PHYSICAL_IMAGE,1200,630,JPEG,60657
RMVM_S_22092e48d3,Chiều Xuân Xa Nhà,"Võ Thanh Linh, Lê Khanh",BOLERO_TRUTINH,AVAILABLE,VERIFIED_PHYSICAL_IMAGE,720,378,JPEG,37212
RMVM_S_5533f9dc15,Chấp Nhận,Tứ Hải Giai Huynh Đệ,POP_BALLAD,AVAILABLE,VERIFIED_PHYSICAL_IMAGE,1200,630,JPEG,60657
RMVM_S_9244701544,Anh Sáu Về Quê (Cha Cha Cha),"Văn Hương, Thùy Dương, CT",BOLERO_TRUTINH,AVAILABLE,VERIFIED_PHYSICAL_IMAGE,720,378,JPEG,40955
RMVM_S_16f63f1e0e,Liên Khúc Tùy Hứng Lý Qua Cầu,Mỹ Nhung,BOLERO_TRUTINH,AVAILABLE,VERIFIED_PHYSICAL_IMAGE,720,378,JPEG,37162
RMVM_S_24eb02b04c,Em Vẫn Mong Chờ Anh,"Như Phượng, Đức Quang",POP_BALLAD,AVAILABLE,VERIFIED_PHYSICAL_IMAGE,720,378,JPEG,32808
RMVM_S_a8af2db132,Anh Không Dám Nói ver 1 (ST Music) (Short Version),Chu Bin,INSTRUMENTAL,AVAILABLE,VERIFIED_PHYSICAL_IMAGE,720,378,JPEG,38745
RMVM_S_86ddf9f3d8,Bốn Mùa Yêu Thương,Thanh Ngân,POP_BALLAD,AVAILABLE,VERIFIED_PHYSICAL_IMAGE,1200,630,JPEG,60657
RMVM_S_63cd867d17,Không Bao Giờ Ngăn Cách,"Mai Diễm My, Văn Hương",POP_BALLAD,AVAILABLE,VERIFIED_PHYSICAL_IMAGE,1200,630,JPEG,60657
RMVM_S_f37bc48601,Chiều mưa qua sông,"Long Nhật, Vân Khánh",POP_BALLAD,AVAILABLE,VERIFIED_PHYSICAL_IMAGE,720,378,JPEG,45577
RMVM_S_4affe636f9,Liên Khúc Trai Tài Gái Sắc,Cô Ú,CHILDREN,AVAILABLE,VERIFIED_PHYSICAL_IMAGE,720,378,JPEG,46145
RMVM_S_d29604f1e3,Không Thể Quên Em,Mỹ Nhung,POP_BALLAD,AVAILABLE,VERIFIED_PHYSICAL_IMAGE,720,378,JPEG,46847
RMVM_S_4525478358,Bé Ti Ti,Minh Vy,POP_BALLAD,MISSING,NO_VALID_IMAGE_URL,0,0,NONE,0
RMVM_S_ca2ef03e6a,Con Gái Bây Giờ (Remix),"Vũ Duy Khánh, Dj Moon",POP_BALLAD,AVAILABLE,VERIFIED_PHYSICAL_IMAGE,720,378,JPEG,38655
RMVM_S_3f222ca32b,"Lk Khóc Thầm, Chuyện Chúng Mình","Ngọc Khang, Đào Trọng Hải, Star Online",INSTRUMENTAL,AVAILABLE,VERIFIED_PHYSICAL_IMAGE,720,378,JPEG,39643
RMVM_S_528356ec6e,Liên Khúc: Áo Em Chưa Mặc Một Lần; Vòng Nhẫn Cưới,"Quang Lê, Mai Thiên Vân",BOLERO_TRUTINH,AVAILABLE,VERIFIED_PHYSICAL_IMAGE,720,378,JPEG,41530
RMVM_S_45b094cc13,Âm Nh?c ?? Làm Cho Tình Yêu,Tháng Tám Berry,INSTRUMENTAL,AVAILABLE,VERIFIED_PHYSICAL_IMAGE,720,378,JPEG,39387
RMVM_S_b5720df997,Hà Nội Ngày Trở Về,"Phương Phạm Guitarist, Minh Chuyên",BOLERO_TRUTINH,AVAILABLE,VERIFIED_PHYSICAL_IMAGE,720,378,JPEG,44080
RMVM_S_81cc7a78f2,Đẹp Mối Tình Quê,Huỳnh Thật,BOLERO_TRUTINH,AVAILABLE,VERIFIED_PHYSICAL_IMAGE,720,378,JPEG,33361
RMVM_S_ecb2101752,Đã Từng Hạnh Phúc,Trương Khải Minh,POP_BALLAD,AVAILABLE,VERIFIED_PHYSICAL_IMAGE,720,378,JPEG,39333
RMVM_S_d690d34589,Liên Khúc Khu Phố Ngày Xưa - Xa Người Mình Yêu,"Phi Nga, Star Online",POP_BALLAD,AVAILABLE,VERIFIED_PHYSICAL_IMAGE,720,378,JPEG,41588
RMVM_S_dfe831f3ab,Gửi Người Yêu Dấu,Nhất Thiên Bảo,POP_BALLAD,AVAILABLE,VERIFIED_PHYSICAL_IMAGE,720,378,JPEG,37311
RMVM_S_469f13c0fa,Trên Bãi Biển Một Chiều Xuân,Phú Tiến Phú,POP_BALLAD,AVAILABLE,VERIFIED_PHYSICAL_IMAGE,720,378,JPEG,49866
RMVM_S_082e49dd9b,Cho Em Đi Tìm Bến Mới,Lâm Hùng,POP_BALLAD,AVAILABLE,VERIFIED_PHYSICAL_IMAGE,1200,630,JPEG,60657
RMVM_S_f3776491ac,LK Chán Nản & Nỗi Buồn,"Khánh Hà, Trần Thu Hà",BOLERO_TRUTINH,MISSING,NO_VALID_IMAGE_URL,0,0,NONE,0
RMVM_S_5789740573,Liên Khúc Tình Duyên Chẳng Nợ,Hoàng Lâm,POP_BALLAD,AVAILABLE,VERIFIED_PHYSICAL_IMAGE,720,378,JPEG,47482
RMVM_S_b632284a6a,Sắc Màu Em Yêu,"Đỗ Tuyết Nhi, Bé Đinh Anh Khoa",POP_BALLAD,AVAILABLE,VERIFIED_PHYSICAL_IMAGE,720,378,JPEG,51215
RMVM_S_7ab371192b,Chuyện Ba Mùa Mưa,"Anh Nguyễn, Mai Tiến Đạt",POP_BALLAD,AVAILABLE,VERIFIED_PHYSICAL_IMAGE,1200,630,JPEG,60657
RMVM_S_1722cbcc39,Đi Về Đâu Hỡi Em (Biểu diễn trực tiếp),Don Hồ,BOLERO_TRUTINH,MISSING,NO_VALID_IMAGE_URL,0,0,NONE,0
RMVM_S_6debdcbb1f,Liên Khúc Bolero Trữ Tình - Nếu Lỡ Ngày Mai Mình Xa Nhau,Hoàng Lâm,BOLERO_TRUTINH,AVAILABLE,VERIFIED_PHYSICAL_IMAGE,720,378,JPEG,50189
RMVM_S_4c05893f9b,Để Nhớ Một Cuộc Tình,Tô Phương Trang,POP_BALLAD,AVAILABLE,VERIFIED_PHYSICAL_IMAGE,720,378,JPEG,44717
RMVM_S_3c834b6742,"Dòng Sông Quê Anh, Dòng Sông Quê Em (From ""Những Ân Tình Xưa"")","NSND Thanh Hoa, NSƯT Đức Long",BOLERO_TRUTINH,AVAILABLE,VERIFIED_PHYSICAL_IMAGE,720,378,JPEG,38217
RMVM_S_0223dc9e10,Đêm Tâm Sự (Beat),Lâm Bảo Phi,POP_BALLAD,AVAILABLE,VERIFIED_PHYSICAL_IMAGE,720,378,JPEG,41440
RMVM_S_1aade217f6,Hơn Thua Được Gì Đâu,Ngọc Ánh Sáng,BOLERO_TRUTINH,AVAILABLE,VERIFIED_PHYSICAL_IMAGE,1200,630,JPEG,60657
RMVM_S_125f8223f2,"LK Em Cứ Theo Người, Dấu Yêu Ơi",Khang Lê,POP_BALLAD,AVAILABLE,VERIFIED_PHYSICAL_IMAGE,1200,630,JPEG,60657
RMVM_S_94319aea62,Tình Chẳng Phai Mờ,Nguyễn Phi Hùng,POP_BALLAD,AVAILABLE,VERIFIED_PHYSICAL_IMAGE,720,378,JPEG,42933
RMVM_S_fbe1978941,Buồn Như Kiếp Tằm,Trung Hậu,BOLERO_TRUTINH,AVAILABLE,VERIFIED_PHYSICAL_IMAGE,720,378,JPEG,46460
RMVM_S_26bd162770,Em Đã Quên Tình Tôi,"Phương Huyền, Lê Minh MTV",POP_BALLAD,AVAILABLE,VERIFIED_PHYSICAL_IMAGE,720,378,JPEG,34448
RMVM_S_d033383700,Ca Cảnh Chuyện Tình Lan Và Điệp (Liveshow Thương Quá Việt Nam),Nhiều nghệ sĩ,BOLERO_TRUTINH,AVAILABLE,VERIFIED_PHYSICAL_IMAGE,720,378,JPEG,37398
RMVM_S_b7f3082532,Bên Em Mùa Xuân (Remix),"Mai Tiến Đạt, CT",POP_BALLAD,AVAILABLE,VERIFIED_PHYSICAL_IMAGE,1200,630,JPEG,60657
RMVM_S_de449ce9e5,Anh Không Hối Tiếc,"Rap Việt, Limitlxss, Vũ Thảo My",POP_BALLAD,AVAILABLE,VERIFIED_PHYSICAL_IMAGE,1200,630,JPEG,60657
RMVM_S_d877b913ad,LK Gõ cửa trái tim,"Chế Thanh, Vũ Hải",INSTRUMENTAL,AVAILABLE,VERIFIED_PHYSICAL_IMAGE,720,378,JPEG,44710
RMVM_S_1f646931ac,LK Người Ngoài Phố - Nửa Đêm Ngoài Phố - Phố Đêm (Liveshow Thương Quá Việt Nam),Ân Thiên Vỹ,BOLERO_TRUTINH,AVAILABLE,VERIFIED_PHYSICAL_IMAGE,720,378,JPEG,21018
RMVM_S_2119c880a2,Ai Thương Yêu Em,"Thanh Ngân, Minh Minh",POP_BALLAD,AVAILABLE,VERIFIED_PHYSICAL_IMAGE,1200,630,JPEG,60657
RMVM_S_fbf8ad493a,goc khuat cua tinh yeu,Music of Friends,BOLERO_TRUTINH,AVAILABLE,VERIFIED_PHYSICAL_IMAGE,720,378,JPEG,36122
RMVM_S_85e7093bf9,Đêm Trao Kỷ Niệm Disco,Star Band,BOLERO_TRUTINH,AVAILABLE,VERIFIED_PHYSICAL_IMAGE,720,378,JPEG,44716
RMVM_S_5c72bd6594,Hò Huế - Lý Mười Thương,Thu Hiền,FOLK_TRADITIONAL,AVAILABLE,VERIFIED_PHYSICAL_IMAGE,720,378,JPEG,50850
RMVM_S_34ce7a759e,Tình Khúc Cho Em (Liveshow Thương Quá Việt Nam 3),Ngọc Ánh,INSTRUMENTAL,AVAILABLE,VERIFIED_PHYSICAL_IMAGE,720,378,JPEG,20726
RMVM_S_56005cc6c3,Vậy Thì Ta Yêu Nhau Đi,Audicity,POP_BALLAD,AVAILABLE,VERIFIED_PHYSICAL_IMAGE,720,378,JPEG,49835
RMVM_S_2a507cd21e,Tan Biến (Beat),"Trịnh Thiên Ân, NAhy",POP_BALLAD,AVAILABLE,VERIFIED_PHYSICAL_IMAGE,720,378,JPEG,40550
RMVM_S_6fbc94393f,Em Là Tất Cả Trong Anh,Vu TC Nguyen,INSTRUMENTAL,AVAILABLE,VERIFIED_PHYSICAL_IMAGE,720,378,JPEG,49707
RMVM_S_ca17080aef,Anh Mới Chính Là Người Em Yêu Remix - TD Remix Ft Minh TiếnL Remix,Minh TiếnL,POP_BALLAD,AVAILABLE,VERIFIED_PHYSICAL_IMAGE,1200,630,JPEG,60657
RMVM_S_57f76bbeed,Liên Khúc Mưa Nhớ Em - Tả Tơi Chữ Đời,Mỹ Nhung,POP_BALLAD,AVAILABLE,VERIFIED_PHYSICAL_IMAGE,720,378,JPEG,52310
RMVM_S_693aa08fc7,Xuân Là Để Yêu,Thiều Bảo Trang,POP_BALLAD,AVAILABLE,VERIFIED_PHYSICAL_IMAGE,720,378,JPEG,45292
RMVM_S_8f20f4506c,Chúng Ta Dừng Lại Ở Đây Thôi,Nguyễn Đình Vũ,POP_BALLAD,AVAILABLE,VERIFIED_PHYSICAL_IMAGE,720,378,JPEG,40648
RMVM_S_918791447c,Duyên Quê (Liveshow Thương Quá Việt Nam 3),V.A,POP_BALLAD,AVAILABLE,VERIFIED_PHYSICAL_IMAGE,720,378,JPEG,46578
RMVM_S_21328b4169,Anh Nào Có Tội,Vũ Duy Khánh,POP_BALLAD,AVAILABLE,VERIFIED_PHYSICAL_IMAGE,1200,630,JPEG,60657
RMVM_S_28e981d855,CHIỀU MƯA BUỒN,Nhiều nghệ sĩ,POP_BALLAD,AVAILABLE,VERIFIED_PHYSICAL_IMAGE,720,378,JPEG,38997
RMVM_S_ce43205eb4,Sống Dai,B Ray,BOLERO_TRUTINH,AVAILABLE,VERIFIED_PHYSICAL_IMAGE,720,378,JPEG,40622
RMVM_S_ebe0b20452,Bước Phiêu Bồng (Phần 1),Nhiều nghệ sĩ,BOLERO_TRUTINH,AVAILABLE,VERIFIED_PHYSICAL_IMAGE,1200,630,JPEG,60657
RMVM_S_a128a2db7d,Em Có Tiếc Nhớ Tuổi Thơ Qua,"Củ Cải, Vương Cây",POP_BALLAD,AVAILABLE,VERIFIED_PHYSICAL_IMAGE,720,378,JPEG,42686
RMVM_S_042f501a62,Không Muốn Ai Thấy Anh Tổn Thương (Lofi Version),"Ngô Thành Dương, Nachi Khang",POP_BALLAD,AVAILABLE,VERIFIED_PHYSICAL_IMAGE,720,378,JPEG,58420
RMVM_S_215c3d181a,Buồn Chỉ Một Mình Thôi,"Tika Tùng Anh, TinyQ",POP_BALLAD,AVAILABLE,VERIFIED_PHYSICAL_IMAGE,1200,630,JPEG,60657
RMVM_S_80b9ca8b2f,Chớ Để Nắng Tàn,Trọng Nghĩa,BOLERO_TRUTINH,AVAILABLE,VERIFIED_PHYSICAL_IMAGE,720,378,JPEG,41393
RMVM_S_988a11b42f,"LK Gió Về Miền Xuôi, Hai Mùa Noel",Khang Lê,POP_BALLAD,AVAILABLE,VERIFIED_PHYSICAL_IMAGE,1200,630,JPEG,60657
RMVM_S_1884b5efcf,Ai Lên Xứ Hoa Đào,Võ Minh Lê,POP_BALLAD,AVAILABLE,VERIFIED_PHYSICAL_IMAGE,1200,630,JPEG,60657
RMVM_S_5ef376fe91,Điệp Khúc Mùa Xuân (Remix),Cao Tùng Huy,POP_BALLAD,AVAILABLE,VERIFIED_PHYSICAL_IMAGE,720,378,JPEG,42198
RMVM_S_0369da2d87,Lữ Khách Qua Thời Gian (Remake),Nhật Hào,POP_BALLAD,AVAILABLE,VERIFIED_PHYSICAL_IMAGE,720,378,JPEG,37992
RMVM_S_1dc14477a5,Nếu Anh Là Em,"Nguyễn Văn Chung, Thanh Goll",POP_BALLAD,AVAILABLE,VERIFIED_PHYSICAL_IMAGE,720,378,JPEG,43828
RMVM_S_0d3846cd18,Bến Đò Chiều Vắng Em (Beat Tone Nam),Mỹ Nhung,POP_BALLAD,AVAILABLE,VERIFIED_PHYSICAL_IMAGE,720,378,JPEG,43840
RMVM_S_441a29ee08,Lí Do Là Gì (Air Remix),Nguyễn Vĩ,POP_BALLAD,AVAILABLE,VERIFIED_PHYSICAL_IMAGE,1200,630,JPEG,60657
RMVM_S_32ad4d9505,"Astro Nuevo: I. Area, ""Astro nuevo"" - II. Recitado, ""A la esphera divina"" - III. Area, ""Pura rosa"" - IV. Recitativo, ""En obscuro velo"" - V. Area, ""Qué dichoso es"" - VI. Adagio, ""Ay! que me muero"" (Cantata al Santísimo con violines)",Julia Doyle,FOLK_TRADITIONAL,AVAILABLE,VERIFIED_PHYSICAL_IMAGE,720,378,JPEG,48176
RMVM_S_6866c85846,Em Đưa Anh Về Trà Vinh,Thanh Nhường,POP_BALLAD,AVAILABLE,VERIFIED_PHYSICAL_IMAGE,1200,630,JPEG,60657
RMVM_S_07de612916,Đam Mê,Nguyễn Phú Quí,BOLERO_TRUTINH,AVAILABLE,VERIFIED_PHYSICAL_IMAGE,720,378,JPEG,30211
RMVM_S_de9dbe9cdc,Cách Mình Xa Nhau,TRANG,POP_BALLAD,AVAILABLE,VERIFIED_PHYSICAL_IMAGE,720,378,JPEG,36128
RMVM_S_64be8cc548,Bông Ô Môi,"Nhã Vân, Xuân Hòa",BOLERO_TRUTINH,AVAILABLE,VERIFIED_PHYSICAL_IMAGE,720,378,JPEG,35062
RMVM_S_37a052b99f,Bóng Đêm (Beat),La Hoàng Phúc,BOLERO_TRUTINH,AVAILABLE,VERIFIED_PHYSICAL_IMAGE,720,378,JPEG,41112
RMVM_S_3355244cf2,Giá Như Anh Được Nghe Em Nói,Vincent,POP_BALLAD,AVAILABLE,VERIFIED_PHYSICAL_IMAGE,720,378,JPEG,40942
RMVM_S_9ddf7e39a2,Sao Em Vô Tình,Chế Thanh,BOLERO_TRUTINH,AVAILABLE,VERIFIED_PHYSICAL_IMAGE,300,300,JPEG,5638
RMVM_S_2551c92f27,Bài Tình Ca Cho Anh,Minh Thu,POP_BALLAD,AVAILABLE,VERIFIED_PHYSICAL_IMAGE,1200,630,JPEG,60657
RMVM_S_e636827b51,Biển Nhớ,Mèo Ú Guitar,INSTRUMENTAL,AVAILABLE,VERIFIED_PHYSICAL_IMAGE,720,378,JPEG,35944
RMVM_S_0df116a55c,Đừng Nói Xa Nhau,Huỳnh Thật,POP_BALLAD,AVAILABLE,VERIFIED_PHYSICAL_IMAGE,720,378,JPEG,28884
RMVM_S_6a4d15eb0e,Màu Tím Pensee,Vũ Hoàng,INSTRUMENTAL,AVAILABLE,VERIFIED_PHYSICAL_IMAGE,1200,630,JPEG,60657
RMVM_S_7936bd3cdb,Liên Khúc Ngỏ Lời,"Đặng Trí Trung, Võ Lam Phương",INSTRUMENTAL,AVAILABLE,VERIFIED_PHYSICAL_IMAGE,720,378,JPEG,45089
RMVM_S_14cacf7423,Chuyến Đò Không Em,Kim Tuyến,POP_BALLAD,AVAILABLE,VERIFIED_PHYSICAL_IMAGE,1200,630,JPEG,60657
RMVM_S_74b9c9272c,Mưa Ru,Đăng Khôi,POP_BALLAD,AVAILABLE,VERIFIED_PHYSICAL_IMAGE,720,378,JPEG,45392
RMVM_S_3b7330cd21,Tình Yêu Vỗ Cánh,Trọng Nghĩa,BOLERO_TRUTINH,AVAILABLE,VERIFIED_PHYSICAL_IMAGE,720,378,JPEG,44426
RMVM_S_88097b638c,01 Vung La Me Bay,Mộng Thi,POP_BALLAD,AVAILABLE,VERIFIED_PHYSICAL_IMAGE,720,378,JPEG,47968
RMVM_S_0af3f651e9,Bạn Hữu Thân Tình (Beat),Vương Triệu Anh,POP_BALLAD,AVAILABLE,VERIFIED_PHYSICAL_IMAGE,720,378,JPEG,40022
RMVM_S_1af870ba0f,Mất Bao Lâu Để Quên,Duc,POP_BALLAD,AVAILABLE,VERIFIED_PHYSICAL_IMAGE,720,378,JPEG,37394
RMVM_S_84e3e3badf,LK Tuổi Học Trò/Trường Cũ Tình Xưa,"Mai Thiên Vân, Quỳnh Dung",BOLERO_TRUTINH,MISSING,NO_VALID_IMAGE_URL,0,0,NONE,0
RMVM_S_97ad9cdda9,Tân Cổ: Đò Chiều Bến Quê,"Vy Thúy Hằng, Lâm Quang Long",BOLERO_TRUTINH,AVAILABLE,VERIFIED_PHYSICAL_IMAGE,720,378,JPEG,30257
RMVM_S_12faeeb769,Liên Khúc: Mưa Nửa Đêm – Phố Đêm,Diễm Hân,BOLERO_TRUTINH,AVAILABLE,VERIFIED_PHYSICAL_IMAGE,720,378,JPEG,47829
RMVM_S_d46725d887,Khúc Mùa Thu,Minh Thu,POP_BALLAD,AVAILABLE,VERIFIED_PHYSICAL_IMAGE,1200,630,JPEG,60657
RMVM_S_5fc3cee1bf,Anh Chẳng Thể (Beat),Phạm Kỳ,POP_BALLAD,AVAILABLE,VERIFIED_PHYSICAL_IMAGE,720,378,JPEG,33099
RMVM_S_3e4fe8ad9e,Anh Sẽ Chẳng Làm Em Khó Xử (Beat),"Nam Anh, Lê Chí Trung",POP_BALLAD,AVAILABLE,VERIFIED_PHYSICAL_IMAGE,720,378,JPEG,49396
RMVM_S_508ddb81e3,Chưa Muốn Lấy Chồng (Remix),Hạnh Tiên,POP_BALLAD,AVAILABLE,VERIFIED_PHYSICAL_IMAGE,720,378,JPEG,47327
RMVM_S_aa06ce242f,Bài Ca Kỷ Niệm,"Hà Thanh Tâm, Xu Xu",POP_BALLAD,AVAILABLE,VERIFIED_PHYSICAL_IMAGE,1200,630,JPEG,60657
RMVM_S_ac69e4478c,Chuyện Người Con Gái Ao Sen,"Thạch Dũng, Thạch Dũng - Trần Xuân",INSTRUMENTAL,AVAILABLE,VERIFIED_PHYSICAL_IMAGE,1200,630,JPEG,60657
RMVM_S_03bd0968b0,"LK Mùa Xuân Xa Quê, Như Đã Dấu Yêu","Cẩm Loan, Đoàn Minh",BOLERO_TRUTINH,AVAILABLE,VERIFIED_PHYSICAL_IMAGE,1200,630,JPEG,60657
RMVM_S_6f4708a07e,Đừng Hẹn Kiếp Sau (Cover),Hoàng Đình Đông Dương,POP_BALLAD,AVAILABLE,VERIFIED_PHYSICAL_IMAGE,1200,630,JPEG,60657
RMVM_S_401a2a261a,Bên Bến Sông Buồn,"Hoàng Dũng, BEAT CHAT LUONG CAO",POP_BALLAD,AVAILABLE,VERIFIED_PHYSICAL_IMAGE,1200,630,JPEG,60657
RMVM_S_5426f2e895,Chia Tay Em Nhé,La Hoàng Phúc,POP_BALLAD,AVAILABLE,VERIFIED_PHYSICAL_IMAGE,720,378,JPEG,41070
RMVM_S_077c1d8ac6,Không Bao Giờ Quên Em,Đăng Anh,BOLERO_TRUTINH,AVAILABLE,VERIFIED_PHYSICAL_IMAGE,720,378,JPEG,40099
RMVM_S_e46ff9e8bc,Chờ Ngày Cưới Em (Nekko Remix),"Hương Ly, Phát Hồ",POP_BALLAD,AVAILABLE,VERIFIED_PHYSICAL_IMAGE,1200,630,JPEG,60657
RMVM_S_d6bae32311,Yêu Cô Gái Bạc Liêu,Kim Tuyến,POP_BALLAD,AVAILABLE,VERIFIED_PHYSICAL_IMAGE,1200,630,JPEG,60657
RMVM_S_d57107dc96,Liên khúc Quê hương ba miền,Lê Trần Khánh Vy,BOLERO_TRUTINH,AVAILABLE,VERIFIED_PHYSICAL_IMAGE,1200,630,JPEG,60657
RMVM_S_cbaf69d2c2,Em Không Sao Đâu Beat,Bạc Cầm Diễm My,POP_BALLAD,AVAILABLE,VERIFIED_PHYSICAL_IMAGE,720,378,JPEG,38614
RMVM_S_d31ba1e017,Tình Là Thế,"BeeBoss, Tuấn Chung, Dương Huỳnh Khang",POP_BALLAD,AVAILABLE,VERIFIED_PHYSICAL_IMAGE,720,378,JPEG,47516
RMVM_S_7c04578685,Chắc Có Lẽ Em Đã Quên,erdivii,BOLERO_TRUTINH,AVAILABLE,VERIFIED_PHYSICAL_IMAGE,720,378,JPEG,33440
RMVM_S_408dd3853f,Chỉ Có Bạn Bè Thôi (Liveshow Thương Quá Việt Nam 1),"Thúy Vân, Ân Thiên Vỹ",POP_BALLAD,AVAILABLE,VERIFIED_PHYSICAL_IMAGE,720,378,JPEG,20976
RMVM_S_33898dced6,Hà Nội của tôi Official,"Hải Duget, Ca sĩ Tuyết Mai, Thy Trần, Thu Hương, Tuệ Quyên",POP_BALLAD,AVAILABLE,VERIFIED_PHYSICAL_IMAGE,1200,630,JPEG,60657
RMVM_S_20fbebfbf7,Được Tin Em Lấy Chồng,Võ Hoàng Lâm,POP_BALLAD,AVAILABLE,VERIFIED_PHYSICAL_IMAGE,1200,630,JPEG,60657
RMVM_S_14511f073b,"Con gái à, trước khi lấy chồng, ba có đôi lời muốn nói với con",Hug DJ,POP_BALLAD,AVAILABLE,VERIFIED_PHYSICAL_IMAGE,720,378,JPEG,38875
RMVM_S_80c7ecb8f6,Người Tình Trăm Năm (Liveshow Khi Ta Yêu 2019),"Bằng Kiều, Minh Tuyết",POP_BALLAD,AVAILABLE,VERIFIED_PHYSICAL_IMAGE,720,378,JPEG,54745
RMVM_S_e992e683ca,"Liên Khúc: Người Về Cuối Phố,Dấu Chôn Tình Buồn,Tình Lẻ Bóng",Cẩm Ly,POP_BALLAD,AVAILABLE,VERIFIED_PHYSICAL_IMAGE,300,300,JPEG,5638
RMVM_S_9bab041e41,Kể Chuyện Trong Đêm Disco,Sao Band,BOLERO_TRUTINH,AVAILABLE,VERIFIED_PHYSICAL_IMAGE,720,378,JPEG,44963
RMVM_S_2cb1ada726,Tôi là người đàn ông tội nghiệp,Lâm Quốc Hưng,POP_BALLAD,AVAILABLE,VERIFIED_PHYSICAL_IMAGE,720,378,JPEG,47357
RMVM_S_a2e4c399d8,Chia Tay Lần Nữa,Thanh Thảo,POP_BALLAD,AVAILABLE,VERIFIED_PHYSICAL_IMAGE,720,378,JPEG,43647
RMVM_S_34b285f3e3,[Music Space] Yêu một người vô tâm - Sáng tác: Mr.Siro | Trình bày: Neon | Guitar: Trọng Lê (Cover),Liêu Hà Trinh,POP_BALLAD,AVAILABLE,VERIFIED_PHYSICAL_IMAGE,720,378,JPEG,35470
RMVM_S_de4f47193b,THỨC GIẤC,"16 Typh, MastaL",POP_BALLAD,AVAILABLE,VERIFIED_PHYSICAL_IMAGE,720,378,JPEG,37207
RMVM_S_6f5fe7affa,"Audio Chuyện Tình Yêu, Tình Một Đêm",Duy Linh Đọc Truyện Audio,INSTRUMENTAL,AVAILABLE,VERIFIED_PHYSICAL_IMAGE,720,378,JPEG,44367
RMVM_S_27a306a3e7,Con Tim Mù Lòa (Remix),Lương Gia Huy,BOLERO_TRUTINH,AVAILABLE,VERIFIED_PHYSICAL_IMAGE,720,378,JPEG,31048
RMVM_S_fe3af70ee9,Em Vẫn Chờ Anh (Beat),Đỗ Tuyết Nhi,BOLERO_TRUTINH,AVAILABLE,VERIFIED_PHYSICAL_IMAGE,720,378,JPEG,40098
RMVM_S_e035b2703e,Liên Khúc Remix Anh Ba Hưng,Thanh Ngân,REVOLUTIONARY,AVAILABLE,VERIFIED_PHYSICAL_IMAGE,720,378,JPEG,47368
RMVM_S_6a6f250652,"LK Vì Lỡ Thương Nhau, Phận Bạc","Cẩm Loan, Kha Thi, Lâm Quang Long",BOLERO_TRUTINH,AVAILABLE,VERIFIED_PHYSICAL_IMAGE,1200,630,JPEG,60657
RMVM_S_f3389a72d8,Ánh Trăng Buồn (Pi Nine Remix),"Vương Nguyễn, Nhã Pc",POP_BALLAD,AVAILABLE,VERIFIED_PHYSICAL_IMAGE,720,378,JPEG,52459
RMVM_S_92f442c6ed,Chuyện Tình Lạc Trôi,Thiều Thu Sa,BOLERO_TRUTINH,AVAILABLE,VERIFIED_PHYSICAL_IMAGE,720,378,JPEG,44445
RMVM_S_8b70b0b1f8,LK: Dạ Khúc Buồn-Hãy Về Với Em-Cho Em Lời Cuối,Phương Thanh,INSTRUMENTAL,MISSING,NO_VALID_IMAGE_URL,0,0,NONE,0
RMVM_S_cdc7faabd5,Ngày Tạm Biệt / Đèn Khuya / Tiễn Người Đi,"Mỹ Lan, Phương Loan, Ngọc Thúy",BOLERO_TRUTINH,MISSING,NO_VALID_IMAGE_URL,0,0,NONE,0
RMVM_S_0f6937f5c4,Hãy Tin Anh,Ngô Kiến Huy,POP_BALLAD,AVAILABLE,VERIFIED_PHYSICAL_IMAGE,720,378,JPEG,42315
RMVM_S_dd7ecc7957,Áo Dài Việt Nam,Trịnh Kim Liên,BOLERO_TRUTINH,AVAILABLE,VERIFIED_PHYSICAL_IMAGE,720,378,JPEG,38056
RMVM_S_ed9cf3fa54,Anh Chẳng Còn Cơ Hội (Beat),"Trang Mio, Trần Huyền Diệp",POP_BALLAD,AVAILABLE,VERIFIED_PHYSICAL_IMAGE,720,378,JPEG,39719
RMVM_S_15b916fd2d,Hạnh Phúc Của Anh Là Em,"Đưc Tuấn iTV, Đức Tuấn iTV",POP_BALLAD,AVAILABLE,VERIFIED_PHYSICAL_IMAGE,1200,630,JPEG,60657
RMVM_S_911d8ab381,Cún Bin Yêu,Bé Bào Ngư,INSTRUMENTAL,AVAILABLE,VERIFIED_PHYSICAL_IMAGE,1200,630,JPEG,60657
RMVM_S_ba085eb3df,Ngày Đẹp Trời Ngày Anh Có Em,GMEZ,POP_BALLAD,AVAILABLE,VERIFIED_PHYSICAL_IMAGE,720,378,JPEG,49595
RMVM_S_f3ef67e7a8,Vọng Cổ Buồn (Cha Cha Cha),"Mai Tiến Đạt, CT",POP_BALLAD,AVAILABLE,VERIFIED_PHYSICAL_IMAGE,720,378,JPEG,39003
RMVM_S_f2ceb4641b,Cảm Xúc Chiều Mưa,"Minh Thuận, Thùy My",POP_BALLAD,AVAILABLE,VERIFIED_PHYSICAL_IMAGE,720,378,JPEG,46497
RMVM_S_19aae2009b,Lạc Lối Giữa Sài Gòn (Chạy Đi Rồi Tính OST),Addy Trần,POP_BALLAD,AVAILABLE,VERIFIED_PHYSICAL_IMAGE,720,378,JPEG,45869
RMVM_S_cf288b6ea8,Đừng Khóc Phút Chia Xa,Bích Hồng,INSTRUMENTAL,AVAILABLE,VERIFIED_PHYSICAL_IMAGE,720,378,JPEG,42187
RMVM_S_072bf103ec,Điệu Nhạc Đêm Đông,Duy Ninh,POP_BALLAD,AVAILABLE,VERIFIED_PHYSICAL_IMAGE,720,378,JPEG,27944
RMVM_S_c3bbd5d6d2,Liên Khúc Nhạc Xuân Vui Nhộn,"Sarah Đào, Ngũ Long Công Chúa",POP_BALLAD,AVAILABLE,VERIFIED_PHYSICAL_IMAGE,720,378,JPEG,49248
RMVM_S_347475ec54,"Thân Phận, Được Tin Em Lấy Chồng","Quỳnh Dung, Mai Quốc Huy",BOLERO_TRUTINH,MISSING,NO_VALID_IMAGE_URL,0,0,NONE,0
RMVM_S_f2145de17c,Lời Tỏ Tình Dễ Thương (Cha Cha Cha),"Dáng Kiều, CT",BOLERO_TRUTINH,AVAILABLE,VERIFIED_PHYSICAL_IMAGE,720,378,JPEG,44144
RMVM_S_7930546029,Cuộc Tình Đau,Tina Ngọc Lan,BOLERO_TRUTINH,AVAILABLE,VERIFIED_PHYSICAL_IMAGE,300,300,JPEG,5638
RMVM_S_74fa5ed7e9,Lk Thà Trắng Thà Đen,Khánh Duy Khương,INSTRUMENTAL,AVAILABLE,VERIFIED_PHYSICAL_IMAGE,720,378,JPEG,30415
RMVM_S_09132b87ef,Cảm Xúc Của Anh (Beat),Vân Du,POP_BALLAD,AVAILABLE,VERIFIED_PHYSICAL_IMAGE,720,378,JPEG,48101
RMVM_S_81805c85f9,Âm Thanh Của Nỗi Nhớ Anh / 是想你的声音啊,Ngạo Thất Gia,POP_BALLAD,AVAILABLE,VERIFIED_PHYSICAL_IMAGE,1200,630,JPEG,60657
RMVM_S_fb6690c096,Yêu Chưa Bao Giờ Là Sai - Liêu Hà Trinh | @To...,Liêu Hà Trinh,POP_BALLAD,AVAILABLE,VERIFIED_PHYSICAL_IMAGE,720,378,JPEG,41408
RMVM_S_ef6cd39f96,10 Năm Anh Vẫn Hát Lời Tình Yêu,Nguyễn Hậu,POP_BALLAD,AVAILABLE,VERIFIED_PHYSICAL_IMAGE,720,378,JPEG,39933
RMVM_S_1a401be5c1,Thương Lắm Vợ Ơi !!!,Hoàng Ngọc Hải,POP_BALLAD,AVAILABLE,VERIFIED_PHYSICAL_IMAGE,300,300,JPEG,5638
RMVM_S_286fa53f56,Dư Âm Mùa Giáng Sinh,Nhật Vũ,POP_BALLAD,AVAILABLE,VERIFIED_PHYSICAL_IMAGE,1200,630,JPEG,60657
RMVM_S_a0f00624b3,Bình Minh Tình Yêu,Trường Sinh,POP_BALLAD,AVAILABLE,VERIFIED_PHYSICAL_IMAGE,720,378,JPEG,33621
RMVM_S_439f00760c,Anh Về Với Em (Liveshow Thương Quá Việt Nam 4),"Khưu Huy Vũ, Hà My, Ân Thiên Vỹ",BOLERO_TRUTINH,AVAILABLE,VERIFIED_PHYSICAL_IMAGE,720,378,JPEG,21359
RMVM_S_763e5e4654,Đừng Lo Nhé Có Anh Đây (HM Remix) (Beat),Lâm Chấn Kiệt,RAP_HIPHOP,AVAILABLE,VERIFIED_PHYSICAL_IMAGE,720,378,JPEG,53520
RMVM_S_46fbc1dee4,Lk Lời Cha Dạy - Đạo Làm Con,"Trịnh Nam Phương, Dương Anh Tuân",BOLERO_TRUTINH,AVAILABLE,VERIFIED_PHYSICAL_IMAGE,720,378,JPEG,36998
RMVM_S_2de85a6636,Hãy Về Đây Bên Em Bass Căng,Dj Tiffany,POP_BALLAD,AVAILABLE,VERIFIED_PHYSICAL_IMAGE,300,300,JPEG,5638
RMVM_S_3b6081f673,Chuyến Đi Của Năm (Đi Để Trở Về 2) (Beat),SOOBIN,POP_BALLAD,AVAILABLE,VERIFIED_PHYSICAL_IMAGE,720,378,JPEG,49291
RMVM_S_ae92cd5708,"LK Chiếc Khăn Gió Ấm, Đành Nói Lời Chia Tay",Anny Hằng,POP_BALLAD,AVAILABLE,VERIFIED_PHYSICAL_IMAGE,1200,630,JPEG,60657
RMVM_S_6afc822ba9,Cô Gái Sài Gòn Đi Tải Đạn,Thanh Hương,POP_BALLAD,AVAILABLE,VERIFIED_PHYSICAL_IMAGE,1200,630,JPEG,60657
RMVM_S_029bca48ad,Cô Bé Mắt Nhung,Jack Long,POP_BALLAD,AVAILABLE,VERIFIED_PHYSICAL_IMAGE,720,378,JPEG,43360
RMVM_S_37466d6a69,8 Lời Nói Dối Của Mẹ,"Nguyễn Văn Chung, Như Thùy",POP_BALLAD,AVAILABLE,VERIFIED_PHYSICAL_IMAGE,720,378,JPEG,37274
RMVM_S_e0cf9fa5b5,"LK Câu Chuyện Đầu Năm, Còn Nhớ Không Em",Cao Hoàng Nghi,FOLK_TRADITIONAL,AVAILABLE,VERIFIED_PHYSICAL_IMAGE,1200,630,JPEG,60657
RMVM_S_243b3f898f,"LK Đã Không Yêu Thì Thôi, Dĩ Vãng Cuộc Tình",Anny Hằng,POP_BALLAD,AVAILABLE,VERIFIED_PHYSICAL_IMAGE,1200,630,JPEG,60657
RMVM_S_a121103d5b,THƯƠNG THẦM EM GÁI VĨNH LONG,"Nguyễn Hữu Liệu, Kha Duy - Ngọc Trân",BOLERO_TRUTINH,AVAILABLE,VERIFIED_PHYSICAL_IMAGE,1200,630,JPEG,60657
RMVM_S_9b4c11501e,Có Ai Mua Dùm Em Nỗi Buồn,NLy,POP_BALLAD,AVAILABLE,VERIFIED_PHYSICAL_IMAGE,720,378,JPEG,39474
RMVM_S_10af5427e1,Cho Đời Chút Ơn,Quang Dũng,POP_BALLAD,AVAILABLE,VERIFIED_PHYSICAL_IMAGE,720,378,JPEG,41290
RMVM_S_6c55abd815,Tết Đến Rồi,"Biên, Thoại",POP_BALLAD,AVAILABLE,VERIFIED_PHYSICAL_IMAGE,720,378,JPEG,47962
RMVM_S_a62513a15a,Ảo Mộng Tình Yêu,Chí Thành Danh,POP_BALLAD,AVAILABLE,VERIFIED_PHYSICAL_IMAGE,720,378,JPEG,50430
RMVM_S_e1b0e2b33f,Liên Khúc 13 Tỉnh Thành (Lê Như),"Lời bài hát, tải nhạc Zing MP3",FOLK_TRADITIONAL,AVAILABLE,VERIFIED_PHYSICAL_IMAGE,720,378,JPEG,34419
RMVM_S_e9c2cbc844,09 - Em toi lam chieu dai (Minh Canh),Ca co Viet Nam,INSTRUMENTAL,AVAILABLE,VERIFIED_PHYSICAL_IMAGE,720,378,JPEG,39642
RMVM_S_591375270f,LK Hát Với Dòng Sông - Đừng Xa Em Nhé,Đinh Bảo Yến,POP_BALLAD,AVAILABLE,VERIFIED_PHYSICAL_IMAGE,720,378,JPEG,53091
RMVM_S_e82f049ffd,Khi Giấc Mơ Về,Đinh Quang Minh,INSTRUMENTAL,AVAILABLE,VERIFIED_PHYSICAL_IMAGE,720,378,JPEG,47563
RMVM_S_18064aa35c,Chi Chi Chành Chành,"Giang Bảo Trang, Giang Bảo Anh",RAP_HIPHOP,AVAILABLE,VERIFIED_PHYSICAL_IMAGE,720,378,JPEG,55811
RMVM_S_9260f56ff0,Ta Yêu Sài Gòn Đến Lạ (ChuChu),"Lời bài hát, tải nhạc Zing MP3",POP_BALLAD,AVAILABLE,VERIFIED_PHYSICAL_IMAGE,720,378,JPEG,47647
RMVM_S_8df92eb6d2,Nhỏ Ơi Đừng Ghen,Đoàn Việt Phương,POP_BALLAD,AVAILABLE,VERIFIED_PHYSICAL_IMAGE,720,378,JPEG,41925
RMVM_S_7a7241a9b7,Đi Về Cuối Biển,Đức Tuấn,BOLERO_TRUTINH,AVAILABLE,VERIFIED_PHYSICAL_IMAGE,720,378,JPEG,42843
RMVM_S_3eb23507ac,Liên Khúc Đời Lắm Vô Thường,Mai Tiến Đạt,POP_BALLAD,AVAILABLE,VERIFIED_PHYSICAL_IMAGE,720,378,JPEG,42901
RMVM_S_022b2cb60f,Chiều Anh Ngồi Anh Nhớ (Lofi),"H2O Lofi, Trung Quang",POP_BALLAD,AVAILABLE,VERIFIED_PHYSICAL_IMAGE,720,378,JPEG,43111
RMVM_S_132eb88537,Cho Người Tình Phụ,"Kim Cương, Nhật Nguyên",BOLERO_TRUTINH,AVAILABLE,VERIFIED_PHYSICAL_IMAGE,720,378,JPEG,44193
RMVM_S_c8ad9fcaf3,Bên Chiều Mưa Phố Núi,"Hoàng KayLee, Flepy",POP_BALLAD,AVAILABLE,VERIFIED_PHYSICAL_IMAGE,720,378,JPEG,37798
RMVM_S_2f981d3993,Cơn Mơ Băng Giá,Bằng Kiều,POP_BALLAD,AVAILABLE,VERIFIED_PHYSICAL_IMAGE,720,378,JPEG,45588
RMVM_S_e3d56e4ce2,Lk Nhật Ký Đời Tôi - Xin Trả Lại Thời Gian,Uyên Trang,POP_BALLAD,AVAILABLE,VERIFIED_PHYSICAL_IMAGE,720,378,JPEG,43066
RMVM_S_58e7204946,"ANH EM GỌI LÀ CÓ MẶT NGAY (feat. Đức Phúc, CAPTAIN, Quân A.P & Anh Tú) (Nhiều nghệ sĩ)","Lời bài hát, tải nhạc Zing MP3",POP_BALLAD,AVAILABLE,VERIFIED_PHYSICAL_IMAGE,720,378,JPEG,53380
RMVM_S_1429c448e3,Đêm Cuối Rồi,Lý Tuấn Kiệt,POP_BALLAD,AVAILABLE,VERIFIED_PHYSICAL_IMAGE,720,378,JPEG,40191
RMVM_S_81c8362b0e,Chỉ Riêng Mình Ta (Disco Remix),"Quốc Chinh, CT",POP_BALLAD,AVAILABLE,VERIFIED_PHYSICAL_IMAGE,720,378,JPEG,46744
RMVM_S_5ab315adca,Độc Bước Đời Ta,Tính Đỗ,BOLERO_TRUTINH,AVAILABLE,VERIFIED_PHYSICAL_IMAGE,720,378,JPEG,41974
RMVM_S_3c130c8c39,Duyên Ta Chỉ Đây Thôi (Wan Remix),"Phát Huy T4, HOA HỒNG DẠI MUSIC",DANCE_EDM,AVAILABLE,VERIFIED_PHYSICAL_IMAGE,720,378,JPEG,42743
RMVM_S_a194d04bf8,Liên khúc Mai Lỡ Hai Mình Xa Nhau,"Hồng Quyên, Thanh Vinh",BOLERO_TRUTINH,AVAILABLE,VERIFIED_PHYSICAL_IMAGE,720,378,JPEG,47273
RMVM_S_6a31f786eb,Chờ Em Là Hạnh Phúc (Lofi Version),Cao Sỹ Hùng,POP_BALLAD,AVAILABLE,VERIFIED_PHYSICAL_IMAGE,720,378,JPEG,47419
RMVM_S_ba9562c6d7,Dạo Này Anh Thế Nào (DJ Edmmoon 2K Remix),"Tuyết Mai, Nguyễn Bá Hùng",POP_BALLAD,AVAILABLE,VERIFIED_PHYSICAL_IMAGE,720,378,JPEG,43567
RMVM_S_4e30f94245,Có Ai Nói Em Biết Không?,Trịnh Bảo Bàng,POP_BALLAD,AVAILABLE,VERIFIED_PHYSICAL_IMAGE,1200,630,JPEG,60657
RMVM_S_0bf4211f04,Ân Danh Cha Mẹ,"Bình Tinh, Nhật Minh",BOLERO_TRUTINH,AVAILABLE,VERIFIED_PHYSICAL_IMAGE,720,378,JPEG,47214
RMVM_S_ca27d6f989,Liên Khúc: Ước Mơ Trong Đời - Có Nhau Trọn Đời (Live),Hồ Quỳnh Hương,POP_BALLAD,AVAILABLE,VERIFIED_PHYSICAL_IMAGE,720,378,JPEG,53867
RMVM_S_f6d301f202,Lk Nước Cuốn Hoa Trôi & Tình Nàng La Lan,Như Quỳnh,INSTRUMENTAL,AVAILABLE,VERIFIED_PHYSICAL_IMAGE,300,300,JPEG,5638
RMVM_S_b4ead8dea8,Anh Vẫn Thế Chẳng Đổi Thay,Gia Bắc,BOLERO_TRUTINH,AVAILABLE,VERIFIED_PHYSICAL_IMAGE,720,378,JPEG,47391
RMVM_S_d5813fed3a,Thương Thân Beat,"Hana Cẩm Tiên, Khánh Ân",POP_BALLAD,AVAILABLE,VERIFIED_PHYSICAL_IMAGE,720,378,JPEG,41569
RMVM_S_4703598fb5,LK Chuyện tình la lanNỗi buồn châu pha,Lê Sang,INSTRUMENTAL,AVAILABLE,VERIFIED_PHYSICAL_IMAGE,720,378,JPEG,37051
RMVM_S_5aee49a71c,Em Là Ai Trên Con Đường Anh Đi,Nguyên Khánh,POP_BALLAD,AVAILABLE,VERIFIED_PHYSICAL_IMAGE,720,378,JPEG,38731
RMVM_S_67efbc697e,Cơn Gió Lạ,Bạch Công Khanh,POP_BALLAD,AVAILABLE,VERIFIED_PHYSICAL_IMAGE,720,378,JPEG,37791
RMVM_S_8d4f6765d9,Mãi Còn Yêu,Lương Tùng Quang,INSTRUMENTAL,AVAILABLE,VERIFIED_PHYSICAL_IMAGE,720,378,JPEG,46188
RMVM_S_cc4ff5c4c2,Chỉ Có Một Người,Quang Dũng,INSTRUMENTAL,MISSING,NO_VALID_IMAGE_URL,0,0,NONE,0
RMVM_S_91733fc9cc,Liên Khúc Nhạc Về Thầy Minh Tuệ - Thương Thầy Người Là Đấng Chân Tu,Mỹ Nhung,POP_BALLAD,AVAILABLE,VERIFIED_PHYSICAL_IMAGE,720,378,JPEG,41676
RMVM_S_1def9b54b0,Đừng Khóc Vì Người Yêu Cũ,Fame Chí Thành,POP_BALLAD,AVAILABLE,VERIFIED_PHYSICAL_IMAGE,720,378,JPEG,43224
RMVM_S_f3c3b29d81,Biến Đổi Đời Con,Bảo Trân,POP_BALLAD,AVAILABLE,VERIFIED_PHYSICAL_IMAGE,720,378,JPEG,38826
RMVM_S_c13e427d86,Đời Như Áng Mây,"Đoàn Lâm, CT",POP_BALLAD,AVAILABLE,VERIFIED_PHYSICAL_IMAGE,1200,630,JPEG,60657
RMVM_S_187da18080,Anh Biết Không Anh,"Hoàng Dũng, BCLC",POP_BALLAD,AVAILABLE,VERIFIED_PHYSICAL_IMAGE,1200,630,JPEG,60657
RMVM_S_f82617708c,Trích Đoạn Những Đứa Con Của Mẹ,"Vọng Cổ Việt Nam, Võ Ngọc Quyền, Lê Minh Hảo",POP_BALLAD,MISSING,NO_VALID_IMAGE_URL,0,0,NONE,0
RMVM_S_64b9310c4c,31 Ngày Lạnh,"Thế Anh Shinichi, Q.U, Hoàng Nhung",POP_BALLAD,AVAILABLE,VERIFIED_PHYSICAL_IMAGE,720,378,JPEG,36481
RMVM_S_3821d383ed,Sao Lòng Còn Thương,"Thanh Ngân, Võ Minh Lê",POP_BALLAD,AVAILABLE,VERIFIED_PHYSICAL_IMAGE,1200,630,JPEG,60657
RMVM_S_86a8a770a1,Cất Em Vào Tâm Tư (Beat Nam),Isaac,POP_BALLAD,AVAILABLE,VERIFIED_PHYSICAL_IMAGE,720,378,JPEG,45913
RMVM_S_39a6fd2e45,Liên Khúc Vòng Tay Nào Cho Em,"Dương Hồng Loan, Hoàng Ngọc Anh",BOLERO_TRUTINH,MISSING,NO_VALID_IMAGE_URL,0,0,NONE,0
RMVM_S_760875ef01,Bước Cùng Cô Đơn,Lưu Gia Tài,POP_BALLAD,AVAILABLE,VERIFIED_PHYSICAL_IMAGE,1200,630,JPEG,60657
RMVM_S_9563c364b1,Mùa Xuân Cưới Em (Disco),"Thanh Vinh, Hồng Quyên, CT",BOLERO_TRUTINH,AVAILABLE,VERIFIED_PHYSICAL_IMAGE,720,378,JPEG,43173
RMVM_S_796057868c,Con Mai Noi Nay,Nguoi Xanh,BOLERO_TRUTINH,AVAILABLE,VERIFIED_PHYSICAL_IMAGE,720,378,JPEG,38744
RMVM_S_e912d950ba,Ngày Về Nhớ Mẹ,Vy Thúy Hằng,BOLERO_TRUTINH,AVAILABLE,VERIFIED_PHYSICAL_IMAGE,720,378,JPEG,35460
RMVM_S_c71f275002,Bỏ thiền hút thuốc * Phiên tự thôi miên để ngăn chặn nghiện nicotine.,Entrance,POP_BALLAD,AVAILABLE,VERIFIED_PHYSICAL_IMAGE,720,378,JPEG,42742
RMVM_S_7d324a7893,Anh Là Con Rối Của Em (Beat),Dương Nhất Linh,POP_BALLAD,AVAILABLE,VERIFIED_PHYSICAL_IMAGE,720,378,JPEG,46464
RMVM_S_8926665c50,Gọi Em Là Đóa Hoa Sầu,Vũ Khanh,BOLERO_TRUTINH,AVAILABLE,VERIFIED_PHYSICAL_IMAGE,720,378,JPEG,52335
RMVM_S_7520cb481c,14 Ngày Nhớ Em,Đinh Đại Vũ,POP_BALLAD,AVAILABLE,VERIFIED_PHYSICAL_IMAGE,720,378,JPEG,47338
RMVM_S_f9e22b2145,1 Chút Thôi,"Híu, Luny",POP_BALLAD,AVAILABLE,VERIFIED_PHYSICAL_IMAGE,720,378,JPEG,38754
RMVM_S_83720c5329,LK Người Yêu Cô Đơn - Đập Vỡ Cây Đàn,Tuấn Khương,BOLERO_TRUTINH,AVAILABLE,VERIFIED_PHYSICAL_IMAGE,720,378,JPEG,49452
RMVM_S_586e744963,tell his dream - hay ke giac mo cua anh,N2 MUSIC,RAP_HIPHOP,AVAILABLE,VERIFIED_PHYSICAL_IMAGE,720,378,JPEG,49255
RMVM_S_27f98336d5,Anh Về Miền Tây,Lâm Trí Tú,FOLK_TRADITIONAL,AVAILABLE,VERIFIED_PHYSICAL_IMAGE,1200,630,JPEG,60657
RMVM_S_2751445490,Chẳng Còn Cạnh Bên Nhau (Lofi Version),"BTa, HuyD",POP_BALLAD,AVAILABLE,VERIFIED_PHYSICAL_IMAGE,720,378,JPEG,34183
RMVM_S_f50b69adb0,Anh Hãy Về Đi,"Thanh Ngân, Gia Tiến, Trương Nguyên",POP_BALLAD,AVAILABLE,VERIFIED_PHYSICAL_IMAGE,1200,630,JPEG,60657
RMVM_S_73f612192b,Ai Làm Em Phải Khóc Beat,Hồ Phong An,POP_BALLAD,AVAILABLE,VERIFIED_PHYSICAL_IMAGE,720,378,JPEG,49456
RMVM_S_0830c9d2b6,Trái Tim Lạc Loài,Gia Huy,POP_BALLAD,AVAILABLE,VERIFIED_PHYSICAL_IMAGE,720,378,JPEG,51021
RMVM_S_450a1905ee,Niệm Phật Ru Con,Bùi Tuyết Mai,BOLERO_TRUTINH,AVAILABLE,VERIFIED_PHYSICAL_IMAGE,720,378,JPEG,55410
RMVM_S_0851c6243d,Liên Khúc Tình Khúc Vàng - Mãi Mãi Một Tình Yêu,Đan Trường,POP_BALLAD,AVAILABLE,VERIFIED_PHYSICAL_IMAGE,720,378,JPEG,42651
RMVM_S_d5b2a133b3,Liên Khúc Tình Bơ Vơ - Nếu Đời Không Có Anh,"Võ Thanh Linh, Hà My, Star Online",BOLERO_TRUTINH,AVAILABLE,VERIFIED_PHYSICAL_IMAGE,720,378,JPEG,37342
RMVM_S_6a179edec3,Khúc Nhạc Mừng Xuân,Phi Thúy Hạnh,POP_BALLAD,AVAILABLE,VERIFIED_PHYSICAL_IMAGE,720,378,JPEG,47910
RMVM_S_922b9b8fc1,Chuyện Hợp Tan,Nhật Hạ,POP_BALLAD,AVAILABLE,VERIFIED_PHYSICAL_IMAGE,720,378,JPEG,44417
RMVM_S_8372dc4e78,Tìm Lại Người Xưa,Lưu Vĩnh Yên,BOLERO_TRUTINH,AVAILABLE,VERIFIED_PHYSICAL_IMAGE,1200,630,JPEG,60657
RMVM_S_ba5c1e9c03,Cuộc Sống Vô Thường,Huệ Ngọc Nhã,BOLERO_TRUTINH,AVAILABLE,VERIFIED_PHYSICAL_IMAGE,720,378,JPEG,44757
RMVM_S_e03a391ecb,Dư Hương Tình Cũ,Vân Trường,BOLERO_TRUTINH,AVAILABLE,VERIFIED_PHYSICAL_IMAGE,720,378,JPEG,41112
RMVM_S_0eefda3e57,Áo Mới Cà Mau (Liveshow Thương Quá Việt Nam),Hồng Thanh (trữ Tình),POP_BALLAD,AVAILABLE,VERIFIED_PHYSICAL_IMAGE,720,378,JPEG,21335
RMVM_S_b888b00842,Người Yêu Mới (Acoustic),Jaigon Orchestra,ROCK,AVAILABLE,VERIFIED_PHYSICAL_IMAGE,720,378,JPEG,55783
RMVM_S_28e46c4ffb,Sai Cách Yêu,Lê Bảo Bình,POP_BALLAD,AVAILABLE,VERIFIED_PHYSICAL_IMAGE,720,378,JPEG,37900
RMVM_S_8a7b7e1a26,Điều Em Mong Chờ Không Phải Là Tuyết (Remix),Đài Pinky,POP_BALLAD,AVAILABLE,VERIFIED_PHYSICAL_IMAGE,1200,630,JPEG,60657
RMVM_S_03cd279a21,Dở Hơi,Xanh 8+1,ROCK,AVAILABLE,VERIFIED_PHYSICAL_IMAGE,1200,630,JPEG,60657
RMVM_S_66bf33f1b1,Về Xứ Nghệ Quê Em,Tài Phúc,FOLK_TRADITIONAL,AVAILABLE,VERIFIED_PHYSICAL_IMAGE,720,378,JPEG,42580
RMVM_S_b809709f68,Cần Một Lý Do (WRC Remix),Khánh Cường,DANCE_EDM,AVAILABLE,VERIFIED_PHYSICAL_IMAGE,720,378,JPEG,45311
RMVM_S_5624f64807,Cà Phê Buồn,"Minh Tuyết, Nhật",INSTRUMENTAL,MISSING,NO_VALID_IMAGE_URL,0,0,NONE,0
RMVM_S_2458fea363,"Baby, Please Come Back (Nước Mắt Phôi Pha)","Đăng Khôi, Phạm Thương Trà",NHAC_TRINH,AVAILABLE,VERIFIED_PHYSICAL_IMAGE,720,378,JPEG,41856
RMVM_S_ff90107377,Lãng Đãng Chiều Hà Nội (Phần 2),"Hãy Nghe Tôi Hát, Holy Trương",BOLERO_TRUTINH,AVAILABLE,VERIFIED_PHYSICAL_IMAGE,1200,630,JPEG,60657
RMVM_S_ed214add4c,Câu Hò Bên Bến Hiền Lương,Lương Gia Huy,FOLK_TRADITIONAL,AVAILABLE,VERIFIED_PHYSICAL_IMAGE,720,378,JPEG,47808
RMVM_S_245ee5b704,Giăng Câu 2,"Tài Linh, Đình Văn",BOLERO_TRUTINH,AVAILABLE,VERIFIED_PHYSICAL_IMAGE,720,378,JPEG,39047
RMVM_S_e4eba12d71,"Ánh Trăng Quê (Huỳnh Như, Kim Tiểu Long)","Lời bài hát, tải nhạc Zing MP3",BOLERO_TRUTINH,AVAILABLE,VERIFIED_PHYSICAL_IMAGE,720,378,JPEG,43207
RMVM_S_9aed47228d,Chờ Đợi Có Đáng Sợ (speed up),Andiez,POP_BALLAD,AVAILABLE,VERIFIED_PHYSICAL_IMAGE,1200,630,JPEG,60657
RMVM_S_6de1fbfe86,Bến Sông Buồn (Cha Cha Cha),"Ngọc Hân, Văn Hương, CT",POP_BALLAD,AVAILABLE,VERIFIED_PHYSICAL_IMAGE,720,378,JPEG,42895
RMVM_S_c94b87d70c,Có Gì Đâu,"Mai Khôi, Ái Phương, June Nguyen",BOLERO_TRUTINH,AVAILABLE,VERIFIED_PHYSICAL_IMAGE,720,378,JPEG,35125
RMVM_S_f055c14cd6,Cha Yêu,Bằng Kiều,FOLK_TRADITIONAL,AVAILABLE,VERIFIED_PHYSICAL_IMAGE,720,378,JPEG,45242
RMVM_S_e5223d463b,Liên Khúc Dâu Đất Khách,Phi Nhung,BOLERO_TRUTINH,AVAILABLE,VERIFIED_PHYSICAL_IMAGE,300,300,JPEG,5638
RMVM_S_1007ba567a,Tiền Và Tình (Beat),Lương Gia Tuấn,POP_BALLAD,AVAILABLE,VERIFIED_PHYSICAL_IMAGE,720,378,JPEG,37202
RMVM_S_93223bdf6a,Cố Chấp Để Bên Nhau,Phạm Nguyệt Hằng,POP_BALLAD,AVAILABLE,VERIFIED_PHYSICAL_IMAGE,720,378,JPEG,46079
RMVM_S_a3b2557c09,Ai Chung Tình Được Mãi (Beat),"Nguyễn Lê Hoàng Anh, Đinh Tùng Huy, Thương Võ, ACV, KAKA Official",POP_BALLAD,AVAILABLE,VERIFIED_PHYSICAL_IMAGE,1200,630,JPEG,60657
RMVM_S_665c3f8350,ĐÁNH ĐỔI CẢ THANH XUÂN (Nguyễn An An x TN Remix),An An,POP_BALLAD,AVAILABLE,VERIFIED_PHYSICAL_IMAGE,720,378,JPEG,39073
RMVM_S_c729d19e8d,Bên Nhau Thật Khó (New Version),"Châu Khải Phong, Khang Việt",POP_BALLAD,AVAILABLE,VERIFIED_PHYSICAL_IMAGE,720,378,JPEG,43876
RMVM_S_2d02b54c37,Chưa Từng Thuộc Về Nhau,"Nguyễn Văn Chung, Thanh Goll",POP_BALLAD,AVAILABLE,VERIFIED_PHYSICAL_IMAGE,720,378,JPEG,42771
RMVM_S_3b2d8281b0,Tình Sầu,Avin Lu,POP_BALLAD,AVAILABLE,VERIFIED_PHYSICAL_IMAGE,720,378,JPEG,40507
RMVM_S_89c6b90a18,Ngày Tết Quê Em,Nhiều nghệ sĩ,POP_BALLAD,AVAILABLE,VERIFIED_PHYSICAL_IMAGE,720,378,JPEG,42848
RMVM_S_72d2f89b26,Hạnh Phúc Bên Em Ngày Ấy (Beat),Hoàng Khánh Dũng,POP_BALLAD,AVAILABLE,VERIFIED_PHYSICAL_IMAGE,720,378,JPEG,44155
RMVM_S_a5f0fc5abc,Cứ Vội Vàng (Cover),ngọc thạch,POP_BALLAD,AVAILABLE,VERIFIED_PHYSICAL_IMAGE,1200,630,JPEG,60657
RMVM_S_de329bfbe1,LK Thói Đời,Phước Lộc,BOLERO_TRUTINH,AVAILABLE,VERIFIED_PHYSICAL_IMAGE,720,378,JPEG,35410
RMVM_S_fd4d62b486,Năm Tháng Trôi Qua,GreenD,POP_BALLAD,AVAILABLE,VERIFIED_PHYSICAL_IMAGE,720,378,JPEG,40930
RMVM_S_f317678ba7,Người Về Bên Ai,IVAN,POP_BALLAD,AVAILABLE,VERIFIED_PHYSICAL_IMAGE,720,378,JPEG,49744
RMVM_S_121692b6f5,Đợi Chờ Bóng Xuân,Eric Toàn Nguyễn,BOLERO_TRUTINH,AVAILABLE,VERIFIED_PHYSICAL_IMAGE,720,378,JPEG,41527
RMVM_S_3361016c60,Bất Nhiễm (Cover),Thủy Tiên,POP_BALLAD,AVAILABLE,VERIFIED_PHYSICAL_IMAGE,720,378,JPEG,38288
RMVM_S_fe001c5a6f,Chàng Là Tình Duyên Đẹp Nhất Đời Ta (Remix),Oanh Tạ,DANCE_EDM,AVAILABLE,VERIFIED_PHYSICAL_IMAGE,720,378,JPEG,40566
RMVM_S_16458096b1,Có Em Đây,"JayM, DIEN, Tú Na",RAP_HIPHOP,AVAILABLE,VERIFIED_PHYSICAL_IMAGE,720,378,JPEG,36252
RMVM_S_65f9225e2a,Chiều Chiều,Long Nhật,BOLERO_TRUTINH,AVAILABLE,VERIFIED_PHYSICAL_IMAGE,720,378,JPEG,47018
RMVM_S_643d009913,LK Thất Tình,"Mạnh Đình, Trường Vũ, Mạnh Quỳnh",INSTRUMENTAL,MISSING,NO_VALID_IMAGE_URL,0,0,NONE,0
RMVM_S_1d3cdb1bb9,Cái Tên Khắc Sâu Trong Tim,"Hà Nhi, Quốc Thiên",POP_BALLAD,AVAILABLE,VERIFIED_PHYSICAL_IMAGE,720,378,JPEG,43850
RMVM_S_23c787c7d1,Liên Khúc Ơn Nghĩa Sinh Thành,Trường Kha,BOLERO_TRUTINH,AVAILABLE,VERIFIED_PHYSICAL_IMAGE,720,378,JPEG,52856
RMVM_S_2aa045a67f,ANH KHÔNG MUỐN VẬY,Nguyên.,POP_BALLAD,AVAILABLE,VERIFIED_PHYSICAL_IMAGE,720,378,JPEG,37984
RMVM_S_53fc4a1f3d,Viết Blog Cho Em,Tim,POP_BALLAD,AVAILABLE,VERIFIED_PHYSICAL_IMAGE,720,378,JPEG,38576
RMVM_S_70d4d2572b,Trong Vai Người Lạ,"DICKSON, Trung Ngon",POP_BALLAD,AVAILABLE,VERIFIED_PHYSICAL_IMAGE,720,378,JPEG,40309
RMVM_S_3aaba63b73,Anh Hát Tặng Em,Quốc Đại,BOLERO_TRUTINH,AVAILABLE,VERIFIED_PHYSICAL_IMAGE,1200,630,JPEG,60657
RMVM_S_283a2ad203,Một Đêm Say,Thịnh Suy,POP_BALLAD,AVAILABLE,VERIFIED_PHYSICAL_IMAGE,720,378,JPEG,29982
RMVM_S_3404644182,Anh Chỉ Dám Nhá Máy Cho Em,Lâm Chấn Huy,POP_BALLAD,AVAILABLE,VERIFIED_PHYSICAL_IMAGE,720,378,JPEG,50737
RMVM_S_b544ba5333,Không Để Anh Đau Khổ,Vũ Uyên Nhi,POP_BALLAD,AVAILABLE,VERIFIED_PHYSICAL_IMAGE,720,378,JPEG,50313
RMVM_S_db27f21b5e,Mashup Ai Khóc Nỗi Đau Này - Mong Manh Tình Về,Tùng Linh,POP_BALLAD,AVAILABLE,VERIFIED_PHYSICAL_IMAGE,720,378,JPEG,36268
RMVM_S_242ee3ba10,Hừng Đông (In Da Club),Hồ Ngọc Hà,POP_BALLAD,AVAILABLE,VERIFIED_PHYSICAL_IMAGE,720,378,JPEG,37864
RMVM_S_d33a0d6f37,Đêm Lang Thang,Quang Lê,INSTRUMENTAL,AVAILABLE,VERIFIED_PHYSICAL_IMAGE,720,378,JPEG,48522
RMVM_S_d4a755336c,Chẳng Phải Do Tôi,"Cheng, Huy Vạc",POP_BALLAD,AVAILABLE,VERIFIED_PHYSICAL_IMAGE,720,378,JPEG,36552
RMVM_S_bc54fe90b6,LK Đêm Giao Thừa Nghe Một Khúc Dân Ca - Tết Phát Tài (Remix),Cao Thiên Vũ,POP_BALLAD,AVAILABLE,VERIFIED_PHYSICAL_IMAGE,720,378,JPEG,49780
RMVM_S_e772d2e168,Anh Là Bỉ Ngạn Mà Em Không Thể Với Tới,Hàn Dung,POP_BALLAD,AVAILABLE,VERIFIED_PHYSICAL_IMAGE,720,378,JPEG,47034
RMVM_S_7a53e79617,Anh Đừng Vội,My Carol,POP_BALLAD,AVAILABLE,VERIFIED_PHYSICAL_IMAGE,1200,630,JPEG,60657
RMVM_S_0b2aff5481,Hôm Nay Anh Đang Làm Gì? (Beat),Fanny Trần,RB_SOUL,AVAILABLE,VERIFIED_PHYSICAL_IMAGE,720,378,JPEG,39291
RMVM_S_b8e0bb7f4c,Con Là Ai Mẹ Ơi,Quang Mask,POP_BALLAD,AVAILABLE,VERIFIED_PHYSICAL_IMAGE,1200,630,JPEG,60657
RMVM_S_13120de462,Chỉ Là Không Chung Lối (Lofi Version),Âu Hoàng,POP_BALLAD,AVAILABLE,VERIFIED_PHYSICAL_IMAGE,720,378,JPEG,43564
RMVM_S_be9da7445d,Niệm Khúc Cuối,Dalena,INSTRUMENTAL,AVAILABLE,VERIFIED_PHYSICAL_IMAGE,300,300,JPEG,5638
RMVM_S_03aecc9bc3,Bỏ Lại Quá Khứ,Ben B,RAP_HIPHOP,AVAILABLE,VERIFIED_PHYSICAL_IMAGE,720,378,JPEG,46727
RMVM_S_946f11a739,Vì Ta Quá Yêu (Live at In The Moonlight),Quốc Thiên,POP_BALLAD,AVAILABLE,VERIFIED_PHYSICAL_IMAGE,720,378,JPEG,46447
RMVM_S_61c1d93b3b,Cô Đơn Dành Cho Ai (Lofi Chill),"Lee Ken, Nal",POP_BALLAD,AVAILABLE,VERIFIED_PHYSICAL_IMAGE,720,378,JPEG,35194
RMVM_S_299b7ffb51,Biết Ơn Bởi Đang Ở Lại,Phan Mạnh Quỳnh,POP_BALLAD,AVAILABLE,VERIFIED_PHYSICAL_IMAGE,720,378,JPEG,46388
RMVM_S_427e4631a6,Bởi Tôi Nghèo,Hoàng Lâm,BOLERO_TRUTINH,AVAILABLE,VERIFIED_PHYSICAL_IMAGE,720,378,JPEG,45506
RMVM_S_100775241c,Buồn Vì Corona,Dư Anh,POP_BALLAD,AVAILABLE,VERIFIED_PHYSICAL_IMAGE,720,378,JPEG,46670
RMVM_S_23976c0983,Hạnh Phúc Xuân,"Bùi Anh Tuấn, Văn Mai Hương",POP_BALLAD,MISSING,NO_VALID_IMAGE_URL,0,0,NONE,0
RMVM_S_2308a2ce46,Anh Đã Ngủ Chưa,ChuChu,POP_BALLAD,AVAILABLE,VERIFIED_PHYSICAL_IMAGE,720,378,JPEG,41076
RMVM_S_804de958d8,Đã Ai Từng Nói Với Em (You Mei You Ren Gao Su Ri),Trường Kha,POP_BALLAD,AVAILABLE,VERIFIED_PHYSICAL_IMAGE,720,378,JPEG,43463
RMVM_S_6f8a47dac3,Mùa Xuân Đầu Tiên (Lofi),"H2K, Quốc Lượng, KProx",POP_BALLAD,AVAILABLE,VERIFIED_PHYSICAL_IMAGE,1200,630,JPEG,60657
RMVM_S_311ac481d9,Đợi Em Đến Hoa Tàn,Kiwi Ngô Mai Trang,POP_BALLAD,AVAILABLE,VERIFIED_PHYSICAL_IMAGE,720,378,JPEG,37796
RMVM_S_53c0c43976,Nghe Tôi Gia Đình Rồi Phải Khác,Nguyên Thanh Phong,POP_BALLAD,AVAILABLE,VERIFIED_PHYSICAL_IMAGE,720,378,JPEG,46699
RMVM_S_2481bb0e8c,Bạn Chung Giường,Hạ Vũ,POP_BALLAD,AVAILABLE,VERIFIED_PHYSICAL_IMAGE,1200,630,JPEG,60657
RMVM_S_401daccb1f,Sợ Rằng Em Biết Anh Còn Yêu Em,Ưng Hoàng Phúc,POP_BALLAD,AVAILABLE,VERIFIED_PHYSICAL_IMAGE,720,378,JPEG,45327
RMVM_S_ecef5d0fb0,Liều Thuốc Cho Trái Tim,"BeeBoss, Tuấn Chung",POP_BALLAD,AVAILABLE,VERIFIED_PHYSICAL_IMAGE,1200,630,JPEG,60657
RMVM_S_e58b9c63f0,Gửi Em Của Quá Khứ (Beat),Phạm Quỳnh Anh,POP_BALLAD,AVAILABLE,VERIFIED_PHYSICAL_IMAGE,720,378,JPEG,37355
RMVM_S_c48a3631db,Ánh Nắng Của Anh (Chờ Em Đến Ngày Mai Original Soundtrack),Đức Phúc,POP_BALLAD,AVAILABLE,VERIFIED_PHYSICAL_IMAGE,720,378,JPEG,44104
RMVM_S_ef78ae64e9,Đợi Em Đến Hoa Cũng Úa Tàn,Quang Hà,POP_BALLAD,AVAILABLE,VERIFIED_PHYSICAL_IMAGE,720,378,JPEG,36313
RMVM_S_91f9a00a54,Con Ơi Về Nhà,Trương Thảo Nhi,POP_BALLAD,AVAILABLE,VERIFIED_PHYSICAL_IMAGE,720,378,JPEG,43773
RMVM_S_20325a5cd1,Bởi Vì Anh Không Phải Trai Ngoan,"Lua, Ma$$",POP_BALLAD,AVAILABLE,VERIFIED_PHYSICAL_IMAGE,720,378,JPEG,43333
RMVM_S_77f38cda01,Em Đi Xa Nơi Đâu,Hợi,POP_BALLAD,AVAILABLE,VERIFIED_PHYSICAL_IMAGE,1200,630,JPEG,60657
RMVM_S_bfe7bc9140,Chẳng Ai Muốn,"Phan Ngọc Luân, Võ Hạ Trâm",POP_BALLAD,AVAILABLE,VERIFIED_PHYSICAL_IMAGE,1200,630,JPEG,60657
RMVM_S_ad5f0f6512,Có Em Mỗi Bước Anh Đi,Da LAB,POP_BALLAD,AVAILABLE,VERIFIED_PHYSICAL_IMAGE,1200,630,JPEG,60657
RMVM_S_8d70cdbaaf,Thế Em Làm Sao?,"Junki Trần Hòa, Vũ Phạm",POP_BALLAD,AVAILABLE,VERIFIED_PHYSICAL_IMAGE,720,378,JPEG,50795
RMVM_S_50e20b7639,Từ Ngày Tình Bỏ Ra Đi,Khải Đăng,INSTRUMENTAL,AVAILABLE,VERIFIED_PHYSICAL_IMAGE,720,378,JPEG,45267
RMVM_S_2ae516e5b2,Chuyện Đời Con Gái,Tố My,POP_BALLAD,AVAILABLE,VERIFIED_PHYSICAL_IMAGE,720,378,JPEG,42477
RMVM_S_8ce5adb737,Chắc Do Em Đã Sai,"TVk, Huỳnh Mộng Như, 93NEW-G",POP_BALLAD,AVAILABLE,VERIFIED_PHYSICAL_IMAGE,720,378,JPEG,46023
RMVM_S_9fe19319cc,Chỉ Còn Lại Nỗi Nhớ,"NamD, Jasmine",POP_BALLAD,AVAILABLE,VERIFIED_PHYSICAL_IMAGE,720,378,JPEG,28438
RMVM_S_dde7bd4819,Không Tồn Tại,Bảo Kun,POP_BALLAD,AVAILABLE,VERIFIED_PHYSICAL_IMAGE,720,378,JPEG,48845
RMVM_S_7f6c7e67b0,Gọi Em (Beat),The Wings Band,POP_BALLAD,AVAILABLE,VERIFIED_PHYSICAL_IMAGE,720,378,JPEG,40559
RMVM_S_d13d94de93,Bụi Trong Mắt Em,Trio 666,POP_BALLAD,AVAILABLE,VERIFIED_PHYSICAL_IMAGE,300,300,JPEG,5638
RMVM_S_55c2921b11,Con Sáo Vô Tình,Khánh Bình,BOLERO_TRUTINH,AVAILABLE,VERIFIED_PHYSICAL_IMAGE,720,378,JPEG,45033
RMVM_S_d463fe4200,Lý Tình Xuân,Dương Hồng Loan,BOLERO_TRUTINH,AVAILABLE,VERIFIED_PHYSICAL_IMAGE,720,378,JPEG,40699
RMVM_S_fe580202f3,Càng Biết Càng Đau,Liz Kim Cương,POP_BALLAD,AVAILABLE,VERIFIED_PHYSICAL_IMAGE,720,378,JPEG,39909
RMVM_S_dfbf352874,Cao Bằng Khát Vọng Vươn Xa,Lê Ngọc Thúy,FOLK_TRADITIONAL,AVAILABLE,VERIFIED_PHYSICAL_IMAGE,720,378,JPEG,30607
RMVM_S_470e37d54f,Liên Khúc Đoản Ca Xuân - Xuân Đẹp Làm Sao,Hồ Quang Lộc,BOLERO_TRUTINH,AVAILABLE,VERIFIED_PHYSICAL_IMAGE,720,378,JPEG,52465
RMVM_S_e8e3154f3a,Trên Dòng Sông Nhỏ,Nhiều nghệ sĩ,BOLERO_TRUTINH,AVAILABLE,VERIFIED_PHYSICAL_IMAGE,720,378,JPEG,41858
RMVM_S_a40e958b52,Em Di Qua Để Lại,Minh Tuyết,POP_BALLAD,AVAILABLE,VERIFIED_PHYSICAL_IMAGE,720,378,JPEG,44526
RMVM_S_a02d430ece,Sài Gòn Anh Đợi!,"NNA, KaWaiiBi",RAP_HIPHOP,AVAILABLE,VERIFIED_PHYSICAL_IMAGE,720,378,JPEG,44193
RMVM_S_811a63c7b5,Ai Là Người Thương Em (Remix),Quân A.P,POP_BALLAD,AVAILABLE,VERIFIED_PHYSICAL_IMAGE,720,378,JPEG,45424
RMVM_S_5ed666b119,Mưa Tuyệt Vọng (Haozi Remix),"H2O Houselak, Khải Đăng",POP_BALLAD,AVAILABLE,VERIFIED_PHYSICAL_IMAGE,1200,630,JPEG,60657
RMVM_S_d5f5124015,Vũ Điệu Tình Say,"Minh Tuyết, Lương Tùng Quang",INSTRUMENTAL,AVAILABLE,VERIFIED_PHYSICAL_IMAGE,720,378,JPEG,47338
RMVM_S_359330d5d2,Em Không Như Anh Nghĩ,Anh T.O.M,POP_BALLAD,AVAILABLE,VERIFIED_PHYSICAL_IMAGE,720,378,JPEG,33831
RMVM_S_feb27545a7,Anh Đây Đừng Khóc,Lý Tuấn Kiệt,POP_BALLAD,AVAILABLE,VERIFIED_PHYSICAL_IMAGE,720,378,JPEG,44801
RMVM_S_bc5fbdc406,Đâu Ai Một Đời Yêu Ai,Thành Đại Siêu,POP_BALLAD,AVAILABLE,VERIFIED_PHYSICAL_IMAGE,720,378,JPEG,44911
RMVM_S_70ab83a88d,2 Nice,"Pay, Gọi Là Phúc, Công Hòa",POP_BALLAD,AVAILABLE,VERIFIED_PHYSICAL_IMAGE,720,378,JPEG,46051
RMVM_S_47f4120a51,Tình Yêu Kết Thúc Nơi Em,Thái Thành Công,POP_BALLAD,AVAILABLE,VERIFIED_PHYSICAL_IMAGE,720,378,JPEG,42576
RMVM_S_41040b5143,Cứ Dày Vò Nhau Thôi,Phùng Tiểu Nhi,POP_BALLAD,AVAILABLE,VERIFIED_PHYSICAL_IMAGE,300,300,JPEG,5638
RMVM_S_19e42b1e34,Còn Yêu Thương Gì Nhau,Vũ Hoàng,BOLERO_TRUTINH,MISSING,NO_VALID_IMAGE_URL,0,0,NONE,0
RMVM_S_6ae3f41239,Bất Chợt Cơn Mưa Chiều,Nguyễn Hân,POP_BALLAD,AVAILABLE,VERIFIED_PHYSICAL_IMAGE,720,378,JPEG,52925
RMVM_S_b14c3fb5e3,Giây Phút Ấy,J.K,POP_BALLAD,AVAILABLE,VERIFIED_PHYSICAL_IMAGE,720,378,JPEG,51013
RMVM_S_75c5424162,Hồi Ức Ngày Hôm Qua (Beat),Hoàng Yến Chibi,POP_BALLAD,AVAILABLE,VERIFIED_PHYSICAL_IMAGE,720,378,JPEG,38709
RMVM_S_59012359a4,Nơi Gọi Là Quá Khứ,Aries,POP_BALLAD,AVAILABLE,VERIFIED_PHYSICAL_IMAGE,720,378,JPEG,32104
RMVM_S_7e4d0f348b,Giang Hải Không Độ Nàng (Cover),"Kiều Thơ Mellow, DinhLong",POP_BALLAD,AVAILABLE,VERIFIED_PHYSICAL_IMAGE,1200,630,JPEG,60657
RMVM_S_ef1e5acdc3,Về Đâu Mái Tóc Người Thương,Sô Diễn Cuộc Đời,BOLERO_TRUTINH,AVAILABLE,VERIFIED_PHYSICAL_IMAGE,720,378,JPEG,39405
RMVM_S_4d68f8ac41,Đường Một Chiều (Cover),Avin Lu,POP_BALLAD,AVAILABLE,VERIFIED_PHYSICAL_IMAGE,720,378,JPEG,42070
RMVM_S_3f2da36fb9,Tim Em Xa Lắm (Remix),Long Hải,POP_BALLAD,AVAILABLE,VERIFIED_PHYSICAL_IMAGE,720,378,JPEG,39310
RMVM_S_b08455008d,Cô Không Kiểm Tra Bài,"Lynk Lee, Vanh Leg",POP_BALLAD,AVAILABLE,VERIFIED_PHYSICAL_IMAGE,720,378,JPEG,36258
RMVM_S_a413110290,Còn Lại Chút Tình Người,Thái Sơn,POP_BALLAD,AVAILABLE,VERIFIED_PHYSICAL_IMAGE,1200,630,JPEG,60657
RMVM_S_b877bc33b6,Không Tiền Bậu Nói Ai Nghe,Ngọc Khang,BOLERO_TRUTINH,AVAILABLE,VERIFIED_PHYSICAL_IMAGE,1200,630,JPEG,60657
RMVM_S_c98a488b4d,Ngày Đó,Thế Sơn,INSTRUMENTAL,AVAILABLE,VERIFIED_PHYSICAL_IMAGE,720,378,JPEG,40397
RMVM_S_902064a298,Hải Phòng Ấm Lòng Tình Quê,"Nhật Thuận, Xuân Trí",BOLERO_TRUTINH,AVAILABLE,VERIFIED_PHYSICAL_IMAGE,1200,630,JPEG,60657
RMVM_S_1ed980e9d8,Anh Sợ Nhìn Em Khóc,The Men,POP_BALLAD,AVAILABLE,VERIFIED_PHYSICAL_IMAGE,720,378,JPEG,44713
RMVM_S_d7167d4f55,Cô Đơn Sẽ Tốt Hơn,Lương Gia Hùng,POP_BALLAD,AVAILABLE,VERIFIED_PHYSICAL_IMAGE,720,378,JPEG,46939
RMVM_S_18b085f174,Anh Ấy Là Gì Của Em,Vương Anh Tú,POP_BALLAD,AVAILABLE,VERIFIED_PHYSICAL_IMAGE,720,378,JPEG,46606
RMVM_S_adffaac4be,Lặng Nhìn Em Rời Xa,Ty An Bảo,POP_BALLAD,AVAILABLE,VERIFIED_PHYSICAL_IMAGE,720,378,JPEG,46642
RMVM_S_bc9abc96c8,Cháu Xin Lỗi Chú,"Linh Thộn, Gia Nghi",RAP_HIPHOP,AVAILABLE,VERIFIED_PHYSICAL_IMAGE,720,378,JPEG,36889
RMVM_S_835779918e,Để Anh Đi,Thảo Phạm,POP_BALLAD,AVAILABLE,VERIFIED_PHYSICAL_IMAGE,720,378,JPEG,35198
RMVM_S_45c60e5119,Cơn Mộng Say,"KxK, Gấu",POP_BALLAD,AVAILABLE,VERIFIED_PHYSICAL_IMAGE,720,378,JPEG,41140
RMVM_S_6a818f5d97,Người Yêu Không Đá,"CHOCO, The Fillin",POP_BALLAD,AVAILABLE,VERIFIED_PHYSICAL_IMAGE,720,378,JPEG,41303
RMVM_S_d724dd21ae,Anh Còn Nhớ Em,Trương Chí Lâm,POP_BALLAD,AVAILABLE,VERIFIED_PHYSICAL_IMAGE,720,378,JPEG,40342
RMVM_S_7cdd2ccdfc,Hoa Ngũ Sắc,"K-ICM, Long Nón Lá",POP_BALLAD,AVAILABLE,VERIFIED_PHYSICAL_IMAGE,720,378,JPEG,36162
RMVM_S_06b9969a91,Phận Nghèo,Châu Ngọc Hà,BOLERO_TRUTINH,AVAILABLE,VERIFIED_PHYSICAL_IMAGE,720,378,JPEG,37376
RMVM_S_ec062a1173,Biết Em Chưa Thể Quên,Trương Ngôn,POP_BALLAD,AVAILABLE,VERIFIED_PHYSICAL_IMAGE,720,378,JPEG,43426
RMVM_S_4ffcce5e2b,Cứ Đi Và Yêu,"Đan Trường, Trung Quang",POP_BALLAD,AVAILABLE,VERIFIED_PHYSICAL_IMAGE,720,378,JPEG,42960
RMVM_S_476892af7a,Cung Đường Mưa Rơi,CHARLES.,POP_BALLAD,AVAILABLE,VERIFIED_PHYSICAL_IMAGE,720,378,JPEG,48858
RMVM_S_006a249eab,Tình Một Hướng,Minh Tâm MiTa,POP_BALLAD,MISSING,NO_VALID_IMAGE_URL,0,0,NONE,0
RMVM_S_90b11fdb87,Ngôi Sao Lẻ Loi,"BeeBoss, Tuấn Chung",POP_BALLAD,MISSING,NO_VALID_IMAGE_URL,0,0,NONE,0
RMVM_S_343372b82a,Bạn Ổn Không (Son2M Remix),Đinh Đại Vũ,POP_BALLAD,MISSING,NO_VALID_IMAGE_URL,0,0,NONE,0
RMVM_S_035fcb827f,Xin Em Về (Mashup),Jena,POP_BALLAD,MISSING,NO_VALID_IMAGE_URL,0,0,NONE,0
RMVM_S_e79d097111,Em Là Cô Dâu (Beat),Lương Bích Hữu,POP_BALLAD,MISSING,NO_VALID_IMAGE_URL,0,0,NONE,0
RMVM_S_ca1de7dab2,NỐI LẠI TÌNH XƯA (LOFI VERSION),Bùi Phi Long,BOLERO_TRUTINH,MISSING,NO_VALID_IMAGE_URL,0,0,NONE,0
RMVM_S_cc054e0796,Lỡ Hẹn Với Dòng Lam (Remix Vinahouse),Trịnh Nam Phương,DANCE_EDM,MISSING,NO_VALID_IMAGE_URL,0,0,NONE,0
RMVM_S_d422af0037,Tết Đã Về Đây,Hana Cẩm Tiên,POP_BALLAD,MISSING,NO_VALID_IMAGE_URL,0,0,NONE,0
RMVM_S_80aa7f9001,Em Mang Tình Mình Trao Ai,"Truzg, Bình Boo",POP_BALLAD,MISSING,NO_VALID_IMAGE_URL,0,0,NONE,0
RMVM_S_459837358c,Áng Mây Vô Tình (Remix),Lương Gia Hùng,POP_BALLAD,MISSING,NO_VALID_IMAGE_URL,0,0,NONE,0
RMVM_S_8b2dc759c8,Giọng Ca Buồn,Lưu Ánh Loan,BOLERO_TRUTINH,MISSING,NO_VALID_IMAGE_URL,0,0,NONE,0
RMVM_S_3cbeba981e,Con Mãi Khắc Ghi,Hoàng Cường,POP_BALLAD,MISSING,NO_VALID_IMAGE_URL,0,0,NONE,0
RMVM_S_492707bfdd,Liên Khúc Kiên Giang Mình Đẹp Lắm,Diễm Hân,BOLERO_TRUTINH,MISSING,NO_VALID_IMAGE_URL,0,0,NONE,0
RMVM_S_e18bb3e366,Để Cho Em Khóc (Cover),Kiwi Ngô Mai Trang,POP_BALLAD,MISSING,NO_VALID_IMAGE_URL,0,0,NONE,0
RMVM_S_1e3c01f56f,"Tìm Được Nhau Khó Thế Nào (Original Movie Soundtrack From ""Chìa Khóa Trăm Tỷ”)",Anh Tú,POP_BALLAD,MISSING,NO_VALID_IMAGE_URL,0,0,NONE,0
RMVM_S_d824dfb982,800 Màn Đêm,"TeuYungBoy, Hazel",RAP_HIPHOP,MISSING,NO_VALID_IMAGE_URL,0,0,NONE,0
RMVM_S_22afb3b9ce,Cho Đến Mãi Về Sau,Khải,POP_BALLAD,MISSING,NO_VALID_IMAGE_URL,0,0,NONE,0
RMVM_S_678da0c88f,Giữa Mạc Tư Khoa Nghe Câu Hò Nghệ Tĩnh,Triệu Đình Minh,BOLERO_TRUTINH,MISSING,NO_VALID_IMAGE_URL,0,0,NONE,0
RMVM_S_997ee49677,Bao Lâu Chưa Uống,"Ngọc Kara, Andree",POP_BALLAD,MISSING,NO_VALID_IMAGE_URL,0,0,NONE,0
RMVM_S_eb48336eda,Liên Khúc Bến Sông Buồn,"Thanh Ngân, Đức Thỏa",BOLERO_TRUTINH,MISSING,NO_VALID_IMAGE_URL,0,0,NONE,0
RMVM_S_c125e52b6a,Chiếc Lá Cuối Cùng,Quỳnh Lan,BOLERO_TRUTINH,MISSING,NO_VALID_IMAGE_URL,0,0,NONE,0
RMVM_S_4359b27e4e,Hát Cho Uta,Phan Ann,RAP_HIPHOP,MISSING,NO_VALID_IMAGE_URL,0,0,NONE,0
RMVM_S_5c11cbd927,Chưa Ra Đời,Hiimhii,POP_BALLAD,MISSING,NO_VALID_IMAGE_URL,0,0,NONE,0
RMVM_S_e1f5e36c87,Hỏi Nàng Xuân,Châu Ngọc Tiên,BOLERO_TRUTINH,MISSING,NO_VALID_IMAGE_URL,0,0,NONE,0
RMVM_S_7ce9f07e2e,Hồi Ức Lan Và Điệp (New Version),"Vũ Hoàng, Thạch Thảo",BOLERO_TRUTINH,MISSING,NO_VALID_IMAGE_URL,0,0,NONE,0
RMVM_S_2204037f9d,Tình Bằng Không (Lofi Version),"Rum, Trungg I.U",POP_BALLAD,MISSING,NO_VALID_IMAGE_URL,0,0,NONE,0
RMVM_S_5d7e480a51,Anh Thương Người Người Thương Ai (Rumba),"Mai Tiến Đạt, CT",POP_BALLAD,MISSING,NO_VALID_IMAGE_URL,0,0,NONE,0
RMVM_S_919bad5d9c,Giấc Mơ Tuyết Trắng (Acoustic Version),Đỗ Phú Quí,POP_BALLAD,MISSING,NO_VALID_IMAGE_URL,0,0,NONE,0
RMVM_S_798fe8e947,Chẳng Yêu Nữa Rồi,"Aki Khoa, NB3 Hoài Bảo",POP_BALLAD,MISSING,NO_VALID_IMAGE_URL,0,0,NONE,0
RMVM_S_5255356830,Ngày Mình Có Nhau,Thanh Vũ,POP_BALLAD,MISSING,NO_VALID_IMAGE_URL,0,0,NONE,0
RMVM_S_97878031c8,Mùa Xuân Trảy Hội Làng Lim,Trang Nhung,POP_BALLAD,MISSING,NO_VALID_IMAGE_URL,0,0,NONE,0
RMVM_S_9f1da5a6fa,Cha Già Rồi Đúng Không (Live),Ali Hoàng Dương,POP_BALLAD,MISSING,NO_VALID_IMAGE_URL,0,0,NONE,0
RMVM_S_20e378ef8f,Anh Làm Gì Sai (Vinahouse),Châu Khải Phong,POP_BALLAD,MISSING,NO_VALID_IMAGE_URL,0,0,NONE,0
RMVM_S_92f3ec980f,Chờ Em Dưới Cơn Mưa,Vàng Ngọc Kính,POP_BALLAD,MISSING,NO_VALID_IMAGE_URL,0,0,NONE,0
RMVM_S_a436fbf9eb,Khi Mới Biết Yêu Lần Đầu,Kỳ Lân Luxury,POP_BALLAD,MISSING,NO_VALID_IMAGE_URL,0,0,NONE,0
RMVM_S_5d548d60fb,Anh Chưa Tin Vào Sự Thật,Kevin Tuấn,POP_BALLAD,MISSING,NO_VALID_IMAGE_URL,0,0,NONE,0
RMVM_S_d3141b9768,Khóc Cho Đấng Sinh Thành (Thiếu Niên Ra Giang Hồ OST),Hồ Quang Hiếu,POP_BALLAD,MISSING,NO_VALID_IMAGE_URL,0,0,NONE,0
RMVM_S_7d24000321,Chỉ Cần Bạn Có Mặt (Ngày Hội Liên Quân 2024),Nhiều nghệ sĩ,RAP_HIPHOP,MISSING,NO_VALID_IMAGE_URL,0,0,NONE,0
RMVM_S_a3dd7f272d,Bước Qua Những Tổn Thương,Hà Thúy Anh,POP_BALLAD,MISSING,NO_VALID_IMAGE_URL,0,0,NONE,0
RMVM_S_505f11ccc1,Em Xin Lỗi,"Nguyễn Văn Trung, Trọng Phước",POP_BALLAD,MISSING,NO_VALID_IMAGE_URL,0,0,NONE,0
RMVM_S_afc758fefd,Chiến Thắng Covid,Lucy Vân Anh,CHILDREN,MISSING,NO_VALID_IMAGE_URL,0,0,NONE,0
RMVM_S_9bb101fd3a,Thương Người Xứ Lạ,"Thanh Ngân, Mai Tiến Đạt",POP_BALLAD,MISSING,NO_VALID_IMAGE_URL,0,0,NONE,0
RMVM_S_71bd566137,Người Đàn Ông Bản Lĩnh,Bùi Vĩnh Phúc,POP_BALLAD,MISSING,NO_VALID_IMAGE_URL,0,0,NONE,0
RMVM_S_13a966b4ff,Mẹ Hãy Nắm Chặt Tay Con Đi,Khánh Duyên Singer,POP_BALLAD,MISSING,NO_VALID_IMAGE_URL,0,0,NONE,0
RMVM_S_f1cec75fe2,Sợ Bắt Đầu,Thu Phương,POP_BALLAD,MISSING,NO_VALID_IMAGE_URL,0,0,NONE,0
RMVM_S_c518982ff1,"Ai Trách, Ai Vô Tình",phanDat A.G,POP_BALLAD,MISSING,NO_VALID_IMAGE_URL,0,0,NONE,0
RMVM_S_aeaf616cc6,Cô Ấy Sao Rồi,TTN,POP_BALLAD,MISSING,NO_VALID_IMAGE_URL,0,0,NONE,0
RMVM_S_d3d12c7edc,BUỒN CON SÁO SẬU (Lofi Mix),Bùi Phi Long,BOLERO_TRUTINH,MISSING,NO_VALID_IMAGE_URL,0,0,NONE,0
RMVM_S_40e7bced79,Liên Khúc Cánh Thiệp Đầu Xuân,"Uyên Trang, Nguyên Vũ",BOLERO_TRUTINH,MISSING,NO_VALID_IMAGE_URL,0,0,NONE,0
RMVM_S_f03c438b70,Khóc Cho Tình Xưa (Remix),"Gia Huy Singer, VMA, TVk",POP_BALLAD,MISSING,NO_VALID_IMAGE_URL,0,0,NONE,0
RMVM_S_fbc472fa48,Lỡ Duyên Ban Đầu,Nguyễn Đông,BOLERO_TRUTINH,MISSING,NO_VALID_IMAGE_URL,0,0,NONE,0
RMVM_S_9352a8bd66,Nhìn Anh Đi,"Par SG, Galaxyy",RAP_HIPHOP,MISSING,NO_VALID_IMAGE_URL,0,0,NONE,0
RMVM_S_6fdf5b0dd3,LẠI NHỚ NGƯỜI YÊU (LOFI VERSION),Bùi Phi Long,BOLERO_TRUTINH,MISSING,NO_VALID_IMAGE_URL,0,0,NONE,0
RMVM_S_1a02b1bfa1,Anh Cần Không,Saka Trương Tuyền,POP_BALLAD,MISSING,NO_VALID_IMAGE_URL,0,0,NONE,0
RMVM_S_4c4c37f4be,Chỉ Là Quá Yêu Em,Quang Đăng Trần,POP_BALLAD,MISSING,NO_VALID_IMAGE_URL,0,0,NONE,0
RMVM_S_75e3c7cc86,Giấc Mơ Đẹp,Nguyễn Trọng Tài,POP_BALLAD,MISSING,NO_VALID_IMAGE_URL,0,0,NONE,0
RMVM_S_01657ba1e9,Chẳng Còn Thời Gian Ấy (Lofi Version),"Bem, Nguyenx, ImPoe.",POP_BALLAD,MISSING,NO_VALID_IMAGE_URL,0,0,NONE,0
RMVM_S_619791c87b,Ai Ngốc Hơn Anh,Lil Z,POP_BALLAD,MISSING,NO_VALID_IMAGE_URL,0,0,NONE,0
RMVM_S_8bf3bbc9bb,Đừng Chờ Anh Nữa (Lofi Version),Tăng Phúc,POP_BALLAD,MISSING,NO_VALID_IMAGE_URL,0,0,NONE,0
RMVM_S_aebf3a8053,"Anh Một Nơi, Em Một Nơi",Ngọc Hân,POP_BALLAD,MISSING,NO_VALID_IMAGE_URL,0,0,NONE,0
RMVM_S_f15c6cba41,Lộp Độp,"Pixel Neko, nân",POP_BALLAD,MISSING,NO_VALID_IMAGE_URL,0,0,NONE,0
RMVM_S_15d1b1070b,Đoạn Buồn Đêm Mưa,Ân Thiên Vỹ,BOLERO_TRUTINH,MISSING,NO_VALID_IMAGE_URL,0,0,NONE,0
RMVM_S_1280157612,Tin Yêu,Haukong,POP_BALLAD,MISSING,NO_VALID_IMAGE_URL,0,0,NONE,0
RMVM_S_88f7ee6aa2,Nhạt Nắng,"Chí Viễn, Lưu Chí Vỹ",BOLERO_TRUTINH,MISSING,NO_VALID_IMAGE_URL,0,0,NONE,0
RMVM_S_5c0463142b,Mãi Chẳng Thuộc Về Nhau,Bozitt,POP_BALLAD,MISSING,NO_VALID_IMAGE_URL,0,0,NONE,0
RMVM_S_ec37306e94,Điều Em Cần,Thảo Wendy,POP_BALLAD,MISSING,NO_VALID_IMAGE_URL,0,0,NONE,0
RMVM_S_2a6ad2781b,Đừng Xem Như Trò Chơi,Võ Phúc Hưng,POP_BALLAD,MISSING,NO_VALID_IMAGE_URL,0,0,NONE,0
RMVM_S_6823b3634f,Cắt Đôi Nỗi Sầu,"Tăng Duy Tân, Drum7",POP_BALLAD,MISSING,NO_VALID_IMAGE_URL,0,0,NONE,0
RMVM_S_e04fbebd72,Đau Vậy Đủ Rồi,"Karik, Vũ Phụng Tiên",POP_BALLAD,MISSING,NO_VALID_IMAGE_URL,0,0,NONE,0
RMVM_S_8b519e44b3,Chờ Ngày Anh Nhận Ra Em (Mối Tình Đầu Của Tôi OST),Thùy Chi,POP_BALLAD,MISSING,NO_VALID_IMAGE_URL,0,0,NONE,0
RMVM_S_ede45a2ac0,Anh Rồi Sẽ Ổn Thôi!,LEO,POP_BALLAD,MISSING,NO_VALID_IMAGE_URL,0,0,NONE,0
RMVM_S_efb9fbfd5b,Đừng Gọi Em Là Khói Sương (Cuốc Xe Nửa Đêm OST),Bích Tuyết,POP_BALLAD,MISSING,NO_VALID_IMAGE_URL,0,0,NONE,0
RMVM_S_de008b87c2,Tơ Hồng,"Ái Vân, Thái Châu",INSTRUMENTAL,MISSING,NO_VALID_IMAGE_URL,0,0,NONE,0
RMVM_S_7e037200ce,Chỉ Là Hạt Mưa,Lyna Thùy Linh,POP_BALLAD,MISSING,NO_VALID_IMAGE_URL,0,0,NONE,0
RMVM_S_aa16aa1c72,Cưới Thôi Em,Thái Học,POP_BALLAD,MISSING,NO_VALID_IMAGE_URL,0,0,NONE,0
RMVM_S_3dbbcdafb9,Nghe Đôi Mi Lại Cay,Nguyễn Đình Vũ,POP_BALLAD,MISSING,NO_VALID_IMAGE_URL,0,0,NONE,0
RMVM_S_bf0e95da16,Mỉm Cười Khi Anh Ra Đi,Đông Nhi,POP_BALLAD,MISSING,NO_VALID_IMAGE_URL,0,0,NONE,0
RMVM_S_d53e987831,Tết Phát Tài (Xuân Phát Tài 9),Cẩm Ly,POP_BALLAD,MISSING,NO_VALID_IMAGE_URL,0,0,NONE,0
RMVM_S_78dec47ce6,Chúng Ta Còn Lại Gì,"MR Bi, DSWAG, KaWaiiBi",RAP_HIPHOP,MISSING,NO_VALID_IMAGE_URL,0,0,NONE,0
RMVM_S_b16b2a78f3,Người Ấy Sẽ Quên Em Thôi,Đại Tuyên,POP_BALLAD,MISSING,NO_VALID_IMAGE_URL,0,0,NONE,0
RMVM_S_9620ea800a,Vì Anh Đã Sai (Dance Version),Triệu Lộc,POP_BALLAD,MISSING,NO_VALID_IMAGE_URL,0,0,NONE,0
RMVM_S_675baa0d19,Đà Nẵng Tình Người,Thu Hiền,FOLK_TRADITIONAL,MISSING,NO_VALID_IMAGE_URL,0,0,NONE,0
RMVM_S_2e4b987231,Đẹp Nhất Là Em,"SOOBIN, Jiyeon",POP_BALLAD,MISSING,NO_VALID_IMAGE_URL,0,0,NONE,0
RMVM_S_78449b7fe7,Câu Hát Chung Tình,"Giang Trường, Phương Cẩm Ngọc",BOLERO_TRUTINH,MISSING,NO_VALID_IMAGE_URL,0,0,NONE,0
RMVM_S_10dd21b670,Có khi Nào Là,Pjpo,RAP_HIPHOP,MISSING,NO_VALID_IMAGE_URL,0,0,NONE,0
RMVM_S_edba4e4185,Hà Nội 12 Mùa Hoa,Minh Thu,POP_BALLAD,MISSING,NO_VALID_IMAGE_URL,0,0,NONE,0
RMVM_S_3cd6ff6c18,Bầu Trời Của Em Màu Xanh,"Kiwi Kim Quý, A.C Xuân Tài",POP_BALLAD,MISSING,NO_VALID_IMAGE_URL,0,0,NONE,0
RMVM_S_f7ea4819e1,Điều Ngọt Ngào Cho Em,Arrow,RAP_HIPHOP,MISSING,NO_VALID_IMAGE_URL,0,0,NONE,0
RMVM_S_9242ffbc9f,Hát Khúc Xuân Ca,Phan Bảo Nam,POP_BALLAD,MISSING,NO_VALID_IMAGE_URL,0,0,NONE,0
RMVM_S_3d22ec7220,Xa Nghìn Trùng Mây,Ngắn,POP_BALLAD,MISSING,NO_VALID_IMAGE_URL,0,0,NONE,0
RMVM_S_a486f84dde,Bài Hát Chiều Thu,Vân Trường,BOLERO_TRUTINH,MISSING,NO_VALID_IMAGE_URL,0,0,NONE,0
RMVM_S_dde508d19a,Cứ Thế Vội Vã,"Ngô Anh Đạt, ViAM",POP_BALLAD,MISSING,NO_VALID_IMAGE_URL,0,0,NONE,0
RMVM_S_f474c99fa3,Một Lần Khờ Dại Một Đời Nhớ Thương,Thảo Wendy,POP_BALLAD,MISSING,NO_VALID_IMAGE_URL,0,0,NONE,0
RMVM_S_13a1f5ebec,Chú Đom Đóm,Yamix Hầu Ca,POP_BALLAD,MISSING,NO_VALID_IMAGE_URL,0,0,NONE,0
RMVM_S_133936ecbc,Cả Nhà Lên Chức,Rhymastic,POP_BALLAD,MISSING,NO_VALID_IMAGE_URL,0,0,NONE,0
RMVM_S_34522c6718,Ba Mẹ Quê,Như Quỳnh,INSTRUMENTAL,MISSING,NO_VALID_IMAGE_URL,0,0,NONE,0
RMVM_S_44327e493a,Là Anh (Lofi Version),"Phạm Lịch, BMZ",DANCE_EDM,MISSING,NO_VALID_IMAGE_URL,0,0,NONE,0
RMVM_S_40e61aea58,Liệu Rằng,Barry Nam Bảo,POP_BALLAD,MISSING,NO_VALID_IMAGE_URL,0,0,NONE,0
RMVM_S_18f2c17e30,Nếu Chúa Là,La Sương Sương,BOLERO_TRUTINH,MISSING,NO_VALID_IMAGE_URL,0,0,NONE,0
RMVM_S_c8ff5c63be,Mưa Trên Cuộc Tình (Version 2019),Đan Trường,POP_BALLAD,MISSING,NO_VALID_IMAGE_URL,0,0,NONE,0
RMVM_S_5f2575a7e6,Lạnh Lẽo,"Bằng Cường, Saka Trương Tuyền",POP_BALLAD,MISSING,NO_VALID_IMAGE_URL,0,0,NONE,0
RMVM_S_e463d31c96,Anh Biết Em Không Tin,Kidz,RAP_HIPHOP,MISSING,NO_VALID_IMAGE_URL,0,0,NONE,0
RMVM_S_6a4da4af3c,Bản Tình Cuối,"Don Hồ, Diễm Liên",INSTRUMENTAL,MISSING,NO_VALID_IMAGE_URL,0,0,NONE,0
RMVM_S_fdbcb70d26,Bố Vợ,Trịnh Đình Quang,POP_BALLAD,MISSING,NO_VALID_IMAGE_URL,0,0,NONE,0
RMVM_S_ceac01ff90,Sa Đéc Vào Xuân,Dương Hồng Loan,BOLERO_TRUTINH,MISSING,NO_VALID_IMAGE_URL,0,0,NONE,0
RMVM_S_f87cfd96b1,Còn Thương Nhưng Hết Yêu (Remix),Võ Phúc Hưng,POP_BALLAD,MISSING,NO_VALID_IMAGE_URL,0,0,NONE,0
RMVM_S_703d6881eb,Có Một Ngày Trời Không Nắng,Thái Đinh,POP_BALLAD,MISSING,NO_VALID_IMAGE_URL,0,0,NONE,0
RMVM_S_d537d9f221,Chia Đôi Hạnh Phúc,Trương Chí Lâm,POP_BALLAD,MISSING,NO_VALID_IMAGE_URL,0,0,NONE,0
RMVM_S_9d2f920549,Chầm Chậm Thích Em,Lý Chí An,POP_BALLAD,MISSING,NO_VALID_IMAGE_URL,0,0,NONE,0
RMVM_S_bb4efb9866,Anh Tin Mình Đã Cho Nhau 1 Kỉ Niệm (Prod.by Pharreal Phương & Dsmall),Nhiều nghệ sĩ,POP_BALLAD,MISSING,NO_VALID_IMAGE_URL,0,0,NONE,0
RMVM_S_1a7d14be6e,Một Ngày Là Anh Em Suốt Đời Là Anh Em (Remix) (Beat),"Đinh Kiến Phong, Ben Heineken",POP_BALLAD,MISSING,NO_VALID_IMAGE_URL,0,0,NONE,0
RMVM_S_1bd02a67e1,Mashup Tình Nhạt Phai & Không Nên Tin Vào Tình Yêu,"Host Nguyên Khang, Dee Trần",POP_BALLAD,MISSING,NO_VALID_IMAGE_URL,0,0,NONE,0
RMVM_S_324508e809,Anh Từ Đâu Đến,Hồng Hạnh,BOLERO_TRUTINH,MISSING,NO_VALID_IMAGE_URL,0,0,NONE,0
RMVM_S_e6772f9da5,Kiếp Lầu Xanh,Tiểu Phong,POP_BALLAD,MISSING,NO_VALID_IMAGE_URL,0,0,NONE,0
RMVM_S_2d4209a45b,Mùa Vấn Vương,"Phương Tae Tae, Huy Bình",POP_BALLAD,MISSING,NO_VALID_IMAGE_URL,0,0,NONE,0
RMVM_S_762e2242bb,Lời ca dâng Bác,NSND Thu Hiền,FOLK_TRADITIONAL,MISSING,NO_VALID_IMAGE_URL,0,0,NONE,0
RMVM_S_c2deb39355,Điệp Khúc Chia Tay (Remix),"LaLa Trần, DICKSON",DANCE_EDM,MISSING,NO_VALID_IMAGE_URL,0,0,NONE,0
RMVM_S_21b54c8a30,Buồn Một Lần Nữa Thôi (OTTOKE),"DICKSON, Jin Ju",POP_BALLAD,MISSING,NO_VALID_IMAGE_URL,0,0,NONE,0
RMVM_S_e4947bed0e,Hát với chú ve con (Live),"Thùy Linh, Dattie Do, 8 the Theatre",POP_BALLAD,MISSING,NO_VALID_IMAGE_URL,0,0,NONE,0
RMVM_S_d7d99a3bcd,Anh Em Bỏ Nhau Sao Đành (Phim Ngắn Thua Một Người Dưng 2),Kim Tiểu Long,BOLERO_TRUTINH,MISSING,NO_VALID_IMAGE_URL,0,0,NONE,0
RMVM_S_03bf1f2bc7,Chẳng Muốn Rời Xa,Lương Chí Tâm,POP_BALLAD,MISSING,NO_VALID_IMAGE_URL,0,0,NONE,0
RMVM_S_42ca501b5d,Tiếng Quê,Lê Ngọc Thúy,BOLERO_TRUTINH,MISSING,NO_VALID_IMAGE_URL,0,0,NONE,0
RMVM_S_d5b3cab260,Muốn Quên Đi Một Người Ta Đã Yêu,Lâm Chấn Huy,POP_BALLAD,MISSING,NO_VALID_IMAGE_URL,0,0,NONE,0
RMVM_S_aba90c07f9,Anh Đã Lạc Vào,GreenD,POP_BALLAD,MISSING,NO_VALID_IMAGE_URL,0,0,NONE,0
RMVM_S_3ababdb47d,Thương Em Anh Giấu Trong Lòng,"Khưu Huy Vũ, Dương Hồng Loan",BOLERO_TRUTINH,MISSING,NO_VALID_IMAGE_URL,0,0,NONE,0
RMVM_S_0722c56887,Mashup Để Cho Em Khóc - Sống Xa Anh Chẳng Dễ Dàng (Remix),Lương Viết Quang,DANCE_EDM,MISSING,NO_VALID_IMAGE_URL,0,0,NONE,0
RMVM_S_b2f52cd367,Tình Yêu Cũng Như Mảnh Giấy,Clow,POP_BALLAD,MISSING,NO_VALID_IMAGE_URL,0,0,NONE,0
RMVM_S_f78b61f24e,Toại Nguyện,Trương Đình Phong,POP_BALLAD,MISSING,NO_VALID_IMAGE_URL,0,0,NONE,0
RMVM_S_d7e25ea687,Xa Dần Bóng Em,Khánh Vỹ TK,POP_BALLAD,MISSING,NO_VALID_IMAGE_URL,0,0,NONE,0
RMVM_S_1d9abbb1ee,Đồng Tiền Và Nhân Cách (Beat),Quang Mask,POP_BALLAD,MISSING,NO_VALID_IMAGE_URL,0,0,NONE,0
RMVM_S_51bc7d36a8,Chất Phương Nam,DatKaa,POP_BALLAD,MISSING,NO_VALID_IMAGE_URL,0,0,NONE,0
RMVM_S_c4b56cf7fc,Đạo Hiếu Vu Lan,Kim Linh,BOLERO_TRUTINH,MISSING,NO_VALID_IMAGE_URL,0,0,NONE,0
RMVM_S_e3f34f46ea,Ai? (Tôi Vẫn Chưa Biết Mình Là I),Chi Xê,RB_SOUL,MISSING,NO_VALID_IMAGE_URL,0,0,NONE,0
RMVM_S_e42683f406,Chuyến Tàu Hoàng Hôn,"Võ Minh Lê, Kim Tuyến",POP_BALLAD,MISSING,NO_VALID_IMAGE_URL,0,0,NONE,0
RMVM_S_44639baa42,Cố Gắng Quên Một Người,Dương Quang Thuật,POP_BALLAD,MISSING,NO_VALID_IMAGE_URL,0,0,NONE,0
RMVM_S_ee3e435d7a,Girl Hà Nội,Nhiều nghệ sĩ,POP_BALLAD,MISSING,NO_VALID_IMAGE_URL,0,0,NONE,0
RMVM_S_cf1a95cb58,Đền Tạ Trái Tim Mẹ,Mai Thiên Vân,INSTRUMENTAL,MISSING,NO_VALID_IMAGE_URL,0,0,NONE,0
RMVM_S_9e72545a33,Tựa Như Cánh Phù Du,Hồ Nhật Huy,POP_BALLAD,MISSING,NO_VALID_IMAGE_URL,0,0,NONE,0
RMVM_S_3fa17f6b9e,Những Điều Con Yêu,Bé Trang Thư,CHILDREN,MISSING,NO_VALID_IMAGE_URL,0,0,NONE,0
RMVM_S_916f496ed0,Em sẽ rạng ngời,Khải,POP_BALLAD,MISSING,NO_VALID_IMAGE_URL,0,0,NONE,0
RMVM_S_f2acb83177,Xuân Nào Con Sẽ Về,Tường Nguyên,INSTRUMENTAL,MISSING,NO_VALID_IMAGE_URL,0,0,NONE,0
RMVM_S_97d3ad4958,Yêu Đi Anh Ơi,"Kiều Phạm, RHYDER",POP_BALLAD,MISSING,NO_VALID_IMAGE_URL,0,0,NONE,0
RMVM_S_126d4ab3b0,Câu chuyện mình tôi và em,Tin,POP_BALLAD,MISSING,NO_VALID_IMAGE_URL,0,0,NONE,0
RMVM_S_9c4ed92374,Mẹ Ơi 2,Jack,POP_BALLAD,MISSING,NO_VALID_IMAGE_URL,0,0,NONE,0
RMVM_S_9b101db97a,Ai Mang Mưa Về Thành Phố,Homin,POP_BALLAD,MISSING,NO_VALID_IMAGE_URL,0,0,NONE,0
RMVM_S_772fa92e48,Chỉ Mãi Yêu Em (Chưa Một Lần Trọn Vẹn OST) (Beat),Dược Sĩ Tiến,POP_BALLAD,MISSING,NO_VALID_IMAGE_URL,0,0,NONE,0
RMVM_S_94e7095112,Bài Tango Ngày Ấy,Lưu Ánh Loan,BOLERO_TRUTINH,MISSING,NO_VALID_IMAGE_URL,0,0,NONE,0
RMVM_S_28b45c5280,Dù Anh Vẫn Còn Yêu,Khánh Phương,POP_BALLAD,MISSING,NO_VALID_IMAGE_URL,0,0,NONE,0
RMVM_S_004bfc4dcf,Kết Thúc Không Vui (Remix),Minh Nghĩa,POP_BALLAD,MISSING,NO_VALID_IMAGE_URL,0,0,NONE,0
RMVM_S_84f279c253,Phố một người,"Hồ Phong An, Loren Kid",POP_BALLAD,MISSING,NO_VALID_IMAGE_URL,0,0,NONE,0
RMVM_S_c416ab54f7,Người Thừa (DJ Eric TJ (Remix),Cảnh Minh,DANCE_EDM,MISSING,NO_VALID_IMAGE_URL,0,0,NONE,0
RMVM_S_602ac6aba3,Chút Thư Tình Của Người Lính Biển,Hoài Nam,REVOLUTIONARY,MISSING,NO_VALID_IMAGE_URL,0,0,NONE,0
RMVM_S_3f93e17f35,Thơ Tình Xuân Diệu,"Vicky Nhung, Lam",POP_BALLAD,MISSING,NO_VALID_IMAGE_URL,0,0,NONE,0
RMVM_S_f6aa20a8f2,Bông Màu Tím,"Thanh Ngân, Gia Tiến",POP_BALLAD,MISSING,NO_VALID_IMAGE_URL,0,0,NONE,0
RMVM_S_e1084cc7e7,Làm Sao Anh Quên Được,"Hùng Cuội, Kay Phạm, BMZ",POP_BALLAD,MISSING,NO_VALID_IMAGE_URL,0,0,NONE,0
RMVM_S_24d31bd9d9,Hà Nam Quê Hương Tôi,Mạnh Hakyno,POP_BALLAD,MISSING,NO_VALID_IMAGE_URL,0,0,NONE,0
RMVM_S_d3962d4eab,Vẫn Hoài Theo,"Klaw, MastaL",POP_BALLAD,MISSING,NO_VALID_IMAGE_URL,0,0,NONE,0
RMVM_S_cde1e55216,Xuân Vui Ca,"Thanh Hà, Đình Bảo",INSTRUMENTAL,MISSING,NO_VALID_IMAGE_URL,0,0,NONE,0
RMVM_S_ea0f6ff4d8,Đời Lúa Đời Nông,Đoàn Như Thảo,BOLERO_TRUTINH,MISSING,NO_VALID_IMAGE_URL,0,0,NONE,0
RMVM_S_c67a0d256b,Kiếp Sau Vẫn Muốn Lập Gia Đình Với Anh,Oanh Tạ,POP_BALLAD,MISSING,NO_VALID_IMAGE_URL,0,0,NONE,0
RMVM_S_0297937f2f,Hai Chuyến Tàu Đêm,Đặng Thái Hiển,POP_BALLAD,MISSING,NO_VALID_IMAGE_URL,0,0,NONE,0
RMVM_S_d8e39cebc8,Ngẫu Hứng Bolero,"Hoàng Tuấn Minh, SOUND HIT",BOLERO_TRUTINH,MISSING,NO_VALID_IMAGE_URL,0,0,NONE,0
RMVM_S_731e80c2b9,Câu Hò Quê Nội,Bé Mai Vy,FOLK_TRADITIONAL,MISSING,NO_VALID_IMAGE_URL,0,0,NONE,0
RMVM_S_8719dfeaf6,Chồng Yêu (Remix),Saka Trương Tuyền,DANCE_EDM,MISSING,NO_VALID_IMAGE_URL,0,0,NONE,0
RMVM_S_18fc876a1b,Em À (Acoustic Version),Trung Tự,POP_BALLAD,MISSING,NO_VALID_IMAGE_URL,0,0,NONE,0
RMVM_S_b8cdf33f71,Nếu Mình Yêu Nhau,"CM1X, Quỳnh Gai, Daeron",POP_BALLAD,MISSING,NO_VALID_IMAGE_URL,0,0,NONE,0
RMVM_S_7145093df1,Chờ Người Tình Lỡ,Ngọc Bảo Anh,BOLERO_TRUTINH,MISSING,NO_VALID_IMAGE_URL,0,0,NONE,0
RMVM_S_a3a9a86ba2,Ngày Anh Đến (Remix),"Lưu Bích, Trung Ngon",DANCE_EDM,MISSING,NO_VALID_IMAGE_URL,0,0,NONE,0
RMVM_S_b8f38d3403,Chỉ Còn Lại Kí Ức (NMG REMIX),"ZIN MEDIA, Phát Huy T4",DANCE_EDM,MISSING,NO_VALID_IMAGE_URL,0,0,NONE,0
RMVM_S_51e59c6d67,Hẹn Em Kiếp Sau,FOR7,POP_BALLAD,MISSING,NO_VALID_IMAGE_URL,0,0,NONE,0
RMVM_S_94c5f8be73,Hạnh Phúc Lưng Chừng,Vương Quân,POP_BALLAD,MISSING,NO_VALID_IMAGE_URL,0,0,NONE,0
RMVM_S_408e14797b,Bói Duyên,"INSOLENT, Shieeez, CM1X",POP_BALLAD,MISSING,NO_VALID_IMAGE_URL,0,0,NONE,0
RMVM_S_bc2dcc20f9,Cố Lên Việt Nam,Hồng Thiên Phúc,BOLERO_TRUTINH,MISSING,NO_VALID_IMAGE_URL,0,0,NONE,0
RMVM_S_8a412eb7ac,Cánh Bướm Dối Gian,Phí Phương Anh,POP_BALLAD,MISSING,NO_VALID_IMAGE_URL,0,0,NONE,0
RMVM_S_f3a94344e2,9 Vì Yêu,"Đinh Đại Vũ, Châu Dương",POP_BALLAD,MISSING,NO_VALID_IMAGE_URL,0,0,NONE,0
RMVM_S_bfe1a1e4c0,Trách Ai Bây Giờ,"Khưu Huy Vũ, Dương Hồng Loan",CHILDREN,MISSING,NO_VALID_IMAGE_URL,0,0,NONE,0
RMVM_S_31827c9732,Khi Em Xa Anh,Ngô Lan Hương,POP_BALLAD,MISSING,NO_VALID_IMAGE_URL,0,0,NONE,0
RMVM_S_381dff931e,Lá Sầu Riêng,Khưu Huy Vũ,BOLERO_TRUTINH,MISSING,NO_VALID_IMAGE_URL,0,0,NONE,0
RMVM_S_3342f0ba8f,Anh Biết Tìm Đâu,Bằng Cường,POP_BALLAD,MISSING,NO_VALID_IMAGE_URL,0,0,NONE,0
RMVM_S_a615301cc6,TuổI 23 (Đại Mèo Remix),Ngô Lan Hương,DANCE_EDM,MISSING,NO_VALID_IMAGE_URL,0,0,NONE,0
RMVM_S_dcef15edab,Cô Ấy Của Anh Ấy (Live session),Bảo Anh,POP_BALLAD,MISSING,NO_VALID_IMAGE_URL,0,0,NONE,0
RMVM_S_d778a075a9,Bán Hồ Sa,Lee Phú Quý,POP_BALLAD,MISSING,NO_VALID_IMAGE_URL,0,0,NONE,0
RMVM_S_0f7b358125,Đi Tìm Kỷ Niệm,Thế Sơn,INSTRUMENTAL,MISSING,NO_VALID_IMAGE_URL,0,0,NONE,0
RMVM_S_23d9c00a74,Xuân Mộng,Anh Thi,POP_BALLAD,MISSING,NO_VALID_IMAGE_URL,0,0,NONE,0
RMVM_S_ce031cee76,Người Thương Là Kẻ Phản Bội,"Nguyễn Phú Quí, Lê Công Nguyên Khải",POP_BALLAD,MISSING,NO_VALID_IMAGE_URL,0,0,NONE,0
RMVM_S_d64e41c4a8,Có Ai Khi Yêu,Kiều Phạm,POP_BALLAD,MISSING,NO_VALID_IMAGE_URL,0,0,NONE,0
RMVM_S_e0d099f88a,Phiên Khúc Buồn,Đăng Khôi,BOLERO_TRUTINH,MISSING,NO_VALID_IMAGE_URL,0,0,NONE,0
RMVM_S_db4ad2213c,Bạn Chơi Tốt Tôi Đáp Lại,Lâm Chấn Huy,POP_BALLAD,MISSING,NO_VALID_IMAGE_URL,0,0,NONE,0
RMVM_S_2d4bfda81c,Có Ai Thương Anh Nhiều Hơn,Thảo Cherry,POP_BALLAD,MISSING,NO_VALID_IMAGE_URL,0,0,NONE,0
RMVM_S_e477011625,Viết Vội,"Nguyên., Dream",POP_BALLAD,MISSING,NO_VALID_IMAGE_URL,0,0,NONE,0
RMVM_S_b8ab6b3b5a,Anh Của Hiện Tại,Kayshi,RAP_HIPHOP,MISSING,NO_VALID_IMAGE_URL,0,0,NONE,0
RMVM_S_b73236d74c,Là Duyên Không Phận (New Version),Chung Thanh Duy,POP_BALLAD,MISSING,NO_VALID_IMAGE_URL,0,0,NONE,0
RMVM_S_67b3e6afbc,Chuyện Hôm Qua Đó (The Voice Version),Ali Hoàng Dương,POP_BALLAD,MISSING,NO_VALID_IMAGE_URL,0,0,NONE,0
RMVM_S_d5c2f897bf,Dây Tơ Kết Đôi,"Nana Liu, KaWaiiBi",POP_BALLAD,MISSING,NO_VALID_IMAGE_URL,0,0,NONE,0
RMVM_S_79a3d5d76f,Chiếc Khăn Piêu - Cô Gái Vót Chông,"Anh Thơ, Dương Hoàng Yến",REVOLUTIONARY,MISSING,NO_VALID_IMAGE_URL,0,0,NONE,0
RMVM_S_194d6ca62b,Khói Sương,"Teddy, C.G.R Band",POP_BALLAD,MISSING,NO_VALID_IMAGE_URL,0,0,NONE,0
RMVM_S_c8be07bce7,Đoạn Kết Cuối,"Vũ Thịnh, Fanny Trần",POP_BALLAD,MISSING,NO_VALID_IMAGE_URL,0,0,NONE,0
RMVM_S_08968afec9,Dại Dột Mình Em Mang,Diễm Sương,INSTRUMENTAL,MISSING,NO_VALID_IMAGE_URL,0,0,NONE,0
RMVM_S_c53678c57e,Hạnh Phúc Bỏ Rơi Em (Piano Version),Hương Ly,POP_BALLAD,MISSING,NO_VALID_IMAGE_URL,0,0,NONE,0
RMVM_S_fb7d055f20,Bậu Về Nơi Đâu,Hồ Khắc Tùng,BOLERO_TRUTINH,MISSING,NO_VALID_IMAGE_URL,0,0,NONE,0
RMVM_S_0ecfbf2ce5,"Chưa Nghe Hết Bản Tình Ca, Chưa Rơi Hết Nước Mắt",Thiên An,POP_BALLAD,MISSING,NO_VALID_IMAGE_URL,0,0,NONE,0
RMVM_S_83a3cf729f,Liên Khúc Một Chuyến Xe Hoa - Yêu Trong Nghịch Cảnh,"Thanh Ngân, Hồ Quốc Bửu",BOLERO_TRUTINH,MISSING,NO_VALID_IMAGE_URL,0,0,NONE,0
RMVM_S_c726b474ea,Chuyện Như Chưa Bắt Đầu (Remix),Thanh Hương,POP_BALLAD,MISSING,NO_VALID_IMAGE_URL,0,0,NONE,0
RMVM_S_4c2c5c33b1,Đi Rồi Mới Thương,Võ Kiều Vân,POP_BALLAD,MISSING,NO_VALID_IMAGE_URL,0,0,NONE,0
RMVM_S_bd4950f6e3,Đời Là Cát Bụi Là Ta (Cover),Yuki Vinh,POP_BALLAD,MISSING,NO_VALID_IMAGE_URL,0,0,NONE,0
RMVM_S_6e7874df0f,Khoái Ăn Sang Sáng Ăn Khoai,Hồ Việt Trung,POP_BALLAD,MISSING,NO_VALID_IMAGE_URL,0,0,NONE,0
RMVM_S_8290a43586,Nói Chia Tay Thật Khó,"Thùy Chi, Trấn Thành",POP_BALLAD,MISSING,NO_VALID_IMAGE_URL,0,0,NONE,0
RMVM_S_02a4095b8b,Đông Lạnh Có Em,Thái Phương D.A,POP_BALLAD,MISSING,NO_VALID_IMAGE_URL,0,0,NONE,0
RMVM_S_b2555bfa56,Bolero Tiền Thắng Tình Thua,Lương Hồng Huệ,POP_BALLAD,MISSING,NO_VALID_IMAGE_URL,0,0,NONE,0
RMVM_S_cd0170ff54,Chuyện Người Hát Rong,Trường Kha,BOLERO_TRUTINH,MISSING,NO_VALID_IMAGE_URL,0,0,NONE,0
RMVM_S_f75bb45bd7,Không Gian Chơi Vơi,PhanDjat,POP_BALLAD,MISSING,NO_VALID_IMAGE_URL,0,0,NONE,0
RMVM_S_a18ed5e6d6,Hen Gặp Lại Trong Chiêm Bao,Phi Bằng,BOLERO_TRUTINH,MISSING,NO_VALID_IMAGE_URL,0,0,NONE,0
RMVM_S_151418c865,Để Em Cười Như Xưa,Thảo Wendy,POP_BALLAD,MISSING,NO_VALID_IMAGE_URL,0,0,NONE,0
RMVM_S_cd23d66131,Liên Khúc Yêu Một Mình - Giọt Lệ Đài Trang,Văn Hương,BOLERO_TRUTINH,MISSING,NO_VALID_IMAGE_URL,0,0,NONE,0
RMVM_S_09b0d10c67,Đón Xuân Này Nhớ Xuân Xưa (Remix),Dương Nhất Linh,BOLERO_TRUTINH,MISSING,NO_VALID_IMAGE_URL,0,0,NONE,0
RMVM_S_cfee4ee0b2,Khát Khao Chiến Thắng,Trần Ngọc Ánh,POP_BALLAD,MISSING,NO_VALID_IMAGE_URL,0,0,NONE,0
RMVM_S_5fead5cd11,Chòm Sao Trên Bầu Trời Nam Thiên Môn,Lee Phú Quý,POP_BALLAD,MISSING,NO_VALID_IMAGE_URL,0,0,NONE,0
RMVM_S_a644371893,Ta Đã Quên Nhau Bao Lâu,Quân A.P,POP_BALLAD,MISSING,NO_VALID_IMAGE_URL,0,0,NONE,0
RMVM_S_506d6db951,Anh Không Tồn Tại Trong Tim Em,Âu Gia Phát,POP_BALLAD,MISSING,NO_VALID_IMAGE_URL,0,0,NONE,0
RMVM_S_d748140c90,Tình yêu không phải trò chơi,Lâm Chấn Huy,POP_BALLAD,MISSING,NO_VALID_IMAGE_URL,0,0,NONE,0
RMVM_S_2ca89e9c10,Cha Bên Con Từng Giây,Đình Bảo,INSTRUMENTAL,MISSING,NO_VALID_IMAGE_URL,0,0,NONE,0
RMVM_S_1ad637fe09,Bầu Trời Của Biển,Thành Đạt,POP_BALLAD,MISSING,NO_VALID_IMAGE_URL,0,0,NONE,0
RMVM_S_7ddf29d10e,Khói Sương Nguyệt Lạnh,"Văn Thiên Nghĩa, Rick",POP_BALLAD,MISSING,NO_VALID_IMAGE_URL,0,0,NONE,0
RMVM_S_08fc0c8c7f,Chiều Buồn Thương Nhớ Mẹ Cha,Huỳnh Nguyễn Công Bằng,BOLERO_TRUTINH,MISSING,NO_VALID_IMAGE_URL,0,0,NONE,0
RMVM_S_b20915d1c9,Cô Ấy Là Ai,NgânT,POP_BALLAD,MISSING,NO_VALID_IMAGE_URL,0,0,NONE,0
RMVM_S_6920723465,Biết Thế Đếch Lấy Chồng,Linh Na,POP_BALLAD,MISSING,NO_VALID_IMAGE_URL,0,0,NONE,0
RMVM_S_d0f3ffc00d,Khi Ta Nằm Xuống,Quách Thành Danh,BOLERO_TRUTINH,MISSING,NO_VALID_IMAGE_URL,0,0,NONE,0
RMVM_S_62ee21727f,Tôi Đam Mê,Minh Bolero,BOLERO_TRUTINH,MISSING,NO_VALID_IMAGE_URL,0,0,NONE,0
RMVM_S_1fd72ff33c,Mười Năm Tái Ngộ,Ân Thiên Vỹ,BOLERO_TRUTINH,MISSING,NO_VALID_IMAGE_URL,0,0,NONE,0
RMVM_S_2973bcf305,Mashup Người Lạ Ơi - Buồn Của Anh,"Đỗ Minh Quân, Ayoo",POP_BALLAD,MISSING,NO_VALID_IMAGE_URL,0,0,NONE,0
RMVM_S_9f09cdbfd3,Thiếu Nhi Thành Phố Bác,Bé Phương Nhi,CHILDREN,MISSING,NO_VALID_IMAGE_URL,0,0,NONE,0
RMVM_S_9cd6e0f972,Asian Beauty / Nét Đẹp Á Đông,Nhiều nghệ sĩ,BOLERO_TRUTINH,MISSING,NO_VALID_IMAGE_URL,0,0,NONE,0
RMVM_S_f171faeeb6,Cố Giữ Được Không,"Nam Anh, NH4T",POP_BALLAD,MISSING,NO_VALID_IMAGE_URL,0,0,NONE,0
RMVM_S_a03d34b27f,Tìm Được Một Nửa Hóa Ra Lại Chưa (Piano Version),Vương Anh Tú,POP_BALLAD,MISSING,NO_VALID_IMAGE_URL,0,0,NONE,0
RMVM_S_f5416c12fa,Này Sao Ơi,Ái Phương,POP_BALLAD,MISSING,NO_VALID_IMAGE_URL,0,0,NONE,0
RMVM_S_f4844211e2,Cánh Diều và Em,Bé Tú Anh,CHILDREN,MISSING,NO_VALID_IMAGE_URL,0,0,NONE,0
RMVM_S_6633f84c44,Đợi Chờ Người Dưng,Cao Thiên Vũ,FOLK_TRADITIONAL,MISSING,NO_VALID_IMAGE_URL,0,0,NONE,0
RMVM_S_0fd99911db,Những Kí Ức Hôm Qua,Vũ Phương,POP_BALLAD,MISSING,NO_VALID_IMAGE_URL,0,0,NONE,0
RMVM_S_1ca0faecb5,Có Tiền Tôi Chẳng Cần Tiên,Phi Bằng,POP_BALLAD,MISSING,NO_VALID_IMAGE_URL,0,0,NONE,0
RMVM_S_f39ab02c30,Anh Cá Bảy Màu,Chân,CHILDREN,MISSING,NO_VALID_IMAGE_URL,0,0,NONE,0
RMVM_S_df27667d80,Cậu Út Chung Tình,Hương Nguyễn,FOLK_TRADITIONAL,MISSING,NO_VALID_IMAGE_URL,0,0,NONE,0
RMVM_S_0baaece342,Niềm Vui Của Cha,Danh Zoram,POP_BALLAD,MISSING,NO_VALID_IMAGE_URL,0,0,NONE,0
RMVM_S_f6583896bf,Chạy Về Khóc Với Anh (Acoustic Version),"ERIK, Nguyễn Phúc Thiện",POP_BALLAD,MISSING,NO_VALID_IMAGE_URL,0,0,NONE,0
RMVM_S_3a5d63f71e,Bài Ca Anh Viết Cho Em (Acoustic Version),Danh Zoram,POP_BALLAD,MISSING,NO_VALID_IMAGE_URL,0,0,NONE,0
RMVM_S_f5fb894e14,Bôn Ba (Nước Ngoài),"Phan Mạnh Quỳnh, Tăng Duy Tân, DươngK",POP_BALLAD,MISSING,NO_VALID_IMAGE_URL,0,0,NONE,0
RMVM_S_f21140573b,Em Không Muốn Mình Cao Thêm Tí Nào Nữa Đâu Nhé,"Hải Sâm, Phan Ngân",POP_BALLAD,MISSING,NO_VALID_IMAGE_URL,0,0,NONE,0
RMVM_S_99a5ddd793,Đừng Lau Nước Mắt Cho Em,Kim Ny Ngọc,POP_BALLAD,MISSING,NO_VALID_IMAGE_URL,0,0,NONE,0
RMVM_S_799ad72702,Dặn Lòng Phải Quên (VisconC X HHD Remix),"TLong, HHD",DANCE_EDM,MISSING,NO_VALID_IMAGE_URL,0,0,NONE,0
RMVM_S_1c90aa156c,Anh Mơ Mình Chia Tay,Bình Minh Vũ,POP_BALLAD,MISSING,NO_VALID_IMAGE_URL,0,0,NONE,0
RMVM_S_ae3704d3ec,Con Đường Mang Tên Em,"Duy Khánh, Hà My",BOLERO_TRUTINH,MISSING,NO_VALID_IMAGE_URL,0,0,NONE,0
RMVM_S_bb83e0b6eb,Giấc Mơ Hồng,AXN,POP_BALLAD,MISSING,NO_VALID_IMAGE_URL,0,0,NONE,0
RMVM_S_53b8a7533d,Thanh Xuân,"Andy Vũ, Phaos, Lăng LD",POP_BALLAD,MISSING,NO_VALID_IMAGE_URL,0,0,NONE,0
RMVM_S_bc0348ccd7,Mệt Chưa Anh Về Đây? (BLUE REMIX),"ZIN MEDIA, Hana Cẩm Tiên",DANCE_EDM,MISSING,NO_VALID_IMAGE_URL,0,0,NONE,0
RMVM_S_b5e0d2fa3a,Đêm Sầu Đời,Hoàng Lâm,BOLERO_TRUTINH,MISSING,NO_VALID_IMAGE_URL,0,0,NONE,0
RMVM_S_889a7c2cc5,Có Nhau Từ Đây,Nguyễn Phi Hùng,POP_BALLAD,MISSING,NO_VALID_IMAGE_URL,0,0,NONE,0
RMVM_S_6cfc327d77,Hãy Một Lần Yêu,Lý Hải,POP_BALLAD,MISSING,NO_VALID_IMAGE_URL,0,0,NONE,0
RMVM_S_be4c3c8fb4,Vầng Trăng Cô Đơn,HA Live,BOLERO_TRUTINH,MISSING,NO_VALID_IMAGE_URL,0,0,NONE,0
RMVM_S_6c97298425,Cảm Ơn Nhà,"Hoàng Dũng, Suni Hạ Linh",POP_BALLAD,MISSING,NO_VALID_IMAGE_URL,0,0,NONE,0
RMVM_S_9bfa547136,Lung Linh Xứ Mường,Vũ Minh Vương,BOLERO_TRUTINH,MISSING,NO_VALID_IMAGE_URL,0,0,NONE,0
RMVM_S_391d3b3ae1,Nói Trước Bước Không Qua (Piano Version),Lynn,POP_BALLAD,MISSING,NO_VALID_IMAGE_URL,0,0,NONE,0
RMVM_S_27db78a11f,Bờ Mộng Mị,Linh Cáo,POP_BALLAD,MISSING,NO_VALID_IMAGE_URL,0,0,NONE,0
RMVM_S_8fed80e96a,Anh Không Quan Trọng Nữa,"Tăng Phúc, Nguyễn Đình Vũ",POP_BALLAD,MISSING,NO_VALID_IMAGE_URL,0,0,NONE,0
RMVM_S_7653f7e262,Mộng Ước Không Thành,Ngọc Sáng,BOLERO_TRUTINH,MISSING,NO_VALID_IMAGE_URL,0,0,NONE,0
RMVM_S_d0c35ccf21,"Tiền Bạc Tựa Như Dao (Parody, Short Version)",Hoàng Hồng Quân,POP_BALLAD,MISSING,NO_VALID_IMAGE_URL,0,0,NONE,0
RMVM_S_f2d5cf0022,Anh mong anh muốn anh là,Tống Gia Vỹ,POP_BALLAD,MISSING,NO_VALID_IMAGE_URL,0,0,NONE,0
RMVM_S_28f7e600d4,Anh Mới Chính Là Người Yêu Em (Remix 2022),Liêu Chấn Hải,DANCE_EDM,MISSING,NO_VALID_IMAGE_URL,0,0,NONE,0
RMVM_S_0e80d7b958,Nỗi Nhớ Còn Đây (Remix),Nhật Tinh Anh,POP_BALLAD,MISSING,NO_VALID_IMAGE_URL,0,0,NONE,0
RMVM_S_482ecf1ffd,Như Một Giấc Mơ,Bình Lee,POP_BALLAD,MISSING,NO_VALID_IMAGE_URL,0,0,NONE,0
RMVM_S_ff768222e7,Khóc Cho Một Cuộc Tình,"BeeBoss, Tuấn Chung",POP_BALLAD,MISSING,NO_VALID_IMAGE_URL,0,0,NONE,0
RMVM_S_5570d1b978,Lỗi Lầm Của Con,Lâm Bảo Phi,BOLERO_TRUTINH,MISSING,NO_VALID_IMAGE_URL,0,0,NONE,0
RMVM_S_8a8fd0a316,Dừng Lại Một Chút Thôi,Trung Nghĩa,POP_BALLAD,MISSING,NO_VALID_IMAGE_URL,0,0,NONE,0
RMVM_S_eaf2d7561d,Cho Con Gọi Tiếng Thiêng Liêng,Phùng Ngọc Huy,BOLERO_TRUTINH,MISSING,NO_VALID_IMAGE_URL,0,0,NONE,0
RMVM_S_fbbff4b9d9,Chơi Vơi Giữa Trời (Remix),"Hoa Xuân Đức, BMZ",DANCE_EDM,MISSING,NO_VALID_IMAGE_URL,0,0,NONE,0
RMVM_S_a254e774e7,Liên Khúc Lạc Mất Mùa Xuân - Lắng Nghe Mùa Xuân Về,OPlus,POP_BALLAD,MISSING,NO_VALID_IMAGE_URL,0,0,NONE,0
RMVM_S_3b5902391e,Dân Ca DJ 2,Bảo Hưng Miền Tây,POP_BALLAD,MISSING,NO_VALID_IMAGE_URL,0,0,NONE,0
RMVM_S_29e5bec2c2,Chiều Về Trên Sông,Tuyết Mai,POP_BALLAD,MISSING,NO_VALID_IMAGE_URL,0,0,NONE,0
RMVM_S_db1fc250f2,Lời Khuyên Của Mẹ,Yến Ly,BOLERO_TRUTINH,MISSING,NO_VALID_IMAGE_URL,0,0,NONE,0
RMVM_S_4051349fe4,Chuyến Tàu Của Thanh Xuân,Xuân Định K.Y,POP_BALLAD,MISSING,NO_VALID_IMAGE_URL,0,0,NONE,0
RMVM_S_250d34e547,Duyên Mỏng Nợ Cũng Chẳng Sâu,Trần Mỹ Ngọc,POP_BALLAD,MISSING,NO_VALID_IMAGE_URL,0,0,NONE,0
RMVM_S_a8774ed43e,Giai Điệu Tổ Quốc,Dòng Thời Gian,REVOLUTIONARY,MISSING,NO_VALID_IMAGE_URL,0,0,NONE,0
RMVM_S_cbf59a5107,Anh Và Em Hai Thế Giới,Khánh Phương,POP_BALLAD,MISSING,NO_VALID_IMAGE_URL,0,0,NONE,0
RMVM_S_bd0f95006d,Vắng Em Trong Đời 2,Chí Thành Danh,POP_BALLAD,MISSING,NO_VALID_IMAGE_URL,0,0,NONE,0
RMVM_S_565c9beb3f,Hè Muộn,"Bằng Kiều, Lâm Chí Thành",POP_BALLAD,MISSING,NO_VALID_IMAGE_URL,0,0,NONE,0
RMVM_S_57fb73649c,Chỉ Khi Anh Một Mình,"Vũ Duy Khánh, Đạt G",POP_BALLAD,MISSING,NO_VALID_IMAGE_URL,0,0,NONE,0
RMVM_S_3d1eac3dfb,"Khó Có Được Người (From ""Dickson Acoustic"")",DICKSON,POP_BALLAD,MISSING,NO_VALID_IMAGE_URL,0,0,NONE,0
RMVM_S_a3cc063828,Ánh Trăng Tình Bạn,Bé Diệu Anh,CHILDREN,MISSING,NO_VALID_IMAGE_URL,0,0,NONE,0
RMVM_S_c25b56a67c,Không Phải Anh,Bạch Công Khanh,POP_BALLAD,MISSING,NO_VALID_IMAGE_URL,0,0,NONE,0
RMVM_S_ff926445fa,Yêu Đến Thế Sao,Huyền Zoe,POP_BALLAD,MISSING,NO_VALID_IMAGE_URL,0,0,NONE,0
RMVM_S_c70b7d4b3b,Anh Luôn Tin,Khánh Phương,POP_BALLAD,MISSING,NO_VALID_IMAGE_URL,0,0,NONE,0
RMVM_S_cfbe9b935b,Khi Người Mình Yêu Khóc 2 (Vinz x Hải Nam Remix),"Exclusive Music, Phan Mạnh Quỳnh",POP_BALLAD,MISSING,NO_VALID_IMAGE_URL,0,0,NONE,0
RMVM_S_97d69e3ed0,Bao Giờ Hết Nợ Đời (Rumba),"Mai Tiến Đạt, CT",POP_BALLAD,MISSING,NO_VALID_IMAGE_URL,0,0,NONE,0
RMVM_S_478db4f351,Mất điện,Nam Thế Giới,ROCK,MISSING,NO_VALID_IMAGE_URL,0,0,NONE,0
RMVM_S_51876df61f,Anh Không Tồn Tại (Beat),Hồ Việt Trung,POP_BALLAD,MISSING,NO_VALID_IMAGE_URL,0,0,NONE,0
RMVM_S_a4faddbb4c,Nỗi Buồn Người Con Gái (Remix),Cường Anh,DANCE_EDM,MISSING,NO_VALID_IMAGE_URL,0,0,NONE,0
RMVM_S_d99ce4daa0,"LK Nhớ Nhau Hoài, Cho Người Vào Cuộc Chiến","Cao Hồng Hữu, Hồng Phượng",BOLERO_TRUTINH,MISSING,NO_VALID_IMAGE_URL,0,0,NONE,0
RMVM_S_a6bb1d9f02,Em Cần Tiền Anh Cần Tình,Dương Minh Kiệt,POP_BALLAD,MISSING,NO_VALID_IMAGE_URL,0,0,NONE,0
RMVM_S_2422da5c70,Anh Kết Em Rồi,"Hồng Thanh, DJ Mie",POP_BALLAD,MISSING,NO_VALID_IMAGE_URL,0,0,NONE,0
RMVM_S_9151a170a4,Gặp Mẹ Trong Mơ,Thương Nguyễn,BOLERO_TRUTINH,MISSING,NO_VALID_IMAGE_URL,0,0,NONE,0
RMVM_S_d9812026df,Ai Lấy Đi Hoàng Hôn,Lê Tiến,POP_BALLAD,MISSING,NO_VALID_IMAGE_URL,0,0,NONE,0
RMVM_S_ff3b59992c,Cưới Em Thôi,"Tracy Thảo My, YuniBoo",POP_BALLAD,MISSING,NO_VALID_IMAGE_URL,0,0,NONE,0
RMVM_S_02441c8ac5,Nhân Duyên Do Trời,Barry Nam Bảo,POP_BALLAD,MISSING,NO_VALID_IMAGE_URL,0,0,NONE,0
RMVM_S_0342fafc82,Cơm Đoàn Viên,Hồ Nhật Huy,POP_BALLAD,MISSING,NO_VALID_IMAGE_URL,0,0,NONE,0
RMVM_S_b3610e7410,Thị Trấn Mù Sương,Phi Nhung,INSTRUMENTAL,MISSING,NO_VALID_IMAGE_URL,0,0,NONE,0
RMVM_S_c912656f10,LK Lại Nhớ Người Yêu & Ước Mộng Ðôi Ta,"Mạnh Quỳnh, Phi Nhung",POP_BALLAD,MISSING,NO_VALID_IMAGE_URL,0,0,NONE,0
RMVM_S_cb38c62fdb,Chúng Ta Sinh Ra Là Của Nhau,Phong Huy,POP_BALLAD,MISSING,NO_VALID_IMAGE_URL,0,0,NONE,0
RMVM_S_1209950bb2,Cô Út Củ Chi,Bé Mai Vy,CHILDREN,MISSING,NO_VALID_IMAGE_URL,0,0,NONE,0
RMVM_S_01fcc36cc7,Trở Về Cát Bụi,Chế Thanh,BOLERO_TRUTINH,MISSING,NO_VALID_IMAGE_URL,0,0,NONE,0
RMVM_S_a1cfe9d561,Cô Đơn Giữa Lòng Thành Phố,"Green, Andrea",POP_BALLAD,MISSING,NO_VALID_IMAGE_URL,0,0,NONE,0
RMVM_S_e288e328d3,Mùa Xuân Em Hát,Bé Nhã Kỳ,POP_BALLAD,MISSING,NO_VALID_IMAGE_URL,0,0,NONE,0
RMVM_S_b1f508ab9c,Gánh Cả Thế Giới Để Yêu Em,Hồ Quốc Việt,POP_BALLAD,MISSING,NO_VALID_IMAGE_URL,0,0,NONE,0
RMVM_S_449b5c30a8,Tết Là Đây Chứ Đâu,"Orange, Seachains",POP_BALLAD,MISSING,NO_VALID_IMAGE_URL,0,0,NONE,0
RMVM_S_10679b3afc,Giữ Cho Em Một Thế Giới,TRANG,POP_BALLAD,MISSING,NO_VALID_IMAGE_URL,0,0,NONE,0
RMVM_S_a475b3dc2d,Cánh Sen Cô Độc?,Ngọc Mai,POP_BALLAD,MISSING,NO_VALID_IMAGE_URL,0,0,NONE,0
RMVM_S_583fc0ee32,Cô Dạy Bé Bài Học Giao Thông,Bé Phương Nhi,CHILDREN,MISSING,NO_VALID_IMAGE_URL,0,0,NONE,0
RMVM_S_3ed46e7627,Thao Thức Vì Em - Xin Gọi Nhau Là Cố Nhân (Live),Đăng Nguyên,BOLERO_TRUTINH,MISSING,NO_VALID_IMAGE_URL,0,0,NONE,0
RMVM_S_eff62cd2db,Em Giờ Sao,Khu Đình,POP_BALLAD,MISSING,NO_VALID_IMAGE_URL,0,0,NONE,0
RMVM_S_721cf2c8ce,Thương Lắm Mình Ơi,Thiêng Ngân,BOLERO_TRUTINH,MISSING,NO_VALID_IMAGE_URL,0,0,NONE,0
RMVM_S_3a80817f5c,Em Đã Làm Gì Sai,Kevin Đinh Kiệt,POP_BALLAD,MISSING,NO_VALID_IMAGE_URL,0,0,NONE,0
RMVM_S_eb7f3acba1,Chưa Bắt Đầu Sao Kết Thúc,Minh Tài,POP_BALLAD,MISSING,NO_VALID_IMAGE_URL,0,0,NONE,0
RMVM_S_24629463de,Đừng Khóc Sau Lưng Anh,Đinh Kiến Phong,RAP_HIPHOP,MISSING,NO_VALID_IMAGE_URL,0,0,NONE,0
RMVM_S_f27ea0e86e,Điều Đó Là Vì Em,"KindyA, KaWaiiBi",RAP_HIPHOP,MISSING,NO_VALID_IMAGE_URL,0,0,NONE,0
RMVM_S_991ed9ea75,Anh Chẳng Sao Mà (Remix),Khang Việt,POP_BALLAD,MISSING,NO_VALID_IMAGE_URL,0,0,NONE,0
RMVM_S_6717d858c8,Cánh Diều Tàn Phai,"Nam Hee, Phạm Sắc Lệnh, LQ MEDIA",POP_BALLAD,MISSING,NO_VALID_IMAGE_URL,0,0,NONE,0
RMVM_S_f5388751ef,1 tháng nhung nhớ,"Pay, Lazii",POP_BALLAD,MISSING,NO_VALID_IMAGE_URL,0,0,NONE,0
RMVM_S_fec71bc238,Nhớ Anh Nhiều (Remix),Saka Trương Tuyền,POP_BALLAD,MISSING,NO_VALID_IMAGE_URL,0,0,NONE,0
RMVM_S_f4e49d9731,Ba Tập Em Bơi,Kiến Thành,CHILDREN,MISSING,NO_VALID_IMAGE_URL,0,0,NONE,0
RMVM_S_b6092373ed,Cô Liêu (BLUE REMIX),"ZIN MEDIA, Phạm Sắc Lệnh",DANCE_EDM,MISSING,NO_VALID_IMAGE_URL,0,0,NONE,0
RMVM_S_ff40c53793,Đừng Vội Vàng Đổi Thay,Cao Tùng Anh,POP_BALLAD,MISSING,NO_VALID_IMAGE_URL,0,0,NONE,0
RMVM_S_5d024d32c7,Mời Em Về Thăm Xứ Dừa,Lâm Hoài Phong,BOLERO_TRUTINH,MISSING,NO_VALID_IMAGE_URL,0,0,NONE,0
RMVM_S_c8ea8ffe41,Đau Thương Chỉ Vì Em,Huy Lê,POP_BALLAD,MISSING,NO_VALID_IMAGE_URL,0,0,NONE,0
RMVM_S_2403836551,Ngựa Ô Thương Nhớ,Phi Nhung,INSTRUMENTAL,MISSING,NO_VALID_IMAGE_URL,0,0,NONE,0
RMVM_S_6a5f052619,052 (Không Phai 2),Tăng Duy Tân,POP_BALLAD,MISSING,NO_VALID_IMAGE_URL,0,0,NONE,0
RMVM_S_e2da9df7ec,Hạnh Phúc Nào Đợi Ta,Phúc Anh,POP_BALLAD,MISSING,NO_VALID_IMAGE_URL,0,0,NONE,0
RMVM_S_e08f01717c,Bến Đợi Chờ Ai,Hoàng Lâm,POP_BALLAD,MISSING,NO_VALID_IMAGE_URL,0,0,NONE,0
RMVM_S_ccd41935a7,Em Về Miệt Thứ,Bảo Hân Bolero,BOLERO_TRUTINH,MISSING,NO_VALID_IMAGE_URL,0,0,NONE,0
RMVM_S_e5f82a7418,Còn Nghe Những Ngày Mưa,"Vu Minh Duc, Duy Long",POP_BALLAD,MISSING,NO_VALID_IMAGE_URL,0,0,NONE,0
RMVM_S_05c3554a90,Anh Có Về Đây Với Em (Remix),Saka Trương Tuyền,POP_BALLAD,MISSING,NO_VALID_IMAGE_URL,0,0,NONE,0
RMVM_S_4094e790be,Quá Nhiều Vết Thương (Prod. Hải Ma),Double2T,POP_BALLAD,MISSING,NO_VALID_IMAGE_URL,0,0,NONE,0
RMVM_S_fb43f11537,Điều Hiển Nhiên,Phạm Anh Tuấn,POP_BALLAD,MISSING,NO_VALID_IMAGE_URL,0,0,NONE,0
RMVM_S_9490a41a1a,Bông Hồng Gai (Beat),"VIET, XAN",POP_BALLAD,MISSING,NO_VALID_IMAGE_URL,0,0,NONE,0
RMVM_S_61b3f53c94,Chỉ xem như một giấc mơ,Chu Bin,POP_BALLAD,MISSING,NO_VALID_IMAGE_URL,0,0,NONE,0
RMVM_S_75b0ce9c91,Không Lấy Chồng Đâu,"YuniBoo, Tracy Thảo My",POP_BALLAD,MISSING,NO_VALID_IMAGE_URL,0,0,NONE,0
RMVM_S_78ccd7896a,Đừng Như Người Dưng Lofi (# 2),Nhật Phong,POP_BALLAD,MISSING,NO_VALID_IMAGE_URL,0,0,NONE,0
RMVM_S_51aac4575a,Liên Khúc Chiều Sân Ga,"Hồng Phượng, Huỳnh Thật",POP_BALLAD,MISSING,NO_VALID_IMAGE_URL,0,0,NONE,0
RMVM_S_c6be9233fe,Một Đời Tan Vỡ,Khánh Hà,INSTRUMENTAL,MISSING,NO_VALID_IMAGE_URL,0,0,NONE,0
RMVM_S_d612b75b22,Đường Về Hai Thôn,"Phan Hoàng Oanh, Hoàng Việt Trang",BOLERO_TRUTINH,MISSING,NO_VALID_IMAGE_URL,0,0,NONE,0
RMVM_S_830f89be7b,Túp Lều Lý Tưởng,"Lương Gia Huy, Nhật Kim Anh",POP_BALLAD,MISSING,NO_VALID_IMAGE_URL,0,0,NONE,0
RMVM_S_d40ec08de2,Chút Tâm Sự Người Đàn Ông,"Vũ Hoàng, Thạch Thảo",BOLERO_TRUTINH,MISSING,NO_VALID_IMAGE_URL,0,0,NONE,0
RMVM_S_9941cb86fd,Chẳng Ai Trân Trọng Tình Yêu,Gia Quý,POP_BALLAD,MISSING,NO_VALID_IMAGE_URL,0,0,NONE,0
RMVM_S_eaf7a9fec2,Người Hãy Quên Em Đi (Remix),Thanh Hương,POP_BALLAD,MISSING,NO_VALID_IMAGE_URL,0,0,NONE,0
RMVM_S_9c192abf17,Người Em Từng Yêu (Nam Milo Remix),Ngân Ngân,DANCE_EDM,MISSING,NO_VALID_IMAGE_URL,0,0,NONE,0
RMVM_S_83a43b8d00,Con Đường Tình Yêu,Daa Major,POP_BALLAD,MISSING,NO_VALID_IMAGE_URL,0,0,NONE,0
RMVM_S_4b95c996be,Vì Anh Còn Quá Yêu Em,Ưng Đại Vệ,POP_BALLAD,MISSING,NO_VALID_IMAGE_URL,0,0,NONE,0
RMVM_S_f5a1a95882,Gửi Về Anh,"Duy Trường, Quỳnh Dung",INSTRUMENTAL,MISSING,NO_VALID_IMAGE_URL,0,0,NONE,0
RMVM_S_7b17551662,Bán Thanh Xuân,"Quang Hảo, LQ MEDIA",POP_BALLAD,MISSING,NO_VALID_IMAGE_URL,0,0,NONE,0
RMVM_S_0077441450,Hoài Cảm,"Bằng Kiều, Thiên Tôn, Đình Bảo",INSTRUMENTAL,MISSING,NO_VALID_IMAGE_URL,0,0,NONE,0
RMVM_S_45cfc84c63,Trong Gió Có Đám Mây Làm Từ Mưa,Lee Phú Quý,POP_BALLAD,MISSING,NO_VALID_IMAGE_URL,0,0,NONE,0
RMVM_S_901042e0a5,Ai Cũng Có Một Mối Tình Buồn (Lofi),"Vicky Nhung, Ngọc Mai",POP_BALLAD,MISSING,NO_VALID_IMAGE_URL,0,0,NONE,0
RMVM_S_2a8188cd79,"LK Khắc Khoải, Về Lại Cõi Sầu, Chơi Vơi (Live)","Diệu Hương, Don Hồ, Thanh Hà",BOLERO_TRUTINH,MISSING,NO_VALID_IMAGE_URL,0,0,NONE,0
RMVM_S_61b1cc87f7,Biệt Khúc Tương Tư,Phùng Ngọc Huy,POP_BALLAD,MISSING,NO_VALID_IMAGE_URL,0,0,NONE,0
RMVM_S_c917751947,Con Gái Miền Trung,Cáp Anh Tài,POP_BALLAD,MISSING,NO_VALID_IMAGE_URL,0,0,NONE,0
RMVM_S_6ffa23c948,Ngày Anh Khóc,Khánh Cường,POP_BALLAD,MISSING,NO_VALID_IMAGE_URL,0,0,NONE,0
RMVM_S_e5b59b8138,Người Dưng Nước Lã,Nguyễn Vĩ,POP_BALLAD,MISSING,NO_VALID_IMAGE_URL,0,0,NONE,0
RMVM_S_a92aba8dc5,Nhường Em Cho Người Tốt Hơn,Nguyễn Chí Tâm,POP_BALLAD,MISSING,NO_VALID_IMAGE_URL,0,0,NONE,0
RMVM_S_faab630e80,Y.Ê.U (Acoustic Version),MIN,POP_BALLAD,MISSING,NO_VALID_IMAGE_URL,0,0,NONE,0
RMVM_S_2c36083637,Cô Bé Có Chiếc Răng Khểnh,Trường Kha,BOLERO_TRUTINH,MISSING,NO_VALID_IMAGE_URL,0,0,NONE,0
RMVM_S_0cc24bb5b1,Happy Birthday Tuổi Mới,Nhật Kim Anh,POP_BALLAD,MISSING,NO_VALID_IMAGE_URL,0,0,NONE,0
RMVM_S_07e67e9de4,Mashup Vì Sao Trong Lòng Tôi – Những Lời Dối Gian (Live Version),"Khải Đăng, Orange",POP_BALLAD,MISSING,NO_VALID_IMAGE_URL,0,0,NONE,0
RMVM_S_22d9cea990,Chẳng Còn Những Ngày Ấy,"Vinz, Huy Hiếu",POP_BALLAD,MISSING,NO_VALID_IMAGE_URL,0,0,NONE,0
RMVM_S_4b6664c1b3,Bến Bờ Cho Con,Vy Oanh,POP_BALLAD,MISSING,NO_VALID_IMAGE_URL,0,0,NONE,0
RMVM_S_06dcbbd505,Em Muốn Ăn Gì?,"OSAD, MIN",POP_BALLAD,MISSING,NO_VALID_IMAGE_URL,0,0,NONE,0
RMVM_S_a9019b5de7,Đau Đến Nghẹn Lời,Trung Tự,POP_BALLAD,MISSING,NO_VALID_IMAGE_URL,0,0,NONE,0
RMVM_S_b9d78c071b,Liên Khúc Đám Cưới Trên Đường Quê Hương – Rước Tình Về Với Quê Hương,Đình Phước,BOLERO_TRUTINH,MISSING,NO_VALID_IMAGE_URL,0,0,NONE,0
RMVM_S_660c8a67d2,Thất Tình (DJ Minh Anh Remix),Trịnh Đình Quang,DANCE_EDM,MISSING,NO_VALID_IMAGE_URL,0,0,NONE,0
RMVM_S_f48f841c66,Bất Ngờ Em Buông Tay (Vinahouse),"Châu Khải Phong, Anh Thi",DANCE_EDM,MISSING,NO_VALID_IMAGE_URL,0,0,NONE,0
RMVM_S_4821bd8dfd,Ngày Nắng Đẹp,DANHKA,RAP_HIPHOP,MISSING,NO_VALID_IMAGE_URL,0,0,NONE,0
RMVM_S_0604572bac,Gặp Em Người Yêu Cũ,Mạnh Hakyno,POP_BALLAD,MISSING,NO_VALID_IMAGE_URL,0,0,NONE,0
RMVM_S_0857abb679,CHUYỆN HOA SIM (LOFI VERSION),Bùi Phi Long,BOLERO_TRUTINH,MISSING,NO_VALID_IMAGE_URL,0,0,NONE,0
RMVM_S_b5cc3fcaae,Chẳng Sao Cả,"Cao Thái Sơn, Đông Thiên Đức",POP_BALLAD,MISSING,NO_VALID_IMAGE_URL,0,0,NONE,0
RMVM_S_d59bfa2c6c,ĐÊM GÀNH HÀO NGHE ĐIỆU HOÀI LANG (LOFI VERSION,"Bùi Phi Long, Trần Duy Đào",BOLERO_TRUTINH,MISSING,NO_VALID_IMAGE_URL,0,0,NONE,0
RMVM_S_f5d24495ee,Đám Cưới Quê Tôi,Lý Kiến Hào,BOLERO_TRUTINH,MISSING,NO_VALID_IMAGE_URL,0,0,NONE,0
RMVM_S_5117bc57c1,Liên Khúc Bốn Mùa,OPlus,POP_BALLAD,MISSING,NO_VALID_IMAGE_URL,0,0,NONE,0
RMVM_S_9ad6222090,Hãy Xem Là Giấc Mơ 2,Chu Bin,POP_BALLAD,MISSING,NO_VALID_IMAGE_URL,0,0,NONE,0
RMVM_S_82f3db9305,Còn Lại Nhớ Thương,Tú Quyên,INSTRUMENTAL,MISSING,NO_VALID_IMAGE_URL,0,0,NONE,0
RMVM_S_dcd48d068c,Nhưng Anh Vẫn Yêu Em (Remix),Phạm Đình Thái Ngân,POP_BALLAD,MISSING,NO_VALID_IMAGE_URL,0,0,NONE,0
RMVM_S_86f62f3823,Em Đã Thương Người Ta Hơn Anh,Noo Phước Thịnh,POP_BALLAD,MISSING,NO_VALID_IMAGE_URL,0,0,NONE,0
RMVM_S_2d8ccd9678,Cô Gái Mù,Bức Tường,ROCK,MISSING,NO_VALID_IMAGE_URL,0,0,NONE,0
RMVM_S_5413b6bda8,Em Đang Ở Đâu Đấy (Cover),Thái Quỳnh,POP_BALLAD,MISSING,NO_VALID_IMAGE_URL,0,0,NONE,0
RMVM_S_ce6b2daf74,Mong Một Ngày Anh Nhớ Đến Em (Disco),"BeeBoss, Châu Ngọc Lan",POP_BALLAD,MISSING,NO_VALID_IMAGE_URL,0,0,NONE,0
RMVM_S_b77d98d75a,Bỗng Dưng Yêu Em (Vinahouse),Chu Duyên,DANCE_EDM,MISSING,NO_VALID_IMAGE_URL,0,0,NONE,0
RMVM_S_aecb230f52,Anh Vẫn Hy Vọng (Cương Thi Biến OST),Andiez,POP_BALLAD,MISSING,NO_VALID_IMAGE_URL,0,0,NONE,0
RMVM_S_45c7b4688c,Bến Không Đò,Nana Liu,POP_BALLAD,MISSING,NO_VALID_IMAGE_URL,0,0,NONE,0
RMVM_S_f788043e1d,Cô Gái Pako Con Gái Bác Hồ,Dương Hồng Loan,BOLERO_TRUTINH,MISSING,NO_VALID_IMAGE_URL,0,0,NONE,0
RMVM_S_7a3289a6ce,MỘNG YU,"AMEE, MCK",POP_BALLAD,MISSING,NO_VALID_IMAGE_URL,0,0,NONE,0
RMVM_S_bc62d33448,Biết Yêu Thật Nhiều,"Sean, Lemese",POP_BALLAD,MISSING,NO_VALID_IMAGE_URL,0,0,NONE,0
RMVM_S_b230f601ce,Và Ngày Nào Đó,Đỗ Thị Quỳnh Trân,POP_BALLAD,MISSING,NO_VALID_IMAGE_URL,0,0,NONE,0
RMVM_S_d5ebf8681b,Sao Em Nỡ Lừa Dối Anh,Tâm Đức Tài,POP_BALLAD,MISSING,NO_VALID_IMAGE_URL,0,0,NONE,0
RMVM_S_00f8350052,Em Hạnh Phúc Không,Khánh Đơn,POP_BALLAD,MISSING,NO_VALID_IMAGE_URL,0,0,NONE,0
RMVM_S_19a7be7e2b,Điệu Ru Nước Mắt (Live),Carol Kim,BOLERO_TRUTINH,MISSING,NO_VALID_IMAGE_URL,0,0,NONE,0
RMVM_S_90e46095f7,Em Của Kỷ Niệm,Diệp Thanh Phong,POP_BALLAD,MISSING,NO_VALID_IMAGE_URL,0,0,NONE,0
RMVM_S_b075f7463c,Cơn Mê Tình Ái,Bảo Hân Bolero,BOLERO_TRUTINH,MISSING,NO_VALID_IMAGE_URL,0,0,NONE,0
RMVM_S_f8f7bea8fe,Cho Nhau Một Lời Hứa (Remix),"Luny Vũ Duy Anh, Luny, Quang Hùng MasterD",POP_BALLAD,MISSING,NO_VALID_IMAGE_URL,0,0,NONE,0
RMVM_S_d20f9b58e5,Hỡi Tình Nào Hay,Thành Anh Tú T.A.T,POP_BALLAD,MISSING,NO_VALID_IMAGE_URL,0,0,NONE,0
RMVM_S_a9929adac5,Huyết Nguyệt,"CM1X, Alice, Roki",POP_BALLAD,MISSING,NO_VALID_IMAGE_URL,0,0,NONE,0
RMVM_S_fb1d032aef,Bắc Ninh - Kinh Bắc (Chương Trình Nghệ Thuật Chào Mừng Thành Phố Từ Sơn),Trọng Tấn,POP_BALLAD,MISSING,NO_VALID_IMAGE_URL,0,0,NONE,0
RMVM_S_e2a87114e9,Miền Trung Thương Nhớ,Vân Khánh,BOLERO_TRUTINH,MISSING,NO_VALID_IMAGE_URL,0,0,NONE,0
RMVM_S_aae5487138,Tình Vô Vọng,Việt Nhân,BOLERO_TRUTINH,MISSING,NO_VALID_IMAGE_URL,0,0,NONE,0
RMVM_S_a53041ed1d,Liên Khúc: Thương Nhau Ngày Mưa - Tình Khúc Chiều Mưa,Đình Phước,BOLERO_TRUTINH,MISSING,NO_VALID_IMAGE_URL,0,0,NONE,0
RMVM_S_a614d14fce,Ai Thật Lòng Thương Anh,Linh Rin,POP_BALLAD,MISSING,NO_VALID_IMAGE_URL,0,0,NONE,0
RMVM_S_14c98cba0f,Chờ Mong 2,Đức Hati,POP_BALLAD,MISSING,NO_VALID_IMAGE_URL,0,0,NONE,0
RMVM_S_76dcfc947f,Khi Chuyển Đông,Vinh Trần Bảo Lê,POP_BALLAD,MISSING,NO_VALID_IMAGE_URL,0,0,NONE,0
RMVM_S_aa847bf73a,Anh Ba Ngố Miền Tây,"Đan Trường, Tin Tin",FOLK_TRADITIONAL,MISSING,NO_VALID_IMAGE_URL,0,0,NONE,0
RMVM_S_5b800ca74d,Anh Vẫn Không (Remix) (Thời Không Sai Lệch),Vĩnh Thuyên Kim,POP_BALLAD,MISSING,NO_VALID_IMAGE_URL,0,0,NONE,0
RMVM_S_395b704646,Cao Bằng Thân Yêu,Minh Đức,BOLERO_TRUTINH,MISSING,NO_VALID_IMAGE_URL,0,0,NONE,0
RMVM_S_e6e68c25a5,Bến Xưa Vẫn Chờ,Minh Luân,FOLK_TRADITIONAL,MISSING,NO_VALID_IMAGE_URL,0,0,NONE,0
RMVM_S_6550c0980e,Liên Khúc Tình Yêu 2,"Thanh Ngân, Nguyên Vũ, Trương Nguyên",BOLERO_TRUTINH,MISSING,NO_VALID_IMAGE_URL,0,0,NONE,0
RMVM_S_3d2a7548eb,Yêu Là Đau Mà Đau Để Được Yêu,Sarah Lê,POP_BALLAD,MISSING,NO_VALID_IMAGE_URL,0,0,NONE,0
RMVM_S_4f84a91c53,Ăn Năn Muộn Màng,Lâm Vũ,POP_BALLAD,MISSING,NO_VALID_IMAGE_URL,0,0,NONE,0
RMVM_S_6b90ba16ff,Phận Đời Ca Sĩ,Vũ Hoàng,BOLERO_TRUTINH,MISSING,NO_VALID_IMAGE_URL,0,0,NONE,0
RMVM_S_891d962f5d,Đợi Bao Lâu Không Đáng Sợ,Trang Thiên,POP_BALLAD,MISSING,NO_VALID_IMAGE_URL,0,0,NONE,0
RMVM_S_e9e8d82029,Dạ Cổ Hoài Lang (Live),Hương Thủy,FOLK_TRADITIONAL,MISSING,NO_VALID_IMAGE_URL,0,0,NONE,0
RMVM_S_bfb8d700b1,Anh Làm Tất Cả Vì,"Nguyên, $eth",POP_BALLAD,MISSING,NO_VALID_IMAGE_URL,0,0,NONE,0
RMVM_S_52e66af886,Đừng Hỏi Vì Sao Tôi Nhớ Người Remake ̣(Tình Yêu Còn Xa 2),Phương Phương Thảo,POP_BALLAD,MISSING,NO_VALID_IMAGE_URL,0,0,NONE,0
RMVM_S_3f16d162da,Góc Quê Hương,Quốc Đại,BOLERO_TRUTINH,MISSING,NO_VALID_IMAGE_URL,0,0,NONE,0
RMVM_S_e3215120c8,Kết Thúc Một Cuộc Tình (Phi Nguyễn Remix),Cao Nam Thành,POP_BALLAD,MISSING,NO_VALID_IMAGE_URL,0,0,NONE,0
RMVM_S_ca215d04db,Đối Diện Ngày Mất Em,Đào Duy Quý,POP_BALLAD,MISSING,NO_VALID_IMAGE_URL,0,0,NONE,0
RMVM_S_9cb1ed089d,Bí Mật Của Anh,Khánh My,POP_BALLAD,MISSING,NO_VALID_IMAGE_URL,0,0,NONE,0
RMVM_S_63eaf4f0ab,Gửi Em Mối Tình Đầu,GiGun,POP_BALLAD,MISSING,NO_VALID_IMAGE_URL,0,0,NONE,0
RMVM_S_2ac3e6754e,Định Mệnh,Đoàn Việt Phương,BOLERO_TRUTINH,MISSING,NO_VALID_IMAGE_URL,0,0,NONE,0
RMVM_S_5fa339b6e1,Chỉ Hai Đứa Mình Thôi,Bảo Hân Bolero,BOLERO_TRUTINH,MISSING,NO_VALID_IMAGE_URL,0,0,NONE,0
RMVM_S_7fc3b89689,Cho Em X Đôi Mắt,Thiên Minh,POP_BALLAD,MISSING,NO_VALID_IMAGE_URL,0,0,NONE,0
RMVM_S_ce056e841e,Nguyện Ước Mùa Xuân (Acapella),"MTV band, Lân Nhã",POP_BALLAD,MISSING,NO_VALID_IMAGE_URL,0,0,NONE,0
RMVM_S_6a2e381bfb,Đừng Yêu Ai Quá Nhiều,"LEO, ZuongZeroEnt",POP_BALLAD,MISSING,NO_VALID_IMAGE_URL,0,0,NONE,0
RMVM_S_2c4dbeec3b,Anh Mãi Yêu Em,Bằng Kiều,POP_BALLAD,MISSING,NO_VALID_IMAGE_URL,0,0,NONE,0
RMVM_S_e350ec4b45,Có Chàng Trai Viết Lên Cây (Mắt Biếc OST),Nhiều nghệ sĩ,POP_BALLAD,MISSING,NO_VALID_IMAGE_URL,0,0,NONE,0
RMVM_S_ec60edf967,Chú Bộ Đội Trường Sa,Bé Trang Thư,CHILDREN,MISSING,NO_VALID_IMAGE_URL,0,0,NONE,0
RMVM_S_9d6ba5dba7,"Hè, Chợt Về Chí Linh? (Beat)","Trần Minh Tiến, Cao Tuấn Anh",POP_BALLAD,MISSING,NO_VALID_IMAGE_URL,0,0,NONE,0
RMVM_S_7d1f578fdb,Con Mến,"Sino, Wikey",POP_BALLAD,MISSING,NO_VALID_IMAGE_URL,0,0,NONE,0
RMVM_S_6a006c4f4f,Anh Say Rồi,Bùi Vĩnh Phúc,POP_BALLAD,MISSING,NO_VALID_IMAGE_URL,0,0,NONE,0
RMVM_S_98a5b220ab,Con Đò Lỡ Hẹn,Bảo Hân Bolero,BOLERO_TRUTINH,MISSING,NO_VALID_IMAGE_URL,0,0,NONE,0
RMVM_S_c2e62ba3d8,Khi Cơn Mưa Nhẹ Rơi,"Minh Huy, Pjnboys",RB_SOUL,MISSING,NO_VALID_IMAGE_URL,0,0,NONE,0
RMVM_S_5d45579040,Mùa Hè Không Độ,"NICKY, Han Sara",POP_BALLAD,MISSING,NO_VALID_IMAGE_URL,0,0,NONE,0
RMVM_S_bfc5e335c6,Con Đường Xưa Em Đi (Disco),"Anh Thư, CT",BOLERO_TRUTINH,MISSING,NO_VALID_IMAGE_URL,0,0,NONE,0
RMVM_S_d37e543f3f,Ngỡ (Ballad),Ngân Ngân,POP_BALLAD,MISSING,NO_VALID_IMAGE_URL,0,0,NONE,0
RMVM_S_317ee457d9,Đó Là Chuyện Của Anh,Trịnh Đình Quang,POP_BALLAD,MISSING,NO_VALID_IMAGE_URL,0,0,NONE,0
RMVM_S_43a3b06a17,Mình Anh Thôi,Kuun Đức Nam,POP_BALLAD,MISSING,NO_VALID_IMAGE_URL,0,0,NONE,0
RMVM_S_ab4cd88a80,Muốn Có Em,Trương Gia Thịnh,POP_BALLAD,MISSING,NO_VALID_IMAGE_URL,0,0,NONE,0
RMVM_S_1e1250c0d3,Chẳng Thể Giữ Lại,Chung Thanh Duy,POP_BALLAD,MISSING,NO_VALID_IMAGE_URL,0,0,NONE,0
RMVM_S_e75648204b,Rời Xa Để Trưởng Thành,Duy Zuno,POP_BALLAD,MISSING,NO_VALID_IMAGE_URL,0,0,NONE,0
RMVM_S_db0b50fe64,Cái Gì Của Mình Sẽ Là Của Mình,Bùi Vĩnh Phúc,POP_BALLAD,MISSING,NO_VALID_IMAGE_URL,0,0,NONE,0
RMVM_S_f0286ee514,Cách Xa Nhau Rồi,"YuniBoo, Út Nhị Mino, BD Media",POP_BALLAD,MISSING,NO_VALID_IMAGE_URL,0,0,NONE,0
RMVM_S_7eb8d6c378,Chiều Mưa Vĩ Dạ,Vân Khánh,FOLK_TRADITIONAL,MISSING,NO_VALID_IMAGE_URL,0,0,NONE,0
RMVM_S_9e1fd52f0c,Giấc Mơ Một Cuộc Tình,Dương 565,POP_BALLAD,MISSING,NO_VALID_IMAGE_URL,0,0,NONE,0
RMVM_S_6ec13d1dec,Anh Không Theo Đuổi Em Nữa,Thanh Duy,POP_BALLAD,MISSING,NO_VALID_IMAGE_URL,0,0,NONE,0
RMVM_S_d2ced015d5,Có Những Niềm Riêng,Quang Dũng,BOLERO_TRUTINH,MISSING,NO_VALID_IMAGE_URL,0,0,NONE,0
RMVM_S_2cb0923149,Nghe Như Tình Yêu,HIEUTHUHAI,POP_BALLAD,MISSING,NO_VALID_IMAGE_URL,0,0,NONE,0
RMVM_S_000705de34,Cho Anh Một Điều Ước,"Hoàng Tôn, LK",POP_BALLAD,MISSING,NO_VALID_IMAGE_URL,0,0,NONE,0
RMVM_S_04eabd6276,Ra Ngõ Mà Yêu,Trần Thu Hà,INSTRUMENTAL,MISSING,NO_VALID_IMAGE_URL,0,0,NONE,0
RMVM_S_71e9c74cd6,Bay Lên Đáp Xuống,"Billy100, Hành Or",POP_BALLAD,MISSING,NO_VALID_IMAGE_URL,0,0,NONE,0
RMVM_S_3fe73298f9,Dằm Trong Tim,Bạch Công Khanh,POP_BALLAD,MISSING,NO_VALID_IMAGE_URL,0,0,NONE,0
RMVM_S_0be9a98935,Gởi Huế,"Hương Lan, Hoài Nam",INSTRUMENTAL,MISSING,NO_VALID_IMAGE_URL,0,0,NONE,0
RMVM_S_5860e12bfd,Bình Yên (Disco Remix),Minz,POP_BALLAD,MISSING,NO_VALID_IMAGE_URL,0,0,NONE,0
RMVM_S_ba8709d58e,Đừng Về Bên Anh (WRC Remix),Thiên Tú,POP_BALLAD,MISSING,NO_VALID_IMAGE_URL,0,0,NONE,0
RMVM_S_cb99a6ab07,Cũng Vì Chữ Tiền,Lâm Hoài Phong,BOLERO_TRUTINH,MISSING,NO_VALID_IMAGE_URL,0,0,NONE,0
RMVM_S_5371bccc93,Cho Anh Gần Em Thêm Chút Nữa,Bạch Công Khanh,POP_BALLAD,MISSING,NO_VALID_IMAGE_URL,0,0,NONE,0
RMVM_S_1c159a50b2,Bình Minh Yêu Thương,MPS,POP_BALLAD,MISSING,NO_VALID_IMAGE_URL,0,0,NONE,0
RMVM_S_f7d2a624a9,Chuyến Đi Dài,Xanh 8+1,ROCK,MISSING,NO_VALID_IMAGE_URL,0,0,NONE,0
RMVM_S_ba5d12712c,Anh Sẽ Chống Lại Cả Thế Giới,Phan Ngọc Luân,POP_BALLAD,MISSING,NO_VALID_IMAGE_URL,0,0,NONE,0
RMVM_S_14586913b8,Một Lần Đớn Đau Vạn Lần Khắc Sâu,Ti KT,POP_BALLAD,MISSING,NO_VALID_IMAGE_URL,0,0,NONE,0
RMVM_S_4fa919efac,Ảo Mộng (Remix),Nhất Vũ,POP_BALLAD,MISSING,NO_VALID_IMAGE_URL,0,0,NONE,0
RMVM_S_eb72504c0c,Đã Có Những Tháng Ngày,Lâm Sung,POP_BALLAD,MISSING,NO_VALID_IMAGE_URL,0,0,NONE,0
RMVM_S_5640f62337,Dòng Thư Không Hồi Âm,Trung Nghĩa,BOLERO_TRUTINH,MISSING,NO_VALID_IMAGE_URL,0,0,NONE,0
RMVM_S_42b196ffee,Vì Ngày Hôm Đó,"TAM, TooV, Bảo Jen",POP_BALLAD,MISSING,NO_VALID_IMAGE_URL,0,0,NONE,0
RMVM_S_b13a34b3e5,Em Không Hiểu (Lofi Mix),Chilly,POP_BALLAD,MISSING,NO_VALID_IMAGE_URL,0,0,NONE,0
RMVM_S_6d84b09c83,Người Yêu Tương Lai Anh Ở Đâu (Beat),La Thanh Vy,POP_BALLAD,MISSING,NO_VALID_IMAGE_URL,0,0,NONE,0
RMVM_S_20929cbadd,3 Giây Nhớ 1 Đời Thương (Cover),Oanh Tạ,POP_BALLAD,MISSING,NO_VALID_IMAGE_URL,0,0,NONE,0
RMVM_S_c1cbd49398,Anh Nhận Yêu Em,"Tripple H, VRT",POP_BALLAD,MISSING,NO_VALID_IMAGE_URL,0,0,NONE,0
RMVM_S_fe92dfeba9,Ai Ngờ Ta Còn Thương,"Karik, Thái Trinh",RAP_HIPHOP,MISSING,NO_VALID_IMAGE_URL,0,0,NONE,0
RMVM_S_8c9d73e0a0,Cố Nhân 2,Nhiều nghệ sĩ,POP_BALLAD,MISSING,NO_VALID_IMAGE_URL,0,0,NONE,0
RMVM_S_a7e993619f,Tâm Sự Người Đơn Phương,"A.C Xuân Tài, Nguyenn",POP_BALLAD,MISSING,NO_VALID_IMAGE_URL,0,0,NONE,0
RMVM_S_37ac9cc833,Buồn Nào Đẹp Như Thế - “Chuyện Của Anh”,Haro,POP_BALLAD,MISSING,NO_VALID_IMAGE_URL,0,0,NONE,0
RMVM_S_64312eda34,Hôm Nay Là Ngày Hạnh Phúc,Tín Nhiệm,POP_BALLAD,MISSING,NO_VALID_IMAGE_URL,0,0,NONE,0
RMVM_S_4f23b795bd,Yêu Em 2 Ngày,Dương Domic,POP_BALLAD,MISSING,NO_VALID_IMAGE_URL,0,0,NONE,0
RMVM_S_0ad2ce6309,Chờ Kẻ Phụ Tình,Lâm Hoài Phong,BOLERO_TRUTINH,MISSING,NO_VALID_IMAGE_URL,0,0,NONE,0
RMVM_S_5fae6faaa6,Ai Đến Thăm Em Đêm 30 (Xuân Phát Tài 10),"Đàm Vĩnh Hưng, Thanh Hà",BOLERO_TRUTINH,MISSING,NO_VALID_IMAGE_URL,0,0,NONE,0
RMVM_S_1313fe0016,Có Đâu Xa Gần (Beat),Ái Phương,POP_BALLAD,MISSING,NO_VALID_IMAGE_URL,0,0,NONE,0
RMVM_S_a15a92d079,"Đêm Nay, Anh Muốn Đưa Em Về",Hồ Việt Trung,POP_BALLAD,MISSING,NO_VALID_IMAGE_URL,0,0,NONE,0
RMVM_S_f9d7cffec7,Con Đường Tình Ta Đi & Trả Lại Em Yêu,"Ái Vân, Duy Quang",INSTRUMENTAL,MISSING,NO_VALID_IMAGE_URL,0,0,NONE,0
RMVM_S_374b6cc04d,Mỹ Nhân (Cover),"Khánh Phương, Vĩnh Thuyên Kim",POP_BALLAD,MISSING,NO_VALID_IMAGE_URL,0,0,NONE,0
RMVM_S_c8a7db63be,Ca Phê Đắng Trở Lại (Cover),Hứa Văn Cường,BOLERO_TRUTINH,MISSING,NO_VALID_IMAGE_URL,0,0,NONE,0
RMVM_S_64474053fc,Lời Xin Lỗi Vụng Về,Quân A.P,POP_BALLAD,MISSING,NO_VALID_IMAGE_URL,0,0,NONE,0
RMVM_S_9aa04aada7,Đi Để Trở Về (Beat),SOOBIN,POP_BALLAD,MISSING,NO_VALID_IMAGE_URL,0,0,NONE,0
RMVM_S_c9aff2a8b8,Hà Nội Nơi Tìm Về,Minh Thu,POP_BALLAD,MISSING,NO_VALID_IMAGE_URL,0,0,NONE,0
RMVM_S_4d25efff09,Liên Khúc Mùa Xuân Sang Có Hoa Anh Đào,Đình Phước,BOLERO_TRUTINH,MISSING,NO_VALID_IMAGE_URL,0,0,NONE,0
RMVM_S_f0591acff1,Anh Cũng Biết Đau Biết Buồn,Trịnh Thiên Ân,POP_BALLAD,MISSING,NO_VALID_IMAGE_URL,0,0,NONE,0
RMVM_S_f26f23780b,Mưa Sài Gòn Còn Buồn Không Em,Hoàng Hoa,BOLERO_TRUTINH,MISSING,NO_VALID_IMAGE_URL,0,0,NONE,0
RMVM_S_b8a37ac8fd,Anh Để Đây Và Không Nói Gì,"Trương Ngôn, Nguyễn Khánh Sang",POP_BALLAD,MISSING,NO_VALID_IMAGE_URL,0,0,NONE,0
RMVM_S_08dd325459,kho báu đánh rơi (ft. GREY D),"tlinh, GREY D",POP_BALLAD,MISSING,NO_VALID_IMAGE_URL,0,0,NONE,0
RMVM_S_0ee5fafcb8,Ai Đã Cướp Nụ Hôn Của Anh,Cao Thái Sơn,POP_BALLAD,MISSING,NO_VALID_IMAGE_URL,0,0,NONE,0
RMVM_S_7b3981465c,Cướp Vợ - Tục Lệ Người H'mông,Ngũ Cung,ROCK,MISSING,NO_VALID_IMAGE_URL,0,0,NONE,0
RMVM_S_b99cb703b8,123 Em Yêu Anh,Trương Linh Đan,POP_BALLAD,MISSING,NO_VALID_IMAGE_URL,0,0,NONE,0
RMVM_S_e18b076067,Điều Buồn Nhất Bây Giờ,Cao Nam Thành,POP_BALLAD,MISSING,NO_VALID_IMAGE_URL,0,0,NONE,0
RMVM_S_61f4473b15,Ba Trăm Ba Mươi Ba Nhịp Yêu,Only C,POP_BALLAD,MISSING,NO_VALID_IMAGE_URL,0,0,NONE,0
RMVM_S_63bbe21a22,Em Nơi Đây Vẫn Chờ,Phạm Thanh Thảo,POP_BALLAD,MISSING,NO_VALID_IMAGE_URL,0,0,NONE,0
RMVM_S_847dc38e7e,Khi Người Yêu Lừa Dối,Ánh Minh,INSTRUMENTAL,MISSING,NO_VALID_IMAGE_URL,0,0,NONE,0
RMVM_S_a20360f77c,Cô Gái M52,"HuyR, Tùng Viu",POP_BALLAD,MISSING,NO_VALID_IMAGE_URL,0,0,NONE,0
RMVM_S_a44fc33796,Anh Lam Nhac La Vi Tinh Yeu,TCain,CHILDREN,MISSING,NO_VALID_IMAGE_URL,0,0,NONE,0
RMVM_S_6437edb749,Vật Chất Và Em Đi,Khang Ty,POP_BALLAD,MISSING,NO_VALID_IMAGE_URL,0,0,NONE,0
RMVM_S_418ff12fc5,Cuộc Đời Vẫn Đẹp Sao,Anh Bằng,INSTRUMENTAL,MISSING,NO_VALID_IMAGE_URL,0,0,NONE,0
RMVM_S_922adb2b02,Chim Quý Trong Lồng,"K-ICM, Văn Mai Hương",POP_BALLAD,MISSING,NO_VALID_IMAGE_URL,0,0,NONE,0
RMVM_S_76ac3a8d4b,Thiên Hạ Hữu Tình,"Mỹ Hạnh, Thái Sơn",POP_BALLAD,MISSING,NO_VALID_IMAGE_URL,0,0,NONE,0
RMVM_S_c0a653627b,Người Thế Thay (Remix),Cao Nam Thành,POP_BALLAD,MISSING,NO_VALID_IMAGE_URL,0,0,NONE,0
RMVM_S_2eb18c14c8,Liên Khúc Cho Em Mùa Xuân,Mai Tuấn,POP_BALLAD,MISSING,NO_VALID_IMAGE_URL,0,0,NONE,0
RMVM_S_d173ae964d,Đành Phụ Tình Người,Bonneur Trinh,POP_BALLAD,MISSING,NO_VALID_IMAGE_URL,0,0,NONE,0
RMVM_S_18252ee43d,Yêu Anh Nhưng Đã Muộn,AndyShin,POP_BALLAD,MISSING,NO_VALID_IMAGE_URL,0,0,NONE,0
RMVM_S_e0782a1cca,Nước Mắt Em Rơi Trò Chơi Kết Thúc,"Phí Phương Anh, RIN9, DREAMeR",POP_BALLAD,MISSING,NO_VALID_IMAGE_URL,0,0,NONE,0
RMVM_S_ee6982f12b,Delilah - Tình Hận,Phong Vũ,BOLERO_TRUTINH,MISSING,NO_VALID_IMAGE_URL,0,0,NONE,0
RMVM_S_9f4041e680,Lá Vàng Khóc Lá Xanh,Trường Thanh,BOLERO_TRUTINH,MISSING,NO_VALID_IMAGE_URL,0,0,NONE,0
RMVM_S_14ee424c2a,Chờ Ai Đêm Giáng Sinh,Hằng BingBoong,POP_BALLAD,MISSING,NO_VALID_IMAGE_URL,0,0,NONE,0
RMVM_S_4ab94f89ee,Bằng Cách Nào Đó,"Fer, BFABB, Thái Ngân",POP_BALLAD,MISSING,NO_VALID_IMAGE_URL,0,0,NONE,0
RMVM_S_7e245d4097,Bên Nhau Yên Bình,Tấn Dũng,POP_BALLAD,MISSING,NO_VALID_IMAGE_URL,0,0,NONE,0
RMVM_S_e940c17251,Loài Hoa Không Tên,"Hoàng Lan, Thế Sơn",INSTRUMENTAL,MISSING,NO_VALID_IMAGE_URL,0,0,NONE,0
RMVM_S_94cc0c1ca2,Để Cho Anh Khóc (Remix),Thành Đại Siêu,POP_BALLAD,MISSING,NO_VALID_IMAGE_URL,0,0,NONE,0
RMVM_S_d7fc1fda60,Lạc Bước Thiên Đường (Tropical Version),"Đức Hati, Htrol",POP_BALLAD,MISSING,NO_VALID_IMAGE_URL,0,0,NONE,0
RMVM_S_b7abff6397,Bỏ Anh Thì Đừng Hối Hận,Suno Nguyễn,POP_BALLAD,MISSING,NO_VALID_IMAGE_URL,0,0,NONE,0
RMVM_S_3cd8f57973,Chuyện Tình Rau Muống Biển,"Thanh Ngân, Gia Tiến",POP_BALLAD,MISSING,NO_VALID_IMAGE_URL,0,0,NONE,0
RMVM_S_ac82b96221,Về Với Ngài,Phan Đinh Tùng,POP_BALLAD,MISSING,NO_VALID_IMAGE_URL,0,0,NONE,0
RMVM_S_3873844e1f,Hôm Nay Ta Chia Tay,"Summer Vee, Niz",POP_BALLAD,MISSING,NO_VALID_IMAGE_URL,0,0,NONE,0
RMVM_S_2f033f5af3,Có Bao Giờ Em Sợ Mất Anh,Khánh Đơn,POP_BALLAD,MISSING,NO_VALID_IMAGE_URL,0,0,NONE,0
RMVM_S_ff5ea1bde9,Cẩm Lý Sao,Tiểu Muội Màn Thầu,POP_BALLAD,MISSING,NO_VALID_IMAGE_URL,0,0,NONE,0
RMVM_S_66cc925f78,"Chúng Ta Là Bạn Bè (Một Ngày Là Bạn, Một Đời Là Bạn) (Beat)",Nhiều nghệ sĩ,POP_BALLAD,MISSING,NO_VALID_IMAGE_URL,0,0,NONE,0
RMVM_S_775152555d,Chỉ Là (Remix),Trang Pháp,POP_BALLAD,MISSING,NO_VALID_IMAGE_URL,0,0,NONE,0
RMVM_S_43ab07570b,Cay Đắng Đời Tôi,Lâm Hoài Phong,BOLERO_TRUTINH,MISSING,NO_VALID_IMAGE_URL,0,0,NONE,0
RMVM_S_fe5be48462,Đừng Nên Trách Nhau,Lữ Bình,POP_BALLAD,MISSING,NO_VALID_IMAGE_URL,0,0,NONE,0
RMVM_S_361bccf313,Không Cần Đâu,Dược Sĩ Tiến,POP_BALLAD,MISSING,NO_VALID_IMAGE_URL,0,0,NONE,0
RMVM_S_34cae0cb77,Sao Em Chưa Cập Bến,Nhiều nghệ sĩ,POP_BALLAD,MISSING,NO_VALID_IMAGE_URL,0,0,NONE,0
RMVM_S_15df482ce7,Anh Đã Tìm Được Em (Lofi Version),"A.C Xuân Tài, T.Vy",POP_BALLAD,MISSING,NO_VALID_IMAGE_URL,0,0,NONE,0
RMVM_S_7e47264b76,Thà Khóc Lên Cho Nhẹ Lòng (Lofi Version),Du Thiên,POP_BALLAD,MISSING,NO_VALID_IMAGE_URL,0,0,NONE,0
RMVM_S_eb2eec896c,Người Quảng Ngãi Chào Xuân (Remix 2021),Trường Kha,BOLERO_TRUTINH,MISSING,NO_VALID_IMAGE_URL,0,0,NONE,0
RMVM_S_5937184efe,Bài Dành Cho Em (Speed Up Version),"Vin Quốc Anh, BMZ",DANCE_EDM,MISSING,NO_VALID_IMAGE_URL,0,0,NONE,0
RMVM_S_8a02a9a8c3,Mùa Xuân Cưới Nhau,Nhật Tinh Anh,POP_BALLAD,MISSING,NO_VALID_IMAGE_URL,0,0,NONE,0
RMVM_S_24ac55bcc2,Giấc Mơ Vụt Tan,Châu Gia Chuyển,POP_BALLAD,MISSING,NO_VALID_IMAGE_URL,0,0,NONE,0
RMVM_S_8031f15147,Đường Nào Đến Trái Tim Em,The Wings Band,POP_BALLAD,MISSING,NO_VALID_IMAGE_URL,0,0,NONE,0
RMVM_S_7605e1b858,Cho Tôi Một Lần Yêu,Lâm Hoài Phong,BOLERO_TRUTINH,MISSING,NO_VALID_IMAGE_URL,0,0,NONE,0
RMVM_S_aa32fcd009,Hạnh Phúc Không Dành Cho Tình Nhân (Cover),"Đỗ Thụy Khanh, Hương Ly, Hiền Thục",POP_BALLAD,MISSING,NO_VALID_IMAGE_URL,0,0,NONE,0
RMVM_S_f3db0c523f,500 Năm Ruộng Dâu Biển Cạn,Lee Phú Quý,POP_BALLAD,MISSING,NO_VALID_IMAGE_URL,0,0,NONE,0
RMVM_S_5e387d2bfc,Bên Mẹ Là Mùa Xuân,Dương Hồng Loan,BOLERO_TRUTINH,MISSING,NO_VALID_IMAGE_URL,0,0,NONE,0
RMVM_S_2ff449f7fd,Em Vẫn Tin Vào Tình Yêu Ấy (Piano Version),Lương Bích Hữu,INSTRUMENTAL,MISSING,NO_VALID_IMAGE_URL,0,0,NONE,0
RMVM_S_82c14489d5,Độ Ta Độ Nàng Độ Khắp Thế Gian,Trương Y Du,POP_BALLAD,MISSING,NO_VALID_IMAGE_URL,0,0,NONE,0
RMVM_S_51eba02416,Em Hát Cùng Mùa Xuân,Hồ Cẩm Nghi,BOLERO_TRUTINH,MISSING,NO_VALID_IMAGE_URL,0,0,NONE,0
RMVM_S_03e169cffe,Còn Chi Đâu Nữa Anh,Hà Thu,POP_BALLAD,MISSING,NO_VALID_IMAGE_URL,0,0,NONE,0
RMVM_S_f57ca73564,Liều Thuốc Cho Tình Yêu,Boo Phan,POP_BALLAD,MISSING,NO_VALID_IMAGE_URL,0,0,NONE,0
RMVM_S_e60f419eac,Con Yêu Thơ Dại,Nam Vương Bảo Lê,POP_BALLAD,MISSING,NO_VALID_IMAGE_URL,0,0,NONE,0
RMVM_S_11037013aa,Anh Lại Làm Em Khóc Nữa Rồi,Khiem,POP_BALLAD,MISSING,NO_VALID_IMAGE_URL,0,0,NONE,0
RMVM_S_defc4e56f2,Cuộc Gọi Nhỡ,Vương Anh Tú,POP_BALLAD,MISSING,NO_VALID_IMAGE_URL,0,0,NONE,0
RMVM_S_fa9844c5c8,Liên Khúc Cha Cha Cha Hái Hoa Rừng Cho Em,"Thanh Ngân, Gia Tiến",BOLERO_TRUTINH,MISSING,NO_VALID_IMAGE_URL,0,0,NONE,0
RMVM_S_10b618bc46,Có Thế Thôi Đó,Thu Thủy,POP_BALLAD,MISSING,NO_VALID_IMAGE_URL,0,0,NONE,0
RMVM_S_45bb817f74,Phiến Đá Sầu,Don Hồ,INSTRUMENTAL,MISSING,NO_VALID_IMAGE_URL,0,0,NONE,0
RMVM_S_133ddd6d07,Vẫn Còn Có Anh (Remix),Samson BMT,DANCE_EDM,MISSING,NO_VALID_IMAGE_URL,0,0,NONE,0
RMVM_S_2e3318f641,Giấc Mơ Tình Yêu,Đậu Tất Đạt,POP_BALLAD,MISSING,NO_VALID_IMAGE_URL,0,0,NONE,0
RMVM_S_4e869182ce,Điều Muốn Nói,RHY,POP_BALLAD,MISSING,NO_VALID_IMAGE_URL,0,0,NONE,0
RMVM_S_24ebfecf87,Thà Làm Áng Mây Trôi,Lâm Chấn Huy,POP_BALLAD,MISSING,NO_VALID_IMAGE_URL,0,0,NONE,0
RMVM_S_f8f6ff9693,Hẹn Thề Làm Chi (Vinahouse),"Phát Lee, 93NEWG Remix",POP_BALLAD,MISSING,NO_VALID_IMAGE_URL,0,0,NONE,0
RMVM_S_c3f2549067,Giấc Mơ Chapi,Huỳnh Gia Đạt,BOLERO_TRUTINH,MISSING,NO_VALID_IMAGE_URL,0,0,NONE,0
RMVM_S_002158aaaf,Đừng Tin Trai Đẹp,Kha Zim,POP_BALLAD,MISSING,NO_VALID_IMAGE_URL,0,0,NONE,0
RMVM_S_9a7b92a548,Chỉ Còn Lại Tôi,"Chung Thanh Duy, Quân Han",POP_BALLAD,MISSING,NO_VALID_IMAGE_URL,0,0,NONE,0
RMVM_S_09800776ed,Cát Bụi Cuộc Đời (New Version),Thương Nguyễn,NHAC_TRINH,MISSING,NO_VALID_IMAGE_URL,0,0,NONE,0
RMVM_S_22985c64c3,Ngày Tình Yêu,Thu Phương,POP_BALLAD,MISSING,NO_VALID_IMAGE_URL,0,0,NONE,0
RMVM_S_d6544dec9b,Sót Lại Vệt Buồn,Nhiều nghệ sĩ,RAP_HIPHOP,MISSING,NO_VALID_IMAGE_URL,0,0,NONE,0
RMVM_S_3335f30e7f,Anh Là Tia Nắng Trong Em (Disco),"BeeBoss, Châu Ngọc Lan",POP_BALLAD,MISSING,NO_VALID_IMAGE_URL,0,0,NONE,0
RMVM_S_d4c23f1726,Có Một Thế Giới Em Phải Quên,Trương Thảo Nhi,POP_BALLAD,MISSING,NO_VALID_IMAGE_URL,0,0,NONE,0
RMVM_S_368e96c090,LK Bài Ca Kỷ Niệm,"Lê Sang, Trường Sơn",BOLERO_TRUTINH,MISSING,NO_VALID_IMAGE_URL,0,0,NONE,0
RMVM_S_c709d4f371,Anh Đi Nhé (EDM Version) (Beat),Anh Quân Idol,POP_BALLAD,MISSING,NO_VALID_IMAGE_URL,0,0,NONE,0
RMVM_S_82e7c6d451,Anh Đang Nơi Đâu (Khắc Hưng Remix),Miu Lê,POP_BALLAD,MISSING,NO_VALID_IMAGE_URL,0,0,NONE,0
RMVM_S_8a9ead56b5,Noel Ngọt Ngào,Nam Vương Bảo Lê,BOLERO_TRUTINH,MISSING,NO_VALID_IMAGE_URL,0,0,NONE,0
RMVM_S_2c031862ab,Bất Bình Thường,Whee!,POP_BALLAD,MISSING,NO_VALID_IMAGE_URL,0,0,NONE,0
RMVM_S_011e89bfe4,Tình Yêu Người Trao Là Thế Sao,Phạm Thanh Thảo,POP_BALLAD,MISSING,NO_VALID_IMAGE_URL,0,0,NONE,0
RMVM_S_9e34468e97,Nhận Diện Tình Đời,Đặng Thái Hiển,POP_BALLAD,MISSING,NO_VALID_IMAGE_URL,0,0,NONE,0
RMVM_S_a5288d7921,Bỏ Em Vào Balo,"Tân Trần, Freak D",POP_BALLAD,MISSING,NO_VALID_IMAGE_URL,0,0,NONE,0
RMVM_S_5e7f6588c1,Phải Chăng Em Đã Yêu,Minh Hằng,POP_BALLAD,MISSING,NO_VALID_IMAGE_URL,0,0,NONE,0
RMVM_S_3f183da9bc,Biệt Khúc Chờ Nhau (Version 2019),Đan Trường,POP_BALLAD,MISSING,NO_VALID_IMAGE_URL,0,0,NONE,0
RMVM_S_71cc2c15e0,Để Tình Ngàn Sau Đớn Đau,Vũ Hoàng,BOLERO_TRUTINH,MISSING,NO_VALID_IMAGE_URL,0,0,NONE,0
RMVM_S_32fbaa045e,Hợp Đồng Mẫu Tử,"Thái Thùy Linh, Thái An",POP_BALLAD,MISSING,NO_VALID_IMAGE_URL,0,0,NONE,0
RMVM_S_225428961b,Chỉ Vì Ngày Đó,Lina Nguyễn,BOLERO_TRUTINH,MISSING,NO_VALID_IMAGE_URL,0,0,NONE,0
RMVM_S_26f101bce8,"Trên Bàn Nhậu Dưới Bàn Mưu (From ""Trên Bàn Nhậu Dưới Bàn Mưu"")","Vũ Thảo My, Lăng LD",POP_BALLAD,MISSING,NO_VALID_IMAGE_URL,0,0,NONE,0
RMVM_S_11a64d7074,Bao tuổi rồi mà còn yêu với đương,Saabirose,RAP_HIPHOP,MISSING,NO_VALID_IMAGE_URL,0,0,NONE,0
RMVM_S_fc5ec342ad,Đây Là Việt Nam,"Rhymastic, Blacka",POP_BALLAD,MISSING,NO_VALID_IMAGE_URL,0,0,NONE,0
RMVM_S_5a3dbf6edf,Ân Tình Đánh Mất,Trịnh Lam,INSTRUMENTAL,MISSING,NO_VALID_IMAGE_URL,0,0,NONE,0
RMVM_S_10f955fdcf,Liên Khúc Mưa Bụi,Hồ Quang Lộc,BOLERO_TRUTINH,MISSING,NO_VALID_IMAGE_URL,0,0,NONE,0
RMVM_S_99912485b0,Miễn cưỡng nhận lời chia tay,Tống Gia Vỹ,POP_BALLAD,MISSING,NO_VALID_IMAGE_URL,0,0,NONE,0
RMVM_S_9d3c30edfb,Bài Ca Ngày Vu Quy,Cao Sỹ Hùng,BOLERO_TRUTINH,MISSING,NO_VALID_IMAGE_URL,0,0,NONE,0
RMVM_S_8a71d4e1f3,Ba Má Ơi! Con Hứa Lấy Vợ,"Nguyên Vũ, Sakhar",POP_BALLAD,MISSING,NO_VALID_IMAGE_URL,0,0,NONE,0
RMVM_S_44d631dd27,Liên Khúc: Cả Nhà Thương Nhau - Nhong Nhong Nhong,Bé Minh Vy,CHILDREN,MISSING,NO_VALID_IMAGE_URL,0,0,NONE,0
RMVM_S_cfa4f55a1c,Anh Nhớ Gì Không Anh,Trần Thái Hòa,BOLERO_TRUTINH,MISSING,NO_VALID_IMAGE_URL,0,0,NONE,0
RMVM_S_7c49b4e033,Cứ Ngỡ Là Anh (Vinahouse),Đinh Tùng Huy,DANCE_EDM,MISSING,NO_VALID_IMAGE_URL,0,0,NONE,0
RMVM_S_677485deae,Chuyện Tình Cổ Tích Nga Sơn,Lê Ngọc Thúy,FOLK_TRADITIONAL,MISSING,NO_VALID_IMAGE_URL,0,0,NONE,0
RMVM_S_7a86373ed6,Liên Khúc Rap: Trời Mưa; Mưa Tên Em; Mưa Xin Đừng Về Nữa,B Ray,RAP_HIPHOP,MISSING,NO_VALID_IMAGE_URL,0,0,NONE,0
RMVM_S_75c888eb4f,Căn Nhà Dĩ Vãng,"Lâm Mạnh Quỳnh, Đào Anh Thư",BOLERO_TRUTINH,MISSING,NO_VALID_IMAGE_URL,0,0,NONE,0
RMVM_S_57edf86ddf,Hát Lời Mẹ Ru,Randy,BOLERO_TRUTINH,MISSING,NO_VALID_IMAGE_URL,0,0,NONE,0
RMVM_S_1574933850,Cho Vơi Nhẹ Lòng,Ngô Kiến Huy,RB_SOUL,MISSING,NO_VALID_IMAGE_URL,0,0,NONE,0
RMVM_S_7a257326b4,Chúng Con Bên Giấc Ngủ Của Người,Thu Hiền,REVOLUTIONARY,MISSING,NO_VALID_IMAGE_URL,0,0,NONE,0
RMVM_S_2f0c4f4eea,Buồn Chi Em Ơi,Quang Lê,INSTRUMENTAL,MISSING,NO_VALID_IMAGE_URL,0,0,NONE,0
RMVM_S_a2ec8d1c5b,Mùa Ly Bỏ Lại,Thái Đinh,POP_BALLAD,MISSING,NO_VALID_IMAGE_URL,0,0,NONE,0
RMVM_S_09c37470ea,Cho Anh Được Về,"Nguyễn Hữu Tài, Nhật Chan",POP_BALLAD,MISSING,NO_VALID_IMAGE_URL,0,0,NONE,0
RMVM_S_1a8f2551c0,Ba Mẹ Yêu Con,"Tào Lữ Phụ, Tuệ Uyên",POP_BALLAD,MISSING,NO_VALID_IMAGE_URL,0,0,NONE,0
RMVM_S_aecda3d277,Còn Đâu Bóng Hình,Hà Vân,POP_BALLAD,MISSING,NO_VALID_IMAGE_URL,0,0,NONE,0
RMVM_S_25180bae1b,"Tay Trái Chỉ Trăng, Tay Phải Uống Trà",Hà Nhi,POP_BALLAD,MISSING,NO_VALID_IMAGE_URL,0,0,NONE,0
RMVM_S_1126cd8304,Em Thuộc Về Một Người Khác,Dương Phúc Hậu,POP_BALLAD,MISSING,NO_VALID_IMAGE_URL,0,0,NONE,0
RMVM_S_7620c5b314,Vết Thương Lòng,Jimmy Lam Pham,POP_BALLAD,MISSING,NO_VALID_IMAGE_URL,0,0,NONE,0
RMVM_S_0ef138479c,Bỏ Đi Mà Làm Người,Val Huyn,POP_BALLAD,MISSING,NO_VALID_IMAGE_URL,0,0,NONE,0
RMVM_S_76e964b851,Em Muốn Cùng Anh,Đặng Thanh Tuyền,POP_BALLAD,MISSING,NO_VALID_IMAGE_URL,0,0,NONE,0
RMVM_S_7cc1ecf863,Phai Phôi,"KHOA, NVM, MTK",POP_BALLAD,MISSING,NO_VALID_IMAGE_URL,0,0,NONE,0
RMVM_S_1816dc799e,Chẳng Ai Khác Ngoài Em,Âu Nam Thái,POP_BALLAD,MISSING,NO_VALID_IMAGE_URL,0,0,NONE,0
RMVM_S_f9821be7b6,Bông Đùa (Lofi),"Chuy Blue, Star Online",POP_BALLAD,MISSING,NO_VALID_IMAGE_URL,0,0,NONE,0
RMVM_S_e84ebf7b67,Đành Sao Anh Hỡi,Vy Thúy Hằng,BOLERO_TRUTINH,MISSING,NO_VALID_IMAGE_URL,0,0,NONE,0
RMVM_S_b8804785c2,Nguyện Mãi Yêu Anh (Remix),Saka Trương Tuyền,DANCE_EDM,MISSING,NO_VALID_IMAGE_URL,0,0,NONE,0
RMVM_S_d5376d4c56,Kẻ Nắm Người Buông,"NB3 Hoài Bảo, Châu Dương",POP_BALLAD,MISSING,NO_VALID_IMAGE_URL,0,0,NONE,0
RMVM_S_d641a942f4,Mắt Lệ Cho Người Tình,Phi Khanh,INSTRUMENTAL,MISSING,NO_VALID_IMAGE_URL,0,0,NONE,0
RMVM_S_13903f5e58,Con Mèo Ra Bờ Sông,Bé Minh Thư,CHILDREN,MISSING,NO_VALID_IMAGE_URL,0,0,NONE,0
RMVM_S_89cac18537,Phải Chăng Là Số Kiếp,Tống Gia Vỹ,POP_BALLAD,MISSING,NO_VALID_IMAGE_URL,0,0,NONE,0
RMVM_S_666bb00065,Giọt Café Đắng Đầu Môi,Vương Tuấn Anh,POP_BALLAD,MISSING,NO_VALID_IMAGE_URL,0,0,NONE,0
RMVM_S_2a88ac9b3b,Bước Về Phía Mặt Trời,Văn Mai Hương,POP_BALLAD,MISSING,NO_VALID_IMAGE_URL,0,0,NONE,0
RMVM_S_690c263e05,Đừng Yêu Nữa Em Mệt Rồi (Live At Soul Of The Forest),Phượng Vũ,POP_BALLAD,MISSING,NO_VALID_IMAGE_URL,0,0,NONE,0
RMVM_S_7a33072daa,Nỗi Lòng Một Kẻ Tha Hương,Tường Quân,POP_BALLAD,MISSING,NO_VALID_IMAGE_URL,0,0,NONE,0
RMVM_S_f9acadd328,Em Về Tinh Khôi (25th Làn Sóng Xanh),"AMEE, GREY D, Hoàng Dũng",POP_BALLAD,MISSING,NO_VALID_IMAGE_URL,0,0,NONE,0
RMVM_S_b34c5060bc,Anh Cất Em Đi Nhé,Khánh Đơn,POP_BALLAD,MISSING,NO_VALID_IMAGE_URL,0,0,NONE,0
RMVM_S_25f5cbc1e3,Anh Về Đây Làm Gì,Lynn,POP_BALLAD,MISSING,NO_VALID_IMAGE_URL,0,0,NONE,0
RMVM_S_fb69bc1e1f,Bạn Không Giống Tôi (Đừng Phán Xét),Cao Tùng Huy,POP_BALLAD,MISSING,NO_VALID_IMAGE_URL,0,0,NONE,0
RMVM_S_1159cc6fe3,Hết Hôm Nay Thành Người Xa Lạ,"NAM DaBand, Hamlet Trương",POP_BALLAD,MISSING,NO_VALID_IMAGE_URL,0,0,NONE,0
RMVM_S_54abd203cc,Trắng Tay,Chí Thành Danh,POP_BALLAD,MISSING,NO_VALID_IMAGE_URL,0,0,NONE,0
RMVM_S_9d7077b59a,Mẹ Ơi Con Là Ai,Trịnh Bảo Nam,POP_BALLAD,MISSING,NO_VALID_IMAGE_URL,0,0,NONE,0
RMVM_S_1925d3bf18,Để Anh Ôm Nước Mắt Cho Em,"Trịnh Tú Trung, Wonbi Minh Quân",POP_BALLAD,MISSING,NO_VALID_IMAGE_URL,0,0,NONE,0
RMVM_S_7a0c0d4261,Một Vòng Trái Đất,Đạt Long Vinh,POP_BALLAD,MISSING,NO_VALID_IMAGE_URL,0,0,NONE,0
RMVM_S_73efb6724e,Năm Mới Nhưng Nỗi Buồn Cũ,"Luxuyen, Riki Lâm, Chi",POP_BALLAD,MISSING,NO_VALID_IMAGE_URL,0,0,NONE,0
RMVM_S_ea788bdfd1,Không Một Ai (Remix Version),Nhiều nghệ sĩ,DANCE_EDM,MISSING,NO_VALID_IMAGE_URL,0,0,NONE,0
RMVM_S_b47ba37a0d,Một Ngày Bình Yên,"KaWaiiBi, Phạm Thúy, Longg",RAP_HIPHOP,MISSING,NO_VALID_IMAGE_URL,0,0,NONE,0
RMVM_S_9c534a340c,Đồng Tiền,"Lee Ken, LPT",POP_BALLAD,MISSING,NO_VALID_IMAGE_URL,0,0,NONE,0
RMVM_S_0c9fd415a5,Mẹ Tôi - Nhị Hà,Quang Dũng,FOLK_TRADITIONAL,MISSING,NO_VALID_IMAGE_URL,0,0,NONE,0
RMVM_S_2cca71e3da,Liên Khúc 4 Mùa,GiGi Hương Giang,POP_BALLAD,MISSING,NO_VALID_IMAGE_URL,0,0,NONE,0
RMVM_S_4fee4f44d7,Hát Về Người Cảnh Sát Bảo Vệ Mục Tiêu,Đình Bình,POP_BALLAD,MISSING,NO_VALID_IMAGE_URL,0,0,NONE,0
RMVM_S_221f81801a,Lòng Tự Tôn Của Anh,Trần Đăng Quang,POP_BALLAD,MISSING,NO_VALID_IMAGE_URL,0,0,NONE,0
RMVM_S_e7663877e9,Xa Nhau Rồi Anh Nhớ Không,Nam Em,POP_BALLAD,MISSING,NO_VALID_IMAGE_URL,0,0,NONE,0
RMVM_S_94be221fe0,Ai Rồi Cũng Thay Đổi,"Lâm Chấn Khang, Đông Thiên Đức",POP_BALLAD,MISSING,NO_VALID_IMAGE_URL,0,0,NONE,0
RMVM_S_35f1b5555a,Mừng Ngày Nhà Giáo Việt Nam,Lê Ngọc Thúy,BOLERO_TRUTINH,MISSING,NO_VALID_IMAGE_URL,0,0,NONE,0
RMVM_S_31a9c3117f,Anh Sẽ Đợi (VisconC Remix),"TLong, Tô Minh, HOA HỒNG DẠI MUSIC",DANCE_EDM,MISSING,NO_VALID_IMAGE_URL,0,0,NONE,0
RMVM_S_94bfa0a241,Chuyện Làm Dâu,Phi Nhung,INSTRUMENTAL,MISSING,NO_VALID_IMAGE_URL,0,0,NONE,0
RMVM_S_5f7e4b5072,Mưa Của Ký Ức,"NNA, KaWaiiBi, Kid TD",RAP_HIPHOP,MISSING,NO_VALID_IMAGE_URL,0,0,NONE,0
RMVM_S_c6a433a8c4,Biết Tìm Đâu (Ballad),Ngân Ngân,POP_BALLAD,MISSING,NO_VALID_IMAGE_URL,0,0,NONE,0
RMVM_S_ace0deaad0,Mặt Trời Bé Con (Live),"Thùy Linh, 8 the Theatre",POP_BALLAD,MISSING,NO_VALID_IMAGE_URL,0,0,NONE,0
RMVM_S_56c1d04e5c,Ta Lại Yêu Nhau,Hàn Khởi,POP_BALLAD,MISSING,NO_VALID_IMAGE_URL,0,0,NONE,0
RMVM_S_d5f953ba31,Lại Nhớ Người Yêu,Lê Sang,BOLERO_TRUTINH,MISSING,NO_VALID_IMAGE_URL,0,0,NONE,0
RMVM_S_dc6aab26c3,Cô Ấy Nói (Lofi Version),"Ngô Anh Đạt, Freak D",POP_BALLAD,MISSING,NO_VALID_IMAGE_URL,0,0,NONE,0
RMVM_S_10f4a1e397,Bài Ca Bên Cánh Võng,Tấn Minh,FOLK_TRADITIONAL,MISSING,NO_VALID_IMAGE_URL,0,0,NONE,0
RMVM_S_ff74bbc86f,Xa Một Người Còn Thương (Vinahouse),Du Thiên,DANCE_EDM,MISSING,NO_VALID_IMAGE_URL,0,0,NONE,0
RMVM_S_3bf04a0588,Để Cho Em Gánh,NgânT,POP_BALLAD,MISSING,NO_VALID_IMAGE_URL,0,0,NONE,0
RMVM_S_fcf59569a9,Cả Một Đời Người Xin Mượn Một Đoạn Đường,Gin Tuấn Kiệt,POP_BALLAD,MISSING,NO_VALID_IMAGE_URL,0,0,NONE,0
RMVM_S_e4972eff44,Không Thể Yêu Ai Được Nữa (Cover),Chiến Lê,POP_BALLAD,MISSING,NO_VALID_IMAGE_URL,0,0,NONE,0
RMVM_S_c788218c33,Tình Yêu Hai Thế Giới 1,Dukytnt Lee,POP_BALLAD,MISSING,NO_VALID_IMAGE_URL,0,0,NONE,0
RMVM_S_83f1bceb73,Thương (Acoustic Version),Reddy,POP_BALLAD,MISSING,NO_VALID_IMAGE_URL,0,0,NONE,0
RMVM_S_806d45a2da,Vằng Trăng Cô Đơn (Chạm Liveshow),Ưng Hoàng Phúc,POP_BALLAD,MISSING,NO_VALID_IMAGE_URL,0,0,NONE,0
RMVM_S_41c88d2531,Nỗi Nhớ Mưa Phai,Khang Lê,BOLERO_TRUTINH,MISSING,NO_VALID_IMAGE_URL,0,0,NONE,0
RMVM_S_8df33283d3,Nhưng Anh Vẫn Yêu Em (Beat Không Bè),Phạm Đình Thái Ngân,POP_BALLAD,MISSING,NO_VALID_IMAGE_URL,0,0,NONE,0
RMVM_S_3c2eff5956,Ngỡ Là Bạn Bè Thôi,Gia Tiến,POP_BALLAD,MISSING,NO_VALID_IMAGE_URL,0,0,NONE,0
RMVM_S_5cd09c1c12,Đôi Môi Ngây Dại,"Hải Đăng Doo, Weeza",POP_BALLAD,MISSING,NO_VALID_IMAGE_URL,0,0,NONE,0
RMVM_S_f048300b8d,Cafe Đắng Hơn Rồi Em,Trịnh Thiên Ân,POP_BALLAD,MISSING,NO_VALID_IMAGE_URL,0,0,NONE,0
RMVM_S_e0483891bd,Anh Bỏ Ngoài Tai Lời Gièm Pha (Remix),"Thái Thành Công, Lâm Chấn Hải",DANCE_EDM,MISSING,NO_VALID_IMAGE_URL,0,0,NONE,0
RMVM_S_dba6f0dd08,Đánh Mất Anh (HM Remix),Mai Tiger,POP_BALLAD,MISSING,NO_VALID_IMAGE_URL,0,0,NONE,0
RMVM_S_485ff4e462,Ai Ai Ai,Mây Trắng,POP_BALLAD,MISSING,NO_VALID_IMAGE_URL,0,0,NONE,0
RMVM_S_d30c44d2d1,Duyên Tình Hậu Giang (Mii Remix),Như Ngọc,DANCE_EDM,MISSING,NO_VALID_IMAGE_URL,0,0,NONE,0
RMVM_S_3b42aacdff,Con Sông Tuổi Thơ Tôi,Trung Nghĩa,BOLERO_TRUTINH,MISSING,NO_VALID_IMAGE_URL,0,0,NONE,0
RMVM_S_e9e90d8607,Kết Thúc Chia Ly,Trường Kha,POP_BALLAD,MISSING,NO_VALID_IMAGE_URL,0,0,NONE,0
RMVM_S_d4dcebca68,Ngoại Già Xì Teen,Hoàng Tuấn Minh,BOLERO_TRUTINH,MISSING,NO_VALID_IMAGE_URL,0,0,NONE,0
RMVM_S_639a837639,Một Khúc Tương Tư (Remix),Gumin,POP_BALLAD,MISSING,NO_VALID_IMAGE_URL,0,0,NONE,0
RMVM_S_4bbf9d996e,Đêm Nay Một Mình,Đông Quốc Hùng,POP_BALLAD,MISSING,NO_VALID_IMAGE_URL,0,0,NONE,0
RMVM_S_e901eaeab9,LK Như Một Cơn Mê,"Khưu Huy Vũ, Duy Trường, Dương Hồng Loan",BOLERO_TRUTINH,MISSING,NO_VALID_IMAGE_URL,0,0,NONE,0
RMVM_S_5c52f5dbe8,Không Còn Thương Nhớ Người Yêu,Hoàng Việt Trang,POP_BALLAD,MISSING,NO_VALID_IMAGE_URL,0,0,NONE,0
RMVM_S_59282448cd,Hiếm Có Khó Tìm,"JSOL, Han Sara",POP_BALLAD,MISSING,NO_VALID_IMAGE_URL,0,0,NONE,0
RMVM_S_995c4bb083,Hết Duyên Tình Tan,"Hoàng Minh, Lương Gia Hùng",POP_BALLAD,MISSING,NO_VALID_IMAGE_URL,0,0,NONE,0
RMVM_S_cb79bddb13,Dô Là Dô,Nông Dân Sound,POP_BALLAD,MISSING,NO_VALID_IMAGE_URL,0,0,NONE,0
RMVM_S_11fd9a42bc,Ngày Ấy Không Trở Lại,Lý Hải,POP_BALLAD,MISSING,NO_VALID_IMAGE_URL,0,0,NONE,0
RMVM_S_fa80df1ec0,Anh Ơi Ở Lại,Nhiều nghệ sĩ,POP_BALLAD,MISSING,NO_VALID_IMAGE_URL,0,0,NONE,0
RMVM_S_45a5916c3a,Little Sài Gòn,Justin Nguyễn,INSTRUMENTAL,MISSING,NO_VALID_IMAGE_URL,0,0,NONE,0
RMVM_S_9c6f1c1309,Long An Khúc Hát Trao Duyên,"Văn Hương, Lý Thu Thảo",BOLERO_TRUTINH,MISSING,NO_VALID_IMAGE_URL,0,0,NONE,0
RMVM_S_b562d7dd41,Dưới Ánh Đèn Sân Khấu,HA Live,POP_BALLAD,MISSING,NO_VALID_IMAGE_URL,0,0,NONE,0
RMVM_S_28df804529,Mất Em Thật Rồi (Remix) (Beat),"Đình Phong, DZ",POP_BALLAD,MISSING,NO_VALID_IMAGE_URL,0,0,NONE,0
RMVM_S_e11705b43d,Ăn Khế Trả Vàng,Bảo Trân,CHILDREN,MISSING,NO_VALID_IMAGE_URL,0,0,NONE,0
RMVM_S_6f9f130120,Em Ơi Ví Dầu,Đan Trường,POP_BALLAD,MISSING,NO_VALID_IMAGE_URL,0,0,NONE,0
RMVM_S_5872251864,Con Không Một Mình,Bá Vương,POP_BALLAD,MISSING,NO_VALID_IMAGE_URL,0,0,NONE,0
RMVM_S_26df62a035,Mèo Hoang,"Anh Nguyễn, Mai Tiến Đạt",POP_BALLAD,MISSING,NO_VALID_IMAGE_URL,0,0,NONE,0
RMVM_S_92d95fb67e,Cầu Hôn (Cover),Juky San,POP_BALLAD,MISSING,NO_VALID_IMAGE_URL,0,0,NONE,0
RMVM_S_e2bfc2ca03,Phải Kết Thúc,Ji Anh Tuấn,POP_BALLAD,MISSING,NO_VALID_IMAGE_URL,0,0,NONE,0
RMVM_S_ab52a83bad,Xe Đạp,"Minh Vương M4U, Hương Ly, ACV",POP_BALLAD,MISSING,NO_VALID_IMAGE_URL,0,0,NONE,0
RMVM_S_b663cf938d,Cạn Tình Như Thế,"DICKSON, Thành Đạt, Lê Chí Trung",POP_BALLAD,MISSING,NO_VALID_IMAGE_URL,0,0,NONE,0
RMVM_S_7ef79817cc,Cũng Hóa Người Dưng,Vũ Phan Dương Ninh,POP_BALLAD,MISSING,NO_VALID_IMAGE_URL,0,0,NONE,0
RMVM_S_74e0c627fc,Điều Em Cất Giữ,Nheo,POP_BALLAD,MISSING,NO_VALID_IMAGE_URL,0,0,NONE,0
RMVM_S_45212d3dee,Chỉ Cần Độ Nàng Chẳng Cần Độ Ta,Trương Y Du,POP_BALLAD,MISSING,NO_VALID_IMAGE_URL,0,0,NONE,0
RMVM_S_c57caa237e,Bụi Trần,Jin Tuấn Nam,POP_BALLAD,MISSING,NO_VALID_IMAGE_URL,0,0,NONE,0
RMVM_S_53d4736bfb,Anh Sẽ Mạnh Mẽ Yêu Em,Mr. Siro,POP_BALLAD,MISSING,NO_VALID_IMAGE_URL,0,0,NONE,0
RMVM_S_ad19b38f43,LK Mắt Thu & Tuổi Xa Người,"Trần Thái Hòa, Hương Giang",INSTRUMENTAL,MISSING,NO_VALID_IMAGE_URL,0,0,NONE,0
RMVM_S_b00c6e2f8c,Con Phải Làm Sao,Bùi Công Nam,POP_BALLAD,MISSING,NO_VALID_IMAGE_URL,0,0,NONE,0
RMVM_S_997820e166,Chuyện Thường Tình Thế Thôi,Hồng Ngọc,POP_BALLAD,MISSING,NO_VALID_IMAGE_URL,0,0,NONE,0
RMVM_S_d347bc68dd,Anh Sẽ Để Em Đi,Kidz,POP_BALLAD,MISSING,NO_VALID_IMAGE_URL,0,0,NONE,0
RMVM_S_5ae41acb6a,Anh Nắm Tay Em Buông Tay,Triều Hải,POP_BALLAD,MISSING,NO_VALID_IMAGE_URL,0,0,NONE,0
RMVM_S_909e4f54c0,Nắng Trong Mưa,Lâm Nguyên,POP_BALLAD,MISSING,NO_VALID_IMAGE_URL,0,0,NONE,0
RMVM_S_cf2075173c,Có Lẽ Bên Nhau Là Sai (MUS Remix),"HHD, thaolinh, ViAM",DANCE_EDM,MISSING,NO_VALID_IMAGE_URL,0,0,NONE,0
RMVM_S_0f917acc88,Chuyện Hai Đứa Mình,Dương Hồng Loan,BOLERO_TRUTINH,MISSING,NO_VALID_IMAGE_URL,0,0,NONE,0
RMVM_S_4a1ed933be,Đừng Thương Tôi,"Lina Nguyễn, Lê Trần Media",POP_BALLAD,MISSING,NO_VALID_IMAGE_URL,0,0,NONE,0
RMVM_S_022ea32d5f,Em Mãi Là Người Thay Thế,Trương Linh Đan,POP_BALLAD,MISSING,NO_VALID_IMAGE_URL,0,0,NONE,0
RMVM_S_43d0234d6a,Cánh Võng Mẹ Ru,Đặng Thái Hiển,POP_BALLAD,MISSING,NO_VALID_IMAGE_URL,0,0,NONE,0
RMVM_S_65ad191b5c,Giờ Đây Con Khôn Lớn (Parody),Hoàng Hồng Quân,POP_BALLAD,MISSING,NO_VALID_IMAGE_URL,0,0,NONE,0
RMVM_S_8d36c4404d,MƯA THÁNG SÁU (solo version),"Trung Quân, Hứa Kim Tuyền",POP_BALLAD,MISSING,NO_VALID_IMAGE_URL,0,0,NONE,0
RMVM_S_2bbc794da0,Đã Quá Trễ Để Anh Tha Thứ Cho Em,Tim,BOLERO_TRUTINH,MISSING,NO_VALID_IMAGE_URL,0,0,NONE,0
RMVM_S_a77883e132,Buồn Thì Cứ Khóc Đi,"JSOL, CARA, Hoàng Duyên",POP_BALLAD,MISSING,NO_VALID_IMAGE_URL,0,0,NONE,0
RMVM_S_a573f95998,Tâm Tình Sinh Viên,"Nguyễn Văn Thông, Võ Đình Hiếu",BOLERO_TRUTINH,MISSING,NO_VALID_IMAGE_URL,0,0,NONE,0
RMVM_S_7e6e5580d0,Liệu Ta Sẽ,"Phạm Đình Thái Ngân, Annie",POP_BALLAD,MISSING,NO_VALID_IMAGE_URL,0,0,NONE,0
RMVM_S_2f0f071454,Bae Bae ! Yêu Anh Nhé (Cô Vợ Con Nít OST),"Đạt JeNoo, Sơn Trung",POP_BALLAD,MISSING,NO_VALID_IMAGE_URL,0,0,NONE,0
RMVM_S_b1639fae4a,Hạt Mưa Vương Vấn,Phan Duy Anh,POP_BALLAD,MISSING,NO_VALID_IMAGE_URL,0,0,NONE,0
RMVM_S_9df26ba90f,Anh Không Quen Thiếu Em,CzEight,POP_BALLAD,MISSING,NO_VALID_IMAGE_URL,0,0,NONE,0
RMVM_S_bd37d04440,Chuyện Tình Của Em,"Don Hồ, Châu Ngọc",INSTRUMENTAL,MISSING,NO_VALID_IMAGE_URL,0,0,NONE,0
RMVM_S_7d29133542,Anh Không Muốn Làm Người Lạ,Lữ Kiến Hào,POP_BALLAD,MISSING,NO_VALID_IMAGE_URL,0,0,NONE,0
RMVM_S_9e19742303,Nhật Ký Của Anh,"Lil Z, Huỳnh Phi Hùng",POP_BALLAD,MISSING,NO_VALID_IMAGE_URL,0,0,NONE,0
RMVM_S_77bb185be3,Đôi Mắt (Cover),Tạ Minh Thành,POP_BALLAD,MISSING,NO_VALID_IMAGE_URL,0,0,NONE,0
RMVM_S_e8186211d1,Dòng Sông Không Trở Lại,"Trường Kha, Nguyên Huy",BOLERO_TRUTINH,MISSING,NO_VALID_IMAGE_URL,0,0,NONE,0
RMVM_S_2f7a25b2e5,Mảnh Tim Vỡ,"EnTi TK, KaWaiiBi",RAP_HIPHOP,MISSING,NO_VALID_IMAGE_URL,0,0,NONE,0
RMVM_S_05a25517c3,Đâu Còn Đây (HHD Remix),"Nal, Lee Ken, HHD",DANCE_EDM,MISSING,NO_VALID_IMAGE_URL,0,0,NONE,0
RMVM_S_9f40f3e833,Đang Yên Đang Lành,"Hoàng Rapper, Tim, Bảo Kun",POP_BALLAD,MISSING,NO_VALID_IMAGE_URL,0,0,NONE,0
RMVM_S_d38f23fb8c,Nét Đẹp Á Đông,Bảo Hân Bolero,POP_BALLAD,MISSING,NO_VALID_IMAGE_URL,0,0,NONE,0
RMVM_S_2617bc161b,Ai Từng Chân Thành Vì Em,Viên Xuân Sư,POP_BALLAD,MISSING,NO_VALID_IMAGE_URL,0,0,NONE,0
RMVM_S_3aff260f3e,Em Mới Là Người Yêu Anh,MIN,POP_BALLAD,MISSING,NO_VALID_IMAGE_URL,0,0,NONE,0
RMVM_S_716b66254a,Lời Đường Mật (Remix),"LyLy, HIEUTHUHAI",POP_BALLAD,MISSING,NO_VALID_IMAGE_URL,0,0,NONE,0
RMVM_S_9b8c8fc46f,Đời Hoa Trắng,Lưu Ánh Loan,BOLERO_TRUTINH,MISSING,NO_VALID_IMAGE_URL,0,0,NONE,0
RMVM_S_80c42f8c5c,Hận Mình Tay Trắng (Yang Remix),Thành Đạt,DANCE_EDM,MISSING,NO_VALID_IMAGE_URL,0,0,NONE,0
RMVM_S_16a7d1ce4c,Con Đường Mưa (Ciray Remix),Thương Võ,DANCE_EDM,MISSING,NO_VALID_IMAGE_URL,0,0,NONE,0
RMVM_S_527f827241,Cho Con Trọn Chữ Hiếu,"Ngọc Linh, Nguyễn Hồng Thuận",POP_BALLAD,MISSING,NO_VALID_IMAGE_URL,0,0,NONE,0
RMVM_S_49b9e8413d,Anh Cũng Biết Đau,"EnTi TK, Quân Táo, KaWaiiBi",RAP_HIPHOP,MISSING,NO_VALID_IMAGE_URL,0,0,NONE,0
RMVM_S_ad330cf699,Mình Làm Người Yêu Nhé Em (Beat),Anh Tú,POP_BALLAD,MISSING,NO_VALID_IMAGE_URL,0,0,NONE,0
RMVM_S_6c2d8909bc,Trái Tim Đông Người (Acoustic),"Khắc Việt, Tùng Acoustic",POP_BALLAD,MISSING,NO_VALID_IMAGE_URL,0,0,NONE,0
RMVM_S_0279bea8e0,Nếu Hôm Nay Là Ngày Tận Cuối Để Yêu,Đinh Hương,POP_BALLAD,MISSING,NO_VALID_IMAGE_URL,0,0,NONE,0
RMVM_S_8d0018afe9,Ai Ra Xứ Huế,"Phương Thùy, Đông Quân",BOLERO_TRUTINH,MISSING,NO_VALID_IMAGE_URL,0,0,NONE,0
RMVM_S_f36ee5d3c9,Bạc Như Giấy Trắng,Nhật Kim Anh,BOLERO_TRUTINH,MISSING,NO_VALID_IMAGE_URL,0,0,NONE,0
RMVM_S_50397fcd4c,Men Cay Tình Đời,Mai Tiến Đạt,POP_BALLAD,MISSING,NO_VALID_IMAGE_URL,0,0,NONE,0
RMVM_S_01c7513c64,Âm Thanh Mùa Xuân,NAM DaBand,POP_BALLAD,MISSING,NO_VALID_IMAGE_URL,0,0,NONE,0
RMVM_S_69e373a37e,Chỉ Là Cái Tha Thu Mà Tùng Mashup Lên Thôi (Official Remix ),"Củ Cải, Masew",DANCE_EDM,MISSING,NO_VALID_IMAGE_URL,0,0,NONE,0
RMVM_S_c27ef1d635,Anh Và Mùa Đông,Đặng Dinh,POP_BALLAD,MISSING,NO_VALID_IMAGE_URL,0,0,NONE,0
RMVM_S_e8c1a63ffb,Cuốn Sách Mẹ Tôi Thường Nói,"ICD, Tom",POP_BALLAD,MISSING,NO_VALID_IMAGE_URL,0,0,NONE,0
RMVM_S_bb510bc869,Bình Yên Ơi,"Nguyễn Hoàng Nam, Tina Ngọc Nữ",POP_BALLAD,MISSING,NO_VALID_IMAGE_URL,0,0,NONE,0
RMVM_S_8decaa8a8e,Mắt Em Khi Cười,Teddy,POP_BALLAD,MISSING,NO_VALID_IMAGE_URL,0,0,NONE,0
RMVM_S_5370890ad1,Đủ Xa Tình Sẽ Cũ,JSOL,POP_BALLAD,MISSING,NO_VALID_IMAGE_URL,0,0,NONE,0
RMVM_S_7c73293bcc,Món Quà Đầu Tiên,Nguyễn Minh Hải,POP_BALLAD,MISSING,NO_VALID_IMAGE_URL,0,0,NONE,0
RMVM_S_8390c6a9e3,Kiếp Ngục Tù,Gia Huy Singer,POP_BALLAD,MISSING,NO_VALID_IMAGE_URL,0,0,NONE,0
RMVM_S_35b151f22b,Dĩ Vãng Nhạt Nhòa (Cover),Hà Nhi,POP_BALLAD,MISSING,NO_VALID_IMAGE_URL,0,0,NONE,0
RMVM_S_5b73b9336a,Liên Khúc Nếu Anh Đừng Hẹn - Tâm Sự Với Anh,"Quân Bảo, Quỳnh Trang",BOLERO_TRUTINH,MISSING,NO_VALID_IMAGE_URL,0,0,NONE,0
RMVM_S_5eefa5aebe,Câu Hẹn Câu Thề,"Hoàng Dũng, BCLC",POP_BALLAD,MISSING,NO_VALID_IMAGE_URL,0,0,NONE,0
RMVM_S_abfb15b5c2,Chia Tay Tuyệt Tình,Lâm Temboys,POP_BALLAD,MISSING,NO_VALID_IMAGE_URL,0,0,NONE,0
RMVM_S_2aa46d8547,Không Dừng Lại Được,"Đông, yeuquaimohihi",RAP_HIPHOP,MISSING,NO_VALID_IMAGE_URL,0,0,NONE,0
RMVM_S_8abdc9107b,Ai Cũng Có Một Mối Tình Buồn,Vicky Nhung,POP_BALLAD,MISSING,NO_VALID_IMAGE_URL,0,0,NONE,0
RMVM_S_19fe9159af,Trái Tim Yếu Đuối,Thúy Vân,POP_BALLAD,MISSING,NO_VALID_IMAGE_URL,0,0,NONE,0
RMVM_S_5215ad94e7,Biết Yêu Là Thế,"CZEE, Shanhao",RB_SOUL,MISSING,NO_VALID_IMAGE_URL,0,0,NONE,0
RMVM_S_3d76c6d1b0,Anh Và Bạn Tôi,"NgânT, Yuki Bo",POP_BALLAD,MISSING,NO_VALID_IMAGE_URL,0,0,NONE,0
RMVM_S_6ffd6e2c2e,Hà Nội Mùa Thu,Thùy Dung,BOLERO_TRUTINH,MISSING,NO_VALID_IMAGE_URL,0,0,NONE,0
RMVM_S_da71394d09,Tháng 7 Của Anh (Masew Mix),"Khói, Masew",RAP_HIPHOP,MISSING,NO_VALID_IMAGE_URL,0,0,NONE,0
RMVM_S_81526686ab,Phố Xuân,Kitty Ngọc Nhi,CHILDREN,MISSING,NO_VALID_IMAGE_URL,0,0,NONE,0
RMVM_S_884f63567c,Giờ Đã Không Còn Nữa,Trần Thắng,BOLERO_TRUTINH,MISSING,NO_VALID_IMAGE_URL,0,0,NONE,0
RMVM_S_de354c3ed4,Chẳng Ai Thay Thế Được Em (Prod. Hải Ma),Double2T,POP_BALLAD,MISSING,NO_VALID_IMAGE_URL,0,0,NONE,0
RMVM_S_520ce7a551,Lời Hứa Bỏ Quên,Đỗ Hoàng Dương,POP_BALLAD,MISSING,NO_VALID_IMAGE_URL,0,0,NONE,0
RMVM_S_95552aeb06,Anh Quá Khó Phải Không Em (Remix),Đoàn Việt Phương,POP_BALLAD,MISSING,NO_VALID_IMAGE_URL,0,0,NONE,0
RMVM_S_955dace2f5,Đôi Mắt Biết Nói Dối,CeCe Trương,POP_BALLAD,MISSING,NO_VALID_IMAGE_URL,0,0,NONE,0
RMVM_S_29ae046f4d,Có Chút Lo Lắng Về Tình Yêu,Dương Yến Phi,POP_BALLAD,MISSING,NO_VALID_IMAGE_URL,0,0,NONE,0
RMVM_S_30c6c373fb,Em Đau Ở Đây,T Blish,POP_BALLAD,MISSING,NO_VALID_IMAGE_URL,0,0,NONE,0
RMVM_S_f664a6047d,Lk Phải Lòng Con Gái Bến Tre Áo Mới Cà Mau,"Lưu Ánh Loan, Lưu Chí Vỹ",POP_BALLAD,MISSING,NO_VALID_IMAGE_URL,0,0,NONE,0
RMVM_S_e60f95234d,Chợt Nhớ Về Anh (Studio Session),Hồ Ngọc Hà,POP_BALLAD,MISSING,NO_VALID_IMAGE_URL,0,0,NONE,0
RMVM_S_05d309d46e,Người Lạ Đã Từng Thương,Nhật Tinh Anh,POP_BALLAD,MISSING,NO_VALID_IMAGE_URL,0,0,NONE,0
RMVM_S_73fa6e04cb,Ngày Đá Đơm Bông,Bảo Hân Bolero,BOLERO_TRUTINH,MISSING,NO_VALID_IMAGE_URL,0,0,NONE,0
RMVM_S_eb200bbb62,Tiếng Chày Trên Sóc Boom Boom,Hoàng Tú Minh,BOLERO_TRUTINH,MISSING,NO_VALID_IMAGE_URL,0,0,NONE,0
RMVM_S_68b609a51a,Công Ơn Hùng Vương,"Ruby Bảo An, Công Quốc",CHILDREN,MISSING,NO_VALID_IMAGE_URL,0,0,NONE,0
RMVM_S_06492041f2,7 tỷ người tìm thấy anh rồi,Orange,POP_BALLAD,MISSING,NO_VALID_IMAGE_URL,0,0,NONE,0
RMVM_S_d937e76c70,Anh Cũng Lỡ Yêu Em Rồi (Remix),Cao Nam Thành,DANCE_EDM,MISSING,NO_VALID_IMAGE_URL,0,0,NONE,0
RMVM_S_ef229837ff,Lý Do... Anh Bỏ Em Vào Balo,Tân Trần,POP_BALLAD,MISSING,NO_VALID_IMAGE_URL,0,0,NONE,0
RMVM_S_caf946bc3d,Bởi Vì Em Tin,Nhật Kim Anh,BOLERO_TRUTINH,MISSING,NO_VALID_IMAGE_URL,0,0,NONE,0
RMVM_S_60e31ecab9,Cho Anh Quyền Kiêu Hãnh,Thành Đạt,POP_BALLAD,MISSING,NO_VALID_IMAGE_URL,0,0,NONE,0
RMVM_S_182c7a54ac,Em Muốn Quên Đi (Tropical House),Trung Tự,DANCE_EDM,MISSING,NO_VALID_IMAGE_URL,0,0,NONE,0
RMVM_S_15db0094f7,Có Những Chiều (Cover),Music 30 - 365,POP_BALLAD,MISSING,NO_VALID_IMAGE_URL,0,0,NONE,0
RMVM_S_43374524b8,Bên Em Quên Đêm Đen,"ImD, Shi-G, Tiến Dũng",POP_BALLAD,MISSING,NO_VALID_IMAGE_URL,0,0,NONE,0
RMVM_S_e6ceac0c92,Tâm Sự Chàng Ca Sĩ,Võ Minh Lê,POP_BALLAD,MISSING,NO_VALID_IMAGE_URL,0,0,NONE,0
RMVM_S_f2fb45d1c5,Vô Cùng (Cover),Quốc Thiên,POP_BALLAD,MISSING,NO_VALID_IMAGE_URL,0,0,NONE,0
RMVM_S_fd1fe3c88b,Cho Bạn Cho Tôi,"CARA, Hoàng Duyên, JSOL",POP_BALLAD,MISSING,NO_VALID_IMAGE_URL,0,0,NONE,0
RMVM_S_cd73993f78,Anh Ghét Những Cơn Mưa,Hiếu Nghĩa,POP_BALLAD,MISSING,NO_VALID_IMAGE_URL,0,0,NONE,0
RMVM_S_7bd16e5bfe,999 Đóa Hồng (Remix),Khương Hùng,POP_BALLAD,MISSING,NO_VALID_IMAGE_URL,0,0,NONE,0
RMVM_S_6063a13e2a,Tơ Hồng Tình Đã Se Duyên,Hiền Trang,FOLK_TRADITIONAL,MISSING,NO_VALID_IMAGE_URL,0,0,NONE,0
RMVM_S_bee78e8609,Nỗi Buồn Không Tên,Quốc Đại,BOLERO_TRUTINH,MISSING,NO_VALID_IMAGE_URL,0,0,NONE,0
RMVM_S_4bfee06a65,Thiên Sơn Vạn Thủy Của Em,Thiên Tú,POP_BALLAD,MISSING,NO_VALID_IMAGE_URL,0,0,NONE,0
RMVM_S_277fdbd6ce,Liên Khúc Đường Tím Bằng Lăng - Vì Lỡ Thương Nhau,"Đạt Võ, Kim Ryna",BOLERO_TRUTINH,MISSING,NO_VALID_IMAGE_URL,0,0,NONE,0
RMVM_S_74fdc8c909,Anh Chọn Cô Đơn,Viết Long,POP_BALLAD,MISSING,NO_VALID_IMAGE_URL,0,0,NONE,0
RMVM_S_ade707e8d6,Anh Em MaCau (SinKra remix),"Sakhar, Xavi",POP_BALLAD,MISSING,NO_VALID_IMAGE_URL,0,0,NONE,0
RMVM_S_af4406e4bc,Kẻ Say Rượu,Thiên Tú,POP_BALLAD,MISSING,NO_VALID_IMAGE_URL,0,0,NONE,0
RMVM_S_c5b61253e4,Chờ Đợi Người Xưa,Băng Tình,POP_BALLAD,MISSING,NO_VALID_IMAGE_URL,0,0,NONE,0
RMVM_S_26294abe5a,3am & Healing,"Larria., Trung Tâm Băng Đĩa Lậu Hải Ngoại",POP_BALLAD,MISSING,NO_VALID_IMAGE_URL,0,0,NONE,0
RMVM_S_acb937043a,Bài Ca Sông Hồng,Bức Tường,ROCK,MISSING,NO_VALID_IMAGE_URL,0,0,NONE,0
RMVM_S_12c62fa7dd,Biển Chiều Hoàng Hôn,Đông Hùng,POP_BALLAD,MISSING,NO_VALID_IMAGE_URL,0,0,NONE,0
RMVM_S_cdcef3c631,Dáng Em,Bằng Kiều,INSTRUMENTAL,MISSING,NO_VALID_IMAGE_URL,0,0,NONE,0
RMVM_S_2506d628c4,Có Cô Đơn Nào Vui,Nguyễn Hữu Kha,POP_BALLAD,MISSING,NO_VALID_IMAGE_URL,0,0,NONE,0
RMVM_S_ba6fde221c,Anh Chỉ Cần Có Em,Trương Quốc Quý,POP_BALLAD,MISSING,NO_VALID_IMAGE_URL,0,0,NONE,0
RMVM_S_ebf3d6d137,Ghen Chỉ Vì Yêu,Lâm Chấn Huy,POP_BALLAD,MISSING,NO_VALID_IMAGE_URL,0,0,NONE,0
RMVM_S_71551814f3,0 AI NGHĨ,Wxrdie,POP_BALLAD,MISSING,NO_VALID_IMAGE_URL,0,0,NONE,0
RMVM_S_241c2c8035,Đau Một Lần Rồi Thôi,"Uyên Trang, Trần Tâm",POP_BALLAD,MISSING,NO_VALID_IMAGE_URL,0,0,NONE,0
RMVM_S_ab46517301,Hà Giang Quê Hương Tôi,Mỹ Anh,BOLERO_TRUTINH,MISSING,NO_VALID_IMAGE_URL,0,0,NONE,0
RMVM_S_a551b1b29b,Vô Cực Nhớ Em,Lil Z,POP_BALLAD,MISSING,NO_VALID_IMAGE_URL,0,0,NONE,0
RMVM_S_9927d0d974,Cơn Mơ Tình Ái,"Lưu Ánh Loan, Nhật Duy",BOLERO_TRUTINH,MISSING,NO_VALID_IMAGE_URL,0,0,NONE,0
RMVM_S_38c5c37aad,Xin Cho Mãi Yêu,"Vicky Nhung, Long Rex",POP_BALLAD,MISSING,NO_VALID_IMAGE_URL,0,0,NONE,0
RMVM_S_a40bc4327b,Tâm Sự Một Người Lần Đầu Làm Ba,Sang Bùi,POP_BALLAD,MISSING,NO_VALID_IMAGE_URL,0,0,NONE,0
RMVM_S_68137a80a8,Có Ai Đi Hoài Một Lối?,"Yến Tattoo, Quân A.P",POP_BALLAD,MISSING,NO_VALID_IMAGE_URL,0,0,NONE,0
RMVM_S_287ee0ddee,Lạc Vào Cô Đơn,Thiên Tú,POP_BALLAD,MISSING,NO_VALID_IMAGE_URL,0,0,NONE,0
RMVM_S_2191f64874,Trên Chuyến Xe Lam,Hồ Quốc Bửu,POP_BALLAD,MISSING,NO_VALID_IMAGE_URL,0,0,NONE,0
RMVM_S_f41c739bac,Hôm Nay Mùa Xuân (Sài Gòn Trong Cơn Mưa OST),Avin Lu,POP_BALLAD,MISSING,NO_VALID_IMAGE_URL,0,0,NONE,0
RMVM_S_8d767861f5,Bước Za Đi Xa,"Wxrdie, Marlykid, Lucin3x",POP_BALLAD,MISSING,NO_VALID_IMAGE_URL,0,0,NONE,0
RMVM_S_761a3999b2,Giọt Nắng Hồng,Mai Khôi,BOLERO_TRUTINH,MISSING,NO_VALID_IMAGE_URL,0,0,NONE,0
RMVM_S_ed331bf539,Chuyện Hoa Sim,Mai Lệ Quyên,BOLERO_TRUTINH,MISSING,NO_VALID_IMAGE_URL,0,0,NONE,0
RMVM_S_4d9b381653,Có Tiếc Tình Đầu,Ngô Minh Huy,POP_BALLAD,MISSING,NO_VALID_IMAGE_URL,0,0,NONE,0
RMVM_S_ca30aa6a70,Liên Khúc Nếu Em Được Lựa Chọn - Để Nhớ Một Thời Ta Đã Yêu (Xuân Phát Tài 11),Lệ Quyên,BOLERO_TRUTINH,MISSING,NO_VALID_IMAGE_URL,0,0,NONE,0
RMVM_S_73985ca385,Kết Thúc Được Rồi,"UKI Uyen, Freaky",POP_BALLAD,MISSING,NO_VALID_IMAGE_URL,0,0,NONE,0
RMVM_S_a2e9efe895,Xin Lỗi! Em Không Cần,Tăng Quỳnh My,POP_BALLAD,MISSING,NO_VALID_IMAGE_URL,0,0,NONE,0
RMVM_S_5fda12da6c,Mối Tình Già,"Khưu Huy Vũ, Lê Như",BOLERO_TRUTINH,MISSING,NO_VALID_IMAGE_URL,0,0,NONE,0
RMVM_S_374fceb3c6,Nụ Hôn Bất Ngờ,Thu Hiền Hellen,POP_BALLAD,MISSING,NO_VALID_IMAGE_URL,0,0,NONE,0
RMVM_S_2863cbb1d2,CHO EM MỘT NGÀY (feat. Thanh Lam & Orange),"OUR SONG VIETNAM, Thanh Lam, Orange",POP_BALLAD,MISSING,NO_VALID_IMAGE_URL,0,0,NONE,0
RMVM_S_01720439fd,Hạnh Phúc Nhỏ,Nguyễn Chí Tâm,POP_BALLAD,MISSING,NO_VALID_IMAGE_URL,0,0,NONE,0
RMVM_S_b4e78fa68b,ANH SẼ CHỜ EM,Qiti,POP_BALLAD,MISSING,NO_VALID_IMAGE_URL,0,0,NONE,0
RMVM_S_53c7b037d3,Giọt Sầu Trinh Nữ,Mai Thiên Vân,INSTRUMENTAL,MISSING,NO_VALID_IMAGE_URL,0,0,NONE,0
RMVM_S_a4251e1a31,Về Với Thực Tại,Lâm Triệu Vỹ,POP_BALLAD,MISSING,NO_VALID_IMAGE_URL,0,0,NONE,0
RMVM_S_7ed0aebb35,Là Vì Ai (Another Version),The Sheep,POP_BALLAD,MISSING,NO_VALID_IMAGE_URL,0,0,NONE,0
RMVM_S_88fe74f8c5,Từ Nay Còn Ta Với Ta Lưu Lạc,Lee Phú Quý,POP_BALLAD,MISSING,NO_VALID_IMAGE_URL,0,0,NONE,0
RMVM_S_6112c4198f,Đau Thương Em Phải Mang,Lâm Triệu Minh,POP_BALLAD,MISSING,NO_VALID_IMAGE_URL,0,0,NONE,0
RMVM_S_4397405311,Ôi Tình Yêu (Cover) (Remix),Lê Yến Vy,POP_BALLAD,MISSING,NO_VALID_IMAGE_URL,0,0,NONE,0
RMVM_S_b539afc1a0,Đánh Thức Giấc Mơ,Hà Văn Đông,POP_BALLAD,MISSING,NO_VALID_IMAGE_URL,0,0,NONE,0
RMVM_S_bf5c8c9bea,Cứ Yêu Đi Nào,VOX,POP_BALLAD,MISSING,NO_VALID_IMAGE_URL,0,0,NONE,0
RMVM_S_61ef4dc0f5,Cưới Luôn Em Ơi,"Jin Tuấn Nam, RyoT",RAP_HIPHOP,MISSING,NO_VALID_IMAGE_URL,0,0,NONE,0
RMVM_S_66868d4ba2,Bước Tiến Bước,Nhiều nghệ sĩ,RAP_HIPHOP,MISSING,NO_VALID_IMAGE_URL,0,0,NONE,0
RMVM_S_e6d87356b1,Chị Ong Nâu Và Em Bé,Mầm Chồi Lá,CHILDREN,MISSING,NO_VALID_IMAGE_URL,0,0,NONE,0
RMVM_S_505cd5adfb,Ba Lời Thứ Tha,Đan Trường,POP_BALLAD,MISSING,NO_VALID_IMAGE_URL,0,0,NONE,0
RMVM_S_82379c78c6,Yêu Anh Em Nhé,Tuấn 2T,POP_BALLAD,MISSING,NO_VALID_IMAGE_URL,0,0,NONE,0
RMVM_S_f508ab7957,Đắp Mộ Cuộc Tình,"BeeBoss, Tuấn Chung",POP_BALLAD,MISSING,NO_VALID_IMAGE_URL,0,0,NONE,0
RMVM_S_55ae61bebf,Áo Nhà Binh,Gia Tiến,POP_BALLAD,MISSING,NO_VALID_IMAGE_URL,0,0,NONE,0
RMVM_S_e14683139e,Lỡ Duyên Khó Gặp,J.E.K Team,POP_BALLAD,MISSING,NO_VALID_IMAGE_URL,0,0,NONE,0
RMVM_S_8ea87a1082,Cô Ấy Không Yêu Tôi,Hùng Quân,POP_BALLAD,MISSING,NO_VALID_IMAGE_URL,0,0,NONE,0
RMVM_S_0a1d923423,Bài Không Tên Cuối Cùng & Bài Không Tên Cuối Cùng Trở Lại,Đào Kỳ Anh,POP_BALLAD,MISSING,NO_VALID_IMAGE_URL,0,0,NONE,0
RMVM_S_e4dcefec57,Đoạn Kết Cho Tình Yêu,Đỗ Minh Quân,POP_BALLAD,MISSING,NO_VALID_IMAGE_URL,0,0,NONE,0
RMVM_S_8524cb8ab1,Liên Khúc Gõ Cửa,"Đăng Nguyên, Quỳnh Vy",BOLERO_TRUTINH,MISSING,NO_VALID_IMAGE_URL,0,0,NONE,0
RMVM_S_93b4e31e95,Tình Ca Mùa Xuân,"Bùi Thúy, Trần Hữu Tuấn",FOLK_TRADITIONAL,MISSING,NO_VALID_IMAGE_URL,0,0,NONE,0
RMVM_S_e349161056,Chờ Mùa Đông Qua,Khải,POP_BALLAD,MISSING,NO_VALID_IMAGE_URL,0,0,NONE,0
RMVM_S_90c6c5bd79,Lỗi Lầm Tình Yêu,Nhật Kim Anh,POP_BALLAD,MISSING,NO_VALID_IMAGE_URL,0,0,NONE,0
RMVM_S_4a1c4f57c0,Chúng Ta Chỉ Giống Tình Yêu,Hoàng Green,POP_BALLAD,MISSING,NO_VALID_IMAGE_URL,0,0,NONE,0
RMVM_S_bdccfafb87,Mong Kiếp Sau Vẫn Là Anh Em,"Lưu Hưng, Dương Ngọc Thái",POP_BALLAD,MISSING,NO_VALID_IMAGE_URL,0,0,NONE,0
RMVM_S_7ba71ae410,Anh Là Của Em Đừng Của Ai,Kỳ Châu Ngọc Bích,POP_BALLAD,MISSING,NO_VALID_IMAGE_URL,0,0,NONE,0
RMVM_S_3c985ff761,Mơ Được Yêu,"Trung Tự, GAOTHOM",POP_BALLAD,MISSING,NO_VALID_IMAGE_URL,0,0,NONE,0
RMVM_S_a8e299abe3,Miền Tây Xuân Tình,"Hồng Phượng, Thiện Hảo",POP_BALLAD,MISSING,NO_VALID_IMAGE_URL,0,0,NONE,0
RMVM_S_5268bc0bb4,Phút Biệt Ly 2,Chí Thành Danh,POP_BALLAD,MISSING,NO_VALID_IMAGE_URL,0,0,NONE,0
RMVM_S_d25e5c570e,Anh Thương Em Còn Non Dại,"Đình Dũng, ACV",RAP_HIPHOP,MISSING,NO_VALID_IMAGE_URL,0,0,NONE,0
RMVM_S_57169875be,Anh Đã Cố Gắng,Dương Vỹ Phúc,POP_BALLAD,MISSING,NO_VALID_IMAGE_URL,0,0,NONE,0
RMVM_S_8fd652a2e5,Vì Anh Em Đành Lùi,AndyShin,POP_BALLAD,MISSING,NO_VALID_IMAGE_URL,0,0,NONE,0
RMVM_S_8f027077ca,Quyết Không Ngã Quỵ,Ngô Viết Trung,POP_BALLAD,MISSING,NO_VALID_IMAGE_URL,0,0,NONE,0
RMVM_S_4f19a53f18,Bước Ra Từ Cuộc Chơi,Nguyễn Đình Vũ,INSTRUMENTAL,MISSING,NO_VALID_IMAGE_URL,0,0,NONE,0
RMVM_S_fbe99a7aba,Một Ngày Vắng Anh,Thu Thủy,POP_BALLAD,MISSING,NO_VALID_IMAGE_URL,0,0,NONE,0
RMVM_S_7fabb1d27a,Quan Trọng Là Tâm Hồn,"Namlee, 1nG",POP_BALLAD,MISSING,NO_VALID_IMAGE_URL,0,0,NONE,0
RMVM_S_d7602e42c6,Giọt Lệ Mùa Đông,Nhật Kim Anh,POP_BALLAD,MISSING,NO_VALID_IMAGE_URL,0,0,NONE,0
RMVM_S_34600a6279,5 Vạn 7 Ngàn 600 Lần Nhớ Em,Thương,POP_BALLAD,MISSING,NO_VALID_IMAGE_URL,0,0,NONE,0
RMVM_S_482749d27f,Đậm Sâu Rồi Cũng Phai Tàn,Nguyễn Bảo Minh Long,POP_BALLAD,MISSING,NO_VALID_IMAGE_URL,0,0,NONE,0
RMVM_S_5289932bbc,Lỗi Lầm Của Anh,Hoàng Bách,POP_BALLAD,MISSING,NO_VALID_IMAGE_URL,0,0,NONE,0
RMVM_S_d55c5ebe7b,Bao Lời Hoa Mỹ,"Lynk Lee, Nah",POP_BALLAD,MISSING,NO_VALID_IMAGE_URL,0,0,NONE,0
RMVM_S_7863c8a0b6,Điều Ước Cho Con,Đình Trung,POP_BALLAD,MISSING,NO_VALID_IMAGE_URL,0,0,NONE,0
RMVM_S_cb9c218f5e,Anh Vẫn Ở Đây (Wan Remix),"Thành Đạt, HOA HỒNG DẠI MUSIC",DANCE_EDM,MISSING,NO_VALID_IMAGE_URL,0,0,NONE,0
RMVM_S_0703d4e508,Đã Biết Sẽ Có Ngày Hôm Qua,"Tim, Quỳnh Như",POP_BALLAD,MISSING,NO_VALID_IMAGE_URL,0,0,NONE,0
RMVM_S_1ce32a1657,Cứ Bước Đi Cùng Nhau,Espelune,POP_BALLAD,MISSING,NO_VALID_IMAGE_URL,0,0,NONE,0
RMVM_S_01c2d6b028,Sầu Vương Chi,Hàn Quốc Thắng,POP_BALLAD,MISSING,NO_VALID_IMAGE_URL,0,0,NONE,0
RMVM_S_22624a6d50,Ân Đoạn Nghĩa Tuyệt,Trương Chí Lâm,POP_BALLAD,MISSING,NO_VALID_IMAGE_URL,0,0,NONE,0
RMVM_S_4fff9f0bf3,Con Tim Anh Thay Đổi (Speed Up),Thủy Lê,POP_BALLAD,MISSING,NO_VALID_IMAGE_URL,0,0,NONE,0
RMVM_S_8538bd71b3,Mùa Xuân Có Em,Giang Trường,BOLERO_TRUTINH,MISSING,NO_VALID_IMAGE_URL,0,0,NONE,0
RMVM_S_a999f1b6ba,Em Gái Miền Tây,"H2K, Đía, Kunzing",POP_BALLAD,MISSING,NO_VALID_IMAGE_URL,0,0,NONE,0
RMVM_S_836b51e415,Chúc Mừng Hạnh Phúc,Mắt Ngọc,POP_BALLAD,MISSING,NO_VALID_IMAGE_URL,0,0,NONE,0
RMVM_S_ce2ac728d3,Cách Xa Muôn Đời (Đạt R Remix),"Billyy Công Hiền, TLong, HOA HỒNG DẠI MUSIC",INSTRUMENTAL,MISSING,NO_VALID_IMAGE_URL,0,0,NONE,0
RMVM_S_84a05b47fa,Ba Má Anh,"Nhật Bảo Luân, Bỉnh Tài",POP_BALLAD,MISSING,NO_VALID_IMAGE_URL,0,0,NONE,0
RMVM_S_fa82acf945,Càng Trưởng Thành Càng Cô Đơn / Gửi Người Yêu Cũ (Live),"Hồ Ngọc Hà, Ngọc Mai",POP_BALLAD,MISSING,NO_VALID_IMAGE_URL,0,0,NONE,0
RMVM_S_7f7734624a,Nắng Ấm Xa Dần (Onionn Remix),Sơn Tùng M-TP,DANCE_EDM,MISSING,NO_VALID_IMAGE_URL,0,0,NONE,0
RMVM_S_4510b57bc4,Như Lần Đầu,Nguyên Hà,POP_BALLAD,MISSING,NO_VALID_IMAGE_URL,0,0,NONE,0
RMVM_S_eed7a80274,Anh Thật Đáng Thương,"Đỗ Minh Quân, NBoro",POP_BALLAD,MISSING,NO_VALID_IMAGE_URL,0,0,NONE,0
RMVM_S_09bb21950e,Ai Cũng Yêu Chú Mèo,Khánh Vy,CHILDREN,MISSING,NO_VALID_IMAGE_URL,0,0,NONE,0
RMVM_S_ab8e7dc286,Anh Muốn Biết Sự Thật,Dương Nhất Linh,POP_BALLAD,MISSING,NO_VALID_IMAGE_URL,0,0,NONE,0
RMVM_S_288e393f55,Tình Là Chi,Giang Trường,BOLERO_TRUTINH,MISSING,NO_VALID_IMAGE_URL,0,0,NONE,0
RMVM_S_a1c3bde3ad,Bài Tango Cuối Cùng,Loan Châu,BOLERO_TRUTINH,MISSING,NO_VALID_IMAGE_URL,0,0,NONE,0
RMVM_S_324a966215,Bên Em Luôn Có Anh (Remix),Du Thiên,DANCE_EDM,MISSING,NO_VALID_IMAGE_URL,0,0,NONE,0
RMVM_S_04943f7e6a,Liên Khúc Chuyến Xe Lam Chiều,"Thùy Dương, Lưu Ánh Loan",BOLERO_TRUTINH,MISSING,NO_VALID_IMAGE_URL,0,0,NONE,0
RMVM_S_015099724d,Như Anh Chờ Em,Lai Xuân Tú,POP_BALLAD,MISSING,NO_VALID_IMAGE_URL,0,0,NONE,0
RMVM_S_5dbe26e519,Buồn Làm Chi Em Ơi (Ballad),Ngân Ngân,POP_BALLAD,MISSING,NO_VALID_IMAGE_URL,0,0,NONE,0
RMVM_S_cf7fe427a5,Mai Lỡ Mình Xa Nhau,"Hà My, Hoài Linh",BOLERO_TRUTINH,MISSING,NO_VALID_IMAGE_URL,0,0,NONE,0
RMVM_S_453535abe2,Chớ Nên Về Sớm,Đông Nhi,POP_BALLAD,MISSING,NO_VALID_IMAGE_URL,0,0,NONE,0
RMVM_S_8b4a7ab805,Tình cờ gặp nhau,Chế Thanh,POP_BALLAD,MISSING,NO_VALID_IMAGE_URL,0,0,NONE,0
RMVM_S_a3aa3bd961,Duyên Tàn (BLUE REMIX),"ZIN MEDIA, TLong, Lạc Khởi",DANCE_EDM,MISSING,NO_VALID_IMAGE_URL,0,0,NONE,0
RMVM_S_a2b6204010,Liên Khúc Thần Tài Khoe Tết,Minh Thuận,POP_BALLAD,MISSING,NO_VALID_IMAGE_URL,0,0,NONE,0
RMVM_S_ee60ea49db,Đổi Trắng Thay Đen (Nam Tử Hán OST),Tào Lữ Phụ,POP_BALLAD,MISSING,NO_VALID_IMAGE_URL,0,0,NONE,0
RMVM_S_8bd2b40153,Corona Đi Ra Xa!!!,"Phạm Đình Thái Ngân, Long Min",POP_BALLAD,MISSING,NO_VALID_IMAGE_URL,0,0,NONE,0
RMVM_S_ee8a947876,Hãy Nói Đi Em,Lưu Gia Bảo,POP_BALLAD,MISSING,NO_VALID_IMAGE_URL,0,0,NONE,0
RMVM_S_be91e3a215,Anh Thương Em Thế Đủ Rồi,Trương Khải Minh,POP_BALLAD,MISSING,NO_VALID_IMAGE_URL,0,0,NONE,0
RMVM_S_263a45ae8f,Tân Hàn Mặc Tử,"Đoàn Minh, Lưu Ánh Loan",BOLERO_TRUTINH,MISSING,NO_VALID_IMAGE_URL,0,0,NONE,0
RMVM_S_7f910b21bd,Anh Vẫn Ở Đây (Đạt R Remix),"Thành Đạt, HOA HỒNG DẠI MUSIC",DANCE_EDM,MISSING,NO_VALID_IMAGE_URL,0,0,NONE,0
RMVM_S_f5b8d55fbd,Chúng Ta Yêu Xa,"T-Tuner, CM1X",POP_BALLAD,MISSING,NO_VALID_IMAGE_URL,0,0,NONE,0
RMVM_S_efd9d9c8fe,Chợt Buồn,Châu Việt Cường,POP_BALLAD,MISSING,NO_VALID_IMAGE_URL,0,0,NONE,0
RMVM_S_bfe04a5088,Ai Nhớ Ai Mong,Hồ Kha,POP_BALLAD,MISSING,NO_VALID_IMAGE_URL,0,0,NONE,0
RMVM_S_1366522d0b,CHƯA QUÊN ĐƯỢC ĐÂU,Nhật Phi,POP_BALLAD,MISSING,NO_VALID_IMAGE_URL,0,0,NONE,0
RMVM_S_d8444a959d,Đừng Vội Hẹn Ước,Jackie Thắng Nguyễn,POP_BALLAD,MISSING,NO_VALID_IMAGE_URL,0,0,NONE,0
RMVM_S_e061b2e69c,Em ở đây mà,"RUBY, Winno",POP_BALLAD,MISSING,NO_VALID_IMAGE_URL,0,0,NONE,0
RMVM_S_88a51db284,Để Cô Ta Đi,"Millixn, Hazel",RAP_HIPHOP,MISSING,NO_VALID_IMAGE_URL,0,0,NONE,0
RMVM_S_4848dfd2b9,Anh Chúc Em Bình Yên,JacKy Tang,POP_BALLAD,MISSING,NO_VALID_IMAGE_URL,0,0,NONE,0
RMVM_S_7282448d42,Biết Đâu Anh Gặp May,"Ngọc KayLa, Yanbi",POP_BALLAD,MISSING,NO_VALID_IMAGE_URL,0,0,NONE,0
RMVM_S_d8a9a2f77f,Anh Chẳng Sao Mà (Beat),Khang Việt,POP_BALLAD,MISSING,NO_VALID_IMAGE_URL,0,0,NONE,0
RMVM_S_d949caccd2,Lời Yêu Cũ Anh Chối Từ,Hương Ly,POP_BALLAD,MISSING,NO_VALID_IMAGE_URL,0,0,NONE,0
RMVM_S_5135f066eb,Ăn Là Ăn Tết,Trường Lê,POP_BALLAD,MISSING,NO_VALID_IMAGE_URL,0,0,NONE,0
RMVM_S_0b1c1f2974,Hành Khúc Trường PTTH Nguyễn Hữu Thọ,Nhiều Nghệ Sĩ,POP_BALLAD,MISSING,NO_VALID_IMAGE_URL,0,0,NONE,0
RMVM_S_30ec8c65d2,Chuyện Tình Hôm Qua,Hà Nhi,POP_BALLAD,MISSING,NO_VALID_IMAGE_URL,0,0,NONE,0
RMVM_S_32178cab2e,Chuyện Tình Tan Vỡ,Hoàng Luân,POP_BALLAD,MISSING,NO_VALID_IMAGE_URL,0,0,NONE,0
RMVM_S_b30b00f8e9,Là Anh Ngộ Nhận (Deep House),Linh Hương Luz,DANCE_EDM,MISSING,NO_VALID_IMAGE_URL,0,0,NONE,0
RMVM_S_a3b362cb4d,Người Anh Đã Từng,Nam Cường,POP_BALLAD,MISSING,NO_VALID_IMAGE_URL,0,0,NONE,0
RMVM_S_90da633f58,Mai Lỡ Hai Mình Xa Nhau (Rumba),"Mai Tiến Đạt, CT",POP_BALLAD,MISSING,NO_VALID_IMAGE_URL,0,0,NONE,0
RMVM_S_23e1bf81db,Tận Cùng Của Nỗi Cô Đơn,Tiểu Doanh,POP_BALLAD,MISSING,NO_VALID_IMAGE_URL,0,0,NONE,0
RMVM_S_8598c5dcda,Em Hãy Tỏ Tình Với Anh Đê,RHY,POP_BALLAD,MISSING,NO_VALID_IMAGE_URL,0,0,NONE,0
RMVM_S_e85512a27f,Ai Mang Đi Niềm Đau,Cẩm Ly,BOLERO_TRUTINH,MISSING,NO_VALID_IMAGE_URL,0,0,NONE,0
RMVM_S_d0b737b7dd,Thương Xuân Ca,Nguyễn Hữu Kha,POP_BALLAD,MISSING,NO_VALID_IMAGE_URL,0,0,NONE,0
RMVM_S_d9672b4468,Nói anh nghe những điều mà,Duongg,POP_BALLAD,MISSING,NO_VALID_IMAGE_URL,0,0,NONE,0
RMVM_S_191d034e3c,Tuổi Mộng,Xuân Mai,BOLERO_TRUTINH,MISSING,NO_VALID_IMAGE_URL,0,0,NONE,0
RMVM_S_2209ebd559,Ai Đó Không Phải Anh,Tăng Duy Tân,POP_BALLAD,MISSING,NO_VALID_IMAGE_URL,0,0,NONE,0
RMVM_S_155f95c02f,Hành Khúc Ngày Và Đêm,Thanh Hương,POP_BALLAD,MISSING,NO_VALID_IMAGE_URL,0,0,NONE,0
RMVM_S_89ffc1dfc2,Còn Mãi Vấn Vương,Anh Tom,POP_BALLAD,MISSING,NO_VALID_IMAGE_URL,0,0,NONE,0
RMVM_S_f6af8d4ed3,Vâng! Em Yêu Anh (Lofi Version),Hương Tú,POP_BALLAD,MISSING,NO_VALID_IMAGE_URL,0,0,NONE,0
RMVM_S_de39c21480,LK Chuyện Tình Nàng Trinh Nữ Tên Thi - Nỗi Buồn Hoa Phượng,Châu Ngọc Tiên,BOLERO_TRUTINH,MISSING,NO_VALID_IMAGE_URL,0,0,NONE,0
RMVM_S_0b2c8c3b45,Anh Chẳng Cần Ai Thương,Thiên Tú,POP_BALLAD,MISSING,NO_VALID_IMAGE_URL,0,0,NONE,0
RMVM_S_0822bb46c8,Điều Anh Sai Nhất,Chí Thiện,POP_BALLAD,MISSING,NO_VALID_IMAGE_URL,0,0,NONE,0
RMVM_S_e0bb0e718e,Đi Để Trở Về Mashup,"Phan Mạnh Quỳnh, Soobin Hoàng Sơn",POP_BALLAD,MISSING,NO_VALID_IMAGE_URL,0,0,NONE,0
RMVM_S_b2a70585e5,Cô Dâu Của Anh,Đinh Kiến Phong,POP_BALLAD,MISSING,NO_VALID_IMAGE_URL,0,0,NONE,0
RMVM_S_987e41576f,Hãy Nói Với Em Lời Chia Tay,Mạnh Hồng Nhi,INSTRUMENTAL,MISSING,NO_VALID_IMAGE_URL,0,0,NONE,0
RMVM_S_5c7cd4f729,Điểm Ca Đích Nhân (Đời Nhạc Sĩ),Lâm Chấn Kiệt,POP_BALLAD,MISSING,NO_VALID_IMAGE_URL,0,0,NONE,0
RMVM_S_32a16423f3,Ngày Hôm Nay Của Em Thế Nào (Beat),Hà Huy Hiếu,POP_BALLAD,MISSING,NO_VALID_IMAGE_URL,0,0,NONE,0
RMVM_S_eacd42eb55,Cố Níu Tay Anh,Sala Uyên Trinh,POP_BALLAD,MISSING,NO_VALID_IMAGE_URL,0,0,NONE,0
RMVM_S_ad9bffaa7f,Thương Nhớ Vơi Màu,"Tiến Đào, Thịnh Trần, Tổi VN",POP_BALLAD,MISSING,NO_VALID_IMAGE_URL,0,0,NONE,0
RMVM_S_52de0c2689,Trường Sơn Đông Trường Sơn Tây,"Yên Nhiên, Duy Ngọc",REVOLUTIONARY,MISSING,NO_VALID_IMAGE_URL,0,0,NONE,0
RMVM_S_5694596c86,Ngày Anh Buồn Nhất,"Đạt PT, Quân Táo, MVN",POP_BALLAD,MISSING,NO_VALID_IMAGE_URL,0,0,NONE,0
RMVM_S_215a4c8560,Lại Lầm Lỡ,Đỗ Phú Quí,POP_BALLAD,MISSING,NO_VALID_IMAGE_URL,0,0,NONE,0
RMVM_S_85b8c4cf4c,Người Thương Kẻ Nhớ,Diệp Hoài Ngọc,BOLERO_TRUTINH,MISSING,NO_VALID_IMAGE_URL,0,0,NONE,0
RMVM_S_9ba4c6b8ef,Chuyện Tình Đôi Sim Tím,Hoàng Lâm,BOLERO_TRUTINH,MISSING,NO_VALID_IMAGE_URL,0,0,NONE,0
RMVM_S_326e403e36,Nhớ Quê,Linh Hoa,POP_BALLAD,MISSING,NO_VALID_IMAGE_URL,0,0,NONE,0
RMVM_S_555d544beb,Anh Van Cu Lo,JSOL,POP_BALLAD,MISSING,NO_VALID_IMAGE_URL,0,0,NONE,0
RMVM_S_803b30d503,Khúc Hát Tặng Vợ Yêu,Khánh Bình,BOLERO_TRUTINH,MISSING,NO_VALID_IMAGE_URL,0,0,NONE,0
RMVM_S_f3f80bbbef,Dịu Dàng Khi Ta Có Nhau,The Men,POP_BALLAD,MISSING,NO_VALID_IMAGE_URL,0,0,NONE,0
RMVM_S_98da38676a,Khổ Vì Chữ Ghen,Khánh Bình,BOLERO_TRUTINH,MISSING,NO_VALID_IMAGE_URL,0,0,NONE,0
RMVM_S_cf96d060c4,Liên Khúc Cưới Nhạc Sống,"Diễm Hân, Đình Nguyên",BOLERO_TRUTINH,MISSING,NO_VALID_IMAGE_URL,0,0,NONE,0
RMVM_S_165f582ea9,Mưa Tuyết,Bằng Cường,POP_BALLAD,MISSING,NO_VALID_IMAGE_URL,0,0,NONE,0
RMVM_S_19b04eaa48,Xuân Xa Xứ,"BeeBoss, Tuấn Chung",POP_BALLAD,MISSING,NO_VALID_IMAGE_URL,0,0,NONE,0
RMVM_S_69534cd9dd,Chúng Ta Không Có Sau Này,Hương Tràm,POP_BALLAD,MISSING,NO_VALID_IMAGE_URL,0,0,NONE,0
RMVM_S_d58f7e0938,Còn Ai Để Ý Nước Mắt Em Rơi,Thiên Tú,POP_BALLAD,MISSING,NO_VALID_IMAGE_URL,0,0,NONE,0
RMVM_S_97b103a837,Có Đau Mới Đậm Sâu,BTK,POP_BALLAD,MISSING,NO_VALID_IMAGE_URL,0,0,NONE,0
RMVM_S_c74ea2891d,Tha Thứ Khó Hơn Cả Yêu,Khiết Ngọc,POP_BALLAD,MISSING,NO_VALID_IMAGE_URL,0,0,NONE,0
RMVM_S_0e35f01009,Tết Năm Nay Có Gì Mới Không Ba?,Thanh Goll,POP_BALLAD,MISSING,NO_VALID_IMAGE_URL,0,0,NONE,0
RMVM_S_fd9944d9c0,Chỉ Là Người Anh Trai,Gia Huy Singer,POP_BALLAD,MISSING,NO_VALID_IMAGE_URL,0,0,NONE,0
RMVM_S_0e4fa4bdf5,Tình Yêu Không Thể Từ Một Phía,"Vương Bảo Khang, Khánh Phong",POP_BALLAD,MISSING,NO_VALID_IMAGE_URL,0,0,NONE,0
RMVM_S_bdb9541e59,Anh Cố Quên Em,Vân Quang Long,POP_BALLAD,MISSING,NO_VALID_IMAGE_URL,0,0,NONE,0
RMVM_S_85f73f556d,Nếu Vô Tình Ta Làm Tổn Thương Nhau (Cover),Như Hexi,POP_BALLAD,MISSING,NO_VALID_IMAGE_URL,0,0,NONE,0
RMVM_S_c6741597f2,Cuộc Gọi Về Nhà,Orange,POP_BALLAD,MISSING,NO_VALID_IMAGE_URL,0,0,NONE,0
RMVM_S_774b8f27f2,Nàng Dâu Tương Lai,Hồng Quân WyTy,POP_BALLAD,MISSING,NO_VALID_IMAGE_URL,0,0,NONE,0
RMVM_S_9edd6ba3ab,Anh Nên Tin Ai,Quân Táo,POP_BALLAD,MISSING,NO_VALID_IMAGE_URL,0,0,NONE,0
RMVM_S_1523c961b8,Rap về Captain America,Phan Ann,POP_BALLAD,MISSING,NO_VALID_IMAGE_URL,0,0,NONE,0
RMVM_S_0a6f935258,Cô Độc (Bất Chấp Yêu Anh OST),Dược Sĩ Tiến,POP_BALLAD,MISSING,NO_VALID_IMAGE_URL,0,0,NONE,0
RMVM_S_bb2ec916cb,Hạnh Phúc Đầy,Lương Gia Hùng,POP_BALLAD,MISSING,NO_VALID_IMAGE_URL,0,0,NONE,0
RMVM_S_ab6f19a696,Vì Anh Là Soái Ca,Trịnh Nhật Minh,POP_BALLAD,MISSING,NO_VALID_IMAGE_URL,0,0,NONE,0
RMVM_S_1e0cf7d1ad,Chị Ong Nâu Thất Tình,Vương Thiên Bảo,POP_BALLAD,MISSING,NO_VALID_IMAGE_URL,0,0,NONE,0
RMVM_S_e45b15ffda,Biển Của Một Thời Đã Mất,Phương Thảo,BOLERO_TRUTINH,MISSING,NO_VALID_IMAGE_URL,0,0,NONE,0
RMVM_S_96997ca9e7,Anh Còn Ở Đó Không? (New Version),Trương Quỳnh Anh,POP_BALLAD,MISSING,NO_VALID_IMAGE_URL,0,0,NONE,0
RMVM_S_421e64b44b,Đừng Chúc Em Hạnh Phúc,Thanh Hà,POP_BALLAD,MISSING,NO_VALID_IMAGE_URL,0,0,NONE,0
RMVM_S_729eca5d41,Ai Bên Em Đâu Quan Trọng,"Đường Hưng, Long Hải",POP_BALLAD,MISSING,NO_VALID_IMAGE_URL,0,0,NONE,0
RMVM_S_b45bf2bdde,Mừng Nắng Xuân Về,Various Artists,BOLERO_TRUTINH,MISSING,NO_VALID_IMAGE_URL,0,0,NONE,0
RMVM_S_cdc2154622,Cánh Chim Từ Quy,Đỗ Tố Hoa,BOLERO_TRUTINH,MISSING,NO_VALID_IMAGE_URL,0,0,NONE,0
RMVM_S_4a3be971f7,Mười Ngón Tay Tình Yêu (Remix),Saka Trương Tuyền,POP_BALLAD,MISSING,NO_VALID_IMAGE_URL,0,0,NONE,0
RMVM_S_429b091851,Khung Trời Ngày Xưa (25th Làn Sóng Xanh),"Isaac, Hòa Minzy",POP_BALLAD,MISSING,NO_VALID_IMAGE_URL,0,0,NONE,0
RMVM_S_e5b00b7858,Anh Cũng Muốn Là Đứa Trẻ,Khiem,POP_BALLAD,MISSING,NO_VALID_IMAGE_URL,0,0,NONE,0
RMVM_S_ea9f77138d,Chẳng Thể Giữ Lấy Chẳng Đành Buông Tay,Ngô Kiến Huy,POP_BALLAD,MISSING,NO_VALID_IMAGE_URL,0,0,NONE,0
RMVM_S_efd32fa571,Tương Tư Người Lạ,Thảo Wendy,POP_BALLAD,MISSING,NO_VALID_IMAGE_URL,0,0,NONE,0
RMVM_S_cbf7ad9e6d,Mong Một Ngày Anh Nhớ Đến Em (Qinn Remix),"TamKe, Qinn Media",DANCE_EDM,MISSING,NO_VALID_IMAGE_URL,0,0,NONE,0
RMVM_S_617f6652bf,Anh Đánh Rơi Em Đây Này,"Tuyến Kim, Đạt Khói",POP_BALLAD,MISSING,NO_VALID_IMAGE_URL,0,0,NONE,0
RMVM_S_00b42999d0,Tại Tôi Không Thích Thôi,Đình Dương,POP_BALLAD,MISSING,NO_VALID_IMAGE_URL,0,0,NONE,0
RMVM_S_ac3a694658,Mùa Xuân Cưới Em (Remix),Tâm Đức Tài,POP_BALLAD,MISSING,NO_VALID_IMAGE_URL,0,0,NONE,0
RMVM_S_311777a420,Con Sẽ Về Đêm 30,NB3 Hoài Bảo,POP_BALLAD,MISSING,NO_VALID_IMAGE_URL,0,0,NONE,0
RMVM_S_a65c13574f,Chuyện Tình Bên Ao Cá,"Quang Linh, Cẩm Ly",BOLERO_TRUTINH,MISSING,NO_VALID_IMAGE_URL,0,0,NONE,0
RMVM_S_253e0a8ce8,Anh Đâu Đợi Nổi Một Cơn Mưa,Khói,POP_BALLAD,MISSING,NO_VALID_IMAGE_URL,0,0,NONE,0
RMVM_S_b98c14a2cf,Vọng Cổ Tình Xuân,Hằng Ni,BOLERO_TRUTINH,MISSING,NO_VALID_IMAGE_URL,0,0,NONE,0
RMVM_S_d6e9c6f478,Đường Nào Em Đi,Hoàng Châu,BOLERO_TRUTINH,MISSING,NO_VALID_IMAGE_URL,0,0,NONE,0
RMVM_S_184d75f3f7,Tự Hào Là Người Bắc Giang,Lis Shangin,POP_BALLAD,MISSING,NO_VALID_IMAGE_URL,0,0,NONE,0
RMVM_S_55c16bc708,Anh Biết Anh Đang Sai,"Hazel, Minh Vũ",RAP_HIPHOP,MISSING,NO_VALID_IMAGE_URL,0,0,NONE,0
RMVM_S_607ba1808f,Tâm Thư Cha Mẹ Gửi Cho Con,Vũ Hoàng,BOLERO_TRUTINH,MISSING,NO_VALID_IMAGE_URL,0,0,NONE,0
RMVM_S_f77b52afbf,Chú Ếch Con,Bé Thảo Như,CHILDREN,MISSING,NO_VALID_IMAGE_URL,0,0,NONE,0
RMVM_S_074b230dd9,Ai Gieo Thương Nhớ,Quách Tuấn Du,POP_BALLAD,MISSING,NO_VALID_IMAGE_URL,0,0,NONE,0
RMVM_S_a5da0720c4,Bỏ Lại Phía Sau,Thái Trinh,POP_BALLAD,MISSING,NO_VALID_IMAGE_URL,0,0,NONE,0
RMVM_S_6e9260a69a,Bạc Phận – Dạ Cổ Hoài,Hoàn Lâm,POP_BALLAD,MISSING,NO_VALID_IMAGE_URL,0,0,NONE,0
RMVM_S_5f7ca11a7d,Cảm Xúc Từ Câu Hò Điệu Ví,Trang Dung,BOLERO_TRUTINH,MISSING,NO_VALID_IMAGE_URL,0,0,NONE,0
RMVM_S_38486ac04f,Bây Giờ Thì,"DatKaa, QT Beatz",POP_BALLAD,MISSING,NO_VALID_IMAGE_URL,0,0,NONE,0
RMVM_S_ed9cb60792,Duyên Bẽ Bàng,Long Đẹp Trai,POP_BALLAD,MISSING,NO_VALID_IMAGE_URL,0,0,NONE,0
RMVM_S_9c72d1b847,Thương Quá Mẹ Ơi,Nhật Phát,BOLERO_TRUTINH,MISSING,NO_VALID_IMAGE_URL,0,0,NONE,0
RMVM_S_bdc35bd3f1,LK Cánh Hoa Yêu – Màu Tím Pensee,Như Quỳnh,BOLERO_TRUTINH,MISSING,NO_VALID_IMAGE_URL,0,0,NONE,0
RMVM_S_55da9cd113,Bạc Liêu Quê Mình,Kim Linh,BOLERO_TRUTINH,MISSING,NO_VALID_IMAGE_URL,0,0,NONE,0
RMVM_S_147c9deafa,Giá Băng Như Mặt Trăng,Nhiều nghệ sĩ,RAP_HIPHOP,MISSING,NO_VALID_IMAGE_URL,0,0,NONE,0
RMVM_S_3a36b5c774,Ai Bình Yên Hơn Ai Đậm Sâu Hơn,"Dương Yến Phi, NH4T",POP_BALLAD,MISSING,NO_VALID_IMAGE_URL,0,0,NONE,0
RMVM_S_7be84a7266,Mai Em Về Bên Ấy,Ngọc Hân,BOLERO_TRUTINH,MISSING,NO_VALID_IMAGE_URL,0,0,NONE,0
RMVM_S_a9837822ff,Rừng Xanh Vang Tiếng Ta Lư,Thanh Hương,POP_BALLAD,MISSING,NO_VALID_IMAGE_URL,0,0,NONE,0
RMVM_S_733c113ce8,Liên Khúc Chiều Cuối Tuần,"Khưu Huy Vũ, Saka Trương Tuyền",BOLERO_TRUTINH,MISSING,NO_VALID_IMAGE_URL,0,0,NONE,0
RMVM_S_d9f987c7f0,Không Thành Đôi (Đạt R Remix),"Bình Boo, HOA HỒNG DẠI MUSIC",DANCE_EDM,MISSING,NO_VALID_IMAGE_URL,0,0,NONE,0
RMVM_S_c9b901b5f0,Người Cùng Cảnh Ngộ,"Nguyên Khang, Lương Bích Hữu, Hamlet Trương",RAP_HIPHOP,MISSING,NO_VALID_IMAGE_URL,0,0,NONE,0
RMVM_S_4bd2e7fdcd,Cùng Một Chữ Tình,Hà Thanh Tâm,POP_BALLAD,MISSING,NO_VALID_IMAGE_URL,0,0,NONE,0
RMVM_S_da3e5f951d,Chưa Từng Luyến Tiếc,3X3 Band,POP_BALLAD,MISSING,NO_VALID_IMAGE_URL,0,0,NONE,0
RMVM_S_06b482e1cd,Cần,Xanh 8+1,POP_BALLAD,MISSING,NO_VALID_IMAGE_URL,0,0,NONE,0
RMVM_S_c8f26da1f3,ABCDEFA!,Nhiều nghệ sĩ,POP_BALLAD,MISSING,NO_VALID_IMAGE_URL,0,0,NONE,0
RMVM_S_5005f18075,Chầm Chậm Cùng Anh,A.C Xuân Tài,POP_BALLAD,MISSING,NO_VALID_IMAGE_URL,0,0,NONE,0
RMVM_S_3dc4455a1d,Con Diều Của Mẹ,"Hoàng Minh, Nhóm Khoái Văn Nghệ",BOLERO_TRUTINH,MISSING,NO_VALID_IMAGE_URL,0,0,NONE,0
RMVM_S_45e46b4bab,Gửi Nắng Xuân Về,Uyên Linh,POP_BALLAD,MISSING,NO_VALID_IMAGE_URL,0,0,NONE,0
RMVM_S_4223b8d503,Dòng tin nhắn cuối,"Phongkhin, 1DEE",RAP_HIPHOP,MISSING,NO_VALID_IMAGE_URL,0,0,NONE,0
RMVM_S_acaab1677a,Giản Đơn Một Hạnh Phúc,Khánh Phương,POP_BALLAD,MISSING,NO_VALID_IMAGE_URL,0,0,NONE,0
RMVM_S_0a8cd686e5,Bỏ Lỡ Nhau Rồi,A.C Xuân Tài,POP_BALLAD,MISSING,NO_VALID_IMAGE_URL,0,0,NONE,0
RMVM_S_f868bd4537,Đời Mà Ai Không Dẫm Gai,Lâm Chấn Huy,POP_BALLAD,MISSING,NO_VALID_IMAGE_URL,0,0,NONE,0
RMVM_S_dc2abba692,Tim Anh Vỡ Đôi,"DeeTee, K",RAP_HIPHOP,MISSING,NO_VALID_IMAGE_URL,0,0,NONE,0
RMVM_S_a445d66eeb,Biết Bao Giờ Trở Lại,Lân Nhã,POP_BALLAD,MISSING,NO_VALID_IMAGE_URL,0,0,NONE,0
RMVM_S_76ed3eb470,TÌnh Thương Mến Thương (WRC REMIX),"ZIN MEDIA, Minh Giang, Trường Lê",DANCE_EDM,MISSING,NO_VALID_IMAGE_URL,0,0,NONE,0
RMVM_S_a8070ac446,Liên Khúc Dìu Người Tôi Yêu,"Đan Nguyên, Bằng Kiều, Quang Lê",INSTRUMENTAL,MISSING,NO_VALID_IMAGE_URL,0,0,NONE,0
RMVM_S_fe45044e55,Chợt Nhớ & Tình Trái Ngang,"Lam Anh, Trần Thái Hòa",INSTRUMENTAL,MISSING,NO_VALID_IMAGE_URL,0,0,NONE,0
RMVM_S_21d1d9efd8,Đêm Hội Phố Hoài,Trường Kha,BOLERO_TRUTINH,MISSING,NO_VALID_IMAGE_URL,0,0,NONE,0
RMVM_S_2c0273773d,Em Tưởng Tôi Là Ai,Thái Phong Vũ,POP_BALLAD,MISSING,NO_VALID_IMAGE_URL,0,0,NONE,0
RMVM_S_ecd67b2b7a,Đêm Linh Thánh,Mỹ Tâm,BOLERO_TRUTINH,MISSING,NO_VALID_IMAGE_URL,0,0,NONE,0
RMVM_S_6f919b6b62,Bước Qua Nước Mắt,Thanh Bình,POP_BALLAD,MISSING,NO_VALID_IMAGE_URL,0,0,NONE,0
RMVM_S_d13ca6416e,Chỉ Có Thể Là Anh,TRANG,POP_BALLAD,MISSING,NO_VALID_IMAGE_URL,0,0,NONE,0
RMVM_S_8d86b2ea83,Em Đã Nói Trước,"Hana Cẩm Tiên, TVk",POP_BALLAD,MISSING,NO_VALID_IMAGE_URL,0,0,NONE,0
RMVM_S_713a31081f,Hoa Bèo Tím,Thanh Quý,BOLERO_TRUTINH,MISSING,NO_VALID_IMAGE_URL,0,0,NONE,0
RMVM_S_da38ffec98,Em Hát Ai Nghe (Lofi Version),Orange,POP_BALLAD,MISSING,NO_VALID_IMAGE_URL,0,0,NONE,0
RMVM_S_895c5a57be,Là Người Dưng (Đừng Xa Anh),Chung Thanh Duy,POP_BALLAD,MISSING,NO_VALID_IMAGE_URL,0,0,NONE,0
RMVM_S_ee59ef3220,Níu Duyên Muộn Màng,Nguyễn Hậu,POP_BALLAD,MISSING,NO_VALID_IMAGE_URL,0,0,NONE,0
RMVM_S_289645f689,Chú Rể Không Là Anh,"Dư Anh, Phương Bích Thảo",BOLERO_TRUTINH,MISSING,NO_VALID_IMAGE_URL,0,0,NONE,0
RMVM_S_211435a160,Nụ Cười Tắt,Tào Lữ Phụ,POP_BALLAD,MISSING,NO_VALID_IMAGE_URL,0,0,NONE,0
RMVM_S_a19309e7cd,Em Hỏi Tối Nay Đi Đâu,"QNT, SpideyBoy",RAP_HIPHOP,MISSING,NO_VALID_IMAGE_URL,0,0,NONE,0
RMVM_S_c8e07b7e89,Thư Về Người Em Gái Thành Đô,"Thanh Ngân, Gia Tiến",POP_BALLAD,MISSING,NO_VALID_IMAGE_URL,0,0,NONE,0
RMVM_S_d4eb7c7fea,Về Đô Lương Quê Mình,Mỹ Anh,FOLK_TRADITIONAL,MISSING,NO_VALID_IMAGE_URL,0,0,NONE,0
RMVM_S_93d166b974,Lâu Rồi Không Nói Yêu Nhau,Nam Cường,POP_BALLAD,MISSING,NO_VALID_IMAGE_URL,0,0,NONE,0
RMVM_S_938cdc3c61,+1 ngày bên em,"Trungg I.U, Rum",POP_BALLAD,MISSING,NO_VALID_IMAGE_URL,0,0,NONE,0
RMVM_S_dfa7227f17,Sao Người Đi,"PZ, Lavie",POP_BALLAD,MISSING,NO_VALID_IMAGE_URL,0,0,NONE,0
RMVM_S_949c80f458,Anh Chưa Nghĩ Tới,"Phan Duy Anh, ACV",POP_BALLAD,MISSING,NO_VALID_IMAGE_URL,0,0,NONE,0
RMVM_S_112ce34f7d,Xuân Ở Lại Chơi Remix (Dance Version),Peto,DANCE_EDM,MISSING,NO_VALID_IMAGE_URL,0,0,NONE,0
RMVM_S_865634a448,Đợi Bao Giờ,RHY,POP_BALLAD,MISSING,NO_VALID_IMAGE_URL,0,0,NONE,0
RMVM_S_9bd64b715e,Đưa Tay Anh Nắm (Speed Up),"Hoàng Green, Aric",POP_BALLAD,MISSING,NO_VALID_IMAGE_URL,0,0,NONE,0
RMVM_S_ef607d7147,Chú Chuột Nhắt,Khánh Vy,CHILDREN,MISSING,NO_VALID_IMAGE_URL,0,0,NONE,0
RMVM_S_ec5a291336,Ông Trăng Miệng Cười,Trịnh Nhật Minh,POP_BALLAD,MISSING,NO_VALID_IMAGE_URL,0,0,NONE,0
RMVM_S_24a393b533,Bản Tình Ca Của Chàng Nhạc Sĩ,Hồng Xương Long,POP_BALLAD,MISSING,NO_VALID_IMAGE_URL,0,0,NONE,0
RMVM_S_7079bc3ea9,Chuỗi Ngày Ta Mộng Mơ,Lil Zpoet,POP_BALLAD,MISSING,NO_VALID_IMAGE_URL,0,0,NONE,0
RMVM_S_3810bba0f9,Treo Ngược Cành Cây,Duy Zuno,POP_BALLAD,MISSING,NO_VALID_IMAGE_URL,0,0,NONE,0
RMVM_S_00ac57ce96,Bài Ngợi Ca Quê Hương,Uyên Trang,BOLERO_TRUTINH,MISSING,NO_VALID_IMAGE_URL,0,0,NONE,0
RMVM_S_b7c8a24cd7,Rồi Em Sẽ Quên,Trung Nghĩa,POP_BALLAD,MISSING,NO_VALID_IMAGE_URL,0,0,NONE,0
RMVM_S_086b70ee0f,Giáng Sinh Chẳng Muốn Cô Đơn,"Hannie, SoHo",POP_BALLAD,MISSING,NO_VALID_IMAGE_URL,0,0,NONE,0
RMVM_S_bdc9dccaaf,Chuyện Tình Nghèo,"Đăng Nguyên, Quỳnh Vy",BOLERO_TRUTINH,MISSING,NO_VALID_IMAGE_URL,0,0,NONE,0
RMVM_S_74b96d8adb,Yêu Thương Mong Manh,"Minh Tuyết, Bằng Kiều",INSTRUMENTAL,MISSING,NO_VALID_IMAGE_URL,0,0,NONE,0
RMVM_S_e727e46231,Anh Tin Mình Đã Cho Nhau Một Kỷ Niệm,"Thu Thủy, Lương Bằng Quang",POP_BALLAD,MISSING,NO_VALID_IMAGE_URL,0,0,NONE,0
RMVM_S_8605d86d27,Tình Yêu Đặt Không Đúng Nơi,Chu Bin,POP_BALLAD,MISSING,NO_VALID_IMAGE_URL,0,0,NONE,0
RMVM_S_90b1e19642,Chạy Đâu Cho Khỏi Nắng,"14 Casper, ChamCham",POP_BALLAD,MISSING,NO_VALID_IMAGE_URL,0,0,NONE,0
RMVM_S_c81e668df8,Bạn Hay Bè,Hùng Trọc,BOLERO_TRUTINH,MISSING,NO_VALID_IMAGE_URL,0,0,NONE,0
RMVM_S_390436ab59,Biển Đời 2,Châu Gia Chuyển,POP_BALLAD,MISSING,NO_VALID_IMAGE_URL,0,0,NONE,0
RMVM_S_60419682ce,Anh Thích Em Như Vậy (Mus X Hhd Remix),Song Luân,POP_BALLAD,MISSING,NO_VALID_IMAGE_URL,0,0,NONE,0
RMVM_S_aa1b81f70f,Bài Tango Mùa Thu,Vy Oanh,BOLERO_TRUTINH,MISSING,NO_VALID_IMAGE_URL,0,0,NONE,0
RMVM_S_71a6a2f713,Dám Yêu Dám Hận,Vương Thiên Tuấn,POP_BALLAD,MISSING,NO_VALID_IMAGE_URL,0,0,NONE,0
RMVM_S_9e8ec0e43e,Xuân Ơi Xuân Đã Về Remix (Dance Version),Peto,DANCE_EDM,MISSING,NO_VALID_IMAGE_URL,0,0,NONE,0
RMVM_S_42127942ae,Mời Anh Về Thăm Quê Em,Giáng Tiên,BOLERO_TRUTINH,MISSING,NO_VALID_IMAGE_URL,0,0,NONE,0
RMVM_S_923175aeba,Dù Nắng Có Mong Manh,Thu Phương,BOLERO_TRUTINH,MISSING,NO_VALID_IMAGE_URL,0,0,NONE,0
RMVM_S_6b6aa04bee,Cắt Ruột Lòng Đau,"Diệp Hoài Ngọc, Minh Minh",BOLERO_TRUTINH,MISSING,NO_VALID_IMAGE_URL,0,0,NONE,0
RMVM_S_65a8fad66b,Công Dã Tràng,Duy Phước,POP_BALLAD,MISSING,NO_VALID_IMAGE_URL,0,0,NONE,0
RMVM_S_b817082c9c,Đời Trai Lênh Đênh 2 (NMG REMIX),"ZIN MEDIA, TLong",DANCE_EDM,MISSING,NO_VALID_IMAGE_URL,0,0,NONE,0
RMVM_S_783293e6a7,Anh Vẫn Hoài Mong,"Lưu Ánh Loan, Thanh Vinh",BOLERO_TRUTINH,MISSING,NO_VALID_IMAGE_URL,0,0,NONE,0
RMVM_S_179714fe73,Đâu Ai Cần,"Machiot, Wxrdie",RAP_HIPHOP,MISSING,NO_VALID_IMAGE_URL,0,0,NONE,0
RMVM_S_e71b014a3b,Cả Tuần Đều Ngoan,Mầm Chồi Lá,CHILDREN,MISSING,NO_VALID_IMAGE_URL,0,0,NONE,0
RMVM_S_4461ff3446,Hành Trình Trên Đất Phù Sa,Xuân Mai,BOLERO_TRUTINH,MISSING,NO_VALID_IMAGE_URL,0,0,NONE,0
RMVM_S_8a85fda1db,Sao Lại Đau Đến Vậy,HKT,POP_BALLAD,MISSING,NO_VALID_IMAGE_URL,0,0,NONE,0
RMVM_S_263db794a7,Chưa Được Yêu Như Thế,TRANG,POP_BALLAD,MISSING,NO_VALID_IMAGE_URL,0,0,NONE,0
RMVM_S_89fc7b3e4e,Tìm Tôi? (Find Me?),"Khoi Vu, Thỏ",POP_BALLAD,MISSING,NO_VALID_IMAGE_URL,0,0,NONE,0
RMVM_S_780b725eb5,Chuyến Đi Của Năm (Cover),"Andiez, Seachains",POP_BALLAD,MISSING,NO_VALID_IMAGE_URL,0,0,NONE,0
RMVM_S_5a42a32e46,Anh Em Mình Mà (Remix Version),"Khánh Trần Rio, DJ Nhật Nguyễn",DANCE_EDM,MISSING,NO_VALID_IMAGE_URL,0,0,NONE,0
RMVM_S_c03a9ad2fa,Em Muốn Mua Tim Anh Không?,Dee Trần,POP_BALLAD,MISSING,NO_VALID_IMAGE_URL,0,0,NONE,0
RMVM_S_87190fc602,Chị Nhi Chúc Tết,"Đào Nguyễn Ánh, Quỳnh Nguyễn",POP_BALLAD,MISSING,NO_VALID_IMAGE_URL,0,0,NONE,0
RMVM_S_d95838d7d1,Mùa Hè Ấy Em Khóc,"Ngô Lan Hương, Lahi",CHILDREN,MISSING,NO_VALID_IMAGE_URL,0,0,NONE,0
RMVM_S_440aa11edb,Yêu Là Gì,"Lê Tính, Châu Khải Phong",POP_BALLAD,MISSING,NO_VALID_IMAGE_URL,0,0,NONE,0
RMVM_S_c5571650ef,Buồn Của Anh (Ballad),Ngân Ngân,POP_BALLAD,MISSING,NO_VALID_IMAGE_URL,0,0,NONE,0
RMVM_S_08f7033df7,Gió Đông Đợi Chờ,Khánh Phương,POP_BALLAD,MISSING,NO_VALID_IMAGE_URL,0,0,NONE,0
RMVM_S_08003d9213,Việt Nam Non Nước Tôi,Thanh Thảo,POP_BALLAD,MISSING,NO_VALID_IMAGE_URL,0,0,NONE,0
RMVM_S_3a5f150251,Giọt Nước Mắt Giữa Đêm,Gia Lạc,POP_BALLAD,MISSING,NO_VALID_IMAGE_URL,0,0,NONE,0
RMVM_S_437563b2dd,Lặng Lẽ Bên Em,Tuấn Khang,POP_BALLAD,MISSING,NO_VALID_IMAGE_URL,0,0,NONE,0
RMVM_S_03131757c5,LK Thành Phố Buồn,Chế Linh,INSTRUMENTAL,MISSING,NO_VALID_IMAGE_URL,0,0,NONE,0
RMVM_S_992137ac9f,Chuyện đời - Kiếp Bon Chen,Hoàng Minh,POP_BALLAD,MISSING,NO_VALID_IMAGE_URL,0,0,NONE,0
RMVM_S_9fd2b0d34b,Em Viết Nên,Trang,POP_BALLAD,MISSING,NO_VALID_IMAGE_URL,0,0,NONE,0
RMVM_S_492e19f68a,LK: Nếu Một Ngày-Chủ Nhật Buồn Thôi-Bao Giờ Biết Tương Tư-Thôi,"Đào Phi Dương, Phương Thùy",BOLERO_TRUTINH,MISSING,NO_VALID_IMAGE_URL,0,0,NONE,0
RMVM_S_c1f7417c5a,Cánh Diều Mưa,"Đan Nguyên, Mai Thiên Vân",INSTRUMENTAL,MISSING,NO_VALID_IMAGE_URL,0,0,NONE,0
RMVM_S_6de5865a81,Đành Phải Xa Nhau,"Khưu Huy Vũ, Dương Hồng Loan",BOLERO_TRUTINH,MISSING,NO_VALID_IMAGE_URL,0,0,NONE,0
RMVM_S_f24e4e9dfa,Trang Lưu Bút Ngọt Ngào,Phan Đinh Tùng,POP_BALLAD,MISSING,NO_VALID_IMAGE_URL,0,0,NONE,0
RMVM_S_3daa7a38a0,Đừng (Don't Do It),"Tăng Duy Tân, Bofie",POP_BALLAD,MISSING,NO_VALID_IMAGE_URL,0,0,NONE,0
RMVM_S_8f5d0deee2,Mẹ Yêu (Cover),"ERIK, Nguyễn Trần Trung Quân",POP_BALLAD,MISSING,NO_VALID_IMAGE_URL,0,0,NONE,0
RMVM_S_5f2ef5eda8,Thà Rằng Chia Tay,Cẩm Ly,POP_BALLAD,MISSING,NO_VALID_IMAGE_URL,0,0,NONE,0
RMVM_S_e12aafcedb,Chờ Anh Nói Yêu Em,"Đào Kỳ Anh, Dablo",POP_BALLAD,MISSING,NO_VALID_IMAGE_URL,0,0,NONE,0
RMVM_S_8776698117,Kết Thúc Ngơ Ngác (Piano Version),Lynn,POP_BALLAD,MISSING,NO_VALID_IMAGE_URL,0,0,NONE,0
RMVM_S_c42ab2f34a,Người Ấy 2020,"Trịnh Thăng Bình, Chí Tâm",POP_BALLAD,MISSING,NO_VALID_IMAGE_URL,0,0,NONE,0
RMVM_S_215dee78bc,Gặp Nhau Là Yêu (Remix),"Kim Cương, Thọ Hùng",DANCE_EDM,MISSING,NO_VALID_IMAGE_URL,0,0,NONE,0
RMVM_S_1c2de20a9b,Trái Tim Si Tình,Đỗ Hoàng Phúc,POP_BALLAD,MISSING,NO_VALID_IMAGE_URL,0,0,NONE,0
RMVM_S_2bf325c9ac,Đắm Say Nàng (Remix),KxK,POP_BALLAD,MISSING,NO_VALID_IMAGE_URL,0,0,NONE,0
RMVM_S_cb36243bb6,Cả Một Trời Thương Nhớ (Live in HOA Concert),Noo Phước Thịnh,POP_BALLAD,MISSING,NO_VALID_IMAGE_URL,0,0,NONE,0
RMVM_S_134b1ba0b7,Thích Gì Thì Làm Thôi,"Sino P, FEEZY, Deezy",DANCE_EDM,MISSING,NO_VALID_IMAGE_URL,0,0,NONE,0
RMVM_S_457533c9e2,Vội Đi (Remix),Trịnh Ngọc Hà,DANCE_EDM,MISSING,NO_VALID_IMAGE_URL,0,0,NONE,0
RMVM_S_f52e45c801,Nếu Như Ngày Ấy,"Huy Diệc, HOA HỒNG DẠI MUSIC",POP_BALLAD,MISSING,NO_VALID_IMAGE_URL,0,0,NONE,0
RMVM_S_bf25501d4b,Đâu Ai Vì Nhau,"Khánh Đala, Tống Yến Nhi",POP_BALLAD,MISSING,NO_VALID_IMAGE_URL,0,0,NONE,0
RMVM_S_352a2065de,Ngày Lành Tháng Tốt,"Võ Lê Mi, Jin Tuấn Nam",POP_BALLAD,MISSING,NO_VALID_IMAGE_URL,0,0,NONE,0
RMVM_S_01179300e4,AI KHỔ VÌ AI (LOFI VERSION),Bùi Phi Long,FOLK_TRADITIONAL,MISSING,NO_VALID_IMAGE_URL,0,0,NONE,0
RMVM_S_3022171bb0,Bao Giờ Là Khi Nào?,"LTee, YunND",RAP_HIPHOP,MISSING,NO_VALID_IMAGE_URL,0,0,NONE,0
RMVM_S_18bd551aa6,Mashup Nếu Có Buông Tay - Cho Anh Gần Em Thêm Chút Nữa,Tùng Linh,POP_BALLAD,MISSING,NO_VALID_IMAGE_URL,0,0,NONE,0
RMVM_S_062bea73ab,Ôi Kìa Tết Đến,"BÌN, Trường Lê",POP_BALLAD,MISSING,NO_VALID_IMAGE_URL,0,0,NONE,0
RMVM_S_4835800ed3,Lại Một Mùa Mưa,Ái Vân,INSTRUMENTAL,MISSING,NO_VALID_IMAGE_URL,0,0,NONE,0
RMVM_S_e573647308,Chưa Hết Giặc Ta Chưa Về,Tình Ca Việt,REVOLUTIONARY,MISSING,NO_VALID_IMAGE_URL,0,0,NONE,0
RMVM_S_f2cad7f8cb,Cứu Lấy Anh,Da LAB,POP_BALLAD,MISSING,NO_VALID_IMAGE_URL,0,0,NONE,0
RMVM_S_61ec2a70fd,Bịt Mắt Bắt Anh,"Phí Phương Anh, RIN9, DREAMeR",POP_BALLAD,MISSING,NO_VALID_IMAGE_URL,0,0,NONE,0
RMVM_S_e67a83cd05,Chỉ Vì Giàu Sang,Lâm Hoài Phong,POP_BALLAD,MISSING,NO_VALID_IMAGE_URL,0,0,NONE,0
RMVM_S_efdebf9851,Nỗi Đau Ai Ngờ (Vinahouse),Minh Vương M4U,DANCE_EDM,MISSING,NO_VALID_IMAGE_URL,0,0,NONE,0
RMVM_S_cdb8669751,Chịu Em Đi,"Tracy Thảo My, YuniBoo",POP_BALLAD,MISSING,NO_VALID_IMAGE_URL,0,0,NONE,0
RMVM_S_7de9f2c8a2,Ngã Ba Đường Hai Người Đi,Trương Như Anh,POP_BALLAD,MISSING,NO_VALID_IMAGE_URL,0,0,NONE,0
RMVM_S_a5e2ef90ef,Anh Sai Nhiều Lắm,Thanh Cường,POP_BALLAD,MISSING,NO_VALID_IMAGE_URL,0,0,NONE,0
RMVM_S_56f3cba867,Cả Đời Thua Bởi Một Người 2,Chí Thành Danh,POP_BALLAD,MISSING,NO_VALID_IMAGE_URL,0,0,NONE,0
RMVM_S_c721c30304,Yêu Em Không Cát Xê,Hoàng Nhật Anh,POP_BALLAD,MISSING,NO_VALID_IMAGE_URL,0,0,NONE,0
RMVM_S_96abf8d56a,Lý Do Em Ra Đi,Trương Y Du,POP_BALLAD,MISSING,NO_VALID_IMAGE_URL,0,0,NONE,0
RMVM_S_e6fcbb038b,Em Là Cô Gái Miền Trung,Lê Trọng Hiếu,POP_BALLAD,MISSING,NO_VALID_IMAGE_URL,0,0,NONE,0
RMVM_S_998d987543,Anh Chẳng Quan Tâm Em Nữa Rồi,"VAnh, Phạm Nguyên Ngọc, BMZ",POP_BALLAD,MISSING,NO_VALID_IMAGE_URL,0,0,NONE,0
RMVM_S_ffb9589432,Thuyền Tình,"Bằng Cường, Nhật Kim Anh",POP_BALLAD,MISSING,NO_VALID_IMAGE_URL,0,0,NONE,0
RMVM_S_b2785b062c,Chỉ Vì Quá Hy Vọng (Live at Bến Thành),Hoài Lâm,POP_BALLAD,MISSING,NO_VALID_IMAGE_URL,0,0,NONE,0
RMVM_S_5ee6d75da8,HƯƠNG TÓC MẠ NON (LOFI VERSION),Bùi Phi Long,BOLERO_TRUTINH,MISSING,NO_VALID_IMAGE_URL,0,0,NONE,0
RMVM_S_a05081049f,7 ngày sau chia tay,mơ,POP_BALLAD,MISSING,NO_VALID_IMAGE_URL,0,0,NONE,0
RMVM_S_59fc06bca8,Màu Hoa Kỷ Niệm,Như Quỳnh,INSTRUMENTAL,MISSING,NO_VALID_IMAGE_URL,0,0,NONE,0
RMVM_S_5f601242e3,Bắc Kim Thang,Bé Tú Anh,CHILDREN,MISSING,NO_VALID_IMAGE_URL,0,0,NONE,0
RMVM_S_5fcca3a4e8,Bên Anh Ấy Chắc Tốt Hơn Anh,Lâm Chấn Hải,POP_BALLAD,MISSING,NO_VALID_IMAGE_URL,0,0,NONE,0
RMVM_S_57a05240fa,Thân Phận Tù Nhân (Beat),Tào Lữ Phụ,POP_BALLAD,MISSING,NO_VALID_IMAGE_URL,0,0,NONE,0
RMVM_S_a65cd6500a,Ký Ức Nhạt Màu,Lâm Chấn Huy,POP_BALLAD,MISSING,NO_VALID_IMAGE_URL,0,0,NONE,0
RMVM_S_ba5dc59ab5,Con Tim Doi Mau,"Dewie, Trash Dee",POP_BALLAD,MISSING,NO_VALID_IMAGE_URL,0,0,NONE,0
RMVM_S_34304121f9,Liên Khúc Hờn Trách Con Đò - Éo Le Cuộc Tình,Hoàng Minh Thắng,BOLERO_TRUTINH,MISSING,NO_VALID_IMAGE_URL,0,0,NONE,0
RMVM_S_e744de3bee,Cái Giá Của Sự Trưởng Thành,"Phí Phương Anh, RIN9, DREAMeR",POP_BALLAD,MISSING,NO_VALID_IMAGE_URL,0,0,NONE,0
RMVM_S_32b3c7da38,Dòng Thác,Dương Minh Kiệt,POP_BALLAD,MISSING,NO_VALID_IMAGE_URL,0,0,NONE,0
RMVM_S_4aba4e66c5,Hoa Cúc Vàng Trong Bão,Bạch Công Khanh,POP_BALLAD,MISSING,NO_VALID_IMAGE_URL,0,0,NONE,0
RMVM_S_632baf1ba1,Con Gái Thời Nay,"Gia Huy Singer, Phúc Vlog",POP_BALLAD,MISSING,NO_VALID_IMAGE_URL,0,0,NONE,0
RMVM_S_9831ff1345,Mình Yêu Nhau Từ Kiếp Nào (Pháp Sư Mù OST),Trung Quân Idol,POP_BALLAD,MISSING,NO_VALID_IMAGE_URL,0,0,NONE,0
RMVM_S_cb1ba649c1,Em Đi Về Đi,Trung Tự,POP_BALLAD,MISSING,NO_VALID_IMAGE_URL,0,0,NONE,0
RMVM_S_16f089dc8e,Quá Khứ Và Anh (Disco Remix),Minz,POP_BALLAD,MISSING,NO_VALID_IMAGE_URL,0,0,NONE,0
RMVM_S_6d500d6242,Quảng Ngãi Chiều Sông Quê,Hồng Xương Long,POP_BALLAD,MISSING,NO_VALID_IMAGE_URL,0,0,NONE,0
RMVM_S_2260422bdb,Chủ Tịch Và Nữ Thư Ký,"Đào Nguyễn Ánh, Trần Hiếu Trung, Cua Mề",POP_BALLAD,MISSING,NO_VALID_IMAGE_URL,0,0,NONE,0
RMVM_S_367533c4d1,60 Năm Yêu Mãi Nhé,"Tân Hy Khánh, Mạnh Quân",POP_BALLAD,MISSING,NO_VALID_IMAGE_URL,0,0,NONE,0
RMVM_S_d88ff38e4e,Mashup: Bài Thánh Ca Buồn - Hai Mùa Noel,"Anh Khang, Quỳnh Trang",POP_BALLAD,MISSING,NO_VALID_IMAGE_URL,0,0,NONE,0
RMVM_S_a981b9d8e1,Anh Đã Quên Mùa Thu,Dalena,INSTRUMENTAL,MISSING,NO_VALID_IMAGE_URL,0,0,NONE,0
RMVM_S_7fc4b54a2f,Có Em Ở Đây Rồi (Remix),"Chu Duyên, CT",POP_BALLAD,MISSING,NO_VALID_IMAGE_URL,0,0,NONE,0
RMVM_S_7103b49fcb,Khi Người Con Gái Cô Đơn,"GiGi Hương Giang, Andiez",POP_BALLAD,MISSING,NO_VALID_IMAGE_URL,0,0,NONE,0
RMVM_S_9816fd4aec,Là Vậy Đó (Piano Version),"Misabae, KayDee, The 199X",POP_BALLAD,MISSING,NO_VALID_IMAGE_URL,0,0,NONE,0
RMVM_S_d71badaa59,Dù Sai Em Vẫn Yêu Anh,Hạnh Sino,POP_BALLAD,MISSING,NO_VALID_IMAGE_URL,0,0,NONE,0
RMVM_S_cad5766336,Thật Không Em,Cao Thiên Vũ,POP_BALLAD,MISSING,NO_VALID_IMAGE_URL,0,0,NONE,0
RMVM_S_9803be72f2,Bầu Trời Của Con,Lâm Chấn Huy,FOLK_TRADITIONAL,MISSING,NO_VALID_IMAGE_URL,0,0,NONE,0
RMVM_S_8c971c7845,Đừng Nghe Nhạc Anh Nữa,"Tài Lê, KindyA",POP_BALLAD,MISSING,NO_VALID_IMAGE_URL,0,0,NONE,0
RMVM_S_a3dd2deeb0,Liên Khúc Sa Mạc tình Yêu - Cơn Mưa Hạ,Ngọc Bảo Anh,POP_BALLAD,MISSING,NO_VALID_IMAGE_URL,0,0,NONE,0
RMVM_S_7c33667598,Nơi Ấy Là Trường Sa,"Đức Tuấn, Xuân Nghĩa",POP_BALLAD,MISSING,NO_VALID_IMAGE_URL,0,0,NONE,0
RMVM_S_ae6932bfcf,Bách Hoa Hương,Thiên Tú,POP_BALLAD,MISSING,NO_VALID_IMAGE_URL,0,0,NONE,0
RMVM_S_f7165d46f6,Anh Chỉ Cần Lý Do,"Lương Gia Hùng, Goctoi Mixer, Tracy Thảo My",POP_BALLAD,MISSING,NO_VALID_IMAGE_URL,0,0,NONE,0
RMVM_S_d0cd378f00,Đưa Em Qua Cánh Đồng Vàng,"Quốc Đại, Vân Trang",POP_BALLAD,MISSING,NO_VALID_IMAGE_URL,0,0,NONE,0
RMVM_S_e7d8211c24,Đây là một bản tình ca,Đạt Dope,RAP_HIPHOP,MISSING,NO_VALID_IMAGE_URL,0,0,NONE,0
RMVM_S_88d9549be9,Chờ Đợi Đến Bao Giờ,Vũ Long,POP_BALLAD,MISSING,NO_VALID_IMAGE_URL,0,0,NONE,0
RMVM_S_105559328a,Đông Và Anh,"Thái Đinh, BMZ",POP_BALLAD,MISSING,NO_VALID_IMAGE_URL,0,0,NONE,0
RMVM_S_13ad5b9f2f,Biết Đau Nhưng Vẫn Yêu,Hồ Gia Khánh,POP_BALLAD,MISSING,NO_VALID_IMAGE_URL,0,0,NONE,0
RMVM_S_f1c1effc9d,Lo Cho Em Tròn Vo,"TBEAR, P.O.N",POP_BALLAD,MISSING,NO_VALID_IMAGE_URL,0,0,NONE,0
RMVM_S_358fc0f515,Thế Là Tết,"Đức Phúc, Hòa Minzy",POP_BALLAD,MISSING,NO_VALID_IMAGE_URL,0,0,NONE,0
RMVM_S_6209e133eb,Xin Anh Đừng,"Huyền Cadie, Lê Trần Media",POP_BALLAD,MISSING,NO_VALID_IMAGE_URL,0,0,NONE,0
RMVM_S_068ba9c2da,Học Trò Ơi!,Dương Huệ,POP_BALLAD,MISSING,NO_VALID_IMAGE_URL,0,0,NONE,0
RMVM_S_968562d799,Girl Hai Huoc Nhung Tim Day Vet Xuoc,Saabirose,POP_BALLAD,MISSING,NO_VALID_IMAGE_URL,0,0,NONE,0
RMVM_S_c02310ebf6,Chỉ Cần Em Luôn Hạnh Phúc,Dương Cao Thắng,POP_BALLAD,MISSING,NO_VALID_IMAGE_URL,0,0,NONE,0
RMVM_S_f3b7222e3c,Người Lạ Nơi Cuối Chân Trời,"LK, JustaTee",POP_BALLAD,MISSING,NO_VALID_IMAGE_URL,0,0,NONE,0
RMVM_S_d892074f29,Em Hãy Về Cùng Anh,Trường Kha,FOLK_TRADITIONAL,MISSING,NO_VALID_IMAGE_URL,0,0,NONE,0
RMVM_S_4026c5961d,Anh Em Tương Phùng (Remix),Nhiều nghệ sĩ,POP_BALLAD,MISSING,NO_VALID_IMAGE_URL,0,0,NONE,0
RMVM_S_8f8635fd78,Anh Yêu Em Đơn Phương Đấy (Piano Version),Gin Tuấn Kiệt,POP_BALLAD,MISSING,NO_VALID_IMAGE_URL,0,0,NONE,0
RMVM_S_58248642bc,Chỉ Còn Một Mình Em,Hoàng Linh Anh,POP_BALLAD,MISSING,NO_VALID_IMAGE_URL,0,0,NONE,0
RMVM_S_821a98714f,Bỉ Ngạn,Aiden,POP_BALLAD,MISSING,NO_VALID_IMAGE_URL,0,0,NONE,0
RMVM_S_22e4241850,Ai Mà Có Hay,Nguyễn Kiều Oanh,POP_BALLAD,MISSING,NO_VALID_IMAGE_URL,0,0,NONE,0
RMVM_S_d03482c0a7,Corona Ghét Lắm Nha,Thiên An,POP_BALLAD,MISSING,NO_VALID_IMAGE_URL,0,0,NONE,0
RMVM_S_6aa9a69323,Câu Chuyện Cuối Năm (Xuân Phát Tài 13),Quang Lê,POP_BALLAD,MISSING,NO_VALID_IMAGE_URL,0,0,NONE,0
RMVM_S_92afc674ce,Còn Gì Để Nhớ,Chance C,POP_BALLAD,MISSING,NO_VALID_IMAGE_URL,0,0,NONE,0
RMVM_S_fefbe1dae1,Cảm Ơn Cô Ấy,"Thiên Miệu, Đạt Khói, Tịnh Cường",POP_BALLAD,MISSING,NO_VALID_IMAGE_URL,0,0,NONE,0
RMVM_S_28ac813a58,Em Nói Em Thương,"Quang Khải, HOA HỒNG DẠI MUSIC",POP_BALLAD,MISSING,NO_VALID_IMAGE_URL,0,0,NONE,0
RMVM_S_a597087fed,Nghề Tôi Tài Xế,Hoàng Minh Thắng,POP_BALLAD,MISSING,NO_VALID_IMAGE_URL,0,0,NONE,0
RMVM_S_9f401f0110,Người Ta Hỏi Anh (Remix),"Nhật Tinh Anh, DJ Turbo",POP_BALLAD,MISSING,NO_VALID_IMAGE_URL,0,0,NONE,0
RMVM_S_c006d86600,Hãy Là Của Riêng Anh (Remix),"Triệu Minh Đạt, T.2M",POP_BALLAD,MISSING,NO_VALID_IMAGE_URL,0,0,NONE,0
RMVM_S_10f6c2cad7,Mashup Nhắn Gió Mây Rằng Anh Yêu Em - Ta Còn Yêu Nhau,Tùng Linh,POP_BALLAD,MISSING,NO_VALID_IMAGE_URL,0,0,NONE,0
RMVM_S_46e9c3f471,Cau Trầu Đưa Lối (Remix),"Khưu Huy Vũ, Võ Lê Mi",DANCE_EDM,MISSING,NO_VALID_IMAGE_URL,0,0,NONE,0
RMVM_S_c75868021f,"Anh Đã Yên Bình, Tôi Biết Thương Mình",Phạm Quỳnh Anh,POP_BALLAD,MISSING,NO_VALID_IMAGE_URL,0,0,NONE,0
RMVM_S_6283b02dcc,Bến Phụ Con Đò,Vũ Tuấn Khang,POP_BALLAD,MISSING,NO_VALID_IMAGE_URL,0,0,NONE,0
RMVM_S_f518010c57,Liên Khúc Thuyền Xa Bến Đỗ,"Trương Cẩm Tú, Gia Lạc",BOLERO_TRUTINH,MISSING,NO_VALID_IMAGE_URL,0,0,NONE,0
RMVM_S_5a9b2b1343,Anh Em Chí Cốt,Tô Gia Tuấn,POP_BALLAD,MISSING,NO_VALID_IMAGE_URL,0,0,NONE,0
RMVM_S_4f931420cb,Điều Anh Mong Chờ Không Phải Là Tuyết,Chí Thiện,POP_BALLAD,MISSING,NO_VALID_IMAGE_URL,0,0,NONE,0
RMVM_S_a807e518ac,Là Anh (Remix Version),"Phạm Lịch, BMZ",DANCE_EDM,MISSING,NO_VALID_IMAGE_URL,0,0,NONE,0
RMVM_S_84e3b3f06e,Khúc Nhạc Vui,Huỳnh Tú,POP_BALLAD,MISSING,NO_VALID_IMAGE_URL,0,0,NONE,0
RMVM_S_34fb27724e,Bình Yên Nơi Anh (CM1X x VRT Remix),"TeamV, CM1X, VRT",POP_BALLAD,MISSING,NO_VALID_IMAGE_URL,0,0,NONE,0
RMVM_S_7bf61e1655,Quên Anh Em Ổn Mà,"AndyShin, Kid TD",POP_BALLAD,MISSING,NO_VALID_IMAGE_URL,0,0,NONE,0
RMVM_S_ac6b8987c9,Anh Chưa Từng Quên,Nhiều nghệ sĩ,POP_BALLAD,MISSING,NO_VALID_IMAGE_URL,0,0,NONE,0
RMVM_S_027b142178,Lỡ Nhịp Yêu Thương,"Piu Nhok, Shyn Tây",POP_BALLAD,MISSING,NO_VALID_IMAGE_URL,0,0,NONE,0
RMVM_S_e5336532e4,Câu Hát Lý Theo Chồng,Tài Linh,FOLK_TRADITIONAL,MISSING,NO_VALID_IMAGE_URL,0,0,NONE,0
RMVM_S_1c9cfc3772,Còn Là Gì Của Nhau,Châu Khải Phong,POP_BALLAD,MISSING,NO_VALID_IMAGE_URL,0,0,NONE,0
RMVM_S_8bc98b3c4c,Thuyền Nhỏ Sóng Lớn,Vân Du,POP_BALLAD,MISSING,NO_VALID_IMAGE_URL,0,0,NONE,0
RMVM_S_db96a8d212,Em Đang Nơi Nào,Bạch Công Khanh,POP_BALLAD,MISSING,NO_VALID_IMAGE_URL,0,0,NONE,0
RMVM_S_1ba39f1f65,Liên Khúc Ngày Tết Quê Em – Chúc Tết,"Lưu Ánh Loan, Vũ Hoàng",BOLERO_TRUTINH,MISSING,NO_VALID_IMAGE_URL,0,0,NONE,0
RMVM_S_bd56b53fe0,Bước Chân Người Miền Trung,Trung Nghĩa,BOLERO_TRUTINH,MISSING,NO_VALID_IMAGE_URL,0,0,NONE,0
RMVM_S_775a85fb92,Tình Yêu Hoa Gió (Chips Lofi),BEAN,POP_BALLAD,MISSING,NO_VALID_IMAGE_URL,0,0,NONE,0
RMVM_S_78d8a7ba21,"Anh Ổn, Em Sao Rồi","Đạt PT, Puns F",POP_BALLAD,MISSING,NO_VALID_IMAGE_URL,0,0,NONE,0
RMVM_S_b8eab51b11,Đôi Mươi Xuân Về,Võ Ê Vo,POP_BALLAD,MISSING,NO_VALID_IMAGE_URL,0,0,NONE,0
RMVM_S_0fc64439ee,Bài Tình Ca Cho Em (Live),Thiên Tôn,BOLERO_TRUTINH,MISSING,NO_VALID_IMAGE_URL,0,0,NONE,0
RMVM_S_7ab9d4eb04,chạy theo cơn mưa,"Phượng Vũ, Tuno, PhiWoai",POP_BALLAD,MISSING,NO_VALID_IMAGE_URL,0,0,NONE,0
RMVM_S_6bab819b1b,Tình Xa Ngàn Khơi,Vân Quang Long,POP_BALLAD,MISSING,NO_VALID_IMAGE_URL,0,0,NONE,0
RMVM_S_e6647f9065,Tôi Yêu Bánh Mì Sài Gòn,"TDK, Long X, Nguyễn Hải Phong",POP_BALLAD,MISSING,NO_VALID_IMAGE_URL,0,0,NONE,0
RMVM_S_3440f791a4,Hồng Trần Ngàn Vạn Xuân,Bùi Hoàng Yến,POP_BALLAD,MISSING,NO_VALID_IMAGE_URL,0,0,NONE,0
RMVM_S_1480a99210,Anh Ước Em Ở Đây,"Lệnh Hồ Khang, Mr. Đùm",POP_BALLAD,MISSING,NO_VALID_IMAGE_URL,0,0,NONE,0
RMVM_S_20eb55c2bf,Liên Khúc Người Tình Không Đến - Chiều Cuối Tuần,Châu Ngọc Hà,BOLERO_TRUTINH,MISSING,NO_VALID_IMAGE_URL,0,0,NONE,0
RMVM_S_b3a3c48ffc,Chạm Tới Tuổi Đôi Mươi,GreenD,POP_BALLAD,MISSING,NO_VALID_IMAGE_URL,0,0,NONE,0
RMVM_S_f7be22ae38,Ngày Xuân Thăm Nhau,"Quỳnh Trang, Thiên Quang",BOLERO_TRUTINH,MISSING,NO_VALID_IMAGE_URL,0,0,NONE,0
RMVM_S_8545932185,Cứ Mãi Là Giấc Mơ,Hiền Thục,POP_BALLAD,MISSING,NO_VALID_IMAGE_URL,0,0,NONE,0
RMVM_S_df3cb94441,Anh Nghĩ Về Em,PI.NO Phạm,POP_BALLAD,MISSING,NO_VALID_IMAGE_URL,0,0,NONE,0
RMVM_S_4947cac1a9,Có Em Anh Có Cả Thế Giới (EDM Version),Phạm Tuấn Tài,POP_BALLAD,MISSING,NO_VALID_IMAGE_URL,0,0,NONE,0
RMVM_S_6b993965f5,Em Đã Cho Tôi Một Lần Đau,Lương Tùng Quang,INSTRUMENTAL,MISSING,NO_VALID_IMAGE_URL,0,0,NONE,0
RMVM_S_041782883d,Thầm Yêu (7 Deep Cuts Session),Phùng Khánh Linh,POP_BALLAD,MISSING,NO_VALID_IMAGE_URL,0,0,NONE,0
RMVM_S_6897374d85,Chiều Đồng Quê,"Ái Vân, Nguyễn Hưng",INSTRUMENTAL,MISSING,NO_VALID_IMAGE_URL,0,0,NONE,0
RMVM_S_810dd2adf9,Hãy Khóc Trên Vai Anh,Uni5,POP_BALLAD,MISSING,NO_VALID_IMAGE_URL,0,0,NONE,0
RMVM_S_1af6c947e4,Bên Ấy Bên Này (Chillout),Long Cao,DANCE_EDM,MISSING,NO_VALID_IMAGE_URL,0,0,NONE,0
RMVM_S_3212664321,Đâu Dám Trèo Cao,"Dư Anh, Mỹ Linh",BOLERO_TRUTINH,MISSING,NO_VALID_IMAGE_URL,0,0,NONE,0
RMVM_S_e30fe77d55,Ai Mì Quảng Không?,Tố My,POP_BALLAD,MISSING,NO_VALID_IMAGE_URL,0,0,NONE,0
RMVM_S_7d8e681456,Đừng Thương Họ Như Em Đã Thương Anh,Đình Dũng,POP_BALLAD,MISSING,NO_VALID_IMAGE_URL,0,0,NONE,0
RMVM_S_8d29c4a417,Bằng Lòng Em Ơi,"Lee Ken, Rum Bi - N",POP_BALLAD,MISSING,NO_VALID_IMAGE_URL,0,0,NONE,0
RMVM_S_9f2b33b81c,Ánh Mặt Trời,Khánh Trung,POP_BALLAD,MISSING,NO_VALID_IMAGE_URL,0,0,NONE,0
RMVM_S_9c18d7c6b4,Ánh Trăng Tan,Don Hồ,INSTRUMENTAL,MISSING,NO_VALID_IMAGE_URL,0,0,NONE,0
RMVM_S_2af4f7831c,Liên Khúc Cha Cha Cha Quân Vương Và Thiếp,"Thanh Ngân, Gia Tiến",BOLERO_TRUTINH,MISSING,NO_VALID_IMAGE_URL,0,0,NONE,0
RMVM_S_18074011d4,Say Em Mất Rồi 2,"T2K4, Xuân Quỳnh",RAP_HIPHOP,MISSING,NO_VALID_IMAGE_URL,0,0,NONE,0
RMVM_S_b91c556525,Liên Khúc Làng Quan Họ Quê Tôi,Mỹ Anh,BOLERO_TRUTINH,MISSING,NO_VALID_IMAGE_URL,0,0,NONE,0
RMVM_S_99aebc1770,+1 ngày bên em (Lofi Version),"Trungg I.U, Rum",POP_BALLAD,MISSING,NO_VALID_IMAGE_URL,0,0,NONE,0
RMVM_S_c12633234d,Yêu Được Quên Được,Hồ Phong An,POP_BALLAD,MISSING,NO_VALID_IMAGE_URL,0,0,NONE,0
RMVM_S_6199013231,Đêm Cuối Bên Nhau,Nhiều nghệ sĩ,BOLERO_TRUTINH,MISSING,NO_VALID_IMAGE_URL,0,0,NONE,0
RMVM_S_450bd4ad6e,Đổi Người Mình Yêu,Kenvin Tuấn,POP_BALLAD,MISSING,NO_VALID_IMAGE_URL,0,0,NONE,0
RMVM_S_ebbd4a54ff,Biệt Giang Hồ (Remix),Ku Vàng,POP_BALLAD,MISSING,NO_VALID_IMAGE_URL,0,0,NONE,0
RMVM_S_9f115b57d1,Bước Qua Tổn Thương Có Dễ Dàng,Hà Nhi,POP_BALLAD,MISSING,NO_VALID_IMAGE_URL,0,0,NONE,0
RMVM_S_bdc2376514,Có Ai Quên Tình Đầu,Zick Phạm,POP_BALLAD,MISSING,NO_VALID_IMAGE_URL,0,0,NONE,0
RMVM_S_a3f5ff29b7,Chẳng Thể Cùng Em!,"QuocKiet, Khiem",POP_BALLAD,MISSING,NO_VALID_IMAGE_URL,0,0,NONE,0
RMVM_S_b637f3ae23,"Mashup Sau Tất Cả ,Yêu Lại Từ Đầu",Khắc Việt,POP_BALLAD,MISSING,NO_VALID_IMAGE_URL,0,0,NONE,0
RMVM_S_a7aaaa0e51,Ấm No Đời Đời,"Đoàn Thúy Trang, BigDaddy",POP_BALLAD,MISSING,NO_VALID_IMAGE_URL,0,0,NONE,0
RMVM_S_dc75141a99,LostOwl Có Phải Là GPS,"Pixel Neko, Mỹ Anh, Lost Owl",POP_BALLAD,MISSING,NO_VALID_IMAGE_URL,0,0,NONE,0
RMVM_S_3bfeb76e3b,Gửi Em Của Quá Khứ (New Version),Phạm Quỳnh Anh,POP_BALLAD,MISSING,NO_VALID_IMAGE_URL,0,0,NONE,0
RMVM_S_080468fe18,11 tháng 5 ngày,Nguyễn Đặng Châu Anh,POP_BALLAD,MISSING,NO_VALID_IMAGE_URL,0,0,NONE,0
RMVM_S_eac2e6dc48,Một Lần Ly Biệt (Remix),Lê Bá Duy,DANCE_EDM,MISSING,NO_VALID_IMAGE_URL,0,0,NONE,0
RMVM_S_f15a6e96e4,Bức Tranh Trắng Xóa,K-ICM,POP_BALLAD,MISSING,NO_VALID_IMAGE_URL,0,0,NONE,0
RMVM_S_5b07d792b9,Đời Không Như Mơ,Long Hải,POP_BALLAD,MISSING,NO_VALID_IMAGE_URL,0,0,NONE,0
RMVM_S_84210c1b80,Gọi Là Người Dưng,Trung Dio,POP_BALLAD,MISSING,NO_VALID_IMAGE_URL,0,0,NONE,0
RMVM_S_cd025b9965,"Giọt Sương Và Chiếc Lá (From ""Lưu Hương Giang's Library"")",Lưu Hương Giang,POP_BALLAD,MISSING,NO_VALID_IMAGE_URL,0,0,NONE,0
RMVM_S_48debccc7a,Ân Tình Chia Đôi,TLong,POP_BALLAD,MISSING,NO_VALID_IMAGE_URL,0,0,NONE,0
RMVM_S_59b80b30e6,Tình Yêu Vô Hướng (Piano Version),"K-ICM, Hồ Tuấn Phúc",POP_BALLAD,MISSING,NO_VALID_IMAGE_URL,0,0,NONE,0
RMVM_S_4ff55e595c,Bông Hồng Dâng Mẹ,Mai Thiên Vân,INSTRUMENTAL,MISSING,NO_VALID_IMAGE_URL,0,0,NONE,0
RMVM_S_989285b7c6,Đừng Để Nước Mắt Em Rơi,"Puns F, Minh Tài",POP_BALLAD,MISSING,NO_VALID_IMAGE_URL,0,0,NONE,0
RMVM_S_ef088e5a01,Tết Là Nhất,Nhiều nghệ sĩ,POP_BALLAD,MISSING,NO_VALID_IMAGE_URL,0,0,NONE,0
RMVM_S_4d1c24085a,"LK Trăng Về Thôn Dã, Rước Tình Về Với Quê Hương","Vi Châu, Thanh Vũ",BOLERO_TRUTINH,MISSING,NO_VALID_IMAGE_URL,0,0,NONE,0
RMVM_S_65eaf3fe5f,6 Cô Gái Bạn Có Thể Sẽ Hẹn Hò Ở Đại Học,Haisam,POP_BALLAD,MISSING,NO_VALID_IMAGE_URL,0,0,NONE,0
RMVM_S_fff4e8c1e3,Đừng Mãi Nói Lời Gian Dối,Như Thùy,POP_BALLAD,MISSING,NO_VALID_IMAGE_URL,0,0,NONE,0
RMVM_S_5e03e73099,Tình Bạn Đẹp Nhất (TikTok Remix),"iBe Viet, BMZ",POP_BALLAD,MISSING,NO_VALID_IMAGE_URL,0,0,NONE,0
RMVM_S_b991cea6f4,Dấu Phố Em Qua (Live Version),Hà Anh Tuấn,POP_BALLAD,MISSING,NO_VALID_IMAGE_URL,0,0,NONE,0
RMVM_S_8eda89bd09,Giấc Mơ Xa,Khánh Phương,POP_BALLAD,MISSING,NO_VALID_IMAGE_URL,0,0,NONE,0
RMVM_S_3d62d50407,Liên Khúc Tuổi Xa Người & Bài Cho Em,Trung Nghĩa,BOLERO_TRUTINH,MISSING,NO_VALID_IMAGE_URL,0,0,NONE,0
RMVM_S_e69b3e28d1,Vì Anh Dối Gian,Minh Tuyết,INSTRUMENTAL,MISSING,NO_VALID_IMAGE_URL,0,0,NONE,0
RMVM_S_d57820c947,Ai Đâu Hay (CM1X Remix),"Sean, CM1X",DANCE_EDM,MISSING,NO_VALID_IMAGE_URL,0,0,NONE,0
RMVM_S_1cedb7851d,Lá Thư Của Gió,Kha Idol,POP_BALLAD,MISSING,NO_VALID_IMAGE_URL,0,0,NONE,0
RMVM_S_bb8be3f74c,Kể Từ Đêm Đó (Live),Giao Linh,BOLERO_TRUTINH,MISSING,NO_VALID_IMAGE_URL,0,0,NONE,0
RMVM_S_71a7e2284f,Một Chuyến Bay Đêm,"BeeBoss, Tuấn Chung",POP_BALLAD,MISSING,NO_VALID_IMAGE_URL,0,0,NONE,0
RMVM_S_4afc5f620f,Biết Vui Biết Buồn,"Thùy Chi, Đức Trí",POP_BALLAD,MISSING,NO_VALID_IMAGE_URL,0,0,NONE,0
RMVM_S_11e2a7c959,Chạy Theo Em,T.R.I,POP_BALLAD,MISSING,NO_VALID_IMAGE_URL,0,0,NONE,0
RMVM_S_98edf62833,Chú Tiểu Ngây Thơ,Kitty Ngọc Nhi,CHILDREN,MISSING,NO_VALID_IMAGE_URL,0,0,NONE,0
RMVM_S_48799e3ad2,Chúng Mình Yêu Nhau Thế Đấy,Hoàng Yến Chibi,POP_BALLAD,MISSING,NO_VALID_IMAGE_URL,0,0,NONE,0
RMVM_S_7021043917,Nếu (Acoustic),Cá Hồi Hoang,POP_BALLAD,MISSING,NO_VALID_IMAGE_URL,0,0,NONE,0
RMVM_S_11d9e23093,Lý Do Anh Xuất Hiện,Tân Trần,POP_BALLAD,MISSING,NO_VALID_IMAGE_URL,0,0,NONE,0
RMVM_S_25adc8221f,Nhớ Về Em,"BeeBoss, Tuấn Chung",POP_BALLAD,MISSING,NO_VALID_IMAGE_URL,0,0,NONE,0
RMVM_S_032444b97d,Mượn Đôi Tay Ấm,"Đình Bình, Richi",POP_BALLAD,MISSING,NO_VALID_IMAGE_URL,0,0,NONE,0
RMVM_S_9a1789e72e,Anh Chỉ Buồn Hôm Nay Nữa Thôi,Rain Lưu,POP_BALLAD,MISSING,NO_VALID_IMAGE_URL,0,0,NONE,0
RMVM_S_4246b8d02e,Mạnh Mẽ Lên Em,Dương Nhất Linh,POP_BALLAD,MISSING,NO_VALID_IMAGE_URL,0,0,NONE,0
RMVM_S_95c6626626,Anh Không Muốn Ra Đi,"Vicky Nhung, Long Rex",POP_BALLAD,MISSING,NO_VALID_IMAGE_URL,0,0,NONE,0
RMVM_S_ac206ecdd4,Buông Tay Một Người Thương,"V.iris, Mley, Đạt PT",POP_BALLAD,MISSING,NO_VALID_IMAGE_URL,0,0,NONE,0
RMVM_S_abcdb50a39,Cấp 3 Của Tôi,Vương Đình Dũng,POP_BALLAD,MISSING,NO_VALID_IMAGE_URL,0,0,NONE,0
RMVM_S_d308ef907a,Chuyện Ngây Thơ,Cẩm Ly,BOLERO_TRUTINH,MISSING,NO_VALID_IMAGE_URL,0,0,NONE,0
RMVM_S_47bd83e118,Phải Duyên Phải Nợ,"Khưu Huy Vũ, Quỳnh Trang",POP_BALLAD,MISSING,NO_VALID_IMAGE_URL,0,0,NONE,0
RMVM_S_b6ab8dda43,Rap Về Doctor Strange,Phan Ann,POP_BALLAD,MISSING,NO_VALID_IMAGE_URL,0,0,NONE,0
RMVM_S_fc8c29ff3e,Tấm Lòng Em Trong Sáng,"Minh Thuận, Phương Thanh",POP_BALLAD,MISSING,NO_VALID_IMAGE_URL,0,0,NONE,0
RMVM_S_3a8eda6e1a,Đóa Hồng Nơi Trái Tim Cover (Piano Version),Brian Huỳnh Anh,POP_BALLAD,MISSING,NO_VALID_IMAGE_URL,0,0,NONE,0
RMVM_S_9646c08f94,Con Dế Mèn Hát Vào Mùa Hè,Tùng,POP_BALLAD,MISSING,NO_VALID_IMAGE_URL,0,0,NONE,0
RMVM_S_348d814ae5,Cảm Ơn Mình Đã Yêu Anh - Lạc,HA Live,POP_BALLAD,MISSING,NO_VALID_IMAGE_URL,0,0,NONE,0
RMVM_S_0e6fef15af,Có Em Để Khoe Rồi,Kevin Toàn,POP_BALLAD,MISSING,NO_VALID_IMAGE_URL,0,0,NONE,0
RMVM_S_2576fa4a51,Chủ Nhật Này Trẫm Nhớ Ái Khanh Không?,"Trường Sơn, Kim Thư",POP_BALLAD,MISSING,NO_VALID_IMAGE_URL,0,0,NONE,0
RMVM_S_35ca11c00c,Giá Em Chưa Từng Đến,"Haukong, H2 JSON",POP_BALLAD,MISSING,NO_VALID_IMAGE_URL,0,0,NONE,0
RMVM_S_f3d7cd9dfe,Bước Nhỏ Vào Đời,Dương Kim Ánh,BOLERO_TRUTINH,MISSING,NO_VALID_IMAGE_URL,0,0,NONE,0
RMVM_S_8ffa76440d,Buồn Mà Chi Em,Vũ Hoàng,BOLERO_TRUTINH,MISSING,NO_VALID_IMAGE_URL,0,0,NONE,0
RMVM_S_4110a65886,Điệu Lý Qua Cầu (Remix),Lương Gia Huy,POP_BALLAD,MISSING,NO_VALID_IMAGE_URL,0,0,NONE,0
RMVM_S_f20b74e425,Chút Thư Tình Người Lính Biển,Quang Hà,REVOLUTIONARY,MISSING,NO_VALID_IMAGE_URL,0,0,NONE,0
RMVM_S_a2a02cf36c,Em Lấy Chồng Đi,Billy Nhựt Minh,POP_BALLAD,MISSING,NO_VALID_IMAGE_URL,0,0,NONE,0
RMVM_S_6705522d1d,Em Có Còn Dùng Số Này Không,Thái Đinh,POP_BALLAD,MISSING,NO_VALID_IMAGE_URL,0,0,NONE,0
RMVM_S_e3a136baeb,Tình Anh Em Hỡi,Quang Thành,BOLERO_TRUTINH,MISSING,NO_VALID_IMAGE_URL,0,0,NONE,0
RMVM_S_5dcd3e5475,Mai Anh Đi Rồi,Gia Tiến,POP_BALLAD,MISSING,NO_VALID_IMAGE_URL,0,0,NONE,0
RMVM_S_c270d9fcd2,Cô Út Chung Tình,"Lương Minh Đạt, Ngọc Hân",BOLERO_TRUTINH,MISSING,NO_VALID_IMAGE_URL,0,0,NONE,0
RMVM_S_7c545217a2,Một Người Không Thể Yêu Hai Lần,Puns F,POP_BALLAD,MISSING,NO_VALID_IMAGE_URL,0,0,NONE,0
RMVM_S_5c4e454ac9,Cảm Giác Với Một Người Khác,Dương Triệu Vũ,POP_BALLAD,MISSING,NO_VALID_IMAGE_URL,0,0,NONE,0
RMVM_S_7f0221dc59,Anh Không Phải Là Hạnh Phúc Của Em,Lâm Chấn Huy,POP_BALLAD,MISSING,NO_VALID_IMAGE_URL,0,0,NONE,0
RMVM_S_f91f6864f7,Xin Vẫy Tay Chào,Hồng Quyên,BOLERO_TRUTINH,MISSING,NO_VALID_IMAGE_URL,0,0,NONE,0
RMVM_S_7250483b67,Chẳng Ai Yêu Mãi Một Người,"CT Media, Hồng Nhi",POP_BALLAD,MISSING,NO_VALID_IMAGE_URL,0,0,NONE,0
RMVM_S_a09d1ddaa9,Ngập Ngừng,Pay,POP_BALLAD,MISSING,NO_VALID_IMAGE_URL,0,0,NONE,0
RMVM_S_9c4fb38c36,Lệ Vu Quy,"Trịnh Lam, Diễm Sương",INSTRUMENTAL,MISSING,NO_VALID_IMAGE_URL,0,0,NONE,0
RMVM_S_85cf318521,ANH KHÔNG BẬN TÂM,Roy Nguyễn,POP_BALLAD,MISSING,NO_VALID_IMAGE_URL,0,0,NONE,0
RMVM_S_adcb664762,Cho Đến Khi Trời Đất Sụp Đổ,Trịnh Thăng Bình,POP_BALLAD,MISSING,NO_VALID_IMAGE_URL,0,0,NONE,0
RMVM_S_cda0fa67c7,Cà Khịa,Nguyễn Đình Vũ,POP_BALLAD,MISSING,NO_VALID_IMAGE_URL,0,0,NONE,0
RMVM_S_541b88d590,Bao Giờ Biết Tương Tư (Remix),Quách Tuấn Du,POP_BALLAD,MISSING,NO_VALID_IMAGE_URL,0,0,NONE,0
RMVM_S_802e6e651b,Định Mệnh Ta Gặp Nhau (Disco Remix),"Tuấn Chung, Dương Huỳnh Khang",POP_BALLAD,MISSING,NO_VALID_IMAGE_URL,0,0,NONE,0
RMVM_S_725b0f06fa,Anh Có Em Trong Đời,Vương Bảo Khang,INSTRUMENTAL,MISSING,NO_VALID_IMAGE_URL,0,0,NONE,0
RMVM_S_60b8196a7a,Đời Phiêu Lãng,D&D,POP_BALLAD,MISSING,NO_VALID_IMAGE_URL,0,0,NONE,0
RMVM_S_fb75887b4c,Ngày Mình Từng Yêu (Remix),Tăng Quỳnh My,POP_BALLAD,MISSING,NO_VALID_IMAGE_URL,0,0,NONE,0
RMVM_S_956e7bd045,Bay Trong Xuân,Hoàng Yến Chibi,POP_BALLAD,MISSING,NO_VALID_IMAGE_URL,0,0,NONE,0
RMVM_S_5f2d8d8726,Ngài Vẫn Ở Bên Con,Mai Thiên Vân,INSTRUMENTAL,MISSING,NO_VALID_IMAGE_URL,0,0,NONE,0
RMVM_S_3c9c088a17,Như Lời Đồn,Nhiều nghệ sĩ,POP_BALLAD,MISSING,NO_VALID_IMAGE_URL,0,0,NONE,0
RMVM_S_1b57599114,Ba Năm Một Cuộc Tình,"Trang, Madihu",POP_BALLAD,MISSING,NO_VALID_IMAGE_URL,0,0,NONE,0
RMVM_S_6b2c1b2f59,Đúng Lúc Gặp Người (Remix),Bằng Cường,DANCE_EDM,MISSING,NO_VALID_IMAGE_URL,0,0,NONE,0
RMVM_S_03104b7906,Chớp Mắt Đã Ngàn Năm (Remix),Lee Phú Quý,POP_BALLAD,MISSING,NO_VALID_IMAGE_URL,0,0,NONE,0
RMVM_S_09b30ef8f4,Có Em là Điều Tuyệt Vời (Cover),Oanh Tạ,POP_BALLAD,MISSING,NO_VALID_IMAGE_URL,0,0,NONE,0
RMVM_S_814fa10d68,Khi Bạn Cần Có Tôi Đây (Qinn Remix),"Qinn Media, Tô Gia Tuấn, Minh Tâm",POP_BALLAD,MISSING,NO_VALID_IMAGE_URL,0,0,NONE,0
RMVM_S_feb7abf57a,Đừng yêu người nổi tiếng,7UPPERCUTS,ROCK,MISSING,NO_VALID_IMAGE_URL,0,0,NONE,0
RMVM_S_c19d2d87df,Ngày Mai Sẽ Khác (Cover),Chiến Lê,POP_BALLAD,MISSING,NO_VALID_IMAGE_URL,0,0,NONE,0
RMVM_S_cbdf9bfb95,Anh Không Tha Thứ,"Đình Dũng, ACV",POP_BALLAD,MISSING,NO_VALID_IMAGE_URL,0,0,NONE,0
RMVM_S_bba1804869,Ghen Tuông Vợ Chồng,"Vũ Hoàng, Thạch Thảo",BOLERO_TRUTINH,MISSING,NO_VALID_IMAGE_URL,0,0,NONE,0
RMVM_S_678be6248f,Mùa Đông Trắng,Cẩm Ly,BOLERO_TRUTINH,MISSING,NO_VALID_IMAGE_URL,0,0,NONE,0
RMVM_S_9ccd4328e2,Mùa Viết Tình Ca (Mùa Viết Tình Ca OST),Isaac,POP_BALLAD,MISSING,NO_VALID_IMAGE_URL,0,0,NONE,0
RMVM_S_528263fda7,Cứ Ngỡ Là Em,Hồ Quỳnh Hương,POP_BALLAD,MISSING,NO_VALID_IMAGE_URL,0,0,NONE,0
RMVM_S_77368e5279,Cuộc Tình Kỳ Cục,SUNDAZE,POP_BALLAD,MISSING,NO_VALID_IMAGE_URL,0,0,NONE,0
RMVM_S_d1e61c99df,Liên Khúc Gió Về Miền Xuôi,"Đăng Nguyên, MC Tiến Vĩnh",BOLERO_TRUTINH,MISSING,NO_VALID_IMAGE_URL,0,0,NONE,0
RMVM_S_45f790de29,Em Nhớ Anh Vô Cùng (Acoustic),Nhã Thy,POP_BALLAD,MISSING,NO_VALID_IMAGE_URL,0,0,NONE,0
RMVM_S_d9b7bd3c7d,Tự Anh Sai,"A Tổ, IC Music",POP_BALLAD,MISSING,NO_VALID_IMAGE_URL,0,0,NONE,0
RMVM_S_800b4e60bd,Trốn Tránh,Bằng Cường,POP_BALLAD,MISSING,NO_VALID_IMAGE_URL,0,0,NONE,0
RMVM_S_5d0f9573b1,Chẳng Gì Là Mãi Mãi,Thành Đạt,POP_BALLAD,MISSING,NO_VALID_IMAGE_URL,0,0,NONE,0
RMVM_S_d2c2edbef7,Hương Ca Vô Tận (Nhạc Trữ Tình Mới Nhất 2022),Thanh Thanh Hiền,POP_BALLAD,MISSING,NO_VALID_IMAGE_URL,0,0,NONE,0
RMVM_S_48b3bcb3fd,Anh Sẽ Kể Em Nghe,Phúc Lâm,BOLERO_TRUTINH,MISSING,NO_VALID_IMAGE_URL,0,0,NONE,0
RMVM_S_1d37d25e87,Giận mà thương,"Bùi Lê Mận, NSUT Việt Hoàn",POP_BALLAD,MISSING,NO_VALID_IMAGE_URL,0,0,NONE,0
RMVM_S_3135bc16ad,Rap Về Doraemon,Phan Ann,RAP_HIPHOP,MISSING,NO_VALID_IMAGE_URL,0,0,NONE,0
RMVM_S_b3d5300a83,Hữu Duyên Huynh Đệ (Remix),"CT, Đoàn Lâm",POP_BALLAD,MISSING,NO_VALID_IMAGE_URL,0,0,NONE,0
RMVM_S_657d4f7140,Lên Rừng Giấu Lá,Hamlet Trương,POP_BALLAD,MISSING,NO_VALID_IMAGE_URL,0,0,NONE,0
RMVM_S_96877bf9ba,Hà Nội Những Đêm Không Ngủ,"Đăng Dương, Trọng Tấn, NSUT Việt Hoàn",REVOLUTIONARY,MISSING,NO_VALID_IMAGE_URL,0,0,NONE,0
RMVM_S_d14f42f8bb,Tâm Sự Với Anh,"Dương Hồng Loan, Lâm Hiếu",BOLERO_TRUTINH,MISSING,NO_VALID_IMAGE_URL,0,0,NONE,0
RMVM_S_092199655e,Không Yêu Trả Dép Tôi Về,HuyR,POP_BALLAD,MISSING,NO_VALID_IMAGE_URL,0,0,NONE,0
RMVM_S_319de9ad50,Anh Ơi Đừng Đến Nữa,Thúy Huyền,POP_BALLAD,MISSING,NO_VALID_IMAGE_URL,0,0,NONE,0
RMVM_S_cc50ad2a62,Chỉ Vì Một Dòng Tin,Lâm Chấn Huy,POP_BALLAD,MISSING,NO_VALID_IMAGE_URL,0,0,NONE,0
RMVM_S_0dc96f0580,Ði Tìm Câu Hát Lý Thương Nhau,Minh Đức,BOLERO_TRUTINH,MISSING,NO_VALID_IMAGE_URL,0,0,NONE,0
RMVM_S_74355cff76,Liên Khúc Trăng Về Thôn Dã,"Hoàng Nhật Thái, Quỳnh Trâm",BOLERO_TRUTINH,MISSING,NO_VALID_IMAGE_URL,0,0,NONE,0
RMVM_S_ad240c7ce4,Làm Sao Để Giữ Yêu Thương,Đình Bình,POP_BALLAD,MISSING,NO_VALID_IMAGE_URL,0,0,NONE,0
RMVM_S_941c813a1e,Chuyện Tình NKA,Nhật Kim Anh,POP_BALLAD,MISSING,NO_VALID_IMAGE_URL,0,0,NONE,0
RMVM_S_b22be54e11,Suốt Đời Không Xứng,"Khải Đăng, Vương Anh Tú",POP_BALLAD,MISSING,NO_VALID_IMAGE_URL,0,0,NONE,0
RMVM_S_6e3e62b633,Chỉ Vì Anh Ngu Ngốc,Đặng Minh,POP_BALLAD,MISSING,NO_VALID_IMAGE_URL,0,0,NONE,0
RMVM_S_ec90e0e644,Có Anh Là Giáng Sinh,Zuylee,POP_BALLAD,MISSING,NO_VALID_IMAGE_URL,0,0,NONE,0
RMVM_S_615ea2fd29,nói em không tin (Acoustic),"14 Casper, Bon Nghiêm",POP_BALLAD,MISSING,NO_VALID_IMAGE_URL,0,0,NONE,0
RMVM_S_c08350893b,Xôn Xao Mùa XUân,Lâm Vũ,BOLERO_TRUTINH,MISSING,NO_VALID_IMAGE_URL,0,0,NONE,0
RMVM_S_9f46587a23,Thương Biệt Ly,Oanh Tạ,POP_BALLAD,MISSING,NO_VALID_IMAGE_URL,0,0,NONE,0
RMVM_S_96192eb080,Cảm Giác Còn Lại,"20 CARATS, Minus",POP_BALLAD,MISSING,NO_VALID_IMAGE_URL,0,0,NONE,0
RMVM_S_032d5947a1,Không Nên Thật Lòng,Hà Nhi,POP_BALLAD,MISSING,NO_VALID_IMAGE_URL,0,0,NONE,0
RMVM_S_ba8923e5fe,Người Tình Dấu Yêu,"Cao Duy, Thủy Tiên",POP_BALLAD,MISSING,NO_VALID_IMAGE_URL,0,0,NONE,0
RMVM_S_927b3065c3,Đi Bên Em,"Kiun Gia Tuấn, Masew",POP_BALLAD,MISSING,NO_VALID_IMAGE_URL,0,0,NONE,0
RMVM_S_538f4da94f,Bộ Đội Cùng Dân Chống Dịch Corona,Hoàng Y Nhung,POP_BALLAD,MISSING,NO_VALID_IMAGE_URL,0,0,NONE,0
RMVM_S_9b3b0d2db9,Trải Đời,Jiren K,BOLERO_TRUTINH,MISSING,NO_VALID_IMAGE_URL,0,0,NONE,0
RMVM_S_bfe507558a,Dòng Thời Gian (Mùa Viết Tình Ca OST),Isaac,POP_BALLAD,MISSING,NO_VALID_IMAGE_URL,0,0,NONE,0
RMVM_S_d2ca104d0f,Chung Mảnh Trăng Thề,Phương Jimmy,BOLERO_TRUTINH,MISSING,NO_VALID_IMAGE_URL,0,0,NONE,0
RMVM_S_e4339b8836,Tiễn Anh Về Nơi Xa,Tóc Tiên,INSTRUMENTAL,MISSING,NO_VALID_IMAGE_URL,0,0,NONE,0
RMVM_S_9e0cbcfb8e,Liên Khúc Để Cho Em Khóc - Anh Thì Không (Xuân Phát Tài 10),Minh Tuyết,POP_BALLAD,MISSING,NO_VALID_IMAGE_URL,0,0,NONE,0
RMVM_S_e6ba60cd62,Thương Nhau Nhé,"Đức Phúc, Thùy Chi",POP_BALLAD,MISSING,NO_VALID_IMAGE_URL,0,0,NONE,0
RMVM_S_98ade299c6,Không Sao Đâu Em (Tâm Sắc Tấm OST),Khải Đăng,POP_BALLAD,MISSING,NO_VALID_IMAGE_URL,0,0,NONE,0
RMVM_S_714fe60554,Biết Đến Bao Giờ / Đêm Dài Chiến Tuyến,Phương Hồng Quế,INSTRUMENTAL,MISSING,NO_VALID_IMAGE_URL,0,0,NONE,0
RMVM_S_a4f83a9d2e,Thời Em Đẹp Nhất,Thu Phương,POP_BALLAD,MISSING,NO_VALID_IMAGE_URL,0,0,NONE,0
RMVM_S_50dbdd3e41,Em Chưa 18 (Em Chưa 18 OST),"Will, Lou Hoàng, Kaity Nguyễn",POP_BALLAD,MISSING,NO_VALID_IMAGE_URL,0,0,NONE,0
RMVM_S_17980f0f45,Lớn Rồi Còn Ham Lì Xì,"Sara Lưu, Minh Hằng",POP_BALLAD,MISSING,NO_VALID_IMAGE_URL,0,0,NONE,0
RMVM_S_47aa5179ba,Tình Yêu Tôi Hát,"Avin Lu, DABLO",POP_BALLAD,MISSING,NO_VALID_IMAGE_URL,0,0,NONE,0
RMVM_S_14bf5ac944,Bé Chúc Tết,Bé Thảo Như,CHILDREN,MISSING,NO_VALID_IMAGE_URL,0,0,NONE,0
RMVM_S_5b9bbb6a3b,Hãy Thật Lòng Với Tình Yêu,Trương Đình Phong,POP_BALLAD,MISSING,NO_VALID_IMAGE_URL,0,0,NONE,0
RMVM_S_fffe3a916c,Ngọn Đuốc Tình Mẹ,"Vũ Hoàng, Thạch Thảo",BOLERO_TRUTINH,MISSING,NO_VALID_IMAGE_URL,0,0,NONE,0
RMVM_S_6adbf238e7,Giết Người Anh Yêu,Hoàng Tú Minh,BOLERO_TRUTINH,MISSING,NO_VALID_IMAGE_URL,0,0,NONE,0
RMVM_S_45f9b875d7,cho anh quên em được không?,Dab,POP_BALLAD,MISSING,NO_VALID_IMAGE_URL,0,0,NONE,0
RMVM_S_c8b0842b57,Con Đường Tơ Lụa,"Tùng TeA, PC",RAP_HIPHOP,MISSING,NO_VALID_IMAGE_URL,0,0,NONE,0
RMVM_S_5678d205ed,Điều Kỳ Lạ Của Em,Thủy Tiên,BOLERO_TRUTINH,MISSING,NO_VALID_IMAGE_URL,0,0,NONE,0
RMVM_S_e8bb29fd13,Cà Phê Sáng,Hồ Huy Hải,POP_BALLAD,MISSING,NO_VALID_IMAGE_URL,0,0,NONE,0
RMVM_S_92f9c3a942,Không Quan Tâm (Remix),Minh Nghĩa,POP_BALLAD,MISSING,NO_VALID_IMAGE_URL,0,0,NONE,0
RMVM_S_932b8e3b53,Nhớ Tiếng Mẹ Ru,Thanh Quý,BOLERO_TRUTINH,MISSING,NO_VALID_IMAGE_URL,0,0,NONE,0
RMVM_S_daa6181175,Vợ Chồng Quê,"Ái Vân, Elvis Phương",INSTRUMENTAL,MISSING,NO_VALID_IMAGE_URL,0,0,NONE,0
RMVM_S_627f6976d7,Tình Em Tháp Mười,Ân Thiên Vỹ,FOLK_TRADITIONAL,MISSING,NO_VALID_IMAGE_URL,0,0,NONE,0
RMVM_S_7a80502e4f,Phải Lòng Cô Gái Bến Tre,"Khưu Huy Vũ, Dương Hồng Loan",FOLK_TRADITIONAL,MISSING,NO_VALID_IMAGE_URL,0,0,NONE,0
RMVM_S_1bb77d0d2d,Ai Lên Sứ Hoa Đào,Ngọc Sơn,BOLERO_TRUTINH,MISSING,NO_VALID_IMAGE_URL,0,0,NONE,0
RMVM_S_09115c49f8,Cuộc Đời Nghèo,Hoàng Tú Minh,BOLERO_TRUTINH,MISSING,NO_VALID_IMAGE_URL,0,0,NONE,0
RMVM_S_2698a58f3e,20 Năm Tình Đẹp Mùa Chôm Chôm,"Hồng Quyên, Trọng Phúc",BOLERO_TRUTINH,MISSING,NO_VALID_IMAGE_URL,0,0,NONE,0
RMVM_S_c87cd2f8b2,LK Cho Vừa Lòng Em - Làm Dâu Xứ Lạ,Tố My,BOLERO_TRUTINH,MISSING,NO_VALID_IMAGE_URL,0,0,NONE,0
RMVM_S_e5160adc1b,Đi Muôn Nơi,Powerk,POP_BALLAD,MISSING,NO_VALID_IMAGE_URL,0,0,NONE,0
RMVM_S_c9ad056dc1,Điều Ước Tình Yêu,Trịnh Tuấn Vỹ,POP_BALLAD,MISSING,NO_VALID_IMAGE_URL,0,0,NONE,0
RMVM_S_f65c4a5fce,Lúc Anh Cần Em Ở Đâu (Vinahouse),Cao Thiên Vũ,POP_BALLAD,MISSING,NO_VALID_IMAGE_URL,0,0,NONE,0
RMVM_S_a235b28b68,Điệu Ru Ca Tình Yêu,"Lưu Ánh Loan, Lâm Huỳnh",INSTRUMENTAL,MISSING,NO_VALID_IMAGE_URL,0,0,NONE,0
RMVM_S_3e683c898f,Mình Quay Lại Đi,T.R.I,POP_BALLAD,MISSING,NO_VALID_IMAGE_URL,0,0,NONE,0
RMVM_S_2d40cbcc15,Lời Tình Viết Vội,"Thanh Ngân, Gia Tiến",POP_BALLAD,MISSING,NO_VALID_IMAGE_URL,0,0,NONE,0
RMVM_S_40de96f1f8,Vẫn Rơi,Limitlxss,RAP_HIPHOP,MISSING,NO_VALID_IMAGE_URL,0,0,NONE,0
RMVM_S_8373765fe1,Chuyện Của Mùa Đông,"Anh Tú, XHTĐRLX, Forest Studio",POP_BALLAD,MISSING,NO_VALID_IMAGE_URL,0,0,NONE,0
RMVM_S_90f0c6faa1,Chuyện Tình Không Mang Tên,Lan Vy,BOLERO_TRUTINH,MISSING,NO_VALID_IMAGE_URL,0,0,NONE,0
RMVM_S_12335fd51f,Điều Kỳ Diệu Của Đời Con,Phùng Ngọc Huy,BOLERO_TRUTINH,MISSING,NO_VALID_IMAGE_URL,0,0,NONE,0
RMVM_S_515539a2b8,Cảm Xúc Em Qua Chưa,"Kalee Hoàng, Sad B",POP_BALLAD,MISSING,NO_VALID_IMAGE_URL,0,0,NONE,0
RMVM_S_6c79bca339,Em Sẽ Khóc Vì Tôi,Vân Quang Long,POP_BALLAD,MISSING,NO_VALID_IMAGE_URL,0,0,NONE,0
RMVM_S_7b53f4741e,Họ Sẽ Thay Anh Thương Em,"EnTi TK, Linh Key, KaWaiiBi",RAP_HIPHOP,MISSING,NO_VALID_IMAGE_URL,0,0,NONE,0
RMVM_S_790631d6dc,Bài Ca Đi Cày,"VP Bá Vương, TDK",POP_BALLAD,MISSING,NO_VALID_IMAGE_URL,0,0,NONE,0
RMVM_S_8336d5a76d,Anh Có Chắc Họ Thương Anh Cả Đời,Tú Na,POP_BALLAD,MISSING,NO_VALID_IMAGE_URL,0,0,NONE,0
RMVM_S_20ba2ef73f,LK Nhật Ký Của Mẹ & Lời Mẹ Ru,Bé Phương Nhi,CHILDREN,MISSING,NO_VALID_IMAGE_URL,0,0,NONE,0
RMVM_S_02729eaf90,Tình Mẫu Tử,Duy Cường Bolero,BOLERO_TRUTINH,MISSING,NO_VALID_IMAGE_URL,0,0,NONE,0
RMVM_S_60ec65b0e6,Sóng Vỡ Tình Tan,"Đan Đan, Khánh Đơn",POP_BALLAD,MISSING,NO_VALID_IMAGE_URL,0,0,NONE,0
RMVM_S_719c826507,Hoa Nào Không Phai,Lâm Triệu Minh,POP_BALLAD,MISSING,NO_VALID_IMAGE_URL,0,0,NONE,0
RMVM_S_2b90355525,Tình Này Có Em,Lê Vũ,POP_BALLAD,MISSING,NO_VALID_IMAGE_URL,0,0,NONE,0
RMVM_S_5e52339274,Chào Cô Bé,Yamix Hầu Ca,POP_BALLAD,MISSING,NO_VALID_IMAGE_URL,0,0,NONE,0
RMVM_S_3f6d5da058,Tội Gì Phải Cưới,Lê Thiện Hiếu,POP_BALLAD,MISSING,NO_VALID_IMAGE_URL,0,0,NONE,0
RMVM_S_263094bfe5,Thơm Má Em,Hồng Thanh,POP_BALLAD,MISSING,NO_VALID_IMAGE_URL,0,0,NONE,0
RMVM_S_edbcd04e6e,Đời Chưa Hồi Kết,"Danh Tuấn Trung, Lâm Hùng",POP_BALLAD,MISSING,NO_VALID_IMAGE_URL,0,0,NONE,0
RMVM_S_6e3bc91320,Giàu Sang,Nhiều nghệ sĩ,POP_BALLAD,MISSING,NO_VALID_IMAGE_URL,0,0,NONE,0
RMVM_S_c01ac3c497,Vó Ngựa Trên Đồi Cỏ Non,HA Live,POP_BALLAD,MISSING,NO_VALID_IMAGE_URL,0,0,NONE,0
RMVM_S_494134299e,Bạc Phận (Sinkra Remix),Bảo Jen,POP_BALLAD,MISSING,NO_VALID_IMAGE_URL,0,0,NONE,0
RMVM_S_5331466048,BÀI THƠ TÌNH (Lofi Mix),Bùi Phi Long,BOLERO_TRUTINH,MISSING,NO_VALID_IMAGE_URL,0,0,NONE,0
RMVM_S_a5b20aaf9d,Người Con Gái Trong Mơ,Tạ Quang Thắng,POP_BALLAD,MISSING,NO_VALID_IMAGE_URL,0,0,NONE,0
RMVM_S_02b991dac6,Tình Là Gì (Remix),Minh Nghĩa,POP_BALLAD,MISSING,NO_VALID_IMAGE_URL,0,0,NONE,0
RMVM_S_720aa07615,Không Bao Giờ Quên Anh,"BeeBoss, Anh Thư",POP_BALLAD,MISSING,NO_VALID_IMAGE_URL,0,0,NONE,0
RMVM_S_2b41d7b840,Bạn Hay Là Yêu,Vicky Nhung,POP_BALLAD,MISSING,NO_VALID_IMAGE_URL,0,0,NONE,0
RMVM_S_0b309c754e,Kẻ Theo Đuổi Ánh Sáng (Lofi),Huy Vạc,POP_BALLAD,MISSING,NO_VALID_IMAGE_URL,0,0,NONE,0
RMVM_S_bf83c990a8,Cố Gắng Vô Hình,Vương Anh Tú,POP_BALLAD,MISSING,NO_VALID_IMAGE_URL,0,0,NONE,0
RMVM_S_92a1d39dd0,Lòng Mãi Yêu Thương,Thanh Vinh,BOLERO_TRUTINH,MISSING,NO_VALID_IMAGE_URL,0,0,NONE,0
RMVM_S_6842a8eba4,Nói Câu Yêu Anh Đi,MEZZO,POP_BALLAD,MISSING,NO_VALID_IMAGE_URL,0,0,NONE,0
RMVM_S_7df09d918c,Sau Một Hạnh Phúc,Lưu Ánh Loan,POP_BALLAD,MISSING,NO_VALID_IMAGE_URL,0,0,NONE,0
RMVM_S_46ddf33b42,Hà Nội Gen Trội,"Vũ., gung0cay",POP_BALLAD,MISSING,NO_VALID_IMAGE_URL,0,0,NONE,0
RMVM_S_9942424fed,Có Một Người Vẫn Đợi (Remix),"Viet Lee, BConcept, Khánh Cường",POP_BALLAD,MISSING,NO_VALID_IMAGE_URL,0,0,NONE,0
RMVM_S_2b26ff2f4c,Ai Chờ Ai,Bỉnh Tài,POP_BALLAD,MISSING,NO_VALID_IMAGE_URL,0,0,NONE,0
RMVM_S_877e191b82,Buồn Nhẹ Nhàng Thôi,"Khoi Vu, Masew",DANCE_EDM,MISSING,NO_VALID_IMAGE_URL,0,0,NONE,0
RMVM_S_f331ade6f9,Du Ca Khúc,"Mer, Lazii",POP_BALLAD,MISSING,NO_VALID_IMAGE_URL,0,0,NONE,0
RMVM_S_54de926227,Bông Vú Sữa,"Cẩm Ly, Quốc Đại",BOLERO_TRUTINH,MISSING,NO_VALID_IMAGE_URL,0,0,NONE,0
RMVM_S_d78a7f562a,"Bỏ Lỡ Một Người, Bỏ Lỡ Một Đời","Châu Khải Phong, Lê Chí Trung",POP_BALLAD,MISSING,NO_VALID_IMAGE_URL,0,0,NONE,0
RMVM_S_f18ed499b5,Đậm Sâu Đến Mấy Cũng Tàn,"Võ Đức Trí, Star Online",POP_BALLAD,MISSING,NO_VALID_IMAGE_URL,0,0,NONE,0
RMVM_S_e48a280f91,Anh Ở Lại,"KindyA, Kizzik, KaWaiiBi",RAP_HIPHOP,MISSING,NO_VALID_IMAGE_URL,0,0,NONE,0
RMVM_S_3b4cf9c462,Em Vẫn Luôn Tìm Kiếm,"GreenD, Lập Nguyên",POP_BALLAD,MISSING,NO_VALID_IMAGE_URL,0,0,NONE,0
RMVM_S_93f5bef71c,Anh Thôi Nhân Nhượng (Cover) (TD x MrK Remix),Dunghoangpham,DANCE_EDM,MISSING,NO_VALID_IMAGE_URL,0,0,NONE,0
RMVM_S_f32622901f,Rap Về Râu Trắng,Phan Ann,RAP_HIPHOP,MISSING,NO_VALID_IMAGE_URL,0,0,NONE,0
RMVM_S_c6936fbb75,Biết Trái Tim Còn Tha Thiết - Con Tim Thật Thà,HA Live,POP_BALLAD,MISSING,NO_VALID_IMAGE_URL,0,0,NONE,0
RMVM_S_2b33c44727,Lá Thư Đô Thị,Ánh Linh,BOLERO_TRUTINH,MISSING,NO_VALID_IMAGE_URL,0,0,NONE,0
RMVM_S_525318b02f,Anh Là Con Rối Của Em (Remix),"Dương Nhất Linh, Tanzui",POP_BALLAD,MISSING,NO_VALID_IMAGE_URL,0,0,NONE,0
RMVM_S_dab820f559,Buồn Nốt Hôm Nay,Tăng Duy Tân,POP_BALLAD,MISSING,NO_VALID_IMAGE_URL,0,0,NONE,0
RMVM_S_ae6be35757,Một Ngày Đẹp Trời,Pank Vu,POP_BALLAD,MISSING,NO_VALID_IMAGE_URL,0,0,NONE,0
RMVM_S_f8c4cc7ddc,Đắm Trong Màn Mưa (Lofi Version),"Dee Trần, 1 9 6 7",POP_BALLAD,MISSING,NO_VALID_IMAGE_URL,0,0,NONE,0
RMVM_S_e47ed2885e,Nửa Vầng Trăng (DJ Trang Tracy Remix),Quách Tuấn Du,POP_BALLAD,MISSING,NO_VALID_IMAGE_URL,0,0,NONE,0
RMVM_S_6619d33e53,Để Gió Cuốn Đi,Đam San,NHAC_TRINH,MISSING,NO_VALID_IMAGE_URL,0,0,NONE,0
RMVM_S_70b86b1813,Anh Thích Em Như Vậy,Song Luân,POP_BALLAD,MISSING,NO_VALID_IMAGE_URL,0,0,NONE,0
RMVM_S_5d0a256521,Anh Buồn Thật Đấy,Anh Quân,POP_BALLAD,MISSING,NO_VALID_IMAGE_URL,0,0,NONE,0
RMVM_S_746877050e,Hồi Ức Mơ Hồ,Triệu Hồng Ngọc,POP_BALLAD,MISSING,NO_VALID_IMAGE_URL,0,0,NONE,0
RMVM_S_0d0ea92364,Người Ơi Sao Nỡ (Thanh Huyy Remix),Huy Diệc,DANCE_EDM,MISSING,NO_VALID_IMAGE_URL,0,0,NONE,0
RMVM_S_b504cc50db,Chiều Buồn,Quỳnh Trang,BOLERO_TRUTINH,MISSING,NO_VALID_IMAGE_URL,0,0,NONE,0
RMVM_S_26de2bfd80,Ánh Nắng Mặt Trời,Những Đứa Trẻ,POP_BALLAD,MISSING,NO_VALID_IMAGE_URL,0,0,NONE,0
RMVM_S_9bec48822c,nếu một mai tôi bay lên trời (Colours Version),"Hứa Kim Tuyền, Trúc Nhân",POP_BALLAD,MISSING,NO_VALID_IMAGE_URL,0,0,NONE,0
RMVM_S_29632ccff5,Âm Thanh Buồn,Phước DKNY,POP_BALLAD,MISSING,NO_VALID_IMAGE_URL,0,0,NONE,0
RMVM_S_452c6c417c,Chưa Bao Giờ Mất Nhau,"Minh Quân, Dương Hoàng Yến",POP_BALLAD,MISSING,NO_VALID_IMAGE_URL,0,0,NONE,0
RMVM_S_d8f2f06c05,Hãy Nói Lời Yêu Thương,Trường Sơn,BOLERO_TRUTINH,MISSING,NO_VALID_IMAGE_URL,0,0,NONE,0
RMVM_S_59fc47d76a,Tình Yêu Cao Thượng 2 (Live Version),Hamlet Trương,POP_BALLAD,MISSING,NO_VALID_IMAGE_URL,0,0,NONE,0
RMVM_S_0f20d963ff,Chỉ Cần Có Nhau,VCT,POP_BALLAD,MISSING,NO_VALID_IMAGE_URL,0,0,NONE,0
RMVM_S_b4dcc3426e,Nơi Nào Để Thấy Em,Phùng Ngọc Huy,POP_BALLAD,MISSING,NO_VALID_IMAGE_URL,0,0,NONE,0
RMVM_S_1136c67d00,Dòng Nước Vô Tình Hoa Rơi Hữu Ý,TLong,POP_BALLAD,MISSING,NO_VALID_IMAGE_URL,0,0,NONE,0
RMVM_S_7ecdbf2533,Bé Ơi Hãy Nhớ,Bé Tú Anh,CHILDREN,MISSING,NO_VALID_IMAGE_URL,0,0,NONE,0
RMVM_S_223aa3f766,Răng Khôn,"Phí Phương Anh, RIN9",POP_BALLAD,MISSING,NO_VALID_IMAGE_URL,0,0,NONE,0
RMVM_S_7b75c998b4,Có Một Người Vẫn Đợi,"Viet Lee, BConcept, Khánh Cường",POP_BALLAD,MISSING,NO_VALID_IMAGE_URL,0,0,NONE,0
RMVM_S_0f6f89add2,Anh Có Thể Đừng Rời Xa Em Được Không,"Nguyên Khang, Dương Nguyễn",POP_BALLAD,MISSING,NO_VALID_IMAGE_URL,0,0,NONE,0
RMVM_S_9a798a43ec,Người Từng Nói Bao Câu Hẹn Ước (HM Remix),MyMy,DANCE_EDM,MISSING,NO_VALID_IMAGE_URL,0,0,NONE,0
RMVM_S_a15895a7a0,Này Người Anh Em,"Lâm Chấn Hải, Thái Thành Công",POP_BALLAD,MISSING,NO_VALID_IMAGE_URL,0,0,NONE,0
RMVM_S_6cb0e351e1,Phèo Ơi!,Milk,POP_BALLAD,MISSING,NO_VALID_IMAGE_URL,0,0,NONE,0
RMVM_S_707555308d,Bến Đò Vẫn Đợi,"Huỳnh Phong, Thắng Trầm",POP_BALLAD,MISSING,NO_VALID_IMAGE_URL,0,0,NONE,0
RMVM_S_e02bb57887,Cảm Ơn Đã Đi Cùng Anh Qua Bao Sóng Gió (Remix),Hà Ngọc Thanh,DANCE_EDM,MISSING,NO_VALID_IMAGE_URL,0,0,NONE,0
RMVM_S_7393f100f4,Bình Yên Nhé,Hoàng Duyên,POP_BALLAD,MISSING,NO_VALID_IMAGE_URL,0,0,NONE,0
RMVM_S_5b50e28a1f,Vì Anh Đã Yêu Em,Quang Dũng,POP_BALLAD,MISSING,NO_VALID_IMAGE_URL,0,0,NONE,0
RMVM_S_a7187007fa,Tết Đi Em Ơi,"Masew, Khoi Vu, Kaybo",POP_BALLAD,MISSING,NO_VALID_IMAGE_URL,0,0,NONE,0
RMVM_S_7317d1631d,Vội Vàng Đến Bên Nhau,Nguyên Trung,POP_BALLAD,MISSING,NO_VALID_IMAGE_URL,0,0,NONE,0
RMVM_S_e7f77b8242,Bé Tập Làm Người Mẫu,Bé Ruby,CHILDREN,MISSING,NO_VALID_IMAGE_URL,0,0,NONE,0
RMVM_S_7ba579e7ad,Chỉ Mong Em Bình An,Khánh Phương,POP_BALLAD,MISSING,NO_VALID_IMAGE_URL,0,0,NONE,0
RMVM_S_4f088e6e87,Người Phu Kéo Mo Cau,Quang Lê,INSTRUMENTAL,MISSING,NO_VALID_IMAGE_URL,0,0,NONE,0
RMVM_S_84b4de76db,Chúng Ta Là Tri Kỉ,Kim Ny Ngọc,POP_BALLAD,MISSING,NO_VALID_IMAGE_URL,0,0,NONE,0
RMVM_S_983d15aea7,Đừng Hỏi Em vì Sao,Hồng Nhi,POP_BALLAD,MISSING,NO_VALID_IMAGE_URL,0,0,NONE,0
RMVM_S_77541432ed,Tự Nghĩ Tự Suy Tự Buồn,Võ Đức Trí,POP_BALLAD,MISSING,NO_VALID_IMAGE_URL,0,0,NONE,0
RMVM_S_b84345df83,Duyên Số Cầm Ca,Nhật Kim Anh,POP_BALLAD,MISSING,NO_VALID_IMAGE_URL,0,0,NONE,0
RMVM_S_9a935af4fb,Thế Giới Trong Anh,"APJ, ICM",POP_BALLAD,MISSING,NO_VALID_IMAGE_URL,0,0,NONE,0
RMVM_S_8ffbafc592,Chuyện Tình Cây Và Lá (Remix),Ngô Kiến Huy,DANCE_EDM,MISSING,NO_VALID_IMAGE_URL,0,0,NONE,0
RMVM_S_42701cc0fa,LK Cánh Thiệp Đầu Xuân,"Nguyên Vũ, NSƯT Thanh Ngân",BOLERO_TRUTINH,MISSING,NO_VALID_IMAGE_URL,0,0,NONE,0
RMVM_S_4c82add366,"Mashup: Giới Hạn Nào Cho Chúng Ta, Mắt Buồn, Chuyện Như Chưa Bắt Đầu, Anh Nhớ Em",Vicky Nhung,POP_BALLAD,MISSING,NO_VALID_IMAGE_URL,0,0,NONE,0
RMVM_S_63f174d5b8,Bạc Bẽo Đời Em,Ngọc Hân,BOLERO_TRUTINH,MISSING,NO_VALID_IMAGE_URL,0,0,NONE,0
RMVM_S_01ba6feea4,Anh Không Vui Chơi Đâu,"Kyo, Suzie",POP_BALLAD,MISSING,NO_VALID_IMAGE_URL,0,0,NONE,0
RMVM_S_12ed2f118f,Mùa Xuân Gọi Mình Yêu Nhau,"Gin Tuấn Kiệt, Juky San",POP_BALLAD,MISSING,NO_VALID_IMAGE_URL,0,0,NONE,0
RMVM_S_5eadb67d16,Và như thế em chờ (Solo version),Thanh Ngọc,POP_BALLAD,MISSING,NO_VALID_IMAGE_URL,0,0,NONE,0
RMVM_S_52899e12f3,Em Là Chân Ái Của Đời Anh,Duy Tuyên,POP_BALLAD,MISSING,NO_VALID_IMAGE_URL,0,0,NONE,0
RMVM_S_c2b9b3db2c,Ngày Nắng Lên Em Lại Đi,Vương Triệu Anh,POP_BALLAD,MISSING,NO_VALID_IMAGE_URL,0,0,NONE,0
RMVM_S_4f24f4415c,Anh Có Điều Muốn Nói,Tronie,RB_SOUL,MISSING,NO_VALID_IMAGE_URL,0,0,NONE,0
RMVM_S_41bd44db65,Ðường Về Quê Hương,Minh Đức,BOLERO_TRUTINH,MISSING,NO_VALID_IMAGE_URL,0,0,NONE,0
RMVM_S_ff0cdda748,Bên Nhau Được Mấy,Huy Lê,POP_BALLAD,MISSING,NO_VALID_IMAGE_URL,0,0,NONE,0
RMVM_S_b41f067469,Khi Đàn Ông Mang Bầu,Shin Hồng Vịnh,POP_BALLAD,MISSING,NO_VALID_IMAGE_URL,0,0,NONE,0
RMVM_S_9d0aafa04d,Âm Hồn Ca,Phước DKNY,RAP_HIPHOP,MISSING,NO_VALID_IMAGE_URL,0,0,NONE,0
RMVM_S_f561e915cb,Con Gái Là Bảo Bối (HHD Remix),"Võ Lê Mi, DK Lâm, HOA HỒNG DẠI MUSIC",DANCE_EDM,MISSING,NO_VALID_IMAGE_URL,0,0,NONE,0
RMVM_S_d37c70bf00,Anh Đi Tìm Em,Phúc Bồ,POP_BALLAD,MISSING,NO_VALID_IMAGE_URL,0,0,NONE,0
RMVM_S_0e706351f3,Đừng Bắt Anh Nuôi Hy Vọng,Khánh Dũng,POP_BALLAD,MISSING,NO_VALID_IMAGE_URL,0,0,NONE,0
RMVM_S_189d9c2a10,Ba Kiếp Tình Một Kiếp Duyên (Yang Remix),"Qinn Media, Lâm Tuấn",POP_BALLAD,MISSING,NO_VALID_IMAGE_URL,0,0,NONE,0
RMVM_S_ca27833467,Ngày Cũ Mình Chia Tay,Nhiều nghệ sĩ,RAP_HIPHOP,MISSING,NO_VALID_IMAGE_URL,0,0,NONE,0
RMVM_S_1dc7202a31,Biển Vắng,Bằng Kiều,INSTRUMENTAL,MISSING,NO_VALID_IMAGE_URL,0,0,NONE,0
RMVM_S_9fb859a42f,Kiếp Duyên Không Thành Thôi Đành Cách Xa (Remix),Thiên Tú,POP_BALLAD,MISSING,NO_VALID_IMAGE_URL,0,0,NONE,0
RMVM_S_24e064632b,Liên Khúc Tình Nghèo Có Nhau - Ước Mộng Đôi Ta,"Châu Giang, Ngọc Sơn",BOLERO_TRUTINH,MISSING,NO_VALID_IMAGE_URL,0,0,NONE,0
RMVM_S_03815a715b,Ngồi Đây Vẫn Mong Đợi,Hoàng Chiến,BOLERO_TRUTINH,MISSING,NO_VALID_IMAGE_URL,0,0,NONE,0
RMVM_S_0dee1f929a,Không Cần Phải Nói Nhiều,"tlinh, Hoàng Tôn",POP_BALLAD,MISSING,NO_VALID_IMAGE_URL,0,0,NONE,0
RMVM_S_157effa12a,Trời Còn Làm Mưa Mãi,"Đức Vinh, Đức Hiếu",POP_BALLAD,MISSING,NO_VALID_IMAGE_URL,0,0,NONE,0
RMVM_S_f78ceea106,Để Em Sống,Pháo,RAP_HIPHOP,MISSING,NO_VALID_IMAGE_URL,0,0,NONE,0
RMVM_S_daec2a392f,Không Buồn Đâu Không Hận Đâu (Remix),MyMy,DANCE_EDM,MISSING,NO_VALID_IMAGE_URL,0,0,NONE,0
RMVM_S_b048c47089,Đêm Giao Thừa Nghe Khúc Dân Ca,"Thanh Ngân, Mai Tiến Đạt",POP_BALLAD,MISSING,NO_VALID_IMAGE_URL,0,0,NONE,0
RMVM_S_8967843cb2,Đêm Sông Cầu,Minh Thùy,FOLK_TRADITIONAL,MISSING,NO_VALID_IMAGE_URL,0,0,NONE,0
RMVM_S_a1fd75f250,Anh Đau Từ Lúc Em Đi,Trần Mạnh Cường,POP_BALLAD,MISSING,NO_VALID_IMAGE_URL,0,0,NONE,0
RMVM_S_bfc05f927b,Trời Sinh Một Cặp,Ngô Trường,POP_BALLAD,MISSING,NO_VALID_IMAGE_URL,0,0,NONE,0
RMVM_S_d2e16a41e8,Bốn Năm Vợ Chồng,Phương Tử Long,BOLERO_TRUTINH,MISSING,NO_VALID_IMAGE_URL,0,0,NONE,0
RMVM_S_d49687ccac,Muốn Hát Em Nghe,"NamD, Tuyền, Trang Phan",POP_BALLAD,MISSING,NO_VALID_IMAGE_URL,0,0,NONE,0
RMVM_S_2883417232,Phiên Chợ Vùng Cao,Powerk,DANCE_EDM,MISSING,NO_VALID_IMAGE_URL,0,0,NONE,0
RMVM_S_bf7dc32b89,Anh Vẫn Phía Sau Em Mà,Khánh Trần Rio,POP_BALLAD,MISSING,NO_VALID_IMAGE_URL,0,0,NONE,0
RMVM_S_9db992409d,Lời Yêu Thương Lớn Nhất,Thiên Tú,POP_BALLAD,MISSING,NO_VALID_IMAGE_URL,0,0,NONE,0
RMVM_S_afdac10408,Anh Phải Quen Cuộc Sống Một Mình ( Yêu Trong Mù Lòa),Lâm Chí Khanh,POP_BALLAD,MISSING,NO_VALID_IMAGE_URL,0,0,NONE,0
RMVM_S_877141940f,Khúc Tự Tình Phố Núi,Hồ Trung Dũng,BOLERO_TRUTINH,MISSING,NO_VALID_IMAGE_URL,0,0,NONE,0
RMVM_S_2e69ada898,Những Điều Lạ Chẳng Mới,NamKun,POP_BALLAD,MISSING,NO_VALID_IMAGE_URL,0,0,NONE,0
RMVM_S_ea8c00d1d1,Anh Yêu Nụ Cười Ấy,An Vũ,POP_BALLAD,MISSING,NO_VALID_IMAGE_URL,0,0,NONE,0
RMVM_S_5a42115930,Anh Sẽ Cố Gắng Quên Em,Nguyễn Bảo Linh,POP_BALLAD,MISSING,NO_VALID_IMAGE_URL,0,0,NONE,0
RMVM_S_99a770b6a7,RA GIÊNG ANH CƯỚI EM (Lofi Mix),Bùi Phi Long,BOLERO_TRUTINH,MISSING,NO_VALID_IMAGE_URL,0,0,NONE,0
RMVM_S_d92fa6d44e,Vào Đời (2023 Version),Thanh Ngọc,POP_BALLAD,MISSING,NO_VALID_IMAGE_URL,0,0,NONE,0
RMVM_S_8f05a27b16,Nói Thương Nhau Thì Đừng Làm Trái Tim Em Đau,Bích Phương,POP_BALLAD,MISSING,NO_VALID_IMAGE_URL,0,0,NONE,0
RMVM_S_f69b736d13,Xuân Mang Yêu Thương Remix,Peto,POP_BALLAD,MISSING,NO_VALID_IMAGE_URL,0,0,NONE,0
RMVM_S_52034c28eb,Nếu Chẳng Là Của Nhau,Chu Bin,POP_BALLAD,MISSING,NO_VALID_IMAGE_URL,0,0,NONE,0
RMVM_S_00ee619299,Vô Tình Hay Cố Ý,Đỗ Thành Duy,POP_BALLAD,MISSING,NO_VALID_IMAGE_URL,0,0,NONE,0
RMVM_S_187c3fae70,Sao Em Không Nhấc Máy? (Facetime530),"mơ, NhatMinh",RAP_HIPHOP,MISSING,NO_VALID_IMAGE_URL,0,0,NONE,0
RMVM_S_dd383e45f6,Cần 1 Ai Đó,Phạm Đình Thái Ngân,POP_BALLAD,MISSING,NO_VALID_IMAGE_URL,0,0,NONE,0
RMVM_S_808aa3d6ea,Chào Quê Hương Vui Bước Lên Đường,Minh Thế,POP_BALLAD,MISSING,NO_VALID_IMAGE_URL,0,0,NONE,0
RMVM_S_d14a8b08ad,Gió Cuốn Anh Đi (Cha Ma OST),Nguyễn Duyên Quỳnh,POP_BALLAD,MISSING,NO_VALID_IMAGE_URL,0,0,NONE,0
RMVM_S_449cbbe891,Ru Con Bắc Bộ,Thu Hiền,BOLERO_TRUTINH,MISSING,NO_VALID_IMAGE_URL,0,0,NONE,0
RMVM_S_555a8840fd,Như Ngày Chưa Yêu,Linh Lê,POP_BALLAD,MISSING,NO_VALID_IMAGE_URL,0,0,NONE,0
RMVM_S_a6c794175d,Giữ Giùm Em Trái Tim (Remix),Lyna Thùy Linh,DANCE_EDM,MISSING,NO_VALID_IMAGE_URL,0,0,NONE,0
RMVM_S_9b292c1a57,Tiễn Đưa & Về Mái Nhà Xưa,"Khánh Ly, Thanh Tuyền",NHAC_TRINH,MISSING,NO_VALID_IMAGE_URL,0,0,NONE,0
RMVM_S_0a4dcbe397,BIẾT ĐÂU BẤT NGỜ,T-Flow,POP_BALLAD,MISSING,NO_VALID_IMAGE_URL,0,0,NONE,0
RMVM_S_64c4014929,Cuồng Quay,"K.O.I, CM1X",POP_BALLAD,MISSING,NO_VALID_IMAGE_URL,0,0,NONE,0
RMVM_S_cbcc09bfe4,Tìm Em Câu Ví Sông Lam,Lê Thu Uyên,BOLERO_TRUTINH,MISSING,NO_VALID_IMAGE_URL,0,0,NONE,0
RMVM_S_d2c0a4d1ee,Thanh Xuân Là Anh (C . A . O Remix),C . A . O,POP_BALLAD,MISSING,NO_VALID_IMAGE_URL,0,0,NONE,0
RMVM_S_c98f2b5617,Chuyện Ao Sen,"Thanh Ngân, Gia Tiến",POP_BALLAD,MISSING,NO_VALID_IMAGE_URL,0,0,NONE,0
RMVM_S_feb91093bf,Rap Về Zenitsu,Phan Ann,POP_BALLAD,MISSING,NO_VALID_IMAGE_URL,0,0,NONE,0
RMVM_S_8bafc6dd00,Mưa Cứ Rơi,"Mr. A, Wxrdie",RAP_HIPHOP,MISSING,NO_VALID_IMAGE_URL,0,0,NONE,0
RMVM_S_b624658b9b,Tranh Nguoi Yeu Toi Ra,Đào Nguyễn Ánh,ROCK,MISSING,NO_VALID_IMAGE_URL,0,0,NONE,0
RMVM_S_b9c00c5a4f,Khóc Nơi Ta Cười,Nhiều nghệ sĩ,POP_BALLAD,MISSING,NO_VALID_IMAGE_URL,0,0,NONE,0
RMVM_S_b1ac9f287a,Đợi Đến Tháng 13,Đặng Thanh Tuyền,POP_BALLAD,MISSING,NO_VALID_IMAGE_URL,0,0,NONE,0
RMVM_S_08ec558992,Chúc Mừng Giáng Sinh,Tín Nhiệm,POP_BALLAD,MISSING,NO_VALID_IMAGE_URL,0,0,NONE,0
RMVM_S_acd96858a4,Một Giấc Mộng Xưa 2,Chí Thành Danh,POP_BALLAD,MISSING,NO_VALID_IMAGE_URL,0,0,NONE,0
RMVM_S_b5c046c4d5,Đảng Cho Ta Môt Mùa Xuân (Chương Trình Đại Hội Thi Đua Yêu Nước Tỉnh Bắc Ninh Lần Thứ V),Nhà Hát Dân Ca Quan Họ Bắc Ninh,POP_BALLAD,MISSING,NO_VALID_IMAGE_URL,0,0,NONE,0
RMVM_S_246e40215f,Anh Còn Yêu Anh Còn Thương,Thành Nguyễn,POP_BALLAD,MISSING,NO_VALID_IMAGE_URL,0,0,NONE,0
RMVM_S_1eb8172e19,Ta Trở Về,Chí Thành Danh,POP_BALLAD,MISSING,NO_VALID_IMAGE_URL,0,0,NONE,0
RMVM_S_68b45b3b1b,Giáng Sinh Kỷ Niệm,Don Hồ,INSTRUMENTAL,MISSING,NO_VALID_IMAGE_URL,0,0,NONE,0
RMVM_S_3e26778660,LK: Thiên Đàng Ái Ân,"Bảo Hân, Don Hồ",POP_BALLAD,MISSING,NO_VALID_IMAGE_URL,0,0,NONE,0
RMVM_S_8dce12f7d2,"Đạo Nghĩa Giang Hồ (Parody, Short Version 2)",Hoàng Hồng Quân,POP_BALLAD,MISSING,NO_VALID_IMAGE_URL,0,0,NONE,0
RMVM_S_a29f579546,Ai Hiểu Cho Em,Saka Trương Tuyền,POP_BALLAD,MISSING,NO_VALID_IMAGE_URL,0,0,NONE,0
RMVM_S_10f2a0fe4a,Xuân Miệt Vườn,Diệu Kiên,POP_BALLAD,MISSING,NO_VALID_IMAGE_URL,0,0,NONE,0
RMVM_S_9bb740a5f1,Liên Khúc Nhà Anh Nhà Em,Đoàn Minh,BOLERO_TRUTINH,MISSING,NO_VALID_IMAGE_URL,0,0,NONE,0
RMVM_S_dae05947aa,Cảm Ơn Tình Yêu Chúa,Nam Vương Bảo Lê,POP_BALLAD,MISSING,NO_VALID_IMAGE_URL,0,0,NONE,0
RMVM_S_b7a2465cdf,Chang The Quen Mot Nguoi,"Flo D, Hổ",RAP_HIPHOP,MISSING,NO_VALID_IMAGE_URL,0,0,NONE,0
RMVM_S_8021ad0d06,Bí Mật Nỗi Đau,Toàn Temo,POP_BALLAD,MISSING,NO_VALID_IMAGE_URL,0,0,NONE,0
RMVM_S_fc1bcc5cfc,Chung Tay Quét Sạch Corona,Dương Nhân Trung,POP_BALLAD,MISSING,NO_VALID_IMAGE_URL,0,0,NONE,0
RMVM_S_0baa6c8b31,Nỗi Nhớ Vô Hạn (Vux Lofi),Thanh Hưng,POP_BALLAD,MISSING,NO_VALID_IMAGE_URL,0,0,NONE,0
RMVM_S_3c466179e5,Đà Lạt Thật Buồn Khi Không Anh,Bảo Uyên,POP_BALLAD,MISSING,NO_VALID_IMAGE_URL,0,0,NONE,0
RMVM_S_c4e4314933,An Toàn Là Trên Hết,SGirls,POP_BALLAD,MISSING,NO_VALID_IMAGE_URL,0,0,NONE,0
RMVM_S_5888b5bbe3,Có Đường Tắt Nào?,MEZZO,POP_BALLAD,MISSING,NO_VALID_IMAGE_URL,0,0,NONE,0
RMVM_S_7ec73872e7,Đứng Sau Người Đến Sau,TLong,POP_BALLAD,MISSING,NO_VALID_IMAGE_URL,0,0,NONE,0
RMVM_S_64b832f8f3,Đại Ca Tôi,Huỳnh Nhật Đông,POP_BALLAD,MISSING,NO_VALID_IMAGE_URL,0,0,NONE,0
RMVM_S_6a380ad5c1,Mẹ Ơi Mai Con Về,"Chí Viễn, Quỳnh Như",BOLERO_TRUTINH,MISSING,NO_VALID_IMAGE_URL,0,0,NONE,0
RMVM_S_53b564f78e,Lời Xin Lỗi Không Thể Nói,Khánh Phương,POP_BALLAD,MISSING,NO_VALID_IMAGE_URL,0,0,NONE,0
RMVM_S_eb10418617,Chờ Ngày Người Ấy Đồng Ý (DuyNH Remix),"Keyo, DuyNH Prod",POP_BALLAD,MISSING,NO_VALID_IMAGE_URL,0,0,NONE,0
RMVM_S_2e8a521eec,Em Hãy Về Đi,Bằng Chương,BOLERO_TRUTINH,MISSING,NO_VALID_IMAGE_URL,0,0,NONE,0
RMVM_S_caa4b67549,Anh Nguyện Là Tất Cả,Dương Hùng Sơn,POP_BALLAD,MISSING,NO_VALID_IMAGE_URL,0,0,NONE,0
RMVM_S_c26907b225,Về Đây Với Anh,Winston,POP_BALLAD,MISSING,NO_VALID_IMAGE_URL,0,0,NONE,0
RMVM_S_993f58bab2,Ai Tiếc Cho Ai,Anh Hảo,POP_BALLAD,MISSING,NO_VALID_IMAGE_URL,0,0,NONE,0
RMVM_S_5954f60d9c,Đừng Nói Dối Nữa,Tuyết Nga,POP_BALLAD,MISSING,NO_VALID_IMAGE_URL,0,0,NONE,0
RMVM_S_3a123423fc,Liên Khúc Dân Ca Mừng Xuân Quê Hương,"Minh Thu, Hoài Tâm",FOLK_TRADITIONAL,MISSING,NO_VALID_IMAGE_URL,0,0,NONE,0
RMVM_S_678e5d6495,Chẳng Thể Như Lúc Đầu,Đặng Tuấn Vũ,POP_BALLAD,MISSING,NO_VALID_IMAGE_URL,0,0,NONE,0
RMVM_S_70d58d4b47,Thanh Xuân Có Nhau,Rin,POP_BALLAD,MISSING,NO_VALID_IMAGE_URL,0,0,NONE,0
RMVM_S_528248b431,Trọn Cuộc Đời Yêu Thương,Tiến Nguyễn,POP_BALLAD,MISSING,NO_VALID_IMAGE_URL,0,0,NONE,0
RMVM_S_337521d716,Cô Giáo Bá Đạo,Thiên An,POP_BALLAD,MISSING,NO_VALID_IMAGE_URL,0,0,NONE,0
RMVM_S_a3ea0d720d,Giấc Mộng Vàng,Phan Đinh Tùng,POP_BALLAD,MISSING,NO_VALID_IMAGE_URL,0,0,NONE,0
RMVM_S_18d86823c3,Gái xuân & Tình yêu màu nắng,"Myra Trần, BigDaddy",POP_BALLAD,MISSING,NO_VALID_IMAGE_URL,0,0,NONE,0
RMVM_S_0c61643542,Chờ Em Trong Đêm,"CT Media, Thanh Trúc",POP_BALLAD,MISSING,NO_VALID_IMAGE_URL,0,0,NONE,0
RMVM_S_f0d19a908c,Chuyện Đời Tôi,Diễm Thùy,BOLERO_TRUTINH,MISSING,NO_VALID_IMAGE_URL,0,0,NONE,0
RMVM_S_f02a57a83a,Anh Đến Để Thương Em,Nguyễn Hữu Kha,POP_BALLAD,MISSING,NO_VALID_IMAGE_URL,0,0,NONE,0
RMVM_S_a75e2932da,Em Là Cô Gái Vùng Cao,Lê Ngọc Thúy,BOLERO_TRUTINH,MISSING,NO_VALID_IMAGE_URL,0,0,NONE,0
RMVM_S_4c47c68647,Bản Tình Ca Tuyết Trắng,Đỗ Thụy Khanh,POP_BALLAD,MISSING,NO_VALID_IMAGE_URL,0,0,NONE,0
RMVM_S_2cbf952fac,Có Lẽ Là Tình Yêu (Em Trai Bố Dượng OST),Kha Ly,POP_BALLAD,MISSING,NO_VALID_IMAGE_URL,0,0,NONE,0
RMVM_S_e46997febc,Dĩ Vãng Thương Đau (New Version),Vũ Hoàng,BOLERO_TRUTINH,MISSING,NO_VALID_IMAGE_URL,0,0,NONE,0
RMVM_S_70202b79d1,Gửi Lại Cho Em,Binno Phương Bắc,POP_BALLAD,MISSING,NO_VALID_IMAGE_URL,0,0,NONE,0
RMVM_S_f4689d988b,Hoa Lạc Lối (Trap Version),Khang Việt,DANCE_EDM,MISSING,NO_VALID_IMAGE_URL,0,0,NONE,0
RMVM_S_8d056022ee,Ngày Mai Mưa Thôi Rơi,"Vân Quang Long, Cẩm Ly",POP_BALLAD,MISSING,NO_VALID_IMAGE_URL,0,0,NONE,0
RMVM_S_5869211b4a,Một Tay Ôm Em,Bạch Công Khanh,POP_BALLAD,MISSING,NO_VALID_IMAGE_URL,0,0,NONE,0
RMVM_S_3ec5bdfd46,Đọa Ma Để Độ Nàng,Bỉ Ngạn Nương,POP_BALLAD,MISSING,NO_VALID_IMAGE_URL,0,0,NONE,0
RMVM_S_435c1cc95c,Chỉ Có Tôi Mong,Thảo Wendy,POP_BALLAD,MISSING,NO_VALID_IMAGE_URL,0,0,NONE,0
RMVM_S_252bdda2c4,Giọt Buồn Không Tên,Tố My,POP_BALLAD,MISSING,NO_VALID_IMAGE_URL,0,0,NONE,0
RMVM_S_4bb458d9e6,Rước Em Về,G5R Squad,POP_BALLAD,MISSING,NO_VALID_IMAGE_URL,0,0,NONE,0
RMVM_S_f487947b76,Nhân Thế Vô Tình,Tô Gia Tuấn,POP_BALLAD,MISSING,NO_VALID_IMAGE_URL,0,0,NONE,0
RMVM_S_adfa1883fd,Vây Giữ (Cover),Nam Em,POP_BALLAD,MISSING,NO_VALID_IMAGE_URL,0,0,NONE,0
RMVM_S_77c66061ec,Cây Muốn Lặng Gió Chẳng Ngừng,"Hùng Cuội, BMZ",POP_BALLAD,MISSING,NO_VALID_IMAGE_URL,0,0,NONE,0
RMVM_S_e4ae9b09c0,Như Gió Với Mây,Hàn Thái Tú,POP_BALLAD,MISSING,NO_VALID_IMAGE_URL,0,0,NONE,0
RMVM_S_f7340333ee,Chậm Như Rùa,Bé Hồng Ân,CHILDREN,MISSING,NO_VALID_IMAGE_URL,0,0,NONE,0
RMVM_S_0ae8a867d4,Chắc Em Đã Quên Rồi (MUS x HHD Remix),"Quang Chợ Lầm, HHD",DANCE_EDM,MISSING,NO_VALID_IMAGE_URL,0,0,NONE,0
RMVM_S_401b6613b6,Mẹ Chở Con Đi (Beat),Nhiều nghệ sĩ,POP_BALLAD,MISSING,NO_VALID_IMAGE_URL,0,0,NONE,0
RMVM_S_44ae3603fc,LÀM DÂU XỨ LẠ (LOFI VERSION),Bùi Phi Long,BOLERO_TRUTINH,MISSING,NO_VALID_IMAGE_URL,0,0,NONE,0
RMVM_S_64e1556fe2,Kìm Lại Cảm Xúc,Lương Trí Quỳnh,POP_BALLAD,MISSING,NO_VALID_IMAGE_URL,0,0,NONE,0
RMVM_S_77f17c915d,Anh Quên Em Gái Quê Rồi,"Dư Anh, Thiên Nga",FOLK_TRADITIONAL,MISSING,NO_VALID_IMAGE_URL,0,0,NONE,0
RMVM_S_0b027ad9ac,Giấc Mơ Màu Nâu,Hà Trần,POP_BALLAD,MISSING,NO_VALID_IMAGE_URL,0,0,NONE,0
RMVM_S_39012e46ac,Chút Tình Đã Quên (Hoán Đổi OST),Hương Tràm,POP_BALLAD,MISSING,NO_VALID_IMAGE_URL,0,0,NONE,0
RMVM_S_753e1e6f93,Anh Chỉ Yêu Cô Ấy,Tú Na,POP_BALLAD,MISSING,NO_VALID_IMAGE_URL,0,0,NONE,0
RMVM_S_cac3960e3c,Biết Tất Cả Rồi,Đan Trường,POP_BALLAD,MISSING,NO_VALID_IMAGE_URL,0,0,NONE,0
RMVM_S_c71739be4c,Có Yêu Được Không (Zeke Remix),"Võ Lê Mi, Jin Tuấn Nam, HHD",POP_BALLAD,MISSING,NO_VALID_IMAGE_URL,0,0,NONE,0
RMVM_S_2a6b5d6fa3,Con Tim Anh Thuộc Về Em,Sỹ Luân,POP_BALLAD,MISSING,NO_VALID_IMAGE_URL,0,0,NONE,0
RMVM_S_15cc2708e4,Anh Yêu Em Không Phải Chỉ Kiếp Này,Quang Mask,POP_BALLAD,MISSING,NO_VALID_IMAGE_URL,0,0,NONE,0
RMVM_S_2d86009fbc,Tâm Sự Gửi Về Đâu,Tuấn Ngọc,INSTRUMENTAL,MISSING,NO_VALID_IMAGE_URL,0,0,NONE,0
RMVM_S_476ea48fbb,50% khi yêu 2,Tô Tài Năng,BOLERO_TRUTINH,MISSING,NO_VALID_IMAGE_URL,0,0,NONE,0
RMVM_S_b1567342cc,Cảm Xúc Không Tên,Nhật Thiên,POP_BALLAD,MISSING,NO_VALID_IMAGE_URL,0,0,NONE,0
RMVM_S_63a9b97e3d,Tuyết Rơi Mùa Hè,"Đức Vinh, Đức Hiếu",POP_BALLAD,MISSING,NO_VALID_IMAGE_URL,0,0,NONE,0
RMVM_S_5f1908297d,Em Có Bằng Lòng Về Quê Mẹ Cùng Anh (Remix),"Hưng Mix, Trà Panda",DANCE_EDM,MISSING,NO_VALID_IMAGE_URL,0,0,NONE,0
RMVM_S_9742836b4e,Mùa Xuân Mùa Tình Yêu,Minh Trang LyLy,POP_BALLAD,MISSING,NO_VALID_IMAGE_URL,0,0,NONE,0
RMVM_S_ee7cdfeb7f,Chuyện Sim Tím,Lâm Hoài Phong,BOLERO_TRUTINH,MISSING,NO_VALID_IMAGE_URL,0,0,NONE,0
RMVM_S_bccec94e34,Cô Ú Bình Dương,Cô Ú,POP_BALLAD,MISSING,NO_VALID_IMAGE_URL,0,0,NONE,0
RMVM_S_8aeacf3b09,Đừng Như Thói Quen (Cover),"Anh Toàn Nguyễn, Trần Ngọc Bảo",POP_BALLAD,MISSING,NO_VALID_IMAGE_URL,0,0,NONE,0
RMVM_S_693038d7d7,Gửi Tình Yêu Nhỏ,Trịnh Đình Quang,POP_BALLAD,MISSING,NO_VALID_IMAGE_URL,0,0,NONE,0
RMVM_S_0577834139,Biết Đâu,Cá Hồi Hoang,POP_BALLAD,MISSING,NO_VALID_IMAGE_URL,0,0,NONE,0
RMVM_S_9cb29504e1,Anh Không Đáng Đâu,"Tap, Jur, Kiyoshi Phan Music",POP_BALLAD,MISSING,NO_VALID_IMAGE_URL,0,0,NONE,0
RMVM_S_d881d74d0e,Chuyến Trọ Trần,Trường Sang,BOLERO_TRUTINH,MISSING,NO_VALID_IMAGE_URL,0,0,NONE,0
RMVM_S_ff998c60dc,Gieo Neo Phận Nghèo,Giang Trường,BOLERO_TRUTINH,MISSING,NO_VALID_IMAGE_URL,0,0,NONE,0
RMVM_S_cababb9080,Người Ra Đi Vì Đâu (Chips Lofi),Jena,POP_BALLAD,MISSING,NO_VALID_IMAGE_URL,0,0,NONE,0
RMVM_S_4782e551a0,Con Gái Của Mẹ (Live),Phi Nhung,BOLERO_TRUTINH,MISSING,NO_VALID_IMAGE_URL,0,0,NONE,0
RMVM_S_513704930b,Lỗi tại ai,Khaly Nguyễn,POP_BALLAD,MISSING,NO_VALID_IMAGE_URL,0,0,NONE,0
RMVM_S_16b1e35760,"Em, Anh Và Cô Ấy (Live Version)",Phương Phương Thảo,POP_BALLAD,MISSING,NO_VALID_IMAGE_URL,0,0,NONE,0
RMVM_S_f09dc0990b,Chiếc Giường Chia Đôi,Trường Kha,POP_BALLAD,MISSING,NO_VALID_IMAGE_URL,0,0,NONE,0
RMVM_S_7c491c9243,Bên Nhau Ta Say Đêm Nay,Trini,POP_BALLAD,MISSING,NO_VALID_IMAGE_URL,0,0,NONE,0
RMVM_S_317ead6c97,Giáng Sinh Tự Tình,Diệu Hiền,BOLERO_TRUTINH,MISSING,NO_VALID_IMAGE_URL,0,0,NONE,0
RMVM_S_3bb5a3c110,Yêu Mãi Ngàn Năm,Bùi Việt Hà,BOLERO_TRUTINH,MISSING,NO_VALID_IMAGE_URL,0,0,NONE,0
RMVM_S_9c3c6d6972,Gặp Lại Người Cũ (New Version),Lương Gia Hùng,POP_BALLAD,MISSING,NO_VALID_IMAGE_URL,0,0,NONE,0
RMVM_S_c5b6dcb75a,Đàn Ông Hay Hứa Phụ Nữ Hay Tin?,Hamlet Trương,POP_BALLAD,MISSING,NO_VALID_IMAGE_URL,0,0,NONE,0
RMVM_S_0cea048ed6,Duyên Duyên Số Số (Piano Version),"DuUyen, Hương Ly",POP_BALLAD,MISSING,NO_VALID_IMAGE_URL,0,0,NONE,0
RMVM_S_b1d2a7c3a8,Đưa Em Tình Mộng Hoa Vàng,Ngọc Hạ,BOLERO_TRUTINH,MISSING,NO_VALID_IMAGE_URL,0,0,NONE,0
RMVM_S_9728665555,Yêu Vợ Nhất Trái Đất,Úy Trung Dũng,POP_BALLAD,MISSING,NO_VALID_IMAGE_URL,0,0,NONE,0
RMVM_S_8844f067d1,Đâu Là Yêu Đâu Là Thương (Lofi Version),Hồ Phong An,POP_BALLAD,MISSING,NO_VALID_IMAGE_URL,0,0,NONE,0
RMVM_S_ffab9252ff,Đính Ước,Đạt Long Vinh,BOLERO_TRUTINH,MISSING,NO_VALID_IMAGE_URL,0,0,NONE,0
RMVM_S_bb38e2b7c5,MIền Trung Ơi Đau Xót Nào Vơi,Lê Ngọc Thúy,FOLK_TRADITIONAL,MISSING,NO_VALID_IMAGE_URL,0,0,NONE,0
RMVM_S_231cbaa42f,Điệu Nhảy Cuối,Pixel Neko,POP_BALLAD,MISSING,NO_VALID_IMAGE_URL,0,0,NONE,0
RMVM_S_7248cd151c,Nhói Tâm Can,"Nhựt 2NT, LOKI",POP_BALLAD,MISSING,NO_VALID_IMAGE_URL,0,0,NONE,0
RMVM_S_2be467db3e,Em Và Những Ngày Yêu,Khoai Lang Thang,POP_BALLAD,MISSING,NO_VALID_IMAGE_URL,0,0,NONE,0
RMVM_S_29171b61ba,Phút Giây Muộn Màng,Bắc San Ho,BOLERO_TRUTINH,MISSING,NO_VALID_IMAGE_URL,0,0,NONE,0
RMVM_S_9c665c15f6,Chia Tay Là Giải Pháp,Phát Hồ (X2X Band),POP_BALLAD,MISSING,NO_VALID_IMAGE_URL,0,0,NONE,0
RMVM_S_671ab31fb3,Khúc Hát Dựng Xây Nông Thôn Mới,"Phan Tuấn, Hoài Tâm",FOLK_TRADITIONAL,MISSING,NO_VALID_IMAGE_URL,0,0,NONE,0
RMVM_S_10dfddd237,Xin Đừng Trách Đa Đa,Thiêng Ngân,BOLERO_TRUTINH,MISSING,NO_VALID_IMAGE_URL,0,0,NONE,0
RMVM_S_96fab43855,Đến Đây Và Ôm,"Lê Vũ, Blue T",POP_BALLAD,MISSING,NO_VALID_IMAGE_URL,0,0,NONE,0
RMVM_S_6eb0bc757e,Kết Thúc Bắt Đầu,"Da LAB, Đức Phúc",POP_BALLAD,MISSING,NO_VALID_IMAGE_URL,0,0,NONE,0
RMVM_S_d049f53b34,Hy Vọng Quá Hóa Đau Lòng (Nguyễn Hoàng ft Hải Nam),"Exclusive Music, Nguyễn Vĩ",POP_BALLAD,MISSING,NO_VALID_IMAGE_URL,0,0,NONE,0
RMVM_S_41becf690d,ĐỢI (Prod. RIO),"52Hz, RIO",RB_SOUL,MISSING,NO_VALID_IMAGE_URL,0,0,NONE,0
RMVM_S_ef4e247cc1,Anh Ơi Tình Yêu Là Gì,Diệp Anh,POP_BALLAD,MISSING,NO_VALID_IMAGE_URL,0,0,NONE,0
RMVM_S_1f84d07cad,Hay Là Tôi Đã Yêu,Trần Duy Phương,BOLERO_TRUTINH,MISSING,NO_VALID_IMAGE_URL,0,0,NONE,0
RMVM_S_491f041a76,Bánh Trung Thu,"Ngọc Giàu, LalaTv",CHILDREN,MISSING,NO_VALID_IMAGE_URL,0,0,NONE,0
RMVM_S_82d1043dae,Chiếc Đèn Ông Sao,"Bé Thanh Ngân, LalaTv",CHILDREN,MISSING,NO_VALID_IMAGE_URL,0,0,NONE,0
RMVM_S_807efdb56b,Đêm Mưa Sài Gòn,Nam Vương Bảo Lê,POP_BALLAD,MISSING,NO_VALID_IMAGE_URL,0,0,NONE,0
RMVM_S_a212923311,Liên Khúc Chú Ếch Con - Con Cào Cào - Hai Con Thằn Lằn Con,Various Artists,CHILDREN,MISSING,NO_VALID_IMAGE_URL,0,0,NONE,0
RMVM_S_739332ad9e,Phút Giây Tỏa Sáng,"Khắc Hưng, ERIK, Đức Phúc",POP_BALLAD,MISSING,NO_VALID_IMAGE_URL,0,0,NONE,0
RMVM_S_41ae23835f,Kiếp Này Em Gả Cho Anh,Thái Học,POP_BALLAD,MISSING,NO_VALID_IMAGE_URL,0,0,NONE,0
RMVM_S_8dfea18046,Bài Ca Mùa Thu,Chu Minh Ký,POP_BALLAD,MISSING,NO_VALID_IMAGE_URL,0,0,NONE,0
RMVM_S_9b75b58b28,Cuốn Theo Chiều Gió,Thúy Huyền,POP_BALLAD,MISSING,NO_VALID_IMAGE_URL,0,0,NONE,0
RMVM_S_ec10acc8d6,Bến Cũ,Cổ Thạch Xuyên,POP_BALLAD,MISSING,NO_VALID_IMAGE_URL,0,0,NONE,0
RMVM_S_e7b2a11a62,Buồn Đã Quá Lâu Rồi Tôi Có Nên Bỏ Thuốc (Cover),Shyn Tây,POP_BALLAD,MISSING,NO_VALID_IMAGE_URL,0,0,NONE,0
RMVM_S_0c7ace2fa3,Cô Thắm Vui Xuân,"Tài Linh, Đình Văn",POP_BALLAD,MISSING,NO_VALID_IMAGE_URL,0,0,NONE,0
RMVM_S_ed84ad8f30,Chấp Nhận Cô Đơn,"Kayl D, KaWaiiBi",RAP_HIPHOP,MISSING,NO_VALID_IMAGE_URL,0,0,NONE,0
RMVM_S_441b685106,Nóng Vãi Linh Hồn,Cao Tùng Anh,POP_BALLAD,MISSING,NO_VALID_IMAGE_URL,0,0,NONE,0
RMVM_S_7f83a1fc37,Phải Chi Mẹ Ở Bên Con,Nguyễn Duyên Quỳnh,POP_BALLAD,MISSING,NO_VALID_IMAGE_URL,0,0,NONE,0
RMVM_S_912e6d497e,247 Cuộc Gọi Người Lắng Nghe,Kidz,POP_BALLAD,MISSING,NO_VALID_IMAGE_URL,0,0,NONE,0
RMVM_S_5034b08a41,"Buồn Ơi, Xin Hãy Quên","Ái Vân, Nguyễn Hưng",INSTRUMENTAL,MISSING,NO_VALID_IMAGE_URL,0,0,NONE,0
RMVM_S_bb4fbc4927,Chuyện Nắng Mưa (Remix Version),"Khởi My, Kelvin Khánh",POP_BALLAD,MISSING,NO_VALID_IMAGE_URL,0,0,NONE,0
RMVM_S_8a4cac2aba,Người Đẹp Trong Tranh,Dương Hồng Loan,BOLERO_TRUTINH,MISSING,NO_VALID_IMAGE_URL,0,0,NONE,0
RMVM_S_3d46013c41,Phi Thẳng Vào Lòng Anh - Tại Sao Lại Xinh Như Thế,Nhiều nghệ sĩ,POP_BALLAD,MISSING,NO_VALID_IMAGE_URL,0,0,NONE,0
RMVM_S_39e88d580e,Cần Thơ Yêu Dấu,Trường Kha,FOLK_TRADITIONAL,MISSING,NO_VALID_IMAGE_URL,0,0,NONE,0
RMVM_S_e81565326f,Cánh Hoa Vụt Mất,Trương Thế Vinh,POP_BALLAD,MISSING,NO_VALID_IMAGE_URL,0,0,NONE,0
RMVM_S_ced50a8bab,Thà Đừng Nói Ra,Bảo Kun,POP_BALLAD,MISSING,NO_VALID_IMAGE_URL,0,0,NONE,0
RMVM_S_04946d8d45,Họ Đâu Có Biết,Thúy Chi,POP_BALLAD,MISSING,NO_VALID_IMAGE_URL,0,0,NONE,0
RMVM_S_2eb783d0b4,Kiếp Xóc Đĩa,Đinh Kiến Phong,POP_BALLAD,MISSING,NO_VALID_IMAGE_URL,0,0,NONE,0
RMVM_S_bcf8640aa0,Lắng Nghe Mùa Xuân Về (KBTL Remix),"BeeBoss, Châu Ngọc Lan",POP_BALLAD,MISSING,NO_VALID_IMAGE_URL,0,0,NONE,0
RMVM_S_559eeaacdc,Sầu Đông (Live),Hoài Lâm,POP_BALLAD,MISSING,NO_VALID_IMAGE_URL,0,0,NONE,0
RMVM_S_ca77030612,Vài Lời Muốn Nói,"Aimy, T-Son, Hiếu B",POP_BALLAD,MISSING,NO_VALID_IMAGE_URL,0,0,NONE,0
RMVM_S_95831e6d8c,Không Còn Là Của Nhau,Thái Đinh,POP_BALLAD,MISSING,NO_VALID_IMAGE_URL,0,0,NONE,0
RMVM_S_f986535593,Tôi Yêu Bolero,Lâm Bảo Phi,BOLERO_TRUTINH,MISSING,NO_VALID_IMAGE_URL,0,0,NONE,0
RMVM_S_22fa445d34,Hai Lối Mộng,"Ánh Linh, Khánh Bình",BOLERO_TRUTINH,MISSING,NO_VALID_IMAGE_URL,0,0,NONE,0
RMVM_S_2a9e7b2761,Giọt Nước Mắt Chia Đôi,"BeeBoss, Tuấn Chung",POP_BALLAD,MISSING,NO_VALID_IMAGE_URL,0,0,NONE,0
RMVM_S_59dae312e8,Vì Không Giữ,Khánh Đơn,POP_BALLAD,MISSING,NO_VALID_IMAGE_URL,0,0,NONE,0
RMVM_S_362b4a653b,Em Ơi Anh Về Rồi,Giang Trường,BOLERO_TRUTINH,MISSING,NO_VALID_IMAGE_URL,0,0,NONE,0
RMVM_S_0000902c11,Da Nâu,"Hoon, Chips",POP_BALLAD,MISSING,NO_VALID_IMAGE_URL,0,0,NONE,0
RMVM_S_c649b81a29,Cao Dao Tình Mẹ,Tịnh Hải,BOLERO_TRUTINH,MISSING,NO_VALID_IMAGE_URL,0,0,NONE,0
RMVM_S_9ac096a975,Uyên Ương Hồ Điệp,Hồ Quang Hiếu,POP_BALLAD,MISSING,NO_VALID_IMAGE_URL,0,0,NONE,0
RMVM_S_5d86c5ca00,Thuyền Hoa,"Ái Vân, Nguyễn Hưng",INSTRUMENTAL,MISSING,NO_VALID_IMAGE_URL,0,0,NONE,0
RMVM_S_a0886c6872,Đặt Niềm Tin Quá Nhiều,"Cao Tùng Huy, Thế Minh",POP_BALLAD,MISSING,NO_VALID_IMAGE_URL,0,0,NONE,0
RMVM_S_420f81f2ca,Mong Tết Sum Vầy,Nguyễn Hân,POP_BALLAD,MISSING,NO_VALID_IMAGE_URL,0,0,NONE,0
RMVM_S_b0be3d2f58,Ánh Trăng Tình Ái,Dương Edward,POP_BALLAD,MISSING,NO_VALID_IMAGE_URL,0,0,NONE,0
RMVM_S_a01da40579,Sống Bên Anh,Lương Gia Huy,POP_BALLAD,MISSING,NO_VALID_IMAGE_URL,0,0,NONE,0
RMVM_S_d55e145a11,Vì Anh Cần Em,Wanderlust,POP_BALLAD,MISSING,NO_VALID_IMAGE_URL,0,0,NONE,0
RMVM_S_0bd3f10492,Bước Qua Cuộc Tình,Gia Ly,POP_BALLAD,MISSING,NO_VALID_IMAGE_URL,0,0,NONE,0
RMVM_S_8fc4833d2f,Đêm Tóc Rối,Bảo Hân Bolero,BOLERO_TRUTINH,MISSING,NO_VALID_IMAGE_URL,0,0,NONE,0
RMVM_S_9af087bcd2,Hãy Cho Chúng Tôi Thấy,Phan Mạnh Quỳnh,POP_BALLAD,MISSING,NO_VALID_IMAGE_URL,0,0,NONE,0
RMVM_S_4cbdb41909,Cây Cọ Thần Kỳ,"ICD, Tuimi",POP_BALLAD,MISSING,NO_VALID_IMAGE_URL,0,0,NONE,0
RMVM_S_a3d0708211,Đại Minh Tinh,"Văn Mai Hương, Hứa Kim Tuyền",POP_BALLAD,MISSING,NO_VALID_IMAGE_URL,0,0,NONE,0
RMVM_S_1afe947c7e,Chia Tay Thôi Em (Locprox Remix),Hồ Duy Khang,DANCE_EDM,MISSING,NO_VALID_IMAGE_URL,0,0,NONE,0
RMVM_S_fdd68c8a35,Anh Em Mình Đi,Nhiều nghệ sĩ,POP_BALLAD,MISSING,NO_VALID_IMAGE_URL,0,0,NONE,0
RMVM_S_9abf9f612c,Ai Gánh Cuộc Đời Trầm Luân (Live at Bến Thành),Hoài Lâm,POP_BALLAD,MISSING,NO_VALID_IMAGE_URL,0,0,NONE,0
RMVM_S_59ed55c464,Buồn Thương Sáo Sậu (New Version),"Danh Vũ Linh, G ONE, Phàm TN",POP_BALLAD,MISSING,NO_VALID_IMAGE_URL,0,0,NONE,0
RMVM_S_4587f9ee4b,Anh Ơi Em Khóc Nhé,Song Thư,POP_BALLAD,MISSING,NO_VALID_IMAGE_URL,0,0,NONE,0
RMVM_S_e5faec3df3,Đòi Quà Cứ Ra Tòa,Karik,POP_BALLAD,MISSING,NO_VALID_IMAGE_URL,0,0,NONE,0
RMVM_S_33b6ad460c,Duyên Đọa Đày,Thiên Tú,POP_BALLAD,MISSING,NO_VALID_IMAGE_URL,0,0,NONE,0
RMVM_S_2bf2907b90,"Cuộc Đời Là Vậy Đó (Parody, Short Version)",Hoàng Hồng Quân,POP_BALLAD,MISSING,NO_VALID_IMAGE_URL,0,0,NONE,0
RMVM_S_a9745a53ee,Đừng Lo Anh Đợi Mà,Duongg,POP_BALLAD,MISSING,NO_VALID_IMAGE_URL,0,0,NONE,0
RMVM_S_2e427c5378,Con Sói Cô Đơn,"T-Akayz, Yanbi, Bueno",POP_BALLAD,MISSING,NO_VALID_IMAGE_URL,0,0,NONE,0
RMVM_S_631acb0d78,Khi Bạn Cần Có Tôi Đây (Cá Con Vượt Biển Lớn OST),Tô Gia Tuấn,POP_BALLAD,MISSING,NO_VALID_IMAGE_URL,0,0,NONE,0
RMVM_S_d802affe3a,Cửa Tâm Hồn,"KindyA, CvP, KaWaiiBi",RAP_HIPHOP,MISSING,NO_VALID_IMAGE_URL,0,0,NONE,0
RMVM_S_92b95e1670,Người Cũ Còn Yêu (Beat),Lê Anh Khôi,POP_BALLAD,MISSING,NO_VALID_IMAGE_URL,0,0,NONE,0
RMVM_S_c3ff5cc720,Đoạn Đường Sao Băng,Kha,POP_BALLAD,MISSING,NO_VALID_IMAGE_URL,0,0,NONE,0
RMVM_S_e7afcb6e45,Đời Cha (Daddy),"Nguyễn Văn Trung, Nguyễn Thành Công",POP_BALLAD,MISSING,NO_VALID_IMAGE_URL,0,0,NONE,0
RMVM_S_2887709671,Những Đóm Mắt Thảo Châu,Thảo Trang,POP_BALLAD,MISSING,NO_VALID_IMAGE_URL,0,0,NONE,0
RMVM_S_315af2526e,Yêu Cần Phải Cưới,Đạt Trần,POP_BALLAD,MISSING,NO_VALID_IMAGE_URL,0,0,NONE,0
RMVM_S_7b7ae39f34,Em Vui Đi,Phutoro,RAP_HIPHOP,MISSING,NO_VALID_IMAGE_URL,0,0,NONE,0
RMVM_S_59c283d917,Cô Ta Luôn Đúng (feat. Dani D),Nie,POP_BALLAD,MISSING,NO_VALID_IMAGE_URL,0,0,NONE,0
RMVM_S_f28bf8c084,Cư Xá Mùa Thu,Cheng,POP_BALLAD,MISSING,NO_VALID_IMAGE_URL,0,0,NONE,0
RMVM_S_1ba8b66e2b,Chỉ Vì Tôi Không Tin,Dương Gia Khánh,POP_BALLAD,MISSING,NO_VALID_IMAGE_URL,0,0,NONE,0
RMVM_S_54c34d41be,Lỗi Hẹn Cùng Trăng,"Phi Bằng, Dạ Thảo My",BOLERO_TRUTINH,MISSING,NO_VALID_IMAGE_URL,0,0,NONE,0
RMVM_S_a2c913519e,Có Đáng Hay Không,Vương Thiên Tuấn,POP_BALLAD,MISSING,NO_VALID_IMAGE_URL,0,0,NONE,0
RMVM_S_c594c252da,Một Mùa Xuân Nho Nhỏ,Lê Thu Uyên,BOLERO_TRUTINH,MISSING,NO_VALID_IMAGE_URL,0,0,NONE,0
RMVM_S_b8df290d62,Xem Như Anh Chẳng May - Ngọt Ngào Đến Mấy Cũng Tan Thành Mây (Remix),"Nhật Tinh Anh, Trung Ngon",DANCE_EDM,MISSING,NO_VALID_IMAGE_URL,0,0,NONE,0
RMVM_S_e2ed00e611,Em Thật Đẹp,Loren Kid,POP_BALLAD,MISSING,NO_VALID_IMAGE_URL,0,0,NONE,0
RMVM_S_85362c1e28,Ai Cũng Quên Đi Tháng Năm Êm Đềm,"Thành Tar, RamC",POP_BALLAD,MISSING,NO_VALID_IMAGE_URL,0,0,NONE,0
RMVM_S_864ec3b3f1,Em Có Cuộc Đời,CHUDAT,POP_BALLAD,MISSING,NO_VALID_IMAGE_URL,0,0,NONE,0
RMVM_S_d0bf1c7f94,Nhẫn Cỏ Cho Em,Chế Minh,BOLERO_TRUTINH,MISSING,NO_VALID_IMAGE_URL,0,0,NONE,0
RMVM_S_fb3fe0fe3d,4 Phút 20 Giây (Về Nhà Với Anh Đi),Hà Anh,POP_BALLAD,MISSING,NO_VALID_IMAGE_URL,0,0,NONE,0
RMVM_S_3ab4648e98,Có Nhất Thiết Phải Chia Ly,"Trần Tuấn Dũng, Dopping",POP_BALLAD,MISSING,NO_VALID_IMAGE_URL,0,0,NONE,0
RMVM_S_74dcbd3db9,Thức Đêm Mới Biết Đêm Dài,"Minh Thuận, Nhật Hào",POP_BALLAD,MISSING,NO_VALID_IMAGE_URL,0,0,NONE,0
RMVM_S_460be43802,Lời Ru Quê Hương,"Trọng Tấn, Xuân Trí",BOLERO_TRUTINH,MISSING,NO_VALID_IMAGE_URL,0,0,NONE,0
RMVM_S_ea585c2f81,Người Nói Cùng Bạn Đến Già Nay Ở Đâu,Thiên Tú,POP_BALLAD,MISSING,NO_VALID_IMAGE_URL,0,0,NONE,0
RMVM_S_68777a5f30,Người Điên Biết Yêu,Trường Kha,POP_BALLAD,MISSING,NO_VALID_IMAGE_URL,0,0,NONE,0
RMVM_S_e19b8c7925,Như Anh Mơ,"Minh, Quỳnh Anh",POP_BALLAD,MISSING,NO_VALID_IMAGE_URL,0,0,NONE,0
RMVM_S_babfd67b91,Đố Anh Quên Được Em,LONA,POP_BALLAD,MISSING,NO_VALID_IMAGE_URL,0,0,NONE,0
RMVM_S_e36945e369,Anh Đã Lớn Hơn Thế Nhiều,"Dick, Michelle Ngn",RAP_HIPHOP,MISSING,NO_VALID_IMAGE_URL,0,0,NONE,0
RMVM_S_7af4b9efb5,Anh Đang Ở Đâu Đấy Anh (Cover),Đỗ Phú Quí,POP_BALLAD,MISSING,NO_VALID_IMAGE_URL,0,0,NONE,0
RMVM_S_780b9976c2,Yêu Nhau Từ Bao Giờ,Tăng Quỳnh My,POP_BALLAD,MISSING,NO_VALID_IMAGE_URL,0,0,NONE,0
RMVM_S_f5af6bb178,Nhớ Nhau Hoài (Album Tình Ngược Lối),Thanh Vinh,BOLERO_TRUTINH,MISSING,NO_VALID_IMAGE_URL,0,0,NONE,0
RMVM_S_4e6fce2581,Khúc Ca Xuân,Đan Trường,BOLERO_TRUTINH,MISSING,NO_VALID_IMAGE_URL,0,0,NONE,0
RMVM_S_dc7084223d,Nước Mắt Cho Mây,Kiều Nga,INSTRUMENTAL,MISSING,NO_VALID_IMAGE_URL,0,0,NONE,0
RMVM_S_709c2a7c34,Có Em Là Điều Tuyệt Vời Nhất (Duck Remix),Thiên Tú,DANCE_EDM,MISSING,NO_VALID_IMAGE_URL,0,0,NONE,0
RMVM_S_5711873782,Ai Về Quảng Ngãi,Lâm Chu Min,BOLERO_TRUTINH,MISSING,NO_VALID_IMAGE_URL,0,0,NONE,0
RMVM_S_6c1cb4d1aa,Tân Cổ: Yêu Dấu Hà Tiên,Cẩm Loan,FOLK_TRADITIONAL,MISSING,NO_VALID_IMAGE_URL,0,0,NONE,0
RMVM_S_0a8bf0897e,Khổ Vì Yêu,Mỹ Huyền,INSTRUMENTAL,MISSING,NO_VALID_IMAGE_URL,0,0,NONE,0
RMVM_S_3eeaacc45e,Sầu Lẻ Bóng 2,Dương Hồng Loan,BOLERO_TRUTINH,MISSING,NO_VALID_IMAGE_URL,0,0,NONE,0
RMVM_S_a290a1943b,Cung Sầu Lỡ Nhịp,Dương Hồng Loan,BOLERO_TRUTINH,MISSING,NO_VALID_IMAGE_URL,0,0,NONE,0
RMVM_S_a995bf8197,Sóc Sờ Bai Sóc Trăng,Ân Thiên Vỹ,FOLK_TRADITIONAL,MISSING,NO_VALID_IMAGE_URL,0,0,NONE,0
RMVM_S_11ca52c411,Còn Gì Đau Hơn Chữ Đã Từng,RIN9,POP_BALLAD,MISSING,NO_VALID_IMAGE_URL,0,0,NONE,0
RMVM_S_23ead4d2ff,Thương Rồi Cũng Thế Thôi (Zeaplee Lofi Remix),"Huy Diệc, HOA HỒNG DẠI MUSIC",DANCE_EDM,MISSING,NO_VALID_IMAGE_URL,0,0,NONE,0
RMVM_S_0eafd2e5a6,Nếu Phải Mất Nhau (Lofi Version),"Đình Dũng, DJ Tú Chuột",POP_BALLAD,MISSING,NO_VALID_IMAGE_URL,0,0,NONE,0
RMVM_S_e527390a69,"Fabulous (From ""Gái Già Lắm Chiêu 3"")",Trang Pháp,POP_BALLAD,MISSING,NO_VALID_IMAGE_URL,0,0,NONE,0
RMVM_S_253d617c2f,Gửi Người Yêu Tương Lai,Yến Lê,POP_BALLAD,MISSING,NO_VALID_IMAGE_URL,0,0,NONE,0
RMVM_S_140940b388,Dòng Sông Ai Đã Đặt Tên,Vân Khánh,POP_BALLAD,MISSING,NO_VALID_IMAGE_URL,0,0,NONE,0
RMVM_S_c18a50eae3,Ánh Trăng Hòa Bình,Mầm Chồi Lá,CHILDREN,MISSING,NO_VALID_IMAGE_URL,0,0,NONE,0
RMVM_S_5b1d002527,Câu Chuyện Bỏ Lỡ,"AXC, Lâm hà",POP_BALLAD,MISSING,NO_VALID_IMAGE_URL,0,0,NONE,0
RMVM_S_06955ae404,Giọt Lệ Anh Rơi,"Vũ Đình Hiếu, Đặng Quang Huy",POP_BALLAD,MISSING,NO_VALID_IMAGE_URL,0,0,NONE,0
RMVM_S_a8c8e1bcbd,Còn đâu lời anh hứa,"Phạm Khánh Hưng, Phạm Thanh Thảo",POP_BALLAD,MISSING,NO_VALID_IMAGE_URL,0,0,NONE,0
RMVM_S_30276833c6,Tình Đơn Phương 3 (Rumba),"Bảo Trân Đặng, CT",POP_BALLAD,MISSING,NO_VALID_IMAGE_URL,0,0,NONE,0
RMVM_S_1e502da1eb,Anh Phải Sống Thế Nào,Nhật Phong,POP_BALLAD,MISSING,NO_VALID_IMAGE_URL,0,0,NONE,0
RMVM_S_75bb59e516,Bông Bầu,"Dư Anh, Thúy Hằng",FOLK_TRADITIONAL,MISSING,NO_VALID_IMAGE_URL,0,0,NONE,0
RMVM_S_476f841014,Rap Về Brook,Phan Ann,RAP_HIPHOP,MISSING,NO_VALID_IMAGE_URL,0,0,NONE,0
RMVM_S_aba2771de0,Ơ Kìa Tết Lại Đến Rồi Này,GreenD,POP_BALLAD,MISSING,NO_VALID_IMAGE_URL,0,0,NONE,0
RMVM_S_79b3651d5b,"Rap Về Bộ 3 (Naruto, One Piece)",Phan Ann,RAP_HIPHOP,MISSING,NO_VALID_IMAGE_URL,0,0,NONE,0
RMVM_S_15a3f74158,Ốc Đắng Buồn Ai,"Tố My, Đan Trường",POP_BALLAD,MISSING,NO_VALID_IMAGE_URL,0,0,NONE,0
RMVM_S_b2ab2cb700,Hồi Ức Một Tình Yêu,"Dương Minh Đức, Thanh Goll",POP_BALLAD,MISSING,NO_VALID_IMAGE_URL,0,0,NONE,0
RMVM_S_73c105052b,Mưa Đêm Tỉnh Lẻ,Gia Tiến,POP_BALLAD,MISSING,NO_VALID_IMAGE_URL,0,0,NONE,0
RMVM_S_81039c04f6,Có Ai Vô Hình Trong Tôi,Neon,POP_BALLAD,MISSING,NO_VALID_IMAGE_URL,0,0,NONE,0
RMVM_S_e91d26b1c1,Đến Gần Em,"Shay N, Sọp",POP_BALLAD,MISSING,NO_VALID_IMAGE_URL,0,0,NONE,0
RMVM_S_2b12cc0e5f,HOA SỨ NHÀ NÀNG (LOFI VERSION),Bùi Phi Long,BOLERO_TRUTINH,MISSING,NO_VALID_IMAGE_URL,0,0,NONE,0
RMVM_S_2a34cd8752,Tân Thời - Vì Anh Quá Yêu Em,"Trọng Đức, Henry Ngọc Thạch, Lê Trần Media",POP_BALLAD,MISSING,NO_VALID_IMAGE_URL,0,0,NONE,0
RMVM_S_bfe9d8c2b6,Tình Cây Mía Lau (New Version),"Khưu Huy Vũ, Dương Hồng Loan",BOLERO_TRUTINH,MISSING,NO_VALID_IMAGE_URL,0,0,NONE,0
RMVM_S_0eb07998b4,Trong Nỗi Nhớ Vô Cùng,Dương Nhân Trung,POP_BALLAD,MISSING,NO_VALID_IMAGE_URL,0,0,NONE,0
RMVM_S_d03e4d1e3d,Ngàn Năm Vẫn Ðợi,Malise Tường Vy,POP_BALLAD,MISSING,NO_VALID_IMAGE_URL,0,0,NONE,0
RMVM_S_73797ffd2e,Anh Đi Về Đâu (Live),"Thanh Tuyền, Phương Hồng Quế",POP_BALLAD,MISSING,NO_VALID_IMAGE_URL,0,0,NONE,0
RMVM_S_a813eebf78,Sự Thật,Phùng Ngọc Huy,POP_BALLAD,MISSING,NO_VALID_IMAGE_URL,0,0,NONE,0
RMVM_S_45a20049ca,Hào Khí Việt Nam,Kitty Ngọc Nhi,CHILDREN,MISSING,NO_VALID_IMAGE_URL,0,0,NONE,0
RMVM_S_b09aa49405,Lan Và Điệp 1,"Quách Tuấn Du, Quỳnh Trang",BOLERO_TRUTINH,MISSING,NO_VALID_IMAGE_URL,0,0,NONE,0
RMVM_S_fcb0db6908,Đừng Khóc (Lofi Version),Chi Dân,POP_BALLAD,MISSING,NO_VALID_IMAGE_URL,0,0,NONE,0
RMVM_S_9e3207f1e3,Đêm Bơ Vơ,Diễm Thùy,BOLERO_TRUTINH,MISSING,NO_VALID_IMAGE_URL,0,0,NONE,0
RMVM_S_45dda3a3d7,Anh Chỉ Là Cơn Gió,Trịnh Thăng Bình,POP_BALLAD,MISSING,NO_VALID_IMAGE_URL,0,0,NONE,0
RMVM_S_8329e12390,Ta Hỏi Phật,Tuấn Nguyễn,POP_BALLAD,MISSING,NO_VALID_IMAGE_URL,0,0,NONE,0
RMVM_S_8c59ced28f,Chúng Ta Từng Có Nhau,"Lil Z, Poll",POP_BALLAD,MISSING,NO_VALID_IMAGE_URL,0,0,NONE,0
RMVM_S_33220f0676,Bình Dương Ngày Tươi Sáng,CD Hoàng,POP_BALLAD,MISSING,NO_VALID_IMAGE_URL,0,0,NONE,0
RMVM_S_b98cb6b9e1,Bài Không Tên Cuối Cùng,Nguyễn Hồng Ân,POP_BALLAD,MISSING,NO_VALID_IMAGE_URL,0,0,NONE,0
RMVM_S_48abc7ce8a,Cũng Đành Thôi (Cover),Thanh Hùng,POP_BALLAD,MISSING,NO_VALID_IMAGE_URL,0,0,NONE,0
RMVM_S_87e3c454e3,Hẹn Yêu,Phan Yến Nhi,POP_BALLAD,MISSING,NO_VALID_IMAGE_URL,0,0,NONE,0
RMVM_S_5b25b07c0f,Yêu Anh Dài Lâu,Thanh Thảo,POP_BALLAD,MISSING,NO_VALID_IMAGE_URL,0,0,NONE,0
RMVM_S_1391290dfb,Bằng Lòng Không Em,"Khang Ty, PIU",POP_BALLAD,MISSING,NO_VALID_IMAGE_URL,0,0,NONE,0
RMVM_S_70411c7989,Đau Trong Quá Khứ,Hồ Gia Khánh,POP_BALLAD,MISSING,NO_VALID_IMAGE_URL,0,0,NONE,0
RMVM_S_cc2facd202,Vì Anh Thương Em (Beat),Phan Duy Anh,POP_BALLAD,MISSING,NO_VALID_IMAGE_URL,0,0,NONE,0
RMVM_S_15d2f580e3,Hoa Tím Ngày Xưa,Hải Vy,BOLERO_TRUTINH,MISSING,NO_VALID_IMAGE_URL,0,0,NONE,0
RMVM_S_c14ebd7277,CÀNG NÍU LẠI CÀNG ĐAU,Việt Anh,POP_BALLAD,MISSING,NO_VALID_IMAGE_URL,0,0,NONE,0
RMVM_S_3203405192,Bữa Cơm Đoàn Viên,Trường Kha,POP_BALLAD,MISSING,NO_VALID_IMAGE_URL,0,0,NONE,0
RMVM_S_0969271448,Người Nỡ Quên Anh Như Thế Sao,Giáp Hoàng Hiếu,POP_BALLAD,MISSING,NO_VALID_IMAGE_URL,0,0,NONE,0
RMVM_S_7d48a819c1,Người Đẹp (New Version),Sala Uyên Trinh,POP_BALLAD,MISSING,NO_VALID_IMAGE_URL,0,0,NONE,0
RMVM_S_55fff3f78d,Bước Vu Quy,"Khởi Vinh, Siro",POP_BALLAD,MISSING,NO_VALID_IMAGE_URL,0,0,NONE,0
RMVM_S_cf5ac20029,Mùa Đông Tim Anh Lại Khóc,Tam Hổ,POP_BALLAD,MISSING,NO_VALID_IMAGE_URL,0,0,NONE,0
RMVM_S_6cfbea6e6d,Ta Đi Tiếp Không Em?,Nhật Tinh Anh,POP_BALLAD,MISSING,NO_VALID_IMAGE_URL,0,0,NONE,0
RMVM_S_245958171a,"Ai Của Riêng Ai, Đâu Còn Quan Trọng",Đinh Kiến Phong,POP_BALLAD,MISSING,NO_VALID_IMAGE_URL,0,0,NONE,0
RMVM_S_a662aeba2d,Anh Không Là Tất Cả,Nguyễn Quang Quý,POP_BALLAD,MISSING,NO_VALID_IMAGE_URL,0,0,NONE,0
RMVM_S_5daffb13b8,Không Sao Đâu Em (Live),Khải Đăng,POP_BALLAD,MISSING,NO_VALID_IMAGE_URL,0,0,NONE,0
RMVM_S_133f328267,Dứt Đường Tơ,Út Bạch Lan,FOLK_TRADITIONAL,MISSING,NO_VALID_IMAGE_URL,0,0,NONE,0
RMVM_S_f2742c5a71,Cô Đơn Tận Cùng,Vương Thiên Lâm,POP_BALLAD,MISSING,NO_VALID_IMAGE_URL,0,0,NONE,0
RMVM_S_181d5a6fe0,Bóng Tối Là Ánh Nến Của Anh,"Killic, Buford",RAP_HIPHOP,MISSING,NO_VALID_IMAGE_URL,0,0,NONE,0
RMVM_S_2375fad06f,Người Xa Quê Nhớ,Mr. Siro,POP_BALLAD,MISSING,NO_VALID_IMAGE_URL,0,0,NONE,0
RMVM_S_4bbfc4d0ee,Chỉ Muốn Bên Anh Mãi Thôi,LyLy,POP_BALLAD,MISSING,NO_VALID_IMAGE_URL,0,0,NONE,0
RMVM_S_1109eaaefe,Một Thuở Yêu Người (Ballad),Ngân Ngân,POP_BALLAD,MISSING,NO_VALID_IMAGE_URL,0,0,NONE,0
RMVM_S_4aae6d5ab1,Yêu Lắm Mà Phải Buông,Triệu Tuấn Linh,POP_BALLAD,MISSING,NO_VALID_IMAGE_URL,0,0,NONE,0
RMVM_S_bfd9a6ab46,Kiếp Ve Sầu,"CT Media, Poul Lê",POP_BALLAD,MISSING,NO_VALID_IMAGE_URL,0,0,NONE,0
RMVM_S_368e7e38a4,Chúc Mừng Xuân Mới,Cadillac,FOLK_TRADITIONAL,MISSING,NO_VALID_IMAGE_URL,0,0,NONE,0
RMVM_S_e1f556e0fa,Anh Đi Rồi Anh Sẽ Về,Lâm Chấn Huy,POP_BALLAD,MISSING,NO_VALID_IMAGE_URL,0,0,NONE,0
RMVM_S_3082371a03,Chiếc Ô Xoay Tròn,"Zick Phạm, Jackie Luu",POP_BALLAD,MISSING,NO_VALID_IMAGE_URL,0,0,NONE,0
RMVM_S_eca8d8295a,Không Muốn Thế Giới Chỉ Muốn Anh,"Phí Phương Anh, RIN9, DREAMeR",POP_BALLAD,MISSING,NO_VALID_IMAGE_URL,0,0,NONE,0
RMVM_S_75acda47aa,Ngoài Anh Ra Không Còn Ai Khác Đâu,"Tronie Ngô, 1DEE",DANCE_EDM,MISSING,NO_VALID_IMAGE_URL,0,0,NONE,0
RMVM_S_815165d51c,Trăm Năm Không Quên (DJ Hiếu Phan Remix),Quang Hà,POP_BALLAD,MISSING,NO_VALID_IMAGE_URL,0,0,NONE,0
RMVM_S_f8a7436aed,Ngàn Đời Nhớ Thương Mẹ,Phước Lộc,FOLK_TRADITIONAL,MISSING,NO_VALID_IMAGE_URL,0,0,NONE,0
RMVM_S_a47d25ae1d,Chúng Con Canh Giấc Ngủ Của Người,Trọng Tấn,REVOLUTIONARY,MISSING,NO_VALID_IMAGE_URL,0,0,NONE,0
RMVM_S_be314f7a0a,Ngoan Thì Cái Gì Cũng Có,Billy Hoàng Phong,POP_BALLAD,MISSING,NO_VALID_IMAGE_URL,0,0,NONE,0
RMVM_S_42ff8ce876,Chạm Nỗi Đau Dài (Cover),Lữ Huỳnh,POP_BALLAD,MISSING,NO_VALID_IMAGE_URL,0,0,NONE,0
RMVM_S_756755e084,Áo Cũ Tình Mới (Remix),Châu Khải Phong,DANCE_EDM,MISSING,NO_VALID_IMAGE_URL,0,0,NONE,0
RMVM_S_da8b8beee5,2000 câu hỏi vì sao,AMEE,POP_BALLAD,MISSING,NO_VALID_IMAGE_URL,0,0,NONE,0
RMVM_S_5aa119d356,"Ngày Ấy, Tháng Ấy, Năm Ấy",Kim Ny Ngọc,POP_BALLAD,MISSING,NO_VALID_IMAGE_URL,0,0,NONE,0
RMVM_S_84cfe9741c,Cây Đa Quán Dốc,LEO,POP_BALLAD,MISSING,NO_VALID_IMAGE_URL,0,0,NONE,0
RMVM_S_c5a2569604,Chạm Nhẹ Quá Khứ,"Dickson Nguyen, Dagenix",POP_BALLAD,MISSING,NO_VALID_IMAGE_URL,0,0,NONE,0
RMVM_S_d8649b6979,Dặm Trường Tương Tư,Dee Trần,POP_BALLAD,MISSING,NO_VALID_IMAGE_URL,0,0,NONE,0
RMVM_S_ced0f59d0b,Lỗi Tại Anh Nghèo (DJ Phơ Remix),Hồ Việt Trung,POP_BALLAD,MISSING,NO_VALID_IMAGE_URL,0,0,NONE,0
RMVM_S_34fc1b846b,Chuyện Lứa Đôi,"Như Quỳnh, Don Hồ",INSTRUMENTAL,MISSING,NO_VALID_IMAGE_URL,0,0,NONE,0
RMVM_S_18051f7557,Dẫu Mình Xa Nhau,"Kim Linh, Lê Tiến Tiền",BOLERO_TRUTINH,MISSING,NO_VALID_IMAGE_URL,0,0,NONE,0
RMVM_S_656c3feeb1,Mùi Tổ Ấm,"Quân A.P, Hứa Kim Tuyền",POP_BALLAD,MISSING,NO_VALID_IMAGE_URL,0,0,NONE,0
RMVM_S_07083266ed,Tơ Duyên,Ái Vân,INSTRUMENTAL,MISSING,NO_VALID_IMAGE_URL,0,0,NONE,0
RMVM_S_2e9d56ee77,Màu Ký Ức,Lâm Tuấn,POP_BALLAD,MISSING,NO_VALID_IMAGE_URL,0,0,NONE,0
RMVM_S_03b9183bbb,Đôi Khi Muốn,Phạm Trưởng,POP_BALLAD,MISSING,NO_VALID_IMAGE_URL,0,0,NONE,0
RMVM_S_a466e30d4b,Đừng Hỏi Anh,Chu Bin,POP_BALLAD,MISSING,NO_VALID_IMAGE_URL,0,0,NONE,0
RMVM_S_34b6002653,Tổn Thương Nhau Để Được Gì?,"JayJay, KayZ",POP_BALLAD,MISSING,NO_VALID_IMAGE_URL,0,0,NONE,0
RMVM_S_5542b22f72,Phải Lòng Anh,MIN,POP_BALLAD,MISSING,NO_VALID_IMAGE_URL,0,0,NONE,0
RMVM_S_55d32ce01b,Cánh Chim Cùng Gió,"Hustlang Heily, Hustlang HBo",RAP_HIPHOP,MISSING,NO_VALID_IMAGE_URL,0,0,NONE,0
RMVM_S_6898e050c4,Không Cần Phải Hứa Đâu Em (Cover) (Remix),"Đức Trọng, DJ Hải Vũ",POP_BALLAD,MISSING,NO_VALID_IMAGE_URL,0,0,NONE,0
RMVM_S_3bfcd32a16,Ngoài Đằng Kia Mùa Đông (Rap Version),"Thái Đinh, NamKun",POP_BALLAD,MISSING,NO_VALID_IMAGE_URL,0,0,NONE,0
RMVM_S_29a608ea01,Chả Hiểu Sao,Weeza,POP_BALLAD,MISSING,NO_VALID_IMAGE_URL,0,0,NONE,0
RMVM_S_d4c556e111,Kẻ Thật Lòng Phía Sau,"Linh Hương Luz, ZuongZero Ent",POP_BALLAD,MISSING,NO_VALID_IMAGE_URL,0,0,NONE,0
RMVM_S_f6cb23cf66,Có Một Người Luôn Cười Khi Anh Đến,"tofutns, PC, TaynguyenSound",POP_BALLAD,MISSING,NO_VALID_IMAGE_URL,0,0,NONE,0
RMVM_S_8686e96081,Một Người Đi,Hồng Phượng,BOLERO_TRUTINH,MISSING,NO_VALID_IMAGE_URL,0,0,NONE,0
RMVM_S_ca43144037,Đừng Nói Dối Em Nữa (Remix),"Kiều Thơ Mellow, Khải Nv",POP_BALLAD,MISSING,NO_VALID_IMAGE_URL,0,0,NONE,0
RMVM_S_9765300d12,Dám Hỏi Đường Ở Đâu,Lee Phú Quý,POP_BALLAD,MISSING,NO_VALID_IMAGE_URL,0,0,NONE,0
RMVM_S_e26a8120af,Anh Phải Làm Sao Đây,Trương Khắc Lâm,POP_BALLAD,MISSING,NO_VALID_IMAGE_URL,0,0,NONE,0
RMVM_S_00b1d11b4e,Hoa Của Mẹ,Bé Trang Thư,CHILDREN,MISSING,NO_VALID_IMAGE_URL,0,0,NONE,0
RMVM_S_5ddc7951b8,Độ Ta Không Độ Nàng 2,Yamix Hầu Ca,POP_BALLAD,MISSING,NO_VALID_IMAGE_URL,0,0,NONE,0
RMVM_S_cb73c5bf45,Em Nhớ Anh Người Yêu Cũ,"CT Media, Thanh Trúc",POP_BALLAD,MISSING,NO_VALID_IMAGE_URL,0,0,NONE,0
RMVM_S_7d0c9e4500,Chạnh Lòng Thương Cô (Remix),"Huy Vạc, Non Hanta, Hiderway",POP_BALLAD,MISSING,NO_VALID_IMAGE_URL,0,0,NONE,0
RMVM_S_25827019dc,Em Về Xứ Nghệ Cùng Anh,Vũ Phan Dương Ninh,BOLERO_TRUTINH,MISSING,NO_VALID_IMAGE_URL,0,0,NONE,0
RMVM_S_5887a092e6,Thanh Xuân Cho Em,Nhiều nghệ sĩ,POP_BALLAD,MISSING,NO_VALID_IMAGE_URL,0,0,NONE,0
RMVM_S_7d6a6e59f9,Alo Anh À,"YuniBoo, Misabae",POP_BALLAD,MISSING,NO_VALID_IMAGE_URL,0,0,NONE,0
RMVM_S_886b5ddc8e,Chôn Sâu Yêu Thương,CzEight,POP_BALLAD,MISSING,NO_VALID_IMAGE_URL,0,0,NONE,0
RMVM_S_1f2a44ef99,Mùa Hoa Cải Bên Sông,Hạ Vân,BOLERO_TRUTINH,MISSING,NO_VALID_IMAGE_URL,0,0,NONE,0
RMVM_S_2e2365852b,Một Vài Ngày Sau Đó,TeeRings,POP_BALLAD,MISSING,NO_VALID_IMAGE_URL,0,0,NONE,0
RMVM_S_4f5176a02b,Em Có Đợi Anh Không,Mạnh Hakyno,POP_BALLAD,MISSING,NO_VALID_IMAGE_URL,0,0,NONE,0
RMVM_S_cb24a558d0,Mãi Là Người Đến Sau,Thanh Hương,POP_BALLAD,MISSING,NO_VALID_IMAGE_URL,0,0,NONE,0
RMVM_S_cd59318444,Anh Đâu Biết Em Thuộc Về Ai,Trường Kha,POP_BALLAD,MISSING,NO_VALID_IMAGE_URL,0,0,NONE,0
RMVM_S_aee39c02ff,Tình Cũ Bao Giờ Cũng Tốt Hơn? (Remix),"Dương Hoàng Yến, Kenz",DANCE_EDM,MISSING,NO_VALID_IMAGE_URL,0,0,NONE,0
RMVM_S_7a2f54991c,Trả Lại Em Nụ Cười,Thanh Hà,INSTRUMENTAL,MISSING,NO_VALID_IMAGE_URL,0,0,NONE,0
RMVM_S_ac5efc7599,Bé Vui Đón Tết,Đỗ Tuyết Nhi,CHILDREN,MISSING,NO_VALID_IMAGE_URL,0,0,NONE,0
RMVM_S_26e76487ee,Ngày Mai Người Ta Lấy Chồng (Remix),Thành Đạt,DANCE_EDM,MISSING,NO_VALID_IMAGE_URL,0,0,NONE,0
RMVM_S_ca72bdf60e,Bởi vì đã yêu em,"Winno, CCMK",RAP_HIPHOP,MISSING,NO_VALID_IMAGE_URL,0,0,NONE,0
RMVM_S_8e45686acc,Anh Xin Lỗi Em Remix,Châu Khải Phong,POP_BALLAD,MISSING,NO_VALID_IMAGE_URL,0,0,NONE,0
RMVM_S_90074ef6d9,Em Hãy Nhắn Tin,Huy Lê,POP_BALLAD,MISSING,NO_VALID_IMAGE_URL,0,0,NONE,0
RMVM_S_ee97b350d4,Người Thứ 3,"H2K, TRUNKY",POP_BALLAD,MISSING,NO_VALID_IMAGE_URL,0,0,NONE,0
RMVM_S_01ee0abbb2,Cung Đàn Có Em,Châu Ngọc Tiên,BOLERO_TRUTINH,MISSING,NO_VALID_IMAGE_URL,0,0,NONE,0
RMVM_S_c710473760,Ngày Tan Vỡ,DIMZ,POP_BALLAD,MISSING,NO_VALID_IMAGE_URL,0,0,NONE,0
RMVM_S_b032cb952f,Sau Em Luôn Là Anh,Trần Nguyễn Bảo Hân,POP_BALLAD,MISSING,NO_VALID_IMAGE_URL,0,0,NONE,0
RMVM_S_1399dce1b4,Anh Mới Chính Là Người Em Yêu (TD Remix) [Short Version 2],Dunghoangpham,POP_BALLAD,MISSING,NO_VALID_IMAGE_URL,0,0,NONE,0
RMVM_S_99960bb4e9,Nếu Đời Không Có Nhau,Thu Phương,BOLERO_TRUTINH,MISSING,NO_VALID_IMAGE_URL,0,0,NONE,0
RMVM_S_24fb18d6ec,Cưới Luôn Đi Chị Ơi!,"Long.C, Di Di",POP_BALLAD,MISSING,NO_VALID_IMAGE_URL,0,0,NONE,0
RMVM_S_8ad713394f,Chẳng Biết Điều Gì,Emcee L,POP_BALLAD,MISSING,NO_VALID_IMAGE_URL,0,0,NONE,0
RMVM_S_493b5e19c7,Bayby Em Có Muốn Được High,"Niz, Koo",RAP_HIPHOP,MISSING,NO_VALID_IMAGE_URL,0,0,NONE,0
RMVM_S_97e66a7f99,Cảm Ơn Kẻ Thứ Ba,Lâm Triệu Minh,BOLERO_TRUTINH,MISSING,NO_VALID_IMAGE_URL,0,0,NONE,0
RMVM_S_f8d7bbcbc2,Chuyện Cô Gái Nhỏ,Khởi My,POP_BALLAD,MISSING,NO_VALID_IMAGE_URL,0,0,NONE,0
RMVM_S_19ec7392ba,Hai Đứa Mình Yêu Nhau,"Lưu Ánh Loan, Đoàn Minh",BOLERO_TRUTINH,MISSING,NO_VALID_IMAGE_URL,0,0,NONE,0
RMVM_S_e5eaba623c,Huế Và Em,Dương Nghi Đình,BOLERO_TRUTINH,MISSING,NO_VALID_IMAGE_URL,0,0,NONE,0
RMVM_S_96c5a029c6,Lỗi Duyên Tại Ý Trời,"TVk, Huỳnh Mộng Như, 93NEW-G",POP_BALLAD,MISSING,NO_VALID_IMAGE_URL,0,0,NONE,0
RMVM_S_a32128c158,Tin Mừng Chúa Giáng Thế,Nam Vương Bảo Lê,POP_BALLAD,MISSING,NO_VALID_IMAGE_URL,0,0,NONE,0
RMVM_S_7e10030975,Cây Bã Đậu,"Lưu Ánh Loan, Bằng Chương",BOLERO_TRUTINH,MISSING,NO_VALID_IMAGE_URL,0,0,NONE,0
RMVM_S_10c2266a3e,Những Gì Đẹp Nhất,"Lam Anh, Trần Thái Hòa",INSTRUMENTAL,MISSING,NO_VALID_IMAGE_URL,0,0,NONE,0
RMVM_S_fe7e70f3a9,Anh Ơi! Anh Về Đi,NgânT,POP_BALLAD,MISSING,NO_VALID_IMAGE_URL,0,0,NONE,0
RMVM_S_422f1f03c8,Mẹ Ơi Mẹ Ơi,"LÁu, Vano",POP_BALLAD,MISSING,NO_VALID_IMAGE_URL,0,0,NONE,0
RMVM_S_b0599624e3,Bởi Vì Là Khi Yêu,HA Live,POP_BALLAD,MISSING,NO_VALID_IMAGE_URL,0,0,NONE,0
RMVM_S_43e300952e,Tạm Biệt Người Anh Em,Quách Tuấn Du,POP_BALLAD,MISSING,NO_VALID_IMAGE_URL,0,0,NONE,0
RMVM_S_dac11a64fe,Gánh Chè Đêm Của Mẹ,Phương Mỹ Chi,BOLERO_TRUTINH,MISSING,NO_VALID_IMAGE_URL,0,0,NONE,0
RMVM_S_e3146b2ab0,Cánh Hoa Pansse,Mỹ Anh,BOLERO_TRUTINH,MISSING,NO_VALID_IMAGE_URL,0,0,NONE,0
RMVM_S_5c31ddec50,Bình Minh Không Còn Nhau,"Hà Vân, Hamlet Trương",POP_BALLAD,MISSING,NO_VALID_IMAGE_URL,0,0,NONE,0
RMVM_S_b0869e80c4,Liên Khúc: Nụ Hôn Mùa Xuân,"Ngọc Khang, Lâm Vũ",POP_BALLAD,MISSING,NO_VALID_IMAGE_URL,0,0,NONE,0
RMVM_S_d3ffe64912,Chỉ Là Không Cùng Nhau (Lofi Version),Gumin,POP_BALLAD,MISSING,NO_VALID_IMAGE_URL,0,0,NONE,0
RMVM_S_6bca6c7480,Magic Castle - Ngày Mai Nắng Lên,Khánh Phương,POP_BALLAD,MISSING,NO_VALID_IMAGE_URL,0,0,NONE,0
RMVM_S_e9ef2ac837,Chỉ Còn Những Mùa Nhớ,Bảo Trâm,POP_BALLAD,MISSING,NO_VALID_IMAGE_URL,0,0,NONE,0
RMVM_S_746056502a,Ba Ba Tiếng Con Gọi,Trần Duy Phương,POP_BALLAD,MISSING,NO_VALID_IMAGE_URL,0,0,NONE,0
RMVM_S_febf625e82,Tôi Mất Người Yêu,"Quân Bảo, Kim Ngân",BOLERO_TRUTINH,MISSING,NO_VALID_IMAGE_URL,0,0,NONE,0
RMVM_S_3e9fc7070d,Liên Khúc Ước Mơ Ánh Trăng Trẻ Thơ,Chen,POP_BALLAD,MISSING,NO_VALID_IMAGE_URL,0,0,NONE,0
RMVM_S_7a9f775aa1,Bài Ca Của Nàng (Nhạc Trữ Tình Mới Nhất 2022),Thanh Thanh Hiền,POP_BALLAD,MISSING,NO_VALID_IMAGE_URL,0,0,NONE,0
RMVM_S_3c364df0ab,Lựa Chọn Buông Tay,NQP,POP_BALLAD,MISSING,NO_VALID_IMAGE_URL,0,0,NONE,0
RMVM_S_30eef67429,7 Tỷ Người (Piano Version),"A.C Xuân Tài, Lynk Lee",POP_BALLAD,MISSING,NO_VALID_IMAGE_URL,0,0,NONE,0
RMVM_S_2a92d60937,Bọt Biển,"Gia Huy, Vy Oanh",BOLERO_TRUTINH,MISSING,NO_VALID_IMAGE_URL,0,0,NONE,0
RMVM_S_2425ea4598,Bao Lâu Ta Lại Yêu Một Người (Lofi Version),"Doãn Hiếu, BMZ",POP_BALLAD,MISSING,NO_VALID_IMAGE_URL,0,0,NONE,0
RMVM_S_f4edd54c39,Tìm Lại Nhau,M Qui,POP_BALLAD,MISSING,NO_VALID_IMAGE_URL,0,0,NONE,0
RMVM_S_d330ef0e72,Cô Gái À Em Đừng Khóc Nữa (EDM),Oanh Tạ,POP_BALLAD,MISSING,NO_VALID_IMAGE_URL,0,0,NONE,0
RMVM_S_dd71da446e,Chờ Anh Ngỏ Lời,Thắm Mini,POP_BALLAD,MISSING,NO_VALID_IMAGE_URL,0,0,NONE,0
RMVM_S_b91762c950,Giấc Mơ Tuổi Thơ,"Lil Shady, Zenky, Diby",POP_BALLAD,MISSING,NO_VALID_IMAGE_URL,0,0,NONE,0
RMVM_S_ec6a538cfd,Chẳng Phải Anh Khờ,Trung Tự,POP_BALLAD,MISSING,NO_VALID_IMAGE_URL,0,0,NONE,0
RMVM_S_c56c75b142,Thư Cho Em (Live Version),Hà Anh Tuấn,POP_BALLAD,MISSING,NO_VALID_IMAGE_URL,0,0,NONE,0
RMVM_S_302b5c78e5,"Ngỡ, Một Lần Nữa Em Quay Về (Live)","Bằng Kiều, Minh Tuyết",BOLERO_TRUTINH,MISSING,NO_VALID_IMAGE_URL,0,0,NONE,0
RMVM_S_af42477d8c,Những Điều Thầy Chưa Kể,"Hoàng Hoa, Mai Tuấn",BOLERO_TRUTINH,MISSING,NO_VALID_IMAGE_URL,0,0,NONE,0
RMVM_S_e6ce5f13c5,Mơ Là Phải Mở,"Miu Lê, Yuno Bigboi",POP_BALLAD,MISSING,NO_VALID_IMAGE_URL,0,0,NONE,0
RMVM_S_0dc973a38a,Anh Mong Quay Về (Beat),Khang Việt,POP_BALLAD,MISSING,NO_VALID_IMAGE_URL,0,0,NONE,0
RMVM_S_2a05e223f6,Chiều Hoàng Hôn,"Jombie, Jena, G5R Squad",POP_BALLAD,MISSING,NO_VALID_IMAGE_URL,0,0,NONE,0
RMVM_S_31a2bbff4e,Đảo Không Người,Ngô Anh Đạt,POP_BALLAD,MISSING,NO_VALID_IMAGE_URL,0,0,NONE,0
RMVM_S_872af40503,Chuyện Của Mặt Trời - Chuyện Của Chúng Ta,HA Live,POP_BALLAD,MISSING,NO_VALID_IMAGE_URL,0,0,NONE,0
RMVM_S_97e94a96e6,Em Sai Rồi Anh Xin Lỗi Em Đi,Chi Pu,POP_BALLAD,MISSING,NO_VALID_IMAGE_URL,0,0,NONE,0
RMVM_S_d05654d585,Chẳng Thể Biết,"Sol7, Young Tulo",POP_BALLAD,MISSING,NO_VALID_IMAGE_URL,0,0,NONE,0
RMVM_S_8686ea7856,Khó Để Buông Tay,Minh Tài,POP_BALLAD,MISSING,NO_VALID_IMAGE_URL,0,0,NONE,0
RMVM_S_7d2b3b4feb,Điệu Nhạc Vui,Thanh Thảo,POP_BALLAD,MISSING,NO_VALID_IMAGE_URL,0,0,NONE,0
RMVM_S_1db713eaaf,Bao Ngày Nhớ Bao Ngày Đau,Khánh Dũng,POP_BALLAD,MISSING,NO_VALID_IMAGE_URL,0,0,NONE,0
RMVM_S_4fe604591f,Bật Tình Yêu Lên,"Tăng Duy Tân, Hòa Minzy",POP_BALLAD,MISSING,NO_VALID_IMAGE_URL,0,0,NONE,0
RMVM_S_078960b5a9,Biển Rộng Trời Cao,Đức Hati,POP_BALLAD,MISSING,NO_VALID_IMAGE_URL,0,0,NONE,0
RMVM_S_caa10ad8ca,Chuyện Tình Trương Chi Mị Nương,"Sơn Đăng, Dạ Lý Hương",BOLERO_TRUTINH,MISSING,NO_VALID_IMAGE_URL,0,0,NONE,0
RMVM_S_973decd823,Bức Bình Phong,Trịnh Thăng Bình,POP_BALLAD,MISSING,NO_VALID_IMAGE_URL,0,0,NONE,0
RMVM_S_82b8f6b58f,Anh Có Con Công,Jin Tuấn Nam,POP_BALLAD,MISSING,NO_VALID_IMAGE_URL,0,0,NONE,0
RMVM_S_00c7953e9f,Phút Yêu Đầu,Thu Minh,BOLERO_TRUTINH,MISSING,NO_VALID_IMAGE_URL,0,0,NONE,0
RMVM_S_a5ace6a873,Mai Lệ Xuân,Thế Sơn,INSTRUMENTAL,MISSING,NO_VALID_IMAGE_URL,0,0,NONE,0
RMVM_S_a0e5a99ad6,Chiếc Ôm Từ Phía Sau,HER,POP_BALLAD,MISSING,NO_VALID_IMAGE_URL,0,0,NONE,0
RMVM_S_19ed58eb45,Ánh Sáng Nơi Cuối Đường (Remix),Lil Knight,POP_BALLAD,MISSING,NO_VALID_IMAGE_URL,0,0,NONE,0
RMVM_S_2dfd62ee4a,Một Lần Cuối Thôi,"Lê Trần Media, Thảo Milk",POP_BALLAD,MISSING,NO_VALID_IMAGE_URL,0,0,NONE,0
RMVM_S_a5db3fa4b1,Điệu Lý Duyên Tình,"Mai Phương Thảo, Trần Xuân",POP_BALLAD,MISSING,NO_VALID_IMAGE_URL,0,0,NONE,0
RMVM_S_b6ca12d3af,Ba Đời Ba Kiếp Mười Dặm Hoa Rơi,Lee Phú Quý,POP_BALLAD,MISSING,NO_VALID_IMAGE_URL,0,0,NONE,0
RMVM_S_a297ab2784,Bạn Không Hiểu Tôi (BLUE REMIX),"ZIN MEDIA, Hoàng Văn Sáng",DANCE_EDM,MISSING,NO_VALID_IMAGE_URL,0,0,NONE,0
RMVM_S_ebba23ec07,Chỉ Cần Đi Với Nhau,Linh Cáo,POP_BALLAD,MISSING,NO_VALID_IMAGE_URL,0,0,NONE,0
RMVM_S_85092a305c,Anh Buông Tay Rồi Đấy (Beat),Âu Nam Thái,POP_BALLAD,MISSING,NO_VALID_IMAGE_URL,0,0,NONE,0
RMVM_S_c492c1324d,"Dừng Lại Và Quên Thôi (Original Soundtrack From ""Kẻ Độc Hành"")",Trung Quân Idol,POP_BALLAD,MISSING,NO_VALID_IMAGE_URL,0,0,NONE,0
RMVM_S_536f289b8d,Liên Khúc Hoa Nở Về Đêm – Giọt Buồn Không Tên – Người Đi Ngoài Phố,Khang Lê,BOLERO_TRUTINH,MISSING,NO_VALID_IMAGE_URL,0,0,NONE,0
RMVM_S_f76b830db1,Con Nợ Cha Mẹ Một Mùa Xuân,"Vũ Tuấn Hùng, Trần Mạnh Cường",POP_BALLAD,MISSING,NO_VALID_IMAGE_URL,0,0,NONE,0
RMVM_S_9764b5cf94,Lỗi Lầm Này Anh Sẽ Gánh Vì Em,Hàn Thái Tú,POP_BALLAD,MISSING,NO_VALID_IMAGE_URL,0,0,NONE,0
RMVM_S_dcc8fb3729,Đà Lạt phố nhớ người dưng,"Trương Lê Sơn, Hoàng Lê Vi",POP_BALLAD,MISSING,NO_VALID_IMAGE_URL,0,0,NONE,0
RMVM_S_1adcfebdb3,Vắng Một Mùa Xuân,Khánh Trần Rio,POP_BALLAD,MISSING,NO_VALID_IMAGE_URL,0,0,NONE,0
RMVM_S_6fd7968bff,Em Tên Gì (Remake),"Đinh Đại Vũ, Jombie",POP_BALLAD,MISSING,NO_VALID_IMAGE_URL,0,0,NONE,0
RMVM_S_3d890c80e5,Nếu Anh Được Chọn Lại,Lý Tuấn Kiệt,POP_BALLAD,MISSING,NO_VALID_IMAGE_URL,0,0,NONE,0
RMVM_S_bff82d98e7,Chỉ Khi Mất Đi,Quang Đăng Trần,POP_BALLAD,MISSING,NO_VALID_IMAGE_URL,0,0,NONE,0
RMVM_S_2d44d2b9ee,"Nhà Tôi Quá Khó (Parody, Short Version)",Hoàng Hồng Quân,POP_BALLAD,MISSING,NO_VALID_IMAGE_URL,0,0,NONE,0
RMVM_S_b9e0ee4b0f,Chính Anh (Là Em Hay Là Ai OST),"Klaw, Lena",POP_BALLAD,MISSING,NO_VALID_IMAGE_URL,0,0,NONE,0
RMVM_S_f359c682ce,Đành Lòng Sao Anh,Diễm Trang,POP_BALLAD,MISSING,NO_VALID_IMAGE_URL,0,0,NONE,0
RMVM_S_2317adf0c9,Để Con Tim Dẫn Lối,T-Rex,POP_BALLAD,MISSING,NO_VALID_IMAGE_URL,0,0,NONE,0
RMVM_S_7efc36be17,Rap Về Monkey D Luffy,Phan Ann,RAP_HIPHOP,MISSING,NO_VALID_IMAGE_URL,0,0,NONE,0
RMVM_S_6d24201f73,Anh Ấy Sẽ Không Yêu Em Như Anh (Cover),Ali Hoàng Dương,POP_BALLAD,MISSING,NO_VALID_IMAGE_URL,0,0,NONE,0
RMVM_S_a1ae1d49ce,Buồn Em Số Kiếp Long Đong,Lâm Hoàng Phong,POP_BALLAD,MISSING,NO_VALID_IMAGE_URL,0,0,NONE,0
RMVM_S_02c4ee64d4,Anh Đi Nhé (EDM Version),Anh Quân Idol,POP_BALLAD,MISSING,NO_VALID_IMAGE_URL,0,0,NONE,0
RMVM_S_35efcf9389,Nhìn Vào Mưa (Em Gái Mưa OST),Trung Quân Idol,POP_BALLAD,MISSING,NO_VALID_IMAGE_URL,0,0,NONE,0
RMVM_S_503ffdd232,Thà Người Đừng Hứa,Như Huỳnh,BOLERO_TRUTINH,MISSING,NO_VALID_IMAGE_URL,0,0,NONE,0
RMVM_S_09a0b5c9f7,Nếu Anh Được Em Yêu Lần Nữa,"Hamlet Trương, Ưng Hoàng Phúc",POP_BALLAD,MISSING,NO_VALID_IMAGE_URL,0,0,NONE,0
RMVM_S_43c1fbe065,Anh Đứng Đây Từ Giờ Tới Mai,buitruonglinh,POP_BALLAD,MISSING,NO_VALID_IMAGE_URL,0,0,NONE,0
RMVM_S_c60abde5a8,Lạnh Bước,Lâm Hùng,POP_BALLAD,MISSING,NO_VALID_IMAGE_URL,0,0,NONE,0
RMVM_S_8e24a62f2f,Hai Nửa Thương Đau,Cao Hoàng Nghi,BOLERO_TRUTINH,MISSING,NO_VALID_IMAGE_URL,0,0,NONE,0
RMVM_S_5c7709b3e9,Miền Thùy Dương Dấu Yêu,Trung Nghĩa,BOLERO_TRUTINH,MISSING,NO_VALID_IMAGE_URL,0,0,NONE,0
RMVM_S_727aff10df,Đơn Phương Yêu Một Người,"Long.C, Ngắn",POP_BALLAD,MISSING,NO_VALID_IMAGE_URL,0,0,NONE,0
RMVM_S_84632346d8,Anh Không Thể Quay Về,"Khang Ty, Trịnh Liên",POP_BALLAD,MISSING,NO_VALID_IMAGE_URL,0,0,NONE,0
RMVM_S_2f7d4bd38c,Hội Thánh Đức Chúa Trời,Gia Huy Singer,POP_BALLAD,MISSING,NO_VALID_IMAGE_URL,0,0,NONE,0
RMVM_S_6066aee130,Còn Đêm Nay Thôi,"Thế Sơn, Mỹ Huyền",INSTRUMENTAL,MISSING,NO_VALID_IMAGE_URL,0,0,NONE,0
RMVM_S_66c77daaa1,Lao Ái Xử Trảm,Cao Tùng Anh,POP_BALLAD,MISSING,NO_VALID_IMAGE_URL,0,0,NONE,0
RMVM_S_4db6a034c9,Chờ Anh Em Nhé (Beat),"Châu Khải Phong, Thành Nam ABK",POP_BALLAD,MISSING,NO_VALID_IMAGE_URL,0,0,NONE,0
RMVM_S_c28823340d,Vai Áo Phù Sa (Orinn Remix),"Nguyễn Thành Đạt, Orinn",DANCE_EDM,MISSING,NO_VALID_IMAGE_URL,0,0,NONE,0
RMVM_S_add15eb8ae,Buồn Nơi Anh,Đinh Việt Quang,POP_BALLAD,MISSING,NO_VALID_IMAGE_URL,0,0,NONE,0
RMVM_S_b3cde4afdf,Một Câu Chuyện Buồn,Ái Phương,POP_BALLAD,MISSING,NO_VALID_IMAGE_URL,0,0,NONE,0
RMVM_S_f82b9d3904,Có Lẽ Anh Đã Đánh Mất Em,"Minh Huy, THIENVU, Nam Joyy",RB_SOUL,MISSING,NO_VALID_IMAGE_URL,0,0,NONE,0
RMVM_S_e6ef8754df,Xuân Của Công Nhân,Nhật Kim Anh,BOLERO_TRUTINH,MISSING,NO_VALID_IMAGE_URL,0,0,NONE,0
RMVM_S_f7fd7cb227,Khoảnh Khắc,Giang Hồng Ngọc,BOLERO_TRUTINH,MISSING,NO_VALID_IMAGE_URL,0,0,NONE,0
RMVM_S_aa690d6d7d,Duyên Vỡ Ép Mấy Cũng Lỡ,Yong Anh,POP_BALLAD,MISSING,NO_VALID_IMAGE_URL,0,0,NONE,0
RMVM_S_fd4152a79c,Đoạn Tình Quê,"Linh Lor, $hen, HHD",POP_BALLAD,MISSING,NO_VALID_IMAGE_URL,0,0,NONE,0
RMVM_S_548c909f05,Có Sao Cũng Đành (Remix Version),DatKaa,POP_BALLAD,MISSING,NO_VALID_IMAGE_URL,0,0,NONE,0
RMVM_S_03ee53d798,Mần Rể Miền Tây,"Gin Tuấn Kiệt, Puka",POP_BALLAD,MISSING,NO_VALID_IMAGE_URL,0,0,NONE,0
RMVM_S_50d1963a18,Còn Yêu Hãy Về Với Nhau (T-Bag Remix),"Kalee Hoàng, Thành Tar",DANCE_EDM,MISSING,NO_VALID_IMAGE_URL,0,0,NONE,0
RMVM_S_656afb6870,Hát Nữa Đi Em,Chế Thanh,BOLERO_TRUTINH,MISSING,NO_VALID_IMAGE_URL,0,0,NONE,0
RMVM_S_b6560bd0f0,Chương 2 Của Tương Lai,"WEAN, MCK, Tenkitsune",POP_BALLAD,MISSING,NO_VALID_IMAGE_URL,0,0,NONE,0
RMVM_S_4848c786e7,LK Lẻ Bóng & Ai Cho Tôi Tình Yêu,Nhiều nghệ sĩ,INSTRUMENTAL,MISSING,NO_VALID_IMAGE_URL,0,0,NONE,0
RMVM_S_d016febfb2,Cháu Vẽ Ông Mặt Trời,Mầm Chồi Lá,CHILDREN,MISSING,NO_VALID_IMAGE_URL,0,0,NONE,0
RMVM_S_f5e2b2a07a,Nếu Có Một Ngày,Duongg,POP_BALLAD,MISSING,NO_VALID_IMAGE_URL,0,0,NONE,0
RMVM_S_2e71a19143,Bến Đò Năm Xưa,Mai Tiến Đạt,POP_BALLAD,MISSING,NO_VALID_IMAGE_URL,0,0,NONE,0
RMVM_S_1846083ac7,Ngày Em Vui Cưới,Tuấn 2T,POP_BALLAD,MISSING,NO_VALID_IMAGE_URL,0,0,NONE,0
RMVM_S_5f75c63c64,Như Hòn Bi Xanh,Xuân Mai,NHAC_TRINH,MISSING,NO_VALID_IMAGE_URL,0,0,NONE,0
RMVM_S_56d988025f,Mấy Ai Bằng Anh,Keyo,POP_BALLAD,MISSING,NO_VALID_IMAGE_URL,0,0,NONE,0
RMVM_S_6362b83754,Đau Gấp Trăm Lần (Remix),Lương Gia Hùng,POP_BALLAD,MISSING,NO_VALID_IMAGE_URL,0,0,NONE,0
RMVM_S_d0f1c1dc1d,anh sẽ đến cùng cơn mưa,"Hứa Kim Tuyền, GREY D",POP_BALLAD,MISSING,NO_VALID_IMAGE_URL,0,0,NONE,0
RMVM_S_539fb26b7c,Bước Qua Đời Nhau (Cover),Nguyễn Quang Quý,POP_BALLAD,MISSING,NO_VALID_IMAGE_URL,0,0,NONE,0
RMVM_S_82cad612e8,Anh Ba Khía,Bé Dương Hoàng Anh,FOLK_TRADITIONAL,MISSING,NO_VALID_IMAGE_URL,0,0,NONE,0
RMVM_S_20072dcfe0,Đêm Nhớ Người Tình,"Vũ Hoàng, Thạch Thảo",BOLERO_TRUTINH,MISSING,NO_VALID_IMAGE_URL,0,0,NONE,0
RMVM_S_6a169bef8a,Liên Khúc Ngày Xưa Anh Nói - Bội Bạc,"Quỳnh Trang, Thiên Quang",BOLERO_TRUTINH,MISSING,NO_VALID_IMAGE_URL,0,0,NONE,0
RMVM_S_68459e29ab,Chỉ Tại Dòng Sông Đa Tình,Thanh Quý,BOLERO_TRUTINH,MISSING,NO_VALID_IMAGE_URL,0,0,NONE,0
RMVM_S_bcc72f7c25,Ăn Đi Đừng Sợ,Vicky Nhung,POP_BALLAD,MISSING,NO_VALID_IMAGE_URL,0,0,NONE,0
RMVM_S_7c7879736a,Còn Đâu Nữa,Trịnh Tuấn Vỹ,POP_BALLAD,MISSING,NO_VALID_IMAGE_URL,0,0,NONE,0
RMVM_S_445c6e6c90,Ngược Chiều,Fer,POP_BALLAD,MISSING,NO_VALID_IMAGE_URL,0,0,NONE,0
RMVM_S_177c7d5822,Không Yêu Nữa,Minh Luân,BOLERO_TRUTINH,MISSING,NO_VALID_IMAGE_URL,0,0,NONE,0
RMVM_S_2426007b08,Em Chưa Đôi Mươi,Phúc Sơn,POP_BALLAD,MISSING,NO_VALID_IMAGE_URL,0,0,NONE,0
RMVM_S_eacbdba81e,Yêu Đơn Phương (Beat),"OnlyC, Karik",POP_BALLAD,MISSING,NO_VALID_IMAGE_URL,0,0,NONE,0
RMVM_S_32fe58b3b2,Chuyện Dàn Thiên Lý,Vinh Tuấn,POP_BALLAD,MISSING,NO_VALID_IMAGE_URL,0,0,NONE,0
RMVM_S_c10d1844ec,Sau Tổn Thương,Ngô Minh,POP_BALLAD,MISSING,NO_VALID_IMAGE_URL,0,0,NONE,0
RMVM_S_f17326192b,Em Đã Có Một Ngày Thật Tệ,Hannie,POP_BALLAD,MISSING,NO_VALID_IMAGE_URL,0,0,NONE,0
RMVM_S_712a5b4250,Ngày Còn Em Bên Tôi,Cao Hoàng Nghi,BOLERO_TRUTINH,MISSING,NO_VALID_IMAGE_URL,0,0,NONE,0
RMVM_S_be1262c851,Khúc Giao Thoa Tình Duyên,Kim Linh,BOLERO_TRUTINH,MISSING,NO_VALID_IMAGE_URL,0,0,NONE,0
RMVM_S_4dab675472,Hôm Nay Em Cưới Rồi,Khải Đăng,POP_BALLAD,MISSING,NO_VALID_IMAGE_URL,0,0,NONE,0
RMVM_S_8bd351149c,Ảo Ảnh (BLUE REMIX),"ZIN MEDIA, Linh Hương Luz",DANCE_EDM,MISSING,NO_VALID_IMAGE_URL,0,0,NONE,0
RMVM_S_aa690af6ce,Đã Mất Nhau,Vũ Phương,POP_BALLAD,MISSING,NO_VALID_IMAGE_URL,0,0,NONE,0
RMVM_S_e00c3adaaf,Quay Lưng Về Nhau,Lê Bảo Bình,POP_BALLAD,MISSING,NO_VALID_IMAGE_URL,0,0,NONE,0
RMVM_S_77a386d369,Điều Quan Trọng Nhất,Đại Đức Thích Nhuận Thanh,BOLERO_TRUTINH,MISSING,NO_VALID_IMAGE_URL,0,0,NONE,0
RMVM_S_dc3b6e4d4d,Yêu Vợ Nhất (Remix),Lý Tuấn Kiệt,DANCE_EDM,MISSING,NO_VALID_IMAGE_URL,0,0,NONE,0
RMVM_S_2ecf03b3da,Sau Bao Đêm,"Cú, Ngô Hoàng Hạ",POP_BALLAD,MISSING,NO_VALID_IMAGE_URL,0,0,NONE,0
RMVM_S_6a5078988d,Làm Sao Để Quên Được Anh,TDA,POP_BALLAD,MISSING,NO_VALID_IMAGE_URL,0,0,NONE,0
RMVM_S_7fa24fbd61,ĐOẠN TÁI BÚT (LOFI VERSION),Bùi Phi Long,BOLERO_TRUTINH,MISSING,NO_VALID_IMAGE_URL,0,0,NONE,0
RMVM_S_725c5ee3b3,Anh Không Yêu Cô Gái Đó (Remix),Hồ Gia Khánh,POP_BALLAD,MISSING,NO_VALID_IMAGE_URL,0,0,NONE,0
RMVM_S_22a37fdeaa,Quên Chưa Những Dấu Yêu,Ngọc Lan,INSTRUMENTAL,MISSING,NO_VALID_IMAGE_URL,0,0,NONE,0
RMVM_S_8e856d7a81,Nát Ruột Chia Tay,Mai Tiến Đạt,POP_BALLAD,MISSING,NO_VALID_IMAGE_URL,0,0,NONE,0
RMVM_S_4fa28fcb6c,Một Người Ði,Phương Diễm Hạnh,BOLERO_TRUTINH,MISSING,NO_VALID_IMAGE_URL,0,0,NONE,0
RMVM_S_679d21b4f7,Chuyến Đi Của Thanh Xuân (Chuyến Đi Của Thanh Xuân OST),Suni Hạ Linh,POP_BALLAD,MISSING,NO_VALID_IMAGE_URL,0,0,NONE,0
RMVM_S_85836b7581,Ta Sẽ Trở Lại,Bức Tường,POP_BALLAD,MISSING,NO_VALID_IMAGE_URL,0,0,NONE,0
RMVM_S_0c4d56bbd9,Chuyện Tình Cô Ba Cao Lãnh,"Khưu Huy Vũ, Dương Hồng Loan",BOLERO_TRUTINH,MISSING,NO_VALID_IMAGE_URL,0,0,NONE,0
RMVM_S_a0d01369c3,Đoản Xuân Ca (Chu Duyên Cover) [Remix],"Chu Duyên, CT",POP_BALLAD,MISSING,NO_VALID_IMAGE_URL,0,0,NONE,0
RMVM_S_033dd792d1,Anh Chỉ Là Quá Khứ,Lê Yến Vy,POP_BALLAD,MISSING,NO_VALID_IMAGE_URL,0,0,NONE,0
RMVM_S_6d0b604ccf,Sai Không Thể Sửa,Thiên Tú,POP_BALLAD,MISSING,NO_VALID_IMAGE_URL,0,0,NONE,0
RMVM_S_c3c17ad7f2,Nắng Đi Rồi,Ary,POP_BALLAD,MISSING,NO_VALID_IMAGE_URL,0,0,NONE,0
RMVM_S_b677154589,Anh Chỉ Yêu Một Người (Remix),Lương Nhất Cường,DANCE_EDM,MISSING,NO_VALID_IMAGE_URL,0,0,NONE,0
RMVM_S_65fd92aa81,Lời Cảm Ơn Mẹ Ngọt Ngào,VMO Band,POP_BALLAD,MISSING,NO_VALID_IMAGE_URL,0,0,NONE,0
RMVM_S_ec0f24439c,Chia Tay Khi Còn Yêu,Trang Tạ,POP_BALLAD,MISSING,NO_VALID_IMAGE_URL,0,0,NONE,0
RMVM_S_b9cea0efd9,Ước Mơ Của Bạn,"Chung Thanh Duy, Hamin, Konis Williams",POP_BALLAD,MISSING,NO_VALID_IMAGE_URL,0,0,NONE,0
RMVM_S_297aa2e479,Cô Gái Ngày Xưa,Cao Thái Sơn,POP_BALLAD,MISSING,NO_VALID_IMAGE_URL,0,0,NONE,0
RMVM_S_8d65394b01,Gặp Được Nhau,"Hồ Việt Trung, Saka Trương Tuyền",POP_BALLAD,MISSING,NO_VALID_IMAGE_URL,0,0,NONE,0
RMVM_S_e17e503dcc,Người Yêu Tôi Không Biết Nấu Ăn,"Kim Trung, Gold K",POP_BALLAD,MISSING,NO_VALID_IMAGE_URL,0,0,NONE,0
RMVM_S_421d7a4cbf,Tiếng Cuốc Đêm Trăng,Diễm Thùy,BOLERO_TRUTINH,MISSING,NO_VALID_IMAGE_URL,0,0,NONE,0
RMVM_S_0a98baee68,Hoa Trinh Nữ,Bảo Hân Bolero,BOLERO_TRUTINH,MISSING,NO_VALID_IMAGE_URL,0,0,NONE,0
RMVM_S_2f67ac4ccd,Cả Một Đời Để Quên (Meme Lofi),"Đặng Tuấn Vũ, Lâm Tuấn",POP_BALLAD,MISSING,NO_VALID_IMAGE_URL,0,0,NONE,0
RMVM_S_17301bbe08,Cớ Sao Buông Bàn Tay,"Tâm Tâm, HíuV, HOA HỒNG DẠI MUSIC",POP_BALLAD,MISSING,NO_VALID_IMAGE_URL,0,0,NONE,0
RMVM_S_7050e57f01,Bài Không Tên 50,Nguyen Hong Nhung,INSTRUMENTAL,MISSING,NO_VALID_IMAGE_URL,0,0,NONE,0
RMVM_S_af79ac46cf,Bạn Ơi Hãy Cho Đi,"Phạm Hà, Tốp Ca",POP_BALLAD,MISSING,NO_VALID_IMAGE_URL,0,0,NONE,0
RMVM_S_a8c664bb31,Chỉ Cho Anh Một Lối,Duy Phước,POP_BALLAD,MISSING,NO_VALID_IMAGE_URL,0,0,NONE,0
RMVM_S_6e1e5dbb30,Chỉ Là Dối Lòng,Nguyễn Đình Long,POP_BALLAD,MISSING,NO_VALID_IMAGE_URL,0,0,NONE,0
RMVM_S_83c053baf7,Tết Này Con Sẽ Về,Dương Jun,POP_BALLAD,MISSING,NO_VALID_IMAGE_URL,0,0,NONE,0
RMVM_S_c3690ec045,Khó Quên Cuộc Tình,"Uyên Trang, Hàn Thái Tú",POP_BALLAD,MISSING,NO_VALID_IMAGE_URL,0,0,NONE,0
RMVM_S_3a2c97f5a3,Rap Về Bạch Tuyết,Phan Ann,RAP_HIPHOP,MISSING,NO_VALID_IMAGE_URL,0,0,NONE,0
RMVM_S_b140fa42d4,Bỏ Lại Thương Nhưng Vướng Thì Đau,Lý Tuấn Kiệt,POP_BALLAD,MISSING,NO_VALID_IMAGE_URL,0,0,NONE,0
RMVM_S_ee5142e392,Anh Đã Hết Cảm Giác Với Em,Luna Band,POP_BALLAD,MISSING,NO_VALID_IMAGE_URL,0,0,NONE,0
RMVM_S_cbb6936ae1,Bolero Liên Khúc Chuyện Đêm Mưa,"Khánh Tâm, Phạm Anh Tuấn",POP_BALLAD,MISSING,NO_VALID_IMAGE_URL,0,0,NONE,0
RMVM_S_209353d1a4,Nắng Chiều,"Cảnh Hàn, Cẩm Ly, Minh Tuyết",BOLERO_TRUTINH,MISSING,NO_VALID_IMAGE_URL,0,0,NONE,0
RMVM_S_5349dbfbe8,Miền Trung Nước Mắt,Phùng Ngọc Huy,FOLK_TRADITIONAL,MISSING,NO_VALID_IMAGE_URL,0,0,NONE,0
RMVM_S_9915ce296e,Chỉ Chọn Tây Kinh,Lee Phú Quý,POP_BALLAD,MISSING,NO_VALID_IMAGE_URL,0,0,NONE,0
RMVM_S_db176baf85,Mối Tình Xa Xưa,"Tấn Minh, Uyên Di",BOLERO_TRUTINH,MISSING,NO_VALID_IMAGE_URL,0,0,NONE,0
RMVM_S_aeebecadae,Bonus Track: Hôm Nay Tôi Lười (Pt.1) (Acoustic Version),CHARLES.,POP_BALLAD,MISSING,NO_VALID_IMAGE_URL,0,0,NONE,0
RMVM_S_ecd2eb77be,Em Hãy Cứ Đi Đi,Trương Hiển,POP_BALLAD,MISSING,NO_VALID_IMAGE_URL,0,0,NONE,0
RMVM_S_352ee96659,Bao Giờ Em Mới Yêu Anh,Tuấn,POP_BALLAD,MISSING,NO_VALID_IMAGE_URL,0,0,NONE,0
RMVM_S_69180db51d,Liên Khúc Mong Em Còn Ngày Mai (Remix),Hằng Ni,POP_BALLAD,MISSING,NO_VALID_IMAGE_URL,0,0,NONE,0
RMVM_S_b498e23f3d,Nụ Cười 18 20 (Remix Version 2),"BMZ, Hoa Xuân Đức",POP_BALLAD,MISSING,NO_VALID_IMAGE_URL,0,0,NONE,0
RMVM_S_2fc3f512b6,Bình Dương Dấu Yêu,Dương Hồng Loan,BOLERO_TRUTINH,MISSING,NO_VALID_IMAGE_URL,0,0,NONE,0
RMVM_S_9b86080c22,Đừng Trách Con Gái (Acoustic),DIMZ,POP_BALLAD,MISSING,NO_VALID_IMAGE_URL,0,0,NONE,0
RMVM_S_84fbc3281a,Tự Mình (Ballad Version),Thanh Duy,POP_BALLAD,MISSING,NO_VALID_IMAGE_URL,0,0,NONE,0
RMVM_S_0fac91638f,ANH MỆT RỒI (Live NPD),Anh Quân Idol,POP_BALLAD,MISSING,NO_VALID_IMAGE_URL,0,0,NONE,0
RMVM_S_155d98448c,Hạnh Phúc Trên Tay,"Thiên Kim, Thế Sơn",INSTRUMENTAL,MISSING,NO_VALID_IMAGE_URL,0,0,NONE,0
RMVM_S_a36226d2e6,Em Là Tương Lai Của Anh,Lưu Hồng Quân,POP_BALLAD,MISSING,NO_VALID_IMAGE_URL,0,0,NONE,0
RMVM_S_cca5b90422,Bước Vào Tim Tôi Hút Hồn Tôi,Thiên Tú,POP_BALLAD,MISSING,NO_VALID_IMAGE_URL,0,0,NONE,0
RMVM_S_099258aeec,Anh Chắc Phải Quên Em Rồi,Tường Quân,POP_BALLAD,MISSING,NO_VALID_IMAGE_URL,0,0,NONE,0
RMVM_S_1a9d1ddf7a,Đánh Cắp Mặt Trời,"Double2T, Cao Thanh Thảo My, Xệ Xệ",POP_BALLAD,MISSING,NO_VALID_IMAGE_URL,0,0,NONE,0
RMVM_S_87147a8270,Chuyện tình nàng trinh nữ tên Thi (The Heroes Version),Uni5,POP_BALLAD,MISSING,NO_VALID_IMAGE_URL,0,0,NONE,0
RMVM_S_6658e8f4ab,Chẳng Qua Nỗi Nhớ Vẫn Đong Đầy,Thu Thủy,POP_BALLAD,MISSING,NO_VALID_IMAGE_URL,0,0,NONE,0
RMVM_S_ab6814ddf1,Nỗi Nhớ Hóa Băng,Nam Em,POP_BALLAD,MISSING,NO_VALID_IMAGE_URL,0,0,NONE,0
RMVM_S_a01a904132,LK Phố Cũ Vắng Anh,"Phạm Thanh Duy, Kha Ly",POP_BALLAD,MISSING,NO_VALID_IMAGE_URL,0,0,NONE,0
RMVM_S_21ca97f5d8,Để Trả Lời Một Câu Hỏi,"Bảo Hân Bolero, Hoàng Anh",BOLERO_TRUTINH,MISSING,NO_VALID_IMAGE_URL,0,0,NONE,0
RMVM_S_3a05ebe175,Đời Là Thế Đó,Hoàng Vinh,POP_BALLAD,MISSING,NO_VALID_IMAGE_URL,0,0,NONE,0
RMVM_S_f2b4f16ef7,Năm Tới Con Về,"Công Danh, Trọng Vĩnh",POP_BALLAD,MISSING,NO_VALID_IMAGE_URL,0,0,NONE,0
RMVM_S_f3fa3a2c03,Lời Ru Ánh Sáng,Ngọc Mai,POP_BALLAD,MISSING,NO_VALID_IMAGE_URL,0,0,NONE,0
RMVM_S_115752ca60,Nhật Thực,Cẩm Loan,BOLERO_TRUTINH,MISSING,NO_VALID_IMAGE_URL,0,0,NONE,0
RMVM_S_8cd121154a,Anh Đã Thay Lòng,"Gia Tiến, Thanh Ngân",POP_BALLAD,MISSING,NO_VALID_IMAGE_URL,0,0,NONE,0
RMVM_S_f0b5b189ae,Chờ Mãi Phút Giây Này,Tăng Anh Tuấn,POP_BALLAD,MISSING,NO_VALID_IMAGE_URL,0,0,NONE,0
RMVM_S_dc44b41da7,Tình Nồng Phai Dấu,Lương Gia Huy,POP_BALLAD,MISSING,NO_VALID_IMAGE_URL,0,0,NONE,0
RMVM_S_61e37a2ede,Nếu Phôi Phai Ngày Mai,"Saka Trương Tuyền, Khang Lê",DANCE_EDM,MISSING,NO_VALID_IMAGE_URL,0,0,NONE,0
RMVM_S_3934cfeb95,An Giang Quê Tôi,Văn Hương,BOLERO_TRUTINH,MISSING,NO_VALID_IMAGE_URL,0,0,NONE,0
RMVM_S_e876959dab,Làm Sao Anh Quên (Beat),Nhật Tinh Anh,POP_BALLAD,MISSING,NO_VALID_IMAGE_URL,0,0,NONE,0
RMVM_S_1ce2a206ee,Em Vừa Lòng Chưa,Dee Trần,POP_BALLAD,MISSING,NO_VALID_IMAGE_URL,0,0,NONE,0
RMVM_S_e8f201ac30,Em Vẫn Chưa Về (Beat),Đình Phong,POP_BALLAD,MISSING,NO_VALID_IMAGE_URL,0,0,NONE,0
RMVM_S_e80b9a9cd6,Tương Tư Nàng Ca Sĩ,"Anh Nguyễn, Mai Tiến Đạt",POP_BALLAD,MISSING,NO_VALID_IMAGE_URL,0,0,NONE,0
RMVM_S_0c76503cce,Làm Sao Để Yêu Thương Quay Về,Đoàn Tuấn,POP_BALLAD,MISSING,NO_VALID_IMAGE_URL,0,0,NONE,0
RMVM_S_e489ba6577,Cả Đời Này Anh Thua Em,Khánh Đơn,POP_BALLAD,MISSING,NO_VALID_IMAGE_URL,0,0,NONE,0
RMVM_S_837c32233d,Em Quá Đáng Lắm Luôn Á,Phong Supin,POP_BALLAD,MISSING,NO_VALID_IMAGE_URL,0,0,NONE,0
RMVM_S_901cf827a8,Đừng Quên Tôi Nhé,Mạnh Hakyno,POP_BALLAD,MISSING,NO_VALID_IMAGE_URL,0,0,NONE,0
RMVM_S_4c7b418c6d,Chẳng Còn Là Chúng Ta (Mến Gái Miền Tây OST),Võ Đăng Khoa,POP_BALLAD,MISSING,NO_VALID_IMAGE_URL,0,0,NONE,0
RMVM_S_8e32a9ac95,Đau lòng,"Machiot, 52Hz",RAP_HIPHOP,MISSING,NO_VALID_IMAGE_URL,0,0,NONE,0
RMVM_S_c15e65d792,Ai Rồi Cũng Sẽ Khác,Quang Hà,POP_BALLAD,MISSING,NO_VALID_IMAGE_URL,0,0,NONE,0
RMVM_S_2e2ea5a361,Đêm Giã Từ,Thu Phương,BOLERO_TRUTINH,MISSING,NO_VALID_IMAGE_URL,0,0,NONE,0
RMVM_S_96e2d80f52,Không Còn Chung Hướng,"Phạm Sắc Lệnh, LQ",POP_BALLAD,MISSING,NO_VALID_IMAGE_URL,0,0,NONE,0
RMVM_S_6a22a76aab,Còn gì kiếp sau,Đông Đông,POP_BALLAD,MISSING,NO_VALID_IMAGE_URL,0,0,NONE,0
RMVM_S_eba8cc8c03,AI KHÓC CHO EM ?,"Poll, MinT",RAP_HIPHOP,MISSING,NO_VALID_IMAGE_URL,0,0,NONE,0
RMVM_S_8f1cedddaa,Anh Béo Thì Sao Nào?,"Võ Ê Vo, Như Hexi",POP_BALLAD,MISSING,NO_VALID_IMAGE_URL,0,0,NONE,0
RMVM_S_6598fa210b,Anh Không Tin,Kha Ken,POP_BALLAD,MISSING,NO_VALID_IMAGE_URL,0,0,NONE,0
RMVM_S_b248a0e8f7,Anh Đã Nhận Ra,Võ Hoài Phúc,BOLERO_TRUTINH,MISSING,NO_VALID_IMAGE_URL,0,0,NONE,0
RMVM_S_4ed15a3855,Có Những Phai Tàn,Lân Nhã,POP_BALLAD,MISSING,NO_VALID_IMAGE_URL,0,0,NONE,0
RMVM_S_df4490d904,Chỉ Cần Có Phật,Lee Phú Quý,POP_BALLAD,MISSING,NO_VALID_IMAGE_URL,0,0,NONE,0
RMVM_S_2a5438862a,Chỉ Trừ Em Ra,Chic Quỳnh,POP_BALLAD,MISSING,NO_VALID_IMAGE_URL,0,0,NONE,0
RMVM_S_eda75848d9,Cảm Ơn Một Niềm Đau,Mỹ Hạnh,POP_BALLAD,MISSING,NO_VALID_IMAGE_URL,0,0,NONE,0
RMVM_S_f14a48784e,Gửi Chúng Ta Năm Nào,Cao Minh,POP_BALLAD,MISSING,NO_VALID_IMAGE_URL,0,0,NONE,0
RMVM_S_dcd938c77f,Một Ngàn Lý Do Đau Lòng,Ngô Minh,POP_BALLAD,MISSING,NO_VALID_IMAGE_URL,0,0,NONE,0
RMVM_S_56363e6446,Hạ Còn Vương Nắng,"DatKaa, Kido",POP_BALLAD,MISSING,NO_VALID_IMAGE_URL,0,0,NONE,0
RMVM_S_38a10e6790,Người Yêu Đi Lấy Chồng,Bùi Vĩnh Phúc,POP_BALLAD,MISSING,NO_VALID_IMAGE_URL,0,0,NONE,0
RMVM_S_5451f9c80b,Anh Chẳng Thể Yêu Em,Hà,POP_BALLAD,MISSING,NO_VALID_IMAGE_URL,0,0,NONE,0
RMVM_S_26146029e2,Cảm Xúc Mong Manh,BILLY100,RAP_HIPHOP,MISSING,NO_VALID_IMAGE_URL,0,0,NONE,0
RMVM_S_45bef51741,Khí Phách Nam Nhi (Thái Bình Thiên Quốc OST),Châu Gia Chuyển,POP_BALLAD,MISSING,NO_VALID_IMAGE_URL,0,0,NONE,0
RMVM_S_3218e8bd2b,Đón Xuân Rộn Ràng,Trần Văn Nhật,DANCE_EDM,MISSING,NO_VALID_IMAGE_URL,0,0,NONE,0
RMVM_S_bcb9b104ba,Anh Em Một Lòng Có Nhau (Remix),"Dương Minh Kiệt, Trịnh Tuấn Vỹ",POP_BALLAD,MISSING,NO_VALID_IMAGE_URL,0,0,NONE,0
RMVM_S_baa8f9c128,Bài Nhạc Tình Khó Viết,Đăng Nguyên,POP_BALLAD,MISSING,NO_VALID_IMAGE_URL,0,0,NONE,0
RMVM_S_3c28af64dc,Hạnh Phúc Vì Có Em,"Anh Đô, Cao Thành Đạt",POP_BALLAD,MISSING,NO_VALID_IMAGE_URL,0,0,NONE,0
RMVM_S_b01bc1bb54,Gặp Em Lúc Tan Vỡ,Trung Quân,POP_BALLAD,MISSING,NO_VALID_IMAGE_URL,0,0,NONE,0
RMVM_S_a514c4aede,Thời Gian Nơi Xa,Hương Lan,BOLERO_TRUTINH,MISSING,NO_VALID_IMAGE_URL,0,0,NONE,0
RMVM_S_704bcecde0,Người Giỏi Chăn Nuôi,Vân Khánh,FOLK_TRADITIONAL,MISSING,NO_VALID_IMAGE_URL,0,0,NONE,0
RMVM_S_1bdd81354c,Anh Không Cần (Beat),Hoàng Gia Huy,POP_BALLAD,MISSING,NO_VALID_IMAGE_URL,0,0,NONE,0
RMVM_S_076ebb6b28,Lời Hứa Cũ,RHY,POP_BALLAD,MISSING,NO_VALID_IMAGE_URL,0,0,NONE,0
RMVM_S_ce4ee9f5bb,Bài Ca Tạm Biệt,Quốc Định,BOLERO_TRUTINH,MISSING,NO_VALID_IMAGE_URL,0,0,NONE,0
RMVM_S_8c134df6d1,Khi Em Thấy Cô Đơn,Đăng Khôi,POP_BALLAD,MISSING,NO_VALID_IMAGE_URL,0,0,NONE,0
RMVM_S_d5d2bad0db,Tình Yêu Như Thế Đó,Bảo Hân,INSTRUMENTAL,MISSING,NO_VALID_IMAGE_URL,0,0,NONE,0
RMVM_S_07f15ca9ad,Một Đời Là Anh Em (Beat),Khánh Trần Rio,POP_BALLAD,MISSING,NO_VALID_IMAGE_URL,0,0,NONE,0
RMVM_S_3cd2f7c37b,Huyền Diệu,Thu Hiền,FOLK_TRADITIONAL,MISSING,NO_VALID_IMAGE_URL,0,0,NONE,0
RMVM_S_42e6607118,Xin Hãy Yêu Anh,Đăng Khôi,POP_BALLAD,MISSING,NO_VALID_IMAGE_URL,0,0,NONE,0
RMVM_S_7968946ed3,Lời Ru Ngày Xưa,Quang Linh,BOLERO_TRUTINH,MISSING,NO_VALID_IMAGE_URL,0,0,NONE,0
RMVM_S_fe1020a0e6,Bạn Thân (Beat),V.Music New,POP_BALLAD,MISSING,NO_VALID_IMAGE_URL,0,0,NONE,0
RMVM_S_366d68edc2,Bạn Thân Ơi,"Wxrdie, Droppy",BOLERO_TRUTINH,MISSING,NO_VALID_IMAGE_URL,0,0,NONE,0
RMVM_S_843f848a23,Trái Tim Dịu Dàng,Hồ Lệ Thu,BOLERO_TRUTINH,MISSING,NO_VALID_IMAGE_URL,0,0,NONE,0
RMVM_S_5c00715d72,Duyên Kiếp Và Cỏ Úa,Đinh Trường,POP_BALLAD,MISSING,NO_VALID_IMAGE_URL,0,0,NONE,0
RMVM_S_5848cc0740,Kẻ Đa Tình,Hoàng Minh Thắng,BOLERO_TRUTINH,MISSING,NO_VALID_IMAGE_URL,0,0,NONE,0
RMVM_S_0e23d972cf,Dối Gian Tình Đầu,Quốc Thái,POP_BALLAD,MISSING,NO_VALID_IMAGE_URL,0,0,NONE,0
RMVM_S_7aeb37ea06,Cô Gái Xứ Dừa,Thu Hiền,FOLK_TRADITIONAL,MISSING,NO_VALID_IMAGE_URL,0,0,NONE,0
RMVM_S_30340b5d2d,Đẹp Nhất Là Em (Korean Version),"SOOBIN, Jiyeon",POP_BALLAD,MISSING,NO_VALID_IMAGE_URL,0,0,NONE,0
RMVM_S_a4a46010fa,Bài Hát Ru Anh,Thiên Kim,INSTRUMENTAL,MISSING,NO_VALID_IMAGE_URL,0,0,NONE,0
RMVM_S_25b877295e,Tặng Em Một Khúc Quân Hành,Duy Linh,BOLERO_TRUTINH,MISSING,NO_VALID_IMAGE_URL,0,0,NONE,0
RMVM_S_c18fc158ab,Gặp Huế Đêm Trăng,Thu Hiền,FOLK_TRADITIONAL,MISSING,NO_VALID_IMAGE_URL,0,0,NONE,0
RMVM_S_2408fbba58,Thơ Ngây,Ái Vân,INSTRUMENTAL,MISSING,NO_VALID_IMAGE_URL,0,0,NONE,0
RMVM_S_a11dcce8f6,Ngắm Cánh Hoa Rơi,Kim Linh,BOLERO_TRUTINH,MISSING,NO_VALID_IMAGE_URL,0,0,NONE,0
RMVM_S_7f684887ec,Nhớ Về Cuộc Tình,Xuân Phú,BOLERO_TRUTINH,MISSING,NO_VALID_IMAGE_URL,0,0,NONE,0
RMVM_S_2443e43fd1,À! Anh Nhớ Em!,Bắc San Ho,POP_BALLAD,MISSING,NO_VALID_IMAGE_URL,0,0,NONE,0
RMVM_S_8198e74d28,"Hỡi Người, Hỡi Tình","Kỳ Phương Uyên, Lương Tùng Quang",INSTRUMENTAL,MISSING,NO_VALID_IMAGE_URL,0,0,NONE,0
RMVM_S_4133251136,Dịu Dàng Hương Tóc Em,"Bằng Cường, Ngô Mai Trang",POP_BALLAD,MISSING,NO_VALID_IMAGE_URL,0,0,NONE,0
RMVM_S_a8a02510a1,Cố Tìm Quên,Kevie Quỳnh,POP_BALLAD,MISSING,NO_VALID_IMAGE_URL,0,0,NONE,0
RMVM_S_cc23319e1d,Hoang Vắng,Ái Vân,INSTRUMENTAL,MISSING,NO_VALID_IMAGE_URL,0,0,NONE,0
RMVM_S_0d8131798c,Nếu Anh Hỏi,Bảo Nguyên,BOLERO_TRUTINH,MISSING,NO_VALID_IMAGE_URL,0,0,NONE,0
RMVM_S_7bdb1e9b0d,Sự Tích Cọp Lông Vằn,Bé Hiển Thông,CHILDREN,MISSING,NO_VALID_IMAGE_URL,0,0,NONE,0
RMVM_S_7d76b18de3,Giọt Đàn Thạch Sanh,MTV,POP_BALLAD,MISSING,NO_VALID_IMAGE_URL,0,0,NONE,0
RMVM_S_8a146bcad9,Bài Ca Hy Vọng,Dòng Thời Gian,REVOLUTIONARY,MISSING,NO_VALID_IMAGE_URL,0,0,NONE,0
RMVM_S_e7ced8a4c5,Cám Ơn Ba Mẹ,Bé Bào Ngư,CHILDREN,MISSING,NO_VALID_IMAGE_URL,0,0,NONE,0
RMVM_S_aa765e8035,Chết Trong Vòng Tay Em,Don Hồ,INSTRUMENTAL,MISSING,NO_VALID_IMAGE_URL,0,0,NONE,0
RMVM_S_3e6b0aa2c3,Mẹ Ơi Con Yêu Mẹ,Bé Bào Ngư,CHILDREN,MISSING,NO_VALID_IMAGE_URL,0,0,NONE,0
RMVM_S_c0cdd75c2d,Vì Sao Cha Ơi,"Luw D, Khả Như",POP_BALLAD,MISSING,NO_VALID_IMAGE_URL,0,0,NONE,0
RMVM_S_6a1ba06f97,A Man Without Love (Lời Của Kẻ Không Tình Yêu),Henry Chúc,POP_BALLAD,MISSING,NO_VALID_IMAGE_URL,0,0,NONE,0
RMVM_S_4b779d32b5,Như Giọt Mưa Rơi,Phương Thanh,POP_BALLAD,MISSING,NO_VALID_IMAGE_URL,0,0,NONE,0
RMVM_S_344db0a068,Mưa Học Trò,Bích Tuyền,BOLERO_TRUTINH,MISSING,NO_VALID_IMAGE_URL,0,0,NONE,0
RMVM_S_654f9562aa,Bức Thư Anh Chưa Gửi,"The Men, Quốc Cường",POP_BALLAD,MISSING,NO_VALID_IMAGE_URL,0,0,NONE,0
RMVM_S_a72977a4a2,Dáng Xưa,Hoàng Chiến,BOLERO_TRUTINH,MISSING,NO_VALID_IMAGE_URL,0,0,NONE,0
RMVM_S_dcaf0e5c88,Phút Giây Nồng Say,Vân Quang Long,POP_BALLAD,MISSING,NO_VALID_IMAGE_URL,0,0,NONE,0
RMVM_S_e1745704dd,"Liên Khúc Trống Vắng,Tình Cờ,Một Thời Đã Xa",Phương Thanh,BOLERO_TRUTINH,MISSING,NO_VALID_IMAGE_URL,0,0,NONE,0
RMVM_S_b04c16461a,Anh Chải Tóc Cho Em,Triệu Lộc,BOLERO_TRUTINH,MISSING,NO_VALID_IMAGE_URL,0,0,NONE,0
RMVM_S_60599ba98a,1001 Lý Do,Thành Đạt,POP_BALLAD,MISSING,NO_VALID_IMAGE_URL,0,0,NONE,0
RMVM_S_72f8134bbb,Đỡ Buồn Chiều Mưa,Mai Tiến Đạt,POP_BALLAD,MISSING,NO_VALID_IMAGE_URL,0,0,NONE,0
RMVM_S_436ef7ad22,Nắng Lụa Vàng,Phương Thùy (Nhóm Phù Sa),BOLERO_TRUTINH,MISSING,NO_VALID_IMAGE_URL,0,0,NONE,0
RMVM_S_e6e381cc46,Cảm Thông Để Không Hối Tiếc,Trường Kha,POP_BALLAD,MISSING,NO_VALID_IMAGE_URL,0,0,NONE,0
RMVM_S_98be82fcd4,Chiều Quê Kỷ Niệm,Bích Tuyền,BOLERO_TRUTINH,MISSING,NO_VALID_IMAGE_URL,0,0,NONE,0
RMVM_S_44a71aac7c,Nếu Anh Không Phiền,"Kaity Nguyễn, SoHo",POP_BALLAD,MISSING,NO_VALID_IMAGE_URL,0,0,NONE,0
RMVM_S_3f8d832a9a,Mây Tình Yêu,Gia Huy,POP_BALLAD,MISSING,NO_VALID_IMAGE_URL,0,0,NONE,0
RMVM_S_745b334b6d,Giai Điệu Dành Cho Em,Thiệu Tân,POP_BALLAD,MISSING,NO_VALID_IMAGE_URL,0,0,NONE,0
RMVM_S_807516e3d3,Dù Người Đã Xa,Uyên Trang,POP_BALLAD,MISSING,NO_VALID_IMAGE_URL,0,0,NONE,0
RMVM_S_7a4d15a4fc,LK Hoa Cỏ Mùa Xuân,Nhất Vũ,POP_BALLAD,MISSING,NO_VALID_IMAGE_URL,0,0,NONE,0
RMVM_S_cbd719a6ad,Nhớ Mùa Thu Hà Nội,Trịnh Vĩnh Trinh,NHAC_TRINH,MISSING,NO_VALID_IMAGE_URL,0,0,NONE,0
RMVM_S_6b5e0b16c9,Chỉ Mua Bằng Tiền,Vương Nam Phong,POP_BALLAD,MISSING,NO_VALID_IMAGE_URL,0,0,NONE,0
RMVM_S_65836e37bc,Lá Thư Người Tình,Thiên Kim,INSTRUMENTAL,MISSING,NO_VALID_IMAGE_URL,0,0,NONE,0
RMVM_S_f6db4b2a54,Yêu Anh Dịu Dàng,Như Loan,INSTRUMENTAL,MISSING,NO_VALID_IMAGE_URL,0,0,NONE,0
RMVM_S_6ecf3ff671,Cứ Mặc Anh Đau (Beat),Lâm Triệu Vỹ,POP_BALLAD,MISSING,NO_VALID_IMAGE_URL,0,0,NONE,0
RMVM_S_383f5d7442,Liên Khúc Đêm Buồn Phố Thị,Hoàng Tú Minh,BOLERO_TRUTINH,MISSING,NO_VALID_IMAGE_URL,0,0,NONE,0
RMVM_S_7a7e099ab7,Con Nào Thấu Hiểu,Thành Big,POP_BALLAD,MISSING,NO_VALID_IMAGE_URL,0,0,NONE,0
RMVM_S_295e56378f,Trường Vinh Xuân Thân Yêu,Quang Thành,POP_BALLAD,MISSING,NO_VALID_IMAGE_URL,0,0,NONE,0
RMVM_S_15f638c594,Chiều Thu Hẹn Ước,Bùi Tuyết Mai,BOLERO_TRUTINH,MISSING,NO_VALID_IMAGE_URL,0,0,NONE,0
RMVM_S_da88a2d235,Chiều Nghe Biển Hát,Ngọc Huệ,INSTRUMENTAL,MISSING,NO_VALID_IMAGE_URL,0,0,NONE,0
RMVM_S_83d105d1fc,Em Mong Chờ Anh,Mắt Ngọc,POP_BALLAD,MISSING,NO_VALID_IMAGE_URL,0,0,NONE,0
RMVM_S_9b89c61cd5,Công Chúa Ngủ Trong Rừng,Trương Quỳnh Anh,POP_BALLAD,MISSING,NO_VALID_IMAGE_URL,0,0,NONE,0
RMVM_S_aafbf98cea,Búp Bê Đẹp Xinh,Thanh Thảo,POP_BALLAD,MISSING,NO_VALID_IMAGE_URL,0,0,NONE,0
RMVM_S_c44ca1da46,Đôi Mắt Ấy,Đàm Vĩnh Hưng,POP_BALLAD,MISSING,NO_VALID_IMAGE_URL,0,0,NONE,0
RMVM_S_5e138acfd6,Ngày Thơ Ấu Đã Xa,Minh Thuận,POP_BALLAD,MISSING,NO_VALID_IMAGE_URL,0,0,NONE,0
RMVM_S_be9860ff21,Trái Tim Tan Nát,Thu Phương,POP_BALLAD,MISSING,NO_VALID_IMAGE_URL,0,0,NONE,0
RMVM_S_a1330e32c9,Gió Vẫn Hát,"Balin, SOUND HIT",POP_BALLAD,MISSING,NO_VALID_IMAGE_URL,0,0,NONE,0
RMVM_S_cce6d3ffac,Bên Nhau Để Ta Bớt Đau,Trường Kha,POP_BALLAD,MISSING,NO_VALID_IMAGE_URL,0,0,NONE,0
RMVM_S_c420bc3089,Anh Vẫn Tìm Em,Nguyễn Bảo Linh,POP_BALLAD,MISSING,NO_VALID_IMAGE_URL,0,0,NONE,0
RMVM_S_1c8489c826,Níu Kéo Hay Buông Tay (Beat),Luna Band,POP_BALLAD,MISSING,NO_VALID_IMAGE_URL,0,0,NONE,0
RMVM_S_fd252fbd0d,Đàn Tôi Yêu Một Tiếng Ca,Mai Thiên Vân,INSTRUMENTAL,MISSING,NO_VALID_IMAGE_URL,0,0,NONE,0
RMVM_S_bd673875ec,Khoảng Cách Anh Và Em,Đoàn Tuấn,POP_BALLAD,MISSING,NO_VALID_IMAGE_URL,0,0,NONE,0
RMVM_S_ae039d072b,Mashup Buồn Thất Tình,Nhiều nghệ sĩ,POP_BALLAD,MISSING,NO_VALID_IMAGE_URL,0,0,NONE,0
RMVM_S_9cb195a596,KHÔNG CÒN EM (ft. Wxrdie & hoangnhi.),"LOPE PHAM, Wxrdie, hoangnhi.",POP_BALLAD,MISSING,NO_VALID_IMAGE_URL,0,0,NONE,0
RMVM_S_643a979376,Ta Còn Thuộc Về Nhau (Cover),Hoàng Linh Anh,POP_BALLAD,MISSING,NO_VALID_IMAGE_URL,0,0,NONE,0
RMVM_S_6e9cb54f60,Bản Tình Ca Cho Giai Nhân,Quang Dũng,BOLERO_TRUTINH,MISSING,NO_VALID_IMAGE_URL,0,0,NONE,0
RMVM_S_711eae165e,Đừng Buồn Cho Nhau Nhé Em,Nguyễn Hoàng Nam,POP_BALLAD,MISSING,NO_VALID_IMAGE_URL,0,0,NONE,0
RMVM_S_f8400d8633,Mơ Về Một Đêm Giáng Sinh,Don Hồ,INSTRUMENTAL,MISSING,NO_VALID_IMAGE_URL,0,0,NONE,0
RMVM_S_929418dcbc,Mẹ Của Tôi,Bích Tuyền,BOLERO_TRUTINH,MISSING,NO_VALID_IMAGE_URL,0,0,NONE,0
RMVM_S_cf84dea653,Ân Tinh Mong Manh,Nguyễn Hưng,POP_BALLAD,MISSING,NO_VALID_IMAGE_URL,0,0,NONE,0
RMVM_S_fb9393e8b7,Mưa Ngâu,Ái Vân,INSTRUMENTAL,MISSING,NO_VALID_IMAGE_URL,0,0,NONE,0
RMVM_S_6e212d49c7,Nhật Ký Sau Cùng,Mỹ Anh,BOLERO_TRUTINH,MISSING,NO_VALID_IMAGE_URL,0,0,NONE,0
RMVM_S_62135ddbab,Bọt Nước,Nguyên Vũ,BOLERO_TRUTINH,MISSING,NO_VALID_IMAGE_URL,0,0,NONE,0
RMVM_S_c4f066696c,Anh Vẫn Buồn Như Xưa,Thế Sơn,INSTRUMENTAL,MISSING,NO_VALID_IMAGE_URL,0,0,NONE,0
RMVM_S_44eb3b0ccb,Ánh mắt vô tình,Tống Gia Vỹ,POP_BALLAD,MISSING,NO_VALID_IMAGE_URL,0,0,NONE,0
RMVM_S_925df2332d,Bến Đợi Đò Sang,Kim Linh,BOLERO_TRUTINH,MISSING,NO_VALID_IMAGE_URL,0,0,NONE,0
RMVM_S_e1a49b2b87,Gửi Đôi Mắt Nai,Lam Trường,POP_BALLAD,MISSING,NO_VALID_IMAGE_URL,0,0,NONE,0
RMVM_S_ad50173ebb,Hết Rồi,Chí Thành Danh,POP_BALLAD,MISSING,NO_VALID_IMAGE_URL,0,0,NONE,0
RMVM_S_03c2f4b201,Tết Nghèo Mà Dzui,Tô Gia Tuấn,POP_BALLAD,MISSING,NO_VALID_IMAGE_URL,0,0,NONE,0
RMVM_S_fea21aa089,Đêm Vô Cùng,Trần Thu Hà,BOLERO_TRUTINH,MISSING,NO_VALID_IMAGE_URL,0,0,NONE,0
RMVM_S_ad31a8c7f1,Một Lần Cho Tôi Ghé Về Thăm,Quang Linh,BOLERO_TRUTINH,MISSING,NO_VALID_IMAGE_URL,0,0,NONE,0
RMVM_S_35c08d0c5d,Ai Đã Từng,Hồng Dương,POP_BALLAD,MISSING,NO_VALID_IMAGE_URL,0,0,NONE,0
RMVM_S_5deef61948,Đêm Nay Anh Thấy Cô Đơn,Hồ Quang Hiếu,POP_BALLAD,MISSING,NO_VALID_IMAGE_URL,0,0,NONE,0
RMVM_S_d6ef5be53b,Em yêu Mùa hè quê em,Bé Quỳnh My,CHILDREN,MISSING,NO_VALID_IMAGE_URL,0,0,NONE,0
RMVM_S_51c68d5524,Khi Ta Đôi Mươi,"Phi Thúy Hạnh, Quang Minh",BOLERO_TRUTINH,MISSING,NO_VALID_IMAGE_URL,0,0,NONE,0
RMVM_S_fdc2f0a609,Anh Đi Qua Để Lại,Lưu Bích,INSTRUMENTAL,MISSING,NO_VALID_IMAGE_URL,0,0,NONE,0
RMVM_S_49ea0d4f4d,Con Kênh Xanh Xanh,Thu Minh,BOLERO_TRUTINH,MISSING,NO_VALID_IMAGE_URL,0,0,NONE,0
RMVM_S_52dd9d5d38,Đi Ngược Con Đường,Thu Thủy,POP_BALLAD,MISSING,NO_VALID_IMAGE_URL,0,0,NONE,0
RMVM_S_9cfad601b0,Cuộc Tình Đơn Côi,Cẩm Ly,BOLERO_TRUTINH,MISSING,NO_VALID_IMAGE_URL,0,0,NONE,0
RMVM_S_33ef8bd702,Có Thể Em Không Biết,Trịnh Đình Quang,POP_BALLAD,MISSING,NO_VALID_IMAGE_URL,0,0,NONE,0
RMVM_S_4adec5e2cf,Anh Yêu Ah...,Tuyết Mai,POP_BALLAD,MISSING,NO_VALID_IMAGE_URL,0,0,NONE,0
RMVM_S_aa3f8bb087,Bài Không Tên Cuối Cùng - Bài Không Tên Cuối Cùng Tiếp Nối,Phương Phương Thảo,POP_BALLAD,MISSING,NO_VALID_IMAGE_URL,0,0,NONE,0
RMVM_S_d15fd005ed,Anh Sẽ Yêu Em Đến Khi Nào (BLUE REMIX),ZIN MEDIA,DANCE_EDM,MISSING,NO_VALID_IMAGE_URL,0,0,NONE,0
RMVM_S_16017e72e6,Sáng Chủ Nhật Dịu Dàng,Hà Minh Nguyệt,POP_BALLAD,MISSING,NO_VALID_IMAGE_URL,0,0,NONE,0
RMVM_S_d5446b3eb0,Tình Yêu Trọn Vẹn,Hoàng Kim,POP_BALLAD,MISSING,NO_VALID_IMAGE_URL,0,0,NONE,0
RMVM_S_4304c4fc9f,Đêm Tạ Tình,Như Loan,INSTRUMENTAL,MISSING,NO_VALID_IMAGE_URL,0,0,NONE,0
RMVM_S_9de7f972b7,Đôi Mươi Em Theo Chồng (Lofi Version),"Hồ Duy Khang, Toony",POP_BALLAD,MISSING,NO_VALID_IMAGE_URL,0,0,NONE,0
RMVM_S_29211f372f,Sao Nỡ Đành Quên,Lý Hải,BOLERO_TRUTINH,MISSING,NO_VALID_IMAGE_URL,0,0,NONE,0
RMVM_S_d3522296a3,Để Mãi Bên Nhau,Bằng Kiều,INSTRUMENTAL,MISSING,NO_VALID_IMAGE_URL,0,0,NONE,0
RMVM_S_caa7037c99,Em Không Tin (DJ HS Remix),"Miu Lê, Clownd Hoàng",POP_BALLAD,MISSING,NO_VALID_IMAGE_URL,0,0,NONE,0
RMVM_S_ce0952807b,Em Dám Yêu Không?,Nguyễn Đạt,POP_BALLAD,MISSING,NO_VALID_IMAGE_URL,0,0,NONE,0
RMVM_S_271a5f8466,Ký Ức Còn Mang,Hồ Trung Dũng,BOLERO_TRUTINH,MISSING,NO_VALID_IMAGE_URL,0,0,NONE,0
RMVM_S_c29ade7bef,LK Những Chuyện Tình Mong Manh - Tình Trong Mưa - Chuyện Buồn Tình Yêu - Đồi Thông Hai Mộ,"Hương Lan, Thế Sơn",BOLERO_TRUTINH,MISSING,NO_VALID_IMAGE_URL,0,0,NONE,0
RMVM_S_55025b9e34,Chuyện Người Ngậm Ngãi Tìm Trầm,Thu Cúc,BOLERO_TRUTINH,MISSING,NO_VALID_IMAGE_URL,0,0,NONE,0
RMVM_S_ee765a1838,Một Bóng,Bùi Tuyết Mai,BOLERO_TRUTINH,MISSING,NO_VALID_IMAGE_URL,0,0,NONE,0
RMVM_S_4c9e27853c,Đừng Lừa Dối Nhau,Ý Lan,POP_BALLAD,MISSING,NO_VALID_IMAGE_URL,0,0,NONE,0
RMVM_S_aecccb9933,Chết Trong Em,Thịnh Suy,POP_BALLAD,MISSING,NO_VALID_IMAGE_URL,0,0,NONE,0
RMVM_S_8482d17f76,Đất Biển Quê Em,Đình Phước,BOLERO_TRUTINH,MISSING,NO_VALID_IMAGE_URL,0,0,NONE,0
RMVM_S_e837d54495,Niền Tin Cho Cát Bụi,Bức Tường,ROCK,MISSING,NO_VALID_IMAGE_URL,0,0,NONE,0
RMVM_S_1bca33d105,Liên Khúc Xuân Yêu Thương,Saka Trương Tuyền,POP_BALLAD,MISSING,NO_VALID_IMAGE_URL,0,0,NONE,0
RMVM_S_8b63cc5544,Anh Thích Lúc Em Cười,Như Loan,INSTRUMENTAL,MISSING,NO_VALID_IMAGE_URL,0,0,NONE,0
RMVM_S_4796ae5e8c,Kiếp Nào Có Yêu Nhau,Bích Vân,BOLERO_TRUTINH,MISSING,NO_VALID_IMAGE_URL,0,0,NONE,0
RMVM_S_df21844801,Ru Em Tiếng Sóng Biển,Thiên Kim,INSTRUMENTAL,MISSING,NO_VALID_IMAGE_URL,0,0,NONE,0
RMVM_S_f56856a315,Cơn Mưa Vội Quên,"TBEAR, P.O.N",POP_BALLAD,MISSING,NO_VALID_IMAGE_URL,0,0,NONE,0
RMVM_S_16e30c854d,Xin Người Lãng Quên Dùm Tôi,Nguyên Vũ,POP_BALLAD,MISSING,NO_VALID_IMAGE_URL,0,0,NONE,0
RMVM_S_7b59e7140b,Điều Anh Chưa Nói,Hoàng Tuấn Kiệt,POP_BALLAD,MISSING,NO_VALID_IMAGE_URL,0,0,NONE,0
RMVM_S_db63ab6b49,Em Bỏ Sau Lưng,Đan Trường,BOLERO_TRUTINH,MISSING,NO_VALID_IMAGE_URL,0,0,NONE,0
RMVM_S_7208a4a4d6,Bé Bình Khóc Nhè,Phan Đinh Tùng,POP_BALLAD,MISSING,NO_VALID_IMAGE_URL,0,0,NONE,0
RMVM_S_a7da74f279,Tình Yêu Tôi Ở Nơi Đây,"Quang Thọ, Tuyết Thanh, Thúy Lan",REVOLUTIONARY,MISSING,NO_VALID_IMAGE_URL,0,0,NONE,0
RMVM_S_d3a5583bf3,Ánh Đèn Màu,Bông Mai,BOLERO_TRUTINH,MISSING,NO_VALID_IMAGE_URL,0,0,NONE,0
RMVM_S_e982541147,Đô Thị (The Remix 2017),"MiA, Tronie Ngô, Addy Trần",POP_BALLAD,MISSING,NO_VALID_IMAGE_URL,0,0,NONE,0
RMVM_S_fe22077c0d,Dại Khờ,"Bảo Ngọc, Thế Sơn",INSTRUMENTAL,MISSING,NO_VALID_IMAGE_URL,0,0,NONE,0
RMVM_S_689aa09db3,Cuộc tình vắng anh,Hoàng Lê Vi,POP_BALLAD,MISSING,NO_VALID_IMAGE_URL,0,0,NONE,0
RMVM_S_f09f2bde1a,Cuộc Đời Éo Le (remix),"Don Hồ, Quốc Hùng",INSTRUMENTAL,MISSING,NO_VALID_IMAGE_URL,0,0,NONE,0
RMVM_S_74f650c51b,Bài Ca Trường Sơn,Quang Thọ,REVOLUTIONARY,MISSING,NO_VALID_IMAGE_URL,0,0,NONE,0
RMVM_S_0b11452de2,Ai Cho Tôi Lương Thiện,"Trang Pháp, Thu Phương, Ninh Dương Lan Ngọc",POP_BALLAD,MISSING,NO_VALID_IMAGE_URL,0,0,NONE,0
RMVM_S_0644a25cc3,Cảm Giác Khi Bên Em,Nhật Tinh Anh,POP_BALLAD,MISSING,NO_VALID_IMAGE_URL,0,0,NONE,0
RMVM_S_0f2b5d4dd6,Yêu Người Phụ Tôi,Tâm Đoan,INSTRUMENTAL,MISSING,NO_VALID_IMAGE_URL,0,0,NONE,0
RMVM_S_9e22b16976,De Me Bo Mi Cua Em,DANNY COLD,POP_BALLAD,MISSING,NO_VALID_IMAGE_URL,0,0,NONE,0
RMVM_S_7c3af1fa25,Bên Anh Lần Cuối (One More Night),Vĩnh Thuyên Kim,POP_BALLAD,MISSING,NO_VALID_IMAGE_URL,0,0,NONE,0
RMVM_S_2c9133414a,Chẳng còn gì mong nữa,"Zinno, Vimistic",POP_BALLAD,MISSING,NO_VALID_IMAGE_URL,0,0,NONE,0
RMVM_S_d2b8b73592,Chung Nhà Chung Hạnh Phúc,"Nguyễn Tuấn, Phạm Sắc Lệnh",POP_BALLAD,MISSING,NO_VALID_IMAGE_URL,0,0,NONE,0
RMVM_S_0a6c72a368,Dẫu Có Lỗi Lầm,Nhiều nghệ sĩ,POP_BALLAD,MISSING,NO_VALID_IMAGE_URL,0,0,NONE,0
RMVM_S_3bb8774f84,Đưa Đò (Beat),Sky Nguyễn,POP_BALLAD,MISSING,NO_VALID_IMAGE_URL,0,0,NONE,0
RMVM_S_0a225666df,Mong Em Hãy Quên Anh,Lưu Gia Bảo,POP_BALLAD,MISSING,NO_VALID_IMAGE_URL,0,0,NONE,0
RMVM_S_373efce170,Em Lại Nhớ Anh Nữa Rồi,"Lynk Lee, A.C Xuân Tài",POP_BALLAD,MISSING,NO_VALID_IMAGE_URL,0,0,NONE,0
RMVM_S_d8d87ea3e6,Anh Không Thể Quay Lại,Lâm Nhật Thái,POP_BALLAD,MISSING,NO_VALID_IMAGE_URL,0,0,NONE,0
RMVM_S_b9a6ae82f8,Người Đẹp,Tóc Tiên,INSTRUMENTAL,MISSING,NO_VALID_IMAGE_URL,0,0,NONE,0
RMVM_S_9505c5ae6f,Ánh Mắt Ấy,Thu Thủy,POP_BALLAD,MISSING,NO_VALID_IMAGE_URL,0,0,NONE,0
RMVM_S_4a3ef381ec,Thương Em Châu Đốc Lý Nàng Ơi (Beat),Tiết Duy Hòa,BOLERO_TRUTINH,MISSING,NO_VALID_IMAGE_URL,0,0,NONE,0
RMVM_S_31e68cb92e,Giấc Mơ Không Quay Về,The Men,POP_BALLAD,MISSING,NO_VALID_IMAGE_URL,0,0,NONE,0
RMVM_S_51693aa726,Anh Ấy (Beat),Lê Vũ Bình,POP_BALLAD,MISSING,NO_VALID_IMAGE_URL,0,0,NONE,0
RMVM_S_49becf493a,Ai Đã Khiến Em Như Vậy,"Andree Right Hand, Lil' Knight",POP_BALLAD,MISSING,NO_VALID_IMAGE_URL,0,0,NONE,0
RMVM_S_08607ca4cf,Cậu Trai Đứng Hát Một Mình,"Phạm Nguyên Ngọc, BMZ",RAP_HIPHOP,MISSING,NO_VALID_IMAGE_URL,0,0,NONE,0
RMVM_S_bebfee5490,Em Phải Tin Vào Điều Đó,"Như Loan, Lương Tùng Quang",INSTRUMENTAL,MISSING,NO_VALID_IMAGE_URL,0,0,NONE,0
RMVM_S_b54e3cd22e,Bay Lên Những Ước Mơ,Bé Thiên Bảo,CHILDREN,MISSING,NO_VALID_IMAGE_URL,0,0,NONE,0
RMVM_S_843b41c80b,Cô Hàng Nước,Ánh Tuyết,BOLERO_TRUTINH,MISSING,NO_VALID_IMAGE_URL,0,0,NONE,0
RMVM_S_df23bbbd8a,Tình Đã Hao Gầy,Hiền Thục,POP_BALLAD,MISSING,NO_VALID_IMAGE_URL,0,0,NONE,0
RMVM_S_45823fe135,Người Con Gái Anh Không Thể Quên (Piano Version),Mr. Siro,POP_BALLAD,MISSING,NO_VALID_IMAGE_URL,0,0,NONE,0
RMVM_S_20584964b3,Nắng Thủy Tinh,"Lệ Hồng, Thiên An",NHAC_TRINH,MISSING,NO_VALID_IMAGE_URL,0,0,NONE,0
RMVM_S_55de78f4cc,Cha Mẹ Là Hạnh Phúc Đời Con,Vũ Hoàng,BOLERO_TRUTINH,MISSING,NO_VALID_IMAGE_URL,0,0,NONE,0
RMVM_S_c615a34296,Cuộc Sống Vốn Không Công Bằng,CHARLES.,POP_BALLAD,MISSING,NO_VALID_IMAGE_URL,0,0,NONE,0
RMVM_S_bd0c21b671,Anh Nên Yêu Người Ấy (Cover),MINKY,POP_BALLAD,MISSING,NO_VALID_IMAGE_URL,0,0,NONE,0
RMVM_S_34f6838951,Trái Tim Xao Động,Nguyễn Phi Hùng,POP_BALLAD,MISSING,NO_VALID_IMAGE_URL,0,0,NONE,0
RMVM_S_d269f1f70a,Buồn Tàn Thu,Họa Mi,INSTRUMENTAL,MISSING,NO_VALID_IMAGE_URL,0,0,NONE,0
RMVM_S_0f0f39e4cf,Vô Cùng Hối Hận Khi Yêu Anh (Vinahouse Remix),MyMy,DANCE_EDM,MISSING,NO_VALID_IMAGE_URL,0,0,NONE,0
RMVM_S_46a8ed1dd5,Anh Vẫn Chờ,Đàm Vĩnh Hưng,BOLERO_TRUTINH,MISSING,NO_VALID_IMAGE_URL,0,0,NONE,0
RMVM_S_b007909574,Cho Con Khát Khao,Mai Thiên Vân,CHILDREN,MISSING,NO_VALID_IMAGE_URL,0,0,NONE,0
RMVM_S_3317e4fc55,Có Tất Cả Nhưng Không Có Nhau (Beat),Tuyết Mai,POP_BALLAD,MISSING,NO_VALID_IMAGE_URL,0,0,NONE,0
RMVM_S_29738afb15,Chuyện Một Người Đi,Hồng Quyên,BOLERO_TRUTINH,MISSING,NO_VALID_IMAGE_URL,0,0,NONE,0
RMVM_S_ca5c4cbdcc,Về Tìm Trên Cát,Đức Tuấn,BOLERO_TRUTINH,MISSING,NO_VALID_IMAGE_URL,0,0,NONE,0
RMVM_S_fdd3ccdea9,Tình Nghèo Cách Xa,Đinh Quốc Cường,POP_BALLAD,MISSING,NO_VALID_IMAGE_URL,0,0,NONE,0
RMVM_S_57e211f474,Trọc Đầu Không Hiểu Vì Đâu,Dật Hanh,POP_BALLAD,MISSING,NO_VALID_IMAGE_URL,0,0,NONE,0
RMVM_S_0781005064,Anh Nhận Ra,Bằng Cường,POP_BALLAD,MISSING,NO_VALID_IMAGE_URL,0,0,NONE,0
RMVM_S_6b4141ce4d,Đón Xuân Này Tôi Nhớ Xuân Xưa,Sa Huỳnh,BOLERO_TRUTINH,MISSING,NO_VALID_IMAGE_URL,0,0,NONE,0
RMVM_S_25b418d5c1,Dĩ Vãng Nhạt Nhòa (Gala Nhạc Việt 4 - Những Giấc Mơ Trở Về),"Ưng Hoàng Phúc, Yến Trang",POP_BALLAD,MISSING,NO_VALID_IMAGE_URL,0,0,NONE,0
RMVM_S_c245b458d3,Ca Sĩ Nhạc Pop,"OSAD, Captain",RB_SOUL,MISSING,NO_VALID_IMAGE_URL,0,0,NONE,0
RMVM_S_54d22d2652,Đừng Quay Lưng,Mắt Ngọc,POP_BALLAD,MISSING,NO_VALID_IMAGE_URL,0,0,NONE,0
RMVM_S_6c6a7e0ee6,Cào Cào Bay Trong Gió,"Nguyễn Hồng Thuận, Ruby Bảo An, Châu Anh",POP_BALLAD,MISSING,NO_VALID_IMAGE_URL,0,0,NONE,0
RMVM_S_22d82be697,Cảm Giác Cô Đơn,"Kim Thư (Ẩn), Kim Thư",RAP_HIPHOP,MISSING,NO_VALID_IMAGE_URL,0,0,NONE,0
RMVM_S_ed0eeb05df,Thơ Tình Người Lính Biển,Đức Chính,REVOLUTIONARY,MISSING,NO_VALID_IMAGE_URL,0,0,NONE,0
RMVM_S_3d87b8f532,Người Hãy Nói Đi Người Ơi,Nhật Huy,POP_BALLAD,MISSING,NO_VALID_IMAGE_URL,0,0,NONE,0
RMVM_S_98fbcd87d1,Đừng Vu Vơ,Tú Linh,BOLERO_TRUTINH,MISSING,NO_VALID_IMAGE_URL,0,0,NONE,0
RMVM_S_5bb71b9f39,Con Rắn,Hoàng Hồng Ngọc,POP_BALLAD,MISSING,NO_VALID_IMAGE_URL,0,0,NONE,0
RMVM_S_d15f0326f5,Giấc Mơ Mình Em,Minh Tuyết,INSTRUMENTAL,MISSING,NO_VALID_IMAGE_URL,0,0,NONE,0
RMVM_S_cff6e183cc,Để Dành Giấc Mơ,Thiên Nam,POP_BALLAD,MISSING,NO_VALID_IMAGE_URL,0,0,NONE,0
RMVM_S_744ee71b1c,Đừng Giận Lâu Con Gái Ơi,Lâm Chí Khanh,POP_BALLAD,MISSING,NO_VALID_IMAGE_URL,0,0,NONE,0
RMVM_S_ee70278757,Xin Đừng Yêu Anh,Trần Khánh,BOLERO_TRUTINH,MISSING,NO_VALID_IMAGE_URL,0,0,NONE,0
RMVM_S_7fd724a5bf,Thà Anh Nói Một Lời,Hoàng Châu,POP_BALLAD,MISSING,NO_VALID_IMAGE_URL,0,0,NONE,0
RMVM_S_8e6b6cc473,Mưa Hoa Tàn,Trương Như Anh,POP_BALLAD,MISSING,NO_VALID_IMAGE_URL,0,0,NONE,0
RMVM_S_a7ec96d729,LK Nhật Ký Đời Tôi - Người Em Sầu Mộng - Trái Mồng Tơi - Gái Nhà Nghèo,"Hương Lan, Thế Sơn",BOLERO_TRUTINH,MISSING,NO_VALID_IMAGE_URL,0,0,NONE,0
RMVM_S_85438f8069,Trong Cõi Địa Đàng,Phạm Đình Nam,BOLERO_TRUTINH,MISSING,NO_VALID_IMAGE_URL,0,0,NONE,0
RMVM_S_7efef6141d,Sẽ Không Còn,Hoàng Lê Vi,POP_BALLAD,MISSING,NO_VALID_IMAGE_URL,0,0,NONE,0
RMVM_S_5e779133fa,Ngày Tuyết Lạnh,Như Loan,INSTRUMENTAL,MISSING,NO_VALID_IMAGE_URL,0,0,NONE,0
RMVM_S_0760571d1d,Lk: Tàn Tro - Radio Buồn,Thanh Hà,POP_BALLAD,MISSING,NO_VALID_IMAGE_URL,0,0,NONE,0
RMVM_S_a660c5aa71,Anh Không Năn Nỉ Em Đâu,Trương Bảo Anh,POP_BALLAD,MISSING,NO_VALID_IMAGE_URL,0,0,NONE,0
RMVM_S_a88aed5c98,Chúc Xuân,Kim Linh,BOLERO_TRUTINH,MISSING,NO_VALID_IMAGE_URL,0,0,NONE,0
RMVM_S_8460028c61,Đau Là Còn Thương,Võ Kiều Vân,POP_BALLAD,MISSING,NO_VALID_IMAGE_URL,0,0,NONE,0
RMVM_S_4741258bea,Anh Mới Chính Là Người Em Yêu (TD Remix) [Short Version 1],Dunghoangpham,POP_BALLAD,MISSING,NO_VALID_IMAGE_URL,0,0,NONE,0
RMVM_S_a405aa4065,Anh Yêu Em Nhiều Hơn Ngày Hôm Qua,Lâm Chấn Huy,POP_BALLAD,MISSING,NO_VALID_IMAGE_URL,0,0,NONE,0
RMVM_S_e7c25ee92f,Đã Có Những Lúc,Nguyễn Hoàng Anh,POP_BALLAD,MISSING,NO_VALID_IMAGE_URL,0,0,NONE,0
RMVM_S_79ad801669,Một Chút Gì Rất Huế,Xuân Viên,FOLK_TRADITIONAL,MISSING,NO_VALID_IMAGE_URL,0,0,NONE,0
RMVM_S_46d0c2f041,Bố Chẳng Đi Đâu Xa,Bé Bào Ngư,INSTRUMENTAL,MISSING,NO_VALID_IMAGE_URL,0,0,NONE,0
RMVM_S_4f45bb819c,Em Yêu Anh Thật Không,Deris,POP_BALLAD,MISSING,NO_VALID_IMAGE_URL,0,0,NONE,0
RMVM_S_44a0d978e0,Hình Như Em Say,NgânT,POP_BALLAD,MISSING,NO_VALID_IMAGE_URL,0,0,NONE,0
RMVM_S_2225d32eec,Con Tim Si Tình,Minh Thuận,POP_BALLAD,MISSING,NO_VALID_IMAGE_URL,0,0,NONE,0
RMVM_S_280c85be1a,Một Nỗi Đau,Hoàng Châu,POP_BALLAD,MISSING,NO_VALID_IMAGE_URL,0,0,NONE,0
RMVM_S_881c2a9641,Mùi Hương,Anh Khang,POP_BALLAD,MISSING,NO_VALID_IMAGE_URL,0,0,NONE,0
RMVM_S_f1a292d028,Chưa Kịp Nói Lời Yêu Em,Liu Quốc Việt,POP_BALLAD,MISSING,NO_VALID_IMAGE_URL,0,0,NONE,0
RMVM_S_47ceaf154b,Hoa Cỏ Mùa Xuân,"BeeBoss, Châu Ngọc Lan",POP_BALLAD,MISSING,NO_VALID_IMAGE_URL,0,0,NONE,0
RMVM_S_e25c276d94,Vùng Trời Bình Yên (25th Làn Sóng Xanh),"Wren Evans, DTAP",POP_BALLAD,MISSING,NO_VALID_IMAGE_URL,0,0,NONE,0
RMVM_S_b25af1856c,Cố Giấu,Nguyễn Đức Quân,POP_BALLAD,MISSING,NO_VALID_IMAGE_URL,0,0,NONE,0
RMVM_S_4da268dc60,Hà Nội Phù Đổng Tiến Lên,Nguyễn Trung Kiên,BOLERO_TRUTINH,MISSING,NO_VALID_IMAGE_URL,0,0,NONE,0
RMVM_S_c2456b998f,Nhớ Anh (Đạt R x HHD Remix),"Hà Trâm, Minant, HOA HỒNG DẠI MUSIC",DANCE_EDM,MISSING,NO_VALID_IMAGE_URL,0,0,NONE,0
RMVM_S_63103afd2a,Ngủ Đi Anh,Bùi Tiến Thường,BOLERO_TRUTINH,MISSING,NO_VALID_IMAGE_URL,0,0,NONE,0
RMVM_S_92f5cf9342,Anh Luôn Tồn Tại,Huỳnh Như,POP_BALLAD,MISSING,NO_VALID_IMAGE_URL,0,0,NONE,0
RMVM_S_2f0937a452,Dấu Vết Nghiệt Ngã,Bức Tường,ROCK,MISSING,NO_VALID_IMAGE_URL,0,0,NONE,0
RMVM_S_0c60bd0eae,Gửi Tình Theo Gió,Minh Thuận,POP_BALLAD,MISSING,NO_VALID_IMAGE_URL,0,0,NONE,0
RMVM_S_0f271c98c5,Biển Nước Mắt,Tp Nguyên,POP_BALLAD,MISSING,NO_VALID_IMAGE_URL,0,0,NONE,0
RMVM_S_da7f167a32,Chờ Người Vô Tình (Version 2021),Kayshi,POP_BALLAD,MISSING,NO_VALID_IMAGE_URL,0,0,NONE,0
RMVM_S_acf245d8ff,Anh Tự Do Nhưng Cô Đơn,"Trung Quân Idol, Văn Mai Hương",POP_BALLAD,MISSING,NO_VALID_IMAGE_URL,0,0,NONE,0
RMVM_S_f360774cf7,Liên Khúc Ba Dòng Sông,Thu Phương,POP_BALLAD,MISSING,NO_VALID_IMAGE_URL,0,0,NONE,0
RMVM_S_4cea687353,Tôi Xa Người Yêu,Võ Minh Lê,POP_BALLAD,MISSING,NO_VALID_IMAGE_URL,0,0,NONE,0
RMVM_S_89a8b8d6a7,Nguyệt Quế,Đăng Nguyên,BOLERO_TRUTINH,MISSING,NO_VALID_IMAGE_URL,0,0,NONE,0
RMVM_S_2b444433f2,Tương Tư Cục,"Lee Phú Quý, Thắng Ca",POP_BALLAD,MISSING,NO_VALID_IMAGE_URL,0,0,NONE,0
RMVM_S_7b79ed9474,Nửa Trái Tim (Song Ca),"Minh Thuận, Nhật Hào",BOLERO_TRUTINH,MISSING,NO_VALID_IMAGE_URL,0,0,NONE,0
RMVM_S_0238f2b36f,Em Là Tình Yêu Của Anh (Remix),"Nhật Tinh Anh, DJ Phơ Nguyễn",POP_BALLAD,MISSING,NO_VALID_IMAGE_URL,0,0,NONE,0
RMVM_S_df82af2350,LK Về Quê 2,"Lê Sang, Giáng Tiên",FOLK_TRADITIONAL,MISSING,NO_VALID_IMAGE_URL,0,0,NONE,0
RMVM_S_9b84c31be9,Anh Cần Gì?,SimonC,RB_SOUL,MISSING,NO_VALID_IMAGE_URL,0,0,NONE,0
RMVM_S_fe141d209d,Nhớ Mẹ Lý Mồ Côi,Hoàng Minh Thắng,BOLERO_TRUTINH,MISSING,NO_VALID_IMAGE_URL,0,0,NONE,0
RMVM_S_f4267ab8c6,Nói Anh Nghe Được Không,Andiez,POP_BALLAD,MISSING,NO_VALID_IMAGE_URL,0,0,NONE,0
RMVM_S_4098774c40,Giá Như Ta Chưa Từng Gặp Nhau,Ngọc Khoa,POP_BALLAD,MISSING,NO_VALID_IMAGE_URL,0,0,NONE,0
RMVM_S_2f2e26173a,Bao Lâu Rồi,Ngô Kiến Huy,POP_BALLAD,MISSING,NO_VALID_IMAGE_URL,0,0,NONE,0
RMVM_S_eafa543b00,Con Đường Mây Trắng,Tam Ca Con Gái,BOLERO_TRUTINH,MISSING,NO_VALID_IMAGE_URL,0,0,NONE,0
RMVM_S_4b47156687,Em Ơi Đừng Khóc,"Gia Huy Singer, Lương Chí Tâm",POP_BALLAD,MISSING,NO_VALID_IMAGE_URL,0,0,NONE,0
RMVM_S_5cfc03d516,"LK Đường Về Hai Thôn, Tình Thắm Duyên Quê, Ngẫu Hứng Lý Qua Cầu (Remix)","Saka Trương Tuyền, Quách Thành Danh",DANCE_EDM,MISSING,NO_VALID_IMAGE_URL,0,0,NONE,0
RMVM_S_2cea172ef5,Bông Mua Tím,Võ Minh Lê,POP_BALLAD,MISSING,NO_VALID_IMAGE_URL,0,0,NONE,0
RMVM_S_b758006f5e,Chỉ Mình Anh Nhìn Thấy,"Thái Đinh, NamKun",POP_BALLAD,MISSING,NO_VALID_IMAGE_URL,0,0,NONE,0
RMVM_S_07ff6b172a,Cha Yêu Mẹ Yêu,"Đức Hưng, Y Jang Tuyn",BOLERO_TRUTINH,MISSING,NO_VALID_IMAGE_URL,0,0,NONE,0
RMVM_S_9342098aae,Dạ Khúc Đêm Trăng,Trường Kha,BOLERO_TRUTINH,MISSING,NO_VALID_IMAGE_URL,0,0,NONE,0
RMVM_S_9e1c733949,Không Thể Giữ Được Em (Khách Mời),Na,POP_BALLAD,MISSING,NO_VALID_IMAGE_URL,0,0,NONE,0
RMVM_S_463c1ddd94,Cưới Nhau Mùa Tết,"Kiều Trang, X2X",POP_BALLAD,MISSING,NO_VALID_IMAGE_URL,0,0,NONE,0
RMVM_S_242af1ac12,Em Có Đủ Bình Yên,"Đào Duy Quý, Gianggi",POP_BALLAD,MISSING,NO_VALID_IMAGE_URL,0,0,NONE,0
RMVM_S_65e38f4285,Bao Tiền Một Mớ Bình Yên?,"14 Casper, Bon",POP_BALLAD,MISSING,NO_VALID_IMAGE_URL,0,0,NONE,0
RMVM_S_8e7114f0c3,Lời Nhạt Phai,Tóc Tiên,INSTRUMENTAL,MISSING,NO_VALID_IMAGE_URL,0,0,NONE,0
RMVM_S_26c1853b04,Liên Khúc Lục Tỉnh Miền Tây,Nhiều nghệ sĩ,NHAC_TRINH,MISSING,NO_VALID_IMAGE_URL,0,0,NONE,0
RMVM_S_038e8bfd4a,Dốc Mù Sương,N.Deep B,POP_BALLAD,MISSING,NO_VALID_IMAGE_URL,0,0,NONE,0
RMVM_S_6b0b88a7fd,Chúng Ta Cô Đơn Nhỉ,"SG Prider, Nguyễn Hồng Giang",POP_BALLAD,MISSING,NO_VALID_IMAGE_URL,0,0,NONE,0
RMVM_S_7caed9feea,Em Hơi Mệt Với Bạn Thân Anh,"Hương Giang, Trang Pháp, Masew",POP_BALLAD,MISSING,NO_VALID_IMAGE_URL,0,0,NONE,0
RMVM_S_8fcfda965f,Đời Em Không Lẻ Loi,Phương Thanh,BOLERO_TRUTINH,MISSING,NO_VALID_IMAGE_URL,0,0,NONE,0
RMVM_S_b8e22a6324,Bóng Chiều Tà,Trần Thái Hòa,INSTRUMENTAL,MISSING,NO_VALID_IMAGE_URL,0,0,NONE,0
RMVM_S_01c25182d6,Chuyện Tình Của Thủy Thần,Bức Tường,ROCK,MISSING,NO_VALID_IMAGE_URL,0,0,NONE,0
RMVM_S_0267fd782a,Thành Phố Sương,Hiền Thục,BOLERO_TRUTINH,MISSING,NO_VALID_IMAGE_URL,0,0,NONE,0
RMVM_S_e2c4c86a1e,Một Đời Yêu Nhau Một Ngày Xa Nhau,Thanh Thanh,POP_BALLAD,MISSING,NO_VALID_IMAGE_URL,0,0,NONE,0
RMVM_S_27970b23ef,Chẳng Còn Như Đã Từng,Nguyễn Đình Long,POP_BALLAD,MISSING,NO_VALID_IMAGE_URL,0,0,NONE,0
RMVM_S_44dc6773b2,Chúng Ta Là Anh Em,Ngọc Turbo,POP_BALLAD,MISSING,NO_VALID_IMAGE_URL,0,0,NONE,0
RMVM_S_7c1c7d7215,Có Em Là Nhà,GiGi Hương Giang,POP_BALLAD,MISSING,NO_VALID_IMAGE_URL,0,0,NONE,0
RMVM_S_32caebd8bc,Anh Sẽ Gặp Em Lần Nữa,Suno Nguyễn,POP_BALLAD,MISSING,NO_VALID_IMAGE_URL,0,0,NONE,0
RMVM_S_e57aed2b5f,Tình Đợi Mong,Thế Sơn,INSTRUMENTAL,MISSING,NO_VALID_IMAGE_URL,0,0,NONE,0
RMVM_S_2d31112163,Liên Khúc Bạn Bè,"Vũ Hoàng, Lương Gia Huy, Khưu Huy Vũ",POP_BALLAD,MISSING,NO_VALID_IMAGE_URL,0,0,NONE,0
RMVM_S_a5d771cfc1,Chiếc Phone Buồn,Chế Thanh,BOLERO_TRUTINH,MISSING,NO_VALID_IMAGE_URL,0,0,NONE,0
RMVM_S_f49647f07b,Đường Về Miền Bắc,Trần Thái Hòa,INSTRUMENTAL,MISSING,NO_VALID_IMAGE_URL,0,0,NONE,0
RMVM_S_dde6987363,Anh Xa Mãi,"Harlyn, Nhật Thái",POP_BALLAD,MISSING,NO_VALID_IMAGE_URL,0,0,NONE,0
RMVM_S_3d23d64100,Chiều Phố Xưa,Đặng Trường Phát,INSTRUMENTAL,MISSING,NO_VALID_IMAGE_URL,0,0,NONE,0
RMVM_S_95c4c59ede,Còn Bé Phải Học,Kitty Ngọc Nhi,CHILDREN,MISSING,NO_VALID_IMAGE_URL,0,0,NONE,0
RMVM_S_044d54a115,Kiếp Xa Quê,Phùng Ngọc Huy,POP_BALLAD,MISSING,NO_VALID_IMAGE_URL,0,0,NONE,0
RMVM_S_d86a15457a,Cần Thiết,Thanh Hà,INSTRUMENTAL,MISSING,NO_VALID_IMAGE_URL,0,0,NONE,0
RMVM_S_9d43474bb4,Bạn Và Tôi Đều Giống Nhau,Danh Tuấn Trung,POP_BALLAD,MISSING,NO_VALID_IMAGE_URL,0,0,NONE,0
RMVM_S_02dc32f658,Một Mai Em Đi,Hoài Nam,INSTRUMENTAL,MISSING,NO_VALID_IMAGE_URL,0,0,NONE,0
RMVM_S_43d0cf656d,Nhớ Mưa Xưa,Khắc Triệu,BOLERO_TRUTINH,MISSING,NO_VALID_IMAGE_URL,0,0,NONE,0
RMVM_S_315b717526,Một Lần Miên Viễn Xót Xa,Thế Sơn,BOLERO_TRUTINH,MISSING,NO_VALID_IMAGE_URL,0,0,NONE,0
RMVM_S_f7e0f314b2,Đôi Mắt Thiên Thần,Cường Seven,POP_BALLAD,MISSING,NO_VALID_IMAGE_URL,0,0,NONE,0
RMVM_S_8d218e5ae6,Giọt Nắng Mùa Thu,Ngọc Tân,BOLERO_TRUTINH,MISSING,NO_VALID_IMAGE_URL,0,0,NONE,0
RMVM_S_0536df5892,Cô Gái Mặt Trời,"Sun, Lil ZKay",POP_BALLAD,MISSING,NO_VALID_IMAGE_URL,0,0,NONE,0
RMVM_S_bad073b181,Bài Cho Em,Xuân Phú,BOLERO_TRUTINH,MISSING,NO_VALID_IMAGE_URL,0,0,NONE,0
RMVM_S_2df480ff75,Tình Yêu Thấu Tận Trời Xanh,Võ Phi,BOLERO_TRUTINH,MISSING,NO_VALID_IMAGE_URL,0,0,NONE,0
RMVM_S_9cd69b8069,Chiếc Lá Mùa Đông (Xuân Phát Tài 13),Bằng Kiều,POP_BALLAD,MISSING,NO_VALID_IMAGE_URL,0,0,NONE,0
RMVM_S_8779aa2041,Giấc Mơ Yêu (Acoustic),Đăng Nguyên,POP_BALLAD,MISSING,NO_VALID_IMAGE_URL,0,0,NONE,0
RMVM_S_0fc45b7832,Điều Ta Viết Mùa Xa Nhau,"Đoàn Minh Quân, Tiên Fami",POP_BALLAD,MISSING,NO_VALID_IMAGE_URL,0,0,NONE,0
RMVM_S_9dfb0a8a7f,Sầu Tím Thiệp Hồng,"Dương Ngọc Thái, Hoàng Châu",BOLERO_TRUTINH,MISSING,NO_VALID_IMAGE_URL,0,0,NONE,0
RMVM_S_ba6e2ac887,Anh Ra Đi Mùa Nắng,Hồng Xương Long,POP_BALLAD,MISSING,NO_VALID_IMAGE_URL,0,0,NONE,0
RMVM_S_9fd78668a9,Khi Ta Xa Nhau,Diễm Liên,BOLERO_TRUTINH,MISSING,NO_VALID_IMAGE_URL,0,0,NONE,0
RMVM_S_c33fd6077d,Vẫn Mãi Yêu Em,Bằng Kiều,BOLERO_TRUTINH,MISSING,NO_VALID_IMAGE_URL,0,0,NONE,0
RMVM_S_0a7f566ed0,Tình Sẽ Về Đâu,Phan Đinh Tùng,POP_BALLAD,MISSING,NO_VALID_IMAGE_URL,0,0,NONE,0
RMVM_S_5e3e06574e,Hãy Cho Anh Một Lần Được Yêu,Lưu Gia Bảo,POP_BALLAD,MISSING,NO_VALID_IMAGE_URL,0,0,NONE,0
RMVM_S_59d42cb931,Khi Trở Lại Trường Cũ,Ánh Tuyết,POP_BALLAD,MISSING,NO_VALID_IMAGE_URL,0,0,NONE,0
RMVM_S_9d41980ac2,LK: Gửi Gió Cho Mây Ngàn Bay,"Ái Vân, Elvis Phương",BOLERO_TRUTINH,MISSING,NO_VALID_IMAGE_URL,0,0,NONE,0
RMVM_S_9470aa9f79,Xin Lỗi Vì Anh Nghèo (Beat),Phạm Kỳ Anh,POP_BALLAD,MISSING,NO_VALID_IMAGE_URL,0,0,NONE,0
RMVM_S_6c4e4b2a5e,Vì Ta Chán Nhau,Trương Thảo Nhi,POP_BALLAD,MISSING,NO_VALID_IMAGE_URL,0,0,NONE,0
RMVM_S_07cda90fb6,Khẽ Thôi Cưng À (Remix) (Beat),Cao Tùng Anh,DANCE_EDM,MISSING,NO_VALID_IMAGE_URL,0,0,NONE,0
RMVM_S_f336142c50,Gió Cuốn Bụi Bay,"Hoàng Châu, Nhật Hào",POP_BALLAD,MISSING,NO_VALID_IMAGE_URL,0,0,NONE,0
RMVM_S_5bb8255b1f,Dĩ An Xinh Tươi Màu Nắng,Minh Trang LyLy,POP_BALLAD,MISSING,NO_VALID_IMAGE_URL,0,0,NONE,0
RMVM_S_a72a0741b7,Hình Bóng Trong Tim,Tâm Đoan,CHILDREN,MISSING,NO_VALID_IMAGE_URL,0,0,NONE,0
RMVM_S_27ba6bf863,Buồn Thời Gian,"Mạnh Quỳnh, Khả Tú",BOLERO_TRUTINH,MISSING,NO_VALID_IMAGE_URL,0,0,NONE,0
RMVM_S_37349b90f2,Hạnh Phúc Khi Có Anh,Nhật Kim Anh,POP_BALLAD,MISSING,NO_VALID_IMAGE_URL,0,0,NONE,0
RMVM_S_2f347def77,Anh Ở Vị Trí Nào,Kim Hiệu,POP_BALLAD,MISSING,NO_VALID_IMAGE_URL,0,0,NONE,0
RMVM_S_5e1080d006,Hoa Phù Dung,RHY,POP_BALLAD,MISSING,NO_VALID_IMAGE_URL,0,0,NONE,0
RMVM_S_32c88278ed,Say Câu Hát Người Ơi,Vũ Minh Vương,BOLERO_TRUTINH,MISSING,NO_VALID_IMAGE_URL,0,0,NONE,0
RMVM_S_b0e2f6325e,Một Khi Yêu (DJ Turbo Nguyễn Remix),Đan Thùy,POP_BALLAD,MISSING,NO_VALID_IMAGE_URL,0,0,NONE,0
RMVM_S_07eaecb844,Bác Làm Vườn Và Con Chim Sâu,Trịnh Nhật Minh,CHILDREN,MISSING,NO_VALID_IMAGE_URL,0,0,NONE,0
RMVM_S_e848474a3c,Đẹp Tình Quê Hương,Minh Béo,BOLERO_TRUTINH,MISSING,NO_VALID_IMAGE_URL,0,0,NONE,0
RMVM_S_c07df0e154,Thơ Tình Trên Cát,"Quang Vinh, Bảo Thy",POP_BALLAD,MISSING,NO_VALID_IMAGE_URL,0,0,NONE,0
RMVM_S_faf67df21d,Vầng Trăng Dạ Cổ,"Hương Lan, Mạnh Quỳnh",FOLK_TRADITIONAL,MISSING,NO_VALID_IMAGE_URL,0,0,NONE,0
RMVM_S_227d86a24d,Vọng Kim Lang - Bậu Đi Theo Người,Nguyễn Tuấn Phong,INSTRUMENTAL,MISSING,NO_VALID_IMAGE_URL,0,0,NONE,0
RMVM_S_c65cb68763,Đã Không Còn Yêu,Lưu Gia Bảo,POP_BALLAD,MISSING,NO_VALID_IMAGE_URL,0,0,NONE,0
RMVM_S_cb86f89bba,Mong Người Về Đây,"Lương Tùng Quang, Vân Quỳnh",INSTRUMENTAL,MISSING,NO_VALID_IMAGE_URL,0,0,NONE,0
RMVM_S_ba0910db52,Tình Ca Muôn Thuở,Ái Vân,INSTRUMENTAL,MISSING,NO_VALID_IMAGE_URL,0,0,NONE,0
RMVM_S_8b4e35061e,"Chào Anh Giải Phóng Quân, Chào Mùa Xuân Đại Thắng",Anh Thơ,REVOLUTIONARY,MISSING,NO_VALID_IMAGE_URL,0,0,NONE,0
RMVM_S_5485c934dd,Nụ Hôn Đầu Nợ Anh,Bùi Tuyết Mai,BOLERO_TRUTINH,MISSING,NO_VALID_IMAGE_URL,0,0,NONE,0
RMVM_S_1e65fde961,Điệu Buồn Đêm Trăng,Dương Nghi Đình,BOLERO_TRUTINH,MISSING,NO_VALID_IMAGE_URL,0,0,NONE,0
RMVM_S_9225f7f739,Riêng Một Góc Trời,Nguyễn Hồng Ân,BOLERO_TRUTINH,MISSING,NO_VALID_IMAGE_URL,0,0,NONE,0
RMVM_S_d0e84e1eae,Những Ngày Mưa Gió,Cao Mỹ Kim,POP_BALLAD,MISSING,NO_VALID_IMAGE_URL,0,0,NONE,0
RMVM_S_fb873ee8ff,Hãy Nói Lời Yêu Anh,Như Quỳnh,INSTRUMENTAL,MISSING,NO_VALID_IMAGE_URL,0,0,NONE,0
RMVM_S_8653dce56f,Mảnh TÌnh Sầu,"Thanh Ngân, Gia Tiến",POP_BALLAD,MISSING,NO_VALID_IMAGE_URL,0,0,NONE,0
RMVM_S_0cc91ae53a,Cơn Mơ Mùa Đông,Quang Trung,POP_BALLAD,MISSING,NO_VALID_IMAGE_URL,0,0,NONE,0
RMVM_S_7953e5ef96,Cha Ơi (Beat),David Tuấn Anh,FOLK_TRADITIONAL,MISSING,NO_VALID_IMAGE_URL,0,0,NONE,0
RMVM_S_a6c5f161bf,Gái Huế Chồng Xa,Vân Khánh,BOLERO_TRUTINH,MISSING,NO_VALID_IMAGE_URL,0,0,NONE,0
RMVM_S_ea556fb6c8,Hết Duyên Là Ý Trời,Chu Bin,INSTRUMENTAL,MISSING,NO_VALID_IMAGE_URL,0,0,NONE,0
RMVM_S_5aac8be025,Bóng Dáng Mùa Hè,"Lê Hiếu, Trần Thu Hà",POP_BALLAD,MISSING,NO_VALID_IMAGE_URL,0,0,NONE,0
RMVM_S_ce47e5bb0a,Mùa Hè Vui,Nguyễn Phi Hùng,BOLERO_TRUTINH,MISSING,NO_VALID_IMAGE_URL,0,0,NONE,0
RMVM_S_2af745b3d2,Chí Phèo Ngoại Truyện,Cao Tùng Anh,POP_BALLAD,MISSING,NO_VALID_IMAGE_URL,0,0,NONE,0
RMVM_S_7a026a6a1d,Sẽ Yêu Hơn Ngày Xưa,Phan Đinh Tùng,POP_BALLAD,MISSING,NO_VALID_IMAGE_URL,0,0,NONE,0
RMVM_S_c06bbaa4b3,Lời Xin Lỗi Muộn Màng (Beat),"Lê Yến Vy, KNK",POP_BALLAD,MISSING,NO_VALID_IMAGE_URL,0,0,NONE,0
RMVM_S_c899ac3fc3,Cho Ngày Mai Nụ Cười,Lê Vy,POP_BALLAD,MISSING,NO_VALID_IMAGE_URL,0,0,NONE,0
RMVM_S_4e23104b49,Cũng Đành Lãng Quên,Đan Trường,POP_BALLAD,MISSING,NO_VALID_IMAGE_URL,0,0,NONE,0
RMVM_S_5335b6da2a,Cố Bước,Nam Hy,POP_BALLAD,MISSING,NO_VALID_IMAGE_URL,0,0,NONE,0
RMVM_S_9d7d6e0e31,Anh Lầm (Beat),Thành Đại Siêu,POP_BALLAD,MISSING,NO_VALID_IMAGE_URL,0,0,NONE,0
RMVM_S_baa2a389a2,Lời Mẹ Dạy,"Njay, Subby, The Giant",BOLERO_TRUTINH,MISSING,NO_VALID_IMAGE_URL,0,0,NONE,0
RMVM_S_61fc1edb08,Cao Nguyên Nhớ Em,Chế Thanh,BOLERO_TRUTINH,MISSING,NO_VALID_IMAGE_URL,0,0,NONE,0
RMVM_S_3ad03e0cdd,Đành Quên (Beat),Ngô Chí Cường,POP_BALLAD,MISSING,NO_VALID_IMAGE_URL,0,0,NONE,0
RMVM_S_99805cc0eb,Bến Đàn Xuân,Minh Thuận,POP_BALLAD,MISSING,NO_VALID_IMAGE_URL,0,0,NONE,0
RMVM_S_5831e9a35a,Tuyết Yêu Thương (Lofi),Kiều Thơ Mellow,POP_BALLAD,MISSING,NO_VALID_IMAGE_URL,0,0,NONE,0
RMVM_S_25329446a8,Anh Đừng Lo,"Ân Nhi, dinhhung",POP_BALLAD,MISSING,NO_VALID_IMAGE_URL,0,0,NONE,0
RMVM_S_415c7bf794,Bây Giờ Và Mãi Mãi,"Lương Tùng Quang, Minh Tuyết",INSTRUMENTAL,MISSING,NO_VALID_IMAGE_URL,0,0,NONE,0
RMVM_S_212c70a56e,Cát Bụi Tình Xa,Dalena,INSTRUMENTAL,MISSING,NO_VALID_IMAGE_URL,0,0,NONE,0
RMVM_S_78ebde6dcd,Em Có Biết Chăng,Lam Trường,POP_BALLAD,MISSING,NO_VALID_IMAGE_URL,0,0,NONE,0
RMVM_S_9d04a8de3f,Bao Nhiêu Một Phút Bên Anh,"Xôn Nguyễn, Cầm, Kiều Chi",POP_BALLAD,MISSING,NO_VALID_IMAGE_URL,0,0,NONE,0
RMVM_S_3a989dec12,Một Thưở Hè Qua,Việt Quang,POP_BALLAD,MISSING,NO_VALID_IMAGE_URL,0,0,NONE,0
RMVM_S_db0e1a40ce,Cóc Ổi Xoài,Hoàng Trang,POP_BALLAD,MISSING,NO_VALID_IMAGE_URL,0,0,NONE,0
RMVM_S_6b72420240,Vọng Kim Lang & Bậu Ði Theo Người,Phi Nhung,BOLERO_TRUTINH,MISSING,NO_VALID_IMAGE_URL,0,0,NONE,0
RMVM_S_4024bb7436,Khúc Tâm Ca,Sơn Đăng,BOLERO_TRUTINH,MISSING,NO_VALID_IMAGE_URL,0,0,NONE,0
RMVM_S_038856ee8f,Đã Lỡ Yêu Em Nhiều (CM1X Remix),"CM1X, JustaTee",POP_BALLAD,MISSING,NO_VALID_IMAGE_URL,0,0,NONE,0
RMVM_S_8b63309fda,Cây đàn bỏ quên,Vũ Khanh,BOLERO_TRUTINH,MISSING,NO_VALID_IMAGE_URL,0,0,NONE,0
RMVM_S_269533ff0d,Trong Nỗi Đau Tình Cờ,Trịnh Vĩnh Trinh,POP_BALLAD,MISSING,NO_VALID_IMAGE_URL,0,0,NONE,0
RMVM_S_d8f2352f94,Yêu Ai Ai Yêu Tôi,HIT,POP_BALLAD,MISSING,NO_VALID_IMAGE_URL,0,0,NONE,0
RMVM_S_0408cfb315,Lớp Học Online,"Đào Nguyễn Ánh, Trần Hiếu Trung, Cua Mề",POP_BALLAD,MISSING,NO_VALID_IMAGE_URL,0,0,NONE,0
RMVM_S_8b002aa62e,Vương Vấn Mùa Xuân,MPS,POP_BALLAD,MISSING,NO_VALID_IMAGE_URL,0,0,NONE,0
RMVM_S_580d258014,Đánh Mất Niềm Vui,Vân Khánh,FOLK_TRADITIONAL,MISSING,NO_VALID_IMAGE_URL,0,0,NONE,0
RMVM_S_a5b3b52adf,Chờ Một Mai Nắng Lên,Mây Trắng,POP_BALLAD,MISSING,NO_VALID_IMAGE_URL,0,0,NONE,0
RMVM_S_9c99c5339d,Nàng Tiên Xấu Xa,Thanh Thanh,BOLERO_TRUTINH,MISSING,NO_VALID_IMAGE_URL,0,0,NONE,0
RMVM_S_5c0113ce1e,Anh Thấy (Interlude),Wren Evans,POP_BALLAD,MISSING,NO_VALID_IMAGE_URL,0,0,NONE,0
RMVM_S_f429d052c7,Đâu Có Sao (Beat),"Judian, Haohinh",POP_BALLAD,MISSING,NO_VALID_IMAGE_URL,0,0,NONE,0
RMVM_S_33f8305ac7,Dù Tình Sương Khói,"Quỳnh Vi, Trịnh Lam",INSTRUMENTAL,MISSING,NO_VALID_IMAGE_URL,0,0,NONE,0
RMVM_S_7717332def,Anh Mệt Rồi (Lofi Version),"Anh Quân Idol, Freak D",POP_BALLAD,MISSING,NO_VALID_IMAGE_URL,0,0,NONE,0
RMVM_S_6f09f9ffd0,Có Thấy Tôi Tuổi 15,Mỹ Linh,POP_BALLAD,MISSING,NO_VALID_IMAGE_URL,0,0,NONE,0
RMVM_S_362b85158a,Chỉ Sợ Nhớ Nhà,"Vicky Nhung, San V",POP_BALLAD,MISSING,NO_VALID_IMAGE_URL,0,0,NONE,0
RMVM_S_59b7347713,Dù Chỉ Là Phút Giây,Tâm Đoan,INSTRUMENTAL,MISSING,NO_VALID_IMAGE_URL,0,0,NONE,0
RMVM_S_7e60ba659b,Nhật Hạ Mái Nhà Chung,"Mr Hero, Bé Kim Anh",POP_BALLAD,MISSING,NO_VALID_IMAGE_URL,0,0,NONE,0
RMVM_S_d450c5039d,Chuyện Kể Về Cát Bụi,Lương Bằng Quang,POP_BALLAD,MISSING,NO_VALID_IMAGE_URL,0,0,NONE,0
RMVM_S_32480cf603,Chỉ Cần Có Em (Remix),Nguyễn Đức Quang,POP_BALLAD,MISSING,NO_VALID_IMAGE_URL,0,0,NONE,0
RMVM_S_2da9fc53e8,Gió Cuốn Hoa Trôi,Lưu Bích,INSTRUMENTAL,MISSING,NO_VALID_IMAGE_URL,0,0,NONE,0
RMVM_S_d6632ff4e6,Anh Phải Quên (Beat),Cao Nam Thành,POP_BALLAD,MISSING,NO_VALID_IMAGE_URL,0,0,NONE,0
RMVM_S_ff577096ae,Muông Thú,Cá Hồi Hoang,POP_BALLAD,MISSING,NO_VALID_IMAGE_URL,0,0,NONE,0
RMVM_S_758e06bbc4,Đêm Chia Xa,Hương Lan,FOLK_TRADITIONAL,MISSING,NO_VALID_IMAGE_URL,0,0,NONE,0
RMVM_S_a9396fbe2c,Hát Cho Người Xa Nhà,Lưu Bích,INSTRUMENTAL,MISSING,NO_VALID_IMAGE_URL,0,0,NONE,0
RMVM_S_258295bc18,Mong Gặp Lại Em,Đông Duy,POP_BALLAD,MISSING,NO_VALID_IMAGE_URL,0,0,NONE,0
RMVM_S_4399c4cdea,Sân Khấu Buồn,Phạm Thanh Thảo,POP_BALLAD,MISSING,NO_VALID_IMAGE_URL,0,0,NONE,0
RMVM_S_98e808bbfc,Cho Tôi Làm Lại Từ Đầu,Lý Thu Thảo,BOLERO_TRUTINH,MISSING,NO_VALID_IMAGE_URL,0,0,NONE,0
RMVM_S_c46ad1d614,Còn Lại Xót Xa,Song Giang,POP_BALLAD,MISSING,NO_VALID_IMAGE_URL,0,0,NONE,0
RMVM_S_1465697e89,Con Đường Không Có Tên Anh,Dương Triệu Vũ,INSTRUMENTAL,MISSING,NO_VALID_IMAGE_URL,0,0,NONE,0
RMVM_S_7e94c6397a,Chuyện Lòng Người Ca Sỹ,Hoàng Hoa,BOLERO_TRUTINH,MISSING,NO_VALID_IMAGE_URL,0,0,NONE,0
RMVM_S_adb7608fb9,Kẻ Si Tình,"Minh Thuận, Nhật Hào",POP_BALLAD,MISSING,NO_VALID_IMAGE_URL,0,0,NONE,0
RMVM_S_2847bb7411,Bài Ca Người Săn Máy Bay,Thanh Vinh,REVOLUTIONARY,MISSING,NO_VALID_IMAGE_URL,0,0,NONE,0
RMVM_S_26856bb5fa,Ngày Mai Trời Lại Sáng,Nhật Kim Anh,POP_BALLAD,MISSING,NO_VALID_IMAGE_URL,0,0,NONE,0
RMVM_S_8da605ec94,Là Anh Sai,Lâm Chấn Kiệt,POP_BALLAD,MISSING,NO_VALID_IMAGE_URL,0,0,NONE,0
RMVM_S_531580bd0a,Hãy Thêm Một Lần,Don Hồ,INSTRUMENTAL,MISSING,NO_VALID_IMAGE_URL,0,0,NONE,0
RMVM_S_6e11a9c46a,Gặp Chúa Trên Quê Hương,Mai Thiên Vân,INSTRUMENTAL,MISSING,NO_VALID_IMAGE_URL,0,0,NONE,0
RMVM_S_4aa83ebca2,Tình Như Khúc Ca,Đức Tuấn,POP_BALLAD,MISSING,NO_VALID_IMAGE_URL,0,0,NONE,0
RMVM_S_df11fa3695,Thứ Đàn Ông Gì Vậy?,Thành Đại Siêu,POP_BALLAD,MISSING,NO_VALID_IMAGE_URL,0,0,NONE,0
RMVM_S_549f3af1ef,Bài Không Tên Số 12 - Bên Nhau Chiều Gió Lộng,Trường Kha,BOLERO_TRUTINH,MISSING,NO_VALID_IMAGE_URL,0,0,NONE,0
RMVM_S_b783f23324,Yêu Vì Yêu,Mắt Ngọc,POP_BALLAD,MISSING,NO_VALID_IMAGE_URL,0,0,NONE,0
RMVM_S_b57069d520,Một Lần Về Với Biển,Bùi Tuyết Mai,BOLERO_TRUTINH,MISSING,NO_VALID_IMAGE_URL,0,0,NONE,0
RMVM_S_b49d61ae38,Quà Yêu Thương,"Thụy Vũ, Klong Hagim, Phương Trinh Jolie",POP_BALLAD,MISSING,NO_VALID_IMAGE_URL,0,0,NONE,0
RMVM_S_2c0d69c55b,Còn Yêu Anh Nữa Không,Ngữ Hồ,POP_BALLAD,MISSING,NO_VALID_IMAGE_URL,0,0,NONE,0
RMVM_S_18e083992c,Mấy Khi Lớn Để Buồn,thanhretro,POP_BALLAD,MISSING,NO_VALID_IMAGE_URL,0,0,NONE,0
RMVM_S_f0694fd2b9,Phố Cũ Mưa Rơi,Trường Thanh,POP_BALLAD,MISSING,NO_VALID_IMAGE_URL,0,0,NONE,0
RMVM_S_c984ee7a3d,Ngôi Nhà Bánh Kẹo,Bé Minh Vy,CHILDREN,MISSING,NO_VALID_IMAGE_URL,0,0,NONE,0
RMVM_S_d53af339a5,Đời Rồi Ai Cũng Như Ai,Dương Anh Tâm,POP_BALLAD,MISSING,NO_VALID_IMAGE_URL,0,0,NONE,0
RMVM_S_b663a2bb97,Chẳng Thể Sống Thiếu Em (Lofi Version),"Kalee Hoàng, Cường",POP_BALLAD,MISSING,NO_VALID_IMAGE_URL,0,0,NONE,0
RMVM_S_7fd805d53f,Đơn Phương Màu Nắng,Duy Văn Phạm,POP_BALLAD,MISSING,NO_VALID_IMAGE_URL,0,0,NONE,0
RMVM_S_3008b47e75,Cuộc Tình Đã Mât,Lâm Hùng,INSTRUMENTAL,MISSING,NO_VALID_IMAGE_URL,0,0,NONE,0
RMVM_S_8374c3d7c4,Bài Ca Chiến Sĩ Công An,Hoàng Minh Thắng,BOLERO_TRUTINH,MISSING,NO_VALID_IMAGE_URL,0,0,NONE,0
RMVM_S_5bcd2b2749,1 vòng sài gòn,B Ray,RAP_HIPHOP,MISSING,NO_VALID_IMAGE_URL,0,0,NONE,0
RMVM_S_3b44827b54,Bae dun't cry x Anh muốn nghe giọng em,"Koo, Nguyên",RAP_HIPHOP,MISSING,NO_VALID_IMAGE_URL,0,0,NONE,0
RMVM_S_45b116772a,Người Ở Người Về,Thanh Lam,BOLERO_TRUTINH,MISSING,NO_VALID_IMAGE_URL,0,0,NONE,0
RMVM_S_804081a239,Cho Tình Yêu Đẹp Mãi,Thiên Kim,INSTRUMENTAL,MISSING,NO_VALID_IMAGE_URL,0,0,NONE,0
RMVM_S_3f089dd1bf,Lặng Lẽ Tiếng Dương Cầm,Trịnh Hoàng Hải,POP_BALLAD,MISSING,NO_VALID_IMAGE_URL,0,0,NONE,0
RMVM_S_0798716207,Mashup Út Ơi 12345 (Chips Lofi),Jena,POP_BALLAD,MISSING,NO_VALID_IMAGE_URL,0,0,NONE,0
RMVM_S_3500d0e2f3,Cơn Mơ Ngọt Ngào,Thiều Bảo Trâm,POP_BALLAD,MISSING,NO_VALID_IMAGE_URL,0,0,NONE,0
RMVM_S_d7714a95dd,Bài Ca Thống Nhất,Trọng Tấn,REVOLUTIONARY,MISSING,NO_VALID_IMAGE_URL,0,0,NONE,0
RMVM_S_6232acb94e,Mong Nhớ Về Em,Lương Tùng Quang,INSTRUMENTAL,MISSING,NO_VALID_IMAGE_URL,0,0,NONE,0
RMVM_S_3598972292,Tự Sự Yêu Của Em,Nông Anh Thơ,POP_BALLAD,MISSING,NO_VALID_IMAGE_URL,0,0,NONE,0
RMVM_S_0452f2f281,Khi Tình Yêu Đã Mất,Thu Phương,POP_BALLAD,MISSING,NO_VALID_IMAGE_URL,0,0,NONE,0
RMVM_S_26083b261f,Liên Khúc Slow,Đào Phi Dương,BOLERO_TRUTINH,MISSING,NO_VALID_IMAGE_URL,0,0,NONE,0
RMVM_S_e1a3481005,Giấu Nỗi Đau Vào Ký Ức (Beat),Thái Thành Công,POP_BALLAD,MISSING,NO_VALID_IMAGE_URL,0,0,NONE,0
RMVM_S_e5cd73c512,Ai Cũng Có Ngày Xưa (Beat),Khang Việt,POP_BALLAD,MISSING,NO_VALID_IMAGE_URL,0,0,NONE,0
RMVM_S_1c67eb71ac,Gót Son Lấp Vùi,Quang Minh,POP_BALLAD,MISSING,NO_VALID_IMAGE_URL,0,0,NONE,0
RMVM_S_c13f27a29a,Cách Để Quên Một Người,Vũ Phương,POP_BALLAD,MISSING,NO_VALID_IMAGE_URL,0,0,NONE,0
RMVM_S_e739035a0d,Tạm Biệt Yêu Thương (Beat),TAT,POP_BALLAD,MISSING,NO_VALID_IMAGE_URL,0,0,NONE,0
RMVM_S_6464411c23,Cô Bé U Sầu,Lam Trường,POP_BALLAD,MISSING,NO_VALID_IMAGE_URL,0,0,NONE,0
RMVM_S_fc506798d0,Anh Sẽ Là Người Đi Theo,Vân Quang Long,POP_BALLAD,MISSING,NO_VALID_IMAGE_URL,0,0,NONE,0
RMVM_S_c27c63187c,Đi Tìm Nắng Hạ,Khánh Duy,BOLERO_TRUTINH,MISSING,NO_VALID_IMAGE_URL,0,0,NONE,0
RMVM_S_813f997c97,Kiểu Gì Chả Mất,"Đức Anh, Lil Z",POP_BALLAD,MISSING,NO_VALID_IMAGE_URL,0,0,NONE,0
RMVM_S_039f666292,Việt Nam Quê Hương Tôi,Thiên Phúc,FOLK_TRADITIONAL,MISSING,NO_VALID_IMAGE_URL,0,0,NONE,0
RMVM_S_cdddd44727,Nhật Ký Mẹ,Nguyễn Hồng Ân,POP_BALLAD,MISSING,NO_VALID_IMAGE_URL,0,0,NONE,0
RMVM_S_56cff1a6d4,Búp bê bị hư,Dương Hiếu Nghĩa,POP_BALLAD,MISSING,NO_VALID_IMAGE_URL,0,0,NONE,0
RMVM_S_5038782b74,Ân Tình Xứ Nghệ,NSƯT Hương Giang,BOLERO_TRUTINH,MISSING,NO_VALID_IMAGE_URL,0,0,NONE,0
RMVM_S_66cd6993c4,Hãy Sống Cùng Tình Yêu (slow version),Nhiều nghệ sĩ,INSTRUMENTAL,MISSING,NO_VALID_IMAGE_URL,0,0,NONE,0
RMVM_S_dad0015ca7,Khát Khao Ánh Mặt Trời,Lương Tùng Quang,INSTRUMENTAL,MISSING,NO_VALID_IMAGE_URL,0,0,NONE,0
RMVM_S_a39a424444,Tiếng Sét Trong Vườn Hoang,Ngọc Ánh,INSTRUMENTAL,MISSING,NO_VALID_IMAGE_URL,0,0,NONE,0
RMVM_S_5888535ecf,Lời Tình Trong Đêm,Lam Trường,POP_BALLAD,MISSING,NO_VALID_IMAGE_URL,0,0,NONE,0
RMVM_S_8c57b96b5e,Tân Cổ Tình Xưa Vụng Dại,"Vy Thúy Hằng, Nguyễn Thanh Sang",BOLERO_TRUTINH,MISSING,NO_VALID_IMAGE_URL,0,0,NONE,0
RMVM_S_458e8eb036,Cuộc Tình Ngang Trái (Beat),Trịnh Gia Phúc,POP_BALLAD,MISSING,NO_VALID_IMAGE_URL,0,0,NONE,0
RMVM_S_36c770f88d,Nếu Một Ngày Em Đến,Hoàng Thiên Long,POP_BALLAD,MISSING,NO_VALID_IMAGE_URL,0,0,NONE,0
RMVM_S_b09cd2b69b,Em Nghĩ Sao Về,Phạm Đình Thái Ngân,POP_BALLAD,MISSING,NO_VALID_IMAGE_URL,0,0,NONE,0
RMVM_S_84efadf691,Đơn Côi Tình Đời,Phan Đăng Hưng,BOLERO_TRUTINH,MISSING,NO_VALID_IMAGE_URL,0,0,NONE,0
RMVM_S_fa0bd6f7ee,Sao Vội Rời Xa,DaRuss,POP_BALLAD,MISSING,NO_VALID_IMAGE_URL,0,0,NONE,0
RMVM_S_4a30fb4945,Không Yêu Cũng Đừng Làm Tổn Thương Em,Anh Duy,POP_BALLAD,MISSING,NO_VALID_IMAGE_URL,0,0,NONE,0
RMVM_S_5c872207e0,Khúc Xuân (KBTL Remix),"BeeBoss, Châu Ngọc Lan",POP_BALLAD,MISSING,NO_VALID_IMAGE_URL,0,0,NONE,0
RMVM_S_a076ef5a7b,Bé Về Thăm Quê,Bé Bào Ngư,CHILDREN,MISSING,NO_VALID_IMAGE_URL,0,0,NONE,0
RMVM_S_29c3bc7e3f,Khi Một Mình,Hồ Quỳnh Hương,BOLERO_TRUTINH,MISSING,NO_VALID_IMAGE_URL,0,0,NONE,0
RMVM_S_395f3f4e20,Lạc Nhịp,Trường Nhân,POP_BALLAD,MISSING,NO_VALID_IMAGE_URL,0,0,NONE,0
RMVM_S_5bcf95fa2f,Gái Già Lắm Chiều Explosive mix,Sĩ Thanh,POP_BALLAD,MISSING,NO_VALID_IMAGE_URL,0,0,NONE,0
RMVM_S_d8021ed37c,Khi Nào Em Nói Yêu Anh,SMS,POP_BALLAD,MISSING,NO_VALID_IMAGE_URL,0,0,NONE,0
RMVM_S_bce616bfd4,Một Ngày Yêu,Tóc Tiên,INSTRUMENTAL,MISSING,NO_VALID_IMAGE_URL,0,0,NONE,0
RMVM_S_c6ac74fb6f,Chuông Ngân Vang,Nam Vương Bảo Lê,POP_BALLAD,MISSING,NO_VALID_IMAGE_URL,0,0,NONE,0
RMVM_S_38fb25ec7e,"Việt Nam, We Are The Champions","Phạm Hồng Biển, Tố My",POP_BALLAD,MISSING,NO_VALID_IMAGE_URL,0,0,NONE,0
RMVM_S_94e1502607,Lang Thang Nghênh Ngang,Cường DC,POP_BALLAD,MISSING,NO_VALID_IMAGE_URL,0,0,NONE,0
RMVM_S_d6d98511bf,Mẹ Con Sai Rồi,Bé Hiển Thông,POP_BALLAD,MISSING,NO_VALID_IMAGE_URL,0,0,NONE,0
RMVM_S_5258de08e8,Apsara Vũ Nữ,Trường Kha,FOLK_TRADITIONAL,MISSING,NO_VALID_IMAGE_URL,0,0,NONE,0
RMVM_S_a9ba637da9,Cứ Ngỡ Trọn Đời (Vinahouse),Đạt Khói,DANCE_EDM,MISSING,NO_VALID_IMAGE_URL,0,0,NONE,0
RMVM_S_23695e2c46,Ngã Bảy Phố Và Sông,Tín Nhiệm,POP_BALLAD,MISSING,NO_VALID_IMAGE_URL,0,0,NONE,0
RMVM_S_4576873d4d,Buồn Vì Ta Mất Nhau,Trương Ngôn,POP_BALLAD,MISSING,NO_VALID_IMAGE_URL,0,0,NONE,0
RMVM_S_b1a3f87687,Một Chút Tình Quê,Thu Hiền,FOLK_TRADITIONAL,MISSING,NO_VALID_IMAGE_URL,0,0,NONE,0
RMVM_S_4859624f80,Những Ngày Mộng Mơ,Mỹ Linh,POP_BALLAD,MISSING,NO_VALID_IMAGE_URL,0,0,NONE,0
RMVM_S_f7be403fb5,Anh Em Cây Khế (Bee Remix),"Du Thiên, Đạt Villa",DANCE_EDM,MISSING,NO_VALID_IMAGE_URL,0,0,NONE,0
RMVM_S_1b46d418fb,Đã Bao Lâu,"Arius Boiz, Lỏn",POP_BALLAD,MISSING,NO_VALID_IMAGE_URL,0,0,NONE,0
RMVM_S_1cf563a6cc,Đời Chỉ Là Thế Thôi,Thái Sơn,POP_BALLAD,MISSING,NO_VALID_IMAGE_URL,0,0,NONE,0
RMVM_S_762dcceb6a,Bên Kia Đời Nhau,Nguyên Khang,POP_BALLAD,MISSING,NO_VALID_IMAGE_URL,0,0,NONE,0
RMVM_S_f33ec8c4a5,Khóc Một Cuộc Tình,Mai Tuấn,BOLERO_TRUTINH,MISSING,NO_VALID_IMAGE_URL,0,0,NONE,0
RMVM_S_246250e7bd,Anh Quên Em Đi (Acoustic),Nipe,POP_BALLAD,MISSING,NO_VALID_IMAGE_URL,0,0,NONE,0
RMVM_S_e8090231e3,Hãy Nhìn Để Thêm Yêu Cuộc Sống,Bé Phương Nhi,CHILDREN,MISSING,NO_VALID_IMAGE_URL,0,0,NONE,0
RMVM_S_1d47f3b6fa,Bài Học Thương Đau,Nguyễn Hoàng Anh,POP_BALLAD,MISSING,NO_VALID_IMAGE_URL,0,0,NONE,0
RMVM_S_8700b4b481,Kẻ Lãng Du,Nhật Hào,POP_BALLAD,MISSING,NO_VALID_IMAGE_URL,0,0,NONE,0
RMVM_S_32a96f3b62,Khoảng Thời Gian Bên Em,Triều Hải,POP_BALLAD,MISSING,NO_VALID_IMAGE_URL,0,0,NONE,0
RMVM_S_851ae9e97e,Nhật Ký Buồn,Trần Thành Long,BOLERO_TRUTINH,MISSING,NO_VALID_IMAGE_URL,0,0,NONE,0
RMVM_S_802398214b,Một Khúc Ca Xưa,"Thiên Kim, Quốc Hùng",INSTRUMENTAL,MISSING,NO_VALID_IMAGE_URL,0,0,NONE,0
RMVM_S_405d2f0105,Còn Yêu Nhau Thì Về,Tam Ca Thế Hệ Mới,POP_BALLAD,MISSING,NO_VALID_IMAGE_URL,0,0,NONE,0
RMVM_S_b8b4c14ea4,Đến Khi Mỏi Mòn,Đình Dương,POP_BALLAD,MISSING,NO_VALID_IMAGE_URL,0,0,NONE,0
RMVM_S_8c41435f64,Tình Hồng Như Mơ,"Cẩm Ly, Đan Trường",BOLERO_TRUTINH,MISSING,NO_VALID_IMAGE_URL,0,0,NONE,0
RMVM_S_cb14bbaff6,Ánh Mắt Kiêu Sa,La Thăng (Huy Nam & Huy Khánh),POP_BALLAD,MISSING,NO_VALID_IMAGE_URL,0,0,NONE,0
RMVM_S_96179d3a24,Ân Tình Mẹ Yêu,Lm. Quang Lâm,BOLERO_TRUTINH,MISSING,NO_VALID_IMAGE_URL,0,0,NONE,0
RMVM_S_4918c2e1bb,Chiều Hoang,Ngọc Anh,BOLERO_TRUTINH,MISSING,NO_VALID_IMAGE_URL,0,0,NONE,0
RMVM_S_6308768cfa,Đã Yêu Sao Không Chân Thành,Ngọc Liên,INSTRUMENTAL,MISSING,NO_VALID_IMAGE_URL,0,0,NONE,0
RMVM_S_392953887f,Có Một Người Để Yêu (Beat),"Sĩ Thanh, PD Seven",POP_BALLAD,MISSING,NO_VALID_IMAGE_URL,0,0,NONE,0
RMVM_S_0e0f2dd0b7,Anh Là Quá Khứ Em Không Thể Quên (WRC REMIX),"ZIN MEDIA, Oanh Tạ",DANCE_EDM,MISSING,NO_VALID_IMAGE_URL,0,0,NONE,0
RMVM_S_c1c35f5c70,Hạnh Phúc Ảo,Bích Ngọc Trân,BOLERO_TRUTINH,MISSING,NO_VALID_IMAGE_URL,0,0,NONE,0
RMVM_S_d9117c5ca9,Bài Ca Tình Nhớ,Dương Triệu Vũ,INSTRUMENTAL,MISSING,NO_VALID_IMAGE_URL,0,0,NONE,0
RMVM_S_d1c369e766,Sức Sống Trường Sa,Trang Nhung,BOLERO_TRUTINH,MISSING,NO_VALID_IMAGE_URL,0,0,NONE,0
RMVM_S_889ec098e6,Sống Đầy Từ Hôm Nay,Cao Minh Thiên Tùng,POP_BALLAD,MISSING,NO_VALID_IMAGE_URL,0,0,NONE,0
RMVM_S_769629db6b,Tôi Khóc Trong Đêm,Nhật Hào,POP_BALLAD,MISSING,NO_VALID_IMAGE_URL,0,0,NONE,0
RMVM_S_f3543717e5,Yêu Như Cách Em Từng,Yến Trang,POP_BALLAD,MISSING,NO_VALID_IMAGE_URL,0,0,NONE,0
RMVM_S_11e2d48a7f,Vào Hạ,Bé Phương Nhi,CHILDREN,MISSING,NO_VALID_IMAGE_URL,0,0,NONE,0
RMVM_S_e765f12818,Cánh Hoa Yêu,Tố My,POP_BALLAD,MISSING,NO_VALID_IMAGE_URL,0,0,NONE,0
RMVM_S_f6bdd27247,Tạm Biệt Matxcova,Quang Thọ,POP_BALLAD,MISSING,NO_VALID_IMAGE_URL,0,0,NONE,0
RMVM_S_1bfec51436,Hà Nội Đem Trở Gió,Ngọc Hạ,INSTRUMENTAL,MISSING,NO_VALID_IMAGE_URL,0,0,NONE,0
RMVM_S_6935fe8eda,Phượng Thắm Sân Trường,Mạnh Quỳnh,BOLERO_TRUTINH,MISSING,NO_VALID_IMAGE_URL,0,0,NONE,0
RMVM_S_f420a927f8,Một Thời Để Chết,Minh Xuân,POP_BALLAD,MISSING,NO_VALID_IMAGE_URL,0,0,NONE,0
RMVM_S_478af06679,Vết Tình (Remix),Minh Tùng,POP_BALLAD,MISSING,NO_VALID_IMAGE_URL,0,0,NONE,0
RMVM_S_b33854f97f,Bên Anh Em Không Có Tương Lai (Cover),Hứa Văn Cường,BOLERO_TRUTINH,MISSING,NO_VALID_IMAGE_URL,0,0,NONE,0
RMVM_S_0b9dd591f1,Bước Tôi về,Đặng Tuấn Phương,POP_BALLAD,MISSING,NO_VALID_IMAGE_URL,0,0,NONE,0
RMVM_S_3c1bc4d9df,Chiếc Áo Mẹ May,Thạch Thảo,BOLERO_TRUTINH,MISSING,NO_VALID_IMAGE_URL,0,0,NONE,0
RMVM_S_f59ab74440,Đời Vẫn Buồn Xót Xa,Hương Thơ,POP_BALLAD,MISSING,NO_VALID_IMAGE_URL,0,0,NONE,0
RMVM_S_cdfb64c499,Lời Sau Cuối,Khoa Đăng,POP_BALLAD,MISSING,NO_VALID_IMAGE_URL,0,0,NONE,0
RMVM_S_d2a265666d,Con Lấy Chồng Xa,Hằng Ni,BOLERO_TRUTINH,MISSING,NO_VALID_IMAGE_URL,0,0,NONE,0
RMVM_S_ec04de1481,Tân Cổ Đoạn Tuyệt,Như Huỳnh,BOLERO_TRUTINH,MISSING,NO_VALID_IMAGE_URL,0,0,NONE,0
RMVM_S_a4919a03d8,Ca Khúc Yêu Đời,"Trường Kha, Sao Mai",BOLERO_TRUTINH,MISSING,NO_VALID_IMAGE_URL,0,0,NONE,0
RMVM_S_5c25a841d0,Tình Yêu Đến Mang Theo Mùa Xuân,Nguyễn Khánh Linh,POP_BALLAD,MISSING,NO_VALID_IMAGE_URL,0,0,NONE,0
RMVM_S_d5153e8c6c,Anh Yêu Tà Áo Trắng,Nhật Tinh Anh,POP_BALLAD,MISSING,NO_VALID_IMAGE_URL,0,0,NONE,0
RMVM_S_b6efaf8821,Binh Yen Tuoi Tho,Phạm Hồng Biển,POP_BALLAD,MISSING,NO_VALID_IMAGE_URL,0,0,NONE,0
RMVM_S_b004ffa5f2,Duyên Tình Lý Ngựa Ô,Hương Lan,FOLK_TRADITIONAL,MISSING,NO_VALID_IMAGE_URL,0,0,NONE,0
RMVM_S_0a0d815567,Cần Thơ Trong Nỗi Nhớ,Hồ Khắc Tùng,BOLERO_TRUTINH,MISSING,NO_VALID_IMAGE_URL,0,0,NONE,0
RMVM_S_c1370a69ee,Quá Khứ Ngọt Ngào,Trịnh Gia Phúc,POP_BALLAD,MISSING,NO_VALID_IMAGE_URL,0,0,NONE,0
RMVM_S_2ba56c7173,Bốn Mươi Mùa Thu Qua,Xuân Phú,BOLERO_TRUTINH,MISSING,NO_VALID_IMAGE_URL,0,0,NONE,0
RMVM_S_383e02b7f4,Hạnh Phúc Nửa Vời,Don Hồ,INSTRUMENTAL,MISSING,NO_VALID_IMAGE_URL,0,0,NONE,0
RMVM_S_39dc45460c,Cảm Ơn Đời Cảm Ơn Em,Huỳnh Đăng Thuận,POP_BALLAD,MISSING,NO_VALID_IMAGE_URL,0,0,NONE,0
RMVM_S_0f39c97e1d,Có Khi Nào Rời Xa (Remix House),"Hùng Quân, H2O Houselak",POP_BALLAD,MISSING,NO_VALID_IMAGE_URL,0,0,NONE,0
RMVM_S_9392392949,Phố Vắng Ai Rồi,Bonneur Trinh,BOLERO_TRUTINH,MISSING,NO_VALID_IMAGE_URL,0,0,NONE,0
RMVM_S_b31035b3a0,Lý Do Anh Yêu Em,KayPy,POP_BALLAD,MISSING,NO_VALID_IMAGE_URL,0,0,NONE,0
RMVM_S_303c30d081,Đêm Của Lời Hẹn Hò,"Thu Giang, Phan Đinh Tùng",BOLERO_TRUTINH,MISSING,NO_VALID_IMAGE_URL,0,0,NONE,0
RMVM_S_9536a274de,Khó Tính Cá Tính Mà Thật Xinh,Sang Bùi,POP_BALLAD,MISSING,NO_VALID_IMAGE_URL,0,0,NONE,0
RMVM_S_fb61c893ee,Mười Đầu Ngón Tay,Hoàng Lan,INSTRUMENTAL,MISSING,NO_VALID_IMAGE_URL,0,0,NONE,0
RMVM_S_cbaf8ff748,Tình Yêu Và Dòng Sông Quan Họ,Nguyễn Hưng,BOLERO_TRUTINH,MISSING,NO_VALID_IMAGE_URL,0,0,NONE,0
RMVM_S_1394279518,Còn Thấy Mặt Người,Thu Trang,NHAC_TRINH,MISSING,NO_VALID_IMAGE_URL,0,0,NONE,0
RMVM_S_44007c3be0,Tôi Vẫn Tin Có Tình Yêu,Phan Đinh Tùng,POP_BALLAD,MISSING,NO_VALID_IMAGE_URL,0,0,NONE,0
RMVM_S_06f18b5dbc,Bước Chân Buồn,Anh Đô,BOLERO_TRUTINH,MISSING,NO_VALID_IMAGE_URL,0,0,NONE,0
RMVM_S_7f1e426c5e,Đợi Cho Những Hạt Mưa Ngừng Rơi,Việt Athen,POP_BALLAD,MISSING,NO_VALID_IMAGE_URL,0,0,NONE,0
RMVM_S_4da1d11877,Đừng Buồn Vì Cô Ấy,"Bii, Kayl D, Công Quyền",POP_BALLAD,MISSING,NO_VALID_IMAGE_URL,0,0,NONE,0
RMVM_S_c37fdc6b53,Bao Đêm Anh Khóc Remix,Lưu Chí Vỹ,POP_BALLAD,MISSING,NO_VALID_IMAGE_URL,0,0,NONE,0
RMVM_S_684eac7bd1,1 Ngày Thiếu Em Trong Đời,"MC12, Arthur",RAP_HIPHOP,MISSING,NO_VALID_IMAGE_URL,0,0,NONE,0
RMVM_S_664775bf4b,Hạnh Phúc Trong Anh Là Em (Remix) (New Version),Hoàng Khánh Dũng,DANCE_EDM,MISSING,NO_VALID_IMAGE_URL,0,0,NONE,0
RMVM_S_9145ffeb61,Cô Ấy Đã Từng (Remix),Anh Trung,POP_BALLAD,MISSING,NO_VALID_IMAGE_URL,0,0,NONE,0
RMVM_S_9c495a6622,Biết Làm Sao Quên,Trương Đình Phong,POP_BALLAD,MISSING,NO_VALID_IMAGE_URL,0,0,NONE,0
RMVM_S_fa0a6c0dfa,Kỷ Niệm Mùa Hè,Đoan Trang,CHILDREN,MISSING,NO_VALID_IMAGE_URL,0,0,NONE,0
RMVM_S_057282a987,Café Đắng,Thiên Kim,INSTRUMENTAL,MISSING,NO_VALID_IMAGE_URL,0,0,NONE,0
RMVM_S_638c596656,Tiếc Thương Gì Nửa,"Lương Tùng Quang, Vân Quỳnh",INSTRUMENTAL,MISSING,NO_VALID_IMAGE_URL,0,0,NONE,0
RMVM_S_4b3005dfc7,Hát Bên Trời Lãng Quên,Trường Thanh,BOLERO_TRUTINH,MISSING,NO_VALID_IMAGE_URL,0,0,NONE,0
RMVM_S_6d33bb6285,Suối Hoa,Bé Trang Thư,CHILDREN,MISSING,NO_VALID_IMAGE_URL,0,0,NONE,0
RMVM_S_4562810cec,Đêm Pháp Hoa,Anh Thư Nguyễn,BOLERO_TRUTINH,MISSING,NO_VALID_IMAGE_URL,0,0,NONE,0
RMVM_S_b4b728e3aa,LÊN ĐÂY MÀ XEM,"Willistic, Gill",RAP_HIPHOP,MISSING,NO_VALID_IMAGE_URL,0,0,NONE,0
RMVM_S_d312105a6c,Ai Ngoài Cánh Cửa,Xuân Mai,CHILDREN,MISSING,NO_VALID_IMAGE_URL,0,0,NONE,0
RMVM_S_7d657c6292,Tân Cổ Bạc Trắng Lửa Hồng,"Nguyên Hùng, Hồng Yến",BOLERO_TRUTINH,MISSING,NO_VALID_IMAGE_URL,0,0,NONE,0
RMVM_S_b957e60261,Đàn Tình (Beat),"Quân Min, L.D.A.",POP_BALLAD,MISSING,NO_VALID_IMAGE_URL,0,0,NONE,0
RMVM_S_a8e5e5a4d4,Chờ Anh Nói Một Lời,"Nguyễn Hưng, Lưu Bích",INSTRUMENTAL,MISSING,NO_VALID_IMAGE_URL,0,0,NONE,0
RMVM_S_df7d68e25e,Suối Tóc,"Ái Vân, Elvis Phương",BOLERO_TRUTINH,MISSING,NO_VALID_IMAGE_URL,0,0,NONE,0
RMVM_S_3bac057d66,Bài Tình Ca Cho Kỹ Niệm,Loan Châu,BOLERO_TRUTINH,MISSING,NO_VALID_IMAGE_URL,0,0,NONE,0
RMVM_S_ac841f8586,Đành Ôm Xót Xa,Thiên Bảo,BOLERO_TRUTINH,MISSING,NO_VALID_IMAGE_URL,0,0,NONE,0
RMVM_S_37d5984971,Chiều Đông Kỷ Niệm,Cao Hoàng,BOLERO_TRUTINH,MISSING,NO_VALID_IMAGE_URL,0,0,NONE,0
RMVM_S_009edbf2cc,Má Thương Con Hoài,Kevin Vương,BOLERO_TRUTINH,MISSING,NO_VALID_IMAGE_URL,0,0,NONE,0
RMVM_S_3fa8ea549a,Điều Ước Nhỏ Nhoi,Triệu Tuấn Linh,BOLERO_TRUTINH,MISSING,NO_VALID_IMAGE_URL,0,0,NONE,0
RMVM_S_ab90c04e4b,Xin Lỗi Ta Yêu Người (Yuki No Hana),Lee Phú Quý,POP_BALLAD,MISSING,NO_VALID_IMAGE_URL,0,0,NONE,0
RMVM_S_15ecb44746,Cách Sống Ở Đời (Beat),Du Thiên,POP_BALLAD,MISSING,NO_VALID_IMAGE_URL,0,0,NONE,0
RMVM_S_a4df759f86,Cho Em Xin Thêm 1 Phút,Liz Kim Cương,POP_BALLAD,MISSING,NO_VALID_IMAGE_URL,0,0,NONE,0
RMVM_S_d69438d8f9,Điều Cha Chưa Nói,Ali Hoang Duong,POP_BALLAD,MISSING,NO_VALID_IMAGE_URL,0,0,NONE,0
RMVM_S_cdf6365ee5,Một Thuở Yêu Người,Lương Gia Huy,DANCE_EDM,MISSING,NO_VALID_IMAGE_URL,0,0,NONE,0
RMVM_S_0dd7ed7abd,Tình Hồng Phai,Nhóm Khoái Văn Nghệ,BOLERO_TRUTINH,MISSING,NO_VALID_IMAGE_URL,0,0,NONE,0
RMVM_S_53a63dd4f7,Dòng Sông Thương Nhớ,Bùi Tuyết Mai,BOLERO_TRUTINH,MISSING,NO_VALID_IMAGE_URL,0,0,NONE,0
RMVM_S_dc8e828fe4,Anh Là Người Đàn Ông Không Tốt,Long Hải,POP_BALLAD,MISSING,NO_VALID_IMAGE_URL,0,0,NONE,0
RMVM_S_9f61e0e65a,Liên Khúc Nhạc Sến Sang (Remix),Peto,POP_BALLAD,MISSING,NO_VALID_IMAGE_URL,0,0,NONE,0
RMVM_S_810bcc7f06,Anh Luôn Tồn Tại (Beat),Huỳnh Như,POP_BALLAD,MISSING,NO_VALID_IMAGE_URL,0,0,NONE,0
RMVM_S_3c356fb145,Người Em Gái Nhỏ,Quang Linh,BOLERO_TRUTINH,MISSING,NO_VALID_IMAGE_URL,0,0,NONE,0
RMVM_S_5d713a03b0,Anh Yêu Em Không Phải Chỉ Kiếp Này (Beat),Quang Mask,POP_BALLAD,MISSING,NO_VALID_IMAGE_URL,0,0,NONE,0
RMVM_S_8faa6cac56,Canh Bạc Cuộc Đời,Trường Kha,POP_BALLAD,MISSING,NO_VALID_IMAGE_URL,0,0,NONE,0
RMVM_S_4952786d26,Baby Em Cô Đơn,"Bảo Thy, Nimbia, RedT",POP_BALLAD,MISSING,NO_VALID_IMAGE_URL,0,0,NONE,0
RMVM_S_31b5b21a36,Đau Lắm (Remix),Phạm Trưởng,POP_BALLAD,MISSING,NO_VALID_IMAGE_URL,0,0,NONE,0
RMVM_S_857c6be09f,Đôi Mắt Người Xưa,Trường Vũ,BOLERO_TRUTINH,MISSING,NO_VALID_IMAGE_URL,0,0,NONE,0
RMVM_S_9046ac32bb,Hạnh Phúc Của Riêng Anh (Beat),Trương Khải Minh,POP_BALLAD,MISSING,NO_VALID_IMAGE_URL,0,0,NONE,0
RMVM_S_31fd3163b1,Người Cũ (Beat),Minh Vương M4U,POP_BALLAD,MISSING,NO_VALID_IMAGE_URL,0,0,NONE,0
RMVM_S_a6f64f4e12,Từ Khi Em Đến,Khắc Dũng,FOLK_TRADITIONAL,MISSING,NO_VALID_IMAGE_URL,0,0,NONE,0
RMVM_S_77b467affd,Biển Buồn,"Don Hồ, Dalena",INSTRUMENTAL,MISSING,NO_VALID_IMAGE_URL,0,0,NONE,0
RMVM_S_5b43814b5c,Lại Gần Anh 1 Chút,Lập Nguyên,POP_BALLAD,MISSING,NO_VALID_IMAGE_URL,0,0,NONE,0
RMVM_S_1c68b438e5,Tình Ngỡ Trăm Năm,"Lương Tùng Quang, Tú Quyên",INSTRUMENTAL,MISSING,NO_VALID_IMAGE_URL,0,0,NONE,0
RMVM_S_168e5e16ef,Cô Gái Đến Từ Hôm Qua (25th Làn Sóng Xanh),"DTAP, Thu Phương, ERIK",POP_BALLAD,MISSING,NO_VALID_IMAGE_URL,0,0,NONE,0
RMVM_S_408a55d708,Dòng Đời Đổi Thay,"Bảo Hân, Phi Phi",INSTRUMENTAL,MISSING,NO_VALID_IMAGE_URL,0,0,NONE,0
RMVM_S_a49b6dfadc,Bố Ơi Kể Chuyện Con Nghe,"Nguyễn Văn Chung, Bé Bánh Quy",POP_BALLAD,MISSING,NO_VALID_IMAGE_URL,0,0,NONE,0
RMVM_S_467e1e0727,Hà Nội Em Và Mùa Xuân,Quang Minh,BOLERO_TRUTINH,MISSING,NO_VALID_IMAGE_URL,0,0,NONE,0
RMVM_S_eb91202f61,Anh Muốn Quay Về,Phan Đinh Tùng,POP_BALLAD,MISSING,NO_VALID_IMAGE_URL,0,0,NONE,0
RMVM_S_d8ece71f1f,Vườn Yêu,Don Hồ,INSTRUMENTAL,MISSING,NO_VALID_IMAGE_URL,0,0,NONE,0
RMVM_S_3c0e57d89a,Bao Đời Miền Trung,Kevin Toàn,POP_BALLAD,MISSING,NO_VALID_IMAGE_URL,0,0,NONE,0
RMVM_S_17b4d0e57c,Đừng Lừa Dối (Beat),Viết Trung,POP_BALLAD,MISSING,NO_VALID_IMAGE_URL,0,0,NONE,0
RMVM_S_6a9929ce6c,Ngôi Sao May Mắn,"Khang Luân, Phi Nga",POP_BALLAD,MISSING,NO_VALID_IMAGE_URL,0,0,NONE,0
RMVM_S_03a91270ea,Là Ai Mang Nắng Đi Xa (Lofi Version),"Yang, CaoTri",POP_BALLAD,MISSING,NO_VALID_IMAGE_URL,0,0,NONE,0
RMVM_S_e0e19ef81f,Liên Khúc Mùa Đông Của Anh,Tín Nhiệm,POP_BALLAD,MISSING,NO_VALID_IMAGE_URL,0,0,NONE,0
RMVM_S_82795a500e,Bác Đang Cùng Chúng Cháu Hành Quân,"Quang Thọ, Trọng Thủy",REVOLUTIONARY,MISSING,NO_VALID_IMAGE_URL,0,0,NONE,0
RMVM_S_f54230f3ef,Sóng Gió (Cover),"Thiên An, Mi Ngân",POP_BALLAD,MISSING,NO_VALID_IMAGE_URL,0,0,NONE,0
RMVM_S_9bf9384198,Say Em,"QNT, Refund Band",POP_BALLAD,MISSING,NO_VALID_IMAGE_URL,0,0,NONE,0
RMVM_S_c028884e58,Như Áng Mây Trời,Trường Kha,BOLERO_TRUTINH,MISSING,NO_VALID_IMAGE_URL,0,0,NONE,0
RMVM_S_e2ba3d3139,Xây Lũy Xây Thành,Diệp Hoài Ngọc,BOLERO_TRUTINH,MISSING,NO_VALID_IMAGE_URL,0,0,NONE,0
RMVM_S_ade24e1643,Thằng Cuội,"Bé Bào Ngư, Hồ Văn Cường",CHILDREN,MISSING,NO_VALID_IMAGE_URL,0,0,NONE,0
RMVM_S_ba913dac30,Cho Tình Yêu Quay Về,Đức Tuấn,POP_BALLAD,MISSING,NO_VALID_IMAGE_URL,0,0,NONE,0
RMVM_S_e7fdeea132,Buồn Trong Đêm Mưa,Như Loan,BOLERO_TRUTINH,MISSING,NO_VALID_IMAGE_URL,0,0,NONE,0
RMVM_S_8989e11eee,Em Đến Từ Nghìn Xưa,Trịnh Vĩnh Trinh,NHAC_TRINH,MISSING,NO_VALID_IMAGE_URL,0,0,NONE,0
RMVM_S_6645225320,Baby I Love You,Đoàn Việt Phương,POP_BALLAD,MISSING,NO_VALID_IMAGE_URL,0,0,NONE,0
RMVM_S_60b010ae01,Lời Dối Gian Muộn Màng,Đăng Minh,POP_BALLAD,MISSING,NO_VALID_IMAGE_URL,0,0,NONE,0
RMVM_S_76ea5cc92d,Xin Hãy Thứ Tha (Remix),"Hoàng Trọng Tiến, SOUND HIT",DANCE_EDM,MISSING,NO_VALID_IMAGE_URL,0,0,NONE,0
RMVM_S_dfa47520da,Sao Ta Không Đến Làm Quen,Giang Hồng Ngọc,POP_BALLAD,MISSING,NO_VALID_IMAGE_URL,0,0,NONE,0
RMVM_S_5671019182,Lk Ước Hẹn & Tan Tác,Lưu Bích,INSTRUMENTAL,MISSING,NO_VALID_IMAGE_URL,0,0,NONE,0
RMVM_S_703a962ab3,Cánh Hoa Duyên Kiếp,Ánh Tuyết,FOLK_TRADITIONAL,MISSING,NO_VALID_IMAGE_URL,0,0,NONE,0
RMVM_S_a05e33dc83,Đến Cuối Cùng Lại Cô Đơn,Dickson Nguyen,POP_BALLAD,MISSING,NO_VALID_IMAGE_URL,0,0,NONE,0
RMVM_S_08e997bbd2,Tình Chỉ Là U Mê,Hồ Xuân Đào,BOLERO_TRUTINH,MISSING,NO_VALID_IMAGE_URL,0,0,NONE,0
RMVM_S_ff24951e01,Sao Anh Không Đến Chiều Mưa,Phương Thanh,POP_BALLAD,MISSING,NO_VALID_IMAGE_URL,0,0,NONE,0
RMVM_S_50157c14ca,Chỉ Sợ Em Thành Núi Biếc,Hương Lan,BOLERO_TRUTINH,MISSING,NO_VALID_IMAGE_URL,0,0,NONE,0
RMVM_S_2fea65bec1,Hai Ngã Rẽ,Vũ Hoàng,BOLERO_TRUTINH,MISSING,NO_VALID_IMAGE_URL,0,0,NONE,0
RMVM_S_964aebb50d,Xuân Bên Anh,Trang Nhung,POP_BALLAD,MISSING,NO_VALID_IMAGE_URL,0,0,NONE,0
RMVM_S_0ab32e9f12,"Mashup Trái Tim Của Gió, TDP (Nam Duck Remix)","Exclusive Music, Dunghoangpham",POP_BALLAD,MISSING,NO_VALID_IMAGE_URL,0,0,NONE,0
RMVM_S_ad122a90f6,Tết Quê (Beat),"Kiến Thành, Kim Đàm Rapper",FOLK_TRADITIONAL,MISSING,NO_VALID_IMAGE_URL,0,0,NONE,0
RMVM_S_37ae450cfa,Đứng Sau Người Em Yêu,Wind,POP_BALLAD,MISSING,NO_VALID_IMAGE_URL,0,0,NONE,0
RMVM_S_3633cc5f57,Nỗi Đau Tình Phụ,Mạnh Quỳnh,INSTRUMENTAL,MISSING,NO_VALID_IMAGE_URL,0,0,NONE,0
RMVM_S_307f0c7d4f,Anh Cứ Hẹn,Hà Thu Hiền,FOLK_TRADITIONAL,MISSING,NO_VALID_IMAGE_URL,0,0,NONE,0
RMVM_S_9719d44eb2,Ai Chung Tình Bằng Cô Đơn,"Hồ Ngọc Hà, Noo Phước Thịnh",POP_BALLAD,MISSING,NO_VALID_IMAGE_URL,0,0,NONE,0
RMVM_S_2a8a9bb264,Có Mùa Xuân Về Đây,"Minh Trang LyLy, TG Rapper",POP_BALLAD,MISSING,NO_VALID_IMAGE_URL,0,0,NONE,0
RMVM_S_c2f8734bc0,Khoảnh Khắc Đáng Giá Nhất,Ngô Viết Trung,POP_BALLAD,MISSING,NO_VALID_IMAGE_URL,0,0,NONE,0
RMVM_S_02364cf2f0,Giọt Mưa Thu (Album Tại Sao Là Không),"Lam Anh, Nguyệt Anh",BOLERO_TRUTINH,MISSING,NO_VALID_IMAGE_URL,0,0,NONE,0
RMVM_S_6a873c24d8,Cháy Nhà Ra Mặt Chuột,Lộn Xộn,POP_BALLAD,MISSING,NO_VALID_IMAGE_URL,0,0,NONE,0
RMVM_S_ae97b6874b,Câu Hát Lý Qua Đèo,Thu Hiền,FOLK_TRADITIONAL,MISSING,NO_VALID_IMAGE_URL,0,0,NONE,0
RMVM_S_9cb2f427ab,Không Thích Thì Đi,"Vĩnh Thuyên Kim, Nguyễn Đình Vũ",POP_BALLAD,MISSING,NO_VALID_IMAGE_URL,0,0,NONE,0
RMVM_S_e5291b07fa,Bay Lên Những Giấc Mơ,V.Music New,POP_BALLAD,MISSING,NO_VALID_IMAGE_URL,0,0,NONE,0
RMVM_S_b57593f38e,Con Gà Trống Gáy,Bé Hồng Ân,CHILDREN,MISSING,NO_VALID_IMAGE_URL,0,0,NONE,0
RMVM_S_8201bdc7bc,Có Khi Nào Em Biết,Hoàng Nghiệp,POP_BALLAD,MISSING,NO_VALID_IMAGE_URL,0,0,NONE,0
RMVM_S_b1291a9fd4,Muốn Làm Lại Người Tốt,Trương Đình Phong,POP_BALLAD,MISSING,NO_VALID_IMAGE_URL,0,0,NONE,0
RMVM_S_75b012f182,Bờ Vai Cho Em,Lương Bằng Quang,POP_BALLAD,MISSING,NO_VALID_IMAGE_URL,0,0,NONE,0
RMVM_S_b947a00854,Cô Em Gì Ơi,B-Eazy,POP_BALLAD,MISSING,NO_VALID_IMAGE_URL,0,0,NONE,0
RMVM_S_99c677f2cf,Ngày Em Nói,T.R.I,POP_BALLAD,MISSING,NO_VALID_IMAGE_URL,0,0,NONE,0
RMVM_S_b4c3319650,Ngàn Thu Áo Tím,Cẩm Ly,BOLERO_TRUTINH,MISSING,NO_VALID_IMAGE_URL,0,0,NONE,0
RMVM_S_e5049fc53b,Điệu Buồn Trên Sông (Dương Thế Bao La Sầu OST),"Hồng Phượng, Đông Dương",BOLERO_TRUTINH,MISSING,NO_VALID_IMAGE_URL,0,0,NONE,0
RMVM_S_b02afed33e,Tình Em Mãi Mãi,Hoàng Lan,INSTRUMENTAL,MISSING,NO_VALID_IMAGE_URL,0,0,NONE,0
RMVM_S_2d82e35739,Anh Hãy Về Cùng Mùa Xuân,Nguyễn Duyên Quỳnh,POP_BALLAD,MISSING,NO_VALID_IMAGE_URL,0,0,NONE,0
RMVM_S_0a8b793477,"Lời Ru, Bú Mớm, Nâng Niu",Thái Hiền,INSTRUMENTAL,MISSING,NO_VALID_IMAGE_URL,0,0,NONE,0
RMVM_S_1c81417208,Đừng Đùa Với Tình Yêu,Vân Quang Long,POP_BALLAD,MISSING,NO_VALID_IMAGE_URL,0,0,NONE,0
RMVM_S_f07c5c030e,Bước Chân Con Trở Về,Isaac Thái,POP_BALLAD,MISSING,NO_VALID_IMAGE_URL,0,0,NONE,0
RMVM_S_1f3cdb0974,Chiều Đông Matxcova,Mai Diệu Ly,BOLERO_TRUTINH,MISSING,NO_VALID_IMAGE_URL,0,0,NONE,0
RMVM_S_f83ca0277b,Điệu Hò Phu Thê,"Lưu Ánh Loan, Khưu Huy Vũ",BOLERO_TRUTINH,MISSING,NO_VALID_IMAGE_URL,0,0,NONE,0
RMVM_S_3f4685c795,Liên Khúc Bên Em Là Biển Rộng - Vẫn Hát Lời Tình Yêu,Quang Dũng,BOLERO_TRUTINH,MISSING,NO_VALID_IMAGE_URL,0,0,NONE,0
RMVM_S_ef95cb7362,Se Sắt Buồng Tim,Lý Thu Thảo,BOLERO_TRUTINH,MISSING,NO_VALID_IMAGE_URL,0,0,NONE,0
RMVM_S_11346cf210,Xin Đừng Làm Người Yêu Khóc,Quang Hiền,BOLERO_TRUTINH,MISSING,NO_VALID_IMAGE_URL,0,0,NONE,0
RMVM_S_190530b0b0,Những Giấc Mơ Dịu Dàng,Song Huy,POP_BALLAD,MISSING,NO_VALID_IMAGE_URL,0,0,NONE,0
RMVM_S_3b5cbce5d3,Em Chỉ Muốn Yêu Thôi Mà,"SASSY, Marutron",POP_BALLAD,MISSING,NO_VALID_IMAGE_URL,0,0,NONE,0
RMVM_S_850439a706,Ông Noel Xuống Phó,Thủy Tiên,BOLERO_TRUTINH,MISSING,NO_VALID_IMAGE_URL,0,0,NONE,0
RMVM_S_dae737df10,Dường Như Đã,"Bùi Hoàng Yến, The Loops Band",POP_BALLAD,MISSING,NO_VALID_IMAGE_URL,0,0,NONE,0
RMVM_S_53a38a6c9b,Và Xem Như Chúng Ta Chỉ Còn,TRANG,POP_BALLAD,MISSING,NO_VALID_IMAGE_URL,0,0,NONE,0
RMVM_S_508e08ea50,Anh có nghe thấy không,Ngọc Tân,BOLERO_TRUTINH,MISSING,NO_VALID_IMAGE_URL,0,0,NONE,0
RMVM_S_b48ee33183,Tuổi Ngọc,Đoan Trang,BOLERO_TRUTINH,MISSING,NO_VALID_IMAGE_URL,0,0,NONE,0
RMVM_S_017da9f911,Nếu Như Con,Khánh Loan,POP_BALLAD,MISSING,NO_VALID_IMAGE_URL,0,0,NONE,0
RMVM_S_afebb86d46,Ai Ơi Nhớ Về Miền Trung,Hương Lan,BOLERO_TRUTINH,MISSING,NO_VALID_IMAGE_URL,0,0,NONE,0
RMVM_S_442cccd960,Tình Buồn Đêm Mưa,Kim Linh,BOLERO_TRUTINH,MISSING,NO_VALID_IMAGE_URL,0,0,NONE,0
RMVM_S_206895b43c,Yêu Rồi Tính Sau,Trần Khánh,BOLERO_TRUTINH,MISSING,NO_VALID_IMAGE_URL,0,0,NONE,0
RMVM_S_0a720c0628,Em Đi Vía Bà,Hà Phương,BOLERO_TRUTINH,MISSING,NO_VALID_IMAGE_URL,0,0,NONE,0
RMVM_S_0dc4f7e675,Mưa Vô Tình Và Em Cũng Vô Tình,Nguyễn Phi Hùng,POP_BALLAD,MISSING,NO_VALID_IMAGE_URL,0,0,NONE,0
RMVM_S_1b5cf40209,Điều Ước Giản Dị,Khánh Phương,POP_BALLAD,MISSING,NO_VALID_IMAGE_URL,0,0,NONE,0
RMVM_S_63e60c3258,Anh thấy mình nhớ em,Tống Gia Vỹ,POP_BALLAD,MISSING,NO_VALID_IMAGE_URL,0,0,NONE,0
RMVM_S_6299b286a3,Chúa Tể (New Version),Bùi Công Nam,POP_BALLAD,MISSING,NO_VALID_IMAGE_URL,0,0,NONE,0
RMVM_S_57fbbe87e1,Chiếc Cầu Chiều Mưa,"Ngọc Sơn, Hương Lan",FOLK_TRADITIONAL,MISSING,NO_VALID_IMAGE_URL,0,0,NONE,0
RMVM_S_2730bc1ad5,Nỗi Nhớ Không Anh (Beat),Phương Trinh Jolie,POP_BALLAD,MISSING,NO_VALID_IMAGE_URL,0,0,NONE,0
RMVM_S_88aaeda564,Rồi Xa Người Yêu,Thiên Kim,INSTRUMENTAL,MISSING,NO_VALID_IMAGE_URL,0,0,NONE,0
RMVM_S_7d55bece93,Bóng Nhỏ Đường Chiều,Huỳnh Thật,BOLERO_TRUTINH,MISSING,NO_VALID_IMAGE_URL,0,0,NONE,0
RMVM_S_8991027f6f,"LK Thương Nhau Ngày Mưa, Bước Tình Hồng (Live)","Don Hồ, Như Loan, Lương Tùng Quang",BOLERO_TRUTINH,MISSING,NO_VALID_IMAGE_URL,0,0,NONE,0
RMVM_S_d59cd412fd,Những Trái Tim Hồng,Hương Lan,FOLK_TRADITIONAL,MISSING,NO_VALID_IMAGE_URL,0,0,NONE,0
RMVM_S_25d78247fe,Lễ Vu Lan,Gia Tuấn,BOLERO_TRUTINH,MISSING,NO_VALID_IMAGE_URL,0,0,NONE,0
RMVM_S_2dcf88e426,Ai Cũng Đẹp,Phi Bằng,BOLERO_TRUTINH,MISSING,NO_VALID_IMAGE_URL,0,0,NONE,0
RMVM_S_fd15ab61a5,Không Ai Chọn Sự Cô Đơn,Hồ Thiện Quân,POP_BALLAD,MISSING,NO_VALID_IMAGE_URL,0,0,NONE,0
RMVM_S_89e4be6de5,Ba Thật Là Giỏi,Bé Minh Vy,CHILDREN,MISSING,NO_VALID_IMAGE_URL,0,0,NONE,0
RMVM_S_70ed0e45fb,Hoa Lòng Anh Vẫn Tím,Mạnh Quỳnh,BOLERO_TRUTINH,MISSING,NO_VALID_IMAGE_URL,0,0,NONE,0
RMVM_S_bcdd870672,Chào Mùa Mới,Đại Nhân,POP_BALLAD,MISSING,NO_VALID_IMAGE_URL,0,0,NONE,0
RMVM_S_f174679626,Cho Đời Thương Nhớ,Hồng Nhung,POP_BALLAD,MISSING,NO_VALID_IMAGE_URL,0,0,NONE,0
RMVM_S_1d35e6a668,Lối Đi Cho Nhau (Gold Mk Remix),"Hùng Quân, Quý Nhỏ",POP_BALLAD,MISSING,NO_VALID_IMAGE_URL,0,0,NONE,0
RMVM_S_8ce1305346,Cho Đêm Không Còn Buồn,Don Hồ,INSTRUMENTAL,MISSING,NO_VALID_IMAGE_URL,0,0,NONE,0
RMVM_S_3166171c37,Bờm Có Quạt Mo,Ái Vân,INSTRUMENTAL,MISSING,NO_VALID_IMAGE_URL,0,0,NONE,0
RMVM_S_13787a8f58,Bắc Ninh Trong Tôi,Bỉnh Tài,FOLK_TRADITIONAL,MISSING,NO_VALID_IMAGE_URL,0,0,NONE,0
RMVM_S_920c299c88,Đau Thương Anh Nặng Mang,La Hoàng Phúc,POP_BALLAD,MISSING,NO_VALID_IMAGE_URL,0,0,NONE,0
RMVM_S_0b302a3c9f,Anh Nhớ Em Thật Nhiều,Tăng Vinh Quang,POP_BALLAD,MISSING,NO_VALID_IMAGE_URL,0,0,NONE,0
RMVM_S_24c54934df,Buồn Như Lá Rơi,Quang Vinh,POP_BALLAD,MISSING,NO_VALID_IMAGE_URL,0,0,NONE,0
RMVM_S_9d9df5e9f1,Đảng Là Cuộc Sống Của Tôi,Trọng Tấn,REVOLUTIONARY,MISSING,NO_VALID_IMAGE_URL,0,0,NONE,0
RMVM_S_17f6cfab6f,Hai Lối Sống Một Tình Yêu,Trương Đình Phong,POP_BALLAD,MISSING,NO_VALID_IMAGE_URL,0,0,NONE,0
RMVM_S_7cbfcdc9c7,Đổng Trác Từ Lữ Bố,"Hồng Vân, Hoài Linh, Cẩm Ly",POP_BALLAD,MISSING,NO_VALID_IMAGE_URL,0,0,NONE,0
RMVM_S_2b65e85b57,Mùa Hoa Tam Giác Mạch,Vũ Minh Vương,BOLERO_TRUTINH,MISSING,NO_VALID_IMAGE_URL,0,0,NONE,0
RMVM_S_b2f5166015,Liên Khúc Daddy Cool,Đức Vinh,POP_BALLAD,MISSING,NO_VALID_IMAGE_URL,0,0,NONE,0
RMVM_S_6cdc8d49f0,Chớ Nuối Tiếc,Lý Hải,POP_BALLAD,MISSING,NO_VALID_IMAGE_URL,0,0,NONE,0
RMVM_S_a7f9a5eeab,Cửa Hẹp,Diệu Hiền,BOLERO_TRUTINH,MISSING,NO_VALID_IMAGE_URL,0,0,NONE,0
RMVM_S_4133ff6ff0,Lỗi Ở Nơi Anh,Lê Ngọc Thúy,BOLERO_TRUTINH,MISSING,NO_VALID_IMAGE_URL,0,0,NONE,0
RMVM_S_9fed9b96bb,Cảm Ơn Vợ (Remix),Khưu Huy Vũ,DANCE_EDM,MISSING,NO_VALID_IMAGE_URL,0,0,NONE,0
RMVM_S_26f618396b,Dừng Lại Em Nhé,Ngô Kiến Huy,RB_SOUL,MISSING,NO_VALID_IMAGE_URL,0,0,NONE,0
RMVM_S_2000fa7d0f,Chuyện Tình Buồn & Ngàn Năm Vẫn Không Quên,Duy Quang,INSTRUMENTAL,MISSING,NO_VALID_IMAGE_URL,0,0,NONE,0
RMVM_S_359d4329a9,Trả Nợ Ân Tình,Thu Trang MC,BOLERO_TRUTINH,MISSING,NO_VALID_IMAGE_URL,0,0,NONE,0
RMVM_S_fb7fd86e78,Mũi Tên Xuyên Tim,Lâm Trí Hải,POP_BALLAD,MISSING,NO_VALID_IMAGE_URL,0,0,NONE,0
RMVM_S_36f1332288,Ảo Mộng Đơn Phương (Bước Cùng Nỗi Đau 2),CD Hoàng,POP_BALLAD,MISSING,NO_VALID_IMAGE_URL,0,0,NONE,0
RMVM_S_270a067aa7,Badaboo Của Anh (Orinn Remix),Lập Nguyên,POP_BALLAD,MISSING,NO_VALID_IMAGE_URL,0,0,NONE,0
RMVM_S_002daba12e,Hương Tóc Em,Cao Duy,BOLERO_TRUTINH,MISSING,NO_VALID_IMAGE_URL,0,0,NONE,0
RMVM_S_e40f5063d6,Bác Hồ Một Tình Yêu Bao La,Thu Hiền,REVOLUTIONARY,MISSING,NO_VALID_IMAGE_URL,0,0,NONE,0
RMVM_S_2694ba8422,Anh Lại Một Mình,Keyo,POP_BALLAD,MISSING,NO_VALID_IMAGE_URL,0,0,NONE,0
RMVM_S_fdf7fe63ca,Tình Đắng Lý Cây Bần,Vũ Tuấn Khang,POP_BALLAD,MISSING,NO_VALID_IMAGE_URL,0,0,NONE,0
RMVM_S_5d8855ad64,Bình Phước Nỗi Nhớ Gọi Tên,Trinh Phạm,POP_BALLAD,MISSING,NO_VALID_IMAGE_URL,0,0,NONE,0
RMVM_S_bad12b26b0,Cho Mối Tình Đầu,Hoàng Bách,POP_BALLAD,MISSING,NO_VALID_IMAGE_URL,0,0,NONE,0
RMVM_S_0e3602c365,Bởi Vì Thế,Minh Trang LyLy,POP_BALLAD,MISSING,NO_VALID_IMAGE_URL,0,0,NONE,0
RMVM_S_5c1f1ba905,Tâm Sự Đời Tôi (Live),"Hoàng Nhung, Châu Ngọc Hà",BOLERO_TRUTINH,MISSING,NO_VALID_IMAGE_URL,0,0,NONE,0
RMVM_S_6dbcb296e8,Có Trăng Quên Đèn,Võ Minh Lê,POP_BALLAD,MISSING,NO_VALID_IMAGE_URL,0,0,NONE,0
RMVM_S_d6c63187f1,Như Vẫn Còn Yêu,Vy Oanh,POP_BALLAD,MISSING,NO_VALID_IMAGE_URL,0,0,NONE,0
RMVM_S_0fefc46ae2,Anh Đợi Em Này (Remix),Hồng Dương,POP_BALLAD,MISSING,NO_VALID_IMAGE_URL,0,0,NONE,0
RMVM_S_3711bff17e,Anh Không Thể Nào Quên,Tăng Anh Tuấn,POP_BALLAD,MISSING,NO_VALID_IMAGE_URL,0,0,NONE,0
RMVM_S_2032f105b3,Yêu Em Vàng Thu Lá Đổ,Tấn Minh,BOLERO_TRUTINH,MISSING,NO_VALID_IMAGE_URL,0,0,NONE,0
RMVM_S_d5d4a12bce,Cho Họ Ghét Đi Em,Huỳnh James,RAP_HIPHOP,MISSING,NO_VALID_IMAGE_URL,0,0,NONE,0
RMVM_S_b56b20ac6f,Phải Dừng Lại Thôi (Remix),"Hana Cẩm Tiên, TVk",POP_BALLAD,MISSING,NO_VALID_IMAGE_URL,0,0,NONE,0
RMVM_S_d1903b5c3a,Nếu Không Có Bé Trong Nhà,Bé Minh Vy,CHILDREN,MISSING,NO_VALID_IMAGE_URL,0,0,NONE,0
RMVM_S_6da3aca0c8,Nói Với Anh Đôi Lời,Đức Ứng,POP_BALLAD,MISSING,NO_VALID_IMAGE_URL,0,0,NONE,0
RMVM_S_db2240851b,Được Tin Em Lấy Chồng (Remix),Khưu Huy Vũ,POP_BALLAD,MISSING,NO_VALID_IMAGE_URL,0,0,NONE,0
RMVM_S_ed90450494,TÌNH YÊU LÀ GÌ VẬY HA,"Mr.KAYZ, KhangG-B",POP_BALLAD,MISSING,NO_VALID_IMAGE_URL,0,0,NONE,0
RMVM_S_e1bb6133bf,Giấc Mơ Riêng Em,Sarah Lê,POP_BALLAD,MISSING,NO_VALID_IMAGE_URL,0,0,NONE,0
RMVM_S_7c60b37537,Liên Khúc Nếu Đời Không Có Em,"Trung Nghĩa, Lâm Minh Khôi",BOLERO_TRUTINH,MISSING,NO_VALID_IMAGE_URL,0,0,NONE,0
RMVM_S_714e3915dd,Anh! Nghe Em Nói,NgânT,POP_BALLAD,MISSING,NO_VALID_IMAGE_URL,0,0,NONE,0
RMVM_S_8b0baa992f,Đường Tôi Đi Dài Theo Đất Nước,Trường Kha,BOLERO_TRUTINH,MISSING,NO_VALID_IMAGE_URL,0,0,NONE,0
RMVM_S_64fb893392,Gốc Phố Rêu Phong,Lưu Bích,INSTRUMENTAL,MISSING,NO_VALID_IMAGE_URL,0,0,NONE,0
RMVM_S_92ead483d2,Họa Màu Nước Mắt,"Kenny You, Gon",POP_BALLAD,MISSING,NO_VALID_IMAGE_URL,0,0,NONE,0
RMVM_S_51ceabebd7,Sunday Buồn,"Ánh Minh, Mai Tiến Dũng",INSTRUMENTAL,MISSING,NO_VALID_IMAGE_URL,0,0,NONE,0
RMVM_S_6e97b7bc47,Em Vẫn Chưa Về (Cover),Phạm Minh Huy,POP_BALLAD,MISSING,NO_VALID_IMAGE_URL,0,0,NONE,0
RMVM_S_a0ea11c628,Mênh Mông Tình Buồn,Thu Minh,POP_BALLAD,MISSING,NO_VALID_IMAGE_URL,0,0,NONE,0
RMVM_S_a17395526a,Câu Trả Lời,"Tiên Tiên, Trang",POP_BALLAD,MISSING,NO_VALID_IMAGE_URL,0,0,NONE,0
RMVM_S_38520a4319,Bạc Lòng,Kim Tuyến,POP_BALLAD,MISSING,NO_VALID_IMAGE_URL,0,0,NONE,0
RMVM_S_2d96712d47,Đôi Lời Tình Ca (Live at Hội Đồng Hội 2020),Hoàng Dũng,POP_BALLAD,MISSING,NO_VALID_IMAGE_URL,0,0,NONE,0
RMVM_S_06072878ce,Cơn Mưa Xóa Nhòa,Thiên Phong,POP_BALLAD,MISSING,NO_VALID_IMAGE_URL,0,0,NONE,0
RMVM_S_a3a51c70de,Cứ Nói Yêu Lần Này (Cukak Remix),"Lil Z, CUKAK",POP_BALLAD,MISSING,NO_VALID_IMAGE_URL,0,0,NONE,0
RMVM_S_6a3072d920,Giữ Lại Chút Hương Tình,"Bin Trần, Minh Tài, Thịnh Trần",POP_BALLAD,MISSING,NO_VALID_IMAGE_URL,0,0,NONE,0
RMVM_S_86e9beed0d,2 Thế Giới,Lâm Nguyên,POP_BALLAD,MISSING,NO_VALID_IMAGE_URL,0,0,NONE,0
RMVM_S_ff7543ba92,Đám Cưới Anh Và Em,Đào Nguyễn Ánh,POP_BALLAD,MISSING,NO_VALID_IMAGE_URL,0,0,NONE,0
RMVM_S_c99d9372c2,Buông... Em Yêu Anh,AndyShin,POP_BALLAD,MISSING,NO_VALID_IMAGE_URL,0,0,NONE,0
RMVM_S_55bf67162e,Em Là Người Yêu Cũ,Hoàng Đăng Thanh,POP_BALLAD,MISSING,NO_VALID_IMAGE_URL,0,0,NONE,0
RMVM_S_0d56e8c21f,Ngắm Nhìn,Lee Phú Quý,POP_BALLAD,MISSING,NO_VALID_IMAGE_URL,0,0,NONE,0
RMVM_S_e38fcc5fee,Cuộc Đời Sương Gió,Vũ Hoàng,BOLERO_TRUTINH,MISSING,NO_VALID_IMAGE_URL,0,0,NONE,0
RMVM_S_8a8ef2252b,Anh Có Lỗi Gì,"Balin, SOUND HIT",POP_BALLAD,MISSING,NO_VALID_IMAGE_URL,0,0,NONE,0
RMVM_S_1c8150a109,Một Đời Yêu Anh,Sa Huỳnh,BOLERO_TRUTINH,MISSING,NO_VALID_IMAGE_URL,0,0,NONE,0
RMVM_S_83a5db3a8e,Anh Không Thể Lo Cho Em,Tâm Đức Tài,POP_BALLAD,MISSING,NO_VALID_IMAGE_URL,0,0,NONE,0
RMVM_S_4a608d638d,Cho Em Xin Lỗi Đi Mà,LyLy,POP_BALLAD,MISSING,NO_VALID_IMAGE_URL,0,0,NONE,0
RMVM_S_63f132da89,Cô Đơn Không Đáng Sợ,Thành Sơn,POP_BALLAD,MISSING,NO_VALID_IMAGE_URL,0,0,NONE,0
RMVM_S_cb1f2223ff,Khúc Tự Tình Mùa Xuân,Uyên Nguyên,POP_BALLAD,MISSING,NO_VALID_IMAGE_URL,0,0,NONE,0
RMVM_S_d364002a8a,Tân Quý Phi Say Rượu,Lee Phú Quý,POP_BALLAD,MISSING,NO_VALID_IMAGE_URL,0,0,NONE,0
RMVM_S_485da97266,Liên Khúc Nhạc Xuân Remix Số 6,Peto,POP_BALLAD,MISSING,NO_VALID_IMAGE_URL,0,0,NONE,0
RMVM_S_e6d764658f,Chiều Xuân - Thì Thầm Mùa Xuân,"Various Artists, Lê Trần Media",POP_BALLAD,MISSING,NO_VALID_IMAGE_URL,0,0,NONE,0
RMVM_S_5307166f37,Cho Anh Xin Thêm 1 Phút,"Trịnh Thăng Bình, Liz Kim Cương",POP_BALLAD,MISSING,NO_VALID_IMAGE_URL,0,0,NONE,0
RMVM_S_713cd25d1f,Chung Thân (Live),"Bạch Công Khanh, Hoài Lâm",POP_BALLAD,MISSING,NO_VALID_IMAGE_URL,0,0,NONE,0
RMVM_S_9cb9eee3fc,Anh Biết Anh Sai Em Ơi,Đỗ Phú Quí,POP_BALLAD,MISSING,NO_VALID_IMAGE_URL,0,0,NONE,0
RMVM_S_62f70c080d,Ai Nói Dối Nhận Đi,Lưu Hiền Trinh,POP_BALLAD,MISSING,NO_VALID_IMAGE_URL,0,0,NONE,0
RMVM_S_d10979d067,Bảy Bước Tới Mùa Hè,Đào Líuloo,POP_BALLAD,MISSING,NO_VALID_IMAGE_URL,0,0,NONE,0
RMVM_S_4183a036f1,Biệt Ly - Dù Khóc Một Dòng Sông,HA Live,POP_BALLAD,MISSING,NO_VALID_IMAGE_URL,0,0,NONE,0
RMVM_S_edd92571ff,Để Tang Quá Khứ (DJ Power Remix),Bằng Cường,POP_BALLAD,MISSING,NO_VALID_IMAGE_URL,0,0,NONE,0
RMVM_S_cfd9547ffa,Hương Tình Gái Quê,Hương Thủy,INSTRUMENTAL,MISSING,NO_VALID_IMAGE_URL,0,0,NONE,0
RMVM_S_b161f605dd,Bolero Miệt Vườn,Trường Sơn,BOLERO_TRUTINH,MISSING,NO_VALID_IMAGE_URL,0,0,NONE,0
RMVM_S_b7dd0de77a,Thời Thơ Ấu Đã Xa,Mây Trắng,POP_BALLAD,MISSING,NO_VALID_IMAGE_URL,0,0,NONE,0
RMVM_S_9e2664735a,Dấu Vết Thời Gian,Deep Blue Sea,POP_BALLAD,MISSING,NO_VALID_IMAGE_URL,0,0,NONE,0
RMVM_S_89192cabe6,Bèo Dạt Mây Trôi (Remix),Thu Phương,POP_BALLAD,MISSING,NO_VALID_IMAGE_URL,0,0,NONE,0
RMVM_S_edf06cf0a5,Câu Tre Lắt Lẻo,Bé Phương Nhi,CHILDREN,MISSING,NO_VALID_IMAGE_URL,0,0,NONE,0
RMVM_S_5094990938,Biển Nỗi Nhớ Và Em (Live at Đồng Dao),Hoài Lâm,POP_BALLAD,MISSING,NO_VALID_IMAGE_URL,0,0,NONE,0
RMVM_S_01ba107d62,NGƯỜI PHU KÉO MO CAU (LOFI VERSION),Bùi Phi Long,BOLERO_TRUTINH,MISSING,NO_VALID_IMAGE_URL,0,0,NONE,0
RMVM_S_73203ab874,Mùa Nắng Vừa Qua,"Tú Phương, Minh Cà Ri",POP_BALLAD,MISSING,NO_VALID_IMAGE_URL,0,0,NONE,0
RMVM_S_142d0aeb74,Dạo Này Em Có Còn Thức Đêm,Hades,POP_BALLAD,MISSING,NO_VALID_IMAGE_URL,0,0,NONE,0
RMVM_S_107c170d93,Tặng Nhau Đóa Hồng,Mỹ Lan,INSTRUMENTAL,MISSING,NO_VALID_IMAGE_URL,0,0,NONE,0
RMVM_S_c28e4933da,Đừng Trách Cha Mẹ Nghèo,Thương Nguyễn,BOLERO_TRUTINH,MISSING,NO_VALID_IMAGE_URL,0,0,NONE,0
RMVM_S_c419d89f38,Biển Cạn,Minh Thu,BOLERO_TRUTINH,MISSING,NO_VALID_IMAGE_URL,0,0,NONE,0
RMVM_S_2fda9a20d3,Ly Rượu Mừng (2024 Version),Lưu Ánh Loan,BOLERO_TRUTINH,MISSING,NO_VALID_IMAGE_URL,0,0,NONE,0
RMVM_S_401a275703,Nàng Trung Hoa Xinh Đẹp,Họa Mi,INSTRUMENTAL,MISSING,NO_VALID_IMAGE_URL,0,0,NONE,0
RMVM_S_8a60c12cbe,Níu Lấy Tay Anh,Vĩnh Thuyên Kim,POP_BALLAD,MISSING,NO_VALID_IMAGE_URL,0,0,NONE,0
RMVM_S_bca9b352ec,Ký Ức Sau Màn Mưa,Gia Ly,POP_BALLAD,MISSING,NO_VALID_IMAGE_URL,0,0,NONE,0
RMVM_S_afd0e94d12,Anh Cứ Thử Quên Em,Trang Nhung,BOLERO_TRUTINH,MISSING,NO_VALID_IMAGE_URL,0,0,NONE,0
RMVM_S_c08bf17e16,Người Vội Ra Đi,Phạm Khánh Hưng,POP_BALLAD,MISSING,NO_VALID_IMAGE_URL,0,0,NONE,0
RMVM_S_045877e12c,Chào Mùa Xuân Mới (Beat),"Lưu Minh Tuấn, Quách Beem, Huy Nam (A#)",POP_BALLAD,MISSING,NO_VALID_IMAGE_URL,0,0,NONE,0
RMVM_S_7ee57225a5,Dấu Vết Cuộc Tình,Xuân Phú,BOLERO_TRUTINH,MISSING,NO_VALID_IMAGE_URL,0,0,NONE,0
RMVM_S_11bf555ad8,Em Nào Biết,Thương,POP_BALLAD,MISSING,NO_VALID_IMAGE_URL,0,0,NONE,0
RMVM_S_3e622a27fa,Đôi Cánh Ước Mơ,Various Artists,POP_BALLAD,MISSING,NO_VALID_IMAGE_URL,0,0,NONE,0
RMVM_S_a816e962ee,Duyên Nợ Miền tây,Minh Nghĩa,POP_BALLAD,MISSING,NO_VALID_IMAGE_URL,0,0,NONE,0
RMVM_S_d1f6311b25,"Liên Khúc: 60 Năm Cuộc Đời, 20-40","Nguyễn Hưng, Như Loan",BOLERO_TRUTINH,MISSING,NO_VALID_IMAGE_URL,0,0,NONE,0
RMVM_S_03e48586ab,1000 Năm Lệ Tình Vương,Yamix Hầu Ca,POP_BALLAD,MISSING,NO_VALID_IMAGE_URL,0,0,NONE,0
RMVM_S_059eb612b8,Anh Có Làm Gì Đâu,"Hồ Việt Trung, BlackBi",POP_BALLAD,MISSING,NO_VALID_IMAGE_URL,0,0,NONE,0
RMVM_S_aebcce41e2,Giáng Sinh Để Nói,"Yanbi, Yến Lê",POP_BALLAD,MISSING,NO_VALID_IMAGE_URL,0,0,NONE,0
RMVM_S_1e0fc0ed44,Những Ngày Ấu Thơ,Bé Bào Ngư,INSTRUMENTAL,MISSING,NO_VALID_IMAGE_URL,0,0,NONE,0
RMVM_S_cf8558fd7e,Bao Lâu Để Quên Một Người?,Suncutehehe,POP_BALLAD,MISSING,NO_VALID_IMAGE_URL,0,0,NONE,0
RMVM_S_f2adbf27d5,Lại Gần Anh Chút Thôi,Linh Lor,POP_BALLAD,MISSING,NO_VALID_IMAGE_URL,0,0,NONE,0
RMVM_S_a7b8c8a1ee,Có Lẽ Quá Khó Để Quên Một Người,"1nG, Namlee, D.Blue",POP_BALLAD,MISSING,NO_VALID_IMAGE_URL,0,0,NONE,0
RMVM_S_a86f0c0af6,Khúc Giao Mùa Remix,Peto,POP_BALLAD,MISSING,NO_VALID_IMAGE_URL,0,0,NONE,0
RMVM_S_d613ae763e,Cơn Mưa Ngang Qua (Remix 2022),Sơn Tùng M-TP,DANCE_EDM,MISSING,NO_VALID_IMAGE_URL,0,0,NONE,0
RMVM_S_63e2681d1f,Khi Chọn Yêu Anh (New Version),Kim Ny Ngọc,POP_BALLAD,MISSING,NO_VALID_IMAGE_URL,0,0,NONE,0
RMVM_S_1ccd942f81,Tôi Tin GiêSu,Diệu Hiền,BOLERO_TRUTINH,MISSING,NO_VALID_IMAGE_URL,0,0,NONE,0
RMVM_S_8600ed29fc,Còn Trách Nhau Làm Gì,Hồ Lệ Thu,POP_BALLAD,MISSING,NO_VALID_IMAGE_URL,0,0,NONE,0
RMVM_S_6691cf1179,Giọt Nước Mắt Ngà,Họa Mi,INSTRUMENTAL,MISSING,NO_VALID_IMAGE_URL,0,0,NONE,0
RMVM_S_077d0d1b3f,Dương Tính Với Thính,Tân Trần,POP_BALLAD,MISSING,NO_VALID_IMAGE_URL,0,0,NONE,0
RMVM_S_455c40d32d,Tết Đến Rồi Sao Chẳng Thấy Em Đâu,HIT,POP_BALLAD,MISSING,NO_VALID_IMAGE_URL,0,0,NONE,0
RMVM_S_e40f5a9192,Chúng Ta Là Thế Nào,Thương,POP_BALLAD,MISSING,NO_VALID_IMAGE_URL,0,0,NONE,0
RMVM_S_af1e51752c,Cho Em Một Lối Về,Phương Thanh,BOLERO_TRUTINH,MISSING,NO_VALID_IMAGE_URL,0,0,NONE,0
RMVM_S_4cc5cf90bc,Đi Qua Những Mùa Mưa Bay,N.Thảo,POP_BALLAD,MISSING,NO_VALID_IMAGE_URL,0,0,NONE,0
RMVM_S_969a83aff0,Sai Lầm Của Anh Cover,Thương Võ,POP_BALLAD,MISSING,NO_VALID_IMAGE_URL,0,0,NONE,0
RMVM_S_c9f5749170,Có Chờ Anh Ta,"Cà Nâu, TB Music",POP_BALLAD,MISSING,NO_VALID_IMAGE_URL,0,0,NONE,0
RMVM_S_6223098a30,Ngày Em Quay Lại,Mars Anh Tú,POP_BALLAD,MISSING,NO_VALID_IMAGE_URL,0,0,NONE,0
RMVM_S_7e34e921ae,Con Gái Quê Em (Em Là Nhất Miền Tây 2),"Võ Lê Mi, Jin Tuấn Nam",POP_BALLAD,MISSING,NO_VALID_IMAGE_URL,0,0,NONE,0
RMVM_S_11122f6e6f,Yêu Xuân Yêu Đời,Phi Bằng,BOLERO_TRUTINH,MISSING,NO_VALID_IMAGE_URL,0,0,NONE,0
RMVM_S_679698b6e3,Quán Trọ Dân Gian,"Thanh Ngân, Mai Tiến Đạt",POP_BALLAD,MISSING,NO_VALID_IMAGE_URL,0,0,NONE,0
RMVM_S_79a518fe8d,KÝ ỨC SÓT LẠI,"Hast, Piens, Khiem",POP_BALLAD,MISSING,NO_VALID_IMAGE_URL,0,0,NONE,0
RMVM_S_c5f18dc48c,Đà Lạt Của Chúng Ta,Vicky Nhung,POP_BALLAD,MISSING,NO_VALID_IMAGE_URL,0,0,NONE,0
RMVM_S_488de358ef,Hát Về Anh,135 Band,REVOLUTIONARY,MISSING,NO_VALID_IMAGE_URL,0,0,NONE,0
RMVM_S_4680140f2b,Anh Vẫn Mãi Yêu,Hot Boy Xăm Trổ (Hoàng Anh Lê),POP_BALLAD,MISSING,NO_VALID_IMAGE_URL,0,0,NONE,0
RMVM_S_af4faaa940,Xót Xa Bông Súng Đợi Chờ,Đan Trường,BOLERO_TRUTINH,MISSING,NO_VALID_IMAGE_URL,0,0,NONE,0
RMVM_S_1dfc6babcd,Bằng Lăng Tím Buồn,Nguyễn Đông,BOLERO_TRUTINH,MISSING,NO_VALID_IMAGE_URL,0,0,NONE,0
RMVM_S_776b88f256,Cháu Hát Về Đảo Xa,Bé Hạnh Trang,CHILDREN,MISSING,NO_VALID_IMAGE_URL,0,0,NONE,0
RMVM_S_f14fe039d0,Ngậm Ngùi,Sô Diễn Cuộc Đời,BOLERO_TRUTINH,MISSING,NO_VALID_IMAGE_URL,0,0,NONE,0
RMVM_S_f5f3db5edb,Người Em Yêu Không Phải Tôi (Beat),Lâm Triệu Vỹ,POP_BALLAD,MISSING,NO_VALID_IMAGE_URL,0,0,NONE,0
RMVM_S_cbafed03d9,Cuộc Tình Cuối,Trường Sơn,BOLERO_TRUTINH,MISSING,NO_VALID_IMAGE_URL,0,0,NONE,0
RMVM_S_1020b1e51c,Chiều Mưa Lũ,Mạnh Quỳnh,INSTRUMENTAL,MISSING,NO_VALID_IMAGE_URL,0,0,NONE,0
RMVM_S_eb30c78edd,Cha Mẹ Là Quê Hương,Lâm Gia Thành,INSTRUMENTAL,MISSING,NO_VALID_IMAGE_URL,0,0,NONE,0
RMVM_S_9988a211e9,Xuân Xa Mẹ,Ái Như,BOLERO_TRUTINH,MISSING,NO_VALID_IMAGE_URL,0,0,NONE,0
RMVM_S_e7992dce67,Hạnh Phúc Quanh Đây,Mai Quốc Huy,INSTRUMENTAL,MISSING,NO_VALID_IMAGE_URL,0,0,NONE,0
RMVM_S_b0a9242f29,Em Nào Có Tội (Vinahouse),Thương Võ,DANCE_EDM,MISSING,NO_VALID_IMAGE_URL,0,0,NONE,0
RMVM_S_6140253a40,Còn Lại Gì Cho Nhau,Thiên Trường,POP_BALLAD,MISSING,NO_VALID_IMAGE_URL,0,0,NONE,0
RMVM_S_0e3a2df2ce,Tan Đi,Cú,POP_BALLAD,MISSING,NO_VALID_IMAGE_URL,0,0,NONE,0
RMVM_S_bda010d52d,Em Yêu Anh Hơn Em Nghĩ,Sarah Lê,POP_BALLAD,MISSING,NO_VALID_IMAGE_URL,0,0,NONE,0
RMVM_S_2c81220534,Nỗi Lòng Người Đi,Anh Trinh,BOLERO_TRUTINH,MISSING,NO_VALID_IMAGE_URL,0,0,NONE,0
RMVM_S_b5b6aa873c,Lười Yêu,Bảo Anh,POP_BALLAD,MISSING,NO_VALID_IMAGE_URL,0,0,NONE,0
RMVM_S_7da53beb97,Bao Giờ Em Lấy Chồng,Mai Thiên Vân,INSTRUMENTAL,MISSING,NO_VALID_IMAGE_URL,0,0,NONE,0
RMVM_S_bbca419bf2,Nắng Lên Xóm Nghèo,Bảo Hân Bolero,BOLERO_TRUTINH,MISSING,NO_VALID_IMAGE_URL,0,0,NONE,0
RMVM_S_a5f291789f,Đường Tím Bằng Lăng,"Văn Đình Tới Nguyễn, Lê Tiểu Thúy",BOLERO_TRUTINH,MISSING,NO_VALID_IMAGE_URL,0,0,NONE,0
RMVM_S_9a6c24c01c,"Anh Thương Em , Em Yêu Ai",Đinh Tùng Huy,DANCE_EDM,MISSING,NO_VALID_IMAGE_URL,0,0,NONE,0
RMVM_S_d259c93a80,Nặng Tình,Khả Hiệp,POP_BALLAD,MISSING,NO_VALID_IMAGE_URL,0,0,NONE,0
RMVM_S_74d962bf40,Cô Đơn Ơi,Nguyễn Thương,POP_BALLAD,MISSING,NO_VALID_IMAGE_URL,0,0,NONE,0
RMVM_S_e821a3e231,Em Là Cố Chấp Duy Nhất Của Đời Anh (WRC Remix),"Thiên Tú, Zin Media Group",POP_BALLAD,MISSING,NO_VALID_IMAGE_URL,0,0,NONE,0
RMVM_S_57fad7bf55,Liên Khúc Nhớ Người Yêu,"Lưu Chí Vỹ, Lưu Ánh Loan",BOLERO_TRUTINH,MISSING,NO_VALID_IMAGE_URL,0,0,NONE,0
RMVM_S_92ae4b78f8,Men Tình Nhân Gian,Gia Bin,POP_BALLAD,MISSING,NO_VALID_IMAGE_URL,0,0,NONE,0
RMVM_S_955b961aa9,Tâm Hồn Đẹp,Khải Đăng,POP_BALLAD,MISSING,NO_VALID_IMAGE_URL,0,0,NONE,0
RMVM_S_ae9b5cabbd,Chạm Gần Thêm Thương,Trúc Nhân,POP_BALLAD,MISSING,NO_VALID_IMAGE_URL,0,0,NONE,0
RMVM_S_67315a3728,Đêm Giao Thừa Tĩnh Lặng (The Silent NY’s Eve),Phạm Mai Anh,POP_BALLAD,MISSING,NO_VALID_IMAGE_URL,0,0,NONE,0
RMVM_S_40aac3d09e,Điều Em Không Muốn Nghe,"QNT, Dick",RAP_HIPHOP,MISSING,NO_VALID_IMAGE_URL,0,0,NONE,0
RMVM_S_ff453d8f50,Gặp Nhau Một Thời Xa Nhau Một Đời (Version 2),Đình Bình,POP_BALLAD,MISSING,NO_VALID_IMAGE_URL,0,0,NONE,0
RMVM_S_81cd79e251,Vì Sao Em Khóa Máy,Lâm Chấn Huy,POP_BALLAD,MISSING,NO_VALID_IMAGE_URL,0,0,NONE,0
RMVM_S_79301c94d4,Finding You,"Chi Pu, Hứa Kim Tuyền",POP_BALLAD,MISSING,NO_VALID_IMAGE_URL,0,0,NONE,0
RMVM_S_bdc43a464a,Ngày Xưa Anh Nói (New Version),"Vũ Hoàng, Thạch Thảo",BOLERO_TRUTINH,MISSING,NO_VALID_IMAGE_URL,0,0,NONE,0
RMVM_S_6fe601a723,Bâng Khuâng Chiều Mưa,Vân Quang Long,POP_BALLAD,MISSING,NO_VALID_IMAGE_URL,0,0,NONE,0
RMVM_S_6884bacc36,Con Mạnh Mẽ Lắm Con Ơi!,Thu Thủy,POP_BALLAD,MISSING,NO_VALID_IMAGE_URL,0,0,NONE,0
RMVM_S_9eb49604ca,Anh Sợ Mất Em (Beat),365DaBand,POP_BALLAD,MISSING,NO_VALID_IMAGE_URL,0,0,NONE,0
RMVM_S_3675ed3646,Hãy Quên Đi Buồn Đau,Minh Thư,POP_BALLAD,MISSING,NO_VALID_IMAGE_URL,0,0,NONE,0
RMVM_S_b053477007,Anh Sẽ Đưa Em Đi,"KISSY, Tân Trần",POP_BALLAD,MISSING,NO_VALID_IMAGE_URL,0,0,NONE,0
RMVM_S_38c3b0cd93,Hoa Cúc Ngập Tràn Khắp Núi,Thiên An,POP_BALLAD,MISSING,NO_VALID_IMAGE_URL,0,0,NONE,0
RMVM_S_a055324dc1,Dù Anh Nghèo (Rumba),"Quân Bảo, Hồ Phương Liên, CT",BOLERO_TRUTINH,MISSING,NO_VALID_IMAGE_URL,0,0,NONE,0
RMVM_S_ab2f0ac5f5,Hết Yêu Thì Em Cứ Đi,Bùi Vĩnh Phúc,POP_BALLAD,MISSING,NO_VALID_IMAGE_URL,0,0,NONE,0
RMVM_S_d31b625bce,Bỏ Lỡ Nhau Rồi (Lofi Version),"Hải Nam, Freak D",POP_BALLAD,MISSING,NO_VALID_IMAGE_URL,0,0,NONE,0
RMVM_S_9379126bdb,Thế Giới Gọi Tắt Là Em,Vương Thiên Tuấn,POP_BALLAD,MISSING,NO_VALID_IMAGE_URL,0,0,NONE,0
RMVM_S_e89f81dfb7,Bình Yên Là Trở Về,"Tuấn Hii, Thảo Phạm",POP_BALLAD,MISSING,NO_VALID_IMAGE_URL,0,0,NONE,0
RMVM_S_b5cbeab9f5,Chỉ Là Giấc Mơ Qua,Lưu Bích,INSTRUMENTAL,MISSING,NO_VALID_IMAGE_URL,0,0,NONE,0
RMVM_S_e591cd1146,Em Hài Lòng Rồi Đúng Không?,Cao Nam Thành,POP_BALLAD,MISSING,NO_VALID_IMAGE_URL,0,0,NONE,0
RMVM_S_1aacef14b2,Đừng Gọi Em Là Mặt Trời,"Đoàn Minh Quân, MAI",POP_BALLAD,MISSING,NO_VALID_IMAGE_URL,0,0,NONE,0
RMVM_S_cae06eabee,Vài Ba Cảm Xúc,Minh Tài,POP_BALLAD,MISSING,NO_VALID_IMAGE_URL,0,0,NONE,0
RMVM_S_770a5adcfe,Hương Tình Xưa,"Tuấn Sông Thu, Quang Lê, Hạ Vân",POP_BALLAD,MISSING,NO_VALID_IMAGE_URL,0,0,NONE,0
RMVM_S_495fc4884d,Hát Về Miền Quê Mới,Thu Hiền,BOLERO_TRUTINH,MISSING,NO_VALID_IMAGE_URL,0,0,NONE,0
RMVM_S_93d23335dd,Lỗi Của Anh,"Lê Vương, Quang Tùng",POP_BALLAD,MISSING,NO_VALID_IMAGE_URL,0,0,NONE,0
RMVM_S_b30398579b,Chuyện Con Trai Con Gái,"Đoàn Việt Phương, Vũ Trâm Anh",POP_BALLAD,MISSING,NO_VALID_IMAGE_URL,0,0,NONE,0
RMVM_S_ad7e6d570b,Anh Sẽ Đợi (TLong Remix Ver 2),"TLong, Tô Minh, HOA HỒNG DẠI MUSIC",POP_BALLAD,MISSING,NO_VALID_IMAGE_URL,0,0,NONE,0
RMVM_S_8e3bc920db,Ghép Môi,OSAD,RAP_HIPHOP,MISSING,NO_VALID_IMAGE_URL,0,0,NONE,0
RMVM_S_5d07e293ce,Giết Người Trong Mộng,Ngọc Anh,INSTRUMENTAL,MISSING,NO_VALID_IMAGE_URL,0,0,NONE,0
RMVM_S_811875430c,Chiều Lên Đỉnh Sa Mù,Trang Nhung,POP_BALLAD,MISSING,NO_VALID_IMAGE_URL,0,0,NONE,0
RMVM_S_67f960e9a4,Chỉ Anh Nghĩ,Hồng Duy,POP_BALLAD,MISSING,NO_VALID_IMAGE_URL,0,0,NONE,0
RMVM_S_0985feb346,Yêu Lâu Mới Thấu,Vũ Uyên Nhi,POP_BALLAD,MISSING,NO_VALID_IMAGE_URL,0,0,NONE,0
RMVM_S_1342bba721,Hai Sắc Mùa Xuân,"Hồng Phượng, Vũ Linh",BOLERO_TRUTINH,MISSING,NO_VALID_IMAGE_URL,0,0,NONE,0
RMVM_S_956c952346,Người Yêu Có Crush,"RYAN, NALO, CM1X",POP_BALLAD,MISSING,NO_VALID_IMAGE_URL,0,0,NONE,0
RMVM_S_d52a8f0f67,Liên Khúc Biết Đến Bao Giờ,Phước Lộc,BOLERO_TRUTINH,MISSING,NO_VALID_IMAGE_URL,0,0,NONE,0
RMVM_S_bf7511b9f7,Cô Gái Với Nụ Cười Việt Nam,Tạ Quang Thắng,POP_BALLAD,MISSING,NO_VALID_IMAGE_URL,0,0,NONE,0
RMVM_S_7c47509be0,Mashup Nơi Đâu Tìm Thấy Em,Chu Bin,POP_BALLAD,MISSING,NO_VALID_IMAGE_URL,0,0,NONE,0
RMVM_S_3fb6aada48,Hoa Nở Về Đêm (Album Tình Ngược Lối),Thanh Vinh,BOLERO_TRUTINH,MISSING,NO_VALID_IMAGE_URL,0,0,NONE,0
RMVM_S_133baca707,Áng Tình Ca Dở Dang,Nhiều nghệ sĩ,RAP_HIPHOP,MISSING,NO_VALID_IMAGE_URL,0,0,NONE,0
RMVM_S_8dc3471b4f,Đôi Đứa Đôi Đường,Mai Tuấn,BOLERO_TRUTINH,MISSING,NO_VALID_IMAGE_URL,0,0,NONE,0
RMVM_S_50f5853a15,Mẹ Vô Nhiễm,Mai Thiên Vân,INSTRUMENTAL,MISSING,NO_VALID_IMAGE_URL,0,0,NONE,0
RMVM_S_a1f1a7668c,Liên Khúc Lý – Chúc Tết Miền Tây,"Hồ Khắc Tùng, Nhiều Nghệ Sĩ",BOLERO_TRUTINH,MISSING,NO_VALID_IMAGE_URL,0,0,NONE,0
RMVM_S_16a5bfd9d1,Cứ Để Ta Yêu (Live Version),Phương Phương Thảo,POP_BALLAD,MISSING,NO_VALID_IMAGE_URL,0,0,NONE,0
RMVM_S_f27f80e07c,Mừng Tuổi Mẹ,Đại Đức Thích Nhuận Thanh,BOLERO_TRUTINH,MISSING,NO_VALID_IMAGE_URL,0,0,NONE,0
RMVM_S_ec4c7fc46b,Chuyện Tình Vườn Dâu,Tường Nguyên,INSTRUMENTAL,MISSING,NO_VALID_IMAGE_URL,0,0,NONE,0
RMVM_S_ec7685d251,Ai Nói Với Em,"Lưu Ánh Loan, Đoàn Minh",BOLERO_TRUTINH,MISSING,NO_VALID_IMAGE_URL,0,0,NONE,0
RMVM_S_90d1419e9f,Bức Họa Về Mưa,Nhiều nghệ sĩ,RAP_HIPHOP,MISSING,NO_VALID_IMAGE_URL,0,0,NONE,0
RMVM_S_3b56271fd8,Thê Lương (Kiệu Hồng Đưa Đón),"Trung Dio, HOA HỒNG DẠI MUSIC",POP_BALLAD,MISSING,NO_VALID_IMAGE_URL,0,0,NONE,0
RMVM_S_44d366970c,Không giới hạn,"Tim, Khổng Tú Quỳnh",POP_BALLAD,MISSING,NO_VALID_IMAGE_URL,0,0,NONE,0
RMVM_S_3da84a6f5b,Ai Là Em (Beat),"Dương Edward, SlimV",POP_BALLAD,MISSING,NO_VALID_IMAGE_URL,0,0,NONE,0
RMVM_S_8dcda1b8bc,Hai Trái Tim Một Tấm Lòng,Nguyễn Minh Anh,POP_BALLAD,MISSING,NO_VALID_IMAGE_URL,0,0,NONE,0
RMVM_S_67e76f28dd,Đập Vỡ Tim Anh Cho Rồi (Remix Version),Trọng Hiếu,DANCE_EDM,MISSING,NO_VALID_IMAGE_URL,0,0,NONE,0
RMVM_S_a7f6ac7876,Chợt Nhớ (Acoustic Version),ChuChu,POP_BALLAD,MISSING,NO_VALID_IMAGE_URL,0,0,NONE,0
RMVM_S_cb3ec36934,Giấc Mơ Phù Du,Thanh Thảo,POP_BALLAD,MISSING,NO_VALID_IMAGE_URL,0,0,NONE,0
RMVM_S_5c36ba7bed,Không Nói Nên Lời,Đỗ Hoàng Dương,POP_BALLAD,MISSING,NO_VALID_IMAGE_URL,0,0,NONE,0
RMVM_S_d39aa5cb70,Dây Đủng Đỉnh Buồn,Ân Thiên Vỹ,BOLERO_TRUTINH,MISSING,NO_VALID_IMAGE_URL,0,0,NONE,0
RMVM_S_0c7fd230fa,Nhẹ Bước Sang Sông,"Kim Linh, Dương Lễ",BOLERO_TRUTINH,MISSING,NO_VALID_IMAGE_URL,0,0,NONE,0
RMVM_S_6ac3f3af9f,Tình Đã Phai,Lưu Bích,POP_BALLAD,MISSING,NO_VALID_IMAGE_URL,0,0,NONE,0
RMVM_S_2b98a4f0b8,Giây Phút Giao Thừa,Đan Trường,POP_BALLAD,MISSING,NO_VALID_IMAGE_URL,0,0,NONE,0
RMVM_S_e75f7507c6,Đếm Chuỗi Ngày Đau,"Kayshi, Phương TP",POP_BALLAD,MISSING,NO_VALID_IMAGE_URL,0,0,NONE,0
RMVM_S_e03bbb4e26,Chàng Trai Si Tình,Cẩm Loan,BOLERO_TRUTINH,MISSING,NO_VALID_IMAGE_URL,0,0,NONE,0
RMVM_S_2f776c548f,Cửu Môn Hồi Ức,Thái Quỳnh,DANCE_EDM,MISSING,NO_VALID_IMAGE_URL,0,0,NONE,0
RMVM_S_2ab1d1d5f9,Đó Chỉ Là Giấc Mơ,"Khucmay, Chương Đan",POP_BALLAD,MISSING,NO_VALID_IMAGE_URL,0,0,NONE,0
RMVM_S_5025ee1864,Khám Phá,Bức Tường,ROCK,MISSING,NO_VALID_IMAGE_URL,0,0,NONE,0
RMVM_S_3a1eb8f4d0,Sao Nỡ Mình Ơi,Dư Anh,FOLK_TRADITIONAL,MISSING,NO_VALID_IMAGE_URL,0,0,NONE,0
RMVM_S_1121e2216a,Bartender,Ngọt,POP_BALLAD,MISSING,NO_VALID_IMAGE_URL,0,0,NONE,0
RMVM_S_8eaec24ea9,Vì Em Nhiều Nước Mắt,Minh Tuyết,INSTRUMENTAL,MISSING,NO_VALID_IMAGE_URL,0,0,NONE,0
RMVM_S_27d465a7e3,Nhất Tiếu Giang Hồ (Lofi),"Fanny Trần, HHD",POP_BALLAD,MISSING,NO_VALID_IMAGE_URL,0,0,NONE,0
RMVM_S_2bea7b19aa,Hát Cho Xuân Tuyệt Vời,Thùy Lâm,POP_BALLAD,MISSING,NO_VALID_IMAGE_URL,0,0,NONE,0
RMVM_S_61c3d69222,Dù Ta Không Cùng Nhau,Dương Minh Kiệt,POP_BALLAD,MISSING,NO_VALID_IMAGE_URL,0,0,NONE,0
RMVM_S_7cf423e459,Vì Nếu Yêu Em Anh Sẽ,"YLing, Drum7",POP_BALLAD,MISSING,NO_VALID_IMAGE_URL,0,0,NONE,0
RMVM_S_34c6d446f4,Tết Đến Khi Con Về,"Tú DuCa, HHD",POP_BALLAD,MISSING,NO_VALID_IMAGE_URL,0,0,NONE,0
RMVM_S_d7345de804,Khúc Biệt Tình Lang,Lê Như,BOLERO_TRUTINH,MISSING,NO_VALID_IMAGE_URL,0,0,NONE,0
RMVM_S_1f757b5152,Ánh Trăng Hiểu Lòng Tôi,Tường Quân,POP_BALLAD,MISSING,NO_VALID_IMAGE_URL,0,0,NONE,0
RMVM_S_b8e28fc148,Đừng Nhìn Em Khóc Mới Biết Em Đau (Cover),Ngô Thủy,POP_BALLAD,MISSING,NO_VALID_IMAGE_URL,0,0,NONE,0
RMVM_S_ef88de3b9b,Mặt Nạ Hóa Đá,AndyShin,POP_BALLAD,MISSING,NO_VALID_IMAGE_URL,0,0,NONE,0
RMVM_S_000f5ec04b,Ngày Trái Tim Rơi Lệ,Nguyễn Đình Vũ,POP_BALLAD,MISSING,NO_VALID_IMAGE_URL,0,0,NONE,0
RMVM_S_9752e6a060,18 Ngu Ngơ,"Wang, Tee Đình Hào, Lusic",RAP_HIPHOP,MISSING,NO_VALID_IMAGE_URL,0,0,NONE,0
RMVM_S_d473dfc472,Đã Từng Như Thế,Nguyên Hà,POP_BALLAD,MISSING,NO_VALID_IMAGE_URL,0,0,NONE,0
RMVM_S_fe7efbd402,Hãy Để Anh Yên (Zenky Remix),"Nhật Phong, ACV",DANCE_EDM,MISSING,NO_VALID_IMAGE_URL,0,0,NONE,0
RMVM_S_074505e682,Chỉ Cần Em Biết,"Dani D, Tama, Lil Tian",POP_BALLAD,MISSING,NO_VALID_IMAGE_URL,0,0,NONE,0
RMVM_S_a4e84d3f56,Đừng Tìm Chi Xa,Hana Cẩm Tiên,POP_BALLAD,MISSING,NO_VALID_IMAGE_URL,0,0,NONE,0
RMVM_S_79e55134ba,Điều Dang Dở Ngọt Ngào (Hướng Dương Ngược Nắng P2 OST),Hương Ly,POP_BALLAD,MISSING,NO_VALID_IMAGE_URL,0,0,NONE,0
RMVM_S_821affbd89,Thu hát cho người,Phạm Thu Hà,BOLERO_TRUTINH,MISSING,NO_VALID_IMAGE_URL,0,0,NONE,0
RMVM_S_d67bd115d5,Người Ta (Beat),Sĩ Thanh,POP_BALLAD,MISSING,NO_VALID_IMAGE_URL,0,0,NONE,0
RMVM_S_929d87e402,Thanh Xuân Là Để Nhớ,"Fer, Thái Ngân, LeO",POP_BALLAD,MISSING,NO_VALID_IMAGE_URL,0,0,NONE,0
RMVM_S_e5ff0dab06,Trách 2,Trung Tự,POP_BALLAD,MISSING,NO_VALID_IMAGE_URL,0,0,NONE,0
RMVM_S_82e6ece52e,Có Phải Người Dưng,Bằng Kiều,INSTRUMENTAL,MISSING,NO_VALID_IMAGE_URL,0,0,NONE,0
RMVM_S_89894e8d0e,Giọt Nắng Tháng Giêng,Phan Yến Nhi,POP_BALLAD,MISSING,NO_VALID_IMAGE_URL,0,0,NONE,0
RMVM_S_0092ab89c2,Áo Lụa Hà Đông,Bằng Kiều,INSTRUMENTAL,MISSING,NO_VALID_IMAGE_URL,0,0,NONE,0
RMVM_S_3abef44434,Cô Thắm Không Về,"Phát Hồ, JokeS Bii, Sinike",POP_BALLAD,MISSING,NO_VALID_IMAGE_URL,0,0,NONE,0
RMVM_S_29c48051a2,Điều Anh Sợ,"Kayl D, KaWaiiBi, Nhím",RAP_HIPHOP,MISSING,NO_VALID_IMAGE_URL,0,0,NONE,0
RMVM_S_bdd0bcf9e1,Đồng Tiền Rẽ Lối (Parody),Hoàng Hồng Quân,POP_BALLAD,MISSING,NO_VALID_IMAGE_URL,0,0,NONE,0
RMVM_S_9a18eefd67,Hãy Nói Thật Lòng,Hoàng Châu,POP_BALLAD,MISSING,NO_VALID_IMAGE_URL,0,0,NONE,0
RMVM_S_71477e0a41,Sao Em Lại Khóc (BLUE REMIX),Nhiều nghệ sĩ,DANCE_EDM,MISSING,NO_VALID_IMAGE_URL,0,0,NONE,0
RMVM_S_c5f9e295d2,Ông Noel Ơi,Đông Quân,POP_BALLAD,MISSING,NO_VALID_IMAGE_URL,0,0,NONE,0
RMVM_S_11c2e020f1,Anh Hiểu Không,Hari Won,POP_BALLAD,MISSING,NO_VALID_IMAGE_URL,0,0,NONE,0
RMVM_S_aa12e0e826,Thương Cô Lắm Chớ,Huy Nam,POP_BALLAD,MISSING,NO_VALID_IMAGE_URL,0,0,NONE,0
RMVM_S_a97389d63c,Càng Yêu Càng Tổn Thương,Tiêu Minh Tiến,POP_BALLAD,MISSING,NO_VALID_IMAGE_URL,0,0,NONE,0
RMVM_S_af6d9d13b8,Mình Còn Thương Nhau,Ngọc Hân,BOLERO_TRUTINH,MISSING,NO_VALID_IMAGE_URL,0,0,NONE,0
RMVM_S_541533ff2f,Có Hẹn Với Hạnh Phúc,Ái Phương,POP_BALLAD,MISSING,NO_VALID_IMAGE_URL,0,0,NONE,0
RMVM_S_c8d0b3d528,Em Hạnh Phúc Chứ,Nguyễn Đình Vũ,POP_BALLAD,MISSING,NO_VALID_IMAGE_URL,0,0,NONE,0
RMVM_S_791f3cd11c,Đò Sang Sông,"Thanh Ngân, Gia Tiến",POP_BALLAD,MISSING,NO_VALID_IMAGE_URL,0,0,NONE,0
RMVM_S_8a4c4882fe,1 Ngày Mùa Đông Của Tháng 12,"Đỗ Phú Quí, Mcee Blue",POP_BALLAD,MISSING,NO_VALID_IMAGE_URL,0,0,NONE,0
RMVM_S_0cabcd761e,Cho em hồn nhiên,Quang Vinh,POP_BALLAD,MISSING,NO_VALID_IMAGE_URL,0,0,NONE,0
RMVM_S_30f63fed6a,Tây Vương Nữ Quốc,"Thanh Ngân, Gia Tiến",POP_BALLAD,MISSING,NO_VALID_IMAGE_URL,0,0,NONE,0
RMVM_S_24e5e54935,Khúc Thu Ca,Lưu Bích,INSTRUMENTAL,MISSING,NO_VALID_IMAGE_URL,0,0,NONE,0
RMVM_S_e8c7d35bb5,Vì Anh Là Người Thứ Ba,Lâm Chấn Huy,POP_BALLAD,MISSING,NO_VALID_IMAGE_URL,0,0,NONE,0
RMVM_S_0575a83bba,Vì Yêu Em (Prod. Zeaplee),Binno Phương Bắc,POP_BALLAD,MISSING,NO_VALID_IMAGE_URL,0,0,NONE,0
RMVM_S_5b7a95c84c,Giấu Kí Ức,Winno,RAP_HIPHOP,MISSING,NO_VALID_IMAGE_URL,0,0,NONE,0
RMVM_S_5ae642fedf,Sao Đỏ Bị Chơi Xỏ,"Đào Nguyễn Ánh, Trần Hiếu Trung, Cua Mề",POP_BALLAD,MISSING,NO_VALID_IMAGE_URL,0,0,NONE,0
RMVM_S_abb514a6fe,Giả Vờ Nhưng Anh Yêu Em,Ngô Anh Đạt,POP_BALLAD,MISSING,NO_VALID_IMAGE_URL,0,0,NONE,0
RMVM_S_670d48192b,Chắc Em Đã Quên Rồi (Wan Remix),"Quang Chợ Lầm, HOA HỒNG DẠI MUSIC",DANCE_EDM,MISSING,NO_VALID_IMAGE_URL,0,0,NONE,0
RMVM_S_4a61b3503e,Rap Về Digimon,Phan Ann,POP_BALLAD,MISSING,NO_VALID_IMAGE_URL,0,0,NONE,0
RMVM_S_660b5c4a2a,Buồn Một Chút Rồi Thôi (New Version),Chi Dân,POP_BALLAD,MISSING,NO_VALID_IMAGE_URL,0,0,NONE,0
RMVM_S_5e38a16fa4,Dõi Theo Nỗi Đau,AndyShin,POP_BALLAD,MISSING,NO_VALID_IMAGE_URL,0,0,NONE,0
RMVM_S_2ce1c687bf,Kỷ Nguyên Kiếm Sĩ,Phan Ann,POP_BALLAD,MISSING,NO_VALID_IMAGE_URL,0,0,NONE,0
RMVM_S_f579543237,Vùng Trời Mơ Ước,"Minh Thuận, Nhật Hào",POP_BALLAD,MISSING,NO_VALID_IMAGE_URL,0,0,NONE,0
RMVM_S_a68a856d00,Sao Cứ Phải Là Anh,"NAM DaBand, Đông Thiên Đức",POP_BALLAD,MISSING,NO_VALID_IMAGE_URL,0,0,NONE,0
RMVM_S_5323a6ae6d,Nước Mắt Người Con Gái,La Nhật Tiến,POP_BALLAD,MISSING,NO_VALID_IMAGE_URL,0,0,NONE,0
RMVM_S_82fab6af0b,Giá Ngày Đầu Đừng Nói Thương Nhau,Isaac,POP_BALLAD,MISSING,NO_VALID_IMAGE_URL,0,0,NONE,0
RMVM_S_d195b0f72d,Đau Nhất Là Yêu Nhiều Hơn,Bozitt,POP_BALLAD,MISSING,NO_VALID_IMAGE_URL,0,0,NONE,0
RMVM_S_7883aac61f,Con Tim Anh Tan Thành Mây Khói,Trung Tự,POP_BALLAD,MISSING,NO_VALID_IMAGE_URL,0,0,NONE,0
RMVM_S_d61cee69b5,Khói Thuốc Đợi Chờ,Khải Đăng,POP_BALLAD,MISSING,NO_VALID_IMAGE_URL,0,0,NONE,0
RMVM_S_79655e862d,Anh Chẳng Buồn Đâu,Juhi,POP_BALLAD,MISSING,NO_VALID_IMAGE_URL,0,0,NONE,0
RMVM_S_491bbcfbbf,Chờ Đông,Bảo Hân Bolero,BOLERO_TRUTINH,MISSING,NO_VALID_IMAGE_URL,0,0,NONE,0
RMVM_S_236e6fe492,Bóng Tối Trước Bình Minh (Cover),Thái Quỳnh,POP_BALLAD,MISSING,NO_VALID_IMAGE_URL,0,0,NONE,0
RMVM_S_00155eb409,Em Là 102,Đinh Đại Vũ,POP_BALLAD,MISSING,NO_VALID_IMAGE_URL,0,0,NONE,0
RMVM_S_efc986e205,Hình Ảnh Người Em Không Đợi,Chí Viễn,BOLERO_TRUTINH,MISSING,NO_VALID_IMAGE_URL,0,0,NONE,0
RMVM_S_5982711a1d,Joy To The World ( Chúc Mừng Cho Thế Giới),Tam Ca Áo Trắng,POP_BALLAD,MISSING,NO_VALID_IMAGE_URL,0,0,NONE,0
RMVM_S_0fc3b8e821,TIẾNG YÊU VỘI VÀNG,Poll,POP_BALLAD,MISSING,NO_VALID_IMAGE_URL,0,0,NONE,0
RMVM_S_4cadacd8f2,Chấp Nhận Thương Đau,Nhiều nghệ sĩ,RAP_HIPHOP,MISSING,NO_VALID_IMAGE_URL,0,0,NONE,0
RMVM_S_ab3ac0a686,Tâm Sự Người Xa Xứ,Khánh Đơn,POP_BALLAD,MISSING,NO_VALID_IMAGE_URL,0,0,NONE,0
RMVM_S_eb8e972c9b,Khép Lại Nỗi Đau,Dương Nhất Linh,POP_BALLAD,MISSING,NO_VALID_IMAGE_URL,0,0,NONE,0
RMVM_S_3f53644144,BIET DAU LA THAT,"T.A, Tuanmanhtr",RAP_HIPHOP,MISSING,NO_VALID_IMAGE_URL,0,0,NONE,0
RMVM_S_f81a64e580,Chị Tôi 2,Trường Vũ,BOLERO_TRUTINH,MISSING,NO_VALID_IMAGE_URL,0,0,NONE,0
RMVM_S_ad5414b5a0,Nhớ Mẹ - Ầu Ơ Ví Dầu,HA Live,POP_BALLAD,MISSING,NO_VALID_IMAGE_URL,0,0,NONE,0
RMVM_S_a77872a1d6,Dừng Lại Hành Trình,Bình Lee,POP_BALLAD,MISSING,NO_VALID_IMAGE_URL,0,0,NONE,0
RMVM_S_fdf87d56f2,Yêu Em Anh Hát Tình Ca,Chu Hoàng Tuấn,BOLERO_TRUTINH,MISSING,NO_VALID_IMAGE_URL,0,0,NONE,0
RMVM_S_b7a01a8e72,Để Em Tính,Hana Cẩm Tiên,POP_BALLAD,MISSING,NO_VALID_IMAGE_URL,0,0,NONE,0
RMVM_S_24be07f308,Người Mình Yêu Chưa Chắc Đã Yêu Mình (Piano Version),Lynn,POP_BALLAD,MISSING,NO_VALID_IMAGE_URL,0,0,NONE,0
RMVM_S_946e9c4084,Cạn Nghĩa Cạn Tình,GIK,POP_BALLAD,MISSING,NO_VALID_IMAGE_URL,0,0,NONE,0
RMVM_S_dada8a1e91,Lỡ Duyên Tủi Phận,Út Nhị Mino,POP_BALLAD,MISSING,NO_VALID_IMAGE_URL,0,0,NONE,0
RMVM_S_d382a63d41,Sinh Ra Để Cô Đơn,Lily Chen / 陈洁丽,POP_BALLAD,MISSING,NO_VALID_IMAGE_URL,0,0,NONE,0
RMVM_S_ce2e1ed0ed,Khúc Nhạc Buồn,Don Hồ,INSTRUMENTAL,MISSING,NO_VALID_IMAGE_URL,0,0,NONE,0
RMVM_S_8bb398ba7f,Người Tình Trong Mộng,Don Hồ,INSTRUMENTAL,MISSING,NO_VALID_IMAGE_URL,0,0,NONE,0
RMVM_S_ceda35077b,Người Giàu Tương Tư,Thanh Vinh,BOLERO_TRUTINH,MISSING,NO_VALID_IMAGE_URL,0,0,NONE,0
RMVM_S_8100335bc1,Em Hay Lắm,Phạm Trưởng,POP_BALLAD,MISSING,NO_VALID_IMAGE_URL,0,0,NONE,0
RMVM_S_32e0307a4e,Còn Duyên,Hồng Duyên,POP_BALLAD,MISSING,NO_VALID_IMAGE_URL,0,0,NONE,0
RMVM_S_efcffa60f8,Không Gì Có Thể Thay Thế Em (Live Version),Khải Đăng,POP_BALLAD,MISSING,NO_VALID_IMAGE_URL,0,0,NONE,0
RMVM_S_3d409b03dd,LK Yêu Người Yêu Đời,Thế Sơn,INSTRUMENTAL,MISSING,NO_VALID_IMAGE_URL,0,0,NONE,0
RMVM_S_210dfe9fe7,Anh Không Thuộc Về Em,Minh Tuyết,INSTRUMENTAL,MISSING,NO_VALID_IMAGE_URL,0,0,NONE,0
RMVM_S_60783086f3,Cưới Hông Chốt Nha,"Út Nhị Mino, Đỗ Thành Duy, NH4T",POP_BALLAD,MISSING,NO_VALID_IMAGE_URL,0,0,NONE,0
RMVM_S_89e46cb516,Một Thoáng Suy Tư,Thái,POP_BALLAD,MISSING,NO_VALID_IMAGE_URL,0,0,NONE,0
RMVM_S_2d9ddfce66,Lạnh Lắm,"Lệnh Hồ Khang, EnTi TK, Kid TD",POP_BALLAD,MISSING,NO_VALID_IMAGE_URL,0,0,NONE,0
RMVM_S_ddfbe0f6ec,Anh Cũng Bằng Lòng Anh Thôi,Hà Huy Hiếu,POP_BALLAD,MISSING,NO_VALID_IMAGE_URL,0,0,NONE,0
RMVM_S_4fc36a2390,Nhớ Về Hội Lim,Thu Hiền,FOLK_TRADITIONAL,MISSING,NO_VALID_IMAGE_URL,0,0,NONE,0
RMVM_S_c508d4a6ab,Trở Lại Tây Sơn,Lê Mười,BOLERO_TRUTINH,MISSING,NO_VALID_IMAGE_URL,0,0,NONE,0
RMVM_S_03a3e5ed48,Ải Hồng Nhan (Remix),"Lee Ken, Cần Vinh",DANCE_EDM,MISSING,NO_VALID_IMAGE_URL,0,0,NONE,0
RMVM_S_e5fefd2345,Em Buồn Anh Thương,"Quang Bình, Trang Thanh Lan",INSTRUMENTAL,MISSING,NO_VALID_IMAGE_URL,0,0,NONE,0
RMVM_S_712d5db91e,Có Gì Đâu Mà Ngại,G5R Squad,POP_BALLAD,MISSING,NO_VALID_IMAGE_URL,0,0,NONE,0
RMVM_S_bc9481c4e5,Có Phải Em Đổi Thay (Beat),Vân Du,POP_BALLAD,MISSING,NO_VALID_IMAGE_URL,0,0,NONE,0
RMVM_S_f8bf2bb838,Ru Ta Ngậm Ngùi,Anh Trinh,NHAC_TRINH,MISSING,NO_VALID_IMAGE_URL,0,0,NONE,0
RMVM_S_061dd752e7,Biết Đâu Khi Gặp Nhau (Không Bằng),Tuấn Khương,POP_BALLAD,MISSING,NO_VALID_IMAGE_URL,0,0,NONE,0
RMVM_S_8495430416,Con Gà Con,Bé Hồng Ân,CHILDREN,MISSING,NO_VALID_IMAGE_URL,0,0,NONE,0
RMVM_S_7439dee53e,Ngày Đẹp Nhất Để Chia Tay,Zusu Nguyễn Đức,POP_BALLAD,MISSING,NO_VALID_IMAGE_URL,0,0,NONE,0
RMVM_S_83fb56e8c7,"Mashup Gửi Người Yêu Cũ, Vỡ Tan",GiGi Hương Giang,POP_BALLAD,MISSING,NO_VALID_IMAGE_URL,0,0,NONE,0
RMVM_S_22f2189edf,Duyên Anh Nợ Em,Lê Như,FOLK_TRADITIONAL,MISSING,NO_VALID_IMAGE_URL,0,0,NONE,0
RMVM_S_417698675a,Liên Khúc Chuyện Hẹn Hò - Ai Lên Xứ Hoa Đào,"Lâm Bảo Phi, Phùng Ngọc Huy",BOLERO_TRUTINH,MISSING,NO_VALID_IMAGE_URL,0,0,NONE,0
RMVM_S_4517663617,Xin Mẹ Cha An Lòng,Hoàng Chiến,BOLERO_TRUTINH,MISSING,NO_VALID_IMAGE_URL,0,0,NONE,0
RMVM_S_3f95a95ddd,Chúng Ta Từng Chung Một Đoạn Đường,Tuấn Kiệt,POP_BALLAD,MISSING,NO_VALID_IMAGE_URL,0,0,NONE,0
RMVM_S_fb8378e6b7,Anh Không Cần Là Người Đầu Tiên,Chu Nam Anh,POP_BALLAD,MISSING,NO_VALID_IMAGE_URL,0,0,NONE,0
RMVM_S_8f90ae0363,Áo Anh Si Nhưng Lòng Anh Thật,Peto,POP_BALLAD,MISSING,NO_VALID_IMAGE_URL,0,0,NONE,0
RMVM_S_96ba0e37ff,Chỉ Còn Mùa Quên,Dương Triệu Vũ,POP_BALLAD,MISSING,NO_VALID_IMAGE_URL,0,0,NONE,0
RMVM_S_70ca0f0c3d,Sống Như Tia Nắng Mặt Trời,Nhiều Nghệ Sĩ,POP_BALLAD,MISSING,NO_VALID_IMAGE_URL,0,0,NONE,0
RMVM_S_e018eb5fd3,Buồn… Hay Mưa,Jin Tuấn Nam,POP_BALLAD,MISSING,NO_VALID_IMAGE_URL,0,0,NONE,0
RMVM_S_e1dc288266,ANH ĐÃ BIẾT MÌNH QUÁ SAI RỒI,"ICY RIX, ICY KRAVE",RAP_HIPHOP,MISSING,NO_VALID_IMAGE_URL,0,0,NONE,0
RMVM_S_4acd03cbce,Nỗi Lòng Người Viễn Xứ,Lưu Chí Vỹ,FOLK_TRADITIONAL,MISSING,NO_VALID_IMAGE_URL,0,0,NONE,0
RMVM_S_e73b22118a,Còn Có Anh,"Khang Việt, Mạnh Quân",POP_BALLAD,MISSING,NO_VALID_IMAGE_URL,0,0,NONE,0
RMVM_S_d997623fd0,Rất Huế,Bảo Yến,BOLERO_TRUTINH,MISSING,NO_VALID_IMAGE_URL,0,0,NONE,0
RMVM_S_7e2cc820f9,Muốn Quên Không Đành,Phi Bằng,BOLERO_TRUTINH,MISSING,NO_VALID_IMAGE_URL,0,0,NONE,0
RMVM_S_5712a66770,Chợt Nhớ Hơn Bao Giờ,Loan Châu,BOLERO_TRUTINH,MISSING,NO_VALID_IMAGE_URL,0,0,NONE,0
RMVM_S_4b0c87b503,Anh Thật Dũng Cảm,Long Hải,POP_BALLAD,MISSING,NO_VALID_IMAGE_URL,0,0,NONE,0
RMVM_S_1e2aff6dcc,Bao Giờ Anh Đau Khổ,Lê Như,BOLERO_TRUTINH,MISSING,NO_VALID_IMAGE_URL,0,0,NONE,0
RMVM_S_c6ed3fa3ac,Đêm Mưa Nhớ Mẹ,Hoàng Minh Thắng,POP_BALLAD,MISSING,NO_VALID_IMAGE_URL,0,0,NONE,0
RMVM_S_3ec4e36c37,Điều Làm Anh Vui,buitruonglinh,POP_BALLAD,MISSING,NO_VALID_IMAGE_URL,0,0,NONE,0
RMVM_S_e73901bc29,Cô Gái Ấy Từng Nói Yêu Tôi,Dương Nhân Trung,POP_BALLAD,MISSING,NO_VALID_IMAGE_URL,0,0,NONE,0
RMVM_S_3c4d527ba1,Bờm Ơi,Đỗ Hoàng Dương,POP_BALLAD,MISSING,NO_VALID_IMAGE_URL,0,0,NONE,0
RMVM_S_b8048ac594,Anh Đừng Lo Nghĩ,Tố My,POP_BALLAD,MISSING,NO_VALID_IMAGE_URL,0,0,NONE,0
RMVM_S_4a604e021f,Gió Mây Chuyển Sắc,Lee Phú Quý,POP_BALLAD,MISSING,NO_VALID_IMAGE_URL,0,0,NONE,0
RMVM_S_83b84b7cc6,Con Tim Buồn,Quang Dũng,BOLERO_TRUTINH,MISSING,NO_VALID_IMAGE_URL,0,0,NONE,0
RMVM_S_9b56ee5f07,Lấy Vợ Miệt Vườn,Đan Trường,FOLK_TRADITIONAL,MISSING,NO_VALID_IMAGE_URL,0,0,NONE,0
RMVM_S_cf4f0bdeb7,Biển Tình,Bảo Hân Bolero,BOLERO_TRUTINH,MISSING,NO_VALID_IMAGE_URL,0,0,NONE,0
RMVM_S_8f258bad61,Có Em Rong Chơi,The Meo,POP_BALLAD,MISSING,NO_VALID_IMAGE_URL,0,0,NONE,0
RMVM_S_078656fcf0,Valentine Trắng: Lời Hồi Đáp,Bảo Đại,POP_BALLAD,MISSING,NO_VALID_IMAGE_URL,0,0,NONE,0
RMVM_S_0ac48d0c0e,Chuyện Tình Hoa Cát Đằng (New Version),"Vũ Hoàng, Thạch Thảo",BOLERO_TRUTINH,MISSING,NO_VALID_IMAGE_URL,0,0,NONE,0
RMVM_S_8f57417bc0,Chẳng Thể Nghe Con Tim,Phát Huy T4,POP_BALLAD,MISSING,NO_VALID_IMAGE_URL,0,0,NONE,0
RMVM_S_6da2233fb7,Có Thế Thôi,Chế Minh,BOLERO_TRUTINH,MISSING,NO_VALID_IMAGE_URL,0,0,NONE,0
RMVM_S_c2868aaff2,Mà Vẫn Cô Đơn,"Khải, 14 Casper",POP_BALLAD,MISSING,NO_VALID_IMAGE_URL,0,0,NONE,0
RMVM_S_ac305dcd21,Hà Giang Miền Biên Cương,Vũ Minh Vương,BOLERO_TRUTINH,MISSING,NO_VALID_IMAGE_URL,0,0,NONE,0
RMVM_S_6a7ac9c608,Con Hứa Sẽ Về (Lofi),Lê Bảo Bình,POP_BALLAD,MISSING,NO_VALID_IMAGE_URL,0,0,NONE,0
RMVM_S_6545f6f7e9,Đám Cưới Của Em (Lofi Version),"Lý Tuấn Kiệt, Phát Hồ",POP_BALLAD,MISSING,NO_VALID_IMAGE_URL,0,0,NONE,0
RMVM_S_268dbcabdc,Hai Người Từng Yêu,Khánh Đơn,POP_BALLAD,MISSING,NO_VALID_IMAGE_URL,0,0,NONE,0
RMVM_S_cf1ec8286d,Có Một Người Vẫn Đợi (Ballad),Ngân Ngân,POP_BALLAD,MISSING,NO_VALID_IMAGE_URL,0,0,NONE,0
RMVM_S_f9ceb18f5c,Thăng Hạng Tự Tin,"OSAD, Miu Lê",POP_BALLAD,MISSING,NO_VALID_IMAGE_URL,0,0,NONE,0
RMVM_S_f707678ae8,Khúc Vương Tình (Sinkra x Lee Ken Remix),"Cần Vinh, Lee Ken",DANCE_EDM,MISSING,NO_VALID_IMAGE_URL,0,0,NONE,0
RMVM_S_d1a20aeaf6,Nghe Nói Em Đang Buồn,"WinK, Trang Anh, MC Wiz",RAP_HIPHOP,MISSING,NO_VALID_IMAGE_URL,0,0,NONE,0
RMVM_S_7639f824ed,Nỗi Nhớ Bình Yên,Gia Ly,POP_BALLAD,MISSING,NO_VALID_IMAGE_URL,0,0,NONE,0
RMVM_S_371438ff43,Nhành Mai Thắm Tặng Em,Phương Thùy (Nhóm Phù Sa),BOLERO_TRUTINH,MISSING,NO_VALID_IMAGE_URL,0,0,NONE,0
RMVM_S_1859d35580,Chỉ Vì Anh Nghèo,Lâm Vũ,POP_BALLAD,MISSING,NO_VALID_IMAGE_URL,0,0,NONE,0
RMVM_S_b91ee0ec4d,Học Cách Quên Anh,NgânT,POP_BALLAD,MISSING,NO_VALID_IMAGE_URL,0,0,NONE,0
RMVM_S_6c2c9d42ee,Bé Đi Học,Trịnh Nhật Minh,CHILDREN,MISSING,NO_VALID_IMAGE_URL,0,0,NONE,0
RMVM_S_d2a3627e8b,Việt Nam Trong Tim Ta,"Phạm Thành Luân, Huy Hoàng",POP_BALLAD,MISSING,NO_VALID_IMAGE_URL,0,0,NONE,0
RMVM_S_18861c7e45,Trò Chơi Tội Lỗi,Duy Hạnh,INSTRUMENTAL,MISSING,NO_VALID_IMAGE_URL,0,0,NONE,0
RMVM_S_a9e0af2a70,Bỏ Buộc Đành Buông,Henry Ngọc Thạch,POP_BALLAD,MISSING,NO_VALID_IMAGE_URL,0,0,NONE,0
RMVM_S_5eb90030ab,Bài Đồng Dao Của Hà,"Quốc Bảo, Nguyên Hà",POP_BALLAD,MISSING,NO_VALID_IMAGE_URL,0,0,NONE,0
RMVM_S_2410b7a2b2,Và Rồi Nắng Ra Đi,Duy Hạnh,INSTRUMENTAL,MISSING,NO_VALID_IMAGE_URL,0,0,NONE,0
RMVM_S_ffbb23edb8,Hót Hòn Họt,"Hương Giang, Saabirose, D.A",POP_BALLAD,MISSING,NO_VALID_IMAGE_URL,0,0,NONE,0
RMVM_S_9f9c9412f5,Gọi Tên Anh Mãi (Call You An Angel),Thanh Hà,POP_BALLAD,MISSING,NO_VALID_IMAGE_URL,0,0,NONE,0
RMVM_S_a97dfa4672,Đừng trách em tội nghiệp,Tuyết Vân Hà,POP_BALLAD,MISSING,NO_VALID_IMAGE_URL,0,0,NONE,0
RMVM_S_35561db66b,Đêm Lao Xao,"Anh Khang, Quỳnh Trang",POP_BALLAD,MISSING,NO_VALID_IMAGE_URL,0,0,NONE,0
RMVM_S_22b892de67,Chúng Ta Chỉ Là Đã Từng Yêu,MyMy,POP_BALLAD,MISSING,NO_VALID_IMAGE_URL,0,0,NONE,0
RMVM_S_6eac0de841,Đập Nát Kỷ Niệm,Hoàng Tuấn Kiệt,POP_BALLAD,MISSING,NO_VALID_IMAGE_URL,0,0,NONE,0
RMVM_S_8dbf774077,Mẹ Anh Thương Em,Bùi Vĩnh Phúc,POP_BALLAD,MISSING,NO_VALID_IMAGE_URL,0,0,NONE,0
RMVM_S_e69a29e1b7,Mashup Duyên,"NIT, Tăng Duy Tân, DJ Shine",POP_BALLAD,MISSING,NO_VALID_IMAGE_URL,0,0,NONE,0
RMVM_S_7fac468899,Cuộc Đời Công Nhân,"Giang Trường, Lâm Quang Long, Minh Thắng",BOLERO_TRUTINH,MISSING,NO_VALID_IMAGE_URL,0,0,NONE,0
RMVM_S_50ddadb7b8,Bé Chúc Xuân,Bé Trang Thư,CHILDREN,MISSING,NO_VALID_IMAGE_URL,0,0,NONE,0
RMVM_S_c85b6fe9f4,Yếu Đuối,Bảo Anh,POP_BALLAD,MISSING,NO_VALID_IMAGE_URL,0,0,NONE,0
RMVM_S_7e78b51fd6,Bước Đến Đỉnh Cao,Việt Quang,POP_BALLAD,MISSING,NO_VALID_IMAGE_URL,0,0,NONE,0
RMVM_S_5e0e66623e,Cha Thấy Đau Lòng (Đắng Tình Anh Em),Lâm Chấn Huy,POP_BALLAD,MISSING,NO_VALID_IMAGE_URL,0,0,NONE,0
RMVM_S_5630408f3e,LK Ngày Tạm Biệt - Ðèn Khuya - Tiễn NgườI Ði,"Mỹ Lan, Phương Loan, Ngọc Thúy",BOLERO_TRUTINH,MISSING,NO_VALID_IMAGE_URL,0,0,NONE,0
RMVM_S_e3ce6eea42,Anh Về Quảng Ngãi (Beat),"Kiến Thành, Ban Lê",BOLERO_TRUTINH,MISSING,NO_VALID_IMAGE_URL,0,0,NONE,0
RMVM_S_87e205b617,Câu Chuyện Ngày Tết,Thiên Cầm,POP_BALLAD,MISSING,NO_VALID_IMAGE_URL,0,0,NONE,0
RMVM_S_11e03b5b50,Yêu Nhau Xong Rồi (Remix),Kuun Đức Nam,DANCE_EDM,MISSING,NO_VALID_IMAGE_URL,0,0,NONE,0
RMVM_S_bcbfb527aa,Em Yêu Xin Đừng Khóc,Lưu Gia Bảo,POP_BALLAD,MISSING,NO_VALID_IMAGE_URL,0,0,NONE,0
RMVM_S_3748e60260,Anh Sao Cũng Được,Lê Chí Trung,POP_BALLAD,MISSING,NO_VALID_IMAGE_URL,0,0,NONE,0
RMVM_S_f4bad27893,Em Và Huế,Đông Quân,FOLK_TRADITIONAL,MISSING,NO_VALID_IMAGE_URL,0,0,NONE,0
RMVM_S_5f8803b4a0,Tôi Đi Giữa Hoàng Hôn,Trần Thái Hòa,INSTRUMENTAL,MISSING,NO_VALID_IMAGE_URL,0,0,NONE,0
RMVM_S_27d7f1e87a,"Tớ Thích Cậu Nhường Nào, Rồi Cậu Sẽ Biết Thôi",A.C Xuân Tài,POP_BALLAD,MISSING,NO_VALID_IMAGE_URL,0,0,NONE,0
RMVM_S_2052c2f790,Anh Sẽ Nhận Lại,Yến Genie,POP_BALLAD,MISSING,NO_VALID_IMAGE_URL,0,0,NONE,0
RMVM_S_430404078d,Bên Ai Em Cũng Ngọt Ngào,Khánh Phương,POP_BALLAD,MISSING,NO_VALID_IMAGE_URL,0,0,NONE,0
RMVM_S_37a4b5fc15,Khóc Thầm / Vùng Trời Ngày Đó,Hương Lan,INSTRUMENTAL,MISSING,NO_VALID_IMAGE_URL,0,0,NONE,0
RMVM_S_f5d0975da9,Tình Yêu Màu Nắng (Lofi),"Juky San, Orinn",POP_BALLAD,MISSING,NO_VALID_IMAGE_URL,0,0,NONE,0
RMVM_S_92e74e1137,Một Thuở Yêu Nhau,Triệu Lộc,BOLERO_TRUTINH,MISSING,NO_VALID_IMAGE_URL,0,0,NONE,0
RMVM_S_dcce9146ec,nhạt-fine (blue ver.),GREY D,POP_BALLAD,MISSING,NO_VALID_IMAGE_URL,0,0,NONE,0
RMVM_S_9d43b8b46d,Bạc Trắng Mái Đầu,Zick Phạm,POP_BALLAD,MISSING,NO_VALID_IMAGE_URL,0,0,NONE,0
RMVM_S_a971204846,Tuổi Trẻ Hướng Về Trường Sa,"Hoài Nguyên, Tốp Ca Nữ",POP_BALLAD,MISSING,NO_VALID_IMAGE_URL,0,0,NONE,0
RMVM_S_9ac4fb2cb1,Chuyện Tình Bên Suối,"Tuấn Sông Thu, To My",POP_BALLAD,MISSING,NO_VALID_IMAGE_URL,0,0,NONE,0
RMVM_S_66da2b06e3,Cảm Giác Em Là Sao (Remix),Liêu Chấn Hải,POP_BALLAD,MISSING,NO_VALID_IMAGE_URL,0,0,NONE,0
RMVM_S_4d319a04fc,Buông Tay Vì Yêu,Bùi Tuấn Ngọc,POP_BALLAD,MISSING,NO_VALID_IMAGE_URL,0,0,NONE,0
RMVM_S_c54170cb05,Anh Đánh Rơi Người Yêu Này! (Thật Tuyệt Vời Khi Ở Bên Em OST) (Beat),"Andiez, AMEE",POP_BALLAD,MISSING,NO_VALID_IMAGE_URL,0,0,NONE,0
RMVM_S_1350bbcb07,Lạc Bước Bên Đời,Trịnh Lam,INSTRUMENTAL,MISSING,NO_VALID_IMAGE_URL,0,0,NONE,0
RMVM_S_20d22f34d6,Em Quên Rồi Phải Không,Final Band,POP_BALLAD,MISSING,NO_VALID_IMAGE_URL,0,0,NONE,0
RMVM_S_d3bfe958ec,Bình Minh Xua Tan Bóng Đêm,Minh Hằng,POP_BALLAD,MISSING,NO_VALID_IMAGE_URL,0,0,NONE,0
RMVM_S_4877d7ee86,Liên Khúc Thà Giết Người Yêu,"Thanh Vinh, Lê Y Puol",BOLERO_TRUTINH,MISSING,NO_VALID_IMAGE_URL,0,0,NONE,0
RMVM_S_b6e9354e2b,Người Chơi Hệ Đẹp (Cukak Remix),"16 Typh, CUKAK",RAP_HIPHOP,MISSING,NO_VALID_IMAGE_URL,0,0,NONE,0
RMVM_S_0b1584c0cc,Chuyện Người Đàn Bà Ngàn Năm Trước,Thế Sơn,INSTRUMENTAL,MISSING,NO_VALID_IMAGE_URL,0,0,NONE,0
RMVM_S_592065ee05,Nước Mắt Muộn Màng (Nam Con Remix),Khả Hiệp,POP_BALLAD,MISSING,NO_VALID_IMAGE_URL,0,0,NONE,0
RMVM_S_c650d643f1,Về Bên Anh (SinKra Remix),Jack,POP_BALLAD,MISSING,NO_VALID_IMAGE_URL,0,0,NONE,0
RMVM_S_d101d323a0,Nụ Cười Lọ Lem,VOX,POP_BALLAD,MISSING,NO_VALID_IMAGE_URL,0,0,NONE,0
RMVM_S_eaee201ce5,Nơi Em Không Tồn Tại,NgânT,POP_BALLAD,MISSING,NO_VALID_IMAGE_URL,0,0,NONE,0
RMVM_S_d72428680a,Đoàn Xuân Ca,"Lâm Hoài Phong, Hoàng Hoa",POP_BALLAD,MISSING,NO_VALID_IMAGE_URL,0,0,NONE,0
RMVM_S_25ea3ca9a2,Áo Anh Sứt Chỉ,"Quang Lê, Elvis Phương",BOLERO_TRUTINH,MISSING,NO_VALID_IMAGE_URL,0,0,NONE,0
RMVM_S_8c5f104c6f,Anh Là Người Duy Nhất (Remix),Quyn Si,POP_BALLAD,MISSING,NO_VALID_IMAGE_URL,0,0,NONE,0
RMVM_S_d1b56b53f1,Anh Đã Yêu Em (Beat),"Grey, H-Kray",POP_BALLAD,MISSING,NO_VALID_IMAGE_URL,0,0,NONE,0
RMVM_S_8f72914ed6,Em Một Giấc Mơ,Nguyễn Hoàng Anh,POP_BALLAD,MISSING,NO_VALID_IMAGE_URL,0,0,NONE,0
RMVM_S_a399f08ba9,Đường Về Xa Thẳm,Vũ Phương,POP_BALLAD,MISSING,NO_VALID_IMAGE_URL,0,0,NONE,0
RMVM_S_7c331c414f,Bỏ Anh Đi,Renny Hiếu,POP_BALLAD,MISSING,NO_VALID_IMAGE_URL,0,0,NONE,0
RMVM_S_6cf66d87cc,Dệt Tầm Gai - Túy Âm,"Huyền Cadie, Phượng Vũ, Lê Trần Media",POP_BALLAD,MISSING,NO_VALID_IMAGE_URL,0,0,NONE,0
RMVM_S_324eaaadc0,Có Em Trong Tay,Cao Đăng Hiếu,POP_BALLAD,MISSING,NO_VALID_IMAGE_URL,0,0,NONE,0
RMVM_S_d382146dd1,Bài Này Anh Chưa Đặt Tên,"Khoa, Bảo Kun",POP_BALLAD,MISSING,NO_VALID_IMAGE_URL,0,0,NONE,0
RMVM_S_afc7a9bc30,Lối Ra Nào Cho Hai Ta,"MEZZO, Mono, Trúc Phương",POP_BALLAD,MISSING,NO_VALID_IMAGE_URL,0,0,NONE,0
RMVM_S_cfd02fc80f,Nếu Biết Trước Ngày Mai,TRANG,POP_BALLAD,MISSING,NO_VALID_IMAGE_URL,0,0,NONE,0
RMVM_S_82bec4b262,Dế Welcome,"Hà Okio, Thu Minh",POP_BALLAD,MISSING,NO_VALID_IMAGE_URL,0,0,NONE,0
RMVM_S_013d3b5825,Áo Dài Ơi,Hồng Phượng,BOLERO_TRUTINH,MISSING,NO_VALID_IMAGE_URL,0,0,NONE,0
RMVM_S_a60a2c26f5,Chẳng Gì Đẹp Đẽ Trên Đời Mãi (Tropical House),Khang Việt,POP_BALLAD,MISSING,NO_VALID_IMAGE_URL,0,0,NONE,0
RMVM_S_76bca2b02b,Mưa Trên Cuộc Tình,"Mỹ Hạnh, Thái Sơn",POP_BALLAD,MISSING,NO_VALID_IMAGE_URL,0,0,NONE,0
RMVM_S_7689d65124,Mãi Yêu Em Như Ngày Đầu,Đan Trường,POP_BALLAD,MISSING,NO_VALID_IMAGE_URL,0,0,NONE,0
RMVM_S_ba71df8ffa,Ác Ma Đến Từ Thiên Đường,Thái Quỳnh,POP_BALLAD,MISSING,NO_VALID_IMAGE_URL,0,0,NONE,0
RMVM_S_b1e2b49b8b,Đơn Giản Vậy Thôi,Lâm Nguyên,POP_BALLAD,MISSING,NO_VALID_IMAGE_URL,0,0,NONE,0
RMVM_S_a133c825af,Anh Đây Em Ơi,Yan Nguyễn,POP_BALLAD,MISSING,NO_VALID_IMAGE_URL,0,0,NONE,0
RMVM_S_bf29e59217,Đợi Người Phương Xa,Mai Tiến Đạt,POP_BALLAD,MISSING,NO_VALID_IMAGE_URL,0,0,NONE,0
RMVM_S_891b39aa73,Là Mây Trên Bầu Trời Của Ai Đó,"Trịnh Tú Trung, Wonbi Minh Quân",POP_BALLAD,MISSING,NO_VALID_IMAGE_URL,0,0,NONE,0
RMVM_S_2f12d10b7b,Mùa Thu Không Em,Công Danh,POP_BALLAD,MISSING,NO_VALID_IMAGE_URL,0,0,NONE,0
RMVM_S_af9397eca7,Yêu Em Như Hành Xác,"Cường Seven, Wxrdie, M-A",DANCE_EDM,MISSING,NO_VALID_IMAGE_URL,0,0,NONE,0
RMVM_S_730e5a9f37,Em Là Áng Mây,"Lê Vũ, Karrot",POP_BALLAD,MISSING,NO_VALID_IMAGE_URL,0,0,NONE,0
RMVM_S_66bdec9730,Đò Qua Bến Sông,Mai Tiến Đạt,POP_BALLAD,MISSING,NO_VALID_IMAGE_URL,0,0,NONE,0
RMVM_S_d6dd818841,Liên Khúc: Bóng Nhỏ Đường Chiều,Ân Thiên Vỹ,BOLERO_TRUTINH,MISSING,NO_VALID_IMAGE_URL,0,0,NONE,0
RMVM_S_8bfa66e8b4,Đừng Giận Anh Em Nhé,Quang Vinh,POP_BALLAD,MISSING,NO_VALID_IMAGE_URL,0,0,NONE,0
RMVM_S_152515035c,Liên Khúc Chuyện Tình Lan Và Điệp,"Đăng Nguyên, Cẩm Như",BOLERO_TRUTINH,MISSING,NO_VALID_IMAGE_URL,0,0,NONE,0
RMVM_S_4652c9a13c,Sai Cách Yêu (Remix),Lê Bảo Bình,POP_BALLAD,MISSING,NO_VALID_IMAGE_URL,0,0,NONE,0
RMVM_S_160e666b39,Những Đứa Con Xa Nhà,Thùy Chi,POP_BALLAD,MISSING,NO_VALID_IMAGE_URL,0,0,NONE,0
RMVM_S_8b9967a4d0,Chưa Từng Thương Em,Hoàng Ly,POP_BALLAD,MISSING,NO_VALID_IMAGE_URL,0,0,NONE,0
RMVM_S_a6427049dc,Đoạn Tình Phai,G5R Squad,POP_BALLAD,MISSING,NO_VALID_IMAGE_URL,0,0,NONE,0
RMVM_S_fa4b3b38f4,Trăng Về Thôn Dã 2,"CT Media, Thùy Dương, Văn Hương",POP_BALLAD,MISSING,NO_VALID_IMAGE_URL,0,0,NONE,0
RMVM_S_b7f0e115bf,Lời Tạm Biệt,buitruonglinh,POP_BALLAD,MISSING,NO_VALID_IMAGE_URL,0,0,NONE,0
RMVM_S_37e3019e62,Chàng Trai Ấy,Mai Ngọc Hân,POP_BALLAD,MISSING,NO_VALID_IMAGE_URL,0,0,NONE,0
RMVM_S_8b4158e179,"Nắng Đẹp Miền Nam, Khúc Ca Ngày Mùa","Hương Thủy, Hà Phương",BOLERO_TRUTINH,MISSING,NO_VALID_IMAGE_URL,0,0,NONE,0
RMVM_S_d11a154db0,Nhịp Đập Bên Ngực Trái,Đan Trường,POP_BALLAD,MISSING,NO_VALID_IMAGE_URL,0,0,NONE,0
RMVM_S_bf46b3f5cc,Tình Sầu Ngoại Ô,Diễm Trang,POP_BALLAD,MISSING,NO_VALID_IMAGE_URL,0,0,NONE,0
RMVM_S_bed85ecaac,Bức Họa Đồng Quê,Nhiều nghệ sĩ,BOLERO_TRUTINH,MISSING,NO_VALID_IMAGE_URL,0,0,NONE,0
RMVM_S_e42a014af5,Em Biết Anh Đi Chẳng Trở Về,"Thanh Ngân, Gia Tiến",POP_BALLAD,MISSING,NO_VALID_IMAGE_URL,0,0,NONE,0
RMVM_S_9ae779cf13,Buồn & Men Say Nồng,"Kỳ Phương Uyên, Trịnh Lam",INSTRUMENTAL,MISSING,NO_VALID_IMAGE_URL,0,0,NONE,0
RMVM_S_72c6ac98d3,Dạ Khúc Dưới Ánh Trăng,Trịnh Thăng Bình,POP_BALLAD,MISSING,NO_VALID_IMAGE_URL,0,0,NONE,0
RMVM_S_4f91809a51,Cạn Chén Men Cay,Khưu Huy Vũ,BOLERO_TRUTINH,MISSING,NO_VALID_IMAGE_URL,0,0,NONE,0
RMVM_S_1dc0770ed8,Gió Mùa Xuân Tới,Nhiều nghệ sĩ,BOLERO_TRUTINH,MISSING,NO_VALID_IMAGE_URL,0,0,NONE,0
RMVM_S_442ebbf998,Bỏ Đi Mà Làm Người (Kiếp Cần Sa 3),Tào Lữ Phụ,POP_BALLAD,MISSING,NO_VALID_IMAGE_URL,0,0,NONE,0
RMVM_S_d4e86cfc32,Anh Có Về Hà Tĩnh Với Em Không,Thanh Hương,POP_BALLAD,MISSING,NO_VALID_IMAGE_URL,0,0,NONE,0
RMVM_S_6f9b3c0bc9,Anh Quá Dại Khờ (Remix),"HHD, Khánh Cường",POP_BALLAD,MISSING,NO_VALID_IMAGE_URL,0,0,NONE,0
RMVM_S_9300fc0ffc,Thế Hệ Tan Vỡ,"Kai Đinh, SIVAN",POP_BALLAD,MISSING,NO_VALID_IMAGE_URL,0,0,NONE,0
RMVM_S_fc3b018f5d,Quảng Ngãi Nhớ Thương,"Trường Kha, Giang Mỹ Huyền",FOLK_TRADITIONAL,MISSING,NO_VALID_IMAGE_URL,0,0,NONE,0
RMVM_S_e8f6aa9fae,Yêu Là Phải Chờ Đợi (Beat),Sky Nguyễn,POP_BALLAD,MISSING,NO_VALID_IMAGE_URL,0,0,NONE,0
RMVM_S_67754eb1da,em giấu,Giang Hồng Ngọc,POP_BALLAD,MISSING,NO_VALID_IMAGE_URL,0,0,NONE,0
RMVM_S_b92256cd47,Chiều Mưa Trên Phố,Ron Phan,RB_SOUL,MISSING,NO_VALID_IMAGE_URL,0,0,NONE,0
RMVM_S_f68a1d70cd,Khi Anh Ra Đi,Lưu Bích,INSTRUMENTAL,MISSING,NO_VALID_IMAGE_URL,0,0,NONE,0
RMVM_S_9d60ad39e4,Mai Anh Đào,Tùng Nguyễn,POP_BALLAD,MISSING,NO_VALID_IMAGE_URL,0,0,NONE,0
RMVM_S_bcecfa98f0,Tội Cho Cô Gái Đó,Nam Em,POP_BALLAD,MISSING,NO_VALID_IMAGE_URL,0,0,NONE,0
RMVM_S_41ae75ad90,Anh Cô Đơn Quá,NQP,POP_BALLAD,MISSING,NO_VALID_IMAGE_URL,0,0,NONE,0
RMVM_S_2b995ac994,Đi Ra Đi Vào,"Minh Đinh, Trung Trần",POP_BALLAD,MISSING,NO_VALID_IMAGE_URL,0,0,NONE,0
RMVM_S_6721e4ba2c,Anh Chỉ Là Bạn Thân,Tăng Phúc,POP_BALLAD,MISSING,NO_VALID_IMAGE_URL,0,0,NONE,0
RMVM_S_2ac2394ff2,Chiều Hoàng Hôn (Cải Lương Remix),"Jombie, Jena, G5R Squad",POP_BALLAD,MISSING,NO_VALID_IMAGE_URL,0,0,NONE,0
RMVM_S_0ed355b65c,Tết Là Tết,Bé Ngọc Ngân,POP_BALLAD,MISSING,NO_VALID_IMAGE_URL,0,0,NONE,0
RMVM_S_34b455e283,Chuyện Người Con Gái Hái Sầu Riêng,Hương Ngọc Vân,BOLERO_TRUTINH,MISSING,NO_VALID_IMAGE_URL,0,0,NONE,0
RMVM_S_679340ebc0,Anh Cần Một Bờ Vai,"Khánh Đơn, Khánh Trung",POP_BALLAD,MISSING,NO_VALID_IMAGE_URL,0,0,NONE,0
RMVM_S_4634dc0aa7,L.O.V.E,Lou Hoàng,POP_BALLAD,MISSING,NO_VALID_IMAGE_URL,0,0,NONE,0
RMVM_S_efc0e86bf6,Bòn Ơi Thương Lắm Quê Mình,"Lâm Thanh Tuấn, Châu Thoại Mỹ",BOLERO_TRUTINH,MISSING,NO_VALID_IMAGE_URL,0,0,NONE,0
RMVM_S_536cc7ff23,Thằng Hề Nó Yêu,"Nguyễn Đình Vũ, DC Tâm, Hiếu Rock",POP_BALLAD,MISSING,NO_VALID_IMAGE_URL,0,0,NONE,0
RMVM_S_43f2b08504,Em Chính Là Người Anh Yêu (Remix),Mạnh Tịnh,POP_BALLAD,MISSING,NO_VALID_IMAGE_URL,0,0,NONE,0
RMVM_S_0b37bf7b9f,Chuyện Bạn Tôi,Oliver Lee,POP_BALLAD,MISSING,NO_VALID_IMAGE_URL,0,0,NONE,0
RMVM_S_49bc46d924,Anh Sợ Mình Yếu Đuối,Truc Ban Bun,POP_BALLAD,MISSING,NO_VALID_IMAGE_URL,0,0,NONE,0
RMVM_S_48676f57f8,Người Vội Vàng,Hoàng Châu,POP_BALLAD,MISSING,NO_VALID_IMAGE_URL,0,0,NONE,0
RMVM_S_b932ddc27b,Chưa Từng “Người Yêu Cũ” Của Ai,Shine Thành Anh,POP_BALLAD,MISSING,NO_VALID_IMAGE_URL,0,0,NONE,0
RMVM_S_f58c69eb5f,Chiều Tà,Thu Giang,BOLERO_TRUTINH,MISSING,NO_VALID_IMAGE_URL,0,0,NONE,0
RMVM_S_29639e6987,Em ơi! Hà Nội phố,Hồng Nhung,POP_BALLAD,MISSING,NO_VALID_IMAGE_URL,0,0,NONE,0
RMVM_S_c1a4118ef1,Chiếc Váy Xinh,"Nasty5, WIT",RAP_HIPHOP,MISSING,NO_VALID_IMAGE_URL,0,0,NONE,0
RMVM_S_795e5f2184,Ai Đúng Ai Sai,Lương Minh Trang,POP_BALLAD,MISSING,NO_VALID_IMAGE_URL,0,0,NONE,0
RMVM_S_0ba6f1a592,Anh Có Người Mới Chưa,Huỳnh Tú,POP_BALLAD,MISSING,NO_VALID_IMAGE_URL,0,0,NONE,0
RMVM_S_58d1bd5501,Người Dao Nhớ Ơn Bác Hồ,Thanh Hoa,FOLK_TRADITIONAL,MISSING,NO_VALID_IMAGE_URL,0,0,NONE,0
RMVM_S_e0e5fbe74f,Chúng Ta Không Thể Yêu Thêm Lần Nữa (Prod. Vic),Kidz,POP_BALLAD,MISSING,NO_VALID_IMAGE_URL,0,0,NONE,0
RMVM_S_4a18af78d0,Anh Sợ Mất Em (Remix),The Men,POP_BALLAD,MISSING,NO_VALID_IMAGE_URL,0,0,NONE,0
RMVM_S_f8f9e94114,Chút Nắng Vàng Bay (Live at Giấc Mơ Sol),Tùng Dương,POP_BALLAD,MISSING,NO_VALID_IMAGE_URL,0,0,NONE,0
RMVM_S_71e7743b99,Love Pain (Tình Yêu Là Nỗi Đau),Khoi Vu,POP_BALLAD,MISSING,NO_VALID_IMAGE_URL,0,0,NONE,0
RMVM_S_77124708ab,Ta Hỏi Lại Nhau,"Lê Thu Uyên, Duy Phương",BOLERO_TRUTINH,MISSING,NO_VALID_IMAGE_URL,0,0,NONE,0
RMVM_S_318ed1cf27,Cái Mày Ở Lại Đây Nha,"Cát Tiên, Huy Đinh",POP_BALLAD,MISSING,NO_VALID_IMAGE_URL,0,0,NONE,0
RMVM_S_ac185e9bf4,Chút Buồn Còn Vương,"Minh Tuyết, Nguyễn Minh Cường",POP_BALLAD,MISSING,NO_VALID_IMAGE_URL,0,0,NONE,0
RMVM_S_343b763426,Thế Giới Mới,Đức Hati,POP_BALLAD,MISSING,NO_VALID_IMAGE_URL,0,0,NONE,0
RMVM_S_16ddd1704e,Yêu Anh Từ Đó,Dương Huệ,BOLERO_TRUTINH,MISSING,NO_VALID_IMAGE_URL,0,0,NONE,0
RMVM_S_f4b75d30f2,Nếm Lấy Trái Đắng,"Sona, G5R Squad",POP_BALLAD,MISSING,NO_VALID_IMAGE_URL,0,0,NONE,0
RMVM_S_1f954b1b41,Tình Tự Mùa Xuân,Quang Dũng,POP_BALLAD,MISSING,NO_VALID_IMAGE_URL,0,0,NONE,0
RMVM_S_45a2a62af4,Đồi Thông Hai Mộ 2,Như Ý,BOLERO_TRUTINH,MISSING,NO_VALID_IMAGE_URL,0,0,NONE,0
RMVM_S_cff37b7068,"Nếu Lúc Ấy (Vệ Sĩ, Tiểu Thư Và Chàng Khờ OST)","Bằng Kiều, Văn Mai Hương",POP_BALLAD,MISSING,NO_VALID_IMAGE_URL,0,0,NONE,0
RMVM_S_0ddcb3dfcc,Cắm Sừng Ai Đừng Cắm Sừng Em,"Phí Phương Anh, RIN9",POP_BALLAD,MISSING,NO_VALID_IMAGE_URL,0,0,NONE,0
RMVM_S_fb7897ec49,Có Phải Em Đổi Thay,Vân Du,POP_BALLAD,MISSING,NO_VALID_IMAGE_URL,0,0,NONE,0
RMVM_S_233283dfe2,Bên Em Luôn Có Một Người,Y Jalin,POP_BALLAD,MISSING,NO_VALID_IMAGE_URL,0,0,NONE,0
RMVM_S_56f3e81eb0,Muôn Thuở Tình Đau,Dương Hồng Loan,BOLERO_TRUTINH,MISSING,NO_VALID_IMAGE_URL,0,0,NONE,0
RMVM_S_a2ff14e828,Đánh Đổi Cả Thế Gian,Mây Trắng,POP_BALLAD,MISSING,NO_VALID_IMAGE_URL,0,0,NONE,0
RMVM_S_749c2293ea,Đường Tôi Chở Em Về,buitruonglinh,POP_BALLAD,MISSING,NO_VALID_IMAGE_URL,0,0,NONE,0
RMVM_S_993d215b43,Dịu Dàng Sắc Xuân,"BeeBoss, Châu Ngọc Lan",POP_BALLAD,MISSING,NO_VALID_IMAGE_URL,0,0,NONE,0
RMVM_S_06763646e9,Ngồi Bên Anh,"Nguyễn Văn Chung, Thanh Goll",POP_BALLAD,MISSING,NO_VALID_IMAGE_URL,0,0,NONE,0
RMVM_S_48a1a3f25c,Nhạc Kịch: Tên Sở Khanh,"Kỳ Phương Uyên, Bằng Kiều, Minh Tuyết",POP_BALLAD,MISSING,NO_VALID_IMAGE_URL,0,0,NONE,0
RMVM_S_0408c1ebd7,Em Đâu Có Biết,"Bchow, Illusion, Triple",RAP_HIPHOP,MISSING,NO_VALID_IMAGE_URL,0,0,NONE,0
RMVM_S_8b8bf099ee,Anh Nói Em Dễ Thương (Tropical Remix),Hàn Dung,POP_BALLAD,MISSING,NO_VALID_IMAGE_URL,0,0,NONE,0
RMVM_S_15cb683df8,Dòng Ký Ức,Cao Như Long,POP_BALLAD,MISSING,NO_VALID_IMAGE_URL,0,0,NONE,0
RMVM_S_0e7cff71e8,Tập Yêu Đi,Anh Rồng,POP_BALLAD,MISSING,NO_VALID_IMAGE_URL,0,0,NONE,0
RMVM_S_10e6abe7ef,Em Là Món Quà,"APJ, Kiper T",POP_BALLAD,MISSING,NO_VALID_IMAGE_URL,0,0,NONE,0
RMVM_S_17068ebd1a,Xuân Và Em,"Liêu Chấn Hải, Minh Hoàng",POP_BALLAD,MISSING,NO_VALID_IMAGE_URL,0,0,NONE,0
RMVM_S_d964b8b766,Gọi Thềm Đêm Sương,Trần Phúc Nhuận,BOLERO_TRUTINH,MISSING,NO_VALID_IMAGE_URL,0,0,NONE,0
RMVM_S_06016eabcf,Đóa Hoa Hồng (红玫瑰) (Chengfeng 2023 Version),Chi Pu,POP_BALLAD,MISSING,NO_VALID_IMAGE_URL,0,0,NONE,0
RMVM_S_7c5c4a3c3b,Chàng Trai Si Tình,Đạt Long Vinh,BOLERO_TRUTINH,MISSING,NO_VALID_IMAGE_URL,0,0,NONE,0
RMVM_S_1b2f668070,Có Duyên Không Phận,Chilly,POP_BALLAD,MISSING,NO_VALID_IMAGE_URL,0,0,NONE,0
RMVM_S_18ffd2ea10,Chiếc Thuyền Nan,Kitty Ngọc Nhi,CHILDREN,MISSING,NO_VALID_IMAGE_URL,0,0,NONE,0
RMVM_S_7df9cd5337,Thở Đều Em Nhé,Thanh Ngọc,BOLERO_TRUTINH,MISSING,NO_VALID_IMAGE_URL,0,0,NONE,0
RMVM_S_04b916f1e2,Anh Cho Em Mùa Xuân,Hồ Văn Cường,BOLERO_TRUTINH,MISSING,NO_VALID_IMAGE_URL,0,0,NONE,0
RMVM_S_c491eebc1a,Em Là Con Gái Rượu,"Võ Lê Mi, Jin Tuấn Nam",POP_BALLAD,MISSING,NO_VALID_IMAGE_URL,0,0,NONE,0
RMVM_S_2020fb29c1,Nếu Như Ai Còn Mẹ,"Phạm Anh Khôi The Voice Kid, Quách Anh Tài",POP_BALLAD,MISSING,NO_VALID_IMAGE_URL,0,0,NONE,0
RMVM_S_57e6e79cdc,Anh Muốn Đặt Tên Em Cho Bài Hát Này,nighTy,POP_BALLAD,MISSING,NO_VALID_IMAGE_URL,0,0,NONE,0
RMVM_S_a31ee3419e,Bao Giờ Biết Yêu Lại,Lê Vy,POP_BALLAD,MISSING,NO_VALID_IMAGE_URL,0,0,NONE,0
RMVM_S_cc8ede2ca8,Ký Ức Cha Tôi (New Version),Vũ Hoàng,BOLERO_TRUTINH,MISSING,NO_VALID_IMAGE_URL,0,0,NONE,0
RMVM_S_205fdbc0f3,Chờ Em Được Không?,Anh Hào,POP_BALLAD,MISSING,NO_VALID_IMAGE_URL,0,0,NONE,0
RMVM_S_7885f70f89,Sông Vong Xuyên Hoa Bĩ Ngạn,Anh Duy,POP_BALLAD,MISSING,NO_VALID_IMAGE_URL,0,0,NONE,0
RMVM_S_267679f970,Liên Khúc Tình Đơn Phương - Ảo Mộng Tình Yêu,Đan Trường,POP_BALLAD,MISSING,NO_VALID_IMAGE_URL,0,0,NONE,0
RMVM_S_3c10111b73,Chia Tay Vì Quá Hiểu,Vũ Duy Khánh,POP_BALLAD,MISSING,NO_VALID_IMAGE_URL,0,0,NONE,0
RMVM_S_908aa4fdd7,Love You Love You (Yuuki Remix),"Bix Music Group, Chú Gián Nhỏ, Yuuki",POP_BALLAD,MISSING,NO_VALID_IMAGE_URL,0,0,NONE,0
RMVM_S_8526e17820,Đông Đến Kìa Em,Bằng Cường,BOLERO_TRUTINH,MISSING,NO_VALID_IMAGE_URL,0,0,NONE,0
RMVM_S_41bc0551f9,Em Làm Bạn Gái Anh Được Không,Tuấn 2T,POP_BALLAD,MISSING,NO_VALID_IMAGE_URL,0,0,NONE,0
RMVM_S_2ff869e1bc,Có Anh Bên Em Mãi,Đoàn Thúy Trang,POP_BALLAD,MISSING,NO_VALID_IMAGE_URL,0,0,NONE,0
RMVM_S_d991c3bdd7,Em Đã Nói Anh Nghe Chưa (Beat),Ammy Minh Khuê,POP_BALLAD,MISSING,NO_VALID_IMAGE_URL,0,0,NONE,0
RMVM_S_298e202a1e,Đơn Giản Anh Yêu Em (DJ Trang Moon Remix),Phan Duy Anh,POP_BALLAD,MISSING,NO_VALID_IMAGE_URL,0,0,NONE,0
RMVM_S_5f930b7724,Cũng Ở Nơi Đây,Vương Khánh,POP_BALLAD,MISSING,NO_VALID_IMAGE_URL,0,0,NONE,0
RMVM_S_2c8aaa12f8,Tới Lúc Em Đi,"K-ICM, APJ",POP_BALLAD,MISSING,NO_VALID_IMAGE_URL,0,0,NONE,0
RMVM_S_dfa6b80b2b,Khi Yêu Thương Là Thói Quen,Long Hải,POP_BALLAD,MISSING,NO_VALID_IMAGE_URL,0,0,NONE,0
RMVM_S_a5a0b5ca15,Cua Mề Đại Chiến Long Hách (Siêu Nhân Cuồng Phong),"Đào Nguyễn Ánh, Trần Hiếu Trung, Cua Mề",POP_BALLAD,MISSING,NO_VALID_IMAGE_URL,0,0,NONE,0
RMVM_S_d2b866e090,Hình Dung Thoáng Qua,Trần,POP_BALLAD,MISSING,NO_VALID_IMAGE_URL,0,0,NONE,0
RMVM_S_398cb567ce,Lựa Chọn Của Anh (Vinahouse),Thương Võ,DANCE_EDM,MISSING,NO_VALID_IMAGE_URL,0,0,NONE,0
RMVM_S_b00e246fa1,Kỷ Niệm Xa Rồi,Hồng Hạnh,BOLERO_TRUTINH,MISSING,NO_VALID_IMAGE_URL,0,0,NONE,0
RMVM_S_f53825e0fe,Không Thương Cũng Đành (Cover),Cường Mèo,POP_BALLAD,MISSING,NO_VALID_IMAGE_URL,0,0,NONE,0
RMVM_S_a3adb3646d,Áo Tím Ngày Xưa,Thái Hiền,INSTRUMENTAL,MISSING,NO_VALID_IMAGE_URL,0,0,NONE,0
RMVM_S_05e686e062,Chia Tay Trong Nước Mắt,Phương NP,POP_BALLAD,MISSING,NO_VALID_IMAGE_URL,0,0,NONE,0
RMVM_S_053765bc4a,"Cafe, Anh Yêu Em!",Tino,POP_BALLAD,MISSING,NO_VALID_IMAGE_URL,0,0,NONE,0
RMVM_S_9d2f216dbc,Chuyến Phiêu Lưu Cùng Em,Trung Quân Idol,POP_BALLAD,MISSING,NO_VALID_IMAGE_URL,0,0,NONE,0
RMVM_S_042b6e4385,Nét Buồn Thời Chiến,"Hoàng Dũng, BCLC",POP_BALLAD,MISSING,NO_VALID_IMAGE_URL,0,0,NONE,0
RMVM_S_2086832ead,Điều Ghi Tạc Lòng Con,Phước Lộc,FOLK_TRADITIONAL,MISSING,NO_VALID_IMAGE_URL,0,0,NONE,0
RMVM_S_0bf5bb5208,Tình Anh Dại Khờ (Beat),Hoàng Minh Quang,POP_BALLAD,MISSING,NO_VALID_IMAGE_URL,0,0,NONE,0
RMVM_S_0a31d1d2ca,Nỗi Nhớ Người Xa Xứ 2,Thạch Thảo,BOLERO_TRUTINH,MISSING,NO_VALID_IMAGE_URL,0,0,NONE,0
RMVM_S_fe32bcea0f,Liên Khúc Modern Talking (Beat),Ngô Viết Trung,POP_BALLAD,MISSING,NO_VALID_IMAGE_URL,0,0,NONE,0
RMVM_S_41852304d9,Sầu Khúc Mùa Đông,Trường Kha,POP_BALLAD,MISSING,NO_VALID_IMAGE_URL,0,0,NONE,0
RMVM_S_3a36994d7d,Love You More Than Me,"K-ICM, Huyền Tâm Môn",POP_BALLAD,MISSING,NO_VALID_IMAGE_URL,0,0,NONE,0
RMVM_S_4b083c65d9,Mashup Tuổi Hồng Thơ Ngây & Nhìn Nhau Lần Cuối,SMELOD,POP_BALLAD,MISSING,NO_VALID_IMAGE_URL,0,0,NONE,0
RMVM_S_98d2ba64cc,Để Làm Người Yêu Em,Chuy Blue,POP_BALLAD,MISSING,NO_VALID_IMAGE_URL,0,0,NONE,0
RMVM_S_1d6d161189,Ma Sơ Hiền Của Tôi,Diệu Hiền,BOLERO_TRUTINH,MISSING,NO_VALID_IMAGE_URL,0,0,NONE,0
RMVM_S_5c381a4ead,Chiều Đông Nhớ Mẹ,Trường Sơn,POP_BALLAD,MISSING,NO_VALID_IMAGE_URL,0,0,NONE,0
RMVM_S_69efab4f5d,Quê Hương Những Con Tàu,Thanh Thúy,BOLERO_TRUTINH,MISSING,NO_VALID_IMAGE_URL,0,0,NONE,0
RMVM_S_e293c135f4,Hát Xướng Thờ Phượng Chúa,Isaac Thái,POP_BALLAD,MISSING,NO_VALID_IMAGE_URL,0,0,NONE,0
RMVM_S_bec01bd306,Intro: Em đi chùa Hương & Về nhà ăn Tết & Mùa xuân ơi,Nhiều nghệ sĩ,POP_BALLAD,MISSING,NO_VALID_IMAGE_URL,0,0,NONE,0
RMVM_S_ee4109f184,Lúa Mùa Thắm Duyên,"Khánh Hoàng, Lâm Ngọc Hoa",BOLERO_TRUTINH,MISSING,NO_VALID_IMAGE_URL,0,0,NONE,0
RMVM_S_7bece52acd,Chín Tháng Cưu Mang,Phùng Ngọc Huy,BOLERO_TRUTINH,MISSING,NO_VALID_IMAGE_URL,0,0,NONE,0
RMVM_S_c39520aa14,Hẹn Yêu (Beat),Duy Zuno,POP_BALLAD,MISSING,NO_VALID_IMAGE_URL,0,0,NONE,0
RMVM_S_505e93c77e,Bài này không để đi diễn,Anh Tú Atus,POP_BALLAD,MISSING,NO_VALID_IMAGE_URL,0,0,NONE,0
RMVM_S_b1b915ea94,"Anh Thương Em, Em Thương Ai",Đinh Tùng Huy,POP_BALLAD,MISSING,NO_VALID_IMAGE_URL,0,0,NONE,0
RMVM_S_93f9eefc46,Anh Còn Ở Đó Không?,Trương Quỳnh Anh,POP_BALLAD,MISSING,NO_VALID_IMAGE_URL,0,0,NONE,0
RMVM_S_c0cdbaab8d,Anh Không Còn Thương,Diễm Hân,BOLERO_TRUTINH,MISSING,NO_VALID_IMAGE_URL,0,0,NONE,0
RMVM_S_d0cbac0834,Trọn Kiếp Đơn Côi,Nguyễn Hưng,INSTRUMENTAL,MISSING,NO_VALID_IMAGE_URL,0,0,NONE,0
RMVM_S_d3ca163bce,Góc Em,Hoàng Quyên,BOLERO_TRUTINH,MISSING,NO_VALID_IMAGE_URL,0,0,NONE,0
RMVM_S_98da8b6d02,Phía Không Em,Vũ Minh Vương,POP_BALLAD,MISSING,NO_VALID_IMAGE_URL,0,0,NONE,0
RMVM_S_8fe7733a86,Đêm Buồn Phố Thị,Hà Vân,INSTRUMENTAL,MISSING,NO_VALID_IMAGE_URL,0,0,NONE,0
RMVM_S_68ae468e54,Chiếc Lá Mùa Đông,Dương Gia Khánh,POP_BALLAD,MISSING,NO_VALID_IMAGE_URL,0,0,NONE,0
RMVM_S_6ca2313908,Mãi Mãi Là Một Lời Nói Dối (Piano Version),"Khổng Tú Quỳnh, RIN9",POP_BALLAD,MISSING,NO_VALID_IMAGE_URL,0,0,NONE,0
RMVM_S_ea9061abe3,Miền Cực Lạc,"DanhKa, G5R Squad",RAP_HIPHOP,MISSING,NO_VALID_IMAGE_URL,0,0,NONE,0
RMVM_S_c89abbe1d4,Mưa Trên Biển Vắng,Cẩm Ly,POP_BALLAD,MISSING,NO_VALID_IMAGE_URL,0,0,NONE,0
RMVM_S_558b7dbf0b,Em Luôn Trong Tâm Trí Anh,"Kaisoul, Nguyễn Văn Chung",POP_BALLAD,MISSING,NO_VALID_IMAGE_URL,0,0,NONE,0
RMVM_S_b90764e354,Đây Chính Là Nhảy Đường Phố,Yuno Bigboi,RAP_HIPHOP,MISSING,NO_VALID_IMAGE_URL,0,0,NONE,0
RMVM_S_3c21e6c048,Sài Gòn Mùa Thương,Quốc Vũ,POP_BALLAD,MISSING,NO_VALID_IMAGE_URL,0,0,NONE,0
RMVM_S_b8f50ca723,Thế Giới Còn Mình Em,Phạm Đình Thái Ngân,POP_BALLAD,MISSING,NO_VALID_IMAGE_URL,0,0,NONE,0
RMVM_S_1376262df9,Xóm Đêm,Diễm Thùy,BOLERO_TRUTINH,MISSING,NO_VALID_IMAGE_URL,0,0,NONE,0
RMVM_S_017cbbec39,Đời Là Luân Hồi,"Đạt Võ, Nguyễn Khánh Sang",POP_BALLAD,MISSING,NO_VALID_IMAGE_URL,0,0,NONE,0
RMVM_S_1663805f21,Dù Cho Mai Về Sau,buitruonglinh,POP_BALLAD,MISSING,NO_VALID_IMAGE_URL,0,0,NONE,0
RMVM_S_1c07748911,"Đồng Tiền Bạc Lắm (Parody, Short Version)",Hoàng Hồng Quân,POP_BALLAD,MISSING,NO_VALID_IMAGE_URL,0,0,NONE,0
RMVM_S_7f5be30840,Ngày Mưa (Acoustic Version),Nguyễn Hồng Ân,POP_BALLAD,MISSING,NO_VALID_IMAGE_URL,0,0,NONE,0
RMVM_S_e3a91a25f5,Đến Sau Một Người,Châu Khải Phong,POP_BALLAD,MISSING,NO_VALID_IMAGE_URL,0,0,NONE,0
RMVM_S_6f4ca4278a,Anh trở về,Nhiều nghệ sĩ,POP_BALLAD,MISSING,NO_VALID_IMAGE_URL,0,0,NONE,0
RMVM_S_2980c4669a,Em Sẽ Là Người Ra Đi (Cover),KIM MINI,POP_BALLAD,MISSING,NO_VALID_IMAGE_URL,0,0,NONE,0
RMVM_S_f68fff2d23,Phố Vắng Em,CHUDAT,POP_BALLAD,MISSING,NO_VALID_IMAGE_URL,0,0,NONE,0
RMVM_S_c2da32ddaf,Người Yêu Của Anh,Thiên Ân,POP_BALLAD,MISSING,NO_VALID_IMAGE_URL,0,0,NONE,0
RMVM_S_df70c57245,Trắc Ẩn,Linh Bina,POP_BALLAD,MISSING,NO_VALID_IMAGE_URL,0,0,NONE,0
RMVM_S_1d8e84c9f8,Lá Diêu Bông,Hồ Quang Lộc,BOLERO_TRUTINH,MISSING,NO_VALID_IMAGE_URL,0,0,NONE,0
RMVM_S_36b80859cb,Biển Chiều Vắng Em,Vũ Hoàng,BOLERO_TRUTINH,MISSING,NO_VALID_IMAGE_URL,0,0,NONE,0
RMVM_S_5b1157f420,Deep House Catwalk Dáng Lụa Áo Dài,Thanh Hùng,POP_BALLAD,MISSING,NO_VALID_IMAGE_URL,0,0,NONE,0
RMVM_S_7da8d56815,Đợi Anh (Beat),Hà Lan Phương,BOLERO_TRUTINH,MISSING,NO_VALID_IMAGE_URL,0,0,NONE,0
RMVM_S_5aa5761fa9,Đừng Dễ Dãi Hôn Môi Người Khác,MyMy,POP_BALLAD,MISSING,NO_VALID_IMAGE_URL,0,0,NONE,0
RMVM_S_844730ca2b,Nỗi Lòng Của Anh,G5R Squad,POP_BALLAD,MISSING,NO_VALID_IMAGE_URL,0,0,NONE,0
RMVM_S_129760af31,Tình Cũ Không Rủ Cũng Tới,Phan Yến Nhi,POP_BALLAD,MISSING,NO_VALID_IMAGE_URL,0,0,NONE,0
RMVM_S_050b297017,Giận Anh (Beat),Ngọc Thùy Duyên,BOLERO_TRUTINH,MISSING,NO_VALID_IMAGE_URL,0,0,NONE,0
RMVM_S_3d97fafc72,Cái Số Cô Đơn,"G5R Squad, Sâu",POP_BALLAD,MISSING,NO_VALID_IMAGE_URL,0,0,NONE,0
RMVM_S_175a6aaea8,Anh Luôn Như Vậy,B Ray,RAP_HIPHOP,MISSING,NO_VALID_IMAGE_URL,0,0,NONE,0
RMVM_S_44d3488b68,Tìm Đâu Một Lời Hứa,Vân Du,POP_BALLAD,MISSING,NO_VALID_IMAGE_URL,0,0,NONE,0
RMVM_S_57fbb66bfa,Phai Dấu Cuộc Tình (Live in Hanoi),Quang Vinh,POP_BALLAD,MISSING,NO_VALID_IMAGE_URL,0,0,NONE,0
RMVM_S_5e9905d648,Trước Biển Với Ông,Bé Bào Ngư,INSTRUMENTAL,MISSING,NO_VALID_IMAGE_URL,0,0,NONE,0
RMVM_S_acc66905ff,Thương Hoài Ngàn Năm,"Khánh Hà, Đình Bảo",INSTRUMENTAL,MISSING,NO_VALID_IMAGE_URL,0,0,NONE,0
RMVM_S_337407f2e7,Men Say Tình Cũ,A Tổ,POP_BALLAD,MISSING,NO_VALID_IMAGE_URL,0,0,NONE,0
RMVM_S_30aa02f53b,Bây Giờ Còn Nhớ Hay Không,Trường Kha,BOLERO_TRUTINH,MISSING,NO_VALID_IMAGE_URL,0,0,NONE,0
RMVM_S_9e95442aec,Cố Mà Sống,Phutoro,RAP_HIPHOP,MISSING,NO_VALID_IMAGE_URL,0,0,NONE,0
RMVM_S_8a016cfb73,Mộng Tàn Hoa (Lofi),"H2O Lofi, Thiên Tú",BOLERO_TRUTINH,MISSING,NO_VALID_IMAGE_URL,0,0,NONE,0
RMVM_S_a81608f607,Yêu Hơn Thế Nhiều,"Mr. Cười, Donna Nguyễn, Joke D",RAP_HIPHOP,MISSING,NO_VALID_IMAGE_URL,0,0,NONE,0
RMVM_S_fcd1959354,Em Dối Gian Tôi Để Làm Gì,Lâm Chấn Huy,POP_BALLAD,MISSING,NO_VALID_IMAGE_URL,0,0,NONE,0
RMVM_S_4015d6934e,"Anh Vẫn Vậy, Em Đổi Thay",Trung Quân,POP_BALLAD,MISSING,NO_VALID_IMAGE_URL,0,0,NONE,0
RMVM_S_2fb6ef740e,Anh Vẫn Thế Thôi,Tam Hổ,POP_BALLAD,MISSING,NO_VALID_IMAGE_URL,0,0,NONE,0
RMVM_S_961246515e,"Bên Ta Khi Giàu Sang (Parody, Short Version)",Hoàng Hồng Quân,POP_BALLAD,MISSING,NO_VALID_IMAGE_URL,0,0,NONE,0
RMVM_S_64ead6e4d5,Ngỡ Như Giấc Mơ,"Chu Duyên, ACV",POP_BALLAD,MISSING,NO_VALID_IMAGE_URL,0,0,NONE,0
RMVM_S_4a9ec2ebaa,Bài Thánh Ca Buồn,Dương Thiện Lâm,BOLERO_TRUTINH,MISSING,NO_VALID_IMAGE_URL,0,0,NONE,0
RMVM_S_30e69300c4,Lụy Tình (AnhVu x HHD Remix),TLong,DANCE_EDM,MISSING,NO_VALID_IMAGE_URL,0,0,NONE,0
RMVM_S_70ef54103c,Liên Khúc Bolero Mẹ,Nhiều Nghệ Sĩ,BOLERO_TRUTINH,MISSING,NO_VALID_IMAGE_URL,0,0,NONE,0
RMVM_S_02d706492f,Chờ Em Nơi Chốn Cũ,M5RUSH,POP_BALLAD,MISSING,NO_VALID_IMAGE_URL,0,0,NONE,0
RMVM_S_1531c419d1,Anh Vẫn Ở Đây (LHK Remix),"Thành Đạt, HOA HỒNG DẠI MUSIC",DANCE_EDM,MISSING,NO_VALID_IMAGE_URL,0,0,NONE,0
RMVM_S_bdaa009d6c,Cuối Cùng Anh Cũng Đến,Hari Won,POP_BALLAD,MISSING,NO_VALID_IMAGE_URL,0,0,NONE,0
RMVM_S_71dc5e6538,Ai Mang Em Trở Lại,Dương Khang,POP_BALLAD,MISSING,NO_VALID_IMAGE_URL,0,0,NONE,0
RMVM_S_8514514163,Trở Về Bên Bến Xưa (Cover),Quách Tuấn Du,POP_BALLAD,MISSING,NO_VALID_IMAGE_URL,0,0,NONE,0
RMVM_S_45a44ad9a8,Căn Nhà Mộng Ước,Mai Lệ Quyên,BOLERO_TRUTINH,MISSING,NO_VALID_IMAGE_URL,0,0,NONE,0
RMVM_S_03d565e0de,Lỡ Mai Này,"Bozitt, LilGee Phạm",POP_BALLAD,MISSING,NO_VALID_IMAGE_URL,0,0,NONE,0
RMVM_S_fe416e225a,Chân Tình Miền Tây,Lương Minh Đạt,BOLERO_TRUTINH,MISSING,NO_VALID_IMAGE_URL,0,0,NONE,0
RMVM_S_b89ba7acba,Chừng Nào Cưới,"Phạm Đình Thái Ngân, Lăng LD",POP_BALLAD,MISSING,NO_VALID_IMAGE_URL,0,0,NONE,0
RMVM_S_dde2c33cdb,Ràng Buộc,"NNA, KaWaiiBi, Kid TD",RAP_HIPHOP,MISSING,NO_VALID_IMAGE_URL,0,0,NONE,0
RMVM_S_387cf8d6bc,Hóa Ra Em Chẳng Ở Đây (Beat),Đỗ Minh Quân,POP_BALLAD,MISSING,NO_VALID_IMAGE_URL,0,0,NONE,0
RMVM_S_8df2c0107a,"Chúng Ta Sẽ Hạnh Phúc, Chỉ Là Không Cùng Nhau",Kalee Hoàng,POP_BALLAD,MISSING,NO_VALID_IMAGE_URL,0,0,NONE,0
RMVM_S_23cee340bb,Người Thế Thay,Hamlet Trương,POP_BALLAD,MISSING,NO_VALID_IMAGE_URL,0,0,NONE,0
RMVM_S_2937b32011,"Đóng Cửa, Tắt Đèn","Cheng, Táo",POP_BALLAD,MISSING,NO_VALID_IMAGE_URL,0,0,NONE,0
RMVM_S_6ef928c25e,Cố Chấp Thương Em,Trường Khang,POP_BALLAD,MISSING,NO_VALID_IMAGE_URL,0,0,NONE,0
RMVM_S_3a3656d910,Băng Giá,"Hồ Quang Hiếu, Hoàng Rapper",POP_BALLAD,MISSING,NO_VALID_IMAGE_URL,0,0,NONE,0
RMVM_S_5005f0a302,Điều Buồn Tênh,Quang Vinh,POP_BALLAD,MISSING,NO_VALID_IMAGE_URL,0,0,NONE,0
RMVM_S_fd8d704709,Ta Yêu Nhau Nhé,"Xi Myn, APJ",POP_BALLAD,MISSING,NO_VALID_IMAGE_URL,0,0,NONE,0
RMVM_S_a2c3fc62a9,Áng Mây Vô Tình (Beat),Lương Gia Hùng,POP_BALLAD,MISSING,NO_VALID_IMAGE_URL,0,0,NONE,0
RMVM_S_7f79e33b5b,Đành Chôn Theo Quên Lãng,"Nhật Trung, La Sương Sương",INSTRUMENTAL,MISSING,NO_VALID_IMAGE_URL,0,0,NONE,0
RMVM_S_89791323b8,Lời Tâm Sự Giấu Kín,"D.A.T, Hennessy, Monkieq",POP_BALLAD,MISSING,NO_VALID_IMAGE_URL,0,0,NONE,0
RMVM_S_c7d876c87d,Thiên Đàng,"Wowy, JoliPoli",POP_BALLAD,MISSING,NO_VALID_IMAGE_URL,0,0,NONE,0
RMVM_S_ee991a941a,7 Ngày Đợi Mong,Dương Hồ Hải,BOLERO_TRUTINH,MISSING,NO_VALID_IMAGE_URL,0,0,NONE,0
RMVM_S_66d173f8a6,Câu Chuyện Hoa Ngọc Lan,Hà Trần,POP_BALLAD,MISSING,NO_VALID_IMAGE_URL,0,0,NONE,0
RMVM_S_fa4fe87c40,Cay Đắng Tình Đời,Thanh Tuyền,INSTRUMENTAL,MISSING,NO_VALID_IMAGE_URL,0,0,NONE,0
RMVM_S_fbcde08ec9,Chẳng Cô Đơn Nhưng Vẫn Một Mình,Diêu Ngọc Bích Trâm,POP_BALLAD,MISSING,NO_VALID_IMAGE_URL,0,0,NONE,0
RMVM_S_af86bc338e,Anh Nên Yêu Cô Ấy,N Ly,POP_BALLAD,MISSING,NO_VALID_IMAGE_URL,0,0,NONE,0
RMVM_S_29d1885811,Anh Biết Anh Đã Sai,Dược Sĩ Tiến,POP_BALLAD,MISSING,NO_VALID_IMAGE_URL,0,0,NONE,0
RMVM_S_bb0058b9a9,Duyên Kiếp Lỡ Làng,Diễm Thùy,BOLERO_TRUTINH,MISSING,NO_VALID_IMAGE_URL,0,0,NONE,0
RMVM_S_84bc94d3ff,Chỉ Có Một Người Để Yêu Trên Thế Gian (Piano Version),Mr. Siro,POP_BALLAD,MISSING,NO_VALID_IMAGE_URL,0,0,NONE,0
RMVM_S_9e3d9c7990,Thành Phố Không Có Tuyết Rơi,"Mai Fin, Đại Nhân",POP_BALLAD,MISSING,NO_VALID_IMAGE_URL,0,0,NONE,0
RMVM_S_a7b8c3bb1b,Trong Nỗi Nhớ Muộn Màng,Ý Lan,INSTRUMENTAL,MISSING,NO_VALID_IMAGE_URL,0,0,NONE,0
RMVM_S_7eb3d525b5,Ngã Ba Tình,Địa Hải,POP_BALLAD,MISSING,NO_VALID_IMAGE_URL,0,0,NONE,0
RMVM_S_5fbb07f826,Vì Em Điện,"Phúc Du, Xuân Ca, Kriss Ngo",RAP_HIPHOP,MISSING,NO_VALID_IMAGE_URL,0,0,NONE,0
RMVM_S_ddf683f172,Đón Giáng Sinh Về,"Đỗ Tuyết Nhi, Bé Thiên Phúc",CHILDREN,MISSING,NO_VALID_IMAGE_URL,0,0,NONE,0
RMVM_S_b494b0ec11,3 1 0 7 (Whisky & Mr. Paa Remix),"W/N, Duongg, Nâu",POP_BALLAD,MISSING,NO_VALID_IMAGE_URL,0,0,NONE,0
RMVM_S_21141a7fbb,Dù Đúng Dù Sai Anh Vẫn Yêu Em,"Rum, Double Noize",POP_BALLAD,MISSING,NO_VALID_IMAGE_URL,0,0,NONE,0
RMVM_S_4362a8b58f,Anh Sợ Ngày Mất Em (Remix),Cao Nam Thành,DANCE_EDM,MISSING,NO_VALID_IMAGE_URL,0,0,NONE,0
RMVM_S_06909cc644,Điều Cha Muốn Nói,Hồ Việt Trung,POP_BALLAD,MISSING,NO_VALID_IMAGE_URL,0,0,NONE,0
RMVM_S_e971637704,"Đừng Yêu Nữa, Em Mệt Rồi (Cover)",Nguyễn Trần Trung Quân,POP_BALLAD,MISSING,NO_VALID_IMAGE_URL,0,0,NONE,0
RMVM_S_2ef802d3c5,DAY OFF - Ban Mai Thủ Đô,RPT TC,RAP_HIPHOP,MISSING,NO_VALID_IMAGE_URL,0,0,NONE,0
RMVM_S_71adff3bbb,Phương Trời Xứ Lạ,Diễm Trang,POP_BALLAD,MISSING,NO_VALID_IMAGE_URL,0,0,NONE,0
RMVM_S_e868e81509,Còn Tìm Với Mẹ,Hương Lan,INSTRUMENTAL,MISSING,NO_VALID_IMAGE_URL,0,0,NONE,0
RMVM_S_198ad4f4c9,Âm Thanh Của Tuyết Rơi (Cover),Tuyết Mai,POP_BALLAD,MISSING,NO_VALID_IMAGE_URL,0,0,NONE,0
RMVM_S_4d99ce4d7e,Mộng Tình Quê,Thạch Thảo,BOLERO_TRUTINH,MISSING,NO_VALID_IMAGE_URL,0,0,NONE,0
RMVM_S_4740f8b077,Khúc Tình Cuối,"Quỳnh Trang, Thiên Quang",BOLERO_TRUTINH,MISSING,NO_VALID_IMAGE_URL,0,0,NONE,0
RMVM_S_d8b2a47292,Chỉ Cần Một Giây Thôi,Tóc Tiên,INSTRUMENTAL,MISSING,NO_VALID_IMAGE_URL,0,0,NONE,0
RMVM_S_97b7f4b071,Ai về sông Tương,Hoàng Bách,POP_BALLAD,MISSING,NO_VALID_IMAGE_URL,0,0,NONE,0
RMVM_S_78b11aa7c7,Áo Cũ Tình Em,"Thương Võ, ACV",POP_BALLAD,MISSING,NO_VALID_IMAGE_URL,0,0,NONE,0
RMVM_S_e36a110bd3,Hoa Trang Vườn Cũ,Hương Lan,INSTRUMENTAL,MISSING,NO_VALID_IMAGE_URL,0,0,NONE,0
RMVM_S_41795f299e,Cầu Xin Suốt Đời Bình Yên,Bảo Hân,INSTRUMENTAL,MISSING,NO_VALID_IMAGE_URL,0,0,NONE,0
RMVM_S_8f35a10499,Còn Bao Năm Nữa Ở Bên Cha,Ngô Viết Trung,POP_BALLAD,MISSING,NO_VALID_IMAGE_URL,0,0,NONE,0
RMVM_S_51e0a263ee,Đớn Đau Anh Vẫn Yêu,Hoàng Minh,POP_BALLAD,MISSING,NO_VALID_IMAGE_URL,0,0,NONE,0
RMVM_S_ab47db50d7,Anh đang chơi đùa,Đạt Dope,RAP_HIPHOP,MISSING,NO_VALID_IMAGE_URL,0,0,NONE,0
RMVM_S_ca1a4fceca,Chỉ Là Phù Du,Quỳnh Trang,BOLERO_TRUTINH,MISSING,NO_VALID_IMAGE_URL,0,0,NONE,0
RMVM_S_68f4d26390,Hoa Có Vàng Nơi Ấy,"Đình Bảo, Thanh Hà",INSTRUMENTAL,MISSING,NO_VALID_IMAGE_URL,0,0,NONE,0
RMVM_S_fd5316f9ea,Anh Đang Rất Nhớ Em,"LilGee Phạm, Nguyễn Mạnh Cường, Khiết Linh",POP_BALLAD,MISSING,NO_VALID_IMAGE_URL,0,0,NONE,0
RMVM_S_600ed6e713,Chúc Ngủ Ngon,"Thu Minh, Việt Quang",BOLERO_TRUTINH,MISSING,NO_VALID_IMAGE_URL,0,0,NONE,0
RMVM_S_931da53c59,Dậy Đi Em,"N2H, KaWaiiBi, Key",RAP_HIPHOP,MISSING,NO_VALID_IMAGE_URL,0,0,NONE,0
RMVM_S_af4bb72a9e,Anh Hứa Sao Chẳng Được,Huỳnh Ái Vy,POP_BALLAD,MISSING,NO_VALID_IMAGE_URL,0,0,NONE,0
RMVM_S_234d18a2ae,Dám Hỏi Đạo Ở Nơi Đâu,Lee Phú Quý,POP_BALLAD,MISSING,NO_VALID_IMAGE_URL,0,0,NONE,0
RMVM_S_bc56af9c62,Nỗi Buồn Ngày Vui Quy,Hoàng Lan,INSTRUMENTAL,MISSING,NO_VALID_IMAGE_URL,0,0,NONE,0
RMVM_S_81bb0c5212,Đi Đâu Cũng Được Miễn Là Bên Nhau,Lưu Hương Giang,POP_BALLAD,MISSING,NO_VALID_IMAGE_URL,0,0,NONE,0
RMVM_S_fa5a6df58a,Biển Và Con Tàu,Thanh Hoa,FOLK_TRADITIONAL,MISSING,NO_VALID_IMAGE_URL,0,0,NONE,0
RMVM_S_affcd889d4,Chia Tay Chiều Mưa,Trần Thu Hà,BOLERO_TRUTINH,MISSING,NO_VALID_IMAGE_URL,0,0,NONE,0
RMVM_S_54f4e97c18,Đời Dạy Tôi (Ông Ngoại Tuổi 30 OST) (Beat),OnlyC,POP_BALLAD,MISSING,NO_VALID_IMAGE_URL,0,0,NONE,0
RMVM_S_e64e6e4798,Đường Về Cội Nguồn,Peto,BOLERO_TRUTINH,MISSING,NO_VALID_IMAGE_URL,0,0,NONE,0
RMVM_S_303adeb48e,Buông Bàn Tay Thật Nhanh,"Đạt G, DuUyen",RAP_HIPHOP,MISSING,NO_VALID_IMAGE_URL,0,0,NONE,0
RMVM_S_2af511f19e,Em Ở Nơi Đâu,Quang Lý,BOLERO_TRUTINH,MISSING,NO_VALID_IMAGE_URL,0,0,NONE,0
RMVM_S_06bd5acdfe,Đùa Anh Đau Đấy,Noo Phước Thịnh,POP_BALLAD,MISSING,NO_VALID_IMAGE_URL,0,0,NONE,0
RMVM_S_4b6b9ae4c8,Liên Khúc Yêu Là Cưới,Nhiều nghệ sĩ,POP_BALLAD,MISSING,NO_VALID_IMAGE_URL,0,0,NONE,0
RMVM_S_7364b8245f,Kệ Anh Đi,Jin Tuấn Nam,POP_BALLAD,MISSING,NO_VALID_IMAGE_URL,0,0,NONE,0
RMVM_S_a4ecd36e48,Chuyện Xưa Tụi Mình,"Lâm Hoài Phong, Hoàng Tuấn Khang",BOLERO_TRUTINH,MISSING,NO_VALID_IMAGE_URL,0,0,NONE,0
RMVM_S_d1e6d6fe95,Thương Về Cố Đô (2017),"Lương Gia Huy, Lâm Chấn Huy",FOLK_TRADITIONAL,MISSING,NO_VALID_IMAGE_URL,0,0,NONE,0
RMVM_S_6fedbe0fea,Chuyện Tình Yêu Đôi Khi,"Trương Ngọc Thành, Naot",RAP_HIPHOP,MISSING,NO_VALID_IMAGE_URL,0,0,NONE,0
RMVM_S_8b207ca247,Chàng Trai Ấy (Beat),Mai Ngọc Hân,POP_BALLAD,MISSING,NO_VALID_IMAGE_URL,0,0,NONE,0
RMVM_S_2890b38d7d,Thiên Đường Tình Yêu,"Vũ Hoàng, Thạch Thảo",BOLERO_TRUTINH,MISSING,NO_VALID_IMAGE_URL,0,0,NONE,0
RMVM_S_ee31fc8f79,Chia Đôi Bầu Trời,Diệp Thanh Phong,POP_BALLAD,MISSING,NO_VALID_IMAGE_URL,0,0,NONE,0
RMVM_S_17a664d77d,Yêu Được Không (Cover),Hương Ly,POP_BALLAD,MISSING,NO_VALID_IMAGE_URL,0,0,NONE,0
RMVM_S_a25a1fe394,Hello Mùa Xuân (Beat),"Kiến Thành, Yabi Nguyễn",FOLK_TRADITIONAL,MISSING,NO_VALID_IMAGE_URL,0,0,NONE,0
RMVM_S_bd4b1d471e,Em là của anh (Remix),"Hồ Việt Trung, Hồ Quang Hiếu, DJ Leek 54",DANCE_EDM,MISSING,NO_VALID_IMAGE_URL,0,0,NONE,0
RMVM_S_98c4e418ba,Cô Nàng Đỏng Đảnh,"Lưu Ánh Loan, Trường Sơn",POP_BALLAD,MISSING,NO_VALID_IMAGE_URL,0,0,NONE,0
RMVM_S_887037d98e,Chúc Phúc Tài Lộc,Bé Tú Anh,CHILDREN,MISSING,NO_VALID_IMAGE_URL,0,0,NONE,0
RMVM_S_9f0ac1f1f1,Đừng Vì Cô Đơn (Remix),LaLa Trần,DANCE_EDM,MISSING,NO_VALID_IMAGE_URL,0,0,NONE,0
RMVM_S_66f0f7d2de,Hoa Bàng Vuông Của Cha,Bé Bào Ngư,CHILDREN,MISSING,NO_VALID_IMAGE_URL,0,0,NONE,0
RMVM_S_e580c7c403,Không Em Anh Phải Sống Sao,Hứa Huy Thiên,POP_BALLAD,MISSING,NO_VALID_IMAGE_URL,0,0,NONE,0
RMVM_S_ec641381ae,Huế Ngày Trờ Về,Vân Khánh,FOLK_TRADITIONAL,MISSING,NO_VALID_IMAGE_URL,0,0,NONE,0
RMVM_S_60eca8417e,Đặt Vào Tay Anh Cả Thế Giới,Thiều Bảo Trang,POP_BALLAD,MISSING,NO_VALID_IMAGE_URL,0,0,NONE,0
RMVM_S_007a37a01c,Cưới Đi Mình Ơi (YANG Remix),"Võ Lê Mi, Jin Tuấn Nam, HOA HỒNG DẠI MUSIC",DANCE_EDM,MISSING,NO_VALID_IMAGE_URL,0,0,NONE,0
RMVM_S_73b0e2994a,Bối Rối (Cover),Jang Mi,POP_BALLAD,MISSING,NO_VALID_IMAGE_URL,0,0,NONE,0
RMVM_S_d1d5eb16fb,Vì Anh Là Gió,Song Thư,POP_BALLAD,MISSING,NO_VALID_IMAGE_URL,0,0,NONE,0
RMVM_S_cd0bf0b064,Ăn Năn Sám Hối,Khưu Huy Vũ,BOLERO_TRUTINH,MISSING,NO_VALID_IMAGE_URL,0,0,NONE,0
RMVM_S_e0bcd482ae,Đến Trong Mùa Xuân,Đông Quân,POP_BALLAD,MISSING,NO_VALID_IMAGE_URL,0,0,NONE,0
RMVM_S_d4806e416d,Sự Thật Đã Bỏ Quên (Version 2),Hà Duy Thái,POP_BALLAD,MISSING,NO_VALID_IMAGE_URL,0,0,NONE,0
RMVM_S_8a0ea62030,Mưa Ngoại Ô,Đặng Thái Hiển,POP_BALLAD,MISSING,NO_VALID_IMAGE_URL,0,0,NONE,0
RMVM_S_72f376eed8,Tháng Sáu Mùa Thi,Lê Tuấn,BOLERO_TRUTINH,MISSING,NO_VALID_IMAGE_URL,0,0,NONE,0
RMVM_S_ef7b252be4,Rồi Mình Sẽ Hạnh Phúc (Qinn Remix),"Qinn Media, Tuyền Ơi, Đạt Max",POP_BALLAD,MISSING,NO_VALID_IMAGE_URL,0,0,NONE,0
RMVM_S_7c6715c1e7,Tình duyên đầu năm,"Mai Tuấn, Yến Khoa",BOLERO_TRUTINH,MISSING,NO_VALID_IMAGE_URL,0,0,NONE,0
RMVM_S_03f8a0f068,Ai Là Hương Là Hoa,Liêu Chấn Hải,POP_BALLAD,MISSING,NO_VALID_IMAGE_URL,0,0,NONE,0
RMVM_S_36cb6d4685,"Đi Tiếp Nhé, Việt Nam Ơi!","Andiez, Seachains",POP_BALLAD,MISSING,NO_VALID_IMAGE_URL,0,0,NONE,0
RMVM_S_98faf43f0d,Mùa Đông Thương Nhớ,Thúy Hằng Hana,POP_BALLAD,MISSING,NO_VALID_IMAGE_URL,0,0,NONE,0
RMVM_S_b74397d9b4,Đã Xa Thật Rồi,GIK,POP_BALLAD,MISSING,NO_VALID_IMAGE_URL,0,0,NONE,0
RMVM_S_d0eddff583,Khi Thế Giới Mất Đi Một Người,"Lâm Triệu Minh, Dương Nhất Linh",POP_BALLAD,MISSING,NO_VALID_IMAGE_URL,0,0,NONE,0
RMVM_S_f4a3504a7c,Con Sáo Cô Đơn,Lưu Ánh Loan,BOLERO_TRUTINH,MISSING,NO_VALID_IMAGE_URL,0,0,NONE,0
RMVM_S_67c2c3a05e,Tiếng Hát Với Cung Đàn,Nhiều nghệ sĩ,INSTRUMENTAL,MISSING,NO_VALID_IMAGE_URL,0,0,NONE,0
RMVM_S_2a18489a93,Vững Tin Sài Gòn Ơi,"Tường Quân, Long Hải, TQE",POP_BALLAD,MISSING,NO_VALID_IMAGE_URL,0,0,NONE,0
RMVM_S_caa7364585,Ngày Chia Tay (Beat),Nguyễn Bảo Linh,POP_BALLAD,MISSING,NO_VALID_IMAGE_URL,0,0,NONE,0
RMVM_S_a9b7bbb4c8,Đánh Thức Mùa Xuân,IRIS,POP_BALLAD,MISSING,NO_VALID_IMAGE_URL,0,0,NONE,0
RMVM_S_bd33a807d7,Liên Khúc Giấc Ngủ Đầu Nôi,Đoàn Minh,BOLERO_TRUTINH,MISSING,NO_VALID_IMAGE_URL,0,0,NONE,0
RMVM_S_765fdd5bad,Hương Vị Tình,Lâm Triệu Minh,BOLERO_TRUTINH,MISSING,NO_VALID_IMAGE_URL,0,0,NONE,0
RMVM_S_a6efad7fb4,Chạm Đáy Nỗi Đau (Beat),ERIK,POP_BALLAD,MISSING,NO_VALID_IMAGE_URL,0,0,NONE,0
RMVM_S_3c34ed729b,Không Phải Sai Thời Điểm,Trang Tạ,POP_BALLAD,MISSING,NO_VALID_IMAGE_URL,0,0,NONE,0
RMVM_S_34e8394942,Đồng Sâu Xứ Lạ,Phi Nhung,BOLERO_TRUTINH,MISSING,NO_VALID_IMAGE_URL,0,0,NONE,0
RMVM_S_2f5310e28e,Hai Đám Mây,Khói,POP_BALLAD,MISSING,NO_VALID_IMAGE_URL,0,0,NONE,0
RMVM_S_a8d5783716,Tình Anh Vẫn Như Thế 2023,Nhật Tinh Anh,POP_BALLAD,MISSING,NO_VALID_IMAGE_URL,0,0,NONE,0
RMVM_S_c9a7abd579,"Liên Khúc: Người Thầy, Giấc Mơ Tà Áo Trắng",Cẩm Ly,BOLERO_TRUTINH,MISSING,NO_VALID_IMAGE_URL,0,0,NONE,0
RMVM_S_baeaf38baf,Liên Khúc Người Thương Kẻ Nhớ,"Đăng Nguyên, Tống Sỹ Đông",BOLERO_TRUTINH,MISSING,NO_VALID_IMAGE_URL,0,0,NONE,0
RMVM_S_5bf688cf76,Ba Mẹ Không Đồng Ý,Đạt Mata,POP_BALLAD,MISSING,NO_VALID_IMAGE_URL,0,0,NONE,0
RMVM_S_5eae600d7f,Tình Buồn Trong Đêm,Khang Lê,BOLERO_TRUTINH,MISSING,NO_VALID_IMAGE_URL,0,0,NONE,0
RMVM_S_2035c44089,Gặp Nhau Để Làm Gì,"Thanh Thảo, Long Đẹp Trai",POP_BALLAD,MISSING,NO_VALID_IMAGE_URL,0,0,NONE,0
RMVM_S_f1fa789e7f,Em Là Ngọc Nữ Thần Tiên,Vũ Quốc Hải,POP_BALLAD,MISSING,NO_VALID_IMAGE_URL,0,0,NONE,0
RMVM_S_c9d91de559,Không Còn Mùa Thu,Xuân Khôi,BOLERO_TRUTINH,MISSING,NO_VALID_IMAGE_URL,0,0,NONE,0
RMVM_S_a0877709de,Tôi Muốn Làm Cái Cây,Hoàng Dũng,POP_BALLAD,MISSING,NO_VALID_IMAGE_URL,0,0,NONE,0
RMVM_S_1ac683e5a4,Khúc Hát Mừng Sinh Nhật,Hùng Min,POP_BALLAD,MISSING,NO_VALID_IMAGE_URL,0,0,NONE,0
RMVM_S_5aea45796d,Một Lần Dang Dở,Bảo Hân Bolero,BOLERO_TRUTINH,MISSING,NO_VALID_IMAGE_URL,0,0,NONE,0
RMVM_S_675081daa2,Ave Maria Trăng Từ Bi,"Mai Thiên Vân, Thiên Tôn",INSTRUMENTAL,MISSING,NO_VALID_IMAGE_URL,0,0,NONE,0
RMVM_S_ff2e6556f6,Bậu Ơi,Đan Trường,POP_BALLAD,MISSING,NO_VALID_IMAGE_URL,0,0,NONE,0
RMVM_S_0c8ac64693,Vẽ trái tim,Quang Vinh,POP_BALLAD,MISSING,NO_VALID_IMAGE_URL,0,0,NONE,0
RMVM_S_1f23ce696e,Cho Ta Gần Hơn (I'm In Love),Chi Pu,POP_BALLAD,MISSING,NO_VALID_IMAGE_URL,0,0,NONE,0
RMVM_S_c71a70f375,Đứng Sau Người Đến Sau (Cozak Remix),"TLong, HHD",DANCE_EDM,MISSING,NO_VALID_IMAGE_URL,0,0,NONE,0
RMVM_S_5b4d81e615,Em Là Hạnh Phúc Trong Anh (Remake),Hồ Quang Hiếu,POP_BALLAD,MISSING,NO_VALID_IMAGE_URL,0,0,NONE,0
RMVM_S_969606395e,Cau Thắm Trầu Xanh,"Thanh Ngân, Mai Tiến Đạt",POP_BALLAD,MISSING,NO_VALID_IMAGE_URL,0,0,NONE,0
RMVM_S_f5f6557349,Những Con Mắt Trần Gian,Khánh Ly,NHAC_TRINH,MISSING,NO_VALID_IMAGE_URL,0,0,NONE,0
RMVM_S_93d6f56f2a,Chia Đôi Cơn Mơ,"Nguyên Khang, Lương Bích Hữu",RAP_HIPHOP,MISSING,NO_VALID_IMAGE_URL,0,0,NONE,0
RMVM_S_a57c6401af,Anh Không Hiểu (DJ Hiếu Phan Remix),Quang Hà,POP_BALLAD,MISSING,NO_VALID_IMAGE_URL,0,0,NONE,0
RMVM_S_3cf42a724d,Nụ Cười Em Ngày Đó,Don Hồ,INSTRUMENTAL,MISSING,NO_VALID_IMAGE_URL,0,0,NONE,0
RMVM_S_e60a75e74a,Biển Và Mẹ,Thu Hiền,FOLK_TRADITIONAL,MISSING,NO_VALID_IMAGE_URL,0,0,NONE,0
RMVM_S_dbf0534d5b,Gương Vỡ Không Lành,Giang Nam,POP_BALLAD,MISSING,NO_VALID_IMAGE_URL,0,0,NONE,0
RMVM_S_33038d16e6,Giấu Mặt,Đức Phúc,POP_BALLAD,MISSING,NO_VALID_IMAGE_URL,0,0,NONE,0
RMVM_S_2e08194e81,Chờ Em Trong Mỏi Mòn,Ngô Kiến Huy,RB_SOUL,MISSING,NO_VALID_IMAGE_URL,0,0,NONE,0
RMVM_S_065edebf4b,Hướng Dương (AnnG Remix),Nhiều nghệ sĩ,DANCE_EDM,MISSING,NO_VALID_IMAGE_URL,0,0,NONE,0
RMVM_S_43bd5d51e2,Ai Chung Tình Được Mãi (Lofi Version),Thương Võ,DANCE_EDM,MISSING,NO_VALID_IMAGE_URL,0,0,NONE,0
RMVM_S_5ceef2d039,Giấc Mơ Hiền,Bảo Hân,INSTRUMENTAL,MISSING,NO_VALID_IMAGE_URL,0,0,NONE,0
RMVM_S_c84b4426e6,Cảm Ơn Vẻ Đẹp Em,Quách Tuấn Du,POP_BALLAD,MISSING,NO_VALID_IMAGE_URL,0,0,NONE,0
RMVM_S_4930340ec0,Anh Về Trong Tiếng Sóng,Trần Thu Hường,REVOLUTIONARY,MISSING,NO_VALID_IMAGE_URL,0,0,NONE,0
RMVM_S_3d5005fe2b,Lối Cũ Tôi Về,Lưu Ánh Loan,BOLERO_TRUTINH,MISSING,NO_VALID_IMAGE_URL,0,0,NONE,0
RMVM_S_4add913101,LK: Hát Cho Ngày Hôm Qua,Nhiều nghệ sĩ,POP_BALLAD,MISSING,NO_VALID_IMAGE_URL,0,0,NONE,0
RMVM_S_e20d399330,Biển Thắm Tình Xanh,Vân Khánh,FOLK_TRADITIONAL,MISSING,NO_VALID_IMAGE_URL,0,0,NONE,0
RMVM_S_83a2142bfb,Mashup Ôi Tình Yêu - Ok Chia Tay,Vĩnh Thuyên Kim,POP_BALLAD,MISSING,NO_VALID_IMAGE_URL,0,0,NONE,0
RMVM_S_38322b13d5,Anh Đã Từng Khóc,Hồ Phong An,POP_BALLAD,MISSING,NO_VALID_IMAGE_URL,0,0,NONE,0
RMVM_S_5d91c2a17b,Mashup Buồn Không Em – Nếu Em Ở Lại,Nhiều nghệ sĩ,POP_BALLAD,MISSING,NO_VALID_IMAGE_URL,0,0,NONE,0
RMVM_S_c24a97c88a,Khóc Vì Đời,Danh Tuấn Trung,POP_BALLAD,MISSING,NO_VALID_IMAGE_URL,0,0,NONE,0
RMVM_S_75cbad773d,Những Điều Anh Chưa Nói (Lofi Version),"BMZ, Hùng Cuội",POP_BALLAD,MISSING,NO_VALID_IMAGE_URL,0,0,NONE,0
RMVM_S_7967e222e0,Đừng Nghĩ Được Anh Yêu Em Liền Không Trân Trọng (Remix),Khánh Bii,DANCE_EDM,MISSING,NO_VALID_IMAGE_URL,0,0,NONE,0
RMVM_S_d28668db3c,Ngoại Ô Buồn,Hà Thanh Tâm,POP_BALLAD,MISSING,NO_VALID_IMAGE_URL,0,0,NONE,0
RMVM_S_8540382294,Con Cá Con Chim,Da LAB,POP_BALLAD,MISSING,NO_VALID_IMAGE_URL,0,0,NONE,0
RMVM_S_d37d1b1a08,Không Thể Bên Nhau,Hoa Vinh,POP_BALLAD,MISSING,NO_VALID_IMAGE_URL,0,0,NONE,0
RMVM_S_2d5c2b9c28,Gửi Anh Và Cô Ấy,Hoàng Phương,POP_BALLAD,MISSING,NO_VALID_IMAGE_URL,0,0,NONE,0
RMVM_S_f1fb4d1aa9,Đừng Nhắc Đến Anh,Nhiều nghệ sĩ,RAP_HIPHOP,MISSING,NO_VALID_IMAGE_URL,0,0,NONE,0
RMVM_S_154816499f,Áo Ấm Yêu Thương,"PiaLinh, Tọi, Kevin Toàn",POP_BALLAD,MISSING,NO_VALID_IMAGE_URL,0,0,NONE,0
RMVM_S_808da0af18,Chẳng Còn Chung Lối,Đông Đặng,POP_BALLAD,MISSING,NO_VALID_IMAGE_URL,0,0,NONE,0
RMVM_S_deb9875236,Khi Con Tim Không Mang Đến Tình Yêu,Lý Hải,POP_BALLAD,MISSING,NO_VALID_IMAGE_URL,0,0,NONE,0
RMVM_S_3dfae27439,Anh Sợ Yêu,Anh Quân Idol,POP_BALLAD,MISSING,NO_VALID_IMAGE_URL,0,0,NONE,0
RMVM_S_0b1e17be1c,Lời Hứa Bay Đi,"Marr D, Freak",POP_BALLAD,MISSING,NO_VALID_IMAGE_URL,0,0,NONE,0
RMVM_S_6a7ce00987,Chỉ Còn Lại Mình Anh,Nguyên Vũ,POP_BALLAD,MISSING,NO_VALID_IMAGE_URL,0,0,NONE,0
RMVM_S_5dc169ed40,Em Về Với Người,Tuấn Vũ,BOLERO_TRUTINH,MISSING,NO_VALID_IMAGE_URL,0,0,NONE,0
RMVM_S_bc32f19b56,Điều Gì Anh Đang Tìm Kiếm,Dương Nhân Trung,POP_BALLAD,MISSING,NO_VALID_IMAGE_URL,0,0,NONE,0
RMVM_S_672f3e80ff,Cùng Nâng Ly Lên,"R.i.c.k, Spy",POP_BALLAD,MISSING,NO_VALID_IMAGE_URL,0,0,NONE,0
RMVM_S_f89340689c,Vọng Khúc Cung Sầu,Mai Tiến Đạt,POP_BALLAD,MISSING,NO_VALID_IMAGE_URL,0,0,NONE,0
RMVM_S_348ddb0e81,Kẻ Chờ Trăng Lên,DIMZ,POP_BALLAD,MISSING,NO_VALID_IMAGE_URL,0,0,NONE,0
RMVM_S_12b9eb813b,Cô Giáo Trẻ,Dương Kim Ánh,FOLK_TRADITIONAL,MISSING,NO_VALID_IMAGE_URL,0,0,NONE,0
RMVM_S_88816bc50d,Thu Sầu,Diễm Thùy,BOLERO_TRUTINH,MISSING,NO_VALID_IMAGE_URL,0,0,NONE,0
RMVM_S_1bce4e57da,Khúc Biệt Ly,"Bảo Hân, Lay Minh",INSTRUMENTAL,MISSING,NO_VALID_IMAGE_URL,0,0,NONE,0
RMVM_S_cb42039630,Anh Đã Quen Rồi,Hà Thế Dũng,POP_BALLAD,MISSING,NO_VALID_IMAGE_URL,0,0,NONE,0
RMVM_S_179b29798b,Cha Mẹ Là Phật,Lio Thái,BOLERO_TRUTINH,MISSING,NO_VALID_IMAGE_URL,0,0,NONE,0
RMVM_S_4225db021c,Ký Ức Gió Lào,Cáp Anh Tài,POP_BALLAD,MISSING,NO_VALID_IMAGE_URL,0,0,NONE,0
RMVM_S_5738f56aa3,Hỷ Nộ Ái Ố Kiếp Người,Dương Hồng Loan,BOLERO_TRUTINH,MISSING,NO_VALID_IMAGE_URL,0,0,NONE,0
RMVM_S_1f520eae8f,Anh Cũng Như Vậy Thôi,Hoàng Y Nhung,POP_BALLAD,MISSING,NO_VALID_IMAGE_URL,0,0,NONE,0
RMVM_S_e5487dda56,"Tam Giác, Vuông, Tròn?",CHARLES.,POP_BALLAD,MISSING,NO_VALID_IMAGE_URL,0,0,NONE,0
RMVM_S_f0d9d3f24f,Mẹ Cho Con Tất Cả,Bằng Chương,BOLERO_TRUTINH,MISSING,NO_VALID_IMAGE_URL,0,0,NONE,0
RMVM_S_accf15272b,Ước Mơ Của Tôi,Lâm Trí Tú,BOLERO_TRUTINH,MISSING,NO_VALID_IMAGE_URL,0,0,NONE,0
RMVM_S_6e2980072d,Ai Cũng Nói Anh Ngốc,Anh Hảo,POP_BALLAD,MISSING,NO_VALID_IMAGE_URL,0,0,NONE,0
RMVM_S_5142656ed2,Trả Em Hai Chữ Chung Tình,Bùi Vĩnh Phúc,POP_BALLAD,MISSING,NO_VALID_IMAGE_URL,0,0,NONE,0
RMVM_S_9e4b8b2faa,Đừng Vì Một Người Mà Khóc,Duy Văn Phạm,POP_BALLAD,MISSING,NO_VALID_IMAGE_URL,0,0,NONE,0
RMVM_S_454cfbc2ea,Xuân Về Trong Tiếng Cười,Quách Thành Danh,BOLERO_TRUTINH,MISSING,NO_VALID_IMAGE_URL,0,0,NONE,0
RMVM_S_c48f36c0ab,Hương Vị Mùa Đông,Kai Đinh,POP_BALLAD,MISSING,NO_VALID_IMAGE_URL,0,0,NONE,0
RMVM_S_991a4b6e0d,Mẹ Hiểu Con Không,Mr. Siro,POP_BALLAD,MISSING,NO_VALID_IMAGE_URL,0,0,NONE,0
RMVM_S_0edcde1e0e,Khi Ta Già,"Vũ Thịnh, Vicky Nhung",POP_BALLAD,MISSING,NO_VALID_IMAGE_URL,0,0,NONE,0
RMVM_S_5d85cf5f86,Ngỡ Như Tim Không Đau,Kevin Toàn,POP_BALLAD,MISSING,NO_VALID_IMAGE_URL,0,0,NONE,0
RMVM_S_55faae7cc9,Hãy Đàn Lên,Phương Thảo,POP_BALLAD,MISSING,NO_VALID_IMAGE_URL,0,0,NONE,0
RMVM_S_da0837f623,Vì Lời Anh Nói,Nhiều nghệ sĩ,POP_BALLAD,MISSING,NO_VALID_IMAGE_URL,0,0,NONE,0
RMVM_S_1f6b70d4d9,Anh Em Tri Kỷ,"Lâm Chấn Huy, Dương Ngọc Thái, Lâm Chấn Hải",POP_BALLAD,MISSING,NO_VALID_IMAGE_URL,0,0,NONE,0
RMVM_S_b51064b1dd,Anh Là Người Da Đen,Phúc Vlog,POP_BALLAD,MISSING,NO_VALID_IMAGE_URL,0,0,NONE,0
RMVM_S_c36a33929e,Những Lời Dối Gian (Cover),Nguyễn Thạc Bảo Ngọc,POP_BALLAD,MISSING,NO_VALID_IMAGE_URL,0,0,NONE,0
RMVM_S_b4a19f3368,Chào Nguyên Xuân,Quang Hào,BOLERO_TRUTINH,MISSING,NO_VALID_IMAGE_URL,0,0,NONE,0
RMVM_S_393bc93d6c,Chắc Sẽ Quên Được Người,Dilan Vũ,POP_BALLAD,MISSING,NO_VALID_IMAGE_URL,0,0,NONE,0
RMVM_S_aecdf3c5f5,Chạm Làn Môi Em,"Hoàng Tôn, Andree Right Hand, TINLE",POP_BALLAD,MISSING,NO_VALID_IMAGE_URL,0,0,NONE,0
RMVM_S_8a51204b68,Đành Quên Ký Ức,G.Y.M Band,POP_BALLAD,MISSING,NO_VALID_IMAGE_URL,0,0,NONE,0
RMVM_S_7bf0c6f13d,Ai Là Ai Của Ai,Trịnh Thăng Bình,POP_BALLAD,MISSING,NO_VALID_IMAGE_URL,0,0,NONE,0
RMVM_S_85b47120ce,Cái Gật Đầu Hạnh Phúc,Dương Nhất Linh,POP_BALLAD,MISSING,NO_VALID_IMAGE_URL,0,0,NONE,0
RMVM_S_8f142b4740,Interclude (Con Đường),Những Đứa Trẻ,ROCK,MISSING,NO_VALID_IMAGE_URL,0,0,NONE,0
RMVM_S_6de644603c,Anh Em Mình Cạn,"Khánh Đơn, Phương Nam",POP_BALLAD,MISSING,NO_VALID_IMAGE_URL,0,0,NONE,0
RMVM_S_66cc2959af,Yêu Không Nuối Tiếc,Minh Tuyết,INSTRUMENTAL,MISSING,NO_VALID_IMAGE_URL,0,0,NONE,0
RMVM_S_634772eaa2,Ánh Đèn Phố,The Cassette,ROCK,MISSING,NO_VALID_IMAGE_URL,0,0,NONE,0
RMVM_S_708e02b369,Trong Trí Nhớ Của Em (Cover),P.M Band,POP_BALLAD,MISSING,NO_VALID_IMAGE_URL,0,0,NONE,0
RMVM_S_dfa9bd0a44,Điều Mẹ Không Kể (Acoustic Version),Đinh Mạnh Ninh,POP_BALLAD,MISSING,NO_VALID_IMAGE_URL,0,0,NONE,0
RMVM_S_37a77c1050,Anh Sẽ Rời Đi,Khoa Đăng,POP_BALLAD,MISSING,NO_VALID_IMAGE_URL,0,0,NONE,0
RMVM_S_013f2cd3b3,Một Lần Dang Dở x Đi Qua Cầu Vồng,Nhiều nghệ sĩ,POP_BALLAD,MISSING,NO_VALID_IMAGE_URL,0,0,NONE,0
RMVM_S_d053e49642,Chợt Buồn Nghe Tiếng Ễnh Ương,Diệp Hoài Ngọc,BOLERO_TRUTINH,MISSING,NO_VALID_IMAGE_URL,0,0,NONE,0
RMVM_S_3b2669171e,Chờ Đợi Có Đáng Sợ (Piano Verison),Andiez,POP_BALLAD,MISSING,NO_VALID_IMAGE_URL,0,0,NONE,0
RMVM_S_6f206b0e80,Biết Về Đâu,Lý Hải,POP_BALLAD,MISSING,NO_VALID_IMAGE_URL,0,0,NONE,0
RMVM_S_2eee79814e,Chiều Dài Nỗi Nhớ,Phương Thanh,BOLERO_TRUTINH,MISSING,NO_VALID_IMAGE_URL,0,0,NONE,0
RMVM_S_63ee518aa3,Động Phòng Hoa Chúc,"Lâm Chấn Khang, Jombie",POP_BALLAD,MISSING,NO_VALID_IMAGE_URL,0,0,NONE,0
RMVM_S_476f3bf955,Đến Với Biển,Min Chu,CHILDREN,MISSING,NO_VALID_IMAGE_URL,0,0,NONE,0
RMVM_S_d6368c1940,Nếu Anh Thấy Lòng Mình Yếu Đuối,"Tùa, CM1X",POP_BALLAD,MISSING,NO_VALID_IMAGE_URL,0,0,NONE,0
RMVM_S_53a6ecfbf3,Con Sông Lụy Tình,Vũ Tuấn Khang,BOLERO_TRUTINH,MISSING,NO_VALID_IMAGE_URL,0,0,NONE,0
RMVM_S_9771086601,Có Em Là Đủ,Will,POP_BALLAD,MISSING,NO_VALID_IMAGE_URL,0,0,NONE,0
RMVM_S_143ee98f8f,Xuân Không Về,Dương Hoàng Yến,BOLERO_TRUTINH,MISSING,NO_VALID_IMAGE_URL,0,0,NONE,0
RMVM_S_fc35dfb773,Cô Em Đừng Rời Xa Ta,"SoHo, TDA",POP_BALLAD,MISSING,NO_VALID_IMAGE_URL,0,0,NONE,0
RMVM_S_2ec084671c,Cần Tay Chờ Mong,"Văn Tài, Đồng Thùy Linh",FOLK_TRADITIONAL,MISSING,NO_VALID_IMAGE_URL,0,0,NONE,0
RMVM_S_89623f6cb0,Đã Sai Từ Lúc Đầu (Cover in HOA Concert),"Trung Quân Idol, Bùi Anh Tuấn",POP_BALLAD,MISSING,NO_VALID_IMAGE_URL,0,0,NONE,0
RMVM_S_6ea2503630,Bống Bống Bang Bang (Cover),Tuấn Anh Trần,POP_BALLAD,MISSING,NO_VALID_IMAGE_URL,0,0,NONE,0
RMVM_S_971a7f04d0,Anh Khóc Thật Rồi,Kool Nguyễn,POP_BALLAD,MISSING,NO_VALID_IMAGE_URL,0,0,NONE,0
RMVM_S_4cb3b8e706,Em Nguyện Làm Người Bình Thường Bên Cạnh Anh (Lofi Version),Hàn Dung,POP_BALLAD,MISSING,NO_VALID_IMAGE_URL,0,0,NONE,0
RMVM_S_6ce5edafbe,Truyện Kể Thánh Gióng,Billy Hoàng Phong,POP_BALLAD,MISSING,NO_VALID_IMAGE_URL,0,0,NONE,0
RMVM_S_79a2ae2326,Khóc Hay Không Khóc,Phạm Khánh Hưng,POP_BALLAD,MISSING,NO_VALID_IMAGE_URL,0,0,NONE,0
RMVM_S_fe72899c3a,Lặng Lẽ Buông,"Rô Ti, Yuni Boo",POP_BALLAD,MISSING,NO_VALID_IMAGE_URL,0,0,NONE,0
RMVM_S_4114be4348,Tội Thân Em (Remix Version),Diệu Kiên,DANCE_EDM,MISSING,NO_VALID_IMAGE_URL,0,0,NONE,0
RMVM_S_17b402c765,Anh Không Còn Gì Cho Em,Lý Hải,POP_BALLAD,MISSING,NO_VALID_IMAGE_URL,0,0,NONE,0
RMVM_S_b54f884c5f,Nghĩa Tình Đậm Sâu,Nguyễn Phi Hải,POP_BALLAD,MISSING,NO_VALID_IMAGE_URL,0,0,NONE,0
RMVM_S_e118038c1e,Khúc Hát Đam Mê,Thanh Thảo,POP_BALLAD,MISSING,NO_VALID_IMAGE_URL,0,0,NONE,0
RMVM_S_355faefec8,Anh Thế Giới Và Em (Beat),Hương Tràm,POP_BALLAD,MISSING,NO_VALID_IMAGE_URL,0,0,NONE,0
RMVM_S_c05bbbf316,Gửi Em (BLUE REMIX),"ZIN MEDIA, Hoa Vinh",DANCE_EDM,MISSING,NO_VALID_IMAGE_URL,0,0,NONE,0
RMVM_S_63e5f53580,Giây Phút Chia Ly,Minh Trang LyLy,POP_BALLAD,MISSING,NO_VALID_IMAGE_URL,0,0,NONE,0
RMVM_S_5b02335e47,Anh Có Thể Đừng Rời Xa Em Được Không (Remix),Thiên Tú,POP_BALLAD,MISSING,NO_VALID_IMAGE_URL,0,0,NONE,0
RMVM_S_4bd3b9ba7a,Giấc Mơ Không Chỉ Của Riêng Ai,Minh Tuyết,INSTRUMENTAL,MISSING,NO_VALID_IMAGE_URL,0,0,NONE,0
RMVM_S_403ca9f353,Từ Nay Không Phiền Anh Nữa (Remix),Tuệ Phương,DANCE_EDM,MISSING,NO_VALID_IMAGE_URL,0,0,NONE,0
RMVM_S_e6f97b61dc,Giấc Mơ Quá Xa,Khánh Phương,POP_BALLAD,MISSING,NO_VALID_IMAGE_URL,0,0,NONE,0
RMVM_S_d01df62d18,Anh Không Nhớ Em Vậy Đâu,"Xuf, Trà Hoa Cúc",POP_BALLAD,MISSING,NO_VALID_IMAGE_URL,0,0,NONE,0
RMVM_S_a999917c4b,Một Đường Nở Hoa (Remix),Hàn Dung,DANCE_EDM,MISSING,NO_VALID_IMAGE_URL,0,0,NONE,0
RMVM_S_0a8e8c3272,Trưởng Thành 2,Dee.A,POP_BALLAD,MISSING,NO_VALID_IMAGE_URL,0,0,NONE,0
RMVM_S_759641a929,Dù Chỉ Một Lần,Trường Kha,FOLK_TRADITIONAL,MISSING,NO_VALID_IMAGE_URL,0,0,NONE,0
RMVM_S_195fb2d7fa,Để Tình Yêu Trôi Qua Vội Vã,Vinh Trần Bảo Lê,POP_BALLAD,MISSING,NO_VALID_IMAGE_URL,0,0,NONE,0
RMVM_S_7f6f3d9f3e,Thả Tim Gái Nghệ,"HanDrytion, Đinh Nguyệt Hằng, Thái Quỳnh",POP_BALLAD,MISSING,NO_VALID_IMAGE_URL,0,0,NONE,0
RMVM_S_94183907eb,Đứng Sau Hạnh Phúc,Trí Kiện,POP_BALLAD,MISSING,NO_VALID_IMAGE_URL,0,0,NONE,0
RMVM_S_b7cebc02bb,Đón Ông Thần Tài,Bảo Nam,POP_BALLAD,MISSING,NO_VALID_IMAGE_URL,0,0,NONE,0
RMVM_S_8d291dfa1a,Đừng Quá Yêu Lại Tổn Thương Nhiều,Winston,POP_BALLAD,MISSING,NO_VALID_IMAGE_URL,0,0,NONE,0
RMVM_S_6f3b581861,Anh Là Người Ích Kỷ,La Thăng (Huy Nam & Huy Khánh),POP_BALLAD,MISSING,NO_VALID_IMAGE_URL,0,0,NONE,0
RMVM_S_0fe4a729c8,Chiên Con Lạc Lối,Duy Ninh,POP_BALLAD,MISSING,NO_VALID_IMAGE_URL,0,0,NONE,0
RMVM_S_8904f45de5,Lá Thư Tình Đô Thị,Trường Sơn,BOLERO_TRUTINH,MISSING,NO_VALID_IMAGE_URL,0,0,NONE,0
RMVM_S_a33bab210d,Duyên Đành Lỡ Hẹn,Thanh Bình,POP_BALLAD,MISSING,NO_VALID_IMAGE_URL,0,0,NONE,0
RMVM_S_b590a298d3,Cung Nữ,"YuniBoo, Hương Ly",POP_BALLAD,MISSING,NO_VALID_IMAGE_URL,0,0,NONE,0
RMVM_S_09230b98a6,Yêu Nhiều Để Làm Gì,Hồ Văn Hơi,POP_BALLAD,MISSING,NO_VALID_IMAGE_URL,0,0,NONE,0
RMVM_S_a8c1d228f1,Tắc Kè Bông,Bé Hiển Thông,CHILDREN,MISSING,NO_VALID_IMAGE_URL,0,0,NONE,0
RMVM_S_a78b2d8034,Đau Nhưng Thấy Vui,Bùi Vĩnh Phúc (Hot Boy Kẹo Kéo),POP_BALLAD,MISSING,NO_VALID_IMAGE_URL,0,0,NONE,0
RMVM_S_56fa5a3511,Đau Xót Lý Mồ Côi,Dương Nghi Đình,BOLERO_TRUTINH,MISSING,NO_VALID_IMAGE_URL,0,0,NONE,0
RMVM_S_64ed3985fc,Anh Nghĩ Em Tiếc Anh Sao,Saa,POP_BALLAD,MISSING,NO_VALID_IMAGE_URL,0,0,NONE,0
RMVM_S_e4b6572481,Khắc Cốt Ghi Tâm,Dương Chấn Huy,POP_BALLAD,MISSING,NO_VALID_IMAGE_URL,0,0,NONE,0
RMVM_S_76054bfa39,Tình Xuân Ca,Đạt Long Vinh,POP_BALLAD,MISSING,NO_VALID_IMAGE_URL,0,0,NONE,0
RMVM_S_0251d2ef76,Có Những Chiều,"Thái Đinh, Minh Cà Ri",POP_BALLAD,MISSING,NO_VALID_IMAGE_URL,0,0,NONE,0
RMVM_S_5a9e015af1,Giá Như Anh Ở Đây,"Đỗ Lê Hồng Nhung, NovP",POP_BALLAD,MISSING,NO_VALID_IMAGE_URL,0,0,NONE,0
RMVM_S_81761524bb,Chỉ Là Anh Cảm Thấy Tổn Thương,Jang Nguyễn,POP_BALLAD,MISSING,NO_VALID_IMAGE_URL,0,0,NONE,0
RMVM_S_fc03c33273,Ai Cũng Nói Anh Chờ Làm Gì,Jang Nguyễn,POP_BALLAD,MISSING,NO_VALID_IMAGE_URL,0,0,NONE,0
RMVM_S_2ca55a09bc,Giọt Nước Mắt Sẽ Tan,Quốc Hùng,INSTRUMENTAL,MISSING,NO_VALID_IMAGE_URL,0,0,NONE,0
RMVM_S_2cd4b81138,"Buồn Ơi, Chào Mi!",Giang Hồng Ngọc,POP_BALLAD,MISSING,NO_VALID_IMAGE_URL,0,0,NONE,0
RMVM_S_5139be8272,Cá Bơi Ngược Dòng,Vương Anh Tú,POP_BALLAD,MISSING,NO_VALID_IMAGE_URL,0,0,NONE,0
RMVM_S_bef69a25eb,Một Tình Yêu Vội Vàng (Live),"Bằng Kiều, Thanh Thảo",POP_BALLAD,MISSING,NO_VALID_IMAGE_URL,0,0,NONE,0
RMVM_S_d1d308b96f,Hạnh Phúc Vẫn Còn Quanh Đây,Thùy Trang,BOLERO_TRUTINH,MISSING,NO_VALID_IMAGE_URL,0,0,NONE,0
RMVM_S_c112108367,Nước Mắt Của Mẹ,Diễm Hân,POP_BALLAD,MISSING,NO_VALID_IMAGE_URL,0,0,NONE,0
RMVM_S_f64d558ce0,Cuộc Đời Anh Chỉ Cần Như Vậy,Nguyễn Bảo Linh,POP_BALLAD,MISSING,NO_VALID_IMAGE_URL,0,0,NONE,0
RMVM_S_cc5daa75a8,Em Hãy Yêu Một Người,Thanh Bình,POP_BALLAD,MISSING,NO_VALID_IMAGE_URL,0,0,NONE,0
RMVM_S_3af4a66edb,Hãy Nói Yêu Em Khi Xuân Về,Tố My,BOLERO_TRUTINH,MISSING,NO_VALID_IMAGE_URL,0,0,NONE,0
RMVM_S_7c424df2de,Điệu ví dặm là em,Bùi Lê Mận,POP_BALLAD,MISSING,NO_VALID_IMAGE_URL,0,0,NONE,0
RMVM_S_0b5933c065,Tôi Đang Chờ Một Cuộc Chia Tay,"Bá Vương, Magda",POP_BALLAD,MISSING,NO_VALID_IMAGE_URL,0,0,NONE,0
RMVM_S_b980ce5408,Liên Khúc Thành Phố Mưa Bay,"Khánh Bình, Trường Sang, Nguyễn Hân",BOLERO_TRUTINH,MISSING,NO_VALID_IMAGE_URL,0,0,NONE,0
RMVM_S_560057b0f3,Cười Cho Qua Kiếp Người,Phi Bằng,BOLERO_TRUTINH,MISSING,NO_VALID_IMAGE_URL,0,0,NONE,0
RMVM_S_cd564fbc71,Thì Thầm Mùa Xuân Remix (Dance Version),Peto,DANCE_EDM,MISSING,NO_VALID_IMAGE_URL,0,0,NONE,0
RMVM_S_1f78aa8983,Về Đi Anh,Mạnh Hakyno,POP_BALLAD,MISSING,NO_VALID_IMAGE_URL,0,0,NONE,0
RMVM_S_cc2995bd67,Phụ Tình Tình Phụ,Lý Kiến Hào,BOLERO_TRUTINH,MISSING,NO_VALID_IMAGE_URL,0,0,NONE,0
RMVM_S_444f81bffa,Em Hậu Phương Anh Tuyền Tuyến,"Mai Lệ Quyên, Nguyễn Phú Quí",BOLERO_TRUTINH,MISSING,NO_VALID_IMAGE_URL,0,0,NONE,0
RMVM_S_22bc97d4b7,Đừng Ghen Em Nhé,Nguyên Vũ,POP_BALLAD,MISSING,NO_VALID_IMAGE_URL,0,0,NONE,0
RMVM_S_e0adb26298,Chia Tay Sao Phải Buồn,"Lê Bô, Namchan",POP_BALLAD,MISSING,NO_VALID_IMAGE_URL,0,0,NONE,0
RMVM_S_bd10ebebb6,Người Anh Yêu Nhất,Đinh Đại Vũ,POP_BALLAD,MISSING,NO_VALID_IMAGE_URL,0,0,NONE,0
RMVM_S_c8163f1e92,Lời Yêu Ngây Dại (Cover),Như Hexi,POP_BALLAD,MISSING,NO_VALID_IMAGE_URL,0,0,NONE,0
RMVM_S_c469ba6e5b,Em Hãy Nín Đi,Long Hải,POP_BALLAD,MISSING,NO_VALID_IMAGE_URL,0,0,NONE,0
RMVM_S_706806de48,Đau Rồi Cũng Sẽ Qua,"Roy Nguyễn, Reddy",POP_BALLAD,MISSING,NO_VALID_IMAGE_URL,0,0,NONE,0
RMVM_S_3ecbff600d,Hãy Cứ Vui Như Mọi Ngày,Huy MC,NHAC_TRINH,MISSING,NO_VALID_IMAGE_URL,0,0,NONE,0
RMVM_S_2aeba24d26,Anh Đã Hiểu Rồi,Đỗ Phú Quí,POP_BALLAD,MISSING,NO_VALID_IMAGE_URL,0,0,NONE,0
RMVM_S_caccc3481f,Hẳn Là Yêu,Keyo,POP_BALLAD,MISSING,NO_VALID_IMAGE_URL,0,0,NONE,0
RMVM_S_7c52424089,Mùa Xuân Cô Đơn,Khánh Đơn,POP_BALLAD,MISSING,NO_VALID_IMAGE_URL,0,0,NONE,0
RMVM_S_b17ebe88a2,Anh Về Giữa Mùa Xuân,Nhã Phương,BOLERO_TRUTINH,MISSING,NO_VALID_IMAGE_URL,0,0,NONE,0
RMVM_S_515f85806e,Cứ Thế Lặng Im,Bozitt,RAP_HIPHOP,MISSING,NO_VALID_IMAGE_URL,0,0,NONE,0
RMVM_S_4a627a8495,Ít Nhưng Dài Lâu (Nam Con Remix),"Chu Thúy Quỳnh, Yan Nguyễn",DANCE_EDM,MISSING,NO_VALID_IMAGE_URL,0,0,NONE,0
RMVM_S_05a8ed7fcd,MAX CÔ ĐƠN (OST Đại Ca Đi Học),Đạt Max,POP_BALLAD,MISSING,NO_VALID_IMAGE_URL,0,0,NONE,0
RMVM_S_8edba72117,Nỗi Buồn Mẹ Tôi,Dương Hồng Loan,BOLERO_TRUTINH,MISSING,NO_VALID_IMAGE_URL,0,0,NONE,0
RMVM_S_963b44079c,Cô Nương Bên Cầu,"Dương Nhân Trung, Vũ Nguyên Thảo",POP_BALLAD,MISSING,NO_VALID_IMAGE_URL,0,0,NONE,0
RMVM_S_262409a345,Yêu Em Còn Xa,Đăng Khôi,POP_BALLAD,MISSING,NO_VALID_IMAGE_URL,0,0,NONE,0
RMVM_S_4e95d32fe5,Người Thương Em Cả Đời Em Xua Đuổi,VIET.,POP_BALLAD,MISSING,NO_VALID_IMAGE_URL,0,0,NONE,0
RMVM_S_48cfc41727,Để Nhớ Một Người,"Vũ Hoàng, Thạch Thảo",BOLERO_TRUTINH,MISSING,NO_VALID_IMAGE_URL,0,0,NONE,0
RMVM_S_ce61b43f70,Aiii Chuyện Cũ Bán Hông?,Trúc Nhân,POP_BALLAD,MISSING,NO_VALID_IMAGE_URL,0,0,NONE,0
RMVM_S_bcaf7e553f,Biển Ơi Hát Cùng Tôi,Nguyễn Phi Hùng,POP_BALLAD,MISSING,NO_VALID_IMAGE_URL,0,0,NONE,0
RMVM_S_6d0f64edc2,LK Đoạn Cuối Tình Yêu,"Lê Sang, Randy",BOLERO_TRUTINH,MISSING,NO_VALID_IMAGE_URL,0,0,NONE,0
RMVM_S_00364cda4e,Gia Đình Là Điểm Tựa,Nguyên Thanh Phong,POP_BALLAD,MISSING,NO_VALID_IMAGE_URL,0,0,NONE,0
RMVM_S_b2f173842e,Ai Còn Nhớ Thương,Nguyễn Trần Trọng Hiếu,POP_BALLAD,MISSING,NO_VALID_IMAGE_URL,0,0,NONE,0
RMVM_S_9bda7a224f,Về Lại Sông Trà,Trường Kha,FOLK_TRADITIONAL,MISSING,NO_VALID_IMAGE_URL,0,0,NONE,0
RMVM_S_b8c62d3deb,Xa Vắng,Bằng Cường,POP_BALLAD,MISSING,NO_VALID_IMAGE_URL,0,0,NONE,0
RMVM_S_d08c98244b,Rap Về Nezuko (Lưỡi Gươm Diệt Quỷ),Phan Ann,POP_BALLAD,MISSING,NO_VALID_IMAGE_URL,0,0,NONE,0
RMVM_S_2573becf40,Bé Lật Đật,Bé Minh Vy,CHILDREN,MISSING,NO_VALID_IMAGE_URL,0,0,NONE,0
RMVM_S_ea5b742184,Biển Và Đôi Ta,Trần Tuấn Kiệt,BOLERO_TRUTINH,MISSING,NO_VALID_IMAGE_URL,0,0,NONE,0
RMVM_S_0bcbc298f6,Chuyện Hoa Mua Tím,Lâm Hoài Phong,BOLERO_TRUTINH,MISSING,NO_VALID_IMAGE_URL,0,0,NONE,0
RMVM_S_2a2aff18fa,Em Ngốc Quá,Gia Huy Singer,POP_BALLAD,MISSING,NO_VALID_IMAGE_URL,0,0,NONE,0
RMVM_S_696063d2a6,Em Trong Kỷ Niệm,Lục Lâm,POP_BALLAD,MISSING,NO_VALID_IMAGE_URL,0,0,NONE,0
RMVM_S_423b2ac6c7,E Là Không Thể,Thành Đạt,POP_BALLAD,MISSING,NO_VALID_IMAGE_URL,0,0,NONE,0
RMVM_S_c63c1fc095,Gió Ngựa Trên Đồi Cỏ Non,Võ Minh Lê,POP_BALLAD,MISSING,NO_VALID_IMAGE_URL,0,0,NONE,0
RMVM_S_3c4403ea0e,Chuyện Mây Trời Cứ Để Gió Cuốn,"Luxuyen, Nhax, VoVanDuc",POP_BALLAD,MISSING,NO_VALID_IMAGE_URL,0,0,NONE,0
RMVM_S_d5286d6d01,Chẳng Hề Đổi Thay,"Tăng Phúc, Trương Thảo Nhi, Gold MK",POP_BALLAD,MISSING,NO_VALID_IMAGE_URL,0,0,NONE,0
RMVM_S_764b6d8137,Chờ Em Nơi Thềm Trăng,Hồng Nhung,POP_BALLAD,MISSING,NO_VALID_IMAGE_URL,0,0,NONE,0
RMVM_S_a55e3b0883,Ký Ức Mong Manh,"Hồ Gia Hùng, Aki Khoa",POP_BALLAD,MISSING,NO_VALID_IMAGE_URL,0,0,NONE,0
RMVM_S_5b49c7d109,Anh Em Và Đôi Ta,Đỗ Thụy Khanh,POP_BALLAD,MISSING,NO_VALID_IMAGE_URL,0,0,NONE,0
RMVM_S_76fd513bcc,Lặng Lẽ Mùa Xuân,Cẩm Ly,BOLERO_TRUTINH,MISSING,NO_VALID_IMAGE_URL,0,0,NONE,0
RMVM_S_520ba0e0ba,Giây Phút Chia Xa (Nhạc Sống Hà Tây),"Minz, BeeBoss",POP_BALLAD,MISSING,NO_VALID_IMAGE_URL,0,0,NONE,0
RMVM_S_ad17d07ba9,Cách Để Quên Em,Tăng Anh Tuấn,POP_BALLAD,MISSING,NO_VALID_IMAGE_URL,0,0,NONE,0
RMVM_S_f74e4f8d74,Chuyện Tình Sầu Riêng Anh,"Khưu Huy Vũ, Hồng Phượng",BOLERO_TRUTINH,MISSING,NO_VALID_IMAGE_URL,0,0,NONE,0
RMVM_S_ea58971b7a,Phải Nên Bắt Đầu Từ Đâu,Hoài Lâm,POP_BALLAD,MISSING,NO_VALID_IMAGE_URL,0,0,NONE,0
RMVM_S_2211d8d419,Biệt Tri Kỷ,Chí Thành Danh,BOLERO_TRUTINH,MISSING,NO_VALID_IMAGE_URL,0,0,NONE,0
RMVM_S_5b0cad7a7e,ĐÔI TA LÀ GÌ,"Tôn Hồ Anh, O.lew",POP_BALLAD,MISSING,NO_VALID_IMAGE_URL,0,0,NONE,0
RMVM_S_9c2d5e1a38,Khúc Nhạc Tình Tang (Beat),Kim Linh,BOLERO_TRUTINH,MISSING,NO_VALID_IMAGE_URL,0,0,NONE,0
RMVM_S_4415f67e5c,Gió Bay Trên Đồi,Mắt Ngọc,POP_BALLAD,MISSING,NO_VALID_IMAGE_URL,0,0,NONE,0
RMVM_S_aece62b74b,Dấu Yêu Thuở Nào,Phương Thanh,POP_BALLAD,MISSING,NO_VALID_IMAGE_URL,0,0,NONE,0
RMVM_S_92e738742e,Quà Trung Thu Của Bố,Bé Bào Ngư,CHILDREN,MISSING,NO_VALID_IMAGE_URL,0,0,NONE,0
RMVM_S_7ce08f1745,Chắc Do Em Đã Sai (WRC REMIX),Nhiều nghệ sĩ,DANCE_EDM,MISSING,NO_VALID_IMAGE_URL,0,0,NONE,0
RMVM_S_6be1da01dd,Tình Năng Đôi Bờ,Diễm Trang,POP_BALLAD,MISSING,NO_VALID_IMAGE_URL,0,0,NONE,0
RMVM_S_d0c277ba76,Thê Tử (EDM),Minh Vương M4U,DANCE_EDM,MISSING,NO_VALID_IMAGE_URL,0,0,NONE,0
RMVM_S_3f8ab7c7f6,Đã Bao Giờ Mẹ Hạnh Phúc Chưa?,Nhiều nghệ sĩ,POP_BALLAD,MISSING,NO_VALID_IMAGE_URL,0,0,NONE,0
RMVM_S_8a84a198bd,Hai Đứa Giận Nhau,"BeeBoss, Anh Thư",POP_BALLAD,MISSING,NO_VALID_IMAGE_URL,0,0,NONE,0
RMVM_S_289d3950fb,Than Thở Trong Tim,Khánh Đơn,POP_BALLAD,MISSING,NO_VALID_IMAGE_URL,0,0,NONE,0
RMVM_S_f157d2ee7f,Anh Cứ Ngỡ,Hoài Lâm,POP_BALLAD,MISSING,NO_VALID_IMAGE_URL,0,0,NONE,0
RMVM_S_19e6247bec,Anh Ta Bỏ Em Rồi (Beat),Hương Giang,POP_BALLAD,MISSING,NO_VALID_IMAGE_URL,0,0,NONE,0
RMVM_S_db27968399,Duyên Lành Vùng Cao,"Ngọc Ký, Bùi Thúy",POP_BALLAD,MISSING,NO_VALID_IMAGE_URL,0,0,NONE,0
RMVM_S_b4cb97e318,Con Cò Quên Mẹ,Cao Sỹ Hùng,BOLERO_TRUTINH,MISSING,NO_VALID_IMAGE_URL,0,0,NONE,0
RMVM_S_aa12c7f0b4,Tình Yêu Không Thể Phá Vỡ,Thiều Bảo Trang,POP_BALLAD,MISSING,NO_VALID_IMAGE_URL,0,0,NONE,0
RMVM_S_927991d3d0,Ta Có Thuộc Về Nhau (Deep House Remix),Diệu Vân,DANCE_EDM,MISSING,NO_VALID_IMAGE_URL,0,0,NONE,0
RMVM_S_9e82dbdcc4,Bên Thềm Lá Rơi,Bùi Việt Hà,BOLERO_TRUTINH,MISSING,NO_VALID_IMAGE_URL,0,0,NONE,0
RMVM_S_99d55aeff5,Bình Minh Xa Xôi,Cyrus Thiên Ân,POP_BALLAD,MISSING,NO_VALID_IMAGE_URL,0,0,NONE,0
RMVM_S_36ffa2d3fd,Cơn Mưa Chiều Ấy,DatKaa,POP_BALLAD,MISSING,NO_VALID_IMAGE_URL,0,0,NONE,0
RMVM_S_2a2d6c58a8,Có Được Lì Xì Nữa Không Ta,The Wings Band,POP_BALLAD,MISSING,NO_VALID_IMAGE_URL,0,0,NONE,0
RMVM_S_682a441966,Chỉ Còn Em Thôi,"Hương Ly, Andiez",POP_BALLAD,MISSING,NO_VALID_IMAGE_URL,0,0,NONE,0
RMVM_S_54447f2989,ĐẠI DIỆN CHO TRÁI TIM,"SOUTHALID, MaL.",POP_BALLAD,MISSING,NO_VALID_IMAGE_URL,0,0,NONE,0
RMVM_S_ea7fa8f68c,Dễ Yêu Dễ Quên (Tropical),"Nhật Tinh Anh, Nguyễn Đình Vũ, Thái Anthony",DANCE_EDM,MISSING,NO_VALID_IMAGE_URL,0,0,NONE,0
RMVM_S_2c6e90146c,Thà Ế Còn Hơn Yêu,Nguyễn Trung Đức,POP_BALLAD,MISSING,NO_VALID_IMAGE_URL,0,0,NONE,0
RMVM_S_e398e739a3,Sao Người Ta Nỡ Làm Mình Đau,Gil Lê,POP_BALLAD,MISSING,NO_VALID_IMAGE_URL,0,0,NONE,0
RMVM_S_8ce708cf0c,Biết Nói Thế Nào,Don Hồ,INSTRUMENTAL,MISSING,NO_VALID_IMAGE_URL,0,0,NONE,0
RMVM_S_f1283164ed,Tết Này Ai Cưới Tôi,Nhiều nghệ sĩ,POP_BALLAD,MISSING,NO_VALID_IMAGE_URL,0,0,NONE,0
RMVM_S_9c8787fd8c,Bước Bên Em (Speed Up),"Dani D, Lê Vũ",POP_BALLAD,MISSING,NO_VALID_IMAGE_URL,0,0,NONE,0
RMVM_S_abe6e8124c,Người Giàu Cũng Điên,Giang Trường,BOLERO_TRUTINH,MISSING,NO_VALID_IMAGE_URL,0,0,NONE,0
RMVM_S_fe21982aa1,Nghĩa Tình Là Mãi Mãi,Trường Sơn,BOLERO_TRUTINH,MISSING,NO_VALID_IMAGE_URL,0,0,NONE,0
RMVM_S_b6ac2f4d2d,Anh Không Phải Hotboy,Phạm Hồng Phước,POP_BALLAD,MISSING,NO_VALID_IMAGE_URL,0,0,NONE,0
RMVM_S_51b69f10bf,Nội Tôi,Đại Đức Thích Nhuận Thanh,BOLERO_TRUTINH,MISSING,NO_VALID_IMAGE_URL,0,0,NONE,0
RMVM_S_eaf1e4c5bb,Hoa Thiên Lý Trắng,Lương Nguyệt Anh,BOLERO_TRUTINH,MISSING,NO_VALID_IMAGE_URL,0,0,NONE,0
RMVM_S_cc73c7761e,Chung Đường Ngược Hướng,"Thiên Ân, LQ MEDIA",POP_BALLAD,MISSING,NO_VALID_IMAGE_URL,0,0,NONE,0
RMVM_S_287d0786e3,Còn Thương Câu Hát Miệt Vườn,Khánh Duy,BOLERO_TRUTINH,MISSING,NO_VALID_IMAGE_URL,0,0,NONE,0
RMVM_S_900395621f,Chẳng Cần Đúng Sai,Hồ Phong An,POP_BALLAD,MISSING,NO_VALID_IMAGE_URL,0,0,NONE,0
RMVM_S_160bb09f05,Bài Ca Sao,"Ái Vân, Elvis Phương",INSTRUMENTAL,MISSING,NO_VALID_IMAGE_URL,0,0,NONE,0
RMVM_S_96a15e489b,Đừng Tổn Thương Người Nên Trân Trọng (WRC REMIX),"ZIN MEDIA, Đào Ngọc Sang",DANCE_EDM,MISSING,NO_VALID_IMAGE_URL,0,0,NONE,0
RMVM_S_39f1a5d2d3,Buồn Thu Ướt Mi,"Bảo Hân, Don Hồ",INSTRUMENTAL,MISSING,NO_VALID_IMAGE_URL,0,0,NONE,0
RMVM_S_3672eb88e1,Bạn Tình Ơi,"YuniBoo, Goctoi Mixer",RAP_HIPHOP,MISSING,NO_VALID_IMAGE_URL,0,0,NONE,0
RMVM_S_e148c0636f,Tìm Người Nhà,Ngọt,POP_BALLAD,MISSING,NO_VALID_IMAGE_URL,0,0,NONE,0
RMVM_S_3734d0a8f4,Anh Là Ai ?,"ASC, MRoy",POP_BALLAD,MISSING,NO_VALID_IMAGE_URL,0,0,NONE,0
RMVM_S_ae81afc3bd,Quá Khứ Tình Yêu,Thái Triệu Luân,POP_BALLAD,MISSING,NO_VALID_IMAGE_URL,0,0,NONE,0
RMVM_S_d9ecdb5844,Vì Nghèo,"Diễm Trang, Hoàng Diễn",POP_BALLAD,MISSING,NO_VALID_IMAGE_URL,0,0,NONE,0
RMVM_S_5f1519af32,Vì Đâu Lại Thế,Reddy,POP_BALLAD,MISSING,NO_VALID_IMAGE_URL,0,0,NONE,0
RMVM_S_3c8cb3bd70,Đừng Bỏ Anh Mà,Phạm Trúng,POP_BALLAD,MISSING,NO_VALID_IMAGE_URL,0,0,NONE,0
RMVM_S_e248d35c8d,Mưa Thu Buổi Hoàng Hôn,Thu Trang,BOLERO_TRUTINH,MISSING,NO_VALID_IMAGE_URL,0,0,NONE,0
RMVM_S_3927e09670,Bước Tình Xa,Lê Uyên Nhi,BOLERO_TRUTINH,MISSING,NO_VALID_IMAGE_URL,0,0,NONE,0
RMVM_S_66b287b16f,Im Lặng Anh Mất Em,AndyShin,POP_BALLAD,MISSING,NO_VALID_IMAGE_URL,0,0,NONE,0
RMVM_S_703f48acbc,Em Đi Chơi Thuyền,Bé Bào Ngư,CHILDREN,MISSING,NO_VALID_IMAGE_URL,0,0,NONE,0
RMVM_S_4e6afb2b7a,Đành Để Em Xa,"Anh Hổ, TuấnK, XyViz",RAP_HIPHOP,MISSING,NO_VALID_IMAGE_URL,0,0,NONE,0
RMVM_S_a2b7fa6d6c,Đâu Phải Nhân Tình,Milk,POP_BALLAD,MISSING,NO_VALID_IMAGE_URL,0,0,NONE,0
RMVM_S_5c86b99f71,VỌNG KIM LANG (LOFI VERSION),Bùi Phi Long,BOLERO_TRUTINH,MISSING,NO_VALID_IMAGE_URL,0,0,NONE,0
RMVM_S_0576c8f2b4,Chờ Đợi Giữa Thế Gian,Kaisoul,POP_BALLAD,MISSING,NO_VALID_IMAGE_URL,0,0,NONE,0
RMVM_S_830c5903d4,Liệu Có Ngoại Lệ,Keyo,POP_BALLAD,MISSING,NO_VALID_IMAGE_URL,0,0,NONE,0
RMVM_S_ef404088c1,Ký Ức Giáng Sinh,Trương Kiều Diễm,POP_BALLAD,MISSING,NO_VALID_IMAGE_URL,0,0,NONE,0
RMVM_S_5389ffa391,Chán Thì Chia Tay,FreshlyRC,POP_BALLAD,MISSING,NO_VALID_IMAGE_URL,0,0,NONE,0
RMVM_S_9d5b594af2,Mong Em Hạnh Phúc Bên Người (Beat),Ngô Chí Cường,POP_BALLAD,MISSING,NO_VALID_IMAGE_URL,0,0,NONE,0
RMVM_S_d574cb4ae0,Chỉ Tại Mình Là Người Thật Thà,Đan Trường,POP_BALLAD,MISSING,NO_VALID_IMAGE_URL,0,0,NONE,0
RMVM_S_7d49a4f6c8,Biến Tan,Hoàng Hải Thoại,POP_BALLAD,MISSING,NO_VALID_IMAGE_URL,0,0,NONE,0
RMVM_S_2a3490bad1,Đời Tôi Chỉ Một Người,Vũ Hoàng,BOLERO_TRUTINH,MISSING,NO_VALID_IMAGE_URL,0,0,NONE,0
RMVM_S_e968ed002f,Cô Gái Anh Yêu Lúc Xuân Thời,Lâm Nguyên,POP_BALLAD,MISSING,NO_VALID_IMAGE_URL,0,0,NONE,0
RMVM_S_1933dcdd38,Ôi Đời Hư Nát,Bảo Thắng,BOLERO_TRUTINH,MISSING,NO_VALID_IMAGE_URL,0,0,NONE,0
RMVM_S_ca56e98448,Như Những Phút Ban Đầu (Live),Hoài Lâm,POP_BALLAD,MISSING,NO_VALID_IMAGE_URL,0,0,NONE,0
RMVM_S_3037a90c20,Trái Tim Lầm Lỡ,Bee Duy Lâm,POP_BALLAD,MISSING,NO_VALID_IMAGE_URL,0,0,NONE,0
RMVM_S_0f679abfc1,Cô Gái Thiên Thần,"Lê Vương, Key",POP_BALLAD,MISSING,NO_VALID_IMAGE_URL,0,0,NONE,0
RMVM_S_4e727d6880,Cô Ấy Không Thích Tôi,Long Cao,POP_BALLAD,MISSING,NO_VALID_IMAGE_URL,0,0,NONE,0
RMVM_S_f5c0afa1f6,Cũng Bởi Một Chữ Tình,Mai Tiến Đạt,POP_BALLAD,MISSING,NO_VALID_IMAGE_URL,0,0,NONE,0
RMVM_S_985373cc07,Biết Em Thương Người Khác,Trương Khải Minh,POP_BALLAD,MISSING,NO_VALID_IMAGE_URL,0,0,NONE,0
RMVM_S_fa138c294d,Em Chọn Cách Rời Xa,"Vĩnh Thuyên Kim, TRUNKY",POP_BALLAD,MISSING,NO_VALID_IMAGE_URL,0,0,NONE,0
RMVM_S_d49d6309e4,Có Những Ngày Như Thế,Neon,POP_BALLAD,MISSING,NO_VALID_IMAGE_URL,0,0,NONE,0
RMVM_S_d1670f35ad,Chỉ Vì Quá Thương Em,Hải Nam,POP_BALLAD,MISSING,NO_VALID_IMAGE_URL,0,0,NONE,0
RMVM_S_c3f7036cd4,Mối Tình Chiều Mưa Bay (HHD Remix),"Lâm Chấn Hải, HHD",DANCE_EDM,MISSING,NO_VALID_IMAGE_URL,0,0,NONE,0
RMVM_S_206c0f38dc,Liên Khúc Sao Quá Mềm Lòng,Nhiều nghệ sĩ,POP_BALLAD,MISSING,NO_VALID_IMAGE_URL,0,0,NONE,0
RMVM_S_ba14a4a5cf,Không Thể Ở Bên Nhau,Lưu Chí Vỹ,POP_BALLAD,MISSING,NO_VALID_IMAGE_URL,0,0,NONE,0
RMVM_S_7719aa58e1,Thiếu Một Tình Yêu,Trần Hùng Tiến,POP_BALLAD,MISSING,NO_VALID_IMAGE_URL,0,0,NONE,0
RMVM_S_a7a21b199c,Anh Đâu Muốn Mình Phải Xa (Tlong Remix),Kim Trọng,DANCE_EDM,MISSING,NO_VALID_IMAGE_URL,0,0,NONE,0
RMVM_S_78f1b7d0ac,Điệu Buồn Phương Nam,"Khưu Huy Vũ, Ngọc Hân",BOLERO_TRUTINH,MISSING,NO_VALID_IMAGE_URL,0,0,NONE,0
RMVM_S_8f9ac35700,Lối Cũ Rêu Phong,"Chiennhatlang, FreshlyRC",RAP_HIPHOP,MISSING,NO_VALID_IMAGE_URL,0,0,NONE,0
RMVM_S_2f374763de,Cám Ơn Người Cũ,Hàn Thái Tú,POP_BALLAD,MISSING,NO_VALID_IMAGE_URL,0,0,NONE,0
RMVM_S_736c42b1c4,Hộp thư thoại,Ronboogz,RAP_HIPHOP,MISSING,NO_VALID_IMAGE_URL,0,0,NONE,0
RMVM_S_668fd6dcb8,Đừng Tin Lời Nhân Gian,Lam Trường,POP_BALLAD,MISSING,NO_VALID_IMAGE_URL,0,0,NONE,0
RMVM_S_f459bd8b5b,Em Chọn Lối Này,HA Live,POP_BALLAD,MISSING,NO_VALID_IMAGE_URL,0,0,NONE,0
RMVM_S_417168b1fa,Chuyện Người Đàn Bà 2000 Năm Trước,Tín Nhiệm,BOLERO_TRUTINH,MISSING,NO_VALID_IMAGE_URL,0,0,NONE,0
RMVM_S_a3a4ea58bb,Sợi Tình Sợi Nghĩa,Chí Hướng,POP_BALLAD,MISSING,NO_VALID_IMAGE_URL,0,0,NONE,0
RMVM_S_ec0f8c8bbd,Hãy Mang Đến Những Mùa Xuân,Chi Dân,POP_BALLAD,MISSING,NO_VALID_IMAGE_URL,0,0,NONE,0
RMVM_S_b9d7f53e78,Gặp Lại Ta Sẽ,"Pyshu, SG Prider",POP_BALLAD,MISSING,NO_VALID_IMAGE_URL,0,0,NONE,0
RMVM_S_40ea6bbff1,ĐÃ LỠ IU,"gung0cay, $A Milo, Gxxfy",RAP_HIPHOP,MISSING,NO_VALID_IMAGE_URL,0,0,NONE,0
RMVM_S_76f79259e6,Chàng Khờ Bán Chiếu,Hoàng Ngọc Sơn,BOLERO_TRUTINH,MISSING,NO_VALID_IMAGE_URL,0,0,NONE,0
RMVM_S_f664faf23b,Cánh Đồng Nga,Trần Hiếu,POP_BALLAD,MISSING,NO_VALID_IMAGE_URL,0,0,NONE,0
RMVM_S_046cfd2ab5,Biết Em Thương Người Khác (HT REMIX),"ZIN MEDIA, Trương Khải Minh",DANCE_EDM,MISSING,NO_VALID_IMAGE_URL,0,0,NONE,0
RMVM_S_769f7fdf78,CHIẾC ÁO BÀ BA (LOFI VERSION),Bùi Phi Long,BOLERO_TRUTINH,MISSING,NO_VALID_IMAGE_URL,0,0,NONE,0
RMVM_S_50288d3794,Lời Đầu Năm Ba Viết Cho Con,"Đình Phước, Nhã Ca",BOLERO_TRUTINH,MISSING,NO_VALID_IMAGE_URL,0,0,NONE,0
RMVM_S_ec965db3c3,Nơi Ấy Không Phải Tôi,Anh T.O.M,POP_BALLAD,MISSING,NO_VALID_IMAGE_URL,0,0,NONE,0
RMVM_S_d6b7d191b3,Mẹ Già Không Thể Chờ (Beat),Nguyễn Hữu Thành,BOLERO_TRUTINH,MISSING,NO_VALID_IMAGE_URL,0,0,NONE,0
RMVM_S_6b5ed83412,Yêu Không Cần Nói (Beat),"Tino, Bảo Uyên",POP_BALLAD,MISSING,NO_VALID_IMAGE_URL,0,0,NONE,0
RMVM_S_d5a73def18,Nữ Vương Địa Phận Vinh,Trường Sinh,BOLERO_TRUTINH,MISSING,NO_VALID_IMAGE_URL,0,0,NONE,0
RMVM_S_8b9f978c1e,Chỉ Còn Nỗi Đau (Remix),"Lương Gia Hùng, DJ Phạm Thành",POP_BALLAD,MISSING,NO_VALID_IMAGE_URL,0,0,NONE,0
RMVM_S_db789eecac,Bức Thư Gửi Con,Hồ Việt Trung,POP_BALLAD,MISSING,NO_VALID_IMAGE_URL,0,0,NONE,0
RMVM_S_c0689f5d4e,Biển Cát Nắng Xanh Vàng Trắng,Nguyên Vũ,POP_BALLAD,MISSING,NO_VALID_IMAGE_URL,0,0,NONE,0
RMVM_S_249f75f35e,Gửi Huế Thân Yêu,Hương Lan,FOLK_TRADITIONAL,MISSING,NO_VALID_IMAGE_URL,0,0,NONE,0
RMVM_S_35397ccd35,Im Lặng Hơn Ngàn Lời Nói (Beat),Lyna Thùy Linh,POP_BALLAD,MISSING,NO_VALID_IMAGE_URL,0,0,NONE,0
RMVM_S_3b70041c85,Ai Mang Em Đi,"K-ICM, APJ",POP_BALLAD,MISSING,NO_VALID_IMAGE_URL,0,0,NONE,0
RMVM_S_975c0602c2,Bé Vui Học Vần On-An,"Đỗ Tuyết Nhi, Dâu Tây",CHILDREN,MISSING,NO_VALID_IMAGE_URL,0,0,NONE,0
RMVM_S_230570a39d,Áo Sờn Vai,Hồ Khắc Tùng,POP_BALLAD,MISSING,NO_VALID_IMAGE_URL,0,0,NONE,0
RMVM_S_fb75df2bd3,MÀU (đen trắng),Ngọt,POP_BALLAD,MISSING,NO_VALID_IMAGE_URL,0,0,NONE,0
RMVM_S_e392394cdc,Đừng Để Anh Cô Đơn,Cheng,POP_BALLAD,MISSING,NO_VALID_IMAGE_URL,0,0,NONE,0
RMVM_S_0d876fb5ff,Anh Có Là Gì Đâu,Thương,POP_BALLAD,MISSING,NO_VALID_IMAGE_URL,0,0,NONE,0
RMVM_S_3bb7f8f73e,Con Đường Từ Trái Tim,Various Artists,POP_BALLAD,MISSING,NO_VALID_IMAGE_URL,0,0,NONE,0
RMVM_S_600cc43d99,Đến Khi Em Nhận Ra (Remix),Cảnh Minh,POP_BALLAD,MISSING,NO_VALID_IMAGE_URL,0,0,NONE,0
RMVM_S_7809c39b34,Giữa Mạc Tư Khoa Nghe Câu Hò Ví Dặm,Thu Hiền,FOLK_TRADITIONAL,MISSING,NO_VALID_IMAGE_URL,0,0,NONE,0
RMVM_S_15d78675a5,Bao Giờ Em Thôi Nói Yêu Anh,Hoài Nam,BOLERO_TRUTINH,MISSING,NO_VALID_IMAGE_URL,0,0,NONE,0
RMVM_S_d1ce3599ca,Hẹn Với Cô Đơn,Lê Hiếu,POP_BALLAD,MISSING,NO_VALID_IMAGE_URL,0,0,NONE,0
RMVM_S_4902be4f5d,Góc Phố Nơi Tuyết Rơi,Cao Quân Kiệt,POP_BALLAD,MISSING,NO_VALID_IMAGE_URL,0,0,NONE,0
RMVM_S_b16ebbff5e,Đừng Như Thói Quen (Cover) (Beat Nam),"Anh Toàn Nguyễn, Trần Ngọc Bảo",POP_BALLAD,MISSING,NO_VALID_IMAGE_URL,0,0,NONE,0
RMVM_S_f183ff990e,Người Đó Không Phải Anh,Thành Tâm,POP_BALLAD,MISSING,NO_VALID_IMAGE_URL,0,0,NONE,0
RMVM_S_ec90822bec,"Già Gân, Mỹ Nhân & Gangster",Tăng Ngọc Tuyền,POP_BALLAD,MISSING,NO_VALID_IMAGE_URL,0,0,NONE,0
RMVM_S_895eb4e576,Cảm Mến Ân Tình,Phương Anh,BOLERO_TRUTINH,MISSING,NO_VALID_IMAGE_URL,0,0,NONE,0
RMVM_S_18597a4aa4,Rồi Dấu Yêu,Trường Kha,POP_BALLAD,MISSING,NO_VALID_IMAGE_URL,0,0,NONE,0
RMVM_S_87c8d2f0af,Ướt Lem Chữ Đời,Ân Thiên Vỹ,BOLERO_TRUTINH,MISSING,NO_VALID_IMAGE_URL,0,0,NONE,0
RMVM_S_bd515cb2b5,Than Trách Duyên Phận,Mai Lệ Quyên,BOLERO_TRUTINH,MISSING,NO_VALID_IMAGE_URL,0,0,NONE,0
RMVM_S_137053e557,Muốn Cả Thế Giới Biết Anh Yêu Em (Remix),"Hàn Dung, Gumin",DANCE_EDM,MISSING,NO_VALID_IMAGE_URL,0,0,NONE,0
RMVM_S_a073e42730,Cả Đời Thương Em (WRC REMIX),"ZIN MEDIA, Huy Rupi",DANCE_EDM,MISSING,NO_VALID_IMAGE_URL,0,0,NONE,0
RMVM_S_ac6bcd3ace,Nợ Nhau Chữ Tình,Trương Lynh,POP_BALLAD,MISSING,NO_VALID_IMAGE_URL,0,0,NONE,0
RMVM_S_e5dd9cf86d,Đừng Bỏ Anh Nơi Này,Thái Triệu Luân,POP_BALLAD,MISSING,NO_VALID_IMAGE_URL,0,0,NONE,0
RMVM_S_da887ab755,Nụ Hôn Biệt Ly (Remix),Kasim Hoàng Vũ,POP_BALLAD,MISSING,NO_VALID_IMAGE_URL,0,0,NONE,0
RMVM_S_052038a28a,Quên Hết Đam Mê,"Tuấn Hùng, Thùy Vân",POP_BALLAD,MISSING,NO_VALID_IMAGE_URL,0,0,NONE,0
RMVM_S_48d0013269,Dù Tha Thứ Cũng Không Xứng Đáng,Khánh Phương,POP_BALLAD,MISSING,NO_VALID_IMAGE_URL,0,0,NONE,0
RMVM_S_c0fbff2173,Anh Có Tài Mà,Xuân Nghị,POP_BALLAD,MISSING,NO_VALID_IMAGE_URL,0,0,NONE,0
RMVM_S_474ae2e0f9,Cho Một Thời Yêu Dấu,Phương Thùy,BOLERO_TRUTINH,MISSING,NO_VALID_IMAGE_URL,0,0,NONE,0
RMVM_S_6a4faa3201,Cảm Giác Trong Tình Yêu,"Nguyễn Thành Công, Nguyễn Văn Trung",POP_BALLAD,MISSING,NO_VALID_IMAGE_URL,0,0,NONE,0
RMVM_S_9d55aeb683,Nhịp Cầu Xưa,Duy Sang,BOLERO_TRUTINH,MISSING,NO_VALID_IMAGE_URL,0,0,NONE,0
RMVM_S_c70fb9e664,Một Nửa Thế Giới,Anna,POP_BALLAD,MISSING,NO_VALID_IMAGE_URL,0,0,NONE,0
RMVM_S_874bea97f0,Chẳng Phụ Như Lai Chẳng Phụ Nàng,Reii,POP_BALLAD,MISSING,NO_VALID_IMAGE_URL,0,0,NONE,0
RMVM_S_7bdfba0933,Một Thủa Đam Mê,"BeeBoss, Tuấn Chung",POP_BALLAD,MISSING,NO_VALID_IMAGE_URL,0,0,NONE,0
RMVM_S_ad743f682b,Chân Ngắn (Cover),Sjck,POP_BALLAD,MISSING,NO_VALID_IMAGE_URL,0,0,NONE,0
RMVM_S_e7a77f1cce,Người Đã Như Mơ,"BeeBoss, Anh Thư",POP_BALLAD,MISSING,NO_VALID_IMAGE_URL,0,0,NONE,0
RMVM_S_12c15a821b,Sinh Ra Là Để Yêu Em,Vương Anh Tú,POP_BALLAD,MISSING,NO_VALID_IMAGE_URL,0,0,NONE,0
RMVM_S_594e6af1f9,Gieo Tương Tư,"Tô Minh, Hào Năng",POP_BALLAD,MISSING,NO_VALID_IMAGE_URL,0,0,NONE,0
RMVM_S_664df74c6e,Dẫu Anh Không Nhìn Thấy (Cover),Nguyễn Gia Hưng,POP_BALLAD,MISSING,NO_VALID_IMAGE_URL,0,0,NONE,0
RMVM_S_45559d9737,Người Anh Em Giang Hồ,Duy Mạnh,POP_BALLAD,MISSING,NO_VALID_IMAGE_URL,0,0,NONE,0
RMVM_S_56af27ec33,Lỗi Của Anh (Beat),La Thăng New,POP_BALLAD,MISSING,NO_VALID_IMAGE_URL,0,0,NONE,0
RMVM_S_75c871eefd,Hay Là Anh Đã Quên Em,Nguyễn Cao Kỳ Duyên,POP_BALLAD,MISSING,NO_VALID_IMAGE_URL,0,0,NONE,0
RMVM_S_9b6cf156f7,9 Đợi 10 Chờ,Thanh Nhân,POP_BALLAD,MISSING,NO_VALID_IMAGE_URL,0,0,NONE,0
RMVM_S_8da4731f16,Đừng Bao Giờ Hứa,Thanh Hà,INSTRUMENTAL,MISSING,NO_VALID_IMAGE_URL,0,0,NONE,0
RMVM_S_cecc56e352,Lựa Chọn Trong Anh,"Trịnh Thiên Ân, Kevin Trần",POP_BALLAD,MISSING,NO_VALID_IMAGE_URL,0,0,NONE,0
RMVM_S_13aa5d373f,Đêm Xót Xa,Ngô Thanh Vân,POP_BALLAD,MISSING,NO_VALID_IMAGE_URL,0,0,NONE,0
RMVM_S_20094a4884,Khóc Mẹ Đêm Mưa,Lưu Gia Bảo,BOLERO_TRUTINH,MISSING,NO_VALID_IMAGE_URL,0,0,NONE,0
RMVM_S_b908607e5e,Tàn Giấc Mơ Xưa,Quân Bảo,BOLERO_TRUTINH,MISSING,NO_VALID_IMAGE_URL,0,0,NONE,0
RMVM_S_a8cb1f9f06,Hẹn Một Ngày Xuân Mới,"Quang Anh, N.Thảo",POP_BALLAD,MISSING,NO_VALID_IMAGE_URL,0,0,NONE,0
RMVM_S_5139edb846,Liên khúc: Bahama Mama & Sunny,"Bảo Hân, Thủy Tiên",BOLERO_TRUTINH,MISSING,NO_VALID_IMAGE_URL,0,0,NONE,0
RMVM_S_0029ec80dd,Mạnh Mẽ Đến Từ Anh,Bin Trần,POP_BALLAD,MISSING,NO_VALID_IMAGE_URL,0,0,NONE,0
RMVM_S_f3f68ac442,Cô Gái Ngốc,Lilly Nguyen,POP_BALLAD,MISSING,NO_VALID_IMAGE_URL,0,0,NONE,0
RMVM_S_6e2596d4e3,Nhiệm Kỳ Tình Yêu,H2K,POP_BALLAD,MISSING,NO_VALID_IMAGE_URL,0,0,NONE,0
RMVM_S_5ccc2b86a0,Hạnh Phúc Tắc Đường,Đường Hưng,POP_BALLAD,MISSING,NO_VALID_IMAGE_URL,0,0,NONE,0
RMVM_S_de71ceb2b4,Dừng Lại Hay Bước Tiếp (HM Remix),Lâm Chấn Kiệt,DANCE_EDM,MISSING,NO_VALID_IMAGE_URL,0,0,NONE,0
RMVM_S_66134a655c,Em Có Từng Yêu,Tuấn Trần,POP_BALLAD,MISSING,NO_VALID_IMAGE_URL,0,0,NONE,0
RMVM_S_ff785bda0f,Cùng Hành Quân Giữa Mùa Xuân,NSND Thanh Hoa,FOLK_TRADITIONAL,MISSING,NO_VALID_IMAGE_URL,0,0,NONE,0
RMVM_S_c5ad942410,Tự Nhiên Bị Thôi Miên,"Thảo Phạm, DT",POP_BALLAD,MISSING,NO_VALID_IMAGE_URL,0,0,NONE,0
RMVM_S_48e9e94311,Anh Chấp Nhận Là Người Đến Sau,Thái Triệu Luân,POP_BALLAD,MISSING,NO_VALID_IMAGE_URL,0,0,NONE,0
RMVM_S_4871ba4384,Chất Ngất Tình Cha,Việt Hưng,POP_BALLAD,MISSING,NO_VALID_IMAGE_URL,0,0,NONE,0
RMVM_S_7cab5992b0,Dâu Thiên Hạ,Suboi,POP_BALLAD,MISSING,NO_VALID_IMAGE_URL,0,0,NONE,0
RMVM_S_ff1d0f419a,Người Ta Nói Tôi Dối Gian,"Phạm Trưởng, Vboys",POP_BALLAD,MISSING,NO_VALID_IMAGE_URL,0,0,NONE,0
RMVM_S_ec6f5f31b5,Đời Vẫn Thế,Hoàng Châu,POP_BALLAD,MISSING,NO_VALID_IMAGE_URL,0,0,NONE,0
RMVM_S_fead16e890,Cho Hai Người Đau,Dee Trần,POP_BALLAD,MISSING,NO_VALID_IMAGE_URL,0,0,NONE,0
RMVM_S_e10d57177b,Em Quá Khờ Dại (Teejay Remix),Nguyễn Thạc Bảo Ngọc,POP_BALLAD,MISSING,NO_VALID_IMAGE_URL,0,0,NONE,0
RMVM_S_7f0ee4b8df,Cho Em Một Lần Yêu (Chips Lofi),BEAN,POP_BALLAD,MISSING,NO_VALID_IMAGE_URL,0,0,NONE,0
RMVM_S_2e0426910b,Tâm Sự Nàng Xuân (2024 Version),Lưu Ánh Loan,BOLERO_TRUTINH,MISSING,NO_VALID_IMAGE_URL,0,0,NONE,0
RMVM_S_23da94f84c,Anh Chỉ Giỏi Giả Vờ,Huỳnh Ái Vy,POP_BALLAD,MISSING,NO_VALID_IMAGE_URL,0,0,NONE,0
RMVM_S_d9563eef71,Gửi Về Nơi Cuối Đất,Họa Mi,BOLERO_TRUTINH,MISSING,NO_VALID_IMAGE_URL,0,0,NONE,0
RMVM_S_c042d93acb,LK Còn Mãi Yêu Thương & Tình Đẹp Như Mơ,"Loan Châu, Hồ Lệ Thu",INSTRUMENTAL,MISSING,NO_VALID_IMAGE_URL,0,0,NONE,0
RMVM_S_73d78e191e,Em Là Thiên Thần Trong Anh,Trần,POP_BALLAD,MISSING,NO_VALID_IMAGE_URL,0,0,NONE,0
RMVM_S_202bb46721,Anh Chưa Có Gì Đến Nay (Prod. Vic),Kidz,POP_BALLAD,MISSING,NO_VALID_IMAGE_URL,0,0,NONE,0
RMVM_S_5b864bf0d0,Tình Yêu Không Thể Nắm Giữ,Anh Duy,POP_BALLAD,MISSING,NO_VALID_IMAGE_URL,0,0,NONE,0
RMVM_S_f605ce3b26,iu là đây (speed up),"Sean, Muộii, Anfang",POP_BALLAD,MISSING,NO_VALID_IMAGE_URL,0,0,NONE,0
RMVM_S_faa702fad2,Ngang Qua Đời Nhau,Vũ Phương,POP_BALLAD,MISSING,NO_VALID_IMAGE_URL,0,0,NONE,0
RMVM_S_4ccb274ae3,Anh Là Gã Ngốc,JUUN D,POP_BALLAD,MISSING,NO_VALID_IMAGE_URL,0,0,NONE,0
RMVM_S_590e144ad6,Liên Khúc Con Đường Xưa Em Đi,"Khánh Bình, Lý Thu Thảo",BOLERO_TRUTINH,MISSING,NO_VALID_IMAGE_URL,0,0,NONE,0
RMVM_S_d29125213a,Em Nhớ Anh Nhiều,Cẩm Ly,POP_BALLAD,MISSING,NO_VALID_IMAGE_URL,0,0,NONE,0
RMVM_S_4f5f163f97,Bông Hoa Ven Đường,"Thiên Ân, LQ MEDIA",POP_BALLAD,MISSING,NO_VALID_IMAGE_URL,0,0,NONE,0
RMVM_S_85f7ce1e95,Nhiều Tiền Để Làm Chi,Kiun Gia Tuấn,POP_BALLAD,MISSING,NO_VALID_IMAGE_URL,0,0,NONE,0
RMVM_S_9d82b10919,Khúc Hương Tình Bolero,"Lâm Hoài Phong, Hoàng Tuấn Khang",BOLERO_TRUTINH,MISSING,NO_VALID_IMAGE_URL,0,0,NONE,0
RMVM_S_624074d1d1,Vì Có Khi Đôi Tay,"MANBO, Laye",POP_BALLAD,MISSING,NO_VALID_IMAGE_URL,0,0,NONE,0
RMVM_S_3103fe7c02,Quảng Nam Đất Mẹ Nghĩa Tình,Tây Giang,POP_BALLAD,MISSING,NO_VALID_IMAGE_URL,0,0,NONE,0
RMVM_S_ad79055653,Anh Ta Là Sao,"ERIK, OSAD",POP_BALLAD,MISSING,NO_VALID_IMAGE_URL,0,0,NONE,0
RMVM_S_1bf5c72348,8 Dòng Yêu,"Nguyễn Văn Trung, Trọng Phước",POP_BALLAD,MISSING,NO_VALID_IMAGE_URL,0,0,NONE,0
RMVM_S_4e11c154ed,Ăn Cơm Anh Nấu,"Otis, Ricky Star",POP_BALLAD,MISSING,NO_VALID_IMAGE_URL,0,0,NONE,0
RMVM_S_b2830f8be0,"Anh Vẫn Cứ Thế, Em À!",Trương Việt Thái,POP_BALLAD,MISSING,NO_VALID_IMAGE_URL,0,0,NONE,0
RMVM_S_483df6bdc0,Bậu Ơi Đừng Khóc,Thiêng Ngân,BOLERO_TRUTINH,MISSING,NO_VALID_IMAGE_URL,0,0,NONE,0
RMVM_S_ab9eb7cc8b,Nếu Em Không Gặp May,Cao Tùng Huy,POP_BALLAD,MISSING,NO_VALID_IMAGE_URL,0,0,NONE,0
RMVM_S_573e65cc86,Gọi Tên Em Trong Đêm,The Men,POP_BALLAD,MISSING,NO_VALID_IMAGE_URL,0,0,NONE,0
RMVM_S_b82e46e3ac,Sau Một Nụ Cười,Ngô Kiến Huy,RB_SOUL,MISSING,NO_VALID_IMAGE_URL,0,0,NONE,0
RMVM_S_93261daa96,Tất Cả Là Dối Lòng,Lý Tuấn Kiệt,POP_BALLAD,MISSING,NO_VALID_IMAGE_URL,0,0,NONE,0
RMVM_S_dcc5f86620,Còn Mãi Yêu Thương,Lưu Bích,INSTRUMENTAL,MISSING,NO_VALID_IMAGE_URL,0,0,NONE,0
RMVM_S_2f2e11f630,Chẳng Thể Né Tránh,Mỹ Anh,POP_BALLAD,MISSING,NO_VALID_IMAGE_URL,0,0,NONE,0
RMVM_S_dcda873ecb,Nếu Anh Hiểu Được Là,Shine Thành Anh,POP_BALLAD,MISSING,NO_VALID_IMAGE_URL,0,0,NONE,0
RMVM_S_8710ada008,Thần Tượng Của Tôi (Remix),Ngọc Sơn,DANCE_EDM,MISSING,NO_VALID_IMAGE_URL,0,0,NONE,0
RMVM_S_ab2dad81f2,Lý Ta Nói,Nhiều nghệ sĩ,RAP_HIPHOP,MISSING,NO_VALID_IMAGE_URL,0,0,NONE,0
RMVM_S_9877bab48d,Họa Khúc Tương Tư (Vinahouse),"Minh Vương M4U, Hương Ly",DANCE_EDM,MISSING,NO_VALID_IMAGE_URL,0,0,NONE,0
RMVM_S_53c8f1e607,Qua Cơn Mê,Diễm Thùy,BOLERO_TRUTINH,MISSING,NO_VALID_IMAGE_URL,0,0,NONE,0
RMVM_S_4d4f5f59da,Đừng Đi Đâu Đấy Nhé,"Hưng Vũ, Tinoy, MEZZO",POP_BALLAD,MISSING,NO_VALID_IMAGE_URL,0,0,NONE,0
RMVM_S_9f15c89045,Sau Tất Cả Trở Thành Người Dưng,Bin Trần,POP_BALLAD,MISSING,NO_VALID_IMAGE_URL,0,0,NONE,0
RMVM_S_533c805c7d,Tránh Ra Cho Bố Đi,Mew Amazing,POP_BALLAD,MISSING,NO_VALID_IMAGE_URL,0,0,NONE,0
RMVM_S_25e92f1ad9,Chiếc Lá Tình Yêu (Remix),Hồ Phong An,DANCE_EDM,MISSING,NO_VALID_IMAGE_URL,0,0,NONE,0
RMVM_S_a0bd8fd861,Hoa Nở Không Màu (Remix),Ngân Ngân,POP_BALLAD,MISSING,NO_VALID_IMAGE_URL,0,0,NONE,0
RMVM_S_ae352fcd26,Người Không Đáng (Remix),"Khắc Việt, DJ Hoàng Anh",DANCE_EDM,MISSING,NO_VALID_IMAGE_URL,0,0,NONE,0
RMVM_S_a6004e0cc3,Gửi Trường Sa,Huỳnh Lợi,REVOLUTIONARY,MISSING,NO_VALID_IMAGE_URL,0,0,NONE,0
RMVM_S_6ace39a4ae,Người Thương Ngược Hướng,"Minh Tường, HOA HỒNG DẠI MUSIC",POP_BALLAD,MISSING,NO_VALID_IMAGE_URL,0,0,NONE,0
RMVM_S_f9247e7114,Bạn Của Tôi Ơi,Phạm Đình Thái Ngân,POP_BALLAD,MISSING,NO_VALID_IMAGE_URL,0,0,NONE,0
RMVM_S_16bc53f874,Ai Gieo Hy Vọng,Lâm Thái Bảo,POP_BALLAD,MISSING,NO_VALID_IMAGE_URL,0,0,NONE,0
RMVM_S_ea250978de,Bài Ca Tết Cho Em (2024 Version),Dương Hồng Loan,BOLERO_TRUTINH,MISSING,NO_VALID_IMAGE_URL,0,0,NONE,0
RMVM_S_fd9880fd2c,Mơ Quê,Huyền Trang Sao Mai 2013,FOLK_TRADITIONAL,MISSING,NO_VALID_IMAGE_URL,0,0,NONE,0
RMVM_S_4f7d72befe,Anh Cũng Đã Quá Sai Lầm,"Limitlxss, Wxrdie",RAP_HIPHOP,MISSING,NO_VALID_IMAGE_URL,0,0,NONE,0
RMVM_S_c60da88426,Còn Lại Những Yêu Thương,Hiền Thục,POP_BALLAD,MISSING,NO_VALID_IMAGE_URL,0,0,NONE,0
RMVM_S_4a11a14121,Hoa Hữu Ý Nước Vô Tình (Lofi MK),Hùng Quân,POP_BALLAD,MISSING,NO_VALID_IMAGE_URL,0,0,NONE,0
RMVM_S_d4143c0092,Tốt Cho Cả Hai,"Quang Chợ Lầm, HHD",DANCE_EDM,MISSING,NO_VALID_IMAGE_URL,0,0,NONE,0
RMVM_S_b016f4afb3,Cún Ơi 3 (Người Lạ Từng Quen 6),Dukytnt Lee,POP_BALLAD,MISSING,NO_VALID_IMAGE_URL,0,0,NONE,0
RMVM_S_a27edd1615,5 tháng bên em,Kuun Đức Nam,POP_BALLAD,MISSING,NO_VALID_IMAGE_URL,0,0,NONE,0
RMVM_S_df69d40124,Dìu Em Lên Mây,"Only C, Nguyễn Phúc Thiện",POP_BALLAD,MISSING,NO_VALID_IMAGE_URL,0,0,NONE,0
RMVM_S_4121d80031,Khâu Lại Trái Tim Em,Hà Anh,POP_BALLAD,MISSING,NO_VALID_IMAGE_URL,0,0,NONE,0
RMVM_S_cfae3b66cc,Giá Như Anh Lặng Im,Chubby,POP_BALLAD,MISSING,NO_VALID_IMAGE_URL,0,0,NONE,0
RMVM_S_6f8b68b831,Bến Đợi Bơ Vơ,"Tuấn Sông Thu, To My",POP_BALLAD,MISSING,NO_VALID_IMAGE_URL,0,0,NONE,0
RMVM_S_b4f5d77136,Cho Anh Ôm Em Thêm Một Cái Được Không,Clow,POP_BALLAD,MISSING,NO_VALID_IMAGE_URL,0,0,NONE,0
RMVM_S_fa3f75ab16,Chuyện Ngày Xưa,Thúy Huyền,POP_BALLAD,MISSING,NO_VALID_IMAGE_URL,0,0,NONE,0
RMVM_S_c13cde9d0b,DUYÊN MỘNG VỠ TAN,Qiti,POP_BALLAD,MISSING,NO_VALID_IMAGE_URL,0,0,NONE,0
RMVM_S_b7a560aebb,Nếu Như Ngày Xưa,"TiTi, Jombie",POP_BALLAD,MISSING,NO_VALID_IMAGE_URL,0,0,NONE,0
RMVM_S_c3a8400546,Không Thể Cùng Nhau Suốt Kiếp,"Hòa Minzy, XHTĐRLX, Forest Studio",POP_BALLAD,MISSING,NO_VALID_IMAGE_URL,0,0,NONE,0
RMVM_S_829bd347e8,Về Giữa Mùa Sen,Thanh Tài,BOLERO_TRUTINH,MISSING,NO_VALID_IMAGE_URL,0,0,NONE,0
RMVM_S_ae9fec1c7b,Baby Có Thấy Em Không,"Mai Âm Nhạc, Freaky",POP_BALLAD,MISSING,NO_VALID_IMAGE_URL,0,0,NONE,0
RMVM_S_7564432eab,Nhận Ra Mình Đã Sai,"Hoàng Mạnh Sơn, LQ MEDIA",POP_BALLAD,MISSING,NO_VALID_IMAGE_URL,0,0,NONE,0
RMVM_S_ab3bc716c3,Du Ngoạn Miền Tây,"N2H, KaWaiiBi",RAP_HIPHOP,MISSING,NO_VALID_IMAGE_URL,0,0,NONE,0
RMVM_S_c011e6af61,Nếu Không Có Phật,Hoàng Ái My,BOLERO_TRUTINH,MISSING,NO_VALID_IMAGE_URL,0,0,NONE,0
RMVM_S_a601e0368b,Người Tình Mới,Yến Genie,POP_BALLAD,MISSING,NO_VALID_IMAGE_URL,0,0,NONE,0
RMVM_S_92a7766f31,Anh Đang Nơi Đâu,Hoàng Duyên,POP_BALLAD,MISSING,NO_VALID_IMAGE_URL,0,0,NONE,0
RMVM_S_f2dada3973,Không Được Khóc (Remix),Phạm Trưởng,POP_BALLAD,MISSING,NO_VALID_IMAGE_URL,0,0,NONE,0
RMVM_S_cc66b1562d,Bỏ Lại Nơi Thương Nhớ (Bắc Kim Thang OST),Ngọc Linh,POP_BALLAD,MISSING,NO_VALID_IMAGE_URL,0,0,NONE,0
RMVM_S_55796e184e,Chốt Em Được Không,"Đỗ Thành Duy, NH4T",POP_BALLAD,MISSING,NO_VALID_IMAGE_URL,0,0,NONE,0
RMVM_S_83cf97287f,Ngày Xuân Bên Mẹ,Lê Vỹ,BOLERO_TRUTINH,MISSING,NO_VALID_IMAGE_URL,0,0,NONE,0
RMVM_S_729dcc06e0,Đừng Phụ Lòng Nhau,"Huỳnh Thanh Thảo, Lý Công",BOLERO_TRUTINH,MISSING,NO_VALID_IMAGE_URL,0,0,NONE,0
RMVM_S_7d609e2dad,Ai Chung Tình Được Mãi (Remix),Hoàng Yến,POP_BALLAD,MISSING,NO_VALID_IMAGE_URL,0,0,NONE,0
RMVM_S_08722b7939,Cơn Mưa Ký Ức,Dee Trần,POP_BALLAD,MISSING,NO_VALID_IMAGE_URL,0,0,NONE,0
RMVM_S_09a34d9c18,Gặp Lại,"CB Khánh Nguyễn, Yi Lư",POP_BALLAD,MISSING,NO_VALID_IMAGE_URL,0,0,NONE,0
RMVM_S_d14633e360,Kẻ Mộng Mơ (Lofi Version),"Reddy, Freak D",POP_BALLAD,MISSING,NO_VALID_IMAGE_URL,0,0,NONE,0
RMVM_S_beb25afab7,Chưa Quên Người Yêu Cũ (Live Version),"Hà Nhi, Trung Quân Idol",POP_BALLAD,MISSING,NO_VALID_IMAGE_URL,0,0,NONE,0
RMVM_S_aca58275ec,Em Hứa Thế Nào (EDM),VIET,DANCE_EDM,MISSING,NO_VALID_IMAGE_URL,0,0,NONE,0
RMVM_S_0cc54a5c79,Đón Anh Về Với Mùa Xuân,Thanh Thảo,POP_BALLAD,MISSING,NO_VALID_IMAGE_URL,0,0,NONE,0
RMVM_S_9f3e51da9e,Chiến Sĩ Việt Nam,Tốp Ca,REVOLUTIONARY,MISSING,NO_VALID_IMAGE_URL,0,0,NONE,0
RMVM_S_b3737eb53f,Khúc Ca Ngày Hè,Trần Thu Hà,POP_BALLAD,MISSING,NO_VALID_IMAGE_URL,0,0,NONE,0
RMVM_S_7a4155b517,Chỉ Là Lời Nói,Chung Thanh Duy,POP_BALLAD,MISSING,NO_VALID_IMAGE_URL,0,0,NONE,0
RMVM_S_9421266a4b,Cho Con Xin,"Quỳnh Gai, Đinh Trang, CM1X",POP_BALLAD,MISSING,NO_VALID_IMAGE_URL,0,0,NONE,0
RMVM_S_f9b7c7e370,Tôi Vẫn Cô Đơn,Đạt Long Vinh,BOLERO_TRUTINH,MISSING,NO_VALID_IMAGE_URL,0,0,NONE,0
RMVM_S_06d98f1c69,Chuyến Xe Chiều,Chí Thiện,POP_BALLAD,MISSING,NO_VALID_IMAGE_URL,0,0,NONE,0
RMVM_S_a5dc9b66b7,Mỉm Cười Mẹ Đơn Thân (Rumba),"Mai Tiến Đạt, CT",POP_BALLAD,MISSING,NO_VALID_IMAGE_URL,0,0,NONE,0
RMVM_S_2cb2598e01,Cánh Hoa Bên Đường,Phạm Trưởng,POP_BALLAD,MISSING,NO_VALID_IMAGE_URL,0,0,NONE,0
RMVM_S_3153c24033,Lời Mẹ Mãi Trong Tim 2,"Vũ Hoàng, Hương Lan",BOLERO_TRUTINH,MISSING,NO_VALID_IMAGE_URL,0,0,NONE,0
RMVM_S_136dfdcfcb,Những Năm Tháng Ấy,A.C Xuân Tài,POP_BALLAD,MISSING,NO_VALID_IMAGE_URL,0,0,NONE,0
RMVM_S_bc636cffa9,Đứt Đoạn Duyên Tình (VisconC Remix),"Duy Minh, KxK, HOA HỒNG DẠI MUSIC",DANCE_EDM,MISSING,NO_VALID_IMAGE_URL,0,0,NONE,0
RMVM_S_fe0905b7ad,Liên Khúc Nếu Ai Có Hỏi - Nhớ Người Yêu,Thúy Hằng Hana,BOLERO_TRUTINH,MISSING,NO_VALID_IMAGE_URL,0,0,NONE,0
RMVM_S_e9ecc91ccc,Dừng Trách Người Ơi (Live),Bạch Công Khanh,POP_BALLAD,MISSING,NO_VALID_IMAGE_URL,0,0,NONE,0
RMVM_S_b85ec5b41d,Anh Chỉ Mơ Có Em,"Công Danh, Y Điêu",POP_BALLAD,MISSING,NO_VALID_IMAGE_URL,0,0,NONE,0
RMVM_S_6d42e71575,Cơn Say Tình Ái,Minh Thuận,POP_BALLAD,MISSING,NO_VALID_IMAGE_URL,0,0,NONE,0
RMVM_S_e350e5890a,Duyên Phận Má Hồng,Diễm Trang,POP_BALLAD,MISSING,NO_VALID_IMAGE_URL,0,0,NONE,0
RMVM_S_e6aeca24c8,Sau Một Tình Yêu,Đạt Long Vinh,POP_BALLAD,MISSING,NO_VALID_IMAGE_URL,0,0,NONE,0
RMVM_S_5c28f6a31e,Hãy Thắp Ánh Sáng,Khắc Triệu,POP_BALLAD,MISSING,NO_VALID_IMAGE_URL,0,0,NONE,0
RMVM_S_5b0d58b3b1,Chắc Em Đã Quên Rồi (Thazh x Đông Remix),"HHD, Quang Chợ Lầm",DANCE_EDM,MISSING,NO_VALID_IMAGE_URL,0,0,NONE,0
RMVM_S_8eb88edcb2,Cha Và Con,Bức Tường,ROCK,MISSING,NO_VALID_IMAGE_URL,0,0,NONE,0
RMVM_S_9aa0fe04ca,Bà Còng Đi Chợ,Mầm Chồi Lá,CHILDREN,MISSING,NO_VALID_IMAGE_URL,0,0,NONE,0
RMVM_S_385580d9f6,Có Trở Về Bên Nhau (Tiến Bromance OST),Dược Sĩ Tiến,POP_BALLAD,MISSING,NO_VALID_IMAGE_URL,0,0,NONE,0
RMVM_S_2329ebbae6,Bách Quỷ Dạ Hành,Huỳnh Anh Khang,POP_BALLAD,MISSING,NO_VALID_IMAGE_URL,0,0,NONE,0
RMVM_S_6b355adfb8,Buồn Cho Cái Đời,Phi Bằng,FOLK_TRADITIONAL,MISSING,NO_VALID_IMAGE_URL,0,0,NONE,0
RMVM_S_8a12009361,Khóc Vì Một Người,Cao Nam Thành,POP_BALLAD,MISSING,NO_VALID_IMAGE_URL,0,0,NONE,0
RMVM_S_7665d9ca87,Linh Khế,"Lee Phú Quý, Tuấn Nguyễn",POP_BALLAD,MISSING,NO_VALID_IMAGE_URL,0,0,NONE,0
RMVM_S_fb91fa60a9,Mưa Chiều Miền Trung,"NSUT Tân Nhàn, Lương Nguyệt Anh",POP_BALLAD,MISSING,NO_VALID_IMAGE_URL,0,0,NONE,0
RMVM_S_ca65fa5d79,Tron Kiep La Anh Em,Đào Nguyễn Ánh,ROCK,MISSING,NO_VALID_IMAGE_URL,0,0,NONE,0
RMVM_S_15e4883a68,Đâu Còn Đây (Lofi),"Nal, Lee Ken",POP_BALLAD,MISSING,NO_VALID_IMAGE_URL,0,0,NONE,0
RMVM_S_d610858483,Mưa Đêm Một Mình,Tim,POP_BALLAD,MISSING,NO_VALID_IMAGE_URL,0,0,NONE,0
RMVM_S_7d3da5249d,Đi Tìm Chúa Tôi,"Don Hồ, Phùng Ý Nhi, Kenny Thái",POP_BALLAD,MISSING,NO_VALID_IMAGE_URL,0,0,NONE,0
RMVM_S_e9d5331d8c,Đánh Rơi Tình Yêu,Lưu Bích,INSTRUMENTAL,MISSING,NO_VALID_IMAGE_URL,0,0,NONE,0
RMVM_S_871be5cc71,Bước Thời Gian,Lê Vy,POP_BALLAD,MISSING,NO_VALID_IMAGE_URL,0,0,NONE,0
RMVM_S_3825ace4a7,Chỉ Còn Lại Tình Yêu,Bằng Kiều,INSTRUMENTAL,MISSING,NO_VALID_IMAGE_URL,0,0,NONE,0
RMVM_S_4a9cea96ab,Em Ngày Gặp Lại (DJ Trang Moon Remix),"TLong, ACV",POP_BALLAD,MISSING,NO_VALID_IMAGE_URL,0,0,NONE,0
RMVM_S_7665b38b17,Rời Xa Anh Chậm Thôi (WRC Remix),Đình Bình,DANCE_EDM,MISSING,NO_VALID_IMAGE_URL,0,0,NONE,0
RMVM_S_ea7b490ba1,Giọt Ký Ức,Lâm Nguyên,POP_BALLAD,MISSING,NO_VALID_IMAGE_URL,0,0,NONE,0
RMVM_S_59b3e9b2ab,Người Cô Đơn Lại Càng Cô Đơn,Bằng Cường,POP_BALLAD,MISSING,NO_VALID_IMAGE_URL,0,0,NONE,0
RMVM_S_d04efb7846,Một Buổi Chiều Mơ,Lan Ngọc,BOLERO_TRUTINH,MISSING,NO_VALID_IMAGE_URL,0,0,NONE,0
RMVM_S_4b0fdb1d5a,Còn Thương Người Cũ,Viet Lee,POP_BALLAD,MISSING,NO_VALID_IMAGE_URL,0,0,NONE,0
RMVM_S_c40ea077d0,Em Ngày Gặp Lại (Ciray Remix),"TLong, ACV",POP_BALLAD,MISSING,NO_VALID_IMAGE_URL,0,0,NONE,0
RMVM_S_40000935a8,Đời Thế Mà,Khánh Đơn,POP_BALLAD,MISSING,NO_VALID_IMAGE_URL,0,0,NONE,0
RMVM_S_ac0a97bf7b,Anh Ghét Mình Vì Còn Nhớ Em,Phạm Đình Thái Ngân,POP_BALLAD,MISSING,NO_VALID_IMAGE_URL,0,0,NONE,0
RMVM_S_b5b613087b,Bi Hài (Giao Lộ Thời Gian),Hòa Minzy,POP_BALLAD,MISSING,NO_VALID_IMAGE_URL,0,0,NONE,0
RMVM_S_c837642d24,Bỗng Dưng Muốn Khóc,Minh Thư,POP_BALLAD,MISSING,NO_VALID_IMAGE_URL,0,0,NONE,0
RMVM_S_65c31b6c92,Bởi Tin Lời Thề,"BeeBoss, Tuấn Chung",POP_BALLAD,MISSING,NO_VALID_IMAGE_URL,0,0,NONE,0
RMVM_S_86905f9456,Chim Sáo Ngày Xưa,Trung Quang,BOLERO_TRUTINH,MISSING,NO_VALID_IMAGE_URL,0,0,NONE,0
RMVM_S_100752a059,Cuộc Tình Vạn Dặm,Hạ Vy,POP_BALLAD,MISSING,NO_VALID_IMAGE_URL,0,0,NONE,0
RMVM_S_bb655b0d09,Cám Ơn Em Đã Yêu Anh,The Men,POP_BALLAD,MISSING,NO_VALID_IMAGE_URL,0,0,NONE,0
RMVM_S_2a3b530508,Có Phải Em Đã Yêu Anh,Minh Tuyết,POP_BALLAD,MISSING,NO_VALID_IMAGE_URL,0,0,NONE,0
RMVM_S_9fb10dfe0e,Em Đi Lấy Chồng,Phi Bằng,POP_BALLAD,MISSING,NO_VALID_IMAGE_URL,0,0,NONE,0
RMVM_S_9b5ec2e3d6,Giác Quan Thứ 6 (Giao Lộ Thời Gian),Thu Minh,POP_BALLAD,MISSING,NO_VALID_IMAGE_URL,0,0,NONE,0
RMVM_S_1c958c6d42,Hai Mươi Năm Gặp Lại,Thanh Tuyền,BOLERO_TRUTINH,MISSING,NO_VALID_IMAGE_URL,0,0,NONE,0
RMVM_S_a244ffbe11,Hôm nay anh say quá,"Melomix, Dakota, Black P",RAP_HIPHOP,MISSING,NO_VALID_IMAGE_URL,0,0,NONE,0
RMVM_S_4038bf84ff,Khúc Tình Dối Gian - Bài Ca Tình Nhớ,Elvis Phương,BOLERO_TRUTINH,MISSING,NO_VALID_IMAGE_URL,0,0,NONE,0
RMVM_S_bd3f20c3dd,Kí Ức Chợt Về,Ưng Hoàng Phúc,POP_BALLAD,MISSING,NO_VALID_IMAGE_URL,0,0,NONE,0
RMVM_S_869ebec687,Kết Thúc,"BeaZ, Kendy T, 93NEW-G",POP_BALLAD,MISSING,NO_VALID_IMAGE_URL,0,0,NONE,0
RMVM_S_b705428d7f,Lời Em Hứa,"Gia Lạc, Nguyễn Minh",BOLERO_TRUTINH,MISSING,NO_VALID_IMAGE_URL,0,0,NONE,0
RMVM_S_9f408f3912,Lời Tình Buồn,Họa Mi,INSTRUMENTAL,MISSING,NO_VALID_IMAGE_URL,0,0,NONE,0
RMVM_S_d515997952,"Như Đã Dấu Yêu (Xuân Phát Tài 13, Live)","Lệ Quyên, Bằng Kiều",POP_BALLAD,MISSING,NO_VALID_IMAGE_URL,0,0,NONE,0
RMVM_S_24cb9a61a4,Thế Giới Sẽ Mất Đi 2 Người Cô Đơn,"Peach, DUTZUX, D Love",POP_BALLAD,MISSING,NO_VALID_IMAGE_URL,0,0,NONE,0
RMVM_S_8f35c88f7e,Đoản khúc thu Hà Nội,Hồng Nhung,POP_BALLAD,MISSING,NO_VALID_IMAGE_URL,0,0,NONE,0
RMVM_S_65751f700a,Đêm Giao Thừa,Ánh Tuyết,POP_BALLAD,MISSING,NO_VALID_IMAGE_URL,0,0,NONE,0
RMVM_S_94ff1d5848,Đêm Tiễn Biệt,"Lưu Ánh Loan, Huỳnh Thật",BOLERO_TRUTINH,MISSING,NO_VALID_IMAGE_URL,0,0,NONE,0
RMVM_S_3f44196400,2 Ngày 1 Đêm,Da LAB,POP_BALLAD,MISSING,NO_VALID_IMAGE_URL,0,0,NONE,0
RMVM_S_643e27b5d6,Ai Nhớ Chăng Ai,Bảo Hân Bolero,BOLERO_TRUTINH,MISSING,NO_VALID_IMAGE_URL,0,0,NONE,0
RMVM_S_44a5243dfc,Anh Biết Anh Quá Đẹp Trai,"SOUND HIT, Minh Béo",POP_BALLAD,MISSING,NO_VALID_IMAGE_URL,0,0,NONE,0
RMVM_S_a462728b22,Anh Chàng Si Tình,"Nhật Tinh Anh, Khánh Ngọc",POP_BALLAD,MISSING,NO_VALID_IMAGE_URL,0,0,NONE,0
RMVM_S_6751911b7d,Anh Chàng Đẹp Trai,"BeeBoss, Tuấn Chung",POP_BALLAD,MISSING,NO_VALID_IMAGE_URL,0,0,NONE,0
RMVM_S_aa60f53114,Anh Chỉ Cần Một Tình Yêu,Lâm Chấn Thiên,POP_BALLAD,MISSING,NO_VALID_IMAGE_URL,0,0,NONE,0
RMVM_S_caef957143,Anh Chỉ Là Người Đến Sau Mà,"Tiến Thanh, Huỳnh Toàn",POP_BALLAD,MISSING,NO_VALID_IMAGE_URL,0,0,NONE,0
RMVM_S_57f7dd440c,Anh Mong Mình Về Với Nhau,"Melomix, Phạm Lê Yến Nhi",POP_BALLAD,MISSING,NO_VALID_IMAGE_URL,0,0,NONE,0
RMVM_S_48147fde82,Anh Muốn,Hoàng Ngọc Sơn,POP_BALLAD,MISSING,NO_VALID_IMAGE_URL,0,0,NONE,0
RMVM_S_aba9a61aa4,Anh Nhớ Em (Beat),Tuấn Hưng,POP_BALLAD,MISSING,NO_VALID_IMAGE_URL,0,0,NONE,0
RMVM_S_a9eadc5046,Anh Nói Yêu Em Được Không (Awriix Remix),MinZ Mặt Đất,POP_BALLAD,MISSING,NO_VALID_IMAGE_URL,0,0,NONE,0
RMVM_S_733299c46b,Anh Nói Yêu Em Được Không (Short Version 2),MinZ Mặt Đất,POP_BALLAD,MISSING,NO_VALID_IMAGE_URL,0,0,NONE,0
RMVM_S_7a5d221954,Anh Vẫn Mơ Về Em,Johnny Dũng,BOLERO_TRUTINH,MISSING,NO_VALID_IMAGE_URL,0,0,NONE,0
RMVM_S_a3b09d1dc9,Anh Đã Hiểu Tình Em,Puol Lê,BOLERO_TRUTINH,MISSING,NO_VALID_IMAGE_URL,0,0,NONE,0
RMVM_S_f5f4694007,Anh Đã Quên,"Đông Hùng, Kimmese",POP_BALLAD,MISSING,NO_VALID_IMAGE_URL,0,0,NONE,0
RMVM_S_cf59546007,Bên Anh Còn Nỗi Nhớ,Ưng Hoàng Phúc,POP_BALLAD,MISSING,NO_VALID_IMAGE_URL,0,0,NONE,0
RMVM_S_c395eeaa14,Bông Cỏ May,"Thanh Ngân, Gia Tiến",POP_BALLAD,MISSING,NO_VALID_IMAGE_URL,0,0,NONE,0
RMVM_S_03224c7059,Bước Chân Em Về,Đức Thịnh,POP_BALLAD,MISSING,NO_VALID_IMAGE_URL,0,0,NONE,0
RMVM_S_c84d778ed7,Bạc Trắng Lửa Hồng,Mạnh Quỳnh,BOLERO_TRUTINH,MISSING,NO_VALID_IMAGE_URL,0,0,NONE,0
RMVM_S_4d978163e0,Bởi Vì Sao,Tuấn Hưng,POP_BALLAD,MISSING,NO_VALID_IMAGE_URL,0,0,NONE,0
RMVM_S_26fc8803f2,Bụi Bay Vào Mắt,"BeeBoss, Châu Ngọc Lan",POP_BALLAD,MISSING,NO_VALID_IMAGE_URL,0,0,NONE,0
RMVM_S_a19675ab30,Cha Mẹ Có Biết Con Đau,Kim Ny Ngọc,POP_BALLAD,MISSING,NO_VALID_IMAGE_URL,0,0,NONE,0
RMVM_S_c79851bb62,Chia Tay Trong Mưa,"BeeBoss, Châu Ngọc Lan",POP_BALLAD,MISSING,NO_VALID_IMAGE_URL,0,0,NONE,0
RMVM_S_b4eef5f5aa,Chiếc Bóng Đơn Côi,Ngọc Hân,BOLERO_TRUTINH,MISSING,NO_VALID_IMAGE_URL,0,0,NONE,0
RMVM_S_51ca2b9874,Chiều Buồn Bạc Liêu,Tuấn Quang,BOLERO_TRUTINH,MISSING,NO_VALID_IMAGE_URL,0,0,NONE,0
RMVM_S_6dc4494e43,Chiều Nhớ,Hồ Hán Dân,BOLERO_TRUTINH,MISSING,NO_VALID_IMAGE_URL,0,0,NONE,0
RMVM_S_4bcf9154b4,Chuyến Xe Miền Tây,Mạnh Quỳnh,BOLERO_TRUTINH,MISSING,NO_VALID_IMAGE_URL,0,0,NONE,0
RMVM_S_544be6a0c9,Chuyện Tình Cô Gái Hái Sầu Riêng (Version 2023),Diễm Trang,BOLERO_TRUTINH,MISSING,NO_VALID_IMAGE_URL,0,0,NONE,0
RMVM_S_223bea98f0,Chuyện Về Bầu Trời Xanh,TaynguyenSound,POP_BALLAD,MISSING,NO_VALID_IMAGE_URL,0,0,NONE,0
RMVM_S_0bae808c58,CHÀNG KHỜ THỦY CHUNG (Vmix),Ưng Hoàng Phúc,POP_BALLAD,MISSING,NO_VALID_IMAGE_URL,0,0,NONE,0
RMVM_S_ebd75e76df,Chúng Ta Không Thuộc Về Nhau,Thái Lan Viên,POP_BALLAD,MISSING,NO_VALID_IMAGE_URL,0,0,NONE,0
RMVM_S_df80c572c1,Chẳng Chịu Nghĩ Đến Em,Kim Ngân,POP_BALLAD,MISSING,NO_VALID_IMAGE_URL,0,0,NONE,0
RMVM_S_65ee756e78,Chẳng Lẽ Chỉ Vậy Thôi,Phương Trang,POP_BALLAD,MISSING,NO_VALID_IMAGE_URL,0,0,NONE,0
RMVM_S_518e930087,Chỉ Còn Lại Nỗi Cô Đơn,"Huỳnh Lê, RyoT",POP_BALLAD,MISSING,NO_VALID_IMAGE_URL,0,0,NONE,0
RMVM_S_e0fb2c5e31,Chỉ Có Thể Là Em (Remix),Lê Trọng Hiếu,POP_BALLAD,MISSING,NO_VALID_IMAGE_URL,0,0,NONE,0
RMVM_S_cddb964bff,Chỉ Muốn Yêu Anh,Lệ Quyên,POP_BALLAD,MISSING,NO_VALID_IMAGE_URL,0,0,NONE,0
RMVM_S_36e063203f,Chỉ Vì Anh Quá Yêu Em (Ballad),The Men,POP_BALLAD,MISSING,NO_VALID_IMAGE_URL,0,0,NONE,0
RMVM_S_011df062f0,Chợt nghe em hát,Hồng Nhung,POP_BALLAD,MISSING,NO_VALID_IMAGE_URL,0,0,NONE,0
RMVM_S_a63549f659,Con Đường Hai Chúng Mình,Tuấn Quang,BOLERO_TRUTINH,MISSING,NO_VALID_IMAGE_URL,0,0,NONE,0
RMVM_S_53094e1f14,Cá Sấu Ghê Na,Ưng Hoàng Phúc,POP_BALLAD,MISSING,NO_VALID_IMAGE_URL,0,0,NONE,0
RMVM_S_146d93a2cc,Cánh Cò Và Dòng Sông,Thanh Tuyền,FOLK_TRADITIONAL,MISSING,NO_VALID_IMAGE_URL,0,0,NONE,0
RMVM_S_7c48fa673e,Cánh Hoa Lẻ Loi,Lưu Mỹ Linh,BOLERO_TRUTINH,MISSING,NO_VALID_IMAGE_URL,0,0,NONE,0
RMVM_S_8c4b61f9a5,Câu Chuyện Hôm Qua,"Phạm Lê Yến Nhi, Melomix",POP_BALLAD,MISSING,NO_VALID_IMAGE_URL,0,0,NONE,0
RMVM_S_3ebaeabc6c,Câu Hát Tình Quê,Hải Triều,FOLK_TRADITIONAL,MISSING,NO_VALID_IMAGE_URL,0,0,NONE,0
RMVM_S_56afc761cf,Còn Nhớ Tên Em,Minh Tuyết,POP_BALLAD,MISSING,NO_VALID_IMAGE_URL,0,0,NONE,0
RMVM_S_c188245748,Có Anh Rồi,"Hạ Vy, Huy Vũ",BOLERO_TRUTINH,MISSING,NO_VALID_IMAGE_URL,0,0,NONE,0
RMVM_S_689910c93d,Có Chó Nó Yêu Mày,Lâm Chấn Khang,POP_BALLAD,MISSING,NO_VALID_IMAGE_URL,0,0,NONE,0
RMVM_S_8842031a6e,Có Lẽ Em Sẽ Quên,Ưng Đại Vệ,POP_BALLAD,MISSING,NO_VALID_IMAGE_URL,0,0,NONE,0
RMVM_S_b9ec140273,Cô Gái Sầm Nưa,"Lê Ngọc Thúy, Đào Mác",BOLERO_TRUTINH,MISSING,NO_VALID_IMAGE_URL,0,0,NONE,0
RMVM_S_6848ba5ff8,Cô Mèo Đen,Linh Miu,POP_BALLAD,MISSING,NO_VALID_IMAGE_URL,0,0,NONE,0
RMVM_S_2dde85b36e,Cậu Đã Có Người Yêu Chưa,Ahn,POP_BALLAD,MISSING,NO_VALID_IMAGE_URL,0,0,NONE,0
RMVM_S_d2ca6e651c,Cố Quên Tình Yêu,Johnny Dũng,POP_BALLAD,MISSING,NO_VALID_IMAGE_URL,0,0,NONE,0
RMVM_S_213f0e9912,Dư Âm,"8 the Theatre, Dattie Do",POP_BALLAD,MISSING,NO_VALID_IMAGE_URL,0,0,NONE,0
RMVM_S_5d0f668908,Em Là Hot Girl？,"Ưng Hoàng Phúc, Chung Thương T-JO",POP_BALLAD,MISSING,NO_VALID_IMAGE_URL,0,0,NONE,0
RMVM_S_aac087fef3,Gió Chuyển Mùa Thương,Phương Dung,BOLERO_TRUTINH,MISSING,NO_VALID_IMAGE_URL,0,0,NONE,0
RMVM_S_85a000102e,GIƠ TAY LÊN,Dế Choắt,POP_BALLAD,MISSING,NO_VALID_IMAGE_URL,0,0,NONE,0
RMVM_S_678631dc6f,Giấc Mơ Của Kẻ Khờ (Beat),Trương Quỳnh Anh,POP_BALLAD,MISSING,NO_VALID_IMAGE_URL,0,0,NONE,0
RMVM_S_f52d836fd9,Giấc Mơ Mùa Đông,Huy Vũ,POP_BALLAD,MISSING,NO_VALID_IMAGE_URL,0,0,NONE,0
RMVM_S_744403a6cc,Giấc Mơ Ấy,Tuấn Hưng,POP_BALLAD,MISSING,NO_VALID_IMAGE_URL,0,0,NONE,0
RMVM_S_34e214323a,Giận Thì Giận Mà Thương Thì Thương,Lệ Quyên,BOLERO_TRUTINH,MISSING,NO_VALID_IMAGE_URL,0,0,NONE,0
RMVM_S_8e2b604eff,Góc Phố Buồn,Minh Tuyết,POP_BALLAD,MISSING,NO_VALID_IMAGE_URL,0,0,NONE,0
RMVM_S_3926d38ff0,Hay Là Mình Quay Về Với Nhau,Khang Dương,POP_BALLAD,MISSING,NO_VALID_IMAGE_URL,0,0,NONE,0
RMVM_S_cfbf39b8c1,Hey Ông Già Noel,Trương Quỳnh Anh,POP_BALLAD,MISSING,NO_VALID_IMAGE_URL,0,0,NONE,0
RMVM_S_8bc65c64ee,Hoa Có Chủ,Trung Quang,POP_BALLAD,MISSING,NO_VALID_IMAGE_URL,0,0,NONE,0
RMVM_S_bee39b20ad,Hoa Cưới,Đạt Long Vinh,POP_BALLAD,MISSING,NO_VALID_IMAGE_URL,0,0,NONE,0
RMVM_S_8a2ebb44c2,Hãy Mang Niềm Vui Tới,Tú Quyên,POP_BALLAD,MISSING,NO_VALID_IMAGE_URL,0,0,NONE,0
RMVM_S_67aaf77622,Hãy Nói Dù Chỉ Một Lời,Thiên Trường,POP_BALLAD,MISSING,NO_VALID_IMAGE_URL,0,0,NONE,0
RMVM_S_9eb82eea7f,Hãy Yêu Thật Lòng,AXN,POP_BALLAD,MISSING,NO_VALID_IMAGE_URL,0,0,NONE,0
RMVM_S_45501138dc,Hôm Ấy Hà Nội Đổ Mưa,Lee Wolves,POP_BALLAD,MISSING,NO_VALID_IMAGE_URL,0,0,NONE,0
RMVM_S_dfb76a5051,Khi Em Lớn (Remix),"Orange, D.A",DANCE_EDM,MISSING,NO_VALID_IMAGE_URL,0,0,NONE,0
RMVM_S_41ff0c227e,Khúc Nhạc Buồn (Live Version),Tô Chấn Phong,POP_BALLAD,MISSING,NO_VALID_IMAGE_URL,0,0,NONE,0
RMVM_S_988459dd3c,Khúc Tâm Tình Người Hà Tĩnh,Hoàng Yến,POP_BALLAD,MISSING,NO_VALID_IMAGE_URL,0,0,NONE,0
RMVM_S_62158ea124,Khúc Xuân Tình,Triệu Minh,POP_BALLAD,MISSING,NO_VALID_IMAGE_URL,0,0,NONE,0
RMVM_S_0333193e3c,Kéo Khỏi Cô Đơn,Lê Vũ Bình,POP_BALLAD,MISSING,NO_VALID_IMAGE_URL,0,0,NONE,0
RMVM_S_18694ed798,Liên Khúc Bay,Vũ Uyên Nhi,POP_BALLAD,MISSING,NO_VALID_IMAGE_URL,0,0,NONE,0
RMVM_S_db0085ad07,Liên Khúc Hào Khí Việt Nam,FM Band,POP_BALLAD,MISSING,NO_VALID_IMAGE_URL,0,0,NONE,0
RMVM_S_24e62b4a61,Lý Bông Mai,Tuấn Quang,POP_BALLAD,MISSING,NO_VALID_IMAGE_URL,0,0,NONE,0
RMVM_S_e720ecd114,Lời Hứa Yêu,Tùy Phong,POP_BALLAD,MISSING,NO_VALID_IMAGE_URL,0,0,NONE,0
RMVM_S_e8d4d0d74d,"Mashup： Chiều Thu Họa Bóng Nàng, Chân Mây","Phương Thanh, DatKaa",POP_BALLAD,MISSING,NO_VALID_IMAGE_URL,0,0,NONE,0
RMVM_S_f30abb260b,"Mashup： Trăng Sơn Cước, Về Với Em","Võ Hạ Trâm, Nhật Thủy, Phạm Đình Thái Ngân, Quỳnh Anh",POP_BALLAD,MISSING,NO_VALID_IMAGE_URL,0,0,NONE,0
RMVM_S_48fa112696,Mùa Thu Cho Em,Giang Hồng Ngọc,BOLERO_TRUTINH,MISSING,NO_VALID_IMAGE_URL,0,0,NONE,0
RMVM_S_bd946aa66f,Mưa Đêm,B.O.M,POP_BALLAD,MISSING,NO_VALID_IMAGE_URL,0,0,NONE,0
RMVM_S_1d1218a00b,Một Bản Tình Ca Nhịp 6⧸8 (Live from Giao Lộ Thời Gian),Khánh Linh,POP_BALLAD,MISSING,NO_VALID_IMAGE_URL,0,0,NONE,0
RMVM_S_ab7f120a4e,Ngày Về,"Ái Vân, Họa Mi",INSTRUMENTAL,MISSING,NO_VALID_IMAGE_URL,0,0,NONE,0
RMVM_S_1388a2a7b6,Ngày Xuân Vui Cưới,Bé Ngọc Ngân,POP_BALLAD,MISSING,NO_VALID_IMAGE_URL,0,0,NONE,0
RMVM_S_4d5d2e1308,Nha Trang Ngày Về,Tuấn Ngọc,BOLERO_TRUTINH,MISSING,NO_VALID_IMAGE_URL,0,0,NONE,0
RMVM_S_43b988965a,Như Mùa Tuyết Đầu Tiên (Goblin OST),"Văn Mai Hương, XHTĐRLX",POP_BALLAD,MISSING,NO_VALID_IMAGE_URL,0,0,NONE,0
RMVM_S_97d695bd69,Nhịp Cầu Tri Âm,"Đoàn Thanh Phương, Cao Bảo Hân",BOLERO_TRUTINH,MISSING,NO_VALID_IMAGE_URL,0,0,NONE,0
RMVM_S_c94df68332,Nhớ Em Thầm Gọi Tên,Ưng Hoàng Phúc,POP_BALLAD,MISSING,NO_VALID_IMAGE_URL,0,0,NONE,0
RMVM_S_5a4426d0c6,Nhớ Đến Mệt Rồi,Lâm Chấn Khang,POP_BALLAD,MISSING,NO_VALID_IMAGE_URL,0,0,NONE,0
RMVM_S_b32bb7a518,Những Lời Hứa Bỏ Quên (Remix),Trương Lý Hoàng,POP_BALLAD,MISSING,NO_VALID_IMAGE_URL,0,0,NONE,0
RMVM_S_d013f925fe,Nơi Tận Cùng Trái Tim,Bảo Nguyên,BOLERO_TRUTINH,MISSING,NO_VALID_IMAGE_URL,0,0,NONE,0
RMVM_S_ec0dc7a1c2,Nỗi Lòng Người Đến Sau,Tuấn Quang,BOLERO_TRUTINH,MISSING,NO_VALID_IMAGE_URL,0,0,NONE,0
RMVM_S_c7c99ff191,Nỗi Đau Ngày Sau Dấu Yêu Ngày Đầu (Piano Version),Gia Bin,POP_BALLAD,MISSING,NO_VALID_IMAGE_URL,0,0,NONE,0
RMVM_S_a0e9941caf,Ru Lại Câu Hò,"CT Media, Mai Tiến Đạt",POP_BALLAD,MISSING,NO_VALID_IMAGE_URL,0,0,NONE,0
RMVM_S_6e307ad698,Sài Gòn Buồn Quá Em Ơi (Jazzhop),"Dế Choắt, Jason",POP_BALLAD,MISSING,NO_VALID_IMAGE_URL,0,0,NONE,0
RMVM_S_eaead2d7cd,Ta Vẫn Còn Yêu,Ưng Hoàng Phúc,POP_BALLAD,MISSING,NO_VALID_IMAGE_URL,0,0,NONE,0
RMVM_S_966a110699,Tan Bao Giấc Mơ,The Men,POP_BALLAD,MISSING,NO_VALID_IMAGE_URL,0,0,NONE,0
RMVM_S_faf77aa2db,Thà Không Đến Với Nhau,Huy Vũ,BOLERO_TRUTINH,MISSING,NO_VALID_IMAGE_URL,0,0,NONE,0
RMVM_S_3503bba17f,Tiếng Đàn Guitar (Giao Lộ Thời Gian),Đức Huy,POP_BALLAD,MISSING,NO_VALID_IMAGE_URL,0,0,NONE,0
RMVM_S_7448b1bd89,Trái Tim Bụi Đường,Bằng Kiều,POP_BALLAD,MISSING,NO_VALID_IMAGE_URL,0,0,NONE,0
RMVM_S_bf9e079f71,Trưng Vương khung cửa mùa thu,Thanh Tuyền,BOLERO_TRUTINH,MISSING,NO_VALID_IMAGE_URL,0,0,NONE,0
RMVM_S_e1d237aedb,Trầu Ơi,Ái Vân,FOLK_TRADITIONAL,MISSING,NO_VALID_IMAGE_URL,0,0,NONE,0
RMVM_S_5ba67c68f2,Trời Sinh Voi Sinh Cỏ,Phi Nhung,BOLERO_TRUTINH,MISSING,NO_VALID_IMAGE_URL,0,0,NONE,0
RMVM_S_6e23dcb210,Tuổi Mộng Mơ,Hạ Vy,POP_BALLAD,MISSING,NO_VALID_IMAGE_URL,0,0,NONE,0
RMVM_S_0d5f6d1563,Tìm Nhau Không (Live Version),Tăng Phúc,POP_BALLAD,MISSING,NO_VALID_IMAGE_URL,0,0,NONE,0
RMVM_S_6cbe07ef6e,Tình Cuối Xót Xa,Huy Tâm,POP_BALLAD,MISSING,NO_VALID_IMAGE_URL,0,0,NONE,0
RMVM_S_bd85e96dea,Tình Quay Gót,Huy Tâm,POP_BALLAD,MISSING,NO_VALID_IMAGE_URL,0,0,NONE,0
RMVM_S_ec69a0b7b1,Tình Đầu Mãi Yêu,Huy Vũ,POP_BALLAD,MISSING,NO_VALID_IMAGE_URL,0,0,NONE,0
RMVM_S_670d2986da,Tạm Biệt Huế,Bích Tuyền,BOLERO_TRUTINH,MISSING,NO_VALID_IMAGE_URL,0,0,NONE,0
RMVM_S_da1ee58c2d,Tự Em Đa Tình,Quinn,POP_BALLAD,MISSING,NO_VALID_IMAGE_URL,0,0,NONE,0
RMVM_S_16508a8a68,Tự Thân Mình Đi,Danh Tuấn Trung,POP_BALLAD,MISSING,NO_VALID_IMAGE_URL,0,0,NONE,0
RMVM_S_9e87857bc5,Vì Sao Thế,"BeeBoss, Tuấn Chung",POP_BALLAD,MISSING,NO_VALID_IMAGE_URL,0,0,NONE,0
RMVM_S_ba48063124,Vậy Là Em Sai,Ca Ca,POP_BALLAD,MISSING,NO_VALID_IMAGE_URL,0,0,NONE,0
RMVM_S_34c3e4610d,Vội Vàng,Đình Bảo,INSTRUMENTAL,MISSING,NO_VALID_IMAGE_URL,0,0,NONE,0
RMVM_S_9ae67419c2,Xin Hãy Quên Tôi,Hoàng Châu,POP_BALLAD,MISSING,NO_VALID_IMAGE_URL,0,0,NONE,0
RMVM_S_1e32c7c3da,Xuân Ơi,Ưng Hoàng Phúc,POP_BALLAD,MISSING,NO_VALID_IMAGE_URL,0,0,NONE,0
RMVM_S_e17c4cafdf,Âm Khúc Biệt Ly,Ưng Hoàng Phúc,POP_BALLAD,MISSING,NO_VALID_IMAGE_URL,0,0,NONE,0
RMVM_S_8e3316048b,Ôm Trọn Cô Đơn,Lê Vũ Bình,POP_BALLAD,MISSING,NO_VALID_IMAGE_URL,0,0,NONE,0
RMVM_S_79ddfb149f,Đam Mê (Beat),Tuấn Hưng,POP_BALLAD,MISSING,NO_VALID_IMAGE_URL,0,0,NONE,0
RMVM_S_817fc65b2a,Đã Đến Lúc Phải Xa Nhau,Ưng Hoàng Phúc,POP_BALLAD,MISSING,NO_VALID_IMAGE_URL,0,0,NONE,0
RMVM_S_6ddc179b6f,Đêm Qua Con Nằm Mơ (Đại Mèo Remix),"DIMZ, NH4T",POP_BALLAD,MISSING,NO_VALID_IMAGE_URL,0,0,NONE,0
RMVM_S_4c4daaf01c,Đò Sang Ngang,"Anh Nguyễn, Mai Tiến Đạt",POP_BALLAD,MISSING,NO_VALID_IMAGE_URL,0,0,NONE,0
RMVM_S_eab72c8ee8,Đường Không Lối,"Melomix, Giang Nâu Nâu",POP_BALLAD,MISSING,NO_VALID_IMAGE_URL,0,0,NONE,0
RMVM_S_c64ad9315b,Đồng Tháp Duyên Gì,Thanh Tuyền,BOLERO_TRUTINH,MISSING,NO_VALID_IMAGE_URL,0,0,NONE,0
RMVM_S_07ce03b9c7,Độc Thân,"Châu Đăng Khoa, Ricky Star",POP_BALLAD,MISSING,NO_VALID_IMAGE_URL,0,0,NONE,0
RMVM_S_3063c1c839,Đừng Bỏ Em Một Mình,Lệ Thu,BOLERO_TRUTINH,MISSING,NO_VALID_IMAGE_URL,0,0,NONE,0
RMVM_S_1ea71ee72c,Đừng Trách Câu Ví Dặm,Cáp Anh Tài,POP_BALLAD,MISSING,NO_VALID_IMAGE_URL,0,0,NONE,0
RMVM_MB_6db3eb9f8d,Hoa Ban trắng,Bức Tường,ROCK,MISSING,NO_VALID_IMAGE_URL,0,0,NONE,0
RMVM_MB_384ab4ab25,Ngày khác,Bức Tường,ROCK,MISSING,NO_VALID_IMAGE_URL,0,0,NONE,0
RMVM_MB_e7b6832b18,Cô gái quàng khăn đỏ,Bức Tường,ROCK,MISSING,NO_VALID_IMAGE_URL,0,0,NONE,0
RMVM_MB_3425fd35a2,Cho bước chân em đi,Bức Tường,ROCK,MISSING,NO_VALID_IMAGE_URL,0,0,NONE,0
RMVM_MB_1e5eec8ae1,Cơn mưa hoang dã (reload),Bức Tường,ROCK,MISSING,NO_VALID_IMAGE_URL,0,0,NONE,0
RMVM_MB_ccbaa35021,Người mộng du,Bức Tường,ROCK,MISSING,NO_VALID_IMAGE_URL,0,0,NONE,0
RMVM_MB_fb505159f5,Giọt đắng,Bức Tường,ROCK,MISSING,NO_VALID_IMAGE_URL,0,0,NONE,0
RMVM_MB_11dd0fc413,Bão đêm,Microwave,ROCK,MISSING,NO_VALID_IMAGE_URL,0,0,NONE,0
RMVM_MB_3dc4064ccc,Sói,Microwave,ROCK,MISSING,NO_VALID_IMAGE_URL,0,0,NONE,0
RMVM_MB_16b8db6cfd,Hạt cát,Microwave,ROCK,MISSING,NO_VALID_IMAGE_URL,0,0,NONE,0
RMVM_MB_927c477882,Người mẹ,Microwave,ROCK,MISSING,NO_VALID_IMAGE_URL,0,0,NONE,0
RMVM_MB_3b51534a86,Khúc xuân thịnh vượng,Microwave,ROCK,MISSING,NO_VALID_IMAGE_URL,0,0,NONE,0
RMVM_MB_42b0b598b2,Chung một con đường,Microwave,ROCK,MISSING,NO_VALID_IMAGE_URL,0,0,NONE,0
RMVM_MB_6e3a14d2ea,Đừng,Microwave,ROCK,MISSING,NO_VALID_IMAGE_URL,0,0,NONE,0
RMVM_MB_85ad7f047b,Grass Stains,Microwave,ROCK,MISSING,NO_VALID_IMAGE_URL,0,0,NONE,0
RMVM_MB_1808dbb3ef,Photos,Unlimited,ROCK,MISSING,NO_VALID_IMAGE_URL,0,0,NONE,0
RMVM_MB_75d1f145dc,Phantom of the Opera,Unlimited,ROCK,MISSING,NO_VALID_IMAGE_URL,0,0,NONE,0
RMVM_MB_d984b71758,Tái sinh,Unlimited,ROCK,MISSING,NO_VALID_IMAGE_URL,0,0,NONE,0
RMVM_MB_d0de22364c,Sự cứu chuộc,Unlimited,ROCK,MISSING,NO_VALID_IMAGE_URL,0,0,NONE,0
RMVM_MB_ccd22c6627,Con đường ánh sáng,Unlimited,ROCK,MISSING,NO_VALID_IMAGE_URL,0,0,NONE,0
RMVM_MB_9dfc3226e3,Sự sống,Unlimited,ROCK,MISSING,NO_VALID_IMAGE_URL,0,0,NONE,0
RMVM_MB_a2884468a6,Nối vòng tay lớn,Unlimited,ROCK,MISSING,NO_VALID_IMAGE_URL,0,0,NONE,0
RMVM_MB_9886c917b0,Wings of Destiny,Unlimited,ROCK,MISSING,NO_VALID_IMAGE_URL,0,0,NONE,0
RMVM_MB_647acddcc3,Freak Stepper,Parasite,ROCK,MISSING,NO_VALID_IMAGE_URL,0,0,NONE,0
RMVM_MB_e997b78478,Satanic Fever,Parasite,ROCK,MISSING,NO_VALID_IMAGE_URL,0,0,NONE,0
RMVM_MB_0295b88980,Toxic Incense,Parasite,ROCK,MISSING,NO_VALID_IMAGE_URL,0,0,NONE,0
RMVM_MB_e0af30fa68,"Money, Money, Money",Parasite,ROCK,MISSING,NO_VALID_IMAGE_URL,0,0,NONE,0
RMVM_MB_c058c051cb,Untitled,Parasite,ROCK,MISSING,NO_VALID_IMAGE_URL,0,0,NONE,0
RMVM_MB_e6ff0b2e7f,Big Up Yourself (Monkey Steak remix),Parasite,ROCK,MISSING,NO_VALID_IMAGE_URL,0,0,NONE,0
RMVM_MB_bd326ed0bc,Steelworkers of Lucifer,Parasite,ROCK,MISSING,NO_VALID_IMAGE_URL,0,0,NONE,0
RMVM_MB_2cebe81160,1911 Black Terror Metal,Parasite,ROCK,MISSING,NO_VALID_IMAGE_URL,0,0,NONE,0
RMVM_MB_bcdfcb9601,Mars,Cát,ROCK,MISSING,NO_VALID_IMAGE_URL,0,0,NONE,0
RMVM_MB_38a28c964b,Dig,Cát,ROCK,MISSING,NO_VALID_IMAGE_URL,0,0,NONE,0
RMVM_MB_5dc984b6de,Swamp Rat,Cát,ROCK,MISSING,NO_VALID_IMAGE_URL,0,0,NONE,0
RMVM_MB_32827028b9,Drive a Desert Into a Brick Wall,Cát,ROCK,MISSING,NO_VALID_IMAGE_URL,0,0,NONE,0
RMVM_MB_4ceced7f6f,Slime,Cát,ROCK,MISSING,NO_VALID_IMAGE_URL,0,0,NONE,0
RMVM_MB_ab5a011d36,Heard Her Play,Cát,ROCK,MISSING,NO_VALID_IMAGE_URL,0,0,NONE,0
RMVM_MB_eb649cd095,Trees,Cát,ROCK,MISSING,NO_VALID_IMAGE_URL,0,0,NONE,0
RMVM_MB_6763930388,Romance,Cát,ROCK,MISSING,NO_VALID_IMAGE_URL,0,0,NONE,0
RMVM_MB_46f8948093,Lão cô đơn,Gạt Tàn Đầy,ROCK,MISSING,NO_VALID_IMAGE_URL,0,0,NONE,0
RMVM_MB_e54010bd45,Lại một bài tình ca nữa,Gạt Tàn Đầy,ROCK,MISSING,NO_VALID_IMAGE_URL,0,0,NONE,0
RMVM_MB_e16c2b24ad,Phàn nàn,Gạt Tàn Đầy,ROCK,MISSING,NO_VALID_IMAGE_URL,0,0,NONE,0
RMVM_MB_89752f64c3,Chùm nho chín mọng,Gạt Tàn Đầy,ROCK,MISSING,NO_VALID_IMAGE_URL,0,0,NONE,0
RMVM_MB_651e9ccac7,Mứt,Gạt Tàn Đầy,ROCK,MISSING,NO_VALID_IMAGE_URL,0,0,NONE,0
RMVM_MB_c225a05602,Phở,Gạt Tàn Đầy,ROCK,MISSING,NO_VALID_IMAGE_URL,0,0,NONE,0
RMVM_MB_f8210e52f2,Cuối Ngày (Có Nhau Version),The Flob,ROCK,MISSING,NO_VALID_IMAGE_URL,0,0,NONE,0
RMVM_MB_2858c752fe,Cuối Ngày,The Flob,ROCK,MISSING,NO_VALID_IMAGE_URL,0,0,NONE,0
RMVM_MB_34bc6bdd5c,Ở Nhà Đêêê,The Flob,ROCK,MISSING,NO_VALID_IMAGE_URL,0,0,NONE,0
RMVM_MB_8af12782cb,Alright,The Flob,ROCK,MISSING,NO_VALID_IMAGE_URL,0,0,NONE,0
RMVM_MB_a7099ffbb4,Tạo tác từ đất sét,The Flob,ROCK,MISSING,NO_VALID_IMAGE_URL,0,0,NONE,0
RMVM_MB_be41b55d7b,Alright (alternative),The Flob,ROCK,MISSING,NO_VALID_IMAGE_URL,0,0,NONE,0
RMVM_MB_85573172f8,It Goes Like This (Instrumental),7UPPERCUTS,ROCK,MISSING,NO_VALID_IMAGE_URL,0,0,NONE,0
RMVM_MB_99ca435889,Màu Áo Học Trò (Extended ver.),7UPPERCUTS,ROCK,MISSING,NO_VALID_IMAGE_URL,0,0,NONE,0
RMVM_MB_97adbbb971,Tinder 101,7UPPERCUTS,ROCK,MISSING,NO_VALID_IMAGE_URL,0,0,NONE,0
RMVM_MB_74fb45e5c7,Wave Alpha (Instrumental),7UPPERCUTS,ROCK,MISSING,NO_VALID_IMAGE_URL,0,0,NONE,0
RMVM_MB_ac7ef67d7d,Wave Alpha,7UPPERCUTS,ROCK,MISSING,NO_VALID_IMAGE_URL,0,0,NONE,0
RMVM_MB_042ffb9226,Đừng Yêu Người Nổi Tiếng (Piano Version),7UPPERCUTS,ROCK,MISSING,NO_VALID_IMAGE_URL,0,0,NONE,0
RMVM_MB_555580d0e8,Ngắn ngủi,Thủy Triều Đỏ,ROCK,MISSING,NO_VALID_IMAGE_URL,0,0,NONE,0
RMVM_MB_61b94d4ab1,Cái chết trắng,Thủy Triều Đỏ,ROCK,MISSING,NO_VALID_IMAGE_URL,0,0,NONE,0
RMVM_MB_0a14a18db9,Giây phút uyên ương,Thủy Triều Đỏ,ROCK,MISSING,NO_VALID_IMAGE_URL,0,0,NONE,0
RMVM_MB_2e41e7e67a,Nhịp sống,Thủy Triều Đỏ,ROCK,MISSING,NO_VALID_IMAGE_URL,0,0,NONE,0
RMVM_MB_a6bb6bbdb2,Nơi tuổi thơ tôi qua,Thủy Triều Đỏ,ROCK,MISSING,NO_VALID_IMAGE_URL,0,0,NONE,0
RMVM_MB_dde8f28c41,Đi nghỉ mát (instrumental),Thủy Triều Đỏ,ROCK,MISSING,NO_VALID_IMAGE_URL,0,0,NONE,0
RMVM_MB_b896fa9edf,Urban Vibe,Re-Cycle,ROCK,MISSING,NO_VALID_IMAGE_URL,0,0,NONE,0
RMVM_MB_6b9e6a3982,Cycle,Re-Cycle,ROCK,MISSING,NO_VALID_IMAGE_URL,0,0,NONE,0
RMVM_MB_770a065cb9,Biển nhớ,Trịnh Công Sơn,NHAC_TRINH,MISSING,NO_VALID_IMAGE_URL,0,0,NONE,0
RMVM_MB_eb5671b214,Cát bụi,Trịnh Công Sơn,NHAC_TRINH,MISSING,NO_VALID_IMAGE_URL,0,0,NONE,0
RMVM_MB_442412b381,Ru em từng ngón xuân nồng,Trịnh Công Sơn,NHAC_TRINH,MISSING,NO_VALID_IMAGE_URL,0,0,NONE,0
RMVM_MB_b6d41a8e4a,Như cánh vạc bay,Trịnh Công Sơn,NHAC_TRINH,MISSING,NO_VALID_IMAGE_URL,0,0,NONE,0
RMVM_MB_63b0b1bb6a,Hoa Vàng Mấy Độ,Trịnh Công Sơn,NHAC_TRINH,MISSING,NO_VALID_IMAGE_URL,0,0,NONE,0
RMVM_MB_f8fd7c7776,Yêu Dấu Tan Theo,Trịnh Công Sơn,NHAC_TRINH,MISSING,NO_VALID_IMAGE_URL,0,0,NONE,0
RMVM_MB_184d346ef3,Chiếc Lá Thu Phai,Trịnh Công Sơn,NHAC_TRINH,MISSING,NO_VALID_IMAGE_URL,0,0,NONE,0
RMVM_MB_e6c48f414d,Bên Đời Hiu Quạnh,Trịnh Công Sơn,NHAC_TRINH,MISSING,NO_VALID_IMAGE_URL,0,0,NONE,0
RMVM_MB_fd9e96f607,Phúc âm buồn,Khánh Ly,NHAC_TRINH,MISSING,NO_VALID_IMAGE_URL,0,0,NONE,0
RMVM_MB_1edd181741,Rừng xưa đã khép,Khánh Ly,NHAC_TRINH,MISSING,NO_VALID_IMAGE_URL,0,0,NONE,0
RMVM_MB_d627b416f2,Lại gần với nhau,Khánh Ly,NHAC_TRINH,MISSING,NO_VALID_IMAGE_URL,0,0,NONE,0
RMVM_MB_f22c39bf26,Tôi đang lắng nghe,Khánh Ly,NHAC_TRINH,MISSING,NO_VALID_IMAGE_URL,0,0,NONE,0
RMVM_MB_f5a04a1869,Gia tài của mẹ,Khánh Ly,NHAC_TRINH,MISSING,NO_VALID_IMAGE_URL,0,0,NONE,0
RMVM_MB_6c26b26226,Nghe những tàn phai,Khánh Ly,NHAC_TRINH,MISSING,NO_VALID_IMAGE_URL,0,0,NONE,0
RMVM_MB_287f681517,Diễm Xưa,Khánh Ly,NHAC_TRINH,MISSING,NO_VALID_IMAGE_URL,0,0,NONE,0
RMVM_MB_2fbff0b081,Như Cánh Vạc Bay,Khánh Ly,NHAC_TRINH,MISSING,NO_VALID_IMAGE_URL,0,0,NONE,0
RMVM_MB_06eedf4b5f,Còn ai với ai,Trịnh Vĩnh Trinh,NHAC_TRINH,MISSING,NO_VALID_IMAGE_URL,0,0,NONE,0
RMVM_MB_a51514c895,Chợt nghĩ về hai nơi,Trịnh Vĩnh Trinh,NHAC_TRINH,MISSING,NO_VALID_IMAGE_URL,0,0,NONE,0
RMVM_MB_94172ced7a,Tình yêu và huyền thoại,Trịnh Vĩnh Trinh,NHAC_TRINH,MISSING,NO_VALID_IMAGE_URL,0,0,NONE,0
RMVM_MB_d4efd563d6,Xin trả nợ người,Trịnh Vĩnh Trinh,NHAC_TRINH,MISSING,NO_VALID_IMAGE_URL,0,0,NONE,0
RMVM_MB_ccb0967435,Vàng phai trước ngõ,Trịnh Vĩnh Trinh,NHAC_TRINH,MISSING,NO_VALID_IMAGE_URL,0,0,NONE,0
RMVM_MB_79df136f54,Hôm nay tôi nghe,Trịnh Vĩnh Trinh,NHAC_TRINH,MISSING,NO_VALID_IMAGE_URL,0,0,NONE,0
RMVM_MB_ad1dbc5d5c,Cho đời chút ơn,Trịnh Vĩnh Trinh,NHAC_TRINH,MISSING,NO_VALID_IMAGE_URL,0,0,NONE,0
RMVM_MB_cdb8d63403,Tình khúc Ơ bai,Trịnh Vĩnh Trinh,NHAC_TRINH,MISSING,NO_VALID_IMAGE_URL,0,0,NONE,0
RMVM_MB_3a25bc6a29,Dạ khúc,Cẩm Vân,NHAC_TRINH,MISSING,NO_VALID_IMAGE_URL,0,0,NONE,0
RMVM_MB_87b3c61db6,Xin làm người hát rong,Cẩm Vân,NHAC_TRINH,MISSING,NO_VALID_IMAGE_URL,0,0,NONE,0
RMVM_MB_b86d2603b3,Thành phố tình yêu và nỗi nhớ (karaoke),Cẩm Vân,NHAC_TRINH,MISSING,NO_VALID_IMAGE_URL,0,0,NONE,0
RMVM_MB_139b0931ad,Mùa xuân,Cẩm Vân,NHAC_TRINH,MISSING,NO_VALID_IMAGE_URL,0,0,NONE,0
RMVM_MB_1ffd453bda,Khi yêu xin chớ biệt ly,Cẩm Vân,NHAC_TRINH,MISSING,NO_VALID_IMAGE_URL,0,0,NONE,0
RMVM_MB_b527bf49aa,Huyền thoại mẹ,Cẩm Vân,NHAC_TRINH,MISSING,NO_VALID_IMAGE_URL,0,0,NONE,0
RMVM_MB_644eb454d5,Hà Nội mùa vắng những cơn mưa,Cẩm Vân,NHAC_TRINH,MISSING,NO_VALID_IMAGE_URL,0,0,NONE,0
RMVM_MB_9780e01e8f,Nửa đời phóng đãng,Cẩm Vân,NHAC_TRINH,MISSING,NO_VALID_IMAGE_URL,0,0,NONE,0
RMVM_MB_ae907d3afe,Nhớ,Quang Dũng,NHAC_TRINH,MISSING,NO_VALID_IMAGE_URL,0,0,NONE,0
RMVM_MB_3cb0ef5f5e,Ru anh,Quang Dũng,NHAC_TRINH,MISSING,NO_VALID_IMAGE_URL,0,0,NONE,0
RMVM_MB_4514abb224,Ru đời đi nhé,Quang Dũng,NHAC_TRINH,MISSING,NO_VALID_IMAGE_URL,0,0,NONE,0
RMVM_MB_9f177324e0,Ru tình,Quang Dũng,NHAC_TRINH,MISSING,NO_VALID_IMAGE_URL,0,0,NONE,0
RMVM_MB_2960db5d5f,Tưởng rằng đã quên,Quang Dũng,NHAC_TRINH,MISSING,NO_VALID_IMAGE_URL,0,0,NONE,0
RMVM_MB_e14a9fdc44,Tình xa,Quang Dũng,NHAC_TRINH,MISSING,NO_VALID_IMAGE_URL,0,0,NONE,0
RMVM_MB_0aba14383c,Bên đời hiu quạnh (với AC&M),Quang Dũng,NHAC_TRINH,MISSING,NO_VALID_IMAGE_URL,0,0,NONE,0
RMVM_MB_e037c8e2fe,Trên tháng ngày đã qua,Quang Dũng,NHAC_TRINH,MISSING,NO_VALID_IMAGE_URL,0,0,NONE,0
RMVM_MB_0ddad413ee,Gởi người em gái,Ánh Tuyết,NHAC_TRINH,MISSING,NO_VALID_IMAGE_URL,0,0,NONE,0
RMVM_MB_0f40e3460b,Lạc bước,Ánh Tuyết,NHAC_TRINH,MISSING,NO_VALID_IMAGE_URL,0,0,NONE,0
RMVM_MB_26bc45759a,Lệ nồng môi khô,Ánh Tuyết,NHAC_TRINH,MISSING,NO_VALID_IMAGE_URL,0,0,NONE,0
RMVM_MB_4500e5ee5a,Về đi em,Ánh Tuyết,NHAC_TRINH,MISSING,NO_VALID_IMAGE_URL,0,0,NONE,0
RMVM_MB_924b6df1d7,Đừng hỏi vì sao,Ánh Tuyết,NHAC_TRINH,MISSING,NO_VALID_IMAGE_URL,0,0,NONE,0
RMVM_MB_31b80e71b8,Lời chim,Ánh Tuyết,NHAC_TRINH,MISSING,NO_VALID_IMAGE_URL,0,0,NONE,0
RMVM_MB_08f8ef67f8,Đi tìm,Ánh Tuyết,NHAC_TRINH,MISSING,NO_VALID_IMAGE_URL,0,0,NONE,0
RMVM_MB_5ead6e08d4,Bến xưa tình sầu,Ánh Tuyết,NHAC_TRINH,MISSING,NO_VALID_IMAGE_URL,0,0,NONE,0
RMVM_MB_e5c2b3cb51,Hạt mưa buồn,Trần Thái Hòa,NHAC_TRINH,MISSING,NO_VALID_IMAGE_URL,0,0,NONE,0
RMVM_MB_1ae47c4839,Bài không tên số 8,Trần Thái Hòa,NHAC_TRINH,MISSING,NO_VALID_IMAGE_URL,0,0,NONE,0
RMVM_MB_4d07d14ff2,Hai năm tình lận đận,Trần Thái Hòa,NHAC_TRINH,MISSING,NO_VALID_IMAGE_URL,0,0,NONE,0
RMVM_MB_5d2d409882,Nhạt nhòa,Trần Thái Hòa,NHAC_TRINH,MISSING,NO_VALID_IMAGE_URL,0,0,NONE,0
RMVM_MB_707176bbc3,Mưa lệ,Trần Thái Hòa,NHAC_TRINH,MISSING,NO_VALID_IMAGE_URL,0,0,NONE,0
RMVM_MB_0e3c5be2e3,Danh Thoi Gia Tu,Trần Thái Hòa,NHAC_TRINH,MISSING,NO_VALID_IMAGE_URL,0,0,NONE,0
RMVM_MB_1933ad2c22,Vũng lầy của chúng ta,Trần Thái Hòa,NHAC_TRINH,MISSING,NO_VALID_IMAGE_URL,0,0,NONE,0
RMVM_MB_f90085cf62,Đưa người tuyệt vọng,Trần Thái Hòa,NHAC_TRINH,MISSING,NO_VALID_IMAGE_URL,0,0,NONE,0
RMVM_MB_4f21c54180,Tình yêu vĩnh viễn,Bảo Yến,NHAC_TRINH,MISSING,NO_VALID_IMAGE_URL,0,0,NONE,0
RMVM_MB_3ba2208e1b,Tự tình mùa đông,Bảo Yến,NHAC_TRINH,MISSING,NO_VALID_IMAGE_URL,0,0,NONE,0
RMVM_MB_e3b092daf3,Mùa đông của anh,Bảo Yến,NHAC_TRINH,MISSING,NO_VALID_IMAGE_URL,0,0,NONE,0
RMVM_MB_243aaa6e2e,Dù chỉ một lần thôi,Bảo Yến,NHAC_TRINH,MISSING,NO_VALID_IMAGE_URL,0,0,NONE,0
RMVM_MB_6deb71f9eb,Lâu đài tình ái,Bảo Yến,NHAC_TRINH,MISSING,NO_VALID_IMAGE_URL,0,0,NONE,0
RMVM_MB_0bc13b72f5,Tình lỡ,Bảo Yến,NHAC_TRINH,MISSING,NO_VALID_IMAGE_URL,0,0,NONE,0
RMVM_MB_6bee123ad6,Cho em quên tuổi ngọc,Bảo Yến,NHAC_TRINH,MISSING,NO_VALID_IMAGE_URL,0,0,NONE,0
RMVM_MB_e68baa1928,Hai phương trời cách biệt,Bảo Yến,NHAC_TRINH,MISSING,NO_VALID_IMAGE_URL,0,0,NONE,0
RMVM_MB_2bb09ce051,Nghệ sĩ với cây đàn,Trọng Tấn,REVOLUTIONARY,MISSING,NO_VALID_IMAGE_URL,0,0,NONE,0
RMVM_MB_2a5e7fa464,Mong về Hà Nội,Trọng Tấn,REVOLUTIONARY,MISSING,NO_VALID_IMAGE_URL,0,0,NONE,0
RMVM_MB_f45ebc673e,Hà Nội tình yêu tôi,Trọng Tấn,REVOLUTIONARY,MISSING,NO_VALID_IMAGE_URL,0,0,NONE,0
RMVM_MB_6fa8c7f7d1,Nhớ đêm giã bạn,Trọng Tấn,REVOLUTIONARY,MISSING,NO_VALID_IMAGE_URL,0,0,NONE,0
RMVM_MB_c3c0f4a680,Thành phố hoa phượng đỏ,Trọng Tấn,REVOLUTIONARY,MISSING,NO_VALID_IMAGE_URL,0,0,NONE,0
RMVM_MB_4ba1e06ab9,Sapa thành phố trong sương,Trọng Tấn,REVOLUTIONARY,MISSING,NO_VALID_IMAGE_URL,0,0,NONE,0
RMVM_MB_c47a25ca33,Tiếng hò trên đất nghệ an,Trọng Tấn,REVOLUTIONARY,MISSING,NO_VALID_IMAGE_URL,0,0,NONE,0
RMVM_MB_e1439faeb9,Tình ca Tây Bắc,Trọng Tấn,REVOLUTIONARY,MISSING,NO_VALID_IMAGE_URL,0,0,NONE,0
RMVM_MB_97c49f2eaa,Đất nước trọn niềm vui,Đăng Dương,REVOLUTIONARY,MISSING,NO_VALID_IMAGE_URL,0,0,NONE,0
RMVM_MB_0dd9417089,Chiếc gậy Trường Sơn,Đăng Dương,REVOLUTIONARY,MISSING,NO_VALID_IMAGE_URL,0,0,NONE,0
RMVM_MB_4a610bf450,Gửi nắng cho em,Đăng Dương,REVOLUTIONARY,MISSING,NO_VALID_IMAGE_URL,0,0,NONE,0
RMVM_MB_fc765b0544,Hà Nội niềm tin hy vọng,Đăng Dương,REVOLUTIONARY,MISSING,NO_VALID_IMAGE_URL,0,0,NONE,0
RMVM_MB_26281dbc8f,Tôi là người thợ lò,Đăng Dương,REVOLUTIONARY,MISSING,NO_VALID_IMAGE_URL,0,0,NONE,0
RMVM_MB_875e472832,Tình em,Đăng Dương,REVOLUTIONARY,MISSING,NO_VALID_IMAGE_URL,0,0,NONE,0
RMVM_MB_ef821491e7,Hò biển,Đăng Dương,REVOLUTIONARY,MISSING,NO_VALID_IMAGE_URL,0,0,NONE,0
RMVM_MB_aa38ae9943,Những ánh sao đêm,Đăng Dương,REVOLUTIONARY,MISSING,NO_VALID_IMAGE_URL,0,0,NONE,0
RMVM_MB_eabb7cf700,Hoa sim biên giới,Việt Hoàn,REVOLUTIONARY,MISSING,NO_VALID_IMAGE_URL,0,0,NONE,0
RMVM_MB_4d859840bf,Tình đồng chí,Việt Hoàn,REVOLUTIONARY,MISSING,NO_VALID_IMAGE_URL,0,0,NONE,0
RMVM_MB_e7ed46e792,Thơ tình lính biển,Việt Hoàn,REVOLUTIONARY,MISSING,NO_VALID_IMAGE_URL,0,0,NONE,0
RMVM_MB_f8fd253f9e,Hương thầm,Việt Hoàn,REVOLUTIONARY,MISSING,NO_VALID_IMAGE_URL,0,0,NONE,0
RMVM_MB_b99b5f7cc7,Nghiêng chiều Đà Lạt,Việt Hoàn,REVOLUTIONARY,MISSING,NO_VALID_IMAGE_URL,0,0,NONE,0
RMVM_MB_8b3b3e082f,Tôi là Lê anh nuôi,Việt Hoàn,REVOLUTIONARY,MISSING,NO_VALID_IMAGE_URL,0,0,NONE,0
RMVM_MB_ce8a975b68,Anh lính tình nguyện và điệu múa Apsara,Việt Hoàn,REVOLUTIONARY,MISSING,NO_VALID_IMAGE_URL,0,0,NONE,0
RMVM_MB_228e458d44,Khúc hát chia xa,Việt Hoàn,REVOLUTIONARY,MISSING,NO_VALID_IMAGE_URL,0,0,NONE,0
RMVM_MB_df73f5ba40,Tổ Quốc,Quang Thọ,REVOLUTIONARY,MISSING,NO_VALID_IMAGE_URL,0,0,NONE,0
RMVM_MB_9077c0ca01,Sông Lô,Quang Thọ,REVOLUTIONARY,MISSING,NO_VALID_IMAGE_URL,0,0,NONE,0
RMVM_MB_cfb1af0057,Ca ngợi Hồ Chủ Tịch,Quang Thọ,REVOLUTIONARY,MISSING,NO_VALID_IMAGE_URL,0,0,NONE,0
RMVM_MB_301d93adcb,Tổ quốc tôi chưa đẹp thế bao giờ,Quang Thọ,REVOLUTIONARY,MISSING,NO_VALID_IMAGE_URL,0,0,NONE,0
RMVM_MB_4250eaed59,Người là niềm tin tất thắng,Quang Thọ,REVOLUTIONARY,MISSING,NO_VALID_IMAGE_URL,0,0,NONE,0
RMVM_MB_9d20abd51e,Ta tự hào đi lên ôi Việt Nam!,Quang Thọ,REVOLUTIONARY,MISSING,NO_VALID_IMAGE_URL,0,0,NONE,0
RMVM_MB_83bb072e42,Lá đỏ,Quang Thọ,REVOLUTIONARY,MISSING,NO_VALID_IMAGE_URL,0,0,NONE,0
RMVM_MB_93e074ca79,Người chiến sỹ ấy,Quang Thọ,REVOLUTIONARY,MISSING,NO_VALID_IMAGE_URL,0,0,NONE,0
RMVM_MB_798d7cbebb,Nguoc dong Huong Giang,Thu Hiền,REVOLUTIONARY,MISSING,NO_VALID_IMAGE_URL,0,0,NONE,0
RMVM_MB_10abd415d9,Mat Hue xua,Thu Hiền,REVOLUTIONARY,MISSING,NO_VALID_IMAGE_URL,0,0,NONE,0
RMVM_MB_f7dcb3e5ac,Dem tan ben Ngu,Thu Hiền,REVOLUTIONARY,MISSING,NO_VALID_IMAGE_URL,0,0,NONE,0
RMVM_MB_6300f11911,Gap Hue dem trang,Thu Hiền,REVOLUTIONARY,MISSING,NO_VALID_IMAGE_URL,0,0,NONE,0
RMVM_MB_2795d0813a,Câu đợi câu chờ,Thu Hiền,REVOLUTIONARY,MISSING,NO_VALID_IMAGE_URL,0,0,NONE,0
RMVM_MB_b8e7210b40,Mua thom pho Hue,Thu Hiền,REVOLUTIONARY,MISSING,NO_VALID_IMAGE_URL,0,0,NONE,0
RMVM_MB_0246dfd5c8,Gui Hue,Thu Hiền,REVOLUTIONARY,MISSING,NO_VALID_IMAGE_URL,0,0,NONE,0
RMVM_MB_e77416a8c8,Câu chuyện nhỏ của tôi,Thanh Hoa,REVOLUTIONARY,MISSING,NO_VALID_IMAGE_URL,0,0,NONE,0
RMVM_MB_1f038d4a45,Bác Hồ một tình yêu bao la,Thanh Hoa,REVOLUTIONARY,MISSING,NO_VALID_IMAGE_URL,0,0,NONE,0
RMVM_MB_8d2f1db305,Đêm nghe hát đò đưa nhớ Bác,Thanh Hoa,REVOLUTIONARY,MISSING,NO_VALID_IMAGE_URL,0,0,NONE,0
RMVM_MB_c6175f54dc,Tiễn Khách,Bích Phượng,REVOLUTIONARY,MISSING,NO_VALID_IMAGE_URL,0,0,NONE,0
RMVM_MB_aae52edd80,Nói Thương Nhau Đừng Làm Trái Tim Em Đau,Bích Phượng,REVOLUTIONARY,MISSING,NO_VALID_IMAGE_URL,0,0,NONE,0
RMVM_MB_603d833a0d,Em Muốn,Bích Phượng,REVOLUTIONARY,MISSING,NO_VALID_IMAGE_URL,0,0,NONE,0
RMVM_MB_52cd82b3ac,Em Không Tin,Bích Phượng,REVOLUTIONARY,MISSING,NO_VALID_IMAGE_URL,0,0,NONE,0
RMVM_MB_4ab8826884,Chỉ Là Em Giấu Đi,Bích Phượng,REVOLUTIONARY,MISSING,NO_VALID_IMAGE_URL,0,0,NONE,0
RMVM_MB_76e62cfcbe,Có Lẽ Em - Instrumental,Bích Phượng,REVOLUTIONARY,MISSING,NO_VALID_IMAGE_URL,0,0,NONE,0
RMVM_MB_e3d625f98f,Em Đã Sai Vì Em Tin,Bích Phượng,REVOLUTIONARY,MISSING,NO_VALID_IMAGE_URL,0,0,NONE,0
RMVM_MB_49149053a6,Gió Thoảng,Bích Phượng,REVOLUTIONARY,MISSING,NO_VALID_IMAGE_URL,0,0,NONE,0
RMVM_MB_3f62403637,Em Và Tôi,Vũ Thắng Lợi,REVOLUTIONARY,MISSING,NO_VALID_IMAGE_URL,0,0,NONE,0
RMVM_MB_172872e945,Ấm tình quê Bác,Anh Thơ,REVOLUTIONARY,MISSING,NO_VALID_IMAGE_URL,0,0,NONE,0
RMVM_MB_72284f95e0,Hà Tĩnh quê mình,Anh Thơ,REVOLUTIONARY,MISSING,NO_VALID_IMAGE_URL,0,0,NONE,0
RMVM_MB_734a623d84,Ninh Bình quê mẹ,Anh Thơ,REVOLUTIONARY,MISSING,NO_VALID_IMAGE_URL,0,0,NONE,0
RMVM_MB_2bbec86533,Suối Mường Hum còn chảy mãi,Anh Thơ,REVOLUTIONARY,MISSING,NO_VALID_IMAGE_URL,0,0,NONE,0
RMVM_MB_688dddfabc,Mùa chim én bay,Anh Thơ,REVOLUTIONARY,MISSING,NO_VALID_IMAGE_URL,0,0,NONE,0
RMVM_MB_196aaa18c4,Nghệ Tĩnh mình đây,Anh Thơ,REVOLUTIONARY,MISSING,NO_VALID_IMAGE_URL,0,0,NONE,0
RMVM_MB_23f5618fe4,Bèo dạt mây trôi,Anh Thơ,REVOLUTIONARY,MISSING,NO_VALID_IMAGE_URL,0,0,NONE,0
RMVM_MB_a514019e5a,Chiếc đàn môi,Anh Thơ,REVOLUTIONARY,MISSING,NO_VALID_IMAGE_URL,0,0,NONE,0
RMVM_MB_5a68a0d680,Trở về,Tân Nhàn,REVOLUTIONARY,MISSING,NO_VALID_IMAGE_URL,0,0,NONE,0
RMVM_MB_fa9926bba3,Chiều nắng,Tân Nhàn,REVOLUTIONARY,MISSING,NO_VALID_IMAGE_URL,0,0,NONE,0
RMVM_MB_0e640857e4,Trăng khuyết,Tân Nhàn,REVOLUTIONARY,MISSING,NO_VALID_IMAGE_URL,0,0,NONE,0
RMVM_MB_abff100170,Tiếng hát sông Lam,Tân Nhàn,REVOLUTIONARY,MISSING,NO_VALID_IMAGE_URL,0,0,NONE,0
RMVM_MB_0440bf1d4f,Giã bạn đêm trăng,Tân Nhàn,REVOLUTIONARY,MISSING,NO_VALID_IMAGE_URL,0,0,NONE,0
RMVM_MB_cd9b0740cf,Thu Bồn ơi,Tân Nhàn,REVOLUTIONARY,MISSING,NO_VALID_IMAGE_URL,0,0,NONE,0
RMVM_MB_dccfc2c9e7,Bến đợi,Tân Nhàn,REVOLUTIONARY,MISSING,NO_VALID_IMAGE_URL,0,0,NONE,0
RMVM_MB_0fa8e4e059,Điều không thể mất,Tân Nhàn,REVOLUTIONARY,MISSING,NO_VALID_IMAGE_URL,0,0,NONE,0
RMVM_MB_096f10b94e,Thủy Triều,Quang Hưng,REVOLUTIONARY,MISSING,NO_VALID_IMAGE_URL,0,0,NONE,0
RMVM_MB_6f7bb85a68,Dễ Đến Dễ Đi,Quang Hưng,REVOLUTIONARY,MISSING,NO_VALID_IMAGE_URL,0,0,NONE,0
RMVM_MB_bc97671fc2,TRÓI EM LẠI,Quang Hưng,REVOLUTIONARY,MISSING,NO_VALID_IMAGE_URL,0,0,NONE,0
RMVM_MB_fc50ccf8b5,TÌNH ĐẦU QUÁ CHÉN,Quang Hưng,REVOLUTIONARY,MISSING,NO_VALID_IMAGE_URL,0,0,NONE,0
RMVM_MB_3e4808f39b,Chợt Nhìn Nhau,Vũ.,RB_SOUL,MISSING,NO_VALID_IMAGE_URL,0,0,NONE,0
RMVM_MB_267b893e99,Xin Phép Được Cô Đơn,Vũ.,RB_SOUL,MISSING,NO_VALID_IMAGE_URL,0,0,NONE,0
RMVM_MB_ce5a277295,Phút Ban Đầu,Vũ.,RB_SOUL,MISSING,NO_VALID_IMAGE_URL,0,0,NONE,0
RMVM_MB_69bea329d4,Có Thể Là Tại Sao?,Vũ.,RB_SOUL,MISSING,NO_VALID_IMAGE_URL,0,0,NONE,0
RMVM_MB_b55e59d732,Cô Ta,Vũ.,RB_SOUL,MISSING,NO_VALID_IMAGE_URL,0,0,NONE,0
RMVM_MB_d9abe73774,Bước Qua Nhau,Vũ.,RB_SOUL,MISSING,NO_VALID_IMAGE_URL,0,0,NONE,0
RMVM_MB_d319b5810d,Sau Chia Tay Ta Còn Gì?,Vũ.,RB_SOUL,MISSING,NO_VALID_IMAGE_URL,0,0,NONE,0
RMVM_MB_1e1d728a87,"Hành Tinh Song Song, Pt. 2",Vũ.,RB_SOUL,MISSING,NO_VALID_IMAGE_URL,0,0,NONE,0
RMVM_MB_b2ec1bf641,Vì (Special Music Night Ver),Marzuz,RB_SOUL,MISSING,NO_VALID_IMAGE_URL,0,0,NONE,0
RMVM_MB_c9396c8e9f,Và Thế Giới Đã Mất Đi Một Người Cô Đơn,Marzuz,RB_SOUL,MISSING,NO_VALID_IMAGE_URL,0,0,NONE,0
RMVM_MB_335d3204bf,Baby,Marzuz,RB_SOUL,MISSING,NO_VALID_IMAGE_URL,0,0,NONE,0
RMVM_MB_4ef42a5c11,Yêu,Marzuz,RB_SOUL,MISSING,NO_VALID_IMAGE_URL,0,0,NONE,0
RMVM_MB_69516788c6,Ngồi Chờ Trong Vấn Vương,Mỹ Anh,RB_SOUL,MISSING,NO_VALID_IMAGE_URL,0,0,NONE,0
RMVM_MB_6691e91f9c,Cơn bão,Mỹ Anh,RB_SOUL,MISSING,NO_VALID_IMAGE_URL,0,0,NONE,0
RMVM_MB_902b29c1d5,Memories,Orange,RB_SOUL,MISSING,NO_VALID_IMAGE_URL,0,0,NONE,0
RMVM_MB_20cb6f6206,Les lois de l'étiquette,Orange,RB_SOUL,MISSING,NO_VALID_IMAGE_URL,0,0,NONE,0
RMVM_MB_958ff8e2d1,L'ABC de la séduction,Orange,RB_SOUL,MISSING,NO_VALID_IMAGE_URL,0,0,NONE,0
RMVM_MB_fe567ea3b4,Docteur,Orange,RB_SOUL,MISSING,NO_VALID_IMAGE_URL,0,0,NONE,0
RMVM_MB_5afc8c8701,Albator,Orange,RB_SOUL,MISSING,NO_VALID_IMAGE_URL,0,0,NONE,0
RMVM_MB_99bf83f8df,Toi et moi,Orange,RB_SOUL,MISSING,NO_VALID_IMAGE_URL,0,0,NONE,0
RMVM_MB_e456ecaac0,Rototom Party Girl,Orange,RB_SOUL,MISSING,NO_VALID_IMAGE_URL,0,0,NONE,0
RMVM_MB_691988b7ed,Je danse dans ma tête,Orange,RB_SOUL,MISSING,NO_VALID_IMAGE_URL,0,0,NONE,0
RMVM_MB_d7a6677ad3,Để Ý,Wren Evans,RB_SOUL,MISSING,NO_VALID_IMAGE_URL,0,0,NONE,0
RMVM_MB_95d8e1adfe,Call Me,Wren Evans,RB_SOUL,MISSING,NO_VALID_IMAGE_URL,0,0,NONE,0
RMVM_MB_2fbbae8b53,I Just Wanna Know,Wren Evans,RB_SOUL,MISSING,NO_VALID_IMAGE_URL,0,0,NONE,0
RMVM_MB_0a7347b3c4,Thích Em Hơi Nhiều,Wren Evans,RB_SOUL,MISSING,NO_VALID_IMAGE_URL,0,0,NONE,0
RMVM_MB_4ebd560d89,Gặp May,Wren Evans,RB_SOUL,MISSING,NO_VALID_IMAGE_URL,0,0,NONE,0
RMVM_MB_747ad780d1,Cơn Đau,Wren Evans,RB_SOUL,MISSING,NO_VALID_IMAGE_URL,0,0,NONE,0
RMVM_MB_c2efb82adb,TỪNG QUEN,Wren Evans,RB_SOUL,MISSING,NO_VALID_IMAGE_URL,0,0,NONE,0
RMVM_MB_0db8b75bbd,Cầu Vĩnh Tuy,Wren Evans,RB_SOUL,MISSING,NO_VALID_IMAGE_URL,0,0,NONE,0
RMVM_MB_c01ad9ccde,Là Con Gái Phải Xinh,Kimmese,RB_SOUL,MISSING,NO_VALID_IMAGE_URL,0,0,NONE,0
RMVM_MB_ed59096c91,Fall in Love (chill version),Kimmese,RB_SOUL,MISSING,NO_VALID_IMAGE_URL,0,0,NONE,0
RMVM_MB_2ebeae1701,Fall in Love,Kimmese,RB_SOUL,MISSING,NO_VALID_IMAGE_URL,0,0,NONE,0
RMVM_MB_1b42eb6748,thật tình,Kimmese,RB_SOUL,MISSING,NO_VALID_IMAGE_URL,0,0,NONE,0
RMVM_MB_fee2002ef6,Confidence (How to Suck but Make People Think You Are Great),Kimmese,RB_SOUL,MISSING,NO_VALID_IMAGE_URL,0,0,NONE,0
RMVM_MB_2f2a09ffe7,Ghé Thăm,Kimmese,RB_SOUL,MISSING,NO_VALID_IMAGE_URL,0,0,NONE,0
RMVM_MB_63807320a7,Chỉ Cần Em Muốn,Kimmese,RB_SOUL,MISSING,NO_VALID_IMAGE_URL,0,0,NONE,0
RMVM_MB_968cfd41fc,One Shot,Kimmese,RB_SOUL,MISSING,NO_VALID_IMAGE_URL,0,0,NONE,0
RMVM_MB_d9d60c9d24,Contacto,Erik,RB_SOUL,MISSING,NO_VALID_IMAGE_URL,0,0,NONE,0
RMVM_MB_80070f0da7,Painted on the Wall,Erik,RB_SOUL,MISSING,NO_VALID_IMAGE_URL,0,0,NONE,0
RMVM_MB_86d76fb7e5,Be Off Man,Erik,RB_SOUL,MISSING,NO_VALID_IMAGE_URL,0,0,NONE,0
RMVM_MB_c70736f866,Border cross,Erik,RB_SOUL,MISSING,NO_VALID_IMAGE_URL,0,0,NONE,0
RMVM_MB_422c820c57,The Devil and the Deep Blue Sea (Safe Hands and Gold mix),Erik,RB_SOUL,MISSING,NO_VALID_IMAGE_URL,0,0,NONE,0
RMVM_MB_5fb5e605b2,Mitt hjärta tillhör dig,Erik,RB_SOUL,MISSING,NO_VALID_IMAGE_URL,0,0,NONE,0
RMVM_MB_55dffe2d1c,När får jag se dig igen,Erik,RB_SOUL,MISSING,NO_VALID_IMAGE_URL,0,0,NONE,0
RMVM_MB_b194bf0e28,Alexander Bell,Erik,RB_SOUL,MISSING,NO_VALID_IMAGE_URL,0,0,NONE,0
RMVM_MB_0c407efdad,Nobody,Vũ Cát Tường,RB_SOUL,MISSING,NO_VALID_IMAGE_URL,0,0,NONE,0
RMVM_MB_0bbb807e96,Yêu Xa,Vũ Cát Tường,RB_SOUL,MISSING,NO_VALID_IMAGE_URL,0,0,NONE,0
RMVM_MB_17ca181ff1,Đông,Vũ Cát Tường,RB_SOUL,MISSING,NO_VALID_IMAGE_URL,0,0,NONE,0
RMVM_MB_7198e13927,Vô Cực,Vũ Cát Tường,RB_SOUL,MISSING,NO_VALID_IMAGE_URL,0,0,NONE,0
RMVM_MB_f26f6d5c43,Hư Vô,Vũ Cát Tường,RB_SOUL,MISSING,NO_VALID_IMAGE_URL,0,0,NONE,0
RMVM_MB_5085e7ffea,Có Người,Vũ Cát Tường,RB_SOUL,MISSING,NO_VALID_IMAGE_URL,0,0,NONE,0
RMVM_MB_8849d71037,One Second,Vũ Cát Tường,RB_SOUL,MISSING,NO_VALID_IMAGE_URL,0,0,NONE,0
RMVM_MB_77f0d893e2,One Second (Unplugged),Vũ Cát Tường,RB_SOUL,MISSING,NO_VALID_IMAGE_URL,0,0,NONE,0
RMVM_MB_be704a21ca,"Etude in A minor, op. 25 no. 4",Đặng Thái Sơn,INSTRUMENTAL,MISSING,NO_VALID_IMAGE_URL,0,0,NONE,0
RMVM_MB_c609fe4a99,No.10 in F minor OP.71-3,Đặng Thái Sơn,INSTRUMENTAL,MISSING,NO_VALID_IMAGE_URL,0,0,NONE,0
RMVM_MB_4e4f8aa1d2,No.5 in F sharp minor OP.44,Đặng Thái Sơn,INSTRUMENTAL,MISSING,NO_VALID_IMAGE_URL,0,0,NONE,0
RMVM_MB_1f3ee82afe,"Chopin: Barcarolle in F-sharp Major, Op. 60",Đặng Thái Sơn,INSTRUMENTAL,MISSING,NO_VALID_IMAGE_URL,0,0,NONE,0
RMVM_MB_4e101f4338,No.2 in E flat minor OP.26-2,Đặng Thái Sơn,INSTRUMENTAL,MISSING,NO_VALID_IMAGE_URL,0,0,NONE,0
RMVM_MB_a39fff60c0,No.4 in C minor OP.40-2,Đặng Thái Sơn,INSTRUMENTAL,MISSING,NO_VALID_IMAGE_URL,0,0,NONE,0
RMVM_MB_b48e86db7c,"Berceuse in D-flat major, op. 57",Đặng Thái Sơn,INSTRUMENTAL,MISSING,NO_VALID_IMAGE_URL,0,0,NONE,0
RMVM_MB_10f035ddac,"Nocturne no. 2 in E-flat major, op. 9 no. 2",Đặng Thái Sơn,INSTRUMENTAL,MISSING,NO_VALID_IMAGE_URL,0,0,NONE,0
RMVM_MB_56374b713d,2025´,Hải Phượng,INSTRUMENTAL,MISSING,NO_VALID_IMAGE_URL,0,0,NONE,0
RMVM_MB_ddd92663d5,Con Tàu,Hải Phượng,INSTRUMENTAL,MISSING,NO_VALID_IMAGE_URL,0,0,NONE,0
RMVM_MB_ce2a82831b,Chuồn chuồn xanh,Hải Phượng,INSTRUMENTAL,MISSING,NO_VALID_IMAGE_URL,0,0,NONE,0
RMVM_MB_5b99bc9d30,Vong cô (Nostalgie du passé),Hải Phượng,INSTRUMENTAL,MISSING,NO_VALID_IMAGE_URL,0,0,NONE,0
RMVM_MB_71b24de82c,"Ngu dôi ha (Cinq réponses, deuxième pièce)",Hải Phượng,INSTRUMENTAL,MISSING,NO_VALID_IMAGE_URL,0,0,NONE,0
RMVM_MB_dd682118e9,Tinh ca miên Nam (Chant d’amour de la région du Sud),Hải Phượng,INSTRUMENTAL,MISSING,NO_VALID_IMAGE_URL,0,0,NONE,0
RMVM_MB_7afe71ca8d,Vỡ mộng ân tình,Hải Phượng,INSTRUMENTAL,MISSING,NO_VALID_IMAGE_URL,0,0,NONE,0
RMVM_MB_a28fc61db9,Tinh ca dât Bac (Chant d’amour du pays du Nord),Hải Phượng,INSTRUMENTAL,MISSING,NO_VALID_IMAGE_URL,0,0,NONE,0
RMVM_MB_dbc248c425,Vọng cổ,Kim Sinh,INSTRUMENTAL,MISSING,NO_VALID_IMAGE_URL,0,0,NONE,0
RMVM_MB_b9bca543ce,Phụng cầu hoàng,Kim Sinh,INSTRUMENTAL,MISSING,NO_VALID_IMAGE_URL,0,0,NONE,0
RMVM_MB_e70d449f07,Xãng xê – Vọng cổ,Kim Sinh,INSTRUMENTAL,MISSING,NO_VALID_IMAGE_URL,0,0,NONE,0
RMVM_MB_713d1b99b2,Khuc Tah Tinh Ha Tinh,Kim Sinh,INSTRUMENTAL,MISSING,NO_VALID_IMAGE_URL,0,0,NONE,0
RMVM_MB_e3e997b3b5,Medley: Khong Minh Toa Lau / Ly Ngua O / Kim Tien Bao / Nam Ai,Kim Sinh,INSTRUMENTAL,MISSING,NO_VALID_IMAGE_URL,0,0,NONE,0
RMVM_MB_8516e6f465,Sỏn Đông lử hướng mã – Trạng nguyên hành lộ – Mẫu tam tử,Kim Sinh,INSTRUMENTAL,MISSING,NO_VALID_IMAGE_URL,0,0,NONE,0
RMVM_MB_f70ac279ac,Kieu,Kim Sinh,INSTRUMENTAL,MISSING,NO_VALID_IMAGE_URL,0,0,NONE,0
RMVM_MB_97a3833471,Truong Tuong Tu,Kim Sinh,INSTRUMENTAL,MISSING,NO_VALID_IMAGE_URL,0,0,NONE,0
RMVM_MB_ae8c587b42,Zamora,Nguyễn Lê,INSTRUMENTAL,MISSING,NO_VALID_IMAGE_URL,0,0,NONE,0
RMVM_MB_1e68835848,La Parfum,Nguyễn Lê,INSTRUMENTAL,MISSING,NO_VALID_IMAGE_URL,0,0,NONE,0
RMVM_MB_b86d60712e,Bee,Nguyễn Lê,INSTRUMENTAL,MISSING,NO_VALID_IMAGE_URL,0,0,NONE,0
RMVM_MB_aaad652523,Idoma,Nguyễn Lê,INSTRUMENTAL,MISSING,NO_VALID_IMAGE_URL,0,0,NONE,0
RMVM_MB_41782d441a,Are You Experienced,Nguyễn Lê,INSTRUMENTAL,MISSING,NO_VALID_IMAGE_URL,0,0,NONE,0
RMVM_MB_dcf12ef8de,Third Stone from the Sun,Nguyễn Lê,INSTRUMENTAL,MISSING,NO_VALID_IMAGE_URL,0,0,NONE,0
RMVM_MB_94d6d068e4,Burning of the Midnight Lamp,Nguyễn Lê,INSTRUMENTAL,MISSING,NO_VALID_IMAGE_URL,0,0,NONE,0
RMVM_MB_4c991199af,Three Trios - Silk,Nguyễn Lê,INSTRUMENTAL,MISSING,NO_VALID_IMAGE_URL,0,0,NONE,0
RMVM_MB_2e2e3f17f1,Chàm Islands,Hoàng Tuấn,INSTRUMENTAL,MISSING,NO_VALID_IMAGE_URL,0,0,NONE,0
RMVM_MB_ddb5253536,Đông Ba Market,Hoàng Tuấn,INSTRUMENTAL,MISSING,NO_VALID_IMAGE_URL,0,0,NONE,0
RMVM_MB_e94645c07c,Diệu lý qua cầu,Trần Mạnh Tuấn,INSTRUMENTAL,MISSING,NO_VALID_IMAGE_URL,0,0,NONE,0
RMVM_MB_8a8c8c112e,Chiều tím,Trần Mạnh Tuấn,INSTRUMENTAL,MISSING,NO_VALID_IMAGE_URL,0,0,NONE,0
RMVM_MB_5b2d57aadb,Ru con Nam Bộ,Trần Mạnh Tuấn,INSTRUMENTAL,MISSING,NO_VALID_IMAGE_URL,0,0,NONE,0
RMVM_MB_4c33797d26,Lá thư,Trần Mạnh Tuấn,INSTRUMENTAL,MISSING,NO_VALID_IMAGE_URL,0,0,NONE,0
RMVM_MB_b1e3651e94,Gửi gió cho mây ngàn bay,Trần Mạnh Tuấn,INSTRUMENTAL,MISSING,NO_VALID_IMAGE_URL,0,0,NONE,0
RMVM_MB_f4eaa6aa92,Cát bụi,Trần Mạnh Tuấn,INSTRUMENTAL,MISSING,NO_VALID_IMAGE_URL,0,0,NONE,0
RMVM_MB_87cc395359,Mưa rơi,Trần Mạnh Tuấn,INSTRUMENTAL,MISSING,NO_VALID_IMAGE_URL,0,0,NONE,0
RMVM_MB_c4a6607fd3,Inh lả ơi,Trần Mạnh Tuấn,INSTRUMENTAL,MISSING,NO_VALID_IMAGE_URL,0,0,NONE,0
RMVM_MB_d6cceb302e,Thương nhau ngày mưa,Thúy Hường,FOLK_TRADITIONAL,MISSING,NO_VALID_IMAGE_URL,0,0,NONE,0
RMVM_MB_995f29f493,I'll Be Okay,Thúy Hường,FOLK_TRADITIONAL,MISSING,NO_VALID_IMAGE_URL,0,0,NONE,0
RMVM_MB_e579d5f87e,"Thương Nhau Ngày Mưa, Một Giấc Mơ",Thúy Hường,FOLK_TRADITIONAL,MISSING,NO_VALID_IMAGE_URL,0,0,NONE,0
RMVM_MB_77ca79dd69,Cho anh xin số nhà,Thúy Hường,FOLK_TRADITIONAL,MISSING,NO_VALID_IMAGE_URL,0,0,NONE,0
RMVM_MB_c3b9dcc7ef,Calling for a Boat to Cross the River (vocal solo),Thúy Hường,FOLK_TRADITIONAL,MISSING,NO_VALID_IMAGE_URL,0,0,NONE,0
RMVM_MB_6ea5b908e2,I can lose my heart tonight - Are you man enough,Thúy Hường,FOLK_TRADITIONAL,MISSING,NO_VALID_IMAGE_URL,0,0,NONE,0
RMVM_MB_4835aa5563,Cai Tram Em Cai,Thúy Hường,FOLK_TRADITIONAL,MISSING,NO_VALID_IMAGE_URL,0,0,NONE,0
RMVM_MB_4579526667,Medley CC Catch,Thúy Hường,FOLK_TRADITIONAL,MISSING,NO_VALID_IMAGE_URL,0,0,NONE,0
RMVM_MB_7839598bd4,Đêm phương nam nghe câu hò Huế,Vân Khánh,FOLK_TRADITIONAL,MISSING,NO_VALID_IMAGE_URL,0,0,NONE,0
RMVM_MB_4c0da85a50,Tóc mây,Vân Khánh,FOLK_TRADITIONAL,MISSING,NO_VALID_IMAGE_URL,0,0,NONE,0
RMVM_MB_a04ebf7dcd,Trống vắng,Vân Khánh,FOLK_TRADITIONAL,MISSING,NO_VALID_IMAGE_URL,0,0,NONE,0
RMVM_MB_f68d369c11,Biển cạn,Vân Khánh,FOLK_TRADITIONAL,MISSING,NO_VALID_IMAGE_URL,0,0,NONE,0
RMVM_MB_4d6e2094d1,Sóng về đâu,Vân Khánh,FOLK_TRADITIONAL,MISSING,NO_VALID_IMAGE_URL,0,0,NONE,0
RMVM_MB_1ab8ca796d,Có khi nào,Vân Khánh,FOLK_TRADITIONAL,MISSING,NO_VALID_IMAGE_URL,0,0,NONE,0
RMVM_MB_048eeb1c5d,Trái tim lầm lỡ,Vân Khánh,FOLK_TRADITIONAL,MISSING,NO_VALID_IMAGE_URL,0,0,NONE,0
RMVM_MB_3073bd6084,Tình sử Huyền Trân,Vân Khánh,FOLK_TRADITIONAL,MISSING,NO_VALID_IMAGE_URL,0,0,NONE,0
RMVM_MB_916f5f248e,Người Tình,Hương Lan,FOLK_TRADITIONAL,MISSING,NO_VALID_IMAGE_URL,0,0,NONE,0
RMVM_MB_9e07e25573,Để Trả Lời Một Câu Hỏi,Hương Lan,FOLK_TRADITIONAL,MISSING,NO_VALID_IMAGE_URL,0,0,NONE,0
RMVM_MB_e8112cfc6a,Khối tình Trương Chi,Hương Lan,FOLK_TRADITIONAL,MISSING,NO_VALID_IMAGE_URL,0,0,NONE,0
RMVM_MB_061e6c18eb,Từ đó em buồn,Hương Lan,FOLK_TRADITIONAL,MISSING,NO_VALID_IMAGE_URL,0,0,NONE,0
RMVM_MB_0834dc92e4,Tình đầu,Hương Lan,FOLK_TRADITIONAL,MISSING,NO_VALID_IMAGE_URL,0,0,NONE,0
RMVM_MB_3184c3547d,Hoa thương nhớ ai,Hương Lan,FOLK_TRADITIONAL,MISSING,NO_VALID_IMAGE_URL,0,0,NONE,0
RMVM_MB_3f955ee4fc,Dấu tình sầu,Hương Lan,FOLK_TRADITIONAL,MISSING,NO_VALID_IMAGE_URL,0,0,NONE,0
RMVM_MB_1220d4aee1,Nhớ người ra đi,Hương Lan,FOLK_TRADITIONAL,MISSING,NO_VALID_IMAGE_URL,0,0,NONE,0
RMVM_MB_156b1ded32,Thành phố mưa bay,Quang Linh,FOLK_TRADITIONAL,MISSING,NO_VALID_IMAGE_URL,0,0,NONE,0
RMVM_MB_b6c3ea6511,Kiếp đam mê,Quang Linh,FOLK_TRADITIONAL,MISSING,NO_VALID_IMAGE_URL,0,0,NONE,0
RMVM_MB_639ba9936a,Nửa đêm ngoài phố,Quang Linh,FOLK_TRADITIONAL,MISSING,NO_VALID_IMAGE_URL,0,0,NONE,0
RMVM_MB_21646e7cc4,Tiếng Chim Đa Đa,Quang Linh,FOLK_TRADITIONAL,MISSING,NO_VALID_IMAGE_URL,0,0,NONE,0
RMVM_MB_ccb3465ea0,Huế Buồn Vì Ai,Quang Linh,FOLK_TRADITIONAL,MISSING,NO_VALID_IMAGE_URL,0,0,NONE,0
RMVM_MB_b22f840356,Câu chuyện đầu năm,Quang Linh,FOLK_TRADITIONAL,MISSING,NO_VALID_IMAGE_URL,0,0,NONE,0
RMVM_MB_98c46e8c90,Chiều cuối tuần,Quang Linh,FOLK_TRADITIONAL,MISSING,NO_VALID_IMAGE_URL,0,0,NONE,0
RMVM_MB_880c2f7917,Cỏ úa,Quang Linh,FOLK_TRADITIONAL,MISSING,NO_VALID_IMAGE_URL,0,0,NONE,0
RMVM_MB_7042f8a2ce,Nhớ em câu hát đưa đò,Phi Nhung,FOLK_TRADITIONAL,MISSING,NO_VALID_IMAGE_URL,0,0,NONE,0
RMVM_MB_67922b4dff,Giấc ngủ đầu nôi,Phi Nhung,FOLK_TRADITIONAL,MISSING,NO_VALID_IMAGE_URL,0,0,NONE,0
RMVM_MB_1dc7ccdafe,Chuyến xe lam chiều,Phi Nhung,FOLK_TRADITIONAL,MISSING,NO_VALID_IMAGE_URL,0,0,NONE,0
RMVM_MB_f03d88fdb1,Yêu lầm,Phi Nhung,FOLK_TRADITIONAL,MISSING,NO_VALID_IMAGE_URL,0,0,NONE,0
RMVM_MB_51051cac0e,Đêm tóc rối,Phi Nhung,FOLK_TRADITIONAL,MISSING,NO_VALID_IMAGE_URL,0,0,NONE,0
RMVM_MB_9d9afe9558,Nếu mình thương nhau,Phi Nhung,FOLK_TRADITIONAL,MISSING,NO_VALID_IMAGE_URL,0,0,NONE,0
RMVM_MB_7ef60fa887,Tơ duyên,Phi Nhung,FOLK_TRADITIONAL,MISSING,NO_VALID_IMAGE_URL,0,0,NONE,0
RMVM_MB_22a0f9fd5b,Để tóc nàng ngủ yên,Phi Nhung,FOLK_TRADITIONAL,MISSING,NO_VALID_IMAGE_URL,0,0,NONE,0
RMVM_MB_36647a95a4,Chúc Anh Đài,Lệ Thủy,FOLK_TRADITIONAL,MISSING,NO_VALID_IMAGE_URL,0,0,NONE,0
RMVM_MB_8275139d58,Chờ Định Mệnh Mỉm Cười,Minh Vương,FOLK_TRADITIONAL,MISSING,NO_VALID_IMAGE_URL,0,0,NONE,0
RMVM_MB_f81ac3eef9,Mảnh Ghép Đã Vỡ,Minh Vương,FOLK_TRADITIONAL,MISSING,NO_VALID_IMAGE_URL,0,0,NONE,0
RMVM_MB_266edc5e61,Nỗi Đau Xót Xa,Minh Vương,FOLK_TRADITIONAL,MISSING,NO_VALID_IMAGE_URL,0,0,NONE,0
RMVM_MB_14e68a3363,Giấu Vào Đôi Mắt (instrumental),Minh Vương,FOLK_TRADITIONAL,MISSING,NO_VALID_IMAGE_URL,0,0,NONE,0
RMVM_MB_920674eaa5,Mảnh Ghép Đã Vỡ (instrumental),Minh Vương,FOLK_TRADITIONAL,MISSING,NO_VALID_IMAGE_URL,0,0,NONE,0
RMVM_MB_69da8c96d0,Hát Cho Màn Đêm,Minh Vương,FOLK_TRADITIONAL,MISSING,NO_VALID_IMAGE_URL,0,0,NONE,0
RMVM_MB_238db075e6,Quên Em Để Hạnh Phúc,Minh Vương,FOLK_TRADITIONAL,MISSING,NO_VALID_IMAGE_URL,0,0,NONE,0
RMVM_MB_95fb4406fe,Xin Lỗi Anh Yêu Em,Minh Vương,FOLK_TRADITIONAL,MISSING,NO_VALID_IMAGE_URL,0,0,NONE,0
RMVM_MB_1a508a38dd,Lý cây da (Chant sous le banian) [Comptine du Vietnam],Thanh Ngân,FOLK_TRADITIONAL,MISSING,NO_VALID_IMAGE_URL,0,0,NONE,0
RMVM_MB_044e2f45a2,Le gateau de riz (Thème musical),Thanh Ngân,FOLK_TRADITIONAL,MISSING,NO_VALID_IMAGE_URL,0,0,NONE,0
RMVM_MB_94800732cd,Le buffle noir (Thème musical),Thanh Ngân,FOLK_TRADITIONAL,MISSING,NO_VALID_IMAGE_URL,0,0,NONE,0
RMVM_MB_d5ef9055ca,Con gà trông (Le coq) [Comptine du Vietnam],Thanh Ngân,FOLK_TRADITIONAL,MISSING,NO_VALID_IMAGE_URL,0,0,NONE,0
RMVM_MB_fba5137fc0,Lac d'automne (Thème musical),Thanh Ngân,FOLK_TRADITIONAL,MISSING,NO_VALID_IMAGE_URL,0,0,NONE,0
RMVM_MB_e8e7d0a8c8,Huê (Comptine du Vietnam),Thanh Ngân,FOLK_TRADITIONAL,MISSING,NO_VALID_IMAGE_URL,0,0,NONE,0
RMVM_MB_e4940d62a8,Le tigre la poule et le lièvre (Conte),Thanh Ngân,FOLK_TRADITIONAL,MISSING,NO_VALID_IMAGE_URL,0,0,NONE,0
RMVM_MB_2fb50f5c7c,Le gateau de riz (Conte),Thanh Ngân,FOLK_TRADITIONAL,MISSING,NO_VALID_IMAGE_URL,0,0,NONE,0
RMVM_MB_55dc42b319,Hà Tiên,Ngọc Huyền,FOLK_TRADITIONAL,MISSING,NO_VALID_IMAGE_URL,0,0,NONE,0
RMVM_MB_5c02037bbd,Gánh Hát Rong,Ngọc Huyền,FOLK_TRADITIONAL,MISSING,NO_VALID_IMAGE_URL,0,0,NONE,0
RMVM_MB_7a97eee9ad,Đêm tâm sự,Ngọc Huyền,FOLK_TRADITIONAL,MISSING,NO_VALID_IMAGE_URL,0,0,NONE,0
RMVM_MB_9f6958a0c6,Nguời ở dùng vê (My darling don't leave me),Ngọc Huyền,FOLK_TRADITIONAL,MISSING,NO_VALID_IMAGE_URL,0,0,NONE,0
RMVM_MB_22f1a94553,Còn mãi mùa đông,Ngọc Huyền,FOLK_TRADITIONAL,MISSING,NO_VALID_IMAGE_URL,0,0,NONE,0
RMVM_MB_57c2b33018,Rước tình về với quê hương,Ngọc Huyền,FOLK_TRADITIONAL,MISSING,NO_VALID_IMAGE_URL,0,0,NONE,0
RMVM_MB_6647727eb6,Chuyện tình Lan & Điệp,Ngọc Huyền,FOLK_TRADITIONAL,MISSING,NO_VALID_IMAGE_URL,0,0,NONE,0
RMVM_MB_1eeec14613,Cảm ơn anh,Ngọc Huyền,FOLK_TRADITIONAL,MISSING,NO_VALID_IMAGE_URL,0,0,NONE,0
RMVM_MB_233b831584,Cây trúc xinh,Xuân Mai,CHILDREN,MISSING,NO_VALID_IMAGE_URL,0,0,NONE,0
RMVM_MB_a346fa20db,Six Green And Speckled Frogs,Xuân Mai,CHILDREN,MISSING,NO_VALID_IMAGE_URL,0,0,NONE,0
RMVM_MB_612c40b2f0,Old MacDonal Had A Farm,Xuân Mai,CHILDREN,MISSING,NO_VALID_IMAGE_URL,0,0,NONE,0
RMVM_MB_c82e5ec6bf,Six Gleen And Spekled Frogs,Xuân Mai,CHILDREN,MISSING,NO_VALID_IMAGE_URL,0,0,NONE,0
RMVM_MB_63cd7e3228,Đàn Gà Con,Xuân Mai,CHILDREN,MISSING,NO_VALID_IMAGE_URL,0,0,NONE,0
RMVM_MB_af4792be22,So What,Xuân Mai,CHILDREN,MISSING,NO_VALID_IMAGE_URL,0,0,NONE,0
RMVM_MB_0d4ec0cc6e,Head And Shoulders,Xuân Mai,CHILDREN,MISSING,NO_VALID_IMAGE_URL,0,0,NONE,0
RMVM_MB_53fd0be9a7,Ước Mơ Tuổi Thơ,Xuân Mai,CHILDREN,MISSING,NO_VALID_IMAGE_URL,0,0,NONE,0
RMVM_MB_cb5cec611c,Just You,Wowy,RAP_HIPHOP,MISSING,NO_VALID_IMAGE_URL,0,0,NONE,0
RMVM_MB_2db77272f0,Em Bé,Karik,RAP_HIPHOP,MISSING,NO_VALID_IMAGE_URL,0,0,NONE,0
RMVM_MB_cbf8c04f8e,Bạn Đời,Karik,RAP_HIPHOP,MISSING,NO_VALID_IMAGE_URL,0,0,NONE,0
RMVM_MB_9d0e2fb7e3,Người Lạ Ơi,Karik,RAP_HIPHOP,MISSING,NO_VALID_IMAGE_URL,0,0,NONE,0
RMVM_MB_0e27fdd98b,Kiềng 3 Chân,Karik,RAP_HIPHOP,MISSING,NO_VALID_IMAGE_URL,0,0,NONE,0
RMVM_MB_1f1eec3269,Vì Mẹ Anh Bắt Chia Tay,Karik,RAP_HIPHOP,MISSING,NO_VALID_IMAGE_URL,0,0,NONE,0
RMVM_MB_bf1a15eaa4,Việt Nam Hết Mình,Karik,RAP_HIPHOP,MISSING,NO_VALID_IMAGE_URL,0,0,NONE,0
RMVM_MB_8b5b6a37f0,Turkisk Peppar,Karik,RAP_HIPHOP,MISSING,NO_VALID_IMAGE_URL,0,0,NONE,0
RMVM_MB_21ff60fd1f,Việt Nam Tử Tế,Karik,RAP_HIPHOP,MISSING,NO_VALID_IMAGE_URL,0,0,NONE,0
RMVM_MB_5a22173b24,Yêu 5,Rhymastic,RAP_HIPHOP,MISSING,NO_VALID_IMAGE_URL,0,0,NONE,0
RMVM_MB_b29af96476,Lặng,Rhymastic,RAP_HIPHOP,MISSING,NO_VALID_IMAGE_URL,0,0,NONE,0
RMVM_MB_290891726f,Nến Và Hoa,Rhymastic,RAP_HIPHOP,MISSING,NO_VALID_IMAGE_URL,0,0,NONE,0
RMVM_MB_1bccdf2d53,Sẽ Quên Em Nhanh Thôi,Rhymastic,RAP_HIPHOP,MISSING,NO_VALID_IMAGE_URL,0,0,NONE,0
RMVM_MB_6a00536449,Đêm Cô Đơn,Rhymastic,RAP_HIPHOP,MISSING,NO_VALID_IMAGE_URL,0,0,NONE,0
RMVM_MB_e29c288e51,Final Form,Rhymastic,RAP_HIPHOP,MISSING,NO_VALID_IMAGE_URL,0,0,NONE,0
RMVM_MB_b62b0c5732,Giữ Anh Cho Ngày Hôm Qua,Rhymastic,RAP_HIPHOP,MISSING,NO_VALID_IMAGE_URL,0,0,NONE,0
RMVM_MB_5d80336c5c,Cứ Chill Thôi,Rhymastic,RAP_HIPHOP,MISSING,NO_VALID_IMAGE_URL,0,0,NONE,0
RMVM_MB_2bf2ba934b,King,Binz,RAP_HIPHOP,MISSING,NO_VALID_IMAGE_URL,0,0,NONE,0
RMVM_MB_2fc870c88c,Overture,Binz,RAP_HIPHOP,MISSING,NO_VALID_IMAGE_URL,0,0,NONE,0
RMVM_MB_feb2733c23,Bao Giờ Mới Nói,Binz,RAP_HIPHOP,MISSING,NO_VALID_IMAGE_URL,0,0,NONE,0
RMVM_MB_ee7dde204b,Con Nít,Binz,RAP_HIPHOP,MISSING,NO_VALID_IMAGE_URL,0,0,NONE,0
RMVM_MB_f6588bda2e,Men Cry,Binz,RAP_HIPHOP,MISSING,NO_VALID_IMAGE_URL,0,0,NONE,0
RMVM_MB_0d21d3b03e,Outro,Binz,RAP_HIPHOP,MISSING,NO_VALID_IMAGE_URL,0,0,NONE,0
RMVM_MB_20e7396ca7,Intro,Binz,RAP_HIPHOP,MISSING,NO_VALID_IMAGE_URL,0,0,NONE,0
RMVM_MB_e2865a43ef,Hững Hờ,Binz,RAP_HIPHOP,MISSING,NO_VALID_IMAGE_URL,0,0,NONE,0
RMVM_MB_5f8b34ff2b,TOKYO Cypher,16 Typh,RAP_HIPHOP,MISSING,NO_VALID_IMAGE_URL,0,0,NONE,0
RMVM_MB_55455a6451,CHẤT ÊM. MY GAME,16 Typh,RAP_HIPHOP,MISSING,NO_VALID_IMAGE_URL,0,0,NONE,0
RMVM_MB_5c9c1d9aa8,ĐƯA EM VÀO TRÒNG,GDucky,RAP_HIPHOP,MISSING,NO_VALID_IMAGE_URL,0,0,NONE,0
RMVM_MB_cda5178ff2,Eerst wil je dit… (Some Girls),Ricky Star,RAP_HIPHOP,MISSING,NO_VALID_IMAGE_URL,0,0,NONE,0
RMVM_MB_bc546af095,"Liefste, waar ben je",Ricky Star,RAP_HIPHOP,MISSING,NO_VALID_IMAGE_URL,0,0,NONE,0
RMVM_MB_5d56c3cff2,Oh Rosie,Ricky Star,RAP_HIPHOP,MISSING,NO_VALID_IMAGE_URL,0,0,NONE,0
RMVM_MB_69ed0f7a28,De wilde jaren,Ricky Star,RAP_HIPHOP,MISSING,NO_VALID_IMAGE_URL,0,0,NONE,0
RMVM_MB_89da201a14,Diana,Ricky Star,RAP_HIPHOP,MISSING,NO_VALID_IMAGE_URL,0,0,NONE,0
RMVM_MB_b5eb9d2a45,Wanda,Ricky Star,RAP_HIPHOP,MISSING,NO_VALID_IMAGE_URL,0,0,NONE,0
RMVM_MB_8cc48b22a2,Sao Anh Chưa Về Nhà,Ricky Star,RAP_HIPHOP,MISSING,NO_VALID_IMAGE_URL,0,0,NONE,0
RMVM_MB_299de80fff,Vui Như Tết,Ricky Star,RAP_HIPHOP,MISSING,NO_VALID_IMAGE_URL,0,0,NONE,0
RMVM_MB_76ab76b7f3,Remember Me (SlimV Mix),SlimV,DANCE_EDM,MISSING,NO_VALID_IMAGE_URL,0,0,NONE,0
RMVM_MB_6846f9cdf1,Em Ơi Cứ Vui,SlimV,DANCE_EDM,MISSING,NO_VALID_IMAGE_URL,0,0,NONE,0
RMVM_MB_581688a5d7,Em Mới Là Người Yêu Anh (Acoustic Version),Min,RB_SOUL,MISSING,NO_VALID_IMAGE_URL,0,0,NONE,0
RMVM_MB_181c9bb68a,I Heart You,Min,RB_SOUL,MISSING,NO_VALID_IMAGE_URL,0,0,NONE,0
RMVM_MB_8eb09ffa30,Điều Em Khó Nói,Min,RB_SOUL,MISSING,NO_VALID_IMAGE_URL,0,0,NONE,0
RMVM_MB_5c26b422b1,fragile (intro),Min,RB_SOUL,MISSING,NO_VALID_IMAGE_URL,0,0,NONE,0
RMVM_MB_1120ae8e13,phải viết bao nhiêu bản tình ca,Min,RB_SOUL,MISSING,NO_VALID_IMAGE_URL,0,0,NONE,0
RMVM_MB_e0de7b78e1,Up To You,Min,RB_SOUL,MISSING,NO_VALID_IMAGE_URL,0,0,NONE,0
RMVM_MB_e8fa1a0430,Up To You (Remix),Min,RB_SOUL,MISSING,NO_VALID_IMAGE_URL,0,0,NONE,0
RMVM_MB_f5f9830ca2,Got to Be Real (TK Groove),Erik,RB_SOUL,MISSING,NO_VALID_IMAGE_URL,0,0,NONE,0
RMVM_MB_94895b02b0,Got to Be Real (J & S Disco Bunny),Erik,RB_SOUL,MISSING,NO_VALID_IMAGE_URL,0,0,NONE,0
RMVM_MB_d3575f9faa,Write It Down,Erik,RB_SOUL,MISSING,NO_VALID_IMAGE_URL,0,0,NONE,0
RMVM_MB_84aee52d64,Under snötäcktet,Erik,RB_SOUL,MISSING,NO_VALID_IMAGE_URL,0,0,NONE,0
RMVM_MB_6178593b3f,We Got the Love (Paul Gotel club mix),Erik,RB_SOUL,MISSING,NO_VALID_IMAGE_URL,0,0,NONE,0
RMVM_MB_18fcb414c2,Rebel Woman,Erik,RB_SOUL,MISSING,NO_VALID_IMAGE_URL,0,0,NONE,0
RMVM_MB_1119e25ca0,KHIÊU VŨ DƯỚI TRĂNG,Erik,RB_SOUL,MISSING,NO_VALID_IMAGE_URL,0,0,NONE,0
RMVM_MB_4d53f624ab,We Got the Love (Loveland 7″ edit),Erik,RB_SOUL,MISSING,NO_VALID_IMAGE_URL,0,0,NONE,0
RMVM_MB_24304714cc,Hẹn Yêu,Vũ Cát Tường,RB_SOUL,MISSING,NO_VALID_IMAGE_URL,0,0,NONE,0
RMVM_MB_693fcc04bf,San Francisco,Vũ Cát Tường,RB_SOUL,MISSING,NO_VALID_IMAGE_URL,0,0,NONE,0
RMVM_MB_8172ddbb70,Stardom,Vũ Cát Tường,RB_SOUL,MISSING,NO_VALID_IMAGE_URL,0,0,NONE,0
RMVM_MB_14c6d9c81c,Góc Ban Công (Unplugged),Vũ Cát Tường,RB_SOUL,MISSING,NO_VALID_IMAGE_URL,0,0,NONE,0
RMVM_MB_c00d388bf8,Stardom (Unplugged),Vũ Cát Tường,RB_SOUL,MISSING,NO_VALID_IMAGE_URL,0,0,NONE,0
RMVM_MB_4b783561ad,Mơ (Unplugged),Vũ Cát Tường,RB_SOUL,MISSING,NO_VALID_IMAGE_URL,0,0,NONE,0
RMVM_MB_a193094a40,Mong Cho Anh (Unplugged),Vũ Cát Tường,RB_SOUL,MISSING,NO_VALID_IMAGE_URL,0,0,NONE,0
RMVM_MB_4e43eb6802,Hỏi Thăm,Vũ Cát Tường,RB_SOUL,MISSING,NO_VALID_IMAGE_URL,0,0,NONE,0
RMVM_MB_603cf18c97,Sunset In The City - Deluxe Version,SOOBIN,RB_SOUL,MISSING,NO_VALID_IMAGE_URL,0,0,NONE,0
RMVM_MB_69d3a5ef3e,Giá Như,SOOBIN,RB_SOUL,MISSING,NO_VALID_IMAGE_URL,0,0,NONE,0
RMVM_MB_a9f5f17a6b,DANCING IN THE DARK,SOOBIN,RB_SOUL,MISSING,NO_VALID_IMAGE_URL,0,0,NONE,0
RMVM_MB_52102cb7b0,Heyyy,SOOBIN,RB_SOUL,MISSING,NO_VALID_IMAGE_URL,0,0,NONE,0
RMVM_MB_5ee427d463,Sẽ Quên Em Nhanh Thôi,SOOBIN,RB_SOUL,MISSING,NO_VALID_IMAGE_URL,0,0,NONE,0
RMVM_MB_2556a0c9f2,Bật Nó Lên,SOOBIN,RB_SOUL,MISSING,NO_VALID_IMAGE_URL,0,0,NONE,0
RMVM_MB_528b7fc2c0,BlackJack,SOOBIN,RB_SOUL,MISSING,NO_VALID_IMAGE_URL,0,0,NONE,0
RMVM_MB_855d5fab9c,Phía Sau Một Cô Gái,SOOBIN,RB_SOUL,MISSING,NO_VALID_IMAGE_URL,0,0,NONE,0
RMVM_MB_4c5bada3d4,Vì Tôi Còn Sống (Dsmall remix),Tiên Tiên,RB_SOUL,MISSING,NO_VALID_IMAGE_URL,0,0,NONE,0
RMVM_MB_5d3d16b58c,Say You Do (Beat),Tiên Tiên,RB_SOUL,MISSING,NO_VALID_IMAGE_URL,0,0,NONE,0
RMVM_MB_cf68a9a8e1,My Everything (Beat),Tiên Tiên,RB_SOUL,MISSING,NO_VALID_IMAGE_URL,0,0,NONE,0
RMVM_MB_4318fcbd81,Vì Tôi Còn Sống,Tiên Tiên,RB_SOUL,MISSING,NO_VALID_IMAGE_URL,0,0,NONE,0
RMVM_MB_e42c9f2529,My Everything (Deephouse version...),Tiên Tiên,RB_SOUL,MISSING,NO_VALID_IMAGE_URL,0,0,NONE,0
RMVM_MB_7126d82d88,My Everything,Tiên Tiên,RB_SOUL,MISSING,NO_VALID_IMAGE_URL,0,0,NONE,0
RMVM_MB_8afd0647a9,My Everything (Acousticbeat),Tiên Tiên,RB_SOUL,MISSING,NO_VALID_IMAGE_URL,0,0,NONE,0
RMVM_MB_905e425f87,Say You Do,Tiên Tiên,RB_SOUL,MISSING,NO_VALID_IMAGE_URL,0,0,NONE,0
RMVM_MB_4f7f23286e,Anh Đánh Rơi Người Yêu Này,Andiez,RB_SOUL,MISSING,NO_VALID_IMAGE_URL,0,0,NONE,0
RMVM_MB_3905fb57d5,cô ấy của anh ấy,Kai Đinh,RB_SOUL,MISSING,NO_VALID_IMAGE_URL,0,0,NONE,0
RMVM_MB_075031b05c,favourite liar,Kai Đinh,RB_SOUL,MISSING,NO_VALID_IMAGE_URL,0,0,NONE,0
RMVM_MB_8795dc345c,20 25 30,Kai Đinh,RB_SOUL,MISSING,NO_VALID_IMAGE_URL,0,0,NONE,0
RMVM_MB_aa5d3b8c21,lời tạm biệt chưa nói,Kai Đinh,RB_SOUL,MISSING,NO_VALID_IMAGE_URL,0,0,NONE,0
RMVM_MB_4c1203aae0,không biết nên vui hay buồn,Kai Đinh,RB_SOUL,MISSING,NO_VALID_IMAGE_URL,0,0,NONE,0
RMVM_MB_7c3df11920,Trái đất ôm Mặt trời,Kai Đinh,RB_SOUL,MISSING,NO_VALID_IMAGE_URL,0,0,NONE,0
RMVM_MB_c9c7a5d5f0,Hoa Ban Nhỏ Bé,Kai Đinh,RB_SOUL,MISSING,NO_VALID_IMAGE_URL,0,0,NONE,0
RMVM_MB_4196d4edd9,Kilo,Monstar,RB_SOUL,MISSING,NO_VALID_IMAGE_URL,0,0,NONE,0
RMVM_MB_c80d0d700f,Let The Music,Monstar,RB_SOUL,MISSING,NO_VALID_IMAGE_URL,0,0,NONE,0
RMVM_MB_5b50b6bc65,Face Fucking Bass,Monstar,RB_SOUL,MISSING,NO_VALID_IMAGE_URL,0,0,NONE,0
RMVM_MB_5d6c7ea321,Harder,Monstar,RB_SOUL,MISSING,NO_VALID_IMAGE_URL,0,0,NONE,0
RMVM_MB_67145da2dd,Put Ya Hands Up,Monstar,RB_SOUL,MISSING,NO_VALID_IMAGE_URL,0,0,NONE,0
RMVM_MB_b6140e2196,Wonderboy (Vodge Diper remix),Monstar,RB_SOUL,MISSING,NO_VALID_IMAGE_URL,0,0,NONE,0
RMVM_MB_c7daeb42f9,Entfesselt,Monstar,RB_SOUL,MISSING,NO_VALID_IMAGE_URL,0,0,NONE,0
RMVM_MB_3c70891466,Bastard,Monstar,RB_SOUL,MISSING,NO_VALID_IMAGE_URL,0,0,NONE,0
RMVM_MB_7ba09015a6,Track 8,Grey D,RB_SOUL,MISSING,NO_VALID_IMAGE_URL,0,0,NONE,0
RMVM_MB_c6f1206f5c,Track 10,Grey D,RB_SOUL,MISSING,NO_VALID_IMAGE_URL,0,0,NONE,0
RMVM_MB_49693ba016,Track 12,Grey D,RB_SOUL,MISSING,NO_VALID_IMAGE_URL,0,0,NONE,0
RMVM_MB_26426e769a,yêu em như…,Grey D,RB_SOUL,MISSING,NO_VALID_IMAGE_URL,0,0,NONE,0
RMVM_MB_1baeec11a5,Track 11,Grey D,RB_SOUL,MISSING,NO_VALID_IMAGE_URL,0,0,NONE,0
RMVM_MB_b5edec1e09,tựa đầu,Grey D,RB_SOUL,MISSING,NO_VALID_IMAGE_URL,0,0,NONE,0
RMVM_MB_c3508193b1,dự báo thời tiết hôm nay mưa,Grey D,RB_SOUL,MISSING,NO_VALID_IMAGE_URL,0,0,NONE,0
RMVM_MB_eba3c0d0ce,tỉnh thức sau giấc ngủ đông,Grey D,RB_SOUL,MISSING,NO_VALID_IMAGE_URL,0,0,NONE,0
RMVM_MB_38bf5748a2,Còn thấy mặt người,Khánh Ly,NHAC_TRINH,MISSING,NO_VALID_IMAGE_URL,0,0,NONE,0
RMVM_MB_30150b5046,Sabaku,Khánh Ly,NHAC_TRINH,MISSING,NO_VALID_IMAGE_URL,0,0,NONE,0
RMVM_MB_b2e8810b53,Nhạc Hòa Tấu,Khánh Ly,NHAC_TRINH,MISSING,NO_VALID_IMAGE_URL,0,0,NONE,0
RMVM_MB_966b0bfdba,Mưa hồng,Khánh Ly,NHAC_TRINH,MISSING,NO_VALID_IMAGE_URL,0,0,NONE,0
RMVM_MB_0d2ebee4c3,Mùa thu mây ngàn,Khánh Ly,NHAC_TRINH,MISSING,NO_VALID_IMAGE_URL,0,0,NONE,0
RMVM_MB_b30d269960,Nhìn những mùa thu đi,Khánh Ly,NHAC_TRINH,MISSING,NO_VALID_IMAGE_URL,0,0,NONE,0
RMVM_MB_4ad7a367ac,Tình xa,Khánh Ly,NHAC_TRINH,MISSING,NO_VALID_IMAGE_URL,0,0,NONE,0
RMVM_MB_1bc6d245be,Cát bụi,Khánh Ly,NHAC_TRINH,MISSING,NO_VALID_IMAGE_URL,0,0,NONE,0
RMVM_MB_c5c1206fff,Môi hồng đào,Trịnh Vĩnh Trinh,NHAC_TRINH,MISSING,NO_VALID_IMAGE_URL,0,0,NONE,0
RMVM_MB_290cb74219,Một cõi đi về,Trịnh Vĩnh Trinh,NHAC_TRINH,MISSING,NO_VALID_IMAGE_URL,0,0,NONE,0
RMVM_MB_1d932be2a3,Còn tuổi nào cho em,Trịnh Vĩnh Trinh,NHAC_TRINH,MISSING,NO_VALID_IMAGE_URL,0,0,NONE,0
RMVM_MB_1cab8edf14,Người về tương tư,Ánh Tuyết,NHAC_TRINH,MISSING,NO_VALID_IMAGE_URL,0,0,NONE,0
RMVM_MB_414c4e1558,Tình phụ,Ánh Tuyết,NHAC_TRINH,MISSING,NO_VALID_IMAGE_URL,0,0,NONE,0
RMVM_MB_ae219a4416,Hai mươi năm tình sầu,Ánh Tuyết,NHAC_TRINH,MISSING,NO_VALID_IMAGE_URL,0,0,NONE,0
RMVM_MB_bf9269dcb3,Tình nghệ sĩ,Ánh Tuyết,NHAC_TRINH,MISSING,NO_VALID_IMAGE_URL,0,0,NONE,0
RMVM_MB_18b3ff9355,Trương chi,Ánh Tuyết,NHAC_TRINH,MISSING,NO_VALID_IMAGE_URL,0,0,NONE,0
RMVM_MB_94fc086517,Thu cô liêu,Ánh Tuyết,NHAC_TRINH,MISSING,NO_VALID_IMAGE_URL,0,0,NONE,0
RMVM_MB_6b274fe00e,Em xa rồi,Ánh Tuyết,NHAC_TRINH,MISSING,NO_VALID_IMAGE_URL,0,0,NONE,0
RMVM_MB_b526361d85,Anh đã phụ em,Ánh Tuyết,NHAC_TRINH,MISSING,NO_VALID_IMAGE_URL,0,0,NONE,0
RMVM_MB_da2575c983,Nắng hạ,Trần Thái Hòa,NHAC_TRINH,MISSING,NO_VALID_IMAGE_URL,0,0,NONE,0
RMVM_MB_13042ffd9c,Mái tranh chiều,Trần Thái Hòa,NHAC_TRINH,MISSING,NO_VALID_IMAGE_URL,0,0,NONE,0
RMVM_MB_7bf09882d0,Muộn,Trần Thái Hòa,NHAC_TRINH,MISSING,NO_VALID_IMAGE_URL,0,0,NONE,0
RMVM_MB_b25294b59e,Tình rơi,Trần Thái Hòa,NHAC_TRINH,MISSING,NO_VALID_IMAGE_URL,0,0,NONE,0
RMVM_MB_10cd2b734f,Tiếng mưa đêm,Trần Thái Hòa,NHAC_TRINH,MISSING,NO_VALID_IMAGE_URL,0,0,NONE,0
RMVM_MB_ab90c64037,Quen Di Tinh Yeu Cu,Trần Thái Hòa,NHAC_TRINH,MISSING,NO_VALID_IMAGE_URL,0,0,NONE,0
RMVM_MB_76c88049ac,Rưng rưng lệ,Trần Thái Hòa,NHAC_TRINH,MISSING,NO_VALID_IMAGE_URL,0,0,NONE,0
RMVM_MB_f78539ed5e,Con đường tình ta đi,Trần Thái Hòa,NHAC_TRINH,MISSING,NO_VALID_IMAGE_URL,0,0,NONE,0
RMVM_MB_17f7529a36,Tình thắm duyên quê,Bảo Yến,NHAC_TRINH,MISSING,NO_VALID_IMAGE_URL,0,0,NONE,0
RMVM_MB_fda568cdfc,Mây xưa,Bảo Yến,NHAC_TRINH,MISSING,NO_VALID_IMAGE_URL,0,0,NONE,0
RMVM_MB_99dec1f5f2,Bài ca dao đầu đời,Bảo Yến,NHAC_TRINH,MISSING,NO_VALID_IMAGE_URL,0,0,NONE,0
RMVM_MB_10a064ce18,Những lời này cho anh,Bảo Yến,NHAC_TRINH,MISSING,NO_VALID_IMAGE_URL,0,0,NONE,0
RMVM_MB_0b06b4610b,Nửa đêm ngoài phố,Bảo Yến,NHAC_TRINH,MISSING,NO_VALID_IMAGE_URL,0,0,NONE,0
RMVM_MB_9236b890b5,Định mệnh,Bảo Yến,NHAC_TRINH,MISSING,NO_VALID_IMAGE_URL,0,0,NONE,0
RMVM_MB_3c497ff856,Nước mắt muộn màng,Bảo Yến,NHAC_TRINH,MISSING,NO_VALID_IMAGE_URL,0,0,NONE,0
RMVM_MB_ab00cb0ad8,Vọng vu lan,Bảo Yến,NHAC_TRINH,MISSING,NO_VALID_IMAGE_URL,0,0,NONE,0
RMVM_MB_d81829a98b,Ướt mi,Lệ Thu,NHAC_TRINH,MISSING,NO_VALID_IMAGE_URL,0,0,NONE,0
RMVM_MB_ca1811f590,Hát cho người nằm xuống,Lệ Thu,NHAC_TRINH,MISSING,NO_VALID_IMAGE_URL,0,0,NONE,0
RMVM_MB_8835c2f801,Xin còn gọi tên nhau,Lệ Thu,NHAC_TRINH,MISSING,NO_VALID_IMAGE_URL,0,0,NONE,0
RMVM_MB_75d1ffb123,Giáng ngọc,Lệ Thu,NHAC_TRINH,MISSING,NO_VALID_IMAGE_URL,0,0,NONE,0
RMVM_MB_170789e3a7,Lệ đá,Lệ Thu,NHAC_TRINH,MISSING,NO_VALID_IMAGE_URL,0,0,NONE,0
RMVM_MB_ae26018c59,Tuổi đá buồn,Lệ Thu,NHAC_TRINH,MISSING,NO_VALID_IMAGE_URL,0,0,NONE,0
RMVM_MB_15be6b35c6,Về Miền Trung,Lệ Thu,NHAC_TRINH,MISSING,NO_VALID_IMAGE_URL,0,0,NONE,0
RMVM_MB_e91bc26a73,Tình hoài hương,Lệ Thu,NHAC_TRINH,MISSING,NO_VALID_IMAGE_URL,0,0,NONE,0
RMVM_MB_83b1f242a4,Người Lữ Hành Trong Mưa,Ý Lan,NHAC_TRINH,MISSING,NO_VALID_IMAGE_URL,0,0,NONE,0
RMVM_MB_8d7e987126,Tình,Ý Lan,NHAC_TRINH,MISSING,NO_VALID_IMAGE_URL,0,0,NONE,0
RMVM_MB_4c3d6c561a,Bên đời hiu quạnh,Ý Lan,NHAC_TRINH,MISSING,NO_VALID_IMAGE_URL,0,0,NONE,0
RMVM_MB_6698449515,Về thăm mái trường xưa,Ý Lan,NHAC_TRINH,MISSING,NO_VALID_IMAGE_URL,0,0,NONE,0
RMVM_MB_222c762868,Tình Kỹ Nữ,Ý Lan,NHAC_TRINH,MISSING,NO_VALID_IMAGE_URL,0,0,NONE,0
RMVM_MB_dd3e8a2c43,Yêu dại khờ,Ý Lan,NHAC_TRINH,MISSING,NO_VALID_IMAGE_URL,0,0,NONE,0
RMVM_MB_46eda9ca7b,Ở trọ,Ý Lan,NHAC_TRINH,MISSING,NO_VALID_IMAGE_URL,0,0,NONE,0
RMVM_MB_79d2e41f56,Gái xuân,Ý Lan,NHAC_TRINH,MISSING,NO_VALID_IMAGE_URL,0,0,NONE,0
RMVM_MB_f256a2c738,Nỗi đau còn mãi,Lê Hiếu,NHAC_TRINH,MISSING,NO_VALID_IMAGE_URL,0,0,NONE,0
RMVM_MB_a24c013b91,Khúc thụy du,Lê Hiếu,NHAC_TRINH,MISSING,NO_VALID_IMAGE_URL,0,0,NONE,0
RMVM_MB_a3d9ae8e28,Chỉ còn những kỷ niệm,Lê Hiếu,NHAC_TRINH,MISSING,NO_VALID_IMAGE_URL,0,0,NONE,0
RMVM_MB_0d2b2e7503,Hãy yêu thật lòng,Lê Hiếu,NHAC_TRINH,MISSING,NO_VALID_IMAGE_URL,0,0,NONE,0
RMVM_MB_58d0dee78b,Bây giờ tháng mấy,Lê Hiếu,NHAC_TRINH,MISSING,NO_VALID_IMAGE_URL,0,0,NONE,0
RMVM_MB_14b66bc3ce,Tôi muốn,Lê Hiếu,NHAC_TRINH,MISSING,NO_VALID_IMAGE_URL,0,0,NONE,0
RMVM_MB_bee1b63b14,Tình Nghĩa Đôi Ta Chỉ Thế Thôi,Lê Hiếu,NHAC_TRINH,MISSING,NO_VALID_IMAGE_URL,0,0,NONE,0
RMVM_MB_9fd92feea1,Nỗi Lòng Người Đi,Lê Hiếu,NHAC_TRINH,MISSING,NO_VALID_IMAGE_URL,0,0,NONE,0
RMVM_MB_a0a01ba6d8,Giọt sương trên mí mắt,Bằng Kiều,NHAC_TRINH,MISSING,NO_VALID_IMAGE_URL,0,0,NONE,0
RMVM_MB_e865f0ce6f,Xin đừng quay lại,Bằng Kiều,NHAC_TRINH,MISSING,NO_VALID_IMAGE_URL,0,0,NONE,0
RMVM_MB_5304b2af3b,Giá băng,Bằng Kiều,NHAC_TRINH,MISSING,NO_VALID_IMAGE_URL,0,0,NONE,0
RMVM_MB_1d2c3eebce,Cửa sổ mùa đông,Bằng Kiều,NHAC_TRINH,MISSING,NO_VALID_IMAGE_URL,0,0,NONE,0
RMVM_MB_29ace87c2e,Mơ về em,Bằng Kiều,NHAC_TRINH,MISSING,NO_VALID_IMAGE_URL,0,0,NONE,0
RMVM_MB_8b8fe12bb7,Điệu valse buồn cho em,Bằng Kiều,NHAC_TRINH,MISSING,NO_VALID_IMAGE_URL,0,0,NONE,0
RMVM_MB_94ec4fda8e,Bài ngợi ca tình yêu,Bằng Kiều,NHAC_TRINH,MISSING,NO_VALID_IMAGE_URL,0,0,NONE,0
RMVM_MB_f0d23af2e7,Chạy trốn,Bằng Kiều,NHAC_TRINH,MISSING,NO_VALID_IMAGE_URL,0,0,NONE,0
RMVM_MB_64fb842b4c,Cô đơn,Microwave,ROCK,MISSING,NO_VALID_IMAGE_URL,0,0,NONE,0
RMVM_MB_9f94057d3b,Không tên,Microwave,ROCK,MISSING,NO_VALID_IMAGE_URL,0,0,NONE,0
RMVM_MB_02a91fe113,Trái tim dũng cảm,Microwave,ROCK,MISSING,NO_VALID_IMAGE_URL,0,0,NONE,0
RMVM_MB_126c29289b,Tìm lại,Microwave,ROCK,MISSING,NO_VALID_IMAGE_URL,0,0,NONE,0
RMVM_MB_0ef66cab28,Ước mơ,Microwave,ROCK,MISSING,NO_VALID_IMAGE_URL,0,0,NONE,0
RMVM_MB_375983f795,Lối thoát,Microwave,ROCK,MISSING,NO_VALID_IMAGE_URL,0,0,NONE,0
RMVM_MB_b67cf8600b,Mộng du (remix),Microwave,ROCK,MISSING,NO_VALID_IMAGE_URL,0,0,NONE,0
RMVM_MB_8f2589c56f,Sai,Microwave,ROCK,MISSING,NO_VALID_IMAGE_URL,0,0,NONE,0
RMVM_MB_970fbfd8e4,Mộ gió,Unlimited,ROCK,MISSING,NO_VALID_IMAGE_URL,0,0,NONE,0
RMVM_MB_fafd7345aa,Linh hồn vẫn tồn tại,Unlimited,ROCK,MISSING,NO_VALID_IMAGE_URL,0,0,NONE,0
RMVM_MB_eace399a4a,For rest,Unlimited,ROCK,MISSING,NO_VALID_IMAGE_URL,0,0,NONE,0
RMVM_MB_2cb80083c8,Sunshine,Unlimited,ROCK,MISSING,NO_VALID_IMAGE_URL,0,0,NONE,0
RMVM_MB_c2a7c3de4d,Perfect Wave,Unlimited,ROCK,MISSING,NO_VALID_IMAGE_URL,0,0,NONE,0
RMVM_MB_5fae2126e6,The Secret Planet,Unlimited,ROCK,MISSING,NO_VALID_IMAGE_URL,0,0,NONE,0
RMVM_MB_f5a765933c,Transmigration,Unlimited,ROCK,MISSING,NO_VALID_IMAGE_URL,0,0,NONE,0
RMVM_MB_4ed47cb0d7,Wrecked Groooves,Unlimited,ROCK,MISSING,NO_VALID_IMAGE_URL,0,0,NONE,0
RMVM_MB_aa3d039031,Old New,Cát,ROCK,MISSING,NO_VALID_IMAGE_URL,0,0,NONE,0
RMVM_MB_86f5278856,Tee Päivistäni Yöt,Cát,ROCK,MISSING,NO_VALID_IMAGE_URL,0,0,NONE,0
RMVM_MB_192ddc1b48,Go Home,Cát,ROCK,MISSING,NO_VALID_IMAGE_URL,0,0,NONE,0
RMVM_MB_1eb205b54f,Hate Me,Cát,ROCK,MISSING,NO_VALID_IMAGE_URL,0,0,NONE,0
RMVM_MB_d7428feabe,Uralba,Cát,ROCK,MISSING,NO_VALID_IMAGE_URL,0,0,NONE,0
RMVM_MB_20c4bd22ce,Keys and Locks Don’t Work,Cát,ROCK,MISSING,NO_VALID_IMAGE_URL,0,0,NONE,0
RMVM_MB_f7ead42fe5,Water Goes,Cát,ROCK,MISSING,NO_VALID_IMAGE_URL,0,0,NONE,0
RMVM_MB_6d839e3786,Pavement,Cát,ROCK,MISSING,NO_VALID_IMAGE_URL,0,0,NONE,0
RMVM_MB_cdf0d0b8aa,Yêu,7UPPERCUTS,ROCK,MISSING,NO_VALID_IMAGE_URL,0,0,NONE,0
RMVM_MB_83d9854fb5,Duma Song,7UPPERCUTS,ROCK,MISSING,NO_VALID_IMAGE_URL,0,0,NONE,0
RMVM_MB_eeee874b24,Trốn Tìm (Remastered 2024),7UPPERCUTS,ROCK,MISSING,NO_VALID_IMAGE_URL,0,0,NONE,0
RMVM_MB_436a383e53,Ánh,7UPPERCUTS,ROCK,MISSING,NO_VALID_IMAGE_URL,0,0,NONE,0
RMVM_MB_e8d5f936ee,Màu Áo Học Trò,7UPPERCUTS,ROCK,MISSING,NO_VALID_IMAGE_URL,0,0,NONE,0
RMVM_MB_5b48174ad0,Duma Song (Instrumental),7UPPERCUTS,ROCK,MISSING,NO_VALID_IMAGE_URL,0,0,NONE,0
RMVM_MB_f0027b19ec,Nắng mới,Thủy Triều Đỏ,ROCK,MISSING,NO_VALID_IMAGE_URL,0,0,NONE,0
RMVM_MB_1f0c30571f,Người hát rong,Thủy Triều Đỏ,ROCK,MISSING,NO_VALID_IMAGE_URL,0,0,NONE,0
RMVM_MB_1461b30905,Thời gian (instrumental),Thủy Triều Đỏ,ROCK,MISSING,NO_VALID_IMAGE_URL,0,0,NONE,0
RMVM_MB_2ed471c3b5,Bạn bè,Thủy Triều Đỏ,ROCK,MISSING,NO_VALID_IMAGE_URL,0,0,NONE,0
RMVM_MB_3435a420c5,Chuyện tình chiếc dây đàn,Thủy Triều Đỏ,ROCK,MISSING,NO_VALID_IMAGE_URL,0,0,NONE,0
RMVM_MB_57ce038416,Mái ấm,Thủy Triều Đỏ,ROCK,MISSING,NO_VALID_IMAGE_URL,0,0,NONE,0
RMVM_MB_471ab39dbf,Rose,Windrunner,ROCK,MISSING,NO_VALID_IMAGE_URL,0,0,NONE,0
RMVM_MB_bcb9d2acf5,Raven,Windrunner,ROCK,MISSING,NO_VALID_IMAGE_URL,0,0,NONE,0
RMVM_MB_86cf6399de,Cedar (Reimagined),Windrunner,ROCK,MISSING,NO_VALID_IMAGE_URL,0,0,NONE,0
RMVM_MB_e33c298906,Lotus (Reimagined),Windrunner,ROCK,MISSING,NO_VALID_IMAGE_URL,0,0,NONE,0
RMVM_MB_b49a41bb6b,Orchid (DA remix),Windrunner,ROCK,MISSING,NO_VALID_IMAGE_URL,0,0,NONE,0
RMVM_MB_d62fc30c64,Lavender,Windrunner,ROCK,MISSING,NO_VALID_IMAGE_URL,0,0,NONE,0
RMVM_MB_ea48c1b869,Expand the Room (original dub),The Light,ROCK,MISSING,NO_VALID_IMAGE_URL,0,0,NONE,0
RMVM_MB_f4fef5e6e3,Expand the Room (Rennie Pilgrem mix),The Light,ROCK,MISSING,NO_VALID_IMAGE_URL,0,0,NONE,0
RMVM_MB_b3de0a6308,Thinkin' About... (original mix edit),The Light,ROCK,MISSING,NO_VALID_IMAGE_URL,0,0,NONE,0
RMVM_MB_ce39abbe08,Expand the Room,The Light,ROCK,MISSING,NO_VALID_IMAGE_URL,0,0,NONE,0
RMVM_MB_b76bf7f49d,Opium (dub),The Light,ROCK,MISSING,NO_VALID_IMAGE_URL,0,0,NONE,0
RMVM_MB_bc0a6712cd,Expand the Room (Illumination mix),The Light,ROCK,MISSING,NO_VALID_IMAGE_URL,0,0,NONE,0
RMVM_MB_9e34ccc566,Ai oán,Hạc San,ROCK,MISSING,NO_VALID_IMAGE_URL,0,0,NONE,0
RMVM_MB_f6b5bf9d6b,Tiều phu,Hạc San,ROCK,MISSING,NO_VALID_IMAGE_URL,0,0,NONE,0
RMVM_MB_8ad5bd3928,Kẻ phản bội,Hạc San,ROCK,MISSING,NO_VALID_IMAGE_URL,0,0,NONE,0
RMVM_MB_622abc1312,Tái sinh,Hạc San,ROCK,MISSING,NO_VALID_IMAGE_URL,0,0,NONE,0
RMVM_MB_39f7e330c4,Tiếng đàn hàm oan,Hạc San,ROCK,MISSING,NO_VALID_IMAGE_URL,0,0,NONE,0
RMVM_MB_176dbee871,Bí mật của người ra đi,Hạc San,ROCK,MISSING,NO_VALID_IMAGE_URL,0,0,NONE,0
RMVM_MB_bf071cd446,Rain Rain Go A Way,Xuân Mai,CHILDREN,MISSING,NO_VALID_IMAGE_URL,0,0,NONE,0
RMVM_MB_fdc324277d,Nặng gánh lưng còng,Xuân Mai,CHILDREN,MISSING,NO_VALID_IMAGE_URL,0,0,NONE,0
RMVM_MB_fcb4fb9b96,Bé Chúc Tết,Xuân Mai,CHILDREN,MISSING,NO_VALID_IMAGE_URL,0,0,NONE,0
RMVM_MB_34aa507dc2,Bắt Bướm,Xuân Mai,CHILDREN,MISSING,NO_VALID_IMAGE_URL,0,0,NONE,0
RMVM_MB_13103597c1,Run Rabbit Run,Xuân Mai,CHILDREN,MISSING,NO_VALID_IMAGE_URL,0,0,NONE,0
RMVM_MB_78d366c4f2,Papa,Xuân Mai,CHILDREN,MISSING,NO_VALID_IMAGE_URL,0,0,NONE,0
RMVM_MB_c90b693bb1,Chú Khỉ Con,Xuân Mai,CHILDREN,MISSING,NO_VALID_IMAGE_URL,0,0,NONE,0
RMVM_MB_dcd539fd8f,Feeling,Xuân Mai,CHILDREN,MISSING,NO_VALID_IMAGE_URL,0,0,NONE,0
RMVM_MB_5142f1bc69,Tình ca Tây Nguyên,Trọng Tấn,REVOLUTIONARY,MISSING,NO_VALID_IMAGE_URL,0,0,NONE,0
RMVM_MB_72be1e62cd,Về Miền Trung,Trọng Tấn,REVOLUTIONARY,MISSING,NO_VALID_IMAGE_URL,0,0,NONE,0
RMVM_MB_d136e05a8a,Thì thầm với dòng sông,Trọng Tấn,REVOLUTIONARY,MISSING,NO_VALID_IMAGE_URL,0,0,NONE,0
RMVM_MB_4652a21940,Hương thầm,Trọng Tấn,REVOLUTIONARY,MISSING,NO_VALID_IMAGE_URL,0,0,NONE,0
RMVM_MB_217ca69a58,Làng quan họ quê tôi,Trọng Tấn,REVOLUTIONARY,MISSING,NO_VALID_IMAGE_URL,0,0,NONE,0
RMVM_MB_8f5e6c4171,Ngẫu hứng giao duyên,Trọng Tấn,REVOLUTIONARY,MISSING,NO_VALID_IMAGE_URL,0,0,NONE,0
RMVM_MB_5df49d52ec,Màu hoa đỏ,Trọng Tấn,REVOLUTIONARY,MISSING,NO_VALID_IMAGE_URL,0,0,NONE,0
RMVM_MB_451ed02939,Em tôi,Trọng Tấn,REVOLUTIONARY,MISSING,NO_VALID_IMAGE_URL,0,0,NONE,0
RMVM_MB_2dcc73962d,Con kênh ta đào,Đăng Dương,REVOLUTIONARY,MISSING,NO_VALID_IMAGE_URL,0,0,NONE,0
RMVM_MB_2e29d2b271,Đàn T'rưng,Đăng Dương,REVOLUTIONARY,MISSING,NO_VALID_IMAGE_URL,0,0,NONE,0
RMVM_MB_cf7359bece,Tiếng hát từ thành phố mang tên Người,Đăng Dương,REVOLUTIONARY,MISSING,NO_VALID_IMAGE_URL,0,0,NONE,0
RMVM_MB_4e89538b47,Tình ca,Đăng Dương,REVOLUTIONARY,MISSING,NO_VALID_IMAGE_URL,0,0,NONE,0
RMVM_MB_36a465d589,Tháng ba Tây Nguyên,Đăng Dương,REVOLUTIONARY,MISSING,NO_VALID_IMAGE_URL,0,0,NONE,0
RMVM_MB_31d14059a5,Gặp nhau trên đỉnh Trường Sơn,Đăng Dương,REVOLUTIONARY,MISSING,NO_VALID_IMAGE_URL,0,0,NONE,0
RMVM_MB_340b01dbf0,Cùng hành quân giữa mùa xuân,Đăng Dương,REVOLUTIONARY,MISSING,NO_VALID_IMAGE_URL,0,0,NONE,0
RMVM_MB_4dc59fd152,Người Hà Nội,Đăng Dương,REVOLUTIONARY,MISSING,NO_VALID_IMAGE_URL,0,0,NONE,0
RMVM_MB_44e8f4f0c7,Tạm biệt Matxcơva,Quang Thọ,REVOLUTIONARY,MISSING,NO_VALID_IMAGE_URL,0,0,NONE,0
RMVM_MB_6598984bf6,Người Hà Nội,Quang Thọ,REVOLUTIONARY,MISSING,NO_VALID_IMAGE_URL,0,0,NONE,0
RMVM_MB_7fd09a70a8,Bình Trị Thiên khói lửa,Quang Thọ,REVOLUTIONARY,MISSING,NO_VALID_IMAGE_URL,0,0,NONE,0
RMVM_MB_0b2bc28e65,Tình ca,Quang Thọ,REVOLUTIONARY,MISSING,NO_VALID_IMAGE_URL,0,0,NONE,0
RMVM_MB_8bf7711154,Đất nước,Quang Thọ,REVOLUTIONARY,MISSING,NO_VALID_IMAGE_URL,0,0,NONE,0
RMVM_MB_b27e76b440,Bác đang cùng chúng cháu hành quân,Quang Thọ,REVOLUTIONARY,MISSING,NO_VALID_IMAGE_URL,0,0,NONE,0
RMVM_MB_c71bf06f23,Hãy đến với anh,Quang Thọ,REVOLUTIONARY,MISSING,NO_VALID_IMAGE_URL,0,0,NONE,0
RMVM_MB_b5e48fb791,Tham Hue,Thu Hiền,REVOLUTIONARY,MISSING,NO_VALID_IMAGE_URL,0,0,NONE,0
RMVM_MB_2cd97f24c2,Hoa cau vúờn tràu,Thu Hiền,REVOLUTIONARY,MISSING,NO_VALID_IMAGE_URL,0,0,NONE,0
RMVM_MB_501de6f700,Sợi nhớ sợi thương,Thu Hiền,REVOLUTIONARY,MISSING,NO_VALID_IMAGE_URL,0,0,NONE,0
RMVM_MB_112d5e99bb,Thuong ve mien Trung,Thu Hiền,REVOLUTIONARY,MISSING,NO_VALID_IMAGE_URL,0,0,NONE,0
RMVM_MB_9d2202dace,Nguoi em Vy Da,Thu Hiền,REVOLUTIONARY,MISSING,NO_VALID_IMAGE_URL,0,0,NONE,0
RMVM_MB_b9ae9fcc5a,Trông cây lại nhớ đến Người,Thu Hiền,REVOLUTIONARY,MISSING,NO_VALID_IMAGE_URL,0,0,NONE,0
RMVM_MB_16045ad650,Rang trâm bâu,Thu Hiền,REVOLUTIONARY,MISSING,NO_VALID_IMAGE_URL,0,0,NONE,0
RMVM_MB_7deebd474e,Thuong ve Co Do,Thu Hiền,REVOLUTIONARY,MISSING,NO_VALID_IMAGE_URL,0,0,NONE,0
RMVM_MB_d1e506876a,Kén Cá Chọn Anh,Bích Phượng,REVOLUTIONARY,MISSING,NO_VALID_IMAGE_URL,0,0,NONE,0
RMVM_MB_2ad8c24921,chiếc hộp,Bích Phượng,REVOLUTIONARY,MISSING,NO_VALID_IMAGE_URL,0,0,NONE,0
RMVM_MB_830ed07212,Đưa Em Đi Khắp Thế Gian,Bích Phượng,REVOLUTIONARY,MISSING,NO_VALID_IMAGE_URL,0,0,NONE,0
RMVM_MB_635cb03599,Drama Queen,Bích Phượng,REVOLUTIONARY,MISSING,NO_VALID_IMAGE_URL,0,0,NONE,0
RMVM_MB_21982214ec,Em Chào Tết,Bích Phượng,REVOLUTIONARY,MISSING,NO_VALID_IMAGE_URL,0,0,NONE,0
RMVM_MB_863e5f543e,Rằng Em Mãi Ở Bên,Bích Phượng,REVOLUTIONARY,MISSING,NO_VALID_IMAGE_URL,0,0,NONE,0
RMVM_MB_ed8c5188f2,Đoản Xuân Ca,Bích Phượng,REVOLUTIONARY,MISSING,NO_VALID_IMAGE_URL,0,0,NONE,0
RMVM_MB_98c8388b45,Gửi Anh Xa Nhớ,Bích Phượng,REVOLUTIONARY,MISSING,NO_VALID_IMAGE_URL,0,0,NONE,0
RMVM_MB_fc9742f684,Bài ca hy vọng,Lan Anh,REVOLUTIONARY,MISSING,NO_VALID_IMAGE_URL,0,0,NONE,0
RMVM_MB_c6e1e5599b,Sợi nhớ sợi thương,Lan Anh,REVOLUTIONARY,MISSING,NO_VALID_IMAGE_URL,0,0,NONE,0
RMVM_MB_0da525da22,Rừng xanh vang tiếng ta lư,Lan Anh,REVOLUTIONARY,MISSING,NO_VALID_IMAGE_URL,0,0,NONE,0
RMVM_MB_e1a6ac6dcc,Duyên phận,Lan Anh,REVOLUTIONARY,MISSING,NO_VALID_IMAGE_URL,0,0,NONE,0
RMVM_MB_36ce692159,Bóng cây Kơ nia,Lan Anh,REVOLUTIONARY,MISSING,NO_VALID_IMAGE_URL,0,0,NONE,0
RMVM_MB_13230dd549,Hai kỷ niệm một chuyến đi,Lan Anh,REVOLUTIONARY,MISSING,NO_VALID_IMAGE_URL,0,0,NONE,0
RMVM_MB_d9bd4c3bc7,Trăng sáng đôi miền,Lan Anh,REVOLUTIONARY,MISSING,NO_VALID_IMAGE_URL,0,0,NONE,0
RMVM_MB_e8034a16bd,Ơi dòng suối Lala,Lan Anh,REVOLUTIONARY,MISSING,NO_VALID_IMAGE_URL,0,0,NONE,0
RMVM_MB_1038d97c90,Khúc hát sông quê,Anh Thơ,REVOLUTIONARY,MISSING,NO_VALID_IMAGE_URL,0,0,NONE,0
RMVM_MB_7fdd279ffe,Chuyện tình thảo nguyên,Anh Thơ,REVOLUTIONARY,MISSING,NO_VALID_IMAGE_URL,0,0,NONE,0
RMVM_MB_e1efa47af4,Tình hoài thương,Anh Thơ,REVOLUTIONARY,MISSING,NO_VALID_IMAGE_URL,0,0,NONE,0
RMVM_MB_01c96c811e,Tình ta biển bạc đồng xanh,Anh Thơ,REVOLUTIONARY,MISSING,NO_VALID_IMAGE_URL,0,0,NONE,0
RMVM_MB_e9ebed4508,Lời người ra đi,Anh Thơ,REVOLUTIONARY,MISSING,NO_VALID_IMAGE_URL,0,0,NONE,0
RMVM_MB_2b48fb3cc6,Tàu anh qua núi,Anh Thơ,REVOLUTIONARY,MISSING,NO_VALID_IMAGE_URL,0,0,NONE,0
RMVM_MB_56138113af,Hạt mưa mùa xuân,Anh Thơ,REVOLUTIONARY,MISSING,NO_VALID_IMAGE_URL,0,0,NONE,0
RMVM_MB_36a5a17f07,Cho dù có đi nơi đâu,Anh Thơ,REVOLUTIONARY,MISSING,NO_VALID_IMAGE_URL,0,0,NONE,0
RMVM_MB_f15047a3b2,Xa Huế,Tân Nhàn,REVOLUTIONARY,MISSING,NO_VALID_IMAGE_URL,0,0,NONE,0
RMVM_MB_e2998a0160,Ngược dòng Hương Giang,Tân Nhàn,REVOLUTIONARY,MISSING,NO_VALID_IMAGE_URL,0,0,NONE,0
RMVM_MB_70744cca78,Thơ tình cuối mùa thu,Tân Nhàn,REVOLUTIONARY,MISSING,NO_VALID_IMAGE_URL,0,0,NONE,0
RMVM_MB_cfc86b5b1a,Nới ấy quê mình,Tân Nhàn,REVOLUTIONARY,MISSING,NO_VALID_IMAGE_URL,0,0,NONE,0
RMVM_MB_e88be2e382,Sông đợi,Tân Nhàn,REVOLUTIONARY,MISSING,NO_VALID_IMAGE_URL,0,0,NONE,0
RMVM_MB_8d042d2552,Xa em,Tân Nhàn,REVOLUTIONARY,MISSING,NO_VALID_IMAGE_URL,0,0,NONE,0
RMVM_MB_a936f56030,Tò vò,Tân Nhàn,REVOLUTIONARY,MISSING,NO_VALID_IMAGE_URL,0,0,NONE,0
RMVM_MB_baf3501441,Ở hai đầu nỗi nhớ,Tân Nhàn,REVOLUTIONARY,MISSING,NO_VALID_IMAGE_URL,0,0,NONE,0
RMVM_MB_8d3067e0de,Hồ Chí Minh đẹp nhất tên Người,Kiều Hưng,REVOLUTIONARY,MISSING,NO_VALID_IMAGE_URL,0,0,NONE,0
RMVM_MB_59665d46d3,Bèo giạt mây trôi,Kiều Hưng,REVOLUTIONARY,MISSING,NO_VALID_IMAGE_URL,0,0,NONE,0
RMVM_MB_b00a253b0c,Khúc hát thanh xuân,Kiều Hưng,REVOLUTIONARY,MISSING,NO_VALID_IMAGE_URL,0,0,NONE,0
RMVM_MB_1c430e2e31,Võ câu muôn dặm,Kiều Hưng,REVOLUTIONARY,MISSING,NO_VALID_IMAGE_URL,0,0,NONE,0
RMVM_MB_86b0bb0fb4,Em là khúc nhạc không lời,Quý Dương,REVOLUTIONARY,MISSING,NO_VALID_IMAGE_URL,0,0,NONE,0
RMVM_MB_fc36e8ede1,Ngọn đèn đứng gác,Quý Dương,REVOLUTIONARY,MISSING,NO_VALID_IMAGE_URL,0,0,NONE,0
RMVM_MB_e59079a6b3,Tình em,Quý Dương,REVOLUTIONARY,MISSING,NO_VALID_IMAGE_URL,0,0,NONE,0
RMVM_MB_351a668cca,Chiều hải cảng,Quý Dương,REVOLUTIONARY,MISSING,NO_VALID_IMAGE_URL,0,0,NONE,0
RMVM_MB_3e4a6cffd6,Bài ca Trường Sơn,Trung Kiên,REVOLUTIONARY,MISSING,NO_VALID_IMAGE_URL,0,0,NONE,0
RMVM_MB_215ab85464,Tình ca,Trung Kiên,REVOLUTIONARY,MISSING,NO_VALID_IMAGE_URL,0,0,NONE,0
RMVM_MB_c8f8c88490,Cám ơn mùa thu,Trung Kiên,REVOLUTIONARY,MISSING,NO_VALID_IMAGE_URL,0,0,NONE,0
RMVM_MB_585d03e32e,Đêm cô đơn,Trung Kiên,REVOLUTIONARY,MISSING,NO_VALID_IMAGE_URL,0,0,NONE,0
RMVM_MB_6c5a2d6c3f,Thiên đường biết,Suboi,RAP_HIPHOP,MISSING,NO_VALID_IMAGE_URL,0,0,NONE,0
RMVM_MB_5cab90a2ee,Come Back Down,Suboi,RAP_HIPHOP,MISSING,NO_VALID_IMAGE_URL,0,0,NONE,0
RMVM_MB_0e40bc1fa2,Đời,Suboi,RAP_HIPHOP,MISSING,NO_VALID_IMAGE_URL,0,0,NONE,0
RMVM_MB_8e6341d351,Groovy as We Are,Suboi,RAP_HIPHOP,MISSING,NO_VALID_IMAGE_URL,0,0,NONE,0
RMVM_MB_b289955c32,N-Sao?,Suboi,RAP_HIPHOP,MISSING,NO_VALID_IMAGE_URL,0,0,NONE,0
RMVM_MB_da928d2c56,Chớ Không,Suboi,RAP_HIPHOP,MISSING,NO_VALID_IMAGE_URL,0,0,NONE,0
RMVM_MB_a10baeff77,Công (Dance remix),Suboi,RAP_HIPHOP,MISSING,NO_VALID_IMAGE_URL,0,0,NONE,0
RMVM_MB_4f6e0bc6c2,Cho Không,Suboi,RAP_HIPHOP,MISSING,NO_VALID_IMAGE_URL,0,0,NONE,0
RMVM_MB_441481b46c,Việt Nam Tử Tế (instrumental),Karik,RAP_HIPHOP,MISSING,NO_VALID_IMAGE_URL,0,0,NONE,0
RMVM_MB_8c195553d9,Lột Xác x Chuyện Nhỏ,Rhymastic,RAP_HIPHOP,MISSING,NO_VALID_IMAGE_URL,0,0,NONE,0
RMVM_MB_6454278b71,Khiến Nó Ngầu,Rhymastic,RAP_HIPHOP,MISSING,NO_VALID_IMAGE_URL,0,0,NONE,0
RMVM_MB_225be5ab22,Thu Hoài,Rhymastic,RAP_HIPHOP,MISSING,NO_VALID_IMAGE_URL,0,0,NONE,0
RMVM_MB_e0e6d45272,Những Kẻ Mộng Mơ,Rhymastic,RAP_HIPHOP,MISSING,NO_VALID_IMAGE_URL,0,0,NONE,0
RMVM_MB_0c2feab454,Chợt Nghe Bước Em Về,Rhymastic,RAP_HIPHOP,MISSING,NO_VALID_IMAGE_URL,0,0,NONE,0
RMVM_MB_0cf5147f71,Giấc Mơ Mỹ,Rhymastic,RAP_HIPHOP,MISSING,NO_VALID_IMAGE_URL,0,0,NONE,0
RMVM_MB_8cc3fa14ce,QUÁ LÀ TRÔI,Rhymastic,RAP_HIPHOP,MISSING,NO_VALID_IMAGE_URL,0,0,NONE,0
RMVM_MB_43a3c76bdc,Đào Liễu,Rhymastic,RAP_HIPHOP,MISSING,NO_VALID_IMAGE_URL,0,0,NONE,0
RMVM_MB_4b62130916,Taste Of Love,Binz,RAP_HIPHOP,MISSING,NO_VALID_IMAGE_URL,0,0,NONE,0
RMVM_MB_c6d319913b,Make Me Feel,Binz,RAP_HIPHOP,MISSING,NO_VALID_IMAGE_URL,0,0,NONE,0
RMVM_MB_8bd2f34df6,Trouble On the Horizon,Binz,RAP_HIPHOP,MISSING,NO_VALID_IMAGE_URL,0,0,NONE,0
RMVM_MB_65f0531a45,The End,Binz,RAP_HIPHOP,MISSING,NO_VALID_IMAGE_URL,0,0,NONE,0
RMVM_MB_b60550696f,Alien Abduction Envy,Binz,RAP_HIPHOP,MISSING,NO_VALID_IMAGE_URL,0,0,NONE,0
RMVM_MB_bff4adfdfa,Suffer,Binz,RAP_HIPHOP,MISSING,NO_VALID_IMAGE_URL,0,0,NONE,0
RMVM_MB_29470c89bb,Paranoid,Binz,RAP_HIPHOP,MISSING,NO_VALID_IMAGE_URL,0,0,NONE,0
RMVM_MB_255f8974fb,What Can You Do to Me,Binz,RAP_HIPHOP,MISSING,NO_VALID_IMAGE_URL,0,0,NONE,0
RMVM_MB_e7040e411e,Interlude Nước Mắt Cá Sấu,HIEUTHUHAI,RAP_HIPHOP,MISSING,NO_VALID_IMAGE_URL,0,0,NONE,0
RMVM_MB_06ef56d7a4,Anh Nên Đi Khỏi Đây,HIEUTHUHAI,RAP_HIPHOP,MISSING,NO_VALID_IMAGE_URL,0,0,NONE,0
RMVM_MB_2901d8167e,Vacheron Louie V,HIEUTHUHAI,RAP_HIPHOP,MISSING,NO_VALID_IMAGE_URL,0,0,NONE,0
RMVM_MB_a837ad2bab,Hết Yêu,HIEUTHUHAI,RAP_HIPHOP,MISSING,NO_VALID_IMAGE_URL,0,0,NONE,0
RMVM_MB_699ec7681a,Đáng Lý Anh Nên Yêu Em Hơn,HIEUTHUHAI,RAP_HIPHOP,MISSING,NO_VALID_IMAGE_URL,0,0,NONE,0
RMVM_MB_330ccd1fa3,Sắp Nổi Tiếng 2,HIEUTHUHAI,RAP_HIPHOP,MISSING,NO_VALID_IMAGE_URL,0,0,NONE,0
RMVM_MB_2673e6f6ae,Chờ Tới Khi Anh Về,HIEUTHUHAI,RAP_HIPHOP,MISSING,NO_VALID_IMAGE_URL,0,0,NONE,0
RMVM_MB_007dda39e8,QUAY ĐI QUAY LẠI,HIEUTHUHAI,RAP_HIPHOP,MISSING,NO_VALID_IMAGE_URL,0,0,NONE,0
RMVM_MB_69c61f0504,yêu anh đi mẹ anh bán bánh mì,Phúc Du,RAP_HIPHOP,MISSING,NO_VALID_IMAGE_URL,0,0,NONE,0
RMVM_MB_b1b6eb766a,đứa nào làm em buồn (Lofi Version),Phúc Du,RAP_HIPHOP,MISSING,NO_VALID_IMAGE_URL,0,0,NONE,0
RMVM_MB_54f9ff0b35,Nhường Lại Em,Phúc Du,RAP_HIPHOP,MISSING,NO_VALID_IMAGE_URL,0,0,NONE,0
RMVM_MB_7fe7f00bcf,yêu anh đi mẹ anh bán bánh mì (DuongK Lofi),Phúc Du,RAP_HIPHOP,MISSING,NO_VALID_IMAGE_URL,0,0,NONE,0
RMVM_MB_574065d6a8,Đừng Gọi Anh Dậy (DSmall Remix),Phúc Du,RAP_HIPHOP,MISSING,NO_VALID_IMAGE_URL,0,0,NONE,0
RMVM_MB_96a979c6de,Có đau thì đau một mình,Phúc Du,RAP_HIPHOP,MISSING,NO_VALID_IMAGE_URL,0,0,NONE,0
RMVM_MB_522e68347d,đứa nào làm em buồn,Phúc Du,RAP_HIPHOP,MISSING,NO_VALID_IMAGE_URL,0,0,NONE,0
RMVM_MB_2c2c9b8447,từ chối nhẹ nhàng thôi,Phúc Du,RAP_HIPHOP,MISSING,NO_VALID_IMAGE_URL,0,0,NONE,0
RMVM_MB_7270c2c5f3,The Calling,Low G,RAP_HIPHOP,MISSING,NO_VALID_IMAGE_URL,0,0,NONE,0
RMVM_MB_b04f9f3349,Kick The Bass,Low G,RAP_HIPHOP,MISSING,NO_VALID_IMAGE_URL,0,0,NONE,0
RMVM_MB_b146805754,Tán Gái 303 (Phòng Trà Version),Low G,RAP_HIPHOP,MISSING,NO_VALID_IMAGE_URL,0,0,NONE,0
RMVM_MB_ccb3422335,Interlude 1 - Cửa Sổ Tình Yêu,Low G,RAP_HIPHOP,MISSING,NO_VALID_IMAGE_URL,0,0,NONE,0
RMVM_MB_e0ef2603c3,Outro - L2K FM,Low G,RAP_HIPHOP,MISSING,NO_VALID_IMAGE_URL,0,0,NONE,0
RMVM_MB_28d9c5d4b5,Peace N’ Love,Low G,RAP_HIPHOP,MISSING,NO_VALID_IMAGE_URL,0,0,NONE,0
RMVM_MB_35d90b0cd8,Interlude 2 - Lời Nhắn Từ Thính Giả,Low G,RAP_HIPHOP,MISSING,NO_VALID_IMAGE_URL,0,0,NONE,0
RMVM_MB_a895196ace,Simp gái 808,Low G,RAP_HIPHOP,MISSING,NO_VALID_IMAGE_URL,0,0,NONE,0
RMVM_MB_561e431e8d,Trash The Girl Them Trash,Blacka,RAP_HIPHOP,MISSING,NO_VALID_IMAGE_URL,0,0,NONE,0
RMVM_MB_32acf01354,Realuminatti,Blacka,RAP_HIPHOP,MISSING,NO_VALID_IMAGE_URL,0,0,NONE,0
RMVM_MB_9bda23a761,Name Brand,Blacka,RAP_HIPHOP,MISSING,NO_VALID_IMAGE_URL,0,0,NONE,0
RMVM_MB_dd768a5f9d,Buddy Buddy,Blacka,RAP_HIPHOP,MISSING,NO_VALID_IMAGE_URL,0,0,NONE,0
RMVM_MB_e843c6de3c,I Been,Blacka,RAP_HIPHOP,MISSING,NO_VALID_IMAGE_URL,0,0,NONE,0
RMVM_MB_00b5a6a08b,MCCB,Blacka,RAP_HIPHOP,MISSING,NO_VALID_IMAGE_URL,0,0,NONE,0
RMVM_MB_65b57d13a8,Dans Met Mij,Blacka,RAP_HIPHOP,MISSING,NO_VALID_IMAGE_URL,0,0,NONE,0
RMVM_MB_e62b395c70,Magalin,Blacka,RAP_HIPHOP,MISSING,NO_VALID_IMAGE_URL,0,0,NONE,0
RMVM_MB_52f422d20a,Nó,Datmaniac,RAP_HIPHOP,MISSING,NO_VALID_IMAGE_URL,0,0,NONE,0
RMVM_MB_b3284bcf63,Tambours de Guerre,ICD,RAP_HIPHOP,MISSING,NO_VALID_IMAGE_URL,0,0,NONE,0
RMVM_MB_7e470cd3e6,Infected Times,ICD,RAP_HIPHOP,MISSING,NO_VALID_IMAGE_URL,0,0,NONE,0
RMVM_MB_f2d276be00,Anschlag bei Nacht,ICD,RAP_HIPHOP,MISSING,NO_VALID_IMAGE_URL,0,0,NONE,0
RMVM_MB_53e2b13050,The Show,Cam,RAP_HIPHOP,MISSING,NO_VALID_IMAGE_URL,0,0,NONE,0
RMVM_MB_fb11196d8d,To Be Continued,Cam,RAP_HIPHOP,MISSING,NO_VALID_IMAGE_URL,0,0,NONE,0
RMVM_MB_0894f2c9af,3/4 Interlude,Cam,RAP_HIPHOP,MISSING,NO_VALID_IMAGE_URL,0,0,NONE,0
RMVM_MB_e65c8ffe6e,It Ain't Hard to Do Right,Cam,RAP_HIPHOP,MISSING,NO_VALID_IMAGE_URL,0,0,NONE,0
RMVM_MB_ae2b87f63a,From This Day On,Cam,RAP_HIPHOP,MISSING,NO_VALID_IMAGE_URL,0,0,NONE,0
RMVM_MB_d56ab60e8a,The Right Way,Cam,RAP_HIPHOP,MISSING,NO_VALID_IMAGE_URL,0,0,NONE,0
RMVM_MB_6c9354ea7f,Shield of Faith,Cam,RAP_HIPHOP,MISSING,NO_VALID_IMAGE_URL,0,0,NONE,0
RMVM_MB_9bbf902fd3,Thank God,Cam,RAP_HIPHOP,MISSING,NO_VALID_IMAGE_URL,0,0,NONE,0
RMVM_MB_63cf7ee185,Huyền Vi,Masew,DANCE_EDM,MISSING,NO_VALID_IMAGE_URL,0,0,NONE,0
RMVM_MB_c89a4c97cb,Glory Is Yours,Masew,DANCE_EDM,MISSING,NO_VALID_IMAGE_URL,0,0,NONE,0
RMVM_MB_924ec618c0,À Lôi,Masew,DANCE_EDM,MISSING,NO_VALID_IMAGE_URL,0,0,NONE,0
RMVM_MB_88dcccf176,Mời Trầu (Lofi version 1),Masew,DANCE_EDM,MISSING,NO_VALID_IMAGE_URL,0,0,NONE,0
RMVM_MB_7f91405717,Thị Mầu,Masew,DANCE_EDM,MISSING,NO_VALID_IMAGE_URL,0,0,NONE,0
RMVM_MB_3ef4d37643,Đoá Hoa Hồng (Queen),Masew,DANCE_EDM,MISSING,NO_VALID_IMAGE_URL,0,0,NONE,0
RMVM_MB_62118c0acf,Mời Trầu,Masew,DANCE_EDM,MISSING,NO_VALID_IMAGE_URL,0,0,NONE,0
RMVM_MB_f7539ce6a6,Mời Trầu (slowed + reverb),Masew,DANCE_EDM,MISSING,NO_VALID_IMAGE_URL,0,0,NONE,0
RMVM_MB_ea7307ac6c,Em gì ơi,K-ICM,DANCE_EDM,MISSING,NO_VALID_IMAGE_URL,0,0,NONE,0
RMVM_MB_cad39a354d,Sóng gió,K-ICM,DANCE_EDM,MISSING,NO_VALID_IMAGE_URL,0,0,NONE,0
RMVM_MB_96c5a5fbde,Give Me Your Love,K-ICM,DANCE_EDM,MISSING,NO_VALID_IMAGE_URL,0,0,NONE,0
RMVM_MB_df8757f307,Special Love,Triple D,DANCE_EDM,MISSING,NO_VALID_IMAGE_URL,0,0,NONE,0
RMVM_MB_7ca03865c1,Gánh Hàng Rong,Triple D,DANCE_EDM,MISSING,NO_VALID_IMAGE_URL,0,0,NONE,0
RMVM_MB_27d4feecc2,Party,Triple D,DANCE_EDM,MISSING,NO_VALID_IMAGE_URL,0,0,NONE,0
RMVM_MB_dcc0169904,Movidas,Triple D,DANCE_EDM,MISSING,NO_VALID_IMAGE_URL,0,0,NONE,0
RMVM_MB_916a0228a3,NGUYÊN TEAM ĐI VÀO HẾT,Triple D,DANCE_EDM,MISSING,NO_VALID_IMAGE_URL,0,0,NONE,0
RMVM_MB_3640c38166,Deep Sea,Triple D,DANCE_EDM,MISSING,NO_VALID_IMAGE_URL,0,0,NONE,0
RMVM_MB_780f0ed2fb,Ni snackar skit,Triple D,DANCE_EDM,MISSING,NO_VALID_IMAGE_URL,0,0,NONE,0
RMVM_MB_699856146b,I Need Your Love,Triple D,DANCE_EDM,MISSING,NO_VALID_IMAGE_URL,0,0,NONE,0
RMVM_MB_5c232f14fd,The Fishermen,Hoaprox,DANCE_EDM,MISSING,NO_VALID_IMAGE_URL,0,0,NONE,0
RMVM_MB_e3feeeb77d,The Message,Hoaprox,DANCE_EDM,MISSING,NO_VALID_IMAGE_URL,0,0,NONE,0
RMVM_MB_b98ae10ea4,I Miss U,Hoaprox,DANCE_EDM,MISSING,NO_VALID_IMAGE_URL,0,0,NONE,0
RMVM_MB_c85f5879d9,Hope in the Horizon,Hoaprox,DANCE_EDM,MISSING,NO_VALID_IMAGE_URL,0,0,NONE,0
RMVM_MB_055cc3c6e9,Fuelled by fear,Hoaprox,DANCE_EDM,MISSING,NO_VALID_IMAGE_URL,0,0,NONE,0
RMVM_MB_f8dbbe0b88,Escape,Hoaprox,DANCE_EDM,MISSING,NO_VALID_IMAGE_URL,0,0,NONE,0
RMVM_MB_14f9cee6c2,The True Story,Hoaprox,DANCE_EDM,MISSING,NO_VALID_IMAGE_URL,0,0,NONE,0
RMVM_MB_aa4582a4e9,Ngau Hung,Hoaprox,DANCE_EDM,MISSING,NO_VALID_IMAGE_URL,0,0,NONE,0
RMVM_MB_128e903441,Em xinh,Onionn,DANCE_EDM,MISSING,NO_VALID_IMAGE_URL,0,0,NONE,0
RMVM_MB_ba48b96af1,Em Là,Onionn,DANCE_EDM,MISSING,NO_VALID_IMAGE_URL,0,0,NONE,0
RMVM_MB_ec89257010,L.I.E,Onionn,DANCE_EDM,MISSING,NO_VALID_IMAGE_URL,0,0,NONE,0
RMVM_MB_f0488efb9c,Open Your Eyes,Onionn,DANCE_EDM,MISSING,NO_VALID_IMAGE_URL,0,0,NONE,0
RMVM_MB_5f62d36471,Anh Không Thể,Onionn,DANCE_EDM,MISSING,NO_VALID_IMAGE_URL,0,0,NONE,0
RMVM_MB_64d587b091,Waiting For You,Onionn,DANCE_EDM,MISSING,NO_VALID_IMAGE_URL,0,0,NONE,0
RMVM_MB_c1b14cedee,Do You,Onionn,DANCE_EDM,MISSING,NO_VALID_IMAGE_URL,0,0,NONE,0
RMVM_MB_dcd5122061,Chạy Ngay Đi - Onionn Remix,Onionn,DANCE_EDM,MISSING,NO_VALID_IMAGE_URL,0,0,NONE,0
RMVM_MB_1ed4fcce55,Nghe như tình yêu,Kewtiie,DANCE_EDM,MISSING,NO_VALID_IMAGE_URL,0,0,NONE,0
RMVM_MB_f63d5f8726,Chài điếp noọng (Anh yêu em),DuongK,DANCE_EDM,MISSING,NO_VALID_IMAGE_URL,0,0,NONE,0
RMVM_MB_5562fa63a9,I Don't Care,Daniel Mastro,DANCE_EDM,MISSING,NO_VALID_IMAGE_URL,0,0,NONE,0
RMVM_MB_6fbf62a5b7,Ký Ức Còn Đâu - Daniel Mastro Remix,Daniel Mastro,DANCE_EDM,MISSING,NO_VALID_IMAGE_URL,0,0,NONE,0
RMVM_MB_cca26ec3cb,Yêu dại khờ,Thúy Hường,FOLK_TRADITIONAL,MISSING,NO_VALID_IMAGE_URL,0,0,NONE,0
RMVM_MB_ab87ca2923,Chàng đẹp trai,Thúy Hường,FOLK_TRADITIONAL,MISSING,NO_VALID_IMAGE_URL,0,0,NONE,0
RMVM_MB_32927e4f0a,Tình thắm duyên quê,Thúy Hường,FOLK_TRADITIONAL,MISSING,NO_VALID_IMAGE_URL,0,0,NONE,0
RMVM_MB_bb4e972238,Gimme Gimme,Thúy Hường,FOLK_TRADITIONAL,MISSING,NO_VALID_IMAGE_URL,0,0,NONE,0
RMVM_MB_a0fb33067e,Ngàn năm chờ đợi,Thúy Hường,FOLK_TRADITIONAL,MISSING,NO_VALID_IMAGE_URL,0,0,NONE,0
RMVM_MB_409222a8df,Khát khao,Thúy Hường,FOLK_TRADITIONAL,MISSING,NO_VALID_IMAGE_URL,0,0,NONE,0
RMVM_MB_593179e287,Men Say Tình Ái,Thúy Hường,FOLK_TRADITIONAL,MISSING,NO_VALID_IMAGE_URL,0,0,NONE,0
RMVM_MB_d7216573bb,Miss me,Thúy Hường,FOLK_TRADITIONAL,MISSING,NO_VALID_IMAGE_URL,0,0,NONE,0
RMVM_MB_532dc176b8,Hương giang còn tôi chờ,Hương Lan,FOLK_TRADITIONAL,MISSING,NO_VALID_IMAGE_URL,0,0,NONE,0
RMVM_MB_df4d5b13a6,Cố đô yêu dấu,Hương Lan,FOLK_TRADITIONAL,MISSING,NO_VALID_IMAGE_URL,0,0,NONE,0
RMVM_MB_5225f371bc,Tưởng như còn người yêu,Hương Lan,FOLK_TRADITIONAL,MISSING,NO_VALID_IMAGE_URL,0,0,NONE,0
RMVM_MB_c941ec8bd9,Em đi chùa Hương,Hương Lan,FOLK_TRADITIONAL,MISSING,NO_VALID_IMAGE_URL,0,0,NONE,0
RMVM_MB_277b8462e8,Huế,Hương Lan,FOLK_TRADITIONAL,MISSING,NO_VALID_IMAGE_URL,0,0,NONE,0
RMVM_MB_d4bf214fe3,Vì yêu em,Hương Lan,FOLK_TRADITIONAL,MISSING,NO_VALID_IMAGE_URL,0,0,NONE,0
RMVM_MB_cb1f3dc20e,Lời giã biệt,Hương Lan,FOLK_TRADITIONAL,MISSING,NO_VALID_IMAGE_URL,0,0,NONE,0
RMVM_MB_2b67783de5,Cánh thiệp đầu xuân,Hương Lan,FOLK_TRADITIONAL,MISSING,NO_VALID_IMAGE_URL,0,0,NONE,0
RMVM_MB_9bc32a106f,Sầu lẻ bóng,Quang Linh,FOLK_TRADITIONAL,MISSING,NO_VALID_IMAGE_URL,0,0,NONE,0
RMVM_MB_8e3f3b9cb4,Tôi yêu,Quang Linh,FOLK_TRADITIONAL,MISSING,NO_VALID_IMAGE_URL,0,0,NONE,0
RMVM_MB_5c2b768bfc,Hai vì sao lạc,Quang Linh,FOLK_TRADITIONAL,MISSING,NO_VALID_IMAGE_URL,0,0,NONE,0
RMVM_MB_76e6ef5e03,Đêm Hoa Đăng,Quang Linh,FOLK_TRADITIONAL,MISSING,NO_VALID_IMAGE_URL,0,0,NONE,0
RMVM_MB_26f4cc9235,Hoa học trò,Quang Linh,FOLK_TRADITIONAL,MISSING,NO_VALID_IMAGE_URL,0,0,NONE,0
RMVM_MB_0f7a9899ac,Ngẩn ngơ tìm em,Quang Linh,FOLK_TRADITIONAL,MISSING,NO_VALID_IMAGE_URL,0,0,NONE,0
RMVM_MB_3b743a3928,Phố vắng em rồi,Quang Linh,FOLK_TRADITIONAL,MISSING,NO_VALID_IMAGE_URL,0,0,NONE,0
RMVM_MB_53c0519672,Thương Về Miền Trung,Quang Linh,FOLK_TRADITIONAL,MISSING,NO_VALID_IMAGE_URL,0,0,NONE,0
RMVM_MB_900b5f1f92,Bỏ phố lên rừng,Phi Nhung,FOLK_TRADITIONAL,MISSING,NO_VALID_IMAGE_URL,0,0,NONE,0
RMVM_MB_bd7c5747f7,Tính xa khuất,Phi Nhung,FOLK_TRADITIONAL,MISSING,NO_VALID_IMAGE_URL,0,0,NONE,0
RMVM_MB_a328444667,Trống vắng,Phi Nhung,FOLK_TRADITIONAL,MISSING,NO_VALID_IMAGE_URL,0,0,NONE,0
RMVM_MB_024d34c05b,Nửa trái tim,Phi Nhung,FOLK_TRADITIONAL,MISSING,NO_VALID_IMAGE_URL,0,0,NONE,0
RMVM_MB_20c543b5b3,Thôi anh hãy đi theo người,Phi Nhung,FOLK_TRADITIONAL,MISSING,NO_VALID_IMAGE_URL,0,0,NONE,0
RMVM_MB_ace1e1eb42,Lý con sáo Bạc Liêu,Phi Nhung,FOLK_TRADITIONAL,MISSING,NO_VALID_IMAGE_URL,0,0,NONE,0
RMVM_MB_0bf8ff66db,Sao muốn giết người yêu,Phi Nhung,FOLK_TRADITIONAL,MISSING,NO_VALID_IMAGE_URL,0,0,NONE,0
RMVM_MB_74d301b7fd,Khúc hát tương phùng,Phi Nhung,FOLK_TRADITIONAL,MISSING,NO_VALID_IMAGE_URL,0,0,NONE,0
RMVM_MB_19d4ac3511,Mẹ,Minh Vương,FOLK_TRADITIONAL,MISSING,NO_VALID_IMAGE_URL,0,0,NONE,0
RMVM_MB_0feeeb73c6,Trả Lại Em Hạnh Phúc (instrumental),Minh Vương,FOLK_TRADITIONAL,MISSING,NO_VALID_IMAGE_URL,0,0,NONE,0
RMVM_MB_f909c03d8a,Nhớ Em,Minh Vương,FOLK_TRADITIONAL,MISSING,NO_VALID_IMAGE_URL,0,0,NONE,0
RMVM_MB_c45a61c8c9,Những Ngày Đẹp Trời,Minh Vương,FOLK_TRADITIONAL,MISSING,NO_VALID_IMAGE_URL,0,0,NONE,0
RMVM_MB_c692e31b5f,Vì Sao Cuối Trời,Minh Vương,FOLK_TRADITIONAL,MISSING,NO_VALID_IMAGE_URL,0,0,NONE,0
RMVM_MB_6f6f515bd7,Vệt Nắng Cuối Trời,Minh Vương,FOLK_TRADITIONAL,MISSING,NO_VALID_IMAGE_URL,0,0,NONE,0
RMVM_MB_17cec40442,Xác Lá Vàng Rơi,Minh Vương,FOLK_TRADITIONAL,MISSING,NO_VALID_IMAGE_URL,0,0,NONE,0
RMVM_MB_8e31dc53e4,Em Ơi Lên Phố,Minh Vương,FOLK_TRADITIONAL,MISSING,NO_VALID_IMAGE_URL,0,0,NONE,0
RMVM_MB_aece421312,Chiếc Lược Ngà,Kim Tử Long,FOLK_TRADITIONAL,MISSING,NO_VALID_IMAGE_URL,0,0,NONE,0
