song_id,title,artist,genre,tier,has_audio_url,has_physical_audio,audio_size_bytes,audio_sha256,has_cover_url,has_physical_cover,cover_size_bytes,cover_sha256,has_physical_lyrics,lyrics_size_bytes,lyrics_words,lyrics_sha256,release_year
RMVM_S_23a8e13e19,Liên Khúc Thiên Sứ Tình Yêu (Remix),Đan Trường,POP_BALLAD,TIER_A,True,False,0,,True,True,42356,945050506aa129a777cb5b074f225bb524d602d273482014708df8373d147a15,False,0,0,,
RMVM_S_22491be421,Ước Mơ Của Mẹ (Beat),Văn Mai Hương,POP_BALLAD,TIER_A,True,False,0,,True,True,28417,76fa5e6b098d97831a626e562055d4461e0d6e13cdf5c0a9e27ef5e1ee463ff3,False,0,0,,
RMVM_S_796c5e6758,Ai Cho Tôi Tình Yêu,"Khánh Duy, Nhã Ca",BOLERO_TRUTINH,TIER_A,True,False,0,,True,True,47192,2f89e0a1ea5901b8b70b8e32553d46feb9bd02c4c6e38a1ea746551b42932163,False,0,0,,
RMVM_S_94b73a226f,Cơn Mưa Cuối Cùng,Elty,POP_BALLAD,TIER_A,True,False,0,,True,True,5638,4a838c0cfe4f66fbcb67e6da7371b97067cd1e2c4c1290758dc9f4fec4a54736,False,0,0,,
RMVM_S_51d19950cf,Hẹn Ước Cổ Loa Thành,Lý Anh Khoa,POP_BALLAD,TIER_A,True,False,0,,True,True,46111,c41f8738f21a39953b59217bf6c360d2cabf6b4bb78dceb689a04e2b3e807c78,False,0,0,,
RMVM_S_65e58b6a0a,Tết Sẻ Chia - Xuân Hạnh Phúc,"Tuyết Mai, Various Artists",POP_BALLAD,TIER_A,True,False,0,,True,True,44063,6dfb47b1f633fdfa656a65fd5e9efb0c20bb2913b5e95b53dad739a92eac77df,False,0,0,,
RMVM_S_05b9e2066f,Bóng Cả,Mây Trắng,POP_BALLAD,TIER_A,True,False,0,,True,True,41283,45b4eadefac3d0163ace745b1e6f855a35c4c9830f1d85ececd2a5125d763374,False,0,0,,
RMVM_S_44ec610f09,LK Cánh Thiệp Hồng Ngang Trái,"Hoàng Như Ngọc, Cao Phi Long",BOLERO_TRUTINH,TIER_A,True,False,0,,True,True,56095,011d10e8bf42f660f04a35f69fc6047052cfc16b9261cff09394b78b7aecceaf,False,0,0,,
RMVM_S_8139832583,Bên Cầu Ô Thước,Loan Châu,BOLERO_TRUTINH,TIER_A,True,False,0,,True,True,46982,0d76e3d5a97a0450584c8cc6f771b3425cd883671b3ca64b0770e19521056314,False,0,0,,
RMVM_S_481cea4d63,Đành Để Em Đi,TBEAR,POP_BALLAD,TIER_A,True,False,0,,True,True,49685,0bf7fd50ae22fdbb82cc4728b028ead6e51202c5a0a81b7d3be1eef1219671b1,False,0,0,,
RMVM_S_1b83aaff43,Mưa Trong Lòng (DJ Future Remix),Trịnh Đình Quang,POP_BALLAD,TIER_A,False,False,0,,True,True,44861,e993a716a9f17a5cf0c374a3a2429b677eb4900101357391f70e1aaab1f7a819,False,0,0,,
RMVM_S_98d2ba4086,Yêu Thầm Phía Sau Em (Beat),Lương Chấn Nam,POP_BALLAD,TIER_A,True,False,0,,True,True,35652,672d8e81a294a863279d8d413084d828fb920dfe915f2f2d0ef4465835f9ca0c,False,0,0,,
RMVM_S_099fb5288b,Biển Mặn Tình Em,Thanh Vinh,BOLERO_TRUTINH,TIER_A,True,False,0,,True,True,48424,05695cadded570cde336ad2aaa4c985921cb7a334452f2df804fbe15dcad86d7,False,0,0,,
RMVM_S_c03e92531b,Xin Em Đừng Khóc Vu Quy (Version 2),"Shark Hùng Anh, Huỳnh Thật",BOLERO_TRUTINH,TIER_A,True,False,0,,True,True,50632,8ab6ede7339ff3081e359a8c98b4c5f026b932ec37cef52377d27b0d9edb3f63,False,0,0,,
RMVM_S_1a89a22057,Khúc Ca Mùa Đông,Dương Triệu Vũ,INSTRUMENTAL,TIER_B,True,False,0,,True,True,51479,a3a1191056e2c9deea2cf280463b70d54ce55765fbf16035b07645a782dfb9f6,False,0,0,,
RMVM_S_beb8fafe4e,Liên Khúc Ai Đưa Em Về - Mùa Thu Lá Bay,Bằng Cường,RB_SOUL,TIER_A,True,False,0,,True,True,45190,fd30fd2c6afca3a50b831d60dd8b4994a7beff36e270b7b0e5492b7f33ad53e9,False,0,0,,
RMVM_S_37ab32104a,Lk: Ướt Mi,Thanh Hà,POP_BALLAD,TIER_A,True,False,0,,True,True,45321,a3e9cd942dc68a5f61cede038c439f4a0edca54badffedfbaa141d64d597a573,False,0,0,,
RMVM_S_ea0274192f,Lạc Mất Nhau Rồi,"Đức Vinh, Đức Hiếu",BOLERO_TRUTINH,TIER_A,True,False,0,,True,True,42417,4e600704d2981cbf5a1252714b6bc4201651eec1b8c1b4881f53b3d0b075ec83,False,0,0,,
RMVM_S_a102219279,Cô Bé Mắt Nai,Cảnh Hàn,POP_BALLAD,TIER_A,True,False,0,,True,True,41052,fb3cfabd85622687cfd20ebad9bcc92585e0a0443a274efcff818350bd09a34e,False,0,0,,
RMVM_S_013f09741f,Liên Khúc Trộm Nhìn Nhau,"Thái Trâm, Trương Huy",BOLERO_TRUTINH,TIER_A,True,False,0,,True,True,33994,7ff28460783d7e683abc1345e1c46eae94c9f98065ed775a03972186be360975,False,0,0,,
RMVM_S_aa2bf59378,Mưa Trong Mắt Em,Thu Phương,POP_BALLAD,TIER_A,True,False,0,,True,True,60657,0bb01f27b5d4ba3ca60bdd6e5a1cafa67254d7d055371bb1d849aa36e35c6fde,False,0,0,,
RMVM_S_e1a43cb0b3,Xe Đạp Bốn Bánh,Bé Bào Ngư,CHILDREN,TIER_A,True,False,0,,True,True,60657,0bb01f27b5d4ba3ca60bdd6e5a1cafa67254d7d055371bb1d849aa36e35c6fde,False,0,0,,
RMVM_S_8ba424b284,Đời Còn Cô Đơn (Beat),Lê Công,BOLERO_TRUTINH,TIER_A,True,False,0,,True,True,45957,0088abad3295788277b648ea51303274c5644ed53a8bb8534367d1fd62265e7b,False,0,0,,
RMVM_S_4ef34f9c1b,Đêm Nghe Tiếng Mưa,Đan Kim,POP_BALLAD,TIER_A,True,False,0,,True,True,41524,aaae260c048ba9b3acde381902411764d36593fe17388fb7c88799551340ccff,False,0,0,,
RMVM_S_325b49258f,Anh Mê Vợ Bé,"Hà Thanh Tâm, Mỹ Hạnh",POP_BALLAD,TIER_A,True,False,0,,True,True,60657,0bb01f27b5d4ba3ca60bdd6e5a1cafa67254d7d055371bb1d849aa36e35c6fde,False,0,0,,
RMVM_S_b1f2e21740,Chuyện Bên Bờ Ao,"Bé Bào Ngư, Như Ý",CHILDREN,TIER_B,True,False,0,,True,True,60657,0bb01f27b5d4ba3ca60bdd6e5a1cafa67254d7d055371bb1d849aa36e35c6fde,False,0,0,,
RMVM_S_534f7807f9,Cướp Vợ,Ngũ Cung,ROCK,TIER_B,True,False,0,,True,True,45061,3a263b688c6b4b216f331926d17eafdf52873070535a2274b301c452db2c813d,False,0,0,,
RMVM_S_b2d731df6c,Thầm Mang Ơn Anh,Trương Như Anh,POP_BALLAD,TIER_A,True,False,0,,True,True,42415,4200ff5510ade613647093b537ce1fe0a0a8ac1b1033150d130cbddf7c757871,False,0,0,,
RMVM_S_2fb4346c32,Tỉnh Giấc,Ngọc Liên,BOLERO_TRUTINH,TIER_A,True,False,0,,True,True,37113,6cc9cc2341f45d83bcc4e6578b98e978fea68c0c033695fccae57ba46263468e,False,0,0,,
RMVM_S_4346b59fc4,Còn Thương Thì Không Để Em Khóc,Miu Lê,POP_BALLAD,TIER_A,True,False,0,,True,True,41439,ab721630ca76cf04352f3d71664f9ee8830122fcd45c237cbc637fdcfc9b412d,False,0,0,,
RMVM_S_ff2e13db98,Vũ Nữ Thân Gầy,Bùi Tuyết Mai,BOLERO_TRUTINH,TIER_A,True,False,0,,True,True,33098,7c8bddd8b61a6c28a939cdc5d0bbb715baa079236ce7c2bcc13503f3c10cb393,False,0,0,,
RMVM_S_96b63185d3,Nỗi Buồn Khắc Tên Em (Beat),David Tuấn Anh,POP_BALLAD,TIER_A,True,False,0,,True,True,40437,fc5a41d1640c3c98c0dd54aebb9d4e13053f9b110ee55173782a554d73aeea63,False,0,0,,
RMVM_S_dffaa972d8,Ngày Tình Nhân Không Em,Nguyễn Phi Hùng,POP_BALLAD,TIER_A,True,False,0,,True,True,49827,23066bea4a0d329fc156d796d225d6b25887f4920e43f2b2a528238b38a17eaf,False,0,0,,
RMVM_S_e166a4c5d2,Đừng Xa Rời Nhau,Hoàng Lan,INSTRUMENTAL,TIER_B,True,False,0,,True,True,46002,8d896f38ab36e2667314cf24e6283ed3860981aac11ded42ab5956f99483a53b,False,0,0,,
RMVM_S_d6ba468377,Kẻ Thất Bại Trong Tình Yêu,Hy Nam,POP_BALLAD,TIER_A,True,False,0,,True,True,48723,f11182eb3b781e3a9ae7c6b8c5b94efaf0aecc9df746db8679fec9e2b7825f75,False,0,0,,
RMVM_S_20a8b6c1f1,"Đừng Yêu Nữa, Em Mệt Rồi (Ngôn Phi Remix)",Diijam Studio,POP_BALLAD,TIER_A,True,False,0,,True,True,43846,78aec54664f297fe73683fd7d1dfb8bdce79c19cd7afda302604d8fc8bbd6b91,False,0,0,,
RMVM_S_5361de113d,4 Mùa Thương Em (TikTok Speed Up Version),"Nguyễn Lê Hoàng Anh, Lập Nguyên, Nguyễn Hoàng Anh Official",POP_BALLAD,TIER_A,True,False,0,,True,True,60657,0bb01f27b5d4ba3ca60bdd6e5a1cafa67254d7d055371bb1d849aa36e35c6fde,False,0,0,,
RMVM_S_46f5ddf51f,Chọn Cách Cô Đơn (Beat),Vân Du,POP_BALLAD,TIER_A,True,False,0,,True,True,60657,0bb01f27b5d4ba3ca60bdd6e5a1cafa67254d7d055371bb1d849aa36e35c6fde,False,0,0,,
RMVM_S_eedb13bbfa,Em Chỉ Là Giấc Mộng,Hà Thanh Xuân,BOLERO_TRUTINH,TIER_A,True,False,0,,True,True,5638,4a838c0cfe4f66fbcb67e6da7371b97067cd1e2c4c1290758dc9f4fec4a54736,False,0,0,,
RMVM_S_baa7c878a1,Bài Valse Buồn Cho Em,Thu Minh,BOLERO_TRUTINH,TIER_A,True,False,0,,True,True,38816,1da849795e775e70d89cfb5d2a0c7dc76c7a16a9e23a46416fb8e681105d40e3,False,0,0,,
RMVM_S_5dd6c9c607,Em Ra Đi Mùa Thu,Thu Phương,BOLERO_TRUTINH,TIER_A,True,False,0,,True,True,60657,0bb01f27b5d4ba3ca60bdd6e5a1cafa67254d7d055371bb1d849aa36e35c6fde,False,0,0,,
RMVM_S_0221532bd3,Mặt Trời Nơi Mùa Đông,Khánh Phương,POP_BALLAD,TIER_A,True,False,0,,True,True,49075,1bdd297af5dc25e025a9f7cd7ed9156b81f656c81bb4b2e4edab29f9f31dc0b9,False,0,0,,
RMVM_S_281c71ff87,Tình Nghèo,"Huỳnh Thanh Thảo, Lý Công",BOLERO_TRUTINH,TIER_A,True,False,0,,True,True,39555,99bbdd4770a053d05cec7abd44980f8af7a2de994b1671afa4b6d4062d11ed45,False,0,0,,
RMVM_S_10f2a072c4,Ngôi Sao Của Lòng Anh,Lý Hải,POP_BALLAD,TIER_A,True,False,0,,True,True,42326,7be7a185491d55f4f446be4ee32266a05c05f8ecdd26c269dd31fd45b506ec13,False,0,0,,
RMVM_S_319395d65c,Đánh Rơi Yêu Thương,Minh Tài,POP_BALLAD,TIER_A,True,False,0,,True,True,36641,06d321907e329212494a3b4706cc322434e6033f74913ae21870f7d8d44421f1,False,0,0,,
RMVM_S_78ab93b47f,Chiếc Sport Của Tôi,Lâm Trí Hải,POP_BALLAD,TIER_A,True,False,0,,True,True,46944,0f23c79844891e8bb17cc3726c5a6437706652a16463c8778a89534d9078a205,False,0,0,,
RMVM_S_f42e813a32,Nỗi Nhớ Cha,Ân Thiên Vỹ,POP_BALLAD,TIER_A,True,False,0,,True,True,35247,1d38df22bef7bf95f3dde63b23ca6a285be28ee5471b29270f89d8817de7697d,False,0,0,,
RMVM_S_84848475d4,Em Về Trong Giấc Mơ,Bằng Cường,POP_BALLAD,TIER_A,True,False,0,,True,True,42618,2a06b0bd83ac3cbb5b7e718f09defe62a6f5a4b90252551d9367ddbe9055627f,False,0,0,,
RMVM_S_cd9817e7b5,Kết Tóc Xe Duyên,Cao Minh,FOLK_TRADITIONAL,TIER_A,True,False,0,,True,True,37617,6f13aa36ca7fa19955d2df1264b0e48b70f0891430d022ebc2fb7bab88926277,False,0,0,,
RMVM_S_4c424ec6d6,Trả Lại Anh (Beat),Việt Vũ,BOLERO_TRUTINH,TIER_A,True,False,0,,True,True,60657,0bb01f27b5d4ba3ca60bdd6e5a1cafa67254d7d055371bb1d849aa36e35c6fde,False,0,0,,
RMVM_S_b5b00d22be,Cho Tôi Yêu Một Lần,Thế Sơn,INSTRUMENTAL,TIER_B,True,False,0,,True,True,38648,98fa2419e374ac161362a074d2ca819c42d436cf285469ed32ca28d347a80393,False,0,0,,
RMVM_S_9c89e775ef,Hẹn Ước Mùa Xuân,Thanh Long,POP_BALLAD,TIER_A,True,False,0,,True,True,42987,69782e12ccf52987599edadd3087bca71bf823dace34e93bc3759c410a25e83a,False,0,0,,
RMVM_S_c060894eed,Cứ Ngỡ Tình Phôi Phai (Beat),"Dương Hồng Loan, Huỳnh Nguyễn Công Bằng",POP_BALLAD,TIER_A,True,False,0,,False,False,0,,False,0,0,,
RMVM_S_4d4a9ba695,Chuyến Bay Thao Thức / 失眠飞行,"Thẩm Dĩ Thành, tiết minh viện",RAP_HIPHOP,TIER_A,True,False,0,,True,True,60657,0bb01f27b5d4ba3ca60bdd6e5a1cafa67254d7d055371bb1d849aa36e35c6fde,False,0,0,,
RMVM_S_7651de8a7c,Bán Duyên (Beat),Chu Bin,POP_BALLAD,TIER_A,True,False,0,,True,True,46223,da26c3a4a82c90ee43591b0c75360aa286d1bc5a0035c4bce4852d23f28e73b4,False,0,0,,
RMVM_S_8ad42f411f,Đường tình đôi ngả,"Dương Ngọc Vũ, Thanh Tuyền",POP_BALLAD,TIER_A,True,False,0,,True,True,45564,bbbcc0e26bf53505e3c4ab1d8ced536984a5f5d3870d417fb1a2605c6e554a46,False,0,0,,
RMVM_S_9f84e54abd,Nếu Đời Không Có Em,"Thanh Ngân, Gia Tiến",POP_BALLAD,TIER_A,True,False,0,,True,True,60657,0bb01f27b5d4ba3ca60bdd6e5a1cafa67254d7d055371bb1d849aa36e35c6fde,False,0,0,,
RMVM_S_0dc751e296,Cho Người Tình Nhỏ,Mai Trung Hậu,NHAC_TRINH,TIER_A,True,False,0,,True,True,44075,20dc76e94c4fc870d8163873971f71727a3b13e1601898a61cdb7ea243686444,False,0,0,,
RMVM_S_32f74f73db,Chắc Anh Có Yêu Em (Cover),"Anie Như Thùy, Lương Thăng",POP_BALLAD,TIER_A,True,False,0,,True,True,41690,b9d18bc944232d6188701943b6b7dac150c5b2be7eda1524894b35100df66d89,False,0,0,,
RMVM_S_d20ae0b0c8,Mưa Của Ngày Xưa,Lê Phú,POP_BALLAD,TIER_A,True,False,0,,True,True,60657,0bb01f27b5d4ba3ca60bdd6e5a1cafa67254d7d055371bb1d849aa36e35c6fde,False,0,0,,
RMVM_S_22092e48d3,Chiều Xuân Xa Nhà,"Võ Thanh Linh, Lê Khanh",BOLERO_TRUTINH,TIER_A,True,False,0,,True,True,37212,3f37549295114dca0a0846e3e8cecad7e17a1adab22838a24787603403d5d482,False,0,0,,
RMVM_S_5533f9dc15,Chấp Nhận,Tứ Hải Giai Huynh Đệ,POP_BALLAD,TIER_A,True,False,0,,True,True,60657,0bb01f27b5d4ba3ca60bdd6e5a1cafa67254d7d055371bb1d849aa36e35c6fde,False,0,0,,
RMVM_S_9244701544,Anh Sáu Về Quê (Cha Cha Cha),"Văn Hương, Thùy Dương, CT",BOLERO_TRUTINH,TIER_A,True,False,0,,True,True,40955,c56ae518f2ff65c72680c2f0f58002b828306721572e97c1ea05d37fc79b3565,False,0,0,,
RMVM_S_16f63f1e0e,Liên Khúc Tùy Hứng Lý Qua Cầu,Mỹ Nhung,BOLERO_TRUTINH,TIER_A,True,False,0,,True,True,37162,d3501968cb59e8701dcde998494ed6075ccf590166c90abbd96536c343930a14,False,0,0,,
RMVM_S_24eb02b04c,Em Vẫn Mong Chờ Anh,"Như Phượng, Đức Quang",POP_BALLAD,TIER_A,True,False,0,,True,True,32808,52f144b7b2902619a8bc50ef74f4158a0900a3ca13a40cfe289997976c1dce8c,False,0,0,,
RMVM_S_a8af2db132,Anh Không Dám Nói ver 1 (ST Music) (Short Version),Chu Bin,INSTRUMENTAL,TIER_A,True,False,0,,True,True,38745,caee3284bcae7599fcb327acca1226c41e448aa74fd541beb4a1b407f441c5f6,False,0,0,,
RMVM_S_86ddf9f3d8,Bốn Mùa Yêu Thương,Thanh Ngân,POP_BALLAD,TIER_A,True,False,0,,True,True,60657,0bb01f27b5d4ba3ca60bdd6e5a1cafa67254d7d055371bb1d849aa36e35c6fde,False,0,0,,
RMVM_S_63cd867d17,Không Bao Giờ Ngăn Cách,"Mai Diễm My, Văn Hương",POP_BALLAD,TIER_A,True,False,0,,True,True,60657,0bb01f27b5d4ba3ca60bdd6e5a1cafa67254d7d055371bb1d849aa36e35c6fde,False,0,0,,
RMVM_S_f37bc48601,Chiều mưa qua sông,"Long Nhật, Vân Khánh",POP_BALLAD,TIER_A,True,False,0,,True,True,45577,b1d389ef7fddb22a4aa23a86c895f3955cd438f5a8aeb90130d5ad846328285c,False,0,0,,
RMVM_S_4affe636f9,Liên Khúc Trai Tài Gái Sắc,Cô Ú,CHILDREN,TIER_A,True,False,0,,True,True,46145,4f8375da62c6f7645bc4a3cac71b9ae496e789876c905595a10c6fd8d4762ebd,False,0,0,,
RMVM_S_d29604f1e3,Không Thể Quên Em,Mỹ Nhung,POP_BALLAD,TIER_A,True,False,0,,True,True,46847,74debc225c8c82fccfecce521e62a7050f9ed4d5681340409927df5b5707cb5f,False,0,0,,
RMVM_S_4525478358,Bé Ti Ti,Minh Vy,POP_BALLAD,TIER_A,True,False,0,,False,False,0,,False,0,0,,
RMVM_S_ca2ef03e6a,Con Gái Bây Giờ (Remix),"Vũ Duy Khánh, Dj Moon",POP_BALLAD,TIER_A,True,False,0,,True,True,38655,6a084148775d037c83bf6c5bf14cda96cb26b8aa0258d90c80ab907ecdacca81,False,0,0,,
RMVM_S_3f222ca32b,"Lk Khóc Thầm, Chuyện Chúng Mình","Ngọc Khang, Đào Trọng Hải, Star Online",INSTRUMENTAL,TIER_B,True,False,0,,True,True,39643,814f1d74c51ce9d23f59e94e26f06e1046aeee45b6d70da7ad94bcd9f5490000,False,0,0,,
RMVM_S_528356ec6e,Liên Khúc: Áo Em Chưa Mặc Một Lần; Vòng Nhẫn Cưới,"Quang Lê, Mai Thiên Vân",BOLERO_TRUTINH,TIER_A,True,False,0,,True,True,41530,5b9a68557e56a06185cf8f769a247f258ef50ca548ba47fda18b9f0b5cddbaf0,False,0,0,,
RMVM_S_45b094cc13,Âm Nh?c ?? Làm Cho Tình Yêu,Tháng Tám Berry,INSTRUMENTAL,TIER_B,True,False,0,,True,True,39387,c99773dcc10ab1c2be5ff088e07ba3665d641e3dd5a308f68f4629d8ee9ec0ff,False,0,0,,
RMVM_S_b5720df997,Hà Nội Ngày Trở Về,"Phương Phạm Guitarist, Minh Chuyên",BOLERO_TRUTINH,TIER_A,True,False,0,,True,True,44080,caa577d461d7a844588d322eb814843ad445e60341b727b09bfd4e9fa282f29f,False,0,0,,
RMVM_S_81cc7a78f2,Đẹp Mối Tình Quê,Huỳnh Thật,BOLERO_TRUTINH,TIER_A,True,False,0,,True,True,33361,018a0cbd3ef2586f78cd0455ea954728f91891832c08aca5775923a89d88c2ba,False,0,0,,
RMVM_S_ecb2101752,Đã Từng Hạnh Phúc,Trương Khải Minh,POP_BALLAD,TIER_A,True,False,0,,True,True,39333,dc8f47be6c42c97f3b4579d7af8e9c5a61cc85b71703008933c6b2f1d456f889,False,0,0,,
RMVM_S_d690d34589,Liên Khúc Khu Phố Ngày Xưa - Xa Người Mình Yêu,"Phi Nga, Star Online",POP_BALLAD,TIER_A,True,False,0,,True,True,41588,99c8b5baf89f2048b39df3aa05e238cd6ac6f394370506cab47aeac4be5ef1b2,False,0,0,,
RMVM_S_dfe831f3ab,Gửi Người Yêu Dấu,Nhất Thiên Bảo,POP_BALLAD,TIER_A,True,False,0,,True,True,37311,1dd181fdd572aad9d5f91a802eb45dbd7ce57a1bf7977bbf34f783c303f995f6,False,0,0,,
RMVM_S_469f13c0fa,Trên Bãi Biển Một Chiều Xuân,Phú Tiến Phú,POP_BALLAD,TIER_A,True,False,0,,True,True,49866,c97098d48502646dcd1ed3f92ab297a282ab860cbec5a21b9eb1f10e29c96271,False,0,0,,
RMVM_S_082e49dd9b,Cho Em Đi Tìm Bến Mới,Lâm Hùng,POP_BALLAD,TIER_A,True,False,0,,True,True,60657,0bb01f27b5d4ba3ca60bdd6e5a1cafa67254d7d055371bb1d849aa36e35c6fde,False,0,0,,
RMVM_S_f3776491ac,LK Chán Nản & Nỗi Buồn,"Khánh Hà, Trần Thu Hà",BOLERO_TRUTINH,TIER_A,True,False,0,,False,False,0,,False,0,0,,
RMVM_S_5789740573,Liên Khúc Tình Duyên Chẳng Nợ,Hoàng Lâm,POP_BALLAD,TIER_A,True,False,0,,True,True,47482,af7bd04e9f60e866875d8d69f588d538a85ba423539ef859f6cea5fbbcbf7387,False,0,0,,
RMVM_S_b632284a6a,Sắc Màu Em Yêu,"Đỗ Tuyết Nhi, Bé Đinh Anh Khoa",POP_BALLAD,TIER_A,True,False,0,,True,True,51215,7977d82b729527b949db85e21851bc3fb1406c6d481d4681f603fd4d2d5a36b9,False,0,0,,
RMVM_S_7ab371192b,Chuyện Ba Mùa Mưa,"Anh Nguyễn, Mai Tiến Đạt",POP_BALLAD,TIER_A,True,False,0,,True,True,60657,0bb01f27b5d4ba3ca60bdd6e5a1cafa67254d7d055371bb1d849aa36e35c6fde,False,0,0,,
RMVM_S_1722cbcc39,Đi Về Đâu Hỡi Em (Biểu diễn trực tiếp),Don Hồ,BOLERO_TRUTINH,TIER_A,True,False,0,,False,False,0,,False,0,0,,
RMVM_S_6debdcbb1f,Liên Khúc Bolero Trữ Tình - Nếu Lỡ Ngày Mai Mình Xa Nhau,Hoàng Lâm,BOLERO_TRUTINH,TIER_A,True,False,0,,True,True,50189,b07a71a218679cfff2b16c99409453804f71ae6bcbbd32149ac72b8ad544a331,False,0,0,,
RMVM_S_4c05893f9b,Để Nhớ Một Cuộc Tình,Tô Phương Trang,POP_BALLAD,TIER_A,True,False,0,,True,True,44717,7ccfd4a2cca4fefa2fdf2e0081f4e45a5b8372e28278b068d0568e0c7766af61,False,0,0,,
RMVM_S_3c834b6742,"Dòng Sông Quê Anh, Dòng Sông Quê Em (From ""Những Ân Tình Xưa"")","NSND Thanh Hoa, NSƯT Đức Long",BOLERO_TRUTINH,TIER_A,True,False,0,,True,True,38217,763a869c7a92d156ca967e831ca89dfcee729744cf0f01830f46d1fa2a8b34a7,False,0,0,,
RMVM_S_0223dc9e10,Đêm Tâm Sự (Beat),Lâm Bảo Phi,POP_BALLAD,TIER_A,True,False,0,,True,True,41440,fd4433d004641f31484fc48a5330262ce4498a71a23571c7475840ee810ef49d,False,0,0,,
RMVM_S_1aade217f6,Hơn Thua Được Gì Đâu,Ngọc Ánh Sáng,BOLERO_TRUTINH,TIER_A,True,False,0,,True,False,0,,False,0,0,,
RMVM_S_125f8223f2,"LK Em Cứ Theo Người, Dấu Yêu Ơi",Khang Lê,POP_BALLAD,TIER_A,True,False,0,,True,True,60657,0bb01f27b5d4ba3ca60bdd6e5a1cafa67254d7d055371bb1d849aa36e35c6fde,False,0,0,,
RMVM_S_94319aea62,Tình Chẳng Phai Mờ,Nguyễn Phi Hùng,POP_BALLAD,TIER_A,True,False,0,,True,True,42933,391471c9856f729b2b1c93f65dd94ad708da32e675aa38cd257ab4a5512740e4,False,0,0,,
RMVM_S_fbe1978941,Buồn Như Kiếp Tằm,Trung Hậu,BOLERO_TRUTINH,TIER_A,True,False,0,,True,True,46460,f53cacb774b7385ea30be2cfac29c0c9de7307ba4d625b218a8d9ad52d5577a5,False,0,0,,
RMVM_S_26bd162770,Em Đã Quên Tình Tôi,"Phương Huyền, Lê Minh MTV",POP_BALLAD,TIER_A,True,False,0,,True,True,34448,16214bcc08e44c19de2b5ce67ac28af418218253f59366b56a7807dc559b269d,False,0,0,,
RMVM_S_d033383700,Ca Cảnh Chuyện Tình Lan Và Điệp (Liveshow Thương Quá Việt Nam),Nhiều nghệ sĩ,BOLERO_TRUTINH,TIER_A,True,False,0,,True,True,37398,ea2d0568589ffa29513af455104991176a6ea1dbf0af07fc8f857f65f340c926,False,0,0,,
RMVM_S_b7f3082532,Bên Em Mùa Xuân (Remix),"Mai Tiến Đạt, CT",POP_BALLAD,TIER_A,True,False,0,,True,True,60657,0bb01f27b5d4ba3ca60bdd6e5a1cafa67254d7d055371bb1d849aa36e35c6fde,False,0,0,,
RMVM_S_de449ce9e5,Anh Không Hối Tiếc,"Rap Việt, Limitlxss, Vũ Thảo My",POP_BALLAD,TIER_A,True,False,0,,True,True,60657,0bb01f27b5d4ba3ca60bdd6e5a1cafa67254d7d055371bb1d849aa36e35c6fde,False,0,0,,2023.0
RMVM_S_d877b913ad,LK Gõ cửa trái tim,"Chế Thanh, Vũ Hải",INSTRUMENTAL,TIER_B,True,False,0,,True,True,44710,688cdbbac5ca6c2a51f4e6fc7816f4a037c23900b8b2e60590594d2ce5a49afb,False,0,0,,
RMVM_S_1f646931ac,LK Người Ngoài Phố - Nửa Đêm Ngoài Phố - Phố Đêm (Liveshow Thương Quá Việt Nam),Ân Thiên Vỹ,BOLERO_TRUTINH,TIER_A,True,False,0,,True,True,21018,81cb62b5db1b5bd213a7c00379f6ed01a63c8a676e58cf49e07396c56988beed,False,0,0,,
RMVM_S_2119c880a2,Ai Thương Yêu Em,"Thanh Ngân, Minh Minh",POP_BALLAD,TIER_A,True,False,0,,True,True,60657,0bb01f27b5d4ba3ca60bdd6e5a1cafa67254d7d055371bb1d849aa36e35c6fde,False,0,0,,
RMVM_S_fbf8ad493a,goc khuat cua tinh yeu,Music of Friends,BOLERO_TRUTINH,TIER_A,True,False,0,,True,True,36122,c117230d0e5a538c366980dc43bac8c7b2ff00063eec85bea1f059f305948a15,False,0,0,,
RMVM_S_85e7093bf9,Đêm Trao Kỷ Niệm Disco,Star Band,BOLERO_TRUTINH,TIER_A,True,False,0,,True,True,44716,dab9beb64ebe31f189344dc1c7cdd53c342ae5b8daf49ba87e5ff4d4a4c00ac0,False,0,0,,
RMVM_S_5c72bd6594,Hò Huế - Lý Mười Thương,Thu Hiền,FOLK_TRADITIONAL,TIER_A,True,False,0,,True,True,50850,dcc74fa58d550238a680ef80c8c6b89bd598a3377b6d163f602cdcb919a4ba4c,False,0,0,,
RMVM_S_34ce7a759e,Tình Khúc Cho Em (Liveshow Thương Quá Việt Nam 3),Ngọc Ánh,INSTRUMENTAL,TIER_B,True,False,0,,True,True,20726,3c843e146f87ffc932597908ad924474ce90e129d167c82d1943b9eb4c116f04,False,0,0,,
RMVM_S_56005cc6c3,Vậy Thì Ta Yêu Nhau Đi,Audicity,POP_BALLAD,TIER_A,True,False,0,,True,True,49835,da85100dc86bc9625f744672dbffde4ccc85d73f4a64402078f03761ac246bdd,False,0,0,,
RMVM_S_2a507cd21e,Tan Biến (Beat),"Trịnh Thiên Ân, NAhy",POP_BALLAD,TIER_A,True,False,0,,True,True,40550,2ffb9b0fff616ec6a37df6f1bbf4e86d434cbc04600bcb5b076321aca43bf6a5,False,0,0,,
RMVM_S_6fbc94393f,Em Là Tất Cả Trong Anh,Vu TC Nguyen,INSTRUMENTAL,TIER_B,True,False,0,,True,True,49707,9427b144f389847370994c3f03c0b40ac77d6a4cff7c33568789ea1b9793ab5b,False,0,0,,
RMVM_S_ca17080aef,Anh Mới Chính Là Người Em Yêu Remix - TD Remix Ft Minh TiếnL Remix,Minh TiếnL,POP_BALLAD,TIER_A,True,False,0,,True,True,60657,0bb01f27b5d4ba3ca60bdd6e5a1cafa67254d7d055371bb1d849aa36e35c6fde,False,0,0,,
RMVM_S_57f76bbeed,Liên Khúc Mưa Nhớ Em - Tả Tơi Chữ Đời,Mỹ Nhung,POP_BALLAD,TIER_A,True,False,0,,True,True,52310,546c7042db760e56e8715207baeb888eceb086ffb6ae34d18cb02435b1fc2700,False,0,0,,
RMVM_S_693aa08fc7,Xuân Là Để Yêu,Thiều Bảo Trang,POP_BALLAD,TIER_A,True,False,0,,True,True,45292,08bbd6607271340b357426dd36882392a4a1733c503778a5446da3bd75d783f7,False,0,0,,
RMVM_S_8f20f4506c,Chúng Ta Dừng Lại Ở Đây Thôi,Nguyễn Đình Vũ,POP_BALLAD,TIER_A,True,False,0,,True,True,40648,f06ac114b15c533dcbbf07594492cf254f8ae16ea01af11c4b936649b435425e,False,0,0,,
RMVM_S_918791447c,Duyên Quê (Liveshow Thương Quá Việt Nam 3),V.A,POP_BALLAD,TIER_A,True,False,0,,True,True,46578,1087774d6c87bd9ea7f6db01ea1205fcc66eceafb2cf522a07a8104fef9cc408,False,0,0,,
RMVM_S_21328b4169,Anh Nào Có Tội,Vũ Duy Khánh,POP_BALLAD,TIER_A,True,False,0,,True,True,60657,0bb01f27b5d4ba3ca60bdd6e5a1cafa67254d7d055371bb1d849aa36e35c6fde,False,0,0,,
RMVM_S_28e981d855,CHIỀU MƯA BUỒN,Nhiều nghệ sĩ,POP_BALLAD,TIER_A,True,False,0,,True,True,38997,9f7ade991be8c697adc95fafdddd3361459d04ecd87cd28a743cd518eb55d1b8,False,0,0,,
RMVM_S_ce43205eb4,Sống Dai,B Ray,BOLERO_TRUTINH,TIER_A,False,False,0,,True,True,40622,2e2d508bd4b44094c9e49a3757dc0d2d31bb4036b57c60438e8332ebdcd70209,False,0,0,,
RMVM_S_ebe0b20452,Bước Phiêu Bồng (Phần 1),Nhiều nghệ sĩ,BOLERO_TRUTINH,TIER_A,True,False,0,,True,True,60657,0bb01f27b5d4ba3ca60bdd6e5a1cafa67254d7d055371bb1d849aa36e35c6fde,False,0,0,,
RMVM_S_a128a2db7d,Em Có Tiếc Nhớ Tuổi Thơ Qua,"Củ Cải, Vương Cây",POP_BALLAD,TIER_A,True,False,0,,True,True,42686,648f096fd51896b3b25cbe8720331c2090776f54f06d3f7cfce16e02404721ba,False,0,0,,
RMVM_S_042f501a62,Không Muốn Ai Thấy Anh Tổn Thương (Lofi Version),"Ngô Thành Dương, Nachi Khang",POP_BALLAD,TIER_A,True,False,0,,True,True,58420,e4a04da4b67546458f1a1d4587b36c72d8c5e9547824d456c8a81495e0cc4594,False,0,0,,
RMVM_S_215c3d181a,Buồn Chỉ Một Mình Thôi,"Tika Tùng Anh, TinyQ",POP_BALLAD,TIER_A,True,False,0,,True,True,60657,0bb01f27b5d4ba3ca60bdd6e5a1cafa67254d7d055371bb1d849aa36e35c6fde,False,0,0,,
RMVM_S_80b9ca8b2f,Chớ Để Nắng Tàn,Trọng Nghĩa,BOLERO_TRUTINH,TIER_A,True,False,0,,True,True,41393,3822046a4a9e427f95b8b215ad9ac98960aeda5f13816163598a6f7e958ec54b,False,0,0,,
RMVM_S_988a11b42f,"LK Gió Về Miền Xuôi, Hai Mùa Noel",Khang Lê,POP_BALLAD,TIER_A,True,False,0,,True,True,60657,0bb01f27b5d4ba3ca60bdd6e5a1cafa67254d7d055371bb1d849aa36e35c6fde,False,0,0,,
RMVM_S_1884b5efcf,Ai Lên Xứ Hoa Đào,Võ Minh Lê,POP_BALLAD,TIER_A,True,False,0,,True,True,60657,0bb01f27b5d4ba3ca60bdd6e5a1cafa67254d7d055371bb1d849aa36e35c6fde,False,0,0,,
RMVM_S_5ef376fe91,Điệp Khúc Mùa Xuân (Remix),Cao Tùng Huy,POP_BALLAD,TIER_A,True,False,0,,True,True,42198,a62286b1c01be53c76306c313b88569e3de7185420da81a85e2e5359cfd53c89,False,0,0,,
RMVM_S_0369da2d87,Lữ Khách Qua Thời Gian (Remake),Nhật Hào,POP_BALLAD,TIER_A,True,False,0,,True,True,37992,4d5947815aa7840e8d551a57b64c1de2d9352b579a2a70ce01b214eb49a82696,False,0,0,,
RMVM_S_1dc14477a5,Nếu Anh Là Em,"Nguyễn Văn Chung, Thanh Goll",POP_BALLAD,TIER_A,True,False,0,,True,True,43828,6aaaa2e18d71447147581ed7337b966eebba17521ecc6ab82938e9e077c0a8a8,False,0,0,,
RMVM_S_0d3846cd18,Bến Đò Chiều Vắng Em (Beat Tone Nam),Mỹ Nhung,POP_BALLAD,TIER_A,True,False,0,,True,True,43840,47c149adc08be022ad740b100a08970dafd3d0babe567c49ad4ad741f75931a3,False,0,0,,
RMVM_S_441a29ee08,Lí Do Là Gì (Air Remix),Nguyễn Vĩ,POP_BALLAD,TIER_A,True,False,0,,True,True,60657,0bb01f27b5d4ba3ca60bdd6e5a1cafa67254d7d055371bb1d849aa36e35c6fde,False,0,0,,
RMVM_S_32ad4d9505,"Astro Nuevo: I. Area, ""Astro nuevo"" - II. Recitado, ""A la esphera divina"" - III. Area, ""Pura rosa"" - IV. Recitativo, ""En obscuro velo"" - V. Area, ""Qué dichoso es"" - VI. Adagio, ""Ay! que me muero"" (Cantata al Santísimo con violines)",Julia Doyle,FOLK_TRADITIONAL,TIER_A,False,False,0,,True,True,48176,a2dc6ea12573c54f40baf9a084af032a4b5c1786b358e5d94774fa15264a80a8,False,0,0,,
RMVM_S_6866c85846,Em Đưa Anh Về Trà Vinh,Thanh Nhường,POP_BALLAD,TIER_A,True,False,0,,True,True,60657,0bb01f27b5d4ba3ca60bdd6e5a1cafa67254d7d055371bb1d849aa36e35c6fde,False,0,0,,
RMVM_S_07de612916,Đam Mê,Nguyễn Phú Quí,BOLERO_TRUTINH,TIER_A,True,False,0,,True,True,30211,67b44aeb5d851c88fe0a5b83f08dc5c126bf9a20be2d30072b9ce4fba1275c2b,False,0,0,,
RMVM_S_de9dbe9cdc,Cách Mình Xa Nhau,TRANG,POP_BALLAD,TIER_A,True,False,0,,True,True,36128,d52b967ad88667dfb33a3a0e4fe99d223ced127093282d31b3dd194c698a1725,False,0,0,,
RMVM_S_64be8cc548,Bông Ô Môi,"Nhã Vân, Xuân Hòa",BOLERO_TRUTINH,TIER_A,True,False,0,,True,True,35062,bf4da1b7ff2549cfe1d00ab0e4b1db1ee23c94226310c94790721577b7bfd83b,False,0,0,,
RMVM_S_37a052b99f,Bóng Đêm (Beat),La Hoàng Phúc,BOLERO_TRUTINH,TIER_A,True,False,0,,True,True,41112,d153b280144f824b1f817a66cafc17f2bf95bc0758ae62ab07162046387cbea9,False,0,0,,
RMVM_S_3355244cf2,Giá Như Anh Được Nghe Em Nói,Vincent,POP_BALLAD,TIER_A,True,False,0,,True,True,40942,d297c6b497031c9e03952211472a0388dcd7c1490da71545d840f9c141bfa9a6,False,0,0,,
RMVM_S_9ddf7e39a2,Sao Em Vô Tình,Chế Thanh,BOLERO_TRUTINH,TIER_A,True,False,0,,True,True,5638,4a838c0cfe4f66fbcb67e6da7371b97067cd1e2c4c1290758dc9f4fec4a54736,False,0,0,,
RMVM_S_2551c92f27,Bài Tình Ca Cho Anh,Minh Thu,POP_BALLAD,TIER_A,True,False,0,,True,True,60657,0bb01f27b5d4ba3ca60bdd6e5a1cafa67254d7d055371bb1d849aa36e35c6fde,False,0,0,,
RMVM_S_e636827b51,Biển Nhớ,Mèo Ú Guitar,INSTRUMENTAL,TIER_A,True,False,0,,True,True,35944,6c7b2eea21eff2cadf041d8c6e6392e4c3a285c8430e96e6a70db8ea9e970f87,False,0,0,,
RMVM_S_0df116a55c,Đừng Nói Xa Nhau,Huỳnh Thật,POP_BALLAD,TIER_A,True,False,0,,True,True,28884,ef5be2ad44ef6c59ecce2550e5eb0a120a0eb6cf8f68d5ebc17eac80ed78d6e9,False,0,0,,
RMVM_S_6a4d15eb0e,Màu Tím Pensee,Vũ Hoàng,INSTRUMENTAL,TIER_B,True,False,0,,True,True,60657,0bb01f27b5d4ba3ca60bdd6e5a1cafa67254d7d055371bb1d849aa36e35c6fde,False,0,0,,
RMVM_S_7936bd3cdb,Liên Khúc Ngỏ Lời,"Đặng Trí Trung, Võ Lam Phương",INSTRUMENTAL,TIER_B,True,False,0,,True,True,45089,f6be0193afd4a068e6c263e0fc9adafefab86d24c1553c0d516e54c720cc4cd0,False,0,0,,
RMVM_S_14cacf7423,Chuyến Đò Không Em,Kim Tuyến,POP_BALLAD,TIER_A,True,False,0,,True,True,60657,0bb01f27b5d4ba3ca60bdd6e5a1cafa67254d7d055371bb1d849aa36e35c6fde,False,0,0,,
RMVM_S_74b9c9272c,Mưa Ru,Đăng Khôi,POP_BALLAD,TIER_A,True,False,0,,True,True,45392,81e04686246489c13eecb9ad9840fa915335807a66b974cf3cf1a0507f6def55,False,0,0,,
RMVM_S_3b7330cd21,Tình Yêu Vỗ Cánh,Trọng Nghĩa,BOLERO_TRUTINH,TIER_A,True,False,0,,True,True,44426,194465191c54623f0200ad0ad3f09438346377a93a97049d59282dd68b37f60c,False,0,0,,
RMVM_S_88097b638c,01 Vung La Me Bay,Mộng Thi,POP_BALLAD,TIER_A,True,False,0,,True,True,47968,952afc0d76fa68b712028167f766f9960d764d8a5870ffc87624834ccd27c859,False,0,0,,
RMVM_S_0af3f651e9,Bạn Hữu Thân Tình (Beat),Vương Triệu Anh,POP_BALLAD,TIER_A,True,False,0,,True,True,40022,45939b42e64640096e361564faddfad9c99c04b4143019e98d8e38869340e9e1,False,0,0,,
RMVM_S_1af870ba0f,Mất Bao Lâu Để Quên,Duc,POP_BALLAD,TIER_A,True,False,0,,True,True,37394,2709bdbcf7a29107281ad157881ec5aa8a4bd63379cf7f9d63a5914bcbf67922,False,0,0,,
RMVM_S_84e3e3badf,LK Tuổi Học Trò/Trường Cũ Tình Xưa,"Mai Thiên Vân, Quỳnh Dung",BOLERO_TRUTINH,TIER_A,True,False,0,,False,False,0,,False,0,0,,
RMVM_S_97ad9cdda9,Tân Cổ: Đò Chiều Bến Quê,"Vy Thúy Hằng, Lâm Quang Long",BOLERO_TRUTINH,TIER_A,True,False,0,,True,True,30257,40200b432ac7619ff13525ffecedefc934af30caf04764db30577bb414ea908b,False,0,0,,
RMVM_S_12faeeb769,Liên Khúc: Mưa Nửa Đêm – Phố Đêm,Diễm Hân,BOLERO_TRUTINH,TIER_A,True,False,0,,True,True,47829,9c96e2ff194bbfe496de93faf84f77d278fedc39b0631f4728f483f6b3459db8,False,0,0,,
RMVM_S_d46725d887,Khúc Mùa Thu,Minh Thu,POP_BALLAD,TIER_A,True,False,0,,True,True,60657,0bb01f27b5d4ba3ca60bdd6e5a1cafa67254d7d055371bb1d849aa36e35c6fde,False,0,0,,
RMVM_S_5fc3cee1bf,Anh Chẳng Thể (Beat),Phạm Kỳ,POP_BALLAD,TIER_A,True,False,0,,True,True,33099,8fb718b769dd1098f3519898471cef67e80bc52b1d81526e09ccef93d8c32bc6,False,0,0,,
RMVM_S_3e4fe8ad9e,Anh Sẽ Chẳng Làm Em Khó Xử (Beat),"Nam Anh, Lê Chí Trung",POP_BALLAD,TIER_A,True,False,0,,True,True,49396,9231cb3d3faf2e178730c40e4c18fbc987b5edd153a71f3c78ee411fc8e64408,False,0,0,,
RMVM_S_508ddb81e3,Chưa Muốn Lấy Chồng (Remix),Hạnh Tiên,POP_BALLAD,TIER_A,True,False,0,,True,True,47327,e5a8d170516dabb911557f4e33d08b96401ce3007df2e4fe10d993d601fecee3,False,0,0,,
RMVM_S_aa06ce242f,Bài Ca Kỷ Niệm,"Hà Thanh Tâm, Xu Xu",POP_BALLAD,TIER_A,True,False,0,,True,True,60657,0bb01f27b5d4ba3ca60bdd6e5a1cafa67254d7d055371bb1d849aa36e35c6fde,False,0,0,,
RMVM_S_ac69e4478c,Chuyện Người Con Gái Ao Sen,"Thạch Dũng, Thạch Dũng - Trần Xuân",INSTRUMENTAL,TIER_B,True,False,0,,True,True,60657,0bb01f27b5d4ba3ca60bdd6e5a1cafa67254d7d055371bb1d849aa36e35c6fde,False,0,0,,
RMVM_S_03bd0968b0,"LK Mùa Xuân Xa Quê, Như Đã Dấu Yêu","Cẩm Loan, Đoàn Minh",BOLERO_TRUTINH,TIER_A,True,False,0,,True,True,60657,0bb01f27b5d4ba3ca60bdd6e5a1cafa67254d7d055371bb1d849aa36e35c6fde,False,0,0,,
RMVM_S_6f4708a07e,Đừng Hẹn Kiếp Sau (Cover),Hoàng Đình Đông Dương,POP_BALLAD,TIER_A,True,False,0,,True,True,60657,0bb01f27b5d4ba3ca60bdd6e5a1cafa67254d7d055371bb1d849aa36e35c6fde,False,0,0,,
RMVM_S_401a2a261a,Bên Bến Sông Buồn,"Hoàng Dũng, BEAT CHAT LUONG CAO",POP_BALLAD,TIER_A,True,False,0,,True,True,60657,0bb01f27b5d4ba3ca60bdd6e5a1cafa67254d7d055371bb1d849aa36e35c6fde,False,0,0,,
RMVM_S_5426f2e895,Chia Tay Em Nhé,La Hoàng Phúc,POP_BALLAD,TIER_A,True,False,0,,True,True,41070,354fc3e7016fce879f81b961c6c2da6b51297052f6ef02db5314c59752908186,False,0,0,,
RMVM_S_077c1d8ac6,Không Bao Giờ Quên Em,Đăng Anh,BOLERO_TRUTINH,TIER_A,True,False,0,,True,True,40099,ce6f353f30bcdbcc0bc1e00d37a09656364bae7005536eeca99b09aac992e7c9,False,0,0,,
RMVM_S_e46ff9e8bc,Chờ Ngày Cưới Em (Nekko Remix),"Hương Ly, Phát Hồ",POP_BALLAD,TIER_A,True,False,0,,True,True,60657,0bb01f27b5d4ba3ca60bdd6e5a1cafa67254d7d055371bb1d849aa36e35c6fde,False,0,0,,
RMVM_S_d6bae32311,Yêu Cô Gái Bạc Liêu,Kim Tuyến,POP_BALLAD,TIER_A,True,False,0,,True,True,60657,0bb01f27b5d4ba3ca60bdd6e5a1cafa67254d7d055371bb1d849aa36e35c6fde,False,0,0,,
RMVM_S_d57107dc96,Liên khúc Quê hương ba miền,Lê Trần Khánh Vy,BOLERO_TRUTINH,TIER_A,True,False,0,,True,True,60657,0bb01f27b5d4ba3ca60bdd6e5a1cafa67254d7d055371bb1d849aa36e35c6fde,False,0,0,,
RMVM_S_cbaf69d2c2,Em Không Sao Đâu Beat,Bạc Cầm Diễm My,POP_BALLAD,TIER_A,True,False,0,,True,True,38614,cddf4ac945dbe056a33f7bc4ccc2057ff9552e05fa5c191efe780bedc6faa5e7,False,0,0,,
RMVM_S_d31ba1e017,Tình Là Thế,"BeeBoss, Tuấn Chung, Dương Huỳnh Khang",POP_BALLAD,TIER_A,True,False,0,,True,True,47516,a69fa408271853a2ff640c3055a9485d8a14d76082dedf2ff497fb8b6cda289d,False,0,0,,
RMVM_S_7c04578685,Chắc Có Lẽ Em Đã Quên,erdivii,BOLERO_TRUTINH,TIER_A,True,False,0,,True,True,33440,8e6065245e7d0ec0799d61a31e24d9d6b1375c925c4c8b7f08121877e897e278,False,0,0,,
RMVM_S_408dd3853f,Chỉ Có Bạn Bè Thôi (Liveshow Thương Quá Việt Nam 1),"Thúy Vân, Ân Thiên Vỹ",POP_BALLAD,TIER_A,True,False,0,,True,True,20976,dade65e71cc078da2b46ba8eb95b06bf3a7d850318ab3db9a2ecfd4945387205,False,0,0,,
RMVM_S_33898dced6,Hà Nội của tôi Official,"Hải Duget, Ca sĩ Tuyết Mai, Thy Trần, Thu Hương, Tuệ Quyên",POP_BALLAD,TIER_A,True,False,0,,True,True,60657,0bb01f27b5d4ba3ca60bdd6e5a1cafa67254d7d055371bb1d849aa36e35c6fde,False,0,0,,
RMVM_S_20fbebfbf7,Được Tin Em Lấy Chồng,Võ Hoàng Lâm,POP_BALLAD,TIER_A,True,False,0,,True,True,60657,0bb01f27b5d4ba3ca60bdd6e5a1cafa67254d7d055371bb1d849aa36e35c6fde,False,0,0,,
RMVM_S_14511f073b,"Con gái à, trước khi lấy chồng, ba có đôi lời muốn nói với con",Hug DJ,POP_BALLAD,TIER_A,True,False,0,,True,True,38875,a3bb8dfdecf9d860f9b49848a0480f56a973ce63bb52f45426bf6c5b519c7a5a,False,0,0,,
RMVM_S_80c7ecb8f6,Người Tình Trăm Năm (Liveshow Khi Ta Yêu 2019),"Bằng Kiều, Minh Tuyết",POP_BALLAD,TIER_A,True,False,0,,True,True,54745,fbc30ff841aae435600d5a5b80b8f42f29b93c38af04590a2ac70e154f9982b4,False,0,0,,2019.0
RMVM_S_e992e683ca,"Liên Khúc: Người Về Cuối Phố,Dấu Chôn Tình Buồn,Tình Lẻ Bóng",Cẩm Ly,POP_BALLAD,TIER_A,True,False,0,,True,True,5638,4a838c0cfe4f66fbcb67e6da7371b97067cd1e2c4c1290758dc9f4fec4a54736,False,0,0,,
RMVM_S_9bab041e41,Kể Chuyện Trong Đêm Disco,Sao Band,BOLERO_TRUTINH,TIER_A,True,False,0,,True,True,44963,00d145f0e24fad9f483606ff328093491aba9eb5da72ec5e663cca8a05f57706,False,0,0,,
RMVM_S_2cb1ada726,Tôi là người đàn ông tội nghiệp,Lâm Quốc Hưng,POP_BALLAD,TIER_A,True,False,0,,True,True,47357,199596cfc0161b03e4804cbebbc24ad66280e0bfefbcf61ac6e12266892c156a,False,0,0,,
RMVM_S_a2e4c399d8,Chia Tay Lần Nữa,Thanh Thảo,POP_BALLAD,TIER_A,True,False,0,,True,True,43647,8588b46e63e8cd93c09ffdb6584d320379f67684ffca600540731608f5267db0,False,0,0,,
RMVM_S_34b285f3e3,[Music Space] Yêu một người vô tâm - Sáng tác: Mr.Siro | Trình bày: Neon | Guitar: Trọng Lê (Cover),Liêu Hà Trinh,POP_BALLAD,TIER_A,True,False,0,,True,True,35470,b757fd2367a1ffbf2de9f19407b56215a9184263438378e465fcca3a71e5e03c,False,0,0,,
RMVM_S_de4f47193b,THỨC GIẤC,"16 Typh, MastaL",POP_BALLAD,TIER_A,True,False,0,,True,True,37207,a515299afdbdc708478dfd0c43c793c156279074e5de7292bda20bdba9ede563,False,0,0,,
RMVM_S_6f5fe7affa,"Audio Chuyện Tình Yêu, Tình Một Đêm",Duy Linh Đọc Truyện Audio,INSTRUMENTAL,TIER_B,True,False,0,,True,True,44367,ddcafe43ae0e023c09c1313d1886492e4733137982c3e666fe177ecf14687a14,False,0,0,,
RMVM_S_27a306a3e7,Con Tim Mù Lòa (Remix),Lương Gia Huy,BOLERO_TRUTINH,TIER_A,True,False,0,,True,True,31048,2191bda2d5073f648b3aa9d1b815fd34f8db97c1b9149f8e10aa63f8f02d16b1,False,0,0,,
RMVM_S_fe3af70ee9,Em Vẫn Chờ Anh (Beat),Đỗ Tuyết Nhi,BOLERO_TRUTINH,TIER_A,True,False,0,,True,True,40098,8a6875e98926c8e64424d2c9bac705f45c43e8f0b2d26841798f5f8f46037f19,False,0,0,,
RMVM_S_e035b2703e,Liên Khúc Remix Anh Ba Hưng,Thanh Ngân,REVOLUTIONARY,TIER_A,True,False,0,,True,True,47368,a8cd32d3d959e49222b6811ff2d08c7f4d6019c27851657d132441e480e588b1,False,0,0,,
RMVM_S_6a6f250652,"LK Vì Lỡ Thương Nhau, Phận Bạc","Cẩm Loan, Kha Thi, Lâm Quang Long",BOLERO_TRUTINH,TIER_A,True,False,0,,True,True,60657,0bb01f27b5d4ba3ca60bdd6e5a1cafa67254d7d055371bb1d849aa36e35c6fde,False,0,0,,
RMVM_S_f3389a72d8,Ánh Trăng Buồn (Pi Nine Remix),"Vương Nguyễn, Nhã Pc",POP_BALLAD,TIER_A,True,False,0,,True,True,52459,c9e16e1c22d5cf3882ccba903cde8d9fbe3e4fd7727a5a54b7d38e72af6c80c8,False,0,0,,
RMVM_S_92f442c6ed,Chuyện Tình Lạc Trôi,Thiều Thu Sa,BOLERO_TRUTINH,TIER_A,True,False,0,,True,True,44445,91b4c945d58ab466c65a1134fa466e1490b8da158736ff700da8c7ecd3170440,False,0,0,,
RMVM_S_8b70b0b1f8,LK: Dạ Khúc Buồn-Hãy Về Với Em-Cho Em Lời Cuối,Phương Thanh,INSTRUMENTAL,TIER_B,True,False,0,,False,False,0,,False,0,0,,
RMVM_S_cdc7faabd5,Ngày Tạm Biệt / Đèn Khuya / Tiễn Người Đi,"Mỹ Lan, Phương Loan, Ngọc Thúy",BOLERO_TRUTINH,TIER_A,True,False,0,,False,False,0,,False,0,0,,
RMVM_S_0f6937f5c4,Hãy Tin Anh,Ngô Kiến Huy,POP_BALLAD,TIER_A,True,False,0,,True,True,42315,652fa73e3f85cdc2040727c742e079f764dc92a7e9e1f71c8ef84ae80ab5d502,False,0,0,,
RMVM_S_dd7ecc7957,Áo Dài Việt Nam,Trịnh Kim Liên,BOLERO_TRUTINH,TIER_A,True,False,0,,True,True,38056,a00256c8e2eec2a72d1563bbcd2d5887e22da93e54cfe8a08cf3532cf18c8175,False,0,0,,
RMVM_S_ed9cf3fa54,Anh Chẳng Còn Cơ Hội (Beat),"Trang Mio, Trần Huyền Diệp",POP_BALLAD,TIER_A,True,False,0,,True,True,39719,15aa94817051c2c07e60128de2893ec2af0cb74d40e7801ce70033b5d0a552de,False,0,0,,
RMVM_S_15b916fd2d,Hạnh Phúc Của Anh Là Em,"Đưc Tuấn iTV, Đức Tuấn iTV",POP_BALLAD,TIER_A,True,False,0,,True,True,60657,0bb01f27b5d4ba3ca60bdd6e5a1cafa67254d7d055371bb1d849aa36e35c6fde,False,0,0,,
RMVM_S_911d8ab381,Cún Bin Yêu,Bé Bào Ngư,INSTRUMENTAL,TIER_A,True,False,0,,True,True,60657,0bb01f27b5d4ba3ca60bdd6e5a1cafa67254d7d055371bb1d849aa36e35c6fde,False,0,0,,
RMVM_S_ba085eb3df,Ngày Đẹp Trời Ngày Anh Có Em,GMEZ,POP_BALLAD,TIER_A,True,False,0,,True,True,49595,128ff65d18733e3eab44c0019a4e835daf0e691937e0926a6c2c6479c2948594,False,0,0,,
RMVM_S_f3ef67e7a8,Vọng Cổ Buồn (Cha Cha Cha),"Mai Tiến Đạt, CT",POP_BALLAD,TIER_A,True,False,0,,True,True,39003,dbc6fff42ac49c1cc4589a2ed33313d4bfdb19fba6845b8b4ec1da17db2cc2b6,False,0,0,,
RMVM_S_f2ceb4641b,Cảm Xúc Chiều Mưa,"Minh Thuận, Thùy My",POP_BALLAD,TIER_A,True,False,0,,True,True,46497,ee1832bc970c18cb19d6a125db81c33ecb72f518a3528e93640cf07c85001710,False,0,0,,
RMVM_S_19aae2009b,Lạc Lối Giữa Sài Gòn (Chạy Đi Rồi Tính OST),Addy Trần,POP_BALLAD,TIER_A,True,False,0,,True,True,45869,dd1949f78728863e552e8be3e827b84d7bdba4045511b0ecd9cad69e10462c7b,False,0,0,,
RMVM_S_cf288b6ea8,Đừng Khóc Phút Chia Xa,Bích Hồng,INSTRUMENTAL,TIER_B,True,False,0,,True,True,42187,6d536e7b28e686eb462967ff012981b7a983b5c273d874a2effbf3ff556aeaf0,False,0,0,,
RMVM_S_072bf103ec,Điệu Nhạc Đêm Đông,Duy Ninh,POP_BALLAD,TIER_A,True,False,0,,True,True,27944,8000af4a27035c2752cd2c09c30f8a777eb8238feb05aceca85609c922748531,False,0,0,,
RMVM_S_c3bbd5d6d2,Liên Khúc Nhạc Xuân Vui Nhộn,"Sarah Đào, Ngũ Long Công Chúa",POP_BALLAD,TIER_A,True,False,0,,True,True,49248,b5157bc482f8efb8b76687afdcac6f824882f342afe6054c4dcb607b4b33c7dd,False,0,0,,
RMVM_S_347475ec54,"Thân Phận, Được Tin Em Lấy Chồng","Quỳnh Dung, Mai Quốc Huy",BOLERO_TRUTINH,TIER_A,True,False,0,,False,False,0,,False,0,0,,
RMVM_S_f2145de17c,Lời Tỏ Tình Dễ Thương (Cha Cha Cha),"Dáng Kiều, CT",BOLERO_TRUTINH,TIER_A,True,False,0,,True,True,44144,aa467e416b2248795847993f6b6ca8a0f43f5ef74d34e02f26a3af4cdc695388,False,0,0,,
RMVM_S_7930546029,Cuộc Tình Đau,Tina Ngọc Lan,BOLERO_TRUTINH,TIER_A,True,False,0,,True,True,5638,4a838c0cfe4f66fbcb67e6da7371b97067cd1e2c4c1290758dc9f4fec4a54736,False,0,0,,
RMVM_S_74fa5ed7e9,Lk Thà Trắng Thà Đen,Khánh Duy Khương,INSTRUMENTAL,TIER_B,True,False,0,,True,True,30415,f5597d5f7a006b28daa9c58bb327c9af870d6cb8b4db8209c158786903170d83,False,0,0,,
RMVM_S_09132b87ef,Cảm Xúc Của Anh (Beat),Vân Du,POP_BALLAD,TIER_A,True,False,0,,True,True,48101,ea22bc9b00f92504b2417d290a697f89ff1b9e40faaf29fd63c99982ee47adda,False,0,0,,
RMVM_S_81805c85f9,Âm Thanh Của Nỗi Nhớ Anh / 是想你的声音啊,Ngạo Thất Gia,POP_BALLAD,TIER_A,True,False,0,,True,True,60657,0bb01f27b5d4ba3ca60bdd6e5a1cafa67254d7d055371bb1d849aa36e35c6fde,False,0,0,,
RMVM_S_fb6690c096,Yêu Chưa Bao Giờ Là Sai - Liêu Hà Trinh | @To...,Liêu Hà Trinh,POP_BALLAD,TIER_A,True,False,0,,True,True,41408,ab8d0992df1d31b5628f390ffe251ed7f1d9627e20135d38102b803e5f87bc6a,False,0,0,,
RMVM_S_ef6cd39f96,10 Năm Anh Vẫn Hát Lời Tình Yêu,Nguyễn Hậu,POP_BALLAD,TIER_A,True,False,0,,True,True,39933,3ccbe44be74526e99f3799479d257f0c2dc81fb238916cafb0b4489a5f08794b,False,0,0,,
RMVM_S_1a401be5c1,Thương Lắm Vợ Ơi !!!,Hoàng Ngọc Hải,POP_BALLAD,TIER_A,True,False,0,,True,True,5638,4a838c0cfe4f66fbcb67e6da7371b97067cd1e2c4c1290758dc9f4fec4a54736,False,0,0,,
RMVM_S_286fa53f56,Dư Âm Mùa Giáng Sinh,Nhật Vũ,POP_BALLAD,TIER_A,True,False,0,,True,True,60657,0bb01f27b5d4ba3ca60bdd6e5a1cafa67254d7d055371bb1d849aa36e35c6fde,False,0,0,,
RMVM_S_a0f00624b3,Bình Minh Tình Yêu,Trường Sinh,POP_BALLAD,TIER_A,True,False,0,,True,True,33621,bfd90195e7e077a36c11771813da8a6695a7bd618803dfec2fc8a1fe13f5d0fc,False,0,0,,
RMVM_S_439f00760c,Anh Về Với Em (Liveshow Thương Quá Việt Nam 4),"Khưu Huy Vũ, Hà My, Ân Thiên Vỹ",BOLERO_TRUTINH,TIER_A,True,False,0,,True,True,21359,4085af47fe291ebf03d8a1d7bde3583819944ff91a95f50c9afe29adf5050e8f,False,0,0,,
RMVM_S_763e5e4654,Đừng Lo Nhé Có Anh Đây (HM Remix) (Beat),Lâm Chấn Kiệt,RAP_HIPHOP,TIER_A,True,False,0,,True,True,53520,ab81b2a2675ab807a5b44e8c478e1fa70aae94e86bc9f2f37b7a9b8390f4754e,False,0,0,,
RMVM_S_46fbc1dee4,Lk Lời Cha Dạy - Đạo Làm Con,"Trịnh Nam Phương, Dương Anh Tuân",BOLERO_TRUTINH,TIER_A,True,False,0,,True,True,36998,716e285755958f9df1f39c8060c97dd3b31186b9cbf7f20fe4a3a7cf52215238,False,0,0,,
RMVM_S_2de85a6636,Hãy Về Đây Bên Em Bass Căng,Dj Tiffany,POP_BALLAD,TIER_A,True,False,0,,True,True,5638,4a838c0cfe4f66fbcb67e6da7371b97067cd1e2c4c1290758dc9f4fec4a54736,False,0,0,,
RMVM_S_3b6081f673,Chuyến Đi Của Năm (Đi Để Trở Về 2) (Beat),SOOBIN,POP_BALLAD,TIER_A,True,False,0,,True,True,49291,a4d72610f79dc1ef63e21103f456537d948e6ed89e4e41bffa540586a7c02b53,False,0,0,,
RMVM_S_ae92cd5708,"LK Chiếc Khăn Gió Ấm, Đành Nói Lời Chia Tay",Anny Hằng,POP_BALLAD,TIER_A,True,False,0,,True,True,60657,0bb01f27b5d4ba3ca60bdd6e5a1cafa67254d7d055371bb1d849aa36e35c6fde,False,0,0,,
RMVM_S_6afc822ba9,Cô Gái Sài Gòn Đi Tải Đạn,Thanh Hương,POP_BALLAD,TIER_A,True,False,0,,True,True,60657,0bb01f27b5d4ba3ca60bdd6e5a1cafa67254d7d055371bb1d849aa36e35c6fde,False,0,0,,
RMVM_S_029bca48ad,Cô Bé Mắt Nhung,Jack Long,POP_BALLAD,TIER_A,True,False,0,,True,True,43360,fba6e405e7b927e6c04c91df08b8e09db96d8c0c2cb062da8ca2b06383f0e5f7,False,0,0,,
RMVM_S_37466d6a69,8 Lời Nói Dối Của Mẹ,"Nguyễn Văn Chung, Như Thùy",POP_BALLAD,TIER_A,True,False,0,,True,True,37274,3fd0491ca039460c322ad6d7836050de28c7a12be3daa5c8203f6f186efbfc43,False,0,0,,
RMVM_S_e0cf9fa5b5,"LK Câu Chuyện Đầu Năm, Còn Nhớ Không Em",Cao Hoàng Nghi,FOLK_TRADITIONAL,TIER_A,True,False,0,,True,True,60657,0bb01f27b5d4ba3ca60bdd6e5a1cafa67254d7d055371bb1d849aa36e35c6fde,False,0,0,,
RMVM_S_243b3f898f,"LK Đã Không Yêu Thì Thôi, Dĩ Vãng Cuộc Tình",Anny Hằng,POP_BALLAD,TIER_A,True,False,0,,True,True,60657,0bb01f27b5d4ba3ca60bdd6e5a1cafa67254d7d055371bb1d849aa36e35c6fde,False,0,0,,
RMVM_S_a121103d5b,THƯƠNG THẦM EM GÁI VĨNH LONG,"Nguyễn Hữu Liệu, Kha Duy - Ngọc Trân",BOLERO_TRUTINH,TIER_A,True,False,0,,True,True,60657,0bb01f27b5d4ba3ca60bdd6e5a1cafa67254d7d055371bb1d849aa36e35c6fde,False,0,0,,
RMVM_S_9b4c11501e,Có Ai Mua Dùm Em Nỗi Buồn,NLy,POP_BALLAD,TIER_A,True,False,0,,True,True,39474,7d77747fec9a16ab9f20cbc59a89f7de248394d12e60512ddd4be84b9780cce7,False,0,0,,
RMVM_S_10af5427e1,Cho Đời Chút Ơn,Quang Dũng,POP_BALLAD,TIER_A,True,False,0,,True,True,41290,f28a1b9c373ab2e402e296c8132f15daddbce5ea6bf4f5e8db6ea637cd2fa5fe,False,0,0,,
RMVM_S_6c55abd815,Tết Đến Rồi,"Biên, Thoại",POP_BALLAD,TIER_A,True,False,0,,True,True,47962,10d22a7fc7c8db0070dd19ac80b7702381a4aed12a2e6ce0d962acdb99304ce2,False,0,0,,
RMVM_S_a62513a15a,Ảo Mộng Tình Yêu,Chí Thành Danh,POP_BALLAD,TIER_A,True,False,0,,True,True,50430,ac3267f18b65a868829278f8c69ad7e9aeec24468c85385122ef0e7a2816b657,False,0,0,,
RMVM_S_e1b0e2b33f,Liên Khúc 13 Tỉnh Thành (Lê Như),"Lời bài hát, tải nhạc Zing MP3",FOLK_TRADITIONAL,TIER_A,False,False,0,,True,True,34419,01034870f07ec572304cd636d6cfe84af033faecb2abd7765d61154bdad12e05,False,0,0,,
RMVM_S_e9c2cbc844,09 - Em toi lam chieu dai (Minh Canh),Ca co Viet Nam,INSTRUMENTAL,TIER_B,True,False,0,,True,True,39642,4822e7ebb73cf55bff8e0e34da6af55404d879365c37c2e0ea420fda31105778,False,0,0,,
RMVM_S_591375270f,LK Hát Với Dòng Sông - Đừng Xa Em Nhé,Đinh Bảo Yến,POP_BALLAD,TIER_A,True,False,0,,True,True,53091,22352815a44012bc3ef3d0ffcfba29a39b269bee54e461dc6c6d9ad2fc3c0d66,False,0,0,,
RMVM_S_e82f049ffd,Khi Giấc Mơ Về,Đinh Quang Minh,INSTRUMENTAL,TIER_B,True,False,0,,True,True,47563,f68312e3787efa1b0225713ceb5e0cc88826c7717e022a3dde8c52157c5cacda,False,0,0,,
RMVM_S_18064aa35c,Chi Chi Chành Chành,"Giang Bảo Trang, Giang Bảo Anh",RAP_HIPHOP,TIER_A,True,False,0,,True,True,55811,b9cf8bf1a044400cca99e4d06e5ed92179dfe4a2dad42603cec994d01b930872,False,0,0,,
RMVM_S_9260f56ff0,Ta Yêu Sài Gòn Đến Lạ (ChuChu),"Lời bài hát, tải nhạc Zing MP3",POP_BALLAD,TIER_A,False,False,0,,True,True,47647,7041704dc217423c4e7247b4531ed91fb66e07b36c603b847ee611afa8925111,False,0,0,,
RMVM_S_8df92eb6d2,Nhỏ Ơi Đừng Ghen,Đoàn Việt Phương,POP_BALLAD,TIER_A,True,False,0,,True,True,41925,3d699bd5c0d5160624c616b68b8581558fbbc92d62e0669fb162ebadb17d15a2,False,0,0,,
RMVM_S_7a7241a9b7,Đi Về Cuối Biển,Đức Tuấn,BOLERO_TRUTINH,TIER_A,True,False,0,,True,True,42843,c5d02b5f552558099f138c20eb9b7c1daa98ec682a8f00fe4962abae45d97d7c,False,0,0,,
RMVM_S_3eb23507ac,Liên Khúc Đời Lắm Vô Thường,Mai Tiến Đạt,POP_BALLAD,TIER_A,True,False,0,,True,True,42901,ad8867ff7ec561b3eb49b432dc170de695e7ceb3fc5d4ba6f17df36482c2e3c7,False,0,0,,
RMVM_S_022b2cb60f,Chiều Anh Ngồi Anh Nhớ (Lofi),"H2O Lofi, Trung Quang",POP_BALLAD,TIER_A,True,False,0,,True,True,43111,74f573fdce43dbd2a768b85c67f3980a44e125fefc3582391487e6c68840098c,False,0,0,,
RMVM_S_132eb88537,Cho Người Tình Phụ,"Kim Cương, Nhật Nguyên",BOLERO_TRUTINH,TIER_A,True,False,0,,True,True,44193,0b7d83041716bf6e8f4adee54442d4935f01c6d9b601ddfbf5eb2355f56bd3b5,False,0,0,,
RMVM_S_c8ad9fcaf3,Bên Chiều Mưa Phố Núi,"Hoàng KayLee, Flepy",POP_BALLAD,TIER_A,False,False,0,,True,True,37798,3baabd91d8904105179346a6203cc1c4754d53bba1a8d982cb379ad515f5dac2,False,0,0,,
RMVM_S_2f981d3993,Cơn Mơ Băng Giá,Bằng Kiều,POP_BALLAD,TIER_A,True,False,0,,True,True,45588,41f5b82f0d457d97abd5d8cba1a808bee0c58496148df02612c153421f6df492,False,0,0,,
RMVM_S_e3d56e4ce2,Lk Nhật Ký Đời Tôi - Xin Trả Lại Thời Gian,Uyên Trang,POP_BALLAD,TIER_A,True,False,0,,True,True,43066,94db6835d0428991c4a6d877cd4df1f01e24a771d307330ded552c82b34903e9,False,0,0,,
RMVM_S_58e7204946,"ANH EM GỌI LÀ CÓ MẶT NGAY (feat. Đức Phúc, CAPTAIN, Quân A.P & Anh Tú) (Nhiều nghệ sĩ)","Lời bài hát, tải nhạc Zing MP3",POP_BALLAD,TIER_A,False,False,0,,True,True,53380,6ab12fcb40ad4fa367de55da8ec3dbc5186855114ecb5eb6c775da46572016b2,False,0,0,,
RMVM_S_1429c448e3,Đêm Cuối Rồi,Lý Tuấn Kiệt,POP_BALLAD,TIER_A,True,False,0,,True,True,40191,12e34a03c3cd343b7815a88a4391552f36ece9a03eeefa873d91643090c521ee,False,0,0,,
RMVM_S_81c8362b0e,Chỉ Riêng Mình Ta (Disco Remix),"Quốc Chinh, CT",POP_BALLAD,TIER_A,True,False,0,,True,True,46744,edc659606cd00061fadf44363d7765f02de1ba6f12d921e8cee7a2b2ac66bfcb,False,0,0,,
RMVM_S_5ab315adca,Độc Bước Đời Ta,Tính Đỗ,BOLERO_TRUTINH,TIER_A,True,False,0,,True,True,41974,ccf4d47d3f5c97fe9b933796273c1843568c6360409cc54c7bcdff09645468ea,False,0,0,,
RMVM_S_3c130c8c39,Duyên Ta Chỉ Đây Thôi (Wan Remix),"Phát Huy T4, HOA HỒNG DẠI MUSIC",DANCE_EDM,TIER_A,True,False,0,,True,True,42743,e4ce990e4ce88d5af4b2a6b301e22b64e0689d1a0d54e12396613609b8d27f28,False,0,0,,
RMVM_S_a194d04bf8,Liên khúc Mai Lỡ Hai Mình Xa Nhau,"Hồng Quyên, Thanh Vinh",BOLERO_TRUTINH,TIER_A,True,False,0,,True,True,47273,b0e8b3719cbf2cabd66d9c37ef1adabd1ec8120248356734efa7b76ba28965fa,False,0,0,,
RMVM_S_6a31f786eb,Chờ Em Là Hạnh Phúc (Lofi Version),Cao Sỹ Hùng,POP_BALLAD,TIER_A,True,False,0,,True,True,47419,92df13552e2d80cf4cd1bf5a6088713ac7a043bd9841be88d686dd9317e40b3c,False,0,0,,
RMVM_S_ba9562c6d7,Dạo Này Anh Thế Nào (DJ Edmmoon 2K Remix),"Tuyết Mai, Nguyễn Bá Hùng",POP_BALLAD,TIER_A,True,False,0,,True,True,43567,83bc7a3c247d965fb3a536d92b68211eb1cc605cae167038f8c2c3814c19661f,False,0,0,,
RMVM_S_4e30f94245,Có Ai Nói Em Biết Không?,Trịnh Bảo Bàng,POP_BALLAD,TIER_A,True,False,0,,True,True,60657,0bb01f27b5d4ba3ca60bdd6e5a1cafa67254d7d055371bb1d849aa36e35c6fde,False,0,0,,
RMVM_S_0bf4211f04,Ân Danh Cha Mẹ,"Bình Tinh, Nhật Minh",BOLERO_TRUTINH,TIER_A,True,False,0,,True,True,47214,30fff22938964b88007fda2ef1e986479f123f36b732b32567f2be87982e3445,False,0,0,,
RMVM_S_ca27d6f989,Liên Khúc: Ước Mơ Trong Đời - Có Nhau Trọn Đời (Live),Hồ Quỳnh Hương,POP_BALLAD,TIER_A,False,False,0,,True,True,53867,12e808727639127cb44104286b84fb70ef1a0a8ed0ad2dfdd4839727e6ce8114,False,0,0,,2011.0
RMVM_S_f6d301f202,Lk Nước Cuốn Hoa Trôi & Tình Nàng La Lan,Như Quỳnh,INSTRUMENTAL,TIER_B,True,False,0,,True,True,5638,4a838c0cfe4f66fbcb67e6da7371b97067cd1e2c4c1290758dc9f4fec4a54736,False,0,0,,
RMVM_S_b4ead8dea8,Anh Vẫn Thế Chẳng Đổi Thay,Gia Bắc,BOLERO_TRUTINH,TIER_A,True,False,0,,True,True,47391,a49c30e166a8c0fce045ea771df402faf4eeb2e010bb9d26977eb889e304f1fd,False,0,0,,
RMVM_S_d5813fed3a,Thương Thân Beat,"Hana Cẩm Tiên, Khánh Ân",POP_BALLAD,TIER_A,True,False,0,,True,True,41569,feba807982fcc647bbe4042170bad862f452294a1d8e8ae2d1f2b9d0076926d2,False,0,0,,
RMVM_S_4703598fb5,LK Chuyện tình la lanNỗi buồn châu pha,Lê Sang,INSTRUMENTAL,TIER_B,True,False,0,,True,True,37051,c0fdbc3d6c9f4aa95c4f53aa2e46c23022fe06adc6ebcd1f8a46ecaf1666d90a,False,0,0,,
RMVM_S_5aee49a71c,Em Là Ai Trên Con Đường Anh Đi,Nguyên Khánh,POP_BALLAD,TIER_A,True,False,0,,True,True,38731,508c3b0ed80e26294278575468c838091d621e10cc992117ebf00a861ea89a08,False,0,0,,
RMVM_S_67efbc697e,Cơn Gió Lạ,Bạch Công Khanh,POP_BALLAD,TIER_A,True,False,0,,True,True,37791,51f19747a8d56e03ca707b3f4dd27a5bda75e5be662e5b5556d2017ddd0e3229,False,0,0,,
RMVM_S_8d4f6765d9,Mãi Còn Yêu,Lương Tùng Quang,INSTRUMENTAL,TIER_B,True,False,0,,True,True,46188,87ffc09c63d148da3d56176c2eaa8da3ed79b0b8cf2fc5bce0a66b5706b73d59,False,0,0,,
RMVM_S_cc4ff5c4c2,Chỉ Có Một Người,Quang Dũng,INSTRUMENTAL,TIER_B,True,False,0,,False,False,0,,False,0,0,,
RMVM_S_91733fc9cc,Liên Khúc Nhạc Về Thầy Minh Tuệ - Thương Thầy Người Là Đấng Chân Tu,Mỹ Nhung,POP_BALLAD,TIER_A,True,False,0,,True,True,41676,dff0e7afb51121c11f4c214ac54d303eb55048652755d4e530e7e7cc5b6e7105,False,0,0,,
RMVM_S_1def9b54b0,Đừng Khóc Vì Người Yêu Cũ,Fame Chí Thành,POP_BALLAD,TIER_A,True,False,0,,True,True,43224,f6cb9a8b6aa8390ed6bc4cac029ad630200fbfafccb7c0e05e07eb58a50a1d27,False,0,0,,
RMVM_S_f3c3b29d81,Biến Đổi Đời Con,Bảo Trân,POP_BALLAD,TIER_A,True,False,0,,True,True,38826,91b6356a2e82e9ed68845b7728db58881c646be81a28c515aaca0cc465e2f909,False,0,0,,
RMVM_S_c13e427d86,Đời Như Áng Mây,"Đoàn Lâm, CT",POP_BALLAD,TIER_A,True,False,0,,True,True,60657,0bb01f27b5d4ba3ca60bdd6e5a1cafa67254d7d055371bb1d849aa36e35c6fde,False,0,0,,
RMVM_S_187da18080,Anh Biết Không Anh,"Hoàng Dũng, BCLC",POP_BALLAD,TIER_A,True,False,0,,True,True,60657,0bb01f27b5d4ba3ca60bdd6e5a1cafa67254d7d055371bb1d849aa36e35c6fde,False,0,0,,
RMVM_S_f82617708c,Trích Đoạn Những Đứa Con Của Mẹ,"Vọng Cổ Việt Nam, Võ Ngọc Quyền, Lê Minh Hảo",POP_BALLAD,TIER_A,True,False,0,,False,False,0,,False,0,0,,
RMVM_S_64b9310c4c,31 Ngày Lạnh,"Thế Anh Shinichi, Q.U, Hoàng Nhung",POP_BALLAD,TIER_A,True,False,0,,True,True,36481,72d73c5c4f6f32e63362240e666da69b72c6ca261fd8482dd814ab95e5b2767f,False,0,0,,
RMVM_S_3821d383ed,Sao Lòng Còn Thương,"Thanh Ngân, Võ Minh Lê",POP_BALLAD,TIER_A,True,False,0,,True,True,60657,0bb01f27b5d4ba3ca60bdd6e5a1cafa67254d7d055371bb1d849aa36e35c6fde,False,0,0,,
RMVM_S_86a8a770a1,Cất Em Vào Tâm Tư (Beat Nam),Isaac,POP_BALLAD,TIER_A,True,False,0,,True,True,45913,5a5076eea06844743ac5eb87ace96bcdcb78b3076f4c3b1c0e83fd78440f519f,False,0,0,,
RMVM_S_39a6fd2e45,Liên Khúc Vòng Tay Nào Cho Em,"Dương Hồng Loan, Hoàng Ngọc Anh",BOLERO_TRUTINH,TIER_A,True,False,0,,False,False,0,,False,0,0,,
RMVM_S_760875ef01,Bước Cùng Cô Đơn,Lưu Gia Tài,POP_BALLAD,TIER_A,True,False,0,,True,True,60657,0bb01f27b5d4ba3ca60bdd6e5a1cafa67254d7d055371bb1d849aa36e35c6fde,False,0,0,,
RMVM_S_9563c364b1,Mùa Xuân Cưới Em (Disco),"Thanh Vinh, Hồng Quyên, CT",BOLERO_TRUTINH,TIER_A,True,False,0,,True,True,43173,fd6dc59f7839e7b23c956f87c5642e4ef8f0812e14b8474b96c93d1b46bc7f83,False,0,0,,
RMVM_S_796057868c,Con Mai Noi Nay,Nguoi Xanh,BOLERO_TRUTINH,TIER_A,True,False,0,,True,True,38744,f79c607aa7e8092fd06f45295e17f11ca49d909fdfd5238bc81c665193ee6c7b,False,0,0,,
RMVM_S_e912d950ba,Ngày Về Nhớ Mẹ,Vy Thúy Hằng,BOLERO_TRUTINH,TIER_A,True,False,0,,True,True,35460,d309f77d6b95b7acb472bff0894480c8123f4addb9bbd580d83db37c0cd52bac,False,0,0,,
RMVM_S_c71f275002,Bỏ thiền hút thuốc * Phiên tự thôi miên để ngăn chặn nghiện nicotine.,Entrance,POP_BALLAD,TIER_A,True,False,0,,True,True,42742,57182960d77c76af15faf5089e5f6b903b3aae7703f6d9fbbe8c5914fa872298,False,0,0,,
RMVM_S_7d324a7893,Anh Là Con Rối Của Em (Beat),Dương Nhất Linh,POP_BALLAD,TIER_A,True,False,0,,True,True,46464,99aeddedf8efaa6476a5d2817828d7cc48219f0266059f3799e4375c4227c645,False,0,0,,
RMVM_S_8926665c50,Gọi Em Là Đóa Hoa Sầu,Vũ Khanh,BOLERO_TRUTINH,TIER_A,True,False,0,,True,True,52335,4cb6843dab1aa314254d4c73e790284578cb0b1ce778a8ea8fac94030dccfe3b,False,0,0,,
RMVM_S_7520cb481c,14 Ngày Nhớ Em,Đinh Đại Vũ,POP_BALLAD,TIER_A,True,False,0,,True,True,47338,708f601dcf93d49569f26ae55c5ec30ce793140cb10a3b23ba27e395600b6ea4,False,0,0,,
RMVM_S_f9e22b2145,1 Chút Thôi,"Híu, Luny",POP_BALLAD,TIER_A,True,False,0,,True,True,38754,38208a4f524ebe64bce8c68e536e2b53717d7af8bb14cbf3b8e582785a657c14,False,0,0,,
RMVM_S_83720c5329,LK Người Yêu Cô Đơn - Đập Vỡ Cây Đàn,Tuấn Khương,BOLERO_TRUTINH,TIER_A,True,False,0,,True,True,49452,d847f8302f177b56ce1fafa8ab34f56fba3c1d1e0f53112a78144e76f3040eec,False,0,0,,
RMVM_S_586e744963,tell his dream - hay ke giac mo cua anh,N2 MUSIC,RAP_HIPHOP,TIER_A,True,False,0,,True,True,49255,4b30b7c1c9bbc695583d294fd558d3c6606b653d32f5b8af6f9037dbd7419311,False,0,0,,
RMVM_S_27f98336d5,Anh Về Miền Tây,Lâm Trí Tú,FOLK_TRADITIONAL,TIER_A,True,False,0,,True,True,60657,0bb01f27b5d4ba3ca60bdd6e5a1cafa67254d7d055371bb1d849aa36e35c6fde,False,0,0,,
RMVM_S_2751445490,Chẳng Còn Cạnh Bên Nhau (Lofi Version),"BTa, HuyD",POP_BALLAD,TIER_A,True,False,0,,True,True,34183,108511f6eb02cd8536d2123a89672fa4a495cc2bbe5f197d5f300cec95734fc2,False,0,0,,
RMVM_S_f50b69adb0,Anh Hãy Về Đi,"Thanh Ngân, Gia Tiến, Trương Nguyên",POP_BALLAD,TIER_A,True,False,0,,True,True,60657,0bb01f27b5d4ba3ca60bdd6e5a1cafa67254d7d055371bb1d849aa36e35c6fde,False,0,0,,
RMVM_S_73f612192b,Ai Làm Em Phải Khóc Beat,Hồ Phong An,POP_BALLAD,TIER_A,True,False,0,,True,True,49456,78aa9d4ab2bd40a9214b94a3617fd1511c46c5da9faa42724e92e0c7a190d1c1,False,0,0,,
RMVM_S_0830c9d2b6,Trái Tim Lạc Loài,Gia Huy,POP_BALLAD,TIER_A,True,False,0,,True,True,51021,8e8e26e8c8dbe86f071045381ed1f461b21caba20869f168cc8464419b01175c,False,0,0,,
RMVM_S_450a1905ee,Niệm Phật Ru Con,Bùi Tuyết Mai,BOLERO_TRUTINH,TIER_A,True,False,0,,True,True,55410,7934af485ec4d7d7d01da694f41107ab29afcfe450561f62c449edc274b42762,False,0,0,,
RMVM_S_0851c6243d,Liên Khúc Tình Khúc Vàng - Mãi Mãi Một Tình Yêu,Đan Trường,POP_BALLAD,TIER_A,True,False,0,,True,True,42651,007ca0080fff75db6697cd7df141f47371d02c9b454e7eff6da00a115dd08c51,False,0,0,,
RMVM_S_d5b2a133b3,Liên Khúc Tình Bơ Vơ - Nếu Đời Không Có Anh,"Võ Thanh Linh, Hà My, Star Online",BOLERO_TRUTINH,TIER_A,True,False,0,,True,True,37342,d7af95e7ad92fc52d92636099293a5116869cf0519df04cc002a6b00eec1d9e2,False,0,0,,
RMVM_S_6a179edec3,Khúc Nhạc Mừng Xuân,Phi Thúy Hạnh,POP_BALLAD,TIER_A,True,False,0,,True,True,47910,46d884195ab654828709503fe21dd565da4f47669c6c2da9aba3bcc58d0ba416,False,0,0,,
RMVM_S_922b9b8fc1,Chuyện Hợp Tan,Nhật Hạ,POP_BALLAD,TIER_A,True,False,0,,True,True,44417,ea5b70c790ab8c925c12e456045cc06da50c72f65d804e7e34bc2e2459d42f56,False,0,0,,
RMVM_S_8372dc4e78,Tìm Lại Người Xưa,Lưu Vĩnh Yên,BOLERO_TRUTINH,TIER_A,True,False,0,,True,True,60657,0bb01f27b5d4ba3ca60bdd6e5a1cafa67254d7d055371bb1d849aa36e35c6fde,False,0,0,,
RMVM_S_ba5c1e9c03,Cuộc Sống Vô Thường,Huệ Ngọc Nhã,BOLERO_TRUTINH,TIER_A,True,False,0,,True,True,44757,f3f148faaf3d1606db35106d137950dba7083fb6683a9a95453b5f5d4b1533f1,False,0,0,,
RMVM_S_e03a391ecb,Dư Hương Tình Cũ,Vân Trường,BOLERO_TRUTINH,TIER_A,True,False,0,,True,True,41112,5e21c75fef6c5109492019ade1047d670aae168e8c84b8ef0ff887ffd6b3ae27,False,0,0,,
RMVM_S_0eefda3e57,Áo Mới Cà Mau (Liveshow Thương Quá Việt Nam),Hồng Thanh (trữ Tình),POP_BALLAD,TIER_A,True,False,0,,True,True,21335,4b7ae7548d6ce98c1541e73aecdb6f3df1b0a0d164cb46a752393016fb290c49,False,0,0,,
RMVM_S_b888b00842,Người Yêu Mới (Acoustic),Jaigon Orchestra,ROCK,TIER_A,True,False,0,,True,True,55783,b0546919dc343fa3c407a998e4564919c531ddb55d602d1ba627e0d7dc80bf5a,False,0,0,,
RMVM_S_28e46c4ffb,Sai Cách Yêu,Lê Bảo Bình,POP_BALLAD,TIER_A,True,False,0,,True,True,37900,8d303dd7d2b97b07fdbe88d337943720ef5c2d872fec7248d3c9cf9d05c94874,False,0,0,,
RMVM_S_8a7b7e1a26,Điều Em Mong Chờ Không Phải Là Tuyết (Remix),Đài Pinky,POP_BALLAD,TIER_A,True,False,0,,True,True,60657,0bb01f27b5d4ba3ca60bdd6e5a1cafa67254d7d055371bb1d849aa36e35c6fde,False,0,0,,
RMVM_S_03cd279a21,Dở Hơi,Xanh 8+1,ROCK,TIER_A,True,False,0,,True,True,60657,0bb01f27b5d4ba3ca60bdd6e5a1cafa67254d7d055371bb1d849aa36e35c6fde,False,0,0,,
RMVM_S_66bf33f1b1,Về Xứ Nghệ Quê Em,Tài Phúc,FOLK_TRADITIONAL,TIER_A,True,False,0,,True,True,42580,7b5fd7582955e576fd1044944254bf7a475c6efe56a92a48fda2667704ca6582,False,0,0,,
RMVM_S_b809709f68,Cần Một Lý Do (WRC Remix),Khánh Cường,DANCE_EDM,TIER_A,True,False,0,,True,True,45311,0e69a1e134ffda9f257599108d79a106ad31f61a33563deb2e7db0f72606829e,False,0,0,,
RMVM_S_5624f64807,Cà Phê Buồn,"Minh Tuyết, Nhật",INSTRUMENTAL,TIER_B,True,False,0,,False,False,0,,False,0,0,,
RMVM_S_2458fea363,"Baby, Please Come Back (Nước Mắt Phôi Pha)","Đăng Khôi, Phạm Thương Trà",NHAC_TRINH,TIER_A,False,False,0,,True,True,41856,871dae2664d73e9cfb99ebca5989dc08647c7faca1ff124612694779fc2132cd,False,0,0,,
RMVM_S_ff90107377,Lãng Đãng Chiều Hà Nội (Phần 2),"Hãy Nghe Tôi Hát, Holy Trương",BOLERO_TRUTINH,TIER_A,True,False,0,,True,True,60657,0bb01f27b5d4ba3ca60bdd6e5a1cafa67254d7d055371bb1d849aa36e35c6fde,False,0,0,,
RMVM_S_ed214add4c,Câu Hò Bên Bến Hiền Lương,Lương Gia Huy,FOLK_TRADITIONAL,TIER_A,True,False,0,,True,True,47808,096683c6d50cdae16ac39c8aa8149ece49bc688113cb0af7ecd527178d1e69c0,False,0,0,,
RMVM_S_245ee5b704,Giăng Câu 2,"Tài Linh, Đình Văn",BOLERO_TRUTINH,TIER_A,True,False,0,,True,True,39047,67e2c671982329e37cdc3dcb03d67641b5871d35beb005e0064f191cf118544a,False,0,0,,
RMVM_S_e4eba12d71,"Ánh Trăng Quê (Huỳnh Như, Kim Tiểu Long)","Lời bài hát, tải nhạc Zing MP3",BOLERO_TRUTINH,TIER_A,False,False,0,,True,True,43207,5b2bd2dc8b7f286d8173b585db1b4a52d652079e514e623fc85ca5fa9fb05fb7,False,0,0,,
RMVM_S_9aed47228d,Chờ Đợi Có Đáng Sợ (speed up),Andiez,POP_BALLAD,TIER_A,True,False,0,,True,True,60657,0bb01f27b5d4ba3ca60bdd6e5a1cafa67254d7d055371bb1d849aa36e35c6fde,False,0,0,,
RMVM_S_6de1fbfe86,Bến Sông Buồn (Cha Cha Cha),"Ngọc Hân, Văn Hương, CT",POP_BALLAD,TIER_A,True,False,0,,True,True,42895,b440457e5e14c94e67fbac37986f325c924cb70b2ac4eea675cebb5e414a6a65,False,0,0,,
RMVM_S_c94b87d70c,Có Gì Đâu,"Mai Khôi, Ái Phương, June Nguyen",BOLERO_TRUTINH,TIER_A,True,False,0,,True,True,35125,d0e9d7f91761ceab5ec9f90026dae4cb6651b130a49586877d5d45417478b36a,False,0,0,,
RMVM_S_f055c14cd6,Cha Yêu,Bằng Kiều,FOLK_TRADITIONAL,TIER_A,True,False,0,,True,True,45242,b45767261a8b543bc456cbaabb1e8e55e9b6d34710ddee221551feaca300e2fd,False,0,0,,
RMVM_S_e5223d463b,Liên Khúc Dâu Đất Khách,Phi Nhung,BOLERO_TRUTINH,TIER_A,True,False,0,,True,True,5638,4a838c0cfe4f66fbcb67e6da7371b97067cd1e2c4c1290758dc9f4fec4a54736,False,0,0,,
RMVM_S_1007ba567a,Tiền Và Tình (Beat),Lương Gia Tuấn,POP_BALLAD,TIER_A,True,False,0,,True,True,37202,15957b5f01af1884066dacfa0909e31696294cf96a2689781b3bb6e9e0451683,False,0,0,,
RMVM_S_93223bdf6a,Cố Chấp Để Bên Nhau,Phạm Nguyệt Hằng,POP_BALLAD,TIER_A,True,False,0,,True,True,46079,2eff42678bf2b7c3e0a8990073b208f6f51dadcbe42eef5f86c5115b335df080,False,0,0,,
RMVM_S_a3b2557c09,Ai Chung Tình Được Mãi (Beat),"Nguyễn Lê Hoàng Anh, Đinh Tùng Huy, Thương Võ, ACV, KAKA Official",POP_BALLAD,TIER_A,True,False,0,,True,True,60657,0bb01f27b5d4ba3ca60bdd6e5a1cafa67254d7d055371bb1d849aa36e35c6fde,False,0,0,,
RMVM_S_665c3f8350,ĐÁNH ĐỔI CẢ THANH XUÂN (Nguyễn An An x TN Remix),An An,POP_BALLAD,TIER_A,True,False,0,,True,True,39073,29395b69c94ec324660777e2f870067600bfc33e816526b030a032b7285fd61d,False,0,0,,
RMVM_S_c729d19e8d,Bên Nhau Thật Khó (New Version),"Châu Khải Phong, Khang Việt",POP_BALLAD,TIER_A,True,False,0,,True,True,43876,0bfd63b3af38459e1d5a6de8ff462e4a288701883f4117f0ce03a85cd15b679f,False,0,0,,
RMVM_S_2d02b54c37,Chưa Từng Thuộc Về Nhau,"Nguyễn Văn Chung, Thanh Goll",POP_BALLAD,TIER_A,True,False,0,,True,True,42771,c3cd2be77a32e4cbafe0fc257a07c359bd70b945897350f6a23cc6021ee5fe39,False,0,0,,
RMVM_S_3b2d8281b0,Tình Sầu,Avin Lu,POP_BALLAD,TIER_A,True,False,0,,True,True,40507,04cbd0c6409b02b4951c0ec4c934e6cd56df67357af6549c4b1c67dda31d65fc,False,0,0,,
RMVM_S_89c6b90a18,Ngày Tết Quê Em,Nhiều nghệ sĩ,POP_BALLAD,TIER_A,True,False,0,,True,True,42848,ca5581ffef0edcd4d31b47d3631ca2a589f6c9724fa0343f3441a2f3afd6b780,False,0,0,,
RMVM_S_72d2f89b26,Hạnh Phúc Bên Em Ngày Ấy (Beat),Hoàng Khánh Dũng,POP_BALLAD,TIER_A,True,False,0,,True,True,44155,953a9668d5e0153f57f82991dab491c02558899bc15b521dc49c6f75790a13b8,False,0,0,,
RMVM_S_a5f0fc5abc,Cứ Vội Vàng (Cover),ngọc thạch,POP_BALLAD,TIER_A,True,False,0,,True,True,60657,0bb01f27b5d4ba3ca60bdd6e5a1cafa67254d7d055371bb1d849aa36e35c6fde,False,0,0,,
RMVM_S_de329bfbe1,LK Thói Đời,Phước Lộc,BOLERO_TRUTINH,TIER_A,True,False,0,,True,True,35410,fbe78e7b88a55add070883cb993738cb67c51287ed6bb07b2d8f514f1c922788,False,0,0,,
RMVM_S_fd4d62b486,Năm Tháng Trôi Qua,GreenD,POP_BALLAD,TIER_A,True,False,0,,True,True,40930,87d9d88448c5a9ca2044bc3160b693934b950f9b64af67084f6870db60fb2e5d,False,0,0,,
RMVM_S_f317678ba7,Người Về Bên Ai,IVAN,POP_BALLAD,TIER_A,True,False,0,,True,True,49744,a46208779f9078c9d1e846edd08fd4448792d44fa45d0370ef1e74e4091e11e6,False,0,0,,
RMVM_S_121692b6f5,Đợi Chờ Bóng Xuân,Eric Toàn Nguyễn,BOLERO_TRUTINH,TIER_A,True,False,0,,True,True,41527,74bde5274f61bec5bc9b887031a88de63a8810388f8a82037ae18c9811a447e2,True,1590,266,551ce3e4dd7f83592ac266d8c73919184aa1a252122a92b3ea8497dfcbb8f6cd,
RMVM_S_3361016c60,Bất Nhiễm (Cover),Thủy Tiên,POP_BALLAD,TIER_A,True,False,0,,True,True,38288,73e2fdb72fef694e9251be663360f245fce908d3eab7e9a74341a89ccb53c492,True,1815,298,12493d9daf9ae13f0f5d6c40680306ec1a5c5625d7f271dee89fbe1a5da1590c,
RMVM_S_fe001c5a6f,Chàng Là Tình Duyên Đẹp Nhất Đời Ta (Remix),Oanh Tạ,DANCE_EDM,TIER_A,True,False,0,,True,True,40566,3c28b4aaa3054619bd1baa38c1bf56cd9ff2e471e27455a58aca63156c454c07,True,2105,365,61bd6193c3c356c573209453ad40a22b771aa4b85e4cac741b076beae53b5593,
RMVM_S_16458096b1,Có Em Đây,"JayM, DIEN, Tú Na",RAP_HIPHOP,TIER_A,True,False,0,,True,True,36252,757b7f4f05e7142c4c98fd84e36b2ef821dc7efef227a3b3e5b44f7ca93bf872,True,3526,644,669842037ee9c11727c80ee58d70cf5ecd9c6d1130931c9a25793b964742c866,
RMVM_S_65f9225e2a,Chiều Chiều,Long Nhật,BOLERO_TRUTINH,TIER_A,True,False,0,,True,True,47018,859592d4302162c31512363c3d397dec529c76f55251a1b8db088bdc1311e865,True,1336,223,8ce259701ddce43016a278a866a6b6b54b256566fdc087a7ef56bcf0b9c813b7,
RMVM_S_643d009913,LK Thất Tình,"Mạnh Đình, Trường Vũ, Mạnh Quỳnh",INSTRUMENTAL,TIER_B,True,False,0,,False,False,0,,True,1764,306,761d77d0be40ad04b25f7fc1e12052187f9b481fc6ca1211e7b6325f74097e99,
RMVM_S_1d3cdb1bb9,Cái Tên Khắc Sâu Trong Tim,"Hà Nhi, Quốc Thiên",POP_BALLAD,TIER_A,True,False,0,,True,True,43850,5fdc4ffcd41aa95c383c964b0ecfc8b0c9d7442f5e69d54280d64a469e8f37e3,True,2011,335,38a6ba6b483dfabbe8483753ee55f421fab60faea38a7358ad30d1111a59cdef,
RMVM_S_23c787c7d1,Liên Khúc Ơn Nghĩa Sinh Thành,Trường Kha,BOLERO_TRUTINH,TIER_A,True,False,0,,True,True,52856,8ce8b50eb235ab37728a2c28406b4993112afe7f955b88b1e1e8c94c7490955b,True,1753,292,69ab75de0b0eb8647bc4e38c875852d8a69c35e8db01765026cb883e1caf4c7a,
RMVM_S_2aa045a67f,ANH KHÔNG MUỐN VẬY,Nguyên.,POP_BALLAD,TIER_A,True,False,0,,True,True,37984,c0caa4585cda70aee8531a65ea59e337a0f5ca4c2e79545fd816e25e44111b80,True,2130,370,81ca5d88b90e538e8c099dbd0aad07db6e4c7ad9dc9af81932194c3dc33d9fbb,
RMVM_S_53fc4a1f3d,Viết Blog Cho Em,Tim,POP_BALLAD,TIER_A,True,False,0,,True,True,38576,0cc187f6e41c6018f97ad9cece9507172d3ac18c467f200ea73357be645d894a,True,2486,455,989c991c6ee241f15f9aaa080913fd66f35c3105fe4f23b98284105b43c363b5,
RMVM_S_70d4d2572b,Trong Vai Người Lạ,"DICKSON, Trung Ngon",POP_BALLAD,TIER_A,True,False,0,,True,True,40309,461ec187da3f4cc2b4007279b1861867ce64cdc0184420e896236c031ab42a32,True,2338,407,e39eda2fda2152b115a98a7354ac08bc3dd14ed5fcee9aefb8ed6013b8525ae0,
RMVM_S_3aaba63b73,Anh Hát Tặng Em,Quốc Đại,BOLERO_TRUTINH,TIER_A,True,False,0,,True,True,60657,0bb01f27b5d4ba3ca60bdd6e5a1cafa67254d7d055371bb1d849aa36e35c6fde,True,1629,272,6be6b6a1e857fe5ad3f86b71f8fb9cacea2b32e150180413f87259a012cc9b1b,
RMVM_S_283a2ad203,Một Đêm Say,Thịnh Suy,POP_BALLAD,TIER_A,True,False,0,,True,True,29982,cd180038f1b2d9032086da2f4c9e487e725d8959cb89a375cec7fb0b2e555db6,True,1253,243,477721d0bf20fcb3ac1930682d99b49da5918ecd1ac867da8ade741743814487,
RMVM_S_3404644182,Anh Chỉ Dám Nhá Máy Cho Em,Lâm Chấn Huy,POP_BALLAD,TIER_A,True,False,0,,True,True,50737,7e11e8d0778892d977ab22685645c592015c8db72c3582472a793b1d8fa1b375,True,2212,391,00ae29bca355d23f1b7a324f5af031dfbda5ff9eb98af5fec73ffd5a4cc63afe,
RMVM_S_b544ba5333,Không Để Anh Đau Khổ,Vũ Uyên Nhi,POP_BALLAD,TIER_A,True,False,0,,True,True,50313,fd8cdea666eb2e61a93d2f1934391aedc8c5254b38b99a1d0606a9181bd0a502,True,2042,372,244b6e988e58bd980975abb8c9d25746d94e5de678030ffe1b589b6385c94bf0,
RMVM_S_db27f21b5e,Mashup Ai Khóc Nỗi Đau Này - Mong Manh Tình Về,Tùng Linh,POP_BALLAD,TIER_A,True,False,0,,True,True,36268,73c2c4b5297227d50a2dc22587752195b03acb564256ae27f859e541aa0fe371,True,2913,526,ca5c9747fed02bc7ae318c91fb528b1419d62e97abd5c9a83e909a038eedb134,
RMVM_S_242ee3ba10,Hừng Đông (In Da Club),Hồ Ngọc Hà,POP_BALLAD,TIER_A,True,False,0,,True,True,37864,a5ad9b29b0d7d19db41a44979364c9f89a9b67aa98fbfefba6f79d97a291995f,True,1844,330,5853e4b9327c9456ca102702633e652cb9b42cb60a6c241ede2f341f92a31114,
RMVM_S_d33a0d6f37,Đêm Lang Thang,Quang Lê,INSTRUMENTAL,TIER_B,True,False,0,,True,True,48522,f6b3e4df11a94923e9cc06b9c5431318b3a9fa67d8e1b706f75446b4d1d2f627,True,1965,342,c99c3ab2025da97115272250a10ca2fedada0afb75549db130bbbffbe0555c49,
RMVM_S_d4a755336c,Chẳng Phải Do Tôi,"Cheng, Huy Vạc",POP_BALLAD,TIER_A,True,False,0,,True,True,36552,3b69e3e3f0e305ab8021ec6484adc1b150faca16e1b35a477f23c27e612788bd,True,2248,402,38df804665f9701a19cef9c7e7053ec92ea9e841e0cc5fabcedca7f548011ada,
RMVM_S_bc54fe90b6,LK Đêm Giao Thừa Nghe Một Khúc Dân Ca - Tết Phát Tài (Remix),Cao Thiên Vũ,POP_BALLAD,TIER_A,True,False,0,,True,True,49780,4f6c09bf55d860a6c02dd27eaf58d96a2d74369df0540fd4a001b7eebd103175,True,2621,456,f971d3981db33d5daac82a7bea7de6780cb1ac6b30dd4168f0a623e0f1dd2d0b,
RMVM_S_e772d2e168,Anh Là Bỉ Ngạn Mà Em Không Thể Với Tới,Hàn Dung,POP_BALLAD,TIER_A,True,False,0,,True,True,47034,d690bdf61f779eddfea4df8d50fea0f96dea127a156b7dc96949f377a20f1354,True,2425,419,beaa908309d520db82fa27354ad1c45ce2540a1c96be173b621bbbf4c206878d,
RMVM_S_7a53e79617,Anh Đừng Vội,My Carol,POP_BALLAD,TIER_A,True,False,0,,True,True,60657,0bb01f27b5d4ba3ca60bdd6e5a1cafa67254d7d055371bb1d849aa36e35c6fde,True,2428,423,4433c7d8f551d1b252424080cf74fc65dc15742b42836c54f86ead3c20329a55,
RMVM_S_0b2aff5481,Hôm Nay Anh Đang Làm Gì? (Beat),Fanny Trần,RB_SOUL,TIER_A,True,False,0,,True,True,39291,b7bd93ae38e382277ef66a23610281ed870f7a8ac63935ac03b15ad87dc83463,True,1949,350,4f77c33bfe70ae640a82f6a72a95cc0c8a3f03fedf5d0272878b9742b25e64dd,
RMVM_S_b8e0bb7f4c,Con Là Ai Mẹ Ơi,Quang Mask,POP_BALLAD,TIER_A,True,False,0,,True,True,60657,0bb01f27b5d4ba3ca60bdd6e5a1cafa67254d7d055371bb1d849aa36e35c6fde,True,1727,305,59f6ac7118cedc47e2ea0b3a15ffd079a4b2133339fd34eea59fa4b33bfd5571,
RMVM_S_13120de462,Chỉ Là Không Chung Lối (Lofi Version),Âu Hoàng,POP_BALLAD,TIER_A,True,False,0,,True,True,43564,cf0ad4e22bc46abe6e26c59d3aede6db31e6d30a78dc388892f817b55a91f995,True,1895,335,fcf810ae394e0d9c164bd0aff0c486c3fd1341ae4dbe992c9aed25eb6a9a498a,
RMVM_S_be9da7445d,Niệm Khúc Cuối,Dalena,INSTRUMENTAL,TIER_B,True,False,0,,True,True,5638,4a838c0cfe4f66fbcb67e6da7371b97067cd1e2c4c1290758dc9f4fec4a54736,True,849,163,6b5893af8e0a17f253a93d781c7dc502b347be77e62bc5fe6953e4e66b724561,
RMVM_S_03aecc9bc3,Bỏ Lại Quá Khứ,Ben B,RAP_HIPHOP,TIER_A,True,False,0,,True,True,46727,9a054abafbce229ce71e1cc67a1e10aace227be3bbeb8f05159fde370231b483,True,1868,323,14a9b304fd8722b1084dae8efb076448dcea32c27f965b91a9a38abf13a0e2a2,
RMVM_S_946f11a739,Vì Ta Quá Yêu (Live at In The Moonlight),Quốc Thiên,POP_BALLAD,TIER_A,True,False,0,,True,True,46447,046d24318d32458a5852de8f8abc9f22948701e125f46ac7693c02ac082428f4,True,1596,295,35b19dd6083deacd00dbdd0ba2eb422df5a11fd54c6c2ce9c5044f3ea8a6ae42,
RMVM_S_61c1d93b3b,Cô Đơn Dành Cho Ai (Lofi Chill),"Lee Ken, Nal",POP_BALLAD,TIER_A,True,False,0,,True,True,35194,a9999955976a6dab817bcdd4ad5609da9671555e79520b09aeb2b02d2c00aeed,True,2205,392,d92331c6b23f33daa62a3b4546247598b9aa07c2ee3598a73d052f25ea97dcd4,
RMVM_S_299b7ffb51,Biết Ơn Bởi Đang Ở Lại,Phan Mạnh Quỳnh,POP_BALLAD,TIER_A,True,False,0,,True,True,46388,73225f11165d39529c16100bb913b928ba7f69bf0e0e7b05e2f647a4601f028d,True,2493,428,1c75585c762abc94048a9b6aa7e97bd2f17015da6eb81f34ad2ce4e725ea54b5,
RMVM_S_427e4631a6,Bởi Tôi Nghèo,Hoàng Lâm,BOLERO_TRUTINH,TIER_A,True,False,0,,True,True,45506,ae4a171abd8c96db4086e8b787ffed016055529f2b860d59104627f361a68662,True,1460,259,7dc7223bd0663442e3171dbbf9fb80cc31f2f68305adb293580cebab1c440485,
RMVM_S_100775241c,Buồn Vì Corona,Dư Anh,POP_BALLAD,TIER_A,True,False,0,,True,True,46670,1208fb74b7dd2c3d2b766de1cd0c108091730cbbe1b79154f4a68fa375e3ebe2,True,1618,277,1f95d671cfea6d0cbf587fac3503763b851bbb2c9b11e1c70034b0d8fbf49e94,
RMVM_S_23976c0983,Hạnh Phúc Xuân,"Bùi Anh Tuấn, Văn Mai Hương",POP_BALLAD,TIER_A,True,False,0,,False,False,0,,True,1412,249,2197fbea5aa200a7bb6070d93512b2a799b8f4d3b8d1ceb76ec19006ce917c0a,
RMVM_S_2308a2ce46,Anh Đã Ngủ Chưa,ChuChu,POP_BALLAD,TIER_A,True,False,0,,True,True,41076,2b82de5126691a099bad3ac7d7126b53f4d5ca7fcfb534b3d33d89b6f69b9af8,True,1969,372,e958e474e1837838b84a28a967d6287568ca2de59feb304546650e9158d2c1f9,
RMVM_S_804de958d8,Đã Ai Từng Nói Với Em (You Mei You Ren Gao Su Ri),Trường Kha,POP_BALLAD,TIER_A,True,False,0,,True,True,43463,7d3de24a35ed9e74d58b5178b3a84360376a327e3806232736355ff5e7eb9be6,True,1638,321,b720dc4bacb80ed4ac07f74ea3d623ac92b2f2ca0f7564f4721f760c388faa25,
RMVM_S_6f8a47dac3,Mùa Xuân Đầu Tiên (Lofi),"H2K, Quốc Lượng, KProx",POP_BALLAD,TIER_A,True,False,0,,True,True,60657,0bb01f27b5d4ba3ca60bdd6e5a1cafa67254d7d055371bb1d849aa36e35c6fde,True,2385,418,c747f48b1adf685c3be295b28ff31edcba54bfdbe6c8db3450fd41ada5e81b38,
RMVM_S_311ac481d9,Đợi Em Đến Hoa Tàn,Kiwi Ngô Mai Trang,POP_BALLAD,TIER_A,True,False,0,,True,True,37796,b80196e73b3091f878186d0eb1bbf3bd3e17b85d71026768ba9ff9614e37fc6f,True,2090,383,b258e09e0cca95d64f7310206fd5052ff615214c48b7219f5d76c25b96bbab86,
RMVM_S_53c0c43976,Nghe Tôi Gia Đình Rồi Phải Khác,Nguyên Thanh Phong,POP_BALLAD,TIER_A,True,False,0,,True,True,46699,1d9b0fef668310cfb77b0e354fe21ccfb1eafc921ec26005df9f6b7fd6d28591,True,2095,373,f9852079b29fac6d3a17ba41b2d55bf288bb8515b61126eea76bcd2b7f665c61,
RMVM_S_2481bb0e8c,Bạn Chung Giường,Hạ Vũ,POP_BALLAD,TIER_A,True,False,0,,True,True,60657,0bb01f27b5d4ba3ca60bdd6e5a1cafa67254d7d055371bb1d849aa36e35c6fde,True,2123,372,77b2d0fa676a364d5b09952fd244a89e473f9067147acf4ced47d34d9f6f7b87,
RMVM_S_401daccb1f,Sợ Rằng Em Biết Anh Còn Yêu Em,Ưng Hoàng Phúc,POP_BALLAD,TIER_A,True,False,0,,True,True,45327,76f9397123ca5e5468188d002d7e5a01504dcd01302cef6239b1b5d70c8cb81e,True,1893,338,7672553ce6d6a9b4930ef003c6774c16a40d8365d3fe03524a4fe29a3a64fe7d,
RMVM_S_ecef5d0fb0,Liều Thuốc Cho Trái Tim,"BeeBoss, Tuấn Chung",POP_BALLAD,TIER_A,True,False,0,,True,True,60657,0bb01f27b5d4ba3ca60bdd6e5a1cafa67254d7d055371bb1d849aa36e35c6fde,True,2956,511,40570b14611481f3a8345c37445b085388caf293d1b3b22a5e239a7d59691fc2,
RMVM_S_e58b9c63f0,Gửi Em Của Quá Khứ (Beat),Phạm Quỳnh Anh,POP_BALLAD,TIER_A,True,False,0,,True,True,37355,927e8495979ae8c1797422c46dc3323470f10bcada6ddbcbf91368b6c6831be3,True,2152,371,49ae3aa44b2db42273a3bdc185f2345a726a56396536b95960cb8617a959fe68,
RMVM_S_c48a3631db,Ánh Nắng Của Anh (Chờ Em Đến Ngày Mai Original Soundtrack),Đức Phúc,POP_BALLAD,TIER_A,True,False,0,,True,True,44104,d9ce3f5e9b1f461c25c43a099f3224e4c5887403421fb53b66b5807f5af799ee,True,1816,328,305f6ac74db948c91be9eea8f31163a6110bec5f8acd3073bb389560a5496591,
RMVM_S_ef78ae64e9,Đợi Em Đến Hoa Cũng Úa Tàn,Quang Hà,POP_BALLAD,TIER_A,True,False,0,,True,True,36313,3c51b5d21ac41fc2fa0498a05b47384f9a9739fc69dd4802dfae470441042e78,True,1876,345,93ec3dfad16ca8e9bc3a220c8972f1caa0137567e7b38b3524bbc9b9ee2b83af,
RMVM_S_91f9a00a54,Con Ơi Về Nhà,Trương Thảo Nhi,POP_BALLAD,TIER_A,True,False,0,,True,True,43773,90eda0cc4641037708d658a690a4e8baf8e28e3f7a9ed302eb9020301d7e07cf,True,2168,381,ada2cadb43ea1207ee16836a7280721f9317ddc3a93056c18d11514dd4c0d14a,
RMVM_S_20325a5cd1,Bởi Vì Anh Không Phải Trai Ngoan,"Lua, Ma$$",POP_BALLAD,TIER_A,True,False,0,,True,True,43333,c803a771391974d9f5818148926a0849a651de67cefa54fdee7ac7840c504480,True,3739,686,cefa973ba3b52721f628db6360580edbf165cdb1bd8e03152be7f02427b994cb,
RMVM_S_77f38cda01,Em Đi Xa Nơi Đâu,Hợi,POP_BALLAD,TIER_A,True,False,0,,True,True,60657,0bb01f27b5d4ba3ca60bdd6e5a1cafa67254d7d055371bb1d849aa36e35c6fde,True,1844,359,71dd3e99e6ef5202c7559619ea1397c7429646fc42e465e50d952940d89a3254,
RMVM_S_bfe7bc9140,Chẳng Ai Muốn,"Phan Ngọc Luân, Võ Hạ Trâm",POP_BALLAD,TIER_A,True,False,0,,True,True,60657,0bb01f27b5d4ba3ca60bdd6e5a1cafa67254d7d055371bb1d849aa36e35c6fde,True,2287,410,8a4ddb819116565e89d20d7fe1ad62251629bee4483c35cb8571a7b29e6e72f4,
RMVM_S_ad5f0f6512,Có Em Mỗi Bước Anh Đi,Da LAB,POP_BALLAD,TIER_A,True,False,0,,True,True,60657,0bb01f27b5d4ba3ca60bdd6e5a1cafa67254d7d055371bb1d849aa36e35c6fde,True,2682,474,f46baba54f43a6fd3a0963f775312db8deb41c8032a2247c000c78acf42a3c4d,
RMVM_S_8d70cdbaaf,Thế Em Làm Sao?,"Junki Trần Hòa, Vũ Phạm",POP_BALLAD,TIER_A,True,False,0,,True,True,50795,a1c5436a402b058431308e67f5cddbd974e7d90f87d230753ff8adab39d33fdf,True,2381,431,fe5bc0f697c5ea349c96ae87a51cbf03cf052599032e889731a9104738776330,
RMVM_S_50e20b7639,Từ Ngày Tình Bỏ Ra Đi,Khải Đăng,INSTRUMENTAL,TIER_B,True,False,0,,True,True,45267,409f41a38b7b7fd164fb1d8d6cb1f1f931c00eceaaf8f5d63b2674f1cf1d5ef0,True,1204,206,0e17dd64718643a64e7ce531f4cf19acfb554197c0e4f1ca20ac86cd640eea91,
RMVM_S_2ae516e5b2,Chuyện Đời Con Gái,Tố My,POP_BALLAD,TIER_A,True,False,0,,True,True,42477,ca379a737499445b413afe2140f31b54b81f56ea251507fdf8005b1e946d4b7e,True,1700,285,d2478164641c0e332bc427c7d97781c8a6b3b8ee7f3c91f1d98e05515f2f63ff,
RMVM_S_8ce5adb737,Chắc Do Em Đã Sai,"TVk, Huỳnh Mộng Như, 93NEW-G",POP_BALLAD,TIER_A,True,False,0,,True,True,46023,a0c94892e1dd0643e8da885158a648269028626e3a1725e9aa497db2ba65658a,True,3555,616,3963545fadc8dbcce14b3a407b0feb403abd504d0fff43a2a2f8a5c17e3f5ad2,
RMVM_S_9fe19319cc,Chỉ Còn Lại Nỗi Nhớ,"NamD, Jasmine",POP_BALLAD,TIER_A,True,False,0,,True,True,28438,a15c1e428d2d5d11f03dfd4469a402708ffbf3171c843bd8de38451e4d004e29,True,2267,406,a1bc845dfdbc23acb1a958dff4f933e1527a6893c2cf740daee34dd659056bb0,
RMVM_S_dde7bd4819,Không Tồn Tại,Bảo Kun,POP_BALLAD,TIER_A,True,False,0,,True,True,48845,dc708727ab29e253e3bd7a048a76655f8bd004188ad282a4959e157d9ce9d6eb,True,2031,366,1698f1290cee4b6ce22831b6f6694034fb9e0791836dc685fef1b63c25e11863,
RMVM_S_7f6c7e67b0,Gọi Em (Beat),The Wings Band,POP_BALLAD,TIER_A,True,False,0,,True,True,40559,6e5816463cb90ca20498a277e8f09a500c79d8171223a37826d1d64a3f8b7c40,True,2752,484,d5c959d62358216eca96cdecffb9f2c6fbd0fd42fee3b85d2c029a238092c279,
RMVM_S_d13d94de93,Bụi Trong Mắt Em,Trio 666,POP_BALLAD,TIER_A,True,False,0,,True,True,5638,4a838c0cfe4f66fbcb67e6da7371b97067cd1e2c4c1290758dc9f4fec4a54736,True,1614,284,589bd16b86ad21a2afe4b9a6d64f2aeb65021e0ce330424801f1ea98bafb9507,
RMVM_S_55c2921b11,Con Sáo Vô Tình,Khánh Bình,BOLERO_TRUTINH,TIER_A,True,False,0,,True,True,45033,aa3c0cb3671f0c399267800c7677a8806fab8f1f549288392be19839c30bb55b,True,1697,284,3a9482475a87956764dd8c0044a0d2c9e281c7d3db6bef5cffb879c8b40d9b6d,
RMVM_S_d463fe4200,Lý Tình Xuân,Dương Hồng Loan,BOLERO_TRUTINH,TIER_A,True,False,0,,True,True,40699,5296582e2876895d10beb121448df73a5441d5d8debc39f6a8b24ae447a0b5fa,True,1062,175,08b78369b10b52d86d84555ad3d478e593684053170d851788e0261a083ad536,
RMVM_S_fe580202f3,Càng Biết Càng Đau,Liz Kim Cương,POP_BALLAD,TIER_A,True,False,0,,True,True,39909,3d108499b9f9f1cc4b583f3cdaff0d59f1da556738aca35c6706e2c1b3e9f17c,True,1885,317,72053ea8efc2579739046d1512d12e677c00830d3dd13de2bd1cdf4d89c9fc72,
RMVM_S_dfbf352874,Cao Bằng Khát Vọng Vươn Xa,Lê Ngọc Thúy,FOLK_TRADITIONAL,TIER_A,True,False,0,,True,True,30607,7a5ce106f94f5679b97fa3e31935dddd61e529e47940173d0f4469601b7732c9,True,1424,240,70d0e9e094692f0f3aab5e88ae9f1028138dd17ee6a848fd9f4df5ba5db934f1,
RMVM_S_470e37d54f,Liên Khúc Đoản Ca Xuân - Xuân Đẹp Làm Sao,Hồ Quang Lộc,BOLERO_TRUTINH,TIER_A,True,False,0,,True,True,52465,cf2cc02bec0a18cbf851a31eb69f770bccfc319bcf4bef276af7fbb4609d02da,True,3185,527,12bd6e6c99878b2932ed543fc2eeee122c30e35db328b9320fb2f3905ed00a7a,
RMVM_S_e8e3154f3a,Trên Dòng Sông Nhỏ,Nhiều nghệ sĩ,BOLERO_TRUTINH,TIER_A,True,False,0,,True,True,41858,3d69629ec71592740a00e80781d12463b1ace432f0cab4d4b2a4d1f36bc3f55c,True,1896,324,cb01ebc26563723beb8331875ea12940b206f9ed80b13fc4660fdc96e24a8269,
RMVM_S_a40e958b52,Em Di Qua Để Lại,Minh Tuyết,POP_BALLAD,TIER_A,True,False,0,,True,True,44526,7d9c13f92a553660398b7fedac077e7efce66d1f5a166ed6c9c8a30ece6eaea6,True,1515,261,7c694334239f908eba6c8f32f367d20910a4782cbb6cf839ed9aa027abff3f28,
RMVM_S_a02d430ece,Sài Gòn Anh Đợi!,"NNA, KaWaiiBi",RAP_HIPHOP,TIER_A,True,False,0,,True,True,44193,9459fdae272e50c3e13077b8a1deed13e3386852f85820b932767b211113b50e,True,5375,945,8ba445470d5ad5f90c233ed2d698c6dc950f98fc82647ee4243e014a6527078d,
RMVM_S_811a63c7b5,Ai Là Người Thương Em (Remix),Quân A.P,POP_BALLAD,TIER_A,True,False,0,,True,True,45424,2367ae014aada1f9ab0ca9c87a27c7fb825a5a7a974976cbda2b77d52609f037,True,2046,366,80eddf81e88dbe11fdc47354f2a8a3fbcb7f3129e8e05c0080a9139d01b40437,
RMVM_S_5ed666b119,Mưa Tuyệt Vọng (Haozi Remix),"H2O Houselak, Khải Đăng",POP_BALLAD,TIER_A,True,False,0,,True,True,60657,0bb01f27b5d4ba3ca60bdd6e5a1cafa67254d7d055371bb1d849aa36e35c6fde,True,1073,187,fa135bd8c68a50389debbd504718d27b117306b28c53ef24980214d6d4a267e2,
RMVM_S_d5f5124015,Vũ Điệu Tình Say,"Minh Tuyết, Lương Tùng Quang",INSTRUMENTAL,TIER_B,True,False,0,,True,True,47338,2e33170028b74ba1b3be1b512004c72eeac94827bffc014bb2b6e73093b5e167,True,1830,324,0bb66b7c1df73593c69f65ebbc12dd4d61043df9556963db31d01495647c80a1,
RMVM_S_359330d5d2,Em Không Như Anh Nghĩ,Anh T.O.M,POP_BALLAD,TIER_A,True,False,0,,True,True,33831,f6c491b5fa0176b74a247816a4441f71c035806df7dc2692947c1c2526e6362c,True,1634,298,e5042eb5c9ec4cc036c96140930f1d62388f32eebeb2d78ef5da04f78773a7a5,
RMVM_S_feb27545a7,Anh Đây Đừng Khóc,Lý Tuấn Kiệt,POP_BALLAD,TIER_A,True,False,0,,True,True,44801,6d423ed9f993f5b77a29200ac2fdb5a182d61418b04d8118ae8bcfdab30fc0f4,True,1915,341,cc781ca58248fa8352f3b6aaa3ca37543416d93ec23f2f564e10156490b2a4c9,
RMVM_S_bc5fbdc406,Đâu Ai Một Đời Yêu Ai,Thành Đại Siêu,POP_BALLAD,TIER_A,True,False,0,,True,True,44911,3bc67a8556a32053131b6af451b60bcd5e30ad9b59003c13cab3156d935cb3fd,True,2339,410,f3183c8dcc85f7745cc828b462a7a4e07d01570986b0580702000b7bb9d51365,
RMVM_S_70ab83a88d,2 Nice,"Pay, Gọi Là Phúc, Công Hòa",POP_BALLAD,TIER_A,True,False,0,,True,True,46051,7f5a9362d1f6aecb30a389b8b228a8ed6daca40533548464f0db0133b51723bc,True,2832,511,e3d13fa7f2b165a8f2fcabcdf5ae52f1dfad1b67314eb94d81bd7bc4621e344d,
RMVM_S_47f4120a51,Tình Yêu Kết Thúc Nơi Em,Thái Thành Công,POP_BALLAD,TIER_A,True,False,0,,True,True,42576,0cc9717a6eacc9ec5a072a00fef0f3759aafa24c2edeb7cd9fff85b1c479f5c5,True,2371,412,27f83953ee3d32cbf991fe86003099ecdf6d30d5a3a515e53a7994897c5052f8,
RMVM_S_41040b5143,Cứ Dày Vò Nhau Thôi,Phùng Tiểu Nhi,POP_BALLAD,TIER_A,True,False,0,,True,True,5638,4a838c0cfe4f66fbcb67e6da7371b97067cd1e2c4c1290758dc9f4fec4a54736,True,2249,392,d4fd6a5ba146faa3606d529d0afff1cc3078bd62c97ce57039e9f30eef057a9b,
RMVM_S_19e42b1e34,Còn Yêu Thương Gì Nhau,Vũ Hoàng,BOLERO_TRUTINH,TIER_A,True,False,0,,False,False,0,,True,1756,306,c29d074113f31db0f608a85891d358b6f9e0ab6f942ccacbbcbd600fe2919f0c,
RMVM_S_6ae3f41239,Bất Chợt Cơn Mưa Chiều,Nguyễn Hân,POP_BALLAD,TIER_A,True,False,0,,True,True,52925,6db5f871ab81bc1061c28b1e54aa87e908827e71a7ce0fe07b0b38f3a177c0e4,True,1369,229,c8e3ba2e0ddc6130fdb2331af844aa5598a8423a364d1551284fd2dafbd9b116,
RMVM_S_b14c3fb5e3,Giây Phút Ấy,J.K,POP_BALLAD,TIER_A,True,False,0,,True,True,51013,6443cb7ea829b6669fecbdf3b751d3dd98f043f09e8d01eb62b4977c98b8442f,True,2652,486,1586a4ffb1a3287561cc2ca0a3eb303ecede85e343a518885efdab61a60aa491,
RMVM_S_75c5424162,Hồi Ức Ngày Hôm Qua (Beat),Hoàng Yến Chibi,POP_BALLAD,TIER_A,True,False,0,,True,True,38709,77bc66acce5a68c0badfde3184d578daeda1d0b240c057b640d5b2c0f55306cd,True,1644,285,a7fb1317c7a93138c815c733ce31dab0d41e08dba9cf709b3693f37eae74701e,
RMVM_S_59012359a4,Nơi Gọi Là Quá Khứ,Aries,POP_BALLAD,TIER_A,True,False,0,,True,True,32104,ba501d8526e46aa7f1c5784d3fb7c6eed1f3181ef8cace739e6ffd2e320a47b8,True,2717,462,0c51f4504051f1605003fb1ef4fb2d598be3ad39991ce167fa59de651a834e0b,
RMVM_S_7e4d0f348b,Giang Hải Không Độ Nàng (Cover),"Kiều Thơ Mellow, DinhLong",POP_BALLAD,TIER_A,True,False,0,,True,True,60657,0bb01f27b5d4ba3ca60bdd6e5a1cafa67254d7d055371bb1d849aa36e35c6fde,True,1777,301,b17ffad07e6e8370da624a099a9ae5a2a16fc535cb54a194ac769ec2bb60ba09,
RMVM_S_ef1e5acdc3,Về Đâu Mái Tóc Người Thương,Sô Diễn Cuộc Đời,BOLERO_TRUTINH,TIER_A,True,False,0,,True,True,39405,0fb4ddb9a5f72b5fd432777cc91bf1de7896669405f9f5e52a63e93b4e524202,True,1728,292,c225608121d3217fb3feed3ae761b6450f8f761ed1fb23ddfe92a96ed31a2eee,
RMVM_S_4d68f8ac41,Đường Một Chiều (Cover),Avin Lu,POP_BALLAD,TIER_A,True,False,0,,True,True,42070,7d59b69450073fa148e75d9e380ae9bdd0f861fe15088fceb262148f31e348d0,True,1634,302,8e521640463eb3477988287d6192efc95c3b973e1329c42bf9aaa29417b872f0,
RMVM_S_3f2da36fb9,Tim Em Xa Lắm (Remix),Long Hải,POP_BALLAD,TIER_A,True,False,0,,True,True,39310,567bbedc4c239116dc04eb1b5783c9b27aab06145765ed1b43ab5066257fe827,True,2077,381,fd5c26ffbb48689243048089667c0604d18c85359c24210bd218d47ffda0e531,
RMVM_S_b08455008d,Cô Không Kiểm Tra Bài,"Lynk Lee, Vanh Leg",POP_BALLAD,TIER_A,True,False,0,,True,True,36258,52a3d57ed36103fabd6bf0d6a6b33166dee422a2702b0801fdb27adbdc57835e,True,2564,465,490ada250793ac53222ed8ca7cf54d15754731ece172331c61cf3ba3f7d962e2,
RMVM_S_a413110290,Còn Lại Chút Tình Người,Thái Sơn,POP_BALLAD,TIER_A,True,False,0,,True,True,60657,0bb01f27b5d4ba3ca60bdd6e5a1cafa67254d7d055371bb1d849aa36e35c6fde,True,2029,344,549ee8d4b804795c933695c3e76f6b543b1cd2ad95566afdac94006c5724a741,
RMVM_S_b877bc33b6,Không Tiền Bậu Nói Ai Nghe,Ngọc Khang,BOLERO_TRUTINH,TIER_A,True,False,0,,True,True,60657,0bb01f27b5d4ba3ca60bdd6e5a1cafa67254d7d055371bb1d849aa36e35c6fde,True,1472,243,667f68531c892df854cb560aa86d80578c3b100bb61f4cad37e25bc231611426,
RMVM_S_c98a488b4d,Ngày Đó,Thế Sơn,INSTRUMENTAL,TIER_B,True,False,0,,True,True,40397,418f4b16f2beea917e962d39e2f1284344a0f443ff573bd133e9493596dfca0f,True,1370,252,60970adc502b593ecc3a233bc015f9e6c9d4492ddd5ca6dc4eb27edd39ff1a26,
RMVM_S_902064a298,Hải Phòng Ấm Lòng Tình Quê,"Nhật Thuận, Xuân Trí",BOLERO_TRUTINH,TIER_A,True,False,0,,True,True,60657,0bb01f27b5d4ba3ca60bdd6e5a1cafa67254d7d055371bb1d849aa36e35c6fde,True,2201,364,2c4eb8dfea1c5f6fc251581c519d55b296fe76eea81ce79e62964151e9e94086,
RMVM_S_1ed980e9d8,Anh Sợ Nhìn Em Khóc,The Men,POP_BALLAD,TIER_A,True,False,0,,True,True,44713,1df07ea32564b8d47022950c9ed27d2f9498ef768358752cb764b0e8c76f3852,True,1897,337,000649f88d51fbc5b5c18e1d51df5ab790bc9d1ff406e723b84b892731118e3a,
RMVM_S_d7167d4f55,Cô Đơn Sẽ Tốt Hơn,Lương Gia Hùng,POP_BALLAD,TIER_A,True,False,0,,True,True,46939,60b1dc6556068ebf06e8197fe9ad7b8b062a5973e984aab3820203ca61244219,True,2667,445,0816bb9f06ecbb5d5138ea2e585f24c801ca77d4729a85f2762dbb9a523b4f17,
RMVM_S_18b085f174,Anh Ấy Là Gì Của Em,Vương Anh Tú,POP_BALLAD,TIER_A,True,False,0,,True,True,46606,b9c53f3b2a937dc804f7f295ebc54a6b9f126fbdad3491ff6b613a754a8077e3,True,2206,384,149a9d81fe0a95ba4c4eb1865d237654b28a419b1c50f374d1a10ff7b3212fdd,
RMVM_S_adffaac4be,Lặng Nhìn Em Rời Xa,Ty An Bảo,POP_BALLAD,TIER_A,True,False,0,,True,True,46642,3c30d083e54e2820dfa39ee0468d0d50b14bb268015d5e5a5425d69c4715e409,True,2183,390,2017aa65ea0d4e7ebd8b23c25447e90a780820ea007a8066b5e9f8fb68f2d846,
RMVM_S_bc9abc96c8,Cháu Xin Lỗi Chú,"Linh Thộn, Gia Nghi",RAP_HIPHOP,TIER_A,True,False,0,,True,True,36889,e71696654550242c1546deb34ca9fe5b589f062bbbff7cc0eca55a4a079187e5,True,4254,743,f2cf484e5fe7ac941d8b2f466894d2ae0f8702eda18cd0dcf2790b6f452afd54,
RMVM_S_835779918e,Để Anh Đi,Thảo Phạm,POP_BALLAD,TIER_A,True,False,0,,True,True,35198,075e102e9f0aa9e7758f43dd385e07b1defee9dd4faee9e35cf0af63c3d666e6,True,2120,371,bfca942d3d78784e9b37d0d1cc8db3b1c66ec066a7e5a9e4a231c7438939f020,
RMVM_S_45c60e5119,Cơn Mộng Say,"KxK, Gấu",POP_BALLAD,TIER_A,True,False,0,,True,True,41140,aef390ed47883f1bd68c16971789f0cfc9f883cf3b4bf9380f096a3b339994f8,True,2434,436,1a0824a75551b71c939fa8aedb6b541653ce53dc6fd81539f11aabc72ff0b8d4,
RMVM_S_6a818f5d97,Người Yêu Không Đá,"CHOCO, The Fillin",POP_BALLAD,TIER_A,True,False,0,,True,True,41303,fb7a7f74cc17eb4c34368cdc3eadcbf9c8117ee228a2b4ea14f05473a65053ec,True,2805,478,47ea01f8331f35440643347c1f59ba76c682dd3140b61d4d0c6ca659a963cb01,
RMVM_S_d724dd21ae,Anh Còn Nhớ Em,Trương Chí Lâm,POP_BALLAD,TIER_A,True,False,0,,True,True,40342,2fd40906b10c98bd650c005db1b1460c8b4c26360ca31765cf8ba1c76b02dff3,True,1975,342,20403254a8ce08ca68f5b2287adb143e18acee41b36b62c5a59345eca142446d,
RMVM_S_7cdd2ccdfc,Hoa Ngũ Sắc,"K-ICM, Long Nón Lá",POP_BALLAD,TIER_A,True,False,0,,True,True,36162,be5a5ec1a25a3cf22f77f54f4d59d5c58faa5a81c35c7b8622e4012dd2cf8d1c,True,3090,530,c36bc33ddf368f4eb5c35ae428773d256757b02b289587cd849539d1ac4ad2a7,
RMVM_S_06b9969a91,Phận Nghèo,Châu Ngọc Hà,BOLERO_TRUTINH,TIER_A,True,False,0,,True,True,37376,448a9b63b202535ba6452d05b0f16824f6b561cf101257d15d48a7cec8bd1b13,True,1180,211,9c746e8aeb307f67581a3c411fb3a7dbd14e3820029f7a5419ee8769fbbeb862,
RMVM_S_ec062a1173,Biết Em Chưa Thể Quên,Trương Ngôn,POP_BALLAD,TIER_A,True,False,0,,True,True,43426,ee79d15641d5053319351b5398889ca77d39ba95765412cee672e3f50f654f7f,True,2344,422,846fa87356f6f2ebd83f786e49191ccb49254e93b989e42f6c829f705738f015,
RMVM_S_4ffcce5e2b,Cứ Đi Và Yêu,"Đan Trường, Trung Quang",POP_BALLAD,TIER_A,True,False,0,,True,True,42960,856917c25538bbc0511e2e6dee1d71cba04f234e5581113fc3222fff3f52fad3,True,2769,505,394e0e02074cba2513e521c6a057de20f1bf518959f842ed8ef2cd6e1940e027,
RMVM_S_476892af7a,Cung Đường Mưa Rơi,CHARLES.,POP_BALLAD,TIER_A,True,False,0,,True,True,48858,bc9ac978707f8484363251dc37e04f768b5daadba721b665af8c04794044ba25,True,2900,506,ee6c102ca4d90d30d4d1c1c9dde573c80a9c4ff19e8682c738b3e0f3c055774f,
RMVM_S_006a249eab,Tình Một Hướng,Minh Tâm MiTa,POP_BALLAD,TIER_A,True,False,0,,False,False,0,,True,1645,299,54777a82b0bdcdba5fd4b056394bb9dbf1b3f8bb7930e7220d188c4c6d484993,
RMVM_S_90b11fdb87,Ngôi Sao Lẻ Loi,"BeeBoss, Tuấn Chung",POP_BALLAD,TIER_A,True,False,0,,False,False,0,,True,1668,307,c78d810f0cf4220a86f7cc1f0aa42c50f00080a356850d88174a77621473f34a,
RMVM_S_343372b82a,Bạn Ổn Không (Son2M Remix),Đinh Đại Vũ,POP_BALLAD,TIER_A,True,False,0,,False,False,0,,True,2712,463,1435bea5cdf07fe3b9e67a4757704b10a9c870e5c8a35cf283552bf8d2e6ebf6,
RMVM_S_035fcb827f,Xin Em Về (Mashup),Jena,POP_BALLAD,TIER_A,True,False,0,,False,False,0,,True,2976,532,795a6bc631bc1dba75b2a51ea8f6e7ae160baa7248e16a9510c920b0ea66df52,
RMVM_S_e79d097111,Em Là Cô Dâu (Beat),Lương Bích Hữu,POP_BALLAD,TIER_A,True,False,0,,False,False,0,,True,2602,470,37fbcd3a3c2b88d6326bcec1afc6c39696e91500b02e4bdb69e85f93918f1f36,
RMVM_S_ca1de7dab2,NỐI LẠI TÌNH XƯA (LOFI VERSION),Bùi Phi Long,BOLERO_TRUTINH,TIER_A,True,False,0,,False,False,0,,True,1603,282,fc892158820b965face63d7e2f70b8919cc753c9393df1cdb861166eedbd3a32,
RMVM_S_cc054e0796,Lỡ Hẹn Với Dòng Lam (Remix Vinahouse),Trịnh Nam Phương,DANCE_EDM,TIER_A,True,False,0,,False,False,0,,True,1612,270,3e3dd2c9225f612aa65ab3d8a8266895f832f29aba7405dfa2db5c7c03903326,
RMVM_S_d422af0037,Tết Đã Về Đây,Hana Cẩm Tiên,POP_BALLAD,TIER_A,True,False,0,,False,False,0,,True,2439,414,7af1b211bfdc5bb66ade5420888821f17b6d02c1fcc18d348cfdc8648463e142,
RMVM_S_80aa7f9001,Em Mang Tình Mình Trao Ai,"Truzg, Bình Boo",POP_BALLAD,TIER_A,True,False,0,,False,False,0,,True,3076,536,1cf22b2ed748b0e8fc225a7014bab81155af6b6c8747f77679f42b9400247bfd,
RMVM_S_459837358c,Áng Mây Vô Tình (Remix),Lương Gia Hùng,POP_BALLAD,TIER_A,True,False,0,,False,False,0,,True,2137,387,181039804d82dfc061706fc39bd93a453be19b2dacf65b4bbed02e58fb6fc0c3,
RMVM_S_8b2dc759c8,Giọng Ca Buồn,Lưu Ánh Loan,BOLERO_TRUTINH,TIER_A,True,False,0,,False,False,0,,True,1660,288,4e2e625b20847a7f397ec084f98d61e57a3f4e773e337083639635544a2fa588,
RMVM_S_3cbeba981e,Con Mãi Khắc Ghi,Hoàng Cường,POP_BALLAD,TIER_A,True,False,0,,False,False,0,,True,1885,343,d5ede088f292ba56b2a3f03e6bcd601039efa9154188c35547ed8004e4c6f09a,
RMVM_S_492707bfdd,Liên Khúc Kiên Giang Mình Đẹp Lắm,Diễm Hân,BOLERO_TRUTINH,TIER_A,True,False,0,,False,False,0,,True,2308,386,1586ae283cb399e43e8f7b7aeb7b3847a126cf6072ff319ae8688992fca00069,
RMVM_S_e18bb3e366,Để Cho Em Khóc (Cover),Kiwi Ngô Mai Trang,POP_BALLAD,TIER_A,True,False,0,,False,False,0,,True,1213,225,1e54b501a271b83fd9eff7d2a7ccf4c538e799c42aabc4b8b2bd4629dcca2e72,
RMVM_S_1e3c01f56f,"Tìm Được Nhau Khó Thế Nào (Original Movie Soundtrack From ""Chìa Khóa Trăm Tỷ”)",Anh Tú,POP_BALLAD,TIER_A,True,False,0,,False,False,0,,True,2444,410,d8aa9ce9b1a66e58a814563a2269550ce71ce3c940386e2d22258b7965900864,
RMVM_S_d824dfb982,800 Màn Đêm,"TeuYungBoy, Hazel",RAP_HIPHOP,TIER_A,True,False,0,,False,False,0,,True,4073,708,e80b1b222a1503b47fd7cc177df33f351d03f60f6ed4c54b11e65d373b7c2af9,
RMVM_S_22afb3b9ce,Cho Đến Mãi Về Sau,Khải,POP_BALLAD,TIER_A,True,False,0,,False,False,0,,True,1714,301,9902fb12265d9f59745bd1427f0004301155855fd4aaba8c9cd8e4522274b8f7,
RMVM_S_678da0c88f,Giữa Mạc Tư Khoa Nghe Câu Hò Nghệ Tĩnh,Triệu Đình Minh,BOLERO_TRUTINH,TIER_A,True,False,0,,False,False,0,,True,1286,223,18a9c3d151e1136a4dc1099ad4eae2d7f6beb2a0b51116f9debaed404c362f9f,
RMVM_S_997ee49677,Bao Lâu Chưa Uống,"Ngọc Kara, Andree",POP_BALLAD,TIER_A,True,False,0,,False,False,0,,True,1833,334,0be0d9bc5dd86ac8ee04a8c45035930bdc242da65cc0d56f242edb19320da79f,
RMVM_S_eb48336eda,Liên Khúc Bến Sông Buồn,"Thanh Ngân, Đức Thỏa",BOLERO_TRUTINH,TIER_A,True,False,0,,False,False,0,,True,2397,415,b3d373ff14535da5b0dfe7d3a38d725ed6e4bfdd2825d8848246cbf8344298a3,
RMVM_S_c125e52b6a,Chiếc Lá Cuối Cùng,Quỳnh Lan,BOLERO_TRUTINH,TIER_A,True,False,0,,False,False,0,,True,1653,286,b538c5f4256fca58af75e78e8c37a47a7a419057711f2f9f3a77cacc2b7be38d,
RMVM_S_4359b27e4e,Hát Cho Uta,Phan Ann,RAP_HIPHOP,TIER_A,True,False,0,,False,False,0,,True,2842,503,49a7956611ba8088cfbba15bc1892a77c8b8faa2fa1c900b0cefce32f9a45843,
RMVM_S_5c11cbd927,Chưa Ra Đời,Hiimhii,POP_BALLAD,TIER_A,True,False,0,,False,False,0,,True,937,162,20e392547e921a4500316c29bd4623a8847075ce645fb8bf28f2a7127d911b56,
RMVM_S_e1f5e36c87,Hỏi Nàng Xuân,Châu Ngọc Tiên,BOLERO_TRUTINH,TIER_A,True,False,0,,False,False,0,,True,1614,275,49f561e14541f74fc2343989d910c87a2fc231cf284120faad32046524b40df6,
RMVM_S_7ce9f07e2e,Hồi Ức Lan Và Điệp (New Version),"Vũ Hoàng, Thạch Thảo",BOLERO_TRUTINH,TIER_A,True,False,0,,False,False,0,,True,1811,309,2b265f5a465ea357cd2c13a17351d3e6c5d164d096dc5fd66f5c77be307d5b35,
RMVM_S_2204037f9d,Tình Bằng Không (Lofi Version),"Rum, Trungg I.U",POP_BALLAD,TIER_A,True,False,0,,False,False,0,,True,1482,250,0d23012682236764815cb9ef9fdbd75ceceda37888e113fa527c7455b8828e85,
RMVM_S_5d7e480a51,Anh Thương Người Người Thương Ai (Rumba),"Mai Tiến Đạt, CT",POP_BALLAD,TIER_A,True,False,0,,False,False,0,,True,1634,271,d43020238386319612164b1bc38b366e5ee32e90b486274c579f48cd7e67c9ab,
RMVM_S_919bad5d9c,Giấc Mơ Tuyết Trắng (Acoustic Version),Đỗ Phú Quí,POP_BALLAD,TIER_A,True,False,0,,False,False,0,,True,1638,288,44a7a0dec86c0726229f4e82a443efb350e4f5369637eb149897b75c6928e777,
RMVM_S_798fe8e947,Chẳng Yêu Nữa Rồi,"Aki Khoa, NB3 Hoài Bảo",POP_BALLAD,TIER_A,True,False,0,,False,False,0,,True,2695,479,4a6374ffb76ea2dd6f5d6ae260056dcf2bb3677e3becbf3c30b29033507cbd43,
RMVM_S_5255356830,Ngày Mình Có Nhau,Thanh Vũ,POP_BALLAD,TIER_A,True,False,0,,False,False,0,,True,2039,363,bde8de9b1ec60a12276bb3cd153e5bb4c08ac58e46ba48d6c305ad44613995d0,
RMVM_S_97878031c8,Mùa Xuân Trảy Hội Làng Lim,Trang Nhung,POP_BALLAD,TIER_A,True,False,0,,False,False,0,,True,964,168,a02a8085a5faa57914703bab097d89275ae8243d1c735387d8b2dd707c6baa62,
RMVM_S_9f1da5a6fa,Cha Già Rồi Đúng Không (Live),Ali Hoàng Dương,POP_BALLAD,TIER_A,True,False,0,,False,False,0,,True,1634,284,d3a9590ae9191e1b482a58fa9327e514ab658831b8badef1798cf355c653dbdd,
RMVM_S_20e378ef8f,Anh Làm Gì Sai (Vinahouse),Châu Khải Phong,POP_BALLAD,TIER_A,True,False,0,,False,False,0,,True,2552,488,b63337863a19dfc76bb81f02b8b74839b8d31952e1480435dd8e47c80b568a19,
RMVM_S_92f3ec980f,Chờ Em Dưới Cơn Mưa,Vàng Ngọc Kính,POP_BALLAD,TIER_A,True,False,0,,False,False,0,,True,2106,373,b7e2bfd1530c9cfa20d734dd34425923fc05cbcd44c20efdf9103db58758d774,
RMVM_S_a436fbf9eb,Khi Mới Biết Yêu Lần Đầu,Kỳ Lân Luxury,POP_BALLAD,TIER_A,True,False,0,,False,False,0,,True,1464,256,12b0c90141058b942ec5b26cf69d9e6644b0be010591e2688190588d36d37d15,
RMVM_S_5d548d60fb,Anh Chưa Tin Vào Sự Thật,Kevin Tuấn,POP_BALLAD,TIER_A,True,False,0,,False,False,0,,True,2043,366,c7686136ca9e7b699b9320994885d8e94ba7803848e55f56e632ddf5b3ba7a31,
RMVM_S_d3141b9768,Khóc Cho Đấng Sinh Thành (Thiếu Niên Ra Giang Hồ OST),Hồ Quang Hiếu,POP_BALLAD,TIER_A,True,False,0,,False,False,0,,True,2026,363,1f47a4859659182febfbfdb603430dc7c426ccfbe42d82bedd67097f8b0b1c40,
RMVM_S_7d24000321,Chỉ Cần Bạn Có Mặt (Ngày Hội Liên Quân 2024),Nhiều nghệ sĩ,RAP_HIPHOP,TIER_A,True,False,0,,False,False,0,,True,3518,610,b59d08f54b33d2386604de057f7ebee198899a94739b8b47a574ea91278dbcb5,2024.0
RMVM_S_a3dd7f272d,Bước Qua Những Tổn Thương,Hà Thúy Anh,POP_BALLAD,TIER_A,True,False,0,,False,False,0,,True,1852,318,ed4e086ea843548bc3b0a32534dece238561f9a793add90d5ac01c377830da6a,
RMVM_S_505f11ccc1,Em Xin Lỗi,"Nguyễn Văn Trung, Trọng Phước",POP_BALLAD,TIER_A,True,False,0,,False,False,0,,True,1573,284,fa28cdf1a3c3b9eaaa9feb9ffc8ce6f2083357891fdb21d0b5e27aaec57d2e25,
RMVM_S_afc758fefd,Chiến Thắng Covid,Lucy Vân Anh,CHILDREN,TIER_A,True,False,0,,False,False,0,,True,2212,364,736a87c213eadabe6b489d1c08b6961a55d4ad2c57269bd5a53a4d49b58724e3,
RMVM_S_9bb101fd3a,Thương Người Xứ Lạ,"Thanh Ngân, Mai Tiến Đạt",POP_BALLAD,TIER_A,True,False,0,,False,False,0,,True,1454,258,4d81bde0efc811fe4ea517856ac2eedd84ce4d65c7379bbc251ebe82bbadbef8,
RMVM_S_71bd566137,Người Đàn Ông Bản Lĩnh,Bùi Vĩnh Phúc,POP_BALLAD,TIER_A,True,False,0,,False,False,0,,True,1658,287,8f915dccf3a02434aad4396fc868bac65b9b5655c9bed0f208f4b1e8fd6d2102,
RMVM_S_13a966b4ff,Mẹ Hãy Nắm Chặt Tay Con Đi,Khánh Duyên Singer,POP_BALLAD,TIER_A,True,False,0,,False,False,0,,True,2418,437,afa25aa7dd3d2d52b296d35b47285c8353ff5555df695f7fb931fb1151238ae0,
RMVM_S_f1cec75fe2,Sợ Bắt Đầu,Thu Phương,POP_BALLAD,TIER_A,True,False,0,,False,False,0,,True,2221,389,088507d2df9071a19441ef89cd37ee8bd33f50b929d8fe5adf0038785b111b8c,
RMVM_S_c518982ff1,"Ai Trách, Ai Vô Tình",phanDat A.G,POP_BALLAD,TIER_A,True,False,0,,False,False,0,,True,2951,517,a3d23107732b48bdded850e57413f1088a4cb67bb0d6828a0f6d88ee4ff87eb5,
RMVM_S_aeaf616cc6,Cô Ấy Sao Rồi,TTN,POP_BALLAD,TIER_A,True,False,0,,False,False,0,,True,4065,707,29a89af6d7bcb8df0c0095af5c268d5acc5b39e7d34af652d6fe4abcf9fa4de7,
RMVM_S_d3d12c7edc,BUỒN CON SÁO SẬU (Lofi Mix),Bùi Phi Long,BOLERO_TRUTINH,TIER_A,True,False,0,,False,False,0,,True,1604,284,fcc97114715d852b0bfa6feba2d029d6477b03156556a9e9adfd425917a4b546,
RMVM_S_40e7bced79,Liên Khúc Cánh Thiệp Đầu Xuân,"Uyên Trang, Nguyên Vũ",BOLERO_TRUTINH,TIER_A,True,False,0,,False,False,0,,True,3509,571,243e7bffb669f2c808423af8c07a4ca8c7f28d43b3e436d60822e75236d23b65,
RMVM_S_f03c438b70,Khóc Cho Tình Xưa (Remix),"Gia Huy Singer, VMA, TVk",POP_BALLAD,TIER_A,True,False,0,,False,False,0,,True,2320,396,dd0c5ed32351bd1676070231df07e7395a3b95ee1d94461b1211655ef8546e8a,
RMVM_S_fbc472fa48,Lỡ Duyên Ban Đầu,Nguyễn Đông,BOLERO_TRUTINH,TIER_A,True,False,0,,False,False,0,,True,1969,334,060bba5472b9431e2379900c41e15d586885eb7b2d3979eb114b491a23ea339f,
RMVM_S_9352a8bd66,Nhìn Anh Đi,"Par SG, Galaxyy",RAP_HIPHOP,TIER_A,True,False,0,,False,False,0,,True,2338,416,59c3046230c8157897df6562045df43c639a11602bf8bdf3222a8e2eb2c2732e,
RMVM_S_6fdf5b0dd3,LẠI NHỚ NGƯỜI YÊU (LOFI VERSION),Bùi Phi Long,BOLERO_TRUTINH,TIER_A,True,False,0,,False,False,0,,True,1375,233,04154d65680658ca45eedeb6b6220f1cfe78f4c68b4d20ff734265429d57ae91,
RMVM_S_1a02b1bfa1,Anh Cần Không,Saka Trương Tuyền,POP_BALLAD,TIER_A,True,False,0,,False,False,0,,True,2359,415,c5b5e96ae446a24deff5a7220c396c32c2f7ed6e14c0629a431a011eccbca1bf,
RMVM_S_4c4c37f4be,Chỉ Là Quá Yêu Em,Quang Đăng Trần,POP_BALLAD,TIER_A,True,False,0,,False,False,0,,True,2224,389,1caa6028b8e70bc403ba1cab5a0afdd2edceba84b9a3f66af8ad6d2ba5d3ff2b,
RMVM_S_75e3c7cc86,Giấc Mơ Đẹp,Nguyễn Trọng Tài,POP_BALLAD,TIER_A,True,False,0,,False,False,0,,True,1840,329,e87196ccd1003170dc19dd4627c8375d1e595d00f340e4dae3a6a73641b09979,
RMVM_S_01657ba1e9,Chẳng Còn Thời Gian Ấy (Lofi Version),"Bem, Nguyenx, ImPoe.",POP_BALLAD,TIER_A,True,False,0,,False,False,0,,True,2814,484,a653d8856faa883275a092de949dc59c7ea057b178079784bfd0bc6abaeb4401,
RMVM_S_619791c87b,Ai Ngốc Hơn Anh,Lil Z,POP_BALLAD,TIER_A,True,False,0,,False,False,0,,True,1864,326,e6b40fbe5b878b88cee6a24b98b4f4cdb458c4845d546b142c9feccb1bcca6a6,
RMVM_S_8bf3bbc9bb,Đừng Chờ Anh Nữa (Lofi Version),Tăng Phúc,POP_BALLAD,TIER_A,True,False,0,,False,False,0,,True,1320,238,42838d0a2c2e099f0eaf55bcc797a9b5617f8c4ff6217aaf5a8f3f363ddd6376,
RMVM_S_aebf3a8053,"Anh Một Nơi, Em Một Nơi",Ngọc Hân,POP_BALLAD,TIER_A,True,False,0,,False,False,0,,True,1638,304,695adec6c00f8068376a6a3791bbdef1b817068f2d6bcac3c5a6f407c22d56f9,
RMVM_S_f15c6cba41,Lộp Độp,"Pixel Neko, nân",POP_BALLAD,TIER_A,True,False,0,,False,False,0,,True,1488,262,608ae85b0f131274a718be0c0319e0d8e679e5352ce68dde3e03f66bd39f5068,
RMVM_S_15d1b1070b,Đoạn Buồn Đêm Mưa,Ân Thiên Vỹ,BOLERO_TRUTINH,TIER_A,True,False,0,,False,False,0,,True,1263,230,3f4adc62b48c19c910d50ab31699f6afd1cdb3e8512b816d93876d69ca1e5649,
RMVM_S_1280157612,Tin Yêu,Haukong,POP_BALLAD,TIER_A,True,False,0,,False,False,0,,True,3820,679,34ba9d8596a16f3715959657a966c448e3ddf318b753ba6a07900c5d4ba88595,
RMVM_S_88f7ee6aa2,Nhạt Nắng,"Chí Viễn, Lưu Chí Vỹ",BOLERO_TRUTINH,TIER_A,True,False,0,,False,False,0,,True,1810,275,a212eebfe1740a2765c9c45abea6566a9d784c62781999c6e5ad90005b32da09,
RMVM_S_5c0463142b,Mãi Chẳng Thuộc Về Nhau,Bozitt,POP_BALLAD,TIER_A,True,False,0,,False,False,0,,True,2854,503,c12875b0cf577d54d1ccae0db650c66d8d53f047247194e7410c52b42dcfcf75,
RMVM_S_ec37306e94,Điều Em Cần,Thảo Wendy,POP_BALLAD,TIER_A,True,False,0,,False,False,0,,True,2057,364,1a62478d600e933af6a46155c12b2d04227ae05e39c8fa0ed3c4bef3f7ca8ec8,
RMVM_S_2a6ad2781b,Đừng Xem Như Trò Chơi,Võ Phúc Hưng,POP_BALLAD,TIER_A,True,False,0,,False,False,0,,True,2007,363,02a28cb8b8de6bcad19ba3ba5ca5eb24416435d88689c3fb6d177594ac76b135,
RMVM_S_6823b3634f,Cắt Đôi Nỗi Sầu,"Tăng Duy Tân, Drum7",POP_BALLAD,TIER_A,True,False,0,,False,False,0,,True,1576,272,75b2bf3f4ab4ab13e45b3ab4f0d0fedbf8be75b0c180a03dc65d2026e7f51d70,
RMVM_S_e04fbebd72,Đau Vậy Đủ Rồi,"Karik, Vũ Phụng Tiên",POP_BALLAD,TIER_A,True,False,0,,False,False,0,,True,3747,675,e2169f9e5c13cea0fb75740241f4b7efab8edef30fede9d728a6944feddc2e43,
RMVM_S_8b519e44b3,Chờ Ngày Anh Nhận Ra Em (Mối Tình Đầu Của Tôi OST),Thùy Chi,POP_BALLAD,TIER_A,True,False,0,,False,False,0,,True,1860,335,0b77f66f6f857ce880b0e222d9ef44fd6fc2b46170d5a4b659a116856e260dc6,
RMVM_S_ede45a2ac0,Anh Rồi Sẽ Ổn Thôi!,LEO,POP_BALLAD,TIER_A,True,False,0,,False,False,0,,True,2307,413,1e2632ae13327a3c1e36860d4f12a2eb36cdf4cf755b26f6042cfa80379f6226,
RMVM_S_efb9fbfd5b,Đừng Gọi Em Là Khói Sương (Cuốc Xe Nửa Đêm OST),Bích Tuyết,POP_BALLAD,TIER_A,True,False,0,,False,False,0,,True,1353,230,bb04aa614353698c7184ec8d6bbfe8ecf32b2a9d16040eca87ff26e5419ac79e,
RMVM_S_de008b87c2,Tơ Hồng,"Ái Vân, Thái Châu",INSTRUMENTAL,TIER_B,True,False,0,,False,False,0,,True,2137,372,c86ea05fc2efa920c0612d20c359c57072b585382e24844b54a4391f17b449f9,
RMVM_S_7e037200ce,Chỉ Là Hạt Mưa,Lyna Thùy Linh,POP_BALLAD,TIER_A,True,False,0,,False,False,0,,True,2123,372,f0f19a3e119345093a08786f456e78fcacef25add4a5c219ecd10f720dad56dc,
RMVM_S_aa16aa1c72,Cưới Thôi Em,Thái Học,POP_BALLAD,TIER_A,True,False,0,,False,False,0,,True,2376,429,75c81f853acfcc55d513ddd2e31ac9ea674d615e0594e14381ec9bc3134df800,
RMVM_S_3dbbcdafb9,Nghe Đôi Mi Lại Cay,Nguyễn Đình Vũ,POP_BALLAD,TIER_A,True,False,0,,False,False,0,,True,1886,342,8d87dbf44bde089b740de9eae9102053144c700782a82154d9d02510c7bebac6,
RMVM_S_bf0e95da16,Mỉm Cười Khi Anh Ra Đi,Đông Nhi,POP_BALLAD,TIER_A,True,False,0,,False,False,0,,True,2028,343,75671fb7778f534547b7aa52bf9a4c77afb8e306cebe44b6fc7bbfd2f74a275b,
RMVM_S_d53e987831,Tết Phát Tài (Xuân Phát Tài 9),Cẩm Ly,POP_BALLAD,TIER_A,True,False,0,,False,False,0,,True,2091,349,3d696e0804ce73ed89c5b5521c7e92f0a239ad5c39eef7f0cf6c41d42d33b599,
RMVM_S_78dec47ce6,Chúng Ta Còn Lại Gì,"MR Bi, DSWAG, KaWaiiBi",RAP_HIPHOP,TIER_A,True,False,0,,False,False,0,,True,3271,577,21e02c3e4ba5508973c6c317a85dadfdabef3e3f8929143cfaa7e0cb8b1b6094,
RMVM_S_b16b2a78f3,Người Ấy Sẽ Quên Em Thôi,Đại Tuyên,POP_BALLAD,TIER_A,True,False,0,,False,False,0,,True,2436,447,2502e5dca20e79d4db0d82249f7e548a2d2f27680949b3ca3f4c59f379a6d633,
RMVM_S_9620ea800a,Vì Anh Đã Sai (Dance Version),Triệu Lộc,POP_BALLAD,TIER_A,True,False,0,,False,False,0,,True,1952,361,27eef59a195c40550bfaf9485748a34e490b8201b360db0bee2d089326656f8e,
RMVM_S_675baa0d19,Đà Nẵng Tình Người,Thu Hiền,FOLK_TRADITIONAL,TIER_B,True,False,0,,False,False,0,,True,1652,276,6b73414bd6bf77e551f759c9fee8e329df2a9cfd5dacd8226de4b8a956505faf,
RMVM_S_2e4b987231,Đẹp Nhất Là Em,"SOOBIN, Jiyeon",POP_BALLAD,TIER_A,True,False,0,,False,False,0,,True,1981,366,998f761a5872470916c715da04123eb11f77a01e16c1fed9fbd1f0c95486b6ea,
RMVM_S_78449b7fe7,Câu Hát Chung Tình,"Giang Trường, Phương Cẩm Ngọc",BOLERO_TRUTINH,TIER_A,True,False,0,,False,False,0,,True,1830,308,6bd79a33598edee54d5b7a4185d883eb9a46ad7db064ac221916290ef53f7371,
RMVM_S_10dd21b670,Có khi Nào Là,Pjpo,RAP_HIPHOP,TIER_A,True,False,0,,False,False,0,,True,2801,513,5f71069daf0275cd5d297a3896e50609eea75ec44127747f2b61a67298570b54,
RMVM_S_edba4e4185,Hà Nội 12 Mùa Hoa,Minh Thu,POP_BALLAD,TIER_A,True,False,0,,False,False,0,,True,1981,335,6860974eb2958f53194fdbc507191c87a8feea70d8fa7325ac88e5589abc06af,
RMVM_S_3cd6ff6c18,Bầu Trời Của Em Màu Xanh,"Kiwi Kim Quý, A.C Xuân Tài",POP_BALLAD,TIER_A,True,False,0,,False,False,0,,True,1761,320,7a471a2f97b7d63deeed578b9bba3815501d02b5f6e49bf5f5a4164a7b0d3ddb,
RMVM_S_f7ea4819e1,Điều Ngọt Ngào Cho Em,Arrow,RAP_HIPHOP,TIER_A,True,False,0,,False,False,0,,True,3399,596,8f2b34bd4cfa24857e94b2bc888824e52c3aa8f414978050e80c4da7ae3c5bac,
RMVM_S_9242ffbc9f,Hát Khúc Xuân Ca,Phan Bảo Nam,POP_BALLAD,TIER_A,True,False,0,,False,False,0,,True,1924,331,e0cde1cdf4e4ca0d9eebc8cfe0869bfc39880e32194a10ff0ab20bb7ff98b2bc,
RMVM_S_3d22ec7220,Xa Nghìn Trùng Mây,Ngắn,POP_BALLAD,TIER_A,True,False,0,,False,False,0,,True,1885,336,27aaf1b555c260566b3428af27c51e8e4c32cee45f2861182e4bdc1d294a7020,
RMVM_S_a486f84dde,Bài Hát Chiều Thu,Vân Trường,BOLERO_TRUTINH,TIER_A,True,False,0,,False,False,0,,True,1694,302,f9518a1ab68cdcb92edddfc84dae3f43ac19939e6f5ea97212ad7b001a24775b,
RMVM_S_dde508d19a,Cứ Thế Vội Vã,"Ngô Anh Đạt, ViAM",POP_BALLAD,TIER_A,True,False,0,,False,False,0,,True,2219,393,55700762a28b01341f58af1427e1193ad038c4ab36707e4dff3e6391a0540644,
RMVM_S_f474c99fa3,Một Lần Khờ Dại Một Đời Nhớ Thương,Thảo Wendy,POP_BALLAD,TIER_A,True,False,0,,False,False,0,,True,2323,397,2a0189dab52077eeee3dac3cdf98e2a157157b0585c22b71167bf6675da18d21,
RMVM_S_13a1f5ebec,Chú Đom Đóm,Yamix Hầu Ca,POP_BALLAD,TIER_A,True,False,0,,False,False,0,,True,3815,641,8695b69e625112320c11b30eac6f1c8fc704353eb31771df8289563a7d9323a7,
RMVM_S_133936ecbc,Cả Nhà Lên Chức,Rhymastic,POP_BALLAD,TIER_A,True,False,0,,False,False,0,,True,2743,484,7f73af420127b64c052c82e660cc471257d16bb42d869a3a3ce6d54c0275a834,
RMVM_S_34522c6718,Ba Mẹ Quê,Như Quỳnh,INSTRUMENTAL,TIER_B,True,False,0,,False,False,0,,True,1391,241,d1fa692727ed8f7d3f3f902c71410e993673470ca6b3baccbfdd84dccbd9b7f0,
RMVM_S_44327e493a,Là Anh (Lofi Version),"Phạm Lịch, BMZ",DANCE_EDM,TIER_A,True,False,0,,False,False,0,,True,2413,432,52ddebc3b5b0382934074a89b54c182b901cc84a2c5e637a56425db437e2cfc9,
RMVM_S_40e61aea58,Liệu Rằng,Barry Nam Bảo,POP_BALLAD,TIER_A,True,False,0,,False,False,0,,True,2128,374,a6fc5ed5cea165918fa696daa3d1b94c90199cbb4a5dbd7fe64864cb4b2bce57,
RMVM_S_18f2c17e30,Nếu Chúa Là,La Sương Sương,BOLERO_TRUTINH,TIER_A,True,False,0,,False,False,0,,True,1377,226,af7e519553c6aea8d490162a7448d01278273a342d6228019abe812dcea58eaa,
RMVM_S_c8ff5c63be,Mưa Trên Cuộc Tình (Version 2019),Đan Trường,POP_BALLAD,TIER_A,True,False,0,,False,False,0,,True,2587,457,731f2e94c2feaa5f7807ca64fc2ca2a39a1802dc53037bcfb4a6df36f308315f,2019.0
RMVM_S_5f2575a7e6,Lạnh Lẽo,"Bằng Cường, Saka Trương Tuyền",POP_BALLAD,TIER_A,True,False,0,,False,False,0,,True,2128,361,31bbb892defa7d504f1b572ca7d16e1b614daf5ae121c5b2a8e5322426154433,
RMVM_S_e463d31c96,Anh Biết Em Không Tin,Kidz,RAP_HIPHOP,TIER_A,True,False,0,,False,False,0,,True,2793,471,92dae529fc4e904627a40b06970545bd590c8b16a648dc1bad2e28905d8c3da0,
RMVM_S_6a4da4af3c,Bản Tình Cuối,"Don Hồ, Diễm Liên",INSTRUMENTAL,TIER_B,True,False,0,,False,False,0,,True,1453,265,403e7b4ef90a632a4cb0f2be8a7529fd4081f4d512420b22e4b2ca127b4979ee,
RMVM_S_fdbcb70d26,Bố Vợ,Trịnh Đình Quang,POP_BALLAD,TIER_A,True,False,0,,False,False,0,,True,1587,280,b68e1c50fe08492fa14b723efa8db5049e8588371c5639b7a520093bd981bfc8,
RMVM_S_ceac01ff90,Sa Đéc Vào Xuân,Dương Hồng Loan,BOLERO_TRUTINH,TIER_A,True,False,0,,False,False,0,,True,1623,286,6aa8e72148823510e17edefd7f4ef47b64e7ed62456649c02b8e15aa17edd280,
RMVM_S_f87cfd96b1,Còn Thương Nhưng Hết Yêu (Remix),Võ Phúc Hưng,POP_BALLAD,TIER_A,True,False,0,,False,False,0,,True,2232,402,ed12c6dd3bf90e7295fd64e674f35a3f349e587785fc4d39999726da1d09e446,
RMVM_S_703d6881eb,Có Một Ngày Trời Không Nắng,Thái Đinh,POP_BALLAD,TIER_A,True,False,0,,False,False,0,,True,2451,428,1e247ad27b2b54297d0de3e553abb90d59e7f82f8636133f847e72c3764b8222,
RMVM_S_d537d9f221,Chia Đôi Hạnh Phúc,Trương Chí Lâm,POP_BALLAD,TIER_A,True,False,0,,False,False,0,,True,1629,286,23b0353b67ee78581af4536daa7389f7ae1eaa4f74a6edfb944dbd881d257133,
RMVM_S_9d2f920549,Chầm Chậm Thích Em,Lý Chí An,POP_BALLAD,TIER_A,True,False,0,,False,False,0,,True,1123,193,883c32de506913011720a39af76930750ace6e4411d7829a99118de5065e14d6,
RMVM_S_bb4efb9866,Anh Tin Mình Đã Cho Nhau 1 Kỉ Niệm (Prod.by Pharreal Phương & Dsmall),Nhiều nghệ sĩ,POP_BALLAD,TIER_A,True,False,0,,False,False,0,,True,2643,494,aa4f22e3bd935fa80a5802f76b4c86431eaf022eff4fc7721550529cc888a272,2017.0
RMVM_S_1a7d14be6e,Một Ngày Là Anh Em Suốt Đời Là Anh Em (Remix) (Beat),"Đinh Kiến Phong, Ben Heineken",POP_BALLAD,TIER_A,True,False,0,,False,False,0,,True,1137,202,bb9e0b2d281fb418ce9ccc1f3f194404d5d76e0217cbb7bfc767ea297cba2e17,
RMVM_S_1bd02a67e1,Mashup Tình Nhạt Phai & Không Nên Tin Vào Tình Yêu,"Host Nguyên Khang, Dee Trần",POP_BALLAD,TIER_A,True,False,0,,False,False,0,,True,1861,329,cef06574ffcf178c6de2d64188c1e482ad85514173554fb01582f4b1b7f89df1,
RMVM_S_324508e809,Anh Từ Đâu Đến,Hồng Hạnh,BOLERO_TRUTINH,TIER_A,True,False,0,,False,False,0,,True,1354,250,293b8c63659e392322e284570875d4ca206d1fd36b2ce9ff9498f4cd3c828719,
RMVM_S_e6772f9da5,Kiếp Lầu Xanh,Tiểu Phong,POP_BALLAD,TIER_A,True,False,0,,False,False,0,,True,2128,356,403913e2212acdd03723d5a7826ae46cc4c01e41201c384145f77ba26ebf5974,
RMVM_S_2d4209a45b,Mùa Vấn Vương,"Phương Tae Tae, Huy Bình",POP_BALLAD,TIER_A,True,False,0,,False,False,0,,True,2375,409,fd9b8dfe63a8888c7620e4f5d6c2911b977d4755856f36ab86f9a37be20099ee,
RMVM_S_762e2242bb,Lời ca dâng Bác,NSND Thu Hiền,FOLK_TRADITIONAL,TIER_B,True,False,0,,False,False,0,,True,1091,182,7674bc6931fa833895ec642f84130f20ed6ced9878dee98a3d5830a3a51dc0c8,
RMVM_S_c2deb39355,Điệp Khúc Chia Tay (Remix),"LaLa Trần, DICKSON",DANCE_EDM,TIER_A,True,False,0,,False,False,0,,True,1827,314,98c30ca806f52c8e53f23dae303ce91bdb5524853efddd991a3a88ab872a08c0,
RMVM_S_21b54c8a30,Buồn Một Lần Nữa Thôi (OTTOKE),"DICKSON, Jin Ju",POP_BALLAD,TIER_A,True,False,0,,False,False,0,,True,2074,386,096a8006efaa9f2e9e583fc6a1a8f7e8d020d396922b7babc43fe1aaa904b83e,
RMVM_S_e4947bed0e,Hát với chú ve con (Live),"Thùy Linh, Dattie Do, 8 the Theatre",POP_BALLAD,TIER_A,True,False,0,,False,False,0,,True,1226,221,ea9d2d171211818fefcb96b880d3041cfa6a4a2cd9bf36d04c3ad74e360bd742,
RMVM_S_d7d99a3bcd,Anh Em Bỏ Nhau Sao Đành (Phim Ngắn Thua Một Người Dưng 2),Kim Tiểu Long,BOLERO_TRUTINH,TIER_A,True,False,0,,False,False,0,,True,2171,384,e3d39570f7ecaf614cfe1ff3605b7ad7e2338bbe11527deead3bb7a059259340,
RMVM_S_03bf1f2bc7,Chẳng Muốn Rời Xa,Lương Chí Tâm,POP_BALLAD,TIER_A,True,False,0,,False,False,0,,True,1748,307,da087a6a7c5b18527e637ef8e6bf443612b7cd5b85e90f14f7aa3c751e9f7b94,
RMVM_S_42ca501b5d,Tiếng Quê,Lê Ngọc Thúy,BOLERO_TRUTINH,TIER_A,True,False,0,,False,False,0,,True,2413,405,70233293375fbc9617f96cd035d38be75c3095b3678e81445dabf48a375fdad8,
RMVM_S_d5b3cab260,Muốn Quên Đi Một Người Ta Đã Yêu,Lâm Chấn Huy,POP_BALLAD,TIER_A,True,False,0,,False,False,0,,True,2267,392,114a169222b4a9454111bdac838cef7997645c8e0e95f23aec93c3e2fd70b821,
RMVM_S_aba90c07f9,Anh Đã Lạc Vào,GreenD,POP_BALLAD,TIER_A,True,False,0,,False,False,0,,True,2155,374,d9192fcc46b456bcffaaa36fc4d5f6fbb05b8ea6e1d61fdd1df197dfdfdfe95d,
RMVM_S_3ababdb47d,Thương Em Anh Giấu Trong Lòng,"Khưu Huy Vũ, Dương Hồng Loan",BOLERO_TRUTINH,TIER_A,True,False,0,,False,False,0,,True,2336,405,144a10cf02cab68d53a6badad11d0d9cf3117e3424e3c04052be0ce3c0c39712,
RMVM_S_0722c56887,Mashup Để Cho Em Khóc - Sống Xa Anh Chẳng Dễ Dàng (Remix),Lương Viết Quang,DANCE_EDM,TIER_A,True,False,0,,False,False,0,,True,1499,263,cbea05311d6448e3618806d7c8fbc89d764e696bc855c03e75ab23d40d882c4d,
RMVM_S_b2f52cd367,Tình Yêu Cũng Như Mảnh Giấy,Clow,POP_BALLAD,TIER_A,True,False,0,,False,False,0,,True,2743,465,dedc026ab27fe7ca5a2ec672577d85aa6e01befce6baa0d0a5d5a11d98d62fef,
RMVM_S_f78b61f24e,Toại Nguyện,Trương Đình Phong,POP_BALLAD,TIER_A,True,False,0,,False,False,0,,True,2375,424,4668b0aa392f627ebcfb40dbb1676dea3abcf7b7e3df8d661a564a5451d58047,
RMVM_S_d7e25ea687,Xa Dần Bóng Em,Khánh Vỹ TK,POP_BALLAD,TIER_A,True,False,0,,False,False,0,,True,2649,457,e50dc0d1a5f123300f0b9e7bbd1b67c74ee09be8b1f188ddb4b443edfc72bdf0,
RMVM_S_1d9abbb1ee,Đồng Tiền Và Nhân Cách (Beat),Quang Mask,POP_BALLAD,TIER_A,True,False,0,,False,False,0,,True,1922,338,411ec54b12b02dba2628b3323965823d17a474a6f8b1d6adf0312a2d7a1bb748,
RMVM_S_51bc7d36a8,Chất Phương Nam,DatKaa,POP_BALLAD,TIER_A,True,False,0,,False,False,0,,True,3610,636,8de1e1a9115d68945a17f8b14b1a5f414c1d7e0bd5e443b344aa1291032fe7a5,
RMVM_S_c4b56cf7fc,Đạo Hiếu Vu Lan,Kim Linh,BOLERO_TRUTINH,TIER_A,True,False,0,,False,False,0,,True,1595,281,c9931728d6b4c96127e8cbdf36daab3a5193791c93f554a64aea9a6e18cab76e,
RMVM_S_e3f34f46ea,Ai? (Tôi Vẫn Chưa Biết Mình Là I),Chi Xê,RB_SOUL,TIER_A,True,False,0,,False,False,0,,True,1547,264,282f3e68206ae0abc697fb103353db5f135f439e503d190fa229666a8640c613,
RMVM_S_e42683f406,Chuyến Tàu Hoàng Hôn,"Võ Minh Lê, Kim Tuyến",POP_BALLAD,TIER_A,True,False,0,,False,False,0,,True,1564,262,b41f6b3334a832ea093d3fb3df032ff7410268b191ee00c9026f48bbbcfcd397,
RMVM_S_44639baa42,Cố Gắng Quên Một Người,Dương Quang Thuật,POP_BALLAD,TIER_A,True,False,0,,False,False,0,,True,1988,352,c538b5d4f77e753225456019204710e0e962ca588bde5bcd4b28f010156af73b,
RMVM_S_ee3e435d7a,Girl Hà Nội,Nhiều nghệ sĩ,POP_BALLAD,TIER_A,True,False,0,,False,False,0,,True,2286,415,82d75e4c932bd3709579fc93bed19193bf23e943581bae409daac5e636f8626b,
RMVM_S_cf1a95cb58,Đền Tạ Trái Tim Mẹ,Mai Thiên Vân,INSTRUMENTAL,TIER_B,True,False,0,,False,False,0,,True,1647,282,77e1cc31ddbf43185ad105b16fd226559d24787d22abc479d1ad02aac698e3e9,
RMVM_S_9e72545a33,Tựa Như Cánh Phù Du,Hồ Nhật Huy,POP_BALLAD,TIER_A,True,False,0,,False,False,0,,True,1502,271,5a6c579fd222efa51a89f6273a159efcab5c1ac2a6cd5f2602bef4f00b1db035,
RMVM_S_3fa17f6b9e,Những Điều Con Yêu,Bé Trang Thư,CHILDREN,TIER_B,True,False,0,,False,False,0,,True,1892,332,806180d7032b5516b71713e059e84f1c500aee3f8125ad9c12fb53ad61784aee,
RMVM_S_916f496ed0,Em sẽ rạng ngời,Khải,POP_BALLAD,TIER_A,True,False,0,,False,False,0,,True,2034,355,db7aa9fbfe9be7a7a0f468bff9d72aa50bfd958ba7f50f2195d88a389107d020,
RMVM_S_f2acb83177,Xuân Nào Con Sẽ Về,Tường Nguyên,INSTRUMENTAL,TIER_B,True,False,0,,False,False,0,,True,1433,247,3b14b2bf60d9c45d22751027b7018a20f44a12e93c1c8b190da73c88de982e92,
RMVM_S_97d3ad4958,Yêu Đi Anh Ơi,"Kiều Phạm, RHYDER",POP_BALLAD,TIER_A,True,False,0,,False,False,0,,True,2350,442,9a9485113cb8c39ce43069f3434be8bed65c4e85e791b5d2226a8c084eb9aaa3,
RMVM_S_126d4ab3b0,Câu chuyện mình tôi và em,Tin,POP_BALLAD,TIER_A,True,False,0,,False,False,0,,True,2378,409,79384121d9d4abfed034bcd5f380e3b0c37b16ce75baa3be047a45950cedc960,
RMVM_S_9c4ed92374,Mẹ Ơi 2,Jack,POP_BALLAD,TIER_A,True,False,0,,False,False,0,,True,3964,682,e14123c5a1152273d1a537563350496ce35fd6f43598c1fe64f50687032965c4,
RMVM_S_9b101db97a,Ai Mang Mưa Về Thành Phố,Homin,POP_BALLAD,TIER_A,True,False,0,,False,False,0,,True,1889,328,ac0d61bb50093bb65ab9ea26a50fd193aa8ff768f3629304aeb32dcfd0d32062,
RMVM_S_772fa92e48,Chỉ Mãi Yêu Em (Chưa Một Lần Trọn Vẹn OST) (Beat),Dược Sĩ Tiến,POP_BALLAD,TIER_A,True,False,0,,False,False,0,,True,1498,277,62abca6f87344899022e319ff3201c6690588727dff484d4cdbc29f263d6145a,
RMVM_S_94e7095112,Bài Tango Ngày Ấy,Lưu Ánh Loan,BOLERO_TRUTINH,TIER_A,True,False,0,,False,False,0,,True,1640,288,01890d55b0286a52fe9efea6e40f7fa9a97000e5769e5efd7e69729b6c567278,
RMVM_S_28b45c5280,Dù Anh Vẫn Còn Yêu,Khánh Phương,POP_BALLAD,TIER_A,True,False,0,,False,False,0,,True,2720,490,cee976836a53430189e625b78f86ed9632b781d5d9c9654b7aabc9f4add69ef2,
RMVM_S_004bfc4dcf,Kết Thúc Không Vui (Remix),Minh Nghĩa,POP_BALLAD,TIER_A,True,False,0,,False,False,0,,True,2570,461,7a35f4cabe113559ecdb35cb2757cb295ef275b72cb11957b5914bde59809e4e,
RMVM_S_84f279c253,Phố một người,"Hồ Phong An, Loren Kid",POP_BALLAD,TIER_A,True,False,0,,False,False,0,,True,4380,776,3ab9ee82c69268999d1885b95ac362ab52df77a635b2e4e0077849ee03efcd51,
RMVM_S_c416ab54f7,Người Thừa (DJ Eric TJ (Remix),Cảnh Minh,DANCE_EDM,TIER_A,True,False,0,,False,False,0,,True,2195,389,cc45dd84854c820ccce2387006b95e78ee2618527e62c72c6c7ca55a729ea5ca,
RMVM_S_602ac6aba3,Chút Thư Tình Của Người Lính Biển,Hoài Nam,REVOLUTIONARY,TIER_A,True,False,0,,False,False,0,,True,1590,286,ed03781864bc860790c468a739ef55667cffc6fb9d9486b849a9469cc7965439,
RMVM_S_3f93e17f35,Thơ Tình Xuân Diệu,"Vicky Nhung, Lam",POP_BALLAD,TIER_A,True,False,0,,False,False,0,,True,2842,502,09684ee01f21a03e5f3a796f6dd88ad688b9c154aaf0332470a478eb5fbd57d2,
RMVM_S_f6aa20a8f2,Bông Màu Tím,"Thanh Ngân, Gia Tiến",POP_BALLAD,TIER_A,True,False,0,,False,False,0,,True,2169,382,d5a3401b3e5c359a20f5b3a5d683d291e11b98a3427688f4fd29254b9a71499a,
RMVM_S_e1084cc7e7,Làm Sao Anh Quên Được,"Hùng Cuội, Kay Phạm, BMZ",POP_BALLAD,TIER_A,True,False,0,,False,False,0,,True,2435,412,a1064e0f35d843ee63702506367d66ac6e63455824713085535568042492e02d,
RMVM_S_24d31bd9d9,Hà Nam Quê Hương Tôi,Mạnh Hakyno,POP_BALLAD,TIER_A,True,False,0,,False,False,0,,True,5628,962,6b26a0bb74c9b8d382a098a14b1a1df9c0ea5a308622a06752a5edb093d8fd89,
RMVM_S_d3962d4eab,Vẫn Hoài Theo,"Klaw, MastaL",POP_BALLAD,TIER_A,True,False,0,,False,False,0,,True,2470,425,58094cae11fda062fb3171f282c608a49725fc908c0597d19fc49a9771c242e9,
RMVM_S_cde1e55216,Xuân Vui Ca,"Thanh Hà, Đình Bảo",INSTRUMENTAL,TIER_B,True,False,0,,False,False,0,,True,1822,310,29cac56ac1e9e42f1816be3066ac41de03c04af8c0621090652da66daaf6033c,
RMVM_S_ea0f6ff4d8,Đời Lúa Đời Nông,Đoàn Như Thảo,BOLERO_TRUTINH,TIER_A,True,False,0,,False,False,0,,True,2072,344,9b647419fd26cdc677370aa92da1ce7c22e5b30873e29016c579964fcaf9fb62,
RMVM_S_c67a0d256b,Kiếp Sau Vẫn Muốn Lập Gia Đình Với Anh,Oanh Tạ,POP_BALLAD,TIER_A,True,False,0,,False,False,0,,True,1595,277,670e785a07ec83d586a1656dcd572b5510089a0ef4a5fce756e36514baaa1217,
RMVM_S_0297937f2f,Hai Chuyến Tàu Đêm,Đặng Thái Hiển,POP_BALLAD,TIER_A,True,False,0,,False,False,0,,True,1898,324,80810a758a19c93c81572d5dbae29956717020590365ac8e2e43b2cfc92072a2,
RMVM_S_d8e39cebc8,Ngẫu Hứng Bolero,"Hoàng Tuấn Minh, SOUND HIT",BOLERO_TRUTINH,TIER_A,True,False,0,,False,False,0,,True,1920,331,915951c8182f1e47d35e735e22179781f996b9d8814d2e5c964a82ddfc2f0a90,
RMVM_S_731e80c2b9,Câu Hò Quê Nội,Bé Mai Vy,FOLK_TRADITIONAL,TIER_A,True,False,0,,False,False,0,,True,2232,396,fb3ce2e23526013b163633ee3753e8b3ed1bad9a5b4f84b761fbfa7329d8743c,
RMVM_S_8719dfeaf6,Chồng Yêu (Remix),Saka Trương Tuyền,DANCE_EDM,TIER_A,True,False,0,,False,False,0,,True,3533,598,9e106521da3a02570fb0abc389a90b53c6ae6848e2b06235e90859c3da4d55a3,
RMVM_S_18fc876a1b,Em À (Acoustic Version),Trung Tự,POP_BALLAD,TIER_A,True,False,0,,False,False,0,,True,2077,394,87ba16dddf7ff1f79034a2e783746d728a2f5d809939c8d0bb62c46a4d7f87de,
RMVM_S_b8cdf33f71,Nếu Mình Yêu Nhau,"CM1X, Quỳnh Gai, Daeron",POP_BALLAD,TIER_A,True,False,0,,False,False,0,,True,1775,322,627e1bca2efff68faefe45ee39a27ca8f79f0c417f46ab5ce4c271b86932a72b,
RMVM_S_7145093df1,Chờ Người Tình Lỡ,Ngọc Bảo Anh,BOLERO_TRUTINH,TIER_A,True,False,0,,False,False,0,,True,1515,256,cc9c7e9ec36dbf8086c5e850fb95ed0ef2229ac17adc94bd58947dea5da735c7,
RMVM_S_a3a9a86ba2,Ngày Anh Đến (Remix),"Lưu Bích, Trung Ngon",DANCE_EDM,TIER_A,True,False,0,,False,False,0,,True,1885,336,59c902f1d717f9dc6ad4f907c3edc77ed858e00885c1e73fbc3a2c61c3378fd9,
RMVM_S_b8f38d3403,Chỉ Còn Lại Kí Ức (NMG REMIX),"ZIN MEDIA, Phát Huy T4",DANCE_EDM,TIER_A,True,False,0,,False,False,0,,True,2251,382,e3ada23c5fd92df707001bc60c9d430d318d3e260d7ada0940e439756ae081c3,
RMVM_S_51e59c6d67,Hẹn Em Kiếp Sau,FOR7,POP_BALLAD,TIER_A,True,False,0,,False,False,0,,True,1736,302,6eca181d25ae3b0c02bf19d77b3006db6b278a8a4572870ea1dcd18804bdaec2,
RMVM_S_94c5f8be73,Hạnh Phúc Lưng Chừng,Vương Quân,POP_BALLAD,TIER_A,True,False,0,,False,False,0,,True,2370,412,830769eeb18a1e8dfbd0ed06adcd6f19cbfe87aa3effa26608a90491b3fc1956,
RMVM_S_408e14797b,Bói Duyên,"INSOLENT, Shieeez, CM1X",POP_BALLAD,TIER_A,True,False,0,,False,False,0,,True,4109,681,b8c60cb51d19f76c3c626a8059191790555af91404827ce7e99d5a94d31ea50e,
RMVM_S_bc2dcc20f9,Cố Lên Việt Nam,Hồng Thiên Phúc,BOLERO_TRUTINH,TIER_A,True,False,0,,False,False,0,,True,3060,504,5788eb3c35301a568dc23a547bbf02e0997bbcf38164447e5d983fd2bd97d3cb,
RMVM_S_8a412eb7ac,Cánh Bướm Dối Gian,Phí Phương Anh,POP_BALLAD,TIER_A,True,False,0,,False,False,0,,True,2076,367,c6a92010f50d309fb770c4ea1c783aab7c273f50091a465b66dc9224f29e4b16,
RMVM_S_f3a94344e2,9 Vì Yêu,"Đinh Đại Vũ, Châu Dương",POP_BALLAD,TIER_A,True,False,0,,False,False,0,,True,2395,424,9736af9873c33841df462edec6af620b9fc26c83c5cff710ae6789bdd2aaf8b8,
RMVM_S_bfe1a1e4c0,Trách Ai Bây Giờ,"Khưu Huy Vũ, Dương Hồng Loan",CHILDREN,TIER_A,True,False,0,,False,False,0,,True,1906,336,f4dc6d83c907d58da76de295a4872368147eea7a1d29eb7d79097b5d92f26bb7,
RMVM_S_31827c9732,Khi Em Xa Anh,Ngô Lan Hương,POP_BALLAD,TIER_A,True,False,0,,False,False,0,,True,3062,549,307ba918e94351e7f438752a4e73783f08a42a158a30f2287c6e2b5f4daa392c,
RMVM_S_381dff931e,Lá Sầu Riêng,Khưu Huy Vũ,BOLERO_TRUTINH,TIER_A,True,False,0,,False,False,0,,True,1496,261,ff96fc72be775a1585adfc09501ba9cadf9bdb1ed584d05a1b612939bd311d56,
RMVM_S_3342f0ba8f,Anh Biết Tìm Đâu,Bằng Cường,POP_BALLAD,TIER_A,True,False,0,,False,False,0,,True,2012,336,e95ab06006032dc4955411134bd7558c124008b6775595a2394f15e680d1e134,
RMVM_S_a615301cc6,TuổI 23 (Đại Mèo Remix),Ngô Lan Hương,DANCE_EDM,TIER_A,True,False,0,,False,False,0,,True,2164,405,81a08b7dec3529c4dfdfb536dfed564f2fd2db5f9bbae65b88b4efb782a60b20,
RMVM_S_dcef15edab,Cô Ấy Của Anh Ấy (Live session),Bảo Anh,POP_BALLAD,TIER_A,True,False,0,,False,False,0,,True,2692,469,28c3d019c6312568035a594b294e651359947cfd0097e922c9d65a1c3dde1ab0,
RMVM_S_d778a075a9,Bán Hồ Sa,Lee Phú Quý,POP_BALLAD,TIER_A,True,False,0,,False,False,0,,True,1668,265,8cae05bb931973e3b4f2f66142b452b3fbb0a49f814df22950078e8f693ed220,
RMVM_S_0f7b358125,Đi Tìm Kỷ Niệm,Thế Sơn,INSTRUMENTAL,TIER_B,True,False,0,,False,False,0,,True,1692,311,a3d362dc00324b6009190704e9fc25a3fb86c5fb8e9f247673e31c072f385300,
RMVM_S_23d9c00a74,Xuân Mộng,Anh Thi,POP_BALLAD,TIER_A,True,False,0,,False,False,0,,True,1607,275,766585359e142259ecc2cfc251709d616f9475c07404caadafaece76fd13f9ec,
RMVM_S_ce031cee76,Người Thương Là Kẻ Phản Bội,"Nguyễn Phú Quí, Lê Công Nguyên Khải",POP_BALLAD,TIER_A,True,False,0,,False,False,0,,True,2008,350,68df51a1a86eba4599f995709a0916a0f2da113386eb226b54fa002e2c13b2df,
RMVM_S_d64e41c4a8,Có Ai Khi Yêu,Kiều Phạm,POP_BALLAD,TIER_A,True,False,0,,False,False,0,,True,1930,351,8d2719729336bfd9c1aae43a9c987e784181b942aa1096b1dc1109c81fb688f2,
RMVM_S_e0d099f88a,Phiên Khúc Buồn,Đăng Khôi,BOLERO_TRUTINH,TIER_A,True,False,0,,False,False,0,,True,2204,392,2c918c252037ed749698ecd9bc7616993295c46718ff1c800f346a448b205ca8,
RMVM_S_db4ad2213c,Bạn Chơi Tốt Tôi Đáp Lại,Lâm Chấn Huy,POP_BALLAD,TIER_A,True,False,0,,False,False,0,,True,2062,351,e21d513656e7ee489db8fba60332a622ab2d932ab6e637f7a9b94056cf7fbe1d,
RMVM_S_2d4bfda81c,Có Ai Thương Anh Nhiều Hơn,Thảo Cherry,POP_BALLAD,TIER_A,True,False,0,,False,False,0,,True,2087,359,06b8e844ce9e192682763d6abf2d51814634ba69aeb1ab42e5329ca4612e1bbf,
RMVM_S_e477011625,Viết Vội,"Nguyên., Dream",POP_BALLAD,TIER_A,True,False,0,,False,False,0,,True,1567,279,d028a1f7ee3925528d7d06dad9559be6404ee5e09d2eaf62be90f4e83a56bd76,
RMVM_S_b8ab6b3b5a,Anh Của Hiện Tại,Kayshi,RAP_HIPHOP,TIER_A,True,False,0,,False,False,0,,True,3455,602,b00aaf07d6582553c753c94a9d436f205870e3ee7ad62f84801ee3d519aaba12,
RMVM_S_b73236d74c,Là Duyên Không Phận (New Version),Chung Thanh Duy,POP_BALLAD,TIER_A,True,False,0,,False,False,0,,True,3156,565,4087888d12b063f90c101f47dcbd2d925cde89a0777b98734379f74487ff3370,
RMVM_S_67b3e6afbc,Chuyện Hôm Qua Đó (The Voice Version),Ali Hoàng Dương,POP_BALLAD,TIER_A,True,False,0,,False,False,0,,True,2431,415,24cdf1903aab6c9407ea83a0d5a967c93711bd520af93c337a52590905371a73,
RMVM_S_d5c2f897bf,Dây Tơ Kết Đôi,"Nana Liu, KaWaiiBi",POP_BALLAD,TIER_A,True,False,0,,False,False,0,,True,2478,450,2e62e34e3cab18dce8638c6a7608ab3775a68eb42a48513d1a0dda609aff291d,
RMVM_S_79a3d5d76f,Chiếc Khăn Piêu - Cô Gái Vót Chông,"Anh Thơ, Dương Hoàng Yến",REVOLUTIONARY,TIER_A,True,False,0,,False,False,0,,True,2874,500,ae712dc2e89625c00192d7c50ce2c513b93bca19933a29eedc1cfbf5a65c01ac,
RMVM_S_194d6ca62b,Khói Sương,"Teddy, C.G.R Band",POP_BALLAD,TIER_A,True,False,0,,False,False,0,,True,1727,307,d1a5e8ed7648d24c12569d9ec8c3ff096c14380346d1540b03cdf984f383b45d,
RMVM_S_c8be07bce7,Đoạn Kết Cuối,"Vũ Thịnh, Fanny Trần",POP_BALLAD,TIER_A,True,False,0,,False,False,0,,True,2602,447,60e1049decfcaecc39438370c8df745d5786d06f45ebf87d1531951d19f52383,
RMVM_S_08968afec9,Dại Dột Mình Em Mang,Diễm Sương,INSTRUMENTAL,TIER_B,True,False,0,,False,False,0,,True,1739,318,e8088b882f6856d0b4eb3231d7c7bed8c8902083492e92ccc6382f08ba690a16,
RMVM_S_c53678c57e,Hạnh Phúc Bỏ Rơi Em (Piano Version),Hương Ly,POP_BALLAD,TIER_A,True,False,0,,False,False,0,,True,2702,473,73d6c66d27ef1918fb1cf9920cf31d1ebfb7684d05176b7a8cb3c86dfeaf74b5,
RMVM_S_fb7d055f20,Bậu Về Nơi Đâu,Hồ Khắc Tùng,BOLERO_TRUTINH,TIER_A,True,False,0,,False,False,0,,True,2119,370,b7dab429b6357ba3a0cf6adf8299246393af8bc8378b29be0db220d9436b2398,
RMVM_S_0ecfbf2ce5,"Chưa Nghe Hết Bản Tình Ca, Chưa Rơi Hết Nước Mắt",Thiên An,POP_BALLAD,TIER_A,True,False,0,,False,False,0,,True,2449,429,0c5e181d3b8eb21f8a76d8e07d840ba6e2e5aa99a339f4236e73de5a1a8a585e,
RMVM_S_83a3cf729f,Liên Khúc Một Chuyến Xe Hoa - Yêu Trong Nghịch Cảnh,"Thanh Ngân, Hồ Quốc Bửu",BOLERO_TRUTINH,TIER_A,True,False,0,,False,False,0,,True,1801,313,b32d0454f4dbdf3d161a01e3cd196d6cebf866a393b04ff450e3ac5ea77323cf,
RMVM_S_c726b474ea,Chuyện Như Chưa Bắt Đầu (Remix),Thanh Hương,POP_BALLAD,TIER_A,True,False,0,,False,False,0,,True,1395,257,115e344492fffb19ad974a651cb981f77bd6993949b358e9d16ab41aa2374dca,
RMVM_S_4c2c5c33b1,Đi Rồi Mới Thương,Võ Kiều Vân,POP_BALLAD,TIER_A,True,False,0,,False,False,0,,True,2427,423,db0dff90a072922c349178cce5654726262cf5a174f72c3d926b2536d677ad5a,
RMVM_S_bd4950f6e3,Đời Là Cát Bụi Là Ta (Cover),Yuki Vinh,POP_BALLAD,TIER_A,True,False,0,,False,False,0,,True,1401,244,14f4e14e76f62aedac20d43a537e00db66a7f05bf8f22325fc3c73f3dc37c701,
RMVM_S_6e7874df0f,Khoái Ăn Sang Sáng Ăn Khoai,Hồ Việt Trung,POP_BALLAD,TIER_A,True,False,0,,False,False,0,,True,2222,408,5982710ca3d50d22240a741d45bdf5bd999ce5146d054cb787718b00f1a9338d,
RMVM_S_8290a43586,Nói Chia Tay Thật Khó,"Thùy Chi, Trấn Thành",POP_BALLAD,TIER_A,True,False,0,,False,False,0,,True,2528,449,6fc40e94e4613bd04999e8bbbe8d42bad51e024bba2cdb4d6c53dd464af61c8f,
RMVM_S_02a4095b8b,Đông Lạnh Có Em,Thái Phương D.A,POP_BALLAD,TIER_A,True,False,0,,False,False,0,,True,2649,465,09041fb4045e6c37b643cc5115bb3ec572881f721705ea5055f8619ac9afae63,
RMVM_S_b2555bfa56,Bolero Tiền Thắng Tình Thua,Lương Hồng Huệ,POP_BALLAD,TIER_A,True,False,0,,False,False,0,,True,1953,334,b2d77a6fb17ec25415f02cd4e558e9c68dad6f22b6251e6c377a5d0d3d8ce448,
RMVM_S_cd0170ff54,Chuyện Người Hát Rong,Trường Kha,BOLERO_TRUTINH,TIER_A,True,False,0,,False,False,0,,True,1743,286,0bbfe631bf20220daa85eaddfcdfbd33da78004528f737d57fc9104ce9230e43,
RMVM_S_f75bb45bd7,Không Gian Chơi Vơi,PhanDjat,POP_BALLAD,TIER_A,True,False,0,,False,False,0,,True,2958,544,ec816c1d0852d3bd7d45394fefa236c3c69066592fa546edd61052ee1c5c3f43,
RMVM_S_a18ed5e6d6,Hen Gặp Lại Trong Chiêm Bao,Phi Bằng,BOLERO_TRUTINH,TIER_A,True,False,0,,False,False,0,,True,1742,296,20ca81310d53e50c114a01e2fbdc29f19eadf679585c7da2c7f71811df0880fd,
RMVM_S_151418c865,Để Em Cười Như Xưa,Thảo Wendy,POP_BALLAD,TIER_A,True,False,0,,False,False,0,,True,1816,318,04ec00e302a6c3f3ffc0fba9b135a74232dce9d82f05462aeeade61c0f971c38,
RMVM_S_cd23d66131,Liên Khúc Yêu Một Mình - Giọt Lệ Đài Trang,Văn Hương,BOLERO_TRUTINH,TIER_A,True,False,0,,False,False,0,,True,2375,405,12c92cacbe79c7d0ee00e97f18fa748463cb8ff3c9cb79f6cef3e5c2b8b8776e,
RMVM_S_09b0d10c67,Đón Xuân Này Nhớ Xuân Xưa (Remix),Dương Nhất Linh,BOLERO_TRUTINH,TIER_A,True,False,0,,False,False,0,,True,1625,282,a817314e2553265d9b2662fe53689ea43204e7e77def24dc56b41ae8e7907aec,
RMVM_S_cfee4ee0b2,Khát Khao Chiến Thắng,Trần Ngọc Ánh,POP_BALLAD,TIER_A,True,False,0,,False,False,0,,True,1807,295,037951be44d495567f8916d5242b3cc2a43a6f6ec1c35fe8a564c82a9db6f160,
RMVM_S_5fead5cd11,Chòm Sao Trên Bầu Trời Nam Thiên Môn,Lee Phú Quý,POP_BALLAD,TIER_A,True,False,0,,False,False,0,,True,1671,312,b73d5d9beb60839d18f045c042bd6867a823e7e6bac622653c8f9fdd0f36bdc3,
RMVM_S_a644371893,Ta Đã Quên Nhau Bao Lâu,Quân A.P,POP_BALLAD,TIER_A,True,False,0,,False,False,0,,True,2911,484,b30d5cac736da65a2f19394c3fd72f97dfff249119f40eecc9c13985ec23d0a1,
RMVM_S_506d6db951,Anh Không Tồn Tại Trong Tim Em,Âu Gia Phát,POP_BALLAD,TIER_A,True,False,0,,False,False,0,,True,2110,378,54a0d8428f07d2d2ccb4025aee7a12c8a9bcdfb6b1f0f55db1a810b376959e4b,
RMVM_S_d748140c90,Tình yêu không phải trò chơi,Lâm Chấn Huy,POP_BALLAD,TIER_A,True,False,0,,False,False,0,,True,2965,511,60d234a6c26c2ff6d4d2ad3117cac1b47551b54d7dd40a1e76361650fefcb2af,
RMVM_S_2ca89e9c10,Cha Bên Con Từng Giây,Đình Bảo,INSTRUMENTAL,TIER_B,True,False,0,,False,False,0,,True,1667,295,97abb9be077e48272470876d08ff4441724306b808e742f9cc6e62ef57179770,
RMVM_S_1ad637fe09,Bầu Trời Của Biển,Thành Đạt,POP_BALLAD,TIER_A,True,False,0,,False,False,0,,True,2215,374,367fcaad9be5b90c0f9cfd3a29ca61acfec8d80e32529f02227b6bb84f960ad7,
RMVM_S_7ddf29d10e,Khói Sương Nguyệt Lạnh,"Văn Thiên Nghĩa, Rick",POP_BALLAD,TIER_A,True,False,0,,False,False,0,,True,2209,383,2beaa65785dac7a444be71a88a69422d32f1f496e192bf943cef643a71d8bd9d,
RMVM_S_08fc0c8c7f,Chiều Buồn Thương Nhớ Mẹ Cha,Huỳnh Nguyễn Công Bằng,BOLERO_TRUTINH,TIER_A,True,False,0,,False,False,0,,True,2057,357,4f902f40493264e21fca4ba5edcab5575d6f20f17437f7ff9ff51bd0d6822eea,
RMVM_S_b20915d1c9,Cô Ấy Là Ai,NgânT,POP_BALLAD,TIER_A,True,False,0,,False,False,0,,True,3600,645,a77526df23962e679396a4637c5071cb3149a64b886cfad22d48e3dafddaab4e,
RMVM_S_6920723465,Biết Thế Đếch Lấy Chồng,Linh Na,POP_BALLAD,TIER_A,True,False,0,,False,False,0,,True,2909,494,4897953d67358cb7e3c70d98c412dd5701cdb00dd56dbdcfb1ae968211bcd4a3,
RMVM_S_d0f3ffc00d,Khi Ta Nằm Xuống,Quách Thành Danh,BOLERO_TRUTINH,TIER_A,True,False,0,,False,False,0,,True,1494,272,aceb4d5eb0804c3b216722991ce9e10bac62ad3c78009b070c1343369a9da2d8,
RMVM_S_62ee21727f,Tôi Đam Mê,Minh Bolero,BOLERO_TRUTINH,TIER_A,True,False,0,,False,False,0,,True,2096,360,0a88a4e34071f30b03b1f566a4f25a0f8c0c2e40839f81b66618b556afb015ed,
RMVM_S_1fd72ff33c,Mười Năm Tái Ngộ,Ân Thiên Vỹ,BOLERO_TRUTINH,TIER_A,True,False,0,,False,False,0,,True,1887,312,6871befae573c2a53e76620854d0ac789364f72b561a8260c95fa1f03bac3a9d,
RMVM_S_2973bcf305,Mashup Người Lạ Ơi - Buồn Của Anh,"Đỗ Minh Quân, Ayoo",POP_BALLAD,TIER_A,True,False,0,,False,False,0,,True,2688,463,542fb67b434d00975c02bf0db90cc46f1b5786300d8c394db0e9e82312e2d0ed,
RMVM_S_9f09cdbfd3,Thiếu Nhi Thành Phố Bác,Bé Phương Nhi,CHILDREN,TIER_A,True,False,0,,False,False,0,,True,765,131,794220597fc161462a2ae54d9b33c7c9d65d713a48272b41d8c321370133a858,
RMVM_S_9cd6e0f972,Asian Beauty / Nét Đẹp Á Đông,Nhiều nghệ sĩ,BOLERO_TRUTINH,TIER_A,True,False,0,,False,False,0,,True,3242,559,162fb81cc4d98f17ec8e10ad401696e408d40aedf76619b3881fa3d64f1fc0a5,
RMVM_S_f171faeeb6,Cố Giữ Được Không,"Nam Anh, NH4T",POP_BALLAD,TIER_A,True,False,0,,False,False,0,,True,1753,311,2dbc3bc6b79832a0c73042546db4f2bbfffafcb7ffbdabcba81962cdb4b37b01,
RMVM_S_a03d34b27f,Tìm Được Một Nửa Hóa Ra Lại Chưa (Piano Version),Vương Anh Tú,POP_BALLAD,TIER_A,True,False,0,,False,False,0,,True,1939,344,f2c73a8b81c311c81040488e73c5597904212c8fa812df9803b0ce1307f177a5,
RMVM_S_f5416c12fa,Này Sao Ơi,Ái Phương,POP_BALLAD,TIER_A,True,False,0,,False,False,0,,True,1096,192,018163d036bc4305b0e1caac21d57a4e4740c6b40efacc6825e6fbcdfb12041f,
RMVM_S_f4844211e2,Cánh Diều và Em,Bé Tú Anh,CHILDREN,TIER_A,True,False,0,,False,False,0,,True,1318,251,11a789cad0f8d5dec3d386d91ab5db907063b889eb60cf9f185a77066cdca983,
RMVM_S_6633f84c44,Đợi Chờ Người Dưng,Cao Thiên Vũ,FOLK_TRADITIONAL,TIER_A,True,False,0,,False,False,0,,True,1667,279,22acdff8d5237938bc6160a7e575963401d400a0b941c481c2ac082817f084ee,
RMVM_S_0fd99911db,Những Kí Ức Hôm Qua,Vũ Phương,POP_BALLAD,TIER_A,True,False,0,,False,False,0,,True,2155,366,b8497bbb328b2b753515845a8df634f13ca4cf3f65e440a7c1e84b7fd04065b9,
RMVM_S_1ca0faecb5,Có Tiền Tôi Chẳng Cần Tiên,Phi Bằng,POP_BALLAD,TIER_A,True,False,0,,False,False,0,,True,2734,480,4712fee564f1b3ea50d5d902b05edeab84ba75ee4a6291b8363f4c12895ad4d3,
RMVM_S_f39ab02c30,Anh Cá Bảy Màu,Chân,CHILDREN,TIER_A,True,False,0,,False,False,0,,True,1799,321,24cd280de6edd02e1bbba39fad528806cf80e02174429ff86b8e8cd9505e27d1,
RMVM_S_df27667d80,Cậu Út Chung Tình,Hương Nguyễn,FOLK_TRADITIONAL,TIER_A,True,False,0,,False,False,0,,True,1303,225,5f984ec75cadc58f26d8731c150ec2cea717c3c2f7c82422127a89d27383c1b0,
RMVM_S_0baaece342,Niềm Vui Của Cha,Danh Zoram,POP_BALLAD,TIER_A,True,False,0,,False,False,0,,True,1911,336,3ece13508277f80ad21175451f9a4a24172b8bd36041a0f727f293793ba901e9,
RMVM_S_f6583896bf,Chạy Về Khóc Với Anh (Acoustic Version),"ERIK, Nguyễn Phúc Thiện",POP_BALLAD,TIER_A,True,False,0,,False,False,0,,True,2067,350,522f79f9c8e0471112af9c539e3edaa30c75277350c5d4ab54fa942c9d4d9587,
RMVM_S_3a5d63f71e,Bài Ca Anh Viết Cho Em (Acoustic Version),Danh Zoram,POP_BALLAD,TIER_A,True,False,0,,False,False,0,,True,1816,343,bb60a4798dae1f8ad9d152226cbeb86569a963fe62aaaa2cc48dc931504ff7cc,
RMVM_S_f5fb894e14,Bôn Ba (Nước Ngoài),"Phan Mạnh Quỳnh, Tăng Duy Tân, DươngK",POP_BALLAD,TIER_A,True,False,0,,False,False,0,,True,1862,325,28c224bf02856fd79740c80e2542029103757f030bf9555a3e6586044b2fded8,
RMVM_S_f21140573b,Em Không Muốn Mình Cao Thêm Tí Nào Nữa Đâu Nhé,"Hải Sâm, Phan Ngân",POP_BALLAD,TIER_A,True,False,0,,False,False,0,,True,1000,179,35572e5453b654c0e15dcec33540f27244930e43a02967b3f4ff63a93f37f70c,
RMVM_S_99a5ddd793,Đừng Lau Nước Mắt Cho Em,Kim Ny Ngọc,POP_BALLAD,TIER_A,True,False,0,,False,False,0,,True,2167,381,1ab69899898dd475db851a6514e90b419368694459a683fa94f0ca74c9a38055,
RMVM_S_799ad72702,Dặn Lòng Phải Quên (VisconC X HHD Remix),"TLong, HHD",DANCE_EDM,TIER_A,True,False,0,,False,False,0,,True,2213,387,f66fd23770f338734db2c17879f205eda9a705674b169dc48adae456b478a151,
RMVM_S_1c90aa156c,Anh Mơ Mình Chia Tay,Bình Minh Vũ,POP_BALLAD,TIER_A,True,False,0,,False,False,0,,True,2119,368,def92c1d0a8b959b1ffe6595bba719ff3c8bcfcc23ae95b44a1008ead2d1cba0,
RMVM_S_ae3704d3ec,Con Đường Mang Tên Em,"Duy Khánh, Hà My",BOLERO_TRUTINH,TIER_A,True,False,0,,False,False,0,,True,1119,186,6d77fc182b057303d8028e3332c487ecb3c4458a036b642197cea2c6c718db4a,
RMVM_S_bb83e0b6eb,Giấc Mơ Hồng,AXN,POP_BALLAD,TIER_A,True,False,0,,False,False,0,,True,1671,289,a44e08e051e80d36d75409144ebb44d030c9ef49663e94511f12804e42d51cac,
RMVM_S_53b8a7533d,Thanh Xuân,"Andy Vũ, Phaos, Lăng LD",POP_BALLAD,TIER_A,True,False,0,,False,False,0,,True,3958,708,e7814904d91681f9d62d43ec847f95f33a46970bcc4404fc5fcbfd8774533534,
RMVM_S_bc0348ccd7,Mệt Chưa Anh Về Đây? (BLUE REMIX),"ZIN MEDIA, Hana Cẩm Tiên",DANCE_EDM,TIER_A,True,False,0,,False,False,0,,True,1708,307,7c03967b2f3d674412f9e2849561438a57b2e197d1289f6484304f625f3c7f40,
RMVM_S_b5e0d2fa3a,Đêm Sầu Đời,Hoàng Lâm,BOLERO_TRUTINH,TIER_A,True,False,0,,False,False,0,,True,1796,312,ef54662e39510805214eca69fcac0aaccb80897c18ab6656bb2df560e6a8d8b3,
RMVM_S_889a7c2cc5,Có Nhau Từ Đây,Nguyễn Phi Hùng,POP_BALLAD,TIER_A,True,False,0,,False,False,0,,True,2340,407,7a97a123d558319c078ea03319f32f47ee5f046361aed0a931530fcf2535e1c6,
RMVM_S_6cfc327d77,Hãy Một Lần Yêu,Lý Hải,POP_BALLAD,TIER_A,True,False,0,,False,False,0,,True,2073,374,bbcbb7e951f0c12b59ed584f89e968f351710481e53c81c582701d9d7007d751,
RMVM_S_be4c3c8fb4,Vầng Trăng Cô Đơn,HA Live,BOLERO_TRUTINH,TIER_A,True,False,0,,False,False,0,,True,2080,367,ce4713877d1e593e076e3c653ce95686b6497ed30451e84013fd24c0e7db370b,
RMVM_S_6c97298425,Cảm Ơn Nhà,"Hoàng Dũng, Suni Hạ Linh",POP_BALLAD,TIER_A,True,False,0,,False,False,0,,True,2113,377,4077bacaa85756c06faaed00455b33776038f13b982f6e75466989ba3fa144af,
RMVM_S_9bfa547136,Lung Linh Xứ Mường,Vũ Minh Vương,BOLERO_TRUTINH,TIER_A,True,False,0,,False,False,0,,True,2443,418,34b00ef86b3a572acfe79dc87f622f6495c488e86b5253b05a854308dbbf1ada,
RMVM_S_391d3b3ae1,Nói Trước Bước Không Qua (Piano Version),Lynn,POP_BALLAD,TIER_A,True,False,0,,False,False,0,,True,1564,284,27e26838ce4bc7cce22b99fedee494edfbf59e39c68e9dee0ed1d4337679593a,
RMVM_S_27db78a11f,Bờ Mộng Mị,Linh Cáo,POP_BALLAD,TIER_A,True,False,0,,False,False,0,,True,1736,307,0d1ace9968def5cbed438452829e6bccdda1d363b24f80325b8ec6cb9b62fa5c,
RMVM_S_8fed80e96a,Anh Không Quan Trọng Nữa,"Tăng Phúc, Nguyễn Đình Vũ",POP_BALLAD,TIER_A,True,False,0,,False,False,0,,True,2002,358,a12a1509ce2479a43ecb9b0310199037dbb94060299dca6f02ba850fb29c9757,
RMVM_S_7653f7e262,Mộng Ước Không Thành,Ngọc Sáng,BOLERO_TRUTINH,TIER_A,True,False,0,,False,False,0,,True,1487,256,4d865a75a4d337309decacdc926f515beecb4816e76d00174d7280eee0b9dcec,
RMVM_S_d0c35ccf21,"Tiền Bạc Tựa Như Dao (Parody, Short Version)",Hoàng Hồng Quân,POP_BALLAD,TIER_A,True,False,0,,False,False,0,,True,620,106,5476044c5dce67c0516060a5f83b029734ecc5d7222f16dc0112c63a35114ff6,
RMVM_S_f2d5cf0022,Anh mong anh muốn anh là,Tống Gia Vỹ,POP_BALLAD,TIER_A,True,False,0,,False,False,0,,True,1470,256,3e4613af9bfa9ce13d435de5dd3b0c00f6963b4b3e050b7c0501a557bbd9b534,
RMVM_S_28f7e600d4,Anh Mới Chính Là Người Yêu Em (Remix 2022),Liêu Chấn Hải,DANCE_EDM,TIER_A,True,False,0,,False,False,0,,True,2591,471,7d6d1f79f856661b1641ea4fe5c830b0311a95467825b1b721818f1e86300ce0,2022.0
RMVM_S_0e80d7b958,Nỗi Nhớ Còn Đây (Remix),Nhật Tinh Anh,POP_BALLAD,TIER_A,True,False,0,,False,False,0,,True,1784,327,dbcbe912533504261a18b152cdd8327a1a43e0a5cd9c36059a9baa850618c722,
RMVM_S_482ecf1ffd,Như Một Giấc Mơ,Bình Lee,POP_BALLAD,TIER_A,True,False,0,,False,False,0,,True,2113,379,6c3f694e4f83a409a4f58e931f2e0d04e4c7ce53024a42c8c6a2aa5f40482341,
RMVM_S_ff768222e7,Khóc Cho Một Cuộc Tình,"BeeBoss, Tuấn Chung",POP_BALLAD,TIER_A,True,False,0,,False,False,0,,True,1479,255,7313d643f530df747da69c596fcc2daf0a9f81710180c8ed2922719056d225c4,
RMVM_S_5570d1b978,Lỗi Lầm Của Con,Lâm Bảo Phi,BOLERO_TRUTINH,TIER_A,True,False,0,,False,False,0,,True,1197,201,cf668f8c3e93b9b27e267f89ea11bf281a2da5d260d261fd0735e33b44fa1a2a,
RMVM_S_8a8fd0a316,Dừng Lại Một Chút Thôi,Trung Nghĩa,POP_BALLAD,TIER_A,True,False,0,,False,False,0,,True,1788,311,b8031b34bb7a6ad5f894705a6176d2331499aaea40422f10ea07711cc7e2d561,
RMVM_S_eaf2d7561d,Cho Con Gọi Tiếng Thiêng Liêng,Phùng Ngọc Huy,BOLERO_TRUTINH,TIER_A,True,False,0,,False,False,0,,True,2453,426,aeb550e1ce7358b24f11cc2d2c0be4fd8632a89abe34bc566e01e7560c98e307,
RMVM_S_fbbff4b9d9,Chơi Vơi Giữa Trời (Remix),"Hoa Xuân Đức, BMZ",DANCE_EDM,TIER_A,True,False,0,,False,False,0,,True,2032,348,a45dc5ca4bf0690f5e1be30f57de99b71d9d74a837049fa4fe72523c19439bbd,
RMVM_S_a254e774e7,Liên Khúc Lạc Mất Mùa Xuân - Lắng Nghe Mùa Xuân Về,OPlus,POP_BALLAD,TIER_A,False,False,0,,False,False,0,,True,1847,320,04bd716c85b40b11462e414aa893cc67ae909e5726e68bf4e9f95a6872a7451d,
RMVM_S_3b5902391e,Dân Ca DJ 2,Bảo Hưng Miền Tây,POP_BALLAD,TIER_A,True,False,0,,False,False,0,,True,3448,636,a5ec82016d8fc1c08032e4c16258c07976ecd5f7424609dbd89109e5c86ab056,
RMVM_S_29e5bec2c2,Chiều Về Trên Sông,Tuyết Mai,POP_BALLAD,TIER_A,True,False,0,,False,False,0,,True,1344,227,5d1db73967e5bfe16ebc9970ffc9c5b11069d3458841b50ca3c42defd585b271,
RMVM_S_db1fc250f2,Lời Khuyên Của Mẹ,Yến Ly,BOLERO_TRUTINH,TIER_A,True,False,0,,False,False,0,,True,1527,261,c1b10d553e0ef8d91f325b9b3bd26d7b5f497fd154557f6f0d6ca7a0b97a6e8a,
RMVM_S_4051349fe4,Chuyến Tàu Của Thanh Xuân,Xuân Định K.Y,POP_BALLAD,TIER_A,True,False,0,,False,False,0,,True,2275,390,8a25bf3976d70ddd9572df5850b7ea5788e6b115faa917bdbcbd9050e7d56bcc,
RMVM_S_250d34e547,Duyên Mỏng Nợ Cũng Chẳng Sâu,Trần Mỹ Ngọc,POP_BALLAD,TIER_A,True,False,0,,False,False,0,,True,2055,344,96dda40cb7dfa66ec71bb858eea6278b8de7a402e8fb9db4f95ec16ea798cfdb,
RMVM_S_a8774ed43e,Giai Điệu Tổ Quốc,Dòng Thời Gian,REVOLUTIONARY,TIER_A,True,False,0,,False,False,0,,True,2003,330,a160916c109c4cb1b41975144f0c1c27167b3be07df56bae83afe4e118d5a812,
RMVM_S_cbf59a5107,Anh Và Em Hai Thế Giới,Khánh Phương,POP_BALLAD,TIER_A,True,False,0,,False,False,0,,True,2883,480,06e9b2ff4c83ae21b818ec37188ac9ffaf6453a1e4a369afab0557bf8a17f7c0,
RMVM_S_bd0f95006d,Vắng Em Trong Đời 2,Chí Thành Danh,POP_BALLAD,TIER_A,True,False,0,,False,False,0,,True,2068,384,d9f4c376a53bfb58330471befb3d55246bee7a32400376fe7d1df821ccc006f1,
RMVM_S_565c9beb3f,Hè Muộn,"Bằng Kiều, Lâm Chí Thành",POP_BALLAD,TIER_A,True,False,0,,False,False,0,,True,1290,231,9ff4eae1d4a717867b41e0f6b10bcbf3709fb2c10d77244028ca17b37ec75b4f,
RMVM_S_57fb73649c,Chỉ Khi Anh Một Mình,"Vũ Duy Khánh, Đạt G",POP_BALLAD,TIER_A,True,False,0,,False,False,0,,True,1827,326,8c9e101d851798f48658375e8269594678e8ca4336d25155ce740b13e10a5a11,
RMVM_S_3d1eac3dfb,"Khó Có Được Người (From ""Dickson Acoustic"")",DICKSON,POP_BALLAD,TIER_A,True,False,0,,False,False,0,,True,2120,351,ed1a7636c19c28e1c3171967d3e1f1b9478efce6019daea8a811c2b74218052a,
RMVM_S_a3cc063828,Ánh Trăng Tình Bạn,Bé Diệu Anh,CHILDREN,TIER_A,True,False,0,,False,False,0,,True,1892,334,d052ba1699db7cf124ca181f26b4721839b45f9aad66b5d788c071bf968e4e3e,
RMVM_S_c25b56a67c,Không Phải Anh,Bạch Công Khanh,POP_BALLAD,TIER_A,True,False,0,,False,False,0,,True,2268,424,66b1756d8e656e71ccaaac3f802baa5015457e6a5f0867dffa2ee7deb0995973,
RMVM_S_ff926445fa,Yêu Đến Thế Sao,Huyền Zoe,POP_BALLAD,TIER_A,True,False,0,,False,False,0,,True,2192,394,37492cf54d453236d6b7c4ffddb06d40321a95f9aa454a2cd63e851e3540652b,
RMVM_S_c70b7d4b3b,Anh Luôn Tin,Khánh Phương,POP_BALLAD,TIER_A,True,False,0,,False,False,0,,True,1988,355,5b90f61f80d5bb9433787c39f5ca3c5b21492bda55fbcc46cbe86ceaa74c2a02,
RMVM_S_cfbe9b935b,Khi Người Mình Yêu Khóc 2 (Vinz x Hải Nam Remix),"Exclusive Music, Phan Mạnh Quỳnh",POP_BALLAD,TIER_A,True,False,0,,False,False,0,,True,1541,270,bb3378967260b47658d0f4ae3ba2a27ab835d12a05ec9ad53487e7748701b221,
RMVM_S_97d69e3ed0,Bao Giờ Hết Nợ Đời (Rumba),"Mai Tiến Đạt, CT",POP_BALLAD,TIER_A,True,False,0,,False,False,0,,True,1448,234,f5ffed84bf268919c3c737970e2d3d9a123ed041e89a000d7b3d8087b908184a,
RMVM_S_478db4f351,Mất điện,Nam Thế Giới,ROCK,TIER_A,True,False,0,,False,False,0,,True,746,130,0cdcb7b2c41ed0c41e88565a63d20af6d8ab06ea498b04b09f60641171d58e4d,
RMVM_S_51876df61f,Anh Không Tồn Tại (Beat),Hồ Việt Trung,POP_BALLAD,TIER_A,True,False,0,,False,False,0,,True,2257,413,2c13c19c5fe8bfefb736e5fa8ea09e9c8ea0f1fb04f5c4f3c4aae9759070e645,
RMVM_S_a4faddbb4c,Nỗi Buồn Người Con Gái (Remix),Cường Anh,DANCE_EDM,TIER_A,True,False,0,,False,False,0,,True,2406,398,4f9802e9097ba9811d97efe7ed116702e1f82fb08108a9728aa19f93eba8af74,
RMVM_S_d99ce4daa0,"LK Nhớ Nhau Hoài, Cho Người Vào Cuộc Chiến","Cao Hồng Hữu, Hồng Phượng",BOLERO_TRUTINH,TIER_A,True,False,0,,False,False,0,,True,2268,391,833c664fab52e281ba0ffff4b714c8422d043907b2e8e496c993490c32084c0a,
RMVM_S_a6bb1d9f02,Em Cần Tiền Anh Cần Tình,Dương Minh Kiệt,POP_BALLAD,TIER_A,True,False,0,,False,False,0,,True,2174,388,c05498a7096bd22c7db01e0855314dd69f28669c68b499b4491c8b64f1ce202f,
RMVM_S_2422da5c70,Anh Kết Em Rồi,"Hồng Thanh, DJ Mie",POP_BALLAD,TIER_A,True,False,0,,False,False,0,,True,2139,396,e8d76cf9f97cc657fe587c2d599869ba4b1aaf4004eefe46a04ce48a8796f407,
RMVM_S_9151a170a4,Gặp Mẹ Trong Mơ,Thương Nguyễn,BOLERO_TRUTINH,TIER_A,True,False,0,,False,False,0,,True,1263,221,2ac3e5027fc6e8ebe00226804e913014699b683484a4c977265c4978836af27d,
RMVM_S_d9812026df,Ai Lấy Đi Hoàng Hôn,Lê Tiến,POP_BALLAD,TIER_A,True,False,0,,False,False,0,,True,1899,327,a377e3619cb0dbf21874db99f816b76f2e47b70c590579f4a52b389f8f73b8a1,
RMVM_S_ff3b59992c,Cưới Em Thôi,"Tracy Thảo My, YuniBoo",POP_BALLAD,TIER_A,True,False,0,,False,False,0,,True,3081,546,709c0605d2f7949a590e9c92f602fab45b86ea72102b1ae2969b2504f05c6f58,
RMVM_S_02441c8ac5,Nhân Duyên Do Trời,Barry Nam Bảo,POP_BALLAD,TIER_A,True,False,0,,False,False,0,,True,1814,324,ddcee6be1047ae7fd8e95d896d05a4f8bbfe06256232ad547ac6ba5b631a90f7,
RMVM_S_0342fafc82,Cơm Đoàn Viên,Hồ Nhật Huy,POP_BALLAD,TIER_A,True,False,0,,False,False,0,,True,1699,300,7338e148e8ab04496e773edf7f488e07aa9eb4bcb17f88910b7a4c91fd4a166c,
RMVM_S_b3610e7410,Thị Trấn Mù Sương,Phi Nhung,INSTRUMENTAL,TIER_B,True,False,0,,False,False,0,,True,1450,241,a7ae082207b4da06bb6098d5afa5f37e07bdef5947c0a65c0f722e28b5a0c605,
RMVM_S_c912656f10,LK Lại Nhớ Người Yêu & Ước Mộng Ðôi Ta,"Mạnh Quỳnh, Phi Nhung",POP_BALLAD,TIER_A,True,False,0,,False,False,0,,True,2362,408,513a301f76ae3de72a18dcd4ee0867ebd6a6425ece61b712b1ef06850b337713,
RMVM_S_cb38c62fdb,Chúng Ta Sinh Ra Là Của Nhau,Phong Huy,POP_BALLAD,TIER_A,True,False,0,,False,False,0,,True,2079,372,f386d9a9133122e1fe4bfc540687c903024f14e36ce9805c5b5916ef3a1c32bb,
RMVM_S_1209950bb2,Cô Út Củ Chi,Bé Mai Vy,CHILDREN,TIER_A,True,False,0,,False,False,0,,True,2091,354,b9e132ab880264b06336d5c8736ad3554fd10d27e4afdff9a61bc38588c79c7e,
RMVM_S_01fcc36cc7,Trở Về Cát Bụi,Chế Thanh,BOLERO_TRUTINH,TIER_A,True,False,0,,False,False,0,,True,1990,347,b5e3ad756a54edba2fd89a584017ab2ef9a143f1501e29b25a058e999ceaca10,
RMVM_S_a1cfe9d561,Cô Đơn Giữa Lòng Thành Phố,"Green, Andrea",POP_BALLAD,TIER_A,True,False,0,,False,False,0,,True,2986,505,c87e48991b09f7f2a125f732c2b300e5fa6ea494cd2801c37c704f5284689b6e,
RMVM_S_e288e328d3,Mùa Xuân Em Hát,Bé Nhã Kỳ,POP_BALLAD,TIER_A,True,False,0,,False,False,0,,True,1758,302,687881d60b48d7c8c3616a85571aca8a4296b3f69f687e90f9e133dda56cce72,
RMVM_S_b1f508ab9c,Gánh Cả Thế Giới Để Yêu Em,Hồ Quốc Việt,POP_BALLAD,TIER_A,True,False,0,,False,False,0,,True,2284,400,e2d696d880a9feaad0b2f79349bb98fafcbc9c931fa787d380c4dfa0e7d5f606,
RMVM_S_449b5c30a8,Tết Là Đây Chứ Đâu,"Orange, Seachains",POP_BALLAD,TIER_A,True,False,0,,False,False,0,,True,3061,542,252e2dea9034fff82a2d5b9c421a2f266a7f2e6b9ae9fb25034cd594c576a45b,
RMVM_S_10679b3afc,Giữ Cho Em Một Thế Giới,TRANG,POP_BALLAD,TIER_A,True,False,0,,False,False,0,,True,1344,231,c78e4d5f7cfff5905f4223be183a54edbf86aace7438fc8ba4731acf68219150,
RMVM_S_a475b3dc2d,Cánh Sen Cô Độc?,Ngọc Mai,POP_BALLAD,TIER_A,True,False,0,,False,False,0,,True,2537,465,46615f80a507901e8f5f705c9a0170b2e27a39edf0d9b14e76317d0d56432c14,
RMVM_S_583fc0ee32,Cô Dạy Bé Bài Học Giao Thông,Bé Phương Nhi,CHILDREN,TIER_B,True,False,0,,False,False,0,,True,1388,238,c3003f9bfbc0ab78be51a62b8c119e2883043cd619844232a90968efd7968354,
RMVM_S_3ed46e7627,Thao Thức Vì Em - Xin Gọi Nhau Là Cố Nhân (Live),Đăng Nguyên,BOLERO_TRUTINH,TIER_A,True,False,0,,False,False,0,,True,1215,199,6595133e0ef1684ddea8ed2b9b27f7692f311f6f579d0d1f2633eb847ab07721,
RMVM_S_eff62cd2db,Em Giờ Sao,Khu Đình,POP_BALLAD,TIER_A,True,False,0,,False,False,0,,True,2680,466,7a6f19a4426a81842d0d86ad90ffc5055d995793846ee11512c975cf5b84d03e,
RMVM_S_721cf2c8ce,Thương Lắm Mình Ơi,Thiêng Ngân,BOLERO_TRUTINH,TIER_A,True,False,0,,False,False,0,,True,1844,315,078ff19b05eef97c5664b9ff136ee31b408d4ecad51d5314320065e915ce8406,
RMVM_S_3a80817f5c,Em Đã Làm Gì Sai,Kevin Đinh Kiệt,POP_BALLAD,TIER_A,True,False,0,,False,False,0,,True,1957,354,36c8d5556debc29c6e2becbce4276a3192ea6dc5e0d448b86461ce81e92d2d01,
RMVM_S_eb7f3acba1,Chưa Bắt Đầu Sao Kết Thúc,Minh Tài,POP_BALLAD,TIER_A,True,False,0,,False,False,0,,True,5782,998,339702211de63d61f400b4f5a49c53006fc221bae11fb02bed28d6d2083c05d3,
RMVM_S_24629463de,Đừng Khóc Sau Lưng Anh,Đinh Kiến Phong,RAP_HIPHOP,TIER_A,True,False,0,,False,False,0,,True,2305,411,211f365fc0145cb0f5082727e545d6fa95911b3c6850dfe2d9f961959e5ddeb4,
RMVM_S_f27ea0e86e,Điều Đó Là Vì Em,"KindyA, KaWaiiBi",RAP_HIPHOP,TIER_A,True,False,0,,False,False,0,,True,3912,720,e01f54c50a70214305103a61a8ce662c6903bfc4b924484df2d2351d53db3ed3,
RMVM_S_991ed9ea75,Anh Chẳng Sao Mà (Remix),Khang Việt,POP_BALLAD,TIER_A,True,False,0,,False,False,0,,True,1602,288,7fdb1fc5c6cb20e48db2a2ef54d198e98040974ca88d33064680c77e8f2c190d,
RMVM_S_6717d858c8,Cánh Diều Tàn Phai,"Nam Hee, Phạm Sắc Lệnh, LQ MEDIA",POP_BALLAD,TIER_A,True,False,0,,False,False,0,,True,2338,396,e6ad87223e34101ebd10507ff67233186ba5fc84dd82de7e2b68cec77cfca9a2,
RMVM_S_f5388751ef,1 tháng nhung nhớ,"Pay, Lazii",POP_BALLAD,TIER_A,True,False,0,,False,False,0,,True,1595,289,db89ef14f5289b957bcc9d6be09692da64132a7a1bb5dea42e76fd3ae8b7c120,
RMVM_S_fec71bc238,Nhớ Anh Nhiều (Remix),Saka Trương Tuyền,POP_BALLAD,TIER_A,True,False,0,,False,False,0,,True,1887,328,8433b014fb2981435f1da665b96a434afe1cdf9ca0a09aa7d1120fe8057b993f,
RMVM_S_f4e49d9731,Ba Tập Em Bơi,Kiến Thành,CHILDREN,TIER_A,True,False,0,,False,False,0,,True,1458,272,487a05b461728960f03c744785f8c76fd9b36864eecf275b6006e1e910dda628,
RMVM_S_b6092373ed,Cô Liêu (BLUE REMIX),"ZIN MEDIA, Phạm Sắc Lệnh",DANCE_EDM,TIER_A,True,False,0,,False,False,0,,True,2480,442,f320200c7242df77a7f4582f2928938415175b0b91c65c97611dcc09c82c8812,
RMVM_S_ff40c53793,Đừng Vội Vàng Đổi Thay,Cao Tùng Anh,POP_BALLAD,TIER_A,True,False,0,,False,False,0,,True,2446,434,19db83c4bb86978b40e7de02184c81377991a9a69551b3d82c03b18d0b8a2045,
RMVM_S_5d024d32c7,Mời Em Về Thăm Xứ Dừa,Lâm Hoài Phong,BOLERO_TRUTINH,TIER_A,True,False,0,,False,False,0,,True,2171,386,d5585ed2a21605366ff5438117d8a99b4464cde930a0e0819e9cd1cedeee1910,
RMVM_S_c8ea8ffe41,Đau Thương Chỉ Vì Em,Huy Lê,POP_BALLAD,TIER_A,True,False,0,,False,False,0,,True,1741,286,5e31ec12bfef2e9a4f3307fab328c2be37a9bdb18f440865cf28d2f21530705b,
RMVM_S_2403836551,Ngựa Ô Thương Nhớ,Phi Nhung,INSTRUMENTAL,TIER_B,True,False,0,,False,False,0,,True,1945,318,ffe8c8895da3f53625c43a2c85161c9292b71688db0f606921b54e3c8575be4f,
RMVM_S_6a5f052619,052 (Không Phai 2),Tăng Duy Tân,POP_BALLAD,TIER_A,True,False,0,,False,False,0,,True,2645,472,7a5d44b81e1a3ba5cdd2c1baa2f0263b4c1bed2b21826542192d3448ab7039c9,
RMVM_S_e2da9df7ec,Hạnh Phúc Nào Đợi Ta,Phúc Anh,POP_BALLAD,TIER_A,True,False,0,,False,False,0,,True,2251,395,ef257ead2d0fce1f7452e71f2e6d786c95550a17db111319353ae2be608e9590,
RMVM_S_e08f01717c,Bến Đợi Chờ Ai,Hoàng Lâm,POP_BALLAD,TIER_A,True,False,0,,False,False,0,,True,1785,317,64e69fd0a5260d00cf88e0c6d561848ec12439c540d32b9ba78a2e755c5d272d,
RMVM_S_ccd41935a7,Em Về Miệt Thứ,Bảo Hân Bolero,BOLERO_TRUTINH,TIER_A,True,False,0,,False,False,0,,True,1232,227,a6156e833ed8d83c6ed170ae03ca7c9b0e779dca376ca916f6f6f9796b15f350,
RMVM_S_e5f82a7418,Còn Nghe Những Ngày Mưa,"Vu Minh Duc, Duy Long",POP_BALLAD,TIER_A,True,False,0,,False,False,0,,True,2108,363,120bd4ae8f86e665c2ddac5619c5e4d7783c50cf3402eeb276281744f9d7a325,
RMVM_S_05c3554a90,Anh Có Về Đây Với Em (Remix),Saka Trương Tuyền,POP_BALLAD,TIER_A,True,False,0,,False,False,0,,True,1599,296,64298e12426e30191d2b45d03d78f727f47e8243a808745771d334c7a96fb447,
RMVM_S_4094e790be,Quá Nhiều Vết Thương (Prod. Hải Ma),Double2T,POP_BALLAD,TIER_A,True,False,0,,False,False,0,,True,2176,394,bd7a707d50f5e74bbde01caa217d6abcfdf370d18a9c978f459d2da9fc948ace,
RMVM_S_fb43f11537,Điều Hiển Nhiên,Phạm Anh Tuấn,POP_BALLAD,TIER_A,True,False,0,,False,False,0,,True,2589,466,f34e72018cc11395a8b8560cb25232eb1aceeae38a1d6eaca16b4f2a345eb00c,
RMVM_S_9490a41a1a,Bông Hồng Gai (Beat),"VIET, XAN",POP_BALLAD,TIER_A,True,False,0,,False,False,0,,True,2268,404,f99ab943f73c7989ffc41df8053fc498283020b982ebb09cb0683a678dd1df14,
RMVM_S_61b3f53c94,Chỉ xem như một giấc mơ,Chu Bin,POP_BALLAD,TIER_A,True,False,0,,False,False,0,,True,2399,438,8c22ad7d49ab73717615b97d2e93e9a3f1397114170de8fae51af37b221ec6ba,
RMVM_S_75b0ce9c91,Không Lấy Chồng Đâu,"YuniBoo, Tracy Thảo My",POP_BALLAD,TIER_A,True,False,0,,False,False,0,,True,3268,599,479d29f54e930d787aa126d234bf971930a4c1f152d8d9fd5945deb72a821007,
RMVM_S_78ccd7896a,Đừng Như Người Dưng Lofi (# 2),Nhật Phong,POP_BALLAD,TIER_A,True,False,0,,False,False,0,,True,253,42,e918c362882240b3e38d0df1a6d1d640289a61852e5dd160e1acdcd4aa29720d,
RMVM_S_51aac4575a,Liên Khúc Chiều Sân Ga,"Hồng Phượng, Huỳnh Thật",POP_BALLAD,TIER_A,True,False,0,,False,False,0,,True,2607,444,c5299fed33606e854e660bec3f241ce9427205df62d5a52878395a525ac945f9,
RMVM_S_c6be9233fe,Một Đời Tan Vỡ,Khánh Hà,INSTRUMENTAL,TIER_B,True,False,0,,False,False,0,,True,1247,209,db048febeb920de7ad419ff5daa0658a95fb7c55aa5bfe6aa510c190e00b71ba,
RMVM_S_d612b75b22,Đường Về Hai Thôn,"Phan Hoàng Oanh, Hoàng Việt Trang",BOLERO_TRUTINH,TIER_A,True,False,0,,False,False,0,,True,2176,379,19c366c6573036c34b4ff02d078f4ed38167b07eb4e8eadb72cf29affae1d6d4,
RMVM_S_830f89be7b,Túp Lều Lý Tưởng,"Lương Gia Huy, Nhật Kim Anh",POP_BALLAD,TIER_A,True,False,0,,False,False,0,,True,2735,479,d95d7976939f69e05abd77f1db52b6e6fb48d3980ad7637b6b621c207441c2d7,
RMVM_S_d40ec08de2,Chút Tâm Sự Người Đàn Ông,"Vũ Hoàng, Thạch Thảo",BOLERO_TRUTINH,TIER_A,True,False,0,,False,False,0,,True,1749,302,c9ec5e0ea22afa8a0ad3cd43b68ef20ceb0698fd07cc00240e7b29007078eb8e,
RMVM_S_9941cb86fd,Chẳng Ai Trân Trọng Tình Yêu,Gia Quý,POP_BALLAD,TIER_A,True,False,0,,False,False,0,,True,2611,459,c9d28d6129eace4c54222336dbc21ac1115158d5de703141f2bfe123a0e4b633,
RMVM_S_eaf7a9fec2,Người Hãy Quên Em Đi (Remix),Thanh Hương,POP_BALLAD,TIER_A,True,False,0,,False,False,0,,True,1736,300,eb625f2081e6b9e59aa09f0887ba36c909f851a5cbe30f3ac60e4b94d139922c,
RMVM_S_9c192abf17,Người Em Từng Yêu (Nam Milo Remix),Ngân Ngân,DANCE_EDM,TIER_A,True,False,0,,False,False,0,,True,2778,489,525f59a758163577715ef20b634262eb71e7a3cec9f1707d2e76d58b22f19a88,
RMVM_S_83a43b8d00,Con Đường Tình Yêu,Daa Major,POP_BALLAD,TIER_A,True,False,0,,False,False,0,,True,2184,380,1559488e1087af15816a945a31a30c0b6694e70a7bc231d598a6d762422759a0,
RMVM_S_4b95c996be,Vì Anh Còn Quá Yêu Em,Ưng Đại Vệ,POP_BALLAD,TIER_A,True,False,0,,False,False,0,,True,1816,312,14ba496052ff3daf228d946b60c090e77c65afa273b5d67f11abd2640b83403b,
RMVM_S_f5a1a95882,Gửi Về Anh,"Duy Trường, Quỳnh Dung",INSTRUMENTAL,TIER_B,True,False,0,,False,False,0,,True,1385,249,07c4ef5e3c120db68de6a87e3ca727ca4ba38e6b7454af134a7e9949f547b41a,
RMVM_S_7b17551662,Bán Thanh Xuân,"Quang Hảo, LQ MEDIA",POP_BALLAD,TIER_A,True,False,0,,False,False,0,,True,2309,397,47acf925aa7f352a7b82e0adfa786228bcc012eb2ab488272ec0c9b5cd0f9bd6,
RMVM_S_0077441450,Hoài Cảm,"Bằng Kiều, Thiên Tôn, Đình Bảo",INSTRUMENTAL,TIER_B,True,False,0,,False,False,0,,True,1747,290,98e59942b9830cb0c49c450259592aa43888c676441e7124e06e0f4a160adda0,
RMVM_S_45cfc84c63,Trong Gió Có Đám Mây Làm Từ Mưa,Lee Phú Quý,POP_BALLAD,TIER_A,True,False,0,,False,False,0,,True,1780,309,bc540c34eca4990b3779a20b2e5f21e0dfbc2d9bd1d3452035e4a6464cdef70d,
RMVM_S_901042e0a5,Ai Cũng Có Một Mối Tình Buồn (Lofi),"Vicky Nhung, Ngọc Mai",POP_BALLAD,TIER_A,True,False,0,,False,False,0,,True,2597,438,c39156947e251bb37be1e0ee2c97c086259625e653608efb0692257f9e2c5ca2,
RMVM_S_2a8188cd79,"LK Khắc Khoải, Về Lại Cõi Sầu, Chơi Vơi (Live)","Diệu Hương, Don Hồ, Thanh Hà",BOLERO_TRUTINH,TIER_A,True,False,0,,False,False,0,,True,688,120,4f70698b25c7073e23031fb41bed6ece7eab87d4d919b335014e6e11972de3f3,
RMVM_S_61b1cc87f7,Biệt Khúc Tương Tư,Phùng Ngọc Huy,POP_BALLAD,TIER_A,True,False,0,,False,False,0,,True,1680,292,5f1e2b46510641ad2bd06f2b2a48d579720f346170fb9f3ffd5f9f20ef024d56,
RMVM_S_c917751947,Con Gái Miền Trung,Cáp Anh Tài,POP_BALLAD,TIER_A,True,False,0,,False,False,0,,True,2916,507,951f0bca68ba477dc436050c1f0cf5bdd2bc2a34c06a2639ab5fe421593c1bd2,
RMVM_S_6ffa23c948,Ngày Anh Khóc,Khánh Cường,POP_BALLAD,TIER_A,True,False,0,,False,False,0,,True,2550,430,7defc8a21eb9858a75bb7ebedc54ff8dce62842d5c9d94f56659728586f0230a,
RMVM_S_e5b59b8138,Người Dưng Nước Lã,Nguyễn Vĩ,POP_BALLAD,TIER_A,True,False,0,,False,False,0,,True,1661,288,1a5f14c86ca207dbaa6a2b11041381656867e2c04b02c5845155499c54b3c096,
RMVM_S_a92aba8dc5,Nhường Em Cho Người Tốt Hơn,Nguyễn Chí Tâm,POP_BALLAD,TIER_A,True,False,0,,False,False,0,,True,2006,358,014edd8a47196f0673144286337e364d6eef9a74ca44bc299613f1af32bb360c,
RMVM_S_faab630e80,Y.Ê.U (Acoustic Version),MIN,POP_BALLAD,TIER_A,True,False,0,,False,False,0,,True,1901,323,f700f870def6a55f37d414ae70232f4f0313189f96ef1097d0444849efefb3bb,
RMVM_S_2c36083637,Cô Bé Có Chiếc Răng Khểnh,Trường Kha,BOLERO_TRUTINH,TIER_A,True,False,0,,False,False,0,,True,1832,321,83b1d4f5c38636abb597e466d70a7cc6424cc1cd12421068fc0fd3e6373f71fb,
RMVM_S_0cc24bb5b1,Happy Birthday Tuổi Mới,Nhật Kim Anh,POP_BALLAD,TIER_A,True,False,0,,False,False,0,,True,1322,211,7a27a0a748762d538743e00e61e7698c2c8211f15c3f351f8a67508136ac2f69,
RMVM_S_07e67e9de4,Mashup Vì Sao Trong Lòng Tôi – Những Lời Dối Gian (Live Version),"Khải Đăng, Orange",POP_BALLAD,TIER_A,True,False,0,,False,False,0,,True,2256,406,ab8e4381b64c746fd014e81b629cb4316c7a40c8b953bd9d0cee726b20b2e048,
RMVM_S_22d9cea990,Chẳng Còn Những Ngày Ấy,"Vinz, Huy Hiếu",POP_BALLAD,TIER_A,True,False,0,,False,False,0,,True,2174,368,3945b412765f6c2eb72b50c170e89f4a07cd0d50e001c205b1706da0bd1d6f57,
RMVM_S_4b6664c1b3,Bến Bờ Cho Con,Vy Oanh,POP_BALLAD,TIER_A,True,False,0,,False,False,0,,True,935,163,e31b6ccd0c749f11b53dea80609ea52d318de396ec1f368318c0e30d0393e298,
RMVM_S_06dcbbd505,Em Muốn Ăn Gì?,"OSAD, MIN",POP_BALLAD,TIER_A,True,False,0,,False,False,0,,True,2795,523,42377528b1e6257a5f7a6b615c730a61eb3a4d4fd9636c70d3cf210696011d64,
RMVM_S_a9019b5de7,Đau Đến Nghẹn Lời,Trung Tự,POP_BALLAD,TIER_A,True,False,0,,False,False,0,,True,993,170,01c7ad306b0391585c02dc767edb615a683e466cbcd9cf38056564daa054ffb9,
RMVM_S_b9d78c071b,Liên Khúc Đám Cưới Trên Đường Quê Hương – Rước Tình Về Với Quê Hương,Đình Phước,BOLERO_TRUTINH,TIER_A,True,False,0,,False,False,0,,True,2390,428,bd5772535a0ac58834e4dae15de975834dce337cf5b8573c86f2c5087bcfb02f,
RMVM_S_660c8a67d2,Thất Tình (DJ Minh Anh Remix),Trịnh Đình Quang,DANCE_EDM,TIER_A,True,False,0,,False,False,0,,True,1706,305,93cc75fb974ef7b50a0bdd742874b09a8b20cf3b371a8bedb5bc69806f1a5a22,
RMVM_S_f48f841c66,Bất Ngờ Em Buông Tay (Vinahouse),"Châu Khải Phong, Anh Thi",DANCE_EDM,TIER_A,True,False,0,,False,False,0,,True,2345,411,91b091e21c545a2649062a434d5dcfe7f1b9f84d091b2ec158148ccb7214e3ec,
RMVM_S_4821bd8dfd,Ngày Nắng Đẹp,DANHKA,RAP_HIPHOP,TIER_A,True,False,0,,False,False,0,,True,2790,482,1626a8be7d9d9d29be844d5aac3656e597092fa9d03587c9a4eb0685e4419564,
RMVM_S_0604572bac,Gặp Em Người Yêu Cũ,Mạnh Hakyno,POP_BALLAD,TIER_A,True,False,0,,False,False,0,,True,3720,663,556c1909a446a8615fad4aca50d3a97cbdb3a4debbb1cf1d90efc9cecb29255b,
RMVM_S_0857abb679,CHUYỆN HOA SIM (LOFI VERSION),Bùi Phi Long,BOLERO_TRUTINH,TIER_A,True,False,0,,False,False,0,,True,1779,290,b0b4811569669790a5b6a0e2dcd0087dacb4e03fad6d535a9fa86bf4d9f1978d,
RMVM_S_b5cc3fcaae,Chẳng Sao Cả,"Cao Thái Sơn, Đông Thiên Đức",POP_BALLAD,TIER_A,True,False,0,,False,False,0,,True,2734,482,fbf3dbe9ceea83d46e6bf84e0abb1a7b449ccfb91b0d835ca4803ef6c0908517,
RMVM_S_d59bfa2c6c,ĐÊM GÀNH HÀO NGHE ĐIỆU HOÀI LANG (LOFI VERSION,"Bùi Phi Long, Trần Duy Đào",BOLERO_TRUTINH,TIER_A,True,False,0,,False,False,0,,True,1494,250,a71c76c46fc26eb8bd56155fe020969cd9f2dc3b1f5abb79858a456fc231f33e,
RMVM_S_f5d24495ee,Đám Cưới Quê Tôi,Lý Kiến Hào,BOLERO_TRUTINH,TIER_A,True,False,0,,False,False,0,,True,1555,274,cfe2dbd91397b22ecd66b340a89e92aa27c2973eeecb43cb24cf272c360525b2,
RMVM_S_5117bc57c1,Liên Khúc Bốn Mùa,OPlus,POP_BALLAD,TIER_A,True,False,0,,False,False,0,,True,2104,362,9e71566fc659f37e9e2cb1a71a6bc884856d3ec405c23c6bd3f5f460af2d9a90,
RMVM_S_9ad6222090,Hãy Xem Là Giấc Mơ 2,Chu Bin,POP_BALLAD,TIER_A,True,False,0,,False,False,0,,True,2402,438,0ba0d0a21944a6a3b1cce2b12b4565b5e92b945fd456547c72b237924eff9bbc,
RMVM_S_82f3db9305,Còn Lại Nhớ Thương,Tú Quyên,INSTRUMENTAL,TIER_B,True,False,0,,False,False,0,,True,1074,203,01bddb9f936242d4d604e8873dd6b54911d153458d631274a1aa289764a75bfe,
RMVM_S_dcd48d068c,Nhưng Anh Vẫn Yêu Em (Remix),Phạm Đình Thái Ngân,POP_BALLAD,TIER_A,True,False,0,,False,False,0,,True,1843,335,0dbc175e46a48bf608293828ece8781a4ed5cd1275a7f2a4b6d8eb5977f2b752,
RMVM_S_86f62f3823,Em Đã Thương Người Ta Hơn Anh,Noo Phước Thịnh,POP_BALLAD,TIER_A,True,False,0,,False,False,0,,True,2425,415,c135fed5d46b9d0f2d7dd3c56d988c9110536af510a1fc5c10bc64b8bcf49439,
RMVM_S_2d8ccd9678,Cô Gái Mù,Bức Tường,ROCK,TIER_B,True,False,0,,False,False,0,,True,1942,325,70419620205d3e045b9a163e5668605a400362a2f7e3a5b3ad0bfcecf50b2456,
RMVM_S_5413b6bda8,Em Đang Ở Đâu Đấy (Cover),Thái Quỳnh,POP_BALLAD,TIER_A,True,False,0,,False,False,0,,True,1483,267,e2ed80e2dbc5a80eabe8895c8003388b60275a7c8b07e51b093f03595212bab4,
RMVM_S_ce6b2daf74,Mong Một Ngày Anh Nhớ Đến Em (Disco),"BeeBoss, Châu Ngọc Lan",POP_BALLAD,TIER_A,True,False,0,,False,False,0,,True,1466,266,d2393f7a1862462057a003d6258ef6eb3fc6869225ca8c46722433686cb47b41,
RMVM_S_b77d98d75a,Bỗng Dưng Yêu Em (Vinahouse),Chu Duyên,DANCE_EDM,TIER_A,True,False,0,,False,False,0,,True,1262,229,24ea0fe4ef3389681ff0878b862e6371070a9245df115f3b2105034144c9dd3c,
RMVM_S_aecb230f52,Anh Vẫn Hy Vọng (Cương Thi Biến OST),Andiez,POP_BALLAD,TIER_A,True,False,0,,False,False,0,,True,1385,253,fba1f33608189562c6338413d298c6771685f27293f3b7182283e243375f0b0c,
RMVM_S_45c7b4688c,Bến Không Đò,Nana Liu,POP_BALLAD,TIER_A,True,False,0,,False,False,0,,True,1952,354,acc8f30b42b543faae3dcda0528c0a871d8046f3342c6db618f80ca8e17487c5,
RMVM_S_f788043e1d,Cô Gái Pako Con Gái Bác Hồ,Dương Hồng Loan,BOLERO_TRUTINH,TIER_A,True,False,0,,False,False,0,,True,1895,329,8b5e8ad09a43aa6db9e2b4fbd0e824e69932661b4120b54249eb173b6a3f1bd7,
RMVM_S_7a3289a6ce,MỘNG YU,"AMEE, MCK",POP_BALLAD,TIER_A,True,False,0,,False,False,0,,True,2646,433,626e7aa8263274859e3a7a3ad6df805d1bdf5d437bc7728a699f027976710135,
RMVM_S_bc62d33448,Biết Yêu Thật Nhiều,"Sean, Lemese",POP_BALLAD,TIER_A,True,False,0,,False,False,0,,True,2280,392,c9ffd869e3ac045f95d6ba1c8feed5d4d0a223558404a121043a4643aca1f74e,
RMVM_S_b230f601ce,Và Ngày Nào Đó,Đỗ Thị Quỳnh Trân,POP_BALLAD,TIER_A,True,False,0,,False,False,0,,True,1922,343,119f51a63ed6290fb6943dbc3407e7a363ecee09ddb11c80f2cd306307ad6fd0,2023.0
RMVM_S_d5ebf8681b,Sao Em Nỡ Lừa Dối Anh,Tâm Đức Tài,POP_BALLAD,TIER_A,True,False,0,,False,False,0,,True,1774,320,9cfa2b2191c55d0771a97636b9ed92f56ff63d1259da5285a67f82d6b84ac926,
RMVM_S_00f8350052,Em Hạnh Phúc Không,Khánh Đơn,POP_BALLAD,TIER_A,True,False,0,,False,False,0,,True,2255,415,0e911245fd20c85849ffb9c9f0c7c7c9559696f8b7b1192eeac73d965c656e66,
RMVM_S_19a7be7e2b,Điệu Ru Nước Mắt (Live),Carol Kim,BOLERO_TRUTINH,TIER_A,True,False,0,,False,False,0,,True,1508,254,464585d93b54cb831f7b6bdfb484c273d98216989b3ac9eea72a875515cb4a39,
RMVM_S_90e46095f7,Em Của Kỷ Niệm,Diệp Thanh Phong,POP_BALLAD,TIER_A,True,False,0,,False,False,0,,True,2066,352,f8954cf1566168f61eb9572286bf73327708ee0fe6a3e786865393fbe2fc1e0f,
RMVM_S_b075f7463c,Cơn Mê Tình Ái,Bảo Hân Bolero,BOLERO_TRUTINH,TIER_A,True,False,0,,False,False,0,,True,1663,296,0e92b2a1d74375d845e862cc0fa3031cab1dd9c6be9d4f49cf01eea4383cfa3b,
RMVM_S_f8f7bea8fe,Cho Nhau Một Lời Hứa (Remix),"Luny Vũ Duy Anh, Luny, Quang Hùng MasterD",POP_BALLAD,TIER_A,True,False,0,,False,False,0,,True,2236,396,ce9a84eb035ffbf69dafbcd052b61d55dda3325c54b6ce6ff36a66dbe0aa2760,
RMVM_S_d20f9b58e5,Hỡi Tình Nào Hay,Thành Anh Tú T.A.T,POP_BALLAD,TIER_A,True,False,0,,False,False,0,,True,2017,367,a956f52ac89ceec5acd19b6663dbf53f5f6b7a0bdd85ddbcb43be82b88dbabd9,
RMVM_S_a9929adac5,Huyết Nguyệt,"CM1X, Alice, Roki",POP_BALLAD,TIER_A,True,False,0,,False,False,0,,True,3261,564,9139a330a4607511e426e088d6c403568c1186eccbba54be0f2940f5c213ab0c,
RMVM_S_fb1d032aef,Bắc Ninh - Kinh Bắc (Chương Trình Nghệ Thuật Chào Mừng Thành Phố Từ Sơn),Trọng Tấn,POP_BALLAD,TIER_A,True,False,0,,False,False,0,,True,1575,268,9c8436192a04f09a53767b91d261adc5c25fec09be90caa4f998c9781e034daf,
RMVM_S_e2a87114e9,Miền Trung Thương Nhớ,Vân Khánh,BOLERO_TRUTINH,TIER_A,True,False,0,,False,False,0,,True,1576,255,c09205e6ca8437f0d39377db2cce161adffb89cd692fb95561aea4f369c13971,
RMVM_S_aae5487138,Tình Vô Vọng,Việt Nhân,BOLERO_TRUTINH,TIER_A,True,False,0,,False,False,0,,True,1807,299,3275cae579c49ee96477236735ae292f09e7f1605821d8f7c4cef9c67c9b9066,
RMVM_S_a53041ed1d,Liên Khúc: Thương Nhau Ngày Mưa - Tình Khúc Chiều Mưa,Đình Phước,BOLERO_TRUTINH,TIER_A,True,False,0,,False,False,0,,True,1405,236,541d36ae9aba1d4fcc55cd3d972a0437847bbdeda44bda59191f7a71c47b31f8,
RMVM_S_a614d14fce,Ai Thật Lòng Thương Anh,Linh Rin,POP_BALLAD,TIER_A,True,False,0,,False,False,0,,True,2610,459,b1111aa38ed5caad75dc0644bfdadc1f7a8301afb715399f51369f54968b7e6b,
RMVM_S_14c98cba0f,Chờ Mong 2,Đức Hati,POP_BALLAD,TIER_A,True,False,0,,False,False,0,,True,2028,375,1a03e0ca179734dc226c5904506406866edff638e2fefd4c4dcfd47cf34a61a9,
RMVM_S_76dcfc947f,Khi Chuyển Đông,Vinh Trần Bảo Lê,POP_BALLAD,TIER_A,True,False,0,,False,False,0,,True,1574,266,d411c1d72a8eed911e4ddbc121ce5cea7a0b6d2b1d44999fe9adf05d810f74c2,
RMVM_S_aa847bf73a,Anh Ba Ngố Miền Tây,"Đan Trường, Tin Tin",FOLK_TRADITIONAL,TIER_A,True,False,0,,False,False,0,,True,3173,579,f268fd5ce430c83fe85cbdcae3e2517c862f0da40e02e3b00016756dc214bb24,
RMVM_S_5b800ca74d,Anh Vẫn Không (Remix) (Thời Không Sai Lệch),Vĩnh Thuyên Kim,POP_BALLAD,TIER_A,True,False,0,,False,False,0,,True,1633,286,4ec5b7bd63676f2adb32f7b8405d5949184a52633ae1971b2e29a6e4fff889f5,
RMVM_S_395b704646,Cao Bằng Thân Yêu,Minh Đức,BOLERO_TRUTINH,TIER_A,True,False,0,,False,False,0,,True,1793,308,743179be28d9fecdfa8d0dcc6b0f2cac8cc144ffc0506b5d6044b935a51e26cb,
RMVM_S_e6e68c25a5,Bến Xưa Vẫn Chờ,Minh Luân,FOLK_TRADITIONAL,TIER_A,True,False,0,,False,False,0,,True,1808,308,25bd42bd5e93a7544422cc209be2d9e75da040868b03c805bb11789763eefd51,
RMVM_S_6550c0980e,Liên Khúc Tình Yêu 2,"Thanh Ngân, Nguyên Vũ, Trương Nguyên",BOLERO_TRUTINH,TIER_A,True,False,0,,False,False,0,,True,4530,751,0606929079c4da2e416c4b87a348fe2feb4b59b172a80194f59e697a6e505476,
RMVM_S_3d2a7548eb,Yêu Là Đau Mà Đau Để Được Yêu,Sarah Lê,POP_BALLAD,TIER_A,True,False,0,,False,False,0,,True,1706,307,661ce3b4b188e3b51c49197ff54176faa1add82599870516375e63a6ecbd4821,
RMVM_S_4f84a91c53,Ăn Năn Muộn Màng,Lâm Vũ,POP_BALLAD,TIER_A,True,False,0,,False,False,0,,True,1930,351,fad82c46e1e696401d95e34913f08a75d35c6c886dab82b27afc0334446571c6,
RMVM_S_6b90ba16ff,Phận Đời Ca Sĩ,Vũ Hoàng,BOLERO_TRUTINH,TIER_A,True,False,0,,False,False,0,,True,1971,328,0fdacf72f02119d3dcd75fc76faf29116f85ff1359c5256df9119b5085f07060,
RMVM_S_891d962f5d,Đợi Bao Lâu Không Đáng Sợ,Trang Thiên,POP_BALLAD,TIER_A,True,False,0,,False,False,0,,True,2572,455,44337b06b07d2831ab44bf884d3ed957c1d4ab2cfb0067f6d681e40335c543e2,
RMVM_S_e9e8d82029,Dạ Cổ Hoài Lang (Live),Hương Thủy,FOLK_TRADITIONAL,TIER_A,True,False,0,,False,False,0,,True,663,116,18cc8c231fed825f5fb7c2d071ae7d7c6e50feb2617d7dd85df2ef43a48d150f,
RMVM_S_bfb8d700b1,Anh Làm Tất Cả Vì,"Nguyên, $eth",POP_BALLAD,TIER_A,True,False,0,,False,False,0,,True,2736,480,f4435e34ccc9a5850b6da8c8e4c876bc57c95a56d5f5c4c3e3afb1dd73e9b3f1,
RMVM_S_52e66af886,Đừng Hỏi Vì Sao Tôi Nhớ Người Remake ̣(Tình Yêu Còn Xa 2),Phương Phương Thảo,POP_BALLAD,TIER_A,True,False,0,,False,False,0,,True,1719,295,32dc4f9b1d3d87b018d1c1f74f9f98092c1a65dc80e2e37c80256775000c22d0,
RMVM_S_3f16d162da,Góc Quê Hương,Quốc Đại,BOLERO_TRUTINH,TIER_A,True,False,0,,False,False,0,,True,1522,266,c801a83075293a09aa4271d28bbaa99757ef7b0d2ece2a3d930cdf1a349e5d59,
RMVM_S_e3215120c8,Kết Thúc Một Cuộc Tình (Phi Nguyễn Remix),Cao Nam Thành,POP_BALLAD,TIER_A,True,False,0,,False,False,0,,True,1965,337,0e752c40c81a49c673ca262c4e76bbba6d86435fdee752081cab107b204f44b4,2018.0
RMVM_S_ca215d04db,Đối Diện Ngày Mất Em,Đào Duy Quý,POP_BALLAD,TIER_A,True,False,0,,False,False,0,,True,2637,475,0e89eb51267ae74052fb612fd8bf0f61d380f81fc0b9790f0f7818694bfbf700,
RMVM_S_9cb1ed089d,Bí Mật Của Anh,Khánh My,POP_BALLAD,TIER_A,True,False,0,,False,False,0,,True,2563,447,e8ea6ed81d7f16d5e256d021efd6fe6d9575ca6de946ca32c0c1692020feff96,
RMVM_S_63eaf4f0ab,Gửi Em Mối Tình Đầu,GiGun,POP_BALLAD,TIER_A,True,False,0,,False,False,0,,True,1920,360,777b7055de992efad1e1c005b6d9b1d223ef2dd5313b615f768b7e59cdced297,
RMVM_S_2ac3e6754e,Định Mệnh,Đoàn Việt Phương,BOLERO_TRUTINH,TIER_A,True,False,0,,False,False,0,,True,1553,259,2d5ec335a7bf2cdfbc5967e882e12c2a74df5bdbf9465fe229d066759c1d2636,
RMVM_S_5fa339b6e1,Chỉ Hai Đứa Mình Thôi,Bảo Hân Bolero,BOLERO_TRUTINH,TIER_A,True,False,0,,False,False,0,,True,1488,254,ee7039560f76750535c40c29b7f030d4d27aedeeaf0c3774a7791be9c2e7e2e8,
RMVM_S_7fc3b89689,Cho Em X Đôi Mắt,Thiên Minh,POP_BALLAD,TIER_A,True,False,0,,False,False,0,,True,1174,207,1679aa39f75b9f90e785c07439a12e1f8a3fc824c86cff651d9e29c1d3ff63f9,2024.0
RMVM_S_ce056e841e,Nguyện Ước Mùa Xuân (Acapella),"MTV band, Lân Nhã",POP_BALLAD,TIER_A,True,False,0,,False,False,0,,True,843,149,63e45e02956fbfc6e445901d82264a9994e8429e8c956c1cbdfa236dd0017ff2,
RMVM_S_6a2e381bfb,Đừng Yêu Ai Quá Nhiều,"LEO, ZuongZeroEnt",POP_BALLAD,TIER_A,True,False,0,,False,False,0,,True,2756,480,2fa2e954aae4ceee020a03b37bd7754ee1fd78ab6b90286aae8bb07e4f2901eb,
RMVM_S_2c4dbeec3b,Anh Mãi Yêu Em,Bằng Kiều,POP_BALLAD,TIER_A,True,False,0,,False,False,0,,True,1415,253,3d3bef360cec0935b0e44422c59bf4eba0a13f963c5a85b1df5d5b454d8fb431,
RMVM_S_e350ec4b45,Có Chàng Trai Viết Lên Cây (Mắt Biếc OST),Nhiều nghệ sĩ,POP_BALLAD,TIER_A,True,False,0,,False,False,0,,True,2554,443,2993459692382fcc5ed732a4531f54fb03dd67a3e6eb2474822a041d76d3208c,
RMVM_S_ec60edf967,Chú Bộ Đội Trường Sa,Bé Trang Thư,CHILDREN,TIER_B,True,False,0,,False,False,0,,True,1590,262,e8afc557b41caf9423d7ca1bb4fd820e72dd23b1da45027d83c8a242e4b08a55,
RMVM_S_9d6ba5dba7,"Hè, Chợt Về Chí Linh? (Beat)","Trần Minh Tiến, Cao Tuấn Anh",POP_BALLAD,TIER_A,True,False,0,,False,False,0,,True,1468,247,c983d4975f9bba8cb694adba02fb098c3ed04bf45b0b25d2337a91553e2a9f2e,
RMVM_S_7d1f578fdb,Con Mến,"Sino, Wikey",POP_BALLAD,TIER_A,True,False,0,,False,False,0,,True,3479,610,67b7569e4f30aa85d21c7029590a299e88f4e9c064e9b91681a4ca8d626fbd98,
RMVM_S_6a006c4f4f,Anh Say Rồi,Bùi Vĩnh Phúc,POP_BALLAD,TIER_A,True,False,0,,False,False,0,,True,2097,393,7b5b32a97b5386ac873ee5f5bc20fd81b5544d9fe1ffdaedf71d773bf387458c,
RMVM_S_98a5b220ab,Con Đò Lỡ Hẹn,Bảo Hân Bolero,BOLERO_TRUTINH,TIER_A,True,False,0,,False,False,0,,True,2258,394,660ce31ff576305303b755a0910f7606661337d8f838e781ef036f1fbbdef283,
RMVM_S_c2e62ba3d8,Khi Cơn Mưa Nhẹ Rơi,"Minh Huy, Pjnboys",RB_SOUL,TIER_A,True,False,0,,False,False,0,,True,2830,535,73f973c5363e1f589613917b29a03abacf1144dde8ebe3d64cae6fea9a7c97ab,
RMVM_S_5d45579040,Mùa Hè Không Độ,"NICKY, Han Sara",POP_BALLAD,TIER_A,True,False,0,,False,False,0,,True,1370,259,5785322cf662be2977bd8034b5571502ca2dc10b201c92709ea2c5628185d740,
RMVM_S_bfc5e335c6,Con Đường Xưa Em Đi (Disco),"Anh Thư, CT",BOLERO_TRUTINH,TIER_A,True,False,0,,False,False,0,,True,1475,255,a97fd385578434410f53a46411479c00f155aa1e11cf20aeb1d2ad8933ec7b56,
RMVM_S_d37e543f3f,Ngỡ (Ballad),Ngân Ngân,POP_BALLAD,TIER_A,True,False,0,,False,False,0,,True,1142,216,5132211ca46f40530f24905a2619368a9376778e4657a1b28cc9c30492d0fc08,
RMVM_S_317ee457d9,Đó Là Chuyện Của Anh,Trịnh Đình Quang,POP_BALLAD,TIER_A,True,False,0,,False,False,0,,True,2367,419,ec57da66a2a24b7bda98ca69d5d25b1a090ac19155ff9dcc2200c996fe971b01,
RMVM_S_43a3b06a17,Mình Anh Thôi,Kuun Đức Nam,POP_BALLAD,TIER_A,True,False,0,,False,False,0,,True,2440,444,4fdde5506bae723543c9dfadff8ed5fadc4bb0cbce9f29c7fcf5483ae8fc5e8b,
RMVM_S_ab4cd88a80,Muốn Có Em,Trương Gia Thịnh,POP_BALLAD,TIER_A,True,False,0,,False,False,0,,True,3129,572,8ba11d159082bfca7ae45b06e14d9ecdbc3fc46526999dd0567d03624731db85,
RMVM_S_1e1250c0d3,Chẳng Thể Giữ Lại,Chung Thanh Duy,POP_BALLAD,TIER_A,True,False,0,,False,False,0,,True,2899,508,73ca6267e8778f41f0731bfa4c595a32c22a8f375ce8d08c844ce05ba872a069,
RMVM_S_e75648204b,Rời Xa Để Trưởng Thành,Duy Zuno,POP_BALLAD,TIER_A,True,False,0,,False,False,0,,True,2317,406,b1b4525cbd269a4aed7100148c9004d9a520d4a304e0aff5de109e3fd2babcd0,
RMVM_S_db0b50fe64,Cái Gì Của Mình Sẽ Là Của Mình,Bùi Vĩnh Phúc,POP_BALLAD,TIER_A,True,False,0,,False,False,0,,True,2058,371,b2fdad5f1f3df1215528b537c65c884e85466a93b9905c8931bc6dd3b91b4d88,
RMVM_S_f0286ee514,Cách Xa Nhau Rồi,"YuniBoo, Út Nhị Mino, BD Media",POP_BALLAD,TIER_A,True,False,0,,False,False,0,,True,2659,464,11d32f8c1ce9599de852ab2ba520c2700eadc2f095f2c63a2e58154dae895764,
RMVM_S_7eb8d6c378,Chiều Mưa Vĩ Dạ,Vân Khánh,FOLK_TRADITIONAL,TIER_A,True,False,0,,False,False,0,,True,1600,279,2962caabeb221254755fac19a109a90220920208deed875cd97af2daa6902d85,
RMVM_S_9e1fd52f0c,Giấc Mơ Một Cuộc Tình,Dương 565,POP_BALLAD,TIER_A,True,False,0,,False,False,0,,True,2147,373,1eaee0eba895cd021a673465f471d6a0e41f3817d71dc3e14237bf77fcfc884c,
RMVM_S_6ec13d1dec,Anh Không Theo Đuổi Em Nữa,Thanh Duy,POP_BALLAD,TIER_A,True,False,0,,False,False,0,,True,2045,358,9795d0eead47b1058069cb07ec65471653c440b1f402ef634027268b1c1e069b,
RMVM_S_d2ced015d5,Có Những Niềm Riêng,Quang Dũng,BOLERO_TRUTINH,TIER_A,True,False,0,,False,False,0,,True,1660,278,2903528100e3465ecdcdbb453f4ae6ed3bc0722257e6825b92af3d57d1d39300,
RMVM_S_2cb0923149,Nghe Như Tình Yêu,HIEUTHUHAI,POP_BALLAD,TIER_A,True,False,0,,False,False,0,,True,2417,448,6ff378c7899a46d67b6a233e125e09e353973fe43099b33b77b32ffa5abfe1fa,
RMVM_S_000705de34,Cho Anh Một Điều Ước,"Hoàng Tôn, LK",POP_BALLAD,TIER_A,True,False,0,,False,False,0,,True,4132,714,0334e48c5ee377a160219e06fc7141e28ffa7685cf6d215f754ac4369b648ef6,
RMVM_S_04eabd6276,Ra Ngõ Mà Yêu,Trần Thu Hà,INSTRUMENTAL,TIER_B,True,False,0,,False,False,0,,True,1149,208,67e4dff3c8530ccdaf30061bad32a62b43da03b1b367af615e7cf4290bace489,
RMVM_S_71e9c74cd6,Bay Lên Đáp Xuống,"Billy100, Hành Or",POP_BALLAD,TIER_A,True,False,0,,False,False,0,,True,2521,442,0634059298a6f8d2afc543fba6ed1f9f8a7852a06ae180a024ae58d17ce20e02,
RMVM_S_3fe73298f9,Dằm Trong Tim,Bạch Công Khanh,POP_BALLAD,TIER_A,True,False,0,,False,False,0,,True,2288,406,01ef414dbdfee62c09618853bdeeae43058d9571581f81e2c3ee39036483be00,
RMVM_S_0be9a98935,Gởi Huế,"Hương Lan, Hoài Nam",INSTRUMENTAL,TIER_B,True,False,0,,False,False,0,,True,1493,249,b890a6d04ecfc824eeae84eb1b849de5893a15202500558fe36def532707465f,
RMVM_S_5860e12bfd,Bình Yên (Disco Remix),Minz,POP_BALLAD,TIER_A,True,False,0,,False,False,0,,True,1510,264,154ba1c22dcef7cfbe9f93c804279da1bbab71c64453b21c2ae05ab67a2f9df1,
RMVM_S_ba8709d58e,Đừng Về Bên Anh (WRC Remix),Thiên Tú,POP_BALLAD,TIER_A,True,False,0,,False,False,0,,True,1834,317,105824d77cfed597eb0a2a1404f4d5159f49e62e0d631adfb14d2f516028657b,
RMVM_S_cb99a6ab07,Cũng Vì Chữ Tiền,Lâm Hoài Phong,BOLERO_TRUTINH,TIER_A,True,False,0,,False,False,0,,True,2005,343,2aa06ee43d08502806968b20d7da2a1b59985c98fd20370ffed76504326e4cec,
RMVM_S_5371bccc93,Cho Anh Gần Em Thêm Chút Nữa,Bạch Công Khanh,POP_BALLAD,TIER_A,True,False,0,,False,False,0,,True,2179,389,e915ddf6d24ee43855d788ee0c294d408b49976e6e23a341592665d4d8c9637c,
RMVM_S_1c159a50b2,Bình Minh Yêu Thương,MPS,POP_BALLAD,TIER_A,True,False,0,,False,False,0,,True,1337,245,fdecf0f68ec5d5e2a99b80a5be3f478e461cb45bf7da36e7b1f9396b7528a8fd,
RMVM_S_f7d2a624a9,Chuyến Đi Dài,Xanh 8+1,ROCK,TIER_A,True,False,0,,False,False,0,,True,850,141,b51d739b4c80fe15835a4e493c7cd9cc603a233203f19b6a96aec71eecf0fa8d,
RMVM_S_ba5d12712c,Anh Sẽ Chống Lại Cả Thế Giới,Phan Ngọc Luân,POP_BALLAD,TIER_A,True,False,0,,False,False,0,,True,2362,410,3917004092086692a9a4d3a25c771a5e66b3951d337e76d0b7f64222c7f0398b,
RMVM_S_14586913b8,Một Lần Đớn Đau Vạn Lần Khắc Sâu,Ti KT,POP_BALLAD,TIER_A,True,False,0,,False,False,0,,True,1899,338,cb3ae3457db2820173f6e11dc5a2089a6b7ad4a8d1650f3ab1fc67bbc4cd24ce,
RMVM_S_4fa919efac,Ảo Mộng (Remix),Nhất Vũ,POP_BALLAD,TIER_A,True,False,0,,False,False,0,,True,1776,328,6239726e9ff69801ad0247404706d7ca5236a2c532e8f0715d34bf611757f7ed,
RMVM_S_eb72504c0c,Đã Có Những Tháng Ngày,Lâm Sung,POP_BALLAD,TIER_A,True,False,0,,False,False,0,,True,2181,383,6872a97726d2eca1c0a65e3b40bad8a2be5d1848c536197995578991780125cb,
RMVM_S_5640f62337,Dòng Thư Không Hồi Âm,Trung Nghĩa,BOLERO_TRUTINH,TIER_A,True,False,0,,False,False,0,,True,1994,334,913067cdc4ac3793e7b4e7dbe8d4e32bd5bf5e5a251298a068639b7b5e65d663,
RMVM_S_42b196ffee,Vì Ngày Hôm Đó,"TAM, TooV, Bảo Jen",POP_BALLAD,TIER_A,True,False,0,,False,False,0,,True,2300,409,c7807b20705b7a56284d11bff640ac55a4075957cecd6b88fd550d6799662ede,
RMVM_S_b13a34b3e5,Em Không Hiểu (Lofi Mix),Chilly,POP_BALLAD,TIER_A,True,False,0,,False,False,0,,True,2175,390,40ccc2663be4bc539bbc9a1483d9927ae95565414dff5df27d850a267c5a1710,
RMVM_S_6d84b09c83,Người Yêu Tương Lai Anh Ở Đâu (Beat),La Thanh Vy,POP_BALLAD,TIER_A,True,False,0,,False,False,0,,True,2294,406,33a0c642f0b9f63e76468da704d8dbd611e1aacbcf9e3f3b6f9894eddc1e690d,
RMVM_S_20929cbadd,3 Giây Nhớ 1 Đời Thương (Cover),Oanh Tạ,POP_BALLAD,TIER_A,True,False,0,,False,False,0,,True,1726,324,6cde99eec51eab685183a9f635bf24b619ad739884c466158d619a25bcb0f716,
RMVM_S_c1cbd49398,Anh Nhận Yêu Em,"Tripple H, VRT",POP_BALLAD,TIER_A,True,False,0,,False,False,0,,True,2906,515,814d1908795d64883d3d70229907102f08365673bc3d1b1ddea628d75efbbb48,
RMVM_S_fe92dfeba9,Ai Ngờ Ta Còn Thương,"Karik, Thái Trinh",RAP_HIPHOP,TIER_A,True,False,0,,False,False,0,,True,3350,604,f3d890edd8d7aa612b6396443fe3d15388f94994878aac64948f7422edce8a16,
RMVM_S_8c9d73e0a0,Cố Nhân 2,Nhiều nghệ sĩ,POP_BALLAD,TIER_A,True,False,0,,False,False,0,,True,2032,342,b6e68d6d896f4d3bd2fa57d63c284d0fb01ee164ff99d4d9e2dd07df1f937c1e,
RMVM_S_a7e993619f,Tâm Sự Người Đơn Phương,"A.C Xuân Tài, Nguyenn",POP_BALLAD,TIER_A,True,False,0,,False,False,0,,True,2269,395,5c5c5787c37b30bc725b65ff3297514ae89490659d8dc2ac77af6c314ba577ea,
RMVM_S_37ac9cc833,Buồn Nào Đẹp Như Thế - “Chuyện Của Anh”,Haro,POP_BALLAD,TIER_A,True,False,0,,False,False,0,,True,1102,196,c567b6c0ee5cc77887d4c29a3b278810eea1dd196960779571420d4f1e3a4fe9,
RMVM_S_64312eda34,Hôm Nay Là Ngày Hạnh Phúc,Tín Nhiệm,POP_BALLAD,TIER_A,True,False,0,,False,False,0,,True,1231,213,63d3f51e382251f89d2ca977878df86355298cb8a8ed454834e397e46a99ec90,
RMVM_S_4f23b795bd,Yêu Em 2 Ngày,Dương Domic,POP_BALLAD,TIER_A,True,False,0,,False,False,0,,True,2220,406,d6780acbd27008e00c359f40ba45ff40f5f10b5906d6d441206a6754a812bc55,
RMVM_S_0ad2ce6309,Chờ Kẻ Phụ Tình,Lâm Hoài Phong,BOLERO_TRUTINH,TIER_A,True,False,0,,False,False,0,,True,2328,408,5b0e07e03a1e8379efae55da0352660486057c2532d6272ce89fae942acbfe75,
RMVM_S_5fae6faaa6,Ai Đến Thăm Em Đêm 30 (Xuân Phát Tài 10),"Đàm Vĩnh Hưng, Thanh Hà",BOLERO_TRUTINH,TIER_A,True,False,0,,False,False,0,,True,1256,221,b769785697a01dc412f4837b4712ab4ba47e78ec5ca60ed512d1b0eb58b51d82,
RMVM_S_1313fe0016,Có Đâu Xa Gần (Beat),Ái Phương,POP_BALLAD,TIER_A,True,False,0,,False,False,0,,True,1344,236,ce1678462535d893c22aeb0fadbbfed6e543b14b9c38ed796a2c4f81436a208a,
RMVM_S_a15a92d079,"Đêm Nay, Anh Muốn Đưa Em Về",Hồ Việt Trung,POP_BALLAD,TIER_A,True,False,0,,False,False,0,,True,1361,259,859f86f6a5e6f9d01bc99565efd34d759ea146873c1e1d0e1451fb00bd010de9,
RMVM_S_f9d7cffec7,Con Đường Tình Ta Đi & Trả Lại Em Yêu,"Ái Vân, Duy Quang",INSTRUMENTAL,TIER_B,True,False,0,,False,False,0,,True,2269,356,718d4bc1c5cdf376e2a40647184e79f4b8df258142662383de123b80ab57d1af,
RMVM_S_374b6cc04d,Mỹ Nhân (Cover),"Khánh Phương, Vĩnh Thuyên Kim",POP_BALLAD,TIER_A,True,False,0,,False,False,0,,True,2205,385,f6553e0ef0d9b8bc8ed5b0f731bfc5ea6a0df5ae7f085783b8e9570e22d04d48,
RMVM_S_c8a7db63be,Ca Phê Đắng Trở Lại (Cover),Hứa Văn Cường,BOLERO_TRUTINH,TIER_A,True,False,0,,False,False,0,,True,995,172,5ceaa90f0e3d4474d13f2969146614e9bd6cf53973eb4575483164ed4c27b871,
RMVM_S_64474053fc,Lời Xin Lỗi Vụng Về,Quân A.P,POP_BALLAD,TIER_A,True,False,0,,False,False,0,,True,1985,366,70a5211b9460a2b2a7a728357869387d4ca254ced3c5f0114027088fcd5806a5,
RMVM_S_9aa04aada7,Đi Để Trở Về (Beat),SOOBIN,POP_BALLAD,TIER_A,True,False,0,,False,False,0,,True,2760,462,93ecc4c63c70f29ae2ef3f5d292ff5d2be64fe0d9ef559ca7fc7e56febe05b05,
RMVM_S_c9aff2a8b8,Hà Nội Nơi Tìm Về,Minh Thu,POP_BALLAD,TIER_A,True,False,0,,False,False,0,,True,2069,355,bc8de8383dc974feeb4d4c32c91a73d6906b47e6538a3282d2d705341e524722,
RMVM_S_4d25efff09,Liên Khúc Mùa Xuân Sang Có Hoa Anh Đào,Đình Phước,BOLERO_TRUTINH,TIER_A,True,False,0,,False,False,0,,True,2099,350,d1f8298b47781dcb2764897a8a0861877e377a7aa822d660b5f27d49913bcf59,
RMVM_S_f0591acff1,Anh Cũng Biết Đau Biết Buồn,Trịnh Thiên Ân,POP_BALLAD,TIER_A,True,False,0,,False,False,0,,True,2094,381,b5cf2c7f0ebcacf81157795f406efd031cbbecaade4f0e2b51b7295228cff618,
RMVM_S_f26f23780b,Mưa Sài Gòn Còn Buồn Không Em,Hoàng Hoa,BOLERO_TRUTINH,TIER_A,True,False,0,,False,False,0,,True,1388,241,739acbb2a699b0a0ce1e58edcebb2bdfe29a8744c804634295e2f290139f4b2b,
RMVM_S_b8a37ac8fd,Anh Để Đây Và Không Nói Gì,"Trương Ngôn, Nguyễn Khánh Sang",POP_BALLAD,TIER_A,True,False,0,,False,False,0,,True,2402,432,45644d38be7dbb03042c9a1496e120c87749ac5d97a1ced7a4edf09e55d6c4bb,
RMVM_S_08dd325459,kho báu đánh rơi (ft. GREY D),"tlinh, GREY D",POP_BALLAD,TIER_A,True,False,0,,False,False,0,,True,2287,387,1a3a8572fa43ad9d90d6131205ec372a012faa2c9084c01d968f1efcaeca1f6e,
RMVM_S_0ee5fafcb8,Ai Đã Cướp Nụ Hôn Của Anh,Cao Thái Sơn,POP_BALLAD,TIER_A,True,False,0,,False,False,0,,True,2119,381,4e832c5d2dca8d553aaccb7c253569788e160e854cd2e416544957f19bc4025e,
RMVM_S_7b3981465c,Cướp Vợ - Tục Lệ Người H'mông,Ngũ Cung,ROCK,TIER_B,True,False,0,,False,False,0,,True,1118,188,10592a15d00efbdc2ddde2d5d71f2549966e4f5e549b25720a8716cd9f50fb72,
RMVM_S_b99cb703b8,123 Em Yêu Anh,Trương Linh Đan,POP_BALLAD,TIER_A,True,False,0,,False,False,0,,True,1471,279,0869c2000a8cf8b5fd26d9161506c52bba577989a84b9c21d20d162d02b8caac,
RMVM_S_e18b076067,Điều Buồn Nhất Bây Giờ,Cao Nam Thành,POP_BALLAD,TIER_A,True,False,0,,False,False,0,,True,2293,403,f9d4842f24ea2b21d6fc838ec9db3c554c60081ae6c4ff5340749345f7f93993,
RMVM_S_61f4473b15,Ba Trăm Ba Mươi Ba Nhịp Yêu,Only C,POP_BALLAD,TIER_A,True,False,0,,False,False,0,,True,2308,418,fb299c4461ede59d98c795956184105cf06551084e2e0002a92e6414db567f5a,
RMVM_S_63bbe21a22,Em Nơi Đây Vẫn Chờ,Phạm Thanh Thảo,POP_BALLAD,TIER_A,True,False,0,,False,False,0,,True,2219,391,2d1c7d22843cfe83c524ddd1406f87f14e8437d3f8a624cefc5f86746998d86b,
RMVM_S_847dc38e7e,Khi Người Yêu Lừa Dối,Ánh Minh,INSTRUMENTAL,TIER_B,True,False,0,,False,False,0,,True,2110,381,7e9f062d692c227c20dbf97f2c3ec12e3a0659cff110fec82c325d95900245a9,
RMVM_S_a20360f77c,Cô Gái M52,"HuyR, Tùng Viu",POP_BALLAD,TIER_A,True,False,0,,False,False,0,,True,2732,484,ce1385a0314244520107231d8e9b2a98f20aeaad7d3780af205056ead06b7d87,
RMVM_S_a44fc33796,Anh Lam Nhac La Vi Tinh Yeu,TCain,CHILDREN,TIER_A,True,False,0,,False,False,0,,True,3260,577,b77fbbb150cb789aac89b7ae913eb411cd200f0382e1b1302f4d3f8c6ad32454,
RMVM_S_6437edb749,Vật Chất Và Em Đi,Khang Ty,POP_BALLAD,TIER_A,True,False,0,,False,False,0,,True,4303,764,a7909703e3248bcb2304916789b360fe832464634c83ac236c7c90016296b1b5,
RMVM_S_418ff12fc5,Cuộc Đời Vẫn Đẹp Sao,Anh Bằng,INSTRUMENTAL,TIER_B,True,False,0,,False,False,0,,True,1886,313,bdbce6747ba31a86aa762ec081f0ee2eed9efbb4e7996649f011a4ac8193e6c4,
RMVM_S_922adb2b02,Chim Quý Trong Lồng,"K-ICM, Văn Mai Hương",POP_BALLAD,TIER_A,True,False,0,,False,False,0,,True,2016,352,6395d3fe97b2a3b14713ba4f9171358e2a8b04891aa592e978629de3d0bf2fa9,
RMVM_S_76ac3a8d4b,Thiên Hạ Hữu Tình,"Mỹ Hạnh, Thái Sơn",POP_BALLAD,TIER_A,True,False,0,,False,False,0,,True,2994,553,1552a62c9f82c321cce2157b247601dc542cf9206c57648ef75b43b9ef18aa9c,
RMVM_S_c0a653627b,Người Thế Thay (Remix),Cao Nam Thành,POP_BALLAD,TIER_A,True,False,0,,False,False,0,,True,1943,336,b8f10ceba196dd042cf34e9c07c1693fb2d733326cca99b394e7d49c6df31c53,
RMVM_S_2eb18c14c8,Liên Khúc Cho Em Mùa Xuân,Mai Tuấn,POP_BALLAD,TIER_A,True,False,0,,False,False,0,,True,3430,587,2ccfebc996bf17bc65113ed1979e0177b90d4a37dc6861dfea9345af1e7b69f6,2020.0
RMVM_S_d173ae964d,Đành Phụ Tình Người,Bonneur Trinh,POP_BALLAD,TIER_A,True,False,0,,False,False,0,,True,1710,284,8b390896975d91b1b5da9411fbf5e026514ca01e43d4d9256ac6e974c82187b2,
RMVM_S_18252ee43d,Yêu Anh Nhưng Đã Muộn,AndyShin,POP_BALLAD,TIER_A,True,False,0,,False,False,0,,True,3803,671,0a3cc25bd6f3d2c0a7725471a6184357163573ecb8842270202536f8f6a20040,
RMVM_S_e0782a1cca,Nước Mắt Em Rơi Trò Chơi Kết Thúc,"Phí Phương Anh, RIN9, DREAMeR",POP_BALLAD,TIER_A,True,False,0,,False,False,0,,True,2330,419,9a629afc8544f206ce98f6b6ca430093b09613b76e9a7501ddfaa186bb4fe600,
RMVM_S_ee6982f12b,Delilah - Tình Hận,Phong Vũ,BOLERO_TRUTINH,TIER_A,True,False,0,,False,False,0,,True,1125,198,e9b1524429847c0595d120f1c9012b32cbb2b1e0852615eb8a382af8a9e2ab89,
RMVM_S_9f4041e680,Lá Vàng Khóc Lá Xanh,Trường Thanh,BOLERO_TRUTINH,TIER_A,True,False,0,,False,False,0,,True,1253,224,431013cda009e41bffe034dd6979f2d70bf148fb9667688430a9f011f3899b3a,
RMVM_S_14ee424c2a,Chờ Ai Đêm Giáng Sinh,Hằng BingBoong,POP_BALLAD,TIER_A,True,False,0,,False,False,0,,True,2394,422,118ea8a4cdacf1f8295ba1b3d6cfe89951366bbf3311ac6682987beb16e789f7,
RMVM_S_4ab94f89ee,Bằng Cách Nào Đó,"Fer, BFABB, Thái Ngân",POP_BALLAD,TIER_A,True,False,0,,False,False,0,,True,4546,800,b831aa863226333133677792bf1283f8cb98442235707d75ddc498e737b0a000,
RMVM_S_7e245d4097,Bên Nhau Yên Bình,Tấn Dũng,POP_BALLAD,TIER_A,True,False,0,,False,False,0,,True,2153,390,45863fa4c5b972c72a11ed34f658f0834a75f030aa21e2687af16842bf38fc3e,
RMVM_S_e940c17251,Loài Hoa Không Tên,"Hoàng Lan, Thế Sơn",INSTRUMENTAL,TIER_B,True,False,0,,False,False,0,,True,1840,295,ba5eaf5e5385f3dfe6a32218ee37015d9c279052a99c0521dc7c85e2adc1bad0,
RMVM_S_94cc0c1ca2,Để Cho Anh Khóc (Remix),Thành Đại Siêu,POP_BALLAD,TIER_A,True,False,0,,False,False,0,,True,1834,339,ab852e5c7a80e4e41b12e2704816de9b9aa3a485ad678f1fed1bf4baa9fb80b0,
RMVM_S_d7fc1fda60,Lạc Bước Thiên Đường (Tropical Version),"Đức Hati, Htrol",POP_BALLAD,TIER_A,True,False,0,,False,False,0,,True,1369,242,7e2101bf039de6f4048c242f6dec97993fb178c6599aff55e12314407e4a10d9,
RMVM_S_b7abff6397,Bỏ Anh Thì Đừng Hối Hận,Suno Nguyễn,POP_BALLAD,TIER_A,True,False,0,,False,False,0,,True,2473,442,bff7c627857d173246959adac0db13214a24e6f87d7b346c361852483aabfa6d,
RMVM_S_3cd8f57973,Chuyện Tình Rau Muống Biển,"Thanh Ngân, Gia Tiến",POP_BALLAD,TIER_A,True,False,0,,False,False,0,,True,1700,295,138078a2c30dda4450fe5d7b81acd8efce53193a68f2ce1bb15ce28666e04d2f,
RMVM_S_ac82b96221,Về Với Ngài,Phan Đinh Tùng,POP_BALLAD,TIER_A,True,False,0,,False,False,0,,True,1439,245,2d1ecf198d428c32dd6b5cfbdc6df75aa73985ecf4b0e10bda8871dd1390024c,
RMVM_S_3873844e1f,Hôm Nay Ta Chia Tay,"Summer Vee, Niz",POP_BALLAD,TIER_A,True,False,0,,False,False,0,,True,1873,325,98b3e6775901a1f96755ce6ac06318e47e2ee9fa3ed9a566214650095a2a8f04,
RMVM_S_2f033f5af3,Có Bao Giờ Em Sợ Mất Anh,Khánh Đơn,POP_BALLAD,TIER_A,True,False,0,,False,False,0,,True,2282,415,7e4eda59586c10749e275a8c99d972475fe4e8925bf0c6ad27938f244a644352,
RMVM_S_ff5ea1bde9,Cẩm Lý Sao,Tiểu Muội Màn Thầu,POP_BALLAD,TIER_A,True,False,0,,False,False,0,,True,2258,385,9c802ecb804ff7fd35f0712b6721399874b421b44863c096c49bc6b5a21183a7,
RMVM_S_66cc925f78,"Chúng Ta Là Bạn Bè (Một Ngày Là Bạn, Một Đời Là Bạn) (Beat)",Nhiều nghệ sĩ,POP_BALLAD,TIER_A,True,False,0,,False,False,0,,True,3051,517,bab473ef8b05ac3af84692b0d7b2b82627c6bd5c5e1c5e2678b7ccc020c44e56,
RMVM_S_775152555d,Chỉ Là (Remix),Trang Pháp,POP_BALLAD,TIER_A,True,False,0,,False,False,0,,True,1205,210,d3c649212db966ba3ad2905871477d51a4382631f29f7f92aa49960463fa85c7,
RMVM_S_43ab07570b,Cay Đắng Đời Tôi,Lâm Hoài Phong,BOLERO_TRUTINH,TIER_A,True,False,0,,False,False,0,,True,2120,355,54d2cc33718c7562013dd75f08342164c9f15c1aca56b7522569d7667e42edce,
RMVM_S_fe5be48462,Đừng Nên Trách Nhau,Lữ Bình,POP_BALLAD,TIER_A,True,False,0,,False,False,0,,True,1919,355,9f843bfb5717d88c913ee31be67f0260cad6c7b641b88365f20502dcf38a6065,
RMVM_S_361bccf313,Không Cần Đâu,Dược Sĩ Tiến,POP_BALLAD,TIER_A,True,False,0,,False,False,0,,True,4039,711,5a6c8345809b60108777153d6fc6263e8eaacdf7ca539d6e24d6492a81fc2b6d,
RMVM_S_34cae0cb77,Sao Em Chưa Cập Bến,Nhiều nghệ sĩ,POP_BALLAD,TIER_A,True,False,0,,False,False,0,,True,3269,609,b08501b71fae77efcf6cf90e55c5f7e427d4229abf15dd0a728ce567c40c085c,
RMVM_S_15df482ce7,Anh Đã Tìm Được Em (Lofi Version),"A.C Xuân Tài, T.Vy",POP_BALLAD,TIER_A,True,False,0,,False,False,0,,True,1510,274,45f04f5e54a04874070c88c7342bac3ae0ffb5c9c8d5b37f0e63f0d251bf13b3,
RMVM_S_7e47264b76,Thà Khóc Lên Cho Nhẹ Lòng (Lofi Version),Du Thiên,POP_BALLAD,TIER_A,True,False,0,,False,False,0,,True,1849,331,2bc190b8d0d96a8567b5943a16b9abf7a7ea3a7545870af18d2ee53fd4da1c07,
RMVM_S_eb2eec896c,Người Quảng Ngãi Chào Xuân (Remix 2021),Trường Kha,BOLERO_TRUTINH,TIER_A,True,False,0,,False,False,0,,True,2234,375,c855488ba23bc1c4215658157425a350469231a3a2d0847d020ed24198ec6bd0,2021.0
RMVM_S_5937184efe,Bài Dành Cho Em (Speed Up Version),"Vin Quốc Anh, BMZ",DANCE_EDM,TIER_A,True,False,0,,False,False,0,,True,1773,349,8bfcb1d5e129fd9a99e5ef9b8e2170d66b63bf6fce318e50fc6ddcf0d8090ef8,
RMVM_S_8a02a9a8c3,Mùa Xuân Cưới Nhau,Nhật Tinh Anh,POP_BALLAD,TIER_A,True,False,0,,False,False,0,,True,2357,414,a10552ba61f5221e0712983f422df40e49e948f7b50ffe16409e6373fb6ce623,
RMVM_S_24ac55bcc2,Giấc Mơ Vụt Tan,Châu Gia Chuyển,POP_BALLAD,TIER_A,True,False,0,,False,False,0,,True,2303,415,7292ac0793f0271abcb38aa8f1cc784450a502cf97bebe7137ce903af125fb94,
RMVM_S_8031f15147,Đường Nào Đến Trái Tim Em,The Wings Band,POP_BALLAD,TIER_A,True,False,0,,False,False,0,,True,2093,373,ba56a8f67e1cb389692d697171ca10cd894dc6e222c08e96e4be8933530951e8,
RMVM_S_7605e1b858,Cho Tôi Một Lần Yêu,Lâm Hoài Phong,BOLERO_TRUTINH,TIER_A,True,False,0,,False,False,0,,True,1640,277,d3bfa1bdeb18b7fa91182a458a8c59157a83fe69475ee5b0e5ced6c936592be3,
RMVM_S_aa32fcd009,Hạnh Phúc Không Dành Cho Tình Nhân (Cover),"Đỗ Thụy Khanh, Hương Ly, Hiền Thục",POP_BALLAD,TIER_A,True,False,0,,False,False,0,,True,2174,393,b150308b6743d32bcc3b2d05b8e2ddec731faa5d8a1a095ae603096ec9545263,
RMVM_S_f3db0c523f,500 Năm Ruộng Dâu Biển Cạn,Lee Phú Quý,POP_BALLAD,TIER_A,True,False,0,,False,False,0,,True,2206,403,8d14be217c39266133d9590960331da0b3974009d6c7a38b2cec1188e029e2ea,
RMVM_S_5e387d2bfc,Bên Mẹ Là Mùa Xuân,Dương Hồng Loan,BOLERO_TRUTINH,TIER_A,True,False,0,,False,False,0,,True,2136,369,d2b6a54e3fb16683d38929eb37ba6318ede19f86e86dabb015f779c3b06b6751,
RMVM_S_2ff449f7fd,Em Vẫn Tin Vào Tình Yêu Ấy (Piano Version),Lương Bích Hữu,INSTRUMENTAL,TIER_B,True,False,0,,False,False,0,,True,2312,397,15e44c1cb28623f55732987bad68410a8d971f02e8354daa189d272099be4f66,
RMVM_S_82c14489d5,Độ Ta Độ Nàng Độ Khắp Thế Gian,Trương Y Du,POP_BALLAD,TIER_A,True,False,0,,False,False,0,,True,2194,368,fa8ede2f5452a01221bce2d40296690342743f089485455344c34b14ee77a161,
RMVM_S_51eba02416,Em Hát Cùng Mùa Xuân,Hồ Cẩm Nghi,BOLERO_TRUTINH,TIER_A,True,False,0,,False,False,0,,True,1469,264,5c2ab6c70911aa3410dcbf7c156705939b4c9b074c440359f9dbd33c5a2eab96,
RMVM_S_03e169cffe,Còn Chi Đâu Nữa Anh,Hà Thu,POP_BALLAD,TIER_A,True,False,0,,False,False,0,,True,1279,218,c52c12bf5c5b8473e3f3582b1dcc91d50b8bf789854967afae1f5bbd6bd9f829,
RMVM_S_f57ca73564,Liều Thuốc Cho Tình Yêu,Boo Phan,POP_BALLAD,TIER_A,True,False,0,,False,False,0,,True,1997,357,2ae553bd6352f134f300550bf6cae1b03d4ef3589ef887a09b416d3f0d2814c9,
RMVM_S_e60f419eac,Con Yêu Thơ Dại,Nam Vương Bảo Lê,POP_BALLAD,TIER_A,True,False,0,,False,False,0,,True,1488,254,ddc62f4e16e60f5d186a8d198f7f924c4908967e01b3389a2b2c1e6afd15a341,
RMVM_S_11037013aa,Anh Lại Làm Em Khóc Nữa Rồi,Khiem,POP_BALLAD,TIER_A,True,False,0,,False,False,0,,True,2064,372,06a18a61aea03fc168a504cf265668262cf95913ad5046e5b474eeb23aa08cc2,
RMVM_S_defc4e56f2,Cuộc Gọi Nhỡ,Vương Anh Tú,POP_BALLAD,TIER_A,True,False,0,,False,False,0,,True,2017,359,dcac370f9ec71d80ec9400743c91384de1c4a33c6f9a81b7558cd981e1273738,
RMVM_S_fa9844c5c8,Liên Khúc Cha Cha Cha Hái Hoa Rừng Cho Em,"Thanh Ngân, Gia Tiến",BOLERO_TRUTINH,TIER_A,True,False,0,,False,False,0,,True,6686,1191,1ed329e2a9fbb85b168aa7e1b83127edc78ec630eb1df4f27722670cd2e2415e,
RMVM_S_10b618bc46,Có Thế Thôi Đó,Thu Thủy,POP_BALLAD,TIER_A,True,False,0,,False,False,0,,True,2033,368,e5647495f9e2c35e3b11b477a2864b000f0060b24e8a25f20caddcb830b28a9b,
RMVM_S_45bb817f74,Phiến Đá Sầu,Don Hồ,INSTRUMENTAL,TIER_B,True,False,0,,False,False,0,,True,1529,272,fb9475bcab8e65fa1fc452cd5548e9be50fa3d276d4df681aa7634cbe0367052,
RMVM_S_133ddd6d07,Vẫn Còn Có Anh (Remix),Samson BMT,DANCE_EDM,TIER_A,True,False,0,,False,False,0,,True,1782,320,dc8b85a11047b4edc2f1b53e1b4c8a8b1ddc8cd12144c0a45458775f330573dc,
RMVM_S_2e3318f641,Giấc Mơ Tình Yêu,Đậu Tất Đạt,POP_BALLAD,TIER_A,True,False,0,,False,False,0,,True,1504,266,f448073f3d0758e425b530bd09f01dfb1f9c5f2d459c5a7c71e9cc41ec113efe,
RMVM_S_4e869182ce,Điều Muốn Nói,RHY,POP_BALLAD,TIER_A,True,False,0,,False,False,0,,True,2173,392,596b6ac31a50287e32fff65d9395a296976d5579b0350e97f8bdd00598e82f44,
RMVM_S_24ebfecf87,Thà Làm Áng Mây Trôi,Lâm Chấn Huy,POP_BALLAD,TIER_A,True,False,0,,False,False,0,,True,2233,389,0ff5d4107d7939fc73e77c1b0fd7181795bc7d47e7f73d21c9cc958e3f15592e,
RMVM_S_f8f6ff9693,Hẹn Thề Làm Chi (Vinahouse),"Phát Lee, 93NEWG Remix",POP_BALLAD,TIER_A,True,False,0,,False,False,0,,True,2927,494,d05da952de7b583a4c1034057188949f8b4e0616a3e30738c7479a5b81943ea4,
RMVM_S_c3f2549067,Giấc Mơ Chapi,Huỳnh Gia Đạt,BOLERO_TRUTINH,TIER_A,True,False,0,,False,False,0,,True,1851,322,9bb18eac404f02a46e27dedb1ab35d75130ce55b0be80b27db31693d4b780f3c,
RMVM_S_002158aaaf,Đừng Tin Trai Đẹp,Kha Zim,POP_BALLAD,TIER_A,True,False,0,,False,False,0,,True,2410,429,830a68deb0a403fef4c9730a9e209fff89e4439388094396974925ab4f73df76,
RMVM_S_9a7b92a548,Chỉ Còn Lại Tôi,"Chung Thanh Duy, Quân Han",POP_BALLAD,TIER_A,True,False,0,,False,False,0,,True,1873,324,4e93ebe8810660ca5ca612b89748019da55aedf40cb2e70900b55afa812164a4,
RMVM_S_09800776ed,Cát Bụi Cuộc Đời (New Version),Thương Nguyễn,NHAC_TRINH,TIER_A,True,False,0,,False,False,0,,True,2181,383,a23abc200b2ff7299fc71116b910551b52b29542002d2abf066eaf84ba20af48,
RMVM_S_22985c64c3,Ngày Tình Yêu,Thu Phương,POP_BALLAD,TIER_A,True,False,0,,False,False,0,,True,953,175,6481fa542f0f9cdbb18148c05d248e657194cf458df04f70c59b496259f0485b,
RMVM_S_d6544dec9b,Sót Lại Vệt Buồn,Nhiều nghệ sĩ,RAP_HIPHOP,TIER_A,True,False,0,,False,False,0,,True,3950,687,8022db2eefbc23afe94b0051b597afe1ca12956fb856ed22fbc39c10478378a4,
RMVM_S_3335f30e7f,Anh Là Tia Nắng Trong Em (Disco),"BeeBoss, Châu Ngọc Lan",POP_BALLAD,TIER_A,True,False,0,,False,False,0,,True,1711,310,ad85c5fa28b3c4a86817dce753c0b05a34dea03c71cc15d798eeb372d0a54b04,
RMVM_S_d4c23f1726,Có Một Thế Giới Em Phải Quên,Trương Thảo Nhi,POP_BALLAD,TIER_A,True,False,0,,False,False,0,,True,1072,189,5d135e185a00c13db23fc03b642abdd364dd80cdc69fd0fd02531a08a53275f9,
RMVM_S_368e96c090,LK Bài Ca Kỷ Niệm,"Lê Sang, Trường Sơn",BOLERO_TRUTINH,TIER_A,True,False,0,,False,False,0,,True,2707,448,286ce2552e68f26cb26006f722a942c4cd8a18ed928c8cf1a96f9d3ac0f63d92,
RMVM_S_c709d4f371,Anh Đi Nhé (EDM Version) (Beat),Anh Quân Idol,POP_BALLAD,TIER_A,True,False,0,,False,False,0,,True,1426,260,d54cd22695c6b5c8ef9c1866246aa1e94fe39cf863f209ba9fbd66d0d6587a68,
RMVM_S_82e7c6d451,Anh Đang Nơi Đâu (Khắc Hưng Remix),Miu Lê,POP_BALLAD,TIER_A,True,False,0,,False,False,0,,True,1866,321,b2b829252b78059c3c8f7e0aa83b2fa65503c2164c3b813fc42e86c099b342e9,
RMVM_S_8a9ead56b5,Noel Ngọt Ngào,Nam Vương Bảo Lê,BOLERO_TRUTINH,TIER_A,True,False,0,,False,False,0,,True,1394,246,666219203347f6ed6712805f07a8e22986681fbdb49e9ad65ea69370712a730c,
RMVM_S_2c031862ab,Bất Bình Thường,Whee!,POP_BALLAD,TIER_A,True,False,0,,False,False,0,,True,2026,341,ba90c0ed0d0911ada8598bcca3fa300b67e247e02f99a8fc1765e4658d3f7c1f,
RMVM_S_011e89bfe4,Tình Yêu Người Trao Là Thế Sao,Phạm Thanh Thảo,POP_BALLAD,TIER_A,True,False,0,,False,False,0,,True,2643,452,e9fac609345241cb6106bc8cbc1654e9f19dfd493ce417302b6ecd5144524aff,
RMVM_S_9e34468e97,Nhận Diện Tình Đời,Đặng Thái Hiển,POP_BALLAD,TIER_A,True,False,0,,False,False,0,,True,1863,311,a207278d4b48d78226625fe42eb72c15f23926863272aa4e94f8a45a50dae564,
RMVM_S_a5288d7921,Bỏ Em Vào Balo,"Tân Trần, Freak D",POP_BALLAD,TIER_A,True,False,0,,False,False,0,,True,2418,420,d55ae6f5e5dda0805e5cbbaf3742f8776f132e211eca3f8fb9ffbf62d130cf9f,
RMVM_S_5e7f6588c1,Phải Chăng Em Đã Yêu,Minh Hằng,POP_BALLAD,TIER_A,True,False,0,,False,False,0,,True,1265,226,b31afc8005cca71a9c6cd6d5ecb9584350267311f6ac7206b60f41fc75671a93,
RMVM_S_3f183da9bc,Biệt Khúc Chờ Nhau (Version 2019),Đan Trường,POP_BALLAD,TIER_A,True,False,0,,False,False,0,,True,2012,355,14fcc7f575f84061e3993fd860571a2804085368ff14917f9ed7355b4798560a,2019.0
RMVM_S_71cc2c15e0,Để Tình Ngàn Sau Đớn Đau,Vũ Hoàng,BOLERO_TRUTINH,TIER_A,True,False,0,,False,False,0,,True,1684,301,bb957c7decaedc6896e9f5106dc262d06ca6dc6f7b737a56a2c4481100dcf7d2,
RMVM_S_32fbaa045e,Hợp Đồng Mẫu Tử,"Thái Thùy Linh, Thái An",POP_BALLAD,TIER_A,True,False,0,,False,False,0,,True,2157,379,1e90a093ed61fd5e216f0d68531e206ed587fb35e8c21176179583c0f21ce533,
RMVM_S_225428961b,Chỉ Vì Ngày Đó,Lina Nguyễn,BOLERO_TRUTINH,TIER_A,True,False,0,,False,False,0,,True,1933,332,3d8d975a4d970ea5f48ab5e1f91ae2a8688ca7932e44039fd730c4fcda7128d2,
RMVM_S_26f101bce8,"Trên Bàn Nhậu Dưới Bàn Mưu (From ""Trên Bàn Nhậu Dưới Bàn Mưu"")","Vũ Thảo My, Lăng LD",POP_BALLAD,TIER_A,True,False,0,,False,False,0,,True,3614,611,1a0446f39939dd5d8b5fc0d24f90af10194755d7e603fc95c124e1355ed01fe6,
RMVM_S_11a64d7074,Bao tuổi rồi mà còn yêu với đương,Saabirose,RAP_HIPHOP,TIER_A,True,False,0,,False,False,0,,True,2027,359,e1dc6d6d103125eb994ed3fea70318a0f7d20bd882073757fc3649453c8c150c,
RMVM_S_fc5ec342ad,Đây Là Việt Nam,"Rhymastic, Blacka",POP_BALLAD,TIER_A,True,False,0,,False,False,0,,True,3095,534,d8ffea7fc7cda7fd3f1cb5f715101c58ecde93e09f26e7a87f338cd3646ab689,
RMVM_S_5a3dbf6edf,Ân Tình Đánh Mất,Trịnh Lam,INSTRUMENTAL,TIER_B,True,False,0,,False,False,0,,True,2538,448,9b6fc9eab838599f51c09ce329e6be2604e4f128ab4796768d67173057eba180,
RMVM_S_10f955fdcf,Liên Khúc Mưa Bụi,Hồ Quang Lộc,BOLERO_TRUTINH,TIER_A,True,False,0,,False,False,0,,True,1916,330,b8b106906eb7d08177783135b12145dcd271617207146d9ab95354e7cf08c723,
RMVM_S_99912485b0,Miễn cưỡng nhận lời chia tay,Tống Gia Vỹ,POP_BALLAD,TIER_A,True,False,0,,False,False,0,,True,1995,351,8fee65ec2ed0e41f37b36744fe2b9102b55667bb0a9806afeeecb3dd7642fdc4,
RMVM_S_9d3c30edfb,Bài Ca Ngày Vu Quy,Cao Sỹ Hùng,BOLERO_TRUTINH,TIER_A,True,False,0,,False,False,0,,True,1585,248,dbea80c1f2072222a38c8f1d5a59908e85325cb4db0a43ddf090dfe7c05f8704,
RMVM_S_8a71d4e1f3,Ba Má Ơi! Con Hứa Lấy Vợ,"Nguyên Vũ, Sakhar",POP_BALLAD,TIER_A,True,False,0,,False,False,0,,True,2482,444,ab94cda8cc62d362f11e5b5e68daba5ee92c8337f434783e9136e6647741ce8f,
RMVM_S_44d631dd27,Liên Khúc: Cả Nhà Thương Nhau - Nhong Nhong Nhong,Bé Minh Vy,CHILDREN,TIER_A,True,False,0,,False,False,0,,True,1242,224,34b62e9b7abeaa7db3969febd27053773931a0c33f8c123d58da03def4953048,
RMVM_S_cfa4f55a1c,Anh Nhớ Gì Không Anh,Trần Thái Hòa,BOLERO_TRUTINH,TIER_A,True,False,0,,False,False,0,,True,1542,271,930232d18f2706f3332da0dcc08c05a50101588adb282024609d2e8ad917a51a,
RMVM_S_7c49b4e033,Cứ Ngỡ Là Anh (Vinahouse),Đinh Tùng Huy,DANCE_EDM,TIER_A,True,False,0,,False,False,0,,True,2679,472,6bee314f98110b8823d3a8f79007ad054c11213409554c899afa20466fbb756e,
RMVM_S_677485deae,Chuyện Tình Cổ Tích Nga Sơn,Lê Ngọc Thúy,FOLK_TRADITIONAL,TIER_A,True,False,0,,False,False,0,,True,1656,268,da27437a1f23b19b314e55efe13e9fb130040188b766ea5781d3b09407525905,
RMVM_S_7a86373ed6,Liên Khúc Rap: Trời Mưa; Mưa Tên Em; Mưa Xin Đừng Về Nữa,B Ray,RAP_HIPHOP,TIER_A,True,False,0,,False,False,0,,True,3043,547,3581e099618801d3962e0713b89f57c78549bdb6b020e50ced79f38343dd037b,
RMVM_S_75c888eb4f,Căn Nhà Dĩ Vãng,"Lâm Mạnh Quỳnh, Đào Anh Thư",BOLERO_TRUTINH,TIER_A,True,False,0,,False,False,0,,True,1945,330,3cf63233b7593ecc9bc4d98788513d21fbe325a25fbbe4a6b8eac9b4cb339c6f,
RMVM_S_57edf86ddf,Hát Lời Mẹ Ru,Randy,BOLERO_TRUTINH,TIER_A,True,False,0,,False,False,0,,True,1493,260,5893b052324170a72ad7d03f6c86228383df9ca3aa416a77f49e4c1d306acdaa,
RMVM_S_1574933850,Cho Vơi Nhẹ Lòng,Ngô Kiến Huy,RB_SOUL,TIER_A,True,False,0,,False,False,0,,True,1999,354,6e60e1e86f63fcbc3c1bfc79ef356eed8d6b4b47d06c5ab9c780c501d963f0f8,
RMVM_S_7a257326b4,Chúng Con Bên Giấc Ngủ Của Người,Thu Hiền,REVOLUTIONARY,TIER_A,True,False,0,,False,False,0,,True,1441,238,3e8bc08b447dc14816baf50b8f76667a0aabcc96e4d59db14c980c9d35fe7f69,
RMVM_S_2f0c4f4eea,Buồn Chi Em Ơi,Quang Lê,INSTRUMENTAL,TIER_B,True,False,0,,False,False,0,,True,1858,330,74bb8b2245d8fb595cf88770a09be4670be799d253be2cc050266a7ed77b4b7b,
RMVM_S_a2ec8d1c5b,Mùa Ly Bỏ Lại,Thái Đinh,POP_BALLAD,TIER_A,True,False,0,,False,False,0,,True,2640,463,32e37b97a80b1c1c4077b6d216af5faf0ce8e89e01df52dcc591b451d867a05b,
RMVM_S_09c37470ea,Cho Anh Được Về,"Nguyễn Hữu Tài, Nhật Chan",POP_BALLAD,TIER_A,True,False,0,,False,False,0,,True,2064,389,c66d92c81bbb1d2a2e26ce5885bd1b8e28bd029c44c5494e873d2d1841b7a69f,
RMVM_S_1a8f2551c0,Ba Mẹ Yêu Con,"Tào Lữ Phụ, Tuệ Uyên",POP_BALLAD,TIER_A,True,False,0,,False,False,0,,True,1639,298,50328fee5aba12a6486ed09dbf463ba8720f7e12c20a1b331a9163d38e129092,
RMVM_S_aecda3d277,Còn Đâu Bóng Hình,Hà Vân,POP_BALLAD,TIER_A,True,False,0,,False,False,0,,True,1660,278,3a08200f2206c8a5e812d4c832efef08fd4924d757d655da4e6cda0dabb7945f,
RMVM_S_25180bae1b,"Tay Trái Chỉ Trăng, Tay Phải Uống Trà",Hà Nhi,POP_BALLAD,TIER_A,True,False,0,,False,False,0,,True,872,151,d449c579899d975967cbac6e25ae6f8350c9180c67c98ef252856440a4e06acd,
RMVM_S_1126cd8304,Em Thuộc Về Một Người Khác,Dương Phúc Hậu,POP_BALLAD,TIER_A,True,False,0,,False,False,0,,True,2308,405,11b7b22dea673f82f83669555f3abd29bac5ba86bf64c58d7d6bccd106296a71,
RMVM_S_7620c5b314,Vết Thương Lòng,Jimmy Lam Pham,POP_BALLAD,TIER_A,True,False,0,,False,False,0,,True,2481,451,5b8226379b26cdb89ec513fa75085b96144816c8077a75416f4b2e8dd7f1ed54,
RMVM_S_0ef138479c,Bỏ Đi Mà Làm Người,Val Huyn,POP_BALLAD,TIER_A,True,False,0,,False,False,0,,True,1573,282,5d694cab3538111e5ed60c943365601c8bb9d60baf4b7877732392196ce3d5a5,
RMVM_S_76e964b851,Em Muốn Cùng Anh,Đặng Thanh Tuyền,POP_BALLAD,TIER_A,True,False,0,,False,False,0,,True,2178,373,9e245704c6b7d270e069eaf042d4674794f6141f7335c5a17f04fe73e269e4d4,
RMVM_S_7cc1ecf863,Phai Phôi,"KHOA, NVM, MTK",POP_BALLAD,TIER_A,True,False,0,,False,False,0,,True,3667,646,70786cf7898a32c6095644965732e5fed7801aa290a576383b1135605213254e,
RMVM_S_1816dc799e,Chẳng Ai Khác Ngoài Em,Âu Nam Thái,POP_BALLAD,TIER_A,True,False,0,,False,False,0,,True,1896,336,5a2f85285ba63e664a5adffc7585195a12e5f0a6a0df9629a7e3a29ee610657e,
RMVM_S_f9821be7b6,Bông Đùa (Lofi),"Chuy Blue, Star Online",POP_BALLAD,TIER_A,True,False,0,,False,False,0,,True,1727,309,1981665ba2006d6f286c99aa80db9dee1e4ea19d342bd5c2793e14294569ac66,
RMVM_S_e84ebf7b67,Đành Sao Anh Hỡi,Vy Thúy Hằng,BOLERO_TRUTINH,TIER_A,True,False,0,,False,False,0,,True,1355,244,7205cb881d31e0c1a95a8345aacca5534ea1f2fa805386feb5e3d96c1ba15253,
RMVM_S_b8804785c2,Nguyện Mãi Yêu Anh (Remix),Saka Trương Tuyền,DANCE_EDM,TIER_A,True,False,0,,False,False,0,,True,1408,255,c2ae1798cbf099eaa6e20fc5f58386887d58eb077c97ff49cb73eddedb2af749,
RMVM_S_d5376d4c56,Kẻ Nắm Người Buông,"NB3 Hoài Bảo, Châu Dương",POP_BALLAD,TIER_A,True,False,0,,False,False,0,,True,2875,502,37a7e3e805b9b4d7dcfddb399d0784dea85dba9a2fc7ecb99d0bebe68fc3673e,
RMVM_S_d641a942f4,Mắt Lệ Cho Người Tình,Phi Khanh,INSTRUMENTAL,TIER_B,True,False,0,,False,False,0,,True,1715,282,33ceda54c8edd47d3ba07ddfbe80e85509f9e6763851bdb9db8be8c6573bf015,
RMVM_S_13903f5e58,Con Mèo Ra Bờ Sông,Bé Minh Thư,CHILDREN,TIER_A,True,False,0,,False,False,0,,True,1088,200,38fc16c4d90dd42157881b8cb1ca2ab7dba95504a1cda3d97466d1d76722022d,
RMVM_S_89cac18537,Phải Chăng Là Số Kiếp,Tống Gia Vỹ,POP_BALLAD,TIER_A,True,False,0,,False,False,0,,True,2427,430,dad026faaa5c1ef435bb147f5286b016522b3933d86de410b50e25f45cd0e9bf,
RMVM_S_666bb00065,Giọt Café Đắng Đầu Môi,Vương Tuấn Anh,POP_BALLAD,TIER_A,True,False,0,,False,False,0,,True,2385,421,48ffa541657cca7e2108769a5387d4bf5493f9faceea70d46137da283efe5731,
RMVM_S_2a88ac9b3b,Bước Về Phía Mặt Trời,Văn Mai Hương,POP_BALLAD,TIER_A,True,False,0,,False,False,0,,True,2495,418,0d28ea6bbedf5e7f0e6d47814cfc414336d46ff6d0a36e33cb7d1a90f72994ca,
RMVM_S_690c263e05,Đừng Yêu Nữa Em Mệt Rồi (Live At Soul Of The Forest),Phượng Vũ,POP_BALLAD,TIER_A,True,False,0,,False,False,0,,True,2455,453,889c3cfe374ec2cad3e1f2ee78ff9970870368f7dba29dc6d31d16aaeddfa015,
RMVM_S_7a33072daa,Nỗi Lòng Một Kẻ Tha Hương,Tường Quân,POP_BALLAD,TIER_A,True,False,0,,False,False,0,,True,2312,383,82b664c816e8c4058ed8d169f5a8a93b2a8cd70968b06585fb752f7ccb415f3d,
RMVM_S_f9acadd328,Em Về Tinh Khôi (25th Làn Sóng Xanh),"AMEE, GREY D, Hoàng Dũng",POP_BALLAD,TIER_A,True,False,0,,False,False,0,,True,1920,340,83fd96d0d5bac14f3c163a344f3b152e6862b23bad0f29b6dcb45f2c0b7139ec,
RMVM_S_b34c5060bc,Anh Cất Em Đi Nhé,Khánh Đơn,POP_BALLAD,TIER_A,True,False,0,,False,False,0,,True,2411,441,e8d38cf4add43754c22838de792e30697c5a7fb2a1a98bd2a4197d4f40d28a9e,
RMVM_S_25f5cbc1e3,Anh Về Đây Làm Gì,Lynn,POP_BALLAD,TIER_A,True,False,0,,False,False,0,,True,2517,449,c57ba89b5b3c29e62ab6b14d7663ad31724873bb68e07872cca7bfd4ec26650f,
RMVM_S_fb69bc1e1f,Bạn Không Giống Tôi (Đừng Phán Xét),Cao Tùng Huy,POP_BALLAD,TIER_A,True,False,0,,False,False,0,,True,2329,388,46e13cd9cd8fdb6147dc01f5bea5f4ee5e17bee15ecf957afa290feb58c8f43e,
RMVM_S_1159cc6fe3,Hết Hôm Nay Thành Người Xa Lạ,"NAM DaBand, Hamlet Trương",POP_BALLAD,TIER_A,True,False,0,,False,False,0,,True,3030,524,fdcda18f6bd6438e7e897cf7414bd831f6cc27daf40d8d45b8ebd2aaa85ff8e6,
RMVM_S_54abd203cc,Trắng Tay,Chí Thành Danh,POP_BALLAD,TIER_A,True,False,0,,False,False,0,,True,1979,378,501cb6fd6cca9b0a9b63147c98c02e457f010249612bbb4759cb22f8f664a41e,
RMVM_S_9d7077b59a,Mẹ Ơi Con Là Ai,Trịnh Bảo Nam,POP_BALLAD,TIER_A,True,False,0,,False,False,0,,True,1729,305,f8b0166516c48b03cce9fe45bf3de6a283461c85aa92e2c75d9af1d0fc30820e,
RMVM_S_1925d3bf18,Để Anh Ôm Nước Mắt Cho Em,"Trịnh Tú Trung, Wonbi Minh Quân",POP_BALLAD,TIER_A,True,False,0,,False,False,0,,True,1708,300,924432a532d5da2bbe13402beb2c4ebbb8d858aba9d789306da2e9698f026e75,
RMVM_S_7a0c0d4261,Một Vòng Trái Đất,Đạt Long Vinh,POP_BALLAD,TIER_A,True,False,0,,False,False,0,,True,1871,330,2d859c5a079e4630bfdf208e8ecdcdf8d0996d227200a4048d855ec82185dc4c,
RMVM_S_73efb6724e,Năm Mới Nhưng Nỗi Buồn Cũ,"Luxuyen, Riki Lâm, Chi",POP_BALLAD,TIER_A,True,False,0,,False,False,0,,True,3035,513,eecc737eac2049346ad83d554b533ef5e8e80aaeed537edcc033de5e5abda07b,
RMVM_S_ea788bdfd1,Không Một Ai (Remix Version),Nhiều nghệ sĩ,DANCE_EDM,TIER_A,True,False,0,,False,False,0,,True,2051,380,f247d66070af4430ff3c3e7c779cab37ec2816681a0c39c414a7c17fc1e6ddea,
RMVM_S_b47ba37a0d,Một Ngày Bình Yên,"KaWaiiBi, Phạm Thúy, Longg",RAP_HIPHOP,TIER_A,True,False,0,,False,False,0,,True,3417,595,3f77ad8f43678b589f916ff80e25f4a679f501f6b8a16946c555bd9e70f1b3d9,
RMVM_S_9c534a340c,Đồng Tiền,"Lee Ken, LPT",POP_BALLAD,TIER_A,True,False,0,,False,False,0,,True,3002,522,0656271a6661e9c903bbed8bf40c4d2c6f9816abbe2d36aabf5d6720eab56b5a,
RMVM_S_0c9fd415a5,Mẹ Tôi - Nhị Hà,Quang Dũng,FOLK_TRADITIONAL,TIER_A,False,False,0,,False,False,0,,True,1531,248,f8bbcd3a8b346873414407214890b542bd4bf5b1f4f9aed15d0ad4581f7ba869,
RMVM_S_2cca71e3da,Liên Khúc 4 Mùa,GiGi Hương Giang,POP_BALLAD,TIER_A,True,False,0,,False,False,0,,True,4054,706,d847c7c51db1a80154d110f13baa8645db6030af87f7ae8b44a120a8783378a3,
RMVM_S_4fee4f44d7,Hát Về Người Cảnh Sát Bảo Vệ Mục Tiêu,Đình Bình,POP_BALLAD,TIER_A,True,False,0,,False,False,0,,True,2569,440,8d1dbe5f47342363414f163417971be2b25d994537d4921ec5b314d55563f16b,
RMVM_S_221f81801a,Lòng Tự Tôn Của Anh,Trần Đăng Quang,POP_BALLAD,TIER_A,True,False,0,,False,False,0,,True,2350,413,640b77ac44b5ad4659806dbe9e5e38ae9621445bcd9fa35cb1e3517a90f01d28,
RMVM_S_e7663877e9,Xa Nhau Rồi Anh Nhớ Không,Nam Em,POP_BALLAD,TIER_A,True,False,0,,False,False,0,,True,1674,304,1c9fd337f302119216af1492cf679c790d8010a9d35a4e16157939c0534f4e1a,
RMVM_S_94be221fe0,Ai Rồi Cũng Thay Đổi,"Lâm Chấn Khang, Đông Thiên Đức",POP_BALLAD,TIER_A,True,False,0,,False,False,0,,True,2072,358,fff71f4fdbba0f55128a272725f704e34a5263c91558992e9980a94ac0c7cbdb,
RMVM_S_35f1b5555a,Mừng Ngày Nhà Giáo Việt Nam,Lê Ngọc Thúy,BOLERO_TRUTINH,TIER_A,True,False,0,,False,False,0,,True,1951,322,05c321adf3d95bc1e692bc6df787e040561854ca7a84ba18a633916cbb712163,
RMVM_S_31a9c3117f,Anh Sẽ Đợi (VisconC Remix),"TLong, Tô Minh, HOA HỒNG DẠI MUSIC",DANCE_EDM,TIER_A,True,False,0,,False,False,0,,True,2071,352,c7c7cdac469134037c6b817cd08c5edbc732fdcd45c09fbc2cc14f6a18e81ab2,
RMVM_S_94bfa0a241,Chuyện Làm Dâu,Phi Nhung,INSTRUMENTAL,TIER_B,True,False,0,,False,False,0,,True,1649,268,cae5a3b29491b9e8915edd6d6bf9950928cdbf56df2b5700dbbfb182f1e2d18e,
RMVM_S_5f7e4b5072,Mưa Của Ký Ức,"NNA, KaWaiiBi, Kid TD",RAP_HIPHOP,TIER_A,True,False,0,,False,False,0,,True,3626,632,b1ab5dfeae316969b1b2cfcf612b6d741b68994c65a2c04288f1683b104d94e1,
RMVM_S_c6a433a8c4,Biết Tìm Đâu (Ballad),Ngân Ngân,POP_BALLAD,TIER_A,True,False,0,,False,False,0,,True,1979,330,f91d2ebc3931be800d7bafaac852235e88cf006e0cd3eece52de5bbcda726f20,
RMVM_S_ace0deaad0,Mặt Trời Bé Con (Live),"Thùy Linh, 8 the Theatre",POP_BALLAD,TIER_A,True,False,0,,False,False,0,,True,1130,204,8a756b449d083711535c1bb1ae8847e7e02672f69e5d0a1d75ca368530752889,
RMVM_S_56c1d04e5c,Ta Lại Yêu Nhau,Hàn Khởi,POP_BALLAD,TIER_A,True,False,0,,False,False,0,,True,2469,417,e8c2b89f455dd334e2befc3f4483d63d4498b695828178b387dc63c4772dea04,
RMVM_S_d5f953ba31,Lại Nhớ Người Yêu,Lê Sang,BOLERO_TRUTINH,TIER_A,True,False,0,,False,False,0,,True,1697,268,3e427ca0965ffd1f220c986512936658125a43f088e273385b55798702b6364f,
RMVM_S_dc6aab26c3,Cô Ấy Nói (Lofi Version),"Ngô Anh Đạt, Freak D",POP_BALLAD,TIER_A,True,False,0,,False,False,0,,True,2510,432,483f65e5d905648183bfcfe1bbdfda9d9315171558a6a30f1f8ffe9f26cd39d2,
RMVM_S_10f4a1e397,Bài Ca Bên Cánh Võng,Tấn Minh,FOLK_TRADITIONAL,TIER_A,True,False,0,,False,False,0,,True,799,136,4824f6cad349792a39e248816dab1a0b71741466b7cdf6f3efb22bddc76cd510,
RMVM_S_ff74bbc86f,Xa Một Người Còn Thương (Vinahouse),Du Thiên,DANCE_EDM,TIER_A,True,False,0,,False,False,0,,True,1504,260,ee66e6c175c12727591da0682ad7e5b8c8640d494eb4d410d3399b0ed4a4749b,
RMVM_S_3bf04a0588,Để Cho Em Gánh,NgânT,POP_BALLAD,TIER_A,True,False,0,,False,False,0,,True,3980,722,db77588ac168106bfd07b485852eb5c28e579a3551bd3bfdc6c19259b3c9ea64,
RMVM_S_fcf59569a9,Cả Một Đời Người Xin Mượn Một Đoạn Đường,Gin Tuấn Kiệt,POP_BALLAD,TIER_A,True,False,0,,False,False,0,,True,2653,424,cdb73aff1e3c2636bd80b130eb77ed5e7ed6652d39621f0f63231d2902bf8650,
RMVM_S_e4972eff44,Không Thể Yêu Ai Được Nữa (Cover),Chiến Lê,POP_BALLAD,TIER_A,True,False,0,,False,False,0,,True,1900,331,e08ef7ed40c6e065b9d8222ca1cbf1363ee169899a4f73273270627752fb2aba,
RMVM_S_c788218c33,Tình Yêu Hai Thế Giới 1,Dukytnt Lee,POP_BALLAD,TIER_A,True,False,0,,False,False,0,,True,5684,1043,e9bd4559884180c8a3f15973ec6dc1eea5ae342a8d0b56584b8166e39011e415,
RMVM_S_83f1bceb73,Thương (Acoustic Version),Reddy,POP_BALLAD,TIER_A,True,False,0,,False,False,0,,True,1722,308,2646bee61f061f070361ae09c8a5f52ad7dedff7aff304e8deb381942e43636a,
RMVM_S_806d45a2da,Vằng Trăng Cô Đơn (Chạm Liveshow),Ưng Hoàng Phúc,POP_BALLAD,TIER_A,True,False,0,,False,False,0,,True,1993,352,76eed22071f0f07644c38e12d7ed9503481d45cd00ecdaf8b84b7a66c1fc5217,
RMVM_S_41c88d2531,Nỗi Nhớ Mưa Phai,Khang Lê,BOLERO_TRUTINH,TIER_A,True,False,0,,False,False,0,,True,2040,352,f0cda9d07361daaac0da9b5c31d953267e70ece5d76210c30a43f27b5605af93,
RMVM_S_8df33283d3,Nhưng Anh Vẫn Yêu Em (Beat Không Bè),Phạm Đình Thái Ngân,POP_BALLAD,TIER_A,True,False,0,,False,False,0,,True,1850,338,51fe094206ca1c2fc1e8cc5aed988d3b8391b683b8fd39ae5632bb984c9a5cbb,
RMVM_S_3c2eff5956,Ngỡ Là Bạn Bè Thôi,Gia Tiến,POP_BALLAD,TIER_A,True,False,0,,False,False,0,,True,1655,291,e434a164ac7fff028736a00dcdaab30c10b99c9fe303f1b3cbd74e27423edc5e,
RMVM_S_5cd09c1c12,Đôi Môi Ngây Dại,"Hải Đăng Doo, Weeza",POP_BALLAD,TIER_A,True,False,0,,False,False,0,,True,1836,316,543eaf023cc533c56c1c0b28aa326152a4d8723d78013cc48335430439a5df2b,
RMVM_S_f048300b8d,Cafe Đắng Hơn Rồi Em,Trịnh Thiên Ân,POP_BALLAD,TIER_A,True,False,0,,False,False,0,,True,1498,271,887d649d4fb16de5554deded040ec0d5406ec5ec75e882156ec24b40601a1a47,
RMVM_S_e0483891bd,Anh Bỏ Ngoài Tai Lời Gièm Pha (Remix),"Thái Thành Công, Lâm Chấn Hải",DANCE_EDM,TIER_A,True,False,0,,False,False,0,,True,2393,430,317deade9f08e3baed37f2dd231be6b8705504c53735714920331c8967d428f1,
RMVM_S_dba6f0dd08,Đánh Mất Anh (HM Remix),Mai Tiger,POP_BALLAD,TIER_A,True,False,0,,False,False,0,,True,2433,407,a3cde8fefb29428572dc58de5790a216ac8cd102d6d29bb29822bf0ab46f7cdf,
RMVM_S_485ff4e462,Ai Ai Ai,Mây Trắng,POP_BALLAD,TIER_A,True,False,0,,False,False,0,,True,1609,319,02096816736c0d6da69fe9dd05b56d5db9c80aef8744539f930b2293c3530d90,
RMVM_S_d30c44d2d1,Duyên Tình Hậu Giang (Mii Remix),Như Ngọc,DANCE_EDM,TIER_A,True,False,0,,False,False,0,,True,2064,356,058a8232744435eb54b1ca1f1ede4951640ed445bf3e0c5acaa0d9ac6a12a712,
RMVM_S_3b42aacdff,Con Sông Tuổi Thơ Tôi,Trung Nghĩa,BOLERO_TRUTINH,TIER_A,True,False,0,,False,False,0,,True,1530,260,d46367754eed4d3ed05bb6c5fdbd8ad2147f166af248b94a2c42876d664725d7,
RMVM_S_e9e90d8607,Kết Thúc Chia Ly,Trường Kha,POP_BALLAD,TIER_A,True,False,0,,False,False,0,,True,1988,358,65c7863dd31e2bfb8e88a1ada872c6e4eb3e7ff321214e75a68e1d0235b3af03,
RMVM_S_d4dcebca68,Ngoại Già Xì Teen,Hoàng Tuấn Minh,BOLERO_TRUTINH,TIER_A,True,False,0,,False,False,0,,True,1958,343,28e83998e566a3490fa455d5f1cef8044a0c68842f3cf591050d5c20ba2013a7,
RMVM_S_639a837639,Một Khúc Tương Tư (Remix),Gumin,POP_BALLAD,TIER_A,True,False,0,,False,False,0,,True,1751,298,3ffbbd9f2717d8ecee80af10ccf25769c4853a0e16ae7b335916deedfda94bac,
RMVM_S_4bbf9d996e,Đêm Nay Một Mình,Đông Quốc Hùng,POP_BALLAD,TIER_A,True,False,0,,False,False,0,,True,1492,260,2577bff908c1913edad16eb3bba5dc4ed32ddba7f3e28d29f87e43f14e078dec,
RMVM_S_e901eaeab9,LK Như Một Cơn Mê,"Khưu Huy Vũ, Duy Trường, Dương Hồng Loan",BOLERO_TRUTINH,TIER_A,True,False,0,,False,False,0,,True,1855,323,1b8a25f73c88a92a8b6fd0f9ee8d94b0fcffb8cd6a8add3e13ae5a93c44837b3,
RMVM_S_5c52f5dbe8,Không Còn Thương Nhớ Người Yêu,Hoàng Việt Trang,POP_BALLAD,TIER_A,True,False,0,,False,False,0,,True,1559,269,18965c6a9910653bde0b0dd2bb1018956e79a922a58798daab34c5e351c19266,
RMVM_S_59282448cd,Hiếm Có Khó Tìm,"JSOL, Han Sara",POP_BALLAD,TIER_A,True,False,0,,False,False,0,,True,2733,504,1ea2dd08b197f2c0335fdc8ba8b5a13cfa0ec826a8ebd43171653a859d05e740,
RMVM_S_995c4bb083,Hết Duyên Tình Tan,"Hoàng Minh, Lương Gia Hùng",POP_BALLAD,TIER_A,True,False,0,,False,False,0,,True,2220,377,3b34fc23cb6516db614c6e2df7f0d7392a33a0342dcca0f7cba68fb6396fac62,
RMVM_S_cb79bddb13,Dô Là Dô,Nông Dân Sound,POP_BALLAD,TIER_A,True,False,0,,False,False,0,,True,3637,697,8819525d5cfbb59c02715ca5490a00cf019568270054e30639cef04f25dece8a,
RMVM_S_11fd9a42bc,Ngày Ấy Không Trở Lại,Lý Hải,POP_BALLAD,TIER_A,True,False,0,,False,False,0,,True,2744,465,d30ec0150c55e9109abbdc355a381f969ce803d93c976d79db3b1f19a0ab2457,
RMVM_S_fa80df1ec0,Anh Ơi Ở Lại,Nhiều nghệ sĩ,POP_BALLAD,TIER_A,True,False,0,,False,False,0,,True,2029,364,8f1bc2f3ea7fd1e7186360768641cdcedb0d2299aa37299210e1c1d3631a1089,
RMVM_S_45a5916c3a,Little Sài Gòn,Justin Nguyễn,INSTRUMENTAL,TIER_B,True,False,0,,False,False,0,,True,1979,350,497efc18eccc105735d0e129b6255e2155c6709279b5caaf4eda21dcf9fdfd2b,
RMVM_S_9c6f1c1309,Long An Khúc Hát Trao Duyên,"Văn Hương, Lý Thu Thảo",BOLERO_TRUTINH,TIER_A,True,False,0,,False,False,0,,True,2329,404,a17f7bc5f98497c12a114dfdd597798aebd229c9d06b9fcc07b70ebe89174fe5,
RMVM_S_b562d7dd41,Dưới Ánh Đèn Sân Khấu,HA Live,POP_BALLAD,TIER_A,True,False,0,,False,False,0,,True,2260,398,689d09040d6aa8d278d99e82c0d36d20ad6db532a1f7ebfaf2bce2ee2295c02a,
RMVM_S_28df804529,Mất Em Thật Rồi (Remix) (Beat),"Đình Phong, DZ",POP_BALLAD,TIER_A,True,False,0,,False,False,0,,True,1162,203,ac40fca4c4f2d5ae024e9b4f7b41dcc86adce265f8fb52c1fb47d48f770b5197,
RMVM_S_e11705b43d,Ăn Khế Trả Vàng,Bảo Trân,CHILDREN,TIER_A,True,False,0,,False,False,0,,True,1342,268,49bb675d832aca61f9d1aa5681a193a7b07bf96212cc7409311497af616b7037,
RMVM_S_6f9f130120,Em Ơi Ví Dầu,Đan Trường,POP_BALLAD,TIER_A,True,False,0,,False,False,0,,True,2671,497,55d9670f799a0d75f2a3d3fae953bd0a32038d0e711682739108bb9730c76b9a,
RMVM_S_5872251864,Con Không Một Mình,Bá Vương,POP_BALLAD,TIER_A,True,False,0,,False,False,0,,True,2287,410,da05f2c7a7e06969245b6d2b72509ee0cfa8221584f8df2f6625cd2837b7b27f,
RMVM_S_26df62a035,Mèo Hoang,"Anh Nguyễn, Mai Tiến Đạt",POP_BALLAD,TIER_A,True,False,0,,False,False,0,,True,1431,248,0d671e0bfb45e3bf4c93278259abee1727e812a684dcb982b0c202814035629b,
RMVM_S_92d95fb67e,Cầu Hôn (Cover),Juky San,POP_BALLAD,TIER_A,True,False,0,,False,False,0,,True,1017,182,6196ad0f76f494ad869d708bf2211efb3aa6dbf8e78720472f666658e67c9265,
RMVM_S_e2bfc2ca03,Phải Kết Thúc,Ji Anh Tuấn,POP_BALLAD,TIER_A,True,False,0,,False,False,0,,True,2352,420,65c787c1c11951ea49b3864cbbccb8800a77247ab75a4a6e717e203b4fb6cd71,
RMVM_S_ab52a83bad,Xe Đạp,"Minh Vương M4U, Hương Ly, ACV",POP_BALLAD,TIER_A,True,False,0,,False,False,0,,True,2015,347,66e213f426b06fd006d237d0c95498156ae449fb03caf51d32dabebf92360990,
RMVM_S_b663cf938d,Cạn Tình Như Thế,"DICKSON, Thành Đạt, Lê Chí Trung",POP_BALLAD,TIER_A,True,False,0,,False,False,0,,True,2103,353,6780a2c198fc41e7346f995dffa633783d594313b700063354eea8e9ff365cb7,
RMVM_S_7ef79817cc,Cũng Hóa Người Dưng,Vũ Phan Dương Ninh,POP_BALLAD,TIER_A,True,False,0,,False,False,0,,True,1312,234,f07ee8830a7b73e69d96ceec5bb7c0afb517dd6998134cd7eb988c1ce058106e,
RMVM_S_74e0c627fc,Điều Em Cất Giữ,Nheo,POP_BALLAD,TIER_A,True,False,0,,False,False,0,,True,1466,256,412d4fc430d82e75e989c70bad143066837658064aa6595ad9e688b0e278d7dc,
RMVM_S_45212d3dee,Chỉ Cần Độ Nàng Chẳng Cần Độ Ta,Trương Y Du,POP_BALLAD,TIER_A,True,False,0,,False,False,0,,True,2146,368,46584ec0fba77d370004d2b6eef6ab3e8c0c3ed87ca4ed61ba4835e75ca0f662,
RMVM_S_c57caa237e,Bụi Trần,Jin Tuấn Nam,POP_BALLAD,TIER_A,True,False,0,,False,False,0,,True,1768,301,b55b5876f650f268be3cc1b3df073cc0a8be12d60393b0d1227242b285844054,
RMVM_S_53d4736bfb,Anh Sẽ Mạnh Mẽ Yêu Em,Mr. Siro,POP_BALLAD,TIER_A,True,False,0,,False,False,0,,True,2477,438,623be0fc21961035da3e49495b1ebce75e32afc0e2e8557c309b201c743ccc79,
RMVM_S_ad19b38f43,LK Mắt Thu & Tuổi Xa Người,"Trần Thái Hòa, Hương Giang",INSTRUMENTAL,TIER_B,True,False,0,,False,False,0,,True,2066,357,df584d7a6f2cbb2ad47ac8eb5b3bcfd04574b200dbd743ab29334376f516d05b,
RMVM_S_b00c6e2f8c,Con Phải Làm Sao,Bùi Công Nam,POP_BALLAD,TIER_A,True,False,0,,False,False,0,,True,2367,430,a63ac737c1d9cbd23588be75bd8cf545ae5d2e36f31d0f16e587f3c4d73f2bee,
RMVM_S_997820e166,Chuyện Thường Tình Thế Thôi,Hồng Ngọc,POP_BALLAD,TIER_A,True,False,0,,False,False,0,,True,1989,338,17b7ee185e5cdd2f02e56a3355754569a9de988419fa71e59e6b0f134d106dea,
RMVM_S_d347bc68dd,Anh Sẽ Để Em Đi,Kidz,POP_BALLAD,TIER_A,True,False,0,,False,False,0,,True,1593,284,b01615c11b3da52dc9d6601102bcd263efa07fda4eb6e3074c9b9680c1831f43,
RMVM_S_5ae41acb6a,Anh Nắm Tay Em Buông Tay,Triều Hải,POP_BALLAD,TIER_A,True,False,0,,False,False,0,,True,2095,362,9c4314ca98f028a8bdaa08e8613422aa67a1ab1a0dfa7161fa2acc9cc6ad1101,
RMVM_S_909e4f54c0,Nắng Trong Mưa,Lâm Nguyên,POP_BALLAD,TIER_A,True,False,0,,False,False,0,,True,2304,388,06f7016f5c51069ebe05beacaa87bea7686fc172000e502c2cf2f6572713e92a,
RMVM_S_cf2075173c,Có Lẽ Bên Nhau Là Sai (MUS Remix),"HHD, thaolinh, ViAM",DANCE_EDM,TIER_A,True,False,0,,False,False,0,,True,1984,353,70b1c3b82e185f61428baa50f406febf08727f15a907464d098ac653a13c3133,
RMVM_S_0f917acc88,Chuyện Hai Đứa Mình,Dương Hồng Loan,BOLERO_TRUTINH,TIER_A,True,False,0,,False,False,0,,True,2149,349,3833512fcd74a948558999962b725d694931dbae4b3199addafb8516effe4208,
RMVM_S_4a1ed933be,Đừng Thương Tôi,"Lina Nguyễn, Lê Trần Media",POP_BALLAD,TIER_A,True,False,0,,False,False,0,,True,2252,384,655ae5219d6fa8564e295ceba02a284a4186d3a9d93f24df20ed42e58d543b62,
RMVM_S_022ea32d5f,Em Mãi Là Người Thay Thế,Trương Linh Đan,POP_BALLAD,TIER_A,True,False,0,,False,False,0,,True,2041,355,69fef08050165a570e658c8dd0e85026dd57ede5398899775fa50d9a174f31b2,
RMVM_S_43d0234d6a,Cánh Võng Mẹ Ru,Đặng Thái Hiển,POP_BALLAD,TIER_A,True,False,0,,False,False,0,,True,1074,187,ea8ee182b2abf0895933f3a0bcb142a10f243ca3b8452dd39bb0fb1ab84f286e,
RMVM_S_65ad191b5c,Giờ Đây Con Khôn Lớn (Parody),Hoàng Hồng Quân,POP_BALLAD,TIER_A,True,False,0,,False,False,0,,True,2239,388,043234594c192bc94602065ae98a8f6ddf4c2313d51240a5f2e29ee73b721bfa,
RMVM_S_8d36c4404d,MƯA THÁNG SÁU (solo version),"Trung Quân, Hứa Kim Tuyền",POP_BALLAD,TIER_A,True,False,0,,False,False,0,,True,2699,469,5b13c439b962cc89183cfff6f152a1d5a3768bcb6bf651b08ac96ccc4584be51,
RMVM_S_2bbc794da0,Đã Quá Trễ Để Anh Tha Thứ Cho Em,Tim,BOLERO_TRUTINH,TIER_A,True,False,0,,False,False,0,,True,2538,457,5ad02fb437457a355a8228cd717e06d1b9f6efcf38a68ebc1fd3ebddb437b13e,
RMVM_S_a77883e132,Buồn Thì Cứ Khóc Đi,"JSOL, CARA, Hoàng Duyên",POP_BALLAD,TIER_A,True,False,0,,False,False,0,,True,2328,402,30823feb3ac871049c3bee75b1d90f61d3a259586c2a80a667f88754da0e60f5,
RMVM_S_a573f95998,Tâm Tình Sinh Viên,"Nguyễn Văn Thông, Võ Đình Hiếu",BOLERO_TRUTINH,TIER_A,True,False,0,,False,False,0,,True,1946,325,94ffad788b269dddd91171a5171e3223d1f5ee4efaa3773011574b0be31033be,
RMVM_S_7e6e5580d0,Liệu Ta Sẽ,"Phạm Đình Thái Ngân, Annie",POP_BALLAD,TIER_A,True,False,0,,False,False,0,,True,2389,403,6ae6401124679667822ed939c7ef314ee03d8f0f2d3313b89d3d3a77dc5ac33f,
RMVM_S_2f0f071454,Bae Bae ! Yêu Anh Nhé (Cô Vợ Con Nít OST),"Đạt JeNoo, Sơn Trung",POP_BALLAD,TIER_A,True,False,0,,False,False,0,,True,2532,477,b0c359d709564203204ff60e82e48df5687b030e28b568547523ebb0db061b53,
RMVM_S_b1639fae4a,Hạt Mưa Vương Vấn,Phan Duy Anh,POP_BALLAD,TIER_A,True,False,0,,False,False,0,,True,1731,299,165d9321224a9f8f5eb6772f08c0bb60c3bf99662f27d3f77d5088ad12545fb4,
RMVM_S_9df26ba90f,Anh Không Quen Thiếu Em,CzEight,POP_BALLAD,TIER_A,True,False,0,,False,False,0,,True,1642,294,e54ff658041d5a14e37ea3a19637f48cde221e0fe0d78c99583137a261588f73,
RMVM_S_bd37d04440,Chuyện Tình Của Em,"Don Hồ, Châu Ngọc",INSTRUMENTAL,TIER_B,True,False,0,,False,False,0,,True,2028,353,94d84d98f98c2f9ca13ba4bbf95eb5a106c5f4fac0df1b73c6277a31b3dc44f5,
RMVM_S_7d29133542,Anh Không Muốn Làm Người Lạ,Lữ Kiến Hào,POP_BALLAD,TIER_A,True,False,0,,False,False,0,,True,2341,421,2b4fdc78866754ff93bc8ef010d5b061fb2d0c2c30566f2ca685298d1ad9ef69,
RMVM_S_9e19742303,Nhật Ký Của Anh,"Lil Z, Huỳnh Phi Hùng",POP_BALLAD,TIER_A,True,False,0,,False,False,0,,True,1724,318,272d89cd4c1c8d0aa510de6bbb5fa6cb9f3a2d49b1c355070c4239a389bb6b22,
RMVM_S_77bb185be3,Đôi Mắt (Cover),Tạ Minh Thành,POP_BALLAD,TIER_A,True,False,0,,False,False,0,,True,2123,382,18e5aba5f6725adc05f52101ccabbc9c80d7111a8ae81632dcae6511bd9e24a2,
RMVM_S_e8186211d1,Dòng Sông Không Trở Lại,"Trường Kha, Nguyên Huy",BOLERO_TRUTINH,TIER_A,True,False,0,,False,False,0,,True,1693,279,1f88bb283c5389e41604aeb17b5d3952e5e374434614e41ec66e86f8e1ac72cc,
RMVM_S_2f7a25b2e5,Mảnh Tim Vỡ,"EnTi TK, KaWaiiBi",RAP_HIPHOP,TIER_A,True,False,0,,False,False,0,,True,4105,715,c1ebfe0d31681ee096ca1ca42c099e80111fe498ed3437d8bf52b53c3309ef28,
RMVM_S_05a25517c3,Đâu Còn Đây (HHD Remix),"Nal, Lee Ken, HHD",DANCE_EDM,TIER_A,True,False,0,,False,False,0,,True,2220,384,3a883d9f38a3eb0c5262245821042d1239b0d16fca62fc886fc0c6af74d8cf45,
RMVM_S_9f40f3e833,Đang Yên Đang Lành,"Hoàng Rapper, Tim, Bảo Kun",POP_BALLAD,TIER_A,True,False,0,,False,False,0,,True,2349,398,0f7566262a94a268491732d5e5eac38a20c274a860d3a1dbae10e6252f1ff077,
RMVM_S_d38f23fb8c,Nét Đẹp Á Đông,Bảo Hân Bolero,POP_BALLAD,TIER_A,True,False,0,,False,False,0,,True,2658,466,d135e942dc9ac2c959a5826182c7d22cd6d69fed0d8efd2843f7519a3949cfdc,
RMVM_S_2617bc161b,Ai Từng Chân Thành Vì Em,Viên Xuân Sư,POP_BALLAD,TIER_A,True,False,0,,False,False,0,,True,2733,446,09556d1ba4e2a24208e26e1dc6bc3208e9a2bc4ad2180b909d865e28b72bb968,
RMVM_S_3aff260f3e,Em Mới Là Người Yêu Anh,MIN,POP_BALLAD,TIER_A,True,False,0,,False,False,0,,True,2472,456,37ad980b48c32351b865f96a345f92cbbad48b0b47c3d45556dfb7c13387f304,
RMVM_S_716b66254a,Lời Đường Mật (Remix),"LyLy, HIEUTHUHAI",POP_BALLAD,TIER_A,True,False,0,,False,False,0,,True,3587,670,c3a3108a960f3469dba89992a15c6ae24e71e79f16efd44dea8591fa1b0ad0a0,
RMVM_S_9b8c8fc46f,Đời Hoa Trắng,Lưu Ánh Loan,BOLERO_TRUTINH,TIER_A,True,False,0,,False,False,0,,True,1444,254,e38e7e2cca66dd1281150c3e97b448297bd03c8c89d199d44c02721cd8fbd496,
RMVM_S_80c42f8c5c,Hận Mình Tay Trắng (Yang Remix),Thành Đạt,DANCE_EDM,TIER_A,True,False,0,,False,False,0,,True,1731,289,215855382f7d0b28c5c8e64ab1fa6075ff1386a43e051b1b82ca5f72677ec632,
RMVM_S_16a7d1ce4c,Con Đường Mưa (Ciray Remix),Thương Võ,DANCE_EDM,TIER_A,True,False,0,,False,False,0,,True,2788,508,4b0cab44f239fb965d1326e01f343a974e8a880d040b995a462a470199219e3c,
RMVM_S_527f827241,Cho Con Trọn Chữ Hiếu,"Ngọc Linh, Nguyễn Hồng Thuận",POP_BALLAD,TIER_A,True,False,0,,False,False,0,,True,2085,363,f7c291d449e9b6724ac7369900ca848e196d5da83b4fbd68c5fffa48d45a4bf6,
RMVM_S_49b9e8413d,Anh Cũng Biết Đau,"EnTi TK, Quân Táo, KaWaiiBi",RAP_HIPHOP,TIER_A,True,False,0,,False,False,0,,True,3992,692,17582d3b37e2164ecfbef043fa0146e850fce3881a530f7fd9b7734d5b31e80b,
RMVM_S_ad330cf699,Mình Làm Người Yêu Nhé Em (Beat),Anh Tú,POP_BALLAD,TIER_A,True,False,0,,False,False,0,,True,1865,331,f22bc4d3b43196f7b89637be6f62c2325870d640e86a69a3c6bea59d89043055,
RMVM_S_6c2d8909bc,Trái Tim Đông Người (Acoustic),"Khắc Việt, Tùng Acoustic",POP_BALLAD,TIER_A,True,False,0,,False,False,0,,True,2073,352,759596da36d27e4aeee92126e06962c336e52a105286d5303b2a242f5941087e,
RMVM_S_0279bea8e0,Nếu Hôm Nay Là Ngày Tận Cuối Để Yêu,Đinh Hương,POP_BALLAD,TIER_A,True,False,0,,False,False,0,,True,1485,263,032d40dfae259fdffbf7864447b76cd6799a708d3da455940fe6e26b5ee253ab,
RMVM_S_8d0018afe9,Ai Ra Xứ Huế,"Phương Thùy, Đông Quân",BOLERO_TRUTINH,TIER_A,True,False,0,,False,False,0,,True,1137,207,0c86aebb95c4b3b5e714b26ffc151a073c6facc900633dad3aca41431f1b290b,
RMVM_S_f36ee5d3c9,Bạc Như Giấy Trắng,Nhật Kim Anh,BOLERO_TRUTINH,TIER_A,True,False,0,,False,False,0,,True,1700,286,dae15f97286fce2633255a5a643fe67b5770e273acba58cd68457c8474f36575,
RMVM_S_50397fcd4c,Men Cay Tình Đời,Mai Tiến Đạt,POP_BALLAD,TIER_A,True,False,0,,False,False,0,,True,2054,352,f2abb0451a796a43e1a6f6e2ee33c2df9e93acfa725d845b29f4ced1e9ac00b8,
RMVM_S_01c7513c64,Âm Thanh Mùa Xuân,NAM DaBand,POP_BALLAD,TIER_A,True,False,0,,False,False,0,,True,2399,404,f542c536d69a119b6f0e19d2de64f5c03d8e08eeb5b99765e949b27ad2b51426,
RMVM_S_69e373a37e,Chỉ Là Cái Tha Thu Mà Tùng Mashup Lên Thôi (Official Remix ),"Củ Cải, Masew",DANCE_EDM,TIER_A,True,False,0,,False,False,0,,True,3464,602,95f91cce3c79de05736f6d754197aaee11f01286e1d67552bd4b03f6225a6459,
RMVM_S_c27ef1d635,Anh Và Mùa Đông,Đặng Dinh,POP_BALLAD,TIER_A,True,False,0,,False,False,0,,True,1622,283,0000585eeaecac6594583bb6f050516df62e9b00a632d80ee15d6882a3b038b4,
RMVM_S_e8c1a63ffb,Cuốn Sách Mẹ Tôi Thường Nói,"ICD, Tom",POP_BALLAD,TIER_A,True,False,0,,False,False,0,,True,5164,883,eecf60eac605673dff30b061250cfa160ce26fe172cab2f3c600ee0000887bfb,
RMVM_S_bb510bc869,Bình Yên Ơi,"Nguyễn Hoàng Nam, Tina Ngọc Nữ",POP_BALLAD,TIER_A,True,False,0,,False,False,0,,True,1519,260,aaca8a12704783d42957853f7281b7f6e1640ad5fb3a781592013902d4fd326d,
RMVM_S_8decaa8a8e,Mắt Em Khi Cười,Teddy,POP_BALLAD,TIER_A,True,False,0,,False,False,0,,True,1827,324,c1237de470eb62e8e6a74b40e12548afd7d34479804b97e9149098a185033d70,
RMVM_S_5370890ad1,Đủ Xa Tình Sẽ Cũ,JSOL,POP_BALLAD,TIER_A,True,False,0,,False,False,0,,True,1879,327,cf44f5c2101348192d65f2a08dc162dca581dd9c99d4b1008b879eb0474e21a5,
RMVM_S_7c73293bcc,Món Quà Đầu Tiên,Nguyễn Minh Hải,POP_BALLAD,TIER_A,True,False,0,,False,False,0,,True,1014,182,4b914e641039e93846d8bbf77f95fe25cb931fcfeaae46bc86393524f3dc7fc6,
RMVM_S_8390c6a9e3,Kiếp Ngục Tù,Gia Huy Singer,POP_BALLAD,TIER_A,True,False,0,,False,False,0,,True,1920,334,947172436620969c5e7b7e069ababf1dbe010b5c116f44989f25eaa3be6f8f6a,
RMVM_S_35b151f22b,Dĩ Vãng Nhạt Nhòa (Cover),Hà Nhi,POP_BALLAD,TIER_A,True,False,0,,False,False,0,,True,1494,253,f08c4a7d30190477e27caca500ed91e670a9fa92959b66d133146b06adacf870,
RMVM_S_5b73b9336a,Liên Khúc Nếu Anh Đừng Hẹn - Tâm Sự Với Anh,"Quân Bảo, Quỳnh Trang",BOLERO_TRUTINH,TIER_A,True,False,0,,False,False,0,,True,2470,431,f203eb7c93808e1293b2060304d5e223cc20b470368c0cb2b66cf6cdc592850d,
RMVM_S_5eefa5aebe,Câu Hẹn Câu Thề,"Hoàng Dũng, BCLC",POP_BALLAD,TIER_A,True,False,0,,False,False,0,,True,1655,294,691898f4073498321d910875e213ad7e032bb45dc8167719dc94a7a5b5105de6,
RMVM_S_abfb15b5c2,Chia Tay Tuyệt Tình,Lâm Temboys,POP_BALLAD,TIER_A,True,False,0,,False,False,0,,True,2019,371,5df7fe532c42ce01c2ba25107ac2cfb52e55a4edf4a8342f24b9f96344d935d3,
RMVM_S_2aa46d8547,Không Dừng Lại Được,"Đông, yeuquaimohihi",RAP_HIPHOP,TIER_A,True,False,0,,False,False,0,,True,3865,658,02a4a40aacad2c8eae161d05e45547a505861b6dc5e8f218339d0384e517b951,
RMVM_S_8abdc9107b,Ai Cũng Có Một Mối Tình Buồn,Vicky Nhung,POP_BALLAD,TIER_A,True,False,0,,False,False,0,,True,2609,438,ed9be4ba8261e97e6086fb1c2ca739ea8414e173f8562280667a607acccfa1e8,
RMVM_S_19fe9159af,Trái Tim Yếu Đuối,Thúy Vân,POP_BALLAD,TIER_A,True,False,0,,False,False,0,,True,1968,343,7d000ab9e037370d36c61cbbafed2586caf2cd4985e5bcb44ef785cda019d70f,
RMVM_S_5215ad94e7,Biết Yêu Là Thế,"CZEE, Shanhao",RB_SOUL,TIER_A,True,False,0,,False,False,0,,True,3370,600,56c9c6c707607fc2107bd2eb548e2e42a094e1ac277549c51debc5eee98a18c2,
RMVM_S_3d76c6d1b0,Anh Và Bạn Tôi,"NgânT, Yuki Bo",POP_BALLAD,TIER_A,True,False,0,,False,False,0,,True,4873,868,280bcfc144f3810d9d32d65ab2f15cff74152af5d253357ca3c78b82e53b2665,
RMVM_S_6ffd6e2c2e,Hà Nội Mùa Thu,Thùy Dung,BOLERO_TRUTINH,TIER_A,True,False,0,,False,False,0,,True,1177,215,02e2b6984bf67c270c5d18d8dcc999f890870dd5c30197f10258d3d8d77aafb1,
RMVM_S_da71394d09,Tháng 7 Của Anh (Masew Mix),"Khói, Masew",RAP_HIPHOP,TIER_A,True,False,0,,False,False,0,,True,3985,707,c1bedb8da6aa402aba4cb0706fb222220f4ac01dc90320a45287c0b98a61efb9,
RMVM_S_81526686ab,Phố Xuân,Kitty Ngọc Nhi,CHILDREN,TIER_A,True,False,0,,False,False,0,,True,1710,302,fa0680b9db7005ef39a709a9b5d4a1be9c2ae6f6e3e83891c96495540ce7a803,
RMVM_S_884f63567c,Giờ Đã Không Còn Nữa,Trần Thắng,BOLERO_TRUTINH,TIER_A,True,False,0,,False,False,0,,True,1596,282,5cf426a27afa85dbbcc9f6dad4d89f8c3303c3a9818a7235453de978a5e50ad8,
RMVM_S_de354c3ed4,Chẳng Ai Thay Thế Được Em (Prod. Hải Ma),Double2T,POP_BALLAD,TIER_A,True,False,0,,False,False,0,,True,1840,312,642a252bbacd0d37196234553b5caa1945df8128affdb2f4eff4cd255440c731,
RMVM_S_520ce7a551,Lời Hứa Bỏ Quên,Đỗ Hoàng Dương,POP_BALLAD,TIER_A,True,False,0,,False,False,0,,True,2422,416,e648295d85ff1b4508730f3993fb2510873b50d43d83bf5ef348a4c00fca3c7d,
RMVM_S_95552aeb06,Anh Quá Khó Phải Không Em (Remix),Đoàn Việt Phương,POP_BALLAD,TIER_A,True,False,0,,False,False,0,,True,1928,362,86a423c324c75fd7fdcb74911393adb0141af169c626c5c4250e06be0c1e59f7,2014.0
RMVM_S_955dace2f5,Đôi Mắt Biết Nói Dối,CeCe Trương,POP_BALLAD,TIER_A,True,False,0,,False,False,0,,True,2279,398,175c09f750fb2b161b47c03c51ebb262260edc6792b5d8f74f29df918a1ba0e6,
RMVM_S_29ae046f4d,Có Chút Lo Lắng Về Tình Yêu,Dương Yến Phi,POP_BALLAD,TIER_A,True,False,0,,False,False,0,,True,2581,453,8bc537ae65a73c7d9d96221d51127f29caafc22df973335891cfd7056c816dba,
RMVM_S_30c6c373fb,Em Đau Ở Đây,T Blish,POP_BALLAD,TIER_A,True,False,0,,False,False,0,,True,1778,312,31dd1a011d2cf01ac2c9abefc9a5a5e3e132e659b62a2bcbc5a13521fde04127,
RMVM_S_f664a6047d,Lk Phải Lòng Con Gái Bến Tre Áo Mới Cà Mau,"Lưu Ánh Loan, Lưu Chí Vỹ",POP_BALLAD,TIER_A,True,False,0,,False,False,0,,True,3216,561,419c00836d4ffe966d40542edc62851744e87ac0066e4ebd44078bc5b076048d,
RMVM_S_e60f95234d,Chợt Nhớ Về Anh (Studio Session),Hồ Ngọc Hà,POP_BALLAD,TIER_A,True,False,0,,False,False,0,,True,2174,377,ea946eb397dc762252bd93a92f9f44705378529a03d19b08a61e9fd891586cea,
RMVM_S_05d309d46e,Người Lạ Đã Từng Thương,Nhật Tinh Anh,POP_BALLAD,TIER_A,True,False,0,,False,False,0,,True,2394,399,7a23ddd12a168a002568207ea8e6b0ce7deee3f581665b4129f0c1009b7989b8,
RMVM_S_73fa6e04cb,Ngày Đá Đơm Bông,Bảo Hân Bolero,BOLERO_TRUTINH,TIER_A,True,False,0,,False,False,0,,True,1922,323,5c3dc77fc83c2f13f3f44024c9c245e7573782a69bc946f2f47d11e5694fc676,
RMVM_S_eb200bbb62,Tiếng Chày Trên Sóc Boom Boom,Hoàng Tú Minh,BOLERO_TRUTINH,TIER_A,True,False,0,,False,False,0,,True,1241,218,c943fb6fe4d6807c1a232776f472cc0d15f064cf58ff5acd6a4cb834e4b3876e,
RMVM_S_68b609a51a,Công Ơn Hùng Vương,"Ruby Bảo An, Công Quốc",CHILDREN,TIER_A,True,False,0,,False,False,0,,True,1771,300,6a99739880b737db1bcf83c4ff7226a5f1b72f8a424b93f928890fa827c42df4,
RMVM_S_06492041f2,7 tỷ người tìm thấy anh rồi,Orange,POP_BALLAD,TIER_A,True,False,0,,False,False,0,,True,1789,304,8e1a1dead438bfc9362b4db7b65d7c5f6a7c8832a325b2e4916167eaceeabedf,
RMVM_S_d937e76c70,Anh Cũng Lỡ Yêu Em Rồi (Remix),Cao Nam Thành,DANCE_EDM,TIER_A,True,False,0,,False,False,0,,True,1968,374,39c29f61840d57fcb02a196350c926c35d3d46c74ba32d3eaa44266a132b2d35,
RMVM_S_ef229837ff,Lý Do... Anh Bỏ Em Vào Balo,Tân Trần,POP_BALLAD,TIER_A,True,False,0,,False,False,0,,True,2169,380,0d077431e2663cbc8a12af85615d57911157f77fccc262fb950db99a9bec5aef,
RMVM_S_caf946bc3d,Bởi Vì Em Tin,Nhật Kim Anh,BOLERO_TRUTINH,TIER_A,True,False,0,,False,False,0,,True,1575,292,1a40860fec720b2c1f8059a3411dc99a018e5ef7051af4c2ebad46e25daf369c,
RMVM_S_60e31ecab9,Cho Anh Quyền Kiêu Hãnh,Thành Đạt,POP_BALLAD,TIER_A,True,False,0,,False,False,0,,True,2004,351,9440d3ac64e2cae02243d69cb198388859288a839246c6c975d21839a2986c40,
RMVM_S_182c7a54ac,Em Muốn Quên Đi (Tropical House),Trung Tự,DANCE_EDM,TIER_A,True,False,0,,False,False,0,,True,1780,311,5d8574ab1de7afe4e9db52e35fc6957437939a9bae3672deb928ee9e5289dd94,
RMVM_S_15db0094f7,Có Những Chiều (Cover),Music 30 - 365,POP_BALLAD,TIER_A,True,False,0,,False,False,0,,True,1918,323,0741796a58eece40d681f14d0d7f30cced5ef5afba795d896068235490821d7f,
RMVM_S_43374524b8,Bên Em Quên Đêm Đen,"ImD, Shi-G, Tiến Dũng",POP_BALLAD,TIER_A,True,False,0,,False,False,0,,True,2406,433,3f3e20493e155d0dfa2b84948c82f5cb0e805cbfdb6975b3f5c46fd0edd72e1c,
RMVM_S_e6ceac0c92,Tâm Sự Chàng Ca Sĩ,Võ Minh Lê,POP_BALLAD,TIER_A,True,False,0,,False,False,0,,True,1614,271,8ffd8a2bece63fe848a4a5e23ce186c3c3bf3911aca04424a47533b70b450c35,
RMVM_S_f2fb45d1c5,Vô Cùng (Cover),Quốc Thiên,POP_BALLAD,TIER_A,True,False,0,,False,False,0,,True,1482,258,f66b961ae8751ea2611b6f05aca6d220c1dab4eb813f26d4523fe13875a3e22f,
RMVM_S_fd1fe3c88b,Cho Bạn Cho Tôi,"CARA, Hoàng Duyên, JSOL",POP_BALLAD,TIER_A,True,False,0,,False,False,0,,True,1602,289,73041ffcdb50445c052de5a2b4d13127f8fe021a52d151e78601ca204d6ec13d,
RMVM_S_cd73993f78,Anh Ghét Những Cơn Mưa,Hiếu Nghĩa,POP_BALLAD,TIER_A,True,False,0,,False,False,0,,True,2087,351,754c5149c4713fceab0e5305344e4089d493bb89a9373bd99d5090c6dd04af10,
RMVM_S_7bd16e5bfe,999 Đóa Hồng (Remix),Khương Hùng,POP_BALLAD,TIER_A,True,False,0,,False,False,0,,True,2079,355,04bd1068d72747cdf0d0694f9da0ce6c04ba78bc6454b6377c40f5f92f4ad1c3,
RMVM_S_6063a13e2a,Tơ Hồng Tình Đã Se Duyên,Hiền Trang,FOLK_TRADITIONAL,TIER_A,True,False,0,,False,False,0,,True,1608,283,0c75b73a4abe034758ffe5dbe335a5bc6326048525bc4419ca6428db6283ec8c,
RMVM_S_bee78e8609,Nỗi Buồn Không Tên,Quốc Đại,BOLERO_TRUTINH,TIER_A,True,False,0,,False,False,0,,True,1594,272,bb1431ee7f86764731bf5f30ddd2b288cb4f405bd3799e6be7428316f24cfc77,
RMVM_S_4bfee06a65,Thiên Sơn Vạn Thủy Của Em,Thiên Tú,POP_BALLAD,TIER_A,True,False,0,,False,False,0,,True,2515,433,41070519afe8cbb0037f0059d0cfca4372c70f98e9d8636a4b99eca6aa5b1286,
RMVM_S_277fdbd6ce,Liên Khúc Đường Tím Bằng Lăng - Vì Lỡ Thương Nhau,"Đạt Võ, Kim Ryna",BOLERO_TRUTINH,TIER_A,True,False,0,,False,False,0,,True,2413,407,2762df480d5c7367cf4d75dc1fc2da004e379d3c6ce38d21ba3b0d3b680dc2bb,
RMVM_S_74fdc8c909,Anh Chọn Cô Đơn,Viết Long,POP_BALLAD,TIER_A,True,False,0,,False,False,0,,True,2053,341,47fd8a31135b59691caaf13957bd97f39877a1aecb70db54a51fe6a48740746a,
RMVM_S_ade707e8d6,Anh Em MaCau (SinKra remix),"Sakhar, Xavi",POP_BALLAD,TIER_A,True,False,0,,False,False,0,,True,4708,819,0e47425a2c44f57ec97b69c3f8aa4e6109757d12286aef4e52a6d91a4ce34f5f,
RMVM_S_af4406e4bc,Kẻ Say Rượu,Thiên Tú,POP_BALLAD,TIER_A,True,False,0,,False,False,0,,True,1069,180,ddb8c5565e440853a198b14b001390f4ef1717be30503f6a66ed9a6871b001e2,
RMVM_S_c5b61253e4,Chờ Đợi Người Xưa,Băng Tình,POP_BALLAD,TIER_A,True,False,0,,False,False,0,,True,1842,309,8bbf477847849ba55672d58cc8581ab27958b59b802ff4187853313cac2fa674,
RMVM_S_26294abe5a,3am & Healing,"Larria., Trung Tâm Băng Đĩa Lậu Hải Ngoại",POP_BALLAD,TIER_A,True,False,0,,False,False,0,,True,541,99,fd0d6a2db82c27f2b1a2f63dd53faec30259c183502390d4194a7c7dec984b7e,
RMVM_S_acb937043a,Bài Ca Sông Hồng,Bức Tường,ROCK,TIER_B,True,False,0,,False,False,0,,True,1493,246,b77443550311d7892713e6b88ef8c1f0a6972d8a6f4cb370f0c376282b5f653c,
RMVM_S_12c62fa7dd,Biển Chiều Hoàng Hôn,Đông Hùng,POP_BALLAD,TIER_A,True,False,0,,False,False,0,,True,1590,276,99a3fcb4720d84879a03dd625fcad0ee2a569fb10671d647389feea3b3116b24,
RMVM_S_cdcef3c631,Dáng Em,Bằng Kiều,INSTRUMENTAL,TIER_B,True,False,0,,False,False,0,,True,2334,426,da2e7f1447d057d48cd65962c273a93f7f28a8367361fac3653e444ba8dea3e1,
RMVM_S_2506d628c4,Có Cô Đơn Nào Vui,Nguyễn Hữu Kha,POP_BALLAD,TIER_A,True,False,0,,False,False,0,,True,2696,450,150ae00278afdd62882fa8638e7974f6c4bb077b67a0d2fa89d99154cb30aa7a,
RMVM_S_ba6fde221c,Anh Chỉ Cần Có Em,Trương Quốc Quý,POP_BALLAD,TIER_A,True,False,0,,False,False,0,,True,2850,516,13f36713f45bf055111290e3ca911e530a42639cf66599ab97d293dcfa184f23,
RMVM_S_ebf3d6d137,Ghen Chỉ Vì Yêu,Lâm Chấn Huy,POP_BALLAD,TIER_A,True,False,0,,False,False,0,,True,2388,439,673b6026756be0ad142cc7393c7eecb6799e4cac51afb7b17537d8c96ab7ee9c,
RMVM_S_71551814f3,0 AI NGHĨ,Wxrdie,POP_BALLAD,TIER_A,True,False,0,,False,False,0,,True,3372,604,72d5ee0ad69a11c0e4d6a5e32a75bfb34acf279a47a90fa7c0495551331a88f0,
RMVM_S_241c2c8035,Đau Một Lần Rồi Thôi,"Uyên Trang, Trần Tâm",POP_BALLAD,TIER_A,True,False,0,,False,False,0,,True,1979,352,a5db3deec60ad3b4dd133c4bb776e9933991d572776a7e101fa248c7721dd815,
RMVM_S_ab46517301,Hà Giang Quê Hương Tôi,Mỹ Anh,BOLERO_TRUTINH,TIER_A,True,False,0,,False,False,0,,True,1738,301,3524201345a824914723713fd5db10ac5566a2f77385cce7cf5df96ce9b075cf,
RMVM_S_a551b1b29b,Vô Cực Nhớ Em,Lil Z,POP_BALLAD,TIER_A,True,False,0,,False,False,0,,True,2225,404,a89fe680fdf0aaaf759075cc4b291876f2da9d711d38da62ae343cafcfac7f98,
RMVM_S_9927d0d974,Cơn Mơ Tình Ái,"Lưu Ánh Loan, Nhật Duy",BOLERO_TRUTINH,TIER_A,True,False,0,,False,False,0,,True,1663,296,e99922779c77b5875a8f974eeae918558e292884ef1d496d5346cd868599b121,
RMVM_S_38c5c37aad,Xin Cho Mãi Yêu,"Vicky Nhung, Long Rex",POP_BALLAD,TIER_A,True,False,0,,False,False,0,,True,1733,322,dbce4dccda1cc79fe9d50d54b78217455e360d4d585dc57df4f7fa80ff534129,
RMVM_S_a40bc4327b,Tâm Sự Một Người Lần Đầu Làm Ba,Sang Bùi,POP_BALLAD,TIER_A,True,False,0,,False,False,0,,True,2274,413,cf8c9e387e93f3ba39d75744bd34a2e34c03c80018625d3269a9108f2a5fc999,
RMVM_S_68137a80a8,Có Ai Đi Hoài Một Lối?,"Yến Tattoo, Quân A.P",POP_BALLAD,TIER_A,True,False,0,,False,False,0,,True,3111,559,0f120813df2ddb1c5381c52168e0294f39418a43f07a5d129a73df206313ad28,
RMVM_S_287ee0ddee,Lạc Vào Cô Đơn,Thiên Tú,POP_BALLAD,TIER_A,True,False,0,,False,False,0,,True,2097,362,e671fc39b810aea7082e7ecf31c041a40242192049bdeb5a56d81d1835bc6707,
RMVM_S_2191f64874,Trên Chuyến Xe Lam,Hồ Quốc Bửu,POP_BALLAD,TIER_A,True,False,0,,False,False,0,,True,1678,294,a658ba2bfc59d87b60e69952ff8fc997bca808567f0f7a8e7d49e49bec1bbc4a,
RMVM_S_f41c739bac,Hôm Nay Mùa Xuân (Sài Gòn Trong Cơn Mưa OST),Avin Lu,POP_BALLAD,TIER_A,True,False,0,,False,False,0,,True,1757,300,9a3e9ecc7b955df751f391c2be57d3c4fb9026c67149105d71d609eacd4d1c51,
RMVM_S_8d767861f5,Bước Za Đi Xa,"Wxrdie, Marlykid, Lucin3x",POP_BALLAD,TIER_A,True,False,0,,False,False,0,,True,2685,475,52729a21e950d7f449b4b48b380bd8b6d79cc02c74912d756174e5a04b9ad33f,
RMVM_S_761a3999b2,Giọt Nắng Hồng,Mai Khôi,BOLERO_TRUTINH,TIER_A,True,False,0,,False,False,0,,True,1474,252,32d11cff3afc5d36dc0033811f391611e7c52feedea6a5130d1306fff6757339,
RMVM_S_ed331bf539,Chuyện Hoa Sim,Mai Lệ Quyên,BOLERO_TRUTINH,TIER_A,True,False,0,,False,False,0,,True,1859,304,6b60eb3be4714c0418f109afb393eeadaffe0a2b7c95a1293e0354a23f189c9c,
RMVM_S_4d9b381653,Có Tiếc Tình Đầu,Ngô Minh Huy,POP_BALLAD,TIER_A,True,False,0,,False,False,0,,True,2436,416,efb2ab3a93918df7125249ba728a144c8d6a9a487047d555446ed668b09d5a08,
RMVM_S_ca30aa6a70,Liên Khúc Nếu Em Được Lựa Chọn - Để Nhớ Một Thời Ta Đã Yêu (Xuân Phát Tài 11),Lệ Quyên,BOLERO_TRUTINH,TIER_A,True,False,0,,False,False,0,,True,2752,483,5c3552f0c303a202bb3032a831993d2daea4231cf167165b62b4494ac838884f,
RMVM_S_73985ca385,Kết Thúc Được Rồi,"UKI Uyen, Freaky",POP_BALLAD,TIER_A,True,False,0,,False,False,0,,True,4124,710,c45df98fdc1e5f4d37127d370cb0ec7999a9a2998c614c185c69f0d23b40466a,
RMVM_S_a2e9efe895,Xin Lỗi! Em Không Cần,Tăng Quỳnh My,POP_BALLAD,TIER_A,True,False,0,,False,False,0,,True,2158,390,4b48c4878a8cf4cde00c55debcb12ae9c7cecef6c2482e464eee933053f625aa,
RMVM_S_5fda12da6c,Mối Tình Già,"Khưu Huy Vũ, Lê Như",BOLERO_TRUTINH,TIER_A,True,False,0,,False,False,0,,True,3153,579,92355c9b58371419f5c45668cda02f9f881091f6c1ac2bc0fce4be05b04c90a0,
RMVM_S_374fceb3c6,Nụ Hôn Bất Ngờ,Thu Hiền Hellen,POP_BALLAD,TIER_A,True,False,0,,False,False,0,,True,1638,298,6e18c0d1f4cad10d7dce62fe076923787518e5d0eaade7b6628871746077e697,2023.0
RMVM_S_2863cbb1d2,CHO EM MỘT NGÀY (feat. Thanh Lam & Orange),"OUR SONG VIETNAM, Thanh Lam, Orange",POP_BALLAD,TIER_A,False,False,0,,False,False,0,,True,1540,268,a1c9f4718c27338edddf0d526e20514b662a8547b6f26fe70af0c8476c182135,
RMVM_S_01720439fd,Hạnh Phúc Nhỏ,Nguyễn Chí Tâm,POP_BALLAD,TIER_A,True,False,0,,False,False,0,,True,1944,345,bd1d2d4c8b2128081c16de9692c3e8f0930c81b96f5e3a6d95edbb710576b41f,
RMVM_S_b4e78fa68b,ANH SẼ CHỜ EM,Qiti,POP_BALLAD,TIER_A,True,False,0,,False,False,0,,True,1991,348,332bb6aecf7534aed7d729ff339eeeb564ef166584f21ad77dc7dd9533e9ffd1,
RMVM_S_53c7b037d3,Giọt Sầu Trinh Nữ,Mai Thiên Vân,INSTRUMENTAL,TIER_B,True,False,0,,False,False,0,,True,1422,267,1849dbad01e5105cc64a36c2078e5a614eb6facc75424901922ff310a54857ae,
RMVM_S_a4251e1a31,Về Với Thực Tại,Lâm Triệu Vỹ,POP_BALLAD,TIER_A,True,False,0,,False,False,0,,True,2107,364,0d19a89b89a754005e14f02d0bf01ef32a5ebbc81946000fdf00d3e7c1334e6f,
RMVM_S_7ed0aebb35,Là Vì Ai (Another Version),The Sheep,POP_BALLAD,TIER_A,True,False,0,,False,False,0,,True,1701,333,238e3eaf15eb7469d4ab6746e321d7ce8e66184efea254120331f3c0f9c6e6a1,
RMVM_S_88fe74f8c5,Từ Nay Còn Ta Với Ta Lưu Lạc,Lee Phú Quý,POP_BALLAD,TIER_A,True,False,0,,False,False,0,,True,1773,298,a0c8db57e6e02ceffb1b42d48346ef9df057c8bf69d2cc08a62df366038c35f5,
RMVM_S_6112c4198f,Đau Thương Em Phải Mang,Lâm Triệu Minh,POP_BALLAD,TIER_A,True,False,0,,False,False,0,,True,1932,333,e4f6ae6d1ab56da6b60d84cda5a701c770a2279a83dd121bdd1a5e11c22912ca,
RMVM_S_4397405311,Ôi Tình Yêu (Cover) (Remix),Lê Yến Vy,POP_BALLAD,TIER_A,True,False,0,,False,False,0,,True,2052,377,9224c144bc42a9c8dec3496ed536825355c985728136f2deeb86af9583b82aaf,
RMVM_S_b539afc1a0,Đánh Thức Giấc Mơ,Hà Văn Đông,POP_BALLAD,TIER_A,True,False,0,,False,False,0,,True,2524,430,c92cf0e3e8547f7d45452553227735c4e2b2b41685b0810d7d8c4771367b0d09,
RMVM_S_bf5c8c9bea,Cứ Yêu Đi Nào,VOX,POP_BALLAD,TIER_A,True,False,0,,False,False,0,,True,2318,416,3be984fe4653d5d7f8e947925147ea09a18f250cbd4703a398f2802351a38e62,
RMVM_S_61ef4dc0f5,Cưới Luôn Em Ơi,"Jin Tuấn Nam, RyoT",RAP_HIPHOP,TIER_A,True,False,0,,False,False,0,,True,3828,703,1a9e355841ee41244fbaa4138abfd1cb18013191e48e7dfd20abccee5d7e3449,
RMVM_S_66868d4ba2,Bước Tiến Bước,Nhiều nghệ sĩ,RAP_HIPHOP,TIER_A,True,False,0,,False,False,0,,True,3155,538,47d581eaf9116658959031a4e5eb0e9c384699a1f92c96e587dcbf1a11ccd5e7,
RMVM_S_e6d87356b1,Chị Ong Nâu Và Em Bé,Mầm Chồi Lá,CHILDREN,TIER_A,True,False,0,,False,False,0,,True,1793,310,8d12836d1b5a6a06d4983d6ab5b34b3ef58cd341a8e3f736ae0f9b3210e89ef1,
RMVM_S_505cd5adfb,Ba Lời Thứ Tha,Đan Trường,POP_BALLAD,TIER_A,True,False,0,,False,False,0,,True,2208,406,1dd6dbd3716146355e72f863706ca7a30b14d614ab44ac6876c63a73a2cdcd79,
RMVM_S_82379c78c6,Yêu Anh Em Nhé,Tuấn 2T,POP_BALLAD,TIER_A,True,False,0,,False,False,0,,True,5887,1044,a1cd56a09b25f618b7b1a836468013b0ad39f1176435d35255e66f999dc1f929,
RMVM_S_f508ab7957,Đắp Mộ Cuộc Tình,"BeeBoss, Tuấn Chung",POP_BALLAD,TIER_A,True,False,0,,False,False,0,,True,1832,314,4f5bd59ce6acad79e1c5eff371e46120c399d826839dcfc98e3afb96b7418590,
RMVM_S_55ae61bebf,Áo Nhà Binh,Gia Tiến,POP_BALLAD,TIER_A,True,False,0,,False,False,0,,True,1736,296,879257a01227eb2079cb36b7b99d381a92abe7a3a00a820813884f398b9665c5,
RMVM_S_e14683139e,Lỡ Duyên Khó Gặp,J.E.K Team,POP_BALLAD,TIER_A,True,False,0,,False,False,0,,True,2066,373,510cc7acd309540ab1088c83aff90bd124cc755764700084f5eb0b5c45665dab,
RMVM_S_8ea87a1082,Cô Ấy Không Yêu Tôi,Hùng Quân,POP_BALLAD,TIER_A,True,False,0,,False,False,0,,True,2459,420,a43d6afb10da1fe10e46cf97ec53103a857443de86ee1db041b27cf84844ff6b,
RMVM_S_0a1d923423,Bài Không Tên Cuối Cùng & Bài Không Tên Cuối Cùng Trở Lại,Đào Kỳ Anh,POP_BALLAD,TIER_A,True,False,0,,False,False,0,,True,1692,293,da46a905c5e9fac064e059b5dd72aeae6bf504127d5eb50fab8e1b7647e1eaee,
RMVM_S_e4dcefec57,Đoạn Kết Cho Tình Yêu,Đỗ Minh Quân,POP_BALLAD,TIER_A,True,False,0,,False,False,0,,True,1649,280,a54a282f6bd4030957367ee38c1a6714884e05115b9888a9d349e9eca28b035b,
RMVM_S_8524cb8ab1,Liên Khúc Gõ Cửa,"Đăng Nguyên, Quỳnh Vy",BOLERO_TRUTINH,TIER_A,True,False,0,,False,False,0,,True,1906,302,d351b7a11e817c9fac749ee2866ca6d19c5fea2a15419c2c357fb0db8a634b33,
RMVM_S_93b4e31e95,Tình Ca Mùa Xuân,"Bùi Thúy, Trần Hữu Tuấn",FOLK_TRADITIONAL,TIER_A,True,False,0,,False,False,0,,True,1584,283,59cffd7f0d35c9cb096fbbb3d79be03151b28c3e9760cef5f24eef4c846a8c7d,
RMVM_S_e349161056,Chờ Mùa Đông Qua,Khải,POP_BALLAD,TIER_A,True,False,0,,False,False,0,,True,1035,192,e29f15c8b115b265877494e4a2d85ef6a31d24dd17fe8fd363163a758639d637,
RMVM_S_90c6c5bd79,Lỗi Lầm Tình Yêu,Nhật Kim Anh,POP_BALLAD,TIER_A,True,False,0,,False,False,0,,True,2440,434,9fbf9c893d2799b4f5b2c28ac22d315538eef5f6cefd5905328df0f895eafc97,
RMVM_S_4a1c4f57c0,Chúng Ta Chỉ Giống Tình Yêu,Hoàng Green,POP_BALLAD,TIER_A,True,False,0,,False,False,0,,True,2568,448,95c87595af552f431acfa1572ea2ff1d244d3a744114859efafd9e9d1a9b66c8,
RMVM_S_bdccfafb87,Mong Kiếp Sau Vẫn Là Anh Em,"Lưu Hưng, Dương Ngọc Thái",POP_BALLAD,TIER_A,True,False,0,,False,False,0,,True,1585,279,0150bced5ee37a16fe8493894b079899f5363d3bb0cff8791fef26dc90939a76,
RMVM_S_7ba71ae410,Anh Là Của Em Đừng Của Ai,Kỳ Châu Ngọc Bích,POP_BALLAD,TIER_A,True,False,0,,False,False,0,,True,2322,414,bc729067ce935efb806dce47add943f8945f0fd1228a7f4a3f9c7ddb789ac6a0,
RMVM_S_3c985ff761,Mơ Được Yêu,"Trung Tự, GAOTHOM",POP_BALLAD,TIER_A,True,False,0,,False,False,0,,True,2003,357,69313f54e02d3e7792f6b5de7dbb12ab1ab116de91ce264d2b340003568b8153,
RMVM_S_a8e299abe3,Miền Tây Xuân Tình,"Hồng Phượng, Thiện Hảo",POP_BALLAD,TIER_A,True,False,0,,False,False,0,,True,1708,294,4e4d0204aab2ee449d69b9e987228a5717c8ec976d3b47ac726f87e225d6d138,
RMVM_S_5268bc0bb4,Phút Biệt Ly 2,Chí Thành Danh,POP_BALLAD,TIER_A,True,False,0,,False,False,0,,True,2171,392,fb14e19b3b67f122332db4873d2be6dc5e60528971a0bdac0f070eedaf2a6728,
RMVM_S_d25e5c570e,Anh Thương Em Còn Non Dại,"Đình Dũng, ACV",RAP_HIPHOP,TIER_A,True,False,0,,False,False,0,,True,1578,288,e630a7c9b2bbb0df44df3f494a34398ff9dcbe65c77bddcf07f30a35b0964044,
RMVM_S_57169875be,Anh Đã Cố Gắng,Dương Vỹ Phúc,POP_BALLAD,TIER_A,True,False,0,,False,False,0,,True,1916,339,ecd00d4800dd6a90f9946c04428f712afb123906a5bb24df7699d2d6b040cfc5,
RMVM_S_8fd652a2e5,Vì Anh Em Đành Lùi,AndyShin,POP_BALLAD,TIER_A,True,False,0,,False,False,0,,True,3642,637,de274b70a009daea74071b7b15030aef5f3ca3bb2ce3efffbb46930b1288d8e1,
RMVM_S_8f027077ca,Quyết Không Ngã Quỵ,Ngô Viết Trung,POP_BALLAD,TIER_A,True,False,0,,False,False,0,,True,1891,339,992ccead3048762f46de8f74a22dd3834c61d262bdd129ab0853977c38f0ce02,
RMVM_S_4f19a53f18,Bước Ra Từ Cuộc Chơi,Nguyễn Đình Vũ,INSTRUMENTAL,TIER_A,True,False,0,,False,False,0,,True,2068,374,5ca32991bddb674eb802787c9b55f7d2010c26f69298ce00dd43c095d8e7a804,
RMVM_S_fbe99a7aba,Một Ngày Vắng Anh,Thu Thủy,POP_BALLAD,TIER_A,True,False,0,,False,False,0,,True,1302,239,6a7feb92e4c67c5ca06a1192ffaa8f7ad470abe448881a5a9b005393568682d4,
RMVM_S_7fabb1d27a,Quan Trọng Là Tâm Hồn,"Namlee, 1nG",POP_BALLAD,TIER_A,True,False,0,,False,False,0,,True,3835,690,6bc7ac5bb58f30a00069368cfdda2fc5aca4b176b358019ea723483fdcb6d23b,
RMVM_S_d7602e42c6,Giọt Lệ Mùa Đông,Nhật Kim Anh,POP_BALLAD,TIER_A,True,False,0,,False,False,0,,True,1945,345,7efbc571c07490da6e90f9ec88815dca1dc10df893f4f507dc8498d696c1add3,
RMVM_S_34600a6279,5 Vạn 7 Ngàn 600 Lần Nhớ Em,Thương,POP_BALLAD,TIER_A,True,False,0,,False,False,0,,True,3417,599,f0358c06e8544bbf1b58f1584e15e9d744d20be515354f2e019b69a5d1295be4,
RMVM_S_482749d27f,Đậm Sâu Rồi Cũng Phai Tàn,Nguyễn Bảo Minh Long,POP_BALLAD,TIER_A,True,False,0,,False,False,0,,True,1752,305,38b55457153b7eddf9bb5fc04de2b7c412babc8019b96d470681d39a31c3e203,
RMVM_S_5289932bbc,Lỗi Lầm Của Anh,Hoàng Bách,POP_BALLAD,TIER_A,True,False,0,,False,False,0,,True,2281,419,a299231a8113b3571968feba57b7973f54773233e529db160f25fbe26e7ef5a3,
RMVM_S_d55c5ebe7b,Bao Lời Hoa Mỹ,"Lynk Lee, Nah",POP_BALLAD,TIER_A,True,False,0,,False,False,0,,True,4240,744,87e186ece605a1f39ca5c100dfdad4ad4c663ce4f937848d670f53c4613c3f7b,
RMVM_S_7863c8a0b6,Điều Ước Cho Con,Đình Trung,POP_BALLAD,TIER_A,True,False,0,,False,False,0,,True,1314,222,9664d064fea554388318719cbc5e9728fb3835bfeac18dcc432726dbeb9853b8,
RMVM_S_cb9c218f5e,Anh Vẫn Ở Đây (Wan Remix),"Thành Đạt, HOA HỒNG DẠI MUSIC",DANCE_EDM,TIER_A,True,False,0,,False,False,0,,True,2355,390,446e77391c7edf7f83272cbd444ba0f5263fd2b2e12433cfeda2bc7d9f6dc866,
RMVM_S_0703d4e508,Đã Biết Sẽ Có Ngày Hôm Qua,"Tim, Quỳnh Như",POP_BALLAD,TIER_A,True,False,0,,False,False,0,,True,2354,427,d25b078c5844c52cf96e5f7bb7ae19c6d79f9b6d573ca261b03a3223defe19d1,
RMVM_S_1ce32a1657,Cứ Bước Đi Cùng Nhau,Espelune,POP_BALLAD,TIER_A,True,False,0,,False,False,0,,True,2067,355,4179b932b36a6b502009290b39df7d165e40a6e0e846babd95d5085da91c108e,
RMVM_S_01c2d6b028,Sầu Vương Chi,Hàn Quốc Thắng,POP_BALLAD,TIER_A,True,False,0,,False,False,0,,True,1632,294,893a5c9f872a2d59197fda07cc483a7eaaa745d45f80c7cb94a0e76f4b38bc87,
RMVM_S_22624a6d50,Ân Đoạn Nghĩa Tuyệt,Trương Chí Lâm,POP_BALLAD,TIER_A,True,False,0,,False,False,0,,True,2266,417,c153b5494018a987cc3b38debd0f5cc4360e930063ac063169b68ecb701754ca,
RMVM_S_4fff9f0bf3,Con Tim Anh Thay Đổi (Speed Up),Thủy Lê,POP_BALLAD,TIER_A,True,False,0,,False,False,0,,True,2136,382,baf0eb6487ea206b744412ae1ae43c4db5246ff9d94126cb3820f1dc0564df4e,
RMVM_S_8538bd71b3,Mùa Xuân Có Em,Giang Trường,BOLERO_TRUTINH,TIER_A,True,False,0,,False,False,0,,True,2581,456,b4b2f10e03d96df021b9591e89eae243919d16170b36b80d924882c213f465ba,
RMVM_S_a999f1b6ba,Em Gái Miền Tây,"H2K, Đía, Kunzing",POP_BALLAD,TIER_A,True,False,0,,False,False,0,,True,2637,450,4e687a1dbd5a0468703f006366d32ee7f5d9a8b9047f81b90efbb906c9953910,
RMVM_S_836b51e415,Chúc Mừng Hạnh Phúc,Mắt Ngọc,POP_BALLAD,TIER_A,True,False,0,,False,False,0,,True,1574,264,c01ec12c5f8e0e32bb1d8b15d7cde7a0a58cf745dd50e79097c1581411cb8d35,
RMVM_S_ce2ac728d3,Cách Xa Muôn Đời (Đạt R Remix),"Billyy Công Hiền, TLong, HOA HỒNG DẠI MUSIC",INSTRUMENTAL,TIER_B,True,False,0,,False,False,0,,True,2055,352,f1ee16ab2f70ed1e15ad88091ec4370d47b45c8314387b3a241e8be2128f183a,
RMVM_S_84a05b47fa,Ba Má Anh,"Nhật Bảo Luân, Bỉnh Tài",POP_BALLAD,TIER_A,True,False,0,,False,False,0,,True,2418,451,63397b1c13a8399469168934e384e8be93b3a27d0725d00f13d6db8d54c48058,
RMVM_S_fa82acf945,Càng Trưởng Thành Càng Cô Đơn / Gửi Người Yêu Cũ (Live),"Hồ Ngọc Hà, Ngọc Mai",POP_BALLAD,TIER_A,True,False,0,,False,False,0,,True,2095,359,cc789274ca39ef6169bd94046fb4c922107f4a5bfbaf6cbb6d0316527fd71b1d,
RMVM_S_7f7734624a,Nắng Ấm Xa Dần (Onionn Remix),Sơn Tùng M-TP,DANCE_EDM,TIER_A,True,False,0,,False,False,0,,True,2665,476,d0fe3378182778e866f960e7480b5ab3598907eaf5252c9537e77898bf0a5789,
RMVM_S_4510b57bc4,Như Lần Đầu,Nguyên Hà,POP_BALLAD,TIER_A,True,False,0,,False,False,0,,True,1803,328,ee0030805af6c4492c7c8b0c7f6874c8ca9f3308f7da1a08a7c2bceea325a535,
RMVM_S_eed7a80274,Anh Thật Đáng Thương,"Đỗ Minh Quân, NBoro",POP_BALLAD,TIER_A,True,False,0,,False,False,0,,True,1397,241,f8bbbfbc474c93552b78c0799627995395e9b83936dff386215698136547041d,
RMVM_S_09bb21950e,Ai Cũng Yêu Chú Mèo,Khánh Vy,CHILDREN,TIER_A,True,False,0,,False,False,0,,True,822,160,2b0fb6ff3fa57f8da1bd90846ac7feb029c63dfe569eb0af900b8beefede6427,
RMVM_S_ab8e7dc286,Anh Muốn Biết Sự Thật,Dương Nhất Linh,POP_BALLAD,TIER_A,True,False,0,,False,False,0,,True,2400,435,d5dae03fee6c60933a0cd9d542b6b465d84b2b567a8993e8ce2728f52eec31f7,
RMVM_S_288e393f55,Tình Là Chi,Giang Trường,BOLERO_TRUTINH,TIER_A,True,False,0,,False,False,0,,True,1540,281,ab1bbec9b6c87f25ba15fe163b7cc3665718d3ee40b046794dcb00cdd9b0e5ca,
RMVM_S_a1c3bde3ad,Bài Tango Cuối Cùng,Loan Châu,BOLERO_TRUTINH,TIER_A,True,False,0,,False,False,0,,True,2475,422,5ae44751ff6a8f613feb9739278c23bedafb61037324a2ab757463d1cf3877ad,
RMVM_S_324a966215,Bên Em Luôn Có Anh (Remix),Du Thiên,DANCE_EDM,TIER_A,True,False,0,,False,False,0,,True,2332,421,f8bb5e3156e3b9b8fdaa704b86c7b7130bcd26aca334fe81b5d6a6b1768bea9f,
RMVM_S_04943f7e6a,Liên Khúc Chuyến Xe Lam Chiều,"Thùy Dương, Lưu Ánh Loan",BOLERO_TRUTINH,TIER_A,True,False,0,,False,False,0,,True,1978,305,ce848bd9fd4939683f39bd6becd76f42558927594f36393f53c82d6f6ee96d09,
RMVM_S_015099724d,Như Anh Chờ Em,Lai Xuân Tú,POP_BALLAD,TIER_A,True,False,0,,False,False,0,,True,1533,278,7b0fd162b5c27a55487666048cc4fa063877afe72bc16d2028d1660124e165e9,
RMVM_S_5dbe26e519,Buồn Làm Chi Em Ơi (Ballad),Ngân Ngân,POP_BALLAD,TIER_A,True,False,0,,False,False,0,,True,1492,270,c61cab6d4c0bd5a37383027fc12083e5e425e1a1ac720d190fd449711b584689,
RMVM_S_cf7fe427a5,Mai Lỡ Mình Xa Nhau,"Hà My, Hoài Linh",BOLERO_TRUTINH,TIER_A,True,False,0,,False,False,0,,True,1703,301,71be0c05991c1bebbe8a85e26a79e57633eacdc5769abfb12aba9c47978488b5,
RMVM_S_453535abe2,Chớ Nên Về Sớm,Đông Nhi,POP_BALLAD,TIER_A,True,False,0,,False,False,0,,True,1830,359,bc5fc4a64d2f4e21cc7f600c2b2fc609ca012cea7c162320176deae89835bed7,
RMVM_S_8b4a7ab805,Tình cờ gặp nhau,Chế Thanh,POP_BALLAD,TIER_A,True,False,0,,False,False,0,,True,943,157,42381c824c3c55dc7073214f20c677419ce593ae4a0eaafb63197b64fc13b970,
RMVM_S_a3aa3bd961,Duyên Tàn (BLUE REMIX),"ZIN MEDIA, TLong, Lạc Khởi",DANCE_EDM,TIER_A,True,False,0,,False,False,0,,True,1932,347,b0235fe51659e9dc6624d658c8ef5aec494ce28059eb0bae8d896e703dd0acf7,
RMVM_S_a2b6204010,Liên Khúc Thần Tài Khoe Tết,Minh Thuận,POP_BALLAD,TIER_A,True,False,0,,False,False,0,,True,1923,332,ea0d5bc46c945a5f4db1af58fb465992203b20204df96fddaa7557428d44787d,
RMVM_S_ee60ea49db,Đổi Trắng Thay Đen (Nam Tử Hán OST),Tào Lữ Phụ,POP_BALLAD,TIER_A,True,False,0,,False,False,0,,True,2072,361,ac5ca3f53e9c2620242dc6d77aa100ac56dbaadd48b1083f46f8819d362d676a,
RMVM_S_8bd2b40153,Corona Đi Ra Xa!!!,"Phạm Đình Thái Ngân, Long Min",POP_BALLAD,TIER_A,True,False,0,,False,False,0,,True,2175,408,a93f3727a65b2b6f67e3f5169e0ce025a49723b9de374012701999888184d3ad,
RMVM_S_ee8a947876,Hãy Nói Đi Em,Lưu Gia Bảo,POP_BALLAD,TIER_A,True,False,0,,False,False,0,,True,1880,348,8e1e757f07ccf2b6b6787ac2306dd5e426945f99f94dd1fc39411b6e533d57d6,
RMVM_S_be91e3a215,Anh Thương Em Thế Đủ Rồi,Trương Khải Minh,POP_BALLAD,TIER_A,True,False,0,,False,False,0,,True,2154,368,7bf863224f31745a76878ec8ca5ed670a6dfc57c537ececb723a9e7ce24557c0,
RMVM_S_263a45ae8f,Tân Hàn Mặc Tử,"Đoàn Minh, Lưu Ánh Loan",BOLERO_TRUTINH,TIER_A,True,False,0,,False,False,0,,True,1859,313,5ed1c689e5e6f2f05bbe76f9754d11cf7d513843c910b0c3abc2570f04e54a22,
RMVM_S_7f910b21bd,Anh Vẫn Ở Đây (Đạt R Remix),"Thành Đạt, HOA HỒNG DẠI MUSIC",DANCE_EDM,TIER_A,True,False,0,,False,False,0,,True,2652,437,390ed06b20b25806540d1921d343293fafbcb8d3be87cc4cae0bf66353cc41e0,
RMVM_S_f5b8d55fbd,Chúng Ta Yêu Xa,"T-Tuner, CM1X",POP_BALLAD,TIER_A,True,False,0,,False,False,0,,True,2613,485,709ec5705e04483c473462cb013729de77b83f9adb4baa3f7be76715b6e0d865,
RMVM_S_efd9d9c8fe,Chợt Buồn,Châu Việt Cường,POP_BALLAD,TIER_A,True,False,0,,False,False,0,,True,2170,394,77611dc8bf208bd9e4d14875e1eeb09174df3157622e98acc5f357fc6ee5a3ac,
RMVM_S_bfe04a5088,Ai Nhớ Ai Mong,Hồ Kha,POP_BALLAD,TIER_A,True,False,0,,False,False,0,,True,1775,315,6cd7cb520708a0b35362f54ebd3be3b4728ef8c852a13d449c1fd735d3e4171c,
RMVM_S_1366522d0b,CHƯA QUÊN ĐƯỢC ĐÂU,Nhật Phi,POP_BALLAD,TIER_A,True,False,0,,False,False,0,,True,1879,330,26629cc190ec668bc9c5751f68266bf1808250ee4d83b23d61d15dcdb9d7b0a7,
RMVM_S_d8444a959d,Đừng Vội Hẹn Ước,Jackie Thắng Nguyễn,POP_BALLAD,TIER_A,True,False,0,,False,False,0,,True,2167,371,cdbb86ee4e3815d0b0a632b81bb256491660c5de43cd3079e506358a93182af3,
RMVM_S_e061b2e69c,Em ở đây mà,"RUBY, Winno",POP_BALLAD,TIER_A,True,False,0,,False,False,0,,True,2453,442,085d31a80eb715bb82e6bb9065d65727d156512b8b66813dabc72c1ebf02c49c,
RMVM_S_88a51db284,Để Cô Ta Đi,"Millixn, Hazel",RAP_HIPHOP,TIER_A,True,False,0,,False,False,0,,True,2771,507,382bfd365d467a91129d892ac52d462d72f32bb127eb3bc944f7ecccb1249317,
RMVM_S_4848dfd2b9,Anh Chúc Em Bình Yên,JacKy Tang,POP_BALLAD,TIER_A,True,False,0,,False,False,0,,True,1681,299,72ba40110813dd50a5cd51739dede8a829130216fa6b03ada3b1fb2dab8e1dae,
RMVM_S_7282448d42,Biết Đâu Anh Gặp May,"Ngọc KayLa, Yanbi",POP_BALLAD,TIER_A,True,False,0,,False,False,0,,True,2567,479,fc20d7b82a81656808beadf8b49dc3aca171bcfacd1f0f9e2dd7d77472ae0174,
RMVM_S_d8a9a2f77f,Anh Chẳng Sao Mà (Beat),Khang Việt,POP_BALLAD,TIER_A,True,False,0,,False,False,0,,True,2357,427,9d1c66829d8025867e2a2ec3d193aae95a6a061c2887e6e2e02d4c2013506c5e,
RMVM_S_d949caccd2,Lời Yêu Cũ Anh Chối Từ,Hương Ly,POP_BALLAD,TIER_A,True,False,0,,False,False,0,,True,1794,325,e66a13a127d34bb0346363b0ecaaa13a73620ee9b00836473e6c7d6169dfbb7a,
RMVM_S_5135f066eb,Ăn Là Ăn Tết,Trường Lê,POP_BALLAD,TIER_A,True,False,0,,False,False,0,,True,2127,371,f6c6be40bd3a3e7dba2fa2282e3c70876893e56d1bb21066fdf973261c6bc3a4,
RMVM_S_0b1c1f2974,Hành Khúc Trường PTTH Nguyễn Hữu Thọ,Nhiều Nghệ Sĩ,POP_BALLAD,TIER_A,True,False,0,,False,False,0,,True,2630,422,cf180546fae7324fde40da47d49ebb6766f0f302286932ad18853399042e7d2b,
RMVM_S_30ec8c65d2,Chuyện Tình Hôm Qua,Hà Nhi,POP_BALLAD,TIER_A,True,False,0,,False,False,0,,True,2206,388,57693b7a112148d56199b56bbe107a4e9dabc03f7938499e7d7e3f32ea96208c,
RMVM_S_32178cab2e,Chuyện Tình Tan Vỡ,Hoàng Luân,POP_BALLAD,TIER_A,True,False,0,,False,False,0,,True,1808,323,39810ad03bab089b96b624db348be6de1feaa1b632ecfcc28d53f5b0f29b0bbb,
RMVM_S_b30b00f8e9,Là Anh Ngộ Nhận (Deep House),Linh Hương Luz,DANCE_EDM,TIER_A,True,False,0,,False,False,0,,True,2364,410,870c29e4f9cd3e21cef28584df47f69bd5154c25c5d72baef06dbca2ca20df27,
RMVM_S_a3b362cb4d,Người Anh Đã Từng,Nam Cường,POP_BALLAD,TIER_A,True,False,0,,False,False,0,,True,2750,483,5bb91fa0b97d96dc198444a8f6e93aededb3e1c9c523f3fedeb9b6d999776cb4,
RMVM_S_90da633f58,Mai Lỡ Hai Mình Xa Nhau (Rumba),"Mai Tiến Đạt, CT",POP_BALLAD,TIER_A,True,False,0,,False,False,0,,True,1205,211,398f2d34c0638955fa77b97f7b795640e65625d2f52c4debfe6c3c0006f8b8e9,
RMVM_S_23e1bf81db,Tận Cùng Của Nỗi Cô Đơn,Tiểu Doanh,POP_BALLAD,TIER_A,True,False,0,,False,False,0,,True,1681,296,844f8c5fa663188662757d1ddd48b8563711d54b660fed7c8dd1f367351f7f41,
RMVM_S_8598c5dcda,Em Hãy Tỏ Tình Với Anh Đê,RHY,POP_BALLAD,TIER_A,True,False,0,,False,False,0,,True,2257,417,ec4c1dfd56ec36d98e632e255e61abd61149ada94eb2fb6e7d9e45c15f50b9bc,
RMVM_S_e85512a27f,Ai Mang Đi Niềm Đau,Cẩm Ly,BOLERO_TRUTINH,TIER_A,True,False,0,,False,False,0,,True,1901,328,809f3a3e54de3e861f21c4576b5e8c49d0d2295e26bdfba9bf9831999ae2dee1,
RMVM_S_d0b737b7dd,Thương Xuân Ca,Nguyễn Hữu Kha,POP_BALLAD,TIER_A,True,False,0,,False,False,0,,True,2405,415,70c362f6b8433889e025b6e5ea2863ca1fa93f66c760b2a93e7e63e849de451f,
RMVM_S_d9672b4468,Nói anh nghe những điều mà,Duongg,POP_BALLAD,TIER_A,True,False,0,,False,False,0,,True,689,123,fc87d3e6b8a402f0b6957699ead756c1ec3634b33d01ed85d43ed9abf3c83b18,
RMVM_S_191d034e3c,Tuổi Mộng,Xuân Mai,BOLERO_TRUTINH,TIER_A,True,False,0,,False,False,0,,True,3455,575,688db911195d2297e10c4c9e977765c363b5357d16fe03de5e77a759f182c8e9,
RMVM_S_2209ebd559,Ai Đó Không Phải Anh,Tăng Duy Tân,POP_BALLAD,TIER_A,True,False,0,,False,False,0,,True,1522,262,abf2abc65c3b969fd40606d161cee2252316c3611fd132000de700298e688355,
RMVM_S_155f95c02f,Hành Khúc Ngày Và Đêm,Thanh Hương,POP_BALLAD,TIER_A,True,False,0,,False,False,0,,True,1643,278,fdb20109a6cca24f665e05eee48fe1618ad1bbfa55863f98e9d968a11cffd82c,
RMVM_S_89ffc1dfc2,Còn Mãi Vấn Vương,Anh Tom,POP_BALLAD,TIER_A,True,False,0,,False,False,0,,True,1562,283,3929d142b43fd6154818dcc202eaf80df26cf72897cc3bc2acff9a4a5e247a2f,
RMVM_S_f6af8d4ed3,Vâng! Em Yêu Anh (Lofi Version),Hương Tú,POP_BALLAD,TIER_A,True,False,0,,False,False,0,,True,1860,331,4c946e0d79736bd231ea54df88813bdf1abcd7be356a461f070606c125db12aa,
RMVM_S_de39c21480,LK Chuyện Tình Nàng Trinh Nữ Tên Thi - Nỗi Buồn Hoa Phượng,Châu Ngọc Tiên,BOLERO_TRUTINH,TIER_A,True,False,0,,False,False,0,,True,3031,526,d9bda2d4dc074e0e80d608e589320ab65908d5c55fd8c36ac510f21bd139f692,
RMVM_S_0b2c8c3b45,Anh Chẳng Cần Ai Thương,Thiên Tú,POP_BALLAD,TIER_A,True,False,0,,False,False,0,,True,2219,367,3f203325e937427016cf9d37e92d2fee67f25d3bbfa6d3b05c62fa29fe513d69,
RMVM_S_0822bb46c8,Điều Anh Sai Nhất,Chí Thiện,POP_BALLAD,TIER_A,True,False,0,,False,False,0,,True,2347,408,a81248e549a4b0b611f59eee715260ddade72f0daae37087ded5aad550565657,
RMVM_S_e0bb0e718e,Đi Để Trở Về Mashup,"Phan Mạnh Quỳnh, Soobin Hoàng Sơn",POP_BALLAD,TIER_A,True,False,0,,False,False,0,,True,2444,428,4fb7c1ade6107399b8571d59e80ac886c415c6ffe2fa77b77656642048206f5d,
RMVM_S_b2a70585e5,Cô Dâu Của Anh,Đinh Kiến Phong,POP_BALLAD,TIER_A,True,False,0,,False,False,0,,True,2791,514,f9f6f4df639de2ed4e9593422ebfa1753c2931d79f56e6a72a8ef9e0419d3a5f,
RMVM_S_987e41576f,Hãy Nói Với Em Lời Chia Tay,Mạnh Hồng Nhi,INSTRUMENTAL,TIER_B,True,False,0,,False,False,0,,True,1891,360,d26c61ff903316fce32e10c9f8a6566b4f0154b0ca30adf46342181872e31db0,
RMVM_S_5c7cd4f729,Điểm Ca Đích Nhân (Đời Nhạc Sĩ),Lâm Chấn Kiệt,POP_BALLAD,TIER_A,True,False,0,,False,False,0,,True,1482,312,8f4554a8f33a72e8bc1fa29804788a65a2459f05ae41e3915ae917b78fa36300,
RMVM_S_32a16423f3,Ngày Hôm Nay Của Em Thế Nào (Beat),Hà Huy Hiếu,POP_BALLAD,TIER_A,True,False,0,,False,False,0,,True,1681,319,4dfdf45f6e144c45f45843e4d0fa3dbb6789e9dac695245643c95f5b3b83495f,
RMVM_S_eacd42eb55,Cố Níu Tay Anh,Sala Uyên Trinh,POP_BALLAD,TIER_A,True,False,0,,False,False,0,,True,1869,336,afdad7daa043369c2dacd4e486725e9d633240a74aaeeba41d329baeaead44bf,
RMVM_S_ad9bffaa7f,Thương Nhớ Vơi Màu,"Tiến Đào, Thịnh Trần, Tổi VN",POP_BALLAD,TIER_A,True,False,0,,False,False,0,,True,3162,556,4d2d21a48103b3b857b588fcbea39b52b23765788ae3416430005650da5ef9f6,
RMVM_S_52de0c2689,Trường Sơn Đông Trường Sơn Tây,"Yên Nhiên, Duy Ngọc",REVOLUTIONARY,TIER_A,True,False,0,,False,False,0,,True,1982,339,71def6ae8b492a1f1df253c78e15342d96535c222aa25f52af6b9691bec2455e,
RMVM_S_5694596c86,Ngày Anh Buồn Nhất,"Đạt PT, Quân Táo, MVN",POP_BALLAD,TIER_A,True,False,0,,False,False,0,,True,3289,584,f56a53c7f7bcd123102b2e229713e85ba33d21ea169c8fe762840e786f516f1b,
RMVM_S_215a4c8560,Lại Lầm Lỡ,Đỗ Phú Quí,POP_BALLAD,TIER_A,True,False,0,,False,False,0,,True,2185,383,5da02d78eb3c01eaa8b8f7028cd9b744b3831d32864427bb314d174eac6209f8,
RMVM_S_85b8c4cf4c,Người Thương Kẻ Nhớ,Diệp Hoài Ngọc,BOLERO_TRUTINH,TIER_A,True,False,0,,False,False,0,,True,2016,344,9cf662d173434cb13c3c41173c083635246d09b33d11beca7afe13850bde84c1,
RMVM_S_9ba4c6b8ef,Chuyện Tình Đôi Sim Tím,Hoàng Lâm,BOLERO_TRUTINH,TIER_A,True,False,0,,False,False,0,,True,1328,228,4119ae8481aeadfe5267454618d5aeda824eb0bfd4fdb0f41fdc56aed2a10a49,
RMVM_S_326e403e36,Nhớ Quê,Linh Hoa,POP_BALLAD,TIER_A,True,False,0,,False,False,0,,True,1783,312,e700d55b84c67982879d8612e36f8ff1ca617b7dc4d19ca8c70650097170a723,
RMVM_S_555d544beb,Anh Van Cu Lo,JSOL,POP_BALLAD,TIER_A,True,False,0,,False,False,0,,True,2166,373,28a1fd146780c4cac736bf2e62df3d4ebdf3ba98cb782eb8de44054323244ecb,
RMVM_S_803b30d503,Khúc Hát Tặng Vợ Yêu,Khánh Bình,BOLERO_TRUTINH,TIER_A,True,False,0,,False,False,0,,True,1908,326,c4ce5846242069de19d8699ca6ca94395d658f5e94760b7bc5b2488b2066c75d,
RMVM_S_f3f80bbbef,Dịu Dàng Khi Ta Có Nhau,The Men,POP_BALLAD,TIER_A,True,False,0,,False,False,0,,True,1407,259,022d1ceec4d59b2b9e1c5ed6cb95b5558f46a87a09c6e4408859bb6f6f228b3f,
RMVM_S_98da38676a,Khổ Vì Chữ Ghen,Khánh Bình,BOLERO_TRUTINH,TIER_A,True,False,0,,False,False,0,,True,2185,386,9832d472ae23db0cb6524055701e3145e32cc60380edc6899f9635e2d390b2a0,
RMVM_S_cf96d060c4,Liên Khúc Cưới Nhạc Sống,"Diễm Hân, Đình Nguyên",BOLERO_TRUTINH,TIER_A,True,False,0,,False,False,0,,True,8001,1433,b30be1888e41403f3e7be386044c63167b724497f4a81b89f82714f6aa35dca3,
RMVM_S_165f582ea9,Mưa Tuyết,Bằng Cường,POP_BALLAD,TIER_A,True,False,0,,False,False,0,,True,2489,433,cb83d46256c26cdf977a82949a133266c8e717d60335e72f223f0763cdca4709,
RMVM_S_19b04eaa48,Xuân Xa Xứ,"BeeBoss, Tuấn Chung",POP_BALLAD,TIER_A,True,False,0,,False,False,0,,True,1452,248,9be29b20921be7574e618b902ed0b1c09ce2cc6a2a558bb6c8afe474a966e504,
RMVM_S_69534cd9dd,Chúng Ta Không Có Sau Này,Hương Tràm,POP_BALLAD,TIER_A,True,False,0,,False,False,0,,True,1593,279,6d59b468d2a45e8725f1c142f7d8ca4ba9a26e12039c1341869d31f9dbd1c319,
RMVM_S_d58f7e0938,Còn Ai Để Ý Nước Mắt Em Rơi,Thiên Tú,POP_BALLAD,TIER_A,True,False,0,,False,False,0,,True,1916,345,03cc7b074a0c3df09d595c58bc20d00f1db7240247dd73b3452389c9a8a3151b,
RMVM_S_97b103a837,Có Đau Mới Đậm Sâu,BTK,POP_BALLAD,TIER_A,True,False,0,,False,False,0,,True,2665,446,16fe5492831f01de915bf2e237b8ec9477889baedc58f2ff7005fbdbc1993374,
RMVM_S_c74ea2891d,Tha Thứ Khó Hơn Cả Yêu,Khiết Ngọc,POP_BALLAD,TIER_A,True,False,0,,False,False,0,,True,1984,344,83f32023a3bc9fd1c2b5b068b60f625d3607dde96eae7d0f29815a1f1f1e911e,
RMVM_S_0e35f01009,Tết Năm Nay Có Gì Mới Không Ba?,Thanh Goll,POP_BALLAD,TIER_A,True,False,0,,False,False,0,,True,1680,305,a5cf12cf6a6fd219ab987bacd9c34d06f0aa1c78cf719506ad9cdbc512fc8253,
RMVM_S_fd9944d9c0,Chỉ Là Người Anh Trai,Gia Huy Singer,POP_BALLAD,TIER_A,True,False,0,,False,False,0,,True,1622,305,528cbcafccb446f4c576b43736adfb761856c3126bc763c4de4e62ec530c6bc7,
RMVM_S_0e4fa4bdf5,Tình Yêu Không Thể Từ Một Phía,"Vương Bảo Khang, Khánh Phong",POP_BALLAD,TIER_A,True,False,0,,False,False,0,,True,1928,336,e3e135d6cf69812ef70b1091b3fd439fb0c5b70ef450bf4de09248b5751dc28e,
RMVM_S_bdb9541e59,Anh Cố Quên Em,Vân Quang Long,POP_BALLAD,TIER_A,True,False,0,,False,False,0,,True,2280,409,e9886bb948eb1b4ba963c46158cfaf135357c8d5cfd6510f14b2c36bffd0a6f9,
RMVM_S_85f73f556d,Nếu Vô Tình Ta Làm Tổn Thương Nhau (Cover),Như Hexi,POP_BALLAD,TIER_A,True,False,0,,False,False,0,,True,4777,821,08970a2648fb92609b3cd1619b21d5bf6d01357681c6ff4ba3bb7a2ff68ba2ff,
RMVM_S_c6741597f2,Cuộc Gọi Về Nhà,Orange,POP_BALLAD,TIER_A,True,False,0,,False,False,0,,True,1685,299,4c06fa3ebd648065517fd0f4da3c73b0d2f8761d7d377d9fa391dd2efa7a81c2,
RMVM_S_774b8f27f2,Nàng Dâu Tương Lai,Hồng Quân WyTy,POP_BALLAD,TIER_A,True,False,0,,False,False,0,,True,2173,402,5396601d0e7c71e6af885c6dde1e1dba56fa190a560ada20d66ce6c99636b490,
RMVM_S_9edd6ba3ab,Anh Nên Tin Ai,Quân Táo,POP_BALLAD,TIER_A,True,False,0,,False,False,0,,True,2096,365,28b85d60d08a93bcd3aee31e29ff5c61f540392a9167adb42e1ae23478cdcd38,
RMVM_S_1523c961b8,Rap về Captain America,Phan Ann,POP_BALLAD,TIER_A,True,False,0,,False,False,0,,True,3583,583,73341ca73513138e9fc4221b25d82d786ef3a131dcaa172f7dfb1b608ca55e0e,
RMVM_S_0a6f935258,Cô Độc (Bất Chấp Yêu Anh OST),Dược Sĩ Tiến,POP_BALLAD,TIER_A,True,False,0,,False,False,0,,True,1577,267,93e5594e1f2928d7f6e763329d5ced3f45ae590a35c2f800539e318ff97f8288,
RMVM_S_bb2ec916cb,Hạnh Phúc Đầy,Lương Gia Hùng,POP_BALLAD,TIER_A,True,False,0,,False,False,0,,True,1515,270,44c2295f47c49eacb8c845220b20a39e0a0831e471c5bdd9fc55126f44c7089f,
RMVM_S_ab6f19a696,Vì Anh Là Soái Ca,Trịnh Nhật Minh,POP_BALLAD,TIER_A,True,False,0,,False,False,0,,True,2252,398,82daa8ea890b545e25186453b507ffe65e0c033a80e480c908b6a80af3698128,
RMVM_S_1e0cf7d1ad,Chị Ong Nâu Thất Tình,Vương Thiên Bảo,POP_BALLAD,TIER_A,True,False,0,,False,False,0,,True,1853,335,a1e562d77572e24f1500d5fa48b50ef476405619a8c9ffd0b9275d5c86124c12,
RMVM_S_e45b15ffda,Biển Của Một Thời Đã Mất,Phương Thảo,BOLERO_TRUTINH,TIER_A,True,False,0,,False,False,0,,True,1299,226,98835f028a254cbd5f48246467b663891f5e9778d9c0e1421d7dda269db14d85,
RMVM_S_96997ca9e7,Anh Còn Ở Đó Không? (New Version),Trương Quỳnh Anh,POP_BALLAD,TIER_A,True,False,0,,False,False,0,,True,1804,328,858df12c693bac3ffc8a3347c469ff2f2908d17bc71a5499bf1f501e8ab7122d,
RMVM_S_421e64b44b,Đừng Chúc Em Hạnh Phúc,Thanh Hà,POP_BALLAD,TIER_A,True,False,0,,False,False,0,,True,1503,257,bfb9c22ae9fe06cd4b6457c7a8c95fcee03d94d233d29aa8ff17044f4a07e371,
RMVM_S_729eca5d41,Ai Bên Em Đâu Quan Trọng,"Đường Hưng, Long Hải",POP_BALLAD,TIER_A,True,False,0,,False,False,0,,True,2073,370,ed9120794161dd18c8ef657a65c62568fe80f33adc6118627b5ee6a3ee52ecf4,
RMVM_S_b45bf2bdde,Mừng Nắng Xuân Về,Various Artists,BOLERO_TRUTINH,TIER_A,True,False,0,,False,False,0,,True,1951,328,d161b17b5b1e97456ec44309ba780188df079e8988cbc2ff8171393080af1f0e,
RMVM_S_cdc2154622,Cánh Chim Từ Quy,Đỗ Tố Hoa,BOLERO_TRUTINH,TIER_A,True,False,0,,False,False,0,,True,1971,343,ff7b2966c08fbad4194eb9531da0d7e99b7215549e17e4a935f7b1124c0eedba,
RMVM_S_4a3be971f7,Mười Ngón Tay Tình Yêu (Remix),Saka Trương Tuyền,POP_BALLAD,TIER_A,True,False,0,,False,False,0,,True,1693,297,62af639877c40f41181bcf5d82e7a74c8d0a0f4f7620b390186d0ba4a773058e,
RMVM_S_429b091851,Khung Trời Ngày Xưa (25th Làn Sóng Xanh),"Isaac, Hòa Minzy",POP_BALLAD,TIER_A,True,False,0,,False,False,0,,True,2236,394,81897fe4203640b9ff561996d1e66029bb0c75f3ee494ca01ac035be8e721110,
RMVM_S_e5b00b7858,Anh Cũng Muốn Là Đứa Trẻ,Khiem,POP_BALLAD,TIER_A,True,False,0,,False,False,0,,True,2096,361,83cb411237cc649025fcd1a2c4d64e52699cc485986f78a4afad6b54bdac1756,
RMVM_S_ea9f77138d,Chẳng Thể Giữ Lấy Chẳng Đành Buông Tay,Ngô Kiến Huy,POP_BALLAD,TIER_A,True,False,0,,False,False,0,,True,2055,360,e0f7c2125812e2f085fc9de45d75c9f0570fe0370b8f96a932fe453c7a07e08a,
RMVM_S_efd32fa571,Tương Tư Người Lạ,Thảo Wendy,POP_BALLAD,TIER_A,True,False,0,,False,False,0,,True,1742,326,54733a71cd93b82fc52faed8a4ec45a6320ac14bd67715b9c056a3b46cbd5884,
RMVM_S_cbf7ad9e6d,Mong Một Ngày Anh Nhớ Đến Em (Qinn Remix),"TamKe, Qinn Media",DANCE_EDM,TIER_A,True,False,0,,False,False,0,,True,1887,329,5707f180346a5b9472ccfc32ac241d965aaee77b547b16c4111f04b00996fc09,
RMVM_S_617f6652bf,Anh Đánh Rơi Em Đây Này,"Tuyến Kim, Đạt Khói",POP_BALLAD,TIER_A,True,False,0,,False,False,0,,True,1630,296,7159d20b539a6442c383042466e468b41ad42c1026a6d5e4a37de9914b1fae2b,
RMVM_S_00b42999d0,Tại Tôi Không Thích Thôi,Đình Dương,POP_BALLAD,TIER_A,True,False,0,,False,False,0,,True,2091,356,e0c7c4eb7bd9328accf986d6a87a988fd15fb19bdb5e8e8afafc356ada83e4be,
RMVM_S_ac3a694658,Mùa Xuân Cưới Em (Remix),Tâm Đức Tài,POP_BALLAD,TIER_A,True,False,0,,False,False,0,,True,2035,352,9a90d2db8b672a2761b614cebd9c7fcd0e0feaf34ee750843feb447de2d19680,
RMVM_S_311777a420,Con Sẽ Về Đêm 30,NB3 Hoài Bảo,POP_BALLAD,TIER_A,True,False,0,,False,False,0,,True,2182,380,bf47bd94341d576e14fb4471c1d77c022c8a9d941a16736e22d91245659c16ae,
RMVM_S_a65c13574f,Chuyện Tình Bên Ao Cá,"Quang Linh, Cẩm Ly",BOLERO_TRUTINH,TIER_A,True,False,0,,False,False,0,,True,2265,406,113002a06cd2b894fe9926ca8d12e74bbe3b46193b3dff9bd0258ca920629913,
RMVM_S_253e0a8ce8,Anh Đâu Đợi Nổi Một Cơn Mưa,Khói,POP_BALLAD,TIER_A,True,False,0,,False,False,0,,True,1965,338,497cce9e4c0471b19242f0b9f773877d6fda1cf1490cae07f4a27d0f9d0707f9,
RMVM_S_b98c14a2cf,Vọng Cổ Tình Xuân,Hằng Ni,BOLERO_TRUTINH,TIER_A,True,False,0,,False,False,0,,True,2575,438,1f09837228e65dd07ee6749d991cf2b1137156f330eb9d081c04a83bc4918af6,
RMVM_S_d6e9c6f478,Đường Nào Em Đi,Hoàng Châu,BOLERO_TRUTINH,TIER_A,True,False,0,,False,False,0,,True,1756,300,1605b95287df1a5eea3abc6df22185639577e3916ef4de7af799f9b5c97a4c6f,
RMVM_S_184d75f3f7,Tự Hào Là Người Bắc Giang,Lis Shangin,POP_BALLAD,TIER_A,True,False,0,,False,False,0,,True,4384,724,b6d32fdea45623c5260d52a7228dc4937caab1276846758bad2ff33485086cba,
RMVM_S_55c16bc708,Anh Biết Anh Đang Sai,"Hazel, Minh Vũ",RAP_HIPHOP,TIER_A,True,False,0,,False,False,0,,True,3191,579,19915c056a63cae7b8670cd679f1cd6ab394c0bc9e4c0f08b2316dc4fd2a8c40,
RMVM_S_607ba1808f,Tâm Thư Cha Mẹ Gửi Cho Con,Vũ Hoàng,BOLERO_TRUTINH,TIER_A,True,False,0,,False,False,0,,True,1989,346,58ee91f96184cc1c99a34b5dcbd1afaabd838cdafd2bf4f4b7f4e973333eb4ea,
RMVM_S_f77b52afbf,Chú Ếch Con,Bé Thảo Như,CHILDREN,TIER_A,True,False,0,,False,False,0,,True,2063,390,7b4d8f0acda6ed148185ee275e812a00aed6c3c6070f8162b587370a5b18cc71,
RMVM_S_074b230dd9,Ai Gieo Thương Nhớ,Quách Tuấn Du,POP_BALLAD,TIER_A,True,False,0,,False,False,0,,True,2277,400,3c83eaa6a4374ef9eeeca1d3371acede6dbc738158d75e519c1a5a9eced7d101,
RMVM_S_a5da0720c4,Bỏ Lại Phía Sau,Thái Trinh,POP_BALLAD,TIER_A,True,False,0,,False,False,0,,True,2660,464,f7ed1e727a6b7e463ccd669b21622ca3b1c306c66d1ccf65388f6547d50a6ebc,
RMVM_S_6e9260a69a,Bạc Phận – Dạ Cổ Hoài,Hoàn Lâm,POP_BALLAD,TIER_A,True,False,0,,False,False,0,,True,1818,306,d85606fe32c4b913775c2ac6cf63825e604b98463bcb31fdc8b9eb9a280ad1ea,
RMVM_S_5f7ca11a7d,Cảm Xúc Từ Câu Hò Điệu Ví,Trang Dung,BOLERO_TRUTINH,TIER_A,True,False,0,,False,False,0,,True,1469,249,a040162e136a4e10e8d417a7ed6606875e42c5a36eba7cf4df18be9dc0bea692,
RMVM_S_38486ac04f,Bây Giờ Thì,"DatKaa, QT Beatz",POP_BALLAD,TIER_A,True,False,0,,False,False,0,,True,1872,326,75fc972c451d5c405a3576bce8d39e3a195f52eb7b12d6f5fb23819a666433c9,
RMVM_S_ed9cb60792,Duyên Bẽ Bàng,Long Đẹp Trai,POP_BALLAD,TIER_A,True,False,0,,False,False,0,,True,1336,231,106419448d3e6a07982d34993fa43e5b0a3ac83ec3852ffa4e733009d018ba55,
RMVM_S_9c72d1b847,Thương Quá Mẹ Ơi,Nhật Phát,BOLERO_TRUTINH,TIER_A,True,False,0,,False,False,0,,True,1452,254,9a7fe534b25ca624922aef9e59cd859427133b35c679eec23119ef4aded8d92c,
RMVM_S_bdc35bd3f1,LK Cánh Hoa Yêu – Màu Tím Pensee,Như Quỳnh,BOLERO_TRUTINH,TIER_A,True,False,0,,False,False,0,,True,2206,378,59f56c9b1e5211462bfaefef43c02ced881b47bbfa6b30e398f1c9af4d93efde,
RMVM_S_55da9cd113,Bạc Liêu Quê Mình,Kim Linh,BOLERO_TRUTINH,TIER_A,True,False,0,,False,False,0,,True,1788,277,ac0059ffc5a8024fab90c7bcc138791d426671ad549e475652030fd7dbc1f756,
RMVM_S_147c9deafa,Giá Băng Như Mặt Trăng,Nhiều nghệ sĩ,RAP_HIPHOP,TIER_A,True,False,0,,False,False,0,,True,3346,597,38ce6ddd538935ba41216258fc01bf2e2e009e3d49fc2da60c8460c3f7083586,
RMVM_S_3a36b5c774,Ai Bình Yên Hơn Ai Đậm Sâu Hơn,"Dương Yến Phi, NH4T",POP_BALLAD,TIER_A,True,False,0,,False,False,0,,True,2218,389,ad357d382fe85223fe7768b73876d05c3ead8ca5d078cfdd84b402c63bec3f0c,
RMVM_S_7be84a7266,Mai Em Về Bên Ấy,Ngọc Hân,BOLERO_TRUTINH,TIER_A,True,False,0,,False,False,0,,True,1405,250,a635435c1281362a0cac9d14a242df6d866e171158743110fb934a9183b7e787,
RMVM_S_a9837822ff,Rừng Xanh Vang Tiếng Ta Lư,Thanh Hương,POP_BALLAD,TIER_A,True,False,0,,False,False,0,,True,2087,362,f64de3ef0b17112ab1080ad993d3db216e5c58b403778adf0af66c1774cd9fa1,
RMVM_S_733c113ce8,Liên Khúc Chiều Cuối Tuần,"Khưu Huy Vũ, Saka Trương Tuyền",BOLERO_TRUTINH,TIER_A,True,False,0,,False,False,0,,True,2741,471,417c13fa44f57393e142e70381eb754bd1907e7370883a412ea87ad6bfb4d5f5,2021.0
RMVM_S_d9f987c7f0,Không Thành Đôi (Đạt R Remix),"Bình Boo, HOA HỒNG DẠI MUSIC",DANCE_EDM,TIER_A,True,False,0,,False,False,0,,True,3337,594,104acb0a43c1b3df15580e9595b4df2456a5ff7b9d91cf04797ec69723f89c96,
RMVM_S_c9b901b5f0,Người Cùng Cảnh Ngộ,"Nguyên Khang, Lương Bích Hữu, Hamlet Trương",RAP_HIPHOP,TIER_A,True,False,0,,False,False,0,,True,928,153,04ef1c8515f4f6951dfc5494d359c94aafd0225dfe19939832400df220d63f14,
RMVM_S_4bd2e7fdcd,Cùng Một Chữ Tình,Hà Thanh Tâm,POP_BALLAD,TIER_A,True,False,0,,False,False,0,,True,1749,297,575e2cbcc0ef07d64954fc8bb5dd6b10363e74daffac535eb59875c08c6fc07f,
RMVM_S_da3e5f951d,Chưa Từng Luyến Tiếc,3X3 Band,POP_BALLAD,TIER_A,True,False,0,,False,False,0,,True,1868,337,81f77eb3b1138c3d0e03be9cb54fcbc955c85036b7bd36bad1dcea240659d07e,
RMVM_S_06b482e1cd,Cần,Xanh 8+1,POP_BALLAD,TIER_A,True,False,0,,False,False,0,,True,1576,271,44ba390a5e8201937cede68ac1f0fcfbac1fc6c8aa59ad0ad6723b649f554faf,
RMVM_S_c8f26da1f3,ABCDEFA!,Nhiều nghệ sĩ,POP_BALLAD,TIER_A,True,False,0,,False,False,0,,True,1753,309,6f9c4e2c02c079744f626ec8086e8870a974a4c36e3d81d2168b57a047d92f03,
RMVM_S_5005f18075,Chầm Chậm Cùng Anh,A.C Xuân Tài,POP_BALLAD,TIER_A,True,False,0,,False,False,0,,True,2653,467,e7f2673377254d2e7cf8516382336cb468ac2f6c921d19a3c2a1b68d547f3878,
RMVM_S_3dc4455a1d,Con Diều Của Mẹ,"Hoàng Minh, Nhóm Khoái Văn Nghệ",BOLERO_TRUTINH,TIER_A,True,False,0,,False,False,0,,True,1672,301,b294d5fb7155476dc201692f0a727d42e2a9c90f469b3bdb6ada70669abf388b,
RMVM_S_45e46b4bab,Gửi Nắng Xuân Về,Uyên Linh,POP_BALLAD,TIER_A,True,False,0,,False,False,0,,True,1586,271,ca63451d8383fddc7fb8b861f70607e9ec3d906706ea71ad6425e384dccd4a7a,
RMVM_S_4223b8d503,Dòng tin nhắn cuối,"Phongkhin, 1DEE",RAP_HIPHOP,TIER_A,True,False,0,,False,False,0,,True,1110,192,595bd119f844e13f63cd584e4a632c0be4e922568b45e12b8217c426f997e1bb,
RMVM_S_acaab1677a,Giản Đơn Một Hạnh Phúc,Khánh Phương,POP_BALLAD,TIER_A,True,False,0,,False,False,0,,True,2000,352,cc49cafb83609ccfa1f12d968c779b6927ac1e67e9910485594a93ac07239c4e,
RMVM_S_0a8cd686e5,Bỏ Lỡ Nhau Rồi,A.C Xuân Tài,POP_BALLAD,TIER_A,True,False,0,,False,False,0,,True,2343,407,7d123d9b2d2e866e99026e77b67fbb4015f4f23d28ec3a4bb4fab94e2194473c,
RMVM_S_f868bd4537,Đời Mà Ai Không Dẫm Gai,Lâm Chấn Huy,POP_BALLAD,TIER_A,True,False,0,,False,False,0,,True,2988,504,34c9ed58e437b0089982e7ba2c5d16a779f5fd83fa4b0c678c5794752d4ced13,
RMVM_S_dc2abba692,Tim Anh Vỡ Đôi,"DeeTee, K",RAP_HIPHOP,TIER_A,True,False,0,,False,False,0,,True,2875,524,ed74e719f868f2db20488f56186d2301667d7aab0969686862ad456885b7e007,
RMVM_S_a445d66eeb,Biết Bao Giờ Trở Lại,Lân Nhã,POP_BALLAD,TIER_A,True,False,0,,False,False,0,,True,1573,280,64c138417947fe63e0ada5fd709cb6f57a45bec3ad7430c9dabc2600dab2ca91,
RMVM_S_76ed3eb470,TÌnh Thương Mến Thương (WRC REMIX),"ZIN MEDIA, Minh Giang, Trường Lê",DANCE_EDM,TIER_A,True,False,0,,False,False,0,,True,2702,489,887eed931af1098086f4dcd7f8b9834acf01180b2bdd848369210a630f92e449,
RMVM_S_a8070ac446,Liên Khúc Dìu Người Tôi Yêu,"Đan Nguyên, Bằng Kiều, Quang Lê",INSTRUMENTAL,TIER_B,True,False,0,,False,False,0,,True,2309,380,29bd6ab59f9cfeb366a56fd96b586c813c0a799c69576fb3f1c932cf1da32bd7,
RMVM_S_fe45044e55,Chợt Nhớ & Tình Trái Ngang,"Lam Anh, Trần Thái Hòa",INSTRUMENTAL,TIER_B,True,False,0,,False,False,0,,True,2389,426,ac2ce988d02602502b678481abaf91b3c443bbf0e04fb077873c988c1be2aeb5,
RMVM_S_21d1d9efd8,Đêm Hội Phố Hoài,Trường Kha,BOLERO_TRUTINH,TIER_A,True,False,0,,False,False,0,,True,1395,238,e994348ffd1a9b02cc5c57ee7529870eb1ea4a065870b9e64113df2ee6337699,
RMVM_S_2c0273773d,Em Tưởng Tôi Là Ai,Thái Phong Vũ,POP_BALLAD,TIER_A,True,False,0,,False,False,0,,True,2795,502,d31609260c536ba139138908f8c75a03d7b1c19fa932d38df5c5a93d50b38f36,
RMVM_S_ecd67b2b7a,Đêm Linh Thánh,Mỹ Tâm,BOLERO_TRUTINH,TIER_A,True,False,0,,False,False,0,,True,780,137,9e97d1967b4d9c6cf2f6387ab3b0717d3e08e5a23294a275e667164f785f3506,
RMVM_S_6f919b6b62,Bước Qua Nước Mắt,Thanh Bình,POP_BALLAD,TIER_A,True,False,0,,False,False,0,,True,1727,302,9c302e24ad8c3f51f107fe709c2ef5a0afea0d1a421ebe8cdc891449ffd9f5ff,
RMVM_S_d13ca6416e,Chỉ Có Thể Là Anh,TRANG,POP_BALLAD,TIER_A,True,False,0,,False,False,0,,True,1438,263,784b05fb6af66ebc7ddd3ed107dd67c8d35ed7f9c04d79f6b936fc1599f86a02,
RMVM_S_8d86b2ea83,Em Đã Nói Trước,"Hana Cẩm Tiên, TVk",POP_BALLAD,TIER_A,True,False,0,,False,False,0,,True,3112,561,8ada068f633b6d532419e218e11cf39148cc62a6cba2e9c660ff5775b487dc82,
RMVM_S_713a31081f,Hoa Bèo Tím,Thanh Quý,BOLERO_TRUTINH,TIER_A,True,False,0,,False,False,0,,True,1484,251,189e9653b01ad03465f276dcfa9d956c90c0cf2f58b5391f724be15b7fe4c23f,
RMVM_S_da38ffec98,Em Hát Ai Nghe (Lofi Version),Orange,POP_BALLAD,TIER_A,True,False,0,,False,False,0,,True,2011,340,b090ea786af5b8179ee36257e6cc1ea754bf9fef2261310091268a0e327d9b4b,
RMVM_S_895c5a57be,Là Người Dưng (Đừng Xa Anh),Chung Thanh Duy,POP_BALLAD,TIER_A,True,False,0,,False,False,0,,True,3069,547,92ec86c94781f5960e2ebd9e61286c8ce6be691eb5c86a5d18f3a54b14b441b9,
RMVM_S_ee59ef3220,Níu Duyên Muộn Màng,Nguyễn Hậu,POP_BALLAD,TIER_A,True,False,0,,False,False,0,,True,1651,300,409147acd872d583a909b12bfc08f38a170d75d524710c44b7fc119fb2264d5a,
RMVM_S_289645f689,Chú Rể Không Là Anh,"Dư Anh, Phương Bích Thảo",BOLERO_TRUTINH,TIER_A,True,False,0,,False,False,0,,True,1790,324,9e4fb3cde1e66c67bf20eb02e83c1447459afca42fc1b261942b80269b38b172,
RMVM_S_211435a160,Nụ Cười Tắt,Tào Lữ Phụ,POP_BALLAD,TIER_A,True,False,0,,False,False,0,,True,2545,453,acdf8d805447f507b8cd5c2de537c5ffe83b19935a4bbe4c2766690562ec1a16,
RMVM_S_a19309e7cd,Em Hỏi Tối Nay Đi Đâu,"QNT, SpideyBoy",RAP_HIPHOP,TIER_A,True,False,0,,False,False,0,,True,2357,431,e4309b063a7e7362f88f816a9a8161ee1f45308d0d370969f44f4436ca0d3d8a,
RMVM_S_c8e07b7e89,Thư Về Người Em Gái Thành Đô,"Thanh Ngân, Gia Tiến",POP_BALLAD,TIER_A,True,False,0,,False,False,0,,True,2122,368,acc333a2c509147ed5ca8a629822fe42abc8572eff4752d2c2464bf775ae265a,
RMVM_S_d4eb7c7fea,Về Đô Lương Quê Mình,Mỹ Anh,FOLK_TRADITIONAL,TIER_A,True,False,0,,False,False,0,,True,1761,301,a583b6e1d6dfd5f7e92a5a7f4e52da6f601c2c572a37fae1930c5fe566b27482,
RMVM_S_93d166b974,Lâu Rồi Không Nói Yêu Nhau,Nam Cường,POP_BALLAD,TIER_A,True,False,0,,False,False,0,,True,2634,463,0071249b415ee488d0b19a520e933d676675ce700f6316361144007b4ab4d3a6,
RMVM_S_938cdc3c61,+1 ngày bên em,"Trungg I.U, Rum",POP_BALLAD,TIER_A,True,False,0,,False,False,0,,True,1584,272,d97d4e3c0b778a7506a881f2449d3c9ace7cdc04c62f83a909c7ff1a3a79d074,
RMVM_S_dfa7227f17,Sao Người Đi,"PZ, Lavie",POP_BALLAD,TIER_A,True,False,0,,False,False,0,,True,2809,500,6ebb65f4b4d984755faa68de7b9a30f4afe516d3149dc55a493e94a8ced8cd49,
RMVM_S_949c80f458,Anh Chưa Nghĩ Tới,"Phan Duy Anh, ACV",POP_BALLAD,TIER_A,True,False,0,,False,False,0,,True,1624,297,294c1398f418db87717f24ddaa3a92ffd482d8e4b196da3d2e07036fd2b4e08d,
RMVM_S_112ce34f7d,Xuân Ở Lại Chơi Remix (Dance Version),Peto,DANCE_EDM,TIER_A,True,False,0,,False,False,0,,True,2002,350,e3a95a85a04894e850605027531a99b1b94948ba2829b64bf05aae95b3d90c90,
RMVM_S_865634a448,Đợi Bao Giờ,RHY,POP_BALLAD,TIER_A,True,False,0,,False,False,0,,True,1899,314,4860c12d9cf20dc1790da8e5980cfb54dca16ea2efc8de19b47018e9865f208d,
RMVM_S_9bd64b715e,Đưa Tay Anh Nắm (Speed Up),"Hoàng Green, Aric",POP_BALLAD,TIER_A,True,False,0,,False,False,0,,True,2086,369,0bd7b30ed52a484cb2d6837d9e10ba692af6eb99b99bd02188905071b321e140,
RMVM_S_ef607d7147,Chú Chuột Nhắt,Khánh Vy,CHILDREN,TIER_A,True,False,0,,False,False,0,,True,1654,276,078c0addd503c2d32bafde1a3d5ed393ab217b777d725a8a96eec60fa6fd022b,
RMVM_S_ec5a291336,Ông Trăng Miệng Cười,Trịnh Nhật Minh,POP_BALLAD,TIER_A,True,False,0,,False,False,0,,True,1244,206,7842acfbd8e169c858dbcb8f2adc77b0eafd88fcb14c92124b9aa53918b6cc5e,
RMVM_S_24a393b533,Bản Tình Ca Của Chàng Nhạc Sĩ,Hồng Xương Long,POP_BALLAD,TIER_A,True,False,0,,False,False,0,,True,2154,384,6f77f58c3407eeed1e95573e4dc22b609491e932851fd0c60e4b135a906d1031,
RMVM_S_7079bc3ea9,Chuỗi Ngày Ta Mộng Mơ,Lil Zpoet,POP_BALLAD,TIER_A,True,False,0,,False,False,0,,True,1930,334,33875b1a2bd2d86663ebdd09671eafad9214389788aec5ba72362c62ce2a4b65,
RMVM_S_3810bba0f9,Treo Ngược Cành Cây,Duy Zuno,POP_BALLAD,TIER_A,True,False,0,,False,False,0,,True,1360,234,1402c3ae133d5d29c4ad8165c91f19fba112124a5956d1ae265868390671b164,
RMVM_S_00ac57ce96,Bài Ngợi Ca Quê Hương,Uyên Trang,BOLERO_TRUTINH,TIER_A,True,False,0,,False,False,0,,True,2356,408,97bf49a4623136a14b267ae6c3676c7dbc301395560ff6c3ecb99d2603b5a216,
RMVM_S_b7c8a24cd7,Rồi Em Sẽ Quên,Trung Nghĩa,POP_BALLAD,TIER_A,True,False,0,,False,False,0,,True,2142,384,41dd3e63c02463d87a5009cf4e08460727fc3c49903fa884e55395234068b485,
RMVM_S_086b70ee0f,Giáng Sinh Chẳng Muốn Cô Đơn,"Hannie, SoHo",POP_BALLAD,TIER_A,True,False,0,,False,False,0,,True,2217,389,37b35b90fabcd1ee68da024ff8bb25636c9da9b2e5ff840f6d897f0f153609fd,
RMVM_S_bdc9dccaaf,Chuyện Tình Nghèo,"Đăng Nguyên, Quỳnh Vy",BOLERO_TRUTINH,TIER_A,True,False,0,,False,False,0,,True,1157,202,c01080539bde5d1736e6b9e56f0af23b22377971c886062da802f4e01b892df6,
RMVM_S_74b96d8adb,Yêu Thương Mong Manh,"Minh Tuyết, Bằng Kiều",INSTRUMENTAL,TIER_B,True,False,0,,False,False,0,,True,1376,247,37ecd25ca8fca06ed14b66324e0edcf20036c71496a2920486f9a929c354590c,
RMVM_S_e727e46231,Anh Tin Mình Đã Cho Nhau Một Kỷ Niệm,"Thu Thủy, Lương Bằng Quang",POP_BALLAD,TIER_A,True,False,0,,False,False,0,,True,2561,461,57a85ef18cf2d2d220992da81d420cb379506686ef32c473400cc7b5a68a170f,
RMVM_S_8605d86d27,Tình Yêu Đặt Không Đúng Nơi,Chu Bin,POP_BALLAD,TIER_A,True,False,0,,False,False,0,,True,2478,437,25de79f501a854dd0d05bbbee99346d8a8e2276f5ce623905132d24e774ab0a4,
RMVM_S_90b1e19642,Chạy Đâu Cho Khỏi Nắng,"14 Casper, ChamCham",POP_BALLAD,TIER_A,True,False,0,,False,False,0,,True,2382,407,358064b79a032d4eb4480d170a82b75940f4c71c2ad6630eda511610a75834b9,
RMVM_S_c81e668df8,Bạn Hay Bè,Hùng Trọc,BOLERO_TRUTINH,TIER_A,True,False,0,,False,False,0,,True,1740,297,33e3647766c3041949f2a7fb3ffb43200228ce0f87a46a0a46addbd130cc8b56,
RMVM_S_390436ab59,Biển Đời 2,Châu Gia Chuyển,POP_BALLAD,TIER_A,True,False,0,,False,False,0,,True,1778,312,ce02c9cf948a649271c3b294413e5481a5a3dad012e42038d63a18d90a66a224,
RMVM_S_60419682ce,Anh Thích Em Như Vậy (Mus X Hhd Remix),Song Luân,POP_BALLAD,TIER_A,True,False,0,,False,False,0,,True,2197,386,8023bfb264d23f54464402b03ba2bfe2fa3fa525e6d48031132fb4a0d0ded231,
RMVM_S_aa1b81f70f,Bài Tango Mùa Thu,Vy Oanh,BOLERO_TRUTINH,TIER_A,True,False,0,,False,False,0,,True,2127,377,30e0ecac35670f4cd7d74f85d4a796a63aff6911043eab6f00f80d15610f8e01,
RMVM_S_71a6a2f713,Dám Yêu Dám Hận,Vương Thiên Tuấn,POP_BALLAD,TIER_A,True,False,0,,False,False,0,,True,2565,432,53c1b82e9509f952ecbe573aeb3a4fdf1aebcf275b5f6a2376c91988115ca407,
RMVM_S_9e8ec0e43e,Xuân Ơi Xuân Đã Về Remix (Dance Version),Peto,DANCE_EDM,TIER_A,True,False,0,,False,False,0,,True,1306,230,0f6a6219897c96493a61e2fe0001e506199e8e78cacc68588f3d62c7e37fd26c,
RMVM_S_42127942ae,Mời Anh Về Thăm Quê Em,Giáng Tiên,BOLERO_TRUTINH,TIER_A,True,False,0,,False,False,0,,True,1567,267,dff8ede095b0e2fd7331f144ae25fec98d94dfbc960f3b25f940104e614e4bdd,
RMVM_S_923175aeba,Dù Nắng Có Mong Manh,Thu Phương,BOLERO_TRUTINH,TIER_A,True,False,0,,False,False,0,,True,1863,327,6a1a9c802788ba564d2072b5166a7cfa4f3ae8a05ee5441c7e569f45fd7a3375,
RMVM_S_6b6aa04bee,Cắt Ruột Lòng Đau,"Diệp Hoài Ngọc, Minh Minh",BOLERO_TRUTINH,TIER_A,True,False,0,,False,False,0,,True,1711,303,867f995d07ffb5f8bef4d5c4a4e9a6b828e4f461c3c7da01755e05aed7f1d060,
RMVM_S_65a8fad66b,Công Dã Tràng,Duy Phước,POP_BALLAD,TIER_A,True,False,0,,False,False,0,,True,3379,623,a1398f2c77c530ad136f1ed48e720f31f021e9faf4a3df64888f176a88891daa,
RMVM_S_b817082c9c,Đời Trai Lênh Đênh 2 (NMG REMIX),"ZIN MEDIA, TLong",DANCE_EDM,TIER_A,True,False,0,,False,False,0,,True,2674,458,28c4c36f50757af28ae7ac4e90f6df448645a2daaed840fb9cc5971e3b7c3ba4,
RMVM_S_783293e6a7,Anh Vẫn Hoài Mong,"Lưu Ánh Loan, Thanh Vinh",BOLERO_TRUTINH,TIER_A,True,False,0,,False,False,0,,True,1706,304,b6f60a78f9e11e4d039f85bce34ab6916a1c1128ab9bef52d48dc33a03fe2bfd,
RMVM_S_179714fe73,Đâu Ai Cần,"Machiot, Wxrdie",RAP_HIPHOP,TIER_A,True,False,0,,False,False,0,,True,3889,711,4f7c1a00bbfdaf0d9e71334fd0883b5c9e6dab136a264ad8b4fcc4d6eee13e41,
RMVM_S_e71b014a3b,Cả Tuần Đều Ngoan,Mầm Chồi Lá,CHILDREN,TIER_A,True,False,0,,False,False,0,,True,1612,282,52b0fa33c5ad18c7927e38a7bcc8015e21ea9a1f64bac568ad0f79055758ab87,
RMVM_S_4461ff3446,Hành Trình Trên Đất Phù Sa,Xuân Mai,BOLERO_TRUTINH,TIER_A,True,False,0,,False,False,0,,True,1971,340,0c31a21ff995bba2d01682589b391653f53ab2c5d36247afc7f22bc2c4cef5f0,
RMVM_S_8a85fda1db,Sao Lại Đau Đến Vậy,HKT,POP_BALLAD,TIER_A,True,False,0,,False,False,0,,True,2872,503,6f33f34c7d2cce4a1a4ab87c2173fab66945815d2cccd1a2ca6a2734e310bd77,
RMVM_S_263db794a7,Chưa Được Yêu Như Thế,TRANG,POP_BALLAD,TIER_A,True,False,0,,False,False,0,,True,1377,240,e124effea69b85210a132041a2f7ecb84a2087cb0d4a5486835cbd921b089d06,
RMVM_S_89fc7b3e4e,Tìm Tôi? (Find Me?),"Khoi Vu, Thỏ",POP_BALLAD,TIER_A,True,False,0,,False,False,0,,True,1465,261,70cf969dc8cc2dc052233944305b82896e51fc4877160d122a24103adf542360,
RMVM_S_780b725eb5,Chuyến Đi Của Năm (Cover),"Andiez, Seachains",POP_BALLAD,TIER_A,True,False,0,,False,False,0,,True,3748,650,7c974eabff555bbff50108b2190a5f6ec9d157bf9dbd21a718dd8598add721c0,
RMVM_S_5a42a32e46,Anh Em Mình Mà (Remix Version),"Khánh Trần Rio, DJ Nhật Nguyễn",DANCE_EDM,TIER_A,True,False,0,,False,False,0,,True,2805,509,761227dbb5f8259552ec02751d88f359fdd9e961d3207da0d875175abc2ed992,
RMVM_S_c03a9ad2fa,Em Muốn Mua Tim Anh Không?,Dee Trần,POP_BALLAD,TIER_A,True,False,0,,False,False,0,,True,2476,467,620a4432b70fd2c094a24b0d20898c053ede90200917ec4ce5095dd46e99a11a,
RMVM_S_87190fc602,Chị Nhi Chúc Tết,"Đào Nguyễn Ánh, Quỳnh Nguyễn",POP_BALLAD,TIER_A,True,False,0,,False,False,0,,True,2363,406,34ef1088714806ee8a0730cd95c22eea655f22d6818325aa59f09998acc12abc,
RMVM_S_d95838d7d1,Mùa Hè Ấy Em Khóc,"Ngô Lan Hương, Lahi",CHILDREN,TIER_A,True,False,0,,False,False,0,,True,3073,538,0bb6cb12d19b0d7f6ba7a472c1d9e5d3efd7eed970f7d2cdce2770b18dce554a,
RMVM_S_440aa11edb,Yêu Là Gì,"Lê Tính, Châu Khải Phong",POP_BALLAD,TIER_A,True,False,0,,False,False,0,,True,1918,352,64567b023429d1d11a4c8c69e78d2872d000d04afa241d85169eacb860e38c5d,
RMVM_S_c5571650ef,Buồn Của Anh (Ballad),Ngân Ngân,POP_BALLAD,TIER_A,True,False,0,,False,False,0,,True,2261,409,410b453f4e55ab1f4441d008452d51c1fbf5eef045db70053329fdb2330189a0,
RMVM_S_08f7033df7,Gió Đông Đợi Chờ,Khánh Phương,POP_BALLAD,TIER_A,True,False,0,,False,False,0,,True,2138,382,34a26fb049286d276dab4f0c91b358000b60e3af5dee8bde9b6836429e225f08,
RMVM_S_08003d9213,Việt Nam Non Nước Tôi,Thanh Thảo,POP_BALLAD,TIER_A,True,False,0,,False,False,0,,True,1787,301,18594c96caafb1bd27cb2ee3c56697af31afa7e6bb77e318a22d688321b43f55,
RMVM_S_3a5f150251,Giọt Nước Mắt Giữa Đêm,Gia Lạc,POP_BALLAD,TIER_A,True,False,0,,False,False,0,,True,1413,251,eb7078324598749c9d79a7eb2385d9d7d8468492ca2be01a41853ece598eb222,
RMVM_S_437563b2dd,Lặng Lẽ Bên Em,Tuấn Khang,POP_BALLAD,TIER_A,True,False,0,,False,False,0,,True,1888,324,c7d1815c2e31b7e31eaf32cf121e284446324bb700332670190ae734d3f1c531,
RMVM_S_03131757c5,LK Thành Phố Buồn,Chế Linh,INSTRUMENTAL,TIER_B,True,False,0,,False,False,0,,True,2103,360,1276031b1cb5f89121cdbd5fc642e3cb24cf92b768e47da167b54317767d8ab6,
RMVM_S_992137ac9f,Chuyện đời - Kiếp Bon Chen,Hoàng Minh,POP_BALLAD,TIER_A,True,False,0,,False,False,0,,True,2282,396,b8d68e848c7319d1a9470cabcc5d38d2a6d6c043d57f3fd86ca4ac89df79d0bb,
RMVM_S_9fd2b0d34b,Em Viết Nên,Trang,POP_BALLAD,TIER_A,True,False,0,,False,False,0,,True,858,159,899ec01f19d2366736d2002b8be1075bb864645f920a3f9a0dec4d0cc2836980,
RMVM_S_492e19f68a,LK: Nếu Một Ngày-Chủ Nhật Buồn Thôi-Bao Giờ Biết Tương Tư-Thôi,"Đào Phi Dương, Phương Thùy",BOLERO_TRUTINH,TIER_A,True,False,0,,False,False,0,,True,2089,350,de1c1f9b894f8f8b6af317ff7f9e4e764f8c196f0f3dbfb72e426da02a89ca65,
RMVM_S_c1f7417c5a,Cánh Diều Mưa,"Đan Nguyên, Mai Thiên Vân",INSTRUMENTAL,TIER_B,True,False,0,,False,False,0,,True,1438,256,884f7f83e5f4cd8e5f4222820b88ca9f5aadb525dc8b200c059e3aa354542f0e,
RMVM_S_6de5865a81,Đành Phải Xa Nhau,"Khưu Huy Vũ, Dương Hồng Loan",BOLERO_TRUTINH,TIER_A,True,False,0,,False,False,0,,True,1975,330,844f6a3a5fdf2ae989c65d25b4a13332659767f39e6b91524f232c43588c3bc4,
RMVM_S_f24e4e9dfa,Trang Lưu Bút Ngọt Ngào,Phan Đinh Tùng,POP_BALLAD,TIER_A,True,False,0,,False,False,0,,True,2393,437,fb232bbdc03da3de3a65c6c56d8f01cf45c8ac5c6bb3ed9bb15e5a6cf860c134,
RMVM_S_3daa7a38a0,Đừng (Don't Do It),"Tăng Duy Tân, Bofie",POP_BALLAD,TIER_A,True,False,0,,False,False,0,,True,2948,545,74254ebf50cc574d3733cec71971e2444f872d2f9a6deba6b7482e5a42c33479,
RMVM_S_8f5d0deee2,Mẹ Yêu (Cover),"ERIK, Nguyễn Trần Trung Quân",POP_BALLAD,TIER_A,True,False,0,,False,False,0,,True,1705,317,cb332da626e74ed544ddfa7431a218ed0ff5f5947fd13fd3fb1d6f4debccbd91,
RMVM_S_5f2ef5eda8,Thà Rằng Chia Tay,Cẩm Ly,POP_BALLAD,TIER_A,True,False,0,,False,False,0,,True,2104,351,6e020f47239ab69b8f0c5f44e6914b7ea8e61f45c8caefec57059963889cf993,
RMVM_S_e12aafcedb,Chờ Anh Nói Yêu Em,"Đào Kỳ Anh, Dablo",POP_BALLAD,TIER_A,True,False,0,,False,False,0,,True,1296,238,5c83b98ac54081817d3788a0096e521367e630e43395147a583f92884752a61c,
RMVM_S_8776698117,Kết Thúc Ngơ Ngác (Piano Version),Lynn,POP_BALLAD,TIER_A,True,False,0,,False,False,0,,True,1614,290,1ce960b4a1f3a78fac05c3ea90926d02e2a6ba9c582cd5cbb4c8d24f90a38e0d,
RMVM_S_c42ab2f34a,Người Ấy 2020,"Trịnh Thăng Bình, Chí Tâm",POP_BALLAD,TIER_A,True,False,0,,False,False,0,,True,2591,466,8c5035984216d5622b527c3a517fa74ecd909792e98c4e3184ccc2e5f7158775,2020.0
RMVM_S_215dee78bc,Gặp Nhau Là Yêu (Remix),"Kim Cương, Thọ Hùng",DANCE_EDM,TIER_A,True,False,0,,False,False,0,,True,1778,314,c72cf6e297744ce949ecc3b62b7795c78569a38f2c8abba5271bb77dc7ccfb7d,
RMVM_S_1c2de20a9b,Trái Tim Si Tình,Đỗ Hoàng Phúc,POP_BALLAD,TIER_A,True,False,0,,False,False,0,,True,1708,293,15787aaa237162383708d6ffa65d7c4c7abe4edb1db756671e61e3f7217acbae,
RMVM_S_2bf325c9ac,Đắm Say Nàng (Remix),KxK,POP_BALLAD,TIER_A,True,False,0,,False,False,0,,True,3303,613,6dc8d05f53a1f32ca6013c05349ffe67ced814ab4958b79f55e72b8b5c51ec13,
RMVM_S_cb36243bb6,Cả Một Trời Thương Nhớ (Live in HOA Concert),Noo Phước Thịnh,POP_BALLAD,TIER_A,True,False,0,,False,False,0,,True,1993,335,edfc7391267130bd8461babc92e2500a1c0f08725894dbef626b8fc6b0659cc1,
RMVM_S_134b1ba0b7,Thích Gì Thì Làm Thôi,"Sino P, FEEZY, Deezy",DANCE_EDM,TIER_A,True,False,0,,False,False,0,,True,2637,463,f03388abbf017db1a54d908aa537a274b85781abcdc99b73a2e4cb39af05e98c,
RMVM_S_457533c9e2,Vội Đi (Remix),Trịnh Ngọc Hà,DANCE_EDM,TIER_A,True,False,0,,False,False,0,,True,1536,276,51198d28e2e6b340ffd9b7b2cd0ef127642f72c68beb0a5f59496ae4c5ace3bf,
RMVM_S_f52e45c801,Nếu Như Ngày Ấy,"Huy Diệc, HOA HỒNG DẠI MUSIC",POP_BALLAD,TIER_A,True,False,0,,False,False,0,,True,2763,482,4aaa0a676aba21c4df3bf9699b7f5bb97659ec84bdb7d69b74fa30846555762b,
RMVM_S_bf25501d4b,Đâu Ai Vì Nhau,"Khánh Đala, Tống Yến Nhi",POP_BALLAD,TIER_A,True,False,0,,False,False,0,,True,2443,428,ae246b79697cf29222e35caad8d451062ef6ea695f45d128c08954c96bd41a3c,
RMVM_S_352a2065de,Ngày Lành Tháng Tốt,"Võ Lê Mi, Jin Tuấn Nam",POP_BALLAD,TIER_A,True,False,0,,False,False,0,,True,2285,409,6174981ff10114bbebf1360b0adf6cc56a460984f86484cfadcb783c049b2811,
RMVM_S_01179300e4,AI KHỔ VÌ AI (LOFI VERSION),Bùi Phi Long,FOLK_TRADITIONAL,TIER_A,True,False,0,,False,False,0,,True,1292,221,8f4b046f2541a073499f4e74f7770a8d945dcba46887d5bc473534b77b3dfb06,
RMVM_S_3022171bb0,Bao Giờ Là Khi Nào?,"LTee, YunND",RAP_HIPHOP,TIER_A,True,False,0,,False,False,0,,True,4000,700,bc02dd6ee85877a55184e9eeccac88c86b98c060baebcca2992010cd15ee5e1e,
RMVM_S_18bd551aa6,Mashup Nếu Có Buông Tay - Cho Anh Gần Em Thêm Chút Nữa,Tùng Linh,POP_BALLAD,TIER_A,True,False,0,,False,False,0,,True,1759,323,80b9a4d228ae765068a6f48a6d5cf2e3c9b44be1e077bed24f9e37b47883d9ae,
RMVM_S_062bea73ab,Ôi Kìa Tết Đến,"BÌN, Trường Lê",POP_BALLAD,TIER_A,True,False,0,,False,False,0,,True,1880,324,cc1d631045aabdd8764574fc73bd3e4cd923bc80e3e299d145263481f3f656b7,
RMVM_S_4835800ed3,Lại Một Mùa Mưa,Ái Vân,INSTRUMENTAL,TIER_B,True,False,0,,False,False,0,,True,391,72,989ce63dcb47f6304481b084a7a4d50ea50928b7df5b92ad0073f695585f9ab9,
RMVM_S_e573647308,Chưa Hết Giặc Ta Chưa Về,Tình Ca Việt,REVOLUTIONARY,TIER_A,True,False,0,,False,False,0,,True,1085,196,0cbb69c2c41a50b5d25d392851887f6361c32f81385948ed9fb9e1aab72b8b17,
RMVM_S_f2cad7f8cb,Cứu Lấy Anh,Da LAB,POP_BALLAD,TIER_A,True,False,0,,False,False,0,,True,2839,516,c8bf448cd336790876cd4e123c0841cbe8cfafe3a0f120fbf1f217faaea65166,
RMVM_S_61ec2a70fd,Bịt Mắt Bắt Anh,"Phí Phương Anh, RIN9, DREAMeR",POP_BALLAD,TIER_A,True,False,0,,False,False,0,,True,2073,379,09704f759b0aff1a02044fd3479db582ee840d2c0305307811abe8896c701546,
RMVM_S_e67a83cd05,Chỉ Vì Giàu Sang,Lâm Hoài Phong,POP_BALLAD,TIER_A,True,False,0,,False,False,0,,True,1749,313,f64bf1c7fdaed55419d81bd995c945e3f9a8c13a68f000f03515b6f46791f7fd,
RMVM_S_efdebf9851,Nỗi Đau Ai Ngờ (Vinahouse),Minh Vương M4U,DANCE_EDM,TIER_A,True,False,0,,False,False,0,,True,2716,467,246dfded271eedff62eb04d9312b103682f3ffce24e770f6ae489bd26c48a569,
RMVM_S_cdb8669751,Chịu Em Đi,"Tracy Thảo My, YuniBoo",POP_BALLAD,TIER_A,True,False,0,,False,False,0,,True,3246,602,1c0b6118bc77a39cc506c3027b652600daa0c3be2413f6a703961a766da23bef,
RMVM_S_7de9f2c8a2,Ngã Ba Đường Hai Người Đi,Trương Như Anh,POP_BALLAD,TIER_A,True,False,0,,False,False,0,,True,2010,360,f1b48afbdf23eefa04aeb688bbb2a478f2ab54706d702746609008e697138eb2,
RMVM_S_a5e2ef90ef,Anh Sai Nhiều Lắm,Thanh Cường,POP_BALLAD,TIER_A,True,False,0,,False,False,0,,True,2084,356,5d43adbfc7b289875ebbd8fc651e8f96f5c1001099e3343bbef72aed2725ff01,
RMVM_S_56f3cba867,Cả Đời Thua Bởi Một Người 2,Chí Thành Danh,POP_BALLAD,TIER_A,True,False,0,,False,False,0,,True,2600,462,5a1a442e3e1fbf10a7571902f7d5fa4b808a94b14755021ce9e1bf3432376f86,
RMVM_S_c721c30304,Yêu Em Không Cát Xê,Hoàng Nhật Anh,POP_BALLAD,TIER_A,True,False,0,,False,False,0,,True,2156,371,b21f05db1303a75f3a3fceaef9c5e066d23c22f64c21f2114a63f99cf9d2e211,
RMVM_S_96abf8d56a,Lý Do Em Ra Đi,Trương Y Du,POP_BALLAD,TIER_A,True,False,0,,False,False,0,,True,1963,370,f4087a6f890d71b03f97f410eed1865f386d4228c03304ea99ee6e3846c707d7,
RMVM_S_e6fcbb038b,Em Là Cô Gái Miền Trung,Lê Trọng Hiếu,POP_BALLAD,TIER_A,True,False,0,,False,False,0,,True,2706,491,5943d8274f26088519f93cad4f1fa379290b1da43f3d288bdccf2bc70a36d8f0,
RMVM_S_998d987543,Anh Chẳng Quan Tâm Em Nữa Rồi,"VAnh, Phạm Nguyên Ngọc, BMZ",POP_BALLAD,TIER_A,True,False,0,,False,False,0,,True,2168,394,f2d42bcc0388e92dfaf442308a727edb45ac50bc42aa9069ddd7396d3f417604,
RMVM_S_ffb9589432,Thuyền Tình,"Bằng Cường, Nhật Kim Anh",POP_BALLAD,TIER_A,True,False,0,,False,False,0,,True,2199,392,e9c3a5c88fb077444d03ebb6affa442f59c716a43189fc5eebd8943a235a3ff1,
RMVM_S_b2785b062c,Chỉ Vì Quá Hy Vọng (Live at Bến Thành),Hoài Lâm,POP_BALLAD,TIER_A,True,False,0,,False,False,0,,True,1876,317,1563ad5c3b7a28365fc60999afae4600ff339c338d68b3f69db35f3e67a350f2,
RMVM_S_5ee6d75da8,HƯƠNG TÓC MẠ NON (LOFI VERSION),Bùi Phi Long,BOLERO_TRUTINH,TIER_A,True,False,0,,False,False,0,,True,1829,307,502d114e9a0689e638fe5fed3d65037c3886c6046c55a331933fba81cbc41e30,
RMVM_S_a05081049f,7 ngày sau chia tay,mơ,POP_BALLAD,TIER_A,True,False,0,,False,False,0,,True,2059,371,2ed5d648f62390d6fd1bf3c43c3ae66a1606b84e041ae83c944c2d954a6c29a2,
RMVM_S_59fc06bca8,Màu Hoa Kỷ Niệm,Như Quỳnh,INSTRUMENTAL,TIER_B,True,False,0,,False,False,0,,True,1641,293,d1137bea1f613a7d5b8faa413ff088ee34af2fa38032fc69957401b1270ec7c1,
RMVM_S_5f601242e3,Bắc Kim Thang,Bé Tú Anh,CHILDREN,TIER_A,True,False,0,,False,False,0,,True,1173,239,d4abc83279787f7ab50812ab111aa9458e58282033d10ae2b8f12d6f305e4f77,
RMVM_S_5fcca3a4e8,Bên Anh Ấy Chắc Tốt Hơn Anh,Lâm Chấn Hải,POP_BALLAD,TIER_A,True,False,0,,False,False,0,,True,2527,459,69d00ecaefa0661100da50d6bc2b7497797de665f4e5146b0b1395e368e330cc,
RMVM_S_57a05240fa,Thân Phận Tù Nhân (Beat),Tào Lữ Phụ,POP_BALLAD,TIER_A,True,False,0,,False,False,0,,True,2414,393,5a184be7b2ac60172e8940a5c44a2c5bae0cee41bd4402abb5c16e3d0dc930d2,
RMVM_S_a65cd6500a,Ký Ức Nhạt Màu,Lâm Chấn Huy,POP_BALLAD,TIER_A,True,False,0,,False,False,0,,True,1458,270,72bf3863ca1d1dcdef9e4773c00bcb92aebe7b552ac4af9a45bfdd512a8782c7,
RMVM_S_ba5dc59ab5,Con Tim Doi Mau,"Dewie, Trash Dee",POP_BALLAD,TIER_A,True,False,0,,False,False,0,,True,1837,324,2be93fa0dd16c9404015ba05f703c5458f3b1b42528238c896ed3d5f28d6d7bf,
RMVM_S_34304121f9,Liên Khúc Hờn Trách Con Đò - Éo Le Cuộc Tình,Hoàng Minh Thắng,BOLERO_TRUTINH,TIER_A,True,False,0,,False,False,0,,True,2083,370,74df8579e6f85514f24ebf1592ed92a61581f6ad03730d47ac1eb93fb1bad26a,
RMVM_S_e744de3bee,Cái Giá Của Sự Trưởng Thành,"Phí Phương Anh, RIN9, DREAMeR",POP_BALLAD,TIER_A,True,False,0,,False,False,0,,True,1803,322,b7f8054bb7d9598b542b3a09965970836953f45003419b0500b6c798cc613c1d,
RMVM_S_32b3c7da38,Dòng Thác,Dương Minh Kiệt,POP_BALLAD,TIER_A,True,False,0,,False,False,0,,True,2311,393,c0b815cc012216903e5f4008bcb14f959ca1c11e4cb45bff90a846acf54eceae,
RMVM_S_4aba4e66c5,Hoa Cúc Vàng Trong Bão,Bạch Công Khanh,POP_BALLAD,TIER_A,True,False,0,,False,False,0,,True,1520,248,a4a7acc92d837e9b1ebbe25e2bc3f62568a07d5263d129ba9deac339c30fd916,
RMVM_S_632baf1ba1,Con Gái Thời Nay,"Gia Huy Singer, Phúc Vlog",POP_BALLAD,TIER_A,True,False,0,,False,False,0,,True,2824,546,538a3ce8d4629cab1c5e98b63a5e181c6bf5f57f8cb5a69f216ebbd51032c284,
RMVM_S_9831ff1345,Mình Yêu Nhau Từ Kiếp Nào (Pháp Sư Mù OST),Trung Quân Idol,POP_BALLAD,TIER_A,True,False,0,,False,False,0,,True,1897,335,fd381199081cc48f7c17b59ab7852464b3e10fa63ca14748e5bb5d862676bd69,
RMVM_S_cb1ba649c1,Em Đi Về Đi,Trung Tự,POP_BALLAD,TIER_A,True,False,0,,False,False,0,,True,1926,346,c62d05d084424a7efc85b3141dba43852092742ebb2a137ced162251d077e239,
RMVM_S_16f089dc8e,Quá Khứ Và Anh (Disco Remix),Minz,POP_BALLAD,TIER_A,True,False,0,,False,False,0,,True,1767,310,9916f0c843bcf296a299a89b3d1eb28736b0f0ce70893d2d11ef80d5f7784b2d,
RMVM_S_6d500d6242,Quảng Ngãi Chiều Sông Quê,Hồng Xương Long,POP_BALLAD,TIER_A,True,False,0,,False,False,0,,True,2269,386,61b15df7a33be7607589d1722261ca6667952f5cd0b63afae1adf9582880debc,
RMVM_S_2260422bdb,Chủ Tịch Và Nữ Thư Ký,"Đào Nguyễn Ánh, Trần Hiếu Trung, Cua Mề",POP_BALLAD,TIER_A,True,False,0,,False,False,0,,True,4436,800,a43f0b24c7d2bcb941c466a87c5de36a9f380ebf44d7d576ff324ae030529a48,
RMVM_S_367533c4d1,60 Năm Yêu Mãi Nhé,"Tân Hy Khánh, Mạnh Quân",POP_BALLAD,TIER_A,True,False,0,,False,False,0,,True,2286,394,41f865e8aa45d6a934ad429961ce51e58aa3684fada839af1bf6a775ce8358d3,
RMVM_S_d88ff38e4e,Mashup: Bài Thánh Ca Buồn - Hai Mùa Noel,"Anh Khang, Quỳnh Trang",POP_BALLAD,TIER_A,True,False,0,,False,False,0,,True,2112,365,33ed3749e63e744a4212da030276b9bf7ef6f5fc92b38e2f0143db68c8b64459,
RMVM_S_a981b9d8e1,Anh Đã Quên Mùa Thu,Dalena,INSTRUMENTAL,TIER_B,True,False,0,,False,False,0,,True,1266,226,33e441d00d66281d5ca904f477a92aeda0a8a297f9317dad7008fde230f83af7,
RMVM_S_7fc4b54a2f,Có Em Ở Đây Rồi (Remix),"Chu Duyên, CT",POP_BALLAD,TIER_A,True,False,0,,False,False,0,,True,1662,298,880220e9915a845bc9fb5e21938d1d675e6bf96703f5e1fe1c994238a9e18ec8,
RMVM_S_7103b49fcb,Khi Người Con Gái Cô Đơn,"GiGi Hương Giang, Andiez",POP_BALLAD,TIER_A,True,False,0,,False,False,0,,True,1901,334,8653db7bfbd06370a6a07fa1b6e916bd080d315896d4fc8321be0df54beb68fd,
RMVM_S_9816fd4aec,Là Vậy Đó (Piano Version),"Misabae, KayDee, The 199X",POP_BALLAD,TIER_A,True,False,0,,False,False,0,,True,1113,214,6c1c798011dc40145be0f3228d1317750338e39da665b4b369a1b0c5e49225dc,
RMVM_S_d71badaa59,Dù Sai Em Vẫn Yêu Anh,Hạnh Sino,POP_BALLAD,TIER_A,True,False,0,,False,False,0,,True,1545,283,d72005de702cba7a2fe52fc977cd76ac301f6a57cfce768435d82a45a42a2785,
RMVM_S_cad5766336,Thật Không Em,Cao Thiên Vũ,POP_BALLAD,TIER_A,True,False,0,,False,False,0,,True,1887,344,09e2d2a0a89306c27a55549b8ac162d9759ac47bc0ff0d31036b157f582b2a46,
RMVM_S_9803be72f2,Bầu Trời Của Con,Lâm Chấn Huy,FOLK_TRADITIONAL,TIER_A,True,False,0,,False,False,0,,True,2090,371,4d1287d51d63654026475a665d7d96750a87b49f5d245fb2ba5996277f11c482,
RMVM_S_8c971c7845,Đừng Nghe Nhạc Anh Nữa,"Tài Lê, KindyA",POP_BALLAD,TIER_A,True,False,0,,False,False,0,,True,4590,797,c3fd44e9f64089a59c0b12101327d9c8e3a151098258cb0d981324f198133cd9,
RMVM_S_a3dd2deeb0,Liên Khúc Sa Mạc tình Yêu - Cơn Mưa Hạ,Ngọc Bảo Anh,POP_BALLAD,TIER_A,True,False,0,,False,False,0,,True,2008,343,2fc3c55e260bfc0373fd5af39a459d37be8fba62cc0f97e99e3406bae1af1084,
RMVM_S_7c33667598,Nơi Ấy Là Trường Sa,"Đức Tuấn, Xuân Nghĩa",POP_BALLAD,TIER_A,True,False,0,,False,False,0,,True,1828,313,943f84d3663cfe63938ae2b63bb37f2858a2c7b12d463d24836cb15fdf38fb1e,2023.0
RMVM_S_ae6932bfcf,Bách Hoa Hương,Thiên Tú,POP_BALLAD,TIER_A,True,False,0,,False,False,0,,True,2190,379,c74da4baf7526dbc1cf062e0bcaa41f9ed96008b562ab21840e8e47923ce3844,
RMVM_S_f7165d46f6,Anh Chỉ Cần Lý Do,"Lương Gia Hùng, Goctoi Mixer, Tracy Thảo My",POP_BALLAD,TIER_A,True,False,0,,False,False,0,,True,3461,610,09f51d03b1c7d56756c69dbb8ac202ff39cf456dfef4a83aa5c5e9464831edf1,
RMVM_S_d0cd378f00,Đưa Em Qua Cánh Đồng Vàng,"Quốc Đại, Vân Trang",POP_BALLAD,TIER_A,True,False,0,,False,False,0,,True,3052,548,56c2a666ecf69066523fb3154d3a02500ccde30f4fa7f4aa1f49eadc6bd12d79,
RMVM_S_e7d8211c24,Đây là một bản tình ca,Đạt Dope,RAP_HIPHOP,TIER_A,True,False,0,,False,False,0,,True,2347,466,1169d73f251fa6b0f0ed1da7fbbb352c3b22c735d094b92304f979031ec3c90e,
RMVM_S_88d9549be9,Chờ Đợi Đến Bao Giờ,Vũ Long,POP_BALLAD,TIER_A,True,False,0,,False,False,0,,True,2212,383,57679e1e51c888dcaf048f4d52169bd57ac16273886772c806af67139d370a07,
RMVM_S_105559328a,Đông Và Anh,"Thái Đinh, BMZ",POP_BALLAD,TIER_A,True,False,0,,False,False,0,,True,2462,442,919dc06c4941782226839fbe6643ad1c4c8ed3a15734f135f7573abc96f21b13,
RMVM_S_13ad5b9f2f,Biết Đau Nhưng Vẫn Yêu,Hồ Gia Khánh,POP_BALLAD,TIER_A,True,False,0,,False,False,0,,True,2019,353,a12b54d1d6fb2a6d7caeb810029fa93f9e7f3c35b455c2f3c7e714b179966fda,
RMVM_S_f1c1effc9d,Lo Cho Em Tròn Vo,"TBEAR, P.O.N",POP_BALLAD,TIER_A,True,False,0,,False,False,0,,True,3494,698,819d8f3187b9747796702e96b4066d9bdd82433c21381acca847b495c7a493ea,
RMVM_S_358fc0f515,Thế Là Tết,"Đức Phúc, Hòa Minzy",POP_BALLAD,TIER_A,True,False,0,,False,False,0,,True,2430,412,21eaf46b2bfdf7cd8056f83155446e3804cc0b43b6992c20d840555f7c4dd0c7,
RMVM_S_6209e133eb,Xin Anh Đừng,"Huyền Cadie, Lê Trần Media",POP_BALLAD,TIER_A,True,False,0,,False,False,0,,True,1478,259,fbed10437cedb9e376f1225d135617f7e4963a904128b45be72087b7112696c2,
RMVM_S_068ba9c2da,Học Trò Ơi!,Dương Huệ,POP_BALLAD,TIER_A,True,False,0,,False,False,0,,True,2159,354,f126db66bdd73e4d8ee2b18f53e0c735e91f217e8d070d306891f66fc4d47a23,
RMVM_S_968562d799,Girl Hai Huoc Nhung Tim Day Vet Xuoc,Saabirose,POP_BALLAD,TIER_A,True,False,0,,False,False,0,,True,2080,382,5876530c6c0f00bdbb4eb5d58910b01657f7ee04355759e3fc4382d227b0c39f,
RMVM_S_c02310ebf6,Chỉ Cần Em Luôn Hạnh Phúc,Dương Cao Thắng,POP_BALLAD,TIER_A,True,False,0,,False,False,0,,True,1967,365,c3edec3579f725a0ed8b3cea3046c8d361a1cab3484f1508ca2f2098536bc9aa,
RMVM_S_f3b7222e3c,Người Lạ Nơi Cuối Chân Trời,"LK, JustaTee",POP_BALLAD,TIER_A,True,False,0,,False,False,0,,True,4035,695,ca797d105f1dfdaf717a5b10cb2590cb22c9b1968518009ab51d81c321fff2ea,
RMVM_S_d892074f29,Em Hãy Về Cùng Anh,Trường Kha,FOLK_TRADITIONAL,TIER_A,True,False,0,,False,False,0,,True,1962,344,c1ef3a33d0376e232133ba4e88a5369a838917110ee5f200a51ddf21f21564cd,
RMVM_S_4026c5961d,Anh Em Tương Phùng (Remix),Nhiều nghệ sĩ,POP_BALLAD,TIER_A,True,False,0,,False,False,0,,True,2552,436,cbe804cf31181389db80fad28456fdfb4d2353289b3ffe7da15da3726b84f932,
RMVM_S_8f8635fd78,Anh Yêu Em Đơn Phương Đấy (Piano Version),Gin Tuấn Kiệt,POP_BALLAD,TIER_A,True,False,0,,False,False,0,,True,1560,282,ccd34269a57c740a5b6f3a3c3163128cd82575ec3e5e0876a385267be88df89c,
RMVM_S_58248642bc,Chỉ Còn Một Mình Em,Hoàng Linh Anh,POP_BALLAD,TIER_A,True,False,0,,False,False,0,,True,1994,347,1b3d30e202c6621f4390fbfaf96e7c103ae5f5b61e404772d74e12997df722d6,
RMVM_S_821a98714f,Bỉ Ngạn,Aiden,POP_BALLAD,TIER_A,True,False,0,,False,False,0,,True,1295,212,14153f3f84be75ce8c9b6c511badf1e7b6cd639760072e38dd3576571f637558,
RMVM_S_22e4241850,Ai Mà Có Hay,Nguyễn Kiều Oanh,POP_BALLAD,TIER_A,True,False,0,,False,False,0,,True,1755,305,d2b1e688f78ec9b338777c785b91eafff786d00ecbfaa541c33591b364b5b274,
RMVM_S_d03482c0a7,Corona Ghét Lắm Nha,Thiên An,POP_BALLAD,TIER_A,True,False,0,,False,False,0,,True,2614,426,cf3a63c3a61963b51a2ba81d48e007966bbb7b3ae796384a5352808e9e9db7cf,
RMVM_S_6aa9a69323,Câu Chuyện Cuối Năm (Xuân Phát Tài 13),Quang Lê,POP_BALLAD,TIER_A,True,False,0,,False,False,0,,True,1304,221,0a058d0e2d9f4553252c9c9326d94fd6defb5e21a1317f0cd49b935bd915a363,
RMVM_S_92afc674ce,Còn Gì Để Nhớ,Chance C,POP_BALLAD,TIER_A,True,False,0,,False,False,0,,True,1709,294,7cfb6ac69edb92c5f16058a83a3d9d92fc3de37d3aac6633ba88936de2b29fe5,
RMVM_S_fefbe1dae1,Cảm Ơn Cô Ấy,"Thiên Miệu, Đạt Khói, Tịnh Cường",POP_BALLAD,TIER_A,True,False,0,,False,False,0,,True,1854,321,55c23e3587623ecc129823b23f2d4eabcae7175d56c5a1afe6abdc33054c2b91,
RMVM_S_28ac813a58,Em Nói Em Thương,"Quang Khải, HOA HỒNG DẠI MUSIC",POP_BALLAD,TIER_A,True,False,0,,False,False,0,,True,2095,361,fe60eb985d67ecb60dcdd1cf50e7abf1e489e5047a6f60b0a01a45a49e3ed81d,
RMVM_S_a597087fed,Nghề Tôi Tài Xế,Hoàng Minh Thắng,POP_BALLAD,TIER_A,True,False,0,,False,False,0,,True,2235,393,16e8798e28d0888101c39e7e00adf2be5c66c909f7257552bf63e97e5087f83e,
RMVM_S_9f401f0110,Người Ta Hỏi Anh (Remix),"Nhật Tinh Anh, DJ Turbo",POP_BALLAD,TIER_A,True,False,0,,False,False,0,,True,1616,289,9e7ecda964df100abe4dffce80388f53c6295c3e00d51e8339a0be0d8ffda817,
RMVM_S_c006d86600,Hãy Là Của Riêng Anh (Remix),"Triệu Minh Đạt, T.2M",POP_BALLAD,TIER_A,True,False,0,,False,False,0,,True,2367,430,ca4e369920e49f30b4062c1f0f598ada15b820d96faad2abdbe76ff186ec42e2,
RMVM_S_10f6c2cad7,Mashup Nhắn Gió Mây Rằng Anh Yêu Em - Ta Còn Yêu Nhau,Tùng Linh,POP_BALLAD,TIER_A,True,False,0,,False,False,0,,True,1579,286,83a3f57f19c449337da6d7152df4128d44a0587953e66866b42f3256e11cde09,
RMVM_S_46e9c3f471,Cau Trầu Đưa Lối (Remix),"Khưu Huy Vũ, Võ Lê Mi",DANCE_EDM,TIER_A,True,False,0,,False,False,0,,True,2498,439,6a0acd1af4ea600347329efb0e7d7bcd94fcdfcc0e088b101d3098bfe32406aa,
RMVM_S_c75868021f,"Anh Đã Yên Bình, Tôi Biết Thương Mình",Phạm Quỳnh Anh,POP_BALLAD,TIER_A,True,False,0,,False,False,0,,True,2443,420,a51ae642dc4ce6176654c81aa0df4613dec1beac674ea3305bd1ac50f8887823,
RMVM_S_6283b02dcc,Bến Phụ Con Đò,Vũ Tuấn Khang,POP_BALLAD,TIER_A,True,False,0,,False,False,0,,True,1867,316,4b47cb1e9b6035d7d71df063e5e83bff6da31581160438434d90aca84630f3cb,
RMVM_S_f518010c57,Liên Khúc Thuyền Xa Bến Đỗ,"Trương Cẩm Tú, Gia Lạc",BOLERO_TRUTINH,TIER_A,True,False,0,,False,False,0,,True,1917,329,38435316f1aec73de825c42f45a73e8a7268600c0e5f945efbb0bbb61831e018,
RMVM_S_5a9b2b1343,Anh Em Chí Cốt,Tô Gia Tuấn,POP_BALLAD,TIER_A,True,False,0,,False,False,0,,True,2292,410,bcf1b03def9d862d628794c153b40191d7468ef1da7c5ac9bee3c67e0ef89e93,
RMVM_S_4f931420cb,Điều Anh Mong Chờ Không Phải Là Tuyết,Chí Thiện,POP_BALLAD,TIER_A,True,False,0,,False,False,0,,True,2357,405,80484f2919ada6d9899f6296513b6fcca25538fdeb8898172d1dd1a07e5d0aec,
RMVM_S_a807e518ac,Là Anh (Remix Version),"Phạm Lịch, BMZ",DANCE_EDM,TIER_A,True,False,0,,False,False,0,,True,3090,552,94223d65e44b4f5a4ba020cf66f20b5d7169f21055423812f6a4976a01f9020c,
RMVM_S_84e3b3f06e,Khúc Nhạc Vui,Huỳnh Tú,POP_BALLAD,TIER_A,True,False,0,,False,False,0,,True,1333,238,8aef5eaa9f2b17919a1f9dd0962df9f8293a81598110653e0db971f81e73cc16,
RMVM_S_34fb27724e,Bình Yên Nơi Anh (CM1X x VRT Remix),"TeamV, CM1X, VRT",POP_BALLAD,TIER_A,True,False,0,,False,False,0,,True,2309,409,e251becd19a99016cdb0ee837a23eb7907a2f5c7898b574f3bb607155d8a726c,
RMVM_S_7bf61e1655,Quên Anh Em Ổn Mà,"AndyShin, Kid TD",POP_BALLAD,TIER_A,True,False,0,,False,False,0,,True,3460,606,4b28810d74b6a10238c34adef4e0da383dc49889952e4865147c73886a08cb66,
RMVM_S_ac6b8987c9,Anh Chưa Từng Quên,Nhiều nghệ sĩ,POP_BALLAD,TIER_A,True,False,0,,False,False,0,,True,5056,891,c2707b070d8013fe67bb7b3f3d5383b0555dad0e3fc859a254328eb645554534,
RMVM_S_027b142178,Lỡ Nhịp Yêu Thương,"Piu Nhok, Shyn Tây",POP_BALLAD,TIER_A,True,False,0,,False,False,0,,True,3753,669,020f0b355aa24fe62a93886a408fe803c21c365347617fbc57f9a0ce0492936b,
RMVM_S_e5336532e4,Câu Hát Lý Theo Chồng,Tài Linh,FOLK_TRADITIONAL,TIER_A,True,False,0,,False,False,0,,True,1731,306,f4befeed708692a8eb7972296b793c9022e77b11a3b033c5f943e96cde1d4c8e,
RMVM_S_1c9cfc3772,Còn Là Gì Của Nhau,Châu Khải Phong,POP_BALLAD,TIER_A,True,False,0,,False,False,0,,True,2240,398,24ea528aeaf1b30a654d1cc272a2f2931f72b34641f033795ab5cd8fa1e9031e,
RMVM_S_8bc98b3c4c,Thuyền Nhỏ Sóng Lớn,Vân Du,POP_BALLAD,TIER_A,True,False,0,,False,False,0,,True,1781,291,159e5dbba5cd403af6d050dc2913d1ad0c11d753cfd9bd14078acc52817490af,
RMVM_S_db96a8d212,Em Đang Nơi Nào,Bạch Công Khanh,POP_BALLAD,TIER_A,True,False,0,,False,False,0,,True,1973,389,1166701af20c8a13ede92227200281c55c76a55b328defc1915a0c9429df5824,
RMVM_S_1ba39f1f65,Liên Khúc Ngày Tết Quê Em – Chúc Tết,"Lưu Ánh Loan, Vũ Hoàng",BOLERO_TRUTINH,TIER_A,True,False,0,,False,False,0,,True,1928,327,5ee807faaf9c24ccce3a6344741f5d523225992f2fbab4b6340a87fc4890ab64,
RMVM_S_bd56b53fe0,Bước Chân Người Miền Trung,Trung Nghĩa,BOLERO_TRUTINH,TIER_A,True,False,0,,False,False,0,,True,2305,376,749f0cd262170cf6fe5fdca97ff187ee2f456fc730075e63700488d5527b0cd2,
RMVM_S_775a85fb92,Tình Yêu Hoa Gió (Chips Lofi),BEAN,POP_BALLAD,TIER_A,True,False,0,,False,False,0,,True,1578,276,65eb4e6ee90b8c3ab9ac2d53d44150856d964d9ea15c27a0375910c771065aa1,
RMVM_S_78d8a7ba21,"Anh Ổn, Em Sao Rồi","Đạt PT, Puns F",POP_BALLAD,TIER_A,True,False,0,,False,False,0,,True,4430,778,1d8922dce253ef5ca5e3ba1e6c14f65613cb018c2a8b315a73cb3dd759dbae7c,
RMVM_S_b8eab51b11,Đôi Mươi Xuân Về,Võ Ê Vo,POP_BALLAD,TIER_A,True,False,0,,False,False,0,,True,1688,322,664d862340e7d5bdd4275dc196d1e5e2993bcc33dc1273e393c71c90df28f911,
RMVM_S_0fc64439ee,Bài Tình Ca Cho Em (Live),Thiên Tôn,BOLERO_TRUTINH,TIER_A,True,False,0,,False,False,0,,True,1362,247,5acba1ef71bebc9ec2c52de206ebe61609df18ea14835941ce2e2ffcd7b0f62f,
RMVM_S_7ab9d4eb04,chạy theo cơn mưa,"Phượng Vũ, Tuno, PhiWoai",POP_BALLAD,TIER_A,True,False,0,,False,False,0,,True,1681,294,eb79c6d4a73235e88266a8e134c7c87d6023aa79e072a81d11a7da862a9e556d,
RMVM_S_6bab819b1b,Tình Xa Ngàn Khơi,Vân Quang Long,POP_BALLAD,TIER_A,True,False,0,,False,False,0,,True,2133,375,fc0c7a4f49a162fde478f2c70da5c8b0e09d900b32346c5a8fa32e7d699aecc8,
RMVM_S_e6647f9065,Tôi Yêu Bánh Mì Sài Gòn,"TDK, Long X, Nguyễn Hải Phong",POP_BALLAD,TIER_A,True,False,0,,False,False,0,,True,2515,467,22df7f88f97b9a29b6788733a7b7c84ca5a1c875a9d21669dfdfdaa5f8533ecf,
RMVM_S_3440f791a4,Hồng Trần Ngàn Vạn Xuân,Bùi Hoàng Yến,POP_BALLAD,TIER_A,True,False,0,,False,False,0,,True,2246,378,cb5ae86919dcbd30c333087fb39d9c07ed59a52a9cc1dcf4b49bfab73e6f1549,
RMVM_S_1480a99210,Anh Ước Em Ở Đây,"Lệnh Hồ Khang, Mr. Đùm",POP_BALLAD,TIER_A,True,False,0,,False,False,0,,True,3361,578,af9c557701cefa474ed622ebbf766f502947d10b25685c19269befd45d997406,
RMVM_S_20eb55c2bf,Liên Khúc Người Tình Không Đến - Chiều Cuối Tuần,Châu Ngọc Hà,BOLERO_TRUTINH,TIER_A,True,False,0,,False,False,0,,True,1785,306,ec3e494038c8427100fa464959129d41126d5b952e9a524969aa0b1573aecd85,
RMVM_S_b3a3c48ffc,Chạm Tới Tuổi Đôi Mươi,GreenD,POP_BALLAD,TIER_A,True,False,0,,False,False,0,,True,1805,309,ae4f1071fcf6042465ae2c0136b86d129a3186aceca392754a4b10133fe31180,
RMVM_S_f7be22ae38,Ngày Xuân Thăm Nhau,"Quỳnh Trang, Thiên Quang",BOLERO_TRUTINH,TIER_A,True,False,0,,False,False,0,,True,1359,231,0a642da299644d967eb5eaac2d954f585862ec8d3936ba8db467a201e152b462,
RMVM_S_8545932185,Cứ Mãi Là Giấc Mơ,Hiền Thục,POP_BALLAD,TIER_A,True,False,0,,False,False,0,,True,2074,367,677e7ad033e4881bfd7eaf858c3e6dff46bf1cc2969107e32275ea979ea62e8d,
RMVM_S_df3cb94441,Anh Nghĩ Về Em,PI.NO Phạm,POP_BALLAD,TIER_A,True,False,0,,False,False,0,,True,2303,419,390b93b83b867234c226d5e0b9fe3eecdbe5ff4fcadc8b255e5fe9943e8bb7ae,
RMVM_S_4947cac1a9,Có Em Anh Có Cả Thế Giới (EDM Version),Phạm Tuấn Tài,POP_BALLAD,TIER_A,True,False,0,,False,False,0,,True,1518,287,13195f21ee5b77f3d8eb615732fa838636c298891eadbdb44152884a3741f17e,
RMVM_S_6b993965f5,Em Đã Cho Tôi Một Lần Đau,Lương Tùng Quang,INSTRUMENTAL,TIER_B,True,False,0,,False,False,0,,True,1986,338,7e67de437911c4275c2f2cc41f5257e4250998f78dfed03b6fbef3c0eda62774,
RMVM_S_041782883d,Thầm Yêu (7 Deep Cuts Session),Phùng Khánh Linh,POP_BALLAD,TIER_A,True,False,0,,False,False,0,,True,1807,324,ce4d7f4e7c5f39229ca8f774dec65947c002ecba0e9a7f24a46043d79bceed92,
RMVM_S_6897374d85,Chiều Đồng Quê,"Ái Vân, Nguyễn Hưng",INSTRUMENTAL,TIER_B,True,False,0,,False,False,0,,True,1935,314,949a24f2ebf2ff0c94370bc1aae04cc08402a5ea97c5e3c66969325cc3958c64,
RMVM_S_810dd2adf9,Hãy Khóc Trên Vai Anh,Uni5,POP_BALLAD,TIER_A,True,False,0,,False,False,0,,True,2953,534,995d4495b6322b71fcc9fd42aa37b23360f5827a5e0ea37ae8cf388b728db1d8,
RMVM_S_1af6c947e4,Bên Ấy Bên Này (Chillout),Long Cao,DANCE_EDM,TIER_A,True,False,0,,False,False,0,,True,1795,318,e2f725c44d0ccc64321709cc7d6f13142d04490c235731827bfb8a9c3e1b2466,
RMVM_S_3212664321,Đâu Dám Trèo Cao,"Dư Anh, Mỹ Linh",BOLERO_TRUTINH,TIER_A,True,False,0,,False,False,0,,True,2008,355,cae0b3cd20cbfcd8967f1b6eaf307f8fc6e852952cd7eef96c1fd4f21beed376,
RMVM_S_e30fe77d55,Ai Mì Quảng Không?,Tố My,POP_BALLAD,TIER_A,True,False,0,,False,False,0,,True,1653,282,6562a6340bfb4151350a3c0fc0a90c3352ef3c186a17746489965373dce451ee,
RMVM_S_7d8e681456,Đừng Thương Họ Như Em Đã Thương Anh,Đình Dũng,POP_BALLAD,TIER_A,True,False,0,,False,False,0,,True,1726,304,94e3174e571acf4e4589d4b4847932753446391e1ddf7edf61c2fc87b9d05cf3,
RMVM_S_8d29c4a417,Bằng Lòng Em Ơi,"Lee Ken, Rum Bi - N",POP_BALLAD,TIER_A,True,False,0,,False,False,0,,True,2595,448,a0706945904e9e267d944a43bf9aaecee8e3a18686f10875aaf76c0cfdbe44f3,
RMVM_S_9f2b33b81c,Ánh Mặt Trời,Khánh Trung,POP_BALLAD,TIER_A,True,False,0,,False,False,0,,True,1843,333,6b679a7126308ee14574b22d3c03e898f780fccdf98f5278f8232dbddd023775,
RMVM_S_9c18d7c6b4,Ánh Trăng Tan,Don Hồ,INSTRUMENTAL,TIER_B,True,False,0,,False,False,0,,True,1555,276,07aa6a6694e25bfe427543146636438d9a3fd92b6b70783773f44571fcbdd7ba,
RMVM_S_2af4f7831c,Liên Khúc Cha Cha Cha Quân Vương Và Thiếp,"Thanh Ngân, Gia Tiến",BOLERO_TRUTINH,TIER_A,True,False,0,,False,False,0,,True,6511,1116,7942a043d52aef7e660a4b0ae564ad5f088c84a4333571852c64e127939c35e6,
RMVM_S_18074011d4,Say Em Mất Rồi 2,"T2K4, Xuân Quỳnh",RAP_HIPHOP,TIER_A,True,False,0,,False,False,0,,True,2988,543,3d1811550720fe43f2ec7bec9e52c059decb966636779bfb9ac28116515bac50,
RMVM_S_b91c556525,Liên Khúc Làng Quan Họ Quê Tôi,Mỹ Anh,BOLERO_TRUTINH,TIER_A,True,False,0,,False,False,0,,True,2999,543,46c8f8994883f2a6b8c6ca35c38dd191c6d148832189a325fc3691ad10249972,
RMVM_S_99aebc1770,+1 ngày bên em (Lofi Version),"Trungg I.U, Rum",POP_BALLAD,TIER_A,True,False,0,,False,False,0,,True,1585,272,eda33a1a1efc3fdccaf00b381e19aa457eb3037b5f86512866e39ae8ee557c58,
RMVM_S_c12633234d,Yêu Được Quên Được,Hồ Phong An,POP_BALLAD,TIER_A,True,False,0,,False,False,0,,True,1570,282,194db5ae361a13801af4caa1c431ac7f72f28958b5255829a3d47b6fcf5707ee,
RMVM_S_6199013231,Đêm Cuối Bên Nhau,Nhiều nghệ sĩ,BOLERO_TRUTINH,TIER_A,True,False,0,,False,False,0,,True,1564,266,3d7b1c0d422e00647904adc8ee5582de5a7b42f98f5a5b9120bfbc54f19539f6,
RMVM_S_450bd4ad6e,Đổi Người Mình Yêu,Kenvin Tuấn,POP_BALLAD,TIER_A,True,False,0,,False,False,0,,True,2182,388,7901351a77accf138563ef1cc01772e6a579beb1a9781ba0685f84e4a3977f26,
RMVM_S_ebbd4a54ff,Biệt Giang Hồ (Remix),Ku Vàng,POP_BALLAD,TIER_A,True,False,0,,False,False,0,,True,2442,437,7bd47e9d0cbbc623db45402d277e5a023cec49eb7870784fe876e01394f32b42,
RMVM_S_9f115b57d1,Bước Qua Tổn Thương Có Dễ Dàng,Hà Nhi,POP_BALLAD,TIER_A,True,False,0,,False,False,0,,True,2422,423,ef794fb7c89d9d1359820d4ff9795651cfaee675d51de7a65a72a8c7761ca2c8,
RMVM_S_bdc2376514,Có Ai Quên Tình Đầu,Zick Phạm,POP_BALLAD,TIER_A,True,False,0,,False,False,0,,True,1746,311,65258fd2164c68561fc9e390d7352d7b2c152d72ee18f338daade7b105d2b7b6,
RMVM_S_a3f5ff29b7,Chẳng Thể Cùng Em!,"QuocKiet, Khiem",POP_BALLAD,TIER_A,True,False,0,,False,False,0,,True,2276,395,84904ab101033a0b7f43a96138e4488f5009474dfd8b3925dbdc5ff89f0a9500,
RMVM_S_b637f3ae23,"Mashup Sau Tất Cả ,Yêu Lại Từ Đầu",Khắc Việt,POP_BALLAD,TIER_A,True,False,0,,False,False,0,,True,2112,385,d17aaafd1551573310fb3b49adb1e70d3e4b90837778681ec991a7b8b75fdf9b,
RMVM_S_a7aaaa0e51,Ấm No Đời Đời,"Đoàn Thúy Trang, BigDaddy",POP_BALLAD,TIER_A,True,False,0,,False,False,0,,True,2959,537,4a4830564eeaed1499c17d1bdc2c0c9139b47969ea0b25cd53cc91c6bb549b9d,
RMVM_S_dc75141a99,LostOwl Có Phải Là GPS,"Pixel Neko, Mỹ Anh, Lost Owl",POP_BALLAD,TIER_A,True,False,0,,False,False,0,,True,2493,480,eb0f4a04fe47616087581fd69fde90aa3a879662f4bf1c3eefc8520671f6a2b9,
RMVM_S_3bfeb76e3b,Gửi Em Của Quá Khứ (New Version),Phạm Quỳnh Anh,POP_BALLAD,TIER_A,True,False,0,,False,False,0,,True,2134,371,5aff222db0a54de9ada26d6b69930fd727a7e4fa3ad8349d22132ace11784248,
RMVM_S_080468fe18,11 tháng 5 ngày,Nguyễn Đặng Châu Anh,POP_BALLAD,TIER_A,True,False,0,,False,False,0,,True,2602,450,7b2c031e6294e56f3438351022681ef9f55a0cae44f5e9a787909a02e1b151bb,
RMVM_S_eac2e6dc48,Một Lần Ly Biệt (Remix),Lê Bá Duy,DANCE_EDM,TIER_A,True,False,0,,False,False,0,,True,1535,281,68fcf90a10f6d488cb726024bc259df0639f71ff27bcaf0f6eb80a6c0aed8fec,
RMVM_S_f15a6e96e4,Bức Tranh Trắng Xóa,K-ICM,POP_BALLAD,TIER_A,True,False,0,,False,False,0,,True,1650,287,55b84800d3dfd6df12128a020ca76b868f053c1790713f1f7c8f42cd9eb443d9,
RMVM_S_5b07d792b9,Đời Không Như Mơ,Long Hải,POP_BALLAD,TIER_A,True,False,0,,False,False,0,,True,2179,381,b9420065ed3b8783817f1717e4e5bc4ff1479cd23e9398cde4e6e7680f3bec0d,
RMVM_S_84210c1b80,Gọi Là Người Dưng,Trung Dio,POP_BALLAD,TIER_A,True,False,0,,False,False,0,,True,1888,306,b052fbd02f62a2f2e830a582972a908a5b433b691fb0bae4899981775e168165,
RMVM_S_cd025b9965,"Giọt Sương Và Chiếc Lá (From ""Lưu Hương Giang's Library"")",Lưu Hương Giang,POP_BALLAD,TIER_A,True,False,0,,False,False,0,,True,1821,308,0928f4dca9d81c67d26bab617143a9f9cb7046ec0c45bd81c715d54e49d592c1,
RMVM_S_48debccc7a,Ân Tình Chia Đôi,TLong,POP_BALLAD,TIER_A,True,False,0,,False,False,0,,True,1491,268,c1b7cffdcd6b620a9dd91d6b5b9ba9bcdb07071252e4f73ffed76b077b319ff1,
RMVM_S_59b80b30e6,Tình Yêu Vô Hướng (Piano Version),"K-ICM, Hồ Tuấn Phúc",POP_BALLAD,TIER_A,True,False,0,,False,False,0,,True,2191,381,e8fdbf1d91608946df05d3baab867ba32ad382fe45d50f77a2dedb8077aaf8a4,
RMVM_S_4ff55e595c,Bông Hồng Dâng Mẹ,Mai Thiên Vân,INSTRUMENTAL,TIER_B,True,False,0,,False,False,0,,True,1874,324,7f4c3e5492a9cd8627d2e381d906e2c04746c2f2137372ed88dd478658bdcbf6,
RMVM_S_989285b7c6,Đừng Để Nước Mắt Em Rơi,"Puns F, Minh Tài",POP_BALLAD,TIER_A,True,False,0,,False,False,0,,True,3932,679,3ebba6be7b3e99905ae29a0688c87efeed51b46890376cf3e0d4b33a4c61021f,
RMVM_S_ef088e5a01,Tết Là Nhất,Nhiều nghệ sĩ,POP_BALLAD,TIER_A,True,False,0,,False,False,0,,True,2868,509,bcab7d06e838add9e04c904fd5da277d1fd1ba1b0dd3c932d5da2cc9ca660fa4,
RMVM_S_4d1c24085a,"LK Trăng Về Thôn Dã, Rước Tình Về Với Quê Hương","Vi Châu, Thanh Vũ",BOLERO_TRUTINH,TIER_A,True,False,0,,False,False,0,,True,2814,501,8369e7f2492b59931fb7ed7c630c702b18f23f387f82f765256801f461191ad7,
RMVM_S_65eaf3fe5f,6 Cô Gái Bạn Có Thể Sẽ Hẹn Hò Ở Đại Học,Haisam,POP_BALLAD,TIER_A,True,False,0,,False,False,0,,True,2580,452,d92756374cc7a34ce17232c461029d9ea4f18516455fb51c6caf4fd0a8784e73,
RMVM_S_fff4e8c1e3,Đừng Mãi Nói Lời Gian Dối,Như Thùy,POP_BALLAD,TIER_A,True,False,0,,False,False,0,,True,1943,349,1cc13f7af7a96c6ac047d835b5c3f109732a0b861ca543db463677ccfd498b9f,
RMVM_S_5e03e73099,Tình Bạn Đẹp Nhất (TikTok Remix),"iBe Viet, BMZ",POP_BALLAD,TIER_A,True,False,0,,False,False,0,,True,1089,187,10dc1751a2855df296e735bd6f4b83cfcc51f30df2170fe43b4fed6a6db085f8,
RMVM_S_b991cea6f4,Dấu Phố Em Qua (Live Version),Hà Anh Tuấn,POP_BALLAD,TIER_A,True,False,0,,False,False,0,,True,1449,256,41c6a2a6b0d9f03e6de91ee8413e1bc6cf5660f875eb37bfdb408783cd7d6dcc,
RMVM_S_8eda89bd09,Giấc Mơ Xa,Khánh Phương,POP_BALLAD,TIER_A,True,False,0,,False,False,0,,True,2180,385,805236f2d7f64e0b47b30aad66ac920ec8a612d799e24a9a6ed524937d4db211,
RMVM_S_3d62d50407,Liên Khúc Tuổi Xa Người & Bài Cho Em,Trung Nghĩa,BOLERO_TRUTINH,TIER_A,True,False,0,,False,False,0,,True,2181,381,f1078746420e3dcbeab9df4ab835fa55b6747fc6b81c385b247c698e2b659810,
RMVM_S_e69b3e28d1,Vì Anh Dối Gian,Minh Tuyết,INSTRUMENTAL,TIER_B,True,False,0,,False,False,0,,True,2249,397,99155825d5acfe78aba30aa45a843d7de25ed0f4a83270fb3161e94fadbe2974,
RMVM_S_d57820c947,Ai Đâu Hay (CM1X Remix),"Sean, CM1X",DANCE_EDM,TIER_A,True,False,0,,False,False,0,,True,3357,590,ecad26fc8510e49ba91359e355b47840ba298084499d731473b1b3fb377f3a3a,
RMVM_S_1cedb7851d,Lá Thư Của Gió,Kha Idol,POP_BALLAD,TIER_A,True,False,0,,False,False,0,,True,2864,494,a2fec78bba1238b48c92965bf032c654f051c1b6191b3f5694a55a10bd057b9b,
RMVM_S_bb8be3f74c,Kể Từ Đêm Đó (Live),Giao Linh,BOLERO_TRUTINH,TIER_A,True,False,0,,False,False,0,,True,1375,232,42ac0d724236e31c5da7d42f329d41d47366443ec6d299df0b3eba4998e2ee8d,
RMVM_S_71a7e2284f,Một Chuyến Bay Đêm,"BeeBoss, Tuấn Chung",POP_BALLAD,TIER_A,True,False,0,,False,False,0,,True,2062,353,effff19fa566de873367fb8eec836344b86d7b3438a46426e8494c157a6b860b,
RMVM_S_4afc5f620f,Biết Vui Biết Buồn,"Thùy Chi, Đức Trí",POP_BALLAD,TIER_A,True,False,0,,False,False,0,,True,1239,210,ef94e8d61b93a284a4573469b8cc5c292156ef600c41e39af30849f67d89efe3,
RMVM_S_11e2a7c959,Chạy Theo Em,T.R.I,POP_BALLAD,TIER_A,True,False,0,,False,False,0,,True,1518,269,e28e384565c7d61fcec2b4e3471fbc47718ae9b739b490f525143465b19f6cfc,
RMVM_S_98edf62833,Chú Tiểu Ngây Thơ,Kitty Ngọc Nhi,CHILDREN,TIER_A,True,False,0,,False,False,0,,True,2227,393,991ba61367ad6b783b95455a78ee2a6b26629e7f6d464688fcaa1ada659d6b29,
RMVM_S_48799e3ad2,Chúng Mình Yêu Nhau Thế Đấy,Hoàng Yến Chibi,POP_BALLAD,TIER_A,True,False,0,,False,False,0,,True,478,88,33f396e7233852fd361180dcb6ad74e3a19831d1e2ad63c053ec8d945c53047b,
RMVM_S_7021043917,Nếu (Acoustic),Cá Hồi Hoang,POP_BALLAD,TIER_A,True,False,0,,False,False,0,,True,1726,293,4d7dbf75ed9b67b1db8f273e9dcaeb259bc0b2547a46508550d12164722b74eb,
RMVM_S_11d9e23093,Lý Do Anh Xuất Hiện,Tân Trần,POP_BALLAD,TIER_A,True,False,0,,False,False,0,,True,1408,253,1081dfafa6e9789f2cfd39dea7da934c096bf576f84551b1202a138b12aad2dd,
RMVM_S_25adc8221f,Nhớ Về Em,"BeeBoss, Tuấn Chung",POP_BALLAD,TIER_A,True,False,0,,False,False,0,,True,1419,248,0aa764d7bec200c866e851644a3eb54c5a362b3d02d88ef1c4bc891ac1fb3e67,
RMVM_S_032444b97d,Mượn Đôi Tay Ấm,"Đình Bình, Richi",POP_BALLAD,TIER_A,True,False,0,,False,False,0,,True,3191,579,0fc1c9e3fec6c331c0b6246430de4bb1336838ff423e71d752e70fda92571576,
RMVM_S_9a1789e72e,Anh Chỉ Buồn Hôm Nay Nữa Thôi,Rain Lưu,POP_BALLAD,TIER_A,True,False,0,,False,False,0,,True,3495,606,921b5e5fbfab0ef9a085b8de91cda64cae12238d13ad6da9e069239fccd9f0cd,
RMVM_S_4246b8d02e,Mạnh Mẽ Lên Em,Dương Nhất Linh,POP_BALLAD,TIER_A,True,False,0,,False,False,0,,True,2954,508,72586166c6936c8dc39c48b6ee7392865e42df0e16e8d5882eb52c549cd984f5,
RMVM_S_95c6626626,Anh Không Muốn Ra Đi,"Vicky Nhung, Long Rex",POP_BALLAD,TIER_A,True,False,0,,False,False,0,,True,1925,349,d32f574b4a5cc23a61bafed7cfe6d655732b592ae4ec7c3790e9486a067aed69,
RMVM_S_ac206ecdd4,Buông Tay Một Người Thương,"V.iris, Mley, Đạt PT",POP_BALLAD,TIER_A,True,False,0,,False,False,0,,True,3785,669,6b70d18824bf62cf5b555264fa31a88f2ac9733afbeee13b1f04c666312554a9,
RMVM_S_abcdb50a39,Cấp 3 Của Tôi,Vương Đình Dũng,POP_BALLAD,TIER_A,True,False,0,,False,False,0,,True,2526,423,905d33da661687f032f8fc5bb050d5ee69c8cc42d1312c128684767453a5ce34,
RMVM_S_d308ef907a,Chuyện Ngây Thơ,Cẩm Ly,BOLERO_TRUTINH,TIER_A,True,False,0,,False,False,0,,True,2525,446,3db74016d7b7504d03e5d9bfe26e3d2e8c5ce71eccb56ab85b05976f148a8f3a,
RMVM_S_47bd83e118,Phải Duyên Phải Nợ,"Khưu Huy Vũ, Quỳnh Trang",POP_BALLAD,TIER_A,True,False,0,,False,False,0,,True,3713,676,29bce8799d5f99d15f293c89b632932253459731a50517bf60f375be26a8be06,
RMVM_S_b6ab8dda43,Rap Về Doctor Strange,Phan Ann,POP_BALLAD,TIER_A,True,False,0,,False,False,0,,True,3331,540,bc7cecab0242533656ad84599255f0a05cf1b33a1768f8467c20f573e71457f8,
RMVM_S_fc8c29ff3e,Tấm Lòng Em Trong Sáng,"Minh Thuận, Phương Thanh",POP_BALLAD,TIER_A,True,False,0,,False,False,0,,True,2241,405,d5d45760b5f70d43ae4819f26259a903b96bc238f3107b656500e536d164c495,
RMVM_S_3a8eda6e1a,Đóa Hồng Nơi Trái Tim Cover (Piano Version),Brian Huỳnh Anh,POP_BALLAD,TIER_A,True,False,0,,False,False,0,,True,944,167,94f9aa2636335028c2fbc24607c99f9b82e50b6ea3ddf7a7da6ea8a666faf323,
RMVM_S_9646c08f94,Con Dế Mèn Hát Vào Mùa Hè,Tùng,POP_BALLAD,TIER_A,True,False,0,,False,False,0,,True,4235,750,8d39239fefb8b75ef389a59d78f5ecaa816fcb4b4e95d30e17182ca1b506ec4a,
RMVM_S_348d814ae5,Cảm Ơn Mình Đã Yêu Anh - Lạc,HA Live,POP_BALLAD,TIER_A,True,False,0,,False,False,0,,True,2262,397,8138e1c1332cfaadbc8106c531e31f3ddb51c967ab089f23a9316e08300636dc,
RMVM_S_0e6fef15af,Có Em Để Khoe Rồi,Kevin Toàn,POP_BALLAD,TIER_A,True,False,0,,False,False,0,,True,2767,501,b74ee0b11203a53614eb22b3c661e3473b369685333eb80c4a293b7fa4d0211e,
RMVM_S_2576fa4a51,Chủ Nhật Này Trẫm Nhớ Ái Khanh Không?,"Trường Sơn, Kim Thư",POP_BALLAD,TIER_A,True,False,0,,False,False,0,,True,1588,268,5e22400a1e0d0ebd060fe77c6082558f9c73d3e784556ba3482a12a43f93f6f3,
RMVM_S_35ca11c00c,Giá Em Chưa Từng Đến,"Haukong, H2 JSON",POP_BALLAD,TIER_A,True,False,0,,False,False,0,,True,3224,570,549ec95cb72ec73c44d59955d81154538cff2583c495a41d07002b79c6c89167,
RMVM_S_f3d7cd9dfe,Bước Nhỏ Vào Đời,Dương Kim Ánh,BOLERO_TRUTINH,TIER_A,True,False,0,,False,False,0,,True,1880,334,fd161502293c94196f784bff27bbae21cd1dfc10a3c462cbac075af5074061ce,
RMVM_S_8ffa76440d,Buồn Mà Chi Em,Vũ Hoàng,BOLERO_TRUTINH,TIER_A,True,False,0,,False,False,0,,True,1733,307,91c431f5deb36780daa618bb8bbded7bf15fa8aae5e92271761242c5370f8bb9,
RMVM_S_4110a65886,Điệu Lý Qua Cầu (Remix),Lương Gia Huy,POP_BALLAD,TIER_A,True,False,0,,False,False,0,,True,1772,311,9f8007ff2dfc8bad2ac29a6f03d0f0a3917b75b5add8a6a6a116c709aaa9a8fc,
RMVM_S_f20b74e425,Chút Thư Tình Người Lính Biển,Quang Hà,REVOLUTIONARY,TIER_A,True,False,0,,False,False,0,,True,1552,279,53370b00c4fd32c966cebacce21a6a27801b151bde968adb34be809809d83dc8,
RMVM_S_a2a02cf36c,Em Lấy Chồng Đi,Billy Nhựt Minh,POP_BALLAD,TIER_A,True,False,0,,False,False,0,,True,2892,502,ce4c4443f30990b171456ac0aa56a5d38d9005895145d83cf4ef7e38ca19f447,
RMVM_S_6705522d1d,Em Có Còn Dùng Số Này Không,Thái Đinh,POP_BALLAD,TIER_A,True,False,0,,False,False,0,,True,1799,328,6f7b355093a8f8eab82e42dfec223a57bb7e434a82df3344da393365ce49e38a,
RMVM_S_e3a136baeb,Tình Anh Em Hỡi,Quang Thành,BOLERO_TRUTINH,TIER_A,True,False,0,,False,False,0,,True,1418,238,e038d3cddf4e36e7f171a385608f8cfef2aa85a8987862b3e400850b994e5754,
RMVM_S_5dcd3e5475,Mai Anh Đi Rồi,Gia Tiến,POP_BALLAD,TIER_A,True,False,0,,False,False,0,,True,1831,332,04df8e0b2c314a8a7b8dfc372934ece69cc51f96ac1394399cb29dd52e3c06bd,
RMVM_S_c270d9fcd2,Cô Út Chung Tình,"Lương Minh Đạt, Ngọc Hân",BOLERO_TRUTINH,TIER_A,True,False,0,,False,False,0,,True,2841,502,6b8a3cdb5e64e92ac6c828431d479f891d0168c82b60d30514841dfb8024a31e,
RMVM_S_7c545217a2,Một Người Không Thể Yêu Hai Lần,Puns F,POP_BALLAD,TIER_A,True,False,0,,False,False,0,,True,4268,733,d3f2863e5489905ec4a6ace851eee78c01cf0263cdc602e39eafb80a14acd741,
RMVM_S_5c4e454ac9,Cảm Giác Với Một Người Khác,Dương Triệu Vũ,POP_BALLAD,TIER_A,True,False,0,,False,False,0,,True,1840,321,266961f451388b9f516e481c05fbc6f6842d123396b350b7f16a191a843897eb,
RMVM_S_7f0221dc59,Anh Không Phải Là Hạnh Phúc Của Em,Lâm Chấn Huy,POP_BALLAD,TIER_A,True,False,0,,False,False,0,,True,1671,310,a749ecdffe256a828c3758f1b6842c1dcff11d11d8a94b110405f1ce5b596206,
RMVM_S_f91f6864f7,Xin Vẫy Tay Chào,Hồng Quyên,BOLERO_TRUTINH,TIER_A,True,False,0,,False,False,0,,True,1416,239,629a6e7439467201ce37fa4b807f602e5287ebe64871ac1268b375efb0f169a5,
RMVM_S_7250483b67,Chẳng Ai Yêu Mãi Một Người,"CT Media, Hồng Nhi",POP_BALLAD,TIER_A,True,False,0,,False,False,0,,True,1641,289,9cc82eb7ad519f322437f97cd41d0e7ca24fc72b7562787b5c7c4919beb5f642,
RMVM_S_a09d1ddaa9,Ngập Ngừng,Pay,POP_BALLAD,TIER_A,True,False,0,,False,False,0,,True,1829,316,6db07176ec8bd5b8a56d3088b6685800bb3162f02d943edfd7e19836caff9d73,
RMVM_S_9c4fb38c36,Lệ Vu Quy,"Trịnh Lam, Diễm Sương",INSTRUMENTAL,TIER_B,True,False,0,,False,False,0,,True,2057,348,c87d741d5ff5b00b66ba4f950c3f17d63ebeb0442377a489fb50e82a4caaae26,
RMVM_S_85cf318521,ANH KHÔNG BẬN TÂM,Roy Nguyễn,POP_BALLAD,TIER_A,True,False,0,,False,False,0,,True,2352,423,522fc160936eef365805d127d1646c281d8dbb73ad91a19c5db7c2dc8a7a40d9,
RMVM_S_adcb664762,Cho Đến Khi Trời Đất Sụp Đổ,Trịnh Thăng Bình,POP_BALLAD,TIER_A,True,False,0,,False,False,0,,True,1143,202,28acb0dcf73c762c080c3715be9ea12bdd83f77c704c05bf6ac7c0f0a883dfa4,
RMVM_S_cda0fa67c7,Cà Khịa,Nguyễn Đình Vũ,POP_BALLAD,TIER_A,True,False,0,,False,False,0,,True,1309,245,52b5741037c9cb9850a232fa1a265a1f0698ad85f5d07cb9dc5a75296f345284,
RMVM_S_541b88d590,Bao Giờ Biết Tương Tư (Remix),Quách Tuấn Du,POP_BALLAD,TIER_A,True,False,0,,False,False,0,,True,1650,278,89ba2316d83f7c066ea937ff36cf21d98ec0a4e53c7de16ac7de8e43a4f89b84,
RMVM_S_802e6e651b,Định Mệnh Ta Gặp Nhau (Disco Remix),"Tuấn Chung, Dương Huỳnh Khang",POP_BALLAD,TIER_A,True,False,0,,False,False,0,,True,1747,324,0aa2dd5bcabcdb1af4270d313affa88884a20960d858644b6cc284d92ab1f9f5,
RMVM_S_725b0f06fa,Anh Có Em Trong Đời,Vương Bảo Khang,INSTRUMENTAL,TIER_A,True,False,0,,False,False,0,,True,2243,410,a4a51f09b8dfb12257bcfdabcf59884222fea893c99131e07a387364cdb96f08,
RMVM_S_60b8196a7a,Đời Phiêu Lãng,D&D,POP_BALLAD,TIER_A,True,False,0,,False,False,0,,True,2080,350,135a8874e0417180a17d03c69c0f07ce9bd6bf45ed65be7bb9ef78d3d985ac60,
RMVM_S_fb75887b4c,Ngày Mình Từng Yêu (Remix),Tăng Quỳnh My,POP_BALLAD,TIER_A,True,False,0,,False,False,0,,True,2024,364,9eb4758f75d8665fe88ed88096cc3900f516d3ad637ee068387bd64c7bf37eaf,
RMVM_S_956e7bd045,Bay Trong Xuân,Hoàng Yến Chibi,POP_BALLAD,TIER_A,True,False,0,,False,False,0,,True,1934,330,007aeeee162361ef52039309ab47472cf308fc667f74c9fdb23605cd37aee7c8,
RMVM_S_5f2d8d8726,Ngài Vẫn Ở Bên Con,Mai Thiên Vân,INSTRUMENTAL,TIER_B,True,False,0,,False,False,0,,True,1871,311,88de5d1c5271b79e5150392a678a056ac55e6a0cdd56788014acefa5a8b01b52,
RMVM_S_3c9c088a17,Như Lời Đồn,Nhiều nghệ sĩ,POP_BALLAD,TIER_A,True,False,0,,False,False,0,,True,2345,429,08b0d4b9c807004fdeea164a87acd7790c1f0bf8fa1e280babad9dcce8ca1ba2,
RMVM_S_1b57599114,Ba Năm Một Cuộc Tình,"Trang, Madihu",POP_BALLAD,TIER_A,True,False,0,,False,False,0,,True,1332,229,b4f40750747fbea64ed38cc6cbd863c1c29bcb12f29917e1abf73dc06aab4ff4,
RMVM_S_6b2c1b2f59,Đúng Lúc Gặp Người (Remix),Bằng Cường,DANCE_EDM,TIER_A,True,False,0,,False,False,0,,True,1658,304,a0867cf817a33909c38f0df18b99127a3c619a55e538ee6d3db9e2cf445ee3fc,
RMVM_S_03104b7906,Chớp Mắt Đã Ngàn Năm (Remix),Lee Phú Quý,POP_BALLAD,TIER_A,True,False,0,,False,False,0,,True,1204,206,38eee7efed9fad320f47accf0edebc03e84e474aceb3c15fbc98ef6bf3d43fd8,
RMVM_S_09b30ef8f4,Có Em là Điều Tuyệt Vời (Cover),Oanh Tạ,POP_BALLAD,TIER_A,True,False,0,,False,False,0,,True,2246,383,4beb07cebff8e846bd10b0a6e261519eafa71140cb14f1dc84d5b6aca4e22ad7,
RMVM_S_814fa10d68,Khi Bạn Cần Có Tôi Đây (Qinn Remix),"Qinn Media, Tô Gia Tuấn, Minh Tâm",POP_BALLAD,TIER_A,True,False,0,,False,False,0,,True,1827,342,dafd76b5c95131da61a9217948f6d644dea7dfd68d45e433f876a5131b8d09e4,
RMVM_S_feb7abf57a,Đừng yêu người nổi tiếng,7UPPERCUTS,ROCK,TIER_A,True,False,0,,False,False,0,,True,2127,366,c1b69bfa7a53fc41c9423d606d285429067f7fee37ee00e02304e61e39aa4e57,
RMVM_S_c19d2d87df,Ngày Mai Sẽ Khác (Cover),Chiến Lê,POP_BALLAD,TIER_A,True,False,0,,False,False,0,,True,1886,330,df2d675ed7b014bfcbdf125e4e7f5f575230f614364f67ac97eb2640cd3771d3,
RMVM_S_cbdf9bfb95,Anh Không Tha Thứ,"Đình Dũng, ACV",POP_BALLAD,TIER_A,True,False,0,,False,False,0,,True,1909,329,c75a47bb120a7993f2f416271c962a8200b2c2bbbaaa2644a9a9143639541812,
RMVM_S_bba1804869,Ghen Tuông Vợ Chồng,"Vũ Hoàng, Thạch Thảo",BOLERO_TRUTINH,TIER_A,True,False,0,,False,False,0,,True,2190,384,4f01411b008a152de6f80c1870aa9726260da7ce08cf03e9be83d94af7fa0425,
RMVM_S_678be6248f,Mùa Đông Trắng,Cẩm Ly,BOLERO_TRUTINH,TIER_A,True,False,0,,False,False,0,,True,1973,349,adf5d5b95a499b835bce7084d75c029cdcebbdb9596570e8086c33e5aea46e15,
RMVM_S_9ccd4328e2,Mùa Viết Tình Ca (Mùa Viết Tình Ca OST),Isaac,POP_BALLAD,TIER_A,True,False,0,,False,False,0,,True,2289,400,75991a6dbc5458e951c1c36c344e4e84f6d55dd0d25b63202059b9a8773b5557,
RMVM_S_528263fda7,Cứ Ngỡ Là Em,Hồ Quỳnh Hương,POP_BALLAD,TIER_A,True,False,0,,False,False,0,,True,1724,302,3d8ada938d3b765ddfb2dbbd4d841e98926957db41f2855f2da75aeecd2d1353,
RMVM_S_77368e5279,Cuộc Tình Kỳ Cục,SUNDAZE,POP_BALLAD,TIER_A,True,False,0,,False,False,0,,True,2394,424,8cd95652662e0072e8b35edc138d3edd0b406a15670ca4db8ed0cfb2de09d6e5,
RMVM_S_d1e61c99df,Liên Khúc Gió Về Miền Xuôi,"Đăng Nguyên, MC Tiến Vĩnh",BOLERO_TRUTINH,TIER_A,True,False,0,,False,False,0,,True,1465,248,51e9b273fcaadefa50371d2ad528f0470bc7edc04a726cc9e7055fae3d74300f,
RMVM_S_45f790de29,Em Nhớ Anh Vô Cùng (Acoustic),Nhã Thy,POP_BALLAD,TIER_A,True,False,0,,False,False,0,,True,2137,383,417888f71d56dc934956b2cb0150ec44c150cbe1ec593581620a07e2a8acfad5,
RMVM_S_d9b7bd3c7d,Tự Anh Sai,"A Tổ, IC Music",POP_BALLAD,TIER_A,True,False,0,,False,False,0,,True,2453,436,1726fd3423891e5ed7ff840807b2564b40ed6c4df38fceb72f72f0a36b27bd66,
RMVM_S_800b4e60bd,Trốn Tránh,Bằng Cường,POP_BALLAD,TIER_A,True,False,0,,False,False,0,,True,2099,358,517e2f485da39f6f1a131fa765f165dc437bb03b002997adad9984ea02960b59,
RMVM_S_5d0f9573b1,Chẳng Gì Là Mãi Mãi,Thành Đạt,POP_BALLAD,TIER_A,True,False,0,,False,False,0,,True,2298,394,b57ae5826f4f6283f2852c61038250fb80766b0934c8d550fd060555b508f95e,
RMVM_S_d2c2edbef7,Hương Ca Vô Tận (Nhạc Trữ Tình Mới Nhất 2022),Thanh Thanh Hiền,POP_BALLAD,TIER_A,True,False,0,,False,False,0,,True,1415,239,9d7111138a854728e0d52846fb5ad7e56f3bb8cc7715dd0d2aa19e28aa73edc9,2022.0
RMVM_S_48b3bcb3fd,Anh Sẽ Kể Em Nghe,Phúc Lâm,BOLERO_TRUTINH,TIER_A,True,False,0,,False,False,0,,True,2534,436,688d59049fe51296ef0fe824a274142b2cf4785de7032bca8c9a72716f38a31a,
RMVM_S_1d37d25e87,Giận mà thương,"Bùi Lê Mận, NSUT Việt Hoàn",POP_BALLAD,TIER_A,True,False,0,,False,False,0,,True,1716,302,354012ce966d4232891383f3b943c45ed0fa778385fdb35d0b0a610da0a31b17,
RMVM_S_3135bc16ad,Rap Về Doraemon,Phan Ann,RAP_HIPHOP,TIER_A,True,False,0,,False,False,0,,True,3313,581,b30e1f0bb9b97b852db708252606fb05793d6ec8293fe2346b5e1d3785c3db7f,
RMVM_S_b3d5300a83,Hữu Duyên Huynh Đệ (Remix),"CT, Đoàn Lâm",POP_BALLAD,TIER_A,True,False,0,,False,False,0,,True,2342,389,da2030eb59e0659325ff345bdd4d79aa6b727694e4315929b702ddbed6f31f19,
RMVM_S_657d4f7140,Lên Rừng Giấu Lá,Hamlet Trương,POP_BALLAD,TIER_A,True,False,0,,False,False,0,,True,1988,346,e646fb60c47616177fb86cf12c88ac7ba642d0cd04c597b198f306b8417f2271,
RMVM_S_96877bf9ba,Hà Nội Những Đêm Không Ngủ,"Đăng Dương, Trọng Tấn, NSUT Việt Hoàn",REVOLUTIONARY,TIER_B,True,False,0,,False,False,0,,True,1427,240,041fbd25ea07fba4a4064e2a98b3ab099538f508142c0bb6653a75f3ee4e5af9,
RMVM_S_d14f42f8bb,Tâm Sự Với Anh,"Dương Hồng Loan, Lâm Hiếu",BOLERO_TRUTINH,TIER_A,True,False,0,,False,False,0,,True,2138,375,3afda5e264455e55d1812146e0f961538f0dcbdb84fbe825e1dd510189d5a9eb,
RMVM_S_092199655e,Không Yêu Trả Dép Tôi Về,HuyR,POP_BALLAD,TIER_A,True,False,0,,False,False,0,,True,2466,430,e2f9e8924df01a6d018f972175a89540dfad952a789f02307b9e5b4d14299dea,
RMVM_S_319de9ad50,Anh Ơi Đừng Đến Nữa,Thúy Huyền,POP_BALLAD,TIER_A,True,False,0,,False,False,0,,True,1398,245,e6160eaebae108dc08e89c477ea779a7eb20095ffe07cda61846171cda705e79,
RMVM_S_cc50ad2a62,Chỉ Vì Một Dòng Tin,Lâm Chấn Huy,POP_BALLAD,TIER_A,True,False,0,,False,False,0,,True,2032,381,045e93a06cf7db485dcb01d63152979c83cae41b526ca9d858b374f68a4c2150,
RMVM_S_0dc96f0580,Ði Tìm Câu Hát Lý Thương Nhau,Minh Đức,BOLERO_TRUTINH,TIER_A,True,False,0,,False,False,0,,True,1754,304,2e05665c749b7a0f297741a99cf8584db828cb15e8dbb844edf42f0037e31e7e,
RMVM_S_74355cff76,Liên Khúc Trăng Về Thôn Dã,"Hoàng Nhật Thái, Quỳnh Trâm",BOLERO_TRUTINH,TIER_A,True,False,0,,False,False,0,,True,2599,460,c7dc71cded131bda7330c2afcef54a6efb47a8b371b2a9135f3aed7e4d713fc7,
RMVM_S_ad240c7ce4,Làm Sao Để Giữ Yêu Thương,Đình Bình,POP_BALLAD,TIER_A,True,False,0,,False,False,0,,True,1908,320,579ef4b518a1e191dbbce4fcd584ca77a6362a3c942133bd2ac8033621c373b0,
RMVM_S_941c813a1e,Chuyện Tình NKA,Nhật Kim Anh,POP_BALLAD,TIER_A,True,False,0,,False,False,0,,True,1438,261,e87ebb7735593e666c7b24ce8b76d856cb33617790a3229521d268f5b1908e2b,
RMVM_S_b22be54e11,Suốt Đời Không Xứng,"Khải Đăng, Vương Anh Tú",POP_BALLAD,TIER_A,True,False,0,,False,False,0,,True,1617,281,b90a7e38711a14fb2a9ea1bf97dbf551dbb03b25414c43f87349f4a44114a4df,
RMVM_S_6e3e62b633,Chỉ Vì Anh Ngu Ngốc,Đặng Minh,POP_BALLAD,TIER_A,True,False,0,,False,False,0,,True,1346,237,2a578f839743cd36e035306a964dfc6269902ef8642ec78d97bda44f4989f014,
RMVM_S_ec90e0e644,Có Anh Là Giáng Sinh,Zuylee,POP_BALLAD,TIER_A,True,False,0,,False,False,0,,True,1930,358,d5aec5ae340ac61f7c8640ceebac1fa960f8a5de119f79a940e5ff2c9d75e897,
RMVM_S_615ea2fd29,nói em không tin (Acoustic),"14 Casper, Bon Nghiêm",POP_BALLAD,TIER_A,True,False,0,,False,False,0,,True,2311,426,5b261be6c1ca7e4d3be8d955142812e25016823632fb77030d901504907a0640,
RMVM_S_c08350893b,Xôn Xao Mùa XUân,Lâm Vũ,BOLERO_TRUTINH,TIER_A,True,False,0,,False,False,0,,True,1655,288,4b99476a79b355ad9c0b1c1917d54408665133343fdf4aa00186f49c87f3b2d3,
RMVM_S_9f46587a23,Thương Biệt Ly,Oanh Tạ,POP_BALLAD,TIER_A,True,False,0,,False,False,0,,True,2107,367,321a00b596f8df8d052e3c5c703be80f988fab17413a5e6cabe5e05d13a95b86,
RMVM_S_96192eb080,Cảm Giác Còn Lại,"20 CARATS, Minus",POP_BALLAD,TIER_A,True,False,0,,False,False,0,,True,1556,272,8fcd60f34864eeb51052429f4a7bf23a9b65faf6eb9fff5c2b2d0f08ccf996b4,
RMVM_S_032d5947a1,Không Nên Thật Lòng,Hà Nhi,POP_BALLAD,TIER_A,True,False,0,,False,False,0,,True,1571,267,34a19866d2bbe993b9cf86cfd3d56b790e0b88f7199f520a7149170dcdd29224,
RMVM_S_ba8923e5fe,Người Tình Dấu Yêu,"Cao Duy, Thủy Tiên",POP_BALLAD,TIER_A,True,False,0,,False,False,0,,True,2045,357,2b112a42aa31fad39b3b7573a5543ea2fb9288097ee22ded9702cab9480f86af,
RMVM_S_927b3065c3,Đi Bên Em,"Kiun Gia Tuấn, Masew",POP_BALLAD,TIER_A,True,False,0,,False,False,0,,True,2040,365,6073f7796a2374f14a310dca7251fdda8d63f7d31efcb37b24627f42c78ae6ce,
RMVM_S_538f4da94f,Bộ Đội Cùng Dân Chống Dịch Corona,Hoàng Y Nhung,POP_BALLAD,TIER_A,True,False,0,,False,False,0,,True,2080,362,1619877ccaa9a7c5146435cbad865c5ee26c6b2eb92b2a9781a3712e1c69f4a4,
RMVM_S_9b3b0d2db9,Trải Đời,Jiren K,BOLERO_TRUTINH,TIER_A,True,False,0,,False,False,0,,True,3424,584,b1afc6829fc28b769758db3610d51a72d0997ff3b72ea82d47cc38de9fbd15a7,
RMVM_S_bfe507558a,Dòng Thời Gian (Mùa Viết Tình Ca OST),Isaac,POP_BALLAD,TIER_A,True,False,0,,False,False,0,,True,957,153,9e3382469b1a353bba944d533d08020bfc2a559f6f11e3405d7b3dc7bc6428c9,
RMVM_S_d2ca104d0f,Chung Mảnh Trăng Thề,Phương Jimmy,BOLERO_TRUTINH,TIER_A,True,False,0,,False,False,0,,True,2040,351,3d1f32f1b31406c0f66c936f1b54157530c0c766b0aaceb7fd585cc15b5ab0e0,
RMVM_S_e4339b8836,Tiễn Anh Về Nơi Xa,Tóc Tiên,INSTRUMENTAL,TIER_B,True,False,0,,False,False,0,,True,2281,390,bf4924974e4c0d0e7ffce94f6486599be8d733ff439cd14fc80cc397ba4aab46,
RMVM_S_9e0cbcfb8e,Liên Khúc Để Cho Em Khóc - Anh Thì Không (Xuân Phát Tài 10),Minh Tuyết,POP_BALLAD,TIER_A,True,False,0,,False,False,0,,True,3395,626,4bcc87be98e02d6ca8d8c72bd0de96316f29408ecd4be884a83996bd2ad63574,
RMVM_S_e6ba60cd62,Thương Nhau Nhé,"Đức Phúc, Thùy Chi",POP_BALLAD,TIER_A,True,False,0,,False,False,0,,True,2279,384,496cad7bb5974cb627ab520299a18a91adeecf1b365e05b897f8d4950d0a561c,
RMVM_S_98ade299c6,Không Sao Đâu Em (Tâm Sắc Tấm OST),Khải Đăng,POP_BALLAD,TIER_A,True,False,0,,False,False,0,,True,1886,317,d4727577d23b3840fcf5582013c78f311ffce4090839ab7e609d1d7c721ae835,
RMVM_S_714fe60554,Biết Đến Bao Giờ / Đêm Dài Chiến Tuyến,Phương Hồng Quế,INSTRUMENTAL,TIER_B,True,False,0,,False,False,0,,True,1994,334,a21595d7079ef324ce580f76fd64013b8ab8b5a63a2f2ee2242b8f7b079ba9bb,
RMVM_S_a4f83a9d2e,Thời Em Đẹp Nhất,Thu Phương,POP_BALLAD,TIER_A,True,False,0,,False,False,0,,True,1773,315,f4897cb1e0d5e18c6ba39768d6b1abba5d79686c50e7178dc1dc1b00fbe9d4d5,
RMVM_S_50dbdd3e41,Em Chưa 18 (Em Chưa 18 OST),"Will, Lou Hoàng, Kaity Nguyễn",POP_BALLAD,TIER_A,True,False,0,,False,False,0,,True,2220,428,08d735e0d1147f58deb192dde3ddc2a165f551148e3c5839b22996691a8f58b4,
RMVM_S_17980f0f45,Lớn Rồi Còn Ham Lì Xì,"Sara Lưu, Minh Hằng",POP_BALLAD,TIER_A,True,False,0,,False,False,0,,True,2339,423,c62b14a4461e239e83f62a3540731fdf96ef82e3d664ee42d48204a028dea04b,
RMVM_S_47aa5179ba,Tình Yêu Tôi Hát,"Avin Lu, DABLO",POP_BALLAD,TIER_A,True,False,0,,False,False,0,,True,2374,425,23f623930198aa9116cfd1441572309494b3d875335885465fa2e7255f6588ed,
RMVM_S_14bf5ac944,Bé Chúc Tết,Bé Thảo Như,CHILDREN,TIER_A,True,False,0,,False,False,0,,True,1256,234,86667c1b9401bc66f875a46d4377a681a6970f64d783ffcca9592de83eb085a8,
RMVM_S_5b9bbb6a3b,Hãy Thật Lòng Với Tình Yêu,Trương Đình Phong,POP_BALLAD,TIER_A,True,False,0,,False,False,0,,True,1918,340,50aeda14313240467af26a2c0f30870cffa198abd272663f19f3b8bcf5fc86b2,
RMVM_S_fffe3a916c,Ngọn Đuốc Tình Mẹ,"Vũ Hoàng, Thạch Thảo",BOLERO_TRUTINH,TIER_A,True,False,0,,False,False,0,,True,2211,382,e0508557064ac78d1c293438859281b77d0888a148061cfff1839c39fe4f2414,
RMVM_S_6adbf238e7,Giết Người Anh Yêu,Hoàng Tú Minh,BOLERO_TRUTINH,TIER_A,True,False,0,,False,False,0,,True,1585,266,955fd69d4828a34673245e29729f59ddece59036812f63d513ab18adf6b943ff,
RMVM_S_45f9b875d7,cho anh quên em được không?,Dab,POP_BALLAD,TIER_A,True,False,0,,False,False,0,,True,1882,337,b078870ea0de1ed1cb58cebb508cbd60f2c4de27a57f2e119c47e00fefad9cb4,
RMVM_S_c8b0842b57,Con Đường Tơ Lụa,"Tùng TeA, PC",RAP_HIPHOP,TIER_A,True,False,0,,False,False,0,,True,5230,896,382c33933c7567e0e5dbaf4c57410160a52add728143062d34bca546252f9725,
RMVM_S_5678d205ed,Điều Kỳ Lạ Của Em,Thủy Tiên,BOLERO_TRUTINH,TIER_A,True,False,0,,False,False,0,,True,1872,326,3fc7828ebc66a43ad38da22b71e950e02f8293a9ebf1ee51fcd49eb7c00683b6,
RMVM_S_e8bb29fd13,Cà Phê Sáng,Hồ Huy Hải,POP_BALLAD,TIER_A,True,False,0,,False,False,0,,True,2503,440,12ceaccb1f693ec2691738a201e7cd9233387959ff5bf49eba65ee5090276e2d,
RMVM_S_92f9c3a942,Không Quan Tâm (Remix),Minh Nghĩa,POP_BALLAD,TIER_A,True,False,0,,False,False,0,,True,2786,499,b2f08fd5ea89397740d4cd8678e0ddf90cd9b31ce6449c3523610c70bcbc6281,
RMVM_S_932b8e3b53,Nhớ Tiếng Mẹ Ru,Thanh Quý,BOLERO_TRUTINH,TIER_A,True,False,0,,False,False,0,,True,1576,276,63a74fc970bd7e7cf41fc8b6d6fac3b5b822087a51a0001a5353e1a5bcd1b21a,
RMVM_S_daa6181175,Vợ Chồng Quê,"Ái Vân, Elvis Phương",INSTRUMENTAL,TIER_B,True,False,0,,False,False,0,,True,2061,346,1cb1134d909228e7034164778b21037be0b785f8601e8c87ea54e870607936b1,
RMVM_S_627f6976d7,Tình Em Tháp Mười,Ân Thiên Vỹ,FOLK_TRADITIONAL,TIER_A,True,False,0,,False,False,0,,True,1908,320,affe226788fbb6ebe0fb26bd8bb5648d838b77c195f4a8f0394e684d9fd7f577,
RMVM_S_7a80502e4f,Phải Lòng Cô Gái Bến Tre,"Khưu Huy Vũ, Dương Hồng Loan",FOLK_TRADITIONAL,TIER_A,True,False,0,,False,False,0,,True,2539,425,bac035aaf5aef4d5c5578b42d9ea49a2976752e1f1fbaa829d8d5cff470dfd28,
RMVM_S_1bb77d0d2d,Ai Lên Sứ Hoa Đào,Ngọc Sơn,BOLERO_TRUTINH,TIER_A,True,False,0,,False,False,0,,True,1861,324,ccd86b829b833617261c9f27438cfc785aa3e94be6529d6c5f2e9425b890f869,
RMVM_S_09115c49f8,Cuộc Đời Nghèo,Hoàng Tú Minh,BOLERO_TRUTINH,TIER_A,True,False,0,,False,False,0,,True,1472,251,9a8cd871710e8d0663a09b0687630a6149fa8f2d4c66e8aae65bfb23e6cb3cc0,
RMVM_S_2698a58f3e,20 Năm Tình Đẹp Mùa Chôm Chôm,"Hồng Quyên, Trọng Phúc",BOLERO_TRUTINH,TIER_A,True,False,0,,False,False,0,,True,2044,363,3d1ac9302e33f32853351a4e990fc9a45a8e82156f3d1dffbb74c2b3d66d3dab,
RMVM_S_c87cd2f8b2,LK Cho Vừa Lòng Em - Làm Dâu Xứ Lạ,Tố My,BOLERO_TRUTINH,TIER_A,True,False,0,,False,False,0,,True,1582,279,5f6e61bfac0435be0c7cf78b9173daa1ce122c3a6f707821f18881c353faf2d2,
RMVM_S_e5160adc1b,Đi Muôn Nơi,Powerk,POP_BALLAD,TIER_A,True,False,0,,False,False,0,,True,1860,314,442ea9c7b8f761d042dc8659c3064b37f98802aec6916dd44e8924046ec4141a,
RMVM_S_c9ad056dc1,Điều Ước Tình Yêu,Trịnh Tuấn Vỹ,POP_BALLAD,TIER_A,True,False,0,,False,False,0,,True,2487,446,eec02ccfe87402ea7dabd92c701f529f4b1cccc819c6841b6ab3174977644284,
RMVM_S_f65c4a5fce,Lúc Anh Cần Em Ở Đâu (Vinahouse),Cao Thiên Vũ,POP_BALLAD,TIER_A,True,False,0,,False,False,0,,True,2209,380,f21711172fd13f2d04a063fc544d852b4add4bc5a864ca02acf424fc10380414,
RMVM_S_a235b28b68,Điệu Ru Ca Tình Yêu,"Lưu Ánh Loan, Lâm Huỳnh",INSTRUMENTAL,TIER_B,True,False,0,,False,False,0,,True,1036,186,0e86cf586143a56577c605c3bedc9bab4a50778c3ae39c263d408a92604f81d0,
RMVM_S_3e683c898f,Mình Quay Lại Đi,T.R.I,POP_BALLAD,TIER_A,True,False,0,,False,False,0,,True,1926,333,fb580ebc9f092fd2d553b5693a02e1352fa200b461c6cf008a2fb406a4e32d74,
RMVM_S_2d40cbcc15,Lời Tình Viết Vội,"Thanh Ngân, Gia Tiến",POP_BALLAD,TIER_A,True,False,0,,False,False,0,,True,2046,352,89ee9c6a3e5200219610177c88a93ef88b32f677f5bba5e39bd86219730fb215,
RMVM_S_40de96f1f8,Vẫn Rơi,Limitlxss,RAP_HIPHOP,TIER_A,True,False,0,,False,False,0,,True,2888,500,1b5b429bae61b793fa3ea67ca3770fa276fe5dd80f2afd3d1c4069d5c341c3e3,
RMVM_S_8373765fe1,Chuyện Của Mùa Đông,"Anh Tú, XHTĐRLX, Forest Studio",POP_BALLAD,TIER_A,True,False,0,,False,False,0,,True,2392,389,5d05de0d8d2d014c503ced94bef813a9b17a215d9c8082061b0aacd699f5ca06,
RMVM_S_90f0c6faa1,Chuyện Tình Không Mang Tên,Lan Vy,BOLERO_TRUTINH,TIER_A,True,False,0,,False,False,0,,True,1717,284,ca9b0c269c2cdb87cfe32910dc8020f20b91755d9a688a348b679ed45e214688,
RMVM_S_12335fd51f,Điều Kỳ Diệu Của Đời Con,Phùng Ngọc Huy,BOLERO_TRUTINH,TIER_A,True,False,0,,False,False,0,,True,2626,453,6e11286cc942e9dc1c52e8228cad1febe501469381c93f6bf6271f8e480545a1,
RMVM_S_515539a2b8,Cảm Xúc Em Qua Chưa,"Kalee Hoàng, Sad B",POP_BALLAD,TIER_A,True,False,0,,False,False,0,,True,2141,368,becc975de53f9a12edced2bffd48e336fb207f58687b06fac672e65af8dff1f6,
RMVM_S_6c79bca339,Em Sẽ Khóc Vì Tôi,Vân Quang Long,POP_BALLAD,TIER_A,True,False,0,,False,False,0,,True,1849,333,c2cf203e6d52fc889ebfd3d2215e618cd529cc4940211c1440dd63106feae05a,
RMVM_S_7b53f4741e,Họ Sẽ Thay Anh Thương Em,"EnTi TK, Linh Key, KaWaiiBi",RAP_HIPHOP,TIER_A,True,False,0,,False,False,0,,True,4697,831,af2d33e4a85abe3360c1ce89450a91ac9ae31af6a51cf930fbe9e6247e7f379e,
RMVM_S_790631d6dc,Bài Ca Đi Cày,"VP Bá Vương, TDK",POP_BALLAD,TIER_A,True,False,0,,False,False,0,,True,3197,549,872d757ce2f1058a0b355a5ca6aa485fa8dc1418bb34bf1443a48f5431e7ed75,
RMVM_S_8336d5a76d,Anh Có Chắc Họ Thương Anh Cả Đời,Tú Na,POP_BALLAD,TIER_A,True,False,0,,False,False,0,,True,2230,392,50d1eef71647d37234f68beb71e0511307d2e129122624c05b37de8cfde0410d,
RMVM_S_20ba2ef73f,LK Nhật Ký Của Mẹ & Lời Mẹ Ru,Bé Phương Nhi,CHILDREN,TIER_A,True,False,0,,False,False,0,,True,2495,427,a7f16112d8be8328acf0c2064458839d327f141574291fb720955bb6263dff82,
RMVM_S_02729eaf90,Tình Mẫu Tử,Duy Cường Bolero,BOLERO_TRUTINH,TIER_A,True,False,0,,False,False,0,,True,1322,232,9383815986695c4ccb2ed061f1595c6f0428c36e04bf16ffea2bbb8b2e0245eb,
RMVM_S_60ec65b0e6,Sóng Vỡ Tình Tan,"Đan Đan, Khánh Đơn",POP_BALLAD,TIER_A,True,False,0,,False,False,0,,True,2360,413,96c528a99c97762ec9aa327f35838b0e8ec4842f2703f73b2468a9101054124f,
RMVM_S_719c826507,Hoa Nào Không Phai,Lâm Triệu Minh,POP_BALLAD,TIER_A,True,False,0,,False,False,0,,True,1293,221,50d92d5363b761b44f4e7ea4c2518a175ba5323e6ef86ff7665b03e37ce8990c,
RMVM_S_2b90355525,Tình Này Có Em,Lê Vũ,POP_BALLAD,TIER_A,True,False,0,,False,False,0,,True,1773,302,d826adfba39a57248f3059d391f8fd82df3e1eaaa1a2590630f25a7e34e2081c,
RMVM_S_5e52339274,Chào Cô Bé,Yamix Hầu Ca,POP_BALLAD,TIER_A,True,False,0,,False,False,0,,True,2523,448,cc3f872bc88eb0906120556d17d9eba52a18553188dac6237bdc65620ba19a9b,
RMVM_S_3f6d5da058,Tội Gì Phải Cưới,Lê Thiện Hiếu,POP_BALLAD,TIER_A,True,False,0,,False,False,0,,True,1897,315,a7515f61a773e3c360454bca1ccfc638c75dec2454bd37819c3da4775ce7952b,
RMVM_S_263094bfe5,Thơm Má Em,Hồng Thanh,POP_BALLAD,TIER_A,True,False,0,,False,False,0,,True,2345,441,30b9eae56155fea444b6895c8e2ef5ac23f9d7ae12a4f5b40ebb076f1d4744e1,
RMVM_S_edbcd04e6e,Đời Chưa Hồi Kết,"Danh Tuấn Trung, Lâm Hùng",POP_BALLAD,TIER_A,True,False,0,,False,False,0,,True,2547,446,29f074e6eeb2a22af54562cdd9dc717a42dd2d2b461337f45debd711687c3172,
RMVM_S_6e3bc91320,Giàu Sang,Nhiều nghệ sĩ,POP_BALLAD,TIER_A,True,False,0,,False,False,0,,True,2844,483,f22fc4e4a5f1c5d49e26dba115f201c51af52048fd54d09f4244114b31fa208c,2024.0
RMVM_S_c01ac3c497,Vó Ngựa Trên Đồi Cỏ Non,HA Live,POP_BALLAD,TIER_A,True,False,0,,False,False,0,,True,1860,342,2ad562f8c8d001b3546f4d3ff0fec95cde91f82fafbf4283c46f914651097bd3,
RMVM_S_494134299e,Bạc Phận (Sinkra Remix),Bảo Jen,POP_BALLAD,TIER_A,True,False,0,,False,False,0,,True,2270,409,c5c4bf640fc9ca923982690a299601e439cb5beb9624535df5e28cb8db4c9d95,
RMVM_S_5331466048,BÀI THƠ TÌNH (Lofi Mix),Bùi Phi Long,BOLERO_TRUTINH,TIER_A,True,False,0,,False,False,0,,True,1296,232,afa88912ea90670032baebc145ea83a4fdf784fd8581e408202e9640070e1536,
RMVM_S_a5b20aaf9d,Người Con Gái Trong Mơ,Tạ Quang Thắng,POP_BALLAD,TIER_A,True,False,0,,False,False,0,,True,1872,329,318aa1fdb174840a5fa1429e1294157f4d7b45bd28f3269123f74d16d69ccee5,
RMVM_S_02b991dac6,Tình Là Gì (Remix),Minh Nghĩa,POP_BALLAD,TIER_A,True,False,0,,False,False,0,,True,2560,460,25bc79d0276619caf83885524ea4f4c39f56a2637d1368e9f3b6106f0a39e0fc,
RMVM_S_720aa07615,Không Bao Giờ Quên Anh,"BeeBoss, Anh Thư",POP_BALLAD,TIER_A,True,False,0,,False,False,0,,True,2392,410,788550ccab918521f648e06b3c752b342e228b23bfc9da1c7b092de3113895a0,
RMVM_S_2b41d7b840,Bạn Hay Là Yêu,Vicky Nhung,POP_BALLAD,TIER_A,True,False,0,,False,False,0,,True,1904,320,dc8c699ce83c963908af5ad5406d91b0aedc4027aec80fe8e54d65b485e94424,
RMVM_S_0b309c754e,Kẻ Theo Đuổi Ánh Sáng (Lofi),Huy Vạc,POP_BALLAD,TIER_A,True,False,0,,False,False,0,,True,1853,315,c7d4e7aa69e5c60ced9a2919861b0b09ea05e897f0815373e7382218a21bb8f8,
RMVM_S_bf83c990a8,Cố Gắng Vô Hình,Vương Anh Tú,POP_BALLAD,TIER_A,True,False,0,,False,False,0,,True,2639,443,fa29df0f02c165d7f64ae365260c646480d477798aa7c37e37e4b4ea9a5c38d6,
RMVM_S_92a1d39dd0,Lòng Mãi Yêu Thương,Thanh Vinh,BOLERO_TRUTINH,TIER_A,True,False,0,,False,False,0,,True,1591,277,2e17085051b59cddaee742d1cbe1473adbc6ce26ac998e406c0775e6d52363f3,
RMVM_S_6842a8eba4,Nói Câu Yêu Anh Đi,MEZZO,POP_BALLAD,TIER_A,True,False,0,,False,False,0,,True,3227,608,4729910b0767eed41e6c4d6045bbf222d5aecc610e5923223736e9261006412f,
RMVM_S_7df09d918c,Sau Một Hạnh Phúc,Lưu Ánh Loan,POP_BALLAD,TIER_A,True,False,0,,False,False,0,,True,2207,392,257351b8c5981935812a61fe0208e6bb1fca81cdce25226a8f325a1de9dd5781,
RMVM_S_46ddf33b42,Hà Nội Gen Trội,"Vũ., gung0cay",POP_BALLAD,TIER_A,True,False,0,,False,False,0,,True,2906,504,ec842dd8f91d53d154080c392d536b8acff5b60d9518142a5b714a8e76f7362c,
RMVM_S_9942424fed,Có Một Người Vẫn Đợi (Remix),"Viet Lee, BConcept, Khánh Cường",POP_BALLAD,TIER_A,True,False,0,,False,False,0,,True,2779,490,c432242ac48b9acf72608ec0f2ee9247ee742e70af406fbd329d5e01e89904a0,
RMVM_S_2b26ff2f4c,Ai Chờ Ai,Bỉnh Tài,POP_BALLAD,TIER_A,True,False,0,,False,False,0,,True,1142,198,5b0ff3e613565559ef2be7248041d88e182ecb82042a8a6bf7f1a5b085019dce,
RMVM_S_877e191b82,Buồn Nhẹ Nhàng Thôi,"Khoi Vu, Masew",DANCE_EDM,TIER_A,True,False,0,,False,False,0,,True,1516,266,f663ebf143d8bfd75f97763ace18e419df2536369affb802eaffc7a384704266,
RMVM_S_f331ade6f9,Du Ca Khúc,"Mer, Lazii",POP_BALLAD,TIER_A,True,False,0,,False,False,0,,True,1238,226,7e863389b0955e6ebd6572a17f15f34c0b2dc3ccc83fbc56753efc460d7af37b,
RMVM_S_54de926227,Bông Vú Sữa,"Cẩm Ly, Quốc Đại",BOLERO_TRUTINH,TIER_A,True,False,0,,False,False,0,,True,1881,340,d65386dde634f3987238a106d4b5b7b70179b0c7fcdeb80b1b22cffcce0d481f,
RMVM_S_d78a7f562a,"Bỏ Lỡ Một Người, Bỏ Lỡ Một Đời","Châu Khải Phong, Lê Chí Trung",POP_BALLAD,TIER_A,True,False,0,,False,False,0,,True,2481,419,27f4bb4e9a1cb092f93487c0f8a630cd275d3cd5229bc527cdfcd2d7370a833b,
RMVM_S_f18ed499b5,Đậm Sâu Đến Mấy Cũng Tàn,"Võ Đức Trí, Star Online",POP_BALLAD,TIER_A,True,False,0,,False,False,0,,True,2493,422,b05f74adf471365b19890739d8f8119d599b69f6c061c5fcc23fa17dddfbb4f4,
RMVM_S_e48a280f91,Anh Ở Lại,"KindyA, Kizzik, KaWaiiBi",RAP_HIPHOP,TIER_A,True,False,0,,False,False,0,,True,4772,841,8cfb41d79b11bac03e85177463bff4f41ab577fc48ac29094db439a7331b2f61,
RMVM_S_3b4cf9c462,Em Vẫn Luôn Tìm Kiếm,"GreenD, Lập Nguyên",POP_BALLAD,TIER_A,True,False,0,,False,False,0,,True,3418,581,174e341a56e841fcfc80207a06b5b1df700b9327bb0c377fc9e1838b864ca402,
RMVM_S_93f5bef71c,Anh Thôi Nhân Nhượng (Cover) (TD x MrK Remix),Dunghoangpham,DANCE_EDM,TIER_A,True,False,0,,False,False,0,,True,2139,363,809e6554aae4b75c6a093e03127061d12a2b445eefa68e9b5189ec095c709811,
RMVM_S_f32622901f,Rap Về Râu Trắng,Phan Ann,RAP_HIPHOP,TIER_A,True,False,0,,False,False,0,,True,4152,690,cebd988c2a6960576936035e1dd77208a5b0d896f0737affee79776b9b0c9e05,
RMVM_S_c6936fbb75,Biết Trái Tim Còn Tha Thiết - Con Tim Thật Thà,HA Live,POP_BALLAD,TIER_A,True,False,0,,False,False,0,,True,1844,318,31d51b2c638d94c4a9a3877fdc9a4c95cddb9ffbf40acdfe712ac0e35a470213,
RMVM_S_2b33c44727,Lá Thư Đô Thị,Ánh Linh,BOLERO_TRUTINH,TIER_A,True,False,0,,False,False,0,,True,2253,368,e1c8bc9d695eda06038c8ef466e58c1233f51d96e23a96db064d0ccc86f08fba,
RMVM_S_525318b02f,Anh Là Con Rối Của Em (Remix),"Dương Nhất Linh, Tanzui",POP_BALLAD,TIER_A,True,False,0,,False,False,0,,True,1039,187,a4b8671f515e0f34a15ee6c2bfeafa8c72cd29c3057517231ed96e30216e1650,
RMVM_S_dab820f559,Buồn Nốt Hôm Nay,Tăng Duy Tân,POP_BALLAD,TIER_A,True,False,0,,False,False,0,,True,2125,384,9dc6e7b191c119b2d5bbd6b78b278fa72884839d83fdbd6b6eea98d92ccd6d5e,
RMVM_S_ae6be35757,Một Ngày Đẹp Trời,Pank Vu,POP_BALLAD,TIER_A,True,False,0,,False,False,0,,True,2434,418,df2ba0778cf0b60f0b214aedccdb3ee58db07aac9a7cb4ae0519baa2ca82efff,
RMVM_S_f8c4cc7ddc,Đắm Trong Màn Mưa (Lofi Version),"Dee Trần, 1 9 6 7",POP_BALLAD,TIER_A,True,False,0,,False,False,0,,True,2119,364,10ad4332958129ef5c4c3f53666f7d276ba7e05af5bddf174bc7364743f6a366,
RMVM_S_e47ed2885e,Nửa Vầng Trăng (DJ Trang Tracy Remix),Quách Tuấn Du,POP_BALLAD,TIER_A,True,False,0,,False,False,0,,True,1508,256,2dc552e93e8c5dec79e87bbc57e3bf654ea0a53502980ddac0ac3096299b9ba7,
RMVM_S_6619d33e53,Để Gió Cuốn Đi,Đam San,NHAC_TRINH,TIER_A,True,False,0,,False,False,0,,True,962,164,7ae2d1b5367a6fc195cf2cbaf49173dfe4e16aaa17e2eaf3522d1814d17bd316,
RMVM_S_70b86b1813,Anh Thích Em Như Vậy,Song Luân,POP_BALLAD,TIER_A,True,False,0,,False,False,0,,True,2405,426,f5fdb6ff92de9db1d63524345cfc6659aa255e73027c281d581fa4fb1393ec86,
RMVM_S_5d0a256521,Anh Buồn Thật Đấy,Anh Quân,POP_BALLAD,TIER_A,True,False,0,,False,False,0,,True,2279,417,f36c7326feed3a76d907bdc172ef4d84d533b9955599392fadd1f1f1b6c2758e,
RMVM_S_746877050e,Hồi Ức Mơ Hồ,Triệu Hồng Ngọc,POP_BALLAD,TIER_A,True,False,0,,False,False,0,,True,2471,424,2f166257b2e623440d7e8b860e4cb42e849712e7b70485207d0ae21892422c91,
RMVM_S_0d0ea92364,Người Ơi Sao Nỡ (Thanh Huyy Remix),Huy Diệc,DANCE_EDM,TIER_A,True,False,0,,False,False,0,,True,1990,349,ea75eb7cfa05de718cf79d9ea85aa8041c8a9424c5575e90d3f6bde2c5abb1fe,
RMVM_S_b504cc50db,Chiều Buồn,Quỳnh Trang,BOLERO_TRUTINH,TIER_A,True,False,0,,False,False,0,,True,1228,207,9485270179e3e06f76cd87fb7a224eca5d596bec19ee9e1fe23b64966a13b0c4,
RMVM_S_26de2bfd80,Ánh Nắng Mặt Trời,Những Đứa Trẻ,POP_BALLAD,TIER_A,True,False,0,,False,False,0,,True,1446,257,e5a552664c1ff592d60236f5cd1972728b363c79cffda4e25e0128833c838f1b,
RMVM_S_9bec48822c,nếu một mai tôi bay lên trời (Colours Version),"Hứa Kim Tuyền, Trúc Nhân",POP_BALLAD,TIER_A,True,False,0,,False,False,0,,True,1545,274,44bb5cd900ffff603f8610b19ee59e88a090d570b2bcaf1cc870ac17cad8dc72,
RMVM_S_29632ccff5,Âm Thanh Buồn,Phước DKNY,POP_BALLAD,TIER_A,True,False,0,,False,False,0,,True,3295,586,757d93027e282e64f1e37002599aefba978a6bb2297de7f195a70e1b131e6a13,
RMVM_S_452c6c417c,Chưa Bao Giờ Mất Nhau,"Minh Quân, Dương Hoàng Yến",POP_BALLAD,TIER_A,True,False,0,,False,False,0,,True,1658,297,01cd06e1b4fff0422f98068ce7cfc0b3c213377559f3b6589682dbcdcca0f6e0,
RMVM_S_d8f2f06c05,Hãy Nói Lời Yêu Thương,Trường Sơn,BOLERO_TRUTINH,TIER_A,True,False,0,,False,False,0,,True,1040,180,351c51379ae820195dd8966d70f4c28cb6acf1f4ff72641bc195b3a1e22e14b8,
RMVM_S_59fc47d76a,Tình Yêu Cao Thượng 2 (Live Version),Hamlet Trương,POP_BALLAD,TIER_A,True,False,0,,False,False,0,,True,2592,472,cf59805e2e3279aa429331d7a0dc91dc4bb046d41fe4640c0f17e63cfad76926,
RMVM_S_0f20d963ff,Chỉ Cần Có Nhau,VCT,POP_BALLAD,TIER_A,True,False,0,,False,False,0,,True,1834,312,870701608a73076f2d9418c7d31dfffe5eb90d20c4056350ca85ce17c203ba07,
RMVM_S_b4dcc3426e,Nơi Nào Để Thấy Em,Phùng Ngọc Huy,POP_BALLAD,TIER_A,True,False,0,,False,False,0,,True,2189,383,142ec2a7e1c3903cb5df071e1f89c45ec9aafa924fea22d22f975a472966c112,
RMVM_S_1136c67d00,Dòng Nước Vô Tình Hoa Rơi Hữu Ý,TLong,POP_BALLAD,TIER_A,True,False,0,,False,False,0,,True,2333,417,c76b064ad600a543d14b4cf87bfc18cf58ba66ceedec3c4a4848ac757ad89689,
RMVM_S_7ecdbf2533,Bé Ơi Hãy Nhớ,Bé Tú Anh,CHILDREN,TIER_A,True,False,0,,False,False,0,,True,2154,376,5cb8846a4bcb525162f86a4440426dceba4075d5c7a0d824abf746aaa3d8a875,
RMVM_S_223aa3f766,Răng Khôn,"Phí Phương Anh, RIN9",POP_BALLAD,TIER_A,True,False,0,,False,False,0,,True,1996,342,b97659221e3dfbe61ec1c05423fa8a2dea5be9ec45cc14f7d26d4aa6c6924abf,
RMVM_S_7b75c998b4,Có Một Người Vẫn Đợi,"Viet Lee, BConcept, Khánh Cường",POP_BALLAD,TIER_A,True,False,0,,False,False,0,,True,2285,402,a6451964780a7ceb98544199784c5149141fc2089f975f0d53d7cb68f03ca2ad,
RMVM_S_0f6f89add2,Anh Có Thể Đừng Rời Xa Em Được Không,"Nguyên Khang, Dương Nguyễn",POP_BALLAD,TIER_A,True,False,0,,False,False,0,,True,1227,229,3d3e92f96912be604cecd29692cb985025d89e07c8f4cc08d333d724498017a3,
RMVM_S_9a798a43ec,Người Từng Nói Bao Câu Hẹn Ước (HM Remix),MyMy,DANCE_EDM,TIER_A,True,False,0,,False,False,0,,True,3368,576,8330e1b06dd4bf3819a81cb0228b9f70ca3f5f60a3e232be6173ad4cef1bf07e,
RMVM_S_a15895a7a0,Này Người Anh Em,"Lâm Chấn Hải, Thái Thành Công",POP_BALLAD,TIER_A,True,False,0,,False,False,0,,True,2086,363,9650272c7ab8594bf944bbfc02cdd05836edbf04ea4993291db0d7c668b66205,
RMVM_S_6cb0e351e1,Phèo Ơi!,Milk,POP_BALLAD,TIER_A,True,False,0,,False,False,0,,True,3927,688,96ae698247dc79e91993e96946e01a511eda84fa468ca7f51502de07d788a06f,
RMVM_S_707555308d,Bến Đò Vẫn Đợi,"Huỳnh Phong, Thắng Trầm",POP_BALLAD,TIER_A,True,False,0,,False,False,0,,True,3336,576,03ede9ea7264da026116f13b7d4a61a1945b05238bf14a01575ff86dad0e33b8,
RMVM_S_e02bb57887,Cảm Ơn Đã Đi Cùng Anh Qua Bao Sóng Gió (Remix),Hà Ngọc Thanh,DANCE_EDM,TIER_A,True,False,0,,False,False,0,,True,872,156,268c04a118b8b69a814806563932567bd829ae508670e7431fcee36c42d6a4ca,
RMVM_S_7393f100f4,Bình Yên Nhé,Hoàng Duyên,POP_BALLAD,TIER_A,True,False,0,,False,False,0,,True,1424,257,6c9a0d89c1531e0b5d283888fdeff264f443c2f643c5a4e92d1c5a659bbb217f,
RMVM_S_5b50e28a1f,Vì Anh Đã Yêu Em,Quang Dũng,POP_BALLAD,TIER_A,True,False,0,,False,False,0,,True,2144,375,b78f07558365e23dcc9fc7857a2de4649900f0413967d3f1b9de6f3ee1cd0131,
RMVM_S_a7187007fa,Tết Đi Em Ơi,"Masew, Khoi Vu, Kaybo",POP_BALLAD,TIER_A,True,False,0,,False,False,0,,True,1809,325,a88b0b07e6034d9e05e8df41c624ad322ef1a381a70e7808ff668159c3120803,
RMVM_S_7317d1631d,Vội Vàng Đến Bên Nhau,Nguyên Trung,POP_BALLAD,TIER_A,True,False,0,,False,False,0,,True,1786,310,0c9ccd7ca35512e277de0a0122ea3c78d1b1ffcae6a5d9ff15fd01d48f733ab6,
RMVM_S_e7f77b8242,Bé Tập Làm Người Mẫu,Bé Ruby,CHILDREN,TIER_A,True,False,0,,False,False,0,,True,1302,215,c20424ff342d57a699994be144959c00df066ff80bff80a4af5d0185df445446,
RMVM_S_7ba579e7ad,Chỉ Mong Em Bình An,Khánh Phương,POP_BALLAD,TIER_A,True,False,0,,False,False,0,,True,1787,322,11847021ce6d292861203bc7dfe41c0eadc77a09988c348248f7330d37902c24,
RMVM_S_4f088e6e87,Người Phu Kéo Mo Cau,Quang Lê,INSTRUMENTAL,TIER_B,True,False,0,,False,False,0,,True,2123,384,060ff8716737bbf79782e314a9cd2b8f55dd433c2cc0dca900341acddfd063b8,
RMVM_S_84b4de76db,Chúng Ta Là Tri Kỉ,Kim Ny Ngọc,POP_BALLAD,TIER_A,True,False,0,,False,False,0,,True,1667,305,f1c7b47a372d98b4921dce42328b22a67f551568bcc2e17376f4d28c6a7bd791,
RMVM_S_983d15aea7,Đừng Hỏi Em vì Sao,Hồng Nhi,POP_BALLAD,TIER_A,True,False,0,,False,False,0,,True,1286,232,053157ed9e474959b3102f38ee6e498ee7bdb8564ef4eff6f07ef927fc7e1932,
RMVM_S_77541432ed,Tự Nghĩ Tự Suy Tự Buồn,Võ Đức Trí,POP_BALLAD,TIER_A,True,False,0,,False,False,0,,True,1852,349,e9da66ad79eaec7d8c66c9b0567175adf5754927eca7ea2f3a68b49d16a6c41c,
RMVM_S_b84345df83,Duyên Số Cầm Ca,Nhật Kim Anh,POP_BALLAD,TIER_A,True,False,0,,False,False,0,,True,1623,270,fc75f4c0a6a24d9733f9bdf18d51561b6d2e1e86bf3713a5859cfe347e1270ac,
RMVM_S_9a935af4fb,Thế Giới Trong Anh,"APJ, ICM",POP_BALLAD,TIER_A,True,False,0,,False,False,0,,True,1840,321,8e23bde9bbdfc54f84081c6c88f8c9e6c6ced5db4acd70ae65e7d38551dacd78,
RMVM_S_8ffbafc592,Chuyện Tình Cây Và Lá (Remix),Ngô Kiến Huy,DANCE_EDM,TIER_A,True,False,0,,False,False,0,,True,1878,339,6b7ed85cff52a290289603e88cff9fdd288441ec7289ff5f5b2918de2684e34d,
RMVM_S_42701cc0fa,LK Cánh Thiệp Đầu Xuân,"Nguyên Vũ, NSƯT Thanh Ngân",BOLERO_TRUTINH,TIER_A,True,False,0,,False,False,0,,True,3488,571,489b865c47514d33eaa663b4ffcbade5f6e959ffa57c18fd50c7a971ad7525df,
RMVM_S_4c82add366,"Mashup: Giới Hạn Nào Cho Chúng Ta, Mắt Buồn, Chuyện Như Chưa Bắt Đầu, Anh Nhớ Em",Vicky Nhung,POP_BALLAD,TIER_A,True,False,0,,False,False,0,,True,2110,373,e3a02aee50c4f96c79267a6a5596b7219ea0c0736499bb650e1d828bdb422485,
RMVM_S_63f174d5b8,Bạc Bẽo Đời Em,Ngọc Hân,BOLERO_TRUTINH,TIER_A,True,False,0,,False,False,0,,True,1794,310,b6faa3b4ad3400a8fcc6423a3efe8c0447a451434b61b30c43241d23ce2ffdaa,
RMVM_S_01ba6feea4,Anh Không Vui Chơi Đâu,"Kyo, Suzie",POP_BALLAD,TIER_A,True,False,0,,False,False,0,,True,3362,605,df84a591e1150b545c21993ff78c1312513fe0b5280efa78add7482bd2d73c1f,
RMVM_S_12ed2f118f,Mùa Xuân Gọi Mình Yêu Nhau,"Gin Tuấn Kiệt, Juky San",POP_BALLAD,TIER_A,True,False,0,,False,False,0,,True,2115,366,79fd1300658f7e4d68a95333f3ee8d07cad05fef20667ba5f8758cf215818f2e,
RMVM_S_5eadb67d16,Và như thế em chờ (Solo version),Thanh Ngọc,POP_BALLAD,TIER_A,True,False,0,,False,False,0,,True,2311,409,24d31bed2713332476373317b0ac04509f2a4c730c48b2f7dcbba21305b5493d,
RMVM_S_52899e12f3,Em Là Chân Ái Của Đời Anh,Duy Tuyên,POP_BALLAD,TIER_A,True,False,0,,False,False,0,,True,2277,405,e8db8c5285a27e53a4b48c50c29b56f74459bab4298b318fac2088c86ef8aaff,
RMVM_S_c2b9b3db2c,Ngày Nắng Lên Em Lại Đi,Vương Triệu Anh,POP_BALLAD,TIER_A,True,False,0,,False,False,0,,True,1818,317,bdd2f7c6b8f4ed514d51ae956378ad26268cf64c698798c43abeaf872ff039f1,
RMVM_S_4f24f4415c,Anh Có Điều Muốn Nói,Tronie,RB_SOUL,TIER_A,True,False,0,,False,False,0,,True,2510,479,82e6abbaafa49e6d44dfaa20797ef1a5e2860f2b2d54394ad10f4593dac79932,
RMVM_S_41bd44db65,Ðường Về Quê Hương,Minh Đức,BOLERO_TRUTINH,TIER_A,True,False,0,,False,False,0,,True,1930,324,20e927e4b1e42082800fdde6de7c7910517cf0f2cd7862b921a4165b66358314,
RMVM_S_ff0cdda748,Bên Nhau Được Mấy,Huy Lê,POP_BALLAD,TIER_A,True,False,0,,False,False,0,,True,1165,204,c0ae6ca7736d9d346d46eccc9b219d5c148b1debfb7c62cbd9874e63fefabb53,
RMVM_S_b41f067469,Khi Đàn Ông Mang Bầu,Shin Hồng Vịnh,POP_BALLAD,TIER_A,True,False,0,,False,False,0,,True,1435,246,045c18d196f53c5e1341ebd8039ae45f3628350dfe1c10bc8966aae0588c920c,
RMVM_S_9d0aafa04d,Âm Hồn Ca,Phước DKNY,RAP_HIPHOP,TIER_A,True,False,0,,False,False,0,,True,3096,544,b2354b39ab23fe30c7ece994e77d183734ecbd7ffd99f982a0cab4e976495859,
RMVM_S_f561e915cb,Con Gái Là Bảo Bối (HHD Remix),"Võ Lê Mi, DK Lâm, HOA HỒNG DẠI MUSIC",DANCE_EDM,TIER_A,True,False,0,,False,False,0,,True,2786,508,ca096aa6476623a39bf8222f5de3f492ff1564fad1ad370c2089ee1927ea4ce7,
RMVM_S_d37c70bf00,Anh Đi Tìm Em,Phúc Bồ,POP_BALLAD,TIER_A,True,False,0,,False,False,0,,True,2238,398,811988bc3a5315fd820b76ce141330825cf97a2e4e4801cbbc1b7464689d6cd9,
RMVM_S_0e706351f3,Đừng Bắt Anh Nuôi Hy Vọng,Khánh Dũng,POP_BALLAD,TIER_A,True,False,0,,False,False,0,,True,2180,389,26ec0a821cdebe8c6bd7e16b12cd9c0d3d29c12f6f9de81af89275a325e984d3,
RMVM_S_189d9c2a10,Ba Kiếp Tình Một Kiếp Duyên (Yang Remix),"Qinn Media, Lâm Tuấn",POP_BALLAD,TIER_A,True,False,0,,False,False,0,,True,520,88,c9bf4d9b2f902e7cb97357f6f653fdc206d9c97b2e8e5fdd53ac7c03ffcd501b,
RMVM_S_ca27833467,Ngày Cũ Mình Chia Tay,Nhiều nghệ sĩ,RAP_HIPHOP,TIER_A,True,False,0,,False,False,0,,True,4068,714,f8a6d75cde4b5684fd1c9ee41c19a5d6606469d97d1cb319ec067d8c0d858641,
RMVM_S_1dc7202a31,Biển Vắng,Bằng Kiều,INSTRUMENTAL,TIER_B,True,False,0,,False,False,0,,True,1444,244,30080d179a76f79cafeb5e10e3faff4bb78a3b99d5cee7958c73df1361453bf1,
RMVM_S_9fb859a42f,Kiếp Duyên Không Thành Thôi Đành Cách Xa (Remix),Thiên Tú,POP_BALLAD,TIER_A,True,False,0,,False,False,0,,True,1540,269,82dcda1a7e366bb95e564a44bc19296171dfecf65d2b8be454a5a2ef90cdab23,
RMVM_S_24e064632b,Liên Khúc Tình Nghèo Có Nhau - Ước Mộng Đôi Ta,"Châu Giang, Ngọc Sơn",BOLERO_TRUTINH,TIER_A,True,False,0,,False,False,0,,True,2489,431,98b9b76d8ff0632769aa13bbaeaa83e2cd8ddb7f8905df8efad600b0dffa4738,
RMVM_S_03815a715b,Ngồi Đây Vẫn Mong Đợi,Hoàng Chiến,BOLERO_TRUTINH,TIER_A,True,False,0,,False,False,0,,True,1970,337,bef39046005a85ca8c2fd62ec86fd14699fe676946a2c04d6e4057fa2c3139cf,
RMVM_S_0dee1f929a,Không Cần Phải Nói Nhiều,"tlinh, Hoàng Tôn",POP_BALLAD,TIER_A,True,False,0,,False,False,0,,True,1641,302,4fd5000920b765546e6628de9e46d377caa9baccddc10fd565b0d560b56c743c,
RMVM_S_157effa12a,Trời Còn Làm Mưa Mãi,"Đức Vinh, Đức Hiếu",POP_BALLAD,TIER_A,True,False,0,,False,False,0,,True,2303,406,0e37eeb45357b45ba0da40ab3f4cb79cb16beee85a051dfe2033403b2f9beaf7,
RMVM_S_f78ceea106,Để Em Sống,Pháo,RAP_HIPHOP,TIER_A,True,False,0,,False,False,0,,True,3377,608,c7c4747b7169c703ad4eb9dd3a23b5ac9aee9c10c33c3c6cd383031451abfa93,
RMVM_S_daec2a392f,Không Buồn Đâu Không Hận Đâu (Remix),MyMy,DANCE_EDM,TIER_A,True,False,0,,False,False,0,,True,3364,576,056534ba7fb8d0a0f1888c024c38a3a7bf0bfecd59550dd2ee7acf566623b826,
RMVM_S_b048c47089,Đêm Giao Thừa Nghe Khúc Dân Ca,"Thanh Ngân, Mai Tiến Đạt",POP_BALLAD,TIER_A,True,False,0,,False,False,0,,True,2231,417,63562c80c832a4cdb94407c6931e397d3d424cfdc085cef6f06592ca60645cde,
RMVM_S_8967843cb2,Đêm Sông Cầu,Minh Thùy,FOLK_TRADITIONAL,TIER_A,True,False,0,,False,False,0,,True,1117,202,017252a39f820b345c528f6160fb350498850eb2a62d3c8d510788cfa84b380b,
RMVM_S_a1fd75f250,Anh Đau Từ Lúc Em Đi,Trần Mạnh Cường,POP_BALLAD,TIER_A,True,False,0,,False,False,0,,True,2497,438,b3f4caf25f7e537aa74c8cb0c809431fc7bc88ade7fc3b02ab136ff6c08af0b9,
RMVM_S_bfc05f927b,Trời Sinh Một Cặp,Ngô Trường,POP_BALLAD,TIER_A,True,False,0,,False,False,0,,True,2685,479,53a5b73d14019d2a1898b76602bf78dd2e017215830565ff5cf2861e6f463fa6,
RMVM_S_d2e16a41e8,Bốn Năm Vợ Chồng,Phương Tử Long,BOLERO_TRUTINH,TIER_A,True,False,0,,False,False,0,,True,1606,289,1492bdfd74a579d19a4f30278b1c817bba67649472369f8c8354c0d4decfd271,
RMVM_S_d49687ccac,Muốn Hát Em Nghe,"NamD, Tuyền, Trang Phan",POP_BALLAD,TIER_A,True,False,0,,False,False,0,,True,1638,293,4ceac9b864054bc9ef938f1f019674e0aee6feb8a1f30fc3471844f4634988bf,
RMVM_S_2883417232,Phiên Chợ Vùng Cao,Powerk,DANCE_EDM,TIER_A,True,False,0,,False,False,0,,True,1611,266,3704409d24ca6ed73a350aa36409597e6cde4a18dfd09cd31884907572b48188,
RMVM_S_bf7dc32b89,Anh Vẫn Phía Sau Em Mà,Khánh Trần Rio,POP_BALLAD,TIER_A,True,False,0,,False,False,0,,True,1885,352,6b8bca40366c617c0046c1ee96a33cc64b237103eb5f358feb28e011a919f091,
RMVM_S_9db992409d,Lời Yêu Thương Lớn Nhất,Thiên Tú,POP_BALLAD,TIER_A,True,False,0,,False,False,0,,True,2320,384,41eff550aaa76f36366b04d2cdd57ed40ee2177d3dc6983248f8203f9707d9df,
RMVM_S_afdac10408,Anh Phải Quen Cuộc Sống Một Mình ( Yêu Trong Mù Lòa),Lâm Chí Khanh,POP_BALLAD,TIER_A,True,False,0,,False,False,0,,True,1832,340,7f2354c127f6abb430011672a3928ef59b34191026b88dda4eca6b4c1ccd59d8,
RMVM_S_877141940f,Khúc Tự Tình Phố Núi,Hồ Trung Dũng,BOLERO_TRUTINH,TIER_A,True,False,0,,False,False,0,,True,1967,331,130d46bec17281e2c534306273b3cd706fdb09e60a9b2f743377345cd4248a23,
RMVM_S_2e69ada898,Những Điều Lạ Chẳng Mới,NamKun,POP_BALLAD,TIER_A,True,False,0,,False,False,0,,True,2213,379,2c9ba7697e047c125d71002eba86c215ae9f071b78eb9d28aa55ffccaed413ff,
RMVM_S_ea8c00d1d1,Anh Yêu Nụ Cười Ấy,An Vũ,POP_BALLAD,TIER_A,True,False,0,,False,False,0,,True,1193,202,258f5acf65c1e7a9b3a7082a1a40ae34f18b688b5f55a93309290b28d17fbdd4,
RMVM_S_5a42115930,Anh Sẽ Cố Gắng Quên Em,Nguyễn Bảo Linh,POP_BALLAD,TIER_A,True,False,0,,False,False,0,,True,2101,384,0da396902ec89c179f2a90fd39aec21f08b7141f9a180c0a9201db14ee690c4b,
RMVM_S_99a770b6a7,RA GIÊNG ANH CƯỚI EM (Lofi Mix),Bùi Phi Long,BOLERO_TRUTINH,TIER_A,True,False,0,,False,False,0,,True,898,164,c3dc99b9f7a1a561c6ec9a59f54e8a7a745d1a41749e7aafab0dd57dc8b837b0,
RMVM_S_d92fa6d44e,Vào Đời (2023 Version),Thanh Ngọc,POP_BALLAD,TIER_A,True,False,0,,False,False,0,,True,1942,407,26217ef2de7c953ad3d0696b347306f7392af82ea9254ede92ba8a4ce3007739,2023.0
RMVM_S_8f05a27b16,Nói Thương Nhau Thì Đừng Làm Trái Tim Em Đau,Bích Phương,POP_BALLAD,TIER_A,True,False,0,,False,False,0,,True,1859,329,c30d3637974d2e5f01e9dc9b4b7bff5db7f493784282cfffd5474d8b12ab19be,
RMVM_S_f69b736d13,Xuân Mang Yêu Thương Remix,Peto,POP_BALLAD,TIER_A,True,False,0,,False,False,0,,True,2161,406,0bc80c197a29a5a6c61cef19e618feeeb21fba31a5deb5fd7f9181a198557a83,
RMVM_S_52034c28eb,Nếu Chẳng Là Của Nhau,Chu Bin,POP_BALLAD,TIER_A,True,False,0,,False,False,0,,True,1354,227,32f5c9a28cae1372b4fd6f52501cc91f69a612338e4577df44e0f9769efa7109,
RMVM_S_00ee619299,Vô Tình Hay Cố Ý,Đỗ Thành Duy,POP_BALLAD,TIER_A,True,False,0,,False,False,0,,True,2175,380,73dacb3013ca88c9fc9869e1bc063469b3a0924f549bfe27efb6497467813cde,
RMVM_S_187c3fae70,Sao Em Không Nhấc Máy? (Facetime530),"mơ, NhatMinh",RAP_HIPHOP,TIER_A,True,False,0,,False,False,0,,True,3747,682,9afb63461f511df8000f8292304804e6b2e92556c3779485335db243a7f37674,
RMVM_S_dd383e45f6,Cần 1 Ai Đó,Phạm Đình Thái Ngân,POP_BALLAD,TIER_A,True,False,0,,False,False,0,,True,2287,402,fbbd5e984894a3cb310245b2229b56cc532cec41412abbbdd3dc057093db6fe4,
RMVM_S_808aa3d6ea,Chào Quê Hương Vui Bước Lên Đường,Minh Thế,POP_BALLAD,TIER_A,True,False,0,,False,False,0,,True,1901,314,17c9362c33909f812956b4067d1eb5020c569cbd73d921d8375033c6a48226f6,
RMVM_S_d14a8b08ad,Gió Cuốn Anh Đi (Cha Ma OST),Nguyễn Duyên Quỳnh,POP_BALLAD,TIER_A,True,False,0,,False,False,0,,True,2054,372,b0ba8b5f6fdac6b22a808235e13c6f6d01bb62b5db64f8c37d007f1672329828,
RMVM_S_449cbbe891,Ru Con Bắc Bộ,Thu Hiền,BOLERO_TRUTINH,TIER_A,True,False,0,,False,False,0,,True,1303,225,1351d6b8315f9a7fae8f04abd45b4a0d3d85e11ee03f20d729dd355bf390f4af,
RMVM_S_555a8840fd,Như Ngày Chưa Yêu,Linh Lê,POP_BALLAD,TIER_A,True,False,0,,False,False,0,,True,2012,369,afcf70e4ec5615208799a39fcb660a5056984f9d4dc9552a13ffedfd7bcc79a0,
RMVM_S_a6c794175d,Giữ Giùm Em Trái Tim (Remix),Lyna Thùy Linh,DANCE_EDM,TIER_A,True,False,0,,False,False,0,,True,2320,415,5942e143012c9d0251133176fc74db3397c1155976f2fc5889d796a4af302591,
RMVM_S_9b292c1a57,Tiễn Đưa & Về Mái Nhà Xưa,"Khánh Ly, Thanh Tuyền",NHAC_TRINH,TIER_B,True,False,0,,False,False,0,,True,1968,336,419c6c3713f2aea2c4e63f3fe62c68778a718782f861927a2b3b725923eadf02,
RMVM_S_0a4dcbe397,BIẾT ĐÂU BẤT NGỜ,T-Flow,POP_BALLAD,TIER_A,True,False,0,,False,False,0,,True,2824,492,3cbccd21baf8a2413ae5edca9d8bc3bbe9a081903ea122e3acdbac70f47fdbe1,
RMVM_S_64c4014929,Cuồng Quay,"K.O.I, CM1X",POP_BALLAD,TIER_A,True,False,0,,False,False,0,,True,2206,383,39eb3efbc0430b6d52b100eae757074451d601c7273b4cef496a119c0384d1ee,
RMVM_S_cbcc09bfe4,Tìm Em Câu Ví Sông Lam,Lê Thu Uyên,BOLERO_TRUTINH,TIER_A,True,False,0,,False,False,0,,True,1963,351,555dd2cfd5391b5eabde1d77e13b89e5f660c87a87eb8845db313dfb61a3bca7,
RMVM_S_d2c0a4d1ee,Thanh Xuân Là Anh (C . A . O Remix),C . A . O,POP_BALLAD,TIER_A,True,False,0,,False,False,0,,True,2095,391,173a29e79167a241c072c1da11ad7f3880d1e2e68b47ad592b63f9876935a7dc,
RMVM_S_c98f2b5617,Chuyện Ao Sen,"Thanh Ngân, Gia Tiến",POP_BALLAD,TIER_A,True,False,0,,False,False,0,,True,1848,316,11b2bdd9238eede7502c2dbfaf27816ead9d0892418695b71d1712608f18e013,
RMVM_S_feb91093bf,Rap Về Zenitsu,Phan Ann,POP_BALLAD,TIER_A,True,False,0,,False,False,0,,True,3204,525,346407bebdefc10d9830e6b328aeeea0dae80536f8c6abe4519809306045e72d,
RMVM_S_8bafc6dd00,Mưa Cứ Rơi,"Mr. A, Wxrdie",RAP_HIPHOP,TIER_A,True,False,0,,False,False,0,,True,2176,394,27de2b81cf2a30aeec3e3b1a27246eda15e1fe5a3c253a80a3e20559e8ca081b,
RMVM_S_b624658b9b,Tranh Nguoi Yeu Toi Ra,Đào Nguyễn Ánh,ROCK,TIER_B,True,False,0,,False,False,0,,True,1507,269,4c97c0663db0809f73940d8054481cc9c270e9f5a526b9ea3c6dfe65fb038f3d,2018.0
RMVM_S_b9c00c5a4f,Khóc Nơi Ta Cười,Nhiều nghệ sĩ,POP_BALLAD,TIER_A,True,False,0,,False,False,0,,True,2053,358,a01a8af605b9df83f2cc513bc3bd5c58173c26d9e0d8b1d7f3f2c20841a81c8a,
RMVM_S_b1ac9f287a,Đợi Đến Tháng 13,Đặng Thanh Tuyền,POP_BALLAD,TIER_A,True,False,0,,False,False,0,,True,1869,322,23033d91243693f39f82b8365c0e9b64dfa5b470b3d8b3cfc25a1fed84e2fa38,
RMVM_S_08ec558992,Chúc Mừng Giáng Sinh,Tín Nhiệm,POP_BALLAD,TIER_A,True,False,0,,False,False,0,,True,1966,332,c797c32c0f3b60a64532296d40fdd9064d0b2a5238044432f7b5e49a98153cd6,
RMVM_S_acd96858a4,Một Giấc Mộng Xưa 2,Chí Thành Danh,POP_BALLAD,TIER_A,True,False,0,,False,False,0,,True,1886,334,245a3c1c011272ef5c98a2555b60cfedba27240aec11d83b8176c7aadda3299a,
RMVM_S_b5c046c4d5,Đảng Cho Ta Môt Mùa Xuân (Chương Trình Đại Hội Thi Đua Yêu Nước Tỉnh Bắc Ninh Lần Thứ V),Nhà Hát Dân Ca Quan Họ Bắc Ninh,POP_BALLAD,TIER_A,True,False,0,,False,False,0,,True,2152,365,6d77066399d8fafc00722108c6d2e9188be84b5c68873f2781bb5cf89422cf84,
RMVM_S_246e40215f,Anh Còn Yêu Anh Còn Thương,Thành Nguyễn,POP_BALLAD,TIER_A,True,False,0,,False,False,0,,True,1578,280,acfd4799f27ac803f6ec4b0ae9b7e6b93a5b1b101b53d251ec747346214cc28d,
RMVM_S_1eb8172e19,Ta Trở Về,Chí Thành Danh,POP_BALLAD,TIER_A,True,False,0,,False,False,0,,True,1844,304,7f12493c2958aefd7e38ba0d366e9060e283e30065c853cb80ae0523784d3f59,
RMVM_S_68b45b3b1b,Giáng Sinh Kỷ Niệm,Don Hồ,INSTRUMENTAL,TIER_B,True,False,0,,False,False,0,,True,1321,229,c03238120b9f11d9cb9b277eae342ebae314f65d7b873a4225e965e5fd4f4a54,
RMVM_S_3e26778660,LK: Thiên Đàng Ái Ân,"Bảo Hân, Don Hồ",POP_BALLAD,TIER_A,True,False,0,,False,False,0,,True,2871,490,24f26168d26704a2d992a15ebaf0feb9c57ff7a411fd758a967dc51bdc1b5f59,
RMVM_S_8dce12f7d2,"Đạo Nghĩa Giang Hồ (Parody, Short Version 2)",Hoàng Hồng Quân,POP_BALLAD,TIER_A,True,False,0,,False,False,0,,True,255,44,be574c4b9d7363e10ad05b90c4d0fa0bb34dc38485f484c6d2bfa4378a36a3b6,
RMVM_S_a29f579546,Ai Hiểu Cho Em,Saka Trương Tuyền,POP_BALLAD,TIER_A,True,False,0,,False,False,0,,True,2080,366,ec2dac5874ca3717a92296cbaf56f210911ec3f1091e88a349206be26172fb7a,
RMVM_S_10f2a0fe4a,Xuân Miệt Vườn,Diệu Kiên,POP_BALLAD,TIER_A,True,False,0,,False,False,0,,True,1873,320,d092019c2e87814daf5d2095e62d436fa5c8238f2a8391a3e58093497baa5ede,
RMVM_S_9bb740a5f1,Liên Khúc Nhà Anh Nhà Em,Đoàn Minh,BOLERO_TRUTINH,TIER_A,True,False,0,,False,False,0,,True,4189,733,1e27584534d1af8bc40dfbe32b70e5e56ea9b922a3bd0afa18ca06f82df6c885,
RMVM_S_dae05947aa,Cảm Ơn Tình Yêu Chúa,Nam Vương Bảo Lê,POP_BALLAD,TIER_A,True,False,0,,False,False,0,,True,1887,323,57da25b93c443b889ad227792d68dde319da547650002b517fbdf6e777d9ad3e,
RMVM_S_b7a2465cdf,Chang The Quen Mot Nguoi,"Flo D, Hổ",RAP_HIPHOP,TIER_A,True,False,0,,False,False,0,,True,2210,370,541b647e85e243dece7baec0b4742151bacdd16174a8553c185140c4adaf3101,
RMVM_S_8021ad0d06,Bí Mật Nỗi Đau,Toàn Temo,POP_BALLAD,TIER_A,True,False,0,,False,False,0,,True,2089,373,258949b188d281325b35598967f252201fc52592a7e2d45ec7a9b94ec3b98d07,
RMVM_S_fc1bcc5cfc,Chung Tay Quét Sạch Corona,Dương Nhân Trung,POP_BALLAD,TIER_A,True,False,0,,False,False,0,,True,1798,302,3ca04b88b30c34f59d478f4f8e498ffc6d3eb4c7992c4de30b18c09945e171d1,
RMVM_S_0baa6c8b31,Nỗi Nhớ Vô Hạn (Vux Lofi),Thanh Hưng,POP_BALLAD,TIER_A,True,False,0,,False,False,0,,True,2285,380,fffd37c3e2bc98980b4c420be55b4af6162be0224f59e22787b820194d959fe2,
RMVM_S_3c466179e5,Đà Lạt Thật Buồn Khi Không Anh,Bảo Uyên,POP_BALLAD,TIER_A,True,False,0,,False,False,0,,True,1667,288,f881401dd0b11e0c70f5530088b415eba4111614da79922073f9499616a1f9f1,
RMVM_S_c4e4314933,An Toàn Là Trên Hết,SGirls,POP_BALLAD,TIER_A,True,False,0,,False,False,0,,True,2495,435,6ba48e0744f8a1948ae7f079efa510a4d83fbe040cffc0a521111165ba1da3b6,
RMVM_S_5888b5bbe3,Có Đường Tắt Nào?,MEZZO,POP_BALLAD,TIER_A,True,False,0,,False,False,0,,True,3530,623,8f6e0ff50382bae5d0dc9b110e58b64d11a7428188b8f3e5e93012ec73236fd9,
RMVM_S_7ec73872e7,Đứng Sau Người Đến Sau,TLong,POP_BALLAD,TIER_A,True,False,0,,False,False,0,,True,2627,448,261587eaffad3df8c27df5a042373b2f3ab01b2b488a0ec66929e788e5cf63a3,
RMVM_S_64b832f8f3,Đại Ca Tôi,Huỳnh Nhật Đông,POP_BALLAD,TIER_A,True,False,0,,False,False,0,,True,2015,338,81c7bb65a7cedfef4cf37fa392b4a903f268be4e575608fa555c4a57aa57e33b,
RMVM_S_6a380ad5c1,Mẹ Ơi Mai Con Về,"Chí Viễn, Quỳnh Như",BOLERO_TRUTINH,TIER_A,True,False,0,,False,False,0,,True,1463,256,2d09cbd532c43419020a92940df74c0f4c6404781dfbc2180a1ceba462e5289b,
RMVM_S_53b564f78e,Lời Xin Lỗi Không Thể Nói,Khánh Phương,POP_BALLAD,TIER_A,True,False,0,,False,False,0,,True,2039,357,ff1d62cbfc74c7496df91005247436e17791fc3fa55943b1d0bf419187e6c3ef,
RMVM_S_eb10418617,Chờ Ngày Người Ấy Đồng Ý (DuyNH Remix),"Keyo, DuyNH Prod",POP_BALLAD,TIER_A,True,False,0,,False,False,0,,True,3348,582,6c4aa114ef0554a1ed62e539187699b0d9347a5d241498019282a2249b93cfa2,
RMVM_S_2e8a521eec,Em Hãy Về Đi,Bằng Chương,BOLERO_TRUTINH,TIER_A,True,False,0,,False,False,0,,True,1775,329,ec5ef13accbd2cf969a2e20a033d8c5b1611f5deceefbd4e9eb66bb45651086d,
RMVM_S_caa4b67549,Anh Nguyện Là Tất Cả,Dương Hùng Sơn,POP_BALLAD,TIER_A,True,False,0,,False,False,0,,True,2150,390,a0e60ca81fad97e57937b7a02f94aba365d7676a47110b6fa859b611890a28fe,
RMVM_S_c26907b225,Về Đây Với Anh,Winston,POP_BALLAD,TIER_A,True,False,0,,False,False,0,,True,2645,484,ccecf2f10bc5dd739bab6aa1c4b0e49e3700ccb5cb920d09d3c2b28d272784d1,
RMVM_S_993f58bab2,Ai Tiếc Cho Ai,Anh Hảo,POP_BALLAD,TIER_A,True,False,0,,False,False,0,,True,3175,573,6a44cddc5608ff42a76bba17437a0c624a2857e1012e0a31c83b440929928e96,
RMVM_S_5954f60d9c,Đừng Nói Dối Nữa,Tuyết Nga,POP_BALLAD,TIER_A,True,False,0,,False,False,0,,True,2298,384,d68035ca255e42ed80c8f657f8f856495b8c807ef4ca47fee551acb5db4ce668,
RMVM_S_3a123423fc,Liên Khúc Dân Ca Mừng Xuân Quê Hương,"Minh Thu, Hoài Tâm",FOLK_TRADITIONAL,TIER_A,True,False,0,,False,False,0,,True,2462,422,c02ccc48a154ad8740d8c4c9f5c6df75531c51a4acaf5f1a2141c5929ebd8bab,
RMVM_S_678e5d6495,Chẳng Thể Như Lúc Đầu,Đặng Tuấn Vũ,POP_BALLAD,TIER_A,True,False,0,,False,False,0,,True,1673,302,37e506d06b1bfc31cf2975f6271dc13480441be8a8268a26984e95a4410ab6f1,
RMVM_S_70d58d4b47,Thanh Xuân Có Nhau,Rin,POP_BALLAD,TIER_A,True,False,0,,False,False,0,,True,1437,255,f4922181691c7a5ab97d39179972edc22474d592cb65652d3c09ab3fc8e3534e,
RMVM_S_528248b431,Trọn Cuộc Đời Yêu Thương,Tiến Nguyễn,POP_BALLAD,TIER_A,True,False,0,,False,False,0,,True,2427,425,90a18de58f175c61dd3fb1bb8ebf2ce2a0a0842d0ecd4a970c57e6ac25dd29d2,
RMVM_S_337521d716,Cô Giáo Bá Đạo,Thiên An,POP_BALLAD,TIER_A,True,False,0,,False,False,0,,True,3134,544,5f31b55da3784614373f564df15780f341f40f140229e7728efb1654098aa9f3,
RMVM_S_a3ea0d720d,Giấc Mộng Vàng,Phan Đinh Tùng,POP_BALLAD,TIER_A,True,False,0,,False,False,0,,True,2282,381,b966bfaa94cb129bb2af62ba9ff814e6c1d0e4472ee05b405cf624e01226fd2c,
RMVM_S_18d86823c3,Gái xuân & Tình yêu màu nắng,"Myra Trần, BigDaddy",POP_BALLAD,TIER_A,True,False,0,,False,False,0,,True,2942,523,45f5a0fb2e641fe9743b83139a053a88ad8f5392fa9519525b24a4b6f9dd56b9,
RMVM_S_0c61643542,Chờ Em Trong Đêm,"CT Media, Thanh Trúc",POP_BALLAD,TIER_A,True,False,0,,False,False,0,,True,1909,338,56e103d44a64d977757a0a61d89839bdbac53100844b0f574dad13f1876868e4,
RMVM_S_f0d19a908c,Chuyện Đời Tôi,Diễm Thùy,BOLERO_TRUTINH,TIER_A,True,False,0,,False,False,0,,True,1808,313,c925883ce3a1128e1b038af9ef3ddaa6bc087c7157db3d311fc4ee48f749e7b1,
RMVM_S_f02a57a83a,Anh Đến Để Thương Em,Nguyễn Hữu Kha,POP_BALLAD,TIER_A,True,False,0,,False,False,0,,True,2012,353,0813ee6a53b2710ed6be5eb091cb78ed4e12248bdd33cf86c2b8b0e3a1c90c8b,
RMVM_S_a75e2932da,Em Là Cô Gái Vùng Cao,Lê Ngọc Thúy,BOLERO_TRUTINH,TIER_A,True,False,0,,False,False,0,,True,2152,365,024b1029d879f5f79b1141c877bb393dce7973070bbe2474df88d6459c0feb2c,
RMVM_S_4c47c68647,Bản Tình Ca Tuyết Trắng,Đỗ Thụy Khanh,POP_BALLAD,TIER_A,True,False,0,,False,False,0,,True,2537,443,bcbf0d7e32ed70189448794e5ad23ccf242c4734ba829acd40cbca266e556b18,
RMVM_S_2cbf952fac,Có Lẽ Là Tình Yêu (Em Trai Bố Dượng OST),Kha Ly,POP_BALLAD,TIER_A,True,False,0,,False,False,0,,True,2257,408,2aec9d6c2fa80a944e005051532a8971f4d6d40122b7cdcd5c2621ead2417a10,
RMVM_S_e46997febc,Dĩ Vãng Thương Đau (New Version),Vũ Hoàng,BOLERO_TRUTINH,TIER_A,True,False,0,,False,False,0,,True,1443,258,7c2c75aaa4116e4730fa31ed52cecd6c9202c9940f62134f43ee6b21f4606626,
RMVM_S_70202b79d1,Gửi Lại Cho Em,Binno Phương Bắc,POP_BALLAD,TIER_A,True,False,0,,False,False,0,,True,2024,381,d0fc973084c0f89d062d82772684aa6a78bb10557471dbab8719a341a3928d0e,
RMVM_S_f4689d988b,Hoa Lạc Lối (Trap Version),Khang Việt,DANCE_EDM,TIER_A,True,False,0,,False,False,0,,True,1546,271,2b06a10f54aff8ce7609a9ae08443a31392975228c529f2c3ed27ea8a13a163f,
RMVM_S_8d056022ee,Ngày Mai Mưa Thôi Rơi,"Vân Quang Long, Cẩm Ly",POP_BALLAD,TIER_A,True,False,0,,False,False,0,,True,2240,394,3799395cff19ee6bae0b60296d9d0a8faf7db8681d2bd89db8b190b450d9760c,
RMVM_S_5869211b4a,Một Tay Ôm Em,Bạch Công Khanh,POP_BALLAD,TIER_A,True,False,0,,False,False,0,,True,2140,393,34dd7142f52975e595a34710eb76da613fa1d0ec38d89ccbac046f2cd57111cd,
RMVM_S_3ec5bdfd46,Đọa Ma Để Độ Nàng,Bỉ Ngạn Nương,POP_BALLAD,TIER_A,True,False,0,,False,False,0,,True,1914,324,5afe9b648f2d0498023f438a98ce8a6b9b1e94d4694dd9a40ff8775a2fad2267,
RMVM_S_435c1cc95c,Chỉ Có Tôi Mong,Thảo Wendy,POP_BALLAD,TIER_A,True,False,0,,False,False,0,,True,2033,340,903879253a17faa132fcfaa4232bad8f3f26269ed3b8d98a58ad70774155716e,
RMVM_S_252bdda2c4,Giọt Buồn Không Tên,Tố My,POP_BALLAD,TIER_A,True,False,0,,False,False,0,,True,2006,345,eeb6fb40a28161b0d71899938193d6a0c5339a04c30d3e496a8f392fd3507130,
RMVM_S_4bb458d9e6,Rước Em Về,G5R Squad,POP_BALLAD,TIER_A,True,False,0,,False,False,0,,True,2923,512,a422a421711c3b0e6f20073e946098a51d878c47595fde1f0fdb4085ab023629,
RMVM_S_f487947b76,Nhân Thế Vô Tình,Tô Gia Tuấn,POP_BALLAD,TIER_A,True,False,0,,False,False,0,,True,2512,435,dc62aeb24af45cac72e6dc9669c0f1cc7ad0aace2a833e222c741a0d01800a8a,
RMVM_S_adfa1883fd,Vây Giữ (Cover),Nam Em,POP_BALLAD,TIER_A,True,False,0,,False,False,0,,True,2478,432,545782f7ab446ca910494d235e19ccba4d65e3e77202032f3747cd3bde8282b7,
RMVM_S_77c66061ec,Cây Muốn Lặng Gió Chẳng Ngừng,"Hùng Cuội, BMZ",POP_BALLAD,TIER_A,True,False,0,,False,False,0,,True,1938,338,44fdc47310ac52897d3390a879caf3aebc07d68177e0b0167909ac989dfd01d7,
RMVM_S_e4ae9b09c0,Như Gió Với Mây,Hàn Thái Tú,POP_BALLAD,TIER_A,True,False,0,,False,False,0,,True,2188,394,08e4c7cbaa07660e9cff871ea5ad1096fa8fdd305fe195671a7a540f13fd0a7f,
RMVM_S_f7340333ee,Chậm Như Rùa,Bé Hồng Ân,CHILDREN,TIER_A,True,False,0,,False,False,0,,True,1023,186,98873f4764f8b42b59a2c259ec3971735a3f457230f0da9fecc30ea29417ff77,
RMVM_S_0ae8a867d4,Chắc Em Đã Quên Rồi (MUS x HHD Remix),"Quang Chợ Lầm, HHD",DANCE_EDM,TIER_A,True,False,0,,False,False,0,,True,3786,668,5b8da4e3fc8bddae5eb2cf6b9e3bc8028e51ebdeb6e46ebce71c12865cda9fc6,
RMVM_S_401b6613b6,Mẹ Chở Con Đi (Beat),Nhiều nghệ sĩ,POP_BALLAD,TIER_A,True,False,0,,False,False,0,,True,855,152,41b7eaa90cdf12941ff3631bf63790ca6c911419da38aed932bb806a3073b28d,
RMVM_S_44ae3603fc,LÀM DÂU XỨ LẠ (LOFI VERSION),Bùi Phi Long,BOLERO_TRUTINH,TIER_A,True,False,0,,False,False,0,,True,1192,209,cefafacaacc471d181449d368c9408e32447c4c92042e89a55e95fc2082e446d,
RMVM_S_64e1556fe2,Kìm Lại Cảm Xúc,Lương Trí Quỳnh,POP_BALLAD,TIER_A,True,False,0,,False,False,0,,True,2942,506,08457be67482ffcee64990136ac633f8350ad1e3b5c467dee679e528a0423ec2,
RMVM_S_77f17c915d,Anh Quên Em Gái Quê Rồi,"Dư Anh, Thiên Nga",FOLK_TRADITIONAL,TIER_A,True,False,0,,False,False,0,,True,2257,393,cf2d5ecdb30431c5a393388999e64c77cfff6d3e8af44506ed70feb8c88f0546,
RMVM_S_0b027ad9ac,Giấc Mơ Màu Nâu,Hà Trần,POP_BALLAD,TIER_A,True,False,0,,False,False,0,,True,2457,446,7906f8adf21381b9a30ea780da4f4e3e6fc01dc3e35c4d8dee5ad801672f004d,
RMVM_S_39012e46ac,Chút Tình Đã Quên (Hoán Đổi OST),Hương Tràm,POP_BALLAD,TIER_A,True,False,0,,False,False,0,,True,2186,408,9a6500d13b8092558f16c7316dc23d1629b50f7345bd0a53911be937094aa0c4,
RMVM_S_753e1e6f93,Anh Chỉ Yêu Cô Ấy,Tú Na,POP_BALLAD,TIER_A,True,False,0,,False,False,0,,True,2566,467,a4da71d2fe6c1f4b6fe4d5a67362aba83e89ab03bae76dda68be3bd632f8b8c8,
RMVM_S_cac3960e3c,Biết Tất Cả Rồi,Đan Trường,POP_BALLAD,TIER_A,True,False,0,,False,False,0,,True,2076,368,4339f049b01613bff397e3fe6cf42bb35f242b736ee61a769629ddb2d5ce669a,
RMVM_S_c71739be4c,Có Yêu Được Không (Zeke Remix),"Võ Lê Mi, Jin Tuấn Nam, HHD",POP_BALLAD,TIER_A,True,False,0,,False,False,0,,True,2358,428,00854aae9f5ff6113839578c3954b393cb3a3480d8005a67c287033b1f8e974d,
RMVM_S_2a6b5d6fa3,Con Tim Anh Thuộc Về Em,Sỹ Luân,POP_BALLAD,TIER_A,True,False,0,,False,False,0,,True,1863,341,c0060b0e614b95c42698ea7b056ec9f1de92aa4ac465dd478ca7da130c577784,
RMVM_S_15cc2708e4,Anh Yêu Em Không Phải Chỉ Kiếp Này,Quang Mask,POP_BALLAD,TIER_A,True,False,0,,False,False,0,,True,1941,354,63fd563e17a6561a0a20bc249e6e4af6dc6d1922a47b6cf5b72a1616032f4e4c,
RMVM_S_2d86009fbc,Tâm Sự Gửi Về Đâu,Tuấn Ngọc,INSTRUMENTAL,TIER_B,True,False,0,,False,False,0,,True,1593,270,59f4b42cc5980765bd978de97167937d4d27a8db2ba6c515a6464ca85dc65136,
RMVM_S_476ea48fbb,50% khi yêu 2,Tô Tài Năng,BOLERO_TRUTINH,TIER_A,True,False,0,,False,False,0,,True,2392,436,eec08597a4a74904677122c49d52c9f8ea1a0affe45c06cb238e396588753a25,
RMVM_S_b1567342cc,Cảm Xúc Không Tên,Nhật Thiên,POP_BALLAD,TIER_A,True,False,0,,False,False,0,,True,1890,322,788ab801e7873b190025deb3e06ff16d925b59aab728f7c315279327511eab68,
RMVM_S_63a9b97e3d,Tuyết Rơi Mùa Hè,"Đức Vinh, Đức Hiếu",POP_BALLAD,TIER_A,True,False,0,,False,False,0,,True,1561,281,d2816a4bb1bd5b45dde5639822c59f182d59dbfcbf287a6c1ead58f6bdb8c232,
RMVM_S_5f1908297d,Em Có Bằng Lòng Về Quê Mẹ Cùng Anh (Remix),"Hưng Mix, Trà Panda",DANCE_EDM,TIER_A,True,False,0,,False,False,0,,True,420,79,a4d03444b4ce8d1dbc6352a0337bfa8da03ade87af069898c8939097e9048651,
RMVM_S_9742836b4e,Mùa Xuân Mùa Tình Yêu,Minh Trang LyLy,POP_BALLAD,TIER_A,True,False,0,,False,False,0,,True,2046,350,ad173a381277c12063fcd846299deabf958d63c074dbde590a8c54cc8d5eb1b3,
RMVM_S_ee7cdfeb7f,Chuyện Sim Tím,Lâm Hoài Phong,BOLERO_TRUTINH,TIER_A,True,False,0,,False,False,0,,True,1904,320,599e4f5175093224b43d2a6201606717916e6576be317b1960e6ff4c7b5824cb,
RMVM_S_bccec94e34,Cô Ú Bình Dương,Cô Ú,POP_BALLAD,TIER_A,True,False,0,,False,False,0,,True,3873,652,2f76c38089d14e68806441ccc39c2c578374b709e8015be8703b2e46ac30f213,
RMVM_S_8aeacf3b09,Đừng Như Thói Quen (Cover),"Anh Toàn Nguyễn, Trần Ngọc Bảo",POP_BALLAD,TIER_A,True,False,0,,False,False,0,,True,2087,363,077e898d727ee9f8bc3375f19f641bc2cf033b1e50732edbc3bbfc1bcb32330a,
RMVM_S_693038d7d7,Gửi Tình Yêu Nhỏ,Trịnh Đình Quang,POP_BALLAD,TIER_A,True,False,0,,False,False,0,,True,2271,402,77900a6ead8ce5c20f96922a149b5093d88bfa4eb0f4820162f0189eca03fd3c,
RMVM_S_0577834139,Biết Đâu,Cá Hồi Hoang,POP_BALLAD,TIER_A,True,False,0,,False,False,0,,True,1415,247,d2654a9e19acf90679c8b811d151c777a8774dfff84f27617b19b9fd8d54f5bd,
RMVM_S_9cb29504e1,Anh Không Đáng Đâu,"Tap, Jur, Kiyoshi Phan Music",POP_BALLAD,TIER_A,True,False,0,,False,False,0,,True,2896,503,d65c1767406b21a7b6611ecf692a71897c758baa5e7f4ed4634af9c9e2eca4c9,
RMVM_S_d881d74d0e,Chuyến Trọ Trần,Trường Sang,BOLERO_TRUTINH,TIER_A,True,False,0,,False,False,0,,True,1601,270,788268e7e243bc69c6c8dc23a6bd0c99c2124f84a1e9f994165d9bee25613acf,
RMVM_S_ff998c60dc,Gieo Neo Phận Nghèo,Giang Trường,BOLERO_TRUTINH,TIER_A,True,False,0,,False,False,0,,True,1895,290,8dac6a395b161e9bf077f37fff99a115fe382c628e4d8ddeb259b5bbb06f445b,
RMVM_S_cababb9080,Người Ra Đi Vì Đâu (Chips Lofi),Jena,POP_BALLAD,TIER_A,True,False,0,,False,False,0,,True,1550,284,6625a3d2b668818f96b6bcaf8f5d69b1016e5dff3f87a8cf74c7a008c331fa21,
RMVM_S_4782e551a0,Con Gái Của Mẹ (Live),Phi Nhung,BOLERO_TRUTINH,TIER_A,True,False,0,,False,False,0,,True,1334,229,3fd5d93d85a803b0f6cfb51e1183db6185f47c71e19f4533bbb2a1e911ed2bc7,
RMVM_S_513704930b,Lỗi tại ai,Khaly Nguyễn,POP_BALLAD,TIER_A,True,False,0,,False,False,0,,True,2167,385,e6f31a970fdf4782adee9995b5ddb9c8a5e1310422a3657a4093822e9521b1ba,
RMVM_S_16b1e35760,"Em, Anh Và Cô Ấy (Live Version)",Phương Phương Thảo,POP_BALLAD,TIER_A,True,False,0,,False,False,0,,True,1977,367,f790a35c7ddd2592fb263b4517514d67993b4a96cd4137f0ea959ac9727f76a3,
RMVM_S_f09dc0990b,Chiếc Giường Chia Đôi,Trường Kha,POP_BALLAD,TIER_A,True,False,0,,False,False,0,,True,2247,400,0a261337c1ad2fb5b8d8302a206c6a814eedd6d5c3b1209e2e9d7c3ed65fbbf5,
RMVM_S_7c491c9243,Bên Nhau Ta Say Đêm Nay,Trini,POP_BALLAD,TIER_A,True,False,0,,False,False,0,,True,1858,330,c0b56c6fe541199e14ba1d51f78a2e75569b80bdbb2144ce5ee8c32f875301b0,
RMVM_S_317ead6c97,Giáng Sinh Tự Tình,Diệu Hiền,BOLERO_TRUTINH,TIER_A,True,False,0,,False,False,0,,True,1819,302,bfdbe6e5c812f89b75cfb2ddb28eb92374fbc0de45fec9895f6fa90e78d2ea80,
RMVM_S_3bb5a3c110,Yêu Mãi Ngàn Năm,Bùi Việt Hà,BOLERO_TRUTINH,TIER_A,True,False,0,,False,False,0,,True,1413,251,7c7dad9d7c10681c48639a4969ddedc159c11582339fcc84a56b2efec0c4215d,
RMVM_S_9c3c6d6972,Gặp Lại Người Cũ (New Version),Lương Gia Hùng,POP_BALLAD,TIER_A,True,False,0,,False,False,0,,True,1992,362,37deb2fd4a3503ee7e21c1ec38c93f7b8dd4837fc31a791bc55f618a652998c7,
RMVM_S_c5b6dcb75a,Đàn Ông Hay Hứa Phụ Nữ Hay Tin?,Hamlet Trương,POP_BALLAD,TIER_A,True,False,0,,False,False,0,,True,2476,439,a23c3c0744d6d5a9d1c01809319d7908a737083563f2b90c89b54b042670f705,
RMVM_S_0cea048ed6,Duyên Duyên Số Số (Piano Version),"DuUyen, Hương Ly",POP_BALLAD,TIER_A,True,False,0,,False,False,0,,True,2112,363,83f4889ab13e1704b3ef27efa0c40d56ed89cc0435da1ad1fed6ac0a039f9c40,
RMVM_S_b1d2a7c3a8,Đưa Em Tình Mộng Hoa Vàng,Ngọc Hạ,BOLERO_TRUTINH,TIER_A,True,False,0,,False,False,0,,True,1397,243,b456cf87a147d5782985f68ccd371e5a184b3a8671f78594c394108696438145,
RMVM_S_9728665555,Yêu Vợ Nhất Trái Đất,Úy Trung Dũng,POP_BALLAD,TIER_A,True,False,0,,False,False,0,,True,2422,426,49593a1a9bcd2b4476212e9fbb8c4a2513e64cae801be7ee0997205642b77941,
RMVM_S_8844f067d1,Đâu Là Yêu Đâu Là Thương (Lofi Version),Hồ Phong An,POP_BALLAD,TIER_A,True,False,0,,False,False,0,,True,2135,369,1389a3ad02814acccd85d5b54691edde2562e6b0280a4d86bc82722c6358a39d,
RMVM_S_ffab9252ff,Đính Ước,Đạt Long Vinh,BOLERO_TRUTINH,TIER_A,True,False,0,,False,False,0,,True,1602,288,29e59aea3553b8a559abc8d0b1da419eada0910990e58a60b582042de411be62,
RMVM_S_bb38e2b7c5,MIền Trung Ơi Đau Xót Nào Vơi,Lê Ngọc Thúy,FOLK_TRADITIONAL,TIER_A,True,False,0,,False,False,0,,True,1617,270,b25a61f049de2cb19ee0055fbd9a83184c90a2b68363b3221df00b3d60935ccc,
RMVM_S_231cbaa42f,Điệu Nhảy Cuối,Pixel Neko,POP_BALLAD,TIER_A,True,False,0,,False,False,0,,True,1449,285,4b1ce69a3172722989607c3e41746a8e92ea727666185271c24b089f63fa7e31,
RMVM_S_7248cd151c,Nhói Tâm Can,"Nhựt 2NT, LOKI",POP_BALLAD,TIER_A,True,False,0,,False,False,0,,True,3069,565,6ebcd38a30a9974a2135a09abe85f505a6b7e057d98e83e4f86f1ab43a83c7c1,
RMVM_S_2be467db3e,Em Và Những Ngày Yêu,Khoai Lang Thang,POP_BALLAD,TIER_A,True,False,0,,False,False,0,,True,1869,342,237f05e6e8289f7c3781d739bfb8e94c998e7c1da51b438a9de77ed8ce99f068,
RMVM_S_29171b61ba,Phút Giây Muộn Màng,Bắc San Ho,BOLERO_TRUTINH,TIER_A,True,False,0,,False,False,0,,True,2257,386,3ad24026880996dcf8a3e6cef23d10eaae73807b373779b32205dac5b328a31e,
RMVM_S_9c665c15f6,Chia Tay Là Giải Pháp,Phát Hồ (X2X Band),POP_BALLAD,TIER_A,True,False,0,,False,False,0,,True,2251,403,07baab17ed6c8d61130c6097d22f07b33e927363030bc8c22ac1f53224ef2c39,
RMVM_S_671ab31fb3,Khúc Hát Dựng Xây Nông Thôn Mới,"Phan Tuấn, Hoài Tâm",FOLK_TRADITIONAL,TIER_A,True,False,0,,False,False,0,,True,1802,297,ce26f3a01b54663d386c4f60d481b815e058c7d447eac39ecabe1c373a56a798,
RMVM_S_10dfddd237,Xin Đừng Trách Đa Đa,Thiêng Ngân,BOLERO_TRUTINH,TIER_A,True,False,0,,False,False,0,,True,1616,290,19ca4d1e7fb28a56a40ad090ac7106a24e51d74a7bc1878a1a96d64190c4d041,
RMVM_S_96fab43855,Đến Đây Và Ôm,"Lê Vũ, Blue T",POP_BALLAD,TIER_A,True,False,0,,False,False,0,,True,2539,451,6722457594cb048c53f83c819b0e95d457c3fc693a5b1ae639b6fb05cda48f08,
RMVM_S_6eb0bc757e,Kết Thúc Bắt Đầu,"Da LAB, Đức Phúc",POP_BALLAD,TIER_A,True,False,0,,False,False,0,,True,2557,432,89ab9cba6dd108e88d4c2aaf722895ac4d9a091e109ba3f94f5727015f09fcb4,
RMVM_S_d049f53b34,Hy Vọng Quá Hóa Đau Lòng (Nguyễn Hoàng ft Hải Nam),"Exclusive Music, Nguyễn Vĩ",POP_BALLAD,TIER_A,True,False,0,,False,False,0,,True,1812,312,2eb1461308fdfffc056fed2286ec4fdee6c517432074648d03ec6e3e87f72907,
RMVM_S_41becf690d,ĐỢI (Prod. RIO),"52Hz, RIO",RB_SOUL,TIER_A,True,False,0,,False,False,0,,True,1855,314,2b617a8559e7110702936e4732248932897402688721378caedccc87eb755356,
RMVM_S_ef4e247cc1,Anh Ơi Tình Yêu Là Gì,Diệp Anh,POP_BALLAD,TIER_A,True,False,0,,False,False,0,,True,1890,341,9b6df7ecae29705573187a661336fc496906135988dd3a08f8c53b9f9213b3fb,
RMVM_S_1f84d07cad,Hay Là Tôi Đã Yêu,Trần Duy Phương,BOLERO_TRUTINH,TIER_A,True,False,0,,False,False,0,,True,1269,219,650240f4ee0b3df477d49cdbe2532c200b4e5c9e323c9875449533af8969f3b8,
RMVM_S_491f041a76,Bánh Trung Thu,"Ngọc Giàu, LalaTv",CHILDREN,TIER_A,True,False,0,,False,False,0,,True,842,148,40315a62567c673e1dcc9a4807b7ed42dda9740c8b9716f94d7f3c3cbb2c2caf,
RMVM_S_82d1043dae,Chiếc Đèn Ông Sao,"Bé Thanh Ngân, LalaTv",CHILDREN,TIER_A,True,False,0,,False,False,0,,True,913,164,97fcb7be159bb129ad9ce22ae78c7fc98cf484668f5d612a321b62bb4d5f00b9,
RMVM_S_807efdb56b,Đêm Mưa Sài Gòn,Nam Vương Bảo Lê,POP_BALLAD,TIER_A,True,False,0,,False,False,0,,True,1673,285,757759deaa41cf42b081753189e78a441e3e7127bde7411002acbb69a21c3093,
RMVM_S_a212923311,Liên Khúc Chú Ếch Con - Con Cào Cào - Hai Con Thằn Lằn Con,Various Artists,CHILDREN,TIER_A,True,False,0,,False,False,0,,True,2098,391,539d0708dd69c759b9c30121293f50a84fe80129d85453335ffc8baaed2c0ba8,
RMVM_S_739332ad9e,Phút Giây Tỏa Sáng,"Khắc Hưng, ERIK, Đức Phúc",POP_BALLAD,TIER_A,True,False,0,,False,False,0,,True,2560,426,c12b1bf663280c193cb007fe15e39da44f68eeca928ef4eda523fdd74b68c70a,
RMVM_S_41ae23835f,Kiếp Này Em Gả Cho Anh,Thái Học,POP_BALLAD,TIER_A,True,False,0,,False,False,0,,True,1881,323,1d24cf3764436b6c61050588260e521b8a62d68bdb6f3fb7dd5dd0343eeafa67,
RMVM_S_8dfea18046,Bài Ca Mùa Thu,Chu Minh Ký,POP_BALLAD,TIER_A,True,False,0,,False,False,0,,True,731,148,8ced6228e6df38dbf96e0fcde4a175e538eafd0c303e21a36fbb4cf684c9fad0,
RMVM_S_9b75b58b28,Cuốn Theo Chiều Gió,Thúy Huyền,POP_BALLAD,TIER_A,True,False,0,,False,False,0,,True,1681,293,59f822bc2c586301f2d697a21b6267e1edcccc36630baf5ac87b0a5f10ed28dc,
RMVM_S_ec10acc8d6,Bến Cũ,Cổ Thạch Xuyên,POP_BALLAD,TIER_A,True,False,0,,False,False,0,,True,2568,448,25186bb4d06b5c844a7e076ff10f72a2496abe2853ed1f18d8ecb574f97e2c0c,
RMVM_S_e7b2a11a62,Buồn Đã Quá Lâu Rồi Tôi Có Nên Bỏ Thuốc (Cover),Shyn Tây,POP_BALLAD,TIER_A,True,False,0,,False,False,0,,True,4061,693,165e1877560dceba5fa57ae5b2978b31d3e50fd09d268aaccc0bde6a0f454400,
RMVM_S_0c7ace2fa3,Cô Thắm Vui Xuân,"Tài Linh, Đình Văn",POP_BALLAD,TIER_A,True,False,0,,False,False,0,,True,1522,272,24b06c6d43697bd7b07859a81522a7f07daa550df5dd89c454a6b6990ca11256,
RMVM_S_ed84ad8f30,Chấp Nhận Cô Đơn,"Kayl D, KaWaiiBi",RAP_HIPHOP,TIER_A,True,False,0,,False,False,0,,True,4608,834,52a1aa0a25ed2605a5a54d478c6211018906b7924d308b0eb48d1008f1b28fdf,
RMVM_S_441b685106,Nóng Vãi Linh Hồn,Cao Tùng Anh,POP_BALLAD,TIER_A,True,False,0,,False,False,0,,True,2203,397,073f6c6c8dad70c7f31bc23b908ff0a10deeb7431f02410fbbd8850096979cbe,
RMVM_S_7f83a1fc37,Phải Chi Mẹ Ở Bên Con,Nguyễn Duyên Quỳnh,POP_BALLAD,TIER_A,True,False,0,,False,False,0,,True,1222,213,d3b83e5df87403d889df4fc85ef747754b3f56455a4facd794dd862989660ea2,
RMVM_S_912e6d497e,247 Cuộc Gọi Người Lắng Nghe,Kidz,POP_BALLAD,TIER_A,True,False,0,,False,False,0,,True,1762,302,1adb4c0a048ec0293a61b27de1e79bd8a905cc842a2753c2ec8fb9d5c82c2126,
RMVM_S_5034b08a41,"Buồn Ơi, Xin Hãy Quên","Ái Vân, Nguyễn Hưng",INSTRUMENTAL,TIER_B,True,False,0,,False,False,0,,True,2051,354,367e6df4486b1f325258b2eaaece06997b1d67096fe18a06882bd8e39a9dc1c7,
RMVM_S_bb4fbc4927,Chuyện Nắng Mưa (Remix Version),"Khởi My, Kelvin Khánh",POP_BALLAD,TIER_A,True,False,0,,False,False,0,,True,2364,406,56b1dc19245cd1a87c0e99db61773fc9697dac8a03da78b6354b00f8b35f1948,
RMVM_S_8a4cac2aba,Người Đẹp Trong Tranh,Dương Hồng Loan,BOLERO_TRUTINH,TIER_A,True,False,0,,False,False,0,,True,1513,251,b34198b4846ee1b978ba6b6097da62cab24fd16b885a477d1a2a54c7557dd4b3,
RMVM_S_3d46013c41,Phi Thẳng Vào Lòng Anh - Tại Sao Lại Xinh Như Thế,Nhiều nghệ sĩ,POP_BALLAD,TIER_A,True,False,0,,False,False,0,,True,1098,188,b307e0bf3eba816b3d352053a6aa7f8ba1d269ef0424b5e68bdae3f2867f2c26,
RMVM_S_39e88d580e,Cần Thơ Yêu Dấu,Trường Kha,FOLK_TRADITIONAL,TIER_A,True,False,0,,False,False,0,,True,1833,308,9ad0f8d8f46c023689a4fb028e3a5287aa89a9c654bd7a549d49ddfe46971dac,
RMVM_S_e81565326f,Cánh Hoa Vụt Mất,Trương Thế Vinh,POP_BALLAD,TIER_A,True,False,0,,False,False,0,,True,1034,177,d319a7824d4f9ccfa159bdd65721948a6c5dfd4b42a493f38693b580997013f2,2024.0
RMVM_S_ced50a8bab,Thà Đừng Nói Ra,Bảo Kun,POP_BALLAD,TIER_A,True,False,0,,False,False,0,,True,2141,389,7a0f48cf5cc3d74902cb852508867167f7b4cbe2ddfc0c846684219cd067298b,
RMVM_S_04946d8d45,Họ Đâu Có Biết,Thúy Chi,POP_BALLAD,TIER_A,True,False,0,,False,False,0,,True,1970,346,5961bf637d17f0b4c09e85cc4156510e380dd18a2946c1067b91d4f93fbd1213,
RMVM_S_2eb783d0b4,Kiếp Xóc Đĩa,Đinh Kiến Phong,POP_BALLAD,TIER_A,True,False,0,,False,False,0,,True,1830,320,448fd9d8d8c8104e3304f9fb157142ff41cc4db8ee2f561fa3f0f3d5b900f951,
RMVM_S_bcf8640aa0,Lắng Nghe Mùa Xuân Về (KBTL Remix),"BeeBoss, Châu Ngọc Lan",POP_BALLAD,TIER_A,True,False,0,,False,False,0,,True,2828,492,98788b480811d7c81d8e2f88fe709612afb23ac1ca6bc2d0bbd27be3da8eda53,
RMVM_S_559eeaacdc,Sầu Đông (Live),Hoài Lâm,POP_BALLAD,TIER_A,True,False,0,,False,False,0,,True,1366,223,20be9881eed37cc4b5dbf48c0cf398d24861e949f767958361d951e50e1aff61,
RMVM_S_ca77030612,Vài Lời Muốn Nói,"Aimy, T-Son, Hiếu B",POP_BALLAD,TIER_A,True,False,0,,False,False,0,,True,2621,447,b4565d849a18f45b850b8204b699d0253120d28edfbd48703bb1c943eb8327fe,
RMVM_S_95831e6d8c,Không Còn Là Của Nhau,Thái Đinh,POP_BALLAD,TIER_A,True,False,0,,False,False,0,,True,2087,363,022b5cd2dc7075dd50e17c791a5b9516b92068fb9ad47657ec32f8cff1e06a69,
RMVM_S_f986535593,Tôi Yêu Bolero,Lâm Bảo Phi,BOLERO_TRUTINH,TIER_A,True,False,0,,False,False,0,,True,1707,292,a826892bc150e63aa6ee1be387aebacf8fa1f8d616f161e03c901867e08ab563,
RMVM_S_22fa445d34,Hai Lối Mộng,"Ánh Linh, Khánh Bình",BOLERO_TRUTINH,TIER_A,True,False,0,,False,False,0,,True,1436,244,149bffb96027f789f6b14fce2f709df1b510a48fa35f403bd8db882ce01325db,
RMVM_S_2a9e7b2761,Giọt Nước Mắt Chia Đôi,"BeeBoss, Tuấn Chung",POP_BALLAD,TIER_A,True,False,0,,False,False,0,,True,2418,414,433785d4fd845104848368c2d0718d17ccd999d3fa31f72a076322d0de7138aa,
RMVM_S_59dae312e8,Vì Không Giữ,Khánh Đơn,POP_BALLAD,TIER_A,True,False,0,,False,False,0,,True,1696,297,90164dbf1ec3efc8a81c25271942d989962a63f648bad369327e1e8b55522a4b,
RMVM_S_362b4a653b,Em Ơi Anh Về Rồi,Giang Trường,BOLERO_TRUTINH,TIER_A,True,False,0,,False,False,0,,True,1651,286,601923ecdb435d8734a71165c8aeae9a08765625e96640668de2b4a336e8a3ec,
RMVM_S_0000902c11,Da Nâu,"Hoon, Chips",POP_BALLAD,TIER_A,True,False,0,,False,False,0,,True,4346,781,85966f800dd7f2160fb0beebe4ea421b0325e850e4f5658e2ff902a72734ab3b,
RMVM_S_c649b81a29,Cao Dao Tình Mẹ,Tịnh Hải,BOLERO_TRUTINH,TIER_A,True,False,0,,False,False,0,,True,1096,190,dd53061c29085d33e20a403ef4c85f2e90950bb11e98c9d3a224e7e0892145a9,
RMVM_S_9ac096a975,Uyên Ương Hồ Điệp,Hồ Quang Hiếu,POP_BALLAD,TIER_A,True,False,0,,False,False,0,,True,1979,347,682db80b09a1842c5781c61ec883fcc1611b00a69da5ad1f07798cca22001658,
RMVM_S_5d86c5ca00,Thuyền Hoa,"Ái Vân, Nguyễn Hưng",INSTRUMENTAL,TIER_B,True,False,0,,False,False,0,,True,2704,444,209f1b862ff0a0dcd7f619cd249b43c001e61f17e2ed35863e503e977eef59d3,
RMVM_S_a0886c6872,Đặt Niềm Tin Quá Nhiều,"Cao Tùng Huy, Thế Minh",POP_BALLAD,TIER_A,True,False,0,,False,False,0,,True,1907,323,e86d56adf8d65619a77be9bccf7854a0c1e1e4ac6a78bf125e1248b5be272f1e,
RMVM_S_420f81f2ca,Mong Tết Sum Vầy,Nguyễn Hân,POP_BALLAD,TIER_A,True,False,0,,False,False,0,,True,1898,330,876f7d6779d9880ceb9ac8d57327cd7e3b0853610a761d69f997e1bf15101141,
RMVM_S_b0be3d2f58,Ánh Trăng Tình Ái,Dương Edward,POP_BALLAD,TIER_A,True,False,0,,False,False,0,,True,1410,236,1d447a24f9ca615cbbaba032405ac9f6abbc1287154d7ab08ce773a2e976c7de,
RMVM_S_a01da40579,Sống Bên Anh,Lương Gia Huy,POP_BALLAD,TIER_A,True,False,0,,False,False,0,,True,2390,416,796a43c87225fb6b599eb2e7dd68e3bc029da3fe955f79173009f56226ac0d25,
RMVM_S_d55e145a11,Vì Anh Cần Em,Wanderlust,POP_BALLAD,TIER_A,True,False,0,,False,False,0,,True,3474,637,736eae6db060c0eb6c0eead3bda927476d5de6cd1a7c7d3849704bc89574cb1b,
RMVM_S_0bd3f10492,Bước Qua Cuộc Tình,Gia Ly,POP_BALLAD,TIER_A,True,False,0,,False,False,0,,True,2536,454,02a18e55b91d9832de0ba99c5743142b935c0ee0049a90b7ff477561d39556bd,
RMVM_S_8fc4833d2f,Đêm Tóc Rối,Bảo Hân Bolero,BOLERO_TRUTINH,TIER_A,True,False,0,,False,False,0,,True,1464,245,e5970ff042add2331a491e576de7cc3d7efdee042d7da58f71fa098fb96620da,
RMVM_S_9af087bcd2,Hãy Cho Chúng Tôi Thấy,Phan Mạnh Quỳnh,POP_BALLAD,TIER_A,True,False,0,,False,False,0,,True,2294,424,f9eba13ceaf222439791c78bd0403ae271fc0929ac40a4700672d0500c8a93c7,
RMVM_S_4cbdb41909,Cây Cọ Thần Kỳ,"ICD, Tuimi",POP_BALLAD,TIER_A,True,False,0,,False,False,0,,True,5286,951,0ec7f61441bed6e6ce8ae3e94fe469e372d504bff278972e73582fc69c9fed6b,
RMVM_S_a3d0708211,Đại Minh Tinh,"Văn Mai Hương, Hứa Kim Tuyền",POP_BALLAD,TIER_A,True,False,0,,False,False,0,,True,2378,409,ab2cbceabe083a9dd3093dcfcc0e6c2c88988817c856b335ab910327861a0114,
RMVM_S_1afe947c7e,Chia Tay Thôi Em (Locprox Remix),Hồ Duy Khang,DANCE_EDM,TIER_A,True,False,0,,False,False,0,,True,2635,468,e251c385d6f5d2b0394ca2764707e30d2295788f40f13ac60d0c2048ddc61f82,
RMVM_S_fdd68c8a35,Anh Em Mình Đi,Nhiều nghệ sĩ,POP_BALLAD,TIER_A,True,False,0,,False,False,0,,True,7546,1300,9a9f718ce7fad59cd172cf724372d2c62c892f5fc7606cd831b4a80056ba7c9f,
RMVM_S_9abf9f612c,Ai Gánh Cuộc Đời Trầm Luân (Live at Bến Thành),Hoài Lâm,POP_BALLAD,TIER_A,True,False,0,,False,False,0,,True,1573,263,7f37571b6d843f79e87b5e6087b952de6c6f9feab80041086c5d2caf8d9dc8ac,
RMVM_S_59ed55c464,Buồn Thương Sáo Sậu (New Version),"Danh Vũ Linh, G ONE, Phàm TN",POP_BALLAD,TIER_A,True,False,0,,False,False,0,,True,3065,545,9db5c3c60a59f98114a64666e6ca8eefa3388cd4f46ad547ef74b960e989cdf5,
RMVM_S_4587f9ee4b,Anh Ơi Em Khóc Nhé,Song Thư,POP_BALLAD,TIER_A,True,False,0,,False,False,0,,True,1441,272,70ccf9179565943ba0d89e3bf9baf5c14dd276b9f29232b833fa9126bfebe208,
RMVM_S_e5faec3df3,Đòi Quà Cứ Ra Tòa,Karik,POP_BALLAD,TIER_A,True,False,0,,False,False,0,,True,3298,618,e5b62d7d726e593b2bed82f8dcea022217d5413e6ec9c45da501d575913b8a41,
RMVM_S_33b6ad460c,Duyên Đọa Đày,Thiên Tú,POP_BALLAD,TIER_A,True,False,0,,False,False,0,,True,1868,315,e91dec8bcbb8edc65d2f3e674f8166d50854195e414d6749a738b7ff19c78d57,
RMVM_S_2bf2907b90,"Cuộc Đời Là Vậy Đó (Parody, Short Version)",Hoàng Hồng Quân,POP_BALLAD,TIER_A,True,False,0,,False,False,0,,True,671,111,7125d5fbce1dacf4b26dff20a8122d6df90b72f88561477b02e896e1f117bd2b,
RMVM_S_a9745a53ee,Đừng Lo Anh Đợi Mà,Duongg,POP_BALLAD,TIER_A,True,False,0,,False,False,0,,True,632,111,0498840d6a09c3478fda038d5d5881a3370bcc8ba578a75aac2cc3929e736beb,
RMVM_S_2e427c5378,Con Sói Cô Đơn,"T-Akayz, Yanbi, Bueno",POP_BALLAD,TIER_A,True,False,0,,False,False,0,,True,2789,503,02dc1e06f87571c9403b892cae89787a546476007bb42ee2094713c528ba8cce,
RMVM_S_631acb0d78,Khi Bạn Cần Có Tôi Đây (Cá Con Vượt Biển Lớn OST),Tô Gia Tuấn,POP_BALLAD,TIER_A,True,False,0,,False,False,0,,True,2672,490,d7ed6f526c371da74a30080d10e1e471848012cbcc93186f1f892ef34a87e9fb,
RMVM_S_d802affe3a,Cửa Tâm Hồn,"KindyA, CvP, KaWaiiBi",RAP_HIPHOP,TIER_A,True,False,0,,False,False,0,,True,3224,560,0d5027b2f1557f8590ca76ba3ec15a76363f686dcf6d4cbad1bdd84a47f4bf7f,
RMVM_S_92b95e1670,Người Cũ Còn Yêu (Beat),Lê Anh Khôi,POP_BALLAD,TIER_A,True,False,0,,False,False,0,,True,2027,351,1984b15b3f8c7c871d8c41c806f073f1d5f762aa9756cba77fb7303b894e6fbf,
RMVM_S_c3ff5cc720,Đoạn Đường Sao Băng,Kha,POP_BALLAD,TIER_A,True,False,0,,False,False,0,,True,1542,261,0d6b31c9b42f1f849aaad4f0d721120bc35e2e3537bce44767ca2a47bc920a2d,
RMVM_S_e7afcb6e45,Đời Cha (Daddy),"Nguyễn Văn Trung, Nguyễn Thành Công",POP_BALLAD,TIER_A,True,False,0,,False,False,0,,True,2010,346,e54e2add0555dc9b65a1dbe61cf5154eab1a60df038b667245c1433eb2097fe1,
RMVM_S_2887709671,Những Đóm Mắt Thảo Châu,Thảo Trang,POP_BALLAD,TIER_A,True,False,0,,False,False,0,,True,1716,278,ba388390720177c9f83311168ea6074f70afec6811203c219d82edc95a75c406,
RMVM_S_315af2526e,Yêu Cần Phải Cưới,Đạt Trần,POP_BALLAD,TIER_A,True,False,0,,False,False,0,,True,2553,436,26665d0d0a0fa2fa78ba6c0eb617846e1ccdda0302b43641775e85e9983404d4,
RMVM_S_7b7ae39f34,Em Vui Đi,Phutoro,RAP_HIPHOP,TIER_A,True,False,0,,False,False,0,,True,2349,420,c699628a61de3b5ca387c95e30d157d51367a3150cfc16d116ee2eb550d37a78,
RMVM_S_59c283d917,Cô Ta Luôn Đúng (feat. Dani D),Nie,POP_BALLAD,TIER_A,True,False,0,,False,False,0,,True,2431,426,74ad6fd4f337065ed6b15aba83ee4c96cabb2bfb5f4e162564813fe9f43b4448,
RMVM_S_f28bf8c084,Cư Xá Mùa Thu,Cheng,POP_BALLAD,TIER_A,True,False,0,,False,False,0,,True,1746,313,14cb6dfdb83480519bd2002a55ff5aeee1ac75c85deb4e76f95ae930a0915246,
RMVM_S_1ba8b66e2b,Chỉ Vì Tôi Không Tin,Dương Gia Khánh,POP_BALLAD,TIER_A,True,False,0,,False,False,0,,True,3039,548,b6a2538005b273ae6d58e9dbde6ca386088593553ffec336f791aceca4fd1952,
RMVM_S_54c34d41be,Lỗi Hẹn Cùng Trăng,"Phi Bằng, Dạ Thảo My",BOLERO_TRUTINH,TIER_A,True,False,0,,False,False,0,,True,1736,297,0cf864e8330bc9fdeeecba1a8763d50dbf32906501458521b15a03974b172644,
RMVM_S_a2c913519e,Có Đáng Hay Không,Vương Thiên Tuấn,POP_BALLAD,TIER_A,True,False,0,,False,False,0,,True,2480,425,28c18d6d29f9d7adfc2f36edfe6747010558ece51915ead8f7131a43b245533e,
RMVM_S_c594c252da,Một Mùa Xuân Nho Nhỏ,Lê Thu Uyên,BOLERO_TRUTINH,TIER_A,True,False,0,,False,False,0,,True,1842,313,7e88285720b7ca15d28e7225eef768b7fb061acb619e6673d1252f27eb844050,
RMVM_S_b8df290d62,Xem Như Anh Chẳng May - Ngọt Ngào Đến Mấy Cũng Tan Thành Mây (Remix),"Nhật Tinh Anh, Trung Ngon",DANCE_EDM,TIER_A,True,False,0,,False,False,0,,True,2137,367,a0e01b66c33fa2d4bbd36af58d40a368f85d170d7b5c0150969575c4f8a68083,
RMVM_S_e2ed00e611,Em Thật Đẹp,Loren Kid,POP_BALLAD,TIER_A,True,False,0,,False,False,0,,True,2505,423,9487bacdef04421d0ca6bb295dd3dc019804e802abebb8d79738b836cd628506,
RMVM_S_85362c1e28,Ai Cũng Quên Đi Tháng Năm Êm Đềm,"Thành Tar, RamC",POP_BALLAD,TIER_A,True,False,0,,False,False,0,,True,1713,290,9a11ec83a831f7f625bc31126faa58dc0f8b1bb4323c66e9e51a02bea6c94d7d,
RMVM_S_864ec3b3f1,Em Có Cuộc Đời,CHUDAT,POP_BALLAD,TIER_A,True,False,0,,False,False,0,,True,1858,327,56fbd1c74ab371da05cb937c5cfbff3ae2081e725ae136c5efe60697d2a37e82,
RMVM_S_d0bf1c7f94,Nhẫn Cỏ Cho Em,Chế Minh,BOLERO_TRUTINH,TIER_A,True,False,0,,False,False,0,,True,1341,246,1040d1529b2b8263a3ab79e7896012fc68b5aff548accc30d2103c6160783ee3,
RMVM_S_fb3fe0fe3d,4 Phút 20 Giây (Về Nhà Với Anh Đi),Hà Anh,POP_BALLAD,TIER_A,True,False,0,,False,False,0,,True,2309,424,59dadffc1928dcb734a426adeff011a816ab66b666d24fd5e272e41b16e5eb1b,
RMVM_S_3ab4648e98,Có Nhất Thiết Phải Chia Ly,"Trần Tuấn Dũng, Dopping",POP_BALLAD,TIER_A,True,False,0,,False,False,0,,True,1684,312,cd99d7be67aa406ca875dfdae721e45000f66a8d148ccffb407df1d976fce8e7,
RMVM_S_74dcbd3db9,Thức Đêm Mới Biết Đêm Dài,"Minh Thuận, Nhật Hào",POP_BALLAD,TIER_A,True,False,0,,False,False,0,,True,2230,372,67f2b45e316674f930af2203ce137d59298477f83112d0f602b98d9822bc22b3,
RMVM_S_460be43802,Lời Ru Quê Hương,"Trọng Tấn, Xuân Trí",BOLERO_TRUTINH,TIER_A,True,False,0,,False,False,0,,True,1490,272,81ad77f39161d108eaf2a77edddca17f445912efbdb9d67d1af0e0dc04d0d06d,
RMVM_S_ea585c2f81,Người Nói Cùng Bạn Đến Già Nay Ở Đâu,Thiên Tú,POP_BALLAD,TIER_A,True,False,0,,False,False,0,,True,2233,381,de6067eca331a7fff670b8586578dfbf9fadb4fc3c18b816a5172efa5942ce3b,
RMVM_S_68777a5f30,Người Điên Biết Yêu,Trường Kha,POP_BALLAD,TIER_A,True,False,0,,False,False,0,,True,2448,423,28db126f1c04eccaa83d32540be1f2841b77cb91403c76831c4d3738ef3fa43e,
RMVM_S_e19b8c7925,Như Anh Mơ,"Minh, Quỳnh Anh",POP_BALLAD,TIER_A,True,False,0,,False,False,0,,True,2434,457,ff2443e75e99fa45def42668dcda8741eb5520826b6f3c7e52cf4819ff3b78c7,
RMVM_S_babfd67b91,Đố Anh Quên Được Em,LONA,POP_BALLAD,TIER_A,True,False,0,,False,False,0,,True,2760,509,da35d1309c947a2dae8243acab172f1e8de57e1293af805ee7fd2884bf05f396,
RMVM_S_e36945e369,Anh Đã Lớn Hơn Thế Nhiều,"Dick, Michelle Ngn",RAP_HIPHOP,TIER_A,True,False,0,,False,False,0,,True,5009,861,a86f4e88d98404e9174b52d575fd37ee1ea24f160542f3cefd15a0238be66622,
RMVM_S_7af4b9efb5,Anh Đang Ở Đâu Đấy Anh (Cover),Đỗ Phú Quí,POP_BALLAD,TIER_A,True,False,0,,False,False,0,,True,1375,244,b8c0247da8773f84d1a291c634bc83e426c05af23770ae160c197f8b645ec35a,
RMVM_S_780b9976c2,Yêu Nhau Từ Bao Giờ,Tăng Quỳnh My,POP_BALLAD,TIER_A,True,False,0,,False,False,0,,True,2091,372,fa0261d0cffb9cfb6ed8964a461eaa24efb1659db5ea856b4c3acb696ad46fc2,
RMVM_S_f5af6bb178,Nhớ Nhau Hoài (Album Tình Ngược Lối),Thanh Vinh,BOLERO_TRUTINH,TIER_A,True,False,0,,False,False,0,,True,1207,211,4abf2ab5784f5a681eb828d40278c17b50e8b95ed98eb5a0f1bf3b505cd63101,
RMVM_S_4e6fce2581,Khúc Ca Xuân,Đan Trường,BOLERO_TRUTINH,TIER_A,True,False,0,,False,False,0,,True,2549,447,09b49b7aad5c317c318afb6eb914f9cd9aa1a5ed1a8bf1836c49b17566ce31ef,
RMVM_S_dc7084223d,Nước Mắt Cho Mây,Kiều Nga,INSTRUMENTAL,TIER_B,True,False,0,,False,False,0,,True,1269,230,97ac132c57c33d4f10a4fcaa71df28ba2e79a576273e3a94a3852b376256a5bf,
RMVM_S_709c2a7c34,Có Em Là Điều Tuyệt Vời Nhất (Duck Remix),Thiên Tú,DANCE_EDM,TIER_A,True,False,0,,False,False,0,,True,2406,412,93f20b2bcc0c4a3fc95d65c543e56e2d1516f25f4d367bb67e6dd2b0d3ba6ad9,
RMVM_S_5711873782,Ai Về Quảng Ngãi,Lâm Chu Min,BOLERO_TRUTINH,TIER_A,True,False,0,,False,False,0,,True,2187,374,fd3de95efb79cd050d642eca235f83a53c7f018fb5d8e67714313c9c2deca034,
RMVM_S_6c1cb4d1aa,Tân Cổ: Yêu Dấu Hà Tiên,Cẩm Loan,FOLK_TRADITIONAL,TIER_A,True,False,0,,False,False,0,,True,2842,480,5720a830bc63f6702ebb5c43c03f05e9adb8e4a053112216b92256f2d120634c,
RMVM_S_0a8bf0897e,Khổ Vì Yêu,Mỹ Huyền,INSTRUMENTAL,TIER_B,True,False,0,,False,False,0,,True,1620,269,95b167b59a5fcd95cfb405f25c02bd83202d0ef16157f434d803b8e7ca0a787c,
RMVM_S_3eeaacc45e,Sầu Lẻ Bóng 2,Dương Hồng Loan,BOLERO_TRUTINH,TIER_A,True,False,0,,False,False,0,,True,2062,351,fa2fd019f1055af38401ca9adf060ca525af7d0abb17d4a79ddc5338e6e10981,
RMVM_S_a290a1943b,Cung Sầu Lỡ Nhịp,Dương Hồng Loan,BOLERO_TRUTINH,TIER_A,True,False,0,,False,False,0,,True,1793,307,434b7368a63ce1735a7abb3f10464039da544073f4633fdb1d35d3a7b342f067,
RMVM_S_a995bf8197,Sóc Sờ Bai Sóc Trăng,Ân Thiên Vỹ,FOLK_TRADITIONAL,TIER_A,True,False,0,,False,False,0,,True,1312,231,01a8ebaf8e2b8e0f45a06c98a1e8b9ba303589253269afdebcf4fb93f8f364f7,
RMVM_S_11ca52c411,Còn Gì Đau Hơn Chữ Đã Từng,RIN9,POP_BALLAD,TIER_A,True,False,0,,False,False,0,,True,1291,221,94386b25cb5ec2270f74569e607fb20458d2f7d7483808119f403f0951d22e17,
RMVM_S_23ead4d2ff,Thương Rồi Cũng Thế Thôi (Zeaplee Lofi Remix),"Huy Diệc, HOA HỒNG DẠI MUSIC",DANCE_EDM,TIER_A,True,False,0,,False,False,0,,True,2813,484,f99253fe7906075e0366d2aa237db40c9b0bdef25686bdc3a36123c0d2e600c5,
RMVM_S_0eafd2e5a6,Nếu Phải Mất Nhau (Lofi Version),"Đình Dũng, DJ Tú Chuột",POP_BALLAD,TIER_A,True,False,0,,False,False,0,,True,1994,343,de5227a5c75f2b4e14cd4d338abd1317c1f69b90cab93db02e40d13db06088ca,
RMVM_S_e527390a69,"Fabulous (From ""Gái Già Lắm Chiêu 3"")",Trang Pháp,POP_BALLAD,TIER_A,True,False,0,,False,False,0,,True,1868,345,9d351b97218300bc2769cd466e7d0cf4c25b79a40aa112eea01765bc71f60008,
RMVM_S_253d617c2f,Gửi Người Yêu Tương Lai,Yến Lê,POP_BALLAD,TIER_A,True,False,0,,False,False,0,,True,2060,372,1d583fd43a36d6062235bca37ac617383164ec99df6d239f3dc71b22f1d1871d,
RMVM_S_140940b388,Dòng Sông Ai Đã Đặt Tên,Vân Khánh,POP_BALLAD,TIER_A,True,False,0,,False,False,0,,True,1408,254,2191aaeb42bec381fab51b56128055645bd14cd81ea58ed1025902491e769a19,
RMVM_S_c18a50eae3,Ánh Trăng Hòa Bình,Mầm Chồi Lá,CHILDREN,TIER_A,True,False,0,,False,False,0,,True,1199,197,e479ad29f979e1f7c50ef9ea144300facfe2f100e0df7825046f02df1b4ac6f1,
RMVM_S_5b1d002527,Câu Chuyện Bỏ Lỡ,"AXC, Lâm hà",POP_BALLAD,TIER_A,True,False,0,,False,False,0,,True,2392,433,aa87e73dd26ba7fd220704b02ec5a76696d774f35a0ba2c404c9d4c409b066bc,
RMVM_S_06955ae404,Giọt Lệ Anh Rơi,"Vũ Đình Hiếu, Đặng Quang Huy",POP_BALLAD,TIER_A,True,False,0,,False,False,0,,True,1989,353,a31e36d6851efe8dc34e32cc32c3727b6820c80005925ba042a95ec786a97829,
RMVM_S_a8c8e1bcbd,Còn đâu lời anh hứa,"Phạm Khánh Hưng, Phạm Thanh Thảo",POP_BALLAD,TIER_A,True,False,0,,False,False,0,,True,1849,331,4f6da9b63ea5b207ceba3d4681669a65abf699854dd9c23b8c1331db3136a639,
RMVM_S_30276833c6,Tình Đơn Phương 3 (Rumba),"Bảo Trân Đặng, CT",POP_BALLAD,TIER_A,True,False,0,,False,False,0,,True,1388,262,459eb118b1b6e6c4e5a76fc174ab299979d3d77f227eb1de0e5d9898066a01ee,
RMVM_S_1e502da1eb,Anh Phải Sống Thế Nào,Nhật Phong,POP_BALLAD,TIER_A,True,False,0,,False,False,0,,True,1886,333,f1d95efd71841267c030ae04e50a1e2dd8613d2bb6898b7b2e6f9336818b9ab0,
RMVM_S_75bb59e516,Bông Bầu,"Dư Anh, Thúy Hằng",FOLK_TRADITIONAL,TIER_A,True,False,0,,False,False,0,,True,1891,336,fcfebebbed88e7aa8359635b71014a34ea32fd39bcc465a00f752e26bf1559dd,
RMVM_S_476f841014,Rap Về Brook,Phan Ann,RAP_HIPHOP,TIER_A,True,False,0,,False,False,0,,True,4119,684,78fbc0185ffc156040a8bae3d4c5662b56acebfcd80038f39808d00c4b609c63,
RMVM_S_aba2771de0,Ơ Kìa Tết Lại Đến Rồi Này,GreenD,POP_BALLAD,TIER_A,True,False,0,,False,False,0,,True,4069,731,b0ed7234aea8c1f7277f140ecbfb74588f0e1d62892d2d5f4ccb0840590cf304,
RMVM_S_79b3651d5b,"Rap Về Bộ 3 (Naruto, One Piece)",Phan Ann,RAP_HIPHOP,TIER_A,True,False,0,,False,False,0,,True,6914,1137,3d718f65abdb3dc819971a6c854efa0618324311ce53ee613d4d9bff06f96665,
RMVM_S_15a3f74158,Ốc Đắng Buồn Ai,"Tố My, Đan Trường",POP_BALLAD,TIER_A,True,False,0,,False,False,0,,True,1988,337,d3c0a19ca9072e0a1aba02d01ebfb6b6cd2d78225f46954abf887f7d385b0c2f,
RMVM_S_b2ab2cb700,Hồi Ức Một Tình Yêu,"Dương Minh Đức, Thanh Goll",POP_BALLAD,TIER_A,True,False,0,,False,False,0,,True,2563,447,03e68125ac2276d73ff3c0cf91b7eebc22215cbae034bf1ccf5c98385c12895b,
RMVM_S_73c105052b,Mưa Đêm Tỉnh Lẻ,Gia Tiến,POP_BALLAD,TIER_A,True,False,0,,False,False,0,,True,2072,346,e23720737fdc3c8d34bbac3db5c39166efc0f0958ef73613a6a3e9fef5f91373,
RMVM_S_81039c04f6,Có Ai Vô Hình Trong Tôi,Neon,POP_BALLAD,TIER_A,True,False,0,,False,False,0,,True,2008,333,f020ca96f70d49289e898bf46097b2eb56351cff7a40b975977c697faee834cb,
RMVM_S_e91d26b1c1,Đến Gần Em,"Shay N, Sọp",POP_BALLAD,TIER_A,True,False,0,,False,False,0,,True,2668,501,15664185ead5750ed2bffb1f77446db024c3f1c246f9bd55b3e53c29c3d91e7a,
RMVM_S_2b12cc0e5f,HOA SỨ NHÀ NÀNG (LOFI VERSION),Bùi Phi Long,BOLERO_TRUTINH,TIER_A,True,False,0,,False,False,0,,True,1426,247,46e453014ef34da8421847daa754c427db420ab7b5329789184bfd0b5c82d0c8,
RMVM_S_2a34cd8752,Tân Thời - Vì Anh Quá Yêu Em,"Trọng Đức, Henry Ngọc Thạch, Lê Trần Media",POP_BALLAD,TIER_A,True,False,0,,False,False,0,,True,2640,468,0d18dcb8073c5d5d1d069a36c7a0a63f00d62c10ca62a1ddb9ab04996394aeb4,
RMVM_S_bfe9d8c2b6,Tình Cây Mía Lau (New Version),"Khưu Huy Vũ, Dương Hồng Loan",BOLERO_TRUTINH,TIER_A,True,False,0,,False,False,0,,True,2206,360,d7a555d5be771b82acc58c1c633e3434527ca0cf4bef3302c72c7f8dde61d072,
RMVM_S_0eb07998b4,Trong Nỗi Nhớ Vô Cùng,Dương Nhân Trung,POP_BALLAD,TIER_A,True,False,0,,False,False,0,,True,1505,263,9c29259537a4c57beaebf5b0d0a9eb1b89f0efd9a0efa0d0dbb467385463959d,
RMVM_S_d03e4d1e3d,Ngàn Năm Vẫn Ðợi,Malise Tường Vy,POP_BALLAD,TIER_A,True,False,0,,False,False,0,,True,1795,335,693a1a50d90af9b105ac1deb967134e94b679174ec3f7ce648365a3a717ac666,
RMVM_S_73797ffd2e,Anh Đi Về Đâu (Live),"Thanh Tuyền, Phương Hồng Quế",POP_BALLAD,TIER_A,True,False,0,,False,False,0,,True,1346,244,dde000ed993638ac8a02ebba47563c7793b4416d6fa76f463cc13c470ec70132,
RMVM_S_a813eebf78,Sự Thật,Phùng Ngọc Huy,POP_BALLAD,TIER_A,True,False,0,,False,False,0,,True,1496,283,374db5425c72f748edd19741470721f0a30470cf5acb080a833bf5f2b25a9c23,
RMVM_S_45a20049ca,Hào Khí Việt Nam,Kitty Ngọc Nhi,CHILDREN,TIER_A,True,False,0,,False,False,0,,True,1471,254,e8206db704b0030d637b43f267f413d15906e9a53226b7f18b0f52e7e456725c,
RMVM_S_b09aa49405,Lan Và Điệp 1,"Quách Tuấn Du, Quỳnh Trang",BOLERO_TRUTINH,TIER_A,True,False,0,,False,False,0,,True,2048,359,97b1fbbdfd09fd6e7ebfe213888613bd8e7c9dd1617e2bb9589ea316a6e971f2,
RMVM_S_fcb0db6908,Đừng Khóc (Lofi Version),Chi Dân,POP_BALLAD,TIER_A,True,False,0,,False,False,0,,True,2446,415,941572c0cb263f454ee2b2de307708a3820b0f2c8eb376b88ba2321f52b835fb,
RMVM_S_9e3207f1e3,Đêm Bơ Vơ,Diễm Thùy,BOLERO_TRUTINH,TIER_A,True,False,0,,False,False,0,,True,1911,340,4d51c813f7699eae46daa370848685a6cb307cffd7292cb7b6a434eae5eaae2f,
RMVM_S_45dda3a3d7,Anh Chỉ Là Cơn Gió,Trịnh Thăng Bình,POP_BALLAD,TIER_A,True,False,0,,False,False,0,,True,2246,405,1569b72723c2023fedc4e2e039555fe8892c86e58953aff64a2962d75a53ac0e,
RMVM_S_8329e12390,Ta Hỏi Phật,Tuấn Nguyễn,POP_BALLAD,TIER_A,True,False,0,,False,False,0,,True,2596,456,3143dce6b6a6ab10bcdff968169cd0f43a18c1d6d0a195b922f76770cbea27fa,
RMVM_S_8c59ced28f,Chúng Ta Từng Có Nhau,"Lil Z, Poll",POP_BALLAD,TIER_A,True,False,0,,False,False,0,,True,2353,411,6ad354170711c7e5b852afe8ae1beb73fd977b872e030fc35d80e26451a0e426,
RMVM_S_33220f0676,Bình Dương Ngày Tươi Sáng,CD Hoàng,POP_BALLAD,TIER_A,True,False,0,,False,False,0,,True,3557,570,e3cb46b79d054a7bd9c064d3e81d7a7a8b613df70d2fc6b313a984dd24b32460,
RMVM_S_b98cb6b9e1,Bài Không Tên Cuối Cùng,Nguyễn Hồng Ân,POP_BALLAD,TIER_A,True,False,0,,False,False,0,,True,1493,263,24b7a6921072bd7234b7abd26d0c290904ead709452317eb206fcca448b96366,
RMVM_S_48abc7ce8a,Cũng Đành Thôi (Cover),Thanh Hùng,POP_BALLAD,TIER_A,True,False,0,,False,False,0,,True,1760,312,73f393a2c3051b204a7e4cdc80ed89b602bff9212e5912114adcc5f20b12a392,
RMVM_S_87e3c454e3,Hẹn Yêu,Phan Yến Nhi,POP_BALLAD,TIER_A,True,False,0,,False,False,0,,True,2256,407,79dfa617069c4bbea018deb6b3fcf91ec3c0324fb713600bbbc22fca7e0a096b,
RMVM_S_5b25b07c0f,Yêu Anh Dài Lâu,Thanh Thảo,POP_BALLAD,TIER_A,True,False,0,,False,False,0,,True,1657,312,5d4976f7cd4d3d0e3c028b5b3b5a4ef9929ac0104d03f3317b9f0ead411ea5e1,
RMVM_S_1391290dfb,Bằng Lòng Không Em,"Khang Ty, PIU",POP_BALLAD,TIER_A,True,False,0,,False,False,0,,True,2749,475,1170e0ee11b59ee71c9da561a1b1328eb216c3bd03b191dc4dca43acf408b4dd,
RMVM_S_70411c7989,Đau Trong Quá Khứ,Hồ Gia Khánh,POP_BALLAD,TIER_A,True,False,0,,False,False,0,,True,2546,452,fd03e2c497b9580540fd3830d5b49c11360134ed55d3ce5fabcd4e3bd0a11968,
RMVM_S_cc2facd202,Vì Anh Thương Em (Beat),Phan Duy Anh,POP_BALLAD,TIER_A,True,False,0,,False,False,0,,True,1640,285,ae7c8d48fe3c5b4b3924c265b331b0e187719fc1475d48d5ccb9ced76a1640e1,
RMVM_S_15d2f580e3,Hoa Tím Ngày Xưa,Hải Vy,BOLERO_TRUTINH,TIER_A,True,False,0,,False,False,0,,True,1808,290,e9ef03a797c2982359e77d2a8a7f1185eda549f873dbb5cf109d8bba4d49279d,
RMVM_S_c14ebd7277,CÀNG NÍU LẠI CÀNG ĐAU,Việt Anh,POP_BALLAD,TIER_A,True,False,0,,False,False,0,,True,2940,499,5abbc3829e58b308dba7aa620a7f41017b0d568c711020db386a0628024ae898,
RMVM_S_3203405192,Bữa Cơm Đoàn Viên,Trường Kha,POP_BALLAD,TIER_A,True,False,0,,False,False,0,,True,1862,329,4e367571792abb8584c0847258c16a13c435379bcbe7cc0678527c243426ba04,
RMVM_S_0969271448,Người Nỡ Quên Anh Như Thế Sao,Giáp Hoàng Hiếu,POP_BALLAD,TIER_A,True,False,0,,False,False,0,,True,2254,417,0104b852f3bedf34d87b76707e34c3c51dc16468f656b15482a73049ccc86702,
RMVM_S_7d48a819c1,Người Đẹp (New Version),Sala Uyên Trinh,POP_BALLAD,TIER_A,True,False,0,,False,False,0,,True,1670,294,b81c64c57413c5b4d8a8ad6929aa0b05449dc5f7c471574ff803a7a4b57c28f2,
RMVM_S_55fff3f78d,Bước Vu Quy,"Khởi Vinh, Siro",POP_BALLAD,TIER_A,True,False,0,,False,False,0,,True,3330,571,959770f23e488a1401ebc13dfd9103096fb7b34b7c2404382ee3f857737f373d,
RMVM_S_cf5ac20029,Mùa Đông Tim Anh Lại Khóc,Tam Hổ,POP_BALLAD,TIER_A,True,False,0,,False,False,0,,True,2377,414,7c4c005d8033ae89f619ff86f645d431d5eb90ddf4b38606f3d95d56c79c6b10,
RMVM_S_6cfbea6e6d,Ta Đi Tiếp Không Em?,Nhật Tinh Anh,POP_BALLAD,TIER_A,True,False,0,,False,False,0,,True,2625,477,46cbe75644c0f799e3d4b1d3035aedff789fdbeaf6ec335ccc2297b8321dbdf4,
RMVM_S_245958171a,"Ai Của Riêng Ai, Đâu Còn Quan Trọng",Đinh Kiến Phong,POP_BALLAD,TIER_A,True,False,0,,False,False,0,,True,2786,493,037b14267cae07c4b9913c89930fe6075bad19e78bdb9b358da25c19ca30b98a,
RMVM_S_a662aeba2d,Anh Không Là Tất Cả,Nguyễn Quang Quý,POP_BALLAD,TIER_A,True,False,0,,False,False,0,,True,2193,377,b2627a12cc1bcc429d04f8e30a12aff5c6f516a8be63e060551f20496158c851,
RMVM_S_5daffb13b8,Không Sao Đâu Em (Live),Khải Đăng,POP_BALLAD,TIER_A,True,False,0,,False,False,0,,True,1819,305,2346d4ee5c779ebfb5aed0d03e8dbad01ccee0edb3bd97ce870e0b8d803c5eb8,
RMVM_S_133f328267,Dứt Đường Tơ,Út Bạch Lan,FOLK_TRADITIONAL,TIER_A,True,False,0,,False,False,0,,True,464,76,4020f869465dfd1f5283a57afcca5ec08c96b00ceef411ed4de9aaf3cc6d5e3d,
RMVM_S_f2742c5a71,Cô Đơn Tận Cùng,Vương Thiên Lâm,POP_BALLAD,TIER_A,True,False,0,,False,False,0,,True,1849,327,503692597c52fa9471fdc29c5e6c3fd486f275d2d095aaff22d2761c4ef28015,
RMVM_S_181d5a6fe0,Bóng Tối Là Ánh Nến Của Anh,"Killic, Buford",RAP_HIPHOP,TIER_A,True,False,0,,False,False,0,,True,2502,433,679ab0cd195243411d6ee9483fbc9df61ed72d90f175fdba57163c720c569157,
RMVM_S_2375fad06f,Người Xa Quê Nhớ,Mr. Siro,POP_BALLAD,TIER_A,True,False,0,,False,False,0,,True,1833,311,25f67b46f6e6f2418ef0ac8616f01a16e08a39d31d15e46d5eae5b1ecea4964d,
RMVM_S_4bbfc4d0ee,Chỉ Muốn Bên Anh Mãi Thôi,LyLy,POP_BALLAD,TIER_A,True,False,0,,False,False,0,,True,1158,243,b5ee4033f565ed464ced645cd9bb895cb46e90c6103feb422ca6cbd07caeb4bc,
RMVM_S_1109eaaefe,Một Thuở Yêu Người (Ballad),Ngân Ngân,POP_BALLAD,TIER_A,True,False,0,,False,False,0,,True,1723,294,1881346dea4cf81636213c81cb73eb3ffbe20b10ecea4c85c9b110f64cbc91b4,
RMVM_S_4aae6d5ab1,Yêu Lắm Mà Phải Buông,Triệu Tuấn Linh,POP_BALLAD,TIER_A,True,False,0,,False,False,0,,True,2247,428,405ce45f3da7fafcefdb229c3f88ce9962fb3b1ff934232538b83608de47e7bc,
RMVM_S_bfd9a6ab46,Kiếp Ve Sầu,"CT Media, Poul Lê",POP_BALLAD,TIER_A,True,False,0,,False,False,0,,True,2303,405,d9a77ec4ab3a12fad1045cbe64ec91cd0acd3c063977d6e46f8e82f4d01c5635,
RMVM_S_368e7e38a4,Chúc Mừng Xuân Mới,Cadillac,FOLK_TRADITIONAL,TIER_A,True,False,0,,False,False,0,,True,1414,239,2d7c4ba67b7d93b5708858c3a740258d7c516fbf631cf65bd6efc3dac571703e,
RMVM_S_e1f556e0fa,Anh Đi Rồi Anh Sẽ Về,Lâm Chấn Huy,POP_BALLAD,TIER_A,True,False,0,,False,False,0,,True,1488,268,2ffa9dfe06a7fb92b9c6568a3a06443abde950dd24dec9804b47b940d0712202,
RMVM_S_3082371a03,Chiếc Ô Xoay Tròn,"Zick Phạm, Jackie Luu",POP_BALLAD,TIER_A,True,False,0,,False,False,0,,True,1864,319,ad20560b177cab66dd46a3020ee8ad3becf2f465d6b867ccec4c47f93b096683,
RMVM_S_eca8d8295a,Không Muốn Thế Giới Chỉ Muốn Anh,"Phí Phương Anh, RIN9, DREAMeR",POP_BALLAD,TIER_A,True,False,0,,False,False,0,,True,1787,319,98d8c9d6e81e7a2e5944c6090660ff16407c8821cef28826509c941e33258601,
RMVM_S_75acda47aa,Ngoài Anh Ra Không Còn Ai Khác Đâu,"Tronie Ngô, 1DEE",DANCE_EDM,TIER_A,True,False,0,,False,False,0,,True,2596,495,be20fc3c25c78bce274a4af62d95af976f6c4e05dd36304376def9a6eddf8c90,
RMVM_S_815165d51c,Trăm Năm Không Quên (DJ Hiếu Phan Remix),Quang Hà,POP_BALLAD,TIER_A,True,False,0,,False,False,0,,True,1607,291,7e1543abb86b42c1a5c0f12fe96cb9aa16816c82fda055fc57775ad6b6b4ec2b,
RMVM_S_f8a7436aed,Ngàn Đời Nhớ Thương Mẹ,Phước Lộc,FOLK_TRADITIONAL,TIER_A,True,False,0,,False,False,0,,True,1998,338,c36b1e5a12de60b328394e1b2f0c172313a5ef86658bdb79eeebf810fc9faba9,
RMVM_S_a47d25ae1d,Chúng Con Canh Giấc Ngủ Của Người,Trọng Tấn,REVOLUTIONARY,TIER_B,True,False,0,,False,False,0,,True,1346,229,8eb907480e2e5dff32b043241af684436a5f2bbb5fcc2d8ac4e82e5742b2c81f,
RMVM_S_be314f7a0a,Ngoan Thì Cái Gì Cũng Có,Billy Hoàng Phong,POP_BALLAD,TIER_A,True,False,0,,False,False,0,,True,2252,407,6d26288c41ce4a7c4df88ca751724ca08d265b820b0fa65fca74a399b640c79a,
RMVM_S_42ff8ce876,Chạm Nỗi Đau Dài (Cover),Lữ Huỳnh,POP_BALLAD,TIER_A,True,False,0,,False,False,0,,True,2630,465,192dcaa2965ccd93291156780b3b04d83a0fbb53ed21b5d967ce670edd549bda,
RMVM_S_756755e084,Áo Cũ Tình Mới (Remix),Châu Khải Phong,DANCE_EDM,TIER_A,True,False,0,,False,False,0,,True,1714,294,05160f2745384e1c3e5dcbdcf53effb32dcc2df0db263ccd7210af72cf5b5849,
RMVM_S_da8b8beee5,2000 câu hỏi vì sao,AMEE,POP_BALLAD,TIER_A,True,False,0,,False,False,0,,True,1831,324,e45cbf8239ffa4effa82cdb33364f390a45a1fe09518c86e161ebcf60b0d3500,
RMVM_S_5aa119d356,"Ngày Ấy, Tháng Ấy, Năm Ấy",Kim Ny Ngọc,POP_BALLAD,TIER_A,True,False,0,,False,False,0,,True,2467,432,e55644aa6024eff48f034cdffaa90fd9e26129458f59e2063f4920c2ee80987d,
RMVM_S_84cfe9741c,Cây Đa Quán Dốc,LEO,POP_BALLAD,TIER_A,True,False,0,,False,False,0,,True,2061,370,2821206f1b4bc89fabf5c0e4fb32ff48e7985e4507b715013f4db1cb2fe587e7,
RMVM_S_c5a2569604,Chạm Nhẹ Quá Khứ,"Dickson Nguyen, Dagenix",POP_BALLAD,TIER_A,True,False,0,,False,False,0,,True,1829,307,461b25344b9482de09198434c1c3fe6c947c0c3f75c9285127247c9289dabf83,
RMVM_S_d8649b6979,Dặm Trường Tương Tư,Dee Trần,POP_BALLAD,TIER_A,True,False,0,,False,False,0,,True,2206,380,9a70970253935477972171a5706b7abea13fd023666e39c98e95d6d2fefaf946,
RMVM_S_ced0f59d0b,Lỗi Tại Anh Nghèo (DJ Phơ Remix),Hồ Việt Trung,POP_BALLAD,TIER_A,True,False,0,,False,False,0,,True,913,170,791d32b49b99266f6981abf1ea5c0defa5b6de7d78fa0dba99196ebfe2ef0c07,
RMVM_S_34fc1b846b,Chuyện Lứa Đôi,"Như Quỳnh, Don Hồ",INSTRUMENTAL,TIER_B,True,False,0,,False,False,0,,True,1668,297,466b40dd145ed577f8ea5ed6ab369f2ef0ce652734c98384f8149aa538f628d6,
RMVM_S_18051f7557,Dẫu Mình Xa Nhau,"Kim Linh, Lê Tiến Tiền",BOLERO_TRUTINH,TIER_A,True,False,0,,False,False,0,,True,1465,260,1ce34e70a3c1a1fe25347eadb785c99cc48e3f6fb830a57ad1e0e57160a8fd22,
RMVM_S_656c3feeb1,Mùi Tổ Ấm,"Quân A.P, Hứa Kim Tuyền",POP_BALLAD,TIER_A,True,False,0,,False,False,0,,True,2158,372,08da536ae46c7c39dcde5f2d0ea71c63a6163c495664f1ba87f98abdf5d4ee4c,
RMVM_S_07083266ed,Tơ Duyên,Ái Vân,INSTRUMENTAL,TIER_B,True,False,0,,False,False,0,,True,1726,296,805c914af37faa74c6d26f38416c4d49d64c1a35515495ae644d4f9a31179e93,
RMVM_S_2e9d56ee77,Màu Ký Ức,Lâm Tuấn,POP_BALLAD,TIER_A,True,False,0,,False,False,0,,True,1532,279,e250cb5402e8707cefda169df8e03574c05f18290080edb51f6f6b4db7d9f824,
RMVM_S_03b9183bbb,Đôi Khi Muốn,Phạm Trưởng,POP_BALLAD,TIER_A,True,False,0,,False,False,0,,True,2693,464,3dad709b7bff87ce4cdd3dcbd3403aa437a470713ea2314609cba602b092f78c,
RMVM_S_a466e30d4b,Đừng Hỏi Anh,Chu Bin,POP_BALLAD,TIER_A,True,False,0,,False,False,0,,True,1613,298,15ad5bc14223d84c2f58f4d294abae90bf383b54c2633c59f8ddb6b1c700ad79,
RMVM_S_34b6002653,Tổn Thương Nhau Để Được Gì?,"JayJay, KayZ",POP_BALLAD,TIER_A,True,False,0,,False,False,0,,True,3065,535,ad555955ed79482fd01ca4a06c425a50e7ab44c0ca9d6fbc425ed2fd7ecacd7b,
RMVM_S_5542b22f72,Phải Lòng Anh,MIN,POP_BALLAD,TIER_A,True,False,0,,False,False,0,,True,2869,508,2b8527e0302f2858670471533de5832a982933074eb3cdb5f6905e73a520431d,
RMVM_S_55d32ce01b,Cánh Chim Cùng Gió,"Hustlang Heily, Hustlang HBo",RAP_HIPHOP,TIER_A,True,False,0,,False,False,0,,True,4649,808,99c9f7a908e5eed201b2fb997e69c46356749c8d902de01aa6f4fd56034defe4,
RMVM_S_6898e050c4,Không Cần Phải Hứa Đâu Em (Cover) (Remix),"Đức Trọng, DJ Hải Vũ",POP_BALLAD,TIER_A,True,False,0,,False,False,0,,True,1683,311,b21afd7a79074325253919cb45d143887a17887e414c3efc98f7ba99a294feb8,
RMVM_S_3bfcd32a16,Ngoài Đằng Kia Mùa Đông (Rap Version),"Thái Đinh, NamKun",POP_BALLAD,TIER_A,True,False,0,,False,False,0,,True,2715,475,844bbf5c2ca4966a5a41ae953fdeb5741268344c06352caf7156356c9f142a7b,
RMVM_S_29a608ea01,Chả Hiểu Sao,Weeza,POP_BALLAD,TIER_A,True,False,0,,False,False,0,,True,1834,318,3b022a5563f796854ea5b3b8869e18a56ed05a51e1b383d8b744296723eedcc4,
RMVM_S_d4c556e111,Kẻ Thật Lòng Phía Sau,"Linh Hương Luz, ZuongZero Ent",POP_BALLAD,TIER_A,True,False,0,,False,False,0,,True,2252,394,7a882f807704566234bb2a500011d2cd70b261acc90a9cd5231bf5b487c21a33,
RMVM_S_f6cb23cf66,Có Một Người Luôn Cười Khi Anh Đến,"tofutns, PC, TaynguyenSound",POP_BALLAD,TIER_A,True,False,0,,False,False,0,,True,4932,865,5b5000355332088190489a0720e5c9398b56ee043355e815753dba9c43605e11,
RMVM_S_8686e96081,Một Người Đi,Hồng Phượng,BOLERO_TRUTINH,TIER_A,True,False,0,,False,False,0,,True,1964,341,5b0dcb6a7625a0cc769cf8664d3071430387ec8fe35b17a816bc54d54b6dbb02,
RMVM_S_ca43144037,Đừng Nói Dối Em Nữa (Remix),"Kiều Thơ Mellow, Khải Nv",POP_BALLAD,TIER_A,True,False,0,,False,False,0,,True,2548,435,d5c7b3394648355f3f5ad8f2d25469ec238079e1244c7e602a235bf47ec41bc0,
RMVM_S_9765300d12,Dám Hỏi Đường Ở Đâu,Lee Phú Quý,POP_BALLAD,TIER_A,True,False,0,,False,False,0,,True,833,141,38218eaa59ae1e970ceed6af429d8d59ca732d170a587aecee75b2590f55d5a6,
RMVM_S_e26a8120af,Anh Phải Làm Sao Đây,Trương Khắc Lâm,POP_BALLAD,TIER_A,True,False,0,,False,False,0,,True,2007,371,f6f6f6901257543d4ab2e66e80b9342b8926679651f9ea0927dc9e1599345a23,
RMVM_S_00b1d11b4e,Hoa Của Mẹ,Bé Trang Thư,CHILDREN,TIER_B,True,False,0,,False,False,0,,True,1216,210,70cb8cf2940b62c5fb6a42863630662dce603fe7e26d791c8df0660f438de336,
RMVM_S_5ddc7951b8,Độ Ta Không Độ Nàng 2,Yamix Hầu Ca,POP_BALLAD,TIER_A,True,False,0,,False,False,0,,True,3228,537,2a10747f61d064102b49666d11dd73520b341f1a8ff6dfe1f4d439193863dae5,
RMVM_S_cb73c5bf45,Em Nhớ Anh Người Yêu Cũ,"CT Media, Thanh Trúc",POP_BALLAD,TIER_A,True,False,0,,False,False,0,,True,2522,448,750af04b6f9347ad3f24d12dffeba044dd32fd3da3ea1d6ae26cde4bba1865c2,
RMVM_S_7d0c9e4500,Chạnh Lòng Thương Cô (Remix),"Huy Vạc, Non Hanta, Hiderway",POP_BALLAD,TIER_A,True,False,0,,False,False,0,,True,2776,491,315e76155bb7f55409cf656bc8d447d37c5b2f827c3b294bf2f189cd40af9668,
RMVM_S_25827019dc,Em Về Xứ Nghệ Cùng Anh,Vũ Phan Dương Ninh,BOLERO_TRUTINH,TIER_A,True,False,0,,False,False,0,,True,1388,246,8bbd32ea5a2a7a6bce262180a5116399d3ee9fd453af970fd3314f73d9712cbb,
RMVM_S_5887a092e6,Thanh Xuân Cho Em,Nhiều nghệ sĩ,POP_BALLAD,TIER_A,True,False,0,,False,False,0,,True,2405,433,16bed0acbeb1b58f975569fc62433358e02483077477787acd5204210d964997,
RMVM_S_7d6a6e59f9,Alo Anh À,"YuniBoo, Misabae",POP_BALLAD,TIER_A,True,False,0,,False,False,0,,True,2192,403,1dc39799bb6f03aaa6e0e829e3ed28c54467bb69ecd96bfc52233b7089ead938,
RMVM_S_886b5ddc8e,Chôn Sâu Yêu Thương,CzEight,POP_BALLAD,TIER_A,True,False,0,,False,False,0,,True,1407,247,efc356920781dae55edfb5eb36d7f4d26b3341a1fb1becfb695033db25b379b8,
RMVM_S_1f2a44ef99,Mùa Hoa Cải Bên Sông,Hạ Vân,BOLERO_TRUTINH,TIER_A,True,False,0,,False,False,0,,True,1715,295,0f04fe8e6ce2251e4c6c85148f581f575ff90bbefcde94884955053f310eccd4,
RMVM_S_2e2365852b,Một Vài Ngày Sau Đó,TeeRings,POP_BALLAD,TIER_A,True,False,0,,False,False,0,,True,3090,526,cd6148f6a962d2b7fac6565ced7e75427e86549d56317b90cb0bc052dfba4667,
RMVM_S_4f5176a02b,Em Có Đợi Anh Không,Mạnh Hakyno,POP_BALLAD,TIER_A,True,False,0,,False,False,0,,True,3488,627,41088e27583f513a8acf614e5d61d5732ecc5b4411c20583d9c2f6495813ce27,
RMVM_S_cb24a558d0,Mãi Là Người Đến Sau,Thanh Hương,POP_BALLAD,TIER_A,True,False,0,,False,False,0,,True,1628,307,cf388d16267061caaf7ac2f585d62ff74bd52ce24fb1d8f2f207f5ba70cadfbf,
RMVM_S_cd59318444,Anh Đâu Biết Em Thuộc Về Ai,Trường Kha,POP_BALLAD,TIER_A,True,False,0,,False,False,0,,True,2070,372,6089cffec377b9aff0616212f14303e5fc6ea82932ccd1fd6b3d465d27605aa0,
RMVM_S_aee39c02ff,Tình Cũ Bao Giờ Cũng Tốt Hơn? (Remix),"Dương Hoàng Yến, Kenz",DANCE_EDM,TIER_A,True,False,0,,False,False,0,,True,1739,319,148aed9bbb563427c58e1a995723f8ffc834b1e9da7ff0661796e7fce2bf1e54,
RMVM_S_7a2f54991c,Trả Lại Em Nụ Cười,Thanh Hà,INSTRUMENTAL,TIER_B,True,False,0,,False,False,0,,True,1787,318,fe6d12857bb1bfa2e392a7507fb7c7697f6b9f897e9d54f4fe775d19ad1e872c,
RMVM_S_ac5efc7599,Bé Vui Đón Tết,Đỗ Tuyết Nhi,CHILDREN,TIER_A,True,False,0,,False,False,0,,True,1305,227,381ce914740d5dd810bfbc9618da3639552b22122664982416185212a0771905,
RMVM_S_26e76487ee,Ngày Mai Người Ta Lấy Chồng (Remix),Thành Đạt,DANCE_EDM,TIER_A,True,False,0,,False,False,0,,True,2735,494,5a7c003ad7d98da1db003306dc96eeb33ca2a17f17d18909dade8be3eadde970,
RMVM_S_ca72bdf60e,Bởi vì đã yêu em,"Winno, CCMK",RAP_HIPHOP,TIER_A,True,False,0,,False,False,0,,True,3452,618,b5689f0900e698dfc0295609742547eaa161a32ca92b7f32e3eb2d1edff7fb6d,
RMVM_S_8e45686acc,Anh Xin Lỗi Em Remix,Châu Khải Phong,POP_BALLAD,TIER_A,True,False,0,,False,False,0,,True,1586,285,11f3a4036afa5b483288cdb8494791e63b5d11fdd3bba11e715a6bfc47fa0eab,2014.0
RMVM_S_90074ef6d9,Em Hãy Nhắn Tin,Huy Lê,POP_BALLAD,TIER_A,True,False,0,,False,False,0,,True,1737,307,fc0ab6457d08902292ea50d976dd17b61e4ca19760561d79ab44e07a9ec759f2,
RMVM_S_ee97b350d4,Người Thứ 3,"H2K, TRUNKY",POP_BALLAD,TIER_A,True,False,0,,False,False,0,,True,2795,505,c22b3dee5f61cc0decf7e294d00f90ef689eb51b358e7675a41306982e31bbf0,
RMVM_S_01ee0abbb2,Cung Đàn Có Em,Châu Ngọc Tiên,BOLERO_TRUTINH,TIER_A,True,False,0,,False,False,0,,True,1992,342,4866985e5764ff675bdd161eb4988f8a1024e3dcd0e06f96005c4c3a2472a78e,
RMVM_S_c710473760,Ngày Tan Vỡ,DIMZ,POP_BALLAD,TIER_A,True,False,0,,False,False,0,,True,1701,288,fc794c295144931c3e17edec19cea4296294abcdb5d5fb0ae0977317c654dd1d,
RMVM_S_b032cb952f,Sau Em Luôn Là Anh,Trần Nguyễn Bảo Hân,POP_BALLAD,TIER_A,True,False,0,,False,False,0,,True,1432,246,191a47d81253a45c1c6f27093952d52877a8096e9fd9f8660674cccc6db04460,
RMVM_S_1399dce1b4,Anh Mới Chính Là Người Em Yêu (TD Remix) [Short Version 2],Dunghoangpham,POP_BALLAD,TIER_A,True,False,0,,False,False,0,,True,2054,364,8ebf7463aa74e086ac9f93d1ebe25c33d0a9f4ff34fe1626aaa89f29845acf2d,
RMVM_S_99960bb4e9,Nếu Đời Không Có Nhau,Thu Phương,BOLERO_TRUTINH,TIER_A,True,False,0,,False,False,0,,True,1849,340,fcfc4babe96a243107a2131c76177e9a5f75e2c6d3138c227d31b5b5196a0330,
RMVM_S_24fb18d6ec,Cưới Luôn Đi Chị Ơi!,"Long.C, Di Di",POP_BALLAD,TIER_A,True,False,0,,False,False,0,,True,1688,308,8a057c1dc369a463e1d9233ac6353aad01a3a43bf992239e6c523660e8a81a49,
RMVM_S_8ad713394f,Chẳng Biết Điều Gì,Emcee L,POP_BALLAD,TIER_A,True,False,0,,False,False,0,,True,2604,460,2d47cdd294353a6aae483854421e5a3b6db2e2c04bc141db25b35f69f9d148f0,
RMVM_S_493b5e19c7,Bayby Em Có Muốn Được High,"Niz, Koo",RAP_HIPHOP,TIER_A,True,False,0,,False,False,0,,True,1935,361,2d21e764cc49b00e43843ae3e513c9c67821464b2d97b473b40892a759c010aa,
RMVM_S_97e66a7f99,Cảm Ơn Kẻ Thứ Ba,Lâm Triệu Minh,BOLERO_TRUTINH,TIER_A,True,False,0,,False,False,0,,True,2452,440,254cea4f9477dd1c2fde636a24df927fa09185ab8233600dbe76cfe1d2394a0d,
RMVM_S_f8d7bbcbc2,Chuyện Cô Gái Nhỏ,Khởi My,POP_BALLAD,TIER_A,True,False,0,,False,False,0,,True,1741,297,c5db3901042333ce34695b37bbcabde89c0efc5b32b76ab3868849008c17afe4,
RMVM_S_19ec7392ba,Hai Đứa Mình Yêu Nhau,"Lưu Ánh Loan, Đoàn Minh",BOLERO_TRUTINH,TIER_A,True,False,0,,False,False,0,,True,1965,339,4fb0e4e2e80a9855bf72864539c0a6c3f60816ac8a6b60fa253545a6c279e669,
RMVM_S_e5eaba623c,Huế Và Em,Dương Nghi Đình,BOLERO_TRUTINH,TIER_A,True,False,0,,False,False,0,,True,1357,237,33ce5cabdc75a4c3c1320b0f7b810f40c1d85eee3f5a96ffa1078b674862b373,
RMVM_S_96c5a029c6,Lỗi Duyên Tại Ý Trời,"TVk, Huỳnh Mộng Như, 93NEW-G",POP_BALLAD,TIER_A,True,False,0,,False,False,0,,True,4472,758,2b604155c1d5c3793cf24f65aaae815904fa5dea4efad5055ae676af8e84ec5f,
RMVM_S_a32128c158,Tin Mừng Chúa Giáng Thế,Nam Vương Bảo Lê,POP_BALLAD,TIER_A,True,False,0,,False,False,0,,True,1896,319,10bda0c72af548e803f403faba5792bb4dc1bdff8adc363f88980552677814b9,
RMVM_S_7e10030975,Cây Bã Đậu,"Lưu Ánh Loan, Bằng Chương",BOLERO_TRUTINH,TIER_A,True,False,0,,False,False,0,,True,1936,348,900997bc365c0d99ddc868ea0438116e3965c71b289c5dbf3c3520f52afe860b,
RMVM_S_10c2266a3e,Những Gì Đẹp Nhất,"Lam Anh, Trần Thái Hòa",INSTRUMENTAL,TIER_B,True,False,0,,False,False,0,,True,1813,328,c3427eafe389b239788309a6162d5bfcfc71eb9c875cf219b8091043e017540f,
RMVM_S_fe7e70f3a9,Anh Ơi! Anh Về Đi,NgânT,POP_BALLAD,TIER_A,True,False,0,,False,False,0,,True,3793,676,fcbe885773e45737afc49297f767de9a57cea6cdc1b3ef9d178dda92ff20bc8a,
RMVM_S_422f1f03c8,Mẹ Ơi Mẹ Ơi,"LÁu, Vano",POP_BALLAD,TIER_A,True,False,0,,False,False,0,,True,3906,691,36ec3c2903c7d21af0142c0e823eb8d75ce1187b95b11379e75edca485d52a52,
RMVM_S_b0599624e3,Bởi Vì Là Khi Yêu,HA Live,POP_BALLAD,TIER_A,True,False,0,,False,False,0,,True,2424,436,134cab024848f5c561b5ba91f36d9f535d2dd71dccc2f25786596cc2ffab406e,
RMVM_S_43e300952e,Tạm Biệt Người Anh Em,Quách Tuấn Du,POP_BALLAD,TIER_A,True,False,0,,False,False,0,,True,2908,505,bfc3ba6d69f9e2e2488f9f9f9446b2dcca2e1d15f2ed28422c94d13f032d7871,
RMVM_S_dac11a64fe,Gánh Chè Đêm Của Mẹ,Phương Mỹ Chi,BOLERO_TRUTINH,TIER_A,True,False,0,,False,False,0,,True,1746,301,77a623ce4c99a5893e40f6cc8b042886596bae0fead6d0eacbc98ae123b2309e,
RMVM_S_e3146b2ab0,Cánh Hoa Pansse,Mỹ Anh,BOLERO_TRUTINH,TIER_A,True,False,0,,False,False,0,,True,1988,358,928d8ee5ac2089f65c7394c6593a1409287c7a93af71381f39eb4a04a544f2c5,
RMVM_S_5c31ddec50,Bình Minh Không Còn Nhau,"Hà Vân, Hamlet Trương",POP_BALLAD,TIER_A,True,False,0,,False,False,0,,True,1814,331,ca8da4ea7f67b951130d331e39e24704e805a3a49fb4cde24a7bd4673f6fb4a5,
RMVM_S_b0869e80c4,Liên Khúc: Nụ Hôn Mùa Xuân,"Ngọc Khang, Lâm Vũ",POP_BALLAD,TIER_A,True,False,0,,False,False,0,,True,1990,346,f064e1c60c09575eefb85234c70efee808633ca77c56495fcae989d92edcb5eb,
RMVM_S_d3ffe64912,Chỉ Là Không Cùng Nhau (Lofi Version),Gumin,POP_BALLAD,TIER_A,True,False,0,,False,False,0,,True,2000,354,08932a6c31baaac59a062d8a9ea437dc1f03c8f9a2a28bd3acac45c6c61617cf,
RMVM_S_6bca6c7480,Magic Castle - Ngày Mai Nắng Lên,Khánh Phương,POP_BALLAD,TIER_A,True,False,0,,False,False,0,,True,2394,425,8172fb52708e8a17aef3153f7669f4e72b9318a1d1aa7c84f92763c6b9280aa5,
RMVM_S_e9ef2ac837,Chỉ Còn Những Mùa Nhớ,Bảo Trâm,POP_BALLAD,TIER_A,True,False,0,,False,False,0,,True,1967,364,0983da7c55a158aacbedaf9f263897c1a6702eee9d78f30a0b3a48ebc3a4ec7f,
RMVM_S_746056502a,Ba Ba Tiếng Con Gọi,Trần Duy Phương,POP_BALLAD,TIER_A,True,False,0,,False,False,0,,True,870,175,23de07beca30ef125bd2329f2332687f6d0b85dbcd6636027232fecf10645d11,
RMVM_S_febf625e82,Tôi Mất Người Yêu,"Quân Bảo, Kim Ngân",BOLERO_TRUTINH,TIER_A,True,False,0,,False,False,0,,True,1683,278,25f2d3d87fa17ca59d99b4421219f2bfe75e3a2be2e179c0290b837aca9ddce5,
RMVM_S_3e9fc7070d,Liên Khúc Ước Mơ Ánh Trăng Trẻ Thơ,Chen,POP_BALLAD,TIER_A,True,False,0,,False,False,0,,True,3019,532,26103cc8687373846aa50e151b8592c57e631771c909ecfce1c53488c29a0dcf,
RMVM_S_7a9f775aa1,Bài Ca Của Nàng (Nhạc Trữ Tình Mới Nhất 2022),Thanh Thanh Hiền,POP_BALLAD,TIER_A,True,False,0,,False,False,0,,True,1683,297,4a1fdcc857012195d9e91c44ea7327d0b50dd3dc85ae619615f894d0cccf0712,2022.0
RMVM_S_3c364df0ab,Lựa Chọn Buông Tay,NQP,POP_BALLAD,TIER_A,True,False,0,,False,False,0,,True,2667,479,3418cded0cb474391c8fa30da07957f747bb1de2f733c96500583eb9f0a34650,
RMVM_S_30eef67429,7 Tỷ Người (Piano Version),"A.C Xuân Tài, Lynk Lee",POP_BALLAD,TIER_A,True,False,0,,False,False,0,,True,2098,359,313eaeb00ba4375afce9d83422fb2a87b83fb0474417d559084caac68a0ab292,
RMVM_S_2a92d60937,Bọt Biển,"Gia Huy, Vy Oanh",BOLERO_TRUTINH,TIER_A,True,False,0,,False,False,0,,True,1416,248,12f0b8378df1a31e51084b5192feb84c5bfac0997d536b0a8dbebe32b1c8a291,
RMVM_S_2425ea4598,Bao Lâu Ta Lại Yêu Một Người (Lofi Version),"Doãn Hiếu, BMZ",POP_BALLAD,TIER_A,True,False,0,,False,False,0,,True,2275,390,3c3c8d57528b06f7bd2ac903d01d54165fedb4fa82361c1ce97f3cfc2a258d63,
RMVM_S_f4edd54c39,Tìm Lại Nhau,M Qui,POP_BALLAD,TIER_A,True,False,0,,False,False,0,,True,1549,263,73395ffb6b97ee90d8ff2c6f6e2ec06dce583a553ba14d82f5c401b825d4e253,
RMVM_S_d330ef0e72,Cô Gái À Em Đừng Khóc Nữa (EDM),Oanh Tạ,POP_BALLAD,TIER_A,True,False,0,,False,False,0,,True,2517,438,147213e87dd7372d139b954109a649d6df18bf7a9e2968820bbe0cbb83ad421c,
RMVM_S_dd71da446e,Chờ Anh Ngỏ Lời,Thắm Mini,POP_BALLAD,TIER_A,True,False,0,,False,False,0,,True,3333,583,81a96f89072802d649eeac8071e99891ed889658bbe952ddd763b7a9bb776521,
RMVM_S_b91762c950,Giấc Mơ Tuổi Thơ,"Lil Shady, Zenky, Diby",POP_BALLAD,TIER_A,True,False,0,,False,False,0,,True,4062,715,8b78dea48ad447810715cf027bacd91cf96240f1084d322e94d987be53e42649,
RMVM_S_ec6a538cfd,Chẳng Phải Anh Khờ,Trung Tự,POP_BALLAD,TIER_A,True,False,0,,False,False,0,,True,1453,260,4e2bd08eb7a5cee2618a20b1d3c1c07fc1d90a5d9e072ce6921cd4f7885a9d1a,
RMVM_S_c56c75b142,Thư Cho Em (Live Version),Hà Anh Tuấn,POP_BALLAD,TIER_A,True,False,0,,False,False,0,,True,1263,225,c0872e5d48d64e885e032a404ba07f97e1b8ddbe7054da91d13234b2cf6e3ee3,
RMVM_S_302b5c78e5,"Ngỡ, Một Lần Nữa Em Quay Về (Live)","Bằng Kiều, Minh Tuyết",BOLERO_TRUTINH,TIER_A,True,False,0,,False,False,0,,True,2107,366,c8c1a7e4bbfd5f6df56c93b4dc0eee13cca604275489e6d59b69162f8ef6e0ac,
RMVM_S_af42477d8c,Những Điều Thầy Chưa Kể,"Hoàng Hoa, Mai Tuấn",BOLERO_TRUTINH,TIER_A,True,False,0,,False,False,0,,True,1634,280,3ca23da4714092a423d1518bd4e3bb805f1672c80bf3010c0ea55dfeacdcd825,
RMVM_S_e6ce5f13c5,Mơ Là Phải Mở,"Miu Lê, Yuno Bigboi",POP_BALLAD,TIER_A,True,False,0,,False,False,0,,True,3031,577,c7f5446a3e10db7b424f990704b084cba19805b330348e5b217d7e1a42508c23,
RMVM_S_0dc973a38a,Anh Mong Quay Về (Beat),Khang Việt,POP_BALLAD,TIER_A,True,False,0,,False,False,0,,True,1705,308,a18cbf2e4be484419fc1033493388ca1cdc666cc577448db53d20cb6afccb517,
RMVM_S_2a05e223f6,Chiều Hoàng Hôn,"Jombie, Jena, G5R Squad",POP_BALLAD,TIER_A,True,False,0,,False,False,0,,True,3288,616,0d207d4c84f6d9ce30bdf08120eb1ebe121f04325368ecb1b8e4767d20ba782a,
RMVM_S_31a2bbff4e,Đảo Không Người,Ngô Anh Đạt,POP_BALLAD,TIER_A,True,False,0,,False,False,0,,True,2419,402,f5bf577157be99be615f868bd7933bed12bcd31fbcef771df364cb7e1fca1737,
RMVM_S_872af40503,Chuyện Của Mặt Trời - Chuyện Của Chúng Ta,HA Live,POP_BALLAD,TIER_A,True,False,0,,False,False,0,,True,1734,292,c65f013a6fcee29467a3f29ba951a7e62d0cdfb0fd570dceaf40b25cab01b19e,
RMVM_S_97e94a96e6,Em Sai Rồi Anh Xin Lỗi Em Đi,Chi Pu,POP_BALLAD,TIER_A,True,False,0,,False,False,0,,True,1734,343,830258480b6ac8becb7ace529fb80997745bc63046eb5c2858d2200677122edf,
RMVM_S_d05654d585,Chẳng Thể Biết,"Sol7, Young Tulo",POP_BALLAD,TIER_A,True,False,0,,False,False,0,,True,2551,462,cbdc479f390c14db10edc5c8e8663582c739073cfda8ffd6c1dbd3ce3d2a07fa,
RMVM_S_8686ea7856,Khó Để Buông Tay,Minh Tài,POP_BALLAD,TIER_A,True,False,0,,False,False,0,,True,5148,879,74819137f463f21b57effd2d819fd22112ed5c3fafb0215a66988c40690f4466,
RMVM_S_7d2b3b4feb,Điệu Nhạc Vui,Thanh Thảo,POP_BALLAD,TIER_A,True,False,0,,False,False,0,,True,1630,302,35564fb08253c5fbf39e8f37616336e22fee82c0d6bf92d464a51c9be8c9cebe,
RMVM_S_1db713eaaf,Bao Ngày Nhớ Bao Ngày Đau,Khánh Dũng,POP_BALLAD,TIER_A,True,False,0,,False,False,0,,True,2672,483,3f9754e3b3ab6a7b27d0299cad226322127695ad061886fbef3c6cd5304af052,
RMVM_S_4fe604591f,Bật Tình Yêu Lên,"Tăng Duy Tân, Hòa Minzy",POP_BALLAD,TIER_A,True,False,0,,False,False,0,,True,1998,365,7dcc362b07c103474bb10839a642612ac8fae6e300593fa7f3014364db297c7e,
RMVM_S_078960b5a9,Biển Rộng Trời Cao,Đức Hati,POP_BALLAD,TIER_A,True,False,0,,False,False,0,,True,3313,579,aa7a3d7c2c6a5c44b939ff5ddf7f1d4a43c3cbaa20f96e936d352fcbe0ea2167,
RMVM_S_caa10ad8ca,Chuyện Tình Trương Chi Mị Nương,"Sơn Đăng, Dạ Lý Hương",BOLERO_TRUTINH,TIER_A,True,False,0,,False,False,0,,True,2108,358,de4da7b9c2352fb95a2a80335d7a74de4f43795021a4f24d98b3fb21ae4631dd,
RMVM_S_973decd823,Bức Bình Phong,Trịnh Thăng Bình,POP_BALLAD,TIER_A,True,False,0,,False,False,0,,True,2663,452,8d7f4217061c22d8a0c6591da733daa960951dbd0640f2157fb42896fd70d6fc,
RMVM_S_82b8f6b58f,Anh Có Con Công,Jin Tuấn Nam,POP_BALLAD,TIER_A,True,False,0,,False,False,0,,True,3987,747,694929ae7b721d3e2f40c71f0c9b74e09329b968d2b535c89fdc743f1749ce59,
RMVM_S_00c7953e9f,Phút Yêu Đầu,Thu Minh,BOLERO_TRUTINH,TIER_A,True,False,0,,False,False,0,,True,1361,244,5ceed4887e68dd4b5d3a251fd0f2ac7a08812e3851d0699638c71d702c73a74f,
RMVM_S_a5ace6a873,Mai Lệ Xuân,Thế Sơn,INSTRUMENTAL,TIER_B,True,False,0,,False,False,0,,True,1278,209,14b6d14961c27941d4591da80fe1fc81b0c243a43e360b37548b0a17fb116784,
RMVM_S_a0e5a99ad6,Chiếc Ôm Từ Phía Sau,HER,POP_BALLAD,TIER_A,True,False,0,,False,False,0,,True,1926,353,7d2bad8dab490728eb499ee8ae55065bf8f6ba6c9a569414a2c3068ab811fde6,
RMVM_S_19ed58eb45,Ánh Sáng Nơi Cuối Đường (Remix),Lil Knight,POP_BALLAD,TIER_A,True,False,0,,False,False,0,,True,2293,367,5513881b0a908263b36ec01b658b81ea9d46528e9a7b0a117f198c477c36139a,
RMVM_S_2dfd62ee4a,Một Lần Cuối Thôi,"Lê Trần Media, Thảo Milk",POP_BALLAD,TIER_A,True,False,0,,False,False,0,,True,1996,340,278ac54548e26ef46f58b4cf5b53b88cb1c20462f5fa3436d26119872bf558d3,
RMVM_S_a5db3fa4b1,Điệu Lý Duyên Tình,"Mai Phương Thảo, Trần Xuân",POP_BALLAD,TIER_A,True,False,0,,False,False,0,,True,1233,216,b3d4c5719c914ed5cf5a5f9997ca75e53e77fef7e9dd49e4735ce3f25a96530a,
RMVM_S_b6ca12d3af,Ba Đời Ba Kiếp Mười Dặm Hoa Rơi,Lee Phú Quý,POP_BALLAD,TIER_A,True,False,0,,False,False,0,,True,1630,280,fa99c27490e2f56dd3266ade0eb2cef263f288c015992814c094b9464bfb04e3,
RMVM_S_a297ab2784,Bạn Không Hiểu Tôi (BLUE REMIX),"ZIN MEDIA, Hoàng Văn Sáng",DANCE_EDM,TIER_A,True,False,0,,False,False,0,,True,1861,296,dafbdbbf31520f57ab637ed25beae927df5c0920538b0266d8d0a51c16bd70a9,
RMVM_S_ebba23ec07,Chỉ Cần Đi Với Nhau,Linh Cáo,POP_BALLAD,TIER_A,True,False,0,,False,False,0,,True,2511,441,0d1fa609adf828f3066bd3d1bcd39c0a48dbba05dcba5ae5ff0adc9b51044f96,
RMVM_S_85092a305c,Anh Buông Tay Rồi Đấy (Beat),Âu Nam Thái,POP_BALLAD,TIER_A,True,False,0,,False,False,0,,True,2038,365,a330c114904b4696387dfd9f9f65af1f141f800f91ea1cef58a98ea8beaf1005,
RMVM_S_c492c1324d,"Dừng Lại Và Quên Thôi (Original Soundtrack From ""Kẻ Độc Hành"")",Trung Quân Idol,POP_BALLAD,TIER_A,True,False,0,,False,False,0,,True,1706,283,2794381b01beb8715f96dcf4288449da4714c59fbf711052965919cf7a412d9b,
RMVM_S_536f289b8d,Liên Khúc Hoa Nở Về Đêm – Giọt Buồn Không Tên – Người Đi Ngoài Phố,Khang Lê,BOLERO_TRUTINH,TIER_A,True,False,0,,False,False,0,,True,3554,593,1f8148b64a0d80b63ba018f3b58bf15efab83cf030c4bdd3f173967444f40f52,
RMVM_S_f76b830db1,Con Nợ Cha Mẹ Một Mùa Xuân,"Vũ Tuấn Hùng, Trần Mạnh Cường",POP_BALLAD,TIER_A,True,False,0,,False,False,0,,True,1458,266,18c262ca74acc04ac943206e82ffae4c593e2605c60df6aa4581f7364c19cb1b,
RMVM_S_9764b5cf94,Lỗi Lầm Này Anh Sẽ Gánh Vì Em,Hàn Thái Tú,POP_BALLAD,TIER_A,True,False,0,,False,False,0,,True,1918,348,2eece12c745ca11d8bf97da7c9dab002cedbbd90d9737e5a78956a9235ac96e3,
RMVM_S_dcc8fb3729,Đà Lạt phố nhớ người dưng,"Trương Lê Sơn, Hoàng Lê Vi",POP_BALLAD,TIER_A,True,False,0,,False,False,0,,True,1799,318,b42481c8a64fa3681552d9f058fbcc9f5a054bca6258d9d0cd314b8a6d386c25,
RMVM_S_1adcfebdb3,Vắng Một Mùa Xuân,Khánh Trần Rio,POP_BALLAD,TIER_A,True,False,0,,False,False,0,,True,1774,296,a9f400dc348aab8726aa8e9047026b90cf0ab931a38f180321c48989101cf188,
RMVM_S_6fd7968bff,Em Tên Gì (Remake),"Đinh Đại Vũ, Jombie",POP_BALLAD,TIER_A,True,False,0,,False,False,0,,True,2046,380,6bb8e9967e3bec9b82d9a379f7e754229ea3a5c8f31d75a943357eeb8eba57fd,
RMVM_S_3d890c80e5,Nếu Anh Được Chọn Lại,Lý Tuấn Kiệt,POP_BALLAD,TIER_A,True,False,0,,False,False,0,,True,2257,385,44727102b815c7a5e53d48631cbd2f02001a7e2c8583c2d83c13f70bd556b12d,
RMVM_S_bff82d98e7,Chỉ Khi Mất Đi,Quang Đăng Trần,POP_BALLAD,TIER_A,True,False,0,,False,False,0,,True,2441,423,4a10ed7dec3ab2d52457367f1a415d0328cada97186da4a1054f21fc018e2919,
RMVM_S_2d44d2b9ee,"Nhà Tôi Quá Khó (Parody, Short Version)",Hoàng Hồng Quân,POP_BALLAD,TIER_A,True,False,0,,False,False,0,,True,715,124,0e4670531e9186168648f67a6cf310563c51095a81b99fa35002e1e429057b1a,
RMVM_S_b9e0ee4b0f,Chính Anh (Là Em Hay Là Ai OST),"Klaw, Lena",POP_BALLAD,TIER_A,True,False,0,,False,False,0,,True,1774,312,09b3a5cf8fa0e0fc04e41d80e444a112973cf67eee443ec6726e90ad2bed2650,
RMVM_S_f359c682ce,Đành Lòng Sao Anh,Diễm Trang,POP_BALLAD,TIER_A,True,False,0,,False,False,0,,True,1826,325,d09b6532a0deb8889b5ab54db1c2ede1fcc5e399abf31ba86d268d3725e805af,
RMVM_S_2317adf0c9,Để Con Tim Dẫn Lối,T-Rex,POP_BALLAD,TIER_A,True,False,0,,False,False,0,,True,2033,359,1ca439a98321ae3944d8a26678fbb92839445321ecfec6a5deb6af822aee1b25,
RMVM_S_7efc36be17,Rap Về Monkey D Luffy,Phan Ann,RAP_HIPHOP,TIER_A,True,False,0,,False,False,0,,True,3210,542,5f6b450e3b2bf4e2e5e6e95f6b91d3b316d38e00245428fafd2a3d8c33dc474f,
RMVM_S_6d24201f73,Anh Ấy Sẽ Không Yêu Em Như Anh (Cover),Ali Hoàng Dương,POP_BALLAD,TIER_A,True,False,0,,False,False,0,,True,1731,306,719c2b45e3ce99633acd6a07f33a8839bad0c04ed4f125e8600b86c849205bd0,
RMVM_S_a1ae1d49ce,Buồn Em Số Kiếp Long Đong,Lâm Hoàng Phong,POP_BALLAD,TIER_A,True,False,0,,False,False,0,,True,2239,386,3d1deb4de403d61af41ab8a60c6926e993e6a3fa4eb8cb9ec7e91011e37dbc20,
RMVM_S_02c4ee64d4,Anh Đi Nhé (EDM Version),Anh Quân Idol,POP_BALLAD,TIER_A,True,False,0,,False,False,0,,True,1426,260,d54cd22695c6b5c8ef9c1866246aa1e94fe39cf863f209ba9fbd66d0d6587a68,
RMVM_S_35efcf9389,Nhìn Vào Mưa (Em Gái Mưa OST),Trung Quân Idol,POP_BALLAD,TIER_A,True,False,0,,False,False,0,,True,2028,351,cfee1160d261d85b091ef17c569d29c1a2810d2bceaf8de7fdd84802ae2eaffd,
RMVM_S_503ffdd232,Thà Người Đừng Hứa,Như Huỳnh,BOLERO_TRUTINH,TIER_A,True,False,0,,False,False,0,,True,1650,260,633390b77ed41d9e89527c99c9a9ce2eba021166e2c64082a71f1a343eba342f,
RMVM_S_09a0b5c9f7,Nếu Anh Được Em Yêu Lần Nữa,"Hamlet Trương, Ưng Hoàng Phúc",POP_BALLAD,TIER_A,True,False,0,,False,False,0,,True,1579,291,bbd2bfdff43dcff13d6c2883cf1f90c1f9481613a01da8082626ee23fb054ac7,
RMVM_S_43c1fbe065,Anh Đứng Đây Từ Giờ Tới Mai,buitruonglinh,POP_BALLAD,TIER_A,True,False,0,,False,False,0,,True,2464,420,f7265165c13c69df7ff60c01de1e299187ff0a0a5fd997f7813ef13d363cd100,
RMVM_S_c60abde5a8,Lạnh Bước,Lâm Hùng,POP_BALLAD,TIER_A,True,False,0,,False,False,0,,True,2610,457,50445af76031eddd980e90632d203fe69203655f418b1e34c7cf4992c71e91f9,
RMVM_S_8e24a62f2f,Hai Nửa Thương Đau,Cao Hoàng Nghi,BOLERO_TRUTINH,TIER_A,True,False,0,,False,False,0,,True,1552,264,1b7d6a85b17e0a62817769fff1c4f568e6d13d3475cbbb4cfa06fc21e6027f00,
RMVM_S_5c7709b3e9,Miền Thùy Dương Dấu Yêu,Trung Nghĩa,BOLERO_TRUTINH,TIER_A,True,False,0,,False,False,0,,True,1901,318,f0cba586e36bfe730fb834184e24351c5c13d6576b2135de2096585d76c7bbb2,
RMVM_S_727aff10df,Đơn Phương Yêu Một Người,"Long.C, Ngắn",POP_BALLAD,TIER_A,True,False,0,,False,False,0,,True,3346,577,e74ccd4ea589bba2f7752b5b4c3c1ac3c52ae19ddbbc3eac4b12ca138d37a877,
RMVM_S_84632346d8,Anh Không Thể Quay Về,"Khang Ty, Trịnh Liên",POP_BALLAD,TIER_A,True,False,0,,False,False,0,,True,4444,795,bfc82e15500b9c158433ba4b95a1a4c6946ac85408f9a85bf3e3f525d22d6035,
RMVM_S_2f7d4bd38c,Hội Thánh Đức Chúa Trời,Gia Huy Singer,POP_BALLAD,TIER_A,True,False,0,,False,False,0,,True,2414,413,10ef0397f9df1d2c8d89ef77012936f36f06d976df2dd12a748d46dab9a13996,
RMVM_S_6066aee130,Còn Đêm Nay Thôi,"Thế Sơn, Mỹ Huyền",INSTRUMENTAL,TIER_B,True,False,0,,False,False,0,,True,1202,212,0482ebf9f7b2b6fe666959d5755d389a25f8fa7bbdd9d26882a1e74b1693c5db,
RMVM_S_66c77daaa1,Lao Ái Xử Trảm,Cao Tùng Anh,POP_BALLAD,TIER_A,True,False,0,,False,False,0,,True,2674,483,e434094eef1aab263339566f91e76ec84d14a81f40876ffecbb998fb54313160,
RMVM_S_4db6a034c9,Chờ Anh Em Nhé (Beat),"Châu Khải Phong, Thành Nam ABK",POP_BALLAD,TIER_A,True,False,0,,False,False,0,,True,1510,273,92ca1fdf2519d2c1aeff06eaaa95b3d6803fa31dddcfd24c9fa6ff1d7ccf936d,
RMVM_S_c28823340d,Vai Áo Phù Sa (Orinn Remix),"Nguyễn Thành Đạt, Orinn",DANCE_EDM,TIER_A,True,False,0,,False,False,0,,True,1578,270,6d146e38c3cd7ea0c8c14defc9d77283280c77f94e37848789b4af59e792f0f6,
RMVM_S_add15eb8ae,Buồn Nơi Anh,Đinh Việt Quang,POP_BALLAD,TIER_A,True,False,0,,False,False,0,,True,1379,241,1f306ab7de81ad5d9f16a45678596d5d94b22e989d33ff321e5764425569268b,
RMVM_S_b3cde4afdf,Một Câu Chuyện Buồn,Ái Phương,POP_BALLAD,TIER_A,True,False,0,,False,False,0,,True,2138,361,2dd4e4bd375851d8ac4fa765303f84f472dcc836d2820e7a01c0326129e734a1,
RMVM_S_f82b9d3904,Có Lẽ Anh Đã Đánh Mất Em,"Minh Huy, THIENVU, Nam Joyy",RB_SOUL,TIER_A,True,False,0,,False,False,0,,True,2391,421,6de197eb4610ec41381a8ca792dd06c7ff66cd79dded95e7f80b8afc470c70bd,
RMVM_S_e6ef8754df,Xuân Của Công Nhân,Nhật Kim Anh,BOLERO_TRUTINH,TIER_A,True,False,0,,False,False,0,,True,1333,236,38668c78f535052bade06cafaa78fc5141160303fbeb563a92a383f389b9c93f,
RMVM_S_f7fd7cb227,Khoảnh Khắc,Giang Hồng Ngọc,BOLERO_TRUTINH,TIER_A,True,False,0,,False,False,0,,True,1527,271,9c6af04115a31d89806701361ed349df3a7edd6be0dbf00c703cf19f05a0a806,
RMVM_S_aa690d6d7d,Duyên Vỡ Ép Mấy Cũng Lỡ,Yong Anh,POP_BALLAD,TIER_A,True,False,0,,False,False,0,,True,1974,364,c25870e7e717827aa82d81f92bce897cd3fd4fbb3d2bfba09d43dc1452047c74,
RMVM_S_fd4152a79c,Đoạn Tình Quê,"Linh Lor, $hen, HHD",POP_BALLAD,TIER_A,True,False,0,,False,False,0,,True,3100,543,e9a468448cc39826c52bcb05e357ee7ebd667515b94f6193e1b75ac913422d77,
RMVM_S_548c909f05,Có Sao Cũng Đành (Remix Version),DatKaa,POP_BALLAD,TIER_A,True,False,0,,False,False,0,,True,1666,299,5d6fb9a04379b8c281d2d82a8356b5a33b4a7d82e1ef83113df0a2837db89dcf,
RMVM_S_03ee53d798,Mần Rể Miền Tây,"Gin Tuấn Kiệt, Puka",POP_BALLAD,TIER_A,True,False,0,,False,False,0,,True,2953,551,f31cebb39e4840b9b145db114f70ae43749b055e40b5df7601964830e9e8faaa,
RMVM_S_50d1963a18,Còn Yêu Hãy Về Với Nhau (T-Bag Remix),"Kalee Hoàng, Thành Tar",DANCE_EDM,TIER_A,True,False,0,,False,False,0,,True,1101,196,256f356069f187df58410ccd14217696693137d26c87785cd6995596148d98b7,
RMVM_S_656afb6870,Hát Nữa Đi Em,Chế Thanh,BOLERO_TRUTINH,TIER_A,True,False,0,,False,False,0,,True,854,148,c1ff16e2d43fbe1041cd5253d75daded34e27c5997b5b5b19298a772d88048fd,
RMVM_S_b6560bd0f0,Chương 2 Của Tương Lai,"WEAN, MCK, Tenkitsune",POP_BALLAD,TIER_A,True,False,0,,False,False,0,,True,4093,759,3dfe26919f0d39a10b36862d714111315afc241af71cfa7cf1dcc18062bb8418,
RMVM_S_4848c786e7,LK Lẻ Bóng & Ai Cho Tôi Tình Yêu,Nhiều nghệ sĩ,INSTRUMENTAL,TIER_B,True,False,0,,False,False,0,,True,2649,453,cda6960a56f93e384a35d98dd7d200f0d3136f1179091b6166ce9ec6f9dfef14,
RMVM_S_d016febfb2,Cháu Vẽ Ông Mặt Trời,Mầm Chồi Lá,CHILDREN,TIER_A,True,False,0,,False,False,0,,True,994,168,fe72f679785184103046e73dbc4e7fafa01cb53c687565c3e968aee8156180bd,
RMVM_S_f5e2b2a07a,Nếu Có Một Ngày,Duongg,POP_BALLAD,TIER_A,True,False,0,,False,False,0,,True,446,76,37f81917519374bdebe849ed165ff65591938e8d688d316189a1e3e534f689e4,
RMVM_S_2e71a19143,Bến Đò Năm Xưa,Mai Tiến Đạt,POP_BALLAD,TIER_A,True,False,0,,False,False,0,,True,1508,274,cc9df4c7b61ccf83e0e54557a5666d3c376ea36771f3521bf606ab24dd78cdde,
RMVM_S_1846083ac7,Ngày Em Vui Cưới,Tuấn 2T,POP_BALLAD,TIER_A,True,False,0,,False,False,0,,True,3228,556,6d727344d9134a7db122f21e67ea0ee8073e77c036da01cb93a92f95446fa8dc,
RMVM_S_5f75c63c64,Như Hòn Bi Xanh,Xuân Mai,NHAC_TRINH,TIER_A,True,False,0,,False,False,0,,True,849,152,0e44b3fb41fe4bb65272e651dc9ffb0fe5aee3bba7bbc2e1565a7b95701fd612,
RMVM_S_56d988025f,Mấy Ai Bằng Anh,Keyo,POP_BALLAD,TIER_A,True,False,0,,False,False,0,,True,2151,454,9f4b86a801785c1f7c4c4c7efe0a6a245181332f565bd8e71a8641d5a82814a4,
RMVM_S_6362b83754,Đau Gấp Trăm Lần (Remix),Lương Gia Hùng,POP_BALLAD,TIER_A,True,False,0,,False,False,0,,True,2177,378,3f25045453b26788599340d697e1b7b53ddba545696b27206b4fc961e18f9423,
RMVM_S_d0f1c1dc1d,anh sẽ đến cùng cơn mưa,"Hứa Kim Tuyền, GREY D",POP_BALLAD,TIER_A,True,False,0,,False,False,0,,True,2985,508,866de01ebbc4d0bc23638f6e194a54a9328dc0795164b0899f49d0d32e004981,
RMVM_S_539fb26b7c,Bước Qua Đời Nhau (Cover),Nguyễn Quang Quý,POP_BALLAD,TIER_A,True,False,0,,False,False,0,,True,2197,390,7f12414a5da8c2f006670201d49d58c3fa243c13ff479891e2ccebd408a5cdde,
RMVM_S_82cad612e8,Anh Ba Khía,Bé Dương Hoàng Anh,FOLK_TRADITIONAL,TIER_A,True,False,0,,False,False,0,,True,1719,299,54280886ea836471a8b253dca694f34cacde0baa387e5ee367f7b06a7e89fbb1,
RMVM_S_20072dcfe0,Đêm Nhớ Người Tình,"Vũ Hoàng, Thạch Thảo",BOLERO_TRUTINH,TIER_A,True,False,0,,False,False,0,,True,1879,329,1dc7ff5911e354efcbd74c0b939e88c28b025509fb11c9bc9bb93c2040202017,
RMVM_S_6a169bef8a,Liên Khúc Ngày Xưa Anh Nói - Bội Bạc,"Quỳnh Trang, Thiên Quang",BOLERO_TRUTINH,TIER_A,True,False,0,,False,False,0,,True,2567,443,ab23fde0db761ca0ae1b069d2cc08960dedf2aab1adafc62285bf713b91493db,
RMVM_S_68459e29ab,Chỉ Tại Dòng Sông Đa Tình,Thanh Quý,BOLERO_TRUTINH,TIER_A,True,False,0,,False,False,0,,True,1564,272,30d2f8db51437cd1857fe0b329b9901ac43f8a91d28e33a4ee7e385b2e82434a,
RMVM_S_bcc72f7c25,Ăn Đi Đừng Sợ,Vicky Nhung,POP_BALLAD,TIER_A,True,False,0,,False,False,0,,True,2916,523,f5959338d030cc36979363365d4243410629992d9f70f3d9cc8eedd79ec26040,
RMVM_S_7c7879736a,Còn Đâu Nữa,Trịnh Tuấn Vỹ,POP_BALLAD,TIER_A,True,False,0,,False,False,0,,True,1685,304,6b99be66209c71871e01dfeb0cbe3392e68d0f1094f5b5f40ca172223c3e2a91,
RMVM_S_445c6e6c90,Ngược Chiều,Fer,POP_BALLAD,TIER_A,True,False,0,,False,False,0,,True,3010,541,9dd972d2311e16aa204bedf5d8dabca93f245563480243a4482964437a26c41a,
RMVM_S_177c7d5822,Không Yêu Nữa,Minh Luân,BOLERO_TRUTINH,TIER_A,True,False,0,,False,False,0,,True,1513,260,263bbc39e9bd26417dab9f11695eadf425e1ddafdb8d303df0d4317eded54241,
RMVM_S_2426007b08,Em Chưa Đôi Mươi,Phúc Sơn,POP_BALLAD,TIER_A,True,False,0,,False,False,0,,True,2168,408,8a490e8126138d8189504ee556278d828075474e40885e4e06ddf58ad8ff6f23,
RMVM_S_eacbdba81e,Yêu Đơn Phương (Beat),"OnlyC, Karik",POP_BALLAD,TIER_A,True,False,0,,False,False,0,,True,2947,513,eb53c454fbf78b9c8157216af361df5646b1e4c5e502500010b47b328d8a2398,
RMVM_S_32fe58b3b2,Chuyện Dàn Thiên Lý,Vinh Tuấn,POP_BALLAD,TIER_A,True,False,0,,False,False,0,,True,1610,276,06b949b13807f9e6375003ab695e48425607efc91b70d2a7bb113abd9aaa20a2,
RMVM_S_c10d1844ec,Sau Tổn Thương,Ngô Minh,POP_BALLAD,TIER_A,True,False,0,,False,False,0,,True,2073,372,8973cfeb13a88f972075dbf37378972deb346ebf6bb5849c21f284379408d43f,
RMVM_S_f17326192b,Em Đã Có Một Ngày Thật Tệ,Hannie,POP_BALLAD,TIER_A,True,False,0,,False,False,0,,True,1806,324,fd850fe11b13204c541651819b093f25833150918348da40b38227fd9543a829,
RMVM_S_712a5b4250,Ngày Còn Em Bên Tôi,Cao Hoàng Nghi,BOLERO_TRUTINH,TIER_A,True,False,0,,False,False,0,,True,1538,274,ce66e0bf79a66afb1279779f2257ae5bbf3b724a7bc96a6bfdbfff10a28e341f,
RMVM_S_be1262c851,Khúc Giao Thoa Tình Duyên,Kim Linh,BOLERO_TRUTINH,TIER_A,True,False,0,,False,False,0,,True,1446,248,35cbd6902899e271c6f1c50f2946f900a557ac207644296af11f28604001bedc,
RMVM_S_4dab675472,Hôm Nay Em Cưới Rồi,Khải Đăng,POP_BALLAD,TIER_A,True,False,0,,False,False,0,,True,2292,404,bfe7047b423d66a8d3a43087e0a29209e3f0b6a92e345c7b4698a0fc20a1e041,
RMVM_S_8bd351149c,Ảo Ảnh (BLUE REMIX),"ZIN MEDIA, Linh Hương Luz",DANCE_EDM,TIER_A,True,False,0,,False,False,0,,True,2260,393,a94f0e7901930900be3bd7dec98377c2e962a9178bca5ff48ff5a6f3aa1cfac4,
RMVM_S_aa690af6ce,Đã Mất Nhau,Vũ Phương,POP_BALLAD,TIER_A,True,False,0,,False,False,0,,True,1672,306,c0ca8b9ddae7e983e5825745e0fb2d04809eb1a2f038ac0574556bb83af3ebe4,
RMVM_S_e00c3adaaf,Quay Lưng Về Nhau,Lê Bảo Bình,POP_BALLAD,TIER_A,True,False,0,,False,False,0,,True,1654,275,52bc0a688334a720915ca0b2d1a3ae4697f71d04f60995a9551c9fb3f8d89185,
RMVM_S_77a386d369,Điều Quan Trọng Nhất,Đại Đức Thích Nhuận Thanh,BOLERO_TRUTINH,TIER_A,True,False,0,,False,False,0,,True,1701,289,eaf5e94117e8061f0f5521d3af55fa12489152c801802999e59b73f3337b99d7,
RMVM_S_dc3b6e4d4d,Yêu Vợ Nhất (Remix),Lý Tuấn Kiệt,DANCE_EDM,TIER_A,True,False,0,,False,False,0,,True,1759,316,01499129e2191b13cc79e0c889db970444caba8ba7b72a4474414427b6173309,
RMVM_S_2ecf03b3da,Sau Bao Đêm,"Cú, Ngô Hoàng Hạ",POP_BALLAD,TIER_A,True,False,0,,False,False,0,,True,5452,917,9d0c5e82f79e20fcb41a11b6cc6f9c9dea1f123f66b962761a4c42beca63f9b9,
RMVM_S_6a5078988d,Làm Sao Để Quên Được Anh,TDA,POP_BALLAD,TIER_A,True,False,0,,False,False,0,,True,1883,343,104b2f8d0c5767fcc054a0685b0d2c4e596bf4937d89d7f770daccdf45913bb8,
RMVM_S_7fa24fbd61,ĐOẠN TÁI BÚT (LOFI VERSION),Bùi Phi Long,BOLERO_TRUTINH,TIER_A,True,False,0,,False,False,0,,True,1401,243,c793cb2a9db358f18cde881b29adc82575903a0f9452c2eed5d66376a453dc8e,
RMVM_S_725c5ee3b3,Anh Không Yêu Cô Gái Đó (Remix),Hồ Gia Khánh,POP_BALLAD,TIER_A,True,False,0,,False,False,0,,True,3243,592,443e12ecacb9ccd492b010532037ed82ccfb1bae93d3fa8d605fc443829518ae,
RMVM_S_22a37fdeaa,Quên Chưa Những Dấu Yêu,Ngọc Lan,INSTRUMENTAL,TIER_B,True,False,0,,False,False,0,,True,2143,367,e1820e75a942a0d49b48907096551ece7f434edf149f305d48dc72ae98f8e475,
RMVM_S_8e856d7a81,Nát Ruột Chia Tay,Mai Tiến Đạt,POP_BALLAD,TIER_A,True,False,0,,False,False,0,,True,1693,286,9b8e92ae21b1f9a1843a163a3ab82144e61e1691bb92bb74aa7be5ba62354793,
RMVM_S_4fa28fcb6c,Một Người Ði,Phương Diễm Hạnh,BOLERO_TRUTINH,TIER_A,True,False,0,,False,False,0,,True,1873,319,06471e19a05f29782d6aa7b069d787720d41836d839fb5711b875052fd278239,
RMVM_S_679d21b4f7,Chuyến Đi Của Thanh Xuân (Chuyến Đi Của Thanh Xuân OST),Suni Hạ Linh,POP_BALLAD,TIER_A,True,False,0,,False,False,0,,True,2240,404,4d4bc5c56e3f15bcd50d60225be6e1242635eb4b1b2b997ddcae208b970f1379,
RMVM_S_85836b7581,Ta Sẽ Trở Lại,Bức Tường,POP_BALLAD,TIER_A,True,False,0,,False,False,0,,True,1563,283,890161885512078528eb385843fa12b3a6f603c2631bc8211c7704f16c7e8a8f,
RMVM_S_0c4d56bbd9,Chuyện Tình Cô Ba Cao Lãnh,"Khưu Huy Vũ, Dương Hồng Loan",BOLERO_TRUTINH,TIER_A,True,False,0,,False,False,0,,True,2322,398,9a5967fcc8e3ba83d5fdcac9bd159e571466cb0fe4e19640576cfd092118fa8a,
RMVM_S_a0d01369c3,Đoản Xuân Ca (Chu Duyên Cover) [Remix],"Chu Duyên, CT",POP_BALLAD,TIER_A,True,False,0,,False,False,0,,True,1143,188,a6e18d0ee2e6ee4ec0a758da2849d2f0c062003ba9de9334afe636003009d89c,
RMVM_S_033dd792d1,Anh Chỉ Là Quá Khứ,Lê Yến Vy,POP_BALLAD,TIER_A,True,False,0,,False,False,0,,True,1746,313,f36a370589e2315e66ad1b8a898e31b098b7094ef153d85983cb9f74c1c83767,
RMVM_S_6d0b604ccf,Sai Không Thể Sửa,Thiên Tú,POP_BALLAD,TIER_A,True,False,0,,False,False,0,,True,1798,306,cd77a472ff95a6589258f34cc3e48dfe6dab87db8965960d892e50fb70139369,
RMVM_S_c3c17ad7f2,Nắng Đi Rồi,Ary,POP_BALLAD,TIER_A,True,False,0,,False,False,0,,True,1645,286,0c0c97f64e517f55d18910895e935b038aff75a6bf74b22785ed779e21afb6a1,
RMVM_S_b677154589,Anh Chỉ Yêu Một Người (Remix),Lương Nhất Cường,DANCE_EDM,TIER_A,True,False,0,,False,False,0,,True,2299,405,2b9805f295be8917a0352e5da992373a9c79e25a55dd092c4cecd20b871d687e,
RMVM_S_65fd92aa81,Lời Cảm Ơn Mẹ Ngọt Ngào,VMO Band,POP_BALLAD,TIER_A,True,False,0,,False,False,0,,True,2659,468,c5fd95fd6e139bc475fee3484afe58555a9ee0a8653580e454c1697ce255a9d2,
RMVM_S_ec0f24439c,Chia Tay Khi Còn Yêu,Trang Tạ,POP_BALLAD,TIER_A,True,False,0,,False,False,0,,True,1558,272,615bba42f44f1f4f352f7b8e06f9606c3b540453cec402020ba3e9dfa7d33119,
RMVM_S_b9cea0efd9,Ước Mơ Của Bạn,"Chung Thanh Duy, Hamin, Konis Williams",POP_BALLAD,TIER_A,True,False,0,,False,False,0,,True,2710,464,d5eda379b3ca292ebdd2c63a1e64384d320abcdeb365a68b40dc4ce76df73a5a,
RMVM_S_297aa2e479,Cô Gái Ngày Xưa,Cao Thái Sơn,POP_BALLAD,TIER_A,True,False,0,,False,False,0,,True,2157,386,2c39b579acb87396c0eb6399006692b29997714387c5c011b3045fcbeda70bf5,
RMVM_S_8d65394b01,Gặp Được Nhau,"Hồ Việt Trung, Saka Trương Tuyền",POP_BALLAD,TIER_A,True,False,0,,False,False,0,,True,1925,330,16eae9bb418069d61088a61e0f52e3d77380ae3a69c4f1e33896c8db6d55e9d7,
RMVM_S_e17e503dcc,Người Yêu Tôi Không Biết Nấu Ăn,"Kim Trung, Gold K",POP_BALLAD,TIER_A,True,False,0,,False,False,0,,True,3281,590,6a37f203ece8266b47456a4445ade9d584eec94733ebbedbfa3a1496af868812,
RMVM_S_421d7a4cbf,Tiếng Cuốc Đêm Trăng,Diễm Thùy,BOLERO_TRUTINH,TIER_A,True,False,0,,False,False,0,,True,1834,264,d851c9d5b4d1910dbcc538d84efd906d1ddd8188b74bbc8a06da42f9279cbaac,
RMVM_S_0a98baee68,Hoa Trinh Nữ,Bảo Hân Bolero,BOLERO_TRUTINH,TIER_A,True,False,0,,False,False,0,,True,2521,422,c448546f699c6b914f0900917054998ec534a0c6b95d04d1bd428e3799b672d6,
RMVM_S_2f67ac4ccd,Cả Một Đời Để Quên (Meme Lofi),"Đặng Tuấn Vũ, Lâm Tuấn",POP_BALLAD,TIER_A,True,False,0,,False,False,0,,True,2733,467,f045328f09e009c542695dd1385019d496e19f50e7a473f13e4c2fb62d4bf5b9,
RMVM_S_17301bbe08,Cớ Sao Buông Bàn Tay,"Tâm Tâm, HíuV, HOA HỒNG DẠI MUSIC",POP_BALLAD,TIER_A,True,False,0,,False,False,0,,True,3051,532,a4e5c99147d4d9d42765874089ca1957e130d9291cf7baab5c1ad8bec8fb9d27,
RMVM_S_7050e57f01,Bài Không Tên 50,Nguyen Hong Nhung,INSTRUMENTAL,TIER_B,True,False,0,,False,False,0,,True,1121,190,2ef10c5e4cf467eb074ee6a1ca7d045bba477425a1753381f09bfc7ab2487d91,
RMVM_S_af79ac46cf,Bạn Ơi Hãy Cho Đi,"Phạm Hà, Tốp Ca",POP_BALLAD,TIER_A,True,False,0,,False,False,0,,True,1893,327,0a5d13cc3cb3aed3394b25848cd7da8e1fa12deb82f22c5625077c9568f1c42b,
RMVM_S_a8c664bb31,Chỉ Cho Anh Một Lối,Duy Phước,POP_BALLAD,TIER_A,True,False,0,,False,False,0,,True,2448,437,20ea59baba4804ff9c8188fb2181068555353045b43f4bbc698b813e7006639d,
RMVM_S_6e1e5dbb30,Chỉ Là Dối Lòng,Nguyễn Đình Long,POP_BALLAD,TIER_A,True,False,0,,False,False,0,,True,2648,466,43adce90416c674d0a5258d5474ccaa2bf17c3227f14d9249050a6106a0c673d,
RMVM_S_83c053baf7,Tết Này Con Sẽ Về,Dương Jun,POP_BALLAD,TIER_A,True,False,0,,False,False,0,,True,2136,388,7a924e3ab1be2571b7f223509d6533a23d2be357c2dff118a8a050ef00ec36c0,2024.0
RMVM_S_c3690ec045,Khó Quên Cuộc Tình,"Uyên Trang, Hàn Thái Tú",POP_BALLAD,TIER_A,True,False,0,,False,False,0,,True,2412,436,8902f80f763b1a88e85245cb05a79eff3da8154453408f7bbafbe32246456ff5,
RMVM_S_3a2c97f5a3,Rap Về Bạch Tuyết,Phan Ann,RAP_HIPHOP,TIER_A,True,False,0,,False,False,0,,True,5164,872,6c2642e37b247787fa7b61f2e841755dbef78ecc37f68f9a938cbb2a87b86fdf,
RMVM_S_b140fa42d4,Bỏ Lại Thương Nhưng Vướng Thì Đau,Lý Tuấn Kiệt,POP_BALLAD,TIER_A,True,False,0,,False,False,0,,True,1427,257,0f00cc2b1a690ff8acedd874b5ab9d3134370d67e546dfc35f0dfaf2ddfc3b96,
RMVM_S_ee5142e392,Anh Đã Hết Cảm Giác Với Em,Luna Band,POP_BALLAD,TIER_A,True,False,0,,False,False,0,,True,2486,430,746707770f38a80e78ecebdbc181740d2038b71ba769084af5a120a0f7386c90,
RMVM_S_cbb6936ae1,Bolero Liên Khúc Chuyện Đêm Mưa,"Khánh Tâm, Phạm Anh Tuấn",POP_BALLAD,TIER_A,True,False,0,,False,False,0,,True,3143,540,08cf52163d522b168eb9412709d857292cb2ec71616ca6be99005a03acf8b3f1,
RMVM_S_209353d1a4,Nắng Chiều,"Cảnh Hàn, Cẩm Ly, Minh Tuyết",BOLERO_TRUTINH,TIER_A,True,False,0,,False,False,0,,True,1734,296,86f6438742cf715354e244ab288dc8b5db931986147023df508f37b4714dc144,
RMVM_S_5349dbfbe8,Miền Trung Nước Mắt,Phùng Ngọc Huy,FOLK_TRADITIONAL,TIER_A,True,False,0,,False,False,0,,True,2169,369,cf8c1304afdc5e73bf94696523e90e1c948f0ceb737f0d5be2b6cbbf2dfb0386,
RMVM_S_9915ce296e,Chỉ Chọn Tây Kinh,Lee Phú Quý,POP_BALLAD,TIER_A,True,False,0,,False,False,0,,True,1482,242,fa56bfcec5b2ce4e803820d1f293236a3f12f81636865fe875bdfbc791f3377a,
RMVM_S_db176baf85,Mối Tình Xa Xưa,"Tấn Minh, Uyên Di",BOLERO_TRUTINH,TIER_A,True,False,0,,False,False,0,,True,1833,309,b8d61c12a0053807f269d88c7d7ae18ca14afced78c2d11355bbebb357d09abf,
RMVM_S_aeebecadae,Bonus Track: Hôm Nay Tôi Lười (Pt.1) (Acoustic Version),CHARLES.,POP_BALLAD,TIER_A,True,False,0,,False,False,0,,True,2785,510,9ff4c97f05cbd9d44cc74f8092300e75d9bb30ae52742e047d7063e129ba4594,
RMVM_S_ecd2eb77be,Em Hãy Cứ Đi Đi,Trương Hiển,POP_BALLAD,TIER_A,True,False,0,,False,False,0,,True,2190,400,02522a5fbae9f38dfc4361987bb09ced3f7ed75cf704f18e75d5ff08197c34fe,
RMVM_S_352ee96659,Bao Giờ Em Mới Yêu Anh,Tuấn,POP_BALLAD,TIER_A,True,False,0,,False,False,0,,True,2335,411,50e541c4414a0ee52a8713d4ca2f11c05b2e34ff2713448401afea5a3736c5f8,
RMVM_S_69180db51d,Liên Khúc Mong Em Còn Ngày Mai (Remix),Hằng Ni,POP_BALLAD,TIER_A,True,False,0,,False,False,0,,True,5134,884,3625c5eeaa2bea80ba5ae2a410211769d6c1d31046b3fad453531f36e446c0c1,
RMVM_S_b498e23f3d,Nụ Cười 18 20 (Remix Version 2),"BMZ, Hoa Xuân Đức",POP_BALLAD,TIER_A,True,False,0,,False,False,0,,True,2006,331,c57543e423c28cf9674e2a01718d1d8623bab4a40836d972ca3b31861fb82ce9,
RMVM_S_2fc3f512b6,Bình Dương Dấu Yêu,Dương Hồng Loan,BOLERO_TRUTINH,TIER_A,True,False,0,,False,False,0,,True,2034,346,617c5495b4bb1d24d4793305c1f0729f180ad91da51ecc9bc7d80c4a3aaa05de,
RMVM_S_9b86080c22,Đừng Trách Con Gái (Acoustic),DIMZ,POP_BALLAD,TIER_A,True,False,0,,False,False,0,,True,1860,303,4a2e82b7da2c08281b11a5ef16ca6ecc6165f1b7124dd2e00666b733a860f414,
RMVM_S_84fbc3281a,Tự Mình (Ballad Version),Thanh Duy,POP_BALLAD,TIER_A,True,False,0,,False,False,0,,True,1402,242,c99a1163dfc977c0198c68f8cd70fae1c0a780985caaf11eae644d7f804ce873,
RMVM_S_0fac91638f,ANH MỆT RỒI (Live NPD),Anh Quân Idol,POP_BALLAD,TIER_A,True,False,0,,False,False,0,,True,2335,404,d3304b1777af17274db4580aa15d5f63e765f695cf202a4fd09ea41f4b8d8c2b,
RMVM_S_155d98448c,Hạnh Phúc Trên Tay,"Thiên Kim, Thế Sơn",INSTRUMENTAL,TIER_B,True,False,0,,False,False,0,,True,1403,259,084a0ba11c271c35f7c6f49f795f4f224cf537455f61502f404dedf53a385d7e,
RMVM_S_a36226d2e6,Em Là Tương Lai Của Anh,Lưu Hồng Quân,POP_BALLAD,TIER_A,True,False,0,,False,False,0,,True,2421,428,cae221619dc5ae85f462ef358ecb8c6d7629df592d86700c6b404eaa6a6617dc,
RMVM_S_cca5b90422,Bước Vào Tim Tôi Hút Hồn Tôi,Thiên Tú,POP_BALLAD,TIER_A,True,False,0,,False,False,0,,True,2370,414,a6544789a3677e8b592bf5df86371a79f94a1af79065870668ca33ea741f5fee,
RMVM_S_099258aeec,Anh Chắc Phải Quên Em Rồi,Tường Quân,POP_BALLAD,TIER_A,True,False,0,,False,False,0,,True,2377,414,afd5fcc2dc7c7d2dde440aa4176ae9e56b249ce2f1efdf305090b32b722cfeb0,
RMVM_S_1a9d1ddf7a,Đánh Cắp Mặt Trời,"Double2T, Cao Thanh Thảo My, Xệ Xệ",POP_BALLAD,TIER_A,True,False,0,,False,False,0,,True,2558,440,0996df76354183018a5be481bdba6498cf372b587e7d6d9aad50341b04878e8a,
RMVM_S_87147a8270,Chuyện tình nàng trinh nữ tên Thi (The Heroes Version),Uni5,POP_BALLAD,TIER_A,True,False,0,,False,False,0,,True,1984,350,17a6e75cb82e2ad9d850184efb7de71afbce5cafbd5ca22cf94ff44bf3771de9,
RMVM_S_6658e8f4ab,Chẳng Qua Nỗi Nhớ Vẫn Đong Đầy,Thu Thủy,POP_BALLAD,TIER_A,True,False,0,,False,False,0,,True,1967,336,0d9acdbc038531083166dc9774368a4964214ac7d2ac16d954f96b3d8ea2d54d,
RMVM_S_ab6814ddf1,Nỗi Nhớ Hóa Băng,Nam Em,POP_BALLAD,TIER_A,True,False,0,,False,False,0,,True,1081,185,1a0a1ce90aae13726da3fa8497665c7b3fc3b824951b28bea663293ee239f487,
RMVM_S_a01a904132,LK Phố Cũ Vắng Anh,"Phạm Thanh Duy, Kha Ly",POP_BALLAD,TIER_A,True,False,0,,False,False,0,,True,2797,483,c91f38e2a9603768d0a7abbcde1dd46911fe99daa5ff3b52ed180600700fc483,
RMVM_S_21ca97f5d8,Để Trả Lời Một Câu Hỏi,"Bảo Hân Bolero, Hoàng Anh",BOLERO_TRUTINH,TIER_A,True,False,0,,False,False,0,,True,1310,229,2e573d97cc71334e44be3bb7a0df1f4592bb21cf543323abb023c9cf1eefb145,
RMVM_S_3a05ebe175,Đời Là Thế Đó,Hoàng Vinh,POP_BALLAD,TIER_A,True,False,0,,False,False,0,,True,1771,298,4f80b2eef2d9ef97feda38fd8431772d92c13c02c58c1f6827ccbc035206671d,
RMVM_S_f2b4f16ef7,Năm Tới Con Về,"Công Danh, Trọng Vĩnh",POP_BALLAD,TIER_A,True,False,0,,False,False,0,,True,2589,450,25e5bab699c7d2d1c180abcefa7835e8791d1db5e1341f9b2fc4411108bfc317,
RMVM_S_f3fa3a2c03,Lời Ru Ánh Sáng,Ngọc Mai,POP_BALLAD,TIER_A,True,False,0,,False,False,0,,True,1319,245,ff96f96c401e87aa14b1351a649702a268405600b8c1010bb2d261eb5e1a897c,
RMVM_S_115752ca60,Nhật Thực,Cẩm Loan,BOLERO_TRUTINH,TIER_A,True,False,0,,False,False,0,,True,1699,266,52a7c436511622be541ce647c64bb908006528d3459ba4ef0e70b1bb5d2e5dbc,
RMVM_S_8cd121154a,Anh Đã Thay Lòng,"Gia Tiến, Thanh Ngân",POP_BALLAD,TIER_A,True,False,0,,False,False,0,,True,1689,300,fc0353f5cbe29febbf9899ab2ccb2bf1a1ce3d2dba7bf2884d05c2daf89129d8,
RMVM_S_f0b5b189ae,Chờ Mãi Phút Giây Này,Tăng Anh Tuấn,POP_BALLAD,TIER_A,True,False,0,,False,False,0,,True,2079,357,87c90668a43e9976b8d6c05aa90a673f7c9bed603e56c8127e4a96b53f381a60,
RMVM_S_dc44b41da7,Tình Nồng Phai Dấu,Lương Gia Huy,POP_BALLAD,TIER_A,True,False,0,,False,False,0,,True,1362,244,f68d51872184858827fdec8851137db1780592dec83d649d7cae3c6e46bfbe10,
RMVM_S_61e37a2ede,Nếu Phôi Phai Ngày Mai,"Saka Trương Tuyền, Khang Lê",DANCE_EDM,TIER_A,True,False,0,,False,False,0,,True,1489,261,3d02c3771436853bebfb9d4bfe3a68e10827a0031868f51ce7dfb6955e6d7f6b,
RMVM_S_3934cfeb95,An Giang Quê Tôi,Văn Hương,BOLERO_TRUTINH,TIER_A,True,False,0,,False,False,0,,True,2028,354,c1044213b526b977071a8c484b6f01b188891ce55f0e1206db895d3e62e641b3,
RMVM_S_e876959dab,Làm Sao Anh Quên (Beat),Nhật Tinh Anh,POP_BALLAD,TIER_A,True,False,0,,False,False,0,,True,1522,287,29b14a94f692dcb85787f0c8837a6dbe8cad57930900a4781b13e1bf50d3f840,
RMVM_S_1ce2a206ee,Em Vừa Lòng Chưa,Dee Trần,POP_BALLAD,TIER_A,True,False,0,,False,False,0,,True,2542,446,2647fff010175298be84e8b7a83b8c5b7aa541cc37ca7179a5f227b4b860d84a,
RMVM_S_e8f201ac30,Em Vẫn Chưa Về (Beat),Đình Phong,POP_BALLAD,TIER_A,True,False,0,,False,False,0,,True,1554,288,670f474fd6f6f02fd14274283a18e4c8aecbfc961b8d9078f65e7e15c8248ccc,
RMVM_S_e80b9a9cd6,Tương Tư Nàng Ca Sĩ,"Anh Nguyễn, Mai Tiến Đạt",POP_BALLAD,TIER_A,True,False,0,,False,False,0,,True,1296,239,7426d57c03c6dc301c88031cce4ae3766443ac3b98d40497149477fb25048847,
RMVM_S_0c76503cce,Làm Sao Để Yêu Thương Quay Về,Đoàn Tuấn,POP_BALLAD,TIER_A,True,False,0,,False,False,0,,True,2329,399,065a258aa593dc7d962e75b97499979383ce34d20296719b3505e23f8c27b632,
RMVM_S_e489ba6577,Cả Đời Này Anh Thua Em,Khánh Đơn,POP_BALLAD,TIER_A,True,False,0,,False,False,0,,True,2588,462,3117082e982c70837223a5247168860d03c40538baeec3c7738dea79b41dc504,
RMVM_S_837c32233d,Em Quá Đáng Lắm Luôn Á,Phong Supin,POP_BALLAD,TIER_A,True,False,0,,False,False,0,,True,1304,230,a83b13dc0c59610c6c73fcd67bfe7d6132ee6a04de924a8d0260d72a34fc22ac,
RMVM_S_901cf827a8,Đừng Quên Tôi Nhé,Mạnh Hakyno,POP_BALLAD,TIER_A,True,False,0,,False,False,0,,True,3355,558,75fcc8755978c782047894dbcc8c020c1f06f806c6afa7d343e09ada9dd63c75,
RMVM_S_4c7b418c6d,Chẳng Còn Là Chúng Ta (Mến Gái Miền Tây OST),Võ Đăng Khoa,POP_BALLAD,TIER_A,True,False,0,,False,False,0,,True,1933,349,797c2d37036d5c0111946cccd5dce620bd96647ed1e48063c9852b0d562f3778,
RMVM_S_8e32a9ac95,Đau lòng,"Machiot, 52Hz",RAP_HIPHOP,TIER_A,True,False,0,,False,False,0,,True,2678,471,ed72607dba1fbd6ca15924f346afb4c652dcf12c9715de6d947d39c84dc189b8,
RMVM_S_c15e65d792,Ai Rồi Cũng Sẽ Khác,Quang Hà,POP_BALLAD,TIER_A,True,False,0,,False,False,0,,True,2081,370,2ecd9a2190402e89369bbb1bc23ce2f48b07564e559669bb872ba201dd5f05d3,
RMVM_S_2e2ea5a361,Đêm Giã Từ,Thu Phương,BOLERO_TRUTINH,TIER_A,True,False,0,,False,False,0,,True,1697,290,f9268a34cd1c30bc28a62bf72d3acc5fb880b9c545b59b5b6e1dc1bf2acedcc6,
RMVM_S_96e2d80f52,Không Còn Chung Hướng,"Phạm Sắc Lệnh, LQ",POP_BALLAD,TIER_A,True,False,0,,False,False,0,,True,1941,344,4483f473bed2f558aeee7cb13571f0abf40267e805b9829f3e1212fcaba4b937,
RMVM_S_6a22a76aab,Còn gì kiếp sau,Đông Đông,POP_BALLAD,TIER_A,True,False,0,,False,False,0,,True,1948,330,e9c25d76855063c5f74e75813ddb8a1bf9eaf81070a3d3ba2118a78353b4b881,
RMVM_S_eba8cc8c03,AI KHÓC CHO EM ?,"Poll, MinT",RAP_HIPHOP,TIER_A,True,False,0,,False,False,0,,True,2649,466,1ffdecc3604b4c94a23f755b8f124250c49bc057958109d3ec86dee892bcddf9,
RMVM_S_8f1cedddaa,Anh Béo Thì Sao Nào?,"Võ Ê Vo, Như Hexi",POP_BALLAD,TIER_A,True,False,0,,False,False,0,,True,2432,466,ebb285915b5a3b5e5288bfea54d0201ed0650d4ffceaf350ba598bb201a6088a,
RMVM_S_6598fa210b,Anh Không Tin,Kha Ken,POP_BALLAD,TIER_A,True,False,0,,False,False,0,,True,2171,403,2f414c7eccac74f04618ab8b66a6475b1ec9038d744ca4cc9fa7bb17021cfec3,
RMVM_S_b248a0e8f7,Anh Đã Nhận Ra,Võ Hoài Phúc,BOLERO_TRUTINH,TIER_A,True,False,0,,False,False,0,,True,1569,273,efd8f6006eb23ad807c1a8240d93b5f5efa67a893f692a19aec62a43e8e45f05,
RMVM_S_4ed15a3855,Có Những Phai Tàn,Lân Nhã,POP_BALLAD,TIER_A,True,False,0,,False,False,0,,True,1629,282,50c7feccf572696c61116c32d1b5b751c53b36c65799ac4b0cd67a15789bb134,
RMVM_S_df4490d904,Chỉ Cần Có Phật,Lee Phú Quý,POP_BALLAD,TIER_A,True,False,0,,False,False,0,,True,2311,408,f74eb27fa43b1d0f57f1761e8cef34b99d15b2ed9b4b79553139c45f96b8f765,
RMVM_S_2a5438862a,Chỉ Trừ Em Ra,Chic Quỳnh,POP_BALLAD,TIER_A,True,False,0,,False,False,0,,True,2345,429,eab0d46432928197d94a55b0a10bc27e57086eec9b201a20a12a162976044577,
RMVM_S_eda75848d9,Cảm Ơn Một Niềm Đau,Mỹ Hạnh,POP_BALLAD,TIER_A,True,False,0,,False,False,0,,True,1433,256,cbc7526c49ba280bab3c25ccd8f6310c1a09833a8b8c6e6d183ba48d4b868587,
RMVM_S_f14a48784e,Gửi Chúng Ta Năm Nào,Cao Minh,POP_BALLAD,TIER_A,True,False,0,,False,False,0,,True,2143,384,6a7c4786741b2213a177892766ef4441a37ae5129b2dac0cf024e92e9becc279,
RMVM_S_dcd938c77f,Một Ngàn Lý Do Đau Lòng,Ngô Minh,POP_BALLAD,TIER_A,True,False,0,,False,False,0,,True,1791,312,e6f09e91722ba93f88ce2f068a2b48508630eb6aa1f58ad8d10f86bdbca0ac63,
RMVM_S_56363e6446,Hạ Còn Vương Nắng,"DatKaa, Kido",POP_BALLAD,TIER_A,True,False,0,,False,False,0,,True,3571,626,58dd9148a4ac5e783a9de8f48aac66ef502a83526ff0a3ce936f73b63ba68ac9,
RMVM_S_38a10e6790,Người Yêu Đi Lấy Chồng,Bùi Vĩnh Phúc,POP_BALLAD,TIER_A,True,False,0,,False,False,0,,True,1810,306,5f843481175e9ddd504ef513a19f8e946228960ef405f789278d2a22e86f228b,
RMVM_S_5451f9c80b,Anh Chẳng Thể Yêu Em,Hà,POP_BALLAD,TIER_A,True,False,0,,False,False,0,,True,1528,268,4f0c82402803fc45727a2d09fcc561cb0d97e7490d700e12ffb631eb6ad9616f,
RMVM_S_26146029e2,Cảm Xúc Mong Manh,BILLY100,RAP_HIPHOP,TIER_A,True,False,0,,False,False,0,,True,3401,607,9577d99896cf61e695c2be85cb7852ffccf6d3a49bbb39ef43d0bc7532767cdf,
RMVM_S_45bef51741,Khí Phách Nam Nhi (Thái Bình Thiên Quốc OST),Châu Gia Chuyển,POP_BALLAD,TIER_A,True,False,0,,False,False,0,,True,1242,199,2d0c3f8c0f1d16bad7b439ef3129e3911bd9d51f0684b74ef2a9a1337350f0fd,
RMVM_S_3218e8bd2b,Đón Xuân Rộn Ràng,Trần Văn Nhật,DANCE_EDM,TIER_A,True,False,0,,False,False,0,,True,2605,466,55f57dde8b491f2c4a446be5907b9230e09124d4b304255e89a40c4004045734,
RMVM_S_bcb9b104ba,Anh Em Một Lòng Có Nhau (Remix),"Dương Minh Kiệt, Trịnh Tuấn Vỹ",POP_BALLAD,TIER_A,True,False,0,,False,False,0,,True,1582,283,6e1d587546e7fae67f1e27ce9d6d7d3a23679b5ded0a0bc45412f0aa2cecf57f,
RMVM_S_baa8f9c128,Bài Nhạc Tình Khó Viết,Đăng Nguyên,POP_BALLAD,TIER_A,True,False,0,,False,False,0,,True,1648,283,ab7d08561f7a85e6a5dc1ee7758eb48254928578b533b1f2934ef9f788727eb0,
RMVM_S_3c28af64dc,Hạnh Phúc Vì Có Em,"Anh Đô, Cao Thành Đạt",POP_BALLAD,TIER_A,True,False,0,,False,False,0,,True,1785,321,8a6054e489f72abb29816d1c34f798e7e82fcb82a84d154910588211dac83cad,
RMVM_S_b01bc1bb54,Gặp Em Lúc Tan Vỡ,Trung Quân,POP_BALLAD,TIER_A,True,False,0,,False,False,0,,True,1838,321,f9ffbbdf5e003900699248766c9681e2dce77b19a9ca4e14a0bb53dd567c1315,
RMVM_S_a514c4aede,Thời Gian Nơi Xa,Hương Lan,BOLERO_TRUTINH,TIER_A,True,False,0,,False,False,0,,True,1254,219,ff17fc2d64c4f5d9a3e4e5a689780017d4cd89cd883bcfe4b4f6907a43b226d2,
RMVM_S_704bcecde0,Người Giỏi Chăn Nuôi,Vân Khánh,FOLK_TRADITIONAL,TIER_B,True,False,0,,False,False,0,,True,2186,353,f9c2d06903dfc6c3840e04bffcd58601582b7f5dff8118762a656f8522da8404,
RMVM_S_1bdd81354c,Anh Không Cần (Beat),Hoàng Gia Huy,POP_BALLAD,TIER_A,True,False,0,,False,False,0,,True,1878,341,ff8e9b73150792a2039f8639df41595b274e4ec6be6c966f1ee38883882ceaf3,
RMVM_S_076ebb6b28,Lời Hứa Cũ,RHY,POP_BALLAD,TIER_A,True,False,0,,False,False,0,,True,2218,385,e43c32d2812697ad4b2e37d78bbec17771d6afb8451ab8a33d00eb7e40b6626e,
RMVM_S_ce4ee9f5bb,Bài Ca Tạm Biệt,Quốc Định,BOLERO_TRUTINH,TIER_A,True,False,0,,False,False,0,,True,1562,266,3a7c62344db41ff3d1b5048df52f789787e9f7316a36e40d15735087e15eac5a,
RMVM_S_8c134df6d1,Khi Em Thấy Cô Đơn,Đăng Khôi,POP_BALLAD,TIER_A,True,False,0,,False,False,0,,True,2193,396,c50f109e3b884f6dfffa5d4f3284e1d7afb5ea98eab42d9dde1f89347f6b134d,
RMVM_S_d5d2bad0db,Tình Yêu Như Thế Đó,Bảo Hân,INSTRUMENTAL,TIER_B,True,False,0,,False,False,0,,True,1454,251,5a07f4fc714dfad68782942cd961040267e435318e1eae750bbda996c85d4119,
RMVM_S_07f15ca9ad,Một Đời Là Anh Em (Beat),Khánh Trần Rio,POP_BALLAD,TIER_A,True,False,0,,False,False,0,,True,2279,414,b04d2066d3fb6267ff525902a188825dbc8a4684de77a08a081328a079330089,
RMVM_S_3cd2f7c37b,Huyền Diệu,Thu Hiền,FOLK_TRADITIONAL,TIER_B,True,False,0,,False,False,0,,True,1345,226,16a4700431c5d2873b813555b7ba0531fbbcf812688ad776c4ae6f2a61162185,
RMVM_S_42e6607118,Xin Hãy Yêu Anh,Đăng Khôi,POP_BALLAD,TIER_A,True,False,0,,False,False,0,,True,1627,300,2ecd2f958c042604390654654955755ffd604e19eb1661693bf3e3d505be696b,
RMVM_S_7968946ed3,Lời Ru Ngày Xưa,Quang Linh,BOLERO_TRUTINH,TIER_A,True,False,0,,False,False,0,,True,2393,419,871f281c83c37065bbd64c410ffdfe1c5cc4c872dddf0e2ed2d85d79ea96ca3c,
RMVM_S_fe1020a0e6,Bạn Thân (Beat),V.Music New,POP_BALLAD,TIER_A,True,False,0,,False,False,0,,True,2012,350,a09143431e078d7f4a7b977e8db20b83640a45e0be4e7467ad2e228387fc8f8f,
RMVM_S_366d68edc2,Bạn Thân Ơi,"Wxrdie, Droppy",BOLERO_TRUTINH,TIER_A,True,False,0,,False,False,0,,True,3788,677,4b19154f9035f35d87f38c12d1b1eb5edb77df65e7c4bafb9b905ebac613d1cf,
RMVM_S_843f848a23,Trái Tim Dịu Dàng,Hồ Lệ Thu,BOLERO_TRUTINH,TIER_A,True,False,0,,False,False,0,,True,1608,275,3004b35f0c3aea97d6b94a5323d79be14b23a7c22faab61b6548b0f5b9c242c2,
RMVM_S_5c00715d72,Duyên Kiếp Và Cỏ Úa,Đinh Trường,POP_BALLAD,TIER_A,True,False,0,,False,False,0,,True,1688,291,f5201ffcc0243ac92468c81afdba3f51d5348bc67ef50f4f8d0df63a0ede5404,
RMVM_S_5848cc0740,Kẻ Đa Tình,Hoàng Minh Thắng,BOLERO_TRUTINH,TIER_A,True,False,0,,False,False,0,,True,2311,418,30ce4260be38fd36c78cec08c133d21d0e1587231f9922d090d9caab366381e7,
RMVM_S_0e23d972cf,Dối Gian Tình Đầu,Quốc Thái,POP_BALLAD,TIER_A,True,False,0,,False,False,0,,True,2547,454,fb57b31fb47bbe029fcd19930ff38e90c473979935b1acb1ff4d62df66fd0fd0,
RMVM_S_7aeb37ea06,Cô Gái Xứ Dừa,Thu Hiền,FOLK_TRADITIONAL,TIER_B,True,False,0,,False,False,0,,True,1736,300,85ece67f1a350a2deabfa50df6416386199258ace3f42f305e5f7ec3f4760837,
RMVM_S_30340b5d2d,Đẹp Nhất Là Em (Korean Version),"SOOBIN, Jiyeon",POP_BALLAD,TIER_A,True,False,0,,False,False,0,,True,1300,203,123dae935bcfba054ea5c03a73eebb6bcc23fca7fe601c01d1b3310c7adf4eb4,
RMVM_S_a4a46010fa,Bài Hát Ru Anh,Thiên Kim,INSTRUMENTAL,TIER_B,True,False,0,,False,False,0,,True,908,165,3636cb5a45ceb9117901f9a0f2852774599d67640755603cdaf78d17dcaed271,
RMVM_S_25b877295e,Tặng Em Một Khúc Quân Hành,Duy Linh,BOLERO_TRUTINH,TIER_A,True,False,0,,False,False,0,,True,1728,289,094efe260f6b9918d2d976893f73bfbc18c358c535110b58ec3456304ebc7d00,
RMVM_S_c18fc158ab,Gặp Huế Đêm Trăng,Thu Hiền,FOLK_TRADITIONAL,TIER_B,True,False,0,,False,False,0,,True,1986,330,3fa556d9e8416edf65448d3b3a0e7d840bf8de602b6c55b1006e8563557d25fe,
RMVM_S_2408fbba58,Thơ Ngây,Ái Vân,INSTRUMENTAL,TIER_B,True,False,0,,False,False,0,,True,870,147,b6d8f66d16a45e9604c77eadd142b1e2a88d9ca1e9c0d0464f4f9e6a384c0528,
RMVM_S_a11dcce8f6,Ngắm Cánh Hoa Rơi,Kim Linh,BOLERO_TRUTINH,TIER_A,True,False,0,,False,False,0,,True,1143,206,ddf9c61d1008748ad0691f593096b48cba31dfc16fdf305bb2f9810635419def,
RMVM_S_7f684887ec,Nhớ Về Cuộc Tình,Xuân Phú,BOLERO_TRUTINH,TIER_A,True,False,0,,False,False,0,,True,1893,324,a1c8d49ed88ec0bcee2a47988b182d3acf21ede55e6f79cf091381b10a529528,
RMVM_S_2443e43fd1,À! Anh Nhớ Em!,Bắc San Ho,POP_BALLAD,TIER_A,True,False,0,,False,False,0,,True,2175,397,b6b8e201bab89e600a2e644242fd9c01081ce9d7f3460457b47167de20608345,
RMVM_S_8198e74d28,"Hỡi Người, Hỡi Tình","Kỳ Phương Uyên, Lương Tùng Quang",INSTRUMENTAL,TIER_B,True,False,0,,False,False,0,,True,1977,344,7d06c44bf0fa0a9e206c763e3c0b103d134b63f8d1f52b081f507934832570d9,
RMVM_S_4133251136,Dịu Dàng Hương Tóc Em,"Bằng Cường, Ngô Mai Trang",POP_BALLAD,TIER_A,True,False,0,,False,False,0,,True,1633,300,dc2ed5354da8eb3b786c73304848991d00bd779abbc1a26f6d57f6997d791bab,
RMVM_S_a8a02510a1,Cố Tìm Quên,Kevie Quỳnh,POP_BALLAD,TIER_A,True,False,0,,False,False,0,,True,2136,362,dcf63375f4b963a59ce44fc2ac7989cfa2c611cd60ec3bc4d2d41eaf7879ede0,
RMVM_S_cc23319e1d,Hoang Vắng,Ái Vân,INSTRUMENTAL,TIER_B,True,False,0,,False,False,0,,True,1831,328,5465f8bea8c32bb77a653f1c4802d67ba23cabbf6a5e1576ef0cebe5738e253b,
RMVM_S_0d8131798c,Nếu Anh Hỏi,Bảo Nguyên,BOLERO_TRUTINH,TIER_A,True,False,0,,False,False,0,,True,1388,255,b19baf42bfe4026655659e0a2c396ffbb4a7557007daa47f1a3eda70b78ca912,
RMVM_S_7bdb1e9b0d,Sự Tích Cọp Lông Vằn,Bé Hiển Thông,CHILDREN,TIER_A,True,False,0,,False,False,0,,True,2199,364,2ea4f974adcf58495fcc7e43c8f3f926d1d9ae2c98cc0ea8fa9a5bd1ac8a07e2,
RMVM_S_7d76b18de3,Giọt Đàn Thạch Sanh,MTV,POP_BALLAD,TIER_A,True,False,0,,False,False,0,,True,1618,279,375ef8e403cc7358dd365e702915f370f69374f5de404313fd4e30d18771ab3d,
RMVM_S_8a146bcad9,Bài Ca Hy Vọng,Dòng Thời Gian,REVOLUTIONARY,TIER_A,True,False,0,,False,False,0,,True,1399,237,7885afad24cc6692a5289085184e5b69476d1eac6fc19122e6179bd1ebc58d46,
RMVM_S_e7ced8a4c5,Cám Ơn Ba Mẹ,Bé Bào Ngư,CHILDREN,TIER_B,True,False,0,,False,False,0,,True,1293,239,f1465b7e724c4200b8bd1c001a8cd992d287627dc6b66df63745bb08201f2200,
RMVM_S_aa765e8035,Chết Trong Vòng Tay Em,Don Hồ,INSTRUMENTAL,TIER_B,True,False,0,,False,False,0,,True,1622,315,c14f06f102ff549b99211fd29de674a94f4ec1ee3a9d64d2885c4db9b4ddcacc,
RMVM_S_3e6b0aa2c3,Mẹ Ơi Con Yêu Mẹ,Bé Bào Ngư,CHILDREN,TIER_B,True,False,0,,False,False,0,,True,1797,338,00c717edfbcb5f12147853e64b184770f158072cfa3a4d8e890878218eeafcc1,
RMVM_S_c0cdd75c2d,Vì Sao Cha Ơi,"Luw D, Khả Như",POP_BALLAD,TIER_A,True,False,0,,False,False,0,,True,2445,438,a34455ee5d096e04363867e298b7db991f7a3c15f448a490d295e6b87f3cc9fe,
RMVM_S_6a1ba06f97,A Man Without Love (Lời Của Kẻ Không Tình Yêu),Henry Chúc,POP_BALLAD,TIER_A,True,False,0,,False,False,0,,True,1460,286,c179ac5f0b0710bf53d769d9e71b968af73fc348ca5ba9d07cf9c2f9498848d7,
RMVM_S_4b779d32b5,Như Giọt Mưa Rơi,Phương Thanh,POP_BALLAD,TIER_A,True,False,0,,False,False,0,,True,1876,334,613c724cfd9e8610e1dfce25b4225002c1a7e32d8f5af67a7138700b33575e37,
RMVM_S_344db0a068,Mưa Học Trò,Bích Tuyền,BOLERO_TRUTINH,TIER_A,True,False,0,,False,False,0,,True,2075,353,c8fd71fcd93700e5e5b49f7b804490b3263467eca465acf326ace479bd9e2a77,
RMVM_S_654f9562aa,Bức Thư Anh Chưa Gửi,"The Men, Quốc Cường",POP_BALLAD,TIER_A,True,False,0,,False,False,0,,True,2138,383,d204899a775568e326e76c2d35a3f2a894594774f662dbfb2898c4df16c76498,
RMVM_S_a72977a4a2,Dáng Xưa,Hoàng Chiến,BOLERO_TRUTINH,TIER_A,True,False,0,,False,False,0,,True,2065,360,e1a0a5b540b639d317370d8d46c7e5cd426825c3997f2fcfd7692ae9c3996818,
RMVM_S_dcaf0e5c88,Phút Giây Nồng Say,Vân Quang Long,POP_BALLAD,TIER_A,True,False,0,,False,False,0,,True,2469,441,3378f52470d0ad042ebf48d800f13c5c37e263ac715328611e46b2bc2c689a7b,
RMVM_S_e1745704dd,"Liên Khúc Trống Vắng,Tình Cờ,Một Thời Đã Xa",Phương Thanh,BOLERO_TRUTINH,TIER_A,True,False,0,,False,False,0,,True,3771,676,143166011c50d249452b2dc3c811c62d180b4d5593fa197c8dfb549a278d55a7,
RMVM_S_b04c16461a,Anh Chải Tóc Cho Em,Triệu Lộc,BOLERO_TRUTINH,TIER_A,True,False,0,,False,False,0,,True,1853,331,cee8f325b21f1bd7c6dd79bf9943d5f3a59c63f1ac3d5e9f403480b5fffbb65c,
RMVM_S_60599ba98a,1001 Lý Do,Thành Đạt,POP_BALLAD,TIER_A,True,False,0,,False,False,0,,True,2241,381,f4c54d1914b0864b287d32d2334c6d1aa3ded714e5f7079d261b5d28e0372385,
RMVM_S_72f8134bbb,Đỡ Buồn Chiều Mưa,Mai Tiến Đạt,POP_BALLAD,TIER_A,True,False,0,,False,False,0,,True,1856,326,3f858cc2c61b3366794a1de9c7588c33ecd64a90bb71d3e82f8d508164f8e299,
RMVM_S_436ef7ad22,Nắng Lụa Vàng,Phương Thùy (Nhóm Phù Sa),BOLERO_TRUTINH,TIER_A,True,False,0,,False,False,0,,True,1901,316,76e25d9595ff5d10b75442e625119f5e9f2d21d61e3015f45596d9f27b2ee817,
RMVM_S_e6e381cc46,Cảm Thông Để Không Hối Tiếc,Trường Kha,POP_BALLAD,TIER_A,True,False,0,,False,False,0,,True,2081,372,cc1dee78ed1aadb77491c077edb687155ddb4583509ab70d6db113126edc50ca,
RMVM_S_98be82fcd4,Chiều Quê Kỷ Niệm,Bích Tuyền,BOLERO_TRUTINH,TIER_A,True,False,0,,False,False,0,,True,1906,320,d78f7631d9a59a017ea40574e54760a449b4d46034e383977db5e53a8752fdd1,
RMVM_S_44a71aac7c,Nếu Anh Không Phiền,"Kaity Nguyễn, SoHo",POP_BALLAD,TIER_A,True,False,0,,False,False,0,,True,2414,424,358b786bfba1fd39c577b481cc501ed1eda0f7f1842828c8c8f2d361ebbfb32c,
RMVM_S_3f8d832a9a,Mây Tình Yêu,Gia Huy,POP_BALLAD,TIER_A,True,False,0,,False,False,0,,True,2034,345,a977637034efd591de6be876355ddcb67fad4f853d535fa5c6865cf267e30137,
RMVM_S_745b334b6d,Giai Điệu Dành Cho Em,Thiệu Tân,POP_BALLAD,TIER_A,True,False,0,,False,False,0,,True,2457,447,dcecdac42628a4d6e33fc3a55a3b0f48d975590c429fc08747108a8b872ee0f8,
RMVM_S_807516e3d3,Dù Người Đã Xa,Uyên Trang,POP_BALLAD,TIER_A,True,False,0,,False,False,0,,True,2753,498,0f56c5fb464c2359d8b86386f4dbcc9638692f4e280255300da5f5fabe14a9f7,
RMVM_S_7a4d15a4fc,LK Hoa Cỏ Mùa Xuân,Nhất Vũ,POP_BALLAD,TIER_A,True,False,0,,False,False,0,,True,1237,218,9470132b14baad279033763495fd8e1dfe7dbb2f194ed15be2afb58058a00a41,
RMVM_S_cbd719a6ad,Nhớ Mùa Thu Hà Nội,Trịnh Vĩnh Trinh,NHAC_TRINH,TIER_B,True,False,0,,False,False,0,,True,1511,268,f3dc59c11e833b8f5eb6c3249f379345677a08c453d755e9a3b7001ea9ead4e2,
RMVM_S_6b5e0b16c9,Chỉ Mua Bằng Tiền,Vương Nam Phong,POP_BALLAD,TIER_A,True,False,0,,False,False,0,,True,1798,312,a6a8b6a33d54b2f1184a1eac69b273c65429de23e0b37ed3b4e15ee10fd68a24,
RMVM_S_65836e37bc,Lá Thư Người Tình,Thiên Kim,INSTRUMENTAL,TIER_B,True,False,0,,False,False,0,,True,1113,198,495bb10bf169c7095837b449e4386fe778b455686fc71cf5293c264a19ccf274,
RMVM_S_f6db4b2a54,Yêu Anh Dịu Dàng,Như Loan,INSTRUMENTAL,TIER_B,True,False,0,,False,False,0,,True,1746,338,85ce00e5ae52db473a1a54d70b7ea9c2b4bf7ce8ecdd4de4062520344c63d327,
RMVM_S_6ecf3ff671,Cứ Mặc Anh Đau (Beat),Lâm Triệu Vỹ,POP_BALLAD,TIER_A,True,False,0,,False,False,0,,True,2468,420,2089e11cce5b102d7db65f6076eb3137618f5cd445ecbbea819dbafadeabeae8,
RMVM_S_383f5d7442,Liên Khúc Đêm Buồn Phố Thị,Hoàng Tú Minh,BOLERO_TRUTINH,TIER_A,True,False,0,,False,False,0,,True,2213,375,94fa9183f5584fc016485486150064ee0b86798fc1ab51b80a4f4a2ce1a92314,
RMVM_S_7a7e099ab7,Con Nào Thấu Hiểu,Thành Big,POP_BALLAD,TIER_A,True,False,0,,False,False,0,,True,2387,414,be2db27c44f61eed295e33483d7790e6f64b432dff702e0609d48538996125fd,
RMVM_S_295e56378f,Trường Vinh Xuân Thân Yêu,Quang Thành,POP_BALLAD,TIER_A,True,False,0,,False,False,0,,True,2538,426,cfc9b08f9dd322a090318ba9d3a40fbbda28ccbe5d0849a2826af00d61d2f728,
RMVM_S_15f638c594,Chiều Thu Hẹn Ước,Bùi Tuyết Mai,BOLERO_TRUTINH,TIER_A,True,False,0,,False,False,0,,True,1799,298,b9b689324eff3b107ceb5bf05898d10bd1fe83b383e5cc58cf9046d2f687c73f,
RMVM_S_da88a2d235,Chiều Nghe Biển Hát,Ngọc Huệ,INSTRUMENTAL,TIER_B,True,False,0,,False,False,0,,True,1484,245,765e65a194f929bf755f8f91345e7204a844f3ba0d63cdc7a7aefb40b7d25047,
RMVM_S_83d105d1fc,Em Mong Chờ Anh,Mắt Ngọc,POP_BALLAD,TIER_A,True,False,0,,False,False,0,,True,1795,340,665ff789a0bddff8a9973cdeff5cc64613b5186d0bd5fda085e7df47f36a306d,
RMVM_S_9b89c61cd5,Công Chúa Ngủ Trong Rừng,Trương Quỳnh Anh,POP_BALLAD,TIER_A,True,False,0,,False,False,0,,True,712,126,1961f5e168625c100ca71790f5234c223b20808b660d3af19a920b122dd840f4,
RMVM_S_aafbf98cea,Búp Bê Đẹp Xinh,Thanh Thảo,POP_BALLAD,TIER_A,True,False,0,,False,False,0,,True,2414,442,53fb0dfd720ea5f6b150d63061e56dab5d3952ca1178d74ac71b7088e8e239cc,
RMVM_S_c44ca1da46,Đôi Mắt Ấy,Đàm Vĩnh Hưng,POP_BALLAD,TIER_A,True,False,0,,False,False,0,,True,1128,200,9416039badecc4ffc9e0475124b05075e9c3516b22b22bea20776d8787db0f72,
RMVM_S_5e138acfd6,Ngày Thơ Ấu Đã Xa,Minh Thuận,POP_BALLAD,TIER_A,True,False,0,,False,False,0,,True,2136,364,86148700981682a970a492bed440e0e0cbfc56e0c9e2ec2e58ccc3c58942958b,
RMVM_S_be9860ff21,Trái Tim Tan Nát,Thu Phương,POP_BALLAD,TIER_A,True,False,0,,False,False,0,,True,1163,221,d4a9bcac81c869d5f897473ae05525ed89637b26c910044b81a7b0d677209a69,
RMVM_S_a1330e32c9,Gió Vẫn Hát,"Balin, SOUND HIT",POP_BALLAD,TIER_A,True,False,0,,False,False,0,,True,1719,300,0a174fea79b17a4150132bb9b524c8e0da85879fb7aabb2e311723a4abe1c0e6,
RMVM_S_cce6d3ffac,Bên Nhau Để Ta Bớt Đau,Trường Kha,POP_BALLAD,TIER_A,True,False,0,,False,False,0,,True,1618,291,696edb8a80d631020e61fae35b6a5d29786a11caa28ba3b5326a2f99c1be39a5,
RMVM_S_c420bc3089,Anh Vẫn Tìm Em,Nguyễn Bảo Linh,POP_BALLAD,TIER_A,True,False,0,,False,False,0,,True,2027,361,c42222bf3a113bcc2c390a4c8f526bb56f05c2f0e3e18044cd2867c297dec641,
RMVM_S_1c8489c826,Níu Kéo Hay Buông Tay (Beat),Luna Band,POP_BALLAD,TIER_A,True,False,0,,False,False,0,,True,1637,292,9a64537c03ad3ae69c0a8a99a5e71df61831b7d6ea8b47d3a32399bad9e38431,
RMVM_S_fd252fbd0d,Đàn Tôi Yêu Một Tiếng Ca,Mai Thiên Vân,INSTRUMENTAL,TIER_B,True,False,0,,False,False,0,,True,2322,399,5b23fbc9d9f6a7dc921184b5846bcae183f167939373a3bb86b611ff491eb894,
RMVM_S_bd673875ec,Khoảng Cách Anh Và Em,Đoàn Tuấn,POP_BALLAD,TIER_A,True,False,0,,False,False,0,,True,1649,307,effedd6b7be920bd40cdfadbfe644911b1d6716be22a2b99b2aeeeb8d2cc4776,
RMVM_S_ae039d072b,Mashup Buồn Thất Tình,Nhiều nghệ sĩ,POP_BALLAD,TIER_A,True,False,0,,False,False,0,,True,4820,829,3f81d68700b32b257ceeebf8d6dfd648984c252d59c992a2be8e19df7d61a39d,
RMVM_S_9cb195a596,KHÔNG CÒN EM (ft. Wxrdie & hoangnhi.),"LOPE PHAM, Wxrdie, hoangnhi.",POP_BALLAD,TIER_A,True,False,0,,False,False,0,,True,2029,375,fbc3519a5e193b3598cae48e297cf8839a6966b53d3e32bd494cf4290403e149,
RMVM_S_643a979376,Ta Còn Thuộc Về Nhau (Cover),Hoàng Linh Anh,POP_BALLAD,TIER_A,True,False,0,,False,False,0,,True,1477,253,b7f3d7a3e4834d64353999145a300b325d1538e0614375f1ea46086cfcc15093,
RMVM_S_6e9cb54f60,Bản Tình Ca Cho Giai Nhân,Quang Dũng,BOLERO_TRUTINH,TIER_A,True,False,0,,False,False,0,,True,1583,286,da066c3b4093936abbf34ca395bbd68104b0ad881aad5522488ec40f72b63915,
RMVM_S_711eae165e,Đừng Buồn Cho Nhau Nhé Em,Nguyễn Hoàng Nam,POP_BALLAD,TIER_A,True,False,0,,False,False,0,,True,2035,378,eaccf8aac38a3d6d3f0485a7d208da5bafc5786a2c13b4fc51779eb455f416d1,
RMVM_S_f8400d8633,Mơ Về Một Đêm Giáng Sinh,Don Hồ,INSTRUMENTAL,TIER_B,True,False,0,,False,False,0,,True,754,133,e70bccda52578a65aa7757559649651e5701f41d859cb5bdc4efb19894b1fa1f,
RMVM_S_929418dcbc,Mẹ Của Tôi,Bích Tuyền,BOLERO_TRUTINH,TIER_A,True,False,0,,False,False,0,,True,1627,291,1935b08bcd53430ddb1350cde09aa03bc8253ed44f2cfd6ef7c713fe38f63212,
RMVM_S_cf84dea653,Ân Tinh Mong Manh,Nguyễn Hưng,POP_BALLAD,TIER_A,True,False,0,,False,False,0,,True,1679,298,7d5bdcd64f9cfa78cd2d2958230d2f9a60efdb930284e47d9ee2dabb74437ba7,
RMVM_S_fb9393e8b7,Mưa Ngâu,Ái Vân,INSTRUMENTAL,TIER_B,True,False,0,,False,False,0,,True,1681,297,9d1de5ae4936b0f4ab43aabbda49ac31307df931c6ed6bd1707dde90e715686c,
RMVM_S_6e212d49c7,Nhật Ký Sau Cùng,Mỹ Anh,BOLERO_TRUTINH,TIER_A,True,False,0,,False,False,0,,True,1249,224,a4cc8b4bdefc5b0578e50ed1a3f897f4360c208bc5f5bee77ca954175b9eb776,
RMVM_S_62135ddbab,Bọt Nước,Nguyên Vũ,BOLERO_TRUTINH,TIER_A,True,False,0,,False,False,0,,True,1670,297,476421156ce739ca7447a4b13b8c6304dff3f7174a7d9dc2a7853aeb2d90ef73,
RMVM_S_c4f066696c,Anh Vẫn Buồn Như Xưa,Thế Sơn,INSTRUMENTAL,TIER_B,True,False,0,,False,False,0,,True,2463,409,5b8b60d5817339d6af5d437dda418cde022927b4b16af19225610bc7aaf94b32,
RMVM_S_44eb3b0ccb,Ánh mắt vô tình,Tống Gia Vỹ,POP_BALLAD,TIER_A,True,False,0,,False,False,0,,True,2035,374,5d9b428238573f845e7545f9651aba5d87274885845282a548598f657b3d2870,
RMVM_S_925df2332d,Bến Đợi Đò Sang,Kim Linh,BOLERO_TRUTINH,TIER_A,True,False,0,,False,False,0,,True,2101,332,52135e0109739397dc5d9696e9dcf6185e0ba75663ea66d21e57cde88a068ded,
RMVM_S_e1a49b2b87,Gửi Đôi Mắt Nai,Lam Trường,POP_BALLAD,TIER_A,True,False,0,,False,False,0,,True,1651,291,dfa1c7839490810ac92f585aa81bb9caa71cae8e73e5f07ef90a7db8faf69c55,
RMVM_S_ad50173ebb,Hết Rồi,Chí Thành Danh,POP_BALLAD,TIER_A,True,False,0,,False,False,0,,True,1861,324,35997271d9297d0a94fb4315ddeb9def145ab4154810a3168ce7755dfd0442fc,
RMVM_S_03c2f4b201,Tết Nghèo Mà Dzui,Tô Gia Tuấn,POP_BALLAD,TIER_A,True,False,0,,False,False,0,,True,2199,373,42703c53321169548db1c49eae7d998ebb47c4b508bac5fe1a3f63daae40358c,
RMVM_S_fea21aa089,Đêm Vô Cùng,Trần Thu Hà,BOLERO_TRUTINH,TIER_A,True,False,0,,False,False,0,,True,753,128,8c44bb7e85835a4799af824a0e6ff049c62c97c00d33d7b6661fe64c8cd56a92,
RMVM_S_ad31a8c7f1,Một Lần Cho Tôi Ghé Về Thăm,Quang Linh,BOLERO_TRUTINH,TIER_A,True,False,0,,False,False,0,,True,1627,285,b594d92a205610dcbad070b205515457ac09071cf0f66889f5d7311268c3fc6c,
RMVM_S_35c08d0c5d,Ai Đã Từng,Hồng Dương,POP_BALLAD,TIER_A,True,False,0,,False,False,0,,True,2774,493,aec88c4b68722d3cd1e049d4e9e9a06f94011e8d9417980a5ef4e87f6d36477a,
RMVM_S_5deef61948,Đêm Nay Anh Thấy Cô Đơn,Hồ Quang Hiếu,POP_BALLAD,TIER_A,True,False,0,,False,False,0,,True,1980,350,92d2a5ecad11c08f745c84eb2cdbfd990730a5e8a5863209b6aed018fa908682,
RMVM_S_d6ef5be53b,Em yêu Mùa hè quê em,Bé Quỳnh My,CHILDREN,TIER_A,True,False,0,,False,False,0,,True,1950,355,4ca6d95dea401ee17ab3c4b9ef625f805b53c46c00a0c17b4700058ead0025fd,
RMVM_S_51c68d5524,Khi Ta Đôi Mươi,"Phi Thúy Hạnh, Quang Minh",BOLERO_TRUTINH,TIER_A,True,False,0,,False,False,0,,True,1318,227,6ddca2539b6995e5dc2cb5cfa39a289a10864662b6fbe13d3df600189e244f00,
RMVM_S_fdc2f0a609,Anh Đi Qua Để Lại,Lưu Bích,INSTRUMENTAL,TIER_B,True,False,0,,False,False,0,,True,1395,234,944d5363f35452994bde5b6bcb8931bb53af3dd6d68b8b2848e017f021c97659,
RMVM_S_49ea0d4f4d,Con Kênh Xanh Xanh,Thu Minh,BOLERO_TRUTINH,TIER_A,True,False,0,,False,False,0,,True,1458,254,4ab7fe09ea687f62be8fd4fed39e7c19bc0e3b1b2b2b650e3774a80f3c011d92,
RMVM_S_52dd9d5d38,Đi Ngược Con Đường,Thu Thủy,POP_BALLAD,TIER_A,True,False,0,,False,False,0,,True,2724,455,3b49eedb3a9c40ed34405e272e72b278944e5569da63ebad61aa1a86cabd36a0,
RMVM_S_9cfad601b0,Cuộc Tình Đơn Côi,Cẩm Ly,BOLERO_TRUTINH,TIER_A,True,False,0,,False,False,0,,True,1553,270,3d33a84b8e2c78890bc3efe2794fe26f58fb336505f5dd70cc707eae10a0aec7,
RMVM_S_33ef8bd702,Có Thể Em Không Biết,Trịnh Đình Quang,POP_BALLAD,TIER_A,True,False,0,,False,False,0,,True,1557,283,9a955f9077da4cb9f1a9bc9784c1145ba70239378ac14233038ceb6490b74152,
RMVM_S_4adec5e2cf,Anh Yêu Ah...,Tuyết Mai,POP_BALLAD,TIER_A,True,False,0,,False,False,0,,True,2097,374,b57e46349055785693295e4bc7e326624a85ba9ba3eee15e88b560da6bcf2262,
RMVM_S_aa3f8bb087,Bài Không Tên Cuối Cùng - Bài Không Tên Cuối Cùng Tiếp Nối,Phương Phương Thảo,POP_BALLAD,TIER_A,True,False,0,,False,False,0,,True,2001,347,28e213efd2c282092c0365459107edd2652f9f14efab81fc82aab7fed089d3ef,
RMVM_S_d15fd005ed,Anh Sẽ Yêu Em Đến Khi Nào (BLUE REMIX),ZIN MEDIA,DANCE_EDM,TIER_A,True,False,0,,False,False,0,,True,1862,319,5e7ff91cf47720afcb53fc420be291070d5df708766b2e7ed0b3411bfa72fa29,
RMVM_S_16017e72e6,Sáng Chủ Nhật Dịu Dàng,Hà Minh Nguyệt,POP_BALLAD,TIER_A,True,False,0,,False,False,0,,True,1702,314,cd061497517eca5a33e7d45b730bea914c9f3e64817a8e23d096c191c7d045ab,
RMVM_S_d5446b3eb0,Tình Yêu Trọn Vẹn,Hoàng Kim,POP_BALLAD,TIER_A,True,False,0,,False,False,0,,True,584,107,71b23c40064d42bae817bc9fcfd0531e5b177f0c21ae0a95a25a03e1eba08609,
RMVM_S_4304c4fc9f,Đêm Tạ Tình,Như Loan,INSTRUMENTAL,TIER_B,True,False,0,,False,False,0,,True,2130,379,0bd882de7d62e969c6fcbd142d3257181fc14ae3c68f4e57d99e978843145f52,
RMVM_S_9de7f972b7,Đôi Mươi Em Theo Chồng (Lofi Version),"Hồ Duy Khang, Toony",POP_BALLAD,TIER_A,True,False,0,,False,False,0,,True,2585,451,94a342ec685fdb08c6ff06b78d96e80303133737120cbc50e8332ed2e39996bf,
RMVM_S_29211f372f,Sao Nỡ Đành Quên,Lý Hải,BOLERO_TRUTINH,TIER_A,True,False,0,,False,False,0,,True,2124,385,c20f51b2fe15f798afeddcd3870e92203dfa33d8f9721af5da7e4c159b02d98e,
RMVM_S_d3522296a3,Để Mãi Bên Nhau,Bằng Kiều,INSTRUMENTAL,TIER_B,True,False,0,,False,False,0,,True,2309,388,ef7992d79a733700a59309344108381e642ea8c500718f8868f531dd8e73dc89,
RMVM_S_caa7037c99,Em Không Tin (DJ HS Remix),"Miu Lê, Clownd Hoàng",POP_BALLAD,TIER_A,True,False,0,,False,False,0,,True,2257,413,70953ae031b6ae58da36730ac8ab6d485700b3914e3e98d6475c0b010a05fe00,
RMVM_S_ce0952807b,Em Dám Yêu Không?,Nguyễn Đạt,POP_BALLAD,TIER_A,True,False,0,,False,False,0,,True,1252,238,e60117ef6e25cca1e3ab9ad2d8bb5d4fd0ce7b42856d026d4745068042ee9f4c,
RMVM_S_271a5f8466,Ký Ức Còn Mang,Hồ Trung Dũng,BOLERO_TRUTINH,TIER_A,True,False,0,,False,False,0,,True,2376,409,f0910c352d8c95367b0f249d55c52140f9938674dde589cf7dfb4e0dda63379b,
RMVM_S_c29ade7bef,LK Những Chuyện Tình Mong Manh - Tình Trong Mưa - Chuyện Buồn Tình Yêu - Đồi Thông Hai Mộ,"Hương Lan, Thế Sơn",BOLERO_TRUTINH,TIER_A,True,False,0,,False,False,0,,True,3626,631,c29f277a87d64edcc637a13e5f85c3cd07830ba22601a2dd2b1e843952fab15a,
RMVM_S_55025b9e34,Chuyện Người Ngậm Ngãi Tìm Trầm,Thu Cúc,BOLERO_TRUTINH,TIER_A,True,False,0,,False,False,0,,True,2048,340,ec653bb6bd9cd98d7d8f5a4495fbad7d2249ee66e9ffa48d89d746598238e837,
RMVM_S_ee765a1838,Một Bóng,Bùi Tuyết Mai,BOLERO_TRUTINH,TIER_A,True,False,0,,False,False,0,,True,1541,267,31bff4ae9c1aab9de73a08b7c2aaebf2930f512baaa057ae6c570847d5ac0466,
RMVM_S_4c9e27853c,Đừng Lừa Dối Nhau,Ý Lan,POP_BALLAD,TIER_A,True,False,0,,False,False,0,,True,1378,222,fce0e1b369b4954a7b04079884a06b7e87e17318ef54e5c30ad9ff228a69ddea,
RMVM_S_aecccb9933,Chết Trong Em,Thịnh Suy,POP_BALLAD,TIER_A,True,False,0,,False,False,0,,True,986,167,ea1ebd45b689ea810769c3f21614f5d1a0c91de397d43d358bb74f7b1a3867dc,
RMVM_S_8482d17f76,Đất Biển Quê Em,Đình Phước,BOLERO_TRUTINH,TIER_A,True,False,0,,False,False,0,,True,1512,225,3ac402846a284dcbbdd7702c3bd05d65d564333c5b5e33597ed305104b8f69a3,
RMVM_S_e837d54495,Niền Tin Cho Cát Bụi,Bức Tường,ROCK,TIER_B,True,False,0,,False,False,0,,True,1492,254,0312bec4f3a0ab78c3587da998fbdf704bd383eee62ea05af0d653247f38f785,
RMVM_S_1bca33d105,Liên Khúc Xuân Yêu Thương,Saka Trương Tuyền,POP_BALLAD,TIER_A,True,False,0,,False,False,0,,True,5028,869,a5d3651d0318f1a2d8020915f42791273094be51ae1cb2ed7fb117e36a170f6d,
RMVM_S_8b63cc5544,Anh Thích Lúc Em Cười,Như Loan,INSTRUMENTAL,TIER_B,True,False,0,,False,False,0,,True,1243,219,e2ca8246a50bb732ee42486d8341153f8b003a8796ba3b9ce83b5c34494aae1f,
RMVM_S_4796ae5e8c,Kiếp Nào Có Yêu Nhau,Bích Vân,BOLERO_TRUTINH,TIER_A,True,False,0,,False,False,0,,True,1497,243,fed9ef1c43a4af6b86eac736d5c52a6e44d414f07a08d1d4320226136a7cb2c8,
RMVM_S_df21844801,Ru Em Tiếng Sóng Biển,Thiên Kim,INSTRUMENTAL,TIER_B,True,False,0,,False,False,0,,True,1459,225,8c3a92478b55341dbf99b6ad6957714ab5ac9d2f212edc103a40553d5a7b730e,
RMVM_S_f56856a315,Cơn Mưa Vội Quên,"TBEAR, P.O.N",POP_BALLAD,TIER_A,True,False,0,,False,False,0,,True,2512,450,41e4cefc83486ffe9c70b3697389128b2b4574f42a26495eb82ce45f6f771ea1,
RMVM_S_16e30c854d,Xin Người Lãng Quên Dùm Tôi,Nguyên Vũ,POP_BALLAD,TIER_A,True,False,0,,False,False,0,,True,2465,424,bdd2ab7faab84d66299ec05d0ea97c50219aa768b7ea60f7f751097ebe4e993a,
RMVM_S_7b59e7140b,Điều Anh Chưa Nói,Hoàng Tuấn Kiệt,POP_BALLAD,TIER_A,True,False,0,,False,False,0,,True,1839,320,2b028d220c2461effa83e378f62d7cd140cdefa7225fa716b99684aa9b3b6400,
RMVM_S_db63ab6b49,Em Bỏ Sau Lưng,Đan Trường,BOLERO_TRUTINH,TIER_A,True,False,0,,False,False,0,,True,1715,304,505599807b3d7c49b313623d4c3f6c802c7ce259553ae60af884c4ef00fe32ff,
RMVM_S_7208a4a4d6,Bé Bình Khóc Nhè,Phan Đinh Tùng,POP_BALLAD,TIER_A,True,False,0,,False,False,0,,True,1198,210,8cd4d0c189d45d7d76629c570e18d9a232e92258be707e77a1efb51cadfc43b0,
RMVM_S_a7da74f279,Tình Yêu Tôi Ở Nơi Đây,"Quang Thọ, Tuyết Thanh, Thúy Lan",REVOLUTIONARY,TIER_B,True,False,0,,False,False,0,,True,612,105,436b61ed113806e6dd3f393a5bbbef26c0d042a38ed17b606d1484380e12fa02,
RMVM_S_d3a5583bf3,Ánh Đèn Màu,Bông Mai,BOLERO_TRUTINH,TIER_A,True,False,0,,False,False,0,,True,1188,204,ab75661782796bfd691ed709bb32c724663217449483d88ac6dd4af6413ecd66,
RMVM_S_e982541147,Đô Thị (The Remix 2017),"MiA, Tronie Ngô, Addy Trần",POP_BALLAD,TIER_A,True,False,0,,False,False,0,,True,2295,440,34a7e61bdcd5f4c9a1d0ab75ad086aa6c7cbc95c2725f8e341c77e3025618e72,2017.0
RMVM_S_fe22077c0d,Dại Khờ,"Bảo Ngọc, Thế Sơn",INSTRUMENTAL,TIER_B,True,False,0,,False,False,0,,True,1558,264,fc76e111365775c5f11e03f150164113e9f9386c8569c05c28121a7802ed4486,
RMVM_S_689aa09db3,Cuộc tình vắng anh,Hoàng Lê Vi,POP_BALLAD,TIER_A,True,False,0,,False,False,0,,True,1829,332,d3e024b125db8c51a3e0348ba03c0d01fc45be2d3bfb056b885d0a8d0cdd1e5d,
RMVM_S_f09f2bde1a,Cuộc Đời Éo Le (remix),"Don Hồ, Quốc Hùng",INSTRUMENTAL,TIER_B,True,False,0,,False,False,0,,True,1427,262,205fedcab9c65a12f6c9751f9702b018115a9e7bba0b8925da1893693a4a4062,
RMVM_S_74f650c51b,Bài Ca Trường Sơn,Quang Thọ,REVOLUTIONARY,TIER_A,True,False,0,,False,False,0,,True,2583,450,8390327b583e89172203bb79a48011c2353af2a3292acb7de4d534fc2a5c4be7,
RMVM_S_0b11452de2,Ai Cho Tôi Lương Thiện,"Trang Pháp, Thu Phương, Ninh Dương Lan Ngọc",POP_BALLAD,TIER_A,True,False,0,,False,False,0,,True,1743,305,a6a9ad80eac3f8e1278fdd43b8005a4808199445dc345351d527dc105b28b511,
RMVM_S_0644a25cc3,Cảm Giác Khi Bên Em,Nhật Tinh Anh,POP_BALLAD,TIER_A,True,False,0,,False,False,0,,True,1970,352,0487bf9634862459708a6ea46fc7b5cb20ba4cd01104bc6401dc848fd22a68c2,
RMVM_S_0f2b5d4dd6,Yêu Người Phụ Tôi,Tâm Đoan,INSTRUMENTAL,TIER_B,True,False,0,,False,False,0,,True,1284,222,d954590a687db7ab51f0b958ca8dd7aed3dec46845c5828f39a6fa88399bc13e,
RMVM_S_9e22b16976,De Me Bo Mi Cua Em,DANNY COLD,POP_BALLAD,TIER_A,True,False,0,,False,False,0,,True,1482,273,3a2101ba3214089f415bb6c030e34e88e709a1c21b3f8e1bd492f02bf832e4fa,
RMVM_S_7c3af1fa25,Bên Anh Lần Cuối (One More Night),Vĩnh Thuyên Kim,POP_BALLAD,TIER_A,True,False,0,,False,False,0,,True,1487,261,47c09d13c075847b84aa7569239f58c04715f34aca26a1de80ba8eeebada0ba0,
RMVM_S_2c9133414a,Chẳng còn gì mong nữa,"Zinno, Vimistic",POP_BALLAD,TIER_A,True,False,0,,False,False,0,,True,3036,530,3e546845a13bcfe75ceac840ebf767bc987dc973e7a08a43064f3cd012f50393,
RMVM_S_d2b8b73592,Chung Nhà Chung Hạnh Phúc,"Nguyễn Tuấn, Phạm Sắc Lệnh",POP_BALLAD,TIER_A,True,False,0,,False,False,0,,True,2205,400,6a634162eb6025d3d09d4b67578636e9d3964353c133bf47984ed912e66a9ed1,
RMVM_S_0a6c72a368,Dẫu Có Lỗi Lầm,Nhiều nghệ sĩ,POP_BALLAD,TIER_A,True,False,0,,False,False,0,,True,2721,504,657f1fec20f9611167606495b392370ddca48d031bbe363c9eca1f962b1c42d2,2024.0
RMVM_S_3bb8774f84,Đưa Đò (Beat),Sky Nguyễn,POP_BALLAD,TIER_A,True,False,0,,False,False,0,,True,1761,310,ed7b65ca4b8b874a7bb0394ad93185581915f864bff9ae6d2f8f65ed2bda8eab,
RMVM_S_0a225666df,Mong Em Hãy Quên Anh,Lưu Gia Bảo,POP_BALLAD,TIER_A,True,False,0,,False,False,0,,True,2285,405,32db1061588c996e0c7911b0dacfb1515f13e460bc236ada2a4c789225e54d97,
RMVM_S_373efce170,Em Lại Nhớ Anh Nữa Rồi,"Lynk Lee, A.C Xuân Tài",POP_BALLAD,TIER_A,True,False,0,,False,False,0,,True,1735,302,a81bc96e6154e60c9473f7393a2461354678189e7af28ef054ac01c30ba73854,
RMVM_S_d8d87ea3e6,Anh Không Thể Quay Lại,Lâm Nhật Thái,POP_BALLAD,TIER_A,True,False,0,,False,False,0,,True,2189,386,5704921997ffc121935b2fb6989ef153c11c4c6992d7fe13eba88390a8ff76eb,
RMVM_S_b9a6ae82f8,Người Đẹp,Tóc Tiên,INSTRUMENTAL,TIER_B,True,False,0,,False,False,0,,True,1918,347,eae3f01169ba7467b7cf6c875f9dfac9772098acc9446f8e1f1ed004c20a5b47,
RMVM_S_9505c5ae6f,Ánh Mắt Ấy,Thu Thủy,POP_BALLAD,TIER_A,True,False,0,,False,False,0,,True,3375,603,896efb9edf5397def519605ed99e21763a558f14b3274c458235af04ec3d46a0,
RMVM_S_4a3ef381ec,Thương Em Châu Đốc Lý Nàng Ơi (Beat),Tiết Duy Hòa,BOLERO_TRUTINH,TIER_A,True,False,0,,False,False,0,,True,2009,338,5a210732ab170d8e421e85c15721f72630abdc875d20612001c8812d1f0b5668,
RMVM_S_31e68cb92e,Giấc Mơ Không Quay Về,The Men,POP_BALLAD,TIER_A,True,False,0,,False,False,0,,True,1268,226,dd6ea99e418e6be2a70ad7cacf87061d56358bc3b022841dab31d1a981a0e1d6,2012.0
RMVM_S_51693aa726,Anh Ấy (Beat),Lê Vũ Bình,POP_BALLAD,TIER_A,True,False,0,,False,False,0,,True,2882,520,fc59b9bb5a674b4ee9dafebc7a2356b523f5b794094b0ea28566c9ca7db8ea37,
RMVM_S_49becf493a,Ai Đã Khiến Em Như Vậy,"Andree Right Hand, Lil' Knight",POP_BALLAD,TIER_A,True,False,0,,False,False,0,,True,3156,574,7d78cd212a0dfc324a8e913708ecfbb448a34946bab8d698cc440cf5a69c66b0,
RMVM_S_08607ca4cf,Cậu Trai Đứng Hát Một Mình,"Phạm Nguyên Ngọc, BMZ",RAP_HIPHOP,TIER_A,True,False,0,,False,False,0,,True,4079,716,193253dad3dc2703a7a7d8d53ac977cb36f9acfb2a003cb47dcfb81fbca3a7aa,
RMVM_S_bebfee5490,Em Phải Tin Vào Điều Đó,"Như Loan, Lương Tùng Quang",INSTRUMENTAL,TIER_B,True,False,0,,False,False,0,,True,2095,392,0c21051e4467ad4cb85cae8fdef1996af9dae053d53ddb9a9ab02879e329baca,
RMVM_S_b54e3cd22e,Bay Lên Những Ước Mơ,Bé Thiên Bảo,CHILDREN,TIER_A,True,False,0,,False,False,0,,True,2684,479,58686bc6a14e1e60386552ab378f2b3dec27e47a26c71628e80dd74e3caf605f,
RMVM_S_843b41c80b,Cô Hàng Nước,Ánh Tuyết,BOLERO_TRUTINH,TIER_A,True,False,0,,False,False,0,,True,2156,381,bb49ef62b243d24aeffea947ff8b9eb411b76043f56a5c7f6593df9fb433745a,
RMVM_S_df23bbbd8a,Tình Đã Hao Gầy,Hiền Thục,POP_BALLAD,TIER_A,True,False,0,,False,False,0,,True,1660,298,7421a64a02b9a9f0905fea5876d246f21746419d185480b737d0cb98f736b686,
RMVM_S_45823fe135,Người Con Gái Anh Không Thể Quên (Piano Version),Mr. Siro,POP_BALLAD,TIER_A,True,False,0,,False,False,0,,True,823,144,c222ea84c47f7b024bde45f39b2ab0a56e63493ed8e88fa99dd2189e7dbab409,
RMVM_S_20584964b3,Nắng Thủy Tinh,"Lệ Hồng, Thiên An",NHAC_TRINH,TIER_A,True,False,0,,False,False,0,,True,1247,227,3d37864de6f39544f77e47b9e81f705193c21cffcc7c3094109c00413bd59418,
RMVM_S_55de78f4cc,Cha Mẹ Là Hạnh Phúc Đời Con,Vũ Hoàng,BOLERO_TRUTINH,TIER_A,True,False,0,,False,False,0,,True,1659,279,2765f9f2d3d35f610c17adca09bd8cfac952ec41a5639129ed805df58d93c91c,
RMVM_S_c615a34296,Cuộc Sống Vốn Không Công Bằng,CHARLES.,POP_BALLAD,TIER_A,True,False,0,,False,False,0,,True,2168,356,b6100ae2debf4d0ed3bc545a66ae0bb7ee53173b6b4a5d1b78c56786ce8beb1a,
RMVM_S_bd0c21b671,Anh Nên Yêu Người Ấy (Cover),MINKY,POP_BALLAD,TIER_A,True,False,0,,False,False,0,,True,2549,461,db046b85b5d7fc6a8f1299d8379ebb87fbaa8fea5ef8178eaff8dd53a434c4c6,
RMVM_S_34f6838951,Trái Tim Xao Động,Nguyễn Phi Hùng,POP_BALLAD,TIER_A,True,False,0,,False,False,0,,True,1407,250,02f8e7bb773571fa1122fa41ecda3027fe656e59d16db745efe1f47efa94d9e0,
RMVM_S_d269f1f70a,Buồn Tàn Thu,Họa Mi,INSTRUMENTAL,TIER_B,True,False,0,,False,False,0,,True,1516,265,d6dedc060eec3989534ee500b53c68452e7aa353ef8726dfb3f86efa30a39661,
RMVM_S_0f0f39e4cf,Vô Cùng Hối Hận Khi Yêu Anh (Vinahouse Remix),MyMy,DANCE_EDM,TIER_A,True,False,0,,False,False,0,,True,2555,448,1392d0f3be40605a380fbb5c6103c2bb42e31697a69c8175d396cd0300922797,
RMVM_S_46a8ed1dd5,Anh Vẫn Chờ,Đàm Vĩnh Hưng,BOLERO_TRUTINH,TIER_A,True,False,0,,False,False,0,,True,1828,310,72ea650dafbc633c83e342f916cad41bb760027ecaeb47819346838f9f5bfdcc,
RMVM_S_b007909574,Cho Con Khát Khao,Mai Thiên Vân,CHILDREN,TIER_A,True,False,0,,False,False,0,,True,1918,319,03d1fde411a10692d7773965433632740bde741984f9db174180160428393a4c,
RMVM_S_3317e4fc55,Có Tất Cả Nhưng Không Có Nhau (Beat),Tuyết Mai,POP_BALLAD,TIER_A,True,False,0,,False,False,0,,True,2874,493,188ebf28d4c2e7b9ac85bd7d2659e828f1192dde34b4299c33d1a7acc49bacc5,
RMVM_S_29738afb15,Chuyện Một Người Đi,Hồng Quyên,BOLERO_TRUTINH,TIER_A,True,False,0,,False,False,0,,True,1510,266,c172936349171838ac2338a27e1a68668b7491ae112e75fa1a8fea941cb1d8cf,
RMVM_S_ca5c4cbdcc,Về Tìm Trên Cát,Đức Tuấn,BOLERO_TRUTINH,TIER_A,True,False,0,,False,False,0,,True,1073,184,ba3bd02f141a1a9e9badec0a98517b25788f0920da9dc2e39cbf1d784a8c16a4,
RMVM_S_fdd3ccdea9,Tình Nghèo Cách Xa,Đinh Quốc Cường,POP_BALLAD,TIER_A,True,False,0,,False,False,0,,True,1797,306,44684693399d1ffb9e65c259ecf204df6fbd7843ac1f4809127b6acf50604f5f,
RMVM_S_57e211f474,Trọc Đầu Không Hiểu Vì Đâu,Dật Hanh,POP_BALLAD,TIER_A,True,False,0,,False,False,0,,True,2426,424,2fd86efbc625b42e2c3bd38569ee31b76c8a279d36ad3133fb5112278d9dbf8f,
RMVM_S_0781005064,Anh Nhận Ra,Bằng Cường,POP_BALLAD,TIER_A,True,False,0,,False,False,0,,True,2571,459,be7dde6fe74716e5d7517ed9e607a1537859467cbb24b11379c8b6114ba65500,
RMVM_S_6b4141ce4d,Đón Xuân Này Tôi Nhớ Xuân Xưa,Sa Huỳnh,BOLERO_TRUTINH,TIER_A,True,False,0,,False,False,0,,True,1187,207,7fdd1715fa77e2e4a35b41c6d96e12b79ee95a0aa6aa9060a56cbd894629c928,
RMVM_S_25b418d5c1,Dĩ Vãng Nhạt Nhòa (Gala Nhạc Việt 4 - Những Giấc Mơ Trở Về),"Ưng Hoàng Phúc, Yến Trang",POP_BALLAD,TIER_A,True,False,0,,False,False,0,,True,1552,260,dce4ebb48e1e119dc2b5e02fe28e97a22afbb4088559cba203251be010116b96,
RMVM_S_c245b458d3,Ca Sĩ Nhạc Pop,"OSAD, Captain",RB_SOUL,TIER_A,True,False,0,,False,False,0,,True,3531,644,e6e05e81041478cbd6c56223040ce696a5158a64d7596e849da0c81dd7dd1181,
RMVM_S_54d22d2652,Đừng Quay Lưng,Mắt Ngọc,POP_BALLAD,TIER_A,True,False,0,,False,False,0,,True,2807,474,d4c012efce25382cacf4d70a2f145cd0e21166e5d8fc5e3453dcd66b7adcff35,
RMVM_S_6c6a7e0ee6,Cào Cào Bay Trong Gió,"Nguyễn Hồng Thuận, Ruby Bảo An, Châu Anh",POP_BALLAD,TIER_A,True,False,0,,False,False,0,,True,995,171,856f3aa062d9e0f95fcbf7f307b087ee6f254e5ec3c89055638759ab6567c9d9,
RMVM_S_22d82be697,Cảm Giác Cô Đơn,"Kim Thư (Ẩn), Kim Thư",RAP_HIPHOP,TIER_A,True,False,0,,False,False,0,,True,980,179,897b35dd2b87afac5bb08ff72b13ca8603926e52bb4e2d525bf75712f758743d,
RMVM_S_ed0eeb05df,Thơ Tình Người Lính Biển,Đức Chính,REVOLUTIONARY,TIER_A,True,False,0,,False,False,0,,True,1278,232,4e899efe5e34a7674ff151917b503a42b367c68ba86b1e093e6b0eb96015823f,
RMVM_S_3d87b8f532,Người Hãy Nói Đi Người Ơi,Nhật Huy,POP_BALLAD,TIER_A,True,False,0,,False,False,0,,True,1973,348,b592c313aeab17ad61708d3fca2dd05a03c82ec1e801b3aeffff47bf81f181a8,
RMVM_S_98fbcd87d1,Đừng Vu Vơ,Tú Linh,BOLERO_TRUTINH,TIER_A,True,False,0,,False,False,0,,True,1203,223,e78de916114996b05fc2fd60680edeb0cf92bb650d38ee33afaf25ea93429ea8,
RMVM_S_5bb71b9f39,Con Rắn,Hoàng Hồng Ngọc,POP_BALLAD,TIER_A,True,False,0,,False,False,0,,True,1718,284,b77d4454867051a1f8a4db113f4d004bb058a8f7130fe52a90cc4a0b26e2673e,
RMVM_S_d15f0326f5,Giấc Mơ Mình Em,Minh Tuyết,INSTRUMENTAL,TIER_B,True,False,0,,False,False,0,,True,1523,277,eaaedd8f00cb0b01390d852bf82f24194c5c6f722fe9353bf6a5c80bb766051f,
RMVM_S_cff6e183cc,Để Dành Giấc Mơ,Thiên Nam,POP_BALLAD,TIER_A,True,False,0,,False,False,0,,True,2423,426,e380fedf9e0d81d53e4985fe918edb3c7e3750a1033c548f264900ba2ccaafc5,
RMVM_S_744ee71b1c,Đừng Giận Lâu Con Gái Ơi,Lâm Chí Khanh,POP_BALLAD,TIER_A,True,False,0,,False,False,0,,True,1496,272,d7c928cbc5e1984f0c82fb989c33881c18e31b42ca06f3a933f2949c0cf2a73a,
RMVM_S_ee70278757,Xin Đừng Yêu Anh,Trần Khánh,BOLERO_TRUTINH,TIER_A,True,False,0,,False,False,0,,True,2710,491,f8350b59ed2e1f09483468806195267b0582ae175ff1dd35a76dfbc7726ff543,
RMVM_S_7fd724a5bf,Thà Anh Nói Một Lời,Hoàng Châu,POP_BALLAD,TIER_A,True,False,0,,False,False,0,,True,2292,398,bb0b307a918e7a40a4571fd249f5e2ef6028e93ec23cef845cc0cd7e42df2dd6,
RMVM_S_8e6b6cc473,Mưa Hoa Tàn,Trương Như Anh,POP_BALLAD,TIER_A,True,False,0,,False,False,0,,True,3335,587,678aee28e86a43e1ceb3fa0ae8dd46597b103f350364002064f2e04e36431692,
RMVM_S_a7ec96d729,LK Nhật Ký Đời Tôi - Người Em Sầu Mộng - Trái Mồng Tơi - Gái Nhà Nghèo,"Hương Lan, Thế Sơn",BOLERO_TRUTINH,TIER_A,True,False,0,,False,False,0,,True,4317,712,f104ce607ec8e08c3bb35de4263a91f6ec331ec48e0dcd85986055c7477434d6,
RMVM_S_85438f8069,Trong Cõi Địa Đàng,Phạm Đình Nam,BOLERO_TRUTINH,TIER_A,True,False,0,,False,False,0,,True,1630,295,d262b7c5f8db746adfbf3aca44f283933d3da132ded392269f9db1a602da4677,
RMVM_S_7efef6141d,Sẽ Không Còn,Hoàng Lê Vi,POP_BALLAD,TIER_A,True,False,0,,False,False,0,,True,2151,376,430d09e58ad744966ae93672537362870c91bfe12bb4651fb1673bd25310aaaf,
RMVM_S_5e779133fa,Ngày Tuyết Lạnh,Như Loan,INSTRUMENTAL,TIER_B,True,False,0,,False,False,0,,True,1344,238,3d1e64eda4beec1b8815070c2324d73ddd73ab9ceb7a925aaabf9d7361f7ec5a,
RMVM_S_0760571d1d,Lk: Tàn Tro - Radio Buồn,Thanh Hà,POP_BALLAD,TIER_A,True,False,0,,False,False,0,,True,2341,416,c44b1a28e3ffc089ef835d238904b1b17ce776d9e25e4b25092c700a107132e3,
RMVM_S_a660c5aa71,Anh Không Năn Nỉ Em Đâu,Trương Bảo Anh,POP_BALLAD,TIER_A,True,False,0,,False,False,0,,True,1906,355,cd59b714a04e4afb14c1ff878d59049bb6067a425448ece1dda4445d3d652909,
RMVM_S_a88aed5c98,Chúc Xuân,Kim Linh,BOLERO_TRUTINH,TIER_A,True,False,0,,False,False,0,,True,2228,374,1157981d2c0fd6d367035261a98d2aba95c050279ef11fb00c8c32db59751b77,
RMVM_S_8460028c61,Đau Là Còn Thương,Võ Kiều Vân,POP_BALLAD,TIER_A,True,False,0,,False,False,0,,True,1857,338,3018703eea150d1cca96fcb1e5483ce7ce2f732d17fa2713db2c26c7626771de,
RMVM_S_4741258bea,Anh Mới Chính Là Người Em Yêu (TD Remix) [Short Version 1],Dunghoangpham,POP_BALLAD,TIER_A,True,False,0,,False,False,0,,True,1420,264,18d16fd45d44b23ef0346f7ffdab40b701467c6bc6a3c88b3803d015f87cfc0f,
RMVM_S_a405aa4065,Anh Yêu Em Nhiều Hơn Ngày Hôm Qua,Lâm Chấn Huy,POP_BALLAD,TIER_A,True,False,0,,False,False,0,,True,2256,403,38ff87d0fda78574a9ecb2d298e9e34fe6e663ecbee2c4124d76c2659e95a233,
RMVM_S_e7c25ee92f,Đã Có Những Lúc,Nguyễn Hoàng Anh,POP_BALLAD,TIER_A,True,False,0,,False,False,0,,True,1913,341,3631cca7794eb2020ba056c243930ca3166b3b274889443cc2cbee79546f7670,
RMVM_S_79ad801669,Một Chút Gì Rất Huế,Xuân Viên,FOLK_TRADITIONAL,TIER_A,True,False,0,,False,False,0,,True,1874,313,f4663f3d65512c1a9a518a725617dbdb60ef4e26395d9bf4bfb90ee09a3ae158,
RMVM_S_46d0c2f041,Bố Chẳng Đi Đâu Xa,Bé Bào Ngư,INSTRUMENTAL,TIER_A,True,False,0,,False,False,0,,True,1167,212,af0f2b9cb3aa4f1b572055380125828b1fbbd69a88f535c64b3be8d736e45e41,
RMVM_S_4f45bb819c,Em Yêu Anh Thật Không,Deris,POP_BALLAD,TIER_A,True,False,0,,False,False,0,,True,858,155,a627a2d931fd970590917bf65e741f8d90c1ac710a7b6de16c501586ddff04ed,
RMVM_S_44a0d978e0,Hình Như Em Say,NgânT,POP_BALLAD,TIER_A,True,False,0,,False,False,0,,True,3762,681,bc555c0d92ce5dd2f83cee0d44f0617ed9f3e84d6be78df595515b4c5eda9880,
RMVM_S_2225d32eec,Con Tim Si Tình,Minh Thuận,POP_BALLAD,TIER_A,True,False,0,,False,False,0,,True,1540,282,26e738702de9f15de4bdfd8df45cbf87306fd852cc63813cefe3f0de6113bef0,
RMVM_S_280c85be1a,Một Nỗi Đau,Hoàng Châu,POP_BALLAD,TIER_A,True,False,0,,False,False,0,,True,2020,357,9d4a6c6dc203465993d5eec8b068f0cc5ab2b1029492e3b24058932ed85ee1a6,
RMVM_S_881c2a9641,Mùi Hương,Anh Khang,POP_BALLAD,TIER_A,True,False,0,,False,False,0,,True,2813,495,55017e4c05641c2e9d9189d590306fd412f908bd27bdbf55ccf00524d80047de,
RMVM_S_f1a292d028,Chưa Kịp Nói Lời Yêu Em,Liu Quốc Việt,POP_BALLAD,TIER_A,True,False,0,,False,False,0,,True,2220,407,eb4861ad9471be215798080c6c2591034160f0bc845c9b4cb92789914e6e28a0,
RMVM_S_47ceaf154b,Hoa Cỏ Mùa Xuân,"BeeBoss, Châu Ngọc Lan",POP_BALLAD,TIER_A,True,False,0,,False,False,0,,True,2316,410,f08d8d66c011170b31b365ce7cda24d5b56024d9b3c646ea063dfb940e1260f4,
RMVM_S_e25c276d94,Vùng Trời Bình Yên (25th Làn Sóng Xanh),"Wren Evans, DTAP",POP_BALLAD,TIER_A,True,False,0,,False,False,0,,True,1744,311,93ddde7d08e2ccab7af024ff8e621907f4de8f16e8ebf32cae1bf76b04a8d360,
RMVM_S_b25af1856c,Cố Giấu,Nguyễn Đức Quân,POP_BALLAD,TIER_A,True,False,0,,False,False,0,,True,2565,439,89fb4f8a3dda15defe024625e7c879e86fb1edfbe6fc799b0db50c2a6fff6050,
RMVM_S_4da268dc60,Hà Nội Phù Đổng Tiến Lên,Nguyễn Trung Kiên,BOLERO_TRUTINH,TIER_A,True,False,0,,False,False,0,,True,1290,217,83b85335d66887f5ee8ba1d4cb3fa31306b98584bf94331048567852078f7cfd,
RMVM_S_c2456b998f,Nhớ Anh (Đạt R x HHD Remix),"Hà Trâm, Minant, HOA HỒNG DẠI MUSIC",DANCE_EDM,TIER_A,True,False,0,,False,False,0,,True,3006,557,aed2981fa9b9f321474ba1c6040ab3ab28bbe344b4e151dff036144e1b1a4ec2,
RMVM_S_63103afd2a,Ngủ Đi Anh,Bùi Tiến Thường,BOLERO_TRUTINH,TIER_A,True,False,0,,False,False,0,,True,1528,260,6ed1604439cb4c7f6abb2f0c5f4657f72fbec7cbcd9ef5f6abe9a05e7319c5bc,
RMVM_S_92f5cf9342,Anh Luôn Tồn Tại,Huỳnh Như,POP_BALLAD,TIER_A,True,False,0,,False,False,0,,True,1828,326,e0d1b9be10bc8333e51249377df9cbe6bd6b03de04cbc9b8c62d10173b35ed90,
RMVM_S_2f0937a452,Dấu Vết Nghiệt Ngã,Bức Tường,ROCK,TIER_B,True,False,0,,False,False,0,,True,2293,379,031ab8214a0365ad25a5663ffa3a6a3d4b27035722a018dafffb5f28bbbb2317,
RMVM_S_0c60bd0eae,Gửi Tình Theo Gió,Minh Thuận,POP_BALLAD,TIER_A,True,False,0,,False,False,0,,True,1825,312,d80c49edf4f42ec62b6fcb708119658bad81bab5af92e3a291ca06a586ffc256,
RMVM_S_0f271c98c5,Biển Nước Mắt,Tp Nguyên,POP_BALLAD,TIER_A,True,False,0,,False,False,0,,True,3528,605,d8dc324757fd9070a960dfd51b48cc03cc284bc7dd7c3607e075953222d8e4a5,
RMVM_S_da7f167a32,Chờ Người Vô Tình (Version 2021),Kayshi,POP_BALLAD,TIER_A,True,False,0,,False,False,0,,True,4008,727,25ab1b1941808039d91f58e2559bf1c8ea99faade49aad0e84c3108450e3eb41,2021.0
RMVM_S_acf245d8ff,Anh Tự Do Nhưng Cô Đơn,"Trung Quân Idol, Văn Mai Hương",POP_BALLAD,TIER_A,True,False,0,,False,False,0,,True,1968,368,67b0bae4509ff2c2ec5bc4588bf97dd77bd8a6c2970e4239d93b78275d27f665,
RMVM_S_f360774cf7,Liên Khúc Ba Dòng Sông,Thu Phương,POP_BALLAD,TIER_A,True,False,0,,False,False,0,,True,4348,754,2ac39174dd17142441f506e40850f15c0a8fb931afb377cf6863f1505b7b2522,
RMVM_S_4cea687353,Tôi Xa Người Yêu,Võ Minh Lê,POP_BALLAD,TIER_A,True,False,0,,False,False,0,,True,1678,285,5f64b26979f40f25caae738aeae53c319406fa6015ea2a149140b540d1310b9e,
RMVM_S_89a8b8d6a7,Nguyệt Quế,Đăng Nguyên,BOLERO_TRUTINH,TIER_A,True,False,0,,False,False,0,,True,2478,421,93e97d67132b15a0fbe5c3aa25ff1bf9634e0b0c407b716a77327843425ff105,
RMVM_S_2b444433f2,Tương Tư Cục,"Lee Phú Quý, Thắng Ca",POP_BALLAD,TIER_A,True,False,0,,False,False,0,,True,2963,506,c2939ff83008a6550a2e08d16d6ccc86ed87fb934821628aa5511cbf8939f921,
RMVM_S_7b79ed9474,Nửa Trái Tim (Song Ca),"Minh Thuận, Nhật Hào",BOLERO_TRUTINH,TIER_A,True,False,0,,False,False,0,,True,1798,324,fda97f365e5fa04d554744449ee15845c691d449ddcdb072398ce347d81f9188,
RMVM_S_0238f2b36f,Em Là Tình Yêu Của Anh (Remix),"Nhật Tinh Anh, DJ Phơ Nguyễn",POP_BALLAD,TIER_A,True,False,0,,False,False,0,,True,1665,334,075476ca928cef8d357cea4fcc73484cccc4bc738af595a4607c9a47aa716136,
RMVM_S_df82af2350,LK Về Quê 2,"Lê Sang, Giáng Tiên",FOLK_TRADITIONAL,TIER_A,True,False,0,,False,False,0,,True,5174,872,e320ffe6ccfd5b141a480593cf77fef13de1b3799754ee6eb4121c35d2db4e53,
RMVM_S_9b84c31be9,Anh Cần Gì?,SimonC,RB_SOUL,TIER_A,True,False,0,,False,False,0,,True,2631,479,9542bb7fb727f88230351f04e7e259decc9d658820f80ee5ecbcb9075aa2e7d9,
RMVM_S_fe141d209d,Nhớ Mẹ Lý Mồ Côi,Hoàng Minh Thắng,BOLERO_TRUTINH,TIER_A,True,False,0,,False,False,0,,True,1469,261,7eb50e81dde81bf36f8a664c07a9305bb7fa71eefb48f4d1cddd0ba3a0b85c01,
RMVM_S_f4267ab8c6,Nói Anh Nghe Được Không,Andiez,POP_BALLAD,TIER_A,True,False,0,,False,False,0,,True,1922,336,c4df1a2a00ef622b45934f4fb3fff49c9eb9f6620c2f727461c44c715b840c82,
RMVM_S_4098774c40,Giá Như Ta Chưa Từng Gặp Nhau,Ngọc Khoa,POP_BALLAD,TIER_A,True,False,0,,False,False,0,,True,1987,349,9c3997e34d42dea61b16b99c3702a62265cc0f93d0a06d9dfc6149edbd26cc62,
RMVM_S_2f2e26173a,Bao Lâu Rồi,Ngô Kiến Huy,POP_BALLAD,TIER_A,True,False,0,,False,False,0,,True,2069,374,7dcb2e7488dc7a5b0b673e7160ddc1f93ac867899f325fe61b9132befd1e24f1,
RMVM_S_eafa543b00,Con Đường Mây Trắng,Tam Ca Con Gái,BOLERO_TRUTINH,TIER_A,True,False,0,,False,False,0,,True,1896,304,9919e68442c0fe152022beb0ef02fc3067587878fbfb615dcc5127c3e16ef72a,
RMVM_S_4b47156687,Em Ơi Đừng Khóc,"Gia Huy Singer, Lương Chí Tâm",POP_BALLAD,TIER_A,True,False,0,,False,False,0,,True,1945,321,a5cb71802fe7f0317dadddb1ea838d35ba2feb943d7ce4ad6e43cf00dd9c82f1,
RMVM_S_5cfc03d516,"LK Đường Về Hai Thôn, Tình Thắm Duyên Quê, Ngẫu Hứng Lý Qua Cầu (Remix)","Saka Trương Tuyền, Quách Thành Danh",DANCE_EDM,TIER_A,True,False,0,,False,False,0,,True,3492,609,824f8f2798e97f3310dbdd936f2654556ff971843efc2526e7fab83140942e7f,
RMVM_S_2cea172ef5,Bông Mua Tím,Võ Minh Lê,POP_BALLAD,TIER_A,True,False,0,,False,False,0,,True,2161,382,6296eb36fd9083d960c9d5e92717b5d5d9a0dc8b1c012affa7fe8c6b51b953f8,
RMVM_S_b758006f5e,Chỉ Mình Anh Nhìn Thấy,"Thái Đinh, NamKun",POP_BALLAD,TIER_A,True,False,0,,False,False,0,,True,2580,443,6ece4cbed37887ffe833bcde1e10bbdd77aac24fdf0af05b4011aac3cc4206ae,
RMVM_S_07ff6b172a,Cha Yêu Mẹ Yêu,"Đức Hưng, Y Jang Tuyn",BOLERO_TRUTINH,TIER_A,True,False,0,,False,False,0,,True,1264,214,ccdde86f2767dfc095e8f33f15e3c32ed5c7d6104a3263e643a078372cad3ecc,
RMVM_S_9342098aae,Dạ Khúc Đêm Trăng,Trường Kha,BOLERO_TRUTINH,TIER_A,True,False,0,,False,False,0,,True,1582,275,78c521011189d173aa14ec1fb8cbed670a06de83decb7803566fd48e62161129,
RMVM_S_9e1c733949,Không Thể Giữ Được Em (Khách Mời),Na,POP_BALLAD,TIER_A,True,False,0,,False,False,0,,True,3038,521,ccd1b6e760fc107f171580f37e567ce999420e253d3d5be83f623e9ca480a350,
RMVM_S_463c1ddd94,Cưới Nhau Mùa Tết,"Kiều Trang, X2X",POP_BALLAD,TIER_A,True,False,0,,False,False,0,,True,2044,346,6b835dcffed3f7a506bbe0361d01b878facbc3020584fc0a84f82a4a38673cc8,
RMVM_S_242af1ac12,Em Có Đủ Bình Yên,"Đào Duy Quý, Gianggi",POP_BALLAD,TIER_A,True,False,0,,False,False,0,,True,1985,355,c31a4878ccc27c13000da5b66605afc740603777a67c3bb2e5e7e7663cd05a68,
RMVM_S_65e38f4285,Bao Tiền Một Mớ Bình Yên?,"14 Casper, Bon",POP_BALLAD,TIER_A,True,False,0,,False,False,0,,True,2315,416,0d3ff040746e41bea3e35092077daa8598f93d5fc8356b6a7007fb781cbfbf80,
RMVM_S_8e7114f0c3,Lời Nhạt Phai,Tóc Tiên,INSTRUMENTAL,TIER_B,True,False,0,,False,False,0,,True,1755,345,64b7bdb20516e5e6b9976db86c84d15cd8a13ffd60aa8cc12a1da67a085e6d85,
RMVM_S_26c1853b04,Liên Khúc Lục Tỉnh Miền Tây,Nhiều nghệ sĩ,NHAC_TRINH,TIER_A,True,False,0,,False,False,0,,True,6217,1068,831cf47a8fd31e4a156fbdeb75f31e3d42c9f07f2d6906bd4b2b2aa16ee23b81,
RMVM_S_038e8bfd4a,Dốc Mù Sương,N.Deep B,POP_BALLAD,TIER_A,True,False,0,,False,False,0,,True,1280,219,9558003c2be29a24dcad4980c1e5dc16e7c5a0c4127ac6234d54807f8493277f,
RMVM_S_6b0b88a7fd,Chúng Ta Cô Đơn Nhỉ,"SG Prider, Nguyễn Hồng Giang",POP_BALLAD,TIER_A,True,False,0,,False,False,0,,True,3039,588,b3960fa5f6e8b50b3021426aae22ea84dd4f4a8b3eaf7f3ba3d228a88a3ace0c,
RMVM_S_7caed9feea,Em Hơi Mệt Với Bạn Thân Anh,"Hương Giang, Trang Pháp, Masew",POP_BALLAD,TIER_A,True,False,0,,False,False,0,,True,2437,438,c13029b3e30c4cad631c88007a1f38a13dd6aafba710e37c95db000d1d8306e2,
RMVM_S_8fcfda965f,Đời Em Không Lẻ Loi,Phương Thanh,BOLERO_TRUTINH,TIER_A,True,False,0,,False,False,0,,True,1778,311,b875eda8bfa150592997bd98f1ec2ed149891eedcaa2f55bafe26a4b1b3c00bc,
RMVM_S_b8e22a6324,Bóng Chiều Tà,Trần Thái Hòa,INSTRUMENTAL,TIER_B,True,False,0,,False,False,0,,True,1226,205,111e6073be7f3f99998d8dca53669cf4be380c6f4510bca70f6800204900e600,
RMVM_S_01c25182d6,Chuyện Tình Của Thủy Thần,Bức Tường,ROCK,TIER_B,True,False,0,,False,False,0,,True,2339,405,afe3676433567a3aa4e1eb8f9bdb7ee5a1c43bcab93053337f80d8560ea9e0d8,
RMVM_S_0267fd782a,Thành Phố Sương,Hiền Thục,BOLERO_TRUTINH,TIER_A,True,False,0,,False,False,0,,True,1712,301,f74682f7b853ce57ab0172aa03dfb03b6f1b7be532322780bf2431cfff54c839,
RMVM_S_e2c4c86a1e,Một Đời Yêu Nhau Một Ngày Xa Nhau,Thanh Thanh,POP_BALLAD,TIER_A,True,False,0,,False,False,0,,True,2385,415,488c189d78e14a25b2b70942eadb94d434849e15e9acbd19abd0fe7a3d81ddad,
RMVM_S_27970b23ef,Chẳng Còn Như Đã Từng,Nguyễn Đình Long,POP_BALLAD,TIER_A,True,False,0,,False,False,0,,True,2589,449,7f681a067d38f56623d0b6c4dd5c2581865e9f38ef022bb871b000eb0c31434c,
RMVM_S_44dc6773b2,Chúng Ta Là Anh Em,Ngọc Turbo,POP_BALLAD,TIER_A,True,False,0,,False,False,0,,True,2137,388,4e95a9bce2a2614e33c6befc8f3751d4d532eef3f1bff0a1024735d03bcd8680,
RMVM_S_7c1c7d7215,Có Em Là Nhà,GiGi Hương Giang,POP_BALLAD,TIER_A,True,False,0,,False,False,0,,True,1894,334,0e5556a940602ddddcae7c980d62c3667a6360be4f409d607085772138f3a0f5,
RMVM_S_32caebd8bc,Anh Sẽ Gặp Em Lần Nữa,Suno Nguyễn,POP_BALLAD,TIER_A,True,False,0,,False,False,0,,True,2454,439,a8c095e8573ec1810e1f2b10faedbf116166a8a750d3a9037261aee9262cba60,
RMVM_S_e57aed2b5f,Tình Đợi Mong,Thế Sơn,INSTRUMENTAL,TIER_B,True,False,0,,False,False,0,,True,1892,328,83cc19ca23d1ba34ac9c6e73826f58927d067aa5b0c9ab486249beea67aa4170,
RMVM_S_2d31112163,Liên Khúc Bạn Bè,"Vũ Hoàng, Lương Gia Huy, Khưu Huy Vũ",POP_BALLAD,TIER_A,True,False,0,,False,False,0,,True,3960,689,d838e4d9aa66e4e474a7f5214bb9e46715b10c140bc61d2a4b83624435bd1492,
RMVM_S_a5d771cfc1,Chiếc Phone Buồn,Chế Thanh,BOLERO_TRUTINH,TIER_A,True,False,0,,False,False,0,,True,1507,249,4fa753c9707a28c958e6f6872ee2376b207b7f5a4b8915a8b1ee81ab39e0ca89,
RMVM_S_f49647f07b,Đường Về Miền Bắc,Trần Thái Hòa,INSTRUMENTAL,TIER_B,True,False,0,,False,False,0,,True,1428,237,4b3f9f463bd6b076df6489147b0439d0c24457afbfe758d5fa5aebec874f977d,
RMVM_S_dde6987363,Anh Xa Mãi,"Harlyn, Nhật Thái",POP_BALLAD,TIER_A,True,False,0,,False,False,0,,True,1692,295,789734610cba7c97bb1a8650ec6822d32bcb14ca33a26dc3f7dc3c339864ef44,
RMVM_S_3d23d64100,Chiều Phố Xưa,Đặng Trường Phát,INSTRUMENTAL,TIER_B,True,False,0,,False,False,0,,True,1737,283,c45e54fc4c1b5ad46663ee1338780321e0f20bc0bdabab17bda9b20c19c3fa2b,
RMVM_S_95c4c59ede,Còn Bé Phải Học,Kitty Ngọc Nhi,CHILDREN,TIER_A,True,False,0,,False,False,0,,True,1751,316,00a3e3afccdddae99487bf62be2251a7f1913380f716b4e394c20b340391204d,
RMVM_S_044d54a115,Kiếp Xa Quê,Phùng Ngọc Huy,POP_BALLAD,TIER_A,True,False,0,,False,False,0,,True,2704,478,0ebb653c9b5eb84127bdf6fb44ded9469cc96a87824c837290e87ea71fc3e910,
RMVM_S_d86a15457a,Cần Thiết,Thanh Hà,INSTRUMENTAL,TIER_B,True,False,0,,False,False,0,,True,1140,201,235a9524759e1775fb94b548b4f4648caa112156c000b132975a42f5217df45c,
RMVM_S_9d43474bb4,Bạn Và Tôi Đều Giống Nhau,Danh Tuấn Trung,POP_BALLAD,TIER_A,True,False,0,,False,False,0,,True,2023,350,dab4d22726998ea3604f3973c61e2501eda73a96e3cd59ed0b55ab7f76ce6bbe,
RMVM_S_02dc32f658,Một Mai Em Đi,Hoài Nam,INSTRUMENTAL,TIER_B,True,False,0,,False,False,0,,True,1710,297,cfc56c7a3851d701ca5db6da2363880e556406bf9a41c8ce480158f26fced833,
RMVM_S_43d0cf656d,Nhớ Mưa Xưa,Khắc Triệu,BOLERO_TRUTINH,TIER_A,True,False,0,,False,False,0,,True,1676,295,01d791cb69f6b0f8e35d8a7ed4bc0d70b7152dd435588f51eba04bf631d70a3e,
RMVM_S_315b717526,Một Lần Miên Viễn Xót Xa,Thế Sơn,BOLERO_TRUTINH,TIER_A,True,False,0,,False,False,0,,True,1571,268,12ae2b94063fb49346c1d26d6dd7715f0530f21d6eb9c37753874dd873f2c9e3,
RMVM_S_f7e0f314b2,Đôi Mắt Thiên Thần,Cường Seven,POP_BALLAD,TIER_A,True,False,0,,False,False,0,,True,2292,407,5fadae2d0050db5cf9468e92e229cfe8b4948240f84ee63a26042cef75584fdb,
RMVM_S_8d218e5ae6,Giọt Nắng Mùa Thu,Ngọc Tân,BOLERO_TRUTINH,TIER_A,True,False,0,,False,False,0,,True,1526,278,23cbe92c4358e5135bcaf9b8b0be6eb3d54160a47a99cd7d6a14d634f389abf8,
RMVM_S_0536df5892,Cô Gái Mặt Trời,"Sun, Lil ZKay",POP_BALLAD,TIER_A,True,False,0,,False,False,0,,True,2791,508,de3d923e65b4fb7067e483b8de87126148c91369e73e3b0ffe8350359c1f9c55,
RMVM_S_bad073b181,Bài Cho Em,Xuân Phú,BOLERO_TRUTINH,TIER_A,True,False,0,,False,False,0,,True,2147,379,97e691e1ee971ed9dbd03eb197f98672b0d6fe5172bf5b7e502a2cea692527a6,
RMVM_S_2df480ff75,Tình Yêu Thấu Tận Trời Xanh,Võ Phi,BOLERO_TRUTINH,TIER_A,True,False,0,,False,False,0,,True,1652,309,412be6eee39e384ff0a0d423881f1846048175669090a280af97265958600854,
RMVM_S_9cd69b8069,Chiếc Lá Mùa Đông (Xuân Phát Tài 13),Bằng Kiều,POP_BALLAD,TIER_A,True,False,0,,False,False,0,,True,1790,299,f1a5a0b171178f808760f4a071836513dfbc502e00f04e0cb875ddd5e5f00a53,
RMVM_S_8779aa2041,Giấc Mơ Yêu (Acoustic),Đăng Nguyên,POP_BALLAD,TIER_A,True,False,0,,False,False,0,,True,2547,440,d0e74a807bba7340b9d5ea674abfe3b8d25542945c4ef1bfd43369c3c8997e38,
RMVM_S_0fc45b7832,Điều Ta Viết Mùa Xa Nhau,"Đoàn Minh Quân, Tiên Fami",POP_BALLAD,TIER_A,True,False,0,,False,False,0,,True,2122,374,663fdd0dab5c63a66de33d7412c50921f6b31a84a01c2eebda3aea19fb24ea41,
RMVM_S_9dfb0a8a7f,Sầu Tím Thiệp Hồng,"Dương Ngọc Thái, Hoàng Châu",BOLERO_TRUTINH,TIER_A,True,False,0,,False,False,0,,True,2101,353,5eb5516b020ea1035c69b1885a265c14f3373370e5dcda3002f36088080407e4,
RMVM_S_ba6e2ac887,Anh Ra Đi Mùa Nắng,Hồng Xương Long,POP_BALLAD,TIER_A,True,False,0,,False,False,0,,True,1883,339,a5663b416fd642c81fdae60c1b97970042a48bd7a3777f9f41acee1636129150,
RMVM_S_9fd78668a9,Khi Ta Xa Nhau,Diễm Liên,BOLERO_TRUTINH,TIER_A,True,False,0,,False,False,0,,True,1207,208,85eb70c3aa3ca79814f87e2e8dc69ce53d894745d97af8121a7895b17516507a,
RMVM_S_c33fd6077d,Vẫn Mãi Yêu Em,Bằng Kiều,BOLERO_TRUTINH,TIER_A,True,False,0,,False,False,0,,True,1457,240,d3aece64b6360408c52c929df10def02b5f33f57e06d9319f9f8447a162eb07d,
RMVM_S_0a7f566ed0,Tình Sẽ Về Đâu,Phan Đinh Tùng,POP_BALLAD,TIER_A,True,False,0,,False,False,0,,True,2077,361,ceadf47b2119ac9f87ee2e76c171ae28258a10748f890eb84a27bc17df28942e,
RMVM_S_5e3e06574e,Hãy Cho Anh Một Lần Được Yêu,Lưu Gia Bảo,POP_BALLAD,TIER_A,True,False,0,,False,False,0,,True,2184,400,81af9ced33f62c59871e72d4352f6cf79039b3c41d1dad8c756984d494a12fa8,
RMVM_S_59d42cb931,Khi Trở Lại Trường Cũ,Ánh Tuyết,POP_BALLAD,TIER_A,True,False,0,,False,False,0,,True,1794,299,1275fa2ca95c3b3ba3ed31b51e494019755bcf4f9f097ad868d287adc22f12d0,
RMVM_S_9d41980ac2,LK: Gửi Gió Cho Mây Ngàn Bay,"Ái Vân, Elvis Phương",BOLERO_TRUTINH,TIER_A,True,False,0,,False,False,0,,True,2770,501,11275172da0a56bb5f45b20981cd93821f2303a2775ff96efbfa1202a92e2531,
RMVM_S_9470aa9f79,Xin Lỗi Vì Anh Nghèo (Beat),Phạm Kỳ Anh,POP_BALLAD,TIER_A,True,False,0,,False,False,0,,True,2030,345,f79402d378c179b51dec7c2086f9902b55773102640bbfe170998270a4b73e1a,
RMVM_S_6c4e4b2a5e,Vì Ta Chán Nhau,Trương Thảo Nhi,POP_BALLAD,TIER_A,True,False,0,,False,False,0,,True,2041,363,a767c2dcd1b6bead7c22f70f38db104f7283124d5a7afab097aeb26a77a992fb,
RMVM_S_07cda90fb6,Khẽ Thôi Cưng À (Remix) (Beat),Cao Tùng Anh,DANCE_EDM,TIER_A,True,False,0,,False,False,0,,True,3544,631,04fcec38b086db6eddbf81fe40b39eacfa668e15087d8ac77b86f1b1c970756a,
RMVM_S_f336142c50,Gió Cuốn Bụi Bay,"Hoàng Châu, Nhật Hào",POP_BALLAD,TIER_A,True,False,0,,False,False,0,,True,1245,231,1eb1506774f75d38c791cd0702354feec532e3973dd4d4dfb61bd92d38688a05,
RMVM_S_5bb8255b1f,Dĩ An Xinh Tươi Màu Nắng,Minh Trang LyLy,POP_BALLAD,TIER_A,True,False,0,,False,False,0,,True,2646,465,bd02cf1e240d26ec89e43a11c2b9cf85e8fb876de223232d331a71ceaabef3d7,
RMVM_S_a72a0741b7,Hình Bóng Trong Tim,Tâm Đoan,CHILDREN,TIER_A,True,False,0,,False,False,0,,True,1874,326,4c356174266c1c74162294a506b0bdbc23be66c7a6cd86bf478a5c3c7cb32edd,
RMVM_S_27ba6bf863,Buồn Thời Gian,"Mạnh Quỳnh, Khả Tú",BOLERO_TRUTINH,TIER_A,True,False,0,,False,False,0,,True,2318,400,fbd7203ab87141b75d603e3d1b4ffea64933217b616015a7200b47c912b2257c,
RMVM_S_37349b90f2,Hạnh Phúc Khi Có Anh,Nhật Kim Anh,POP_BALLAD,TIER_A,True,False,0,,False,False,0,,True,2077,376,d12165d09b42526f1518b725ef840f5cbdfd1b8329e08c9f6eee03831d2ec505,
RMVM_S_2f347def77,Anh Ở Vị Trí Nào,Kim Hiệu,POP_BALLAD,TIER_A,True,False,0,,False,False,0,,True,1811,314,ffdea86c4706830424673a8df4bb8799207c21b346d6610449b246b56b937f2e,
RMVM_S_5e1080d006,Hoa Phù Dung,RHY,POP_BALLAD,TIER_A,True,False,0,,False,False,0,,True,1937,337,01d6c4f4e582bcade0fd0158aa161f1c71f91748d6ad73db3a73d8e2e93b97fc,
RMVM_S_32c88278ed,Say Câu Hát Người Ơi,Vũ Minh Vương,BOLERO_TRUTINH,TIER_A,True,False,0,,False,False,0,,True,1729,292,c354981c8768a05776b55bd2eb04f9854548bd2508fc358a5b13f18f4a9b000b,
RMVM_S_b0e2f6325e,Một Khi Yêu (DJ Turbo Nguyễn Remix),Đan Thùy,POP_BALLAD,TIER_A,True,False,0,,False,False,0,,True,2671,481,0f82968723381c70e773559eea127da2fddda8cbc2876c1cddd54e17c5e53bcf,
RMVM_S_07eaecb844,Bác Làm Vườn Và Con Chim Sâu,Trịnh Nhật Minh,CHILDREN,TIER_A,True,False,0,,False,False,0,,True,2144,386,1de8d1b966c0a1821d24ff0d6cfe61bd8d10c690128289a394d97a4ab6e6cdd5,
RMVM_S_e848474a3c,Đẹp Tình Quê Hương,Minh Béo,BOLERO_TRUTINH,TIER_A,True,False,0,,False,False,0,,True,1871,320,709225c79b8c4c9ed3b4c3cb39e36d145f316d41781bba2b00826f11f00e5682,
RMVM_S_c07df0e154,Thơ Tình Trên Cát,"Quang Vinh, Bảo Thy",POP_BALLAD,TIER_A,True,False,0,,False,False,0,,True,1931,345,d0c05fe422d55cc9827cbd357d968e79df8dd4dbb60ce8b5ed1731e69c388a42,
RMVM_S_faf67df21d,Vầng Trăng Dạ Cổ,"Hương Lan, Mạnh Quỳnh",FOLK_TRADITIONAL,TIER_B,True,False,0,,False,False,0,,True,3259,529,14c3832792aa7eaca3056b0abff33f074c237499158b381a122dd7ea1538a373,
RMVM_S_227d86a24d,Vọng Kim Lang - Bậu Đi Theo Người,Nguyễn Tuấn Phong,INSTRUMENTAL,TIER_B,True,False,0,,False,False,0,,True,1863,319,2d1417241672fa1e909bb216782e8d5b818fe6c90f242f356dc22b407bb9c618,
RMVM_S_c65cb68763,Đã Không Còn Yêu,Lưu Gia Bảo,POP_BALLAD,TIER_A,True,False,0,,False,False,0,,True,2206,390,056a8ac6f0850ac7c006a4a7ac25427357a0909d5c440e05d48e6081d57a9129,
RMVM_S_cb86f89bba,Mong Người Về Đây,"Lương Tùng Quang, Vân Quỳnh",INSTRUMENTAL,TIER_B,True,False,0,,False,False,0,,True,874,151,fcfc039f1e06429579bec92a0142e799f3f18546a3555bb55ab515ea57c98101,
RMVM_S_ba0910db52,Tình Ca Muôn Thuở,Ái Vân,INSTRUMENTAL,TIER_B,True,False,0,,False,False,0,,True,1254,220,ea3f05afb40ba7b03b531fa3cc08ce1696a2dcfb5e6d7f59e89475a141118b15,
RMVM_S_8b4e35061e,"Chào Anh Giải Phóng Quân, Chào Mùa Xuân Đại Thắng",Anh Thơ,REVOLUTIONARY,TIER_A,True,False,0,,False,False,0,,True,1751,290,a2c0c94032ba1766427f03a1cc4a3883c8d371a48a65a5da75ca552943a08b94,
RMVM_S_5485c934dd,Nụ Hôn Đầu Nợ Anh,Bùi Tuyết Mai,BOLERO_TRUTINH,TIER_A,True,False,0,,False,False,0,,True,1576,277,3ea79652386a053619f16d00c8b17c8d877a98dbc03a1df6de000c31f23ee417,
RMVM_S_1e65fde961,Điệu Buồn Đêm Trăng,Dương Nghi Đình,BOLERO_TRUTINH,TIER_A,True,False,0,,False,False,0,,True,1771,312,73f0a34026b4d554ccce134ce47aa3946569e6bca0fed89c20e33a636d9e540c,
RMVM_S_9225f7f739,Riêng Một Góc Trời,Nguyễn Hồng Ân,BOLERO_TRUTINH,TIER_A,True,False,0,,False,False,0,,True,2013,358,f6ede295559783b8dac503171bc8d11bc8944db3b29c6940b4d0068e9134bcea,
RMVM_S_d0e84e1eae,Những Ngày Mưa Gió,Cao Mỹ Kim,POP_BALLAD,TIER_A,True,False,0,,False,False,0,,True,1057,187,b748b32c3680578e9c678c1e25729c3332dfc921012b85db3255af5b3db675c2,
RMVM_S_fb873ee8ff,Hãy Nói Lời Yêu Anh,Như Quỳnh,INSTRUMENTAL,TIER_B,True,False,0,,False,False,0,,True,1730,319,84bfcdd76365600ceb9d543ebe8577b02acb36240e3d0fcd59f1d76e075afeed,
RMVM_S_8653dce56f,Mảnh TÌnh Sầu,"Thanh Ngân, Gia Tiến",POP_BALLAD,TIER_A,True,False,0,,False,False,0,,True,1503,260,0f65fc3bc55ca58cce066f6cdf9b9fb720cbf537767ccc4927d86d027bd90ffb,
RMVM_S_0cc91ae53a,Cơn Mơ Mùa Đông,Quang Trung,POP_BALLAD,TIER_A,True,False,0,,False,False,0,,True,1841,315,90d7bcae340ef526a5dbf4af171d2936f6d6cfc88003949cf557833622c75212,
RMVM_S_7953e5ef96,Cha Ơi (Beat),David Tuấn Anh,FOLK_TRADITIONAL,TIER_A,True,False,0,,False,False,0,,True,1872,329,4166fdae4bc55033480120631f2f920f75b0ff8f0067af76a3e0ff831ee010b7,
RMVM_S_a6c5f161bf,Gái Huế Chồng Xa,Vân Khánh,BOLERO_TRUTINH,TIER_A,True,False,0,,False,False,0,,True,1626,276,e818ce6261fbb61cc6c48e59b55c9aedaffd43d34c9a1879d13acf6b2eb4a0f9,
RMVM_S_ea556fb6c8,Hết Duyên Là Ý Trời,Chu Bin,INSTRUMENTAL,TIER_A,True,False,0,,False,False,0,,True,2063,383,a40334eddae2ddca8ecb34cd0106d3decc9ae079d458c2b4314c21fff6d18fc5,
RMVM_S_5aac8be025,Bóng Dáng Mùa Hè,"Lê Hiếu, Trần Thu Hà",POP_BALLAD,TIER_A,True,False,0,,False,False,0,,True,2048,359,6b0b2bebe9537c8c674c4f47c10da28b9fc3c332c4b04c6211478edf6d95ce99,
RMVM_S_ce47e5bb0a,Mùa Hè Vui,Nguyễn Phi Hùng,BOLERO_TRUTINH,TIER_A,True,False,0,,False,False,0,,True,1900,349,147c908376810df75e3a8e2d9c4ee54d9887bd9adad82eb13e25e2c07469a8aa,
RMVM_S_2af745b3d2,Chí Phèo Ngoại Truyện,Cao Tùng Anh,POP_BALLAD,TIER_A,True,False,0,,False,False,0,,True,2876,537,0b9524530c15342c431d27d8a5c1bc29c8cafd4a707ead1de261e22bbd097bdc,
RMVM_S_7a026a6a1d,Sẽ Yêu Hơn Ngày Xưa,Phan Đinh Tùng,POP_BALLAD,TIER_A,True,False,0,,False,False,0,,True,1539,286,9ebebdc339fe85380f5571445ed2e5d17f8d42c2325269a40d3f093a6af752c2,
RMVM_S_c06bbaa4b3,Lời Xin Lỗi Muộn Màng (Beat),"Lê Yến Vy, KNK",POP_BALLAD,TIER_A,True,False,0,,False,False,0,,True,1869,340,deb63b04d5a5f4f7b1395ecd721728f1c7a60af7a7edb3d618430ca6e3bf1b61,
RMVM_S_c899ac3fc3,Cho Ngày Mai Nụ Cười,Lê Vy,POP_BALLAD,TIER_A,True,False,0,,False,False,0,,True,1511,269,5974d9a30354ddd935e55c9ed157a041259aac4ed63a46d4505cf98d28486c51,
RMVM_S_4e23104b49,Cũng Đành Lãng Quên,Đan Trường,POP_BALLAD,TIER_A,True,False,0,,False,False,0,,True,1771,290,70087cb7e5568371976fcf753c0d9b25d3fa894b141e3414e1fab5f95047b3a3,
RMVM_S_5335b6da2a,Cố Bước,Nam Hy,POP_BALLAD,TIER_A,True,False,0,,False,False,0,,True,1996,355,03ad9dc4037e0c03302aa3652aabab97a10b923b518203633fa84290e5d43f49,
RMVM_S_9d7d6e0e31,Anh Lầm (Beat),Thành Đại Siêu,POP_BALLAD,TIER_A,True,False,0,,False,False,0,,True,2123,361,382e0bb398250e18e7c122d2fdfdf73bb21eb5add2debc04aaa1bf6e45a03d46,
RMVM_S_baa2a389a2,Lời Mẹ Dạy,"Njay, Subby, The Giant",BOLERO_TRUTINH,TIER_A,True,False,0,,False,False,0,,True,3889,669,4c9eea9188a2e79fe551cc7b244252a2f549d1d56b0e9972631886b0ccfd594c,
RMVM_S_61fc1edb08,Cao Nguyên Nhớ Em,Chế Thanh,BOLERO_TRUTINH,TIER_A,True,False,0,,False,False,0,,True,1535,262,51e7f03b0c6cac0825b40b0e32d7045eb0e033076724b6d260a746d775311f04,
RMVM_S_3ad03e0cdd,Đành Quên (Beat),Ngô Chí Cường,POP_BALLAD,TIER_A,True,False,0,,False,False,0,,True,1610,297,df8c8e000efbcff06c4ef8c9eaca31aa1e809baa3ab06e547857cee906c592b5,
RMVM_S_99805cc0eb,Bến Đàn Xuân,Minh Thuận,POP_BALLAD,TIER_A,True,False,0,,False,False,0,,True,1528,265,69fe3e5fe87c67bd701e81283695b39e19475a73a45cb0fa31fdab4dcde5198a,
RMVM_S_5831e9a35a,Tuyết Yêu Thương (Lofi),Kiều Thơ Mellow,POP_BALLAD,TIER_A,True,False,0,,False,False,0,,True,2016,354,95fd2a562ca3b17d08e0cfe390b46eb5780935f69a384139904c23464dad1b13,
RMVM_S_25329446a8,Anh Đừng Lo,"Ân Nhi, dinhhung",POP_BALLAD,TIER_A,True,False,0,,False,False,0,,True,3343,573,a4246cf91bddce8f9ade3e8da8e2d1c189f67eb9b795421b78c6277dd757f0c5,
RMVM_S_415c7bf794,Bây Giờ Và Mãi Mãi,"Lương Tùng Quang, Minh Tuyết",INSTRUMENTAL,TIER_B,True,False,0,,False,False,0,,True,1871,323,2319f845f7fdd22888f763ff6ffc78a16f91ab65841a4978003a4aeca0a0862f,
RMVM_S_212c70a56e,Cát Bụi Tình Xa,Dalena,INSTRUMENTAL,TIER_B,True,False,0,,False,False,0,,True,1764,296,d0d40d239573e207b7d0d52df8aa9e34ed6e95d6d1cbd5832435743c29a8f32c,
RMVM_S_78ebde6dcd,Em Có Biết Chăng,Lam Trường,POP_BALLAD,TIER_A,True,False,0,,False,False,0,,True,1080,191,13e0ca1e60b24df3e81aa02b28eac3b6b77137b93349c9daadc82b3324ff2fd0,
RMVM_S_9d04a8de3f,Bao Nhiêu Một Phút Bên Anh,"Xôn Nguyễn, Cầm, Kiều Chi",POP_BALLAD,TIER_A,True,False,0,,False,False,0,,True,1301,220,4e687e91c2cfb8b8aaa4c0805860efec8004f142cf8fe9bf3e00ca0c2f390c1e,
RMVM_S_3a989dec12,Một Thưở Hè Qua,Việt Quang,POP_BALLAD,TIER_A,True,False,0,,False,False,0,,True,1758,310,0efea01f043af80a9a708a6055bf22ffbdbacb4bf93e006bca4f9ce33b01aa5f,
RMVM_S_db0e1a40ce,Cóc Ổi Xoài,Hoàng Trang,POP_BALLAD,TIER_A,True,False,0,,False,False,0,,True,1606,281,57d8239a79dd47db8d19722dba578d50bc76d4c2285eb4c22f4049b9e04431ef,
RMVM_S_6b72420240,Vọng Kim Lang & Bậu Ði Theo Người,Phi Nhung,BOLERO_TRUTINH,TIER_A,True,False,0,,False,False,0,,True,1783,306,3a47428ea90da07dbc4f2ce37d4500385361762b3d033bcc571db97e103157dd,
RMVM_S_4024bb7436,Khúc Tâm Ca,Sơn Đăng,BOLERO_TRUTINH,TIER_A,True,False,0,,False,False,0,,True,1204,210,5a73657307245ac9d17890da5acd3686eb1139655425d5465834d0c6748234bc,
RMVM_S_038856ee8f,Đã Lỡ Yêu Em Nhiều (CM1X Remix),"CM1X, JustaTee",POP_BALLAD,TIER_A,True,False,0,,False,False,0,,True,2908,527,e2ced9b087aa535c5475046502b2eb20afa81f04a12f30aba85a6ec4c2d69c0d,
RMVM_S_8b63309fda,Cây đàn bỏ quên,Vũ Khanh,BOLERO_TRUTINH,TIER_A,True,False,0,,False,False,0,,True,1471,254,eb1ffe19d284405c2314901b539045628fc2a31b4b384166c5a5f31c144ca225,
RMVM_S_269533ff0d,Trong Nỗi Đau Tình Cờ,Trịnh Vĩnh Trinh,POP_BALLAD,TIER_A,True,False,0,,False,False,0,,True,1093,202,e8e302b17528190c71336497674db6ada2917aa3261fc007c3fa6c8541929942,
RMVM_S_d8f2352f94,Yêu Ai Ai Yêu Tôi,HIT,POP_BALLAD,TIER_A,True,False,0,,False,False,0,,True,3123,550,c0b6975bb70799b66aab7a7db632cad34cbf89ca59b045fc636bbddd9961b553,
RMVM_S_0408cfb315,Lớp Học Online,"Đào Nguyễn Ánh, Trần Hiếu Trung, Cua Mề",POP_BALLAD,TIER_A,True,False,0,,False,False,0,,True,3755,652,f07d7c7a9779a2d656cb303ae05d3959b051ca810826718dc32b1e1c8df2e403,
RMVM_S_8b002aa62e,Vương Vấn Mùa Xuân,MPS,POP_BALLAD,TIER_A,True,False,0,,False,False,0,,True,2366,407,cb929e9d54df8943d03474c1d5f42daa41e893c323e8d1a0814564f40c74def8,
RMVM_S_580d258014,Đánh Mất Niềm Vui,Vân Khánh,FOLK_TRADITIONAL,TIER_B,True,False,0,,False,False,0,,True,1388,238,ad3808b7cb5eedefcc0a3e9b3d7365284f6c52d3d2cb300b0fa3548a0131f8fa,
RMVM_S_a5b3b52adf,Chờ Một Mai Nắng Lên,Mây Trắng,POP_BALLAD,TIER_A,True,False,0,,False,False,0,,True,1597,288,bed1927b6096337d78cb9e40b593cb80832136d2f6420937f0e0ea1f0cd16d70,
RMVM_S_9c99c5339d,Nàng Tiên Xấu Xa,Thanh Thanh,BOLERO_TRUTINH,TIER_A,True,False,0,,False,False,0,,True,1924,346,d09a10e62173c42ee290d186c728ba0752a33a2bf79e3b5ba1a8f82c5432c552,
RMVM_S_5c0113ce1e,Anh Thấy (Interlude),Wren Evans,POP_BALLAD,TIER_A,True,False,0,,False,False,0,,True,376,68,8dff9f690f1dddc83fb1565b952c73a4c7660be213a3e70d5e5d513d4fd756e6,
RMVM_S_f429d052c7,Đâu Có Sao (Beat),"Judian, Haohinh",POP_BALLAD,TIER_A,True,False,0,,False,False,0,,True,1893,328,7d2832d31ac29f07a5aec92360e5e90259602eb6260a6577424d74a9b1a0c020,
RMVM_S_33f8305ac7,Dù Tình Sương Khói,"Quỳnh Vi, Trịnh Lam",INSTRUMENTAL,TIER_B,True,False,0,,False,False,0,,True,1795,316,3a4ef6c279e272d238a73ea011f70db5b943f9da78f6345aa505d4e720bc86ca,
RMVM_S_7717332def,Anh Mệt Rồi (Lofi Version),"Anh Quân Idol, Freak D",POP_BALLAD,TIER_A,True,False,0,,False,False,0,,True,2514,428,dfa3b70c93ea6e29419a449b4f86ba1062b3b1f88b68e53450c1ac0fc41164a0,
RMVM_S_6f09f9ffd0,Có Thấy Tôi Tuổi 15,Mỹ Linh,POP_BALLAD,TIER_A,True,False,0,,False,False,0,,True,1997,349,fc0809f5ec811a6c07bba03187a5dc68d043e586083d7ef66f31d0eb2c4b73ec,
RMVM_S_362b85158a,Chỉ Sợ Nhớ Nhà,"Vicky Nhung, San V",POP_BALLAD,TIER_A,True,False,0,,False,False,0,,True,2542,454,ee661f6ce0fa06acb09b0367ccc9c9106d298a1f26eec37cf7d5870538dd46cf,
RMVM_S_59b7347713,Dù Chỉ Là Phút Giây,Tâm Đoan,INSTRUMENTAL,TIER_B,True,False,0,,False,False,0,,True,1582,277,a59c2f0a7ff5b92accbf950746b9f4bd108790cc5408ab3aef3cdab23be1a025,
RMVM_S_7e60ba659b,Nhật Hạ Mái Nhà Chung,"Mr Hero, Bé Kim Anh",POP_BALLAD,TIER_A,True,False,0,,False,False,0,,True,2794,508,2451e4a9b3dafb1fd17293962a011095b587630a0c2029e993aa7c09415b16a8,
RMVM_S_d450c5039d,Chuyện Kể Về Cát Bụi,Lương Bằng Quang,POP_BALLAD,TIER_A,True,False,0,,False,False,0,,True,2155,369,a7f8ab4e1af2b13fa952dbbc8717677291df330da5a6ce78995df74c5d2135d3,
RMVM_S_32480cf603,Chỉ Cần Có Em (Remix),Nguyễn Đức Quang,POP_BALLAD,TIER_A,True,False,0,,False,False,0,,True,1926,357,67992ec275066a0cdf070154d55564a2e4dff588082c9597e6355f0bdf4a5b09,
RMVM_S_2da9fc53e8,Gió Cuốn Hoa Trôi,Lưu Bích,INSTRUMENTAL,TIER_B,True,False,0,,False,False,0,,True,1950,337,7f75d9b4a4bf0f2653a3732a11eb0951ac7c934965f92799d6d5dc02b044647f,
RMVM_S_d6632ff4e6,Anh Phải Quên (Beat),Cao Nam Thành,POP_BALLAD,TIER_A,True,False,0,,False,False,0,,True,1972,353,2e86f1e48b241caf1b270adb5ab2bc8a0c4e847bafcc7ed288c0ba5c5ec562f6,
RMVM_S_ff577096ae,Muông Thú,Cá Hồi Hoang,POP_BALLAD,TIER_A,True,False,0,,False,False,0,,True,1696,302,750f11df200efd6f12d9050be5fbd255a0077c7c6b0487737f15510cae89fe79,
RMVM_S_758e06bbc4,Đêm Chia Xa,Hương Lan,FOLK_TRADITIONAL,TIER_B,True,False,0,,False,False,0,,True,1074,195,6d410a301d4691553b09416a7f439980d17e70ce9c796701ce058fadc3ec2d53,
RMVM_S_a9396fbe2c,Hát Cho Người Xa Nhà,Lưu Bích,INSTRUMENTAL,TIER_B,True,False,0,,False,False,0,,True,1851,313,7a4ff3240992f16621c35816f05a3e8ba329eafeec198cd32ead5e168312c867,
RMVM_S_258295bc18,Mong Gặp Lại Em,Đông Duy,POP_BALLAD,TIER_A,True,False,0,,False,False,0,,True,1974,356,23df6b6eee7b20e289d2a212d3a34b633e70ccb24476d282787bf25577aa6aff,
RMVM_S_4399c4cdea,Sân Khấu Buồn,Phạm Thanh Thảo,POP_BALLAD,TIER_A,True,False,0,,False,False,0,,True,1920,326,cd023941fd5920eb833ef877b04d48a3d562670d151c9bf5a3585796f1c93f14,
RMVM_S_98e808bbfc,Cho Tôi Làm Lại Từ Đầu,Lý Thu Thảo,BOLERO_TRUTINH,TIER_A,True,False,0,,False,False,0,,True,1820,302,82914e14ead62a73389cd950ef11aa0a51eec16bd03ac7c869ae017a6431691d,
RMVM_S_c46ad1d614,Còn Lại Xót Xa,Song Giang,POP_BALLAD,TIER_A,True,False,0,,False,False,0,,True,1773,307,9ce6c61be8924fc52d55bdb650f33ef21784261ea56570045b2f38b41c485e09,
RMVM_S_1465697e89,Con Đường Không Có Tên Anh,Dương Triệu Vũ,INSTRUMENTAL,TIER_B,True,False,0,,False,False,0,,True,2387,426,64031833335c81126aa472743ddee4781e86b3abb622c3992d8a4e78b1daaadd,
RMVM_S_7e94c6397a,Chuyện Lòng Người Ca Sỹ,Hoàng Hoa,BOLERO_TRUTINH,TIER_A,True,False,0,,False,False,0,,True,2012,337,4d2da7f98cdb46619dce3a407092b352bdf193d83426fe9ab5b65e8091027e7e,
RMVM_S_adb7608fb9,Kẻ Si Tình,"Minh Thuận, Nhật Hào",POP_BALLAD,TIER_A,True,False,0,,False,False,0,,True,1913,359,1e0fd466dc7533113f674bebb32c783f3b90516108ab58a1c69ec39a31a25f2b,
RMVM_S_2847bb7411,Bài Ca Người Săn Máy Bay,Thanh Vinh,REVOLUTIONARY,TIER_A,True,False,0,,False,False,0,,True,2555,438,2b8393aa9c767d0a78eb409d25506b7230d62508f5aeeadcad4ce9a41542ac90,
RMVM_S_26856bb5fa,Ngày Mai Trời Lại Sáng,Nhật Kim Anh,POP_BALLAD,TIER_A,True,False,0,,False,False,0,,True,1821,322,3e28e1799127fd2712eeebd729c1fcc92e7cb8d1534d9be3bb0975d6a2f468f6,
RMVM_S_8da605ec94,Là Anh Sai,Lâm Chấn Kiệt,POP_BALLAD,TIER_A,True,False,0,,False,False,0,,True,1615,314,baece856ab77adf11fa105136b851d8ce0c83afd1ace6ae9708328bf0859b83f,
RMVM_S_531580bd0a,Hãy Thêm Một Lần,Don Hồ,INSTRUMENTAL,TIER_B,True,False,0,,False,False,0,,True,2688,510,051933b78670b6975b931957fd8b633551827806f419a7d1458afc1f1221e3a1,
RMVM_S_6e11a9c46a,Gặp Chúa Trên Quê Hương,Mai Thiên Vân,INSTRUMENTAL,TIER_B,True,False,0,,False,False,0,,True,1590,273,bd76da6953751a5ccffc14e84126df9e363cb47a7f8da9341c198c79cf4fbc8a,
RMVM_S_4aa83ebca2,Tình Như Khúc Ca,Đức Tuấn,POP_BALLAD,TIER_A,True,False,0,,False,False,0,,True,1922,355,7ac73f3bc35e7439cea898a1bab271c366a9e0b4c6e268e4eddc5c56ab67c2ca,
RMVM_S_df11fa3695,Thứ Đàn Ông Gì Vậy?,Thành Đại Siêu,POP_BALLAD,TIER_A,True,False,0,,False,False,0,,True,2764,465,b784ff6154695f89046596eaa46743e01d348552b5e02f1446a31e5915d3ac88,
RMVM_S_549f3af1ef,Bài Không Tên Số 12 - Bên Nhau Chiều Gió Lộng,Trường Kha,BOLERO_TRUTINH,TIER_A,True,False,0,,False,False,0,,True,1279,219,c0f0a2ce7ea590c5ed2c9beb4df4dd3a472b472fe381ac69e0d86f08e3eca2bd,
RMVM_S_b783f23324,Yêu Vì Yêu,Mắt Ngọc,POP_BALLAD,TIER_A,True,False,0,,False,False,0,,True,1948,372,1d77b2095138d5a951688b4bc65ed1c0e6fc2a7700c6eafc9a09b46be13a10ed,
RMVM_S_b57069d520,Một Lần Về Với Biển,Bùi Tuyết Mai,BOLERO_TRUTINH,TIER_A,True,False,0,,False,False,0,,True,1715,301,1fb3e95b2fba854b72dbc281a1253e42ae696d74fd740335e826c2f68bfc53c7,
RMVM_S_b49d61ae38,Quà Yêu Thương,"Thụy Vũ, Klong Hagim, Phương Trinh Jolie",POP_BALLAD,TIER_A,True,False,0,,False,False,0,,True,2309,389,b1f42610f9cff4138d6b80244736df45b7079d79dbae9974092d561dee41d934,
RMVM_S_2c0d69c55b,Còn Yêu Anh Nữa Không,Ngữ Hồ,POP_BALLAD,TIER_A,True,False,0,,False,False,0,,True,2288,414,3ef436e62b42a3ff06f04c87ec1c3fc4efb95ebdad7578e3bacff8736c73f910,
RMVM_S_18e083992c,Mấy Khi Lớn Để Buồn,thanhretro,POP_BALLAD,TIER_A,True,False,0,,False,False,0,,True,1867,327,dce00e96af3dc62981ffb1c6dbdf5afba7e7c2ab3826a9a603e491ab98c6f0ee,
RMVM_S_f0694fd2b9,Phố Cũ Mưa Rơi,Trường Thanh,POP_BALLAD,TIER_A,True,False,0,,False,False,0,,True,1521,275,7cc5e8444f84b46f6b1e92429aeb3588583e173878f8ab06c93b60afebadeabc,
RMVM_S_c984ee7a3d,Ngôi Nhà Bánh Kẹo,Bé Minh Vy,CHILDREN,TIER_A,True,False,0,,False,False,0,,True,1434,277,f794a2af138c18dd45dbbbcdd24b9f8ad69da04a98b8e54750bc02781e350eae,
RMVM_S_d53af339a5,Đời Rồi Ai Cũng Như Ai,Dương Anh Tâm,POP_BALLAD,TIER_A,True,False,0,,False,False,0,,True,2519,445,1aba81d8f3cc8b87dc893fb6cb0f3f2d7ecf09d16ab58c392637fa11a7c5390b,
RMVM_S_b663a2bb97,Chẳng Thể Sống Thiếu Em (Lofi Version),"Kalee Hoàng, Cường",POP_BALLAD,TIER_A,True,False,0,,False,False,0,,True,1770,306,d618fc701f6039991ef0eb8afe399b0f11a755811885dffd2ae50a520f686fcc,
RMVM_S_7fd805d53f,Đơn Phương Màu Nắng,Duy Văn Phạm,POP_BALLAD,TIER_A,True,False,0,,False,False,0,,True,1968,355,a1ac2170c1a65802256a986f09146931409a74bdb514fcdab3173e9c70542179,
RMVM_S_3008b47e75,Cuộc Tình Đã Mât,Lâm Hùng,INSTRUMENTAL,TIER_B,True,False,0,,False,False,0,,True,1907,336,828f6577e933abc0edc50a7220304b79f9361f5a409515dba4b6fd10813ea96e,
RMVM_S_8374c3d7c4,Bài Ca Chiến Sĩ Công An,Hoàng Minh Thắng,BOLERO_TRUTINH,TIER_A,True,False,0,,False,False,0,,True,3182,524,20c2d9e52b3d0e0673d1ced9b224fffe905cda950de8db4895e6f340757785d3,
RMVM_S_5bcd2b2749,1 vòng sài gòn,B Ray,RAP_HIPHOP,TIER_A,True,False,0,,False,False,0,,True,3030,540,3fd2abd99e4510223b0684ae3a23a7b9d7873373511edcdf00e55ffb6d85f461,
RMVM_S_3b44827b54,Bae dun't cry x Anh muốn nghe giọng em,"Koo, Nguyên",RAP_HIPHOP,TIER_A,True,False,0,,False,False,0,,True,2150,404,4658479cbba999b2f4a8ba6db53c9fa870ca9b64204a97bba81545a13c46f39f,
RMVM_S_45b116772a,Người Ở Người Về,Thanh Lam,BOLERO_TRUTINH,TIER_A,True,False,0,,False,False,0,,True,1334,222,f609f15fbad948112616c1bde7e35fba431e9e58b0a833fddb9aad7eb5861c9d,
RMVM_S_804081a239,Cho Tình Yêu Đẹp Mãi,Thiên Kim,INSTRUMENTAL,TIER_B,True,False,0,,False,False,0,,True,1160,199,3ae19d7dcf4cc44700f214bc184ee6630f3208a6193f73f404f76ad8237d81bf,
RMVM_S_3f089dd1bf,Lặng Lẽ Tiếng Dương Cầm,Trịnh Hoàng Hải,POP_BALLAD,TIER_A,True,False,0,,False,False,0,,True,2410,385,9f3f3937d30188aea4651ff1c72100ef5e0763f40972ff1ef8cbd9293eb55462,
RMVM_S_0798716207,Mashup Út Ơi 12345 (Chips Lofi),Jena,POP_BALLAD,TIER_A,True,False,0,,False,False,0,,True,2347,412,f0674cec93caddbc712a1683ac6f905ea5cf94d3bed99ccd8faeb0444b063efb,
RMVM_S_3500d0e2f3,Cơn Mơ Ngọt Ngào,Thiều Bảo Trâm,POP_BALLAD,TIER_A,True,False,0,,False,False,0,,True,2542,448,643a8864f67f8c3d1cf8b432e987ab143277cb68380878a9afe22029a2c22fdf,
RMVM_S_d7714a95dd,Bài Ca Thống Nhất,Trọng Tấn,REVOLUTIONARY,TIER_A,True,False,0,,False,False,0,,True,1741,308,9738502724340c1154f18aed52437986e6138336f073f5cf816b0241a3d3839b,
RMVM_S_6232acb94e,Mong Nhớ Về Em,Lương Tùng Quang,INSTRUMENTAL,TIER_B,True,False,0,,False,False,0,,True,1847,322,f40bba39eeb87978871fba188782e9f600b5f63fcc3ced8514cce01cbb56ab76,
RMVM_S_3598972292,Tự Sự Yêu Của Em,Nông Anh Thơ,POP_BALLAD,TIER_A,True,False,0,,False,False,0,,True,1678,304,1f95f1f699c4487df35389eef24a0ef5b8d2f27936868b5f673344bc8334185b,
RMVM_S_0452f2f281,Khi Tình Yêu Đã Mất,Thu Phương,POP_BALLAD,TIER_A,True,False,0,,False,False,0,,True,1544,294,efc0c1db2397f055217b1d8aa7a12f0ad31b95a1c4323778e2b05ec39c4ef982,
RMVM_S_26083b261f,Liên Khúc Slow,Đào Phi Dương,BOLERO_TRUTINH,TIER_A,True,False,0,,False,False,0,,True,3321,523,3fd3cb2cf7f46fa33a885347ed01f0fbc8acce3ec14df2dd652ef70fcee064da,
RMVM_S_e1a3481005,Giấu Nỗi Đau Vào Ký Ức (Beat),Thái Thành Công,POP_BALLAD,TIER_A,True,False,0,,False,False,0,,True,2167,402,55457844921d71b54111bc6b1ddbfeb1d6dc8b770067713acf5a37e23b13f24c,
RMVM_S_e5cd73c512,Ai Cũng Có Ngày Xưa (Beat),Khang Việt,POP_BALLAD,TIER_A,True,False,0,,False,False,0,,True,1827,323,2f012b9fadb5da6b709af413b5455644bcf56d946ab79d4c194f03d8cacb3d7b,
RMVM_S_1c67eb71ac,Gót Son Lấp Vùi,Quang Minh,POP_BALLAD,TIER_A,True,False,0,,False,False,0,,True,1502,280,abbcb93e39d86bf0a3d4fc268faec944e442eb7554b79908d77b3e3a57d0b685,
RMVM_S_c13f27a29a,Cách Để Quên Một Người,Vũ Phương,POP_BALLAD,TIER_A,True,False,0,,False,False,0,,True,1724,292,745667f11b716c02ab6cc44b72fa8f6c0d3e4773f3cbbdcab7cc224422505e74,
RMVM_S_e739035a0d,Tạm Biệt Yêu Thương (Beat),TAT,POP_BALLAD,TIER_A,True,False,0,,False,False,0,,True,2123,364,76b030114eccc347c62dd58c7dc7cdbe623b9b2a17ee8e6ced7ec5ba72593f56,
RMVM_S_6464411c23,Cô Bé U Sầu,Lam Trường,POP_BALLAD,TIER_A,True,False,0,,False,False,0,,True,1832,322,3391aae4ffa5ef6ceeb4127eec79cf17712d3b261ace0e816febf8bdd719672b,
RMVM_S_fc506798d0,Anh Sẽ Là Người Đi Theo,Vân Quang Long,POP_BALLAD,TIER_A,True,False,0,,False,False,0,,True,2542,458,116145cf33c1f5aabec1c2aa27cf6559847877d404ebb400478ac7c1e0df50e8,
RMVM_S_c27c63187c,Đi Tìm Nắng Hạ,Khánh Duy,BOLERO_TRUTINH,TIER_A,True,False,0,,False,False,0,,True,1652,290,d95b90b6f7748b7a90115bc548660bf8581f81b29bdbf37dcfcb5169417213f0,
RMVM_S_813f997c97,Kiểu Gì Chả Mất,"Đức Anh, Lil Z",POP_BALLAD,TIER_A,True,False,0,,False,False,0,,True,2442,433,176ae95319cf0a36ac08b4fd78f4faec2f1e5f0fa197a58e248c05b5c7ddeab5,
RMVM_S_039f666292,Việt Nam Quê Hương Tôi,Thiên Phúc,FOLK_TRADITIONAL,TIER_A,True,False,0,,False,False,0,,True,2224,381,d1bfd660695f3bfe961d23e661f1e4ead34a1ab6cd8701a961ec8b4f1c31d422,
RMVM_S_cdddd44727,Nhật Ký Mẹ,Nguyễn Hồng Ân,POP_BALLAD,TIER_A,True,False,0,,False,False,0,,True,3490,614,537eb1ac4aa9c35ff42b3525efe1b8029d4d1bb7fc0fbe4736dd11fafdee7d8a,
RMVM_S_56cff1a6d4,Búp bê bị hư,Dương Hiếu Nghĩa,POP_BALLAD,TIER_A,True,False,0,,False,False,0,,True,1753,334,55be08a99353c702925eb36c9715faed780d29056d1924faf291537593902150,
RMVM_S_5038782b74,Ân Tình Xứ Nghệ,NSƯT Hương Giang,BOLERO_TRUTINH,TIER_A,True,False,0,,False,False,0,,True,1441,242,6a06fc2c9419ff52615538b558578128444a8a283232429e7837458928263beb,
RMVM_S_66cd6993c4,Hãy Sống Cùng Tình Yêu (slow version),Nhiều nghệ sĩ,INSTRUMENTAL,TIER_B,True,False,0,,False,False,0,,True,1247,221,4cfda6fde1db6ed4dc0483520546cb4a887265498e3dfae8dbd9bd7b16ee24a8,
RMVM_S_dad0015ca7,Khát Khao Ánh Mặt Trời,Lương Tùng Quang,INSTRUMENTAL,TIER_B,True,False,0,,False,False,0,,True,1984,350,a450b036c5b6fac4cedcb638fb8f34856db20153f65b07d323fa6e1f6083b8d6,
RMVM_S_a39a424444,Tiếng Sét Trong Vườn Hoang,Ngọc Ánh,INSTRUMENTAL,TIER_B,True,False,0,,False,False,0,,True,1565,275,68c62ec71848bf9a059857724e8355f47d9481e6ddb5123d6660d7cb6ccbf118,
RMVM_S_5888535ecf,Lời Tình Trong Đêm,Lam Trường,POP_BALLAD,TIER_A,True,False,0,,False,False,0,,True,1049,180,808aa793021f9cd9c3379042a0c9e5989a9a62757f41a83e814dd2bdc296d9fb,
RMVM_S_8c57b96b5e,Tân Cổ Tình Xưa Vụng Dại,"Vy Thúy Hằng, Nguyễn Thanh Sang",BOLERO_TRUTINH,TIER_A,True,False,0,,False,False,0,,True,3172,532,49269fe83868f78eb22c79ce95c2dc14560f6a7cfbec79208bc9d7a786ade548,
RMVM_S_458e8eb036,Cuộc Tình Ngang Trái (Beat),Trịnh Gia Phúc,POP_BALLAD,TIER_A,True,False,0,,False,False,0,,True,2084,387,56573c94386fa9767aabd12a160447b8a9cbcebeade475e03a8401ede7c31060,
RMVM_S_36c770f88d,Nếu Một Ngày Em Đến,Hoàng Thiên Long,POP_BALLAD,TIER_A,True,False,0,,False,False,0,,True,1839,330,bb135792b1efb8c0224789a976fe06bd0153f0b3b877b2408ba6862cf20ade92,
RMVM_S_b09cd2b69b,Em Nghĩ Sao Về,Phạm Đình Thái Ngân,POP_BALLAD,TIER_A,True,False,0,,False,False,0,,True,2328,439,d508f6a959ab8c76b4aae19eead9d1a6f5735e2f207cc0d3f0b6aa2cec48bce1,
RMVM_S_84efadf691,Đơn Côi Tình Đời,Phan Đăng Hưng,BOLERO_TRUTINH,TIER_A,True,False,0,,False,False,0,,True,1971,342,c76eae9b7e0ac33aacbc01b44f0699a274f6824c6ceda0a20f5c2517318c65ee,
RMVM_S_fa0bd6f7ee,Sao Vội Rời Xa,DaRuss,POP_BALLAD,TIER_A,True,False,0,,False,False,0,,True,2264,399,11e38bf5ee59b52c22f67609c740ea3b226b6944be0d279b67174eb69799b82f,
RMVM_S_4a30fb4945,Không Yêu Cũng Đừng Làm Tổn Thương Em,Anh Duy,POP_BALLAD,TIER_A,True,False,0,,False,False,0,,True,2513,448,726ff9d05cec8713ac2d7b7f4f0c51e1e20457c1c6dd4bd0726366dc51bf985b,
RMVM_S_5c872207e0,Khúc Xuân (KBTL Remix),"BeeBoss, Châu Ngọc Lan",POP_BALLAD,TIER_A,True,False,0,,False,False,0,,True,1466,270,d173402f589c6e863c2062cd50d72c9695ef75e2d0521de55c78d6fc5ac9a384,
RMVM_S_a076ef5a7b,Bé Về Thăm Quê,Bé Bào Ngư,CHILDREN,TIER_A,True,False,0,,False,False,0,,True,1433,235,a20d4a1025af608e68578f3d1bea0c991002ad81c3c8589b2be7ece368cea414,
RMVM_S_29c3bc7e3f,Khi Một Mình,Hồ Quỳnh Hương,BOLERO_TRUTINH,TIER_A,True,False,0,,False,False,0,,True,1965,329,079c0cf9290254d0ec6ab076f54769d88271253f6ff39ec068ae737e35387691,
RMVM_S_395f3f4e20,Lạc Nhịp,Trường Nhân,POP_BALLAD,TIER_A,True,False,0,,False,False,0,,True,1569,255,f0ac33a636609ea3625ae2976fe140664d4d46c0cf5d9f0129d2c2aeb8dc3274,
RMVM_S_5bcf95fa2f,Gái Già Lắm Chiều Explosive mix,Sĩ Thanh,POP_BALLAD,TIER_A,True,False,0,,False,False,0,,True,1242,233,c8bb071e25cfed31ef7544763a22fea175eb087499114365509c2b7ed5ec1b53,
RMVM_S_d8021ed37c,Khi Nào Em Nói Yêu Anh,SMS,POP_BALLAD,TIER_A,True,False,0,,False,False,0,,True,2084,364,61ed3ca4c578a689cd876c5b9e81f3e3a89c194c6d871802fd9f60a0fa103b03,
RMVM_S_bce616bfd4,Một Ngày Yêu,Tóc Tiên,INSTRUMENTAL,TIER_B,True,False,0,,False,False,0,,True,2013,349,e8599bb3cc13b84480f723b90b1645e4500fb2b44d230536dda193e1147038b4,
RMVM_S_c6ac74fb6f,Chuông Ngân Vang,Nam Vương Bảo Lê,POP_BALLAD,TIER_A,True,False,0,,False,False,0,,True,1687,278,0f17040ac822928d60b17c2d25470c2877fc544680639e1eb8f8333d0dc19e89,
RMVM_S_38fb25ec7e,"Việt Nam, We Are The Champions","Phạm Hồng Biển, Tố My",POP_BALLAD,TIER_A,True,False,0,,False,False,0,,True,1338,237,8fd3f5e4a6ae9a239c8947559a3a0bee546c22d84f9524d279ef38a6496240d6,
RMVM_S_94e1502607,Lang Thang Nghênh Ngang,Cường DC,POP_BALLAD,TIER_A,True,False,0,,False,False,0,,True,2684,478,c00b19566a037f2109260c231107a6657032dd9d3bcafe03fcfa599c9fb4899b,
RMVM_S_d6d98511bf,Mẹ Con Sai Rồi,Bé Hiển Thông,POP_BALLAD,TIER_A,True,False,0,,False,False,0,,True,2529,468,edfd39f17a3d02df861f2df55aea29e348854d4fcde99c5c5a823ea3352d912d,
RMVM_S_5258de08e8,Apsara Vũ Nữ,Trường Kha,FOLK_TRADITIONAL,TIER_A,True,False,0,,False,False,0,,True,1240,199,e9ee66019a00f321d80176df5a5f34ef16984aadd6b8e1b7034b5c3301f9bfdc,
RMVM_S_a9ba637da9,Cứ Ngỡ Trọn Đời (Vinahouse),Đạt Khói,DANCE_EDM,TIER_A,True,False,0,,False,False,0,,True,2164,385,6e1f4e72cee345000466c7c69c1c3de9de0dfd584688340ad47bf49c91ae9eb7,
RMVM_S_23695e2c46,Ngã Bảy Phố Và Sông,Tín Nhiệm,POP_BALLAD,TIER_A,True,False,0,,False,False,0,,True,1409,236,16b6426d499b2be413497f1e39cdd17e7a0b418ddad7023f295952b54584bfcd,
RMVM_S_4576873d4d,Buồn Vì Ta Mất Nhau,Trương Ngôn,POP_BALLAD,TIER_A,True,False,0,,False,False,0,,True,1867,338,ae6e28314981ad893b9298c7aec9191b3e5020d2b2405a902e7e1a8d6f4d67a8,
RMVM_S_b1a3f87687,Một Chút Tình Quê,Thu Hiền,FOLK_TRADITIONAL,TIER_B,True,False,0,,False,False,0,,True,1575,282,49ddb991538d3979d9a4b9e094802d4d497f4eb6100fc6ff113b09e17b00064d,
RMVM_S_4859624f80,Những Ngày Mộng Mơ,Mỹ Linh,POP_BALLAD,TIER_A,True,False,0,,False,False,0,,True,1705,297,40c6e50fd91b88e4e389952b9f734279d1ffa8d2f86a356e2b155c6c17f91a4d,
RMVM_S_f7be403fb5,Anh Em Cây Khế (Bee Remix),"Du Thiên, Đạt Villa",DANCE_EDM,TIER_A,True,False,0,,False,False,0,,True,2185,376,ad5faee6a66d78d705e51cea9f3f9d01e29cc4ea57cbdae5208c6556cc498d0e,
RMVM_S_1b46d418fb,Đã Bao Lâu,"Arius Boiz, Lỏn",POP_BALLAD,TIER_A,True,False,0,,False,False,0,,True,2894,508,5e98a419b0fa2fb5072c63687a8c14479b34ade9b07138bf27b63b5f0a81e188,
RMVM_S_1cf563a6cc,Đời Chỉ Là Thế Thôi,Thái Sơn,POP_BALLAD,TIER_A,True,False,0,,False,False,0,,True,2067,368,9e7bc6aa931ddaf30b777bb386a84ab5dc43879e0fd1c2cb186576b2d5c94dad,
RMVM_S_762dcceb6a,Bên Kia Đời Nhau,Nguyên Khang,POP_BALLAD,TIER_A,True,False,0,,False,False,0,,True,1325,226,f4c0868169daa9d3a0c40d74e2c7b821878557d65e026a5f0e1ea39c41984f59,
RMVM_S_f33ec8c4a5,Khóc Một Cuộc Tình,Mai Tuấn,BOLERO_TRUTINH,TIER_A,True,False,0,,False,False,0,,True,1279,221,185e5f4ab57f28ddcc167c8b2674edb9341873efb6ea276702553afd9f0832cd,
RMVM_S_246250e7bd,Anh Quên Em Đi (Acoustic),Nipe,POP_BALLAD,TIER_A,True,False,0,,False,False,0,,True,1966,359,6fa5a1d830737f09462fb3648433100d1168b3ddfd1ccc994bdb5a348514ec7d,
RMVM_S_e8090231e3,Hãy Nhìn Để Thêm Yêu Cuộc Sống,Bé Phương Nhi,CHILDREN,TIER_A,True,False,0,,False,False,0,,True,2721,458,149d23580d28bec2e8ee72fc2b0d7a5f97dd663a96c185caf3d482b90bb3ce7e,
RMVM_S_1d47f3b6fa,Bài Học Thương Đau,Nguyễn Hoàng Anh,POP_BALLAD,TIER_A,True,False,0,,False,False,0,,True,2053,358,6939b62e5b2488adcf269f77839fc03a52d68cc3b5951993ebadcdacfadddfb2,
RMVM_S_8700b4b481,Kẻ Lãng Du,Nhật Hào,POP_BALLAD,TIER_A,True,False,0,,False,False,0,,True,1527,265,8290040bfbdbbc56b7b6fca3f3215b2fb3086fcb0d186466baec9e9a4b742ea4,
RMVM_S_32a96f3b62,Khoảng Thời Gian Bên Em,Triều Hải,POP_BALLAD,TIER_A,True,False,0,,False,False,0,,True,1813,325,83b22376879812c2a4b6f8f87eb157f0d790e5800e13c05abe8e17c3d1160d3d,
RMVM_S_851ae9e97e,Nhật Ký Buồn,Trần Thành Long,BOLERO_TRUTINH,TIER_A,True,False,0,,False,False,0,,True,2004,362,b897db016910382d043a5b59cc690379f708a424a4ac082d20ef15d2dc933dd5,
RMVM_S_802398214b,Một Khúc Ca Xưa,"Thiên Kim, Quốc Hùng",INSTRUMENTAL,TIER_B,True,False,0,,False,False,0,,True,1305,268,c2d64ea1cbb27d318ecc867350694fbe0cbea0a1b90879701252474af7c3adde,
RMVM_S_405d2f0105,Còn Yêu Nhau Thì Về,Tam Ca Thế Hệ Mới,POP_BALLAD,TIER_A,True,False,0,,False,False,0,,True,1998,339,b4ee5ba8cc0bf6fc09c1d59986481ee0562e0993ff4138d40adae2e76fe36ad4,
RMVM_S_b8b4c14ea4,Đến Khi Mỏi Mòn,Đình Dương,POP_BALLAD,TIER_A,True,False,0,,False,False,0,,True,2581,471,831d9677b3c32f3ea9a2c4aad2425f5c7f8e805ef6476d3fa89946bb7cfa83f4,
RMVM_S_8c41435f64,Tình Hồng Như Mơ,"Cẩm Ly, Đan Trường",BOLERO_TRUTINH,TIER_A,True,False,0,,False,False,0,,True,2440,424,5136d7e729f051abb546a15c95c6ba12ab123899e5ad61f49315e446b658ed09,
RMVM_S_cb14bbaff6,Ánh Mắt Kiêu Sa,La Thăng (Huy Nam & Huy Khánh),POP_BALLAD,TIER_A,True,False,0,,False,False,0,,True,3094,543,9aa126520bb109c1267979e8250598ba3a5feccb172fbe4ae5a0d1333b6aae1f,
RMVM_S_96179d3a24,Ân Tình Mẹ Yêu,Lm. Quang Lâm,BOLERO_TRUTINH,TIER_A,True,False,0,,False,False,0,,True,1807,279,77cc87e3d98fb27e51cf5aafff984d55957fceaf6d11b85cd83942d7472838e1,
RMVM_S_4918c2e1bb,Chiều Hoang,Ngọc Anh,BOLERO_TRUTINH,TIER_A,True,False,0,,False,False,0,,True,1010,185,3730f4bd5698b2371f6ca384ee02d63a610b3628b65ef4aad24798656dac74b1,
RMVM_S_6308768cfa,Đã Yêu Sao Không Chân Thành,Ngọc Liên,INSTRUMENTAL,TIER_B,True,False,0,,False,False,0,,True,2260,410,9c8f972cbfdc1e670ce91a62cabbd667e9ae7435309c814e19e10ab395c79f84,
RMVM_S_392953887f,Có Một Người Để Yêu (Beat),"Sĩ Thanh, PD Seven",POP_BALLAD,TIER_A,True,False,0,,False,False,0,,True,3070,555,9cf09cc2f5c4ccec4eb7f44d863e103688f319ca08dfc2f09a36959e7b93aa33,
RMVM_S_0e0f2dd0b7,Anh Là Quá Khứ Em Không Thể Quên (WRC REMIX),"ZIN MEDIA, Oanh Tạ",DANCE_EDM,TIER_A,True,False,0,,False,False,0,,True,1735,307,be0056f392bd24772f74fd3358724a95e57c25f6ebafa18d23a3a94cd49a635a,
RMVM_S_c1c35f5c70,Hạnh Phúc Ảo,Bích Ngọc Trân,BOLERO_TRUTINH,TIER_A,True,False,0,,False,False,0,,True,2339,405,ee20cb6f5a74498890b53fb305be227ca4d6638a48504af41eaac6b940fd8889,
RMVM_S_d9117c5ca9,Bài Ca Tình Nhớ,Dương Triệu Vũ,INSTRUMENTAL,TIER_B,True,False,0,,False,False,0,,True,1724,312,4d15448f29949ab70da33cc1ce56eb8458a3f0e6dac82b5779ba03ad8983e1d2,
RMVM_S_d1c369e766,Sức Sống Trường Sa,Trang Nhung,BOLERO_TRUTINH,TIER_A,True,False,0,,False,False,0,,True,1009,161,f41e1f4d5fb39427e422638997d88a9eb87bb2c9b2f8d0590808333e2da50f1b,
RMVM_S_889ec098e6,Sống Đầy Từ Hôm Nay,Cao Minh Thiên Tùng,POP_BALLAD,TIER_A,True,False,0,,False,False,0,,True,2384,412,d1a305c627c99d4e0f7033d4b4f73fa9ff8ad620d86aeafa7cdd639bc7d1c4c3,
RMVM_S_769629db6b,Tôi Khóc Trong Đêm,Nhật Hào,POP_BALLAD,TIER_A,True,False,0,,False,False,0,,True,1864,324,e2838967d4c4d551348761bd9c209995e9b354d57453c385316bbaf44e49715f,
RMVM_S_f3543717e5,Yêu Như Cách Em Từng,Yến Trang,POP_BALLAD,TIER_A,True,False,0,,False,False,0,,True,1925,339,2f3d11b93eae1535b05c2a988db08808130157adc6e7a191bd2bf9e09bb4a3ed,
RMVM_S_11e2d48a7f,Vào Hạ,Bé Phương Nhi,CHILDREN,TIER_A,True,False,0,,False,False,0,,True,2048,347,2807f5339a88d9e4b55f20445dac55b19a5c2fe8fb500c18784a559ad7d6dfe8,
RMVM_S_e765f12818,Cánh Hoa Yêu,Tố My,POP_BALLAD,TIER_A,True,False,0,,False,False,0,,True,1414,244,c147ca1a6640e5a1d22f4648dd75872b8bb8270873670476effd23b236ef38f4,
RMVM_S_f6bdd27247,Tạm Biệt Matxcova,Quang Thọ,POP_BALLAD,TIER_A,True,False,0,,False,False,0,,True,1424,241,4ff1cc87a9e2771d5707db4f55d8025fc1574a8979da10f67bb356be7fa6033c,
RMVM_S_1bfec51436,Hà Nội Đem Trở Gió,Ngọc Hạ,INSTRUMENTAL,TIER_B,True,False,0,,False,False,0,,True,1403,245,6cd2ca5d4789dd176e7288b0028112b3ea08f6e1d6ff7d9d426af183d31486fa,
RMVM_S_6935fe8eda,Phượng Thắm Sân Trường,Mạnh Quỳnh,BOLERO_TRUTINH,TIER_A,True,False,0,,False,False,0,,True,1914,317,eb0e2d688bb3e2bb541178c2fcb8917a174a0af856bd2515115d92a1bb9c2907,
RMVM_S_f420a927f8,Một Thời Để Chết,Minh Xuân,POP_BALLAD,TIER_A,True,False,0,,False,False,0,,True,2121,379,d2b597a56d22abeade63d7123c2caabc3ea2c9556966e13807eb0a913b5119d2,
RMVM_S_478af06679,Vết Tình (Remix),Minh Tùng,POP_BALLAD,TIER_A,True,False,0,,False,False,0,,True,2335,393,10f948cf9b1d3120cd13deb3fec303f1585c8e4898ebfa9d35adc4bfd62202da,
RMVM_S_b33854f97f,Bên Anh Em Không Có Tương Lai (Cover),Hứa Văn Cường,BOLERO_TRUTINH,TIER_A,True,False,0,,False,False,0,,True,2122,393,04a81d293a95ae008d73e3fd885534ab6844dbdfffee9f6d2f29df15d3ad5564,
RMVM_S_0b9dd591f1,Bước Tôi về,Đặng Tuấn Phương,POP_BALLAD,TIER_A,True,False,0,,False,False,0,,True,1479,246,969c6cbbb60307dc61f47c69817498242d6c7fcb8bd37ff7b7895a055f659091,
RMVM_S_3c1bc4d9df,Chiếc Áo Mẹ May,Thạch Thảo,BOLERO_TRUTINH,TIER_A,True,False,0,,False,False,0,,True,1654,282,b62be454544aa4860d399d3b65b5f9843ac635a7451d90c95b19ea0c051e1f8b,
RMVM_S_f59ab74440,Đời Vẫn Buồn Xót Xa,Hương Thơ,POP_BALLAD,TIER_A,True,False,0,,False,False,0,,True,2216,391,6247f448dc962a7635256f26eece50b9768992f961cefc0c9ef3607d5260bb39,
RMVM_S_cdfb64c499,Lời Sau Cuối,Khoa Đăng,POP_BALLAD,TIER_A,True,False,0,,False,False,0,,True,2565,435,9e1b96acf1bc579c3a147774e60025b5c22fb2d84da0bef5086a51739f1d7061,
RMVM_S_d2a265666d,Con Lấy Chồng Xa,Hằng Ni,BOLERO_TRUTINH,TIER_A,True,False,0,,False,False,0,,True,3609,632,d672b2799e9db9f64d35c46ef7e5f7ccff300170f2f6dd243a24b1da063b884e,
RMVM_S_ec04de1481,Tân Cổ Đoạn Tuyệt,Như Huỳnh,BOLERO_TRUTINH,TIER_A,True,False,0,,False,False,0,,True,1524,254,09b80cdc9ffe3dfa04d7abdcd62f54fea9b5656e50e526c22781d145d2bfc691,
RMVM_S_a4919a03d8,Ca Khúc Yêu Đời,"Trường Kha, Sao Mai",BOLERO_TRUTINH,TIER_A,True,False,0,,False,False,0,,True,2262,368,35430201bbc6b4d184c302dbba4bc33858b2d8c9a1ba65d8efb4f039bfef9560,
RMVM_S_5c25a841d0,Tình Yêu Đến Mang Theo Mùa Xuân,Nguyễn Khánh Linh,POP_BALLAD,TIER_A,True,False,0,,False,False,0,,True,2722,485,2b9e1be7a074e1c31db03d25bcfedcc319d525b01b07bdf0b5dc87886a9fd4b0,
RMVM_S_d5153e8c6c,Anh Yêu Tà Áo Trắng,Nhật Tinh Anh,POP_BALLAD,TIER_A,True,False,0,,False,False,0,,True,1889,334,f14e45b37b5eae8e631409b10b6cbc4f2b37d3095a67c5a2b66741343ec4ca59,
RMVM_S_b6efaf8821,Binh Yen Tuoi Tho,Phạm Hồng Biển,POP_BALLAD,TIER_A,True,False,0,,False,False,0,,True,2435,408,e1b2378c1f3a3c844822a832044ec76b6f8407cc67c57c111bd740e1bc93a826,
RMVM_S_b004ffa5f2,Duyên Tình Lý Ngựa Ô,Hương Lan,FOLK_TRADITIONAL,TIER_B,True,False,0,,False,False,0,,True,1469,271,7aa776746f84d5198e383250881160ff8a54ad63836965d6d66d6df968be7956,
RMVM_S_0a0d815567,Cần Thơ Trong Nỗi Nhớ,Hồ Khắc Tùng,BOLERO_TRUTINH,TIER_A,True,False,0,,False,False,0,,True,1891,316,9df45a0754ccb4b7486c9348e8e2fcf3f7fae5f4d8530771843d00b5fb26d8f6,
RMVM_S_c1370a69ee,Quá Khứ Ngọt Ngào,Trịnh Gia Phúc,POP_BALLAD,TIER_A,True,False,0,,False,False,0,,True,2080,378,6e2fe506b1b1a3472e902c0c0d6df8c881dc7c8a9135e27b64c99f8188415907,
RMVM_S_2ba56c7173,Bốn Mươi Mùa Thu Qua,Xuân Phú,BOLERO_TRUTINH,TIER_A,True,False,0,,False,False,0,,True,1550,269,67fb3ac499c7c7d5123ed656f6799a9fbe87e31ad5be051ad8e552209b7e8979,
RMVM_S_383e02b7f4,Hạnh Phúc Nửa Vời,Don Hồ,INSTRUMENTAL,TIER_B,True,False,0,,False,False,0,,True,1846,319,5bd5e15324018253d51c8dadc4d162dcbd14c608754612735547a303b2563471,
RMVM_S_39dc45460c,Cảm Ơn Đời Cảm Ơn Em,Huỳnh Đăng Thuận,POP_BALLAD,TIER_A,True,False,0,,False,False,0,,True,1445,263,d0eac68057711a0db04670e97aeba8b351bcff2d1030c28160a4f0cf3b6bec0a,
RMVM_S_0f39c97e1d,Có Khi Nào Rời Xa (Remix House),"Hùng Quân, H2O Houselak",POP_BALLAD,TIER_A,True,False,0,,False,False,0,,True,1192,222,43cb770ff2b87d9d8a361bd218e713b2d103a52ac11cae348ffaa3c951252cf1,
RMVM_S_9392392949,Phố Vắng Ai Rồi,Bonneur Trinh,BOLERO_TRUTINH,TIER_A,True,False,0,,False,False,0,,True,1562,278,30690fe58fb8fdb0b93eabff621d138223d6fa113b9b189f0768e021253a605d,
RMVM_S_b31035b3a0,Lý Do Anh Yêu Em,KayPy,POP_BALLAD,TIER_A,True,False,0,,False,False,0,,True,4567,811,d569b8624a217d9dda5cf57bbdbf10f7b848a374f46979d5396a1205a0c9be10,
RMVM_S_303c30d081,Đêm Của Lời Hẹn Hò,"Thu Giang, Phan Đinh Tùng",BOLERO_TRUTINH,TIER_A,True,False,0,,False,False,0,,True,3156,531,1be8fbcbaa6305cbb630a0f320f703e09df9e3cdd942aec0eea17b74464f7fce,
RMVM_S_9536a274de,Khó Tính Cá Tính Mà Thật Xinh,Sang Bùi,POP_BALLAD,TIER_A,True,False,0,,False,False,0,,True,2452,439,886dcb95f865d368d4777f8f6f396f73115f3f087b752efa5edfeb6c2d71acdf,
RMVM_S_fb61c893ee,Mười Đầu Ngón Tay,Hoàng Lan,INSTRUMENTAL,TIER_B,True,False,0,,False,False,0,,True,1219,226,8c59051d0e2e882b3a9d035b768c2c86d8e4c3ea193aae39abfba89ef821114a,
RMVM_S_cbaf8ff748,Tình Yêu Và Dòng Sông Quan Họ,Nguyễn Hưng,BOLERO_TRUTINH,TIER_A,True,False,0,,False,False,0,,True,1519,264,dda5718b42a2f82f8d14088acd17cc738b54dac929e9ac21bf03d2f3fe7bc352,
RMVM_S_1394279518,Còn Thấy Mặt Người,Thu Trang,NHAC_TRINH,TIER_A,True,False,0,,False,False,0,,True,1755,285,724d2a99a6f5d6184af163fe92c9882f1701665ebcbc46afdafd05860e44490c,
RMVM_S_44007c3be0,Tôi Vẫn Tin Có Tình Yêu,Phan Đinh Tùng,POP_BALLAD,TIER_A,True,False,0,,False,False,0,,True,1710,300,cc6ee6ff4d3f0db081f41993556050c8b0ca4309293e014eb7d90b4a599a3151,
RMVM_S_06f18b5dbc,Bước Chân Buồn,Anh Đô,BOLERO_TRUTINH,TIER_A,True,False,0,,False,False,0,,True,1169,202,f234f3855eb400fa0d839d3bb5c10aefcf38db3e9cf5b316851e0e10799e1e7a,
RMVM_S_7f1e426c5e,Đợi Cho Những Hạt Mưa Ngừng Rơi,Việt Athen,POP_BALLAD,TIER_A,True,False,0,,False,False,0,,True,2102,377,e2ea0af9a34d1da632068692903cc723d604fdb1a333537934b426abedf21583,
RMVM_S_4da1d11877,Đừng Buồn Vì Cô Ấy,"Bii, Kayl D, Công Quyền",POP_BALLAD,TIER_A,True,False,0,,False,False,0,,True,3608,634,40c30321a008fa67b673728e11bbf7628cf8fb34e427b0e655ff7a58fd344bca,
RMVM_S_c37fdc6b53,Bao Đêm Anh Khóc Remix,Lưu Chí Vỹ,POP_BALLAD,TIER_A,True,False,0,,False,False,0,,True,2451,437,985bf77e3c40143df8fd929d5d06dce913b0a7c413ba191e293eeef341d51b84,
RMVM_S_684eac7bd1,1 Ngày Thiếu Em Trong Đời,"MC12, Arthur",RAP_HIPHOP,TIER_A,True,False,0,,False,False,0,,True,2317,396,d6e45255790a048577330e9e01fd25b6c71b0ded84df63619580e983ff437448,
RMVM_S_664775bf4b,Hạnh Phúc Trong Anh Là Em (Remix) (New Version),Hoàng Khánh Dũng,DANCE_EDM,TIER_A,True,False,0,,False,False,0,,True,4217,776,3bf33a48f52f1f442b4520b9541daeb286aff88b225506759cb7326ddbe40e22,
RMVM_S_9145ffeb61,Cô Ấy Đã Từng (Remix),Anh Trung,POP_BALLAD,TIER_A,True,False,0,,False,False,0,,True,1343,236,e1f25858444aefc3d93e5f9b3dccd4ddf109a7b331f37ac0631d3f01a7d808d3,
RMVM_S_9c495a6622,Biết Làm Sao Quên,Trương Đình Phong,POP_BALLAD,TIER_A,True,False,0,,False,False,0,,True,1897,314,4290b806b5c7f05e3dcb5cbc8a6a720736ec5ec651de03e85a1eae9e68a7c615,
RMVM_S_fa0a6c0dfa,Kỷ Niệm Mùa Hè,Đoan Trang,CHILDREN,TIER_A,True,False,0,,False,False,0,,True,1649,284,2e3b0756481313f87bc8bc4d9d70a3f830e60a17b70935886b8161eb6bac41e2,
RMVM_S_057282a987,Café Đắng,Thiên Kim,INSTRUMENTAL,TIER_B,True,False,0,,False,False,0,,True,1296,226,a2e41a7b3c6034beef839ef96eb327dd1fe80e2fa6892f714da4034a8d2890bb,
RMVM_S_638c596656,Tiếc Thương Gì Nửa,"Lương Tùng Quang, Vân Quỳnh",INSTRUMENTAL,TIER_B,True,False,0,,False,False,0,,True,2243,391,062e848f0af6e618a73701013601554ecafea6c2129a9747cb7f2fe6584ed5d2,
RMVM_S_4b3005dfc7,Hát Bên Trời Lãng Quên,Trường Thanh,BOLERO_TRUTINH,TIER_A,True,False,0,,False,False,0,,True,1864,322,5d535759d98c9e0dd54f36e74b21ebe5ef7c32cce5d7ac2a5c7a808bcdfc0197,
RMVM_S_6d33bb6285,Suối Hoa,Bé Trang Thư,CHILDREN,TIER_B,True,False,0,,False,False,0,,True,1666,290,fb19fc5dc6454dfc8282d24877d55cde55272fdb7227bd4da820e64d8a1d76b7,
RMVM_S_4562810cec,Đêm Pháp Hoa,Anh Thư Nguyễn,BOLERO_TRUTINH,TIER_A,True,False,0,,False,False,0,,True,1570,268,b94db39ee689c0504ea44c9ed57ed804815d987d8be5e8583534bbe5e1a00e4b,
RMVM_S_b4b728e3aa,LÊN ĐÂY MÀ XEM,"Willistic, Gill",RAP_HIPHOP,TIER_A,True,False,0,,False,False,0,,True,3169,579,b7c80ea3327912c18ee7f2b9b631ce0ea99efaf9bd3d3f26b02a22a21cea4c2d,
RMVM_S_d312105a6c,Ai Ngoài Cánh Cửa,Xuân Mai,CHILDREN,TIER_B,True,False,0,,False,False,0,,True,524,100,2eafabf7a4a99183fc5637f4281a6de8d4fa942497eee429975109d3f8fd530b,
RMVM_S_7d657c6292,Tân Cổ Bạc Trắng Lửa Hồng,"Nguyên Hùng, Hồng Yến",BOLERO_TRUTINH,TIER_A,True,False,0,,False,False,0,,True,4158,675,45ef5d9811293a39e516bb15ab77094fc0cd8f157fe7a61d3dfa23b1ebdc149c,
RMVM_S_b957e60261,Đàn Tình (Beat),"Quân Min, L.D.A.",POP_BALLAD,TIER_A,True,False,0,,False,False,0,,True,2596,484,608734462ae6597c7e77956d3b3c4997ae48dd7d793838c14b03761aaa0caf46,
RMVM_S_a8e5e5a4d4,Chờ Anh Nói Một Lời,"Nguyễn Hưng, Lưu Bích",INSTRUMENTAL,TIER_B,True,False,0,,False,False,0,,True,1960,344,c98b99a530a7bc191e2d244743c1257de4312f3399be088c4cf492d3a1c74940,
RMVM_S_df7d68e25e,Suối Tóc,"Ái Vân, Elvis Phương",BOLERO_TRUTINH,TIER_A,True,False,0,,False,False,0,,True,1278,231,b8091cd3c84b3e65727318d5a58ac54e9e260b85712095e23707d3c2a4f2b419,
RMVM_S_3bac057d66,Bài Tình Ca Cho Kỹ Niệm,Loan Châu,BOLERO_TRUTINH,TIER_A,True,False,0,,False,False,0,,True,1869,322,b9999f0a53d68839fe00f13c2b9870a5aa0ef0e6bd69f5280ff5bb0b04734fda,
RMVM_S_ac841f8586,Đành Ôm Xót Xa,Thiên Bảo,BOLERO_TRUTINH,TIER_A,True,False,0,,False,False,0,,True,3055,541,8d8bf8416a14aef6ab0a1380481f331ccd83b2d2574266c7f6a2395caf64ae12,
RMVM_S_37d5984971,Chiều Đông Kỷ Niệm,Cao Hoàng,BOLERO_TRUTINH,TIER_A,True,False,0,,False,False,0,,True,1750,302,a90bf3e73507cb6bbe18d5c54ff8d7517f0a5ac02353105a75103e5fd218ef01,
RMVM_S_009edbf2cc,Má Thương Con Hoài,Kevin Vương,BOLERO_TRUTINH,TIER_A,True,False,0,,False,False,0,,True,1462,258,406b303516086a6262603b06f773a3efc372974c4ff4ba570df5aaf0949395b3,
RMVM_S_3fa8ea549a,Điều Ước Nhỏ Nhoi,Triệu Tuấn Linh,BOLERO_TRUTINH,TIER_A,True,False,0,,False,False,0,,True,1706,298,aee2e3c17b11c24eee9ece1bc7eb354dd29dbccc68c187d8de9071028acf3ee5,
RMVM_S_ab90c04e4b,Xin Lỗi Ta Yêu Người (Yuki No Hana),Lee Phú Quý,POP_BALLAD,TIER_A,True,False,0,,False,False,0,,True,3040,529,3e2ee95b6ea10dbdd0f77ba37a3c84fed923c8e93265423a9c1ccbfb4004c03b,
RMVM_S_15ecb44746,Cách Sống Ở Đời (Beat),Du Thiên,POP_BALLAD,TIER_A,True,False,0,,False,False,0,,True,2561,422,92506cd75d150427e0122f3b236219941fd5bb3c58dc211653b3bad6a1c2f45b,
RMVM_S_a4df759f86,Cho Em Xin Thêm 1 Phút,Liz Kim Cương,POP_BALLAD,TIER_A,True,False,0,,False,False,0,,True,1552,274,80a7f6d2d93e487928cf22b388fa6348669d1bc146e38167190445efcfc65552,
RMVM_S_d69438d8f9,Điều Cha Chưa Nói,Ali Hoang Duong,POP_BALLAD,TIER_A,True,False,0,,False,False,0,,True,2264,389,3a1558b03036e0b08acd28a1d4a191d78db5fecebf00f81892c76ad5befe6882,
RMVM_S_cdf6365ee5,Một Thuở Yêu Người,Lương Gia Huy,DANCE_EDM,TIER_A,True,False,0,,False,False,0,,True,2059,352,4765abcf76175d3853eac51001f4e4bae7d0b2b815dcd2bcf68c1ec275c71fb3,
RMVM_S_0dd7ed7abd,Tình Hồng Phai,Nhóm Khoái Văn Nghệ,BOLERO_TRUTINH,TIER_A,True,False,0,,False,False,0,,True,2535,443,dc179ded37089b76da95c05c4408b850b0b2b0a0b47f124beeedf421ebd0177d,
RMVM_S_53a63dd4f7,Dòng Sông Thương Nhớ,Bùi Tuyết Mai,BOLERO_TRUTINH,TIER_A,True,False,0,,False,False,0,,True,1476,254,b54ff56caace9ec59d16824c1ec7f4859345dcd8978020192ae756807bb27e6c,
RMVM_S_dc8e828fe4,Anh Là Người Đàn Ông Không Tốt,Long Hải,POP_BALLAD,TIER_A,True,False,0,,False,False,0,,True,1935,356,5a5c5fe10ac32d12da6a79eb5ca55096974503ffca60c5ca671ed86464342a69,
RMVM_S_9f61e0e65a,Liên Khúc Nhạc Sến Sang (Remix),Peto,POP_BALLAD,TIER_A,True,False,0,,False,False,0,,True,6522,1113,1bb6f2cf4065103ff29b603d96874af6b5407c223899abfbad5f088a72e8988e,
RMVM_S_810bcc7f06,Anh Luôn Tồn Tại (Beat),Huỳnh Như,POP_BALLAD,TIER_A,True,False,0,,False,False,0,,True,1891,337,4cfbd4515a0b7f89b3fd31b6cf983b7eda53793c3b4683b4ae01b772e07d62e7,
RMVM_S_3c356fb145,Người Em Gái Nhỏ,Quang Linh,BOLERO_TRUTINH,TIER_A,True,False,0,,False,False,0,,True,1665,291,08b5c7a95918d22fa09a087535267855ce8af888631814a1cf1bc5ff8746549a,
RMVM_S_5d713a03b0,Anh Yêu Em Không Phải Chỉ Kiếp Này (Beat),Quang Mask,POP_BALLAD,TIER_A,True,False,0,,False,False,0,,True,2017,368,038a797c9ba21209e39d18a0e7e32b5c3466375f03eb04ddc10f0ddb3aabd734,
RMVM_S_8faa6cac56,Canh Bạc Cuộc Đời,Trường Kha,POP_BALLAD,TIER_A,True,False,0,,False,False,0,,True,1732,286,c6b62556e7ebd490ac81e060ff3d01cba45e57f7b339f228d2c06000839535ab,
RMVM_S_4952786d26,Baby Em Cô Đơn,"Bảo Thy, Nimbia, RedT",POP_BALLAD,TIER_A,True,False,0,,False,False,0,,True,1847,330,7a423c56a3b667dc8f2663f08adcb0d949945a4902c400c668e9c1be87d1f5e4,
RMVM_S_31b5b21a36,Đau Lắm (Remix),Phạm Trưởng,POP_BALLAD,TIER_A,True,False,0,,False,False,0,,True,1351,242,7fc8a02a5b8d7ae9eef6bbed0222fc418e98ecd4d92c80eb8c3458a2ac461cc2,
RMVM_S_857c6be09f,Đôi Mắt Người Xưa,Trường Vũ,BOLERO_TRUTINH,TIER_A,True,False,0,,False,False,0,,True,1993,336,323ff0b5f66069c261adecea3258e5c7398042892bee2d754622c1b60b665577,
RMVM_S_9046ac32bb,Hạnh Phúc Của Riêng Anh (Beat),Trương Khải Minh,POP_BALLAD,TIER_A,True,False,0,,False,False,0,,True,2226,392,49f60af98bf16508b78915f8cde224079322fca475a7fd1fcabc4cdea13bd83b,
RMVM_S_31fd3163b1,Người Cũ (Beat),Minh Vương M4U,POP_BALLAD,TIER_A,True,False,0,,False,False,0,,True,2096,352,c9f8e1f3cfdd3b08710a54103b32297c70b2c924e98f88c583571d0ba92ba473,
RMVM_S_a6f64f4e12,Từ Khi Em Đến,Khắc Dũng,FOLK_TRADITIONAL,TIER_A,True,False,0,,False,False,0,,True,2175,394,85d5bcc27f5a574762329ac63ffebcbc80eb6af7a4338872138809514c53d8f0,
RMVM_S_77b467affd,Biển Buồn,"Don Hồ, Dalena",INSTRUMENTAL,TIER_B,True,False,0,,False,False,0,,True,1872,335,886f62210c76062635d0a0440348cadc867bb695f137dd6112e7bf34da88d201,
RMVM_S_5b43814b5c,Lại Gần Anh 1 Chút,Lập Nguyên,POP_BALLAD,TIER_A,True,False,0,,False,False,0,,True,3324,636,9edafa0d73f00235309e00eab874cc565dfdfa94915797a5743aed8ab65e1b32,
RMVM_S_1c68b438e5,Tình Ngỡ Trăm Năm,"Lương Tùng Quang, Tú Quyên",INSTRUMENTAL,TIER_B,True,False,0,,False,False,0,,True,1846,314,fe598b161918ef4482f42bfd6251a0a33864fefde31bd96d268615b18ee16653,
RMVM_S_168e5e16ef,Cô Gái Đến Từ Hôm Qua (25th Làn Sóng Xanh),"DTAP, Thu Phương, ERIK",POP_BALLAD,TIER_A,True,False,0,,False,False,0,,True,2456,432,61690a67b071fd013b461ecaf645138087ff26bf2b1e9fb4f3f2cad9bc886089,
RMVM_S_408a55d708,Dòng Đời Đổi Thay,"Bảo Hân, Phi Phi",INSTRUMENTAL,TIER_B,True,False,0,,False,False,0,,True,2189,380,832f468f592186ccb44dedf10078f1c9e19caa600783664b39bc8b2a4aed5194,
RMVM_S_a49b6dfadc,Bố Ơi Kể Chuyện Con Nghe,"Nguyễn Văn Chung, Bé Bánh Quy",POP_BALLAD,TIER_A,True,False,0,,False,False,0,,True,1542,276,0b2169b34c759f16cc46b84eea0e0a8bbab5cf8081e2805a264382966a41832e,
RMVM_S_467e1e0727,Hà Nội Em Và Mùa Xuân,Quang Minh,BOLERO_TRUTINH,TIER_A,True,False,0,,False,False,0,,True,1799,324,ae4ba497e9e1b7d34674a6afb591b4a4f825f437ccc56a264faf1d8b00e43980,
RMVM_S_eb91202f61,Anh Muốn Quay Về,Phan Đinh Tùng,POP_BALLAD,TIER_A,True,False,0,,False,False,0,,True,1407,259,50225f93510a2ce5271993b526abf1db9ecc0a7babb1ab5eee58904c2aa2a0d2,
RMVM_S_d8ece71f1f,Vườn Yêu,Don Hồ,INSTRUMENTAL,TIER_B,True,False,0,,False,False,0,,True,2274,398,3a1a56d6c3dd35adb508c4db7d423f85265af90f5e4e59b84a8c430283f5a287,
RMVM_S_3c0e57d89a,Bao Đời Miền Trung,Kevin Toàn,POP_BALLAD,TIER_A,True,False,0,,False,False,0,,True,1791,303,8f5d8c9dba41de327b6cce9e2a01f4397555a4e8c68e09ce40b48b6cb5373425,
RMVM_S_17b4d0e57c,Đừng Lừa Dối (Beat),Viết Trung,POP_BALLAD,TIER_A,True,False,0,,False,False,0,,True,2417,445,76f9bd45ed73884c136f24f6335477a969e588b4c9d9c41715e4e198833336bb,
RMVM_S_6a9929ce6c,Ngôi Sao May Mắn,"Khang Luân, Phi Nga",POP_BALLAD,TIER_A,True,False,0,,False,False,0,,True,2078,368,f2ac2c69e00436c2552ac938060cddded137a45cb67973b1003180d784a223db,
RMVM_S_03a91270ea,Là Ai Mang Nắng Đi Xa (Lofi Version),"Yang, CaoTri",POP_BALLAD,TIER_A,True,False,0,,False,False,0,,True,2159,396,a96d46f9c070c21a7295c4e1b70c3c9f840f741b8cf134e06502a5633765bed9,
RMVM_S_e0e19ef81f,Liên Khúc Mùa Đông Của Anh,Tín Nhiệm,POP_BALLAD,TIER_A,True,False,0,,False,False,0,,True,4590,805,d3f74df16cc0794171c49a8e3c7c042e30376842b2c5d56c6aba39d7b38d9bf1,
RMVM_S_82795a500e,Bác Đang Cùng Chúng Cháu Hành Quân,"Quang Thọ, Trọng Thủy",REVOLUTIONARY,TIER_B,True,False,0,,False,False,0,,True,1831,306,057f116beec3f30bd8776332c9861a85c6db08cb69d84df0dfe730554976f7b2,
RMVM_S_f54230f3ef,Sóng Gió (Cover),"Thiên An, Mi Ngân",POP_BALLAD,TIER_A,True,False,0,,False,False,0,,True,3021,522,694f09b597547352b92bcb472e3c656a58dc359953449b7b171adc07a02a8015,
RMVM_S_9bf9384198,Say Em,"QNT, Refund Band",POP_BALLAD,TIER_A,True,False,0,,False,False,0,,True,3107,576,ce275b31d7eafd7d76d2262fc9af028b05863f9a5358314341868921207c90ac,
RMVM_S_c028884e58,Như Áng Mây Trời,Trường Kha,BOLERO_TRUTINH,TIER_A,True,False,0,,False,False,0,,True,1979,309,019b991b166e222b870b4528d8f94f2b3e3740107db82331aa084c2bb0be7dba,
RMVM_S_e2ba3d3139,Xây Lũy Xây Thành,Diệp Hoài Ngọc,BOLERO_TRUTINH,TIER_A,True,False,0,,False,False,0,,True,1422,258,1f18dc4e752b0d75b1cb85d1500d2fa154cfbb7fbb3d073610a87b5937109c4c,
RMVM_S_ade24e1643,Thằng Cuội,"Bé Bào Ngư, Hồ Văn Cường",CHILDREN,TIER_B,True,False,0,,False,False,0,,True,1660,284,b2237ef45f0a05ed953b74e86f3760aa23eae35d334593b989392b9783097ba7,
RMVM_S_ba913dac30,Cho Tình Yêu Quay Về,Đức Tuấn,POP_BALLAD,TIER_A,True,False,0,,False,False,0,,True,1876,332,d42e14c6a50c0ff1147f56de778a1270ba3285e42d546d331d6f2b4fab8bbbe6,
RMVM_S_e7fdeea132,Buồn Trong Đêm Mưa,Như Loan,BOLERO_TRUTINH,TIER_A,True,False,0,,False,False,0,,True,1664,297,f45fada6bc0b1713421e9a85f2ef45157ce087f2ac09ab81f0f731bc283d32e9,
RMVM_S_8989e11eee,Em Đến Từ Nghìn Xưa,Trịnh Vĩnh Trinh,NHAC_TRINH,TIER_B,True,False,0,,False,False,0,,True,1335,236,4a4ebe6f5a330223c5f3708522e2754d571a506db3cf9665eae3b4d389a05343,
RMVM_S_6645225320,Baby I Love You,Đoàn Việt Phương,POP_BALLAD,TIER_A,True,False,0,,False,False,0,,True,2022,383,4e841d750e5458c9d51548117a6c9b6a5bdf57a9f5ceb09d3d40d4eed73c73ad,
RMVM_S_60b010ae01,Lời Dối Gian Muộn Màng,Đăng Minh,POP_BALLAD,TIER_A,True,False,0,,False,False,0,,True,1849,340,0cbf229d8e610dce974cd9ddc9a083afc789d7f9cbf8228b6feeeb83f3ca1d27,
RMVM_S_76ea5cc92d,Xin Hãy Thứ Tha (Remix),"Hoàng Trọng Tiến, SOUND HIT",DANCE_EDM,TIER_A,True,False,0,,False,False,0,,True,2360,436,52531619ba69336988db8423e2ae9eb15b0c526f813d1aab3ae226c14cd7e80a,
RMVM_S_dfa47520da,Sao Ta Không Đến Làm Quen,Giang Hồng Ngọc,POP_BALLAD,TIER_A,True,False,0,,False,False,0,,True,1810,321,ef83e353cbea1881e020d65a4dc42e3ad094f74467c86acf8045fd68cc9d6c2a,
RMVM_S_5671019182,Lk Ước Hẹn & Tan Tác,Lưu Bích,INSTRUMENTAL,TIER_B,True,False,0,,False,False,0,,True,1865,318,9c44e151fd394e254e6c2970cae4db1face1f85c07739bedcece38d6e0b93a5b,
RMVM_S_703a962ab3,Cánh Hoa Duyên Kiếp,Ánh Tuyết,FOLK_TRADITIONAL,TIER_A,True,False,0,,False,False,0,,True,1724,313,9d96a011793be7aeeee96e912a2ea0e309bd7a62dc8fb3e344cb4937b0712083,
RMVM_S_a05e33dc83,Đến Cuối Cùng Lại Cô Đơn,Dickson Nguyen,POP_BALLAD,TIER_A,True,False,0,,False,False,0,,True,2618,453,e25cba3103494c1b685a9538d81fe4ce24b943253600308bc226557dcfe129c4,
RMVM_S_08e997bbd2,Tình Chỉ Là U Mê,Hồ Xuân Đào,BOLERO_TRUTINH,TIER_A,True,False,0,,False,False,0,,True,1883,319,5720fb6de9570ec6a2bb713c81ac3c1694258a2b6cb81b04951b3a81601c5f19,
RMVM_S_ff24951e01,Sao Anh Không Đến Chiều Mưa,Phương Thanh,POP_BALLAD,TIER_A,True,False,0,,False,False,0,,True,2319,411,451ab01b44dc3c1962d61d97fccf756621bf2aa7950cc887c2e5fd604d831546,
RMVM_S_50157c14ca,Chỉ Sợ Em Thành Núi Biếc,Hương Lan,BOLERO_TRUTINH,TIER_A,True,False,0,,False,False,0,,True,1441,256,3f12eea3a6cb058390f873839b9b42f92e3238f3fb12cf45457769d5652a79f8,
RMVM_S_2fea65bec1,Hai Ngã Rẽ,Vũ Hoàng,BOLERO_TRUTINH,TIER_A,True,False,0,,False,False,0,,True,1803,295,02554a84fd4dd13252739b691f565673267887fdfd184db3293bc90b47eae523,
RMVM_S_964aebb50d,Xuân Bên Anh,Trang Nhung,POP_BALLAD,TIER_A,True,False,0,,False,False,0,,True,1388,245,fa20f4416d23fffaffaebca24a5137a643c4aa223e864c1e66bd9b9ad1fb6a16,
RMVM_S_0ab32e9f12,"Mashup Trái Tim Của Gió, TDP (Nam Duck Remix)","Exclusive Music, Dunghoangpham",POP_BALLAD,TIER_A,True,False,0,,False,False,0,,True,2122,376,6180e6b22449d951d7e60d3a294caff185e7231482959694d6b9d7c5cc690f62,
RMVM_S_ad122a90f6,Tết Quê (Beat),"Kiến Thành, Kim Đàm Rapper",FOLK_TRADITIONAL,TIER_A,True,False,0,,False,False,0,,True,2095,367,6fadf7a4d47c1fe2986d5cb54229e252137ff9a5fc7ef37c9088f02da66397b6,
RMVM_S_37ae450cfa,Đứng Sau Người Em Yêu,Wind,POP_BALLAD,TIER_A,True,False,0,,False,False,0,,True,1339,235,95d7bab44b5dd8bb1cc3cbeebc0ffc54c408843102fff86af0c2bac14a570633,
RMVM_S_3633cc5f57,Nỗi Đau Tình Phụ,Mạnh Quỳnh,INSTRUMENTAL,TIER_B,True,False,0,,False,False,0,,True,1283,228,9190c83833e8bdebf2502caba196ce66a6f55b9e6517c579a95007fe577c0af1,
RMVM_S_307f0c7d4f,Anh Cứ Hẹn,Hà Thu Hiền,FOLK_TRADITIONAL,TIER_B,True,False,0,,False,False,0,,True,2229,376,c0126d1b567cc4b76f94f0d3f99663652dc52b1c06d5133adbff1edc0dabdc95,
RMVM_S_9719d44eb2,Ai Chung Tình Bằng Cô Đơn,"Hồ Ngọc Hà, Noo Phước Thịnh",POP_BALLAD,TIER_A,True,False,0,,False,False,0,,True,1812,310,7cff14ee895fb05497fc0216a15907aba5fad461b0b39ac23bf822185a6fb515,
RMVM_S_2a8a9bb264,Có Mùa Xuân Về Đây,"Minh Trang LyLy, TG Rapper",POP_BALLAD,TIER_A,True,False,0,,False,False,0,,True,1642,284,e5f2580f989b9d2f3946c06a0ac2e8b6e73c6f2df6db2b57707605eb3daa9933,
RMVM_S_c2f8734bc0,Khoảnh Khắc Đáng Giá Nhất,Ngô Viết Trung,POP_BALLAD,TIER_A,True,False,0,,False,False,0,,True,1561,269,eb4a57c439ee86c89e6388a992050c29ded07593433edbb3435295dfcf5a1e6a,
RMVM_S_02364cf2f0,Giọt Mưa Thu (Album Tại Sao Là Không),"Lam Anh, Nguyệt Anh",BOLERO_TRUTINH,TIER_A,True,False,0,,False,False,0,,True,1793,317,d2c83d1561a3e3343c4da67edb09df1d157adc0ba805390e3556eeb71a4a83ae,
RMVM_S_6a873c24d8,Cháy Nhà Ra Mặt Chuột,Lộn Xộn,POP_BALLAD,TIER_A,True,False,0,,False,False,0,,True,3988,698,da67b4f57360c093f86fc1561e48dc17824fa7b75228092751ea1b74d4125736,
RMVM_S_ae97b6874b,Câu Hát Lý Qua Đèo,Thu Hiền,FOLK_TRADITIONAL,TIER_A,True,False,0,,False,False,0,,True,1341,238,3a815e2f31dbbc421d901613857d5c93a10c7f84370ca7f712591ef7c86b4807,
RMVM_S_9cb2f427ab,Không Thích Thì Đi,"Vĩnh Thuyên Kim, Nguyễn Đình Vũ",POP_BALLAD,TIER_A,True,False,0,,False,False,0,,True,2628,454,e098b73ae47f04622d5132e58ac56b86a20358b66bea6d2e9ba4d3bdffd999b0,
RMVM_S_e5291b07fa,Bay Lên Những Giấc Mơ,V.Music New,POP_BALLAD,TIER_A,True,False,0,,False,False,0,,True,2673,478,eaf3508aea148275562e315898ec44b3ddcf7708c8f30fa81b2a50dde7ae36b0,
RMVM_S_b57593f38e,Con Gà Trống Gáy,Bé Hồng Ân,CHILDREN,TIER_A,True,False,0,,False,False,0,,True,1026,214,7c0fb5b03576a237c3cbdd119daccbff97fc869d0db2a1efa30c9934f121acbe,
RMVM_S_8201bdc7bc,Có Khi Nào Em Biết,Hoàng Nghiệp,POP_BALLAD,TIER_A,True,False,0,,False,False,0,,True,1206,218,f45fc202d8d793cb2befcb9b1a9d206248e0a3ef7eaf844a48abb6eb3752c3b2,
RMVM_S_b1291a9fd4,Muốn Làm Lại Người Tốt,Trương Đình Phong,POP_BALLAD,TIER_A,True,False,0,,False,False,0,,True,1961,342,686c5ef4442759a18d3802d11f31bd577437c2d040792a95ce4da530ac73a3b8,
RMVM_S_75b012f182,Bờ Vai Cho Em,Lương Bằng Quang,POP_BALLAD,TIER_A,True,False,0,,False,False,0,,True,2454,438,28592eadbfa76c6ce49351b9a2feb422bd90b387483a8571bf4ae2ff0baf2856,
RMVM_S_b947a00854,Cô Em Gì Ơi,B-Eazy,POP_BALLAD,TIER_A,True,False,0,,False,False,0,,True,2232,454,52ceebd73f1b93bc7f88078e3cd2f1d796026fdf3463508e3e9dbec4deffc015,
RMVM_S_99c677f2cf,Ngày Em Nói,T.R.I,POP_BALLAD,TIER_A,True,False,0,,False,False,0,,True,2698,468,40980877af63f840e50993241c166a75c67101bdbe725c6cc39ea6bb0b7c7a65,
RMVM_S_b4c3319650,Ngàn Thu Áo Tím,Cẩm Ly,BOLERO_TRUTINH,TIER_A,True,False,0,,False,False,0,,True,1654,295,3195d8fe85ccd4e66aa6e551459dee5e83aee5f6ab7b7bbc7d344070aad0a137,
RMVM_S_e5049fc53b,Điệu Buồn Trên Sông (Dương Thế Bao La Sầu OST),"Hồng Phượng, Đông Dương",BOLERO_TRUTINH,TIER_A,True,False,0,,False,False,0,,True,1764,295,9130dbc9359e15a693268402b9fca2d68009ecbbd485dd3300e7593533b8dabc,
RMVM_S_b02afed33e,Tình Em Mãi Mãi,Hoàng Lan,INSTRUMENTAL,TIER_B,True,False,0,,False,False,0,,True,1446,245,1eb8b89849a024024f9f3536826471e9d18f712660311fd0327fb19a0cbe0b7d,
RMVM_S_2d82e35739,Anh Hãy Về Cùng Mùa Xuân,Nguyễn Duyên Quỳnh,POP_BALLAD,TIER_A,True,False,0,,False,False,0,,True,1676,296,1ab2c505ed5e3b921b80c7317fa2f7c6caf9b9fb5eb832007e7d6857cb53ce47,
RMVM_S_0a8b793477,"Lời Ru, Bú Mớm, Nâng Niu",Thái Hiền,INSTRUMENTAL,TIER_B,True,False,0,,False,False,0,,True,1539,282,b5a25871c1185087e43b76af94c23f8a0191a36bb1abb6f5dff51167e48dd19d,
RMVM_S_1c81417208,Đừng Đùa Với Tình Yêu,Vân Quang Long,POP_BALLAD,TIER_A,True,False,0,,False,False,0,,True,2476,453,ba271fa733ceaed812a6ef5428b343703e87f1463fb565708b11b12b02802499,
RMVM_S_f07c5c030e,Bước Chân Con Trở Về,Isaac Thái,POP_BALLAD,TIER_A,True,False,0,,False,False,0,,True,1145,212,2ccf34856fd345bf0297c200d7eb6f3a91fb1113d30c66cada96f6c165bcf677,
RMVM_S_1f3cdb0974,Chiều Đông Matxcova,Mai Diệu Ly,BOLERO_TRUTINH,TIER_A,True,False,0,,False,False,0,,True,1741,315,bba011e0f78245d36abd040a13e22ae1327583bbee1b2bd04c8890b63f3e943e,
RMVM_S_f83ca0277b,Điệu Hò Phu Thê,"Lưu Ánh Loan, Khưu Huy Vũ",BOLERO_TRUTINH,TIER_A,True,False,0,,False,False,0,,True,1698,280,618b7f950a95cc1dd868ec4e9a03e145a5efaf81720dc980bc2dc7ebeb92a743,
RMVM_S_3f4685c795,Liên Khúc Bên Em Là Biển Rộng - Vẫn Hát Lời Tình Yêu,Quang Dũng,BOLERO_TRUTINH,TIER_A,False,False,0,,False,False,0,,True,2159,394,b5fabb4c085806aa0b5fe6fc6711551f17da3565c68077d6d2a00a1a54b68bdc,
RMVM_S_ef95cb7362,Se Sắt Buồng Tim,Lý Thu Thảo,BOLERO_TRUTINH,TIER_A,True,False,0,,False,False,0,,True,1325,230,3a410f8979d5b72d8c05d1dd0da3d0e33bbf4e6431859ebd06f4231476e0a73f,
RMVM_S_11346cf210,Xin Đừng Làm Người Yêu Khóc,Quang Hiền,BOLERO_TRUTINH,TIER_A,True,False,0,,False,False,0,,True,1521,252,d7610ef227e0859cd3484729e1d69365f0621628f3771da63426b718c3d76e7c,
RMVM_S_190530b0b0,Những Giấc Mơ Dịu Dàng,Song Huy,POP_BALLAD,TIER_A,True,False,0,,False,False,0,,True,1700,312,6abbb061f640cc9ef61b51bc447008aecfe09fabea993c0c100d74f5c8c8bfc7,
RMVM_S_3b5cbce5d3,Em Chỉ Muốn Yêu Thôi Mà,"SASSY, Marutron",POP_BALLAD,TIER_A,True,False,0,,False,False,0,,True,2149,382,e6d6b42ee825e82ad25d39b96050eec7d418c279eb013d18d054485d69fa3ae9,
RMVM_S_850439a706,Ông Noel Xuống Phó,Thủy Tiên,BOLERO_TRUTINH,TIER_A,True,False,0,,False,False,0,,True,1451,257,37b37953f4f6dcac025ef0196346c6093044cfbb5a4e2a01da981b7c93e15799,
RMVM_S_dae737df10,Dường Như Đã,"Bùi Hoàng Yến, The Loops Band",POP_BALLAD,TIER_A,True,False,0,,False,False,0,,True,2888,501,cf5a8df021d4e013a41845d518be19c5a3bffdc03a492a67c715de87a5f3d2d0,
RMVM_S_53a38a6c9b,Và Xem Như Chúng Ta Chỉ Còn,TRANG,POP_BALLAD,TIER_A,True,False,0,,False,False,0,,True,1158,199,cd186e53659c1f441df85c05cb5332a511c380b52f5bfb6e7d693376406849bf,
RMVM_S_508e08ea50,Anh có nghe thấy không,Ngọc Tân,BOLERO_TRUTINH,TIER_A,True,False,0,,False,False,0,,True,1448,268,31f6b42ff187dbe0d5fda7ed17d98d8beaad1bc4d27ab750d5f19fe9721a9399,
RMVM_S_b48ee33183,Tuổi Ngọc,Đoan Trang,BOLERO_TRUTINH,TIER_A,True,False,0,,False,False,0,,True,1866,338,f9402899539c42d2a9be86c77590d836666f9cb6dd3b1a627e207cb969385ef3,
RMVM_S_017da9f911,Nếu Như Con,Khánh Loan,POP_BALLAD,TIER_A,True,False,0,,False,False,0,,True,1907,330,27e1666f4ee4b0ea5d3d39300deaaf50cfa93d84d45c7ae642d1ba980ebae5de,
RMVM_S_afebb86d46,Ai Ơi Nhớ Về Miền Trung,Hương Lan,BOLERO_TRUTINH,TIER_A,True,False,0,,False,False,0,,True,1592,269,34af490e141ffe5bbaf679c2adcb6f05c1abaea24d5f4d27a93b968525678de5,
RMVM_S_442cccd960,Tình Buồn Đêm Mưa,Kim Linh,BOLERO_TRUTINH,TIER_A,True,False,0,,False,False,0,,True,1701,264,4f641e2cff9a201e641623c38ced23e5f26db5aaef29ca099e5c72882d02f0ac,
RMVM_S_206895b43c,Yêu Rồi Tính Sau,Trần Khánh,BOLERO_TRUTINH,TIER_A,True,False,0,,False,False,0,,True,3129,579,4c4ca7aa27176c39a3404f7087aefa1bdaaf714fd9fda2a9ff3b723105019e60,
RMVM_S_0a720c0628,Em Đi Vía Bà,Hà Phương,BOLERO_TRUTINH,TIER_A,True,False,0,,False,False,0,,True,1593,270,4fef06d5019bdaa143d2cc09093602d2bbbfb60834260c32ca2b814ae33c869e,
RMVM_S_0dc4f7e675,Mưa Vô Tình Và Em Cũng Vô Tình,Nguyễn Phi Hùng,POP_BALLAD,TIER_A,True,False,0,,False,False,0,,True,1408,242,80c064b688b779cc92deec5c5d65911547da313db3231824da624134b40155fb,
RMVM_S_1b5cf40209,Điều Ước Giản Dị,Khánh Phương,POP_BALLAD,TIER_A,True,False,0,,False,False,0,,True,2915,525,c3da56958884fdf68de7af6e6ec5b22c5d15c4890b8116727408a476c5f38a05,
RMVM_S_63e60c3258,Anh thấy mình nhớ em,Tống Gia Vỹ,POP_BALLAD,TIER_A,True,False,0,,False,False,0,,True,2292,418,e806a060e989dd9e81c63ca78db2fb6830928dad8a5ba544b619269863ebe5dc,2011.0
RMVM_S_6299b286a3,Chúa Tể (New Version),Bùi Công Nam,POP_BALLAD,TIER_A,True,False,0,,False,False,0,,True,1609,287,6e2034040e975f84e15d19e728a8371f04bc9989f343d1d02dfb0aa5929f3e04,
RMVM_S_57fbbe87e1,Chiếc Cầu Chiều Mưa,"Ngọc Sơn, Hương Lan",FOLK_TRADITIONAL,TIER_B,True,False,0,,False,False,0,,True,2289,389,4743c955be0a99abf2fe9c87b07bbd26c2e96cba602727fab933606df373d559,
RMVM_S_2730bc1ad5,Nỗi Nhớ Không Anh (Beat),Phương Trinh Jolie,POP_BALLAD,TIER_A,True,False,0,,False,False,0,,True,1671,302,b7397f3d3cd284bb4a0c2b80955f5258e5b54ae1a241eec69396dc5759a0b170,
RMVM_S_88aaeda564,Rồi Xa Người Yêu,Thiên Kim,INSTRUMENTAL,TIER_B,True,False,0,,False,False,0,,True,1978,357,653a5b20d41898eaf5f80b8f3ad5280b744d2bd8dba171b446706e04c996e6a3,
RMVM_S_7d55bece93,Bóng Nhỏ Đường Chiều,Huỳnh Thật,BOLERO_TRUTINH,TIER_A,True,False,0,,False,False,0,,True,1676,280,88c0ee13f35d5f7239040262b0c195fa77d95042cb236f541d7d3d6786d42856,
RMVM_S_8991027f6f,"LK Thương Nhau Ngày Mưa, Bước Tình Hồng (Live)","Don Hồ, Như Loan, Lương Tùng Quang",BOLERO_TRUTINH,TIER_A,True,False,0,,False,False,0,,True,1838,318,061981e0d253f4dbe69d54a904077eb2af4950e6ed9117711d76088aedff28f8,
RMVM_S_d59cd412fd,Những Trái Tim Hồng,Hương Lan,FOLK_TRADITIONAL,TIER_B,True,False,0,,False,False,0,,True,1812,307,0be798191a51f3127f4d9a284d55dd4a0d97428af676273c4903f8fc217027fe,
RMVM_S_25d78247fe,Lễ Vu Lan,Gia Tuấn,BOLERO_TRUTINH,TIER_A,True,False,0,,False,False,0,,True,1459,262,e91d9f1be6d76c34dd79bd7acfca7278423bfcedc47490086765f508eabd235e,
RMVM_S_2dcf88e426,Ai Cũng Đẹp,Phi Bằng,BOLERO_TRUTINH,TIER_A,True,False,0,,False,False,0,,True,2287,398,7aed7fec830ddda8580a3e61e3fd91d46567bb277a4c5eb064524b2d53593a9c,
RMVM_S_fd15ab61a5,Không Ai Chọn Sự Cô Đơn,Hồ Thiện Quân,POP_BALLAD,TIER_A,True,False,0,,False,False,0,,True,1634,286,5d5e0a24e3ecb04cbaed742a0e8656d2a2e91cd4de1ab45bb5ad87d34005fe05,
RMVM_S_89e4be6de5,Ba Thật Là Giỏi,Bé Minh Vy,CHILDREN,TIER_A,True,False,0,,False,False,0,,True,1474,272,eaf06152c03ceaae82a36cc6374b665d9cbefa770757fbacac8b46dcb85b2a15,
RMVM_S_70ed0e45fb,Hoa Lòng Anh Vẫn Tím,Mạnh Quỳnh,BOLERO_TRUTINH,TIER_A,True,False,0,,False,False,0,,True,1823,325,e9e295f849ff9e21f216b0e0a7639746b726447555f1bd6478acb358521e19d1,
RMVM_S_bcdd870672,Chào Mùa Mới,Đại Nhân,POP_BALLAD,TIER_A,True,False,0,,False,False,0,,True,1847,326,cb334aae144fdca02c2e670c20bd4d7067c3d7b055aeb81297214ebfb6231174,
RMVM_S_f174679626,Cho Đời Thương Nhớ,Hồng Nhung,POP_BALLAD,TIER_A,True,False,0,,False,False,0,,True,1842,313,5fe0d35da336a662f4726b57dd718e837afbd935d6a4a1dae51554347a053ee9,
RMVM_S_1d35e6a668,Lối Đi Cho Nhau (Gold Mk Remix),"Hùng Quân, Quý Nhỏ",POP_BALLAD,TIER_A,True,False,0,,False,False,0,,True,1619,283,efd2a5850649137ed3642484866ca2281cf1e0fd6a81dde3e931a4b2a66e4510,
RMVM_S_8ce1305346,Cho Đêm Không Còn Buồn,Don Hồ,INSTRUMENTAL,TIER_B,True,False,0,,False,False,0,,True,1774,317,4757867fc60660b340c959ede16c77afe5b5e95196212538c5a47287646b573b,
RMVM_S_3166171c37,Bờm Có Quạt Mo,Ái Vân,INSTRUMENTAL,TIER_B,True,False,0,,False,False,0,,True,1171,216,0d649265b3316bdf088438d2b42d6578da3522329263fb07bdcd00f3644b00c3,
RMVM_S_13787a8f58,Bắc Ninh Trong Tôi,Bỉnh Tài,FOLK_TRADITIONAL,TIER_A,True,False,0,,False,False,0,,True,3846,641,19e7c9be4b40d5c8d23c4a180f265a1c83a40a9dec073a46082816982be30ccf,
RMVM_S_920c299c88,Đau Thương Anh Nặng Mang,La Hoàng Phúc,POP_BALLAD,TIER_A,True,False,0,,False,False,0,,True,2162,376,ac5000266269ae23f3f4e1940be63e92acf9a47066258e90dfbbf81a0e199467,
RMVM_S_0b302a3c9f,Anh Nhớ Em Thật Nhiều,Tăng Vinh Quang,POP_BALLAD,TIER_A,True,False,0,,False,False,0,,True,1395,240,fde7190093afe8669f562d31778ca7b547b02fff52f1e7599e324e9cc68fc1f7,
RMVM_S_24c54934df,Buồn Như Lá Rơi,Quang Vinh,POP_BALLAD,TIER_A,True,False,0,,False,False,0,,True,2156,369,8ea3696266e6cb4d239251cdf53152077e11a245b17530b35bc71591be21a0f9,
RMVM_S_9d9df5e9f1,Đảng Là Cuộc Sống Của Tôi,Trọng Tấn,REVOLUTIONARY,TIER_B,True,False,0,,False,False,0,,True,1270,209,91e44cb2a733cac0b910e572a77deae8a3347ca757328a41fedc5b47ef31aeb6,
RMVM_S_17f6cfab6f,Hai Lối Sống Một Tình Yêu,Trương Đình Phong,POP_BALLAD,TIER_A,True,False,0,,False,False,0,,True,1808,319,db9348381a4ccf32731ae3cb53750d980634b5417d0aad3f194a45f9db6ba955,
RMVM_S_7cbfcdc9c7,Đổng Trác Từ Lữ Bố,"Hồng Vân, Hoài Linh, Cẩm Ly",POP_BALLAD,TIER_A,True,False,0,,False,False,0,,True,503,89,4749f7401f029a1eea612f106ec31b1b41607da16aafc5cd3e0ca1b1ec2b004c,
RMVM_S_2b65e85b57,Mùa Hoa Tam Giác Mạch,Vũ Minh Vương,BOLERO_TRUTINH,TIER_A,True,False,0,,False,False,0,,True,1909,332,d216020ae7ff01ea46dea2f3a98ba1c14213ce7a99e033f3d9dd95b12d3eb87c,
RMVM_S_b2f5166015,Liên Khúc Daddy Cool,Đức Vinh,POP_BALLAD,TIER_A,True,False,0,,False,False,0,,True,700,130,82fc8f32b44f9a860ae0edb9e9094353797f3068c5e1a97f170b667f3fd253b1,
RMVM_S_6cdc8d49f0,Chớ Nuối Tiếc,Lý Hải,POP_BALLAD,TIER_A,True,False,0,,False,False,0,,True,1888,333,ae98118b9332e37254d216a24935158ab2bcba9372470ee57155f79c1353c4dc,
RMVM_S_a7f9a5eeab,Cửa Hẹp,Diệu Hiền,BOLERO_TRUTINH,TIER_A,True,False,0,,False,False,0,,True,1634,277,23476777221df20ae916992c05ee2e1943acf322a4df9462c02c218bbef03bb9,
RMVM_S_4133ff6ff0,Lỗi Ở Nơi Anh,Lê Ngọc Thúy,BOLERO_TRUTINH,TIER_A,True,False,0,,False,False,0,,True,1635,290,307e0d24a9fdb301d1cff12fcf3145bb252c925657fc076a8b8e612a8bb89870,
RMVM_S_9fed9b96bb,Cảm Ơn Vợ (Remix),Khưu Huy Vũ,DANCE_EDM,TIER_A,True,False,0,,False,False,0,,True,1507,290,a72772cf57166132aa86e8269e7f3bd0bbc3518bdf642fdeedd1c84a4bfda9ea,
RMVM_S_26f618396b,Dừng Lại Em Nhé,Ngô Kiến Huy,RB_SOUL,TIER_A,True,False,0,,False,False,0,,True,2172,375,d290ac37a129c59742a5dd1032b2030f5b54ddb10d7dda198dbf18d01087b4a8,
RMVM_S_2000fa7d0f,Chuyện Tình Buồn & Ngàn Năm Vẫn Không Quên,Duy Quang,INSTRUMENTAL,TIER_B,True,False,0,,False,False,0,,True,1484,254,458913b86a3a38b4a8cf2a9761351c6d74f2d155b448e973e115f060f05f9f25,
RMVM_S_359d4329a9,Trả Nợ Ân Tình,Thu Trang MC,BOLERO_TRUTINH,TIER_A,True,False,0,,False,False,0,,True,1722,307,5cb058251a3638a779527a0ba0b9b3441c8318dc3f8dbc07de089f963850bc29,
RMVM_S_fb7fd86e78,Mũi Tên Xuyên Tim,Lâm Trí Hải,POP_BALLAD,TIER_A,True,False,0,,False,False,0,,True,2547,444,6cd8a0956109f6b5811931ad83105818dc426dfba9c6b55039832ff023b199e2,
RMVM_S_36f1332288,Ảo Mộng Đơn Phương (Bước Cùng Nỗi Đau 2),CD Hoàng,POP_BALLAD,TIER_A,True,False,0,,False,False,0,,True,2071,362,ad5e877fb0dfe83721eb02e87d6abce85cca1770dae558bcc88fc01da5cd36ee,
RMVM_S_270a067aa7,Badaboo Của Anh (Orinn Remix),Lập Nguyên,POP_BALLAD,TIER_A,True,False,0,,False,False,0,,True,2233,391,c4a9e9fdc86be49440eb6f852034980986ae59dc18a3500a8451343d85f0f4cc,
RMVM_S_002daba12e,Hương Tóc Em,Cao Duy,BOLERO_TRUTINH,TIER_A,True,False,0,,False,False,0,,True,1229,199,a86e3cbf6fdfd6bde9ae152d48f90ee0bd1418eb7e6bc276d6b33279ebc855dc,
RMVM_S_e40f5063d6,Bác Hồ Một Tình Yêu Bao La,Thu Hiền,REVOLUTIONARY,TIER_A,True,False,0,,False,False,0,,True,1120,190,0fd2059b40b525704fb0c4ee9fa8924d9e56e2e4162e2b06e7d389fce88bb540,
RMVM_S_2694ba8422,Anh Lại Một Mình,Keyo,POP_BALLAD,TIER_A,True,False,0,,False,False,0,,True,1659,290,f8a8f3653cfe422b827dedece5f9a07b65653e23935935e5aef0d5837286f5a3,
RMVM_S_fdf7fe63ca,Tình Đắng Lý Cây Bần,Vũ Tuấn Khang,POP_BALLAD,TIER_A,True,False,0,,False,False,0,,True,1841,310,e6f974d3f70e45301beb3cbbcb5652015020a51d112c1288693d3cff47ede6ab,
RMVM_S_5d8855ad64,Bình Phước Nỗi Nhớ Gọi Tên,Trinh Phạm,POP_BALLAD,TIER_A,True,False,0,,False,False,0,,True,1772,295,859234514bd4d313a24a192470680e0fa8c6178a5eaed6a5e2dfcda8a8b9e34d,
RMVM_S_bad12b26b0,Cho Mối Tình Đầu,Hoàng Bách,POP_BALLAD,TIER_A,True,False,0,,False,False,0,,True,1478,260,7417ffab3481b199a795c0627005050eb830fb2010b03531d0d3c609bd344f8a,
RMVM_S_0e3602c365,Bởi Vì Thế,Minh Trang LyLy,POP_BALLAD,TIER_A,True,False,0,,False,False,0,,True,1537,286,6aa73b6182d3f31f11f232053d4a6731c53b3c2ae680620641a19fcce15eec96,
RMVM_S_5c1f1ba905,Tâm Sự Đời Tôi (Live),"Hoàng Nhung, Châu Ngọc Hà",BOLERO_TRUTINH,TIER_A,True,False,0,,False,False,0,,True,1950,327,f820b5b3457eb5e752a0ea1181d3d3fc6ebd5082744673df50068bc66522df72,
RMVM_S_6dbcb296e8,Có Trăng Quên Đèn,Võ Minh Lê,POP_BALLAD,TIER_A,True,False,0,,False,False,0,,True,1812,315,3576e61833dba5dd55bf6aa97b682c037417de3a3ce2c0963c75e4af783343df,
RMVM_S_d6c63187f1,Như Vẫn Còn Yêu,Vy Oanh,POP_BALLAD,TIER_A,True,False,0,,False,False,0,,True,1753,320,465abec7de624cc28c783c05e0ee984fc35ac2ec7ae2e0b11db91e2b95d0e99f,
RMVM_S_0fefc46ae2,Anh Đợi Em Này (Remix),Hồng Dương,POP_BALLAD,TIER_A,True,False,0,,False,False,0,,True,2196,403,f6bd55122f20bbd28088e1c627a5b61a17462df1ab3d233e2244d018369ecf55,
RMVM_S_3711bff17e,Anh Không Thể Nào Quên,Tăng Anh Tuấn,POP_BALLAD,TIER_A,True,False,0,,False,False,0,,True,2833,492,1180c069d85962287e6145484922d7c4ea19903a1eb5fe62b16315182a171f5c,
RMVM_S_2032f105b3,Yêu Em Vàng Thu Lá Đổ,Tấn Minh,BOLERO_TRUTINH,TIER_A,True,False,0,,False,False,0,,True,1939,339,559717b7abdc76e0602f61d467eb66d1fe934b4d0ff8067308c93cd7717ea11d,
RMVM_S_d5d4a12bce,Cho Họ Ghét Đi Em,Huỳnh James,RAP_HIPHOP,TIER_A,True,False,0,,False,False,0,,True,3125,561,5104e7b18b123c1b623cc644d6acf06a3023f67d74f624004a26df2bdcafb3b6,
RMVM_S_b56b20ac6f,Phải Dừng Lại Thôi (Remix),"Hana Cẩm Tiên, TVk",POP_BALLAD,TIER_A,True,False,0,,False,False,0,,True,2156,371,bae22796c34f273f8d7df59a18d24e792de5f405a098cb88443c35764e5cfcc4,
RMVM_S_d1903b5c3a,Nếu Không Có Bé Trong Nhà,Bé Minh Vy,CHILDREN,TIER_A,True,False,0,,False,False,0,,True,1272,246,0b9ea2fe5da769f324c5c174ab65b0bad4dbc90e4b8c8fd4b50dc681ec015f6f,
RMVM_S_6da3aca0c8,Nói Với Anh Đôi Lời,Đức Ứng,POP_BALLAD,TIER_A,True,False,0,,False,False,0,,True,2435,436,65be13a35b96bcdfb832d26fa9aa3fc09d4a1f819c8c661b0220c7612596c500,
RMVM_S_db2240851b,Được Tin Em Lấy Chồng (Remix),Khưu Huy Vũ,POP_BALLAD,TIER_A,True,False,0,,False,False,0,,True,1587,271,6581bd38d259a5a99799b5955420d62aa31ccc6efb5ebf10281b848d47f51785,
RMVM_S_ed90450494,TÌNH YÊU LÀ GÌ VẬY HA,"Mr.KAYZ, KhangG-B",POP_BALLAD,TIER_A,True,False,0,,False,False,0,,True,3099,543,1aefca074c6e473b9169cae878a7d2daf05f64a1410219c92db2acbb610f6be7,
RMVM_S_e1bb6133bf,Giấc Mơ Riêng Em,Sarah Lê,POP_BALLAD,TIER_A,True,False,0,,False,False,0,,True,2113,364,50758f7294e4c9de4642f5514f0e3c5b0e62207975e32c1d999a0847a9c729ce,
RMVM_S_7c60b37537,Liên Khúc Nếu Đời Không Có Em,"Trung Nghĩa, Lâm Minh Khôi",BOLERO_TRUTINH,TIER_A,True,False,0,,False,False,0,,True,2783,485,aab45094cb78034581cb5f69265598531ef8d5990c7cf4ea5fede7491d051385,
RMVM_S_714e3915dd,Anh! Nghe Em Nói,NgânT,POP_BALLAD,TIER_A,True,False,0,,False,False,0,,True,2423,444,a3324c9f0ed9e594e0382df876e249566ee9dab77ecc562d71b28518e7f488df,
RMVM_S_8b0baa992f,Đường Tôi Đi Dài Theo Đất Nước,Trường Kha,BOLERO_TRUTINH,TIER_A,True,False,0,,False,False,0,,True,2513,411,bfd1bd8d0978b7c90058c33189c608289d0524d3f702eda3f47e2dbd1c15836e,
RMVM_S_64fb893392,Gốc Phố Rêu Phong,Lưu Bích,INSTRUMENTAL,TIER_B,True,False,0,,False,False,0,,True,1993,331,13b9a57057e7c0b83968887f55f074c3bd86a3ed09f26336911344181dbd0e2b,
RMVM_S_92ead483d2,Họa Màu Nước Mắt,"Kenny You, Gon",POP_BALLAD,TIER_A,True,False,0,,False,False,0,,True,4374,772,18ee5c66806514a58d3bf8d2323b607aaa5ca12549805f4eb2ab0ef2710eaac3,
RMVM_S_51ceabebd7,Sunday Buồn,"Ánh Minh, Mai Tiến Dũng",INSTRUMENTAL,TIER_B,True,False,0,,False,False,0,,True,1969,372,ba3d58789be5076b2a05b946c069313a9598392ecf4bfdba24f2b664613db832,
RMVM_S_6e97b7bc47,Em Vẫn Chưa Về (Cover),Phạm Minh Huy,POP_BALLAD,TIER_A,True,False,0,,False,False,0,,True,1554,289,af01254c911c7dd3736f6998e29c2766727d9bc4b141e12c21d7dc771de372d8,
RMVM_S_a0ea11c628,Mênh Mông Tình Buồn,Thu Minh,POP_BALLAD,TIER_A,True,False,0,,False,False,0,,True,1455,252,cf1915fc64bf439439ce90ac7d870aa1b32645636ed13584643b07475567a6df,
RMVM_S_a17395526a,Câu Trả Lời,"Tiên Tiên, Trang",POP_BALLAD,TIER_A,True,False,0,,False,False,0,,True,1098,200,a4ac50b5e88f5fb59fa8b05e70ea055e1a53fdaeeecf3c3df7cc97fa581e95d9,
RMVM_S_38520a4319,Bạc Lòng,Kim Tuyến,POP_BALLAD,TIER_A,True,False,0,,False,False,0,,True,1340,226,d7c27bd40351b2951c35bd371dd3f2dc512f408f5032fbce0cd6786ba0635afd,
RMVM_S_2d96712d47,Đôi Lời Tình Ca (Live at Hội Đồng Hội 2020),Hoàng Dũng,POP_BALLAD,TIER_A,False,False,0,,False,False,0,,True,2332,405,d022275f1cdb8d419e718d70586c99f8e2a9ed396491dd0d7f6813294e91c0ec,2020.0
RMVM_S_06072878ce,Cơn Mưa Xóa Nhòa,Thiên Phong,POP_BALLAD,TIER_A,True,False,0,,False,False,0,,True,2129,387,741445657ddb3bde80a0fc00b4e22f3cd64a073404ec29fa888531ce8028d70a,
RMVM_S_a3a51c70de,Cứ Nói Yêu Lần Này (Cukak Remix),"Lil Z, CUKAK",POP_BALLAD,TIER_A,True,False,0,,False,False,0,,True,2315,435,1981d71e401575e141e393edc223cd32d95938ba583ba6337cd88a3260595cc9,
RMVM_S_6a3072d920,Giữ Lại Chút Hương Tình,"Bin Trần, Minh Tài, Thịnh Trần",POP_BALLAD,TIER_A,True,False,0,,False,False,0,,True,3382,597,002b76e5e8a9a457dacc02fabbb3fcb923bac8eb6e22a9fb570eb80b482d92fd,
RMVM_S_86e9beed0d,2 Thế Giới,Lâm Nguyên,POP_BALLAD,TIER_A,True,False,0,,False,False,0,,True,2100,361,33e5737dd15cc39a5c02958e20a415b333a8a3f72096bb2e7a2a4d1b6ddd0593,
RMVM_S_ff7543ba92,Đám Cưới Anh Và Em,Đào Nguyễn Ánh,POP_BALLAD,TIER_A,True,False,0,,False,False,0,,True,3551,617,210f8ac6f3eeda4b1f84d5b14062746ec3b2cb88baa7d070810328355df3c913,
RMVM_S_c99d9372c2,Buông... Em Yêu Anh,AndyShin,POP_BALLAD,TIER_A,True,False,0,,False,False,0,,True,3379,597,00946a88e9f3d15a284f25c428e43de19300d9d36003757b20f76a2b974b9a34,
RMVM_S_55bf67162e,Em Là Người Yêu Cũ,Hoàng Đăng Thanh,POP_BALLAD,TIER_A,True,False,0,,False,False,0,,True,1997,358,b292432d2eda92adfb33167231a4b77ea84ddd0002d7f68221cadc80a9e62155,
RMVM_S_0d56e8c21f,Ngắm Nhìn,Lee Phú Quý,POP_BALLAD,TIER_A,True,False,0,,False,False,0,,True,668,113,8033045bc1138cc1755d04bfb1c97c76642da54d5479240d41ff345fb89f78ba,
RMVM_S_e38fcc5fee,Cuộc Đời Sương Gió,Vũ Hoàng,BOLERO_TRUTINH,TIER_A,True,False,0,,False,False,0,,True,1504,266,409ed7e3e418a9e517f6fbdee6c851627ac653cc993c093824d7082cff0bc8d3,
RMVM_S_8a8ef2252b,Anh Có Lỗi Gì,"Balin, SOUND HIT",POP_BALLAD,TIER_A,True,False,0,,False,False,0,,True,2032,364,fefa2a860055c4e31898a2ee258db3207badc47989b47c93a07cf163a09de19a,
RMVM_S_1c8150a109,Một Đời Yêu Anh,Sa Huỳnh,BOLERO_TRUTINH,TIER_A,True,False,0,,False,False,0,,True,1643,296,198277f5808e6f64dca9e8c2c054969bebb4d29fca332a503f632776667f7a40,
RMVM_S_83a5db3a8e,Anh Không Thể Lo Cho Em,Tâm Đức Tài,POP_BALLAD,TIER_A,True,False,0,,False,False,0,,True,1646,304,b4bf2e7711950f18954a066dafe745d7d1f784a19f055678aae845d945e115fc,
RMVM_S_4a608d638d,Cho Em Xin Lỗi Đi Mà,LyLy,POP_BALLAD,TIER_A,True,False,0,,False,False,0,,True,1864,344,c675b22764b897116582f910e162d8f5726793660074d4c7e9eef4a697bb116c,
RMVM_S_63f132da89,Cô Đơn Không Đáng Sợ,Thành Sơn,POP_BALLAD,TIER_A,True,False,0,,False,False,0,,True,2128,360,146c9206fa92c3fce61b88dc2c29621b6e85e2b3708a27aae828e84a41156b23,
RMVM_S_cb1f2223ff,Khúc Tự Tình Mùa Xuân,Uyên Nguyên,POP_BALLAD,TIER_A,True,False,0,,False,False,0,,True,3245,555,ee6e570887049564b01bed1c2b4674a9c0e1cfb35e650cbc13b4f9ff4e549e67,
RMVM_S_d364002a8a,Tân Quý Phi Say Rượu,Lee Phú Quý,POP_BALLAD,TIER_A,True,False,0,,False,False,0,,True,1806,298,22845acf433615ef70163a39396363d7e75bdc2c75471a232e88fb0f6c631350,
RMVM_S_485da97266,Liên Khúc Nhạc Xuân Remix Số 6,Peto,POP_BALLAD,TIER_A,True,False,0,,False,False,0,,True,2972,535,8568b8b9b7bf21594e1fbd45e3954aa7a65d107412d05ddd335df786d6e1e211,
RMVM_S_e6d764658f,Chiều Xuân - Thì Thầm Mùa Xuân,"Various Artists, Lê Trần Media",POP_BALLAD,TIER_A,True,False,0,,False,False,0,,True,1535,270,ab86456761a1b80036f399e546e0367ff8532f32262528b8ee5a7720e989549d,
RMVM_S_5307166f37,Cho Anh Xin Thêm 1 Phút,"Trịnh Thăng Bình, Liz Kim Cương",POP_BALLAD,TIER_A,True,False,0,,False,False,0,,True,1799,316,4852b2006ad3b4684d30984c18cc584b904b3369d53d3fa43302b34c3687e9a7,
RMVM_S_713cd25d1f,Chung Thân (Live),"Bạch Công Khanh, Hoài Lâm",POP_BALLAD,TIER_A,True,False,0,,False,False,0,,True,1944,335,52eaeac11a15c97cf434c21a4672aaaeb28789c16b97b1aa7c3d7c98a8988803,
RMVM_S_9cb9eee3fc,Anh Biết Anh Sai Em Ơi,Đỗ Phú Quí,POP_BALLAD,TIER_A,True,False,0,,False,False,0,,True,2530,448,003eaeb1c7445c5dbd9cd96153c0e40b3ebc638df3849e8b3e13ee87f10861d1,
RMVM_S_62f70c080d,Ai Nói Dối Nhận Đi,Lưu Hiền Trinh,POP_BALLAD,TIER_A,True,False,0,,False,False,0,,True,1870,340,c526b27ec970683a61898d69c1f25b864e1dce6268e55c59d9d368d54de3dbbf,
RMVM_S_d10979d067,Bảy Bước Tới Mùa Hè,Đào Líuloo,POP_BALLAD,TIER_A,True,False,0,,False,False,0,,True,1205,212,6795a47b547bba94e514aebfdad1da572b0b534a11935892f8f00cba023f28dd,
RMVM_S_4183a036f1,Biệt Ly - Dù Khóc Một Dòng Sông,HA Live,POP_BALLAD,TIER_A,True,False,0,,False,False,0,,True,1916,334,5be5c14ca32021c5ee1b1cf952540c459acb18f8c339f750e928aef0fbd43bed,
RMVM_S_edd92571ff,Để Tang Quá Khứ (DJ Power Remix),Bằng Cường,POP_BALLAD,TIER_A,True,False,0,,False,False,0,,True,2437,435,0366f0cf391395eba437907fa63e5ad6316a5ee0d062e8ba23801ee41c83e87f,
RMVM_S_cfd9547ffa,Hương Tình Gái Quê,Hương Thủy,INSTRUMENTAL,TIER_B,True,False,0,,False,False,0,,True,2150,372,8d5acf226e06fd8e5aa0709ec82ff1fd88edcb6edadeaff225e945416f19a00a,
RMVM_S_b161f605dd,Bolero Miệt Vườn,Trường Sơn,BOLERO_TRUTINH,TIER_A,True,False,0,,False,False,0,,True,1850,311,c2eef8bd4cfa4740a832c43e33f0a6fa4266dc4c4a58060a26cd0b632c478dfc,
RMVM_S_b7dd0de77a,Thời Thơ Ấu Đã Xa,Mây Trắng,POP_BALLAD,TIER_A,True,False,0,,False,False,0,,True,2084,346,da552d01a78a79b8560436732c6c41d38a981e106e23a52c4aef8423c5e7f56c,
RMVM_S_9e2664735a,Dấu Vết Thời Gian,Deep Blue Sea,POP_BALLAD,TIER_A,True,False,0,,False,False,0,,True,916,151,781f9bbc4f0fc8f9da7963779b66f7fd06bc7e0f9658e21a291ec271e2209ffe,
RMVM_S_89192cabe6,Bèo Dạt Mây Trôi (Remix),Thu Phương,POP_BALLAD,TIER_A,True,False,0,,False,False,0,,True,1466,265,5d53a96355afd86e536697748c21f81e2b5dbea753394b845056851190908cc0,
RMVM_S_edf06cf0a5,Câu Tre Lắt Lẻo,Bé Phương Nhi,CHILDREN,TIER_A,True,False,0,,False,False,0,,True,1681,294,36eff8bd32f6879df14996b780806762bfbc9482041b84833e95c868c88ae8bf,
RMVM_S_5094990938,Biển Nỗi Nhớ Và Em (Live at Đồng Dao),Hoài Lâm,POP_BALLAD,TIER_A,True,False,0,,False,False,0,,True,1024,184,715d4d4955681df16648648d795caf02dbb5d8951c1f48fa77375eaca0d9176d,
RMVM_S_01ba107d62,NGƯỜI PHU KÉO MO CAU (LOFI VERSION),Bùi Phi Long,BOLERO_TRUTINH,TIER_A,True,False,0,,False,False,0,,True,1363,253,36fdb4f0b129603e8aea60d626d40a797d48abaa7bc1e29a35ba1be6fb5654d2,
RMVM_S_73203ab874,Mùa Nắng Vừa Qua,"Tú Phương, Minh Cà Ri",POP_BALLAD,TIER_A,True,False,0,,False,False,0,,True,1004,175,c2cad4ac1f513f69107aa7c9608614d9b3a154e2d51325e36c693c012fc1eefb,
RMVM_S_142d0aeb74,Dạo Này Em Có Còn Thức Đêm,Hades,POP_BALLAD,TIER_A,True,False,0,,False,False,0,,True,2567,450,00c77b039c286b9a2c78ca33fb4165af267219dd5de7f542f4db0d4cc0691bbf,
RMVM_S_107c170d93,Tặng Nhau Đóa Hồng,Mỹ Lan,INSTRUMENTAL,TIER_B,True,False,0,,False,False,0,,True,1304,219,5ed70e2505594be1bbfccc51600c152643ab03c5045f164cf90e9c3db26ff4ab,
RMVM_S_c28e4933da,Đừng Trách Cha Mẹ Nghèo,Thương Nguyễn,BOLERO_TRUTINH,TIER_A,True,False,0,,False,False,0,,True,1818,312,d42f6cf5dd2804a8fd7ea7f00c8e7d5bbf996ee178542012f22bcd275113c283,
RMVM_S_c419d89f38,Biển Cạn,Minh Thu,BOLERO_TRUTINH,TIER_A,True,False,0,,False,False,0,,True,1605,269,4e94afe0516c03546f1d13b59ad0253021aa7b1056291700c4683505555a0b92,
RMVM_S_2fda9a20d3,Ly Rượu Mừng (2024 Version),Lưu Ánh Loan,BOLERO_TRUTINH,TIER_A,True,False,0,,False,False,0,,True,1426,240,edfb465e6146c64d54dd63ac82432659e3b634bd8cff2398b82b5fe904436277,2024.0
RMVM_S_401a275703,Nàng Trung Hoa Xinh Đẹp,Họa Mi,INSTRUMENTAL,TIER_B,True,False,0,,False,False,0,,True,1608,276,883c19f911e7d40de17f1e1e5c27d47db69da1f98038199d8e35d2063294cc60,
RMVM_S_8a60c12cbe,Níu Lấy Tay Anh,Vĩnh Thuyên Kim,POP_BALLAD,TIER_A,True,False,0,,False,False,0,,True,1846,333,a43d399290d5982e803f7cb0c343ec5bfd36e467db61cd8b2ef7b48273a2e19b,
RMVM_S_bca9b352ec,Ký Ức Sau Màn Mưa,Gia Ly,POP_BALLAD,TIER_A,True,False,0,,False,False,0,,True,1204,229,cfb5153674646089814291f80ef456554fc880c0f92cd5db17ccea230ea7dd83,
RMVM_S_afd0e94d12,Anh Cứ Thử Quên Em,Trang Nhung,BOLERO_TRUTINH,TIER_A,True,False,0,,False,False,0,,True,1481,263,fcdd5bb89e2b596a8675ef23cf2df4573be6eebd7df0ab474cbb6d259d30d42a,
RMVM_S_c08bf17e16,Người Vội Ra Đi,Phạm Khánh Hưng,POP_BALLAD,TIER_A,True,False,0,,False,False,0,,True,1989,364,bce9a02fbd0bda871cc04d82365148332cbfb42522459955f3496f6474b202fc,
RMVM_S_045877e12c,Chào Mùa Xuân Mới (Beat),"Lưu Minh Tuấn, Quách Beem, Huy Nam (A#)",POP_BALLAD,TIER_A,True,False,0,,False,False,0,,True,2466,424,07de96c4792f259890ad9adf36ad78fcbe4752937eca088b78f6ad2e092bbfbf,
RMVM_S_7ee57225a5,Dấu Vết Cuộc Tình,Xuân Phú,BOLERO_TRUTINH,TIER_A,True,False,0,,False,False,0,,True,2361,412,24079a52a43df5f14d3b33372d506b67a632d28301178cb1b5d01999bf9957e5,
RMVM_S_11bf555ad8,Em Nào Biết,Thương,POP_BALLAD,TIER_A,True,False,0,,False,False,0,,True,1876,326,68c3ddcdb31f850d2f9804565f75b13ece647e3af2400f77ec36bb48a72dbed6,
RMVM_S_3e622a27fa,Đôi Cánh Ước Mơ,Various Artists,POP_BALLAD,TIER_A,True,False,0,,False,False,0,,True,2869,511,21566319dc71a9163123b96fe4b89e9458f6e47c3694dbf98fda1281c490a31f,
RMVM_S_a816e962ee,Duyên Nợ Miền tây,Minh Nghĩa,POP_BALLAD,TIER_A,True,False,0,,False,False,0,,True,1893,332,ecf92be597dc10c4fee81941a4bba80bf60ec024eebac03a47d6a26ae6a26d39,
RMVM_S_d1f6311b25,"Liên Khúc: 60 Năm Cuộc Đời, 20-40","Nguyễn Hưng, Như Loan",BOLERO_TRUTINH,TIER_A,True,False,0,,False,False,0,,True,1942,335,14d05b30d06940264044656468480cbd64415879115ecf353d40f718f93e804a,
RMVM_S_03e48586ab,1000 Năm Lệ Tình Vương,Yamix Hầu Ca,POP_BALLAD,TIER_A,True,False,0,,False,False,0,,True,2631,447,dd01a3950ee96954692988c7877b44685c5dde335377000ca4907f2b15f6c8ae,
RMVM_S_059eb612b8,Anh Có Làm Gì Đâu,"Hồ Việt Trung, BlackBi",POP_BALLAD,TIER_A,True,False,0,,False,False,0,,True,2844,532,48e0f2da01d7ef24729ebec7cdd5bd16f0f0a4b0c955d1ac3bffe4f5d8aa3a80,
RMVM_S_aebcce41e2,Giáng Sinh Để Nói,"Yanbi, Yến Lê",POP_BALLAD,TIER_A,True,False,0,,False,False,0,,True,2342,394,b1930c6166fad3957b4b5b21c427a7b0acc7d9cd3a721ac5da014d5a991043d2,
RMVM_S_1e0fc0ed44,Những Ngày Ấu Thơ,Bé Bào Ngư,INSTRUMENTAL,TIER_A,True,False,0,,False,False,0,,True,1133,185,0e31362734dc3b8088aca4ff891f7a98c524b60b33a236c92796b06e8f8255f4,
RMVM_S_cf8558fd7e,Bao Lâu Để Quên Một Người?,Suncutehehe,POP_BALLAD,TIER_A,True,False,0,,False,False,0,,True,1438,260,7c2ae46b0f7dcbbcc08e504f2695c6c0c0215c577c276f3307ae9ade2c5a8e44,
RMVM_S_f2adbf27d5,Lại Gần Anh Chút Thôi,Linh Lor,POP_BALLAD,TIER_A,True,False,0,,False,False,0,,True,2007,356,4c04256bf93c62a1d4aabda3b9dcba2392d2a8795d9be23fc5c077192f825aa4,
RMVM_S_a7b8c8a1ee,Có Lẽ Quá Khó Để Quên Một Người,"1nG, Namlee, D.Blue",POP_BALLAD,TIER_A,True,False,0,,False,False,0,,True,4895,848,13bbd576fe49123f4250ce1e43d2e4a61314deed806ffe8e28b5c70f76ebe327,
RMVM_S_a86f0c0af6,Khúc Giao Mùa Remix,Peto,POP_BALLAD,TIER_A,True,False,0,,False,False,0,,True,1346,239,38de3d73dab1e451df0cf29951fcc9672954bc2b47b7b1751fa0fc21a360a771,
RMVM_S_d613ae763e,Cơn Mưa Ngang Qua (Remix 2022),Sơn Tùng M-TP,DANCE_EDM,TIER_A,True,False,0,,False,False,0,,True,2236,432,0cb02fab8c3668d9bd6915ab48aca24b143580a7a61f2ff5b472587d0d0a6b7f,2022.0
RMVM_S_63e2681d1f,Khi Chọn Yêu Anh (New Version),Kim Ny Ngọc,POP_BALLAD,TIER_A,True,False,0,,False,False,0,,True,3192,594,0158dbbdb24440ad7ee3a7735170c58b889be0f1c6613992436fcfc64f9e4e3c,
RMVM_S_1ccd942f81,Tôi Tin GiêSu,Diệu Hiền,BOLERO_TRUTINH,TIER_A,True,False,0,,False,False,0,,True,1886,317,1fe1f8f1c76f3eec29c59a4d1d3ff740b1616b656e87a93ce6b71b5b6bb13f89,
RMVM_S_8600ed29fc,Còn Trách Nhau Làm Gì,Hồ Lệ Thu,POP_BALLAD,TIER_A,True,False,0,,False,False,0,,True,1814,316,9bdd6bc58bd3dd7e9618eef7c48a47fb7403cdbc99f93a8207512b4c3c174708,
RMVM_S_6691cf1179,Giọt Nước Mắt Ngà,Họa Mi,INSTRUMENTAL,TIER_B,True,False,0,,False,False,0,,True,940,163,710535174a71222fd14205410890860593b76f0c0e59e1245e9f560c5f768105,
RMVM_S_077d0d1b3f,Dương Tính Với Thính,Tân Trần,POP_BALLAD,TIER_A,True,False,0,,False,False,0,,True,2021,343,4faae8e904e1c74895a82a506b96a3cad7cff6f9308ff1f922c3eed29aed69f2,
RMVM_S_455c40d32d,Tết Đến Rồi Sao Chẳng Thấy Em Đâu,HIT,POP_BALLAD,TIER_A,True,False,0,,False,False,0,,True,3219,575,3ed7ff6a7187948d997aa9a0eb470d52acdae6f9e81914b6db864a147c954a2a,
RMVM_S_e40f5a9192,Chúng Ta Là Thế Nào,Thương,POP_BALLAD,TIER_A,True,False,0,,False,False,0,,True,2997,513,0a827671ba1232f07b056d6cf215b1d4c21ef7e6489fc02bce1402d63765739e,
RMVM_S_af1e51752c,Cho Em Một Lối Về,Phương Thanh,BOLERO_TRUTINH,TIER_A,True,False,0,,False,False,0,,True,1150,199,abb4776ed33a47b047c590a31de7d683413d6817835e19097306230e5e2ef020,
RMVM_S_4cc5cf90bc,Đi Qua Những Mùa Mưa Bay,N.Thảo,POP_BALLAD,TIER_A,True,False,0,,False,False,0,,True,2298,396,865594ccfcf5fd62dc085801abbcedc8051e5e309186c440e0a33d8eb6668c3e,
RMVM_S_969a83aff0,Sai Lầm Của Anh Cover,Thương Võ,POP_BALLAD,TIER_A,True,False,0,,False,False,0,,True,2003,359,de1f25e3022c7e89fd1ee7b4b0917bcf93a187b9e756aeb11f3a7f34b6983f82,
RMVM_S_c9f5749170,Có Chờ Anh Ta,"Cà Nâu, TB Music",POP_BALLAD,TIER_A,True,False,0,,False,False,0,,True,2014,366,19d322abd6efd407a2d9f243c1670d2b3347380852543c9091f2aedbafd6f23d,
RMVM_S_6223098a30,Ngày Em Quay Lại,Mars Anh Tú,POP_BALLAD,TIER_A,True,False,0,,False,False,0,,True,1950,359,5628bd6f35feaf6e113dc9297a699c3a1c607fbc9862e6e9180bf830113a28be,
RMVM_S_7e34e921ae,Con Gái Quê Em (Em Là Nhất Miền Tây 2),"Võ Lê Mi, Jin Tuấn Nam",POP_BALLAD,TIER_A,True,False,0,,False,False,0,,True,1902,327,af4eae6cf5768c9b325074b497278fa14d2cf2e568b5323552e6a20fd3ef9c2e,
RMVM_S_11122f6e6f,Yêu Xuân Yêu Đời,Phi Bằng,BOLERO_TRUTINH,TIER_A,True,False,0,,False,False,0,,True,2222,383,20e0ae565071d1cc517c2a7a198e06f94209947551594824724ff8d36090ab6a,
RMVM_S_679698b6e3,Quán Trọ Dân Gian,"Thanh Ngân, Mai Tiến Đạt",POP_BALLAD,TIER_A,True,False,0,,False,False,0,,True,2037,342,2f27c2d7ae214e4bde1769174fd363208afd1ae7b817c945b5ed2714d69dc157,
RMVM_S_79a518fe8d,KÝ ỨC SÓT LẠI,"Hast, Piens, Khiem",POP_BALLAD,TIER_A,True,False,0,,False,False,0,,True,1847,324,2481910b9ada3f11964c33574d86b0ac282fdb9f46d00c03503142d98b4b55c7,
RMVM_S_c5f18dc48c,Đà Lạt Của Chúng Ta,Vicky Nhung,POP_BALLAD,TIER_A,True,False,0,,False,False,0,,True,2339,406,495b87f27c6833be8fab3deeafc1796ab5d01e9fc2dbb8143d6152a8dd62cc8c,
RMVM_S_488de358ef,Hát Về Anh,135 Band,REVOLUTIONARY,TIER_A,True,False,0,,False,False,0,,True,1727,292,b05bee6aa911e635b2e2d36e5392100dfd9d6b2d6124cb17438867746d8693b9,
RMVM_S_4680140f2b,Anh Vẫn Mãi Yêu,Hot Boy Xăm Trổ (Hoàng Anh Lê),POP_BALLAD,TIER_A,True,False,0,,False,False,0,,True,2348,427,84942252fc838eb28253c90e578574cea22d9bb66fcb730bed3b76d0cf83fb25,
RMVM_S_af4faaa940,Xót Xa Bông Súng Đợi Chờ,Đan Trường,BOLERO_TRUTINH,TIER_A,True,False,0,,False,False,0,,True,1724,301,a540c911f10da9c9f4578d8d3d2272ed125ffc38561a4d18292476c2b5141289,
RMVM_S_1dfc6babcd,Bằng Lăng Tím Buồn,Nguyễn Đông,BOLERO_TRUTINH,TIER_A,True,False,0,,False,False,0,,True,1790,300,ed4097af18df00c1c6338b1119208ebff19118301efe3a160b717e08b5932f26,
RMVM_S_776b88f256,Cháu Hát Về Đảo Xa,Bé Hạnh Trang,CHILDREN,TIER_A,True,False,0,,False,False,0,,True,1313,228,4d287677c75fbbcbf110a3e3992c13e0ca3b959b22139f17c8ef937e8dd05681,
RMVM_S_f14fe039d0,Ngậm Ngùi,Sô Diễn Cuộc Đời,BOLERO_TRUTINH,TIER_A,True,False,0,,False,False,0,,True,948,166,a40b956811c31c66d3a4dbf51a4ddf01011506f81c2e56114e681b6c33bbff5c,
RMVM_S_f5f3db5edb,Người Em Yêu Không Phải Tôi (Beat),Lâm Triệu Vỹ,POP_BALLAD,TIER_A,True,False,0,,False,False,0,,True,2330,405,e2194900e7712fb418177cecb948f65afef7865814d653480c935e54ec57f3cc,
RMVM_S_cbafed03d9,Cuộc Tình Cuối,Trường Sơn,BOLERO_TRUTINH,TIER_A,True,False,0,,False,False,0,,True,1861,315,e11aa1f97dd7faa49eb24c8a1f53a92e74dc49ddca08fa5e21fe079359ad6d73,
RMVM_S_1020b1e51c,Chiều Mưa Lũ,Mạnh Quỳnh,INSTRUMENTAL,TIER_B,True,False,0,,False,False,0,,True,1932,347,492e5a7707eddd526b990f06455e7e903373e1b1aa9a99aa65c44773f6223e12,
RMVM_S_eb30c78edd,Cha Mẹ Là Quê Hương,Lâm Gia Thành,INSTRUMENTAL,TIER_A,True,False,0,,False,False,0,,True,2480,444,1dc38ab4b77332f9549ffcd9bc87e165856407bf7442a6e2b68441c5377bfb9f,
RMVM_S_9988a211e9,Xuân Xa Mẹ,Ái Như,BOLERO_TRUTINH,TIER_A,True,False,0,,False,False,0,,True,1116,193,19fd0ff5eb4d65a0da37ef30b1ec21a2f597dae3c63bef000c16f514778c9d7a,
RMVM_S_e7992dce67,Hạnh Phúc Quanh Đây,Mai Quốc Huy,INSTRUMENTAL,TIER_B,True,False,0,,False,False,0,,True,1544,284,b5ac757c496e9b71a6f2ce31e67ab86e366da9a1cf41469dc71f8b6edf71b38c,
RMVM_S_b0a9242f29,Em Nào Có Tội (Vinahouse),Thương Võ,DANCE_EDM,TIER_A,True,False,0,,False,False,0,,True,1629,290,823f29868cd8523ef68babbd971f3b80890ac4b00e080dda614162fbdaa051e6,
RMVM_S_6140253a40,Còn Lại Gì Cho Nhau,Thiên Trường,POP_BALLAD,TIER_A,True,False,0,,False,False,0,,True,2094,377,a035fa97ae74c94d56eaf1e6ffe25429910fb23405cbbceceae5afe45b766c44,
RMVM_S_0e3a2df2ce,Tan Đi,Cú,POP_BALLAD,TIER_A,True,False,0,,False,False,0,,True,4322,727,dfafecfd5ac119a6f4f48f4c034c4c4768d414686b78ebcc36b7771510ab65fd,
RMVM_S_bda010d52d,Em Yêu Anh Hơn Em Nghĩ,Sarah Lê,POP_BALLAD,TIER_A,True,False,0,,False,False,0,,True,2217,396,e29c0cdcf059bda4a98848f302b139b0fa1f13f51206b5d75ff08050028ed733,
RMVM_S_2c81220534,Nỗi Lòng Người Đi,Anh Trinh,BOLERO_TRUTINH,TIER_A,True,False,0,,False,False,0,,True,1973,351,9200ed38d3082208f2230814dbd9c3eee7d38acaf12e09b03761007643d8d2c1,
RMVM_S_b5b6aa873c,Lười Yêu,Bảo Anh,POP_BALLAD,TIER_A,True,False,0,,False,False,0,,True,1875,342,c143a942f2568d6ef6cd961f8138009f2c30035f2441d52c36023b9e9ec133d4,
RMVM_S_7da53beb97,Bao Giờ Em Lấy Chồng,Mai Thiên Vân,INSTRUMENTAL,TIER_B,True,False,0,,False,False,0,,True,1937,315,c5f07bd7a40c1c5c5a2e4db9c3df8298bbfb1f449c7d57317cb3feb4876f8323,
RMVM_S_bbca419bf2,Nắng Lên Xóm Nghèo,Bảo Hân Bolero,BOLERO_TRUTINH,TIER_A,True,False,0,,False,False,0,,True,1883,319,c264ea6a9c907c922a81cd3f85c8626cda7e78d24045690ab99afd717cdd75ea,
RMVM_S_a5f291789f,Đường Tím Bằng Lăng,"Văn Đình Tới Nguyễn, Lê Tiểu Thúy",BOLERO_TRUTINH,TIER_A,True,False,0,,False,False,0,,True,2125,357,2e8b0be08535383b4d489e5fd867a439d34949474494a23faf8968eb73dfb669,
RMVM_S_9a6c24c01c,"Anh Thương Em , Em Yêu Ai",Đinh Tùng Huy,DANCE_EDM,TIER_A,True,False,0,,False,False,0,,True,2332,412,563222401d86fb211034abfb3d0372540f50bc97e38f15c3f2252a50141c3e2e,
RMVM_S_d259c93a80,Nặng Tình,Khả Hiệp,POP_BALLAD,TIER_A,True,False,0,,False,False,0,,True,2527,445,e1f9dd8e232d28de4975f81438e5ce27df12f3a0abeef2bd195eed67041c3aec,
RMVM_S_74d962bf40,Cô Đơn Ơi,Nguyễn Thương,POP_BALLAD,TIER_A,True,False,0,,False,False,0,,True,1178,204,237d509a77132812668c2298c41e415d4841d992a8885bc926ef2bcf0bb0e390,
RMVM_S_e821a3e231,Em Là Cố Chấp Duy Nhất Của Đời Anh (WRC Remix),"Thiên Tú, Zin Media Group",POP_BALLAD,TIER_A,True,False,0,,False,False,0,,True,2173,372,dadf82be3a913c4c52ee60fcbba660f1d7857880dbef38778078befc8703a51a,
RMVM_S_57fad7bf55,Liên Khúc Nhớ Người Yêu,"Lưu Chí Vỹ, Lưu Ánh Loan",BOLERO_TRUTINH,TIER_A,True,False,0,,False,False,0,,True,2445,428,6db74759928ce8bff40ff68f1dd30d5d855172ab619871fd6adcf3cbf0dd7db4,
RMVM_S_92ae4b78f8,Men Tình Nhân Gian,Gia Bin,POP_BALLAD,TIER_A,True,False,0,,False,False,0,,True,1417,249,60ca34068d3aab7405b9189c89ccb9fa6a9d75d0e1251b7896a4541815c77f86,
RMVM_S_955b961aa9,Tâm Hồn Đẹp,Khải Đăng,POP_BALLAD,TIER_A,True,False,0,,False,False,0,,True,1971,364,750249f25aee978e7c61892e556c65e6b1a68478699cc9edf936815f5fb808a6,
RMVM_S_ae9b5cabbd,Chạm Gần Thêm Thương,Trúc Nhân,POP_BALLAD,TIER_A,True,False,0,,False,False,0,,True,1874,320,ea81d3ed063c38820ea120a609a83c2c339c534097a6f145f00ddb886ba37d09,
RMVM_S_67315a3728,Đêm Giao Thừa Tĩnh Lặng (The Silent NY’s Eve),Phạm Mai Anh,POP_BALLAD,TIER_A,True,False,0,,False,False,0,,True,1122,207,945132712ae92952f874a99546ce60135af09f4b25239dde095026209767877c,
RMVM_S_40aac3d09e,Điều Em Không Muốn Nghe,"QNT, Dick",RAP_HIPHOP,TIER_A,True,False,0,,False,False,0,,True,3222,572,07e804b05a187ead9e45a079d53ab2380ce1b5f56087e07b9c67b05b80fb02f7,
RMVM_S_ff453d8f50,Gặp Nhau Một Thời Xa Nhau Một Đời (Version 2),Đình Bình,POP_BALLAD,TIER_A,True,False,0,,False,False,0,,True,1632,286,2ba297488e173dfe76c801ab72e26e2d4f5ca84ab21ea23b03be560a543aa192,
RMVM_S_81cd79e251,Vì Sao Em Khóa Máy,Lâm Chấn Huy,POP_BALLAD,TIER_A,True,False,0,,False,False,0,,True,2023,350,dd0753c9c282f5fe0414c1aaa1a2965d5dbc58ee978da2ca5e82d3643c77a018,
RMVM_S_79301c94d4,Finding You,"Chi Pu, Hứa Kim Tuyền",POP_BALLAD,TIER_A,True,False,0,,False,False,0,,True,1485,272,62928f061635685552a7f03973252614342d6ff300cbd5e5d0e2a1fd2238630d,
RMVM_S_bdc43a464a,Ngày Xưa Anh Nói (New Version),"Vũ Hoàng, Thạch Thảo",BOLERO_TRUTINH,TIER_A,True,False,0,,False,False,0,,True,1983,343,8719c35dd1186f5fc4df9fc1d9164dde8970c306279c9df30e38575de2610a5a,
RMVM_S_6fe601a723,Bâng Khuâng Chiều Mưa,Vân Quang Long,POP_BALLAD,TIER_A,True,False,0,,False,False,0,,True,2210,413,b03fd1c10638a1d92c6283561cfdc963467a9cdfedd7987cad32a491c32a7acb,
RMVM_S_6884bacc36,Con Mạnh Mẽ Lắm Con Ơi!,Thu Thủy,POP_BALLAD,TIER_A,True,False,0,,False,False,0,,True,2229,378,63e290d7791fd095987a86853936ac05f5c325b3a1082fc929fe7137ce0b4210,
RMVM_S_9eb49604ca,Anh Sợ Mất Em (Beat),365DaBand,POP_BALLAD,TIER_A,True,False,0,,False,False,0,,True,2277,406,4629bbb8beacc8a4fab8fda0615693bd4585d8ac9e74aee327a76dbb92038bd2,
RMVM_S_3675ed3646,Hãy Quên Đi Buồn Đau,Minh Thư,POP_BALLAD,TIER_A,True,False,0,,False,False,0,,True,1987,326,e6a0750cd40c5db92611d73e6700e0de5d38d873ea6f426fb8152e98769bea7e,
RMVM_S_b053477007,Anh Sẽ Đưa Em Đi,"KISSY, Tân Trần",POP_BALLAD,TIER_A,True,False,0,,False,False,0,,True,1780,320,cf1cc1240e01c34dd2443202695a9a733b96dfe085c96d8dfcb8e474b9b48afd,
RMVM_S_38c3b0cd93,Hoa Cúc Ngập Tràn Khắp Núi,Thiên An,POP_BALLAD,TIER_A,True,False,0,,False,False,0,,True,2586,452,43e928f3d7ad304abb751b832cff2402198ba26bd57f9cbf77db7539749b97bd,
RMVM_S_a055324dc1,Dù Anh Nghèo (Rumba),"Quân Bảo, Hồ Phương Liên, CT",BOLERO_TRUTINH,TIER_A,True,False,0,,False,False,0,,True,1270,226,b5b4318917b481a451c4605a247bbc437893342003a4faa83e673dde9d784b45,
RMVM_S_ab2f0ac5f5,Hết Yêu Thì Em Cứ Đi,Bùi Vĩnh Phúc,POP_BALLAD,TIER_A,True,False,0,,False,False,0,,True,1979,350,62b61a17143a8dfbb69e3b7b69566bf07e356dd53d0875227f150000522e1540,
RMVM_S_d31b625bce,Bỏ Lỡ Nhau Rồi (Lofi Version),"Hải Nam, Freak D",POP_BALLAD,TIER_A,True,False,0,,False,False,0,,True,2281,398,0407e1ebf4d0fdeaee9c29ad0f8b57adf0e29bdddaac593795df1a6e467a593c,
RMVM_S_9379126bdb,Thế Giới Gọi Tắt Là Em,Vương Thiên Tuấn,POP_BALLAD,TIER_A,True,False,0,,False,False,0,,True,2410,422,09296844a119afe1784fdbcffe56f144b31353da315a81d16e07c652498ebcd7,
RMVM_S_e89f81dfb7,Bình Yên Là Trở Về,"Tuấn Hii, Thảo Phạm",POP_BALLAD,TIER_A,True,False,0,,False,False,0,,True,2733,467,0853baa13072f7e6b117d430140f5839d6bf78bd923acc02567d0b80add2a25f,
RMVM_S_b5cbeab9f5,Chỉ Là Giấc Mơ Qua,Lưu Bích,INSTRUMENTAL,TIER_B,True,False,0,,False,False,0,,True,1497,275,2a71d4ada7d8bae1279a4c15d34f8efbdc574664bc86d9d7f67f31a4a58bd95d,
RMVM_S_e591cd1146,Em Hài Lòng Rồi Đúng Không?,Cao Nam Thành,POP_BALLAD,TIER_A,True,False,0,,False,False,0,,True,1914,337,4c2f9c8d4eb941cd24c25911d4640a526bf10f45c3ae0ff6e08a5f2a984ee3de,
RMVM_S_1aacef14b2,Đừng Gọi Em Là Mặt Trời,"Đoàn Minh Quân, MAI",POP_BALLAD,TIER_A,True,False,0,,False,False,0,,True,1496,258,6723da76fcac0402855a2db8cc149d15940f9f4a3c1190606cc4d88773e58956,
RMVM_S_cae06eabee,Vài Ba Cảm Xúc,Minh Tài,POP_BALLAD,TIER_A,True,False,0,,False,False,0,,True,4075,702,83b1eafdf855d7161e9d1839502ce57ed0888da07a1f6a1e7cbfc382a4edb24d,
RMVM_S_770a5adcfe,Hương Tình Xưa,"Tuấn Sông Thu, Quang Lê, Hạ Vân",POP_BALLAD,TIER_A,True,False,0,,False,False,0,,True,1615,270,b8db024867be862d846c1928c0ed39790886de832a03be0753ee5ab1e6bc1d31,
RMVM_S_495fc4884d,Hát Về Miền Quê Mới,Thu Hiền,BOLERO_TRUTINH,TIER_A,True,False,0,,False,False,0,,True,1255,220,fefb25515ec5d6bdea9ee54416aca08f4537f207e4d727f7238981cc3baa1c54,
RMVM_S_93d23335dd,Lỗi Của Anh,"Lê Vương, Quang Tùng",POP_BALLAD,TIER_A,True,False,0,,False,False,0,,True,2121,392,1524ad36d7ced1a95aba7eb8e93e351b52a575db1b8dee61b0ea9f731b123017,
RMVM_S_b30398579b,Chuyện Con Trai Con Gái,"Đoàn Việt Phương, Vũ Trâm Anh",POP_BALLAD,TIER_A,True,False,0,,False,False,0,,True,2045,395,2887696567cb2f1e5f33b1a7b88713934681bf08487aff111b74f12e3f00a987,
RMVM_S_ad7e6d570b,Anh Sẽ Đợi (TLong Remix Ver 2),"TLong, Tô Minh, HOA HỒNG DẠI MUSIC",POP_BALLAD,TIER_A,True,False,0,,False,False,0,,True,2066,352,790f8c19a2ce8839bcd17b4bb583be56e3f915f7dd887b34481e6fbb89dc8486,
RMVM_S_8e3bc920db,Ghép Môi,OSAD,RAP_HIPHOP,TIER_A,True,False,0,,False,False,0,,True,3208,628,1cd52f281659de9d07941ad4841e9134f08ebc328922c8faa4e7951073c5c129,
RMVM_S_5d07e293ce,Giết Người Trong Mộng,Ngọc Anh,INSTRUMENTAL,TIER_B,True,False,0,,False,False,0,,True,2030,301,b653f86538c67336a9dfeee9ad78601c496fc46e2dba3365ccdf40eddc78209b,
RMVM_S_811875430c,Chiều Lên Đỉnh Sa Mù,Trang Nhung,POP_BALLAD,TIER_A,True,False,0,,False,False,0,,True,1911,322,bb0e17277233d2cb198df3bf83a8139adcd377ab218799c2ee2b2d4eab0d5b90,
RMVM_S_67f960e9a4,Chỉ Anh Nghĩ,Hồng Duy,POP_BALLAD,TIER_A,True,False,0,,False,False,0,,True,1659,302,a4b0868b01307ef023279f9e74a598ff1550c27fa3f36b4a64849dec73e266ea,
RMVM_S_0985feb346,Yêu Lâu Mới Thấu,Vũ Uyên Nhi,POP_BALLAD,TIER_A,True,False,0,,False,False,0,,True,1876,333,7591990fde380c8b1eddc7042fcf09fb29fc113fc9e40d99c38c0cf3183207cb,
RMVM_S_1342bba721,Hai Sắc Mùa Xuân,"Hồng Phượng, Vũ Linh",BOLERO_TRUTINH,TIER_A,True,False,0,,False,False,0,,True,4275,724,288d669e98f94f41a0b5ab5e4264bce2e79eaab480b66fbac691df7f16853ef3,
RMVM_S_956c952346,Người Yêu Có Crush,"RYAN, NALO, CM1X",POP_BALLAD,TIER_A,True,False,0,,False,False,0,,True,2667,475,10db2427be727ec4eddec59915ff18067ff2368e6e3e1b0f2bd35707943da9de,
RMVM_S_d52a8f0f67,Liên Khúc Biết Đến Bao Giờ,Phước Lộc,BOLERO_TRUTINH,TIER_A,True,False,0,,False,False,0,,True,2047,352,497da17b9d54cbe64c04f20ae17818df1dadc3a1440cbb85f55abc0e1e966d1f,
RMVM_S_bf7511b9f7,Cô Gái Với Nụ Cười Việt Nam,Tạ Quang Thắng,POP_BALLAD,TIER_A,True,False,0,,False,False,0,,True,1870,321,85ed80202c3e48d69553972b390846caf274baf9fffb8374d669adb73b14246a,
RMVM_S_7c47509be0,Mashup Nơi Đâu Tìm Thấy Em,Chu Bin,POP_BALLAD,TIER_A,True,False,0,,False,False,0,,True,2579,476,b291405b5a760e6f9b8265697542180294ec98540dc483f7472e2b4aec5da755,
RMVM_S_3fb6aada48,Hoa Nở Về Đêm (Album Tình Ngược Lối),Thanh Vinh,BOLERO_TRUTINH,TIER_A,True,False,0,,False,False,0,,True,2063,340,472e74db21eb1a1c2980c9bbe0a60ee1d930eaeb962e3539117eab85b6d6f440,
RMVM_S_133baca707,Áng Tình Ca Dở Dang,Nhiều nghệ sĩ,RAP_HIPHOP,TIER_A,True,False,0,,False,False,0,,True,5395,970,40a6a337ac589ca534af67ec2095cbd34c41abb2cbeadc7abd8c85528f7705ad,
RMVM_S_8dc3471b4f,Đôi Đứa Đôi Đường,Mai Tuấn,BOLERO_TRUTINH,TIER_A,True,False,0,,False,False,0,,True,1822,278,7319d5af8d0e6034981284c299cc59c9107ec82ebaaded0e52aff1208be813fc,
RMVM_S_50f5853a15,Mẹ Vô Nhiễm,Mai Thiên Vân,INSTRUMENTAL,TIER_B,True,False,0,,False,False,0,,True,1509,249,5858dd394bf4a9ec3202fda3ed65b0f2a25b6f9bd8d50a6d6b104a3c33491baa,
RMVM_S_a1f1a7668c,Liên Khúc Lý – Chúc Tết Miền Tây,"Hồ Khắc Tùng, Nhiều Nghệ Sĩ",BOLERO_TRUTINH,TIER_A,True,False,0,,False,False,0,,True,4403,779,f367ead12ca651e36343691835b3c13aad044eaa820b822382cfc111fa8fed48,
RMVM_S_16a5bfd9d1,Cứ Để Ta Yêu (Live Version),Phương Phương Thảo,POP_BALLAD,TIER_A,True,False,0,,False,False,0,,True,1930,352,64b847fd1090c95e0646bcebeaba212d177f178a370a1d3cc8ba5c5d1ac56e6b,
RMVM_S_f27f80e07c,Mừng Tuổi Mẹ,Đại Đức Thích Nhuận Thanh,BOLERO_TRUTINH,TIER_A,True,False,0,,False,False,0,,True,1569,251,6184e377d92c80bac8517b4a5b4f471abeb7fa025b9092d85a9e27e5d34a7ba5,
RMVM_S_ec4c7fc46b,Chuyện Tình Vườn Dâu,Tường Nguyên,INSTRUMENTAL,TIER_B,True,False,0,,False,False,0,,True,1104,190,34477146d528421a08c2a4b6560198c662b22c63d233efa974c7eb5cd9187bea,
RMVM_S_ec7685d251,Ai Nói Với Em,"Lưu Ánh Loan, Đoàn Minh",BOLERO_TRUTINH,TIER_A,True,False,0,,False,False,0,,True,1552,272,5bee94d51f960ae5dc08f09b7a806269250670ad9c6fc62ce461ad0987bf75e7,
RMVM_S_90d1419e9f,Bức Họa Về Mưa,Nhiều nghệ sĩ,RAP_HIPHOP,TIER_A,True,False,0,,False,False,0,,True,5447,953,0df7479925d4c63f167136de0dd5f8ad067f69dbadd323b8756cec89834d6d98,
RMVM_S_3b56271fd8,Thê Lương (Kiệu Hồng Đưa Đón),"Trung Dio, HOA HỒNG DẠI MUSIC",POP_BALLAD,TIER_A,True,False,0,,False,False,0,,True,1333,237,7e1342bc13d886357c31887a0fd26c81c6eb83fe74842c8a1a17c6931dcb29d8,
RMVM_S_44d366970c,Không giới hạn,"Tim, Khổng Tú Quỳnh",POP_BALLAD,TIER_A,True,False,0,,False,False,0,,True,2248,420,7c9d993cacecf384b938bde55cbd519c06502137d87e5cc6ab7b54c5230162d3,
RMVM_S_3da84a6f5b,Ai Là Em (Beat),"Dương Edward, SlimV",POP_BALLAD,TIER_A,True,False,0,,False,False,0,,True,2164,401,89ddff3c5ddf62041ac142b16c442be08b88ea66f5789a42248851a207a07c52,
RMVM_S_8dcda1b8bc,Hai Trái Tim Một Tấm Lòng,Nguyễn Minh Anh,POP_BALLAD,TIER_A,True,False,0,,False,False,0,,True,2669,444,d2171f88e73aff157fd3926514a157c33726e4c0a46dcc548af116c2c4768832,
RMVM_S_67e76f28dd,Đập Vỡ Tim Anh Cho Rồi (Remix Version),Trọng Hiếu,DANCE_EDM,TIER_A,True,False,0,,False,False,0,,True,1798,324,aaa6feaba9ba277806d9b8a83e9005f9f09891087daf745453063faa6c67b819,
RMVM_S_a7f6ac7876,Chợt Nhớ (Acoustic Version),ChuChu,POP_BALLAD,TIER_A,True,False,0,,False,False,0,,True,1042,194,0865933b43c09fb44f37e5125f42a759a39338622729ee0d020e44491f9f8950,
RMVM_S_cb3ec36934,Giấc Mơ Phù Du,Thanh Thảo,POP_BALLAD,TIER_A,True,False,0,,False,False,0,,True,2835,482,584f823dde84971b28881aa606e202ebe183717ceb02a6c1c84f3921b050ed23,
RMVM_S_5c36ba7bed,Không Nói Nên Lời,Đỗ Hoàng Dương,POP_BALLAD,TIER_A,True,False,0,,False,False,0,,True,2337,436,ed716fbfd1b50486a8c6660a0df18b8dd4a024f1145f4b91dc5349924e957b39,
RMVM_S_d39aa5cb70,Dây Đủng Đỉnh Buồn,Ân Thiên Vỹ,BOLERO_TRUTINH,TIER_A,True,False,0,,False,False,0,,True,1918,326,2df0fffc00d19ac4f2de43c5c84cd104f341f14803810740171102944660c28e,
RMVM_S_0c7fd230fa,Nhẹ Bước Sang Sông,"Kim Linh, Dương Lễ",BOLERO_TRUTINH,TIER_A,True,False,0,,False,False,0,,True,1075,180,aa9e658a96d457faabb5f6ea2927dcadf3cb792ba71ec3c56e36ac9854b14f1a,
RMVM_S_6ac3f3af9f,Tình Đã Phai,Lưu Bích,POP_BALLAD,TIER_A,True,False,0,,False,False,0,,True,1705,287,fb5b1e7bc86d15ef55e539ffedf0262f49c40c146f26e90f1caba7f78d3410ff,
RMVM_S_2b98a4f0b8,Giây Phút Giao Thừa,Đan Trường,POP_BALLAD,TIER_A,True,False,0,,False,False,0,,True,2189,364,f7dc1478da0f7c1cbadc749369771d18091a63eeb6a010bfa75e4f53ae275492,
RMVM_S_e75f7507c6,Đếm Chuỗi Ngày Đau,"Kayshi, Phương TP",POP_BALLAD,TIER_A,True,False,0,,False,False,0,,True,3767,659,bf1625416d34f5b7015146c4b61fc17a493207690c64ca6f83c200ad98d72d37,
RMVM_S_e03bbb4e26,Chàng Trai Si Tình,Cẩm Loan,BOLERO_TRUTINH,TIER_A,True,False,0,,False,False,0,,True,1638,301,81a3fcddae46e57649da9d693ccef99655202d3a62a3dd702f1d951c26a4caf0,
RMVM_S_2f776c548f,Cửu Môn Hồi Ức,Thái Quỳnh,DANCE_EDM,TIER_A,True,False,0,,False,False,0,,True,2346,383,f96d8d3bbcd333af6956423cc1bf5bfb88765a88579f54411b5591d28875e601,
RMVM_S_2ab1d1d5f9,Đó Chỉ Là Giấc Mơ,"Khucmay, Chương Đan",POP_BALLAD,TIER_A,True,False,0,,False,False,0,,True,1952,356,7a03fe2c99a459774ce7a1da3f0c097ca6b27690156b7bda0e03418cc017e1ed,
RMVM_S_5025ee1864,Khám Phá,Bức Tường,ROCK,TIER_B,True,False,0,,False,False,0,,True,1816,301,61a01065c47a10df2b911a6f1dcba76eecbc230800e5d57c5af6f4ae47b7aee5,
RMVM_S_3a1eb8f4d0,Sao Nỡ Mình Ơi,Dư Anh,FOLK_TRADITIONAL,TIER_A,True,False,0,,False,False,0,,True,1529,263,127a19a346f99e0dbd6066d87812d23f41d77adc1689a9df6801c05539234315,
RMVM_S_1121e2216a,Bartender,Ngọt,POP_BALLAD,TIER_A,True,False,0,,False,False,0,,True,2217,371,9cd31593af0ecfb9cb6a4d8cee9e0cf8b1b97fe64f98b52d76c4a52467a3f22f,
RMVM_S_8eaec24ea9,Vì Em Nhiều Nước Mắt,Minh Tuyết,INSTRUMENTAL,TIER_B,True,False,0,,False,False,0,,True,1922,315,52f5be14dba7abe5e2e3ff8da5878f593f0b3a95144aa702bb2ef166bc27eebe,
RMVM_S_27d465a7e3,Nhất Tiếu Giang Hồ (Lofi),"Fanny Trần, HHD",POP_BALLAD,TIER_A,True,False,0,,False,False,0,,True,2216,368,0db01a7af89700dfc4395936d4293dc51c57a7f8172c0ceb6a5756de3a690b5f,
RMVM_S_2bea7b19aa,Hát Cho Xuân Tuyệt Vời,Thùy Lâm,POP_BALLAD,TIER_A,True,False,0,,False,False,0,,True,2250,385,d37b36448aaec29fff4d175904ab0aa7fc2bed9cea61898c05025f770b5d7ab5,
RMVM_S_61c3d69222,Dù Ta Không Cùng Nhau,Dương Minh Kiệt,POP_BALLAD,TIER_A,True,False,0,,False,False,0,,True,1309,229,776cee076a55c862b252c65230661ac8743231106287f2a1d5d80d178f87e59b,
RMVM_S_7cf423e459,Vì Nếu Yêu Em Anh Sẽ,"YLing, Drum7",POP_BALLAD,TIER_A,True,False,0,,False,False,0,,True,2916,551,a5f7a3b27fb3e3984f33e78cdbcb98a44688eceaa3b294eb3f7bbdd8c1e03d6d,
RMVM_S_34c6d446f4,Tết Đến Khi Con Về,"Tú DuCa, HHD",POP_BALLAD,TIER_A,True,False,0,,False,False,0,,True,2556,440,cacdc341a7f7c650b3c6dfb0559db9dbaeee3b8ab830fdf65d596d9b1c2aa925,
RMVM_S_d7345de804,Khúc Biệt Tình Lang,Lê Như,BOLERO_TRUTINH,TIER_A,True,False,0,,False,False,0,,True,1135,199,8b2a0b2fa256d646921e012039586acd69a6d773e9c52ec486c9c5aa53da7f5c,
RMVM_S_1f757b5152,Ánh Trăng Hiểu Lòng Tôi,Tường Quân,POP_BALLAD,TIER_A,True,False,0,,False,False,0,,True,1477,255,8631645c9d93b9219519c06efb92887f6a5afa00d944a548ed13bfda8aa975d6,
RMVM_S_b8e28fc148,Đừng Nhìn Em Khóc Mới Biết Em Đau (Cover),Ngô Thủy,POP_BALLAD,TIER_A,True,False,0,,False,False,0,,True,1925,342,fa81e8be6ec11f2a92ec31ed7ac78357404fc10e32ec141b4b96a4aa7aa5bf87,
RMVM_S_ef88de3b9b,Mặt Nạ Hóa Đá,AndyShin,POP_BALLAD,TIER_A,True,False,0,,False,False,0,,True,4399,765,2efc0cd3563620cb3559483997f93edbabc8c98047db0c0228cc1e07be5e2eae,
RMVM_S_000f5ec04b,Ngày Trái Tim Rơi Lệ,Nguyễn Đình Vũ,POP_BALLAD,TIER_A,True,False,0,,False,False,0,,True,1620,290,94023a734c8f144dbb7f342286c4bbf6c1d2a70141e735581f8b885b64f83ba0,
RMVM_S_9752e6a060,18 Ngu Ngơ,"Wang, Tee Đình Hào, Lusic",RAP_HIPHOP,TIER_A,True,False,0,,False,False,0,,True,1985,360,c3368eb6a3ff37aff569e9e0f7cfecb37dfcf11f9273a43ff64f66708e46f0fe,
RMVM_S_d473dfc472,Đã Từng Như Thế,Nguyên Hà,POP_BALLAD,TIER_A,True,False,0,,False,False,0,,True,2413,436,ea95cf80bfb4a320cda6daf6272e7ebc98135614e40839af08d45ca659d6aae3,
RMVM_S_fe7efbd402,Hãy Để Anh Yên (Zenky Remix),"Nhật Phong, ACV",DANCE_EDM,TIER_A,True,False,0,,False,False,0,,True,2389,404,599f77473a3afa567671f28500b219134636fcf908f18dd3b91361901cd0d5a0,
RMVM_S_074505e682,Chỉ Cần Em Biết,"Dani D, Tama, Lil Tian",POP_BALLAD,TIER_A,True,False,0,,False,False,0,,True,3417,604,52bc36f86971e26bcee91f9cb961b7eda8f46234b274c36541d24408b1b03abc,
RMVM_S_a4e84d3f56,Đừng Tìm Chi Xa,Hana Cẩm Tiên,POP_BALLAD,TIER_A,True,False,0,,False,False,0,,True,1696,320,d9e1dd857fad7c1cd7ffa285f53587f2c8f3dce9a633d1c5e3415e84f4bdc872,
RMVM_S_79e55134ba,Điều Dang Dở Ngọt Ngào (Hướng Dương Ngược Nắng P2 OST),Hương Ly,POP_BALLAD,TIER_A,True,False,0,,False,False,0,,True,2007,364,081032f62a3062bef3255c6f64ce93102113a8f8d1bad6081aa4b9fc7d71733c,
RMVM_S_821affbd89,Thu hát cho người,Phạm Thu Hà,BOLERO_TRUTINH,TIER_A,True,False,0,,False,False,0,,True,1462,252,d2d1b0a6030b77aedc87adfb5d58e6e81b6bd929c9c8559264975f1419a7dbab,
RMVM_S_d67bd115d5,Người Ta (Beat),Sĩ Thanh,POP_BALLAD,TIER_A,True,False,0,,False,False,0,,True,2235,401,447ea2281a2d2ce5e52935f6806c0663211b5bee50698cacde3c02b68e40c2c6,
RMVM_S_929d87e402,Thanh Xuân Là Để Nhớ,"Fer, Thái Ngân, LeO",POP_BALLAD,TIER_A,True,False,0,,False,False,0,,True,3857,669,1d8e32f943a31cf1b388d700275414674aaf43f072dce58ee5562a08a08a78b5,
RMVM_S_e5ff0dab06,Trách 2,Trung Tự,POP_BALLAD,TIER_A,True,False,0,,False,False,0,,True,1806,327,3a5e955ddc696cbaddbe7283dcbb04dcc9bdfb5b87b6e260f5081382548abbd8,
RMVM_S_82e6ece52e,Có Phải Người Dưng,Bằng Kiều,INSTRUMENTAL,TIER_B,True,False,0,,False,False,0,,True,2034,354,3b910beb191ff37feb2144981508178405faaac36bbe9e4e4a3fe89bc7f07858,
RMVM_S_89894e8d0e,Giọt Nắng Tháng Giêng,Phan Yến Nhi,POP_BALLAD,TIER_A,True,False,0,,False,False,0,,True,2492,419,1482259ca3d49c2445e95db4f85fec12b57b636d02d5cfbc748b6e4b95ac2e47,
RMVM_S_0092ab89c2,Áo Lụa Hà Đông,Bằng Kiều,INSTRUMENTAL,TIER_B,True,False,0,,False,False,0,,True,1303,243,3c54002f6c27567951c97991a3d3b35143dd759cdd7d9ce9c30ac2e2aef44515,
RMVM_S_3abef44434,Cô Thắm Không Về,"Phát Hồ, JokeS Bii, Sinike",POP_BALLAD,TIER_A,True,False,0,,False,False,0,,True,3308,572,b44e0c469e178f6ac25fc4ddf2d0a12f8d4cc8db4cb797d54f00259a6e7f5d46,
RMVM_S_29c48051a2,Điều Anh Sợ,"Kayl D, KaWaiiBi, Nhím",RAP_HIPHOP,TIER_A,True,False,0,,False,False,0,,True,4079,710,6504630cc71be9f883dc35aa7602cc227dc74aaa12f6be44aaa5f5b0c93904bc,
RMVM_S_bdd0bcf9e1,Đồng Tiền Rẽ Lối (Parody),Hoàng Hồng Quân,POP_BALLAD,TIER_A,True,False,0,,False,False,0,,True,2187,384,d05702bfcf614728eb81d6ec04b69993a3e98e4d8bf07c3f28dc654d751123f8,
RMVM_S_9a18eefd67,Hãy Nói Thật Lòng,Hoàng Châu,POP_BALLAD,TIER_A,True,False,0,,False,False,0,,True,1884,338,d944123baebebb3267c93430e801605c1377775e6b6fe1cbb23d727555952c39,
RMVM_S_71477e0a41,Sao Em Lại Khóc (BLUE REMIX),Nhiều nghệ sĩ,DANCE_EDM,TIER_A,True,False,0,,False,False,0,,True,3616,629,d712a9736516ec681c016d7b832e88cff7d92ae84e289174621c5b6e4bdb7813,
RMVM_S_c5f9e295d2,Ông Noel Ơi,Đông Quân,POP_BALLAD,TIER_A,True,False,0,,False,False,0,,True,1776,305,50778900d17a3ae831de432b7fb8c226d82c3921d51e1c174bc7381d87bddbaf,
RMVM_S_11c2e020f1,Anh Hiểu Không,Hari Won,POP_BALLAD,TIER_A,True,False,0,,False,False,0,,True,1848,325,e84216f6ac6c84d5d437bf848a360634c8c67574910f045a081268aff7850f68,
RMVM_S_aa12e0e826,Thương Cô Lắm Chớ,Huy Nam,POP_BALLAD,TIER_A,True,False,0,,False,False,0,,True,2456,444,c2cedb7fcb25d283b37156f62a4e2b8e7ac0f40427072b3bc35bb0eb4966a354,
RMVM_S_a97389d63c,Càng Yêu Càng Tổn Thương,Tiêu Minh Tiến,POP_BALLAD,TIER_A,True,False,0,,False,False,0,,True,1841,309,0fd339860586c7153d8a9c5b4004074c1db0ef68fee5ca596f822f54f921ba9e,
RMVM_S_af6d9d13b8,Mình Còn Thương Nhau,Ngọc Hân,BOLERO_TRUTINH,TIER_A,True,False,0,,False,False,0,,True,1929,319,20406b8b1e759c861bdcf44570243408bf62d96d717830e4bf6d44823f462ede,
RMVM_S_541533ff2f,Có Hẹn Với Hạnh Phúc,Ái Phương,POP_BALLAD,TIER_A,True,False,0,,False,False,0,,True,2164,371,f22668e54d8e756349c49a6090b63f2e61b05020ff12b74822c041658d4a0830,
RMVM_S_c8d0b3d528,Em Hạnh Phúc Chứ,Nguyễn Đình Vũ,POP_BALLAD,TIER_A,True,False,0,,False,False,0,,True,2174,376,b888227462081e043e1e9bb1964b2aa78326972289e511a426dc10ff4f52eba9,
RMVM_S_791f3cd11c,Đò Sang Sông,"Thanh Ngân, Gia Tiến",POP_BALLAD,TIER_A,True,False,0,,False,False,0,,True,1580,281,102186a8f0bff29c92ae1d796499323de854981592614b5a109520ec2b6384a9,
RMVM_S_8a4c4882fe,1 Ngày Mùa Đông Của Tháng 12,"Đỗ Phú Quí, Mcee Blue",POP_BALLAD,TIER_A,True,False,0,,False,False,0,,True,2467,451,f2d888c986807cbcc2caab6c1d5df2059d4715ceba03a4b7a6f7ced9e1c1383d,
RMVM_S_0cabcd761e,Cho em hồn nhiên,Quang Vinh,POP_BALLAD,TIER_A,True,False,0,,False,False,0,,True,1918,351,f7b847bda13f7a1a3da3b1f5cbf7070931484796d1ce135171518ca4d8edd31f,
RMVM_S_30f63fed6a,Tây Vương Nữ Quốc,"Thanh Ngân, Gia Tiến",POP_BALLAD,TIER_A,True,False,0,,False,False,0,,True,1375,253,7132d95eeaa51e290124ee4ef61b2098793e09e0c2c982bc8b63f94315ccd726,
RMVM_S_24e5e54935,Khúc Thu Ca,Lưu Bích,INSTRUMENTAL,TIER_B,True,False,0,,False,False,0,,True,1652,296,b09a4f2c6be603624af0b831640b9a1d6302829f1cf1e371fe4fde2ffef5b1c7,
RMVM_S_e8c7d35bb5,Vì Anh Là Người Thứ Ba,Lâm Chấn Huy,POP_BALLAD,TIER_A,True,False,0,,False,False,0,,True,2703,472,aab6cdb20e6126086f16e8aa1e68ba28a0fdd0343e21949b2c13743cce03641b,
RMVM_S_0575a83bba,Vì Yêu Em (Prod. Zeaplee),Binno Phương Bắc,POP_BALLAD,TIER_A,True,False,0,,False,False,0,,True,2845,503,444c4412e993bb2ad8ead644da7ef97f32f6f22bed14e417c315dcfa79c4ff31,
RMVM_S_5b7a95c84c,Giấu Kí Ức,Winno,RAP_HIPHOP,TIER_A,True,False,0,,False,False,0,,True,2050,361,5ac60de2c2e8f9bafc3a37cc994b977a26eb569a8888883a2999c6af7096b9ca,
RMVM_S_5ae642fedf,Sao Đỏ Bị Chơi Xỏ,"Đào Nguyễn Ánh, Trần Hiếu Trung, Cua Mề",POP_BALLAD,TIER_A,True,False,0,,False,False,0,,True,3575,627,fa7e9a704f64519bdb9868768d8d95a04eca3975c26b43be42511e900d65775f,
RMVM_S_abb514a6fe,Giả Vờ Nhưng Anh Yêu Em,Ngô Anh Đạt,POP_BALLAD,TIER_A,True,False,0,,False,False,0,,True,1577,293,ac567d940851e2ad456e5f73cbbb4b800b4c65da118e5cc98b14943d625ec5b5,
RMVM_S_670d48192b,Chắc Em Đã Quên Rồi (Wan Remix),"Quang Chợ Lầm, HOA HỒNG DẠI MUSIC",DANCE_EDM,TIER_A,True,False,0,,False,False,0,,True,3404,597,24363480b2804833bc490162135176c61d982f51af4f9e395fcf37b558dbcafc,
RMVM_S_4a61b3503e,Rap Về Digimon,Phan Ann,POP_BALLAD,TIER_A,True,False,0,,False,False,0,,True,3409,556,991fa12fa882c9aefc9ddb4c3ca46a42d67d677dbad4750261d8a782c6fe2410,
RMVM_S_660b5c4a2a,Buồn Một Chút Rồi Thôi (New Version),Chi Dân,POP_BALLAD,TIER_A,True,False,0,,False,False,0,,True,2597,445,bc8fce382aad6b2aa7642013750af989c8f01178d384ca41ba816c3f8c56d087,
RMVM_S_5e38a16fa4,Dõi Theo Nỗi Đau,AndyShin,POP_BALLAD,TIER_A,True,False,0,,False,False,0,,True,3268,571,80b05436df72bc6a9ebe520391851bd07b468d1dbedd9870540725ecc3f4bb79,
RMVM_S_2ce1c687bf,Kỷ Nguyên Kiếm Sĩ,Phan Ann,POP_BALLAD,TIER_A,True,False,0,,False,False,0,,True,2931,481,8bdca953c187ea2ddb6e6dbb7df7c72a3312e44a971de441a51287c42b5319a4,
RMVM_S_f579543237,Vùng Trời Mơ Ước,"Minh Thuận, Nhật Hào",POP_BALLAD,TIER_A,True,False,0,,False,False,0,,True,1132,195,fec702b3c9958e182c43f3073ffa908377e1f04bdf60f8ee620b05ccb9e7b98c,
RMVM_S_a68a856d00,Sao Cứ Phải Là Anh,"NAM DaBand, Đông Thiên Đức",POP_BALLAD,TIER_A,True,False,0,,False,False,0,,True,1970,347,70fbc274f587d8c80c6c468218a46bffb0fe5662c74804ab0799c9e2102bd902,
RMVM_S_5323a6ae6d,Nước Mắt Người Con Gái,La Nhật Tiến,POP_BALLAD,TIER_A,True,False,0,,False,False,0,,True,2292,391,f23984fdba45b17b2593f338750a0783bc16984a94c2cdc0bc28e7975b952a2c,
RMVM_S_82fab6af0b,Giá Ngày Đầu Đừng Nói Thương Nhau,Isaac,POP_BALLAD,TIER_A,True,False,0,,False,False,0,,True,1872,320,06f9d7d6af6cb52c98f61e547af448e300b9ee9a3c621cda2992bc87d1ee3264,
RMVM_S_d195b0f72d,Đau Nhất Là Yêu Nhiều Hơn,Bozitt,POP_BALLAD,TIER_A,True,False,0,,False,False,0,,True,2591,441,3f7ba0f3023374997f153fe3637d6a8fcd0c0b5c2bac112128c2a60433b2b148,
RMVM_S_7883aac61f,Con Tim Anh Tan Thành Mây Khói,Trung Tự,POP_BALLAD,TIER_A,True,False,0,,False,False,0,,True,1840,329,34020afb68a7ca78850ce708a622966944f7831d80d44b6eea5e05ecac3e87b7,
RMVM_S_d61cee69b5,Khói Thuốc Đợi Chờ,Khải Đăng,POP_BALLAD,TIER_A,True,False,0,,False,False,0,,True,1955,336,fa859f4d155a402e38fdc5d00d4fb45b9137e0e2f4b9a210a6ff1c55149a3e49,
RMVM_S_79655e862d,Anh Chẳng Buồn Đâu,Juhi,POP_BALLAD,TIER_A,True,False,0,,False,False,0,,True,2142,369,f3a5c2e8836926106dd4225a36315bc0b015006d099b59bfc3a835522d40a9a0,
RMVM_S_491bbcfbbf,Chờ Đông,Bảo Hân Bolero,BOLERO_TRUTINH,TIER_A,True,False,0,,False,False,0,,True,1297,236,f887a02801d50b6202d9cc044e8197af9339d3e436c95a5c1ef2e8dc0adf2a58,
RMVM_S_236e6fe492,Bóng Tối Trước Bình Minh (Cover),Thái Quỳnh,POP_BALLAD,TIER_A,True,False,0,,False,False,0,,True,916,150,8ac86624dab5ae5a061f7655a8c076dbcc666b606552629ca3d518d03be024cd,
RMVM_S_00155eb409,Em Là 102,Đinh Đại Vũ,POP_BALLAD,TIER_A,True,False,0,,False,False,0,,True,1704,294,370c66124545bb21c5c01011058a9328674c0bc3f2cc2ada10d1cf05e06fb23b,
RMVM_S_efc986e205,Hình Ảnh Người Em Không Đợi,Chí Viễn,BOLERO_TRUTINH,TIER_A,True,False,0,,False,False,0,,True,1503,274,af85e0e4668ead2439e6128a61060de2d20729eff4c4cd4e96f539fd062b465a,
RMVM_S_5982711a1d,Joy To The World ( Chúc Mừng Cho Thế Giới),Tam Ca Áo Trắng,POP_BALLAD,TIER_A,True,False,0,,False,False,0,,True,2106,360,6d1bd7b755b7df7a5fef854e928f866317f0c3c8c7fb7998770e30af2c8b6a20,
RMVM_S_0fc3b8e821,TIẾNG YÊU VỘI VÀNG,Poll,POP_BALLAD,TIER_A,True,False,0,,False,False,0,,True,2107,380,95e57e4d6d3c999f1a1b47cdb3e70390e6177a409c866b0de88eabf71e906eb8,
RMVM_S_4cadacd8f2,Chấp Nhận Thương Đau,Nhiều nghệ sĩ,RAP_HIPHOP,TIER_A,True,False,0,,False,False,0,,True,4799,841,f413cf041cf0b3bae69da7617e2e975156c69b15d0ec4ec27cff72bdcc9ee779,
RMVM_S_ab3ac0a686,Tâm Sự Người Xa Xứ,Khánh Đơn,POP_BALLAD,TIER_A,True,False,0,,False,False,0,,True,1565,278,3493843b9d89d7f24df6c31053f5405ee2f8de2deacaa6c365e6ff644349f816,
RMVM_S_eb8e972c9b,Khép Lại Nỗi Đau,Dương Nhất Linh,POP_BALLAD,TIER_A,True,False,0,,False,False,0,,True,2089,359,4a574e1a7ac1684748817c0083d8fe138e1145d4eafbcb83b9dbc185f02261f5,
RMVM_S_3f53644144,BIET DAU LA THAT,"T.A, Tuanmanhtr",RAP_HIPHOP,TIER_A,True,False,0,,False,False,0,,True,3325,578,c84e88d1b89b10fbcfb919808766b89b17c2c3d8cf60bb8cdb0d40e60c468b4f,
RMVM_S_f81a64e580,Chị Tôi 2,Trường Vũ,BOLERO_TRUTINH,TIER_A,True,False,0,,False,False,0,,True,1347,231,7390b34ef7949579a1767aee43b40d9519dab47ebfa6d5544bb3ba2a3074f95c,
RMVM_S_ad5414b5a0,Nhớ Mẹ - Ầu Ơ Ví Dầu,HA Live,POP_BALLAD,TIER_A,True,False,0,,False,False,0,,True,1134,223,3b9085d2ca74e549e1efbe010cc4d6a41c3986a999acc9caaeb65b9844304ad2,
RMVM_S_a77872a1d6,Dừng Lại Hành Trình,Bình Lee,POP_BALLAD,TIER_A,True,False,0,,False,False,0,,True,2438,419,b3dde39b5c86c5719aefacc729aa393caae589b1071b68403c595d7d14c3e8a4,
RMVM_S_fdf87d56f2,Yêu Em Anh Hát Tình Ca,Chu Hoàng Tuấn,BOLERO_TRUTINH,TIER_A,True,False,0,,False,False,0,,True,2452,447,db8c8c8f1b326fabcd2fb7036cf6486e8ab31cd04d3cbe178f89d7366a81dcdb,
RMVM_S_b7a01a8e72,Để Em Tính,Hana Cẩm Tiên,POP_BALLAD,TIER_A,True,False,0,,False,False,0,,True,2590,459,77de34f98688bb660881e582b21f26d045bd3e6cc193191e73d025a102c04b17,
RMVM_S_24be07f308,Người Mình Yêu Chưa Chắc Đã Yêu Mình (Piano Version),Lynn,POP_BALLAD,TIER_A,True,False,0,,False,False,0,,True,2245,377,c2d2850cdd755e202b6a2cb9f740d0212c30f6d6048e9148eb1bc273771dfbd7,
RMVM_S_946e9c4084,Cạn Nghĩa Cạn Tình,GIK,POP_BALLAD,TIER_A,True,False,0,,False,False,0,,True,1734,291,640e2e5364a0f924c5bc8c293eaaa412931fec6f94886d5cdbe4b24adbe4067b,
RMVM_S_dada8a1e91,Lỡ Duyên Tủi Phận,Út Nhị Mino,POP_BALLAD,TIER_A,True,False,0,,False,False,0,,True,1597,279,291e416cce99056f140ddd74b86ac2241557b6192a79c95fe8c8382cf0716807,
RMVM_S_d382a63d41,Sinh Ra Để Cô Đơn,Lily Chen / 陈洁丽,POP_BALLAD,TIER_A,True,False,0,,False,False,0,,True,2312,383,301ac7ae30cc16fef57da108ab134ccb53c74de4f7756c2c2fa2a9b7b307f86a,
RMVM_S_ce2e1ed0ed,Khúc Nhạc Buồn,Don Hồ,INSTRUMENTAL,TIER_B,True,False,0,,False,False,0,,True,1805,322,d7681da269f1745ed4cb762b47d510d653aaa4532f51a41bfc0ee1edc5e051ee,
RMVM_S_8bb398ba7f,Người Tình Trong Mộng,Don Hồ,INSTRUMENTAL,TIER_B,True,False,0,,False,False,0,,True,1242,218,1dd22d4177c700e1711078acb12f17135bd684b30d039be27671f4618e7ecda8,
RMVM_S_ceda35077b,Người Giàu Tương Tư,Thanh Vinh,BOLERO_TRUTINH,TIER_A,True,False,0,,False,False,0,,True,1527,281,43bd42a7e3387f934f5e602ae4e8c79785550894442c446d585a840eef3c3396,
RMVM_S_8100335bc1,Em Hay Lắm,Phạm Trưởng,POP_BALLAD,TIER_A,True,False,0,,False,False,0,,True,2732,474,1f1db799f665f4a4114f283706844591bde48257b1f06046544579df0ed2e203,
RMVM_S_32e0307a4e,Còn Duyên,Hồng Duyên,POP_BALLAD,TIER_A,True,False,0,,False,False,0,,True,1560,284,99d4248308d7b5949e76ee578115c389f3f7dcc60d65f98c9e0c344a6bbdd9b7,
RMVM_S_efcffa60f8,Không Gì Có Thể Thay Thế Em (Live Version),Khải Đăng,POP_BALLAD,TIER_A,True,False,0,,False,False,0,,True,2215,393,3e0ed83c788548cd4169f95c36e77d6ee58ced1652963e6e1941c1b52d46625f,
RMVM_S_3d409b03dd,LK Yêu Người Yêu Đời,Thế Sơn,INSTRUMENTAL,TIER_B,True,False,0,,False,False,0,,True,1942,327,aa6372b463cfb58ad9777cfa56fdc41fb1fd6a6cbec78fba716103fa411ec420,
RMVM_S_210dfe9fe7,Anh Không Thuộc Về Em,Minh Tuyết,INSTRUMENTAL,TIER_B,True,False,0,,False,False,0,,True,1704,297,6f470ea2508edeb6b605f693fecab44df3a4374894ca23c3712a4898efa1f286,
RMVM_S_60783086f3,Cưới Hông Chốt Nha,"Út Nhị Mino, Đỗ Thành Duy, NH4T",POP_BALLAD,TIER_A,True,False,0,,False,False,0,,True,2970,534,08f0cd292a2ad9c5ca67f3cc5700ca7a5931963ce1bcb03591a0b6f965411cde,
RMVM_S_89e46cb516,Một Thoáng Suy Tư,Thái,POP_BALLAD,TIER_A,True,False,0,,False,False,0,,True,1388,244,3aa188ab443b4344a64f087684c60990df7cfcdb90d09ca8f6f8cb70c67a43d0,
RMVM_S_2d9ddfce66,Lạnh Lắm,"Lệnh Hồ Khang, EnTi TK, Kid TD",POP_BALLAD,TIER_A,True,False,0,,False,False,0,,True,3032,520,bd646ccfbe6694ead7a31af723dd9006c88316bb9a6beb2abed699c9f5b78f18,
RMVM_S_ddfbe0f6ec,Anh Cũng Bằng Lòng Anh Thôi,Hà Huy Hiếu,POP_BALLAD,TIER_A,True,False,0,,False,False,0,,True,2334,412,21433880974149d6c42b58487cf324865b7d81fe89a3c2817564b6a1cd85d569,
RMVM_S_4fc36a2390,Nhớ Về Hội Lim,Thu Hiền,FOLK_TRADITIONAL,TIER_B,True,False,0,,False,False,0,,True,1758,313,a1dc0242b6e080af2b7c1b59f598e97880666ff238f10a56601acd45e48ed3c7,
RMVM_S_c508d4a6ab,Trở Lại Tây Sơn,Lê Mười,BOLERO_TRUTINH,TIER_A,True,False,0,,False,False,0,,True,1771,311,cc4f4afc420e7b821fa8d59bb4aff780cf8dfb9b2ac0fa07e887e8161d1759de,
RMVM_S_03a3e5ed48,Ải Hồng Nhan (Remix),"Lee Ken, Cần Vinh",DANCE_EDM,TIER_A,True,False,0,,False,False,0,,True,2773,480,2c9c8e54d895765e0ecec610897abfcd81cf6e830832022eafa3d4df08c7e697,
RMVM_S_e5fefd2345,Em Buồn Anh Thương,"Quang Bình, Trang Thanh Lan",INSTRUMENTAL,TIER_B,True,False,0,,False,False,0,,True,1468,250,760d02ad583038e0f931a51265b73e1656644b30b190ce90e8d56d12518bba89,
RMVM_S_712d5db91e,Có Gì Đâu Mà Ngại,G5R Squad,POP_BALLAD,TIER_A,True,False,0,,False,False,0,,True,2930,517,06edb57809dc0ebd03fac73035bd3c6da88dee18fba427e7bd9d9c42dccb853f,
RMVM_S_bc9481c4e5,Có Phải Em Đổi Thay (Beat),Vân Du,POP_BALLAD,TIER_A,True,False,0,,False,False,0,,True,2087,362,2a082ab3d601420d76799798b9f90d26f80a1494aa98898325f157b78a59da02,
RMVM_S_f8bf2bb838,Ru Ta Ngậm Ngùi,Anh Trinh,NHAC_TRINH,TIER_A,True,False,0,,False,False,0,,True,1608,283,86ff7d6e022d36e9301a3ea4f9773207971781deeca2adbd22b6b987dd76e104,
RMVM_S_061dd752e7,Biết Đâu Khi Gặp Nhau (Không Bằng),Tuấn Khương,POP_BALLAD,TIER_A,True,False,0,,False,False,0,,True,2012,358,1a5effca84cb09a2b1644a48eb70fece5e4b5272fbbdb8d5ed8488b3cb03e01f,
RMVM_S_8495430416,Con Gà Con,Bé Hồng Ân,CHILDREN,TIER_A,True,False,0,,False,False,0,,True,746,164,cfc5081764bd5bca67d9ac3c278c7243a56741873574ebdf3184723f2298b658,
RMVM_S_7439dee53e,Ngày Đẹp Nhất Để Chia Tay,Zusu Nguyễn Đức,POP_BALLAD,TIER_A,True,False,0,,False,False,0,,True,2732,469,cbe1306c4994dd3098faa8e423df076220f0ffcb6254b418919f9a08b8edf307,
RMVM_S_83fb56e8c7,"Mashup Gửi Người Yêu Cũ, Vỡ Tan",GiGi Hương Giang,POP_BALLAD,TIER_A,True,False,0,,False,False,0,,True,2318,397,d5a5b84c2f004457a8bd7ec1f5e085471e6b57965f1d4cb788dae5aa38d4ea99,
RMVM_S_22f2189edf,Duyên Anh Nợ Em,Lê Như,FOLK_TRADITIONAL,TIER_A,True,False,0,,False,False,0,,True,1856,319,131113db0127195ae5f6d892e1076864c7883b13f7a6ff3232fbd49a699c47c8,
RMVM_S_417698675a,Liên Khúc Chuyện Hẹn Hò - Ai Lên Xứ Hoa Đào,"Lâm Bảo Phi, Phùng Ngọc Huy",BOLERO_TRUTINH,TIER_A,True,False,0,,False,False,0,,True,3263,543,cb325ca78b3e2d6038ec415eff53711204adf0d50049922f6da11cb378a240e9,
RMVM_S_4517663617,Xin Mẹ Cha An Lòng,Hoàng Chiến,BOLERO_TRUTINH,TIER_A,True,False,0,,False,False,0,,True,2330,408,2018ba7878d7583dedaca9e6f17bef887f3c2911fa1bf1ed1ea55954352962af,
RMVM_S_3f95a95ddd,Chúng Ta Từng Chung Một Đoạn Đường,Tuấn Kiệt,POP_BALLAD,TIER_A,True,False,0,,False,False,0,,True,2149,363,7e1ba3570bfe40225906ba62901c076748ec051c000abf69a8f7c2da5d878629,
RMVM_S_fb8378e6b7,Anh Không Cần Là Người Đầu Tiên,Chu Nam Anh,POP_BALLAD,TIER_A,True,False,0,,False,False,0,,True,2218,396,b7ac8460da84993cdb2e6de4d36de9f063cb21a53c141846d48e85d50ae877fb,
RMVM_S_8f90ae0363,Áo Anh Si Nhưng Lòng Anh Thật,Peto,POP_BALLAD,TIER_A,True,False,0,,False,False,0,,True,2548,486,fadf4c71690a9187d44c7f097a1a0ab305d237e214d66a009748c252b1fdcfd9,
RMVM_S_96ba0e37ff,Chỉ Còn Mùa Quên,Dương Triệu Vũ,POP_BALLAD,TIER_A,True,False,0,,False,False,0,,True,1590,275,66a6c8726c3854e6c09e2ee601ade0c1b5ad89a2eaa56f23e1f2993a6f5e7d2d,
RMVM_S_70ca0f0c3d,Sống Như Tia Nắng Mặt Trời,Nhiều Nghệ Sĩ,POP_BALLAD,TIER_A,True,False,0,,False,False,0,,True,2655,426,e73bd8ea213e5276728e4a905b8db291ed7353e078bb6d6a0b8479ef68b28ef1,
RMVM_S_e018eb5fd3,Buồn… Hay Mưa,Jin Tuấn Nam,POP_BALLAD,TIER_A,True,False,0,,False,False,0,,True,1863,328,d870129919d7a6951fa3699b9138353524fb909d065d47ebc4cf5c5de7827b13,
RMVM_S_e1dc288266,ANH ĐÃ BIẾT MÌNH QUÁ SAI RỒI,"ICY RIX, ICY KRAVE",RAP_HIPHOP,TIER_A,True,False,0,,False,False,0,,True,2785,505,66328dbbc2e31a5ae845f77e34afba04f8e1d08f62b4ccc5bd412018669a0769,
RMVM_S_4acd03cbce,Nỗi Lòng Người Viễn Xứ,Lưu Chí Vỹ,FOLK_TRADITIONAL,TIER_A,True,False,0,,False,False,0,,True,1527,252,13828ef8fc5136bbc6f6ab5c4218a229f9318e794e5e29c1041fe87ec90cbfac,
RMVM_S_e73b22118a,Còn Có Anh,"Khang Việt, Mạnh Quân",POP_BALLAD,TIER_A,True,False,0,,False,False,0,,True,1952,349,aac8b8b028551812e79a52a66490b5ba0be1c3646d609ac759a4563f51c49174,
RMVM_S_d997623fd0,Rất Huế,Bảo Yến,BOLERO_TRUTINH,TIER_A,True,False,0,,False,False,0,,True,1390,241,e79fbc7e5df4bc6457f454d5d21cb59e2553637a60582f7c00c9fef44e6bf574,
RMVM_S_7e2cc820f9,Muốn Quên Không Đành,Phi Bằng,BOLERO_TRUTINH,TIER_A,True,False,0,,False,False,0,,True,1991,346,ff81fffc7bad7b2f0d6d7fa3572d292ca0f4a4a94b7005580ed5b54ca251db4d,
RMVM_S_5712a66770,Chợt Nhớ Hơn Bao Giờ,Loan Châu,BOLERO_TRUTINH,TIER_A,True,False,0,,False,False,0,,True,1711,305,8ecdcbfeb20391180b1051a09ad2c6e3b28c1da7db8b6fa61977d072c353943a,
RMVM_S_4b0c87b503,Anh Thật Dũng Cảm,Long Hải,POP_BALLAD,TIER_A,True,False,0,,False,False,0,,True,2784,501,b64640cca2bb68df109b23242d6515608881bbab5183e7c668f47bfe6f8a7d53,
RMVM_S_1e2aff6dcc,Bao Giờ Anh Đau Khổ,Lê Như,BOLERO_TRUTINH,TIER_A,True,False,0,,False,False,0,,True,3427,606,3e73eece2d3ac6f78fc4a2514ccb4eaac7475d4f1feb4cbe2a46a6a419c4c6f6,
RMVM_S_c6ed3fa3ac,Đêm Mưa Nhớ Mẹ,Hoàng Minh Thắng,POP_BALLAD,TIER_A,True,False,0,,False,False,0,,True,1651,284,b6ed8e194e2fa20fa235d09dba17b5c817952c173ff4131b290838a95e94f836,
RMVM_S_3ec4e36c37,Điều Làm Anh Vui,buitruonglinh,POP_BALLAD,TIER_A,True,False,0,,False,False,0,,True,2426,434,08515f9c83644ea5515afb03b932b4103560f1681c940bb374b5aa84b76fdd44,
RMVM_S_e73901bc29,Cô Gái Ấy Từng Nói Yêu Tôi,Dương Nhân Trung,POP_BALLAD,TIER_A,True,False,0,,False,False,0,,True,2487,426,f36b8005e834e60b4444ce96383aa4a9225a1e696d189c677737073f1808010e,
RMVM_S_3c4d527ba1,Bờm Ơi,Đỗ Hoàng Dương,POP_BALLAD,TIER_A,True,False,0,,False,False,0,,True,1459,268,6ee3f0ab7ae280d109666c30733f5370b58967454d7be3b62eb7fbd82a86cf87,
RMVM_S_b8048ac594,Anh Đừng Lo Nghĩ,Tố My,POP_BALLAD,TIER_A,True,False,0,,False,False,0,,True,1414,249,12bb9fb9bf6af1582f272a27c842f0d244a93cde8c73db8005034c105119becf,
RMVM_S_4a604e021f,Gió Mây Chuyển Sắc,Lee Phú Quý,POP_BALLAD,TIER_A,True,False,0,,False,False,0,,True,1346,237,112790749b469781e77994740dab7c70b76ad865e71628e643bec03263f54cc2,
RMVM_S_83b84b7cc6,Con Tim Buồn,Quang Dũng,BOLERO_TRUTINH,TIER_A,True,False,0,,False,False,0,,True,1098,194,c89f35df1ffd4280cc464d00d1a10940bf0be4eabbfdb5e9e37d15c3046e3799,
RMVM_S_9b56ee5f07,Lấy Vợ Miệt Vườn,Đan Trường,FOLK_TRADITIONAL,TIER_A,True,False,0,,False,False,0,,True,2221,383,9cb78622e9dc7f20d2419e57d2c28af3731e11e31e0911c7ada4e7473b0be6f5,
RMVM_S_cf4f0bdeb7,Biển Tình,Bảo Hân Bolero,BOLERO_TRUTINH,TIER_A,True,False,0,,False,False,0,,True,1750,303,745f82936b69a38e0575b667d62e81efb6b294be308c494a8e38ae1832e2e7b0,
RMVM_S_8f258bad61,Có Em Rong Chơi,The Meo,POP_BALLAD,TIER_A,True,False,0,,False,False,0,,True,1710,329,901029abf6233d9a8d6390bbb362e013bb85e22938f16d00bbf1f11bf82adf7b,
RMVM_S_078656fcf0,Valentine Trắng: Lời Hồi Đáp,Bảo Đại,POP_BALLAD,TIER_A,True,False,0,,False,False,0,,True,1565,263,8de39c38933abf5be54f38db6240cc502f812737b6db5c41849a49a8cdcd6fad,
RMVM_S_0ac48d0c0e,Chuyện Tình Hoa Cát Đằng (New Version),"Vũ Hoàng, Thạch Thảo",BOLERO_TRUTINH,TIER_A,True,False,0,,False,False,0,,True,1963,339,6a098388ce4c1109110d5877f4131c823250c2a3f0a748b6a82183e12ca90c49,
RMVM_S_8f57417bc0,Chẳng Thể Nghe Con Tim,Phát Huy T4,POP_BALLAD,TIER_A,True,False,0,,False,False,0,,True,2266,407,a975d203e77c9b835c1bc6ecc5bb2ef25ab5624225f9c9429a013e0e76a4526e,
RMVM_S_6da2233fb7,Có Thế Thôi,Chế Minh,BOLERO_TRUTINH,TIER_A,True,False,0,,False,False,0,,True,795,140,dc9b34709e64fdc76367e19dc47a9dfaaffe6b5d68fcaf21e951190bfd1ad966,
RMVM_S_c2868aaff2,Mà Vẫn Cô Đơn,"Khải, 14 Casper",POP_BALLAD,TIER_A,True,False,0,,False,False,0,,True,2274,393,40de49cecc353bc295bd7aba081f35496563b6b11a8ec8f4677a6f7ebb3b4096,
RMVM_S_ac305dcd21,Hà Giang Miền Biên Cương,Vũ Minh Vương,BOLERO_TRUTINH,TIER_A,True,False,0,,False,False,0,,True,1598,272,eb143b20ef507f1e35a0f15558ca6e59a7a630a87100762983d31aea597faa49,
RMVM_S_6a7ac9c608,Con Hứa Sẽ Về (Lofi),Lê Bảo Bình,POP_BALLAD,TIER_A,True,False,0,,False,False,0,,True,1379,238,14bd0c7d009c46b8020252f6f267a4927dbd527263e48be42b955e33addab4c4,
RMVM_S_6545f6f7e9,Đám Cưới Của Em (Lofi Version),"Lý Tuấn Kiệt, Phát Hồ",POP_BALLAD,TIER_A,True,False,0,,False,False,0,,True,2212,393,ffc0101b7bdd052df251fc5b7bf4875ed0d46e69e8aa49eaec8c2795267d47a7,
RMVM_S_268dbcabdc,Hai Người Từng Yêu,Khánh Đơn,POP_BALLAD,TIER_A,True,False,0,,False,False,0,,True,2316,415,fc5f49f9916e2cf80c1f6b162b608d891203c6cdba5657c095328d1e8de4884e,
RMVM_S_cf1ec8286d,Có Một Người Vẫn Đợi (Ballad),Ngân Ngân,POP_BALLAD,TIER_A,True,False,0,,False,False,0,,True,2299,402,4b22983eea95a87582b8594071342f303cd172d8e9fb5f6d252dc7170a6017c7,
RMVM_S_f9ceb18f5c,Thăng Hạng Tự Tin,"OSAD, Miu Lê",POP_BALLAD,TIER_A,True,False,0,,False,False,0,,True,2592,453,8fe98a8349f88101c5ffa3abeff6e3a69fb1c87536ddde0d4a8ae5011731bd34,
RMVM_S_f707678ae8,Khúc Vương Tình (Sinkra x Lee Ken Remix),"Cần Vinh, Lee Ken",DANCE_EDM,TIER_A,True,False,0,,False,False,0,,True,2474,426,0227449bbbf119f729165a7f86a7b7e2aff6acd14ee91aa2fd720514cbb727f5,
RMVM_S_d1a20aeaf6,Nghe Nói Em Đang Buồn,"WinK, Trang Anh, MC Wiz",RAP_HIPHOP,TIER_A,True,False,0,,False,False,0,,True,3842,702,c62c732f2c2184a514c5aaa3f57915316fdcf20dda154cd9330a56f72054efcf,
RMVM_S_7639f824ed,Nỗi Nhớ Bình Yên,Gia Ly,POP_BALLAD,TIER_A,True,False,0,,False,False,0,,True,1389,240,8ea08a34b0d499db5ca2325b77ad568b2d89775c5dabe913aed61d449dc01444,
RMVM_S_371438ff43,Nhành Mai Thắm Tặng Em,Phương Thùy (Nhóm Phù Sa),BOLERO_TRUTINH,TIER_A,True,False,0,,False,False,0,,True,1757,306,49cdb828b1263156b5e1e8c3956e1ec3e09f141c02dffc8ed996ea820397413b,
RMVM_S_1859d35580,Chỉ Vì Anh Nghèo,Lâm Vũ,POP_BALLAD,TIER_A,True,False,0,,False,False,0,,True,1748,327,a27ca1c4fb171c160380c58d3fb8231adbec2b7f8494e42c0809983ee9fe29da,
RMVM_S_b91ee0ec4d,Học Cách Quên Anh,NgânT,POP_BALLAD,TIER_A,True,False,0,,False,False,0,,True,4596,825,d7a159740e797d645069f7814e0e749f0e4b98374a86caabda436fd029564236,
RMVM_S_6c2c9d42ee,Bé Đi Học,Trịnh Nhật Minh,CHILDREN,TIER_A,True,False,0,,False,False,0,,True,1882,320,df501088ff2d7b0e726c6c2f983da3913a2ba5eb73505cb35c4e6bd3fe3727bd,
RMVM_S_d2a3627e8b,Việt Nam Trong Tim Ta,"Phạm Thành Luân, Huy Hoàng",POP_BALLAD,TIER_A,True,False,0,,False,False,0,,True,2064,348,681f95ff5fd0c44e9ede6e082c53d608d641c4b358414dd4f174682fb292ddd4,
RMVM_S_18861c7e45,Trò Chơi Tội Lỗi,Duy Hạnh,INSTRUMENTAL,TIER_B,True,False,0,,False,False,0,,True,272,53,a7ff220cb3fbd6f8874d0cad65ee2e1fd4672d73f8e15a58d70977d5dcfabeab,
RMVM_S_a9e0af2a70,Bỏ Buộc Đành Buông,Henry Ngọc Thạch,POP_BALLAD,TIER_A,True,False,0,,False,False,0,,True,2790,473,f2dd6891ddb97a0542b9e896b56c8f276e2783a0a7642a9009a01d00b86b5b93,
RMVM_S_5eb90030ab,Bài Đồng Dao Của Hà,"Quốc Bảo, Nguyên Hà",POP_BALLAD,TIER_A,True,False,0,,False,False,0,,True,1208,205,c6a759847017ea9b0a8309049f1844b7a1ea152f9569b5bf34afc813fa74d266,
RMVM_S_2410b7a2b2,Và Rồi Nắng Ra Đi,Duy Hạnh,INSTRUMENTAL,TIER_B,True,False,0,,False,False,0,,True,2552,461,a745ba1aed914b7b1894f5be6020400ed4cc08ef92c85a674c00906ca610b79b,
RMVM_S_ffbb23edb8,Hót Hòn Họt,"Hương Giang, Saabirose, D.A",POP_BALLAD,TIER_A,True,False,0,,False,False,0,,True,2086,410,76a2b1146dd97322117a2c726871050ecaf5492ca8ac2b7aac4c095f71c88698,
RMVM_S_9f9c9412f5,Gọi Tên Anh Mãi (Call You An Angel),Thanh Hà,POP_BALLAD,TIER_A,True,False,0,,False,False,0,,True,1224,240,59f203ef19dae3513b2c0be818d929409b32b89371fc86abc14a4df7376953f4,
RMVM_S_a97dfa4672,Đừng trách em tội nghiệp,Tuyết Vân Hà,POP_BALLAD,TIER_A,True,False,0,,False,False,0,,True,1946,354,b8c8c656b13612bc1c2be4d2d20e7e371fe882d4c2696b85d8e019b784c42fc4,
RMVM_S_35561db66b,Đêm Lao Xao,"Anh Khang, Quỳnh Trang",POP_BALLAD,TIER_A,True,False,0,,False,False,0,,True,1403,254,e150876a42b16feedead4df84433080a5dfa0c637a8e0d26f206a883399b02ff,
RMVM_S_22b892de67,Chúng Ta Chỉ Là Đã Từng Yêu,MyMy,POP_BALLAD,TIER_A,True,False,0,,False,False,0,,True,2816,481,70440a5d384cb78e915705a0aac0438049e55549c5316c0352cc4a797330fbc8,
RMVM_S_6eac0de841,Đập Nát Kỷ Niệm,Hoàng Tuấn Kiệt,POP_BALLAD,TIER_A,True,False,0,,False,False,0,,True,1564,278,7071311b1b788bf3e202162070e4dc592f5aa09fc4b763538cf84c8e372b6001,
RMVM_S_8dbf774077,Mẹ Anh Thương Em,Bùi Vĩnh Phúc,POP_BALLAD,TIER_A,True,False,0,,False,False,0,,True,1585,288,290cd09fdc5b3a5a2f611ab1436f01aa58f95760a89879c7eadd6ea0e970965e,
RMVM_S_e69a29e1b7,Mashup Duyên,"NIT, Tăng Duy Tân, DJ Shine",POP_BALLAD,TIER_A,True,False,0,,False,False,0,,True,2708,470,c006cd1e782c27a69f75a3822cac6ee6bc85fbb0a88fe872cf00133605d44203,
RMVM_S_7fac468899,Cuộc Đời Công Nhân,"Giang Trường, Lâm Quang Long, Minh Thắng",BOLERO_TRUTINH,TIER_A,True,False,0,,False,False,0,,True,1517,260,99df7eb80017b27f9bce4f063d7b54313cbecb96210796294cd76a768a6e58a1,
RMVM_S_50ddadb7b8,Bé Chúc Xuân,Bé Trang Thư,CHILDREN,TIER_B,True,False,0,,False,False,0,,True,2157,360,5efc8ed1a5899c757a0986b5138dd9883b713c6f19352400f599471b63513f77,
RMVM_S_c85b6fe9f4,Yếu Đuối,Bảo Anh,POP_BALLAD,TIER_A,True,False,0,,False,False,0,,True,1399,245,cba4259ac325db626d47f9512cad47212e223a36935f92e47494ccdcf059e516,
RMVM_S_7e78b51fd6,Bước Đến Đỉnh Cao,Việt Quang,POP_BALLAD,TIER_A,True,False,0,,False,False,0,,True,2485,424,d0aeb087d1e97d0f6d113c8b79f109c387f7c4ca7bdd41be3fd7cad9a30efe0e,
RMVM_S_5e0e66623e,Cha Thấy Đau Lòng (Đắng Tình Anh Em),Lâm Chấn Huy,POP_BALLAD,TIER_A,True,False,0,,False,False,0,,True,2107,372,059844f94d57fc38c483f6a84e1bf46c90ce7d8e1fdcf4b3f8fb0e2c1224b984,
RMVM_S_5630408f3e,LK Ngày Tạm Biệt - Ðèn Khuya - Tiễn NgườI Ði,"Mỹ Lan, Phương Loan, Ngọc Thúy",BOLERO_TRUTINH,TIER_A,True,False,0,,False,False,0,,True,2295,402,ba5692a400019af0727c8eb19ae307122f2f4071306271128ae457c5fedf4a97,
RMVM_S_e3ce6eea42,Anh Về Quảng Ngãi (Beat),"Kiến Thành, Ban Lê",BOLERO_TRUTINH,TIER_A,True,False,0,,False,False,0,,True,1898,336,73e883efcaf6914045a38ecb0e5c9e5b4f4cdd8a4c3b7fab89f303b1c9b73ec2,
RMVM_S_87e205b617,Câu Chuyện Ngày Tết,Thiên Cầm,POP_BALLAD,TIER_A,True,False,0,,False,False,0,,True,1906,328,b95b9413d4ff8a2056127f26fd27970afdbccf2bcedfb2e79fe3f1218da54214,
RMVM_S_11e03b5b50,Yêu Nhau Xong Rồi (Remix),Kuun Đức Nam,DANCE_EDM,TIER_A,True,False,0,,False,False,0,,True,464,82,da01dd815fe6d6bc7625ec74ea485216683d9fc17591528ea0c9e336cdb24bb6,
RMVM_S_bcbfb527aa,Em Yêu Xin Đừng Khóc,Lưu Gia Bảo,POP_BALLAD,TIER_A,True,False,0,,False,False,0,,True,1973,344,21de0737b98faaa6e879aedabd24d16ee387377ac563b1de794efe69d750704b,
RMVM_S_3748e60260,Anh Sao Cũng Được,Lê Chí Trung,POP_BALLAD,TIER_A,True,False,0,,False,False,0,,True,2369,398,a8719b6679b5f919bd6728127adbaaca9bb9b374ff34f77215b6062b7917f8d3,
RMVM_S_f4bad27893,Em Và Huế,Đông Quân,FOLK_TRADITIONAL,TIER_A,True,False,0,,False,False,0,,True,1312,233,8d50b3bb3409afc178d3d9f3fccb46e4c59865775b77a7a63aa12aa0338072ba,
RMVM_S_5f8803b4a0,Tôi Đi Giữa Hoàng Hôn,Trần Thái Hòa,INSTRUMENTAL,TIER_B,True,False,0,,False,False,0,,True,1101,188,2b3cfb95141d4261117eac01931e998a4ac3e6db87320f053365e7d708265c55,
RMVM_S_27d7f1e87a,"Tớ Thích Cậu Nhường Nào, Rồi Cậu Sẽ Biết Thôi",A.C Xuân Tài,POP_BALLAD,TIER_A,True,False,0,,False,False,0,,True,1723,281,b8215d8d3863129dd42d100f33fd5cd3ab2b70cabd20ddb996e9f73e7a13c7ea,
RMVM_S_2052c2f790,Anh Sẽ Nhận Lại,Yến Genie,POP_BALLAD,TIER_A,True,False,0,,False,False,0,,True,2155,369,70af1fd8637141767ece51acb9b4890c2da42551cce8dbb04d7d3f8485ecd047,
RMVM_S_430404078d,Bên Ai Em Cũng Ngọt Ngào,Khánh Phương,POP_BALLAD,TIER_A,True,False,0,,False,False,0,,True,2456,427,39c2ca5f42ccedc3f30c38eef57161ad1a386dc9c10788cb19cdcf80f91652bd,
RMVM_S_37a4b5fc15,Khóc Thầm / Vùng Trời Ngày Đó,Hương Lan,INSTRUMENTAL,TIER_B,True,False,0,,False,False,0,,True,1963,329,ba49fcc82849fd06808484f0833c2af50989d19dc19547cdfd9f0c56f6fe8de2,
RMVM_S_f5d0975da9,Tình Yêu Màu Nắng (Lofi),"Juky San, Orinn",POP_BALLAD,TIER_A,True,False,0,,False,False,0,,True,1382,251,3bcd6770d2373f0ba92e047cf8a61105dce3b4aeb913adf0e5cd5d1a3ec4fc71,
RMVM_S_92e74e1137,Một Thuở Yêu Nhau,Triệu Lộc,BOLERO_TRUTINH,TIER_A,True,False,0,,False,False,0,,True,2294,411,aab6b5c4f4c5a7742c0fdf906b04f83bc6a81c2d3439ad956289dadb5bbbc1d0,
RMVM_S_dcce9146ec,nhạt-fine (blue ver.),GREY D,POP_BALLAD,TIER_A,True,False,0,,False,False,0,,True,2186,367,e5ca37d114ae0984de922315081f43053839ae69f2504df787f50cb30916a085,
RMVM_S_9d43b8b46d,Bạc Trắng Mái Đầu,Zick Phạm,POP_BALLAD,TIER_A,True,False,0,,False,False,0,,True,1875,338,b3570028eb158ba386a51d546f856043872d7dc000c588e044bca6cf8f3e8570,
RMVM_S_a971204846,Tuổi Trẻ Hướng Về Trường Sa,"Hoài Nguyên, Tốp Ca Nữ",POP_BALLAD,TIER_A,True,False,0,,False,False,0,,True,2158,355,66d87b7ff6c3aa12c8b95f7353f3bdec6710f9391f068d8f0dd20f0424aa3fad,
RMVM_S_9ac4fb2cb1,Chuyện Tình Bên Suối,"Tuấn Sông Thu, To My",POP_BALLAD,TIER_A,True,False,0,,False,False,0,,True,1599,272,9e51000e6d6f52b44be795ac782105776a6a145eef6ff06e34cf44904cb42991,
RMVM_S_66da2b06e3,Cảm Giác Em Là Sao (Remix),Liêu Chấn Hải,POP_BALLAD,TIER_A,True,False,0,,False,False,0,,True,1947,351,a8ab95247738fe82202fe332ba9ef95e5c6eedb9eb7549dc29270ee9dd6c107f,
RMVM_S_4d319a04fc,Buông Tay Vì Yêu,Bùi Tuấn Ngọc,POP_BALLAD,TIER_A,True,False,0,,False,False,0,,True,2668,477,7c7b597b3d040bc0beb2a62db9372bf8c3c5378c2999f6f2849caabdcaf9b8ca,
RMVM_S_c54170cb05,Anh Đánh Rơi Người Yêu Này! (Thật Tuyệt Vời Khi Ở Bên Em OST) (Beat),"Andiez, AMEE",POP_BALLAD,TIER_A,True,False,0,,False,False,0,,True,1967,350,c0d6230f99d2c33d157f14e6307c380f4d23113d2fd03a678fbb639470a6f16c,
RMVM_S_1350bbcb07,Lạc Bước Bên Đời,Trịnh Lam,INSTRUMENTAL,TIER_B,True,False,0,,False,False,0,,True,1634,294,f3e39d5c1fb0b5c7c4dc87b0fd34761f4652cb3acbfafe25fa2f830b48556f2c,
RMVM_S_20d22f34d6,Em Quên Rồi Phải Không,Final Band,POP_BALLAD,TIER_A,True,False,0,,False,False,0,,True,2554,456,8efad68fe43bc6d3fd6e701ad2530493d501850306573ae41b219ba180699a80,
RMVM_S_d3bfe958ec,Bình Minh Xua Tan Bóng Đêm,Minh Hằng,POP_BALLAD,TIER_A,True,False,0,,False,False,0,,True,1782,335,57c9cdacbcfbce43795c44bd8d3371e30a95ea66af51b907e341e9ff9c632aff,
RMVM_S_4877d7ee86,Liên Khúc Thà Giết Người Yêu,"Thanh Vinh, Lê Y Puol",BOLERO_TRUTINH,TIER_A,True,False,0,,False,False,0,,True,2745,494,ecac776e0908904370b08dc15c4af8ca7964bce72bf25f29b53528713c43a7f6,
RMVM_S_b6e9354e2b,Người Chơi Hệ Đẹp (Cukak Remix),"16 Typh, CUKAK",RAP_HIPHOP,TIER_A,True,False,0,,False,False,0,,True,783,136,6d6b412bd0fa1c4c33e207ead1d4f34db5b6f68bc97d83a28cba29e7db9ffe42,
RMVM_S_0b1584c0cc,Chuyện Người Đàn Bà Ngàn Năm Trước,Thế Sơn,INSTRUMENTAL,TIER_B,True,False,0,,False,False,0,,True,1743,288,6004add842da9d08a12c3cf4299bf4540bb8a7afb948fe07a15282c30d85d754,
RMVM_S_592065ee05,Nước Mắt Muộn Màng (Nam Con Remix),Khả Hiệp,POP_BALLAD,TIER_A,True,False,0,,False,False,0,,True,1929,336,a3719ea08b0f8ba36cf50ebfde0debbc1211175b5f94ce083f77305b5c421261,
RMVM_S_c650d643f1,Về Bên Anh (SinKra Remix),Jack,POP_BALLAD,TIER_A,True,False,0,,False,False,0,,True,3058,541,3382e9a09574d97ef8436efdd9b5f1859c7b63cf5b944c6c2f010033b497329f,
RMVM_S_d101d323a0,Nụ Cười Lọ Lem,VOX,POP_BALLAD,TIER_A,True,False,0,,False,False,0,,True,2274,384,250def9c17397838766ff8cfed89835c6a57b6f6df525f324f04853871432129,
RMVM_S_eaee201ce5,Nơi Em Không Tồn Tại,NgânT,POP_BALLAD,TIER_A,True,False,0,,False,False,0,,True,4510,794,8760390fbff59162febccf3e898d21c3758bf7fa79a99b880dc408ecf760dffb,
RMVM_S_d72428680a,Đoàn Xuân Ca,"Lâm Hoài Phong, Hoàng Hoa",POP_BALLAD,TIER_A,True,False,0,,False,False,0,,True,2069,340,caf4ab55393d76cbb5cf799101ab595346d09095a5885fd0b33c9f959764f297,
RMVM_S_25ea3ca9a2,Áo Anh Sứt Chỉ,"Quang Lê, Elvis Phương",BOLERO_TRUTINH,TIER_A,True,False,0,,False,False,0,,True,2442,412,4b2921aa78c0ee9d9e5e76c649a09089e80ff8ad7e2e622a105f06f7a499c30b,
RMVM_S_8c5f104c6f,Anh Là Người Duy Nhất (Remix),Quyn Si,POP_BALLAD,TIER_A,True,False,0,,False,False,0,,True,1946,361,fa917c5d5c5e8b8020b6ca1a3aad228a42fd0c349089c6849ac472c7dad2afd8,
RMVM_S_d1b56b53f1,Anh Đã Yêu Em (Beat),"Grey, H-Kray",POP_BALLAD,TIER_A,True,False,0,,False,False,0,,True,1976,365,23b5ef1d74e65af2e43df8598b738c5c7ba07d53c7c16978540e36024e6fcda7,
RMVM_S_8f72914ed6,Em Một Giấc Mơ,Nguyễn Hoàng Anh,POP_BALLAD,TIER_A,True,False,0,,False,False,0,,True,1503,269,8472572967b0e619e9ce4b9d8c616fef015ea1ee066198f47e7b81dc84001542,
RMVM_S_a399f08ba9,Đường Về Xa Thẳm,Vũ Phương,POP_BALLAD,TIER_A,True,False,0,,False,False,0,,True,2166,377,60a9e65e46ccb4c2101472e1e62f3fdd4e9f219a1f91e14f0cd92cd96a55ead1,
RMVM_S_7c331c414f,Bỏ Anh Đi,Renny Hiếu,POP_BALLAD,TIER_A,True,False,0,,False,False,0,,True,2211,386,44f84e7078c8fb6a7c640f756a4e305698aac227328f0117a625118fa23750d8,
RMVM_S_6cf66d87cc,Dệt Tầm Gai - Túy Âm,"Huyền Cadie, Phượng Vũ, Lê Trần Media",POP_BALLAD,TIER_A,True,False,0,,False,False,0,,True,1637,291,9c167da529facf1481e58844aa813936d6f74b2d2ebc76925de88b19638dffbc,
RMVM_S_324eaaadc0,Có Em Trong Tay,Cao Đăng Hiếu,POP_BALLAD,TIER_A,True,False,0,,False,False,0,,True,2627,500,a3061f4515a8ec5199abe067ca3c70bf6fc14d156fbc5b6aec95fb608b0ff7a1,
RMVM_S_d382146dd1,Bài Này Anh Chưa Đặt Tên,"Khoa, Bảo Kun",POP_BALLAD,TIER_A,True,False,0,,False,False,0,,True,2422,436,65a8c39c9b4124c6e1f480058e14ee06d5c69d632e7ed03599c689443c38d607,
RMVM_S_afc7a9bc30,Lối Ra Nào Cho Hai Ta,"MEZZO, Mono, Trúc Phương",POP_BALLAD,TIER_A,True,False,0,,False,False,0,,True,3087,554,1f066f853dcdaedddb8c6ae04fec949d94a545f9392d0b728572cfbeb09ef122,
RMVM_S_cfd02fc80f,Nếu Biết Trước Ngày Mai,TRANG,POP_BALLAD,TIER_A,True,False,0,,False,False,0,,True,1200,219,77bfebe8abb8ff0c4088e88c4efa2d4928cc04dafe9b4209f04560a7b5859b92,
RMVM_S_82bec4b262,Dế Welcome,"Hà Okio, Thu Minh",POP_BALLAD,TIER_A,True,False,0,,False,False,0,,True,3297,551,0db0cbadb6a0c067cdc84687c1e302342cc8e3d335934503201acb82f491d657,
RMVM_S_013d3b5825,Áo Dài Ơi,Hồng Phượng,BOLERO_TRUTINH,TIER_A,True,False,0,,False,False,0,,True,2679,465,861ca4dd3e374bcf9090616dc516781e88dfcc4d577d86f582d6c3c0677893b4,
RMVM_S_a60a2c26f5,Chẳng Gì Đẹp Đẽ Trên Đời Mãi (Tropical House),Khang Việt,POP_BALLAD,TIER_A,True,False,0,,False,False,0,,True,2263,390,a667920585c223da5798a4f7bb85b968936505b340ecff536a38849b0dc7a4f7,
RMVM_S_76bca2b02b,Mưa Trên Cuộc Tình,"Mỹ Hạnh, Thái Sơn",POP_BALLAD,TIER_A,True,False,0,,False,False,0,,True,2712,477,a381f623046e2a8a2a0c1c5834f93364dd99c85b5ac687d9c3617a435de4b183,
RMVM_S_7689d65124,Mãi Yêu Em Như Ngày Đầu,Đan Trường,POP_BALLAD,TIER_A,True,False,0,,False,False,0,,True,1876,343,d3a8b71caa0b16b26885fac805e5c0a288f52136e7b2985ac5de80594ebd9a10,
RMVM_S_ba71df8ffa,Ác Ma Đến Từ Thiên Đường,Thái Quỳnh,POP_BALLAD,TIER_A,True,False,0,,False,False,0,,True,1800,307,f6f04593386fcb68f9c3b68e2b4abfa20a8c1082654570f899cec4e1bb9bb8dc,
RMVM_S_b1e2b49b8b,Đơn Giản Vậy Thôi,Lâm Nguyên,POP_BALLAD,TIER_A,True,False,0,,False,False,0,,True,1848,337,b2b406d1676bf5f0dd626cede29197f5626864eb26356f7b652aa9c1a67eea75,
RMVM_S_a133c825af,Anh Đây Em Ơi,Yan Nguyễn,POP_BALLAD,TIER_A,True,False,0,,False,False,0,,True,1785,334,d4687297f759261027dd582a1a870abf4254955d5e970cb821bf1c30f0864ac9,
RMVM_S_bf29e59217,Đợi Người Phương Xa,Mai Tiến Đạt,POP_BALLAD,TIER_A,True,False,0,,False,False,0,,True,1827,307,bc5f0ade8caf1a0750a61704b985e1ac19a966a7efe04cab1b12543c762af4bd,
RMVM_S_891b39aa73,Là Mây Trên Bầu Trời Của Ai Đó,"Trịnh Tú Trung, Wonbi Minh Quân",POP_BALLAD,TIER_A,True,False,0,,False,False,0,,True,1484,276,cc1355c2319b56d96e30f80d0990f7f397c8dca57611a072b6ac96152d5aef87,
RMVM_S_2f12d10b7b,Mùa Thu Không Em,Công Danh,POP_BALLAD,TIER_A,True,False,0,,False,False,0,,True,2765,486,ff31b530e183c40ca25ed2f7bec5c331a47fc2264a994167ed18c1f971b109af,
RMVM_S_af9397eca7,Yêu Em Như Hành Xác,"Cường Seven, Wxrdie, M-A",DANCE_EDM,TIER_A,True,False,0,,False,False,0,,True,2085,380,08c970381d24d472051798e331e33654db90976fc110d554a1054034dd8d8117,
RMVM_S_730e5a9f37,Em Là Áng Mây,"Lê Vũ, Karrot",POP_BALLAD,TIER_A,True,False,0,,False,False,0,,True,1521,268,847af2bf47c7271b58124c09179f683c40758098977ccc10cdf59e90ec891e44,
RMVM_S_66bdec9730,Đò Qua Bến Sông,Mai Tiến Đạt,POP_BALLAD,TIER_A,True,False,0,,False,False,0,,True,1866,326,3c2634b9ed428fc8d9dafca6c99e0bc847add3f1ce151cfc094ca8ec9112fbe0,
RMVM_S_d6dd818841,Liên Khúc: Bóng Nhỏ Đường Chiều,Ân Thiên Vỹ,BOLERO_TRUTINH,TIER_A,True,False,0,,False,False,0,,True,1641,278,e226e8d3ad918981cc60a6982beefdff96793fc572a22e8521cd6eb7a3414184,
RMVM_S_8bfa66e8b4,Đừng Giận Anh Em Nhé,Quang Vinh,POP_BALLAD,TIER_A,True,False,0,,False,False,0,,True,1710,308,7716ccee98a81a686811e20a26dac9e62dac0314a0ba633a733e7120a4dc6b4a,
RMVM_S_152515035c,Liên Khúc Chuyện Tình Lan Và Điệp,"Đăng Nguyên, Cẩm Như",BOLERO_TRUTINH,TIER_A,True,False,0,,False,False,0,,True,4246,723,3f7d9e1b2795f096fd537cfe8a492fa96af06ba6afe5b2fd8238e1a7445fdd0d,
RMVM_S_4652c9a13c,Sai Cách Yêu (Remix),Lê Bảo Bình,POP_BALLAD,TIER_A,True,False,0,,False,False,0,,True,2046,353,aeb2f41f36c9afd118455e03a28e047ff16ce6c11f08d7677a9fd59db5b518b9,
RMVM_S_160e666b39,Những Đứa Con Xa Nhà,Thùy Chi,POP_BALLAD,TIER_A,True,False,0,,False,False,0,,True,1265,219,2435c0b2284319ef8f2c5ae2ea31921308ee6caf590536d0b3b17fae693a407b,
RMVM_S_8b9967a4d0,Chưa Từng Thương Em,Hoàng Ly,POP_BALLAD,TIER_A,True,False,0,,False,False,0,,True,1993,365,d40f989d0236d09a080b2bb5e325d7b8104846652ae33d8d2c27fb1a4cec1538,
RMVM_S_a6427049dc,Đoạn Tình Phai,G5R Squad,POP_BALLAD,TIER_A,True,False,0,,False,False,0,,True,2649,456,a1818550eb91d22eaffad6f6d02f02d70a5a3b7aea5216481d76ef2c5611cdda,
RMVM_S_fa4b3b38f4,Trăng Về Thôn Dã 2,"CT Media, Thùy Dương, Văn Hương",POP_BALLAD,TIER_A,True,False,0,,False,False,0,,True,2402,409,4b90a177eec730f1909db00c1ad4ec78ade0a7f63b82523e1b2176fa9a632473,
RMVM_S_b7f0e115bf,Lời Tạm Biệt,buitruonglinh,POP_BALLAD,TIER_A,True,False,0,,False,False,0,,True,2600,443,cf347cd29fe70978ae68e650d8f9ee0e14b65593700194df8c7e17c945bce75f,
RMVM_S_37e3019e62,Chàng Trai Ấy,Mai Ngọc Hân,POP_BALLAD,TIER_A,True,False,0,,False,False,0,,True,1385,253,b41b4e21f2f15fd16b52fcc1ef42fbdc46d011e41bfe250a6c8342938aa0cc1f,
RMVM_S_8b4158e179,"Nắng Đẹp Miền Nam, Khúc Ca Ngày Mùa","Hương Thủy, Hà Phương",BOLERO_TRUTINH,TIER_A,True,False,0,,False,False,0,,True,2412,410,0cdf558e79c99054bd5bb0ebcbe9ddb4c66075d09108a51be7f35bb24c64c64a,
RMVM_S_d11a154db0,Nhịp Đập Bên Ngực Trái,Đan Trường,POP_BALLAD,TIER_A,True,False,0,,False,False,0,,True,2678,451,239f8e3608625a3beef874bcd1287e6f7ba722e4abc023ce2353e31542d5643d,
RMVM_S_bf46b3f5cc,Tình Sầu Ngoại Ô,Diễm Trang,POP_BALLAD,TIER_A,True,False,0,,False,False,0,,True,1945,345,ed1963aade0728f23e20f60fd7dbf8dc718f54ddec8f3c9de189a8f77f5448d9,
RMVM_S_bed85ecaac,Bức Họa Đồng Quê,Nhiều nghệ sĩ,BOLERO_TRUTINH,TIER_A,True,False,0,,False,False,0,,True,1379,237,68fab42988927a950e3fec3bc07d7c80da114744011ed37463c35304c1a0842f,
RMVM_S_e42a014af5,Em Biết Anh Đi Chẳng Trở Về,"Thanh Ngân, Gia Tiến",POP_BALLAD,TIER_A,True,False,0,,False,False,0,,True,993,175,f96880443c97facae87d33ce443fb326ab99f4852250dd7133c3c99e3c408821,
RMVM_S_9ae779cf13,Buồn & Men Say Nồng,"Kỳ Phương Uyên, Trịnh Lam",INSTRUMENTAL,TIER_B,True,False,0,,False,False,0,,True,2166,336,4722e4f5ae4e410515bd882cd4eddcb708eb428c3fab87213e5978304a4d223f,
RMVM_S_72c6ac98d3,Dạ Khúc Dưới Ánh Trăng,Trịnh Thăng Bình,POP_BALLAD,TIER_A,True,False,0,,False,False,0,,True,1399,236,eeff8ddab1bff996da3c71d4f9c0b46015ebce00cfbf6a15a9ce9b3a106aed03,
RMVM_S_4f91809a51,Cạn Chén Men Cay,Khưu Huy Vũ,BOLERO_TRUTINH,TIER_A,True,False,0,,False,False,0,,True,1481,263,e43ab544f1efb5ac76ee2c6fdcadd96f5f118b4b3357f9a6b61316ba691780ce,2023.0
RMVM_S_1dc0770ed8,Gió Mùa Xuân Tới,Nhiều nghệ sĩ,BOLERO_TRUTINH,TIER_A,True,False,0,,False,False,0,,True,2121,349,d010496b4cbffa12efabcfa7c6ff552bc7749ac2588c003cabe7af1b860cbe1b,
RMVM_S_442ebbf998,Bỏ Đi Mà Làm Người (Kiếp Cần Sa 3),Tào Lữ Phụ,POP_BALLAD,TIER_A,True,False,0,,False,False,0,,True,2360,422,0ce6f02bde4f984443730ad5dedeb9d70790fe2fe5a404b0399116e64169c03a,
RMVM_S_d4e86cfc32,Anh Có Về Hà Tĩnh Với Em Không,Thanh Hương,POP_BALLAD,TIER_A,True,False,0,,False,False,0,,True,1635,282,41668d5c2dbefaf6ca2aafad25ab44b569b9a9e79362713073fbae8163c3122c,
RMVM_S_6f9b3c0bc9,Anh Quá Dại Khờ (Remix),"HHD, Khánh Cường",POP_BALLAD,TIER_A,True,False,0,,False,False,0,,True,2279,416,1fbec91e9941f42ce2bf87799e28b73536fb9a6c603edec7a483f469de068d6a,
RMVM_S_9300fc0ffc,Thế Hệ Tan Vỡ,"Kai Đinh, SIVAN",POP_BALLAD,TIER_A,True,False,0,,False,False,0,,True,2600,454,7886c03795aea8eff5ae8b0bb8962657d7e39a85864f7c9560f74c7a8b796be7,
RMVM_S_fc3b018f5d,Quảng Ngãi Nhớ Thương,"Trường Kha, Giang Mỹ Huyền",FOLK_TRADITIONAL,TIER_A,True,False,0,,False,False,0,,True,2528,420,2bc27c332d8b1be7fe6f6de2a20f3ed69972e124b24a180aa634f1a06fe5997b,
RMVM_S_e8f6aa9fae,Yêu Là Phải Chờ Đợi (Beat),Sky Nguyễn,POP_BALLAD,TIER_A,True,False,0,,False,False,0,,True,1893,340,7c204a311bedf797e57ba1f0517da841167fed9338d5cff947c769c753abddb5,
RMVM_S_67754eb1da,em giấu,Giang Hồng Ngọc,POP_BALLAD,TIER_A,True,False,0,,False,False,0,,True,2092,376,2847d5eaa38906da0034d809dae9602e3fb99d106db3a7ff9777a9a8aab63215,
RMVM_S_b92256cd47,Chiều Mưa Trên Phố,Ron Phan,RB_SOUL,TIER_A,True,False,0,,False,False,0,,True,2605,460,7ce9bad0388c442ad01a4acb1768393614b51e985739e2685273e41eaa9fdb78,
RMVM_S_f68a1d70cd,Khi Anh Ra Đi,Lưu Bích,INSTRUMENTAL,TIER_B,True,False,0,,False,False,0,,True,1498,279,1be8dcca580f4df5ba90b38395ff98147d14c05579c66210725beb0e6e1fbd00,
RMVM_S_9d60ad39e4,Mai Anh Đào,Tùng Nguyễn,POP_BALLAD,TIER_A,True,False,0,,False,False,0,,True,1108,199,dcd11b5d3ad8f4bfc66ff65d4bbe760c358010d81c3163f47afabcfb14af63fc,
RMVM_S_bcecfa98f0,Tội Cho Cô Gái Đó,Nam Em,POP_BALLAD,TIER_A,True,False,0,,False,False,0,,True,2076,377,cf51d057a58a4f7a199944f340413cc1fe0e60dc979083e060e224307a88cf8d,
RMVM_S_41ae75ad90,Anh Cô Đơn Quá,NQP,POP_BALLAD,TIER_A,True,False,0,,False,False,0,,True,2313,439,bc500ffaa552f5e587796b3d0908200230322eb69f00c5c95672b89ff1ccaa3d,
RMVM_S_2b995ac994,Đi Ra Đi Vào,"Minh Đinh, Trung Trần",POP_BALLAD,TIER_A,True,False,0,,False,False,0,,True,2333,427,f7f89f1e1602fa5e9b0af105468380634fdbaf84441732a6c149e1be927ff119,
RMVM_S_6721e4ba2c,Anh Chỉ Là Bạn Thân,Tăng Phúc,POP_BALLAD,TIER_A,True,False,0,,False,False,0,,True,2115,380,72332df82fcb1d50ed1063bd0363b69e8b85a6bcbf006db3930b02e8f2655963,
RMVM_S_2ac2394ff2,Chiều Hoàng Hôn (Cải Lương Remix),"Jombie, Jena, G5R Squad",POP_BALLAD,TIER_A,True,False,0,,False,False,0,,True,3226,604,60f7baf67223e45b340ca4fba1cc003f5f65de3ef0c728068c1af23ee601697e,
RMVM_S_0ed355b65c,Tết Là Tết,Bé Ngọc Ngân,POP_BALLAD,TIER_A,True,False,0,,False,False,0,,True,2128,372,412401ceffc6bd21c9801d0ec65c2dff4671876395a9420370356e0d60e45c4b,
RMVM_S_34b455e283,Chuyện Người Con Gái Hái Sầu Riêng,Hương Ngọc Vân,BOLERO_TRUTINH,TIER_A,True,False,0,,False,False,0,,True,2188,362,10330dd78f7554e19fd583f0a48b97ca61dee61d7ef36df902ecb65f5398b4ea,
RMVM_S_679340ebc0,Anh Cần Một Bờ Vai,"Khánh Đơn, Khánh Trung",POP_BALLAD,TIER_A,True,False,0,,False,False,0,,True,2246,420,b1b7d8ae953e164fb0add8a8b9416b48e2da29ed48822ab94288b8415a6ccfbc,
RMVM_S_4634dc0aa7,L.O.V.E,Lou Hoàng,POP_BALLAD,TIER_A,True,False,0,,False,False,0,,True,3109,586,e5ea3d219007e09818770fb5f90a3bd90db965757ef6d8b9f7d1192149bccd88,
RMVM_S_efc0e86bf6,Bòn Ơi Thương Lắm Quê Mình,"Lâm Thanh Tuấn, Châu Thoại Mỹ",BOLERO_TRUTINH,TIER_A,True,False,0,,False,False,0,,True,1929,324,1f8ff38ea2b9a6f0c2099fad55adc4d58638011eada40bb26d54a574f27f50e8,
RMVM_S_536cc7ff23,Thằng Hề Nó Yêu,"Nguyễn Đình Vũ, DC Tâm, Hiếu Rock",POP_BALLAD,TIER_A,True,False,0,,False,False,0,,True,2265,383,8adaac4b3458ca6c43b3db496190597bd6719cb68f8891286f9e316736fdc74c,
RMVM_S_43f2b08504,Em Chính Là Người Anh Yêu (Remix),Mạnh Tịnh,POP_BALLAD,TIER_A,True,False,0,,False,False,0,,True,2285,393,69aa47e1b9714429663f20932134a32ffda55cd03a8788a580dfa9d96ca6c3f0,
RMVM_S_0b37bf7b9f,Chuyện Bạn Tôi,Oliver Lee,POP_BALLAD,TIER_A,True,False,0,,False,False,0,,True,2475,419,ee5ace9cc3ec938726fec49632fb3d179ae0ec6e055eab6a925b093514fd0066,
RMVM_S_49bc46d924,Anh Sợ Mình Yếu Đuối,Truc Ban Bun,POP_BALLAD,TIER_A,True,False,0,,False,False,0,,True,2407,412,961ed74c6eb1fe3c5b9007b16410edbca35d11594184edb01a7a2d8c71f244fa,
RMVM_S_48676f57f8,Người Vội Vàng,Hoàng Châu,POP_BALLAD,TIER_A,True,False,0,,False,False,0,,True,1845,329,ff6f4f21057fb29ad5e974906d9c4e1fe81073f0b6796b80e8dc09f3435686c0,
RMVM_S_b932ddc27b,Chưa Từng “Người Yêu Cũ” Của Ai,Shine Thành Anh,POP_BALLAD,TIER_A,True,False,0,,False,False,0,,True,2114,353,edf98b745211d83d65dfeffcbacba9ec1b945c2645a2ec9f8ff609fe648e41e4,
RMVM_S_f58c69eb5f,Chiều Tà,Thu Giang,BOLERO_TRUTINH,TIER_A,True,False,0,,False,False,0,,True,1347,225,0b96e80fd183e1863ece3811773698bccf1e51c55fb2683005cee70c524d51f3,
RMVM_S_29639e6987,Em ơi! Hà Nội phố,Hồng Nhung,POP_BALLAD,TIER_A,True,False,0,,False,False,0,,True,1594,283,6484b47f5cc474da7220c5e33dca812381cc5badd10a11328de713d01621ae38,
RMVM_S_c1a4118ef1,Chiếc Váy Xinh,"Nasty5, WIT",RAP_HIPHOP,TIER_A,True,False,0,,False,False,0,,True,2446,430,16d013983deb1873a4023ef6ba40ba26b44b64c3db9447364f331734fd8253d7,
RMVM_S_795e5f2184,Ai Đúng Ai Sai,Lương Minh Trang,POP_BALLAD,TIER_A,True,False,0,,False,False,0,,True,2254,404,7e03339e75788e760a10cdb9f156a0717dcc34d1328d87f1c8205d654e424858,
RMVM_S_0ba6f1a592,Anh Có Người Mới Chưa,Huỳnh Tú,POP_BALLAD,TIER_A,True,False,0,,False,False,0,,True,1732,309,15d308a36d0583f8944a0e4326a77f656029b85827f1ca58713026736f999b03,
RMVM_S_58d1bd5501,Người Dao Nhớ Ơn Bác Hồ,Thanh Hoa,FOLK_TRADITIONAL,TIER_B,True,False,0,,False,False,0,,True,1871,359,2e163f991b8b4b4f3438a53d8a8dc443cbb3c2b3b96d88787a7d2a2ee9c65f26,
RMVM_S_e0e5fbe74f,Chúng Ta Không Thể Yêu Thêm Lần Nữa (Prod. Vic),Kidz,POP_BALLAD,TIER_A,True,False,0,,False,False,0,,True,2849,494,7120c260ec2e6655ca326006fbdea59880717bba44dd4eeb802a63b6ac3e6123,
RMVM_S_4a18af78d0,Anh Sợ Mất Em (Remix),The Men,POP_BALLAD,TIER_A,True,False,0,,False,False,0,,True,1444,254,8d10745aa660636968982103fc5555292d81457d7bab73333349f64138fd95bc,2015.0
RMVM_S_f8f9e94114,Chút Nắng Vàng Bay (Live at Giấc Mơ Sol),Tùng Dương,POP_BALLAD,TIER_A,True,False,0,,False,False,0,,True,1314,226,98fab6ee67d15c0964e48082b777b79707c82597781c49fdf34cb9119f9b7589,
RMVM_S_71e7743b99,Love Pain (Tình Yêu Là Nỗi Đau),Khoi Vu,POP_BALLAD,TIER_A,True,False,0,,False,False,0,,True,1265,244,f67a218dc6f4113b3ade46b75045374b452a2decf2195e6e655361a5451ffb2e,
RMVM_S_77124708ab,Ta Hỏi Lại Nhau,"Lê Thu Uyên, Duy Phương",BOLERO_TRUTINH,TIER_A,True,False,0,,False,False,0,,True,1725,300,8493057dd64f76eae667127e36ea04e038cd45a503b66c39467caa3cb41f6c1c,
RMVM_S_318ed1cf27,Cái Mày Ở Lại Đây Nha,"Cát Tiên, Huy Đinh",POP_BALLAD,TIER_A,True,False,0,,False,False,0,,True,2236,392,aa4b15d04969349a051d8e558ee795c984206c4ebbe7213cc7a44c3508b754d1,
RMVM_S_ac185e9bf4,Chút Buồn Còn Vương,"Minh Tuyết, Nguyễn Minh Cường",POP_BALLAD,TIER_A,True,False,0,,False,False,0,,True,2438,399,d51de7afec5b534aee195cf221001cba3f613e92e41eacb06507d6bcc26acc36,
RMVM_S_343b763426,Thế Giới Mới,Đức Hati,POP_BALLAD,TIER_A,True,False,0,,False,False,0,,True,1185,193,114420c5b410ba2913de5806aa0d4cf3fce3130786ad2d21bcf6d3879d7308f0,
RMVM_S_16ddd1704e,Yêu Anh Từ Đó,Dương Huệ,BOLERO_TRUTINH,TIER_A,True,False,0,,False,False,0,,True,1855,313,270dba38e6a3cff9ff454e5faab9f20bd722675c039dff9fa9a1031f381cc931,
RMVM_S_f4b75d30f2,Nếm Lấy Trái Đắng,"Sona, G5R Squad",POP_BALLAD,TIER_A,True,False,0,,False,False,0,,True,2416,429,b453f0ad169934dc85f4f061bc1a2b22f966460bea787c18b017f4df5a72bf49,
RMVM_S_1f954b1b41,Tình Tự Mùa Xuân,Quang Dũng,POP_BALLAD,TIER_A,True,False,0,,False,False,0,,True,1465,250,8bf7d30c7277176f5823c1836000b6c0565768e704adb70af398d203f7798df7,
RMVM_S_45a2a62af4,Đồi Thông Hai Mộ 2,Như Ý,BOLERO_TRUTINH,TIER_A,True,False,0,,False,False,0,,True,2189,356,d1df939823f9a212d1bab1b5ade72d955cbf6ae32c2c1197e3428e3b77feb1c8,
RMVM_S_cff37b7068,"Nếu Lúc Ấy (Vệ Sĩ, Tiểu Thư Và Chàng Khờ OST)","Bằng Kiều, Văn Mai Hương",POP_BALLAD,TIER_A,True,False,0,,False,False,0,,True,1559,276,f688faf8ce96db35a1306901e995efcb15495777a8bf691e930ac4035d860e0d,
RMVM_S_0ddcb3dfcc,Cắm Sừng Ai Đừng Cắm Sừng Em,"Phí Phương Anh, RIN9",POP_BALLAD,TIER_A,True,False,0,,False,False,0,,True,2438,431,8c77320512e370d9b744814958e9774b3b1b339f26413e2274c07935b0a1e4d5,
RMVM_S_fb7897ec49,Có Phải Em Đổi Thay,Vân Du,POP_BALLAD,TIER_A,True,False,0,,False,False,0,,True,2011,346,d853c1be3bc541ce76f2ab604bea489f4813821f24e4a044d6ac907f3ff24d56,
RMVM_S_233283dfe2,Bên Em Luôn Có Một Người,Y Jalin,POP_BALLAD,TIER_A,True,False,0,,False,False,0,,True,1559,280,72851f2f62454e731de0754a11fe737a189c58e022fed4e134edee3c26f0b5fa,
RMVM_S_56f3e81eb0,Muôn Thuở Tình Đau,Dương Hồng Loan,BOLERO_TRUTINH,TIER_A,True,False,0,,False,False,0,,True,1573,274,d29e5d2b507d7c27e431177e28c43a6ef039084c4710549ae45f69429bc2ce2e,
RMVM_S_a2ff14e828,Đánh Đổi Cả Thế Gian,Mây Trắng,POP_BALLAD,TIER_A,True,False,0,,False,False,0,,True,2071,357,1ca0b53c03073ea2c4785ae58dd0b249f591de3bab85f837ca4f39e3793719d2,
RMVM_S_749c2293ea,Đường Tôi Chở Em Về,buitruonglinh,POP_BALLAD,TIER_A,True,False,0,,False,False,0,,True,2874,498,80be28848d0e8f934fe832d2b9e8798f0880cb0214aa22156544574f621cf9e7,
RMVM_S_993d215b43,Dịu Dàng Sắc Xuân,"BeeBoss, Châu Ngọc Lan",POP_BALLAD,TIER_A,True,False,0,,False,False,0,,True,1494,260,2f3b6dfb513a9c81a2a679dcfca3c806029604fa6023afb88fc2f65b4db58b2f,
RMVM_S_06763646e9,Ngồi Bên Anh,"Nguyễn Văn Chung, Thanh Goll",POP_BALLAD,TIER_A,True,False,0,,False,False,0,,True,1829,325,234cf77a09f320b7df65f91ecdde3158f5412ea9c07474a05e4ef191af9e8bc4,
RMVM_S_48a1a3f25c,Nhạc Kịch: Tên Sở Khanh,"Kỳ Phương Uyên, Bằng Kiều, Minh Tuyết",POP_BALLAD,TIER_A,True,False,0,,False,False,0,,True,4051,729,abea152d14d7b963286af496f17d4fe4e531608cd07c870b9c32a88db2e01060,
RMVM_S_0408c1ebd7,Em Đâu Có Biết,"Bchow, Illusion, Triple",RAP_HIPHOP,TIER_A,True,False,0,,False,False,0,,True,3200,547,f21abc57244b8d71e6724e374a7613db38220c79f78fc5aa151b6382f2e6e19e,
RMVM_S_8b8bf099ee,Anh Nói Em Dễ Thương (Tropical Remix),Hàn Dung,POP_BALLAD,TIER_A,True,False,0,,False,False,0,,True,1642,298,d660d9f75b62f29d53807e878141b4932b7f705ca7e547b87ee947db4cc6e058,
RMVM_S_15cb683df8,Dòng Ký Ức,Cao Như Long,POP_BALLAD,TIER_A,True,False,0,,False,False,0,,True,2026,358,cc33713040eb0ac1829aad537cae2db9b7955cb6e7bd3d25c2bb1119841c16d8,
RMVM_S_0e7cff71e8,Tập Yêu Đi,Anh Rồng,POP_BALLAD,TIER_A,True,False,0,,False,False,0,,True,2888,534,3358597aab4d35fa78da43d712f22bf63b3867a03d671731ea249742e9242d8b,
RMVM_S_10e6abe7ef,Em Là Món Quà,"APJ, Kiper T",POP_BALLAD,TIER_A,True,False,0,,False,False,0,,True,1488,258,88ce4e0a8184462d2d5b4f9a9033f7c4856640fe1948601f9f3461aaab7a26e7,
RMVM_S_17068ebd1a,Xuân Và Em,"Liêu Chấn Hải, Minh Hoàng",POP_BALLAD,TIER_A,True,False,0,,False,False,0,,True,2763,477,f333968bea3bec7d3680e1808a7cdb33e5233c954c97264df5f573973424f2ee,
RMVM_S_d964b8b766,Gọi Thềm Đêm Sương,Trần Phúc Nhuận,BOLERO_TRUTINH,TIER_A,True,False,0,,False,False,0,,True,1173,199,8d265763f7bd8879cb0a9a0c9aa9f2dc6396a15e53859ac58e3ed742c70e30bf,
RMVM_S_06016eabcf,Đóa Hoa Hồng (红玫瑰) (Chengfeng 2023 Version),Chi Pu,POP_BALLAD,TIER_A,True,False,0,,False,False,0,,True,1001,194,0aec39bb8309950a9297c141c7805013893473e7ef45af418e30c74dfdb40269,2023.0
RMVM_S_7c5c4a3c3b,Chàng Trai Si Tình,Đạt Long Vinh,BOLERO_TRUTINH,TIER_A,True,False,0,,False,False,0,,True,2150,392,46bdf743382a90a66fcc9e52321dc8a350816eb38c230d38ada0b2aed30de15b,
RMVM_S_1b2f668070,Có Duyên Không Phận,Chilly,POP_BALLAD,TIER_A,True,False,0,,False,False,0,,True,2100,362,4950cfecbd96557b8c6f271378ef3cbaa0f4418ef4064d18600d8520625e2a2b,
RMVM_S_18ffd2ea10,Chiếc Thuyền Nan,Kitty Ngọc Nhi,CHILDREN,TIER_A,True,False,0,,False,False,0,,True,1219,200,daf4bbd57c470abb415413f5e7ba58a3cb57dee07a45bedc0b5d90eb9ca7287e,
RMVM_S_7df9cd5337,Thở Đều Em Nhé,Thanh Ngọc,BOLERO_TRUTINH,TIER_A,True,False,0,,False,False,0,,True,2010,355,ed63fbe264cfd205e3afa07317da3c49a76f57211671ce5bf4f55dc8513f3ad8,
RMVM_S_04b916f1e2,Anh Cho Em Mùa Xuân,Hồ Văn Cường,BOLERO_TRUTINH,TIER_A,True,False,0,,False,False,0,,True,1912,330,6461aa8e6d9ef69e8282c7c7eb2aff8c8d7b6bc669f567bb181e2443074b1eac,
RMVM_S_c491eebc1a,Em Là Con Gái Rượu,"Võ Lê Mi, Jin Tuấn Nam",POP_BALLAD,TIER_A,True,False,0,,False,False,0,,True,1942,353,d66c236c8ab56634288ba44661cab7416c2dc0ea0295ecc092cd7f047c6f5a1b,
RMVM_S_2020fb29c1,Nếu Như Ai Còn Mẹ,"Phạm Anh Khôi The Voice Kid, Quách Anh Tài",POP_BALLAD,TIER_A,True,False,0,,False,False,0,,True,2293,396,53c2a091e395b3bff33d0d53c3c59b531c727afff6495d55c94c6951a3bf7125,
RMVM_S_57e6e79cdc,Anh Muốn Đặt Tên Em Cho Bài Hát Này,nighTy,POP_BALLAD,TIER_A,True,False,0,,False,False,0,,True,2200,404,11a69a44f2d56d214cd4c48efe9230c0d84dff47e862a11fd5cb9c3ba61334a6,
RMVM_S_a31ee3419e,Bao Giờ Biết Yêu Lại,Lê Vy,POP_BALLAD,TIER_A,True,False,0,,False,False,0,,True,1454,268,3361b31524dfd12c507a7d253dd1d76ed9ebd5937eda38bd44b8a3a133578bb1,
RMVM_S_cc8ede2ca8,Ký Ức Cha Tôi (New Version),Vũ Hoàng,BOLERO_TRUTINH,TIER_A,True,False,0,,False,False,0,,True,1876,329,d246827eb7a67513b7b1cbdc439f5c31868f25d72981ea172d8053eae75ec659,
RMVM_S_205fdbc0f3,Chờ Em Được Không?,Anh Hào,POP_BALLAD,TIER_A,True,False,0,,False,False,0,,True,2575,462,5487fd576132580f96292ca7c5cae70497a2933324c2d474add849d1a2eaa47c,
RMVM_S_7885f70f89,Sông Vong Xuyên Hoa Bĩ Ngạn,Anh Duy,POP_BALLAD,TIER_A,True,False,0,,False,False,0,,True,1644,282,95e410924abfea79b072ca50e517435ef045a8727f9cec96a730c3758fcd01c6,
RMVM_S_267679f970,Liên Khúc Tình Đơn Phương - Ảo Mộng Tình Yêu,Đan Trường,POP_BALLAD,TIER_A,True,False,0,,False,False,0,,True,1690,299,57348f7629d6486834802f5c9a070e54ac2ab9d62d764b7434fd2502c953cb91,
RMVM_S_3c10111b73,Chia Tay Vì Quá Hiểu,Vũ Duy Khánh,POP_BALLAD,TIER_A,True,False,0,,False,False,0,,True,2317,403,9184a5d5dabc9c946d48136cb9180a7b6d086bd7c2baf12488b66d0ebb37e77f,
RMVM_S_908aa4fdd7,Love You Love You (Yuuki Remix),"Bix Music Group, Chú Gián Nhỏ, Yuuki",POP_BALLAD,TIER_A,True,False,0,,False,False,0,,True,635,123,62b3ebd6a5335192b6de3611dc7687ae1c35ebd53e8ed29524b2ae765238af3d,
RMVM_S_8526e17820,Đông Đến Kìa Em,Bằng Cường,BOLERO_TRUTINH,TIER_A,True,False,0,,False,False,0,,True,1905,325,beda2f9a0bbae4c1d61df2ccde3850eb6abfdbccf3490a34384bdf40340367f4,
RMVM_S_41bc0551f9,Em Làm Bạn Gái Anh Được Không,Tuấn 2T,POP_BALLAD,TIER_A,True,False,0,,False,False,0,,True,4499,815,75a331b336b8ed47c1b01dbd12a2f869d763d4be70a795c7cbb3d42682f00e70,
RMVM_S_2ff869e1bc,Có Anh Bên Em Mãi,Đoàn Thúy Trang,POP_BALLAD,TIER_A,True,False,0,,False,False,0,,True,2288,403,3978994f42d2990792433f3ff17e34e89e6db9e9f744172d34c48395fe429409,
RMVM_S_d991c3bdd7,Em Đã Nói Anh Nghe Chưa (Beat),Ammy Minh Khuê,POP_BALLAD,TIER_A,True,False,0,,False,False,0,,True,1929,355,a839363e8d19cd1fa0e0b78f19050c32300a95a326ac0ef9a0dd2bed104500e2,
RMVM_S_298e202a1e,Đơn Giản Anh Yêu Em (DJ Trang Moon Remix),Phan Duy Anh,POP_BALLAD,TIER_A,True,False,0,,False,False,0,,True,1430,250,72f4a83b401a6b9c6f57cb7a1e4a0acb2019aaa3dc965fe9e68c813c06200680,
RMVM_S_5f930b7724,Cũng Ở Nơi Đây,Vương Khánh,POP_BALLAD,TIER_A,True,False,0,,False,False,0,,True,2165,383,94538b5c09ccc33c8da0c6a580ad34bc7713040c438fe2419a13472fcd59444c,
RMVM_S_2c8aaa12f8,Tới Lúc Em Đi,"K-ICM, APJ",POP_BALLAD,TIER_A,True,False,0,,False,False,0,,True,1511,264,114c386b81dd4949e485ef8e9f42dda77d95ba48790f71691f2358ee1a1ab4be,
RMVM_S_dfa6b80b2b,Khi Yêu Thương Là Thói Quen,Long Hải,POP_BALLAD,TIER_A,True,False,0,,False,False,0,,True,2226,383,600d8c740cdaffc7cab4a3a63593622345d474ef32b47d65b7e80e7d1de984c8,
RMVM_S_a5a0b5ca15,Cua Mề Đại Chiến Long Hách (Siêu Nhân Cuồng Phong),"Đào Nguyễn Ánh, Trần Hiếu Trung, Cua Mề",POP_BALLAD,TIER_A,True,False,0,,False,False,0,,True,1739,326,7507923d11c8189b626bd3a75b9c1e6aed0f530a9653d05b6ab374824569ccc7,
RMVM_S_d2b866e090,Hình Dung Thoáng Qua,Trần,POP_BALLAD,TIER_A,True,False,0,,False,False,0,,True,1859,339,ea6c6dbcb0b288e5b30f61f091388fa95078f220839b8ecfa4eecae52f7dd957,
RMVM_S_398cb567ce,Lựa Chọn Của Anh (Vinahouse),Thương Võ,DANCE_EDM,TIER_A,True,False,0,,False,False,0,,True,1782,309,adaa70e139d5a9d8015910632ae6b1aa44e3ea16dc42ef2ea2a96182741fa49f,
RMVM_S_b00e246fa1,Kỷ Niệm Xa Rồi,Hồng Hạnh,BOLERO_TRUTINH,TIER_A,True,False,0,,False,False,0,,True,1696,290,98ab61f9381d131e7115c3e01eb51813e760ace528398422579c3fc21fde4285,
RMVM_S_f53825e0fe,Không Thương Cũng Đành (Cover),Cường Mèo,POP_BALLAD,TIER_A,True,False,0,,False,False,0,,True,2412,413,2fa93bec27777089f31f082c336bf4db91016c8df1d5040b82e2f07cb460975c,
RMVM_S_a3adb3646d,Áo Tím Ngày Xưa,Thái Hiền,INSTRUMENTAL,TIER_B,True,False,0,,False,False,0,,True,1234,214,8b778d177ebd490fffbae541596e6529ab1b725d2c808e38dfb425072e18db5f,
RMVM_S_05e686e062,Chia Tay Trong Nước Mắt,Phương NP,POP_BALLAD,TIER_A,True,False,0,,False,False,0,,True,2231,395,3ff2a59b4a73ac0e5ca9fde1529aa7d496e844fd489ede02030abb7798e8cc7d,
RMVM_S_053765bc4a,"Cafe, Anh Yêu Em!",Tino,POP_BALLAD,TIER_A,True,False,0,,False,False,0,,True,1932,351,1ddbb92a89ba3f85ed4be85e78201936df7bc0026a9680239e366f26c39c511d,
RMVM_S_9d2f216dbc,Chuyến Phiêu Lưu Cùng Em,Trung Quân Idol,POP_BALLAD,TIER_A,True,False,0,,False,False,0,,True,1464,245,f190d331652f385669809a2547d9912e1766c495e4d9e79d8a3938e7310e0221,
RMVM_S_042b6e4385,Nét Buồn Thời Chiến,"Hoàng Dũng, BCLC",POP_BALLAD,TIER_A,True,False,0,,False,False,0,,True,1495,252,0285f2db86c8aab101417672c4e58ced317d00d042b85fc00a4266d2139e84f1,
RMVM_S_2086832ead,Điều Ghi Tạc Lòng Con,Phước Lộc,FOLK_TRADITIONAL,TIER_A,True,False,0,,False,False,0,,True,2456,432,0e30fe8f68000cff5ccdfd779b8fd09397def44969cedeb7109a0b62ca0e0408,
RMVM_S_0bf5bb5208,Tình Anh Dại Khờ (Beat),Hoàng Minh Quang,POP_BALLAD,TIER_A,True,False,0,,False,False,0,,True,2385,431,ffb4dfd2bd5a04e6360cc88daa4fd43ccd3313e35792c9dff07d6ad45b8533ac,
RMVM_S_0a31d1d2ca,Nỗi Nhớ Người Xa Xứ 2,Thạch Thảo,BOLERO_TRUTINH,TIER_A,True,False,0,,False,False,0,,True,2116,362,a71ac72dcda531560397ccc0fa49fae3b8d9f5edb8689c29d4ce17715f4a23a7,
RMVM_S_fe32bcea0f,Liên Khúc Modern Talking (Beat),Ngô Viết Trung,POP_BALLAD,TIER_A,True,False,0,,False,False,0,,True,2461,418,20d272102b13c483ab620694b7932dda4e44b8ad0c617e0cd5f97a9cdec5e5de,
RMVM_S_41852304d9,Sầu Khúc Mùa Đông,Trường Kha,POP_BALLAD,TIER_A,True,False,0,,False,False,0,,True,1764,298,a5b92c265d61a3aa586e308193b57d820c811af0b5a5f0cae554e58e698ce70e,
RMVM_S_3a36994d7d,Love You More Than Me,"K-ICM, Huyền Tâm Môn",POP_BALLAD,TIER_A,True,False,0,,False,False,0,,True,2144,369,bbb88cf88fb5b37cd831c6ece275254be1cff8adc62f17dc1c111bb87a09a77f,
RMVM_S_4b083c65d9,Mashup Tuổi Hồng Thơ Ngây & Nhìn Nhau Lần Cuối,SMELOD,POP_BALLAD,TIER_A,True,False,0,,False,False,0,,True,1554,272,12b0b129c13d6eb21bf66208d1cc865f894c258415e408dbbe52bf4c366972bf,
RMVM_S_98d2ba64cc,Để Làm Người Yêu Em,Chuy Blue,POP_BALLAD,TIER_A,True,False,0,,False,False,0,,True,2172,383,38e9219f8b757926b4f00c796cc511a0eb133fabf1d950615c12d3cddd583e24,
RMVM_S_1d6d161189,Ma Sơ Hiền Của Tôi,Diệu Hiền,BOLERO_TRUTINH,TIER_A,True,False,0,,False,False,0,,True,1258,211,1af3d756874139eb16910a1e2f5390c0b3ffb6e8b456ebfd3c3dd6b4cc2f2f38,
RMVM_S_5c381a4ead,Chiều Đông Nhớ Mẹ,Trường Sơn,POP_BALLAD,TIER_A,True,False,0,,False,False,0,,True,2043,347,f115cc864979941b22fb809e2bd51aab35b6d7352f329c588542da27fa31c721,
RMVM_S_69efab4f5d,Quê Hương Những Con Tàu,Thanh Thúy,BOLERO_TRUTINH,TIER_A,True,False,0,,False,False,0,,True,2125,373,9f2979e46d1283966dbe165630a5d52d88d5add262953743a057ec260dbc1ada,
RMVM_S_e293c135f4,Hát Xướng Thờ Phượng Chúa,Isaac Thái,POP_BALLAD,TIER_A,True,False,0,,False,False,0,,True,2298,372,d041ec79ab21a0457440c225a2906dd0754726a06ae51c1b26159bf78273e413,
RMVM_S_bec01bd306,Intro: Em đi chùa Hương & Về nhà ăn Tết & Mùa xuân ơi,Nhiều nghệ sĩ,POP_BALLAD,TIER_A,True,False,0,,False,False,0,,True,2300,411,8b7a2ec042d0140cdbabaf6034ed2646e8ad6a999626a7790db8855e6562fb01,
RMVM_S_ee4109f184,Lúa Mùa Thắm Duyên,"Khánh Hoàng, Lâm Ngọc Hoa",BOLERO_TRUTINH,TIER_A,True,False,0,,False,False,0,,True,1867,317,d49102a3c0d05efb75bb9126ce98c76538498c39e495e17fa5728218af5778f8,
RMVM_S_7bece52acd,Chín Tháng Cưu Mang,Phùng Ngọc Huy,BOLERO_TRUTINH,TIER_A,True,False,0,,False,False,0,,True,2211,393,c6091edf0bba438a6b5bd0e9f9cef1e490ef5538a719a06b3beec41ae1f29389,
RMVM_S_c39520aa14,Hẹn Yêu (Beat),Duy Zuno,POP_BALLAD,TIER_A,True,False,0,,False,False,0,,True,2327,410,2b39362b9b6370e407b6db2765e61b50d4f0405cb015d86df598012e184c2547,
RMVM_S_505e93c77e,Bài này không để đi diễn,Anh Tú Atus,POP_BALLAD,TIER_A,True,False,0,,False,False,0,,True,1742,309,94f3db8c979f652c83c63adb03053d7ca9ec86117cd7d206b348662c0da5fd68,
RMVM_S_b1b915ea94,"Anh Thương Em, Em Thương Ai",Đinh Tùng Huy,POP_BALLAD,TIER_A,True,False,0,,False,False,0,,True,1895,335,d0e776857f1a9a1970fb7db8fbd7a1800aa8747a825e7ffca4090f4d831c107a,
RMVM_S_93f9eefc46,Anh Còn Ở Đó Không?,Trương Quỳnh Anh,POP_BALLAD,TIER_A,True,False,0,,False,False,0,,True,1866,339,c2e2f997a4842338f2a0eeac63b51a37816497fcb33c8aff62653ab2f4ac1888,
RMVM_S_c0cdbaab8d,Anh Không Còn Thương,Diễm Hân,BOLERO_TRUTINH,TIER_A,True,False,0,,False,False,0,,True,1693,300,a2bafc9c72b7b4594aa79d14500d7ec0318daf4fb93c1b190e8b8962664d42c0,
RMVM_S_d0cbac0834,Trọn Kiếp Đơn Côi,Nguyễn Hưng,INSTRUMENTAL,TIER_B,True,False,0,,False,False,0,,True,1304,228,9a3cdfbcbcf4f71a94b3a91bd50310de24b7c9ed86f4c7c856db8ccfd5efccf7,
RMVM_S_d3ca163bce,Góc Em,Hoàng Quyên,BOLERO_TRUTINH,TIER_A,True,False,0,,False,False,0,,True,1173,202,50798501a2b1faa5e0cd0cc63d9e7e6d8866215462b0c2bd248597586317419c,
RMVM_S_98da8b6d02,Phía Không Em,Vũ Minh Vương,POP_BALLAD,TIER_A,True,False,0,,False,False,0,,True,1304,218,9800a881aec93a328b4564bab387685aed3052b0baf5f0ba395954c2c8faec2f,
RMVM_S_8fe7733a86,Đêm Buồn Phố Thị,Hà Vân,INSTRUMENTAL,TIER_B,True,False,0,,False,False,0,,True,1234,211,8900fea3d5de278a9a7fb183ef894ef9011c77371d20ab06411edfde1033d0f4,
RMVM_S_68ae468e54,Chiếc Lá Mùa Đông,Dương Gia Khánh,POP_BALLAD,TIER_A,True,False,0,,False,False,0,,True,2407,426,93bc56f920307bbdc1feea8d59d18e333453c2472b1a92d000c95c5b0af7612a,
RMVM_S_6ca2313908,Mãi Mãi Là Một Lời Nói Dối (Piano Version),"Khổng Tú Quỳnh, RIN9",POP_BALLAD,TIER_A,True,False,0,,False,False,0,,True,1782,314,c8edd443ca7edbcab229307c5796bfa77ec26ed5091cb9880d46c726caae4119,
RMVM_S_ea9061abe3,Miền Cực Lạc,"DanhKa, G5R Squad",RAP_HIPHOP,TIER_A,True,False,0,,False,False,0,,True,3295,553,7e06cd7484d577937fb3e4ec20892d06880c62ad4f01d6c9c0a6b3e7ed9a03a4,
RMVM_S_c89abbe1d4,Mưa Trên Biển Vắng,Cẩm Ly,POP_BALLAD,TIER_A,True,False,0,,False,False,0,,True,1394,244,aa8885624f9a93c824d7447b06b0e3b7f8e20e09de7fa7e81b9906b770f48518,
RMVM_S_558b7dbf0b,Em Luôn Trong Tâm Trí Anh,"Kaisoul, Nguyễn Văn Chung",POP_BALLAD,TIER_A,True,False,0,,False,False,0,,True,2354,407,813fcbdbe50899a176948d26c1a2112375b9c6f79787ac0ba550e70cfac5bd25,
RMVM_S_b90764e354,Đây Chính Là Nhảy Đường Phố,Yuno Bigboi,RAP_HIPHOP,TIER_A,True,False,0,,False,False,0,,True,1930,313,0c53fc6717a41b0170f61f8a9b1830b713c402219052df984e72122628abaf38,
RMVM_S_3c21e6c048,Sài Gòn Mùa Thương,Quốc Vũ,POP_BALLAD,TIER_A,True,False,0,,False,False,0,,True,1904,333,307e0def0eac6617f5cd9f303bbf3423b3f5aa429591a5bfec2df767c31f58a2,
RMVM_S_b8f50ca723,Thế Giới Còn Mình Em,Phạm Đình Thái Ngân,POP_BALLAD,TIER_A,True,False,0,,False,False,0,,True,2210,386,1444082f5f140ec761430d44af4ae7c4dbb93f16e322f71a52cbb6671aca2be4,
RMVM_S_1376262df9,Xóm Đêm,Diễm Thùy,BOLERO_TRUTINH,TIER_A,True,False,0,,False,False,0,,True,1520,259,77fdcd8c3599b6bc94c01d263b8ef406c0949b38c2b7c5d15bf108d0bbd00ce8,
RMVM_S_017cbbec39,Đời Là Luân Hồi,"Đạt Võ, Nguyễn Khánh Sang",POP_BALLAD,TIER_A,True,False,0,,False,False,0,,True,2307,400,78104b98b30e09bdf9ff89beb011243fb826f98c16c9f8ec2b5e2225a6d8354d,
RMVM_S_1663805f21,Dù Cho Mai Về Sau,buitruonglinh,POP_BALLAD,TIER_A,True,False,0,,False,False,0,,True,3378,602,eed1f18a1ff42460d3e663b22e2cabfca2c473acbe8dbbd6162e0deb250609a8,
RMVM_S_1c07748911,"Đồng Tiền Bạc Lắm (Parody, Short Version)",Hoàng Hồng Quân,POP_BALLAD,TIER_A,True,False,0,,False,False,0,,True,615,113,bd1a30f3f01eff3ee4605b04e56026c1de3f7afc1d25ec53a70833f68d280d7a,
RMVM_S_7f5be30840,Ngày Mưa (Acoustic Version),Nguyễn Hồng Ân,POP_BALLAD,TIER_A,True,False,0,,False,False,0,,True,2233,402,7744e810bd774d327b3d33d66c32abcf037003aed54b69ae380ef0a58513724f,
RMVM_S_e3a91a25f5,Đến Sau Một Người,Châu Khải Phong,POP_BALLAD,TIER_A,True,False,0,,False,False,0,,True,2335,416,901b1d28945999e0807d8466ab2391ec823e8bae968ccc966ae1c403e27991fe,
RMVM_S_6f4ca4278a,Anh trở về,Nhiều nghệ sĩ,POP_BALLAD,TIER_A,True,False,0,,False,False,0,,True,2830,504,dbcdfd34c904bf2b96dcf6ef2fb5656f0d790c8312b99addaa086a3a105f9d99,
RMVM_S_2980c4669a,Em Sẽ Là Người Ra Đi (Cover),KIM MINI,POP_BALLAD,TIER_A,True,False,0,,False,False,0,,True,2330,435,5a5720b294dbe77b48a4bd721776d19706eb9344ab5cf631b3cb3ca40fa8dd54,
RMVM_S_f68fff2d23,Phố Vắng Em,CHUDAT,POP_BALLAD,TIER_A,True,False,0,,False,False,0,,True,1625,275,88bd8be80fcbc3f8b0779366693458ae18cdfab8639d74b680b4bbcc61192a4e,
RMVM_S_c2da32ddaf,Người Yêu Của Anh,Thiên Ân,POP_BALLAD,TIER_A,True,False,0,,False,False,0,,True,1812,338,9c017c43e98db86c8fe5179c3ddd4516f3a02aa1d011dc571b8141d1ec9ff326,
RMVM_S_df70c57245,Trắc Ẩn,Linh Bina,POP_BALLAD,TIER_A,True,False,0,,False,False,0,,True,2109,386,2ec64432c523b696d4d213985660f4a2746f6dcef44e6d92da65b9c2150b74fe,
RMVM_S_1d8e84c9f8,Lá Diêu Bông,Hồ Quang Lộc,BOLERO_TRUTINH,TIER_A,True,False,0,,False,False,0,,True,1546,291,31444d25266d34729460d60d8b35d509f1fbbb7ab23c860f6db9fd31818f6461,
RMVM_S_36b80859cb,Biển Chiều Vắng Em,Vũ Hoàng,BOLERO_TRUTINH,TIER_A,True,False,0,,False,False,0,,True,1797,309,e5f5c7711e5c94a041b0eff116cc7773834588ac540bcda77de72d0ab529c03a,
RMVM_S_5b1157f420,Deep House Catwalk Dáng Lụa Áo Dài,Thanh Hùng,POP_BALLAD,TIER_A,True,False,0,,False,False,0,,True,3690,678,9707113963aaf9e445d2325ec1d4b679eb299ecddb8a7c177a41d2c155f7de70,
RMVM_S_7da8d56815,Đợi Anh (Beat),Hà Lan Phương,BOLERO_TRUTINH,TIER_A,True,False,0,,False,False,0,,True,1600,281,491cd3cef092bec659ffdf4d8a01a11863a6900536fef3177b36c77dabb955d7,
RMVM_S_5aa5761fa9,Đừng Dễ Dãi Hôn Môi Người Khác,MyMy,POP_BALLAD,TIER_A,True,False,0,,False,False,0,,True,2024,362,87ee2a2bd39053a096a6faad5ecee4d1f423db9ab973bfc8399083d5598f764f,
RMVM_S_844730ca2b,Nỗi Lòng Của Anh,G5R Squad,POP_BALLAD,TIER_A,True,False,0,,False,False,0,,True,4506,795,89ba5d4e443566ae2ad2c2147b299cd10f86da69fce4195b56ca7c04b3aa3056,
RMVM_S_129760af31,Tình Cũ Không Rủ Cũng Tới,Phan Yến Nhi,POP_BALLAD,TIER_A,True,False,0,,False,False,0,,True,2624,443,cdd9cefd9c0cd666a80ada433066e88ba7a2e1aeccd2383073918c8d39c1cb0e,
RMVM_S_050b297017,Giận Anh (Beat),Ngọc Thùy Duyên,BOLERO_TRUTINH,TIER_A,True,False,0,,False,False,0,,True,2169,385,371427db026da5fa8147f46dfa28f2e6dd9be2f9b0d6c716ed8503f51ddb91cd,
RMVM_S_3d97fafc72,Cái Số Cô Đơn,"G5R Squad, Sâu",POP_BALLAD,TIER_A,True,False,0,,False,False,0,,True,3052,538,c3c5372f18c44d675c7be542a06312f4939ec87b6b2e5e1a9cd115394cf2a4fb,
RMVM_S_175a6aaea8,Anh Luôn Như Vậy,B Ray,RAP_HIPHOP,TIER_A,True,False,0,,False,False,0,,True,2409,445,0ea3c7a7f3f77dd88af0d474a00cf6cd7ee49ba269590dd36992e0a7f259ee65,
RMVM_S_44d3488b68,Tìm Đâu Một Lời Hứa,Vân Du,POP_BALLAD,TIER_A,True,False,0,,False,False,0,,True,2397,414,08d1216f52d716f400042a0db4623aa87852604234dbf5c479ceb850e308cfe1,
RMVM_S_57fbb66bfa,Phai Dấu Cuộc Tình (Live in Hanoi),Quang Vinh,POP_BALLAD,TIER_A,True,False,0,,False,False,0,,True,2204,388,38f5426c86b85981e42fec3cbb1109dd20e2aa55bedb03d26d0b923b5e729b46,
RMVM_S_5e9905d648,Trước Biển Với Ông,Bé Bào Ngư,INSTRUMENTAL,TIER_A,True,False,0,,False,False,0,,True,1602,273,16377401cb811923eb04031e725aa8bd8139e64260eb9fd025eba4136702a535,
RMVM_S_acc66905ff,Thương Hoài Ngàn Năm,"Khánh Hà, Đình Bảo",INSTRUMENTAL,TIER_B,True,False,0,,False,False,0,,True,1247,210,76bf26726647d2662b5aa7699b17ccb866b69c54f40bb6a915017e6b57049a6c,
RMVM_S_337407f2e7,Men Say Tình Cũ,A Tổ,POP_BALLAD,TIER_A,True,False,0,,False,False,0,,True,1590,269,ea0fc874c878f744ac39cb218427d928ef91da6e39db896a252ed6fae05744dd,
RMVM_S_30aa02f53b,Bây Giờ Còn Nhớ Hay Không,Trường Kha,BOLERO_TRUTINH,TIER_A,True,False,0,,False,False,0,,True,1704,290,959f1335370dd2a4a5d8ed9f32b0e7eed8ea5d6f8c01c5ea0361a60107cf3395,
RMVM_S_9e95442aec,Cố Mà Sống,Phutoro,RAP_HIPHOP,TIER_A,True,False,0,,False,False,0,,True,2220,376,660b8fb540c5a76586e02c583f86e24249ae76cd12c86a3cae7abbb80cf56eaa,
RMVM_S_8a016cfb73,Mộng Tàn Hoa (Lofi),"H2O Lofi, Thiên Tú",BOLERO_TRUTINH,TIER_A,True,False,0,,False,False,0,,True,1996,341,8bb81e40cfa8681cab3a074b1ff270b3891c11985dc0b5d453d719cc320c0693,
RMVM_S_a81608f607,Yêu Hơn Thế Nhiều,"Mr. Cười, Donna Nguyễn, Joke D",RAP_HIPHOP,TIER_A,True,False,0,,False,False,0,,True,3468,588,ae4fa674884178f7fe27645bc176c92e5f2b5677224d77af6ccc82401c9a7630,
RMVM_S_fcd1959354,Em Dối Gian Tôi Để Làm Gì,Lâm Chấn Huy,POP_BALLAD,TIER_A,True,False,0,,False,False,0,,True,1720,315,05c88317bf458ace110f9566595aba049266445d490d94904630c00f70326e0e,
RMVM_S_4015d6934e,"Anh Vẫn Vậy, Em Đổi Thay",Trung Quân,POP_BALLAD,TIER_A,True,False,0,,False,False,0,,True,1693,303,8de51bea0967aac68eb33036a0f6b4f492a759081e71d348c2fe6416b1f3288f,
RMVM_S_2fb6ef740e,Anh Vẫn Thế Thôi,Tam Hổ,POP_BALLAD,TIER_A,True,False,0,,False,False,0,,True,2523,446,399951a2cf85e23ccc744c36e20a223d18add6be91dc92d8397ace024e0d83ed,
RMVM_S_961246515e,"Bên Ta Khi Giàu Sang (Parody, Short Version)",Hoàng Hồng Quân,POP_BALLAD,TIER_A,True,False,0,,False,False,0,,True,550,96,511e895417df5b591b040c2416a2d3c190e9536d162e93cc8613ca8a2b7d73a8,
RMVM_S_64ead6e4d5,Ngỡ Như Giấc Mơ,"Chu Duyên, ACV",POP_BALLAD,TIER_A,True,False,0,,False,False,0,,True,2251,416,82ea86d754f0e848abcdf8d2a02d686c67563b05e445cae5933dda16460faaad,
RMVM_S_4a9ec2ebaa,Bài Thánh Ca Buồn,Dương Thiện Lâm,BOLERO_TRUTINH,TIER_A,True,False,0,,False,False,0,,True,1727,280,700ac525e187bca990a97f0e2b3d8e714984b417625d79107adfd61938801893,
RMVM_S_30e69300c4,Lụy Tình (AnhVu x HHD Remix),TLong,DANCE_EDM,TIER_A,True,False,0,,False,False,0,,True,2446,424,4cb4bd63bb86a55376d0952eba118c334a974ed28298b2724dd38451ef26350c,
RMVM_S_70ef54103c,Liên Khúc Bolero Mẹ,Nhiều Nghệ Sĩ,BOLERO_TRUTINH,TIER_A,True,False,0,,False,False,0,,True,5405,939,02f0b852aa9e8d6fa4387b761e78990be7357f4c9c474a8c7748a7c6fcc2cc70,
RMVM_S_02d706492f,Chờ Em Nơi Chốn Cũ,M5RUSH,POP_BALLAD,TIER_A,True,False,0,,False,False,0,,True,1476,259,7b560f761f52233cd83f8bf50c2f1d3600f1b5f223eb2f9cd001651d534a1f99,
RMVM_S_1531c419d1,Anh Vẫn Ở Đây (LHK Remix),"Thành Đạt, HOA HỒNG DẠI MUSIC",DANCE_EDM,TIER_A,True,False,0,,False,False,0,,True,2857,472,7a4d3551076ae474abede2271c18e82fd8f63d7fe24646a151081a7651b458ad,
RMVM_S_bdaa009d6c,Cuối Cùng Anh Cũng Đến,Hari Won,POP_BALLAD,TIER_A,True,False,0,,False,False,0,,True,1636,306,fbf9cd517732a0400a313688e40f50fae88f1b19422ec5b87c2f477ea7808780,
RMVM_S_71dc5e6538,Ai Mang Em Trở Lại,Dương Khang,POP_BALLAD,TIER_A,True,False,0,,False,False,0,,True,1999,358,c3fb2f70f569796d14966e1b84ec7b3da60acdf8f81aff5cbedc7a56e6dde009,
RMVM_S_8514514163,Trở Về Bên Bến Xưa (Cover),Quách Tuấn Du,POP_BALLAD,TIER_A,True,False,0,,False,False,0,,True,2252,389,c6dbc0c26fae77937db44ad1cf47374b35d0280075af05758878db3607777ad5,
RMVM_S_45a44ad9a8,Căn Nhà Mộng Ước,Mai Lệ Quyên,BOLERO_TRUTINH,TIER_A,True,False,0,,False,False,0,,True,1727,303,cc2de6acb39479836dd7c7eecab2e73df449218f81c699e4a938e354c8d43ad6,
RMVM_S_03d565e0de,Lỡ Mai Này,"Bozitt, LilGee Phạm",POP_BALLAD,TIER_A,True,False,0,,False,False,0,,True,2147,389,36b470877852b6fc4a6275f1c99e37e2ec3ccca578cb8ef7b32ca24d0c373469,
RMVM_S_fe416e225a,Chân Tình Miền Tây,Lương Minh Đạt,BOLERO_TRUTINH,TIER_A,True,False,0,,False,False,0,,True,3284,557,19b1c5ff7dcbfcae8d42ffee6a9aa55cc7e7a6d53dcd3b9ba2999a10bddb1013,
RMVM_S_b89ba7acba,Chừng Nào Cưới,"Phạm Đình Thái Ngân, Lăng LD",POP_BALLAD,TIER_A,True,False,0,,False,False,0,,True,3171,551,500cc86d0f69d61c06d6da4980b7d31d667aecbd13026a70892a310eb3ae010a,
RMVM_S_dde2c33cdb,Ràng Buộc,"NNA, KaWaiiBi, Kid TD",RAP_HIPHOP,TIER_A,True,False,0,,False,False,0,,True,3659,635,716c330a0b336faec2985d1ef5d6bae31b2e610fbed315e6e0293fafa5477e38,
RMVM_S_387cf8d6bc,Hóa Ra Em Chẳng Ở Đây (Beat),Đỗ Minh Quân,POP_BALLAD,TIER_A,True,False,0,,False,False,0,,True,2013,355,2700475b20cec66d4b354f90901f51c9681530f054cd61fff52aca460882b7ae,
RMVM_S_8df2c0107a,"Chúng Ta Sẽ Hạnh Phúc, Chỉ Là Không Cùng Nhau",Kalee Hoàng,POP_BALLAD,TIER_A,True,False,0,,False,False,0,,True,2117,373,5f7e8a33a3ca6046fb9ee832fa8abe33ca2d98135df2d9a6c4b511044ad0c296,
RMVM_S_23cee340bb,Người Thế Thay,Hamlet Trương,POP_BALLAD,TIER_A,True,False,0,,False,False,0,,True,2548,441,a512204bbd475f9540502ddd3282f0cac69f22c2844bb37118958a276e6ca982,
RMVM_S_2937b32011,"Đóng Cửa, Tắt Đèn","Cheng, Táo",POP_BALLAD,TIER_A,True,False,0,,False,False,0,,True,2321,407,9031955fc44bb3633ea2a6afc97fcb6089aaf3768e61e1ebe1be29b5f5e1fc4a,
RMVM_S_6ef928c25e,Cố Chấp Thương Em,Trường Khang,POP_BALLAD,TIER_A,True,False,0,,False,False,0,,True,1853,311,94dc1d06a7ac51c169b8e125137832443a1a84be58aceaaa77d82d743bdf8346,
RMVM_S_3a3656d910,Băng Giá,"Hồ Quang Hiếu, Hoàng Rapper",POP_BALLAD,TIER_A,True,False,0,,False,False,0,,True,2693,472,9068f80e663313921bfa7f1751f84099ee770bdb8004a3b31a6ce8da607aa56d,2017.0
RMVM_S_5005f0a302,Điều Buồn Tênh,Quang Vinh,POP_BALLAD,TIER_A,True,False,0,,False,False,0,,True,1710,320,1a6b3ed7c4d512e3881bc33f7f71c453b7537856e0cd6a8c842a3b317279aa0a,
RMVM_S_fd8d704709,Ta Yêu Nhau Nhé,"Xi Myn, APJ",POP_BALLAD,TIER_A,True,False,0,,False,False,0,,True,1592,312,88589b76b773588df4c4aaed4a50a62df6f1f0ac9af069c8b344bb46c77d4520,
RMVM_S_a2c3fc62a9,Áng Mây Vô Tình (Beat),Lương Gia Hùng,POP_BALLAD,TIER_A,True,False,0,,False,False,0,,True,2239,397,38220a689580a9bead481859eea31984f71f9e13baa00672552e4c876262ba48,
RMVM_S_7f79e33b5b,Đành Chôn Theo Quên Lãng,"Nhật Trung, La Sương Sương",INSTRUMENTAL,TIER_B,True,False,0,,False,False,0,,True,2229,395,ba908b1ad45f9674fda40f9c4ffc31e6e288f0f416e0c9a41a7eba91264dd3f7,
RMVM_S_89791323b8,Lời Tâm Sự Giấu Kín,"D.A.T, Hennessy, Monkieq",POP_BALLAD,TIER_A,True,False,0,,False,False,0,,True,3072,518,5ef0affbc04c39fd8733c0b4891b5271983d8833e889757bc5b6e0e3dbf5492d,
RMVM_S_c7d876c87d,Thiên Đàng,"Wowy, JoliPoli",POP_BALLAD,TIER_A,True,False,0,,False,False,0,,True,3265,565,841588ee016869b5de916d78a155fcd3c713b94c2e46764668300c957a4f2fb2,
RMVM_S_ee991a941a,7 Ngày Đợi Mong,Dương Hồ Hải,BOLERO_TRUTINH,TIER_A,True,False,0,,False,False,0,,True,1500,263,324469d6d5db16e3e550b6877b0350cb2d50a4a7a422e7063190bf4b1dc96dcd,
RMVM_S_66d173f8a6,Câu Chuyện Hoa Ngọc Lan,Hà Trần,POP_BALLAD,TIER_A,True,False,0,,False,False,0,,True,1720,298,12ffaf022b77be658856ce27f2851824f2bf0b105f385f526088152d1aca3e58,
RMVM_S_fa4fe87c40,Cay Đắng Tình Đời,Thanh Tuyền,INSTRUMENTAL,TIER_B,True,False,0,,False,False,0,,True,873,146,3924271343e0a9075e479b6fc32fd4ff3b8e787331667320992c69cd69ec7b09,
RMVM_S_fbcde08ec9,Chẳng Cô Đơn Nhưng Vẫn Một Mình,Diêu Ngọc Bích Trâm,POP_BALLAD,TIER_A,True,False,0,,False,False,0,,True,1777,328,57c2924f58bdca1775ed3a91261bff1dc059fb0e40f42db789215d43e827e7b6,
RMVM_S_af86bc338e,Anh Nên Yêu Cô Ấy,N Ly,POP_BALLAD,TIER_A,True,False,0,,False,False,0,,True,2229,417,9eecb90afff247d51756a21032885779cf299937518718dd344251490d8ff98e,
RMVM_S_29d1885811,Anh Biết Anh Đã Sai,Dược Sĩ Tiến,POP_BALLAD,TIER_A,True,False,0,,False,False,0,,True,1721,301,c3b646dd0ace4a76217ebdc53af304c896dc05b7139ae75aa8da421814c797b5,
RMVM_S_bb0058b9a9,Duyên Kiếp Lỡ Làng,Diễm Thùy,BOLERO_TRUTINH,TIER_A,True,False,0,,False,False,0,,True,1307,236,ade90722427b96ede69bf9322e581a4915ff7149bff50cc2f097fb937337e3ef,
RMVM_S_84bc94d3ff,Chỉ Có Một Người Để Yêu Trên Thế Gian (Piano Version),Mr. Siro,POP_BALLAD,TIER_A,True,False,0,,False,False,0,,True,1158,201,a3974ea0d6b3e310d8cd6c0f23e2a1d4452792711889b76c2cd2a8c7acdea512,
RMVM_S_9e3d9c7990,Thành Phố Không Có Tuyết Rơi,"Mai Fin, Đại Nhân",POP_BALLAD,TIER_A,True,False,0,,False,False,0,,True,2272,372,8b3bbdc3580edf36c552c87306085c8283f88078fcf8aead27ee466a51b47c9e,
RMVM_S_a7b8c3bb1b,Trong Nỗi Nhớ Muộn Màng,Ý Lan,INSTRUMENTAL,TIER_B,True,False,0,,False,False,0,,True,1488,255,f436c795af7b12300f1eeb66d6e7f53be906de56899fdd6c36959d9628687c17,
RMVM_S_7eb3d525b5,Ngã Ba Tình,Địa Hải,POP_BALLAD,TIER_A,True,False,0,,False,False,0,,True,2027,352,d6cc677695baae189368521de5c4ed28766c68702a8430160813c6d9d10159a9,
RMVM_S_5fbb07f826,Vì Em Điện,"Phúc Du, Xuân Ca, Kriss Ngo",RAP_HIPHOP,TIER_A,True,False,0,,False,False,0,,True,3493,626,3cfef196a94a969e27f872e842bbe99945217bd61d6589e9db4cd0391596557a,
RMVM_S_ddf683f172,Đón Giáng Sinh Về,"Đỗ Tuyết Nhi, Bé Thiên Phúc",CHILDREN,TIER_A,True,False,0,,False,False,0,,True,1529,257,00183231033368709fc7ad053c8d03d9b3a9416959a705dd7a64377734a23ca2,
RMVM_S_b494b0ec11,3 1 0 7 (Whisky & Mr. Paa Remix),"W/N, Duongg, Nâu",POP_BALLAD,TIER_A,True,False,0,,False,False,0,,True,2333,410,01b79dc308799689f2057069a75880d2b6e719215f8d0dd16c0afd77ca1e7e0e,
RMVM_S_21141a7fbb,Dù Đúng Dù Sai Anh Vẫn Yêu Em,"Rum, Double Noize",POP_BALLAD,TIER_A,True,False,0,,False,False,0,,True,1765,312,6e0cfc41377351d75b6618e91c76e1d0fde5079385bad48c450a1b6894779dfd,
RMVM_S_4362a8b58f,Anh Sợ Ngày Mất Em (Remix),Cao Nam Thành,DANCE_EDM,TIER_A,True,False,0,,False,False,0,,True,2197,385,fb47c73c75e3eb9fcc2573b2d450ef5232e0be49998d03a140cf932fbd13e555,
RMVM_S_06909cc644,Điều Cha Muốn Nói,Hồ Việt Trung,POP_BALLAD,TIER_A,True,False,0,,False,False,0,,True,1187,207,e8ffc720542ed795a6ab64da859ff3acee7a5df5a503357b07745fdbfc621abe,
RMVM_S_e971637704,"Đừng Yêu Nữa, Em Mệt Rồi (Cover)",Nguyễn Trần Trung Quân,POP_BALLAD,TIER_A,True,False,0,,False,False,0,,True,2435,445,7da574006feba5071a9b4844a70e3041b2af2efa4af2a6fca2a09729fcdcb730,
RMVM_S_2ef802d3c5,DAY OFF - Ban Mai Thủ Đô,RPT TC,RAP_HIPHOP,TIER_A,True,False,0,,False,False,0,,True,2270,393,ed9454c8acc6480823e1e40d7c92f19e4598efe507754a086e23d6858028099a,
RMVM_S_71adff3bbb,Phương Trời Xứ Lạ,Diễm Trang,POP_BALLAD,TIER_A,True,False,0,,False,False,0,,True,1686,304,9fbf93d58dc718f5fea889f7b9a2ece21d33951433f1476ace04dcd80a8b4972,
RMVM_S_e868e81509,Còn Tìm Với Mẹ,Hương Lan,INSTRUMENTAL,TIER_B,True,False,0,,False,False,0,,True,1168,196,001bdad4894eb098c01281e2da084758a4dd2d2b6dc94fd51e5906587759b9f2,
RMVM_S_198ad4f4c9,Âm Thanh Của Tuyết Rơi (Cover),Tuyết Mai,POP_BALLAD,TIER_A,True,False,0,,False,False,0,,True,1467,250,f809d3ddf954a3b4ffc0e39015ba20cd2d1954c49a1250be1603b47aa1bc185c,
RMVM_S_4d99ce4d7e,Mộng Tình Quê,Thạch Thảo,BOLERO_TRUTINH,TIER_A,True,False,0,,False,False,0,,True,1464,251,ecc264523b0d1d67473be515bbb439a00120076485056c1b39bddd3b9a9b9af1,
RMVM_S_4740f8b077,Khúc Tình Cuối,"Quỳnh Trang, Thiên Quang",BOLERO_TRUTINH,TIER_A,True,False,0,,False,False,0,,True,2384,389,ca9061c0405df6ae1f1f355144320a113e99c3903b3cecdf7edcab42b16f7add,
RMVM_S_d8b2a47292,Chỉ Cần Một Giây Thôi,Tóc Tiên,INSTRUMENTAL,TIER_B,True,False,0,,False,False,0,,True,3187,555,e4d9967a60d0c9b9aad8b5a3e725e9f73830812219a61f5eb74decf9ff936a85,
RMVM_S_97b7f4b071,Ai về sông Tương,Hoàng Bách,POP_BALLAD,TIER_A,True,False,0,,False,False,0,,True,2048,352,f58fa6b0932e94374449ae718584ee9a5f600059317569541119baf881e13a79,
RMVM_S_78b11aa7c7,Áo Cũ Tình Em,"Thương Võ, ACV",POP_BALLAD,TIER_A,True,False,0,,False,False,0,,True,1606,285,5034276540a081e627c46c6233fb15cd1b60d7182fdd2dd8d3d36a2fe1ff9494,
RMVM_S_e36a110bd3,Hoa Trang Vườn Cũ,Hương Lan,INSTRUMENTAL,TIER_B,True,False,0,,False,False,0,,True,1749,275,9895ef92f54bce38acbc06cf3a166eaca7ece5ec2503e9b8c0a2cc42b1a80c6b,
RMVM_S_41795f299e,Cầu Xin Suốt Đời Bình Yên,Bảo Hân,INSTRUMENTAL,TIER_B,True,False,0,,False,False,0,,True,2190,368,3e2f637e920d5ae99b915a3f9759ae94dbe7d353cebb2ecc3931a193e29d3f58,
RMVM_S_8f35a10499,Còn Bao Năm Nữa Ở Bên Cha,Ngô Viết Trung,POP_BALLAD,TIER_A,True,False,0,,False,False,0,,True,2715,459,22d6fa168b1496a4b62f47244e3a5d9695becbd133a641352d73040682e52edf,
RMVM_S_51e0a263ee,Đớn Đau Anh Vẫn Yêu,Hoàng Minh,POP_BALLAD,TIER_A,True,False,0,,False,False,0,,True,2622,453,312e41157948146996cbc5d1559de10685db37345eb671be3e1e203f4eb86013,
RMVM_S_ab47db50d7,Anh đang chơi đùa,Đạt Dope,RAP_HIPHOP,TIER_A,True,False,0,,False,False,0,,True,1946,353,7fbd36ad170f51819db1da7137863fd316921f36e480738ac39a7bb3f6b62657,
RMVM_S_ca1a4fceca,Chỉ Là Phù Du,Quỳnh Trang,BOLERO_TRUTINH,TIER_A,True,False,0,,False,False,0,,True,1883,314,0dfddf7e22972219a2fe922bc59a7172bb325f4a3328c21cd341914637b4b68b,
RMVM_S_68f4d26390,Hoa Có Vàng Nơi Ấy,"Đình Bảo, Thanh Hà",INSTRUMENTAL,TIER_B,True,False,0,,False,False,0,,True,1604,281,eb5031148a769438da171071b0ef42044d578f7aeed2f666ac936cbf08177629,
RMVM_S_fd5316f9ea,Anh Đang Rất Nhớ Em,"LilGee Phạm, Nguyễn Mạnh Cường, Khiết Linh",POP_BALLAD,TIER_A,True,False,0,,False,False,0,,True,2419,431,0c95afd9483a3dc4276798e629ae64dee0ca29145995ab37fed1390923025fa1,
RMVM_S_600ed6e713,Chúc Ngủ Ngon,"Thu Minh, Việt Quang",BOLERO_TRUTINH,TIER_A,True,False,0,,False,False,0,,True,2005,350,8864d2fa299cbab39504a01891fba8b2e312efac63987fd05077411b845e345e,
RMVM_S_931da53c59,Dậy Đi Em,"N2H, KaWaiiBi, Key",RAP_HIPHOP,TIER_A,True,False,0,,False,False,0,,True,4582,811,e694e08afdc8f6aa764f2e9cd38901f7695d375aaebb3b33d8163e9aa1f04f4f,
RMVM_S_af4bb72a9e,Anh Hứa Sao Chẳng Được,Huỳnh Ái Vy,POP_BALLAD,TIER_A,True,False,0,,False,False,0,,True,2261,396,b1a3cd5e09c5e4110a3897a9350d57ec6c31083b2dc4798402eb6c78f86bc9b0,
RMVM_S_234d18a2ae,Dám Hỏi Đạo Ở Nơi Đâu,Lee Phú Quý,POP_BALLAD,TIER_A,True,False,0,,False,False,0,,True,1108,184,2df25c8b2f292a352b760b808be69ed9475be79f540d1512f2ecbffe3e44e7ca,
RMVM_S_bc56af9c62,Nỗi Buồn Ngày Vui Quy,Hoàng Lan,INSTRUMENTAL,TIER_B,True,False,0,,False,False,0,,True,1408,252,b595ff84363a9d4a7fcfcf3a20fa8294db2d13b3677739eddff45a05164dda54,
RMVM_S_81bb0c5212,Đi Đâu Cũng Được Miễn Là Bên Nhau,Lưu Hương Giang,POP_BALLAD,TIER_A,True,False,0,,False,False,0,,True,1689,289,b1f68a7dbde0ee50ce0e94cb2b51f63d4d9df69087fba26feab4450324f82d64,
RMVM_S_fa5a6df58a,Biển Và Con Tàu,Thanh Hoa,FOLK_TRADITIONAL,TIER_B,True,False,0,,False,False,0,,True,1580,279,5ac19f19807824df15f533918917c3aad20e4f99d886f7851b02fd3ed831a3af,
RMVM_S_affcd889d4,Chia Tay Chiều Mưa,Trần Thu Hà,BOLERO_TRUTINH,TIER_A,True,False,0,,False,False,0,,True,1985,358,80d88fbedf66ea19d49e424edcf96aa36016f5f13ed72400aece5f0fa5489c9a,
RMVM_S_54f4e97c18,Đời Dạy Tôi (Ông Ngoại Tuổi 30 OST) (Beat),OnlyC,POP_BALLAD,TIER_A,True,False,0,,False,False,0,,True,2068,351,4bd4af7cf620cc434b0cc953fd6e06549fb8c1a7daf6b7b4db92805df372975b,
RMVM_S_e64e6e4798,Đường Về Cội Nguồn,Peto,BOLERO_TRUTINH,TIER_A,True,False,0,,False,False,0,,True,1499,263,f4ca51d4ddf85ee100fdd6c610eb5a32291585c41cada032d14a9e694ab95a2f,
RMVM_S_303adeb48e,Buông Bàn Tay Thật Nhanh,"Đạt G, DuUyen",RAP_HIPHOP,TIER_A,True,False,0,,False,False,0,,True,3809,661,3fb20e0b23d2810a295bef95772b874f5c3bd4244e1736f3d02cc072f97397a0,
RMVM_S_2af511f19e,Em Ở Nơi Đâu,Quang Lý,BOLERO_TRUTINH,TIER_A,True,False,0,,False,False,0,,True,1458,253,194add6e557f133e1e2860b1f68dd38ad1199e02725dc7bca0fe2ddb52222586,
RMVM_S_06bd5acdfe,Đùa Anh Đau Đấy,Noo Phước Thịnh,POP_BALLAD,TIER_A,True,False,0,,False,False,0,,True,2000,363,68d3a027435f7fef41036fa7b57f9382ff47653d038f9e84e7e37452e2dc0671,
RMVM_S_4b6b9ae4c8,Liên Khúc Yêu Là Cưới,Nhiều nghệ sĩ,POP_BALLAD,TIER_A,True,False,0,,False,False,0,,True,3766,679,08684bef5c4ffb3b6aa1b117fb5189126ac22e22aca7b2f696a25478ade29c63,
RMVM_S_7364b8245f,Kệ Anh Đi,Jin Tuấn Nam,POP_BALLAD,TIER_A,True,False,0,,False,False,0,,True,2213,393,8eb95d16631469a3ffa94a1999a4709328913c04d2d8df56abfac4fdb7a9a4a3,
RMVM_S_a4ecd36e48,Chuyện Xưa Tụi Mình,"Lâm Hoài Phong, Hoàng Tuấn Khang",BOLERO_TRUTINH,TIER_A,True,False,0,,False,False,0,,True,2333,401,d2ee5a6eafcc395223b156fbcf692b5d0121bc8b2eaaca79a8cceb7873719bcd,
RMVM_S_d1e6d6fe95,Thương Về Cố Đô (2017),"Lương Gia Huy, Lâm Chấn Huy",FOLK_TRADITIONAL,TIER_A,True,False,0,,False,False,0,,True,1561,262,34b13ef85b2d7b378302f529228fa84624ae259361a5cd04f0121d2b8af388c0,2017.0
RMVM_S_6fedbe0fea,Chuyện Tình Yêu Đôi Khi,"Trương Ngọc Thành, Naot",RAP_HIPHOP,TIER_A,True,False,0,,False,False,0,,True,2588,450,2a91544b6d279bdb9d3419191637b7d5b5a979ad81043ac7c4cc10c05d274d72,
RMVM_S_8b207ca247,Chàng Trai Ấy (Beat),Mai Ngọc Hân,POP_BALLAD,TIER_A,True,False,0,,False,False,0,,True,1455,267,eca309c6f0f36a370481a65dfb8aaa8c343a18b5a59903c97b1944777844bfde,
RMVM_S_2890b38d7d,Thiên Đường Tình Yêu,"Vũ Hoàng, Thạch Thảo",BOLERO_TRUTINH,TIER_A,True,False,0,,False,False,0,,True,1769,313,220a622dbad8033effabbea1e46410bb2d26416cfe66004281b28b3c04779e7e,
RMVM_S_ee31fc8f79,Chia Đôi Bầu Trời,Diệp Thanh Phong,POP_BALLAD,TIER_A,True,False,0,,False,False,0,,True,1725,296,db5d62b6ec0b6f170f5d1fa9748b6af2180b913db68874e6230d95fe5153c4d2,
RMVM_S_17a664d77d,Yêu Được Không (Cover),Hương Ly,POP_BALLAD,TIER_A,True,False,0,,False,False,0,,True,3086,534,d8d9b37d144053845a89c30a17fbb0795480d000d889549ae125aab211611c1b,
RMVM_S_a25a1fe394,Hello Mùa Xuân (Beat),"Kiến Thành, Yabi Nguyễn",FOLK_TRADITIONAL,TIER_A,True,False,0,,False,False,0,,True,2517,447,1ea0adc541a89c585bfed1bb894f93147685425dd8463a7b00ace7b1ff996ff2,
RMVM_S_bd4b1d471e,Em là của anh (Remix),"Hồ Việt Trung, Hồ Quang Hiếu, DJ Leek 54",DANCE_EDM,TIER_A,True,False,0,,False,False,0,,True,2302,425,cb4346333414e45afabecc1c82dc985f83578be06bf6ce049afbe71b04dca0ad,
RMVM_S_98c4e418ba,Cô Nàng Đỏng Đảnh,"Lưu Ánh Loan, Trường Sơn",POP_BALLAD,TIER_A,True,False,0,,False,False,0,,True,2845,521,dbdadd514b4a0874e98bd0ccd431dca3d5fe91d0135b6c4541cb8a6681d2ed6d,
RMVM_S_887037d98e,Chúc Phúc Tài Lộc,Bé Tú Anh,CHILDREN,TIER_A,True,False,0,,False,False,0,,True,2057,362,31d7487ef1ee1cde5bc07024dd9652e68fca69514b78a6b1aad3ae1b0fab0116,
RMVM_S_9f0ac1f1f1,Đừng Vì Cô Đơn (Remix),LaLa Trần,DANCE_EDM,TIER_A,True,False,0,,False,False,0,,True,2040,349,f22c4d8ceba1de79028b10126a7b34d5173e7bcbc0c6dcb18de76a9bf218a366,
RMVM_S_66f0f7d2de,Hoa Bàng Vuông Của Cha,Bé Bào Ngư,CHILDREN,TIER_A,True,False,0,,False,False,0,,True,1388,243,116766eeaf3a5ed0307974103f88c05474c98a55997ba2a4a6d3ed8e325978fd,
RMVM_S_e580c7c403,Không Em Anh Phải Sống Sao,Hứa Huy Thiên,POP_BALLAD,TIER_A,True,False,0,,False,False,0,,True,2220,401,1f83f914d638173a6bcd149700f44f4316ce09e37459479b17ebea85ccfbe83e,
RMVM_S_ec641381ae,Huế Ngày Trờ Về,Vân Khánh,FOLK_TRADITIONAL,TIER_A,True,False,0,,False,False,0,,True,2329,393,c6f5dd7b9a3a099a48d7b313f8eb869b1feceecb9951d1c9e82d250e14660284,
RMVM_S_60eca8417e,Đặt Vào Tay Anh Cả Thế Giới,Thiều Bảo Trang,POP_BALLAD,TIER_A,True,False,0,,False,False,0,,True,2484,450,27a71427e5b77900eca5cb2092e1a865890609d6edee13d5af17658a8088ad50,
RMVM_S_007a37a01c,Cưới Đi Mình Ơi (YANG Remix),"Võ Lê Mi, Jin Tuấn Nam, HOA HỒNG DẠI MUSIC",DANCE_EDM,TIER_A,True,False,0,,False,False,0,,True,2392,441,19bcecd67650f95cd20726c73e8204edc506d0e7f83c123fcbb8eab5f7c18313,
RMVM_S_73b0e2994a,Bối Rối (Cover),Jang Mi,POP_BALLAD,TIER_A,True,False,0,,False,False,0,,True,1601,301,d72085a82cc613b5e000301e7a01d7b3266ec68c48048be58d4eb1f697c1bbae,
RMVM_S_d1d5eb16fb,Vì Anh Là Gió,Song Thư,POP_BALLAD,TIER_A,True,False,0,,False,False,0,,True,2121,384,b7b482610922fcbf986107cb9344397d0d0495dd0a9cd4f604b8be53444ff6b6,
RMVM_S_cd0bf0b064,Ăn Năn Sám Hối,Khưu Huy Vũ,BOLERO_TRUTINH,TIER_A,True,False,0,,False,False,0,,True,1694,294,fc1d0dd41cd41d9cb4ba90782f7671b5f7e4c446bc6bae296f2afb74edc1128c,
RMVM_S_e0bcd482ae,Đến Trong Mùa Xuân,Đông Quân,POP_BALLAD,TIER_A,True,False,0,,False,False,0,,True,2166,368,36589996a64470f8913e153289bbd42a738fbd8eb35ccdc35a369849daa3955e,
RMVM_S_d4806e416d,Sự Thật Đã Bỏ Quên (Version 2),Hà Duy Thái,POP_BALLAD,TIER_A,True,False,0,,False,False,0,,True,2853,519,57955d110d91bdcf24177141a475caacd88353d34a9ffdd51773e13c79be3482,
RMVM_S_8a0ea62030,Mưa Ngoại Ô,Đặng Thái Hiển,POP_BALLAD,TIER_A,True,False,0,,False,False,0,,True,1397,234,15b68cbc852e2b46d8d431d249e0e50195652fb2c8923b61e393660085649d76,
RMVM_S_72f376eed8,Tháng Sáu Mùa Thi,Lê Tuấn,BOLERO_TRUTINH,TIER_A,True,False,0,,False,False,0,,True,1885,325,1e46c3c1929563a0943792c1b8fef27ec8a4b2aaaa02e5cc764a7344ee3f6055,
RMVM_S_ef7b252be4,Rồi Mình Sẽ Hạnh Phúc (Qinn Remix),"Qinn Media, Tuyền Ơi, Đạt Max",POP_BALLAD,TIER_A,True,False,0,,False,False,0,,True,2135,373,bc036dce52b3ab61af622285dedbe73ac5b28befe6a45acfd7db9a36d66650f3,
RMVM_S_7c6715c1e7,Tình duyên đầu năm,"Mai Tuấn, Yến Khoa",BOLERO_TRUTINH,TIER_A,True,False,0,,False,False,0,,True,3301,579,d53829a1030c94f363e56b0f56889f031891579cbbc0382917b8e6d79a15fdcf,
RMVM_S_03f8a0f068,Ai Là Hương Là Hoa,Liêu Chấn Hải,POP_BALLAD,TIER_A,True,False,0,,False,False,0,,True,2072,368,289cb6eeb721ad8b79e7dd3d0651d833d8baa620549f37f6079dbff98021ad94,
RMVM_S_36cb6d4685,"Đi Tiếp Nhé, Việt Nam Ơi!","Andiez, Seachains",POP_BALLAD,TIER_A,True,False,0,,False,False,0,,True,1634,280,06fa9849f564d25546b67c47b9294e5983358622205bffbea0565c37ca9ece16,
RMVM_S_98faf43f0d,Mùa Đông Thương Nhớ,Thúy Hằng Hana,POP_BALLAD,TIER_A,True,False,0,,False,False,0,,True,2074,352,9ac3f341047112eed64ae83ca7c31579d286ad3537db988e4f1250634a0f57b3,
RMVM_S_b74397d9b4,Đã Xa Thật Rồi,GIK,POP_BALLAD,TIER_A,True,False,0,,False,False,0,,True,2627,457,96ca75254cf3949ca44033057f78256bea9ece16ccf78eae8b2c273110160602,
RMVM_S_d0eddff583,Khi Thế Giới Mất Đi Một Người,"Lâm Triệu Minh, Dương Nhất Linh",POP_BALLAD,TIER_A,True,False,0,,False,False,0,,True,2611,458,b3c89422e75d0667c5dcad77eba8f285fd899d80d2f2d241cf175a62f0d02fce,
RMVM_S_f4a3504a7c,Con Sáo Cô Đơn,Lưu Ánh Loan,BOLERO_TRUTINH,TIER_A,True,False,0,,False,False,0,,True,1806,318,ced382a3417e369ff6990644e9811cb54d3d46f2406060bfcf8240dfced49f59,
RMVM_S_67c2c3a05e,Tiếng Hát Với Cung Đàn,Nhiều nghệ sĩ,INSTRUMENTAL,TIER_B,True,False,0,,False,False,0,,True,1410,248,e282740eb359f1f99b94f5be6e865ded3f0179a5a3fe9d77eb167f0eae02f9f2,
RMVM_S_2a18489a93,Vững Tin Sài Gòn Ơi,"Tường Quân, Long Hải, TQE",POP_BALLAD,TIER_A,True,False,0,,False,False,0,,True,1676,293,e4ed2aaa280ed1df9185b886480adebf9c367c832264eb94408289abdae61322,
RMVM_S_caa7364585,Ngày Chia Tay (Beat),Nguyễn Bảo Linh,POP_BALLAD,TIER_A,True,False,0,,False,False,0,,True,2024,365,fa1ae68f4928d3ef7a96e0a51ed16a14fbac3e03da2f8dcd157b69c3324b8a84,
RMVM_S_a9b7bbb4c8,Đánh Thức Mùa Xuân,IRIS,POP_BALLAD,TIER_A,True,False,0,,False,False,0,,True,1893,330,60efe990a3f856037b68cb26bfb970a3b560b885075936a1e715cffcdb6cdcc2,
RMVM_S_bd33a807d7,Liên Khúc Giấc Ngủ Đầu Nôi,Đoàn Minh,BOLERO_TRUTINH,TIER_A,True,False,0,,False,False,0,,True,4496,786,90599bc777d5921c7c11314b86136fa50b3225101f6842aa16ce6f830f8d27af,
RMVM_S_765fdd5bad,Hương Vị Tình,Lâm Triệu Minh,BOLERO_TRUTINH,TIER_A,True,False,0,,False,False,0,,True,1826,341,9b04672efa91d2772360168978998450f7678699abdce6eb9b116ed31b5b8d2f,
RMVM_S_a6efad7fb4,Chạm Đáy Nỗi Đau (Beat),ERIK,POP_BALLAD,TIER_A,True,False,0,,False,False,0,,True,3292,556,8b262bd8256c4f05ab6eeeab5b5e2c6c56956ed78e108206d69d6f221c061082,
RMVM_S_3c34ed729b,Không Phải Sai Thời Điểm,Trang Tạ,POP_BALLAD,TIER_A,True,False,0,,False,False,0,,True,1707,305,6cb3f83fda5f5c547e0fd3fc5567fc3568c9407a25f59985cf6a295944b61c36,
RMVM_S_34e8394942,Đồng Sâu Xứ Lạ,Phi Nhung,BOLERO_TRUTINH,TIER_A,True,False,0,,False,False,0,,True,1485,246,6f74bb39f2d0e002692915912371076ef7aedecb5a5444ba0a00febfbea9535e,
RMVM_S_2f5310e28e,Hai Đám Mây,Khói,POP_BALLAD,TIER_A,True,False,0,,False,False,0,,True,4389,746,389efb4d754effbacddcec52ef4405117add755591da8e3747e713106a66e6d7,
RMVM_S_a8d5783716,Tình Anh Vẫn Như Thế 2023,Nhật Tinh Anh,POP_BALLAD,TIER_A,True,False,0,,False,False,0,,True,1919,352,6efb005a774db003e9568ee67c3a6a23e61b8baf4d9ff7b5bc37aed7f56af2f4,2023.0
RMVM_S_c9a7abd579,"Liên Khúc: Người Thầy, Giấc Mơ Tà Áo Trắng",Cẩm Ly,BOLERO_TRUTINH,TIER_A,True,False,0,,False,False,0,,True,3059,536,153d6d72f89fc1112909087668d29801f5dff0bd5bd44a64c2c5b3d5d1175dfb,
RMVM_S_baeaf38baf,Liên Khúc Người Thương Kẻ Nhớ,"Đăng Nguyên, Tống Sỹ Đông",BOLERO_TRUTINH,TIER_A,True,False,0,,False,False,0,,True,2256,362,a4b399f6069fe1ea3070eac150dd9c64920d6edd1061bb79675566ba9e58d98a,
RMVM_S_5bf688cf76,Ba Mẹ Không Đồng Ý,Đạt Mata,POP_BALLAD,TIER_A,True,False,0,,False,False,0,,True,2082,381,76a3335967803451c745dc9a707915670365847fb1e065d26f1bfb8159456c10,
RMVM_S_5eae600d7f,Tình Buồn Trong Đêm,Khang Lê,BOLERO_TRUTINH,TIER_A,True,False,0,,False,False,0,,True,1840,308,b1c8cfe6828c8b630d18c5ee91ace7f152e4614d5681093e2190de8948923f5f,
RMVM_S_2035c44089,Gặp Nhau Để Làm Gì,"Thanh Thảo, Long Đẹp Trai",POP_BALLAD,TIER_A,True,False,0,,False,False,0,,True,1957,346,a3e45b1bb00d9f4501cc061a3533ad3b5b1deaf01c970a60c0a6630830936193,
RMVM_S_f1fa789e7f,Em Là Ngọc Nữ Thần Tiên,Vũ Quốc Hải,POP_BALLAD,TIER_A,True,False,0,,False,False,0,,True,2316,394,231fe7de150f03951715f35b2007f5d65853e1884e729fe1225f222947c9159a,
RMVM_S_c9d91de559,Không Còn Mùa Thu,Xuân Khôi,BOLERO_TRUTINH,TIER_A,True,False,0,,False,False,0,,True,1894,334,11490f3e97fcb0a9716ebfea31d5a98c919d0f48ab8dd3a0c7b80bd4176df96a,
RMVM_S_a0877709de,Tôi Muốn Làm Cái Cây,Hoàng Dũng,POP_BALLAD,TIER_A,True,False,0,,False,False,0,,True,1808,317,63314e0596e83dd9757f99e5d34cb85531bf00ed5979b438669800d39a27136a,
RMVM_S_1ac683e5a4,Khúc Hát Mừng Sinh Nhật,Hùng Min,POP_BALLAD,TIER_A,True,False,0,,False,False,0,,True,1298,232,bf7aeca109dc8f8d5bdfd6d668ed062584549184640cab1ecc754801963fa72f,
RMVM_S_5aea45796d,Một Lần Dang Dở,Bảo Hân Bolero,BOLERO_TRUTINH,TIER_A,True,False,0,,False,False,0,,True,1503,262,e8aa64b417bab7f8a2b32e16a628e39fa1888be10163c4adeebb5b305f3ebc86,
RMVM_S_675081daa2,Ave Maria Trăng Từ Bi,"Mai Thiên Vân, Thiên Tôn",INSTRUMENTAL,TIER_B,True,False,0,,False,False,0,,True,1366,237,1b0520b030e2c071b2a287bd48b2e4a4944a16de44f0058ab0c6165efd80e450,
RMVM_S_ff2e6556f6,Bậu Ơi,Đan Trường,POP_BALLAD,TIER_A,True,False,0,,False,False,0,,True,2033,345,e34d6b378e40f242ab9f3fba0c996769574be89eef05176555efba0aaae88711,
RMVM_S_0c8ac64693,Vẽ trái tim,Quang Vinh,POP_BALLAD,TIER_A,True,False,0,,False,False,0,,True,2222,396,795c3395becc36ade96e5d807db1480258eea45a3148b18894f6f726c6b39d45,
RMVM_S_1f23ce696e,Cho Ta Gần Hơn (I'm In Love),Chi Pu,POP_BALLAD,TIER_A,True,False,0,,False,False,0,,True,1870,360,d86ad933347920bdfd54da10945804f88a9214df5a74838c589edddb86701283,
RMVM_S_c71a70f375,Đứng Sau Người Đến Sau (Cozak Remix),"TLong, HHD",DANCE_EDM,TIER_A,True,False,0,,False,False,0,,True,2634,448,52f9b21210264cf7d83b7705151ff07948cbf7947b353fb158fae1ffbf38c3f2,
RMVM_S_5b4d81e615,Em Là Hạnh Phúc Trong Anh (Remake),Hồ Quang Hiếu,POP_BALLAD,TIER_A,True,False,0,,False,False,0,,True,1721,313,458d320f0d709251070801686dfb72a733ba9525b18353bdc2732f463612fd92,
RMVM_S_969606395e,Cau Thắm Trầu Xanh,"Thanh Ngân, Mai Tiến Đạt",POP_BALLAD,TIER_A,True,False,0,,False,False,0,,True,1801,307,18d060c21e6a91db39f583cdd32c1861cf39954b97685bc58a66ba6b0f4a6ec9,
RMVM_S_f5f6557349,Những Con Mắt Trần Gian,Khánh Ly,NHAC_TRINH,TIER_B,True,False,0,,False,False,0,,True,1508,256,bc514a395e78dcded86e59984f736aa966272230e0e3dee7b4af69e89b9d92b0,
RMVM_S_93d6f56f2a,Chia Đôi Cơn Mơ,"Nguyên Khang, Lương Bích Hữu",RAP_HIPHOP,TIER_A,True,False,0,,False,False,0,,True,2127,377,c8b815aaeea059e9911494fd8315ba14d3499786af78a08d2bbc8da1b6e46f9a,
RMVM_S_a57c6401af,Anh Không Hiểu (DJ Hiếu Phan Remix),Quang Hà,POP_BALLAD,TIER_A,True,False,0,,False,False,0,,True,1613,304,3e6a711e3df8b0e84cbf9865377bcd3762c9427952fb848f0343e03ae0034360,
RMVM_S_3cf42a724d,Nụ Cười Em Ngày Đó,Don Hồ,INSTRUMENTAL,TIER_B,True,False,0,,False,False,0,,True,1269,233,d90fe3c1b615dd2f7ce51a4d8e6efc13e4961e42c8dd9942e72bc96d094eeb74,
RMVM_S_e60a75e74a,Biển Và Mẹ,Thu Hiền,FOLK_TRADITIONAL,TIER_B,True,False,0,,False,False,0,,True,1353,237,40db324cffc33b519fb999e3bf95aedfa9f499880423d034a5d1299f70fdb10f,
RMVM_S_dbf0534d5b,Gương Vỡ Không Lành,Giang Nam,POP_BALLAD,TIER_A,True,False,0,,False,False,0,,True,1582,284,ce8b70dc36cb5b654b8d415674dd900d3f1903271d84f34ae1115a602589b07f,
RMVM_S_33038d16e6,Giấu Mặt,Đức Phúc,POP_BALLAD,TIER_A,True,False,0,,False,False,0,,True,1647,300,4a853c86b6ca246ffb5762447a11b12fe8ae3969fba66ab3d3abb2a8230566cd,
RMVM_S_2e08194e81,Chờ Em Trong Mỏi Mòn,Ngô Kiến Huy,RB_SOUL,TIER_A,True,False,0,,False,False,0,,True,1802,335,78965f087f16b47c5157b31607d96853908e25146d02307e147ffaaae1ef175c,
RMVM_S_065edebf4b,Hướng Dương (AnnG Remix),Nhiều nghệ sĩ,DANCE_EDM,TIER_A,True,False,0,,False,False,0,,True,3046,552,a699ac58948eb3a60c4bf265d0363c2086bd8b7ffd376b98d650b7b3056c48a8,
RMVM_S_43bd5d51e2,Ai Chung Tình Được Mãi (Lofi Version),Thương Võ,DANCE_EDM,TIER_A,True,False,0,,False,False,0,,True,2433,429,8307ffa7081ee68e1b59581b393d244a7d9a993a8c61da43a1ca5961b7a650a3,
RMVM_S_5ceef2d039,Giấc Mơ Hiền,Bảo Hân,INSTRUMENTAL,TIER_B,True,False,0,,False,False,0,,True,1459,247,68c513fa197b368c1035fa2253bd487b9e4f0eda2965a3dfc12a575582202361,
RMVM_S_c84b4426e6,Cảm Ơn Vẻ Đẹp Em,Quách Tuấn Du,POP_BALLAD,TIER_A,True,False,0,,False,False,0,,True,1627,293,916d816c0fbab92db9bbe6088aa83c2352a07c5b2184754cee5629921e849bba,
RMVM_S_4930340ec0,Anh Về Trong Tiếng Sóng,Trần Thu Hường,REVOLUTIONARY,TIER_A,True,False,0,,False,False,0,,True,2228,390,1ada1b0aa41691862af78c4b1aa8fc21075c5961bac045849fcf04682c485a9d,
RMVM_S_3d5005fe2b,Lối Cũ Tôi Về,Lưu Ánh Loan,BOLERO_TRUTINH,TIER_A,True,False,0,,False,False,0,,True,2073,362,1cdeb3593143dfe8b8dfb7b7eacabf0f949b8bc1f849f2a28cd27e8ac05e9b72,
RMVM_S_4add913101,LK: Hát Cho Ngày Hôm Qua,Nhiều nghệ sĩ,POP_BALLAD,TIER_A,True,False,0,,False,False,0,,True,3335,650,4735f361a0b9c048bcdbe7cd8199dc59b4f8a568471cb17877877df68fe67b79,
RMVM_S_e20d399330,Biển Thắm Tình Xanh,Vân Khánh,FOLK_TRADITIONAL,TIER_B,True,False,0,,False,False,0,,True,1816,308,a2df3bc649ff66836c3bdfaf3326050665d98c037ae8df5d33e47b289d9875d0,
RMVM_S_83a2142bfb,Mashup Ôi Tình Yêu - Ok Chia Tay,Vĩnh Thuyên Kim,POP_BALLAD,TIER_A,True,False,0,,False,False,0,,True,1843,345,1767f96c3264b43e88070bc5820103c9320dfc7908d9dc5be1d8c25275a6e451,
RMVM_S_38322b13d5,Anh Đã Từng Khóc,Hồ Phong An,POP_BALLAD,TIER_A,True,False,0,,False,False,0,,True,2225,399,ea662b01a94341cc7e6bf1d1ec4d79001233186d285b8e6a838b5809081ef617,
RMVM_S_5d91c2a17b,Mashup Buồn Không Em – Nếu Em Ở Lại,Nhiều nghệ sĩ,POP_BALLAD,TIER_A,True,False,0,,False,False,0,,True,2755,493,2e564a9aa079311fe865f81a66a1fcf4a2bb54e9316deb208d246d4f7ea4ff84,
RMVM_S_c24a97c88a,Khóc Vì Đời,Danh Tuấn Trung,POP_BALLAD,TIER_A,True,False,0,,False,False,0,,True,2798,475,cf6908ab279ead4000acb5c70ea2181beb04ca4aebc5c5d24c482526ed32bf4e,
RMVM_S_75cbad773d,Những Điều Anh Chưa Nói (Lofi Version),"BMZ, Hùng Cuội",POP_BALLAD,TIER_A,True,False,0,,False,False,0,,True,1542,272,029099f5a18d584b4ec1ea841390631290b25de74e85c7bfcfdea0e900c3c2e1,
RMVM_S_7967e222e0,Đừng Nghĩ Được Anh Yêu Em Liền Không Trân Trọng (Remix),Khánh Bii,DANCE_EDM,TIER_A,True,False,0,,False,False,0,,True,2457,417,19e6dcbe0ca8419df19352571cd3f3a9acd576ac400a51e829dbad1b12b30515,
RMVM_S_d28668db3c,Ngoại Ô Buồn,Hà Thanh Tâm,POP_BALLAD,TIER_A,True,False,0,,False,False,0,,True,1868,328,57c1fb93183c8feb8596a76759139b6998d604feb3c60f67dc08cc807c2f7bf0,
RMVM_S_8540382294,Con Cá Con Chim,Da LAB,POP_BALLAD,TIER_A,True,False,0,,False,False,0,,True,2484,465,dde27c6008a46eded5a9080ed6b65ad518f46e18e89f8dff0c4242f4669dfaf1,
RMVM_S_d37d1b1a08,Không Thể Bên Nhau,Hoa Vinh,POP_BALLAD,TIER_A,True,False,0,,False,False,0,,True,3030,514,422c0040178fa08ced9daac011287e238938b72f58fa6f5c7276fceed1ec214f,
RMVM_S_2d5c2b9c28,Gửi Anh Và Cô Ấy,Hoàng Phương,POP_BALLAD,TIER_A,True,False,0,,False,False,0,,True,2046,341,4b95237daee3d0ad8c15b496156ae4c2e475131fd9e59985660aa6a1ff23ecea,
RMVM_S_f1fb4d1aa9,Đừng Nhắc Đến Anh,Nhiều nghệ sĩ,RAP_HIPHOP,TIER_A,True,False,0,,False,False,0,,True,7089,1254,366d050811c0964881cfc4f730ac8316b23468f6966af7a91de85338605ca665,
RMVM_S_154816499f,Áo Ấm Yêu Thương,"PiaLinh, Tọi, Kevin Toàn",POP_BALLAD,TIER_A,True,False,0,,False,False,0,,True,2793,491,df6ef0344c7cc24efc86a28ed8cb619652a4d1aa90d66048110322cd651bbe54,
RMVM_S_808da0af18,Chẳng Còn Chung Lối,Đông Đặng,POP_BALLAD,TIER_A,True,False,0,,False,False,0,,True,3173,545,acc58a7488c432b7f00c390f4f73f3a1954edf88749069e0a41d2491baddd988,
RMVM_S_deb9875236,Khi Con Tim Không Mang Đến Tình Yêu,Lý Hải,POP_BALLAD,TIER_A,True,False,0,,False,False,0,,True,2292,417,8e4728c8d82d234e3185ebb05209d60a462368c6d7566094dd83d3ed7de19629,
RMVM_S_3dfae27439,Anh Sợ Yêu,Anh Quân Idol,POP_BALLAD,TIER_A,True,False,0,,False,False,0,,True,1737,300,31adee524b320c9ab20be67041032c40b276eca45b103d52cc90f6cd32250ffe,
RMVM_S_0b1e17be1c,Lời Hứa Bay Đi,"Marr D, Freak",POP_BALLAD,TIER_A,True,False,0,,False,False,0,,True,816,129,31629c1fb7f16733214c1a31ea59e0503179c3b1e7941d198265db3619bf5803,
RMVM_S_6a7ce00987,Chỉ Còn Lại Mình Anh,Nguyên Vũ,POP_BALLAD,TIER_A,True,False,0,,False,False,0,,True,2210,394,d265ecd185a4c8d382878c838a734986d344205f038b8360542d2c952cfbd2fd,
RMVM_S_5dc169ed40,Em Về Với Người,Tuấn Vũ,BOLERO_TRUTINH,TIER_A,True,False,0,,False,False,0,,True,1185,209,6e9769f901b082ff928e738bcc33bdaaf8ac0ea11674d94637a49a586c8d3260,
RMVM_S_bc32f19b56,Điều Gì Anh Đang Tìm Kiếm,Dương Nhân Trung,POP_BALLAD,TIER_A,True,False,0,,False,False,0,,True,2176,349,c9cda8d4b2764d092b0907c25cb3f7799a707e569e5ec79a0402ed708975f9c8,
RMVM_S_672f3e80ff,Cùng Nâng Ly Lên,"R.i.c.k, Spy",POP_BALLAD,TIER_A,True,False,0,,False,False,0,,True,3343,614,4fec8e3915c128d0607d38e55331f7738337c78071f891ff19baddd8f241ad06,
RMVM_S_f89340689c,Vọng Khúc Cung Sầu,Mai Tiến Đạt,POP_BALLAD,TIER_A,True,False,0,,False,False,0,,True,1465,244,3858c2e293053643e3830927ba34edf23834908c93a2a7ba076644542d5fdb49,
RMVM_S_348ddb0e81,Kẻ Chờ Trăng Lên,DIMZ,POP_BALLAD,TIER_A,True,False,0,,False,False,0,,True,1212,206,95a00f80db937969616746ab9acfceef147071dfa29bee303758f80f2e23b152,
RMVM_S_12b9eb813b,Cô Giáo Trẻ,Dương Kim Ánh,FOLK_TRADITIONAL,TIER_A,True,False,0,,False,False,0,,True,1904,342,10a82659ecf403ab6ba97ce70ca839f5a31756a05596e4bb546651f1ad5d00a4,
RMVM_S_88816bc50d,Thu Sầu,Diễm Thùy,BOLERO_TRUTINH,TIER_A,True,False,0,,False,False,0,,True,1221,208,9d1b318c078db8a035f4c0a3fa24dde74ba1ae695a16c4de700a8ae788eade20,
RMVM_S_1bce4e57da,Khúc Biệt Ly,"Bảo Hân, Lay Minh",INSTRUMENTAL,TIER_B,True,False,0,,False,False,0,,True,1991,369,6744e2ec15454bdcda05fb1f7e1e734baf5dd7a73e93579b4795b6683d77bcab,
RMVM_S_cb42039630,Anh Đã Quen Rồi,Hà Thế Dũng,POP_BALLAD,TIER_A,True,False,0,,False,False,0,,True,1464,260,aa509d939faf6729a545538dc986f0ec7347604bdd16126ebd9f73380887e814,
RMVM_S_179b29798b,Cha Mẹ Là Phật,Lio Thái,BOLERO_TRUTINH,TIER_A,True,False,0,,False,False,0,,True,1898,322,7436ae000faf234a0a1ff39e14e0bb85d5f115a4654e037a7271b6f2abb8de19,
RMVM_S_4225db021c,Ký Ức Gió Lào,Cáp Anh Tài,POP_BALLAD,TIER_A,True,False,0,,False,False,0,,True,1887,330,9270cc0b9610559a5086b9e05158dfc8cb0633e42422cece3c2d9842af650a5b,
RMVM_S_5738f56aa3,Hỷ Nộ Ái Ố Kiếp Người,Dương Hồng Loan,BOLERO_TRUTINH,TIER_A,True,False,0,,False,False,0,,True,1678,286,4efee4b284d9f2c488dd37a1d0e4e0715d950c9e71d641bf702bd9c8da8c7163,
RMVM_S_1f520eae8f,Anh Cũng Như Vậy Thôi,Hoàng Y Nhung,POP_BALLAD,TIER_A,True,False,0,,False,False,0,,True,2602,447,8f70a9582857208e06d30180e14c0bed2b7e534d05d2b27e7a65f29c52f7be5b,
RMVM_S_e5487dda56,"Tam Giác, Vuông, Tròn?",CHARLES.,POP_BALLAD,TIER_A,True,False,0,,False,False,0,,True,2341,394,b68228c69fcc119cbd6e3b4ca7fbc2a0e47d7a0c06d7b3e5181c991c2d8c7747,
RMVM_S_f0d9d3f24f,Mẹ Cho Con Tất Cả,Bằng Chương,BOLERO_TRUTINH,TIER_A,True,False,0,,False,False,0,,True,1297,227,e0fe1c6ffceed42eaf07de0be16bd41ef713524b65190143acdd89dbdda5b78f,
RMVM_S_accf15272b,Ước Mơ Của Tôi,Lâm Trí Tú,BOLERO_TRUTINH,TIER_A,True,False,0,,False,False,0,,True,2583,442,bf10bb4d5ac809f99d7e46b14b67999f6b07724a9d19f633633bf56382113f76,
RMVM_S_6e2980072d,Ai Cũng Nói Anh Ngốc,Anh Hảo,POP_BALLAD,TIER_A,True,False,0,,False,False,0,,True,2148,391,58c3a20d8c012c34c0fd8c4da9aeb1c5a365fab126dae0ac82ae10587fd216d5,
RMVM_S_5142656ed2,Trả Em Hai Chữ Chung Tình,Bùi Vĩnh Phúc,POP_BALLAD,TIER_A,True,False,0,,False,False,0,,True,2334,406,6b9423a41a233442a30f1f0dc4ea80281571fe81661166eee2f0897495895b2c,
RMVM_S_9e4b8b2faa,Đừng Vì Một Người Mà Khóc,Duy Văn Phạm,POP_BALLAD,TIER_A,True,False,0,,False,False,0,,True,1925,336,546748bbbd9a94615f5434b185d7f9d27769a45fb035581e91a894b1f3103c47,
RMVM_S_454cfbc2ea,Xuân Về Trong Tiếng Cười,Quách Thành Danh,BOLERO_TRUTINH,TIER_A,True,False,0,,False,False,0,,True,1891,308,f10884b61ebfdf80e09a8fa4f3a3d47652a238f90f8c37a75d09dbc4d2ff9d19,
RMVM_S_c48f36c0ab,Hương Vị Mùa Đông,Kai Đinh,POP_BALLAD,TIER_A,True,False,0,,False,False,0,,True,1561,264,b9990539da273aa1727edea69e5c5d0adefd6ceacee502b59e2946571dde9721,
RMVM_S_991a4b6e0d,Mẹ Hiểu Con Không,Mr. Siro,POP_BALLAD,TIER_A,True,False,0,,False,False,0,,True,1891,333,db846f3142e805e2bcf47d389dbdeb5844ed558f013a6d13517242e435d71f42,
RMVM_S_0edcde1e0e,Khi Ta Già,"Vũ Thịnh, Vicky Nhung",POP_BALLAD,TIER_A,True,False,0,,False,False,0,,True,2308,412,e5500a576ea90335224ea5c5a532f2cd6bde4a4fd7543049b9ddf9d890c26359,
RMVM_S_5d85cf5f86,Ngỡ Như Tim Không Đau,Kevin Toàn,POP_BALLAD,TIER_A,True,False,0,,False,False,0,,True,2625,475,33b7f902de5355b3cf4318a9aa76a24d6fefd98f3af1d4fdabf09be78fdc30e8,
RMVM_S_55faae7cc9,Hãy Đàn Lên,Phương Thảo,POP_BALLAD,TIER_A,True,False,0,,False,False,0,,True,1095,187,394dba392dec228eab54443998f427408d1ba636c4833f8a3f304c9b19be19dd,
RMVM_S_da0837f623,Vì Lời Anh Nói,Nhiều nghệ sĩ,POP_BALLAD,TIER_A,True,False,0,,False,False,0,,True,1480,280,1000c5305355a27e311fec6a1392b23a91631753a217556f4aead43e1b72de18,
RMVM_S_1f6b70d4d9,Anh Em Tri Kỷ,"Lâm Chấn Huy, Dương Ngọc Thái, Lâm Chấn Hải",POP_BALLAD,TIER_A,True,False,0,,False,False,0,,True,2025,353,265568b911c43fdc7ff981aeb9dd5576c8945f0b5049e08dacb6de0a43e74903,
RMVM_S_b51064b1dd,Anh Là Người Da Đen,Phúc Vlog,POP_BALLAD,TIER_A,True,False,0,,False,False,0,,True,2622,480,1f2abd86071f063af5047cdbfe534bad8acd97600c7dbb6de48a15c1c7080dea,
RMVM_S_c36a33929e,Những Lời Dối Gian (Cover),Nguyễn Thạc Bảo Ngọc,POP_BALLAD,TIER_A,True,False,0,,False,False,0,,True,2129,372,9f81fb9952e6ddd2c99dabe45e5ceed6905b73a3237120e3ba52b4d19cecf071,
RMVM_S_b4a19f3368,Chào Nguyên Xuân,Quang Hào,BOLERO_TRUTINH,TIER_A,True,False,0,,False,False,0,,True,1600,263,28448a1c7d118eb15318d6f2319bed7e699fce5ef4bcf4fdb7f262107a1dba24,
RMVM_S_393bc93d6c,Chắc Sẽ Quên Được Người,Dilan Vũ,POP_BALLAD,TIER_A,True,False,0,,False,False,0,,True,2702,468,b162a8354c2b8039611ea0634166dce95a6cff82ce5704e6be38c2b662e8115a,
RMVM_S_aecdf3c5f5,Chạm Làn Môi Em,"Hoàng Tôn, Andree Right Hand, TINLE",POP_BALLAD,TIER_A,True,False,0,,False,False,0,,True,3444,628,e01ae896bcccbdc08cec987a825d34b0f842bf1c26d6bba4663fb900f16b7f96,
RMVM_S_8a51204b68,Đành Quên Ký Ức,G.Y.M Band,POP_BALLAD,TIER_A,True,False,0,,False,False,0,,True,2202,389,a96076a729d0fde6d779dbb2118d7d73112e6444f45697a0a15c87b4760ad543,
RMVM_S_7bf0c6f13d,Ai Là Ai Của Ai,Trịnh Thăng Bình,POP_BALLAD,TIER_A,True,False,0,,False,False,0,,True,2539,446,144a1f1c4fcfe9d96e19e460115a3d03e7355b7fc3c01287f89ea9b727f94aa0,
RMVM_S_85b47120ce,Cái Gật Đầu Hạnh Phúc,Dương Nhất Linh,POP_BALLAD,TIER_A,True,False,0,,False,False,0,,True,1807,330,14c96a78811adf5bfa7c2d444d096cfcae93c3707b640493eaba519f8a12542d,
RMVM_S_8f142b4740,Interclude (Con Đường),Những Đứa Trẻ,ROCK,TIER_A,True,False,0,,False,False,0,,True,147,25,886daafb67ec78441e564209721db5385873ef0cec3c51c6b82c0af1f3c47725,
RMVM_S_6de644603c,Anh Em Mình Cạn,"Khánh Đơn, Phương Nam",POP_BALLAD,TIER_A,True,False,0,,False,False,0,,True,2443,461,a305c2da5fce3b5fdc42c0fc63f053bc4625e55f2f738c2eb936bf533cd1ecaf,
RMVM_S_66cc2959af,Yêu Không Nuối Tiếc,Minh Tuyết,INSTRUMENTAL,TIER_B,True,False,0,,False,False,0,,True,1932,332,481f0bd40f9ffd9e55eda1805c673bde63a2b2aabf11094c92301c2c4ec467e6,
RMVM_S_634772eaa2,Ánh Đèn Phố,The Cassette,ROCK,TIER_A,True,False,0,,False,False,0,,True,1376,248,7e4bf0e9b8b7137f2387f7d6edb5bf86691d6b3a48b6c23b70e7953fbda076bc,
RMVM_S_708e02b369,Trong Trí Nhớ Của Em (Cover),P.M Band,POP_BALLAD,TIER_A,True,False,0,,False,False,0,,True,1550,273,6c4dca0a001f01f09471079a8ee7fd680c2b9d98d856f43233de05d81add5d4b,
RMVM_S_dfa9bd0a44,Điều Mẹ Không Kể (Acoustic Version),Đinh Mạnh Ninh,POP_BALLAD,TIER_A,True,False,0,,False,False,0,,True,1443,248,a7e141ec4c63022072b127560e2d32ed345b9c26828fa35a526400fe1489c5be,
RMVM_S_37a77c1050,Anh Sẽ Rời Đi,Khoa Đăng,POP_BALLAD,TIER_A,True,False,0,,False,False,0,,True,2122,373,cc3158fae75c7fd7dd5558c449f29e8ab42f718d2a42cdb1e5d49ec5b8b20269,
RMVM_S_013f2cd3b3,Một Lần Dang Dở x Đi Qua Cầu Vồng,Nhiều nghệ sĩ,POP_BALLAD,TIER_A,True,False,0,,False,False,0,,True,2087,386,279dfd317861b310d0861144afecafb64f1e6198a9bf94a0cf413998b9eecb69,2024.0
RMVM_S_d053e49642,Chợt Buồn Nghe Tiếng Ễnh Ương,Diệp Hoài Ngọc,BOLERO_TRUTINH,TIER_A,True,False,0,,False,False,0,,True,1461,249,0ee5eb6e0ea73f0529b32f6307bd9e2e976dc91ec4c3fde68f055d4548bae9bb,
RMVM_S_3b2669171e,Chờ Đợi Có Đáng Sợ (Piano Verison),Andiez,POP_BALLAD,TIER_A,True,False,0,,False,False,0,,True,1914,328,aa50d97eeacd8f0ac833fcf7716d495626f0ef753b19c096ce5849bd28c94480,
RMVM_S_6f206b0e80,Biết Về Đâu,Lý Hải,POP_BALLAD,TIER_A,True,False,0,,False,False,0,,True,1672,298,0520e5b2e1dddbfa1b90110eedde1fef5b56ab41701e534dbed7eba5f11ac4ca,
RMVM_S_2eee79814e,Chiều Dài Nỗi Nhớ,Phương Thanh,BOLERO_TRUTINH,TIER_A,True,False,0,,False,False,0,,True,1594,281,8c396d99e178630d7995ffa4ee624f126455871121a600fc28482ffc6f80ba21,
RMVM_S_63ee518aa3,Động Phòng Hoa Chúc,"Lâm Chấn Khang, Jombie",POP_BALLAD,TIER_A,True,False,0,,False,False,0,,True,2061,358,134378492ae173bfae024be6ac6153c9696f0fdfafb935f41e31100699c6a69b,
RMVM_S_476f3bf955,Đến Với Biển,Min Chu,CHILDREN,TIER_A,True,False,0,,False,False,0,,True,1583,265,306d935abc84fc3e4163089287b91dc81109ac7a4aa9471ee9a32aaee2e806fc,
RMVM_S_d6368c1940,Nếu Anh Thấy Lòng Mình Yếu Đuối,"Tùa, CM1X",POP_BALLAD,TIER_A,True,False,0,,False,False,0,,True,1710,292,28c87984802ee3228536654b2a05fee01c0c21e6a2bbdc763a78521265292b74,
RMVM_S_53a6ecfbf3,Con Sông Lụy Tình,Vũ Tuấn Khang,BOLERO_TRUTINH,TIER_A,True,False,0,,False,False,0,,True,1385,231,c3cfa3c1043cfe09d4d5dbc7b2e4748225d62b657b1bd457e1ed57551f3b9209,
RMVM_S_9771086601,Có Em Là Đủ,Will,POP_BALLAD,TIER_A,True,False,0,,False,False,0,,True,2021,390,ef25a6f10d7c48def6a1a55eec097abe14d61aee43f02066d36577f500346b63,
RMVM_S_143ee98f8f,Xuân Không Về,Dương Hoàng Yến,BOLERO_TRUTINH,TIER_A,True,False,0,,False,False,0,,True,2546,417,91513da3be212dc93109972bf3c3fa40a2c1e235d0799ec8ad44897640817fc8,
RMVM_S_fc35dfb773,Cô Em Đừng Rời Xa Ta,"SoHo, TDA",POP_BALLAD,TIER_A,True,False,0,,False,False,0,,True,3082,545,36616cc88cbe7a34b61e67c15c346f06c554b95214af4227e99d49abfae6ef9d,
RMVM_S_2ec084671c,Cần Tay Chờ Mong,"Văn Tài, Đồng Thùy Linh",FOLK_TRADITIONAL,TIER_A,True,False,0,,False,False,0,,True,1668,292,4ae4212bffb77889345c5715de2e353f0c799e4c8ec9e139511a378ba268edb4,
RMVM_S_89623f6cb0,Đã Sai Từ Lúc Đầu (Cover in HOA Concert),"Trung Quân Idol, Bùi Anh Tuấn",POP_BALLAD,TIER_A,True,False,0,,False,False,0,,True,2005,354,2a0e535d7f4ec5705bda36bf9006883bfa2a1a90eb3f3e4987fa752e5229ea14,
RMVM_S_6ea2503630,Bống Bống Bang Bang (Cover),Tuấn Anh Trần,POP_BALLAD,TIER_A,True,False,0,,False,False,0,,True,939,173,58a3219b762adb27b37dc679b20618acfa6f178f3a199e1a1339bbc2fea77777,
RMVM_S_971a7f04d0,Anh Khóc Thật Rồi,Kool Nguyễn,POP_BALLAD,TIER_A,True,False,0,,False,False,0,,True,1661,313,5e324ee7665a93e8a4b0b3c50db6710df8b118fc1b198d8209b3377d0e5af5bf,
RMVM_S_4cb3b8e706,Em Nguyện Làm Người Bình Thường Bên Cạnh Anh (Lofi Version),Hàn Dung,POP_BALLAD,TIER_A,True,False,0,,False,False,0,,True,1547,263,f841528e2fb4321bd59853c201805256fdd80f2c0fd8e38881b0589a877fc3c0,
RMVM_S_6ce5edafbe,Truyện Kể Thánh Gióng,Billy Hoàng Phong,POP_BALLAD,TIER_A,True,False,0,,False,False,0,,True,1770,298,d9a38aaf21b1027709bf8199f5920bdd2cc4b002133812c273e27ab0da89b778,
RMVM_S_79a2ae2326,Khóc Hay Không Khóc,Phạm Khánh Hưng,POP_BALLAD,TIER_A,True,False,0,,False,False,0,,True,1898,322,e3989ad7428d834ae3247a23fa593786f775808b9a64f66fbcf89cc92a8abf36,
RMVM_S_fe72899c3a,Lặng Lẽ Buông,"Rô Ti, Yuni Boo",POP_BALLAD,TIER_A,True,False,0,,False,False,0,,True,3436,577,0629c5d4adad08718c65581432f1416c38defe6ec1dd2d397fbf4905666bc6cf,
RMVM_S_4114be4348,Tội Thân Em (Remix Version),Diệu Kiên,DANCE_EDM,TIER_A,True,False,0,,False,False,0,,True,2374,411,48d3a55cdbb67eed0d4e48ef738a0c25390ea272d65977261cc3e9d159034145,
RMVM_S_17b402c765,Anh Không Còn Gì Cho Em,Lý Hải,POP_BALLAD,TIER_A,True,False,0,,False,False,0,,True,2157,389,cc55b5c97eb4dad8915884cbc0d2125d6051b3e721071e6ad0a6683686c84535,
RMVM_S_b54f884c5f,Nghĩa Tình Đậm Sâu,Nguyễn Phi Hải,POP_BALLAD,TIER_A,True,False,0,,False,False,0,,True,1640,280,3ac18fce5e2decae9370436ecbc9170d0bce9e9403a24b0f79c61c9fb9ae6cb1,
RMVM_S_e118038c1e,Khúc Hát Đam Mê,Thanh Thảo,POP_BALLAD,TIER_A,True,False,0,,False,False,0,,True,2309,413,9fb7563c70a4e54a17bedfbcb60d535b7819119655f4987b1359697fc3f0e7ca,
RMVM_S_355faefec8,Anh Thế Giới Và Em (Beat),Hương Tràm,POP_BALLAD,TIER_A,True,False,0,,False,False,0,,True,1958,358,29b08fa394f316682d91d94ebca313f335fc5275eed89d0a984e13840f09ddab,
RMVM_S_c05bbbf316,Gửi Em (BLUE REMIX),"ZIN MEDIA, Hoa Vinh",DANCE_EDM,TIER_A,True,False,0,,False,False,0,,True,1599,301,819c3d620f8390a6b5eac1e9f3f90f76068595a3c9b92d62c4336a6849bcff4d,
RMVM_S_63e5f53580,Giây Phút Chia Ly,Minh Trang LyLy,POP_BALLAD,TIER_A,True,False,0,,False,False,0,,True,1858,339,0c89c704e692fc307752c4f473441e874d149c5875a531e771e9fcdcf5ce09ff,
RMVM_S_5b02335e47,Anh Có Thể Đừng Rời Xa Em Được Không (Remix),Thiên Tú,POP_BALLAD,TIER_A,True,False,0,,False,False,0,,True,1834,318,1afa88a305e9752394d0e89587d5811045f14e8ca3b79bdd6679fd5da6bd1ffb,
RMVM_S_4bd3b9ba7a,Giấc Mơ Không Chỉ Của Riêng Ai,Minh Tuyết,INSTRUMENTAL,TIER_B,True,False,0,,False,False,0,,True,2138,378,e28170036152624fb21176ee9763d5cc660f0c540a6bd92bf47687f1541f5179,
RMVM_S_403ca9f353,Từ Nay Không Phiền Anh Nữa (Remix),Tuệ Phương,DANCE_EDM,TIER_A,True,False,0,,False,False,0,,True,1500,255,ea4b5d1fdc2ae41323129c09b5e92742319805efa0c20b9b040c2c661dd7de02,
RMVM_S_e6f97b61dc,Giấc Mơ Quá Xa,Khánh Phương,POP_BALLAD,TIER_A,True,False,0,,False,False,0,,True,2242,393,fb0bef762dc9f4edbe698765191e22296e3597dd4d4de1b2b228f226676b0b05,
RMVM_S_d01df62d18,Anh Không Nhớ Em Vậy Đâu,"Xuf, Trà Hoa Cúc",POP_BALLAD,TIER_A,True,False,0,,False,False,0,,True,1613,288,85ac2942dc7f5d337776b345b22638c500af2cef4e8dc7b3db3dede8fa453f1f,
RMVM_S_a999917c4b,Một Đường Nở Hoa (Remix),Hàn Dung,DANCE_EDM,TIER_A,True,False,0,,False,False,0,,True,2658,445,8e98bd910fec625a85eb136cc49bc071831eda399a7ad05c43e65aa7f765d6a6,
RMVM_S_0a8e8c3272,Trưởng Thành 2,Dee.A,POP_BALLAD,TIER_A,True,False,0,,False,False,0,,True,2247,373,16009bdc365cb57893cf5e6ea16e6ada17eb279eadc5c268658ac8503a2e46de,
RMVM_S_759641a929,Dù Chỉ Một Lần,Trường Kha,FOLK_TRADITIONAL,TIER_A,True,False,0,,False,False,0,,True,1698,280,5dec7517febb19179ac0e5e62772999f9d6ad6d995de1cc0d36894a251711f6a,
RMVM_S_195fb2d7fa,Để Tình Yêu Trôi Qua Vội Vã,Vinh Trần Bảo Lê,POP_BALLAD,TIER_A,True,False,0,,False,False,0,,True,2320,404,ff50029eadb7baf4bf64eafea3fd22cf115e7cf951e21b2350bc3603e49cccab,
RMVM_S_7f6f3d9f3e,Thả Tim Gái Nghệ,"HanDrytion, Đinh Nguyệt Hằng, Thái Quỳnh",POP_BALLAD,TIER_A,True,False,0,,False,False,0,,True,2175,385,080c85b6eb54eb5151d79344a67d75650d24338edef5d9de64799f0d80011ef2,
RMVM_S_94183907eb,Đứng Sau Hạnh Phúc,Trí Kiện,POP_BALLAD,TIER_A,True,False,0,,False,False,0,,True,1995,350,c4a7957e8608850eac6de9120c13983d6d6c60c2c26c788d3d5bbd4c117b3a66,
RMVM_S_b7cebc02bb,Đón Ông Thần Tài,Bảo Nam,POP_BALLAD,TIER_A,True,False,0,,False,False,0,,True,2679,443,83a2868398950567c1a10986fa05951e52bbec97a3b3ef012ce766ed33da470c,
RMVM_S_8d291dfa1a,Đừng Quá Yêu Lại Tổn Thương Nhiều,Winston,POP_BALLAD,TIER_A,True,False,0,,False,False,0,,True,1798,308,1659cf1dbb49120778d542af077be0f1f8baf5e9bdf8ba1d9a00c9fd0d358c6b,
RMVM_S_6f3b581861,Anh Là Người Ích Kỷ,La Thăng (Huy Nam & Huy Khánh),POP_BALLAD,TIER_A,True,False,0,,False,False,0,,True,2060,377,c1c070bf57b7b268e7ed359669bf2f7798d1d37fcc42302c00d708d81f043185,
RMVM_S_0fe4a729c8,Chiên Con Lạc Lối,Duy Ninh,POP_BALLAD,TIER_A,True,False,0,,False,False,0,,True,1724,292,5689748b9cfeb510eaf1917705d39bd7a63dd69224c3e280be7993f44e384132,
RMVM_S_8904f45de5,Lá Thư Tình Đô Thị,Trường Sơn,BOLERO_TRUTINH,TIER_A,True,False,0,,False,False,0,,True,1896,326,10fc15f57b1138df21b348674ea48cf9fc4c6c6629a210833c71912b848b195a,
RMVM_S_a33bab210d,Duyên Đành Lỡ Hẹn,Thanh Bình,POP_BALLAD,TIER_A,True,False,0,,False,False,0,,True,1598,280,1dbf580d083ef60ab83803eda32dfdc4278d7a0d912538a7ebd1195f3fa1b305,
RMVM_S_b590a298d3,Cung Nữ,"YuniBoo, Hương Ly",POP_BALLAD,TIER_A,True,False,0,,False,False,0,,True,3120,535,3df6e6c330f517adc2f3ba18e43b5e5b69d53bba9d578911c5c906cc361e7d4f,
RMVM_S_09230b98a6,Yêu Nhiều Để Làm Gì,Hồ Văn Hơi,POP_BALLAD,TIER_A,True,False,0,,False,False,0,,True,1770,316,0b303eeae5418a7d56846f68ae56acf58ddb64aaaa44f7a80382390569129844,
RMVM_S_a8c1d228f1,Tắc Kè Bông,Bé Hiển Thông,CHILDREN,TIER_A,True,False,0,,False,False,0,,True,928,176,74447419495247c8f9cc3842be1f68c87e01681489cef85b7b0049390e7c6f8a,
RMVM_S_a78b2d8034,Đau Nhưng Thấy Vui,Bùi Vĩnh Phúc (Hot Boy Kẹo Kéo),POP_BALLAD,TIER_A,True,False,0,,False,False,0,,True,2180,394,6624fd54189b941bede867831c26481fa8c0c6aa0d3e654812136ec9e5c86191,
RMVM_S_56fa5a3511,Đau Xót Lý Mồ Côi,Dương Nghi Đình,BOLERO_TRUTINH,TIER_A,True,False,0,,False,False,0,,True,1831,321,45fd5bd298ee2e08ce97209e09a532483d77a44e1301cc1b86b2d9afcc8317db,
RMVM_S_64ed3985fc,Anh Nghĩ Em Tiếc Anh Sao,Saa,POP_BALLAD,TIER_A,True,False,0,,False,False,0,,True,2610,468,8b0bf325335bbfbe35c3adcf5a01596c8fe395ac3935557045807a843559dbed,
RMVM_S_e4b6572481,Khắc Cốt Ghi Tâm,Dương Chấn Huy,POP_BALLAD,TIER_A,True,False,0,,False,False,0,,True,2023,377,4a3fde1a885d39be9fb2d3e967c58416212107f1604083d1cfa4315a683cfa46,
RMVM_S_76054bfa39,Tình Xuân Ca,Đạt Long Vinh,POP_BALLAD,TIER_A,True,False,0,,False,False,0,,True,1815,325,4f596c1648ca8c9b3ae52cd7d93087f263a0345f3ee677e4a66e2707482521b2,
RMVM_S_0251d2ef76,Có Những Chiều,"Thái Đinh, Minh Cà Ri",POP_BALLAD,TIER_A,True,False,0,,False,False,0,,True,1918,323,cbae24897407d6ebd8790ae1937860e25bdbdc4fc5bcae27aa9fafc7d613046c,
RMVM_S_5a9e015af1,Giá Như Anh Ở Đây,"Đỗ Lê Hồng Nhung, NovP",POP_BALLAD,TIER_A,True,False,0,,False,False,0,,True,1694,314,3cfd0eb144b6a0244723009241134878fa934d975c8a894aaf0455fe3c833781,
RMVM_S_81761524bb,Chỉ Là Anh Cảm Thấy Tổn Thương,Jang Nguyễn,POP_BALLAD,TIER_A,True,False,0,,False,False,0,,True,2091,363,409cd016e71fb38683e56ed78fdd133faecb2f65dfb8ce5d2b2e2a06c9f73c6c,
RMVM_S_fc03c33273,Ai Cũng Nói Anh Chờ Làm Gì,Jang Nguyễn,POP_BALLAD,TIER_A,True,False,0,,False,False,0,,True,1741,304,ac32f3b28d3fa51376a852759263244c4d6c15565845979bf3931aa6f3b24408,
RMVM_S_2ca55a09bc,Giọt Nước Mắt Sẽ Tan,Quốc Hùng,INSTRUMENTAL,TIER_B,True,False,0,,False,False,0,,True,1608,296,eb8c05065ef0c5095a87b1b1d9d097b5e4ab5555396f09b0442618dcf105f539,
RMVM_S_2cd4b81138,"Buồn Ơi, Chào Mi!",Giang Hồng Ngọc,POP_BALLAD,TIER_A,True,False,0,,False,False,0,,True,1091,200,7446f3869558743d64fed48903e746a6de9a2b162d66b333dfadb900f2c9fd06,
RMVM_S_5139be8272,Cá Bơi Ngược Dòng,Vương Anh Tú,POP_BALLAD,TIER_A,True,False,0,,False,False,0,,True,2262,381,37f72f1f4ea4a4a437a431a31e7a3b3aae2345bdf21a0e06bdfce793c35c7270,
RMVM_S_bef69a25eb,Một Tình Yêu Vội Vàng (Live),"Bằng Kiều, Thanh Thảo",POP_BALLAD,TIER_A,True,False,0,,False,False,0,,True,1975,357,41ee51bb830652227d2142e193cc060671fe56367b8789e016e0b15a2a8c8a40,
RMVM_S_d1d308b96f,Hạnh Phúc Vẫn Còn Quanh Đây,Thùy Trang,BOLERO_TRUTINH,TIER_A,True,False,0,,False,False,0,,True,1449,260,a7cac49739bf0e672517a9d38087e23a761a4262b03409d34157e6c1b6427be2,
RMVM_S_c112108367,Nước Mắt Của Mẹ,Diễm Hân,POP_BALLAD,TIER_A,True,False,0,,False,False,0,,True,1767,311,bfe6f14d36e21c372c845bacd43a69ebe5e554b240d7bfcb17714f263c3e16d9,
RMVM_S_f64d558ce0,Cuộc Đời Anh Chỉ Cần Như Vậy,Nguyễn Bảo Linh,POP_BALLAD,TIER_A,True,False,0,,False,False,0,,True,1828,333,fcbb36195bc82bad6c13cefabcaf0d47a02acc1be5a1cec5d67530067e831ae1,
RMVM_S_cc5daa75a8,Em Hãy Yêu Một Người,Thanh Bình,POP_BALLAD,TIER_A,True,False,0,,False,False,0,,True,1630,291,60ba033e3f16af1dcf12f4407cfe479d4d419537805cf91b4217c785f1bc335e,
RMVM_S_3af4a66edb,Hãy Nói Yêu Em Khi Xuân Về,Tố My,BOLERO_TRUTINH,TIER_A,True,False,0,,False,False,0,,True,1772,326,5cd5809de530260858e2cc9866ec5f820ede315eddf7999e8a439e80649a8bc9,
RMVM_S_7c424df2de,Điệu ví dặm là em,Bùi Lê Mận,POP_BALLAD,TIER_A,True,False,0,,False,False,0,,True,1502,274,608b2235814f3cd922ee69afd9ffbb86fe8c337dbc443c11a3bc543f4df18b6e,
RMVM_S_0b5933c065,Tôi Đang Chờ Một Cuộc Chia Tay,"Bá Vương, Magda",POP_BALLAD,TIER_A,True,False,0,,False,False,0,,True,2147,386,c516b5e6194af84d98717ad217865fb010d430470f03c3610bafee1511cd77a7,
RMVM_S_b980ce5408,Liên Khúc Thành Phố Mưa Bay,"Khánh Bình, Trường Sang, Nguyễn Hân",BOLERO_TRUTINH,TIER_A,True,False,0,,False,False,0,,True,3043,519,61e71609c4ba2a3b249bee10ec291c9aa269714af9c8434384fbcef913485d21,
RMVM_S_560057b0f3,Cười Cho Qua Kiếp Người,Phi Bằng,BOLERO_TRUTINH,TIER_A,True,False,0,,False,False,0,,True,1744,300,100cace07a7defbad0ce51fca58c3e8c540b1b6c6e9c77961457b8c00bab117c,
RMVM_S_cd564fbc71,Thì Thầm Mùa Xuân Remix (Dance Version),Peto,DANCE_EDM,TIER_A,True,False,0,,False,False,0,,True,1144,204,431817c10e93c150bf5b46a09bd020b6c054749537434378a27d05b23c138e80,
RMVM_S_1f78aa8983,Về Đi Anh,Mạnh Hakyno,POP_BALLAD,TIER_A,True,False,0,,False,False,0,,True,3538,623,6d8aff5f058337ba7e40e1ad90b252f70c1675374dd92cb11cbf661d39cebb85,
RMVM_S_cc2995bd67,Phụ Tình Tình Phụ,Lý Kiến Hào,BOLERO_TRUTINH,TIER_A,True,False,0,,False,False,0,,True,1592,285,c88319adc2a5a67d580a2ee9f90c05c176d58b83fc10b5c9600850deb148c000,
RMVM_S_444f81bffa,Em Hậu Phương Anh Tuyền Tuyến,"Mai Lệ Quyên, Nguyễn Phú Quí",BOLERO_TRUTINH,TIER_A,True,False,0,,False,False,0,,True,2068,355,31d68888f5ec6d454d9cda341f15beb4c79de4330c601aec1c72b605d87301e5,
RMVM_S_22bc97d4b7,Đừng Ghen Em Nhé,Nguyên Vũ,POP_BALLAD,TIER_A,True,False,0,,False,False,0,,True,2006,346,8e3e8ed9fb8273cbbfc9a8ebce45b43a15b8f02253788cabf9983a6770787dcd,
RMVM_S_e0adb26298,Chia Tay Sao Phải Buồn,"Lê Bô, Namchan",POP_BALLAD,TIER_A,True,False,0,,False,False,0,,True,2230,386,be835e79818603d0058b98cc7aff75d6f89d4aeecf288e7e6efa932d7f2928f9,
RMVM_S_bd10ebebb6,Người Anh Yêu Nhất,Đinh Đại Vũ,POP_BALLAD,TIER_A,True,False,0,,False,False,0,,True,2005,356,0243d777e803c7f14aebcdcad47be0c809dc05f1e4d1a1e71a14a6b157b9e6b9,
RMVM_S_c8163f1e92,Lời Yêu Ngây Dại (Cover),Như Hexi,POP_BALLAD,TIER_A,True,False,0,,False,False,0,,True,2669,476,dcbef692ad75ca1040c14f3a144d41f54c8976e50dd628c0c52775f4e0009071,
RMVM_S_c469ba6e5b,Em Hãy Nín Đi,Long Hải,POP_BALLAD,TIER_A,True,False,0,,False,False,0,,True,1864,327,5b46c35cd980e4ac8395d6ce84eb665f5072715942724edaf083d7901df53cf5,
RMVM_S_706806de48,Đau Rồi Cũng Sẽ Qua,"Roy Nguyễn, Reddy",POP_BALLAD,TIER_A,True,False,0,,False,False,0,,True,2324,412,fbc40962948b7e1b13bd7c7dfea1a1b5a2c37b9fef47b159c5f901a1c4c0a1c2,
RMVM_S_3ecbff600d,Hãy Cứ Vui Như Mọi Ngày,Huy MC,NHAC_TRINH,TIER_A,True,False,0,,False,False,0,,True,1738,304,df5ce53b1f9b5dbd944adb9091f44f4086403a1827d95a09787392e8b33ee192,
RMVM_S_2aeba24d26,Anh Đã Hiểu Rồi,Đỗ Phú Quí,POP_BALLAD,TIER_A,True,False,0,,False,False,0,,True,1992,361,9e94eed3b3652381ff37b98b31eb2ff41ea32925a424c4abfd1fa1dd4d8ecbe2,
RMVM_S_caccc3481f,Hẳn Là Yêu,Keyo,POP_BALLAD,TIER_A,True,False,0,,False,False,0,,True,2431,430,4d4b5ed1e567cce8f88ea887e8cb3c88340cab225212eec25a84017f7c34ece1,
RMVM_S_7c52424089,Mùa Xuân Cô Đơn,Khánh Đơn,POP_BALLAD,TIER_A,True,False,0,,False,False,0,,True,2020,354,e65bff0c7bd3ec3638a549557065567bd71294bb93baaa3b5e9aace254166d2c,
RMVM_S_b17ebe88a2,Anh Về Giữa Mùa Xuân,Nhã Phương,BOLERO_TRUTINH,TIER_A,True,False,0,,False,False,0,,True,2084,357,4d8d37a995dd3249515a8d537cbea0a5286745394d4800743a4f5cc80811f9a3,
RMVM_S_515f85806e,Cứ Thế Lặng Im,Bozitt,RAP_HIPHOP,TIER_A,True,False,0,,False,False,0,,True,2200,385,a01bb8b5e2456ea657f443f338124a8ce97be3a85a2b1d9b235dcef7cac1146f,
RMVM_S_4a627a8495,Ít Nhưng Dài Lâu (Nam Con Remix),"Chu Thúy Quỳnh, Yan Nguyễn",DANCE_EDM,TIER_A,True,False,0,,False,False,0,,True,1862,322,4f06c0a898a06fc4f954ce22190b413923ec4c728ab2f1b32f4433f35ae6351f,
RMVM_S_05a8ed7fcd,MAX CÔ ĐƠN (OST Đại Ca Đi Học),Đạt Max,POP_BALLAD,TIER_A,True,False,0,,False,False,0,,True,3075,535,66b2939a861e792578d316d86a3aa7f1e7c2e3af538897a54234cc16cb485024,
RMVM_S_8edba72117,Nỗi Buồn Mẹ Tôi,Dương Hồng Loan,BOLERO_TRUTINH,TIER_A,True,False,0,,False,False,0,,True,2320,410,709829cb12e03bfce0dfd25de6f7c762bc681f7d31efb40418de07551983bf80,
RMVM_S_963b44079c,Cô Nương Bên Cầu,"Dương Nhân Trung, Vũ Nguyên Thảo",POP_BALLAD,TIER_A,True,False,0,,False,False,0,,True,1281,233,54db07361f6833b0d3b527394d1f3c0fa3dc9a0373db4de651c5549394272047,
RMVM_S_262409a345,Yêu Em Còn Xa,Đăng Khôi,POP_BALLAD,TIER_A,True,False,0,,False,False,0,,True,1641,283,80d13a2c0cb1ee5f9a0bce42ad7bfc13e65b752673ab4e3c17653a59df6df9b5,
RMVM_S_4e95d32fe5,Người Thương Em Cả Đời Em Xua Đuổi,VIET.,POP_BALLAD,TIER_A,True,False,0,,False,False,0,,True,1578,284,0dc23cad433956d26512820f87741542e476dae4e2232a10a0d952ca19e6397e,
RMVM_S_48cfc41727,Để Nhớ Một Người,"Vũ Hoàng, Thạch Thảo",BOLERO_TRUTINH,TIER_A,True,False,0,,False,False,0,,True,1878,325,f2ad4eaa207bb22bf70ed4cf4d7cd2890e2c29a47e4593bea12d2be37323460a,
RMVM_S_ce61b43f70,Aiii Chuyện Cũ Bán Hông?,Trúc Nhân,POP_BALLAD,TIER_A,True,False,0,,False,False,0,,True,2568,444,4d90cf458602ac83a49a1b64d33086d654a72cc8683ed339b8779a05753601d6,
RMVM_S_bcaf7e553f,Biển Ơi Hát Cùng Tôi,Nguyễn Phi Hùng,POP_BALLAD,TIER_A,True,False,0,,False,False,0,,True,1390,249,e86f9bbe6c474d19d6b085c698a588334ab5860201331f16d5b7c7e35c0f96d4,
RMVM_S_6d0f64edc2,LK Đoạn Cuối Tình Yêu,"Lê Sang, Randy",BOLERO_TRUTINH,TIER_A,True,False,0,,False,False,0,,True,4059,710,ad7e5439377cf17daddab4f448982ce5c39bafb33d1300a4c28a9cf0c911ea1e,
RMVM_S_00364cda4e,Gia Đình Là Điểm Tựa,Nguyên Thanh Phong,POP_BALLAD,TIER_A,True,False,0,,False,False,0,,True,1731,293,a7eb28bbaaebdd678331f862c1a592dbf2919dfa2e8932fc41c5be8e0bf8249d,
RMVM_S_b2f173842e,Ai Còn Nhớ Thương,Nguyễn Trần Trọng Hiếu,POP_BALLAD,TIER_A,True,False,0,,False,False,0,,True,2168,392,c37e934b6bd31d47e91a11193a62c1d2670754de579035586b1d18b35483bc02,
RMVM_S_9bda7a224f,Về Lại Sông Trà,Trường Kha,FOLK_TRADITIONAL,TIER_A,True,False,0,,False,False,0,,True,1932,337,9262ba9c5a1597b3561de512cafdda278e066e7c18fb077f037d42cce484380b,
RMVM_S_b8c62d3deb,Xa Vắng,Bằng Cường,POP_BALLAD,TIER_A,True,False,0,,False,False,0,,True,2092,364,2a8617972e14e4c85b254e567b8cc01eb84bea3a22afc944c62833c613982027,
RMVM_S_d08c98244b,Rap Về Nezuko (Lưỡi Gươm Diệt Quỷ),Phan Ann,POP_BALLAD,TIER_A,True,False,0,,False,False,0,,True,3520,591,e5d62e11366ed92f310ecfa7f54a9db5aadfa1c52cf452a3d242df8a867377d7,
RMVM_S_2573becf40,Bé Lật Đật,Bé Minh Vy,CHILDREN,TIER_A,True,False,0,,False,False,0,,True,1994,360,541ea6ac2bd973fef7236bad4afaa949c15c79171ed1d0e8352120af9f9480ce,
RMVM_S_ea5b742184,Biển Và Đôi Ta,Trần Tuấn Kiệt,BOLERO_TRUTINH,TIER_A,True,False,0,,False,False,0,,True,2150,374,65eca6ae6ee7c58313e0f7ba160d6ec86a0f003c2e35eaaefbfad8fcb8a09d32,
RMVM_S_0bcbc298f6,Chuyện Hoa Mua Tím,Lâm Hoài Phong,BOLERO_TRUTINH,TIER_A,True,False,0,,False,False,0,,True,1983,328,64e46b595d9ef2c3fe8f926396a73a7ba1299a6a5426789ca45f3e6d72b74058,
RMVM_S_2a2aff18fa,Em Ngốc Quá,Gia Huy Singer,POP_BALLAD,TIER_A,True,False,0,,False,False,0,,True,2467,433,8bfdfa8ec466947d86d72d5f4fdb2926395ffee6b52b3a40b8da30ab5a2219e8,
RMVM_S_696063d2a6,Em Trong Kỷ Niệm,Lục Lâm,POP_BALLAD,TIER_A,True,False,0,,False,False,0,,True,1980,345,7dc9f8083790cd59fe089aed64caf1c9db9fe38defae876bfceb6aa54eeb066c,
RMVM_S_423b2ac6c7,E Là Không Thể,Thành Đạt,POP_BALLAD,TIER_A,True,False,0,,False,False,0,,True,1780,304,fdbb2f014fb5af0e944b54ab59eb2fea7aab53e1ebb57a81a43dba4430eab947,
RMVM_S_c63c1fc095,Gió Ngựa Trên Đồi Cỏ Non,Võ Minh Lê,POP_BALLAD,TIER_A,True,False,0,,False,False,0,,True,1858,342,dbccb10c48fb4fcd03daadf2c62b1f21d87f62616e980bca475eb2af1a6346ec,
RMVM_S_3c4403ea0e,Chuyện Mây Trời Cứ Để Gió Cuốn,"Luxuyen, Nhax, VoVanDuc",POP_BALLAD,TIER_A,True,False,0,,False,False,0,,True,2902,493,16040824d2acf5dd1c4fa007a2ec798e997bfd9375f400c4e37f307ce4248e48,
RMVM_S_d5286d6d01,Chẳng Hề Đổi Thay,"Tăng Phúc, Trương Thảo Nhi, Gold MK",POP_BALLAD,TIER_A,True,False,0,,False,False,0,,True,2263,412,8be092c2400b39e4ebd94964c45197e66409d7e566cceaf9e3f341acfdd819c0,
RMVM_S_764b6d8137,Chờ Em Nơi Thềm Trăng,Hồng Nhung,POP_BALLAD,TIER_A,True,False,0,,False,False,0,,True,1396,246,5f463c4965b0e2f3563cf43e1139c13e0f6cfb4886ae299458116b5d0e3bbe5e,
RMVM_S_a55e3b0883,Ký Ức Mong Manh,"Hồ Gia Hùng, Aki Khoa",POP_BALLAD,TIER_A,True,False,0,,False,False,0,,True,1664,297,b03b5b2d31bd3c587264e593d412f116ca1a9e850e43f87fd43ce0fc9ccb8d5f,
RMVM_S_5b49c7d109,Anh Em Và Đôi Ta,Đỗ Thụy Khanh,POP_BALLAD,TIER_A,True,False,0,,False,False,0,,True,1629,288,3661f168271d2001b0dfa0286eee93980b6bbc93e919ba6bb8bf1d5e5e19efcb,
RMVM_S_76fd513bcc,Lặng Lẽ Mùa Xuân,Cẩm Ly,BOLERO_TRUTINH,TIER_A,True,False,0,,False,False,0,,True,1681,293,6dc76b2fac3f6f23b27a1eff08a3730fcaf5eb3df797d15cb8b887c700351727,
RMVM_S_520ba0e0ba,Giây Phút Chia Xa (Nhạc Sống Hà Tây),"Minz, BeeBoss",POP_BALLAD,TIER_A,True,False,0,,False,False,0,,True,1446,262,cd22720d35713bbb3975cb4b9e14faeafbb75e9bd875fd78d88334f56a78cb24,
RMVM_S_ad17d07ba9,Cách Để Quên Em,Tăng Anh Tuấn,POP_BALLAD,TIER_A,True,False,0,,False,False,0,,True,2005,367,8c42442f88df3ac92e7cce682ee7b1ba68e464ecfe513d5ad3b746087486f7ec,
RMVM_S_f74e4f8d74,Chuyện Tình Sầu Riêng Anh,"Khưu Huy Vũ, Hồng Phượng",BOLERO_TRUTINH,TIER_A,True,False,0,,False,False,0,,True,2090,357,45d58c545d88c34db93b49d7fc1c9a96a71df10bf41b029d43fc20e15c59ca2d,
RMVM_S_ea58971b7a,Phải Nên Bắt Đầu Từ Đâu,Hoài Lâm,POP_BALLAD,TIER_A,True,False,0,,False,False,0,,True,1362,233,f6a6b63cc4fa7b96648e895bcc35fc9a284f903d396368ba67e5f6417abfdf2e,
RMVM_S_2211d8d419,Biệt Tri Kỷ,Chí Thành Danh,BOLERO_TRUTINH,TIER_A,True,False,0,,False,False,0,,True,1696,306,0dd9ad5aebd390a5fcf1895663bfc47dc8ab9c97c6d7f177d77c3a1b8bf64117,
RMVM_S_5b0cad7a7e,ĐÔI TA LÀ GÌ,"Tôn Hồ Anh, O.lew",POP_BALLAD,TIER_A,True,False,0,,False,False,0,,True,2144,378,0aa77173ea1e1372bac59ae2fe3241637afb163cf51896e6781aa0c754992315,
RMVM_S_9c2d5e1a38,Khúc Nhạc Tình Tang (Beat),Kim Linh,BOLERO_TRUTINH,TIER_A,True,False,0,,False,False,0,,True,1813,314,11cbd71d369e90c7a6b1438609e8295fdcd01fd44f7eef1ab0b84c070ce26050,
RMVM_S_4415f67e5c,Gió Bay Trên Đồi,Mắt Ngọc,POP_BALLAD,TIER_A,True,False,0,,False,False,0,,True,1887,330,65629c4e4e2feb57c283710eb8937b23dad167dd41432a91490eafa691fe3358,
RMVM_S_aece62b74b,Dấu Yêu Thuở Nào,Phương Thanh,POP_BALLAD,TIER_A,True,False,0,,False,False,0,,True,1894,343,faeb2cc7653f27627e7c36ba724f0727ecfdb35a35a8a7c9694dde389d7c5387,
RMVM_S_92e738742e,Quà Trung Thu Của Bố,Bé Bào Ngư,CHILDREN,TIER_B,True,False,0,,False,False,0,,True,1133,200,2bd26623725976fa226e2aa17d42e2f2e5b8fa96406fc2be9c7bde4518a22a2b,
RMVM_S_7ce08f1745,Chắc Do Em Đã Sai (WRC REMIX),Nhiều nghệ sĩ,DANCE_EDM,TIER_A,True,False,0,,False,False,0,,True,2700,469,ce5cc75836b7bc6f3f2d71b6282f841e6b4099b9d445fa9fef54b6b23d24eb6f,
RMVM_S_6be1da01dd,Tình Năng Đôi Bờ,Diễm Trang,POP_BALLAD,TIER_A,True,False,0,,False,False,0,,True,2302,383,f43c7f016d023864b3df19972506d82b8af0e1630190f9187f1dae4cb1193bd9,
RMVM_S_d0c277ba76,Thê Tử (EDM),Minh Vương M4U,DANCE_EDM,TIER_A,True,False,0,,False,False,0,,True,1688,282,2f6b5edd70d98bb1cde5b2b8eea8431d81dfa5bae49fd2619371817ca9931e90,
RMVM_S_3f8ab7c7f6,Đã Bao Giờ Mẹ Hạnh Phúc Chưa?,Nhiều nghệ sĩ,POP_BALLAD,TIER_A,True,False,0,,False,False,0,,True,1648,288,3b04d9a30b996dc8bf13e07ddc20ba315068468d5cdcd6aa828e01051a93b0ef,
RMVM_S_8a84a198bd,Hai Đứa Giận Nhau,"BeeBoss, Anh Thư",POP_BALLAD,TIER_A,True,False,0,,False,False,0,,True,1610,280,002fd2b163cf4a4afcdf16ee1479dde5bc5e94dc90b6bd46751d14b5914fc1d0,
RMVM_S_289d3950fb,Than Thở Trong Tim,Khánh Đơn,POP_BALLAD,TIER_A,True,False,0,,False,False,0,,True,1956,337,72f7050b6adff9108be4db1be45f92f90f83ee20c3211f31c967a7728b70cfc3,
RMVM_S_f157d2ee7f,Anh Cứ Ngỡ,Hoài Lâm,POP_BALLAD,TIER_A,True,False,0,,False,False,0,,True,1567,274,4e6335caebce8101e55853ae304438b044d3f59a88c1d778fe6e42c511ca23f9,
RMVM_S_19e6247bec,Anh Ta Bỏ Em Rồi (Beat),Hương Giang,POP_BALLAD,TIER_A,True,False,0,,False,False,0,,True,2171,380,a1d6639e1121af64d4a73dc1c4fb4b1f791454c59d26848a1275bbaf4249dbfb,
RMVM_S_db27968399,Duyên Lành Vùng Cao,"Ngọc Ký, Bùi Thúy",POP_BALLAD,TIER_A,True,False,0,,False,False,0,,True,2389,411,852095a79208ccc502a9d69915ebbf5787e16707a33ea54e3172e39b8b50e31a,
RMVM_S_b4cb97e318,Con Cò Quên Mẹ,Cao Sỹ Hùng,BOLERO_TRUTINH,TIER_A,True,False,0,,False,False,0,,True,1648,308,089aaa91d9d66477d5913b688b273f025893470fe55cf1b2bb7a9911cea03b07,
RMVM_S_aa12c7f0b4,Tình Yêu Không Thể Phá Vỡ,Thiều Bảo Trang,POP_BALLAD,TIER_A,True,False,0,,False,False,0,,True,2380,408,c984ac9d0900623e44b3554e8989360b5e35d247a31c8d489d727dc7aaf2d492,
RMVM_S_927991d3d0,Ta Có Thuộc Về Nhau (Deep House Remix),Diệu Vân,DANCE_EDM,TIER_A,True,False,0,,False,False,0,,True,2290,382,d0e3ab4df6fea001fe75235e919dcf5b41dde4b6b7139135de56effa3586eaab,
RMVM_S_9e82dbdcc4,Bên Thềm Lá Rơi,Bùi Việt Hà,BOLERO_TRUTINH,TIER_A,True,False,0,,False,False,0,,True,1287,226,86763b314d6610026f1edd49569384a4cdaaa1e16c779e7600803ebfaa146302,
RMVM_S_99d55aeff5,Bình Minh Xa Xôi,Cyrus Thiên Ân,POP_BALLAD,TIER_A,True,False,0,,False,False,0,,True,2145,383,68b014ef6331a759cd27e6322be11b1f0e2282795bb15585afb45c8a388b4ae0,
RMVM_S_36ffa2d3fd,Cơn Mưa Chiều Ấy,DatKaa,POP_BALLAD,TIER_A,True,False,0,,False,False,0,,True,2660,478,a4aff90e2fc19755be85d5bba4e1de116884ebd68cdd6946073887e1d24040ab,
RMVM_S_2a2d6c58a8,Có Được Lì Xì Nữa Không Ta,The Wings Band,POP_BALLAD,TIER_A,True,False,0,,False,False,0,,True,2185,391,e3bc8089e039fe2bb73c0fa3b8cc8a80382ad1ca8d76dbc140ab08a0f4b542c9,
RMVM_S_682a441966,Chỉ Còn Em Thôi,"Hương Ly, Andiez",POP_BALLAD,TIER_A,True,False,0,,False,False,0,,True,1813,314,fb82b20018f2d299caea66260da3bc8dbf25d00a5cad148ea3b82840c0cd650c,
RMVM_S_54447f2989,ĐẠI DIỆN CHO TRÁI TIM,"SOUTHALID, MaL.",POP_BALLAD,TIER_A,True,False,0,,False,False,0,,True,3427,624,0627e62d069e9e5b993f444af70f6608c59f339f7324e13ed2449e23d5718f4e,
RMVM_S_ea7fa8f68c,Dễ Yêu Dễ Quên (Tropical),"Nhật Tinh Anh, Nguyễn Đình Vũ, Thái Anthony",DANCE_EDM,TIER_A,True,False,0,,False,False,0,,True,2316,405,2c7c0a22bcb565e41011c69bf4ef92401d3914b7aba2675e8e0a40b73a955d9c,
RMVM_S_2c6e90146c,Thà Ế Còn Hơn Yêu,Nguyễn Trung Đức,POP_BALLAD,TIER_A,True,False,0,,False,False,0,,True,2072,367,5d3ee5f13fcade0a9b45fe333649cbf5621749bdc717c87ff667e49d4ada06c2,
RMVM_S_e398e739a3,Sao Người Ta Nỡ Làm Mình Đau,Gil Lê,POP_BALLAD,TIER_A,True,False,0,,False,False,0,,True,2478,442,f268b75c6231bc87968846297f1e2cff2e27416144d47fdd1ad11ab697be387f,
RMVM_S_8ce708cf0c,Biết Nói Thế Nào,Don Hồ,INSTRUMENTAL,TIER_B,True,False,0,,False,False,0,,True,1288,243,bf3741ffcee955df2f032c9c5d359e40fafee17fdf36d34959d6c1e348a24a59,
RMVM_S_f1283164ed,Tết Này Ai Cưới Tôi,Nhiều nghệ sĩ,POP_BALLAD,TIER_A,True,False,0,,False,False,0,,True,2809,506,3301f3582df0df31827d4541abf2c167128f1e48d538f1e273e1640e01d1679d,
RMVM_S_9c8787fd8c,Bước Bên Em (Speed Up),"Dani D, Lê Vũ",POP_BALLAD,TIER_A,True,False,0,,False,False,0,,True,2180,382,8361744913a21d210a72209fc75e68fc96c46da905f07890bfc0883b0ad651a1,
RMVM_S_abe6e8124c,Người Giàu Cũng Điên,Giang Trường,BOLERO_TRUTINH,TIER_A,True,False,0,,False,False,0,,True,1589,269,8dea210aa05a730c9c2e50ee147e26a8b252c001ea320fb328caed8d3a6695fd,
RMVM_S_fe21982aa1,Nghĩa Tình Là Mãi Mãi,Trường Sơn,BOLERO_TRUTINH,TIER_A,True,False,0,,False,False,0,,True,2024,332,42db1170a47fea6fbfd8dc72d3ecc11daabcadca5c129d0e4604e20d10dd5de3,
RMVM_S_b6ac2f4d2d,Anh Không Phải Hotboy,Phạm Hồng Phước,POP_BALLAD,TIER_A,True,False,0,,False,False,0,,True,932,166,dcc94a0748b27d19db9eb58cfd4f6a638e9bb3a93e63a962433be3508eaf6992,
RMVM_S_51b69f10bf,Nội Tôi,Đại Đức Thích Nhuận Thanh,BOLERO_TRUTINH,TIER_A,True,False,0,,False,False,0,,True,1781,300,6f69107da681d8d1215777434af8c2300c50c1a9c37a1b83185c79aea8e366c7,
RMVM_S_eaf1e4c5bb,Hoa Thiên Lý Trắng,Lương Nguyệt Anh,BOLERO_TRUTINH,TIER_A,True,False,0,,False,False,0,,True,1526,266,699fe8acd7320d685e65723574d37a46830dda7d67fd22166ab587b2b55ceb4b,
RMVM_S_cc73c7761e,Chung Đường Ngược Hướng,"Thiên Ân, LQ MEDIA",POP_BALLAD,TIER_A,True,False,0,,False,False,0,,True,2504,429,85e8ef9b625f0b700cef967c805785e7bc9efc81570f626ba115be249ac9a6a9,
RMVM_S_287d0786e3,Còn Thương Câu Hát Miệt Vườn,Khánh Duy,BOLERO_TRUTINH,TIER_A,True,False,0,,False,False,0,,True,2009,356,1504e11b62a179c9e54921d49a82193460cb123aac08109c0f9e5483e8643fc7,
RMVM_S_900395621f,Chẳng Cần Đúng Sai,Hồ Phong An,POP_BALLAD,TIER_A,True,False,0,,False,False,0,,True,1683,291,fafdf44f0c65a0573b70075191eae86b96f8c172c2a3803f5c02c5564b4bcb6f,
RMVM_S_160bb09f05,Bài Ca Sao,"Ái Vân, Elvis Phương",INSTRUMENTAL,TIER_B,True,False,0,,False,False,0,,True,1786,344,630b48696c44e9571a5b19bcbf26fe0f075a34b24589143e94d30ae35bb48d1c,
RMVM_S_96a15e489b,Đừng Tổn Thương Người Nên Trân Trọng (WRC REMIX),"ZIN MEDIA, Đào Ngọc Sang",DANCE_EDM,TIER_A,True,False,0,,False,False,0,,True,1826,298,1447e7b5c0a152a9c96a451d1a9e2f627a12499580330dc6e9f1382a6ab3b84e,
RMVM_S_39f1a5d2d3,Buồn Thu Ướt Mi,"Bảo Hân, Don Hồ",INSTRUMENTAL,TIER_B,True,False,0,,False,False,0,,True,1754,299,372529c75ab45319ffc84b7a96930093610c11fbd23d65145dc8a477bf59bd15,
RMVM_S_3672eb88e1,Bạn Tình Ơi,"YuniBoo, Goctoi Mixer",RAP_HIPHOP,TIER_A,True,False,0,,False,False,0,,True,3652,648,eb524aa560c4b2dd244f5ac49610fc5fb83c3aa01e732fe2aa811464ff7acb4e,
RMVM_S_e148c0636f,Tìm Người Nhà,Ngọt,POP_BALLAD,TIER_A,True,False,0,,False,False,0,,True,1949,344,743bfbe7701fc3933b55cc359ebae3fe6464500cba77e991647a5e3e36e63839,
RMVM_S_3734d0a8f4,Anh Là Ai ?,"ASC, MRoy",POP_BALLAD,TIER_A,True,False,0,,False,False,0,,True,2686,480,503b9532d149d02e686e0f06e5b80efc33394fc9a111a3659243e66e818d63a6,
RMVM_S_ae81afc3bd,Quá Khứ Tình Yêu,Thái Triệu Luân,POP_BALLAD,TIER_A,True,False,0,,False,False,0,,True,1809,322,9cf5e9d4c9e4df76e6e0d6f455561cab5a0b11d879e4807c1334e314b1a79434,
RMVM_S_d9ecdb5844,Vì Nghèo,"Diễm Trang, Hoàng Diễn",POP_BALLAD,TIER_A,True,False,0,,False,False,0,,True,1223,210,9845080f669efe7384f9a51a3b07464c8fbadf796a9307b670a2069035f881b7,
RMVM_S_5f1519af32,Vì Đâu Lại Thế,Reddy,POP_BALLAD,TIER_A,True,False,0,,False,False,0,,True,2183,391,14f3cdae59eca18ece9a48c4dd404bb2cb7b660c54c20c5bea0d1b3ee2556b35,
RMVM_S_3c8cb3bd70,Đừng Bỏ Anh Mà,Phạm Trúng,POP_BALLAD,TIER_A,True,False,0,,False,False,0,,True,1526,286,0cf70dcb52f8c376c7d34c3bccb762cfea0f65337f113a725b14a89fcdbf0547,
RMVM_S_e248d35c8d,Mưa Thu Buổi Hoàng Hôn,Thu Trang,BOLERO_TRUTINH,TIER_A,True,False,0,,False,False,0,,True,1713,295,3cbfd6d550286338f5b7cc4ff7ee793852f0e8485b13687f01a6c21ea6b47943,
RMVM_S_3927e09670,Bước Tình Xa,Lê Uyên Nhi,BOLERO_TRUTINH,TIER_A,True,False,0,,False,False,0,,True,2469,454,2050fd35aa3abdfffe2e4e8f80e585b264983498c57ba8d64329a5b19a23f4d7,
RMVM_S_66b287b16f,Im Lặng Anh Mất Em,AndyShin,POP_BALLAD,TIER_A,True,False,0,,False,False,0,,True,3835,674,58e615adb8940016f3434fcd094ad00c27ae9daebdf4d861144598002092c030,
RMVM_S_703f48acbc,Em Đi Chơi Thuyền,Bé Bào Ngư,CHILDREN,TIER_B,True,False,0,,False,False,0,,True,1235,227,4f25df881a5210a7f66cd3d4575661f5adff8c46bb757757c0363d024e8fef92,
RMVM_S_4e6afb2b7a,Đành Để Em Xa,"Anh Hổ, TuấnK, XyViz",RAP_HIPHOP,TIER_A,True,False,0,,False,False,0,,True,3841,682,4d004878e8a4419501c40f4af51d9fc382cf9417d7f51649d0c9b47f4527909d,
RMVM_S_a2b7fa6d6c,Đâu Phải Nhân Tình,Milk,POP_BALLAD,TIER_A,True,False,0,,False,False,0,,True,3412,593,f4753e2c6b92dabdb44923e3521d096bd0723d945ed4bb80bd5daf394407835d,
RMVM_S_5c86b99f71,VỌNG KIM LANG (LOFI VERSION),Bùi Phi Long,BOLERO_TRUTINH,TIER_A,True,False,0,,False,False,0,,True,749,134,9fe4a46f69b24edcfbaedfb8bdf936891bcf4702fd3a193984b1331a8c13b6ed,
RMVM_S_0576c8f2b4,Chờ Đợi Giữa Thế Gian,Kaisoul,POP_BALLAD,TIER_A,True,False,0,,False,False,0,,True,2452,434,a14e59f8ba11c34efb6539cc20a9bbb36de8a5d8a40f9ad29975a6236c04f0c4,
RMVM_S_830c5903d4,Liệu Có Ngoại Lệ,Keyo,POP_BALLAD,TIER_A,True,False,0,,False,False,0,,True,2605,452,10f92647d07a5690dfd70293e03102d90343c45ae168af68b6fd922a7a138050,
RMVM_S_ef404088c1,Ký Ức Giáng Sinh,Trương Kiều Diễm,POP_BALLAD,TIER_A,True,False,0,,False,False,0,,True,1984,333,77dd6b0f34e318223ed732f8f6b7aa3c84a5b02c9038eee655efa5df4c548264,
RMVM_S_5389ffa391,Chán Thì Chia Tay,FreshlyRC,POP_BALLAD,TIER_A,True,False,0,,False,False,0,,True,2221,389,77108e0e03070f06faec6424191625db738130d318b079754333c6726f3552dd,
RMVM_S_9d5b594af2,Mong Em Hạnh Phúc Bên Người (Beat),Ngô Chí Cường,POP_BALLAD,TIER_A,True,False,0,,False,False,0,,True,1870,330,22e1c5458e42e58ae1ee4af325069cff0f168ace9cc5b75bbdb71e25b0544727,
RMVM_S_d574cb4ae0,Chỉ Tại Mình Là Người Thật Thà,Đan Trường,POP_BALLAD,TIER_A,True,False,0,,False,False,0,,True,1892,337,2cf183e9a50231c6064c1cf0961d805c4c68099413b96f5a9815a316c4d2c02c,
RMVM_S_7d49a4f6c8,Biến Tan,Hoàng Hải Thoại,POP_BALLAD,TIER_A,True,False,0,,False,False,0,,True,1700,298,71749be9b8629d2b3157f909ff18f681eaf0b36d1da2ac30d482ecabc490bea8,
RMVM_S_2a3490bad1,Đời Tôi Chỉ Một Người,Vũ Hoàng,BOLERO_TRUTINH,TIER_A,True,False,0,,False,False,0,,True,1580,274,1293007e3ee63a102ee488d7a39e8b86e9f8c0d8c24f6e04085db7970c894d21,
RMVM_S_e968ed002f,Cô Gái Anh Yêu Lúc Xuân Thời,Lâm Nguyên,POP_BALLAD,TIER_A,True,False,0,,False,False,0,,True,2083,351,66a6bc1655886022e06bc6b2f62f128d6ac4473f8728019a3ed641a4b5074049,
RMVM_S_1933dcdd38,Ôi Đời Hư Nát,Bảo Thắng,BOLERO_TRUTINH,TIER_A,True,False,0,,False,False,0,,True,1537,264,f7e49312b4013414874e42266ce543353f463c9a879dafab65bdaea98f9a8455,
RMVM_S_ca56e98448,Như Những Phút Ban Đầu (Live),Hoài Lâm,POP_BALLAD,TIER_A,True,False,0,,False,False,0,,True,2232,383,d7ecbee9d07925825427475d2e68326b11c5b0d2ebd705b6e31720db811ac7f6,
RMVM_S_3037a90c20,Trái Tim Lầm Lỡ,Bee Duy Lâm,POP_BALLAD,TIER_A,True,False,0,,False,False,0,,True,2305,395,746990ce0d51c46fc612002fb9a33e9eb32e78d67c71188b0fbd85351f9fb120,
RMVM_S_0f679abfc1,Cô Gái Thiên Thần,"Lê Vương, Key",POP_BALLAD,TIER_A,True,False,0,,False,False,0,,True,2504,455,89b2ae59e891a354dc736419409ccf999130f1317892837c5d04d8fe159d75c5,
RMVM_S_4e727d6880,Cô Ấy Không Thích Tôi,Long Cao,POP_BALLAD,TIER_A,True,False,0,,False,False,0,,True,2532,446,ea9817ed67ddd593cd0bb46dc10731a609fce14c519407b69ca63baf1783719f,
RMVM_S_f5c0afa1f6,Cũng Bởi Một Chữ Tình,Mai Tiến Đạt,POP_BALLAD,TIER_A,True,False,0,,False,False,0,,True,1736,297,248225c2013eaf05e42cf4e18238e387320429230f9e337d957e082aabf8bf90,
RMVM_S_985373cc07,Biết Em Thương Người Khác,Trương Khải Minh,POP_BALLAD,TIER_A,True,False,0,,False,False,0,,True,2152,367,5f0bc3d8f674561f5aa15340ba378aa530bdc1558eb2a5f84176e0e217d4feac,
RMVM_S_fa138c294d,Em Chọn Cách Rời Xa,"Vĩnh Thuyên Kim, TRUNKY",POP_BALLAD,TIER_A,True,False,0,,False,False,0,,True,2732,490,694cbf707fa0c474121db441ea6cb2e7752523cf7450a2bb89e6c558d29bf497,
RMVM_S_d49d6309e4,Có Những Ngày Như Thế,Neon,POP_BALLAD,TIER_A,True,False,0,,False,False,0,,True,1991,346,60737987997c248488a851d125c6f1d9fd07b54968451b082059e6dc581683fd,
RMVM_S_d1670f35ad,Chỉ Vì Quá Thương Em,Hải Nam,POP_BALLAD,TIER_A,True,False,0,,False,False,0,,True,2347,396,33d0fcaa61c32a495ab2d7b5e62e89dbf4e98ce2c2a3f975748aadbac961d427,
RMVM_S_c3f7036cd4,Mối Tình Chiều Mưa Bay (HHD Remix),"Lâm Chấn Hải, HHD",DANCE_EDM,TIER_A,True,False,0,,False,False,0,,True,2906,526,7bfcbe0a9bff8f9102dec176b34dabead65cbec935c816873fd46885a600a46e,
RMVM_S_206c0f38dc,Liên Khúc Sao Quá Mềm Lòng,Nhiều nghệ sĩ,POP_BALLAD,TIER_A,True,False,0,,False,False,0,,True,6457,1144,8b2f58b433d390145066551f5a902330329c1019b93812da7eb1b558545159cd,
RMVM_S_ba14a4a5cf,Không Thể Ở Bên Nhau,Lưu Chí Vỹ,POP_BALLAD,TIER_A,True,False,0,,False,False,0,,True,3360,566,2b65d5ffd672ae8a8bac235f3d722a70046774700317d676a3dc145b4e000d90,
RMVM_S_7719aa58e1,Thiếu Một Tình Yêu,Trần Hùng Tiến,POP_BALLAD,TIER_A,True,False,0,,False,False,0,,True,2024,370,17d191ea42940e047243da4dd8cbe6feb09316562043236ed430fc8b080862d1,
RMVM_S_a7a21b199c,Anh Đâu Muốn Mình Phải Xa (Tlong Remix),Kim Trọng,DANCE_EDM,TIER_A,True,False,0,,False,False,0,,True,1144,198,c4e327468ead8cd10deb623c909cb65b59578c186e04646a04b8e48707c3e0f7,
RMVM_S_78f1b7d0ac,Điệu Buồn Phương Nam,"Khưu Huy Vũ, Ngọc Hân",BOLERO_TRUTINH,TIER_A,True,False,0,,False,False,0,,True,1387,235,43e0a4e3f219dcb401bd6d188810179b72419c914e725fca5199b8242b1a443e,
RMVM_S_8f9ac35700,Lối Cũ Rêu Phong,"Chiennhatlang, FreshlyRC",RAP_HIPHOP,TIER_A,True,False,0,,False,False,0,,True,2021,345,57a212914583dcf7664225817066b20b3edb008e5098a793d2b00e9c30ddf510,
RMVM_S_2f374763de,Cám Ơn Người Cũ,Hàn Thái Tú,POP_BALLAD,TIER_A,True,False,0,,False,False,0,,True,1854,334,52d32ae590e2677117ee858c90efdd21925b6f99ab61978cac77eba4eb9a5703,
RMVM_S_736c42b1c4,Hộp thư thoại,Ronboogz,RAP_HIPHOP,TIER_A,True,False,0,,False,False,0,,True,2147,375,408f8f36e65b05291c3a7c12edbf4e7af50e4bf22f06dba6cc153746009f4103,
RMVM_S_668fd6dcb8,Đừng Tin Lời Nhân Gian,Lam Trường,POP_BALLAD,TIER_A,True,False,0,,False,False,0,,True,1868,340,9ce85a818abd3ab226dde296be13b61c13566f3fb5fac6021620103ef5b2dac6,
RMVM_S_f459bd8b5b,Em Chọn Lối Này,HA Live,POP_BALLAD,TIER_A,True,False,0,,False,False,0,,True,1638,282,8c700aa49c7c65c01bdd86acdf38b43ff02d23939a5285fee8161990f215b3f8,
RMVM_S_417168b1fa,Chuyện Người Đàn Bà 2000 Năm Trước,Tín Nhiệm,BOLERO_TRUTINH,TIER_A,True,False,0,,False,False,0,,True,1763,286,03dae08b63584708edf6c553951e3d8dc322818fa665b83999c2b532f9ee484c,2000.0
RMVM_S_a3a4ea58bb,Sợi Tình Sợi Nghĩa,Chí Hướng,POP_BALLAD,TIER_A,True,False,0,,False,False,0,,True,1713,282,6c07a09bcff940d62ea43862372b66c8feaa66d8bdba2210ace44dcf49f3c439,
RMVM_S_ec0f8c8bbd,Hãy Mang Đến Những Mùa Xuân,Chi Dân,POP_BALLAD,TIER_A,True,False,0,,False,False,0,,True,2130,380,f65c03040dd174aa3b191af7b79a0f480c57255bc8eb28cd6c8100330b415549,
RMVM_S_b9d7f53e78,Gặp Lại Ta Sẽ,"Pyshu, SG Prider",POP_BALLAD,TIER_A,True,False,0,,False,False,0,,True,1621,283,91c3aba601cfc0edcc600fa57f24d2e0c9fc888f7ef0d36ae063ca96ee7d416f,
RMVM_S_40ea6bbff1,ĐÃ LỠ IU,"gung0cay, $A Milo, Gxxfy",RAP_HIPHOP,TIER_A,True,False,0,,False,False,0,,True,2651,476,137a57656a545f86cb249fc51f0329dde1e05bf9bb31a7421837665808a6bc2b,
RMVM_S_76f79259e6,Chàng Khờ Bán Chiếu,Hoàng Ngọc Sơn,BOLERO_TRUTINH,TIER_A,True,False,0,,False,False,0,,True,1496,251,a87864b8bd196814f897f2c788b5c8bba01e38a86b3da496810ad78a6e10bcab,
RMVM_S_f664faf23b,Cánh Đồng Nga,Trần Hiếu,POP_BALLAD,TIER_A,True,False,0,,False,False,0,,True,781,128,bd50865d1719e2ed8f6d0d966319476c481a8f1db1ad74e7b03425fdd3bce002,
RMVM_S_046cfd2ab5,Biết Em Thương Người Khác (HT REMIX),"ZIN MEDIA, Trương Khải Minh",DANCE_EDM,TIER_A,True,False,0,,False,False,0,,True,2150,367,a6a4aa01216ec561225be1724e755aeaa727e840bf9f4f3df2d190f1ef493070,
RMVM_S_769f7fdf78,CHIẾC ÁO BÀ BA (LOFI VERSION),Bùi Phi Long,BOLERO_TRUTINH,TIER_A,True,False,0,,False,False,0,,True,1207,205,af6cba57c75deb01802a75bff1eee3e80b0dc497117a04a109bb5e432269bbf5,
RMVM_S_50288d3794,Lời Đầu Năm Ba Viết Cho Con,"Đình Phước, Nhã Ca",BOLERO_TRUTINH,TIER_A,True,False,0,,False,False,0,,True,1439,258,56d750402c959466b35d02dd558029b8e1315e0a922f1eb9f1f89d4d41260f90,
RMVM_S_ec965db3c3,Nơi Ấy Không Phải Tôi,Anh T.O.M,POP_BALLAD,TIER_A,True,False,0,,False,False,0,,True,2451,431,45f8f0677610e28cbae9c2ff9897187fc796c4708b423dca7b374bad6e454307,
RMVM_S_d6b7d191b3,Mẹ Già Không Thể Chờ (Beat),Nguyễn Hữu Thành,BOLERO_TRUTINH,TIER_A,True,False,0,,False,False,0,,True,1645,290,91b7f4f3388dc491b646d10340f95c56c5c67331e26a5c801e6f1432403fbc40,
RMVM_S_6b5ed83412,Yêu Không Cần Nói (Beat),"Tino, Bảo Uyên",POP_BALLAD,TIER_A,True,False,0,,False,False,0,,True,2040,381,1130ebd3942938f2739326ff7ea7abc0b73d77e464bca763bb952aaaab900747,
RMVM_S_d5a73def18,Nữ Vương Địa Phận Vinh,Trường Sinh,BOLERO_TRUTINH,TIER_A,True,False,0,,False,False,0,,True,2068,348,9ebb224fd425abf6bb1570f20dab63f59e2ac573a85eb601f9a2c5ccac46b3df,
RMVM_S_8b9f978c1e,Chỉ Còn Nỗi Đau (Remix),"Lương Gia Hùng, DJ Phạm Thành",POP_BALLAD,TIER_A,True,False,0,,False,False,0,,True,2240,411,c57851f1315b5fd46d84de35629eb390e902ee7aef2c8daeb9fefa88deff285f,2019.0
RMVM_S_db789eecac,Bức Thư Gửi Con,Hồ Việt Trung,POP_BALLAD,TIER_A,True,False,0,,False,False,0,,True,2157,387,1c9098e72e509887301817b60330dc4b00d1a8218aca45bd8c01198029eb577a,
RMVM_S_c0689f5d4e,Biển Cát Nắng Xanh Vàng Trắng,Nguyên Vũ,POP_BALLAD,TIER_A,True,False,0,,False,False,0,,True,2258,400,e76a7d4b7b068429e15748090ac56a5d4841529d860bec62a72227208ad11559,
RMVM_S_249f75f35e,Gửi Huế Thân Yêu,Hương Lan,FOLK_TRADITIONAL,TIER_A,True,False,0,,False,False,0,,True,1818,310,62eb55de2846f182c043219041ad6e5b62dbe50ebf00b92d4c79596735e594ed,
RMVM_S_35397ccd35,Im Lặng Hơn Ngàn Lời Nói (Beat),Lyna Thùy Linh,POP_BALLAD,TIER_A,True,False,0,,False,False,0,,True,2540,429,4bcd191b2bfc0185ae8c102de2ccc0c952d6d5ac83e90074f46c6c7941484f54,
RMVM_S_3b70041c85,Ai Mang Em Đi,"K-ICM, APJ",POP_BALLAD,TIER_A,True,False,0,,False,False,0,,True,1561,270,f9f442e7350b40c4502da5d8e75d775c7be103a364f7cdb4529d30813f15e373,
RMVM_S_975c0602c2,Bé Vui Học Vần On-An,"Đỗ Tuyết Nhi, Dâu Tây",CHILDREN,TIER_A,True,False,0,,False,False,0,,True,847,180,85ede1e1d733285e91e33f50ac98b35df63d7e2319f200b582a83b96a798a21f,
RMVM_S_230570a39d,Áo Sờn Vai,Hồ Khắc Tùng,POP_BALLAD,TIER_A,True,False,0,,False,False,0,,True,2072,351,3bb74a87d961425cda44b46a8bce4748e8c7f00c9e44d69b9e1af933f55f1ebd,
RMVM_S_fb75df2bd3,MÀU (đen trắng),Ngọt,POP_BALLAD,TIER_A,True,False,0,,False,False,0,,True,2015,346,f72ced76866aafb8b13b87826434fe33e78cfb0ba74e8f1e12592afd8324eb8e,2019.0
RMVM_S_e392394cdc,Đừng Để Anh Cô Đơn,Cheng,POP_BALLAD,TIER_A,True,False,0,,False,False,0,,True,2251,395,2a0436f5ca722a7cca4e1e4956edeb64313480724330095306aeda8233344ef0,
RMVM_S_0d876fb5ff,Anh Có Là Gì Đâu,Thương,POP_BALLAD,TIER_A,True,False,0,,False,False,0,,True,2513,433,ecacebf3aafa3ab239ff2f4f849e54dccf0dea03a8f7e718d4c4c78a509618be,
RMVM_S_3bb7f8f73e,Con Đường Từ Trái Tim,Various Artists,POP_BALLAD,TIER_A,True,False,0,,False,False,0,,True,1673,287,4a47582764443bbf5b6a39fbf1837922feb46d3986f0d637e87b7ad602142719,
RMVM_S_600cc43d99,Đến Khi Em Nhận Ra (Remix),Cảnh Minh,POP_BALLAD,TIER_A,True,False,0,,False,False,0,,True,2852,510,a2d161abdbce7ef42bc1252a803292761933f73b9ad9360af8a87901a7cb40d3,
RMVM_S_7809c39b34,Giữa Mạc Tư Khoa Nghe Câu Hò Ví Dặm,Thu Hiền,FOLK_TRADITIONAL,TIER_B,True,False,0,,False,False,0,,True,1352,239,2c3a3acce1827c83d59d8b8aa02f04fda6e4455f582ee9d15a972d8464ade7e8,
RMVM_S_15d78675a5,Bao Giờ Em Thôi Nói Yêu Anh,Hoài Nam,BOLERO_TRUTINH,TIER_A,True,False,0,,False,False,0,,True,1229,216,313f0d768e28e722b00094af569c05bee301c5e61a39ee1207af461d6c792dc9,
RMVM_S_d1ce3599ca,Hẹn Với Cô Đơn,Lê Hiếu,POP_BALLAD,TIER_A,True,False,0,,False,False,0,,True,2200,377,2c744b1ab8807695b2bfeb06a92c1a2c3fb4642a48054f99835c8eb76746a83f,
RMVM_S_4902be4f5d,Góc Phố Nơi Tuyết Rơi,Cao Quân Kiệt,POP_BALLAD,TIER_A,True,False,0,,False,False,0,,True,1861,323,f5e561bb3fa376c683970b2a1e45b81bc1b784ada748b1d8757421f65695acbc,
RMVM_S_b16ebbff5e,Đừng Như Thói Quen (Cover) (Beat Nam),"Anh Toàn Nguyễn, Trần Ngọc Bảo",POP_BALLAD,TIER_A,True,False,0,,False,False,0,,True,2096,366,950fdd30dc980d19e97c3968e57e3378024bffc2682b6cbf63addc97da98417f,
RMVM_S_f183ff990e,Người Đó Không Phải Anh,Thành Tâm,POP_BALLAD,TIER_A,True,False,0,,False,False,0,,True,1922,341,9d4fdf754188c6316ef2dcd62ffb59fe4054819e4a9c15ce9e4c795f2968ea7a,
RMVM_S_ec90822bec,"Già Gân, Mỹ Nhân & Gangster",Tăng Ngọc Tuyền,POP_BALLAD,TIER_A,True,False,0,,False,False,0,,True,2536,449,297daa5e1cba30a1134e7ffa7f3196f48ba3d2621838b06ed764e8365652cdd5,
RMVM_S_895eb4e576,Cảm Mến Ân Tình,Phương Anh,BOLERO_TRUTINH,TIER_A,True,False,0,,False,False,0,,True,1724,300,b1a722955fd8efcd8070685d544f13f90838212810996129d2ec211dbef44343,
RMVM_S_18597a4aa4,Rồi Dấu Yêu,Trường Kha,POP_BALLAD,TIER_A,True,False,0,,False,False,0,,True,1409,219,e4ed5945e1e03879ee6b6bd437d0882c4ea49005cf595268b2acad1cb84f7231,
RMVM_S_87c8d2f0af,Ướt Lem Chữ Đời,Ân Thiên Vỹ,BOLERO_TRUTINH,TIER_A,True,False,0,,False,False,0,,True,1096,192,338b4d8469f6081fe9a2649a737e8407ca750a64cd4d29fce6d7c31d01f36e58,
RMVM_S_bd515cb2b5,Than Trách Duyên Phận,Mai Lệ Quyên,BOLERO_TRUTINH,TIER_A,True,False,0,,False,False,0,,True,1638,274,901e2b82031dcc4c4a6e8835af98afe5123e2be224e06376eedef03594491cb9,
RMVM_S_137053e557,Muốn Cả Thế Giới Biết Anh Yêu Em (Remix),"Hàn Dung, Gumin",DANCE_EDM,TIER_A,True,False,0,,False,False,0,,True,2329,404,0682b6e989540922edf27af198b6f14e3b4e6a0fb1dc986d6746e4324b14313d,
RMVM_S_a073e42730,Cả Đời Thương Em (WRC REMIX),"ZIN MEDIA, Huy Rupi",DANCE_EDM,TIER_A,True,False,0,,False,False,0,,True,2064,361,6826d7fdeb4ebb0b00964b911406708fe108ea6a173e081d71af94fe987b7512,
RMVM_S_ac6bcd3ace,Nợ Nhau Chữ Tình,Trương Lynh,POP_BALLAD,TIER_A,True,False,0,,False,False,0,,True,1821,316,03e4d33d73c3d916ddbaae1babdd29ffbfa0dce4af71a7e35d339139600103dd,
RMVM_S_e5dd9cf86d,Đừng Bỏ Anh Nơi Này,Thái Triệu Luân,POP_BALLAD,TIER_A,True,False,0,,False,False,0,,True,2394,417,a30af11e4332ed8a4bebf647178180c6e738be2377c99d273cdcc2a94f873bbc,
RMVM_S_da887ab755,Nụ Hôn Biệt Ly (Remix),Kasim Hoàng Vũ,POP_BALLAD,TIER_A,True,False,0,,False,False,0,,True,2076,368,6e014c8761372f30e7826c75385aac41ab8c1c81af0cb9a92b471d71ce82a8c8,
RMVM_S_052038a28a,Quên Hết Đam Mê,"Tuấn Hùng, Thùy Vân",POP_BALLAD,TIER_A,True,False,0,,False,False,0,,True,2007,354,ce7fefd9fb228b998d90a47a858608503bc31bbb5cc7237dbaa87ce69810e3a5,
RMVM_S_48d0013269,Dù Tha Thứ Cũng Không Xứng Đáng,Khánh Phương,POP_BALLAD,TIER_A,True,False,0,,False,False,0,,True,2020,385,8f8d4e73e0f8d7fd7888998bef1bf3b06faf12d5f7f97c598e527bceb398d644,
RMVM_S_c0fbff2173,Anh Có Tài Mà,Xuân Nghị,POP_BALLAD,TIER_A,True,False,0,,False,False,0,,True,3407,648,c0308c71ca84c5c95129aa7c9db75dda5223226d70001130a8146377a1b58a2d,
RMVM_S_474ae2e0f9,Cho Một Thời Yêu Dấu,Phương Thùy,BOLERO_TRUTINH,TIER_A,True,False,0,,False,False,0,,True,1672,288,6713b8b774eb5d928df80448bfc8739d2e9b6bf7e07e4b7cd01a9e3a98828ac2,
RMVM_S_6a4faa3201,Cảm Giác Trong Tình Yêu,"Nguyễn Thành Công, Nguyễn Văn Trung",POP_BALLAD,TIER_A,True,False,0,,False,False,0,,True,2065,370,27d0784a08779b11234d8dd086502070566d110972206f50032f9bd47d05b6f6,
RMVM_S_9d55aeb683,Nhịp Cầu Xưa,Duy Sang,BOLERO_TRUTINH,TIER_A,True,False,0,,False,False,0,,True,1930,321,0ae945cf44042a39ecd2991254b28cee96c4604a893a48067f0d8141c813f080,
RMVM_S_c70fb9e664,Một Nửa Thế Giới,Anna,POP_BALLAD,TIER_A,True,False,0,,False,False,0,,True,1471,249,81ebbb932f698d6c386ec22d206615e875d861cd0a542be23ec39b804e42a1d6,
RMVM_S_874bea97f0,Chẳng Phụ Như Lai Chẳng Phụ Nàng,Reii,POP_BALLAD,TIER_A,True,False,0,,False,False,0,,True,1870,305,fc81a9c49134fb61f019f047290df00775512f15cb8231b44f1759836e007cde,
RMVM_S_7bdfba0933,Một Thủa Đam Mê,"BeeBoss, Tuấn Chung",POP_BALLAD,TIER_A,True,False,0,,False,False,0,,True,1895,313,665f4ee9da17b14eb6e5c9d587a04aeafbc458aaec1a32d7aad3c082ba6da092,
RMVM_S_ad743f682b,Chân Ngắn (Cover),Sjck,POP_BALLAD,TIER_A,True,False,0,,False,False,0,,True,910,162,aa6388185e44a65f0b7011da5f025246ee437c1525eb40507c34a4cbaece2ae7,
RMVM_S_e7a77f1cce,Người Đã Như Mơ,"BeeBoss, Anh Thư",POP_BALLAD,TIER_A,True,False,0,,False,False,0,,True,1432,252,01a52ba0d36f43e0c64e2b27a7ff885e5f2e4e1d3b623048e2e16d6e7ea16d3b,
RMVM_S_12c15a821b,Sinh Ra Là Để Yêu Em,Vương Anh Tú,POP_BALLAD,TIER_A,True,False,0,,False,False,0,,True,2741,482,3638b56b7fa119a97c255ece2adb14e870eef28f25dbea9659856a9958f5c2e6,
RMVM_S_594e6af1f9,Gieo Tương Tư,"Tô Minh, Hào Năng",POP_BALLAD,TIER_A,True,False,0,,False,False,0,,True,1618,282,65b1edcd4670a0368b51f30edda1a14fc87e2df7fba2019aeaa1cd61be179e8c,
RMVM_S_664df74c6e,Dẫu Anh Không Nhìn Thấy (Cover),Nguyễn Gia Hưng,POP_BALLAD,TIER_A,True,False,0,,False,False,0,,True,2046,357,9a1b183c17317fd0839b4a8ed659080253cea41a6312a2aeb1997f84a9e2be2c,
RMVM_S_45559d9737,Người Anh Em Giang Hồ,Duy Mạnh,POP_BALLAD,TIER_A,True,False,0,,False,False,0,,True,1331,242,73288ebe4f4206aa419e2566edc05f9921ef74ee5f8276a66639b38e2bbade99,
RMVM_S_56af27ec33,Lỗi Của Anh (Beat),La Thăng New,POP_BALLAD,TIER_A,True,False,0,,False,False,0,,True,2245,418,649c076f49bd612ee3d9fd3e588d171c5742c4e2bd39af1bcc41516fbd8b8a00,
RMVM_S_75c871eefd,Hay Là Anh Đã Quên Em,Nguyễn Cao Kỳ Duyên,POP_BALLAD,TIER_A,True,False,0,,False,False,0,,True,1173,210,2bca123dd3c617df80641da85e0fb0b93e91f567107e27b7e076145a1912c326,
RMVM_S_9b6cf156f7,9 Đợi 10 Chờ,Thanh Nhân,POP_BALLAD,TIER_A,True,False,0,,False,False,0,,True,2004,366,3d92e7670b7bc517104f2b8fb9ea8956266534b5e98fa14807db4a0913310cef,
RMVM_S_8da4731f16,Đừng Bao Giờ Hứa,Thanh Hà,INSTRUMENTAL,TIER_B,True,False,0,,False,False,0,,True,1142,198,cc91178db4739207c4d477f4313949ffaf89e32d017e6330a1487d15396d48d5,
RMVM_S_cecc56e352,Lựa Chọn Trong Anh,"Trịnh Thiên Ân, Kevin Trần",POP_BALLAD,TIER_A,True,False,0,,False,False,0,,True,2364,387,f8994b528afebe02de6cf5e6c388608ab255b4914d6cb0e7f9d143e688f3f5d4,
RMVM_S_13aa5d373f,Đêm Xót Xa,Ngô Thanh Vân,POP_BALLAD,TIER_A,True,False,0,,False,False,0,,True,1917,356,7f52a7dda33c45124f1637a26e8ad11c734cc0912f7839ddf0f37a7e088240b7,
RMVM_S_20094a4884,Khóc Mẹ Đêm Mưa,Lưu Gia Bảo,BOLERO_TRUTINH,TIER_A,True,False,0,,False,False,0,,True,2506,434,8afe0bc54f9423d9619f98b02e45ddcae4cd28b2280c55cc1cb1c2b7632cba84,
RMVM_S_b908607e5e,Tàn Giấc Mơ Xưa,Quân Bảo,BOLERO_TRUTINH,TIER_A,True,False,0,,False,False,0,,True,1963,340,73961fde22c25ea7f9453986bc5c8c9381de82df9d80a6dbf8add25323241a3c,
RMVM_S_a8cb1f9f06,Hẹn Một Ngày Xuân Mới,"Quang Anh, N.Thảo",POP_BALLAD,TIER_A,True,False,0,,False,False,0,,True,1436,253,b8a066df08cb6ba7c7d8ea75fac7fbb1ebbb01c3fed1eaddc04f6c6556f91520,
RMVM_S_5139edb846,Liên khúc: Bahama Mama & Sunny,"Bảo Hân, Thủy Tiên",BOLERO_TRUTINH,TIER_A,True,False,0,,False,False,0,,True,1842,321,a0608860cfcd03478725cb3f59209e9ab9f3fb3c08a3a63209c291de4ffe2115,
RMVM_S_0029ec80dd,Mạnh Mẽ Đến Từ Anh,Bin Trần,POP_BALLAD,TIER_A,True,False,0,,False,False,0,,True,4075,719,9326b043a9de78b3256cdf18da68d61043a0d2a1c0de96852c3e3be4286c824d,
RMVM_S_f3f68ac442,Cô Gái Ngốc,Lilly Nguyen,POP_BALLAD,TIER_A,True,False,0,,False,False,0,,True,2222,385,5d3df979c0878585267827fcbd837fb876f65f159f38862c4fa1a956e9e775a7,
RMVM_S_6e2596d4e3,Nhiệm Kỳ Tình Yêu,H2K,POP_BALLAD,TIER_A,True,False,0,,False,False,0,,True,3117,547,a19ef1c2ef1fbdc3fc767689c91de170eaf981c3609c5641a36b2c9bc1913b28,
RMVM_S_5ccc2b86a0,Hạnh Phúc Tắc Đường,Đường Hưng,POP_BALLAD,TIER_A,True,False,0,,False,False,0,,True,2182,374,f4dd77c54e5f9f7caa2cfeb63b8bbff12d48e9800f46e64c8ada8a5f3114ed00,
RMVM_S_de71ceb2b4,Dừng Lại Hay Bước Tiếp (HM Remix),Lâm Chấn Kiệt,DANCE_EDM,TIER_A,True,False,0,,False,False,0,,True,2136,370,a79b3fa7e7e754d4bd4bc7e9b1969dce3f36ffe92afdb213a2e903f83e9ab0ab,
RMVM_S_66134a655c,Em Có Từng Yêu,Tuấn Trần,POP_BALLAD,TIER_A,True,False,0,,False,False,0,,True,1763,323,c3e360e798afd3f96984574946aa7c05d7d0274b923d2cef26634762d9c12ced,
RMVM_S_ff785bda0f,Cùng Hành Quân Giữa Mùa Xuân,NSND Thanh Hoa,FOLK_TRADITIONAL,TIER_B,True,False,0,,False,False,0,,True,1989,349,cb96d402f2dbd6260a2f5f41fec023e42c45626bb5b768741f8e8cbfe285a07e,
RMVM_S_c5ad942410,Tự Nhiên Bị Thôi Miên,"Thảo Phạm, DT",POP_BALLAD,TIER_A,True,False,0,,False,False,0,,True,2626,467,d10fd835e6ad100ae3c59a23db030261ff2947598938710e370e0b7863ccc44f,
RMVM_S_48e9e94311,Anh Chấp Nhận Là Người Đến Sau,Thái Triệu Luân,POP_BALLAD,TIER_A,True,False,0,,False,False,0,,True,2520,464,76724657bf6129afd8489a1dd5894ed5bc4e14a867a1d25ea914437e7b9b155e,
RMVM_S_4871ba4384,Chất Ngất Tình Cha,Việt Hưng,POP_BALLAD,TIER_A,True,False,0,,False,False,0,,True,1437,243,cb34f7a5ec81c6ad5fb8511938a71b653d074a994262b423fb5ba7cad1061b93,
RMVM_S_7cab5992b0,Dâu Thiên Hạ,Suboi,POP_BALLAD,TIER_A,True,False,0,,False,False,0,,True,2113,382,2ae881115543de3e97329fbf56c2bfe086cc84055b3beac51378c60aa46825dd,
RMVM_S_ff1d0f419a,Người Ta Nói Tôi Dối Gian,"Phạm Trưởng, Vboys",POP_BALLAD,TIER_A,True,False,0,,False,False,0,,True,1984,356,15931ea76baa2607371e11697c4062d613985f0f5de65153ae88b005031442e5,
RMVM_S_ec6f5f31b5,Đời Vẫn Thế,Hoàng Châu,POP_BALLAD,TIER_A,True,False,0,,False,False,0,,True,1761,297,396e60a61fa55b19d27e57792b79627f6fde2f499f30db0c0acbd0fff683013f,
RMVM_S_fead16e890,Cho Hai Người Đau,Dee Trần,POP_BALLAD,TIER_A,True,False,0,,False,False,0,,True,2407,429,845c72aa4f52518bce65f358803261833719c8e5da14dc6fa1e3c8c1ffd68c9a,
RMVM_S_e10d57177b,Em Quá Khờ Dại (Teejay Remix),Nguyễn Thạc Bảo Ngọc,POP_BALLAD,TIER_A,True,False,0,,False,False,0,,True,1507,273,bdd1d6ff5330b40b58724625d3ba63c9c29aeca81c6593dbcc3e0e35c1dab69d,
RMVM_S_7f0ee4b8df,Cho Em Một Lần Yêu (Chips Lofi),BEAN,POP_BALLAD,TIER_A,True,False,0,,False,False,0,,True,1866,336,cd600ba72057c269fb2671dd2ddb451608aedbfdc9f3a7bedfd77cfc2fe9dc91,
RMVM_S_2e0426910b,Tâm Sự Nàng Xuân (2024 Version),Lưu Ánh Loan,BOLERO_TRUTINH,TIER_A,True,False,0,,False,False,0,,True,1609,262,274abc364cb07b3a4985f8572f0ecd139dbb0fb8a9878b4d0b074011d3d43754,2024.0
RMVM_S_23da94f84c,Anh Chỉ Giỏi Giả Vờ,Huỳnh Ái Vy,POP_BALLAD,TIER_A,True,False,0,,False,False,0,,True,2514,441,1a3ef83831b084bb37ac25ad20838c2458acc13f4a102fd0ec3e60c26ee53514,
RMVM_S_d9563eef71,Gửi Về Nơi Cuối Đất,Họa Mi,BOLERO_TRUTINH,TIER_A,True,False,0,,False,False,0,,True,1544,273,4632d943d3d6cd30444a39be23cd724276ff8ef1782b2493afb9a63fdb3ca245,
RMVM_S_c042d93acb,LK Còn Mãi Yêu Thương & Tình Đẹp Như Mơ,"Loan Châu, Hồ Lệ Thu",INSTRUMENTAL,TIER_B,True,False,0,,False,False,0,,True,2741,493,3a6134653de880122b7143e17b0494ccf490cf93c572657a61b76573eb02bb24,
RMVM_S_73d78e191e,Em Là Thiên Thần Trong Anh,Trần,POP_BALLAD,TIER_A,True,False,0,,False,False,0,,True,2500,434,197c5853eb6f46c31a8b4d05b417cdb2b868394737418226bd8796ad7494b44d,
RMVM_S_202bb46721,Anh Chưa Có Gì Đến Nay (Prod. Vic),Kidz,POP_BALLAD,TIER_A,True,False,0,,False,False,0,,True,2082,355,071b20df543ca0c5fd97114cbdbc48628a71f1d824b4fde95775b092ba223cc0,
RMVM_S_5b864bf0d0,Tình Yêu Không Thể Nắm Giữ,Anh Duy,POP_BALLAD,TIER_A,True,False,0,,False,False,0,,True,562,98,816c76fbab52b0142047812f1287b2f74cb33ef2b098f8e66f811ac721e98646,
RMVM_S_f605ce3b26,iu là đây (speed up),"Sean, Muộii, Anfang",POP_BALLAD,TIER_A,True,False,0,,False,False,0,,True,2015,365,5691a8173f30de6ed3b908294a1fb2755bc0a394a0521a736f808a91a140aad4,
RMVM_S_faa702fad2,Ngang Qua Đời Nhau,Vũ Phương,POP_BALLAD,TIER_A,True,False,0,,False,False,0,,True,2085,366,81812df8035fe4c33c96c540f3c96acbc1332e9a05e6e17ac97774a0129c5f28,
RMVM_S_4ccb274ae3,Anh Là Gã Ngốc,JUUN D,POP_BALLAD,TIER_A,True,False,0,,False,False,0,,True,1440,257,018f7ec20a1f5ff7491f66f67b8ef347d9df85db62a11c7c968c2cc805dd7d73,
RMVM_S_590e144ad6,Liên Khúc Con Đường Xưa Em Đi,"Khánh Bình, Lý Thu Thảo",BOLERO_TRUTINH,TIER_A,True,False,0,,False,False,0,,True,2491,427,7748a75b6a8ff3e10852346ca76ae8946ffb49a5ea0ab49d49e5c939b914490e,
RMVM_S_d29125213a,Em Nhớ Anh Nhiều,Cẩm Ly,POP_BALLAD,TIER_A,True,False,0,,False,False,0,,True,2153,396,ea1e760a8e55a0d19e1dd8d4ca0714e3903ad7816ce92376e2455bd86cfd1eb4,2006.0
RMVM_S_4f5f163f97,Bông Hoa Ven Đường,"Thiên Ân, LQ MEDIA",POP_BALLAD,TIER_A,True,False,0,,False,False,0,,True,2815,481,527e6463137aea9e6cceb4c27de1b1366c287a8fef085af670c096495c72a5e3,
RMVM_S_85f7ce1e95,Nhiều Tiền Để Làm Chi,Kiun Gia Tuấn,POP_BALLAD,TIER_A,True,False,0,,False,False,0,,True,2637,452,389f137816d35674c24bdda1a697d623dbe06d32d39a073c32fa7f037a03fbcd,
RMVM_S_9d82b10919,Khúc Hương Tình Bolero,"Lâm Hoài Phong, Hoàng Tuấn Khang",BOLERO_TRUTINH,TIER_A,True,False,0,,False,False,0,,True,2335,411,1db3a358696198078bb4e6e4fe1f71f2acec15a3b617838b8bb61c12c290837a,
RMVM_S_624074d1d1,Vì Có Khi Đôi Tay,"MANBO, Laye",POP_BALLAD,TIER_A,True,False,0,,False,False,0,,True,3049,550,bc06ed633a4b73b0cb201a5da8df7539f082e950c3f5dc70b1c31ca87315b26e,
RMVM_S_3103fe7c02,Quảng Nam Đất Mẹ Nghĩa Tình,Tây Giang,POP_BALLAD,TIER_A,True,False,0,,False,False,0,,True,1747,297,0392ec5b652a4356918e8911e6fa31e1019a9579afaa220c192d89b1678fa4ba,
RMVM_S_ad79055653,Anh Ta Là Sao,"ERIK, OSAD",POP_BALLAD,TIER_A,True,False,0,,False,False,0,,True,2477,436,9239d19c7d5000dd2f20e29e6e12097e256ad45d446662e6de7c9b63f4415219,
RMVM_S_1bf5c72348,8 Dòng Yêu,"Nguyễn Văn Trung, Trọng Phước",POP_BALLAD,TIER_A,True,False,0,,False,False,0,,True,2334,419,74360a8f4637dd5ce095644cee48a74203ce25112804b3a4396f5eb8c3766312,
RMVM_S_4e11c154ed,Ăn Cơm Anh Nấu,"Otis, Ricky Star",POP_BALLAD,TIER_A,True,False,0,,False,False,0,,True,2314,447,95d0cdfb40991a8d877bde46cd01c71fa73eba3f3a09cd329f49a158f1d22724,
RMVM_S_b2830f8be0,"Anh Vẫn Cứ Thế, Em À!",Trương Việt Thái,POP_BALLAD,TIER_A,True,False,0,,False,False,0,,True,1271,228,b64fb9d734c65e45e6af17bdbef09114262e681f5354b408565f7e4df9049a0c,
RMVM_S_483df6bdc0,Bậu Ơi Đừng Khóc,Thiêng Ngân,BOLERO_TRUTINH,TIER_A,True,False,0,,False,False,0,,True,2098,370,ef290e326f4bdb2af131295ef77f0c0fc8dea568f318166f4c036e37e60da4f3,
RMVM_S_ab9eb7cc8b,Nếu Em Không Gặp May,Cao Tùng Huy,POP_BALLAD,TIER_A,True,False,0,,False,False,0,,True,2309,413,8d65945f4f7f9c223e8fe280d968f74eb40564478f2afdf25af377a70c410935,
RMVM_S_573e65cc86,Gọi Tên Em Trong Đêm,The Men,POP_BALLAD,TIER_A,True,False,0,,False,False,0,,True,2457,429,037754b21afd0405a006283df3c7f902b006ee96a9aced89d1f343f3cd5bca8e,
RMVM_S_b82e46e3ac,Sau Một Nụ Cười,Ngô Kiến Huy,RB_SOUL,TIER_A,True,False,0,,False,False,0,,True,2528,439,6db1c34750fa256924f3d79f7166e7d073f41be5574ebcf4d256718087414c26,
RMVM_S_93261daa96,Tất Cả Là Dối Lòng,Lý Tuấn Kiệt,POP_BALLAD,TIER_A,True,False,0,,False,False,0,,True,2065,382,f44512c7c616b1c40bd5157301067a464a5c465ad95098895580c509ea090969,
RMVM_S_dcc5f86620,Còn Mãi Yêu Thương,Lưu Bích,INSTRUMENTAL,TIER_B,True,False,0,,False,False,0,,True,1299,234,bf764815e71a24ad4028750041c2b77d724496cba9dca98bff9c44092fe4de06,
RMVM_S_2f2e11f630,Chẳng Thể Né Tránh,Mỹ Anh,POP_BALLAD,TIER_A,True,False,0,,False,False,0,,True,2325,430,a85d7e369fefbae2123c9a4099df0ad662563e78fda16162768176c77594d73c,
RMVM_S_dcda873ecb,Nếu Anh Hiểu Được Là,Shine Thành Anh,POP_BALLAD,TIER_A,True,False,0,,False,False,0,,True,2454,430,82d26f642027cf053f74bb15f87eae38ab83055ca2d7e5ca5af836989d0a6488,
RMVM_S_8710ada008,Thần Tượng Của Tôi (Remix),Ngọc Sơn,DANCE_EDM,TIER_A,True,False,0,,False,False,0,,True,1850,308,b2a721be9d7dd968f02c5d340dbdd73869ffa7ba7d854bc5726af83135ff1648,
RMVM_S_ab2dad81f2,Lý Ta Nói,Nhiều nghệ sĩ,RAP_HIPHOP,TIER_A,True,False,0,,False,False,0,,True,4756,850,a01ac56d59570e215fd35441569f53f4c6b354b9376876dccb2fb198061d0ace,
RMVM_S_9877bab48d,Họa Khúc Tương Tư (Vinahouse),"Minh Vương M4U, Hương Ly",DANCE_EDM,TIER_A,True,False,0,,False,False,0,,True,1773,306,ddf09789a464f9a5bba6645f6a2964ed79294f076f76c01b8cf0641e21164f36,
RMVM_S_53c8f1e607,Qua Cơn Mê,Diễm Thùy,BOLERO_TRUTINH,TIER_A,True,False,0,,False,False,0,,True,1956,321,369d042973dda24bc9f87de7f622d3ef3fc024c489bf51dd510682a6d4ad288a,
RMVM_S_4d4f5f59da,Đừng Đi Đâu Đấy Nhé,"Hưng Vũ, Tinoy, MEZZO",POP_BALLAD,TIER_A,True,False,0,,False,False,0,,True,2843,508,deee8e988e744e7146bb28c5f5a833b54ea5358d6a22b8b50b54d5f9a6bfcbf1,
RMVM_S_9f15c89045,Sau Tất Cả Trở Thành Người Dưng,Bin Trần,POP_BALLAD,TIER_A,True,False,0,,False,False,0,,True,4030,721,4309ff381ffdefeac12f0b0f5fd4d051ee121bee1a5f82bbe9188cd706e3b1db,
RMVM_S_533c805c7d,Tránh Ra Cho Bố Đi,Mew Amazing,POP_BALLAD,TIER_A,True,False,0,,False,False,0,,True,4644,836,e68db1e89b57d1dcad01b49f8b7fb5c12be817329f25b5df88b0c73ce791a60b,
RMVM_S_25e92f1ad9,Chiếc Lá Tình Yêu (Remix),Hồ Phong An,DANCE_EDM,TIER_A,True,False,0,,False,False,0,,True,1016,190,2a8dad11d46b705fa6d71cb5a1a1a313098d4213c5bdd332ddeb72c785a19beb,
RMVM_S_a0bd8fd861,Hoa Nở Không Màu (Remix),Ngân Ngân,POP_BALLAD,TIER_A,True,False,0,,False,False,0,,True,1703,285,1020149792d4a1041cae1df104a1272ec6998f32b3209f4607c71903dc6104a8,
RMVM_S_ae352fcd26,Người Không Đáng (Remix),"Khắc Việt, DJ Hoàng Anh",DANCE_EDM,TIER_A,True,False,0,,False,False,0,,True,1202,220,126d6d0b6752d838323596060466c99b2dea937fd9bf40578da151bab3819286,
RMVM_S_a6004e0cc3,Gửi Trường Sa,Huỳnh Lợi,REVOLUTIONARY,TIER_A,True,False,0,,False,False,0,,True,1820,291,ae922ca8af7bca354a757046bb2f81db710d5fd09d4a82e0be60d9942d5c3140,
RMVM_S_6ace39a4ae,Người Thương Ngược Hướng,"Minh Tường, HOA HỒNG DẠI MUSIC",POP_BALLAD,TIER_A,True,False,0,,False,False,0,,True,2343,422,1332ad3406a8137f066224188d49f9f89387ce750d186fc74bbe89f9c98717c9,
RMVM_S_f9247e7114,Bạn Của Tôi Ơi,Phạm Đình Thái Ngân,POP_BALLAD,TIER_A,True,False,0,,False,False,0,,True,2421,409,eb678347b1be2acbd3bec880f15ade87f809a766f99fbfa11d71afad4df7f610,
RMVM_S_16bc53f874,Ai Gieo Hy Vọng,Lâm Thái Bảo,POP_BALLAD,TIER_A,True,False,0,,False,False,0,,True,2350,413,947ba95c87f934ebcaed1f502300544df5f525a4169250de69614cf5011573f7,
RMVM_S_ea250978de,Bài Ca Tết Cho Em (2024 Version),Dương Hồng Loan,BOLERO_TRUTINH,TIER_A,True,False,0,,False,False,0,,True,1434,255,b6a92410ee92caa302c42db449d27b5bb055fbf16529044d5864628f5509f8c1,2024.0
RMVM_S_fd9880fd2c,Mơ Quê,Huyền Trang Sao Mai 2013,FOLK_TRADITIONAL,TIER_A,True,False,0,,False,False,0,,True,1727,298,9b805e80ca6f6b9b28e264013de3684f92186ab2b7cc4f73b24296cbe20065ac,
RMVM_S_4f7d72befe,Anh Cũng Đã Quá Sai Lầm,"Limitlxss, Wxrdie",RAP_HIPHOP,TIER_A,True,False,0,,False,False,0,,True,3933,706,9ffe64e8ea19490e379798fb2ea045f4c8dea33350c06b10391b305b31a5c635,
RMVM_S_c60da88426,Còn Lại Những Yêu Thương,Hiền Thục,POP_BALLAD,TIER_A,True,False,0,,False,False,0,,True,1779,306,c1b5f2b844e56bccf6f2acd15eabe4fd26bd9a9b4cb5c1881676e139f520cc4e,
RMVM_S_4a11a14121,Hoa Hữu Ý Nước Vô Tình (Lofi MK),Hùng Quân,POP_BALLAD,TIER_A,True,False,0,,False,False,0,,True,1308,228,fa2fa52f2a5fb77438a8eb6b6284eebc8fd45de334275433447a7a26605350c3,
RMVM_S_d4143c0092,Tốt Cho Cả Hai,"Quang Chợ Lầm, HHD",DANCE_EDM,TIER_A,True,False,0,,False,False,0,,True,2274,411,baab64be03a9ac1067f3b555d6f91cdf85cf08bc79ae32c5b52dbf9a38173ffe,
RMVM_S_b016f4afb3,Cún Ơi 3 (Người Lạ Từng Quen 6),Dukytnt Lee,POP_BALLAD,TIER_A,True,False,0,,False,False,0,,True,4997,884,8403ab7c52464881f81e0db1c8d26f3967e1969c03a8cd0a2dbcc8e15e76a391,
RMVM_S_a27edd1615,5 tháng bên em,Kuun Đức Nam,POP_BALLAD,TIER_A,True,False,0,,False,False,0,,True,1303,223,58979724836c6e9b166967ffdd7e59947e134f64154b152b4e83d14a476f56c4,
RMVM_S_df69d40124,Dìu Em Lên Mây,"Only C, Nguyễn Phúc Thiện",POP_BALLAD,TIER_A,True,False,0,,False,False,0,,True,2205,407,6bf8aa500d5c33d25ec0511f8b2d0e0aaf58636b60ec722d9d447de07890d3c8,
RMVM_S_4121d80031,Khâu Lại Trái Tim Em,Hà Anh,POP_BALLAD,TIER_A,True,False,0,,False,False,0,,True,1661,287,51d743952f36629d145ac85979d417d1d3524168a91d3a3dcfc72942ad8a0552,
RMVM_S_cfae3b66cc,Giá Như Anh Lặng Im,Chubby,POP_BALLAD,TIER_A,True,False,0,,False,False,0,,True,2953,534,c9eb41b7a89abcac135f5637c1cc21e52a19edabeea4e8706d33705141ae0f9a,
RMVM_S_6f8b68b831,Bến Đợi Bơ Vơ,"Tuấn Sông Thu, To My",POP_BALLAD,TIER_A,True,False,0,,False,False,0,,True,1499,253,14aaf66e8f949fd258f9a202402f75b2f076f44c9cac2d4c171fb7a14867e752,
RMVM_S_b4f5d77136,Cho Anh Ôm Em Thêm Một Cái Được Không,Clow,POP_BALLAD,TIER_A,True,False,0,,False,False,0,,True,2796,486,67165d6ffcc5da50c348f7e3c685780812c59a5b3a76e7238f35a4213662fce2,
RMVM_S_fa3f75ab16,Chuyện Ngày Xưa,Thúy Huyền,POP_BALLAD,TIER_A,True,False,0,,False,False,0,,True,1373,241,bf18b2eb506882541098d6fcc06513228bf711f6af4b642c348eacdccd8337ce,
RMVM_S_c13cde9d0b,DUYÊN MỘNG VỠ TAN,Qiti,POP_BALLAD,TIER_A,True,False,0,,False,False,0,,True,3281,580,54c24f1f584432da5c821fb634e2571746d24760720152703ae4335e44ed033d,
RMVM_S_b7a560aebb,Nếu Như Ngày Xưa,"TiTi, Jombie",POP_BALLAD,TIER_A,True,False,0,,False,False,0,,True,3118,553,5eab3dfdac73f25bfddc12717fb0496a5341b15497b833387d4e9d6fc6a3a0cc,
RMVM_S_c3a8400546,Không Thể Cùng Nhau Suốt Kiếp,"Hòa Minzy, XHTĐRLX, Forest Studio",POP_BALLAD,TIER_A,True,False,0,,False,False,0,,True,2225,375,89d6e76870fa45a7d282976a5d5d6b351889f55a91fbbe11a543fc01e214ce35,
RMVM_S_829bd347e8,Về Giữa Mùa Sen,Thanh Tài,BOLERO_TRUTINH,TIER_A,True,False,0,,False,False,0,,True,1799,316,8ad3df462580a09d299e80c37983640e3f42379094d52892b8ea93e43d36ea60,
RMVM_S_ae9fec1c7b,Baby Có Thấy Em Không,"Mai Âm Nhạc, Freaky",POP_BALLAD,TIER_A,True,False,0,,False,False,0,,True,1932,376,2c158657119e23b1c3637fd9a699454db6c0bc287178f6fc97d344b3f5927aa5,
RMVM_S_7564432eab,Nhận Ra Mình Đã Sai,"Hoàng Mạnh Sơn, LQ MEDIA",POP_BALLAD,TIER_A,True,False,0,,False,False,0,,True,1695,303,0d24188fe80d043ac98196b7fd4bc91bfd490b075f6ba7696de2508e2eb526a5,
RMVM_S_ab3bc716c3,Du Ngoạn Miền Tây,"N2H, KaWaiiBi",RAP_HIPHOP,TIER_A,True,False,0,,False,False,0,,True,5228,892,a5ddb4135faf18cdbf63adf5fbeb76f453d4c143388db724b70cd2582ea4f541,
RMVM_S_c011e6af61,Nếu Không Có Phật,Hoàng Ái My,BOLERO_TRUTINH,TIER_A,True,False,0,,False,False,0,,True,1898,315,5e71a9f00823eb78e8096fc7003da0dff46f6a836a0ce60f0d3c0612b663f6b3,
RMVM_S_a601e0368b,Người Tình Mới,Yến Genie,POP_BALLAD,TIER_A,True,False,0,,False,False,0,,True,2198,406,7d7b9097b35f3cfc2497c5ac36f5cdf52f934f51a75c1e021388b069f72b1871,
RMVM_S_92a7766f31,Anh Đang Nơi Đâu,Hoàng Duyên,POP_BALLAD,TIER_A,True,False,0,,False,False,0,,True,1654,283,c2a94b0bf9762e2949a9a7d1cd5c15f64c9583b7310bb36a8ad123c1d1c4a33a,
RMVM_S_f2dada3973,Không Được Khóc (Remix),Phạm Trưởng,POP_BALLAD,TIER_A,True,False,0,,False,False,0,,True,2118,385,e2215ef17468e5ef0e2e059de1e14164baf3af646664618cc42e5606b56ae2c1,
RMVM_S_cc66b1562d,Bỏ Lại Nơi Thương Nhớ (Bắc Kim Thang OST),Ngọc Linh,POP_BALLAD,TIER_A,True,False,0,,False,False,0,,True,910,161,baf228651a5130f534c329400ebcd602db09a78d5dd89b067fb10f08c7015ad0,
RMVM_S_55796e184e,Chốt Em Được Không,"Đỗ Thành Duy, NH4T",POP_BALLAD,TIER_A,True,False,0,,False,False,0,,True,2824,515,ccd30f33aade34cecba54210406905dd0d4640fadffb7032052f26357fe49f9d,
RMVM_S_83cf97287f,Ngày Xuân Bên Mẹ,Lê Vỹ,BOLERO_TRUTINH,TIER_A,True,False,0,,False,False,0,,True,2090,370,b5a4036affa2ef69f9003d42c5a7be05894f601ea4697c087e0afb38ea5fc61f,
RMVM_S_729dcc06e0,Đừng Phụ Lòng Nhau,"Huỳnh Thanh Thảo, Lý Công",BOLERO_TRUTINH,TIER_A,True,False,0,,False,False,0,,True,1484,246,7662a36778eb655de4fa26129daf90371161e82a56568a7dfb19b553044c7c11,
RMVM_S_7d609e2dad,Ai Chung Tình Được Mãi (Remix),Hoàng Yến,POP_BALLAD,TIER_A,True,False,0,,False,False,0,,True,2224,392,bffa127a6954ddea2583bceb9db14f017d54e949b2c426b800fdda0b83ac016c,
RMVM_S_08722b7939,Cơn Mưa Ký Ức,Dee Trần,POP_BALLAD,TIER_A,True,False,0,,False,False,0,,True,2011,348,64acdb23efe43fbb44ff7c003dc5e428b23e16b7dfbf353ea70b550446b7e8d4,
RMVM_S_09a34d9c18,Gặp Lại,"CB Khánh Nguyễn, Yi Lư",POP_BALLAD,TIER_A,True,False,0,,False,False,0,,True,4116,711,56aa50afc0bc85502999483e96ba5bc313f7f3bda0d207a56186492e2e7559f1,
RMVM_S_d14633e360,Kẻ Mộng Mơ (Lofi Version),"Reddy, Freak D",POP_BALLAD,TIER_A,True,False,0,,False,False,0,,True,2474,433,589863eb461ec96d49dbf624b50498dc929a1700487a4bd31f61aaaf7b85b01d,
RMVM_S_beb25afab7,Chưa Quên Người Yêu Cũ (Live Version),"Hà Nhi, Trung Quân Idol",POP_BALLAD,TIER_A,True,False,0,,False,False,0,,True,2549,438,f5487e62b4ecfd338c05da004f18e9406db03a1fd78bdc85aa36c1308ab16dbb,
RMVM_S_aca58275ec,Em Hứa Thế Nào (EDM),VIET,DANCE_EDM,TIER_A,True,False,0,,False,False,0,,True,1880,319,783dc1a7964de17d73f2b307b80b99e8f50beabb9b6df2aa4abaa1023c6496b6,
RMVM_S_0cc54a5c79,Đón Anh Về Với Mùa Xuân,Thanh Thảo,POP_BALLAD,TIER_A,True,False,0,,False,False,0,,True,2453,425,5adda245118f7907fcaf9d6b894445cf887bd1dda755299749dc6ba39604a790,
RMVM_S_9f3e51da9e,Chiến Sĩ Việt Nam,Tốp Ca,REVOLUTIONARY,TIER_A,True,False,0,,False,False,0,,True,1789,298,bfd13ac701addbca17682ab39cbf9ec6a4a38ca13ae4e5e6ae5380e0e4377d78,
RMVM_S_b3737eb53f,Khúc Ca Ngày Hè,Trần Thu Hà,POP_BALLAD,TIER_A,True,False,0,,False,False,0,,True,1146,212,617dfc44191de5c206d9e59c068ffd84f6d35ac02d62631e4bdd3eb94a0ac3f4,
RMVM_S_7a4155b517,Chỉ Là Lời Nói,Chung Thanh Duy,POP_BALLAD,TIER_A,True,False,0,,False,False,0,,True,2864,492,a1592f325f1e7e4caeca0099d670f6ec900c4b6b6899014558b82190509d381f,
RMVM_S_9421266a4b,Cho Con Xin,"Quỳnh Gai, Đinh Trang, CM1X",POP_BALLAD,TIER_A,True,False,0,,False,False,0,,True,2801,494,543e85e524ca580ba8608e9abfdde5404498c9db5337b673ffc382d6368e3597,
RMVM_S_f9b7c7e370,Tôi Vẫn Cô Đơn,Đạt Long Vinh,BOLERO_TRUTINH,TIER_A,True,False,0,,False,False,0,,True,1768,298,c31a0b065ce01d50f39efe61e11aa3baf87dd8cdab5658efbb19d5f5dd2ef996,
RMVM_S_06d98f1c69,Chuyến Xe Chiều,Chí Thiện,POP_BALLAD,TIER_A,True,False,0,,False,False,0,,True,2409,419,c8d8af5c0d1d26ad2286d19b585041f2091f19a2143eed94ccebce59551d7dc0,
RMVM_S_a5dc9b66b7,Mỉm Cười Mẹ Đơn Thân (Rumba),"Mai Tiến Đạt, CT",POP_BALLAD,TIER_A,True,False,0,,False,False,0,,True,1512,260,63803cbcabcf196a6037c1e51587fc9f12f8950b085ae627bbcdb48db3131737,
RMVM_S_2cb2598e01,Cánh Hoa Bên Đường,Phạm Trưởng,POP_BALLAD,TIER_A,True,False,0,,False,False,0,,True,1903,332,0c2a64508e99466ccca523e35f6ae791a820598bb748feb66a2d7aa852594b35,
RMVM_S_3153c24033,Lời Mẹ Mãi Trong Tim 2,"Vũ Hoàng, Hương Lan",BOLERO_TRUTINH,TIER_A,True,False,0,,False,False,0,,True,1648,283,c504da492498b6bc52507e08409413c62defb9821864fd4cdc8d406aff844076,
RMVM_S_136dfdcfcb,Những Năm Tháng Ấy,A.C Xuân Tài,POP_BALLAD,TIER_A,True,False,0,,False,False,0,,True,3463,609,d406ed6063226dc9db0d5dbd35d5d4b0a82f639a31613dad783f84173474f78b,
RMVM_S_bc636cffa9,Đứt Đoạn Duyên Tình (VisconC Remix),"Duy Minh, KxK, HOA HỒNG DẠI MUSIC",DANCE_EDM,TIER_A,True,False,0,,False,False,0,,True,2728,468,775d5a02fccfead8dbd501e7e178f583a6deecd027a3a409dfd6b6d59916958c,
RMVM_S_fe0905b7ad,Liên Khúc Nếu Ai Có Hỏi - Nhớ Người Yêu,Thúy Hằng Hana,BOLERO_TRUTINH,TIER_A,True,False,0,,False,False,0,,True,1982,342,a18079ac53c471050f05000b3a940f84d54a63942a8257b36ff6d14e2d363b7f,
RMVM_S_e9ecc91ccc,Dừng Trách Người Ơi (Live),Bạch Công Khanh,POP_BALLAD,TIER_A,True,False,0,,False,False,0,,True,1477,254,e820625bab76d2cd5ef5b37288a1688d2db258279686456cac74fb21315f2850,
RMVM_S_b85ec5b41d,Anh Chỉ Mơ Có Em,"Công Danh, Y Điêu",POP_BALLAD,TIER_A,True,False,0,,False,False,0,,True,2679,473,71f04a9493fa3139e32b109136027daa8ff35e63011cc178fc753ad99961eaed,
RMVM_S_6d42e71575,Cơn Say Tình Ái,Minh Thuận,POP_BALLAD,TIER_A,True,False,0,,False,False,0,,True,2533,445,d420713845996bed76549ee826bfc2f766285baf7258a626b664ec2e1558cc3c,
RMVM_S_e350e5890a,Duyên Phận Má Hồng,Diễm Trang,POP_BALLAD,TIER_A,True,False,0,,False,False,0,,True,1981,354,1e38d514dd770d4b9708a6b25364528bacb0eedb28cd4e04501f38b7a214debd,
RMVM_S_e6aeca24c8,Sau Một Tình Yêu,Đạt Long Vinh,POP_BALLAD,TIER_A,True,False,0,,False,False,0,,True,1784,322,edce89088d5028ab7913e2dca7aaab57f38c0e8852dab2a5f1fafea0f83a3d7c,
RMVM_S_5c28f6a31e,Hãy Thắp Ánh Sáng,Khắc Triệu,POP_BALLAD,TIER_A,True,False,0,,False,False,0,,True,1892,331,b636421776bd6febaa0b6e5db62ab62200a1eba09a84f7a5bb42d476ca732bbc,
RMVM_S_5b0d58b3b1,Chắc Em Đã Quên Rồi (Thazh x Đông Remix),"HHD, Quang Chợ Lầm",DANCE_EDM,TIER_A,True,False,0,,False,False,0,,True,3610,634,f2cf2986dcde3f2ba807a0b47324031c80666fd0997724ea471f312a687b5bc2,
RMVM_S_8eb88edcb2,Cha Và Con,Bức Tường,ROCK,TIER_B,True,False,0,,False,False,0,,True,1394,244,72c7b2b40732df6dea853cd9e1f31c2c8a5c516be501630b8c7077adb7da8507,
RMVM_S_9aa0fe04ca,Bà Còng Đi Chợ,Mầm Chồi Lá,CHILDREN,TIER_A,True,False,0,,False,False,0,,True,1168,210,cfd56fe7cf9583925da03b411584871854a65fccd14b88408dcc789e9cb3f8af,
RMVM_S_385580d9f6,Có Trở Về Bên Nhau (Tiến Bromance OST),Dược Sĩ Tiến,POP_BALLAD,TIER_A,True,False,0,,False,False,0,,True,1962,353,a9b3159e12156c4289ba6a316ed2ce86a905cdd70da59762240da9f511c3b0a8,
RMVM_S_2329ebbae6,Bách Quỷ Dạ Hành,Huỳnh Anh Khang,POP_BALLAD,TIER_A,True,False,0,,False,False,0,,True,1438,238,a8d1b608c59ee090506e49c108261511b4e0dbd9c6ae7c2a6ea245660b760152,
RMVM_S_6b355adfb8,Buồn Cho Cái Đời,Phi Bằng,FOLK_TRADITIONAL,TIER_A,True,False,0,,False,False,0,,True,1359,230,ced089e832bef3a89039795313946ecd653e95a7013bec33e87019441fd8a663,
RMVM_S_8a12009361,Khóc Vì Một Người,Cao Nam Thành,POP_BALLAD,TIER_A,True,False,0,,False,False,0,,True,2447,434,b972759d203f9e08c306fce6db4131ee0d7ec5952520a2c6e394ce9d25df6a02,
RMVM_S_7665d9ca87,Linh Khế,"Lee Phú Quý, Tuấn Nguyễn",POP_BALLAD,TIER_A,True,False,0,,False,False,0,,True,2147,362,c384a231c030a3c7b954b4cf7177175d0d5bdcfa65fe940db1edde50365ed374,
RMVM_S_fb91fa60a9,Mưa Chiều Miền Trung,"NSUT Tân Nhàn, Lương Nguyệt Anh",POP_BALLAD,TIER_A,True,False,0,,False,False,0,,True,1797,314,aaf33c37392ad800a005a16e39448170643c5c30fa7459c6edd11ae048223edd,
RMVM_S_ca65fa5d79,Tron Kiep La Anh Em,Đào Nguyễn Ánh,ROCK,TIER_B,True,False,0,,False,False,0,,True,2075,385,ddd73319372242da4f54426f0394bb8c8e071b3ad5c073056e374918daeaf7bd,2018.0
RMVM_S_15e4883a68,Đâu Còn Đây (Lofi),"Nal, Lee Ken",POP_BALLAD,TIER_A,True,False,0,,False,False,0,,True,2211,384,c52156e8db9f84e055781b14847dc786859970ef79f67ebbeb4904b3b2b2d1ec,
RMVM_S_d610858483,Mưa Đêm Một Mình,Tim,POP_BALLAD,TIER_A,True,False,0,,False,False,0,,True,1899,334,67fa7391b21238592823a28220597a59f7a06c395ae8d889deed00a68d8b1c84,
RMVM_S_7d3da5249d,Đi Tìm Chúa Tôi,"Don Hồ, Phùng Ý Nhi, Kenny Thái",POP_BALLAD,TIER_A,True,False,0,,False,False,0,,True,2277,434,5fe455ec3946235f8a703552c5c45e985e23a9a324d5893ebc92a41ce4a98aaf,
RMVM_S_e9d5331d8c,Đánh Rơi Tình Yêu,Lưu Bích,INSTRUMENTAL,TIER_B,True,False,0,,False,False,0,,True,1355,214,21143c8be4eb34129d1243419087f78b0301b544b9311b3cc249e6aad57025ca,
RMVM_S_871be5cc71,Bước Thời Gian,Lê Vy,POP_BALLAD,TIER_A,True,False,0,,False,False,0,,True,1571,263,584518e8d1ba93b875565e25573ca7dade6bb79f131f733d17d529b7ee0b833e,
RMVM_S_3825ace4a7,Chỉ Còn Lại Tình Yêu,Bằng Kiều,INSTRUMENTAL,TIER_B,True,False,0,,False,False,0,,True,1839,317,89371c93e241d584344c96f151b5edec6c22ffd6685e59a8d1d616f351559ad2,
RMVM_S_4a9cea96ab,Em Ngày Gặp Lại (DJ Trang Moon Remix),"TLong, ACV",POP_BALLAD,TIER_A,True,False,0,,False,False,0,,True,2215,402,11be97c0e30dc653f64bf2374d80f6b32398edf477abe0da1802426a70838cab,
RMVM_S_7665b38b17,Rời Xa Anh Chậm Thôi (WRC Remix),Đình Bình,DANCE_EDM,TIER_A,True,False,0,,False,False,0,,True,2007,350,c4d3f2e330b716cc908bcf3f5a2dcd44ec52addab8296b41e3c1c12a15ea642f,
RMVM_S_ea7b490ba1,Giọt Ký Ức,Lâm Nguyên,POP_BALLAD,TIER_A,True,False,0,,False,False,0,,True,1880,325,73e37ff031a341a4640139d27c6446a821619a0817062c4549a3d2950e0aade6,
RMVM_S_59b3e9b2ab,Người Cô Đơn Lại Càng Cô Đơn,Bằng Cường,POP_BALLAD,TIER_A,True,False,0,,False,False,0,,True,2550,452,3597e0dc9392a996227b45b7bc56557580f028381979db557c6a1d23bd307214,
RMVM_S_d04efb7846,Một Buổi Chiều Mơ,Lan Ngọc,BOLERO_TRUTINH,TIER_A,True,False,0,,False,False,0,,True,2133,360,fa7de0fdd121ba1112e30a5072a4f7126acfe45c03cb6419ecc246b6d952c7c5,
RMVM_S_4b0fdb1d5a,Còn Thương Người Cũ,Viet Lee,POP_BALLAD,TIER_A,True,False,0,,False,False,0,,True,2344,400,6bdb650075cfdf601ef527ee61ae8b5be8acd31f91999333c984d80f1f7317f4,
RMVM_S_c40ea077d0,Em Ngày Gặp Lại (Ciray Remix),"TLong, ACV",POP_BALLAD,TIER_A,True,False,0,,False,False,0,,True,2938,534,339e8f5fbfab6794782a6d7d5a42f06f45903423b9db128d737baf3308a34f2f,
RMVM_S_40000935a8,Đời Thế Mà,Khánh Đơn,POP_BALLAD,TIER_A,True,False,0,,False,False,0,,True,2357,395,77b507a7cde0b93d61bda847515b125eed8fe520de4e0a0446796b26529d0af0,
RMVM_S_ac0a97bf7b,Anh Ghét Mình Vì Còn Nhớ Em,Phạm Đình Thái Ngân,POP_BALLAD,TIER_B,True,False,0,,False,False,0,,False,0,0,,
RMVM_S_b5b613087b,Bi Hài (Giao Lộ Thời Gian),Hòa Minzy,POP_BALLAD,TIER_B,True,False,0,,False,False,0,,False,0,0,,
RMVM_S_c837642d24,Bỗng Dưng Muốn Khóc,Minh Thư,POP_BALLAD,TIER_B,True,False,0,,False,False,0,,False,0,0,,
RMVM_S_65c31b6c92,Bởi Tin Lời Thề,"BeeBoss, Tuấn Chung",POP_BALLAD,TIER_B,True,False,0,,False,False,0,,False,0,0,,
RMVM_S_86905f9456,Chim Sáo Ngày Xưa,Trung Quang,BOLERO_TRUTINH,TIER_B,True,False,0,,False,False,0,,False,0,0,,
RMVM_S_100752a059,Cuộc Tình Vạn Dặm,Hạ Vy,POP_BALLAD,TIER_B,True,False,0,,False,False,0,,False,0,0,,
RMVM_S_bb655b0d09,Cám Ơn Em Đã Yêu Anh,The Men,POP_BALLAD,TIER_B,True,False,0,,False,False,0,,False,0,0,,
RMVM_S_2a3b530508,Có Phải Em Đã Yêu Anh,Minh Tuyết,POP_BALLAD,TIER_B,True,False,0,,False,False,0,,False,0,0,,
RMVM_S_9fb10dfe0e,Em Đi Lấy Chồng,Phi Bằng,POP_BALLAD,TIER_B,True,False,0,,False,False,0,,False,0,0,,
RMVM_S_9b5ec2e3d6,Giác Quan Thứ 6 (Giao Lộ Thời Gian),Thu Minh,POP_BALLAD,TIER_B,True,False,0,,False,False,0,,False,0,0,,
RMVM_S_1c958c6d42,Hai Mươi Năm Gặp Lại,Thanh Tuyền,BOLERO_TRUTINH,TIER_B,True,False,0,,False,False,0,,False,0,0,,
RMVM_S_a244ffbe11,Hôm nay anh say quá,"Melomix, Dakota, Black P",RAP_HIPHOP,TIER_B,True,False,0,,False,False,0,,False,0,0,,
RMVM_S_4038bf84ff,Khúc Tình Dối Gian - Bài Ca Tình Nhớ,Elvis Phương,BOLERO_TRUTINH,TIER_B,True,False,0,,False,False,0,,False,0,0,,
RMVM_S_bd3f20c3dd,Kí Ức Chợt Về,Ưng Hoàng Phúc,POP_BALLAD,TIER_B,True,False,0,,False,False,0,,False,0,0,,
RMVM_S_869ebec687,Kết Thúc,"BeaZ, Kendy T, 93NEW-G",POP_BALLAD,TIER_B,True,False,0,,False,False,0,,False,0,0,,
RMVM_S_b705428d7f,Lời Em Hứa,"Gia Lạc, Nguyễn Minh",BOLERO_TRUTINH,TIER_B,True,False,0,,False,False,0,,False,0,0,,
RMVM_S_9f408f3912,Lời Tình Buồn,Họa Mi,INSTRUMENTAL,TIER_B,True,False,0,,False,False,0,,False,0,0,,
RMVM_S_d515997952,"Như Đã Dấu Yêu (Xuân Phát Tài 13, Live)","Lệ Quyên, Bằng Kiều",POP_BALLAD,TIER_B,True,False,0,,False,False,0,,False,0,0,,
RMVM_S_24cb9a61a4,Thế Giới Sẽ Mất Đi 2 Người Cô Đơn,"Peach, DUTZUX, D Love",POP_BALLAD,TIER_B,True,False,0,,False,False,0,,False,0,0,,
RMVM_S_8f35c88f7e,Đoản khúc thu Hà Nội,Hồng Nhung,POP_BALLAD,TIER_B,True,False,0,,False,False,0,,False,0,0,,
RMVM_S_65751f700a,Đêm Giao Thừa,Ánh Tuyết,POP_BALLAD,TIER_B,True,False,0,,False,False,0,,False,0,0,,
RMVM_S_94ff1d5848,Đêm Tiễn Biệt,"Lưu Ánh Loan, Huỳnh Thật",BOLERO_TRUTINH,TIER_B,True,False,0,,False,False,0,,False,0,0,,
RMVM_S_3f44196400,2 Ngày 1 Đêm,Da LAB,POP_BALLAD,TIER_B,True,False,0,,False,False,0,,False,0,0,,
RMVM_S_643e27b5d6,Ai Nhớ Chăng Ai,Bảo Hân Bolero,BOLERO_TRUTINH,TIER_B,True,False,0,,False,False,0,,False,0,0,,
RMVM_S_44a5243dfc,Anh Biết Anh Quá Đẹp Trai,"SOUND HIT, Minh Béo",POP_BALLAD,TIER_B,True,False,0,,False,False,0,,False,0,0,,
RMVM_S_a462728b22,Anh Chàng Si Tình,"Nhật Tinh Anh, Khánh Ngọc",POP_BALLAD,TIER_B,True,False,0,,False,False,0,,False,0,0,,
RMVM_S_6751911b7d,Anh Chàng Đẹp Trai,"BeeBoss, Tuấn Chung",POP_BALLAD,TIER_B,True,False,0,,False,False,0,,False,0,0,,
RMVM_S_aa60f53114,Anh Chỉ Cần Một Tình Yêu,Lâm Chấn Thiên,POP_BALLAD,TIER_B,True,False,0,,False,False,0,,False,0,0,,
RMVM_S_caef957143,Anh Chỉ Là Người Đến Sau Mà,"Tiến Thanh, Huỳnh Toàn",POP_BALLAD,TIER_B,True,False,0,,False,False,0,,False,0,0,,
RMVM_S_57f7dd440c,Anh Mong Mình Về Với Nhau,"Melomix, Phạm Lê Yến Nhi",POP_BALLAD,TIER_B,True,False,0,,False,False,0,,False,0,0,,
RMVM_S_48147fde82,Anh Muốn,Hoàng Ngọc Sơn,POP_BALLAD,TIER_B,True,False,0,,False,False,0,,False,0,0,,
RMVM_S_aba9a61aa4,Anh Nhớ Em (Beat),Tuấn Hưng,POP_BALLAD,TIER_B,True,False,0,,False,False,0,,False,0,0,,
RMVM_S_a9eadc5046,Anh Nói Yêu Em Được Không (Awriix Remix),MinZ Mặt Đất,POP_BALLAD,TIER_B,True,False,0,,False,False,0,,False,0,0,,
RMVM_S_733299c46b,Anh Nói Yêu Em Được Không (Short Version 2),MinZ Mặt Đất,POP_BALLAD,TIER_B,True,False,0,,False,False,0,,False,0,0,,
RMVM_S_7a5d221954,Anh Vẫn Mơ Về Em,Johnny Dũng,BOLERO_TRUTINH,TIER_B,True,False,0,,False,False,0,,False,0,0,,
RMVM_S_a3b09d1dc9,Anh Đã Hiểu Tình Em,Puol Lê,BOLERO_TRUTINH,TIER_B,True,False,0,,False,False,0,,False,0,0,,
RMVM_S_f5f4694007,Anh Đã Quên,"Đông Hùng, Kimmese",POP_BALLAD,TIER_B,True,False,0,,False,False,0,,False,0,0,,
RMVM_S_cf59546007,Bên Anh Còn Nỗi Nhớ,Ưng Hoàng Phúc,POP_BALLAD,TIER_B,True,False,0,,False,False,0,,False,0,0,,
RMVM_S_c395eeaa14,Bông Cỏ May,"Thanh Ngân, Gia Tiến",POP_BALLAD,TIER_B,True,False,0,,False,False,0,,False,0,0,,
RMVM_S_03224c7059,Bước Chân Em Về,Đức Thịnh,POP_BALLAD,TIER_B,True,False,0,,False,False,0,,False,0,0,,
RMVM_S_c84d778ed7,Bạc Trắng Lửa Hồng,Mạnh Quỳnh,BOLERO_TRUTINH,TIER_B,True,False,0,,False,False,0,,False,0,0,,
RMVM_S_4d978163e0,Bởi Vì Sao,Tuấn Hưng,POP_BALLAD,TIER_B,True,False,0,,False,False,0,,False,0,0,,
RMVM_S_26fc8803f2,Bụi Bay Vào Mắt,"BeeBoss, Châu Ngọc Lan",POP_BALLAD,TIER_B,True,False,0,,False,False,0,,False,0,0,,
RMVM_S_a19675ab30,Cha Mẹ Có Biết Con Đau,Kim Ny Ngọc,POP_BALLAD,TIER_B,True,False,0,,False,False,0,,False,0,0,,
RMVM_S_c79851bb62,Chia Tay Trong Mưa,"BeeBoss, Châu Ngọc Lan",POP_BALLAD,TIER_B,True,False,0,,False,False,0,,False,0,0,,
RMVM_S_b4eef5f5aa,Chiếc Bóng Đơn Côi,Ngọc Hân,BOLERO_TRUTINH,TIER_B,True,False,0,,False,False,0,,False,0,0,,
RMVM_S_51ca2b9874,Chiều Buồn Bạc Liêu,Tuấn Quang,BOLERO_TRUTINH,TIER_B,True,False,0,,False,False,0,,False,0,0,,
RMVM_S_6dc4494e43,Chiều Nhớ,Hồ Hán Dân,BOLERO_TRUTINH,TIER_B,True,False,0,,False,False,0,,False,0,0,,
RMVM_S_4bcf9154b4,Chuyến Xe Miền Tây,Mạnh Quỳnh,BOLERO_TRUTINH,TIER_B,True,False,0,,False,False,0,,False,0,0,,
RMVM_S_544be6a0c9,Chuyện Tình Cô Gái Hái Sầu Riêng (Version 2023),Diễm Trang,BOLERO_TRUTINH,TIER_B,True,False,0,,False,False,0,,False,0,0,,2023.0
RMVM_S_223bea98f0,Chuyện Về Bầu Trời Xanh,TaynguyenSound,POP_BALLAD,TIER_B,True,False,0,,False,False,0,,False,0,0,,
RMVM_S_0bae808c58,CHÀNG KHỜ THỦY CHUNG (Vmix),Ưng Hoàng Phúc,POP_BALLAD,TIER_B,True,False,0,,False,False,0,,False,0,0,,
RMVM_S_ebd75e76df,Chúng Ta Không Thuộc Về Nhau,Thái Lan Viên,POP_BALLAD,TIER_B,True,False,0,,False,False,0,,False,0,0,,
RMVM_S_df80c572c1,Chẳng Chịu Nghĩ Đến Em,Kim Ngân,POP_BALLAD,TIER_B,True,False,0,,False,False,0,,False,0,0,,
RMVM_S_65ee756e78,Chẳng Lẽ Chỉ Vậy Thôi,Phương Trang,POP_BALLAD,TIER_B,True,False,0,,False,False,0,,False,0,0,,
RMVM_S_518e930087,Chỉ Còn Lại Nỗi Cô Đơn,"Huỳnh Lê, RyoT",POP_BALLAD,TIER_B,True,False,0,,False,False,0,,False,0,0,,
RMVM_S_e0fb2c5e31,Chỉ Có Thể Là Em (Remix),Lê Trọng Hiếu,POP_BALLAD,TIER_B,True,False,0,,False,False,0,,False,0,0,,
RMVM_S_cddb964bff,Chỉ Muốn Yêu Anh,Lệ Quyên,POP_BALLAD,TIER_B,True,False,0,,False,False,0,,False,0,0,,
RMVM_S_36e063203f,Chỉ Vì Anh Quá Yêu Em (Ballad),The Men,POP_BALLAD,TIER_B,True,False,0,,False,False,0,,False,0,0,,
RMVM_S_011df062f0,Chợt nghe em hát,Hồng Nhung,POP_BALLAD,TIER_B,True,False,0,,False,False,0,,False,0,0,,
RMVM_S_a63549f659,Con Đường Hai Chúng Mình,Tuấn Quang,BOLERO_TRUTINH,TIER_B,True,False,0,,False,False,0,,False,0,0,,
RMVM_S_53094e1f14,Cá Sấu Ghê Na,Ưng Hoàng Phúc,POP_BALLAD,TIER_B,True,False,0,,False,False,0,,False,0,0,,
RMVM_S_146d93a2cc,Cánh Cò Và Dòng Sông,Thanh Tuyền,FOLK_TRADITIONAL,TIER_B,True,False,0,,False,False,0,,False,0,0,,
RMVM_S_7c48fa673e,Cánh Hoa Lẻ Loi,Lưu Mỹ Linh,BOLERO_TRUTINH,TIER_B,True,False,0,,False,False,0,,False,0,0,,
RMVM_S_8c4b61f9a5,Câu Chuyện Hôm Qua,"Phạm Lê Yến Nhi, Melomix",POP_BALLAD,TIER_B,True,False,0,,False,False,0,,False,0,0,,
RMVM_S_3ebaeabc6c,Câu Hát Tình Quê,Hải Triều,FOLK_TRADITIONAL,TIER_B,True,False,0,,False,False,0,,False,0,0,,
RMVM_S_56afc761cf,Còn Nhớ Tên Em,Minh Tuyết,POP_BALLAD,TIER_B,True,False,0,,False,False,0,,False,0,0,,
RMVM_S_c188245748,Có Anh Rồi,"Hạ Vy, Huy Vũ",BOLERO_TRUTINH,TIER_B,True,False,0,,False,False,0,,False,0,0,,
RMVM_S_689910c93d,Có Chó Nó Yêu Mày,Lâm Chấn Khang,POP_BALLAD,TIER_B,True,False,0,,False,False,0,,False,0,0,,
RMVM_S_8842031a6e,Có Lẽ Em Sẽ Quên,Ưng Đại Vệ,POP_BALLAD,TIER_B,True,False,0,,False,False,0,,False,0,0,,
RMVM_S_b9ec140273,Cô Gái Sầm Nưa,"Lê Ngọc Thúy, Đào Mác",BOLERO_TRUTINH,TIER_B,True,False,0,,False,False,0,,False,0,0,,
RMVM_S_6848ba5ff8,Cô Mèo Đen,Linh Miu,POP_BALLAD,TIER_B,True,False,0,,False,False,0,,False,0,0,,
RMVM_S_2dde85b36e,Cậu Đã Có Người Yêu Chưa,Ahn,POP_BALLAD,TIER_B,True,False,0,,False,False,0,,False,0,0,,
RMVM_S_d2ca6e651c,Cố Quên Tình Yêu,Johnny Dũng,POP_BALLAD,TIER_B,True,False,0,,False,False,0,,False,0,0,,
RMVM_S_213f0e9912,Dư Âm,"8 the Theatre, Dattie Do",POP_BALLAD,TIER_B,True,False,0,,False,False,0,,False,0,0,,
RMVM_S_5d0f668908,Em Là Hot Girl？,"Ưng Hoàng Phúc, Chung Thương T-JO",POP_BALLAD,TIER_B,True,False,0,,False,False,0,,False,0,0,,
RMVM_S_aac087fef3,Gió Chuyển Mùa Thương,Phương Dung,BOLERO_TRUTINH,TIER_B,True,False,0,,False,False,0,,False,0,0,,
RMVM_S_85a000102e,GIƠ TAY LÊN,Dế Choắt,POP_BALLAD,TIER_B,True,False,0,,False,False,0,,False,0,0,,
RMVM_S_678631dc6f,Giấc Mơ Của Kẻ Khờ (Beat),Trương Quỳnh Anh,POP_BALLAD,TIER_B,True,False,0,,False,False,0,,False,0,0,,
RMVM_S_f52d836fd9,Giấc Mơ Mùa Đông,Huy Vũ,POP_BALLAD,TIER_B,True,False,0,,False,False,0,,False,0,0,,
RMVM_S_744403a6cc,Giấc Mơ Ấy,Tuấn Hưng,POP_BALLAD,TIER_B,True,False,0,,False,False,0,,False,0,0,,
RMVM_S_34e214323a,Giận Thì Giận Mà Thương Thì Thương,Lệ Quyên,BOLERO_TRUTINH,TIER_B,True,False,0,,False,False,0,,False,0,0,,
RMVM_S_8e2b604eff,Góc Phố Buồn,Minh Tuyết,POP_BALLAD,TIER_B,True,False,0,,False,False,0,,False,0,0,,
RMVM_S_3926d38ff0,Hay Là Mình Quay Về Với Nhau,Khang Dương,POP_BALLAD,TIER_B,True,False,0,,False,False,0,,False,0,0,,
RMVM_S_cfbf39b8c1,Hey Ông Già Noel,Trương Quỳnh Anh,POP_BALLAD,TIER_B,True,False,0,,False,False,0,,False,0,0,,
RMVM_S_8bc65c64ee,Hoa Có Chủ,Trung Quang,POP_BALLAD,TIER_B,True,False,0,,False,False,0,,False,0,0,,
RMVM_S_bee39b20ad,Hoa Cưới,Đạt Long Vinh,POP_BALLAD,TIER_B,True,False,0,,False,False,0,,False,0,0,,
RMVM_S_8a2ebb44c2,Hãy Mang Niềm Vui Tới,Tú Quyên,POP_BALLAD,TIER_B,True,False,0,,False,False,0,,False,0,0,,
RMVM_S_67aaf77622,Hãy Nói Dù Chỉ Một Lời,Thiên Trường,POP_BALLAD,TIER_B,True,False,0,,False,False,0,,False,0,0,,
RMVM_S_9eb82eea7f,Hãy Yêu Thật Lòng,AXN,POP_BALLAD,TIER_B,True,False,0,,False,False,0,,False,0,0,,
RMVM_S_45501138dc,Hôm Ấy Hà Nội Đổ Mưa,Lee Wolves,POP_BALLAD,TIER_B,True,False,0,,False,False,0,,False,0,0,,
RMVM_S_dfb76a5051,Khi Em Lớn (Remix),"Orange, D.A",DANCE_EDM,TIER_B,True,False,0,,False,False,0,,False,0,0,,
RMVM_S_41ff0c227e,Khúc Nhạc Buồn (Live Version),Tô Chấn Phong,POP_BALLAD,TIER_B,True,False,0,,False,False,0,,False,0,0,,
RMVM_S_988459dd3c,Khúc Tâm Tình Người Hà Tĩnh,Hoàng Yến,POP_BALLAD,TIER_B,True,False,0,,False,False,0,,False,0,0,,
RMVM_S_62158ea124,Khúc Xuân Tình,Triệu Minh,POP_BALLAD,TIER_B,True,False,0,,False,False,0,,False,0,0,,
RMVM_S_0333193e3c,Kéo Khỏi Cô Đơn,Lê Vũ Bình,POP_BALLAD,TIER_B,True,False,0,,False,False,0,,False,0,0,,
RMVM_S_18694ed798,Liên Khúc Bay,Vũ Uyên Nhi,POP_BALLAD,TIER_B,True,False,0,,False,False,0,,False,0,0,,
RMVM_S_db0085ad07,Liên Khúc Hào Khí Việt Nam,FM Band,POP_BALLAD,TIER_B,True,False,0,,False,False,0,,False,0,0,,
RMVM_S_24e62b4a61,Lý Bông Mai,Tuấn Quang,POP_BALLAD,TIER_B,True,False,0,,False,False,0,,False,0,0,,
RMVM_S_e720ecd114,Lời Hứa Yêu,Tùy Phong,POP_BALLAD,TIER_B,True,False,0,,False,False,0,,False,0,0,,
RMVM_S_e8d4d0d74d,"Mashup： Chiều Thu Họa Bóng Nàng, Chân Mây","Phương Thanh, DatKaa",POP_BALLAD,TIER_B,True,False,0,,False,False,0,,False,0,0,,
RMVM_S_f30abb260b,"Mashup： Trăng Sơn Cước, Về Với Em","Võ Hạ Trâm, Nhật Thủy, Phạm Đình Thái Ngân, Quỳnh Anh",POP_BALLAD,TIER_B,True,False,0,,False,False,0,,False,0,0,,
RMVM_S_48fa112696,Mùa Thu Cho Em,Giang Hồng Ngọc,BOLERO_TRUTINH,TIER_B,True,False,0,,False,False,0,,False,0,0,,
RMVM_S_bd946aa66f,Mưa Đêm,B.O.M,POP_BALLAD,TIER_B,True,False,0,,False,False,0,,False,0,0,,
RMVM_S_1d1218a00b,Một Bản Tình Ca Nhịp 6⧸8 (Live from Giao Lộ Thời Gian),Khánh Linh,POP_BALLAD,TIER_B,True,False,0,,False,False,0,,False,0,0,,
RMVM_S_ab7f120a4e,Ngày Về,"Ái Vân, Họa Mi",INSTRUMENTAL,TIER_B,True,False,0,,False,False,0,,False,0,0,,
RMVM_S_1388a2a7b6,Ngày Xuân Vui Cưới,Bé Ngọc Ngân,POP_BALLAD,TIER_B,True,False,0,,False,False,0,,False,0,0,,
RMVM_S_4d5d2e1308,Nha Trang Ngày Về,Tuấn Ngọc,BOLERO_TRUTINH,TIER_B,True,False,0,,False,False,0,,False,0,0,,
RMVM_S_43b988965a,Như Mùa Tuyết Đầu Tiên (Goblin OST),"Văn Mai Hương, XHTĐRLX",POP_BALLAD,TIER_B,True,False,0,,False,False,0,,False,0,0,,
RMVM_S_97d695bd69,Nhịp Cầu Tri Âm,"Đoàn Thanh Phương, Cao Bảo Hân",BOLERO_TRUTINH,TIER_B,True,False,0,,False,False,0,,False,0,0,,
RMVM_S_c94df68332,Nhớ Em Thầm Gọi Tên,Ưng Hoàng Phúc,POP_BALLAD,TIER_B,True,False,0,,False,False,0,,False,0,0,,
RMVM_S_5a4426d0c6,Nhớ Đến Mệt Rồi,Lâm Chấn Khang,POP_BALLAD,TIER_B,True,False,0,,False,False,0,,False,0,0,,
RMVM_S_b32bb7a518,Những Lời Hứa Bỏ Quên (Remix),Trương Lý Hoàng,POP_BALLAD,TIER_B,True,False,0,,False,False,0,,False,0,0,,
RMVM_S_d013f925fe,Nơi Tận Cùng Trái Tim,Bảo Nguyên,BOLERO_TRUTINH,TIER_B,True,False,0,,False,False,0,,False,0,0,,
RMVM_S_ec0dc7a1c2,Nỗi Lòng Người Đến Sau,Tuấn Quang,BOLERO_TRUTINH,TIER_B,True,False,0,,False,False,0,,False,0,0,,
RMVM_S_c7c99ff191,Nỗi Đau Ngày Sau Dấu Yêu Ngày Đầu (Piano Version),Gia Bin,POP_BALLAD,TIER_B,True,False,0,,False,False,0,,False,0,0,,
RMVM_S_a0e9941caf,Ru Lại Câu Hò,"CT Media, Mai Tiến Đạt",POP_BALLAD,TIER_B,True,False,0,,False,False,0,,False,0,0,,
RMVM_S_6e307ad698,Sài Gòn Buồn Quá Em Ơi (Jazzhop),"Dế Choắt, Jason",POP_BALLAD,TIER_B,True,False,0,,False,False,0,,False,0,0,,
RMVM_S_eaead2d7cd,Ta Vẫn Còn Yêu,Ưng Hoàng Phúc,POP_BALLAD,TIER_B,True,False,0,,False,False,0,,False,0,0,,
RMVM_S_966a110699,Tan Bao Giấc Mơ,The Men,POP_BALLAD,TIER_B,True,False,0,,False,False,0,,False,0,0,,
RMVM_S_faf77aa2db,Thà Không Đến Với Nhau,Huy Vũ,BOLERO_TRUTINH,TIER_B,True,False,0,,False,False,0,,False,0,0,,
RMVM_S_3503bba17f,Tiếng Đàn Guitar (Giao Lộ Thời Gian),Đức Huy,POP_BALLAD,TIER_B,True,False,0,,False,False,0,,False,0,0,,
RMVM_S_7448b1bd89,Trái Tim Bụi Đường,Bằng Kiều,POP_BALLAD,TIER_B,True,False,0,,False,False,0,,False,0,0,,
RMVM_S_bf9e079f71,Trưng Vương khung cửa mùa thu,Thanh Tuyền,BOLERO_TRUTINH,TIER_B,True,False,0,,False,False,0,,False,0,0,,
RMVM_S_e1d237aedb,Trầu Ơi,Ái Vân,FOLK_TRADITIONAL,TIER_B,True,False,0,,False,False,0,,False,0,0,,
RMVM_S_5ba67c68f2,Trời Sinh Voi Sinh Cỏ,Phi Nhung,BOLERO_TRUTINH,TIER_B,True,False,0,,False,False,0,,False,0,0,,
RMVM_S_6e23dcb210,Tuổi Mộng Mơ,Hạ Vy,POP_BALLAD,TIER_B,True,False,0,,False,False,0,,False,0,0,,
RMVM_S_0d5f6d1563,Tìm Nhau Không (Live Version),Tăng Phúc,POP_BALLAD,TIER_B,True,False,0,,False,False,0,,False,0,0,,
RMVM_S_6cbe07ef6e,Tình Cuối Xót Xa,Huy Tâm,POP_BALLAD,TIER_B,True,False,0,,False,False,0,,False,0,0,,
RMVM_S_bd85e96dea,Tình Quay Gót,Huy Tâm,POP_BALLAD,TIER_B,True,False,0,,False,False,0,,False,0,0,,
RMVM_S_ec69a0b7b1,Tình Đầu Mãi Yêu,Huy Vũ,POP_BALLAD,TIER_B,True,False,0,,False,False,0,,False,0,0,,
RMVM_S_670d2986da,Tạm Biệt Huế,Bích Tuyền,BOLERO_TRUTINH,TIER_B,True,False,0,,False,False,0,,False,0,0,,
RMVM_S_da1ee58c2d,Tự Em Đa Tình,Quinn,POP_BALLAD,TIER_B,True,False,0,,False,False,0,,False,0,0,,
RMVM_S_16508a8a68,Tự Thân Mình Đi,Danh Tuấn Trung,POP_BALLAD,TIER_B,True,False,0,,False,False,0,,False,0,0,,
RMVM_S_9e87857bc5,Vì Sao Thế,"BeeBoss, Tuấn Chung",POP_BALLAD,TIER_B,True,False,0,,False,False,0,,False,0,0,,
RMVM_S_ba48063124,Vậy Là Em Sai,Ca Ca,POP_BALLAD,TIER_B,True,False,0,,False,False,0,,False,0,0,,
RMVM_S_34c3e4610d,Vội Vàng,Đình Bảo,INSTRUMENTAL,TIER_B,True,False,0,,False,False,0,,False,0,0,,
RMVM_S_9ae67419c2,Xin Hãy Quên Tôi,Hoàng Châu,POP_BALLAD,TIER_B,True,False,0,,False,False,0,,False,0,0,,
RMVM_S_1e32c7c3da,Xuân Ơi,Ưng Hoàng Phúc,POP_BALLAD,TIER_B,True,False,0,,False,False,0,,False,0,0,,
RMVM_S_e17c4cafdf,Âm Khúc Biệt Ly,Ưng Hoàng Phúc,POP_BALLAD,TIER_B,True,False,0,,False,False,0,,False,0,0,,
RMVM_S_8e3316048b,Ôm Trọn Cô Đơn,Lê Vũ Bình,POP_BALLAD,TIER_B,True,False,0,,False,False,0,,False,0,0,,
RMVM_S_79ddfb149f,Đam Mê (Beat),Tuấn Hưng,POP_BALLAD,TIER_B,True,False,0,,False,False,0,,False,0,0,,
RMVM_S_817fc65b2a,Đã Đến Lúc Phải Xa Nhau,Ưng Hoàng Phúc,POP_BALLAD,TIER_B,True,False,0,,False,False,0,,False,0,0,,
RMVM_S_6ddc179b6f,Đêm Qua Con Nằm Mơ (Đại Mèo Remix),"DIMZ, NH4T",POP_BALLAD,TIER_B,True,False,0,,False,False,0,,False,0,0,,
RMVM_S_4c4daaf01c,Đò Sang Ngang,"Anh Nguyễn, Mai Tiến Đạt",POP_BALLAD,TIER_B,True,False,0,,False,False,0,,False,0,0,,
RMVM_S_eab72c8ee8,Đường Không Lối,"Melomix, Giang Nâu Nâu",POP_BALLAD,TIER_B,True,False,0,,False,False,0,,False,0,0,,
RMVM_S_c64ad9315b,Đồng Tháp Duyên Gì,Thanh Tuyền,BOLERO_TRUTINH,TIER_B,True,False,0,,False,False,0,,False,0,0,,
RMVM_S_07ce03b9c7,Độc Thân,"Châu Đăng Khoa, Ricky Star",POP_BALLAD,TIER_B,True,False,0,,False,False,0,,False,0,0,,
RMVM_S_3063c1c839,Đừng Bỏ Em Một Mình,Lệ Thu,BOLERO_TRUTINH,TIER_B,True,False,0,,False,False,0,,False,0,0,,
RMVM_S_1ea71ee72c,Đừng Trách Câu Ví Dặm,Cáp Anh Tài,POP_BALLAD,TIER_B,True,False,0,,False,False,0,,False,0,0,,
RMVM_MB_6db3eb9f8d,Hoa Ban trắng,Bức Tường,ROCK,TIER_B,True,False,0,,False,False,0,,False,0,0,,2010.0
RMVM_MB_384ab4ab25,Ngày khác,Bức Tường,ROCK,TIER_B,True,False,0,,False,False,0,,False,0,0,,2010.0
RMVM_MB_e7b6832b18,Cô gái quàng khăn đỏ,Bức Tường,ROCK,TIER_B,True,False,0,,False,False,0,,False,0,0,,2010.0
RMVM_MB_3425fd35a2,Cho bước chân em đi,Bức Tường,ROCK,TIER_B,True,False,0,,False,False,0,,False,0,0,,2010.0
RMVM_MB_1e5eec8ae1,Cơn mưa hoang dã (reload),Bức Tường,ROCK,TIER_B,True,False,0,,False,False,0,,False,0,0,,2003.0
RMVM_MB_ccbaa35021,Người mộng du,Bức Tường,ROCK,TIER_B,True,False,0,,False,False,0,,False,0,0,,2004.0
RMVM_MB_fb505159f5,Giọt đắng,Bức Tường,ROCK,TIER_B,True,False,0,,False,False,0,,False,0,0,,2002.0
RMVM_MB_11dd0fc413,Bão đêm,Microwave,ROCK,TIER_B,True,False,0,,False,False,0,,False,0,0,,2005.0
RMVM_MB_3dc4064ccc,Sói,Microwave,ROCK,TIER_B,True,False,0,,False,False,0,,False,0,0,,2005.0
RMVM_MB_16b8db6cfd,Hạt cát,Microwave,ROCK,TIER_B,True,False,0,,False,False,0,,False,0,0,,2009.0
RMVM_MB_927c477882,Người mẹ,Microwave,ROCK,TIER_B,True,False,0,,False,False,0,,False,0,0,,2009.0
RMVM_MB_3b51534a86,Khúc xuân thịnh vượng,Microwave,ROCK,TIER_B,True,False,0,,False,False,0,,False,0,0,,2016.0
RMVM_MB_42b0b598b2,Chung một con đường,Microwave,ROCK,TIER_B,True,False,0,,False,False,0,,False,0,0,,2016.0
RMVM_MB_6e3a14d2ea,Đừng,Microwave,ROCK,TIER_B,True,False,0,,False,False,0,,False,0,0,,2016.0
RMVM_MB_85ad7f047b,Grass Stains,Microwave,ROCK,TIER_B,True,False,0,,False,False,0,,False,0,0,,2015.0
RMVM_MB_1808dbb3ef,Photos,Unlimited,ROCK,TIER_B,True,False,0,,False,False,0,,False,0,0,,2009.0
RMVM_MB_75d1f145dc,Phantom of the Opera,Unlimited,ROCK,TIER_B,True,False,0,,False,False,0,,False,0,0,,2009.0
RMVM_MB_d984b71758,Tái sinh,Unlimited,ROCK,TIER_B,True,False,0,,False,False,0,,False,0,0,,2009.0
RMVM_MB_d0de22364c,Sự cứu chuộc,Unlimited,ROCK,TIER_B,True,False,0,,False,False,0,,False,0,0,,2009.0
RMVM_MB_ccd22c6627,Con đường ánh sáng,Unlimited,ROCK,TIER_B,True,False,0,,False,False,0,,False,0,0,,2009.0
RMVM_MB_9dfc3226e3,Sự sống,Unlimited,ROCK,TIER_B,True,False,0,,False,False,0,,False,0,0,,2009.0
RMVM_MB_a2884468a6,Nối vòng tay lớn,Unlimited,ROCK,TIER_B,True,False,0,,False,False,0,,False,0,0,,2007.0
RMVM_MB_9886c917b0,Wings of Destiny,Unlimited,ROCK,TIER_B,True,False,0,,False,False,0,,False,0,0,,2007.0
RMVM_MB_647acddcc3,Freak Stepper,Parasite,ROCK,TIER_B,True,False,0,,False,False,0,,False,0,0,,2003.0
RMVM_MB_e997b78478,Satanic Fever,Parasite,ROCK,TIER_B,True,False,0,,False,False,0,,False,0,0,,2021.0
RMVM_MB_0295b88980,Toxic Incense,Parasite,ROCK,TIER_B,True,False,0,,False,False,0,,False,0,0,,2023.0
RMVM_MB_e0af30fa68,"Money, Money, Money",Parasite,ROCK,TIER_B,True,False,0,,False,False,0,,False,0,0,,2000.0
RMVM_MB_c058c051cb,Untitled,Parasite,ROCK,TIER_B,True,False,0,,False,False,0,,False,0,0,,2000.0
RMVM_MB_e6ff0b2e7f,Big Up Yourself (Monkey Steak remix),Parasite,ROCK,TIER_B,True,False,0,,False,False,0,,False,0,0,,2005.0
RMVM_MB_bd326ed0bc,Steelworkers of Lucifer,Parasite,ROCK,TIER_B,True,False,0,,False,False,0,,False,0,0,,2021.0
RMVM_MB_2cebe81160,1911 Black Terror Metal,Parasite,ROCK,TIER_B,True,False,0,,False,False,0,,False,0,0,,2021.0
RMVM_MB_bcdfcb9601,Mars,Cát,ROCK,TIER_B,True,False,0,,False,False,0,,False,0,0,,2004.0
RMVM_MB_38a28c964b,Dig,Cát,ROCK,TIER_B,True,False,0,,False,False,0,,False,0,0,,2009.0
RMVM_MB_5dc984b6de,Swamp Rat,Cát,ROCK,TIER_B,True,False,0,,False,False,0,,False,0,0,,2009.0
RMVM_MB_32827028b9,Drive a Desert Into a Brick Wall,Cát,ROCK,TIER_B,True,False,0,,False,False,0,,False,0,0,,2011.0
RMVM_MB_4ceced7f6f,Slime,Cát,ROCK,TIER_B,True,False,0,,False,False,0,,False,0,0,,2014.0
RMVM_MB_ab5a011d36,Heard Her Play,Cát,ROCK,TIER_B,True,False,0,,False,False,0,,False,0,0,,2010.0
RMVM_MB_eb649cd095,Trees,Cát,ROCK,TIER_B,True,False,0,,False,False,0,,False,0,0,,2014.0
RMVM_MB_6763930388,Romance,Cát,ROCK,TIER_B,True,False,0,,False,False,0,,False,0,0,,2011.0
RMVM_MB_46f8948093,Lão cô đơn,Gạt Tàn Đầy,ROCK,TIER_B,True,False,0,,False,False,0,,False,0,0,,2006.0
RMVM_MB_e54010bd45,Lại một bài tình ca nữa,Gạt Tàn Đầy,ROCK,TIER_B,True,False,0,,False,False,0,,False,0,0,,2006.0
RMVM_MB_e16c2b24ad,Phàn nàn,Gạt Tàn Đầy,ROCK,TIER_B,True,False,0,,False,False,0,,False,0,0,,2006.0
RMVM_MB_89752f64c3,Chùm nho chín mọng,Gạt Tàn Đầy,ROCK,TIER_B,True,False,0,,False,False,0,,False,0,0,,2006.0
RMVM_MB_651e9ccac7,Mứt,Gạt Tàn Đầy,ROCK,TIER_B,True,False,0,,False,False,0,,False,0,0,,2006.0
RMVM_MB_c225a05602,Phở,Gạt Tàn Đầy,ROCK,TIER_B,True,False,0,,False,False,0,,False,0,0,,2006.0
RMVM_MB_f8210e52f2,Cuối Ngày (Có Nhau Version),The Flob,ROCK,TIER_B,True,False,0,,False,False,0,,False,0,0,,2022.0
RMVM_MB_2858c752fe,Cuối Ngày,The Flob,ROCK,TIER_B,True,False,0,,False,False,0,,False,0,0,,2022.0
RMVM_MB_34bc6bdd5c,Ở Nhà Đêêê,The Flob,ROCK,TIER_B,True,False,0,,False,False,0,,False,0,0,,2021.0
RMVM_MB_8af12782cb,Alright,The Flob,ROCK,TIER_B,True,False,0,,False,False,0,,False,0,0,,2020.0
RMVM_MB_a7099ffbb4,Tạo tác từ đất sét,The Flob,ROCK,TIER_B,True,False,0,,False,False,0,,False,0,0,,2020.0
RMVM_MB_be41b55d7b,Alright (alternative),The Flob,ROCK,TIER_B,True,False,0,,False,False,0,,False,0,0,,2020.0
RMVM_MB_85573172f8,It Goes Like This (Instrumental),7UPPERCUTS,ROCK,TIER_B,True,False,0,,False,False,0,,False,0,0,,2019.0
RMVM_MB_99ca435889,Màu Áo Học Trò (Extended ver.),7UPPERCUTS,ROCK,TIER_B,True,False,0,,False,False,0,,False,0,0,,2019.0
RMVM_MB_97adbbb971,Tinder 101,7UPPERCUTS,ROCK,TIER_B,True,False,0,,False,False,0,,False,0,0,,2019.0
RMVM_MB_74fb45e5c7,Wave Alpha (Instrumental),7UPPERCUTS,ROCK,TIER_B,True,False,0,,False,False,0,,False,0,0,,2019.0
RMVM_MB_ac7ef67d7d,Wave Alpha,7UPPERCUTS,ROCK,TIER_B,True,False,0,,False,False,0,,False,0,0,,2019.0
RMVM_MB_042ffb9226,Đừng Yêu Người Nổi Tiếng (Piano Version),7UPPERCUTS,ROCK,TIER_B,True,False,0,,False,False,0,,False,0,0,,2024.0
RMVM_MB_555580d0e8,Ngắn ngủi,Thủy Triều Đỏ,ROCK,TIER_B,True,False,0,,False,False,0,,False,0,0,,2003.0
RMVM_MB_61b94d4ab1,Cái chết trắng,Thủy Triều Đỏ,ROCK,TIER_B,True,False,0,,False,False,0,,False,0,0,,2006.0
RMVM_MB_0a14a18db9,Giây phút uyên ương,Thủy Triều Đỏ,ROCK,TIER_B,True,False,0,,False,False,0,,False,0,0,,2006.0
RMVM_MB_2e41e7e67a,Nhịp sống,Thủy Triều Đỏ,ROCK,TIER_B,True,False,0,,False,False,0,,False,0,0,,2006.0
RMVM_MB_a6bb6bbdb2,Nơi tuổi thơ tôi qua,Thủy Triều Đỏ,ROCK,TIER_B,True,False,0,,False,False,0,,False,0,0,,2006.0
RMVM_MB_dde8f28c41,Đi nghỉ mát (instrumental),Thủy Triều Đỏ,ROCK,TIER_B,True,False,0,,False,False,0,,False,0,0,,2006.0
RMVM_MB_b896fa9edf,Urban Vibe,Re-Cycle,ROCK,TIER_B,True,False,0,,False,False,0,,False,0,0,,2001.0
RMVM_MB_6b9e6a3982,Cycle,Re-Cycle,ROCK,TIER_B,True,False,0,,False,False,0,,False,0,0,,1997.0
RMVM_MB_770a065cb9,Biển nhớ,Trịnh Công Sơn,NHAC_TRINH,TIER_B,True,False,0,,False,False,0,,False,0,0,,1996.0
RMVM_MB_eb5671b214,Cát bụi,Trịnh Công Sơn,NHAC_TRINH,TIER_B,True,False,0,,False,False,0,,False,0,0,,
RMVM_MB_442412b381,Ru em từng ngón xuân nồng,Trịnh Công Sơn,NHAC_TRINH,TIER_B,True,False,0,,False,False,0,,False,0,0,,
RMVM_MB_b6d41a8e4a,Như cánh vạc bay,Trịnh Công Sơn,NHAC_TRINH,TIER_B,True,False,0,,False,False,0,,False,0,0,,1997.0
RMVM_MB_63b0b1bb6a,Hoa Vàng Mấy Độ,Trịnh Công Sơn,NHAC_TRINH,TIER_B,True,False,0,,False,False,0,,False,0,0,,2011.0
RMVM_MB_f8fd7c7776,Yêu Dấu Tan Theo,Trịnh Công Sơn,NHAC_TRINH,TIER_B,True,False,0,,False,False,0,,False,0,0,,2011.0
RMVM_MB_184d346ef3,Chiếc Lá Thu Phai,Trịnh Công Sơn,NHAC_TRINH,TIER_B,True,False,0,,False,False,0,,False,0,0,,2020.0
RMVM_MB_e6c48f414d,Bên Đời Hiu Quạnh,Trịnh Công Sơn,NHAC_TRINH,TIER_B,True,False,0,,False,False,0,,False,0,0,,2011.0
RMVM_MB_fd9e96f607,Phúc âm buồn,Khánh Ly,NHAC_TRINH,TIER_B,True,False,0,,False,False,0,,False,0,0,,
RMVM_MB_1edd181741,Rừng xưa đã khép,Khánh Ly,NHAC_TRINH,TIER_B,True,False,0,,False,False,0,,False,0,0,,1994.0
RMVM_MB_d627b416f2,Lại gần với nhau,Khánh Ly,NHAC_TRINH,TIER_B,True,False,0,,False,False,0,,False,0,0,,
RMVM_MB_f22c39bf26,Tôi đang lắng nghe,Khánh Ly,NHAC_TRINH,TIER_B,True,False,0,,False,False,0,,False,0,0,,
RMVM_MB_f5a04a1869,Gia tài của mẹ,Khánh Ly,NHAC_TRINH,TIER_B,True,False,0,,False,False,0,,False,0,0,,
RMVM_MB_6c26b26226,Nghe những tàn phai,Khánh Ly,NHAC_TRINH,TIER_B,True,False,0,,False,False,0,,False,0,0,,1994.0
RMVM_MB_287f681517,Diễm Xưa,Khánh Ly,NHAC_TRINH,TIER_B,True,False,0,,False,False,0,,False,0,0,,
RMVM_MB_2fbff0b081,Như Cánh Vạc Bay,Khánh Ly,NHAC_TRINH,TIER_B,True,False,0,,False,False,0,,False,0,0,,1992.0
RMVM_MB_06eedf4b5f,Còn ai với ai,Trịnh Vĩnh Trinh,NHAC_TRINH,TIER_B,True,False,0,,False,False,0,,False,0,0,,1994.0
RMVM_MB_a51514c895,Chợt nghĩ về hai nơi,Trịnh Vĩnh Trinh,NHAC_TRINH,TIER_B,True,False,0,,False,False,0,,False,0,0,,1993.0
RMVM_MB_94172ced7a,Tình yêu và huyền thoại,Trịnh Vĩnh Trinh,NHAC_TRINH,TIER_B,True,False,0,,False,False,0,,False,0,0,,1993.0
RMVM_MB_d4efd563d6,Xin trả nợ người,Trịnh Vĩnh Trinh,NHAC_TRINH,TIER_B,True,False,0,,False,False,0,,False,0,0,,1991.0
RMVM_MB_ccb0967435,Vàng phai trước ngõ,Trịnh Vĩnh Trinh,NHAC_TRINH,TIER_B,True,False,0,,False,False,0,,False,0,0,,1991.0
RMVM_MB_79df136f54,Hôm nay tôi nghe,Trịnh Vĩnh Trinh,NHAC_TRINH,TIER_B,True,False,0,,False,False,0,,False,0,0,,1994.0
RMVM_MB_ad1dbc5d5c,Cho đời chút ơn,Trịnh Vĩnh Trinh,NHAC_TRINH,TIER_B,True,False,0,,False,False,0,,False,0,0,,1991.0
RMVM_MB_cdb8d63403,Tình khúc Ơ bai,Trịnh Vĩnh Trinh,NHAC_TRINH,TIER_B,True,False,0,,False,False,0,,False,0,0,,1991.0
RMVM_MB_3a25bc6a29,Dạ khúc,Cẩm Vân,NHAC_TRINH,TIER_B,True,False,0,,False,False,0,,False,0,0,,1996.0
RMVM_MB_87b3c61db6,Xin làm người hát rong,Cẩm Vân,NHAC_TRINH,TIER_B,True,False,0,,False,False,0,,False,0,0,,2001.0
RMVM_MB_b86d2603b3,Thành phố tình yêu và nỗi nhớ (karaoke),Cẩm Vân,NHAC_TRINH,TIER_B,True,False,0,,False,False,0,,False,0,0,,
RMVM_MB_139b0931ad,Mùa xuân,Cẩm Vân,NHAC_TRINH,TIER_B,True,False,0,,False,False,0,,False,0,0,,
RMVM_MB_1ffd453bda,Khi yêu xin chớ biệt ly,Cẩm Vân,NHAC_TRINH,TIER_B,True,False,0,,False,False,0,,False,0,0,,1998.0
RMVM_MB_b527bf49aa,Huyền thoại mẹ,Cẩm Vân,NHAC_TRINH,TIER_B,True,False,0,,False,False,0,,False,0,0,,2007.0
RMVM_MB_644eb454d5,Hà Nội mùa vắng những cơn mưa,Cẩm Vân,NHAC_TRINH,TIER_B,True,False,0,,False,False,0,,False,0,0,,1998.0
RMVM_MB_9780e01e8f,Nửa đời phóng đãng,Cẩm Vân,NHAC_TRINH,TIER_B,True,False,0,,False,False,0,,False,0,0,,1998.0
RMVM_MB_ae907d3afe,Nhớ,Quang Dũng,NHAC_TRINH,TIER_B,True,False,0,,False,False,0,,False,0,0,,2007.0
RMVM_MB_3cb0ef5f5e,Ru anh,Quang Dũng,NHAC_TRINH,TIER_B,True,False,0,,False,False,0,,False,0,0,,2004.0
RMVM_MB_4514abb224,Ru đời đi nhé,Quang Dũng,NHAC_TRINH,TIER_B,True,False,0,,False,False,0,,False,0,0,,2003.0
RMVM_MB_9f177324e0,Ru tình,Quang Dũng,NHAC_TRINH,TIER_B,True,False,0,,False,False,0,,False,0,0,,2003.0
RMVM_MB_2960db5d5f,Tưởng rằng đã quên,Quang Dũng,NHAC_TRINH,TIER_B,True,False,0,,False,False,0,,False,0,0,,2003.0
RMVM_MB_e14a9fdc44,Tình xa,Quang Dũng,NHAC_TRINH,TIER_B,True,False,0,,False,False,0,,False,0,0,,2003.0
RMVM_MB_0aba14383c,Bên đời hiu quạnh (với AC&M),Quang Dũng,NHAC_TRINH,TIER_B,True,False,0,,False,False,0,,False,0,0,,2003.0
RMVM_MB_e037c8e2fe,Trên tháng ngày đã qua,Quang Dũng,NHAC_TRINH,TIER_B,True,False,0,,False,False,0,,False,0,0,,2008.0
RMVM_MB_0ddad413ee,Gởi người em gái,Ánh Tuyết,NHAC_TRINH,TIER_B,True,False,0,,False,False,0,,False,0,0,,
RMVM_MB_0f40e3460b,Lạc bước,Ánh Tuyết,NHAC_TRINH,TIER_B,True,False,0,,False,False,0,,False,0,0,,
RMVM_MB_26bc45759a,Lệ nồng môi khô,Ánh Tuyết,NHAC_TRINH,TIER_B,True,False,0,,False,False,0,,False,0,0,,
RMVM_MB_4500e5ee5a,Về đi em,Ánh Tuyết,NHAC_TRINH,TIER_B,True,False,0,,False,False,0,,False,0,0,,
RMVM_MB_924b6df1d7,Đừng hỏi vì sao,Ánh Tuyết,NHAC_TRINH,TIER_B,True,False,0,,False,False,0,,False,0,0,,
RMVM_MB_31b80e71b8,Lời chim,Ánh Tuyết,NHAC_TRINH,TIER_B,True,False,0,,False,False,0,,False,0,0,,
RMVM_MB_08f8ef67f8,Đi tìm,Ánh Tuyết,NHAC_TRINH,TIER_B,True,False,0,,False,False,0,,False,0,0,,
RMVM_MB_5ead6e08d4,Bến xưa tình sầu,Ánh Tuyết,NHAC_TRINH,TIER_B,True,False,0,,False,False,0,,False,0,0,,
RMVM_MB_e5c2b3cb51,Hạt mưa buồn,Trần Thái Hòa,NHAC_TRINH,TIER_B,True,False,0,,False,False,0,,False,0,0,,2003.0
RMVM_MB_1ae47c4839,Bài không tên số 8,Trần Thái Hòa,NHAC_TRINH,TIER_B,True,False,0,,False,False,0,,False,0,0,,2002.0
RMVM_MB_4d07d14ff2,Hai năm tình lận đận,Trần Thái Hòa,NHAC_TRINH,TIER_B,True,False,0,,False,False,0,,False,0,0,,2003.0
RMVM_MB_5d2d409882,Nhạt nhòa,Trần Thái Hòa,NHAC_TRINH,TIER_B,True,False,0,,False,False,0,,False,0,0,,2002.0
RMVM_MB_707176bbc3,Mưa lệ,Trần Thái Hòa,NHAC_TRINH,TIER_B,True,False,0,,False,False,0,,False,0,0,,2004.0
RMVM_MB_0e3c5be2e3,Danh Thoi Gia Tu,Trần Thái Hòa,NHAC_TRINH,TIER_B,True,False,0,,False,False,0,,False,0,0,,
RMVM_MB_1933ad2c22,Vũng lầy của chúng ta,Trần Thái Hòa,NHAC_TRINH,TIER_B,True,False,0,,False,False,0,,False,0,0,,2006.0
RMVM_MB_f90085cf62,Đưa người tuyệt vọng,Trần Thái Hòa,NHAC_TRINH,TIER_B,True,False,0,,False,False,0,,False,0,0,,2006.0
RMVM_MB_4f21c54180,Tình yêu vĩnh viễn,Bảo Yến,NHAC_TRINH,TIER_B,True,False,0,,False,False,0,,False,0,0,,2018.0
RMVM_MB_3ba2208e1b,Tự tình mùa đông,Bảo Yến,NHAC_TRINH,TIER_B,True,False,0,,False,False,0,,False,0,0,,2018.0
RMVM_MB_e3b092daf3,Mùa đông của anh,Bảo Yến,NHAC_TRINH,TIER_B,True,False,0,,False,False,0,,False,0,0,,2008.0
RMVM_MB_243aaa6e2e,Dù chỉ một lần thôi,Bảo Yến,NHAC_TRINH,TIER_B,True,False,0,,False,False,0,,False,0,0,,2008.0
RMVM_MB_6deb71f9eb,Lâu đài tình ái,Bảo Yến,NHAC_TRINH,TIER_B,True,False,0,,False,False,0,,False,0,0,,2009.0
RMVM_MB_0bc13b72f5,Tình lỡ,Bảo Yến,NHAC_TRINH,TIER_B,True,False,0,,False,False,0,,False,0,0,,2015.0
RMVM_MB_6bee123ad6,Cho em quên tuổi ngọc,Bảo Yến,NHAC_TRINH,TIER_B,True,False,0,,False,False,0,,False,0,0,,2015.0
RMVM_MB_e68baa1928,Hai phương trời cách biệt,Bảo Yến,NHAC_TRINH,TIER_B,True,False,0,,False,False,0,,False,0,0,,2018.0
RMVM_MB_2bb09ce051,Nghệ sĩ với cây đàn,Trọng Tấn,REVOLUTIONARY,TIER_B,True,False,0,,False,False,0,,False,0,0,,2001.0
RMVM_MB_2a5e7fa464,Mong về Hà Nội,Trọng Tấn,REVOLUTIONARY,TIER_B,True,False,0,,False,False,0,,False,0,0,,2010.0
RMVM_MB_f45ebc673e,Hà Nội tình yêu tôi,Trọng Tấn,REVOLUTIONARY,TIER_B,True,False,0,,False,False,0,,False,0,0,,2010.0
RMVM_MB_6fa8c7f7d1,Nhớ đêm giã bạn,Trọng Tấn,REVOLUTIONARY,TIER_B,True,False,0,,False,False,0,,False,0,0,,2012.0
RMVM_MB_c3c0f4a680,Thành phố hoa phượng đỏ,Trọng Tấn,REVOLUTIONARY,TIER_B,True,False,0,,False,False,0,,False,0,0,,2012.0
RMVM_MB_4ba1e06ab9,Sapa thành phố trong sương,Trọng Tấn,REVOLUTIONARY,TIER_B,True,False,0,,False,False,0,,False,0,0,,2012.0
RMVM_MB_c47a25ca33,Tiếng hò trên đất nghệ an,Trọng Tấn,REVOLUTIONARY,TIER_B,True,False,0,,False,False,0,,False,0,0,,2012.0
RMVM_MB_e1439faeb9,Tình ca Tây Bắc,Trọng Tấn,REVOLUTIONARY,TIER_B,True,False,0,,False,False,0,,False,0,0,,2002.0
RMVM_MB_97c49f2eaa,Đất nước trọn niềm vui,Đăng Dương,REVOLUTIONARY,TIER_B,True,False,0,,False,False,0,,False,0,0,,2005.0
RMVM_MB_0dd9417089,Chiếc gậy Trường Sơn,Đăng Dương,REVOLUTIONARY,TIER_B,True,False,0,,False,False,0,,False,0,0,,2005.0
RMVM_MB_4a610bf450,Gửi nắng cho em,Đăng Dương,REVOLUTIONARY,TIER_B,True,False,0,,False,False,0,,False,0,0,,2005.0
RMVM_MB_fc765b0544,Hà Nội niềm tin hy vọng,Đăng Dương,REVOLUTIONARY,TIER_B,True,False,0,,False,False,0,,False,0,0,,2005.0
RMVM_MB_26281dbc8f,Tôi là người thợ lò,Đăng Dương,REVOLUTIONARY,TIER_B,True,False,0,,False,False,0,,False,0,0,,2005.0
RMVM_MB_875e472832,Tình em,Đăng Dương,REVOLUTIONARY,TIER_B,True,False,0,,False,False,0,,False,0,0,,2010.0
RMVM_MB_ef821491e7,Hò biển,Đăng Dương,REVOLUTIONARY,TIER_B,True,False,0,,False,False,0,,False,0,0,,2005.0
RMVM_MB_aa38ae9943,Những ánh sao đêm,Đăng Dương,REVOLUTIONARY,TIER_B,True,False,0,,False,False,0,,False,0,0,,2010.0
RMVM_MB_eabb7cf700,Hoa sim biên giới,Việt Hoàn,REVOLUTIONARY,TIER_B,True,False,0,,False,False,0,,False,0,0,,2013.0
RMVM_MB_4d859840bf,Tình đồng chí,Việt Hoàn,REVOLUTIONARY,TIER_B,True,False,0,,False,False,0,,False,0,0,,2013.0
RMVM_MB_e7ed46e792,Thơ tình lính biển,Việt Hoàn,REVOLUTIONARY,TIER_B,True,False,0,,False,False,0,,False,0,0,,2013.0
RMVM_MB_f8fd253f9e,Hương thầm,Việt Hoàn,REVOLUTIONARY,TIER_B,True,False,0,,False,False,0,,False,0,0,,2013.0
RMVM_MB_b99b5f7cc7,Nghiêng chiều Đà Lạt,Việt Hoàn,REVOLUTIONARY,TIER_B,True,False,0,,False,False,0,,False,0,0,,
RMVM_MB_8b3b3e082f,Tôi là Lê anh nuôi,Việt Hoàn,REVOLUTIONARY,TIER_B,True,False,0,,False,False,0,,False,0,0,,2010.0
RMVM_MB_ce8a975b68,Anh lính tình nguyện và điệu múa Apsara,Việt Hoàn,REVOLUTIONARY,TIER_B,True,False,0,,False,False,0,,False,0,0,,2013.0
RMVM_MB_228e458d44,Khúc hát chia xa,Việt Hoàn,REVOLUTIONARY,TIER_B,True,False,0,,False,False,0,,False,0,0,,2013.0
RMVM_MB_df73f5ba40,Tổ Quốc,Quang Thọ,REVOLUTIONARY,TIER_B,True,False,0,,False,False,0,,False,0,0,,2001.0
RMVM_MB_9077c0ca01,Sông Lô,Quang Thọ,REVOLUTIONARY,TIER_B,True,False,0,,False,False,0,,False,0,0,,2001.0
RMVM_MB_cfb1af0057,Ca ngợi Hồ Chủ Tịch,Quang Thọ,REVOLUTIONARY,TIER_B,True,False,0,,False,False,0,,False,0,0,,2001.0
RMVM_MB_301d93adcb,Tổ quốc tôi chưa đẹp thế bao giờ,Quang Thọ,REVOLUTIONARY,TIER_B,True,False,0,,False,False,0,,False,0,0,,2001.0
RMVM_MB_4250eaed59,Người là niềm tin tất thắng,Quang Thọ,REVOLUTIONARY,TIER_B,True,False,0,,False,False,0,,False,0,0,,
RMVM_MB_9d20abd51e,Ta tự hào đi lên ôi Việt Nam!,Quang Thọ,REVOLUTIONARY,TIER_B,True,False,0,,False,False,0,,False,0,0,,2001.0
RMVM_MB_83bb072e42,Lá đỏ,Quang Thọ,REVOLUTIONARY,TIER_B,True,False,0,,False,False,0,,False,0,0,,1997.0
RMVM_MB_93e074ca79,Người chiến sỹ ấy,Quang Thọ,REVOLUTIONARY,TIER_B,True,False,0,,False,False,0,,False,0,0,,2001.0
RMVM_MB_798d7cbebb,Nguoc dong Huong Giang,Thu Hiền,REVOLUTIONARY,TIER_B,True,False,0,,False,False,0,,False,0,0,,
RMVM_MB_10abd415d9,Mat Hue xua,Thu Hiền,REVOLUTIONARY,TIER_B,True,False,0,,False,False,0,,False,0,0,,
RMVM_MB_f7dcb3e5ac,Dem tan ben Ngu,Thu Hiền,REVOLUTIONARY,TIER_B,True,False,0,,False,False,0,,False,0,0,,
RMVM_MB_6300f11911,Gap Hue dem trang,Thu Hiền,REVOLUTIONARY,TIER_B,True,False,0,,False,False,0,,False,0,0,,
RMVM_MB_2795d0813a,Câu đợi câu chờ,Thu Hiền,REVOLUTIONARY,TIER_B,True,False,0,,False,False,0,,False,0,0,,2007.0
RMVM_MB_b8e7210b40,Mua thom pho Hue,Thu Hiền,REVOLUTIONARY,TIER_B,True,False,0,,False,False,0,,False,0,0,,
RMVM_MB_0246dfd5c8,Gui Hue,Thu Hiền,REVOLUTIONARY,TIER_B,True,False,0,,False,False,0,,False,0,0,,
RMVM_MB_e77416a8c8,Câu chuyện nhỏ của tôi,Thanh Hoa,REVOLUTIONARY,TIER_B,True,False,0,,False,False,0,,False,0,0,,1998.0
RMVM_MB_1f038d4a45,Bác Hồ một tình yêu bao la,Thanh Hoa,REVOLUTIONARY,TIER_B,True,False,0,,False,False,0,,False,0,0,,
RMVM_MB_8d2f1db305,Đêm nghe hát đò đưa nhớ Bác,Thanh Hoa,REVOLUTIONARY,TIER_B,True,False,0,,False,False,0,,False,0,0,,
RMVM_MB_c6175f54dc,Tiễn Khách,Bích Phượng,REVOLUTIONARY,TIER_B,True,False,0,,False,False,0,,False,0,0,,2018.0
RMVM_MB_aae52edd80,Nói Thương Nhau Đừng Làm Trái Tim Em Đau,Bích Phượng,REVOLUTIONARY,TIER_B,True,False,0,,False,False,0,,False,0,0,,2018.0
RMVM_MB_603d833a0d,Em Muốn,Bích Phượng,REVOLUTIONARY,TIER_B,True,False,0,,False,False,0,,False,0,0,,2015.0
RMVM_MB_52cd82b3ac,Em Không Tin,Bích Phượng,REVOLUTIONARY,TIER_B,True,False,0,,False,False,0,,False,0,0,,2015.0
RMVM_MB_4ab8826884,Chỉ Là Em Giấu Đi,Bích Phượng,REVOLUTIONARY,TIER_B,True,False,0,,False,False,0,,False,0,0,,2015.0
RMVM_MB_76e62cfcbe,Có Lẽ Em - Instrumental,Bích Phượng,REVOLUTIONARY,TIER_B,True,False,0,,False,False,0,,False,0,0,,2015.0
RMVM_MB_e3d625f98f,Em Đã Sai Vì Em Tin,Bích Phượng,REVOLUTIONARY,TIER_B,True,False,0,,False,False,0,,False,0,0,,2015.0
RMVM_MB_49149053a6,Gió Thoảng,Bích Phượng,REVOLUTIONARY,TIER_B,True,False,0,,False,False,0,,False,0,0,,2015.0
RMVM_MB_3f62403637,Em Và Tôi,Vũ Thắng Lợi,REVOLUTIONARY,TIER_B,True,False,0,,False,False,0,,False,0,0,,2023.0
RMVM_MB_172872e945,Ấm tình quê Bác,Anh Thơ,REVOLUTIONARY,TIER_B,True,False,0,,False,False,0,,False,0,0,,
RMVM_MB_72284f95e0,Hà Tĩnh quê mình,Anh Thơ,REVOLUTIONARY,TIER_B,True,False,0,,False,False,0,,False,0,0,,2010.0
RMVM_MB_734a623d84,Ninh Bình quê mẹ,Anh Thơ,REVOLUTIONARY,TIER_B,True,False,0,,False,False,0,,False,0,0,,2010.0
RMVM_MB_2bbec86533,Suối Mường Hum còn chảy mãi,Anh Thơ,REVOLUTIONARY,TIER_B,True,False,0,,False,False,0,,False,0,0,,2010.0
RMVM_MB_688dddfabc,Mùa chim én bay,Anh Thơ,REVOLUTIONARY,TIER_B,True,False,0,,False,False,0,,False,0,0,,
RMVM_MB_196aaa18c4,Nghệ Tĩnh mình đây,Anh Thơ,REVOLUTIONARY,TIER_B,True,False,0,,False,False,0,,False,0,0,,
RMVM_MB_23f5618fe4,Bèo dạt mây trôi,Anh Thơ,REVOLUTIONARY,TIER_B,True,False,0,,False,False,0,,False,0,0,,
RMVM_MB_a514019e5a,Chiếc đàn môi,Anh Thơ,REVOLUTIONARY,TIER_B,True,False,0,,False,False,0,,False,0,0,,
RMVM_MB_5a68a0d680,Trở về,Tân Nhàn,REVOLUTIONARY,TIER_B,True,False,0,,False,False,0,,False,0,0,,2013.0
RMVM_MB_fa9926bba3,Chiều nắng,Tân Nhàn,REVOLUTIONARY,TIER_B,True,False,0,,False,False,0,,False,0,0,,2013.0
RMVM_MB_0e640857e4,Trăng khuyết,Tân Nhàn,REVOLUTIONARY,TIER_B,True,False,0,,False,False,0,,False,0,0,,2001.0
RMVM_MB_abff100170,Tiếng hát sông Lam,Tân Nhàn,REVOLUTIONARY,TIER_B,True,False,0,,False,False,0,,False,0,0,,2001.0
RMVM_MB_0440bf1d4f,Giã bạn đêm trăng,Tân Nhàn,REVOLUTIONARY,TIER_B,True,False,0,,False,False,0,,False,0,0,,2001.0
RMVM_MB_cd9b0740cf,Thu Bồn ơi,Tân Nhàn,REVOLUTIONARY,TIER_B,True,False,0,,False,False,0,,False,0,0,,2013.0
RMVM_MB_dccfc2c9e7,Bến đợi,Tân Nhàn,REVOLUTIONARY,TIER_B,True,False,0,,False,False,0,,False,0,0,,2013.0
RMVM_MB_0fa8e4e059,Điều không thể mất,Tân Nhàn,REVOLUTIONARY,TIER_B,True,False,0,,False,False,0,,False,0,0,,2013.0
RMVM_MB_096f10b94e,Thủy Triều,Quang Hưng,REVOLUTIONARY,TIER_B,True,False,0,,False,False,0,,False,0,0,,2024.0
RMVM_MB_6f7bb85a68,Dễ Đến Dễ Đi,Quang Hưng,REVOLUTIONARY,TIER_B,True,False,0,,False,False,0,,False,0,0,,2020.0
RMVM_MB_bc97671fc2,TRÓI EM LẠI,Quang Hưng,REVOLUTIONARY,TIER_B,True,False,0,,False,False,0,,False,0,0,,2024.0
RMVM_MB_fc50ccf8b5,TÌNH ĐẦU QUÁ CHÉN,Quang Hưng,REVOLUTIONARY,TIER_B,True,False,0,,False,False,0,,False,0,0,,2024.0
RMVM_MB_3e4808f39b,Chợt Nhìn Nhau,Vũ.,RB_SOUL,TIER_B,True,False,0,,False,False,0,,False,0,0,,2022.0
RMVM_MB_267b893e99,Xin Phép Được Cô Đơn,Vũ.,RB_SOUL,TIER_B,True,False,0,,False,False,0,,False,0,0,,2019.0
RMVM_MB_ce5a277295,Phút Ban Đầu,Vũ.,RB_SOUL,TIER_B,True,False,0,,False,False,0,,False,0,0,,2013.0
RMVM_MB_69bea329d4,Có Thể Là Tại Sao?,Vũ.,RB_SOUL,TIER_B,True,False,0,,False,False,0,,False,0,0,,2024.0
RMVM_MB_b55e59d732,Cô Ta,Vũ.,RB_SOUL,TIER_B,True,False,0,,False,False,0,,False,0,0,,2022.0
RMVM_MB_d9abe73774,Bước Qua Nhau,Vũ.,RB_SOUL,TIER_B,True,False,0,,False,False,0,,False,0,0,,2022.0
RMVM_MB_d319b5810d,Sau Chia Tay Ta Còn Gì?,Vũ.,RB_SOUL,TIER_B,True,False,0,,False,False,0,,False,0,0,,2022.0
RMVM_MB_1e1d728a87,"Hành Tinh Song Song, Pt. 2",Vũ.,RB_SOUL,TIER_B,True,False,0,,False,False,0,,False,0,0,,2019.0
RMVM_MB_b2ec1bf641,Vì (Special Music Night Ver),Marzuz,RB_SOUL,TIER_B,True,False,0,,False,False,0,,False,0,0,,2024.0
RMVM_MB_c9396c8e9f,Và Thế Giới Đã Mất Đi Một Người Cô Đơn,Marzuz,RB_SOUL,TIER_B,True,False,0,,False,False,0,,False,0,0,,2024.0
RMVM_MB_335d3204bf,Baby,Marzuz,RB_SOUL,TIER_B,True,False,0,,False,False,0,,False,0,0,,2026.0
RMVM_MB_4ef42a5c11,Yêu,Marzuz,RB_SOUL,TIER_B,True,False,0,,False,False,0,,False,0,0,,2024.0
RMVM_MB_69516788c6,Ngồi Chờ Trong Vấn Vương,Mỹ Anh,RB_SOUL,TIER_B,True,False,0,,False,False,0,,False,0,0,,2024.0
RMVM_MB_6691e91f9c,Cơn bão,Mỹ Anh,RB_SOUL,TIER_B,True,False,0,,False,False,0,,False,0,0,,2011.0
RMVM_MB_902b29c1d5,Memories,Orange,RB_SOUL,TIER_B,True,False,0,,False,False,0,,False,0,0,,
RMVM_MB_20cb6f6206,Les lois de l'étiquette,Orange,RB_SOUL,TIER_B,True,False,0,,False,False,0,,False,0,0,,2009.0
RMVM_MB_958ff8e2d1,L'ABC de la séduction,Orange,RB_SOUL,TIER_B,True,False,0,,False,False,0,,False,0,0,,2011.0
RMVM_MB_fe567ea3b4,Docteur,Orange,RB_SOUL,TIER_B,True,False,0,,False,False,0,,False,0,0,,2011.0
RMVM_MB_5afc8c8701,Albator,Orange,RB_SOUL,TIER_B,True,False,0,,False,False,0,,False,0,0,,2011.0
RMVM_MB_99bf83f8df,Toi et moi,Orange,RB_SOUL,TIER_B,True,False,0,,False,False,0,,False,0,0,,2011.0
RMVM_MB_e456ecaac0,Rototom Party Girl,Orange,RB_SOUL,TIER_B,True,False,0,,False,False,0,,False,0,0,,2011.0
RMVM_MB_691988b7ed,Je danse dans ma tête,Orange,RB_SOUL,TIER_B,True,False,0,,False,False,0,,False,0,0,,2009.0
RMVM_MB_d7a6677ad3,Để Ý,Wren Evans,RB_SOUL,TIER_B,True,False,0,,False,False,0,,False,0,0,,2024.0
RMVM_MB_95d8e1adfe,Call Me,Wren Evans,RB_SOUL,TIER_B,True,False,0,,False,False,0,,False,0,0,,2023.0
RMVM_MB_2fbbae8b53,I Just Wanna Know,Wren Evans,RB_SOUL,TIER_B,True,False,0,,False,False,0,,False,0,0,,2021.0
RMVM_MB_0a7347b3c4,Thích Em Hơi Nhiều,Wren Evans,RB_SOUL,TIER_B,True,False,0,,False,False,0,,False,0,0,,2021.0
RMVM_MB_4ebd560d89,Gặp May,Wren Evans,RB_SOUL,TIER_B,True,False,0,,False,False,0,,False,0,0,,2022.0
RMVM_MB_747ad780d1,Cơn Đau,Wren Evans,RB_SOUL,TIER_B,True,False,0,,False,False,0,,False,0,0,,2022.0
RMVM_MB_c2efb82adb,TỪNG QUEN,Wren Evans,RB_SOUL,TIER_B,True,False,0,,False,False,0,,False,0,0,,2023.0
RMVM_MB_0db8b75bbd,Cầu Vĩnh Tuy,Wren Evans,RB_SOUL,TIER_B,True,False,0,,False,False,0,,False,0,0,,2024.0
RMVM_MB_c01ad9ccde,Là Con Gái Phải Xinh,Kimmese,RB_SOUL,TIER_B,True,False,0,,False,False,0,,False,0,0,,2017.0
RMVM_MB_ed59096c91,Fall in Love (chill version),Kimmese,RB_SOUL,TIER_B,True,False,0,,False,False,0,,False,0,0,,2018.0
RMVM_MB_2ebeae1701,Fall in Love,Kimmese,RB_SOUL,TIER_B,True,False,0,,False,False,0,,False,0,0,,2018.0
RMVM_MB_1b42eb6748,thật tình,Kimmese,RB_SOUL,TIER_B,True,False,0,,False,False,0,,False,0,0,,2023.0
RMVM_MB_fee2002ef6,Confidence (How to Suck but Make People Think You Are Great),Kimmese,RB_SOUL,TIER_B,True,False,0,,False,False,0,,False,0,0,,2016.0
RMVM_MB_2f2a09ffe7,Ghé Thăm,Kimmese,RB_SOUL,TIER_B,True,False,0,,False,False,0,,False,0,0,,2016.0
RMVM_MB_63807320a7,Chỉ Cần Em Muốn,Kimmese,RB_SOUL,TIER_B,True,False,0,,False,False,0,,False,0,0,,2026.0
RMVM_MB_968cfd41fc,One Shot,Kimmese,RB_SOUL,TIER_B,True,False,0,,False,False,0,,False,0,0,,2026.0
RMVM_MB_d9d60c9d24,Contacto,Erik,RB_SOUL,TIER_B,True,False,0,,False,False,0,,False,0,0,,2008.0
RMVM_MB_80070f0da7,Painted on the Wall,Erik,RB_SOUL,TIER_B,True,False,0,,False,False,0,,False,0,0,,1967.0
RMVM_MB_86d76fb7e5,Be Off Man,Erik,RB_SOUL,TIER_B,True,False,0,,False,False,0,,False,0,0,,1967.0
RMVM_MB_c70736f866,Border cross,Erik,RB_SOUL,TIER_B,True,False,0,,False,False,0,,False,0,0,,2010.0
RMVM_MB_422c820c57,The Devil and the Deep Blue Sea (Safe Hands and Gold mix),Erik,RB_SOUL,TIER_B,True,False,0,,False,False,0,,False,0,0,,1993.0
RMVM_MB_5fb5e605b2,Mitt hjärta tillhör dig,Erik,RB_SOUL,TIER_B,True,False,0,,False,False,0,,False,0,0,,1996.0
RMVM_MB_55dffe2d1c,När får jag se dig igen,Erik,RB_SOUL,TIER_B,True,False,0,,False,False,0,,False,0,0,,1996.0
RMVM_MB_b194bf0e28,Alexander Bell,Erik,RB_SOUL,TIER_B,True,False,0,,False,False,0,,False,0,0,,1967.0
RMVM_MB_0c407efdad,Nobody,Vũ Cát Tường,RB_SOUL,TIER_B,True,False,0,,False,False,0,,False,0,0,,2018.0
RMVM_MB_0bbb807e96,Yêu Xa,Vũ Cát Tường,RB_SOUL,TIER_B,True,False,0,,False,False,0,,False,0,0,,2014.0
RMVM_MB_17ca181ff1,Đông,Vũ Cát Tường,RB_SOUL,TIER_B,True,False,0,,False,False,0,,False,0,0,,2014.0
RMVM_MB_7198e13927,Vô Cực,Vũ Cát Tường,RB_SOUL,TIER_B,True,False,0,,False,False,0,,False,0,0,,2023.0
RMVM_MB_f26f6d5c43,Hư Vô,Vũ Cát Tường,RB_SOUL,TIER_B,True,False,0,,False,False,0,,False,0,0,,2023.0
RMVM_MB_5085e7ffea,Có Người,Vũ Cát Tường,RB_SOUL,TIER_B,True,False,0,,False,False,0,,False,0,0,,2023.0
RMVM_MB_8849d71037,One Second,Vũ Cát Tường,RB_SOUL,TIER_B,True,False,0,,False,False,0,,False,0,0,,2023.0
RMVM_MB_77f0d893e2,One Second (Unplugged),Vũ Cát Tường,RB_SOUL,TIER_B,True,False,0,,False,False,0,,False,0,0,,2023.0
RMVM_MB_be704a21ca,"Etude in A minor, op. 25 no. 4",Đặng Thái Sơn,INSTRUMENTAL,TIER_B,True,False,0,,False,False,0,,False,0,0,,2010.0
RMVM_MB_c609fe4a99,No.10 in F minor OP.71-3,Đặng Thái Sơn,INSTRUMENTAL,TIER_B,True,False,0,,False,False,0,,False,0,0,,2008.0
RMVM_MB_4e4f8aa1d2,No.5 in F sharp minor OP.44,Đặng Thái Sơn,INSTRUMENTAL,TIER_B,True,False,0,,False,False,0,,False,0,0,,2008.0
RMVM_MB_1f3ee82afe,"Chopin: Barcarolle in F-sharp Major, Op. 60",Đặng Thái Sơn,INSTRUMENTAL,TIER_B,True,False,0,,False,False,0,,False,0,0,,1996.0
RMVM_MB_4e101f4338,No.2 in E flat minor OP.26-2,Đặng Thái Sơn,INSTRUMENTAL,TIER_B,True,False,0,,False,False,0,,False,0,0,,2008.0
RMVM_MB_a39fff60c0,No.4 in C minor OP.40-2,Đặng Thái Sơn,INSTRUMENTAL,TIER_B,True,False,0,,False,False,0,,False,0,0,,2008.0
RMVM_MB_b48e86db7c,"Berceuse in D-flat major, op. 57",Đặng Thái Sơn,INSTRUMENTAL,TIER_B,True,False,0,,False,False,0,,False,0,0,,1993.0
RMVM_MB_10f035ddac,"Nocturne no. 2 in E-flat major, op. 9 no. 2",Đặng Thái Sơn,INSTRUMENTAL,TIER_B,True,False,0,,False,False,0,,False,0,0,,1993.0
RMVM_MB_56374b713d,2025´,Hải Phượng,INSTRUMENTAL,TIER_B,True,False,0,,False,False,0,,False,0,0,,2025.0
RMVM_MB_ddd92663d5,Con Tàu,Hải Phượng,INSTRUMENTAL,TIER_B,True,False,0,,False,False,0,,False,0,0,,2025.0
RMVM_MB_ce2a82831b,Chuồn chuồn xanh,Hải Phượng,INSTRUMENTAL,TIER_B,True,False,0,,False,False,0,,False,0,0,,2019.0
RMVM_MB_5b99bc9d30,Vong cô (Nostalgie du passé),Hải Phượng,INSTRUMENTAL,TIER_B,True,False,0,,False,False,0,,False,0,0,,1994.0
RMVM_MB_71b24de82c,"Ngu dôi ha (Cinq réponses, deuxième pièce)",Hải Phượng,INSTRUMENTAL,TIER_B,True,False,0,,False,False,0,,False,0,0,,1994.0
RMVM_MB_dd682118e9,Tinh ca miên Nam (Chant d’amour de la région du Sud),Hải Phượng,INSTRUMENTAL,TIER_B,True,False,0,,False,False,0,,False,0,0,,1994.0
RMVM_MB_7afe71ca8d,Vỡ mộng ân tình,Hải Phượng,INSTRUMENTAL,TIER_B,True,False,0,,False,False,0,,False,0,0,,2019.0
RMVM_MB_a28fc61db9,Tinh ca dât Bac (Chant d’amour du pays du Nord),Hải Phượng,INSTRUMENTAL,TIER_B,True,False,0,,False,False,0,,False,0,0,,1994.0
RMVM_MB_dbc248c425,Vọng cổ,Kim Sinh,INSTRUMENTAL,TIER_B,True,False,0,,False,False,0,,False,0,0,,2003.0
RMVM_MB_b9bca543ce,Phụng cầu hoàng,Kim Sinh,INSTRUMENTAL,TIER_B,True,False,0,,False,False,0,,False,0,0,,1991.0
RMVM_MB_e70d449f07,Xãng xê – Vọng cổ,Kim Sinh,INSTRUMENTAL,TIER_B,True,False,0,,False,False,0,,False,0,0,,2003.0
RMVM_MB_713d1b99b2,Khuc Tah Tinh Ha Tinh,Kim Sinh,INSTRUMENTAL,TIER_B,True,False,0,,False,False,0,,False,0,0,,1992.0
RMVM_MB_e3e997b3b5,Medley: Khong Minh Toa Lau / Ly Ngua O / Kim Tien Bao / Nam Ai,Kim Sinh,INSTRUMENTAL,TIER_B,True,False,0,,False,False,0,,False,0,0,,1992.0
RMVM_MB_8516e6f465,Sỏn Đông lử hướng mã – Trạng nguyên hành lộ – Mẫu tam tử,Kim Sinh,INSTRUMENTAL,TIER_B,True,False,0,,False,False,0,,False,0,0,,2003.0
RMVM_MB_f70ac279ac,Kieu,Kim Sinh,INSTRUMENTAL,TIER_B,True,False,0,,False,False,0,,False,0,0,,1992.0
RMVM_MB_97a3833471,Truong Tuong Tu,Kim Sinh,INSTRUMENTAL,TIER_B,True,False,0,,False,False,0,,False,0,0,,1992.0
RMVM_MB_ae8c587b42,Zamora,Nguyễn Lê,INSTRUMENTAL,TIER_B,True,False,0,,False,False,0,,False,0,0,,2005.0
RMVM_MB_1e68835848,La Parfum,Nguyễn Lê,INSTRUMENTAL,TIER_B,True,False,0,,False,False,0,,False,0,0,,1997.0
RMVM_MB_b86d60712e,Bee,Nguyễn Lê,INSTRUMENTAL,TIER_B,True,False,0,,False,False,0,,False,0,0,,2005.0
RMVM_MB_aaad652523,Idoma,Nguyễn Lê,INSTRUMENTAL,TIER_B,True,False,0,,False,False,0,,False,0,0,,1997.0
RMVM_MB_41782d441a,Are You Experienced,Nguyễn Lê,INSTRUMENTAL,TIER_B,True,False,0,,False,False,0,,False,0,0,,2002.0
RMVM_MB_dcf12ef8de,Third Stone from the Sun,Nguyễn Lê,INSTRUMENTAL,TIER_B,True,False,0,,False,False,0,,False,0,0,,2002.0
RMVM_MB_94d6d068e4,Burning of the Midnight Lamp,Nguyễn Lê,INSTRUMENTAL,TIER_B,True,False,0,,False,False,0,,False,0,0,,2002.0
RMVM_MB_4c991199af,Three Trios - Silk,Nguyễn Lê,INSTRUMENTAL,TIER_B,True,False,0,,False,False,0,,False,0,0,,1997.0
RMVM_MB_2e2e3f17f1,Chàm Islands,Hoàng Tuấn,INSTRUMENTAL,TIER_B,True,False,0,,False,False,0,,False,0,0,,2025.0
RMVM_MB_ddb5253536,Đông Ba Market,Hoàng Tuấn,INSTRUMENTAL,TIER_B,True,False,0,,False,False,0,,False,0,0,,2025.0
RMVM_MB_e94645c07c,Diệu lý qua cầu,Trần Mạnh Tuấn,INSTRUMENTAL,TIER_B,True,False,0,,False,False,0,,False,0,0,,2008.0
RMVM_MB_8a8c8c112e,Chiều tím,Trần Mạnh Tuấn,INSTRUMENTAL,TIER_B,True,False,0,,False,False,0,,False,0,0,,2006.0
RMVM_MB_5b2d57aadb,Ru con Nam Bộ,Trần Mạnh Tuấn,INSTRUMENTAL,TIER_B,True,False,0,,False,False,0,,False,0,0,,2008.0
RMVM_MB_4c33797d26,Lá thư,Trần Mạnh Tuấn,INSTRUMENTAL,TIER_B,True,False,0,,False,False,0,,False,0,0,,2006.0
RMVM_MB_b1e3651e94,Gửi gió cho mây ngàn bay,Trần Mạnh Tuấn,INSTRUMENTAL,TIER_B,True,False,0,,False,False,0,,False,0,0,,2006.0
RMVM_MB_f4eaa6aa92,Cát bụi,Trần Mạnh Tuấn,INSTRUMENTAL,TIER_B,True,False,0,,False,False,0,,False,0,0,,2001.0
RMVM_MB_87cc395359,Mưa rơi,Trần Mạnh Tuấn,INSTRUMENTAL,TIER_B,True,False,0,,False,False,0,,False,0,0,,2006.0
RMVM_MB_c4a6607fd3,Inh lả ơi,Trần Mạnh Tuấn,INSTRUMENTAL,TIER_B,True,False,0,,False,False,0,,False,0,0,,2006.0
RMVM_MB_d6cceb302e,Thương nhau ngày mưa,Thúy Hường,FOLK_TRADITIONAL,TIER_B,True,False,0,,False,False,0,,False,0,0,,2011.0
RMVM_MB_995f29f493,I'll Be Okay,Thúy Hường,FOLK_TRADITIONAL,TIER_B,True,False,0,,False,False,0,,False,0,0,,2005.0
RMVM_MB_e579d5f87e,"Thương Nhau Ngày Mưa, Một Giấc Mơ",Thúy Hường,FOLK_TRADITIONAL,TIER_B,True,False,0,,False,False,0,,False,0,0,,
RMVM_MB_77ca79dd69,Cho anh xin số nhà,Thúy Hường,FOLK_TRADITIONAL,TIER_B,True,False,0,,False,False,0,,False,0,0,,2006.0
RMVM_MB_c3b9dcc7ef,Calling for a Boat to Cross the River (vocal solo),Thúy Hường,FOLK_TRADITIONAL,TIER_B,True,False,0,,False,False,0,,False,0,0,,
RMVM_MB_6ea5b908e2,I can lose my heart tonight - Are you man enough,Thúy Hường,FOLK_TRADITIONAL,TIER_B,True,False,0,,False,False,0,,False,0,0,,2014.0
RMVM_MB_4835aa5563,Cai Tram Em Cai,Thúy Hường,FOLK_TRADITIONAL,TIER_B,True,False,0,,False,False,0,,False,0,0,,2019.0
RMVM_MB_4579526667,Medley CC Catch,Thúy Hường,FOLK_TRADITIONAL,TIER_B,True,False,0,,False,False,0,,False,0,0,,
RMVM_MB_7839598bd4,Đêm phương nam nghe câu hò Huế,Vân Khánh,FOLK_TRADITIONAL,TIER_B,True,False,0,,False,False,0,,False,0,0,,2007.0
RMVM_MB_4c0da85a50,Tóc mây,Vân Khánh,FOLK_TRADITIONAL,TIER_B,True,False,0,,False,False,0,,False,0,0,,
RMVM_MB_a04ebf7dcd,Trống vắng,Vân Khánh,FOLK_TRADITIONAL,TIER_B,True,False,0,,False,False,0,,False,0,0,,
RMVM_MB_f68d369c11,Biển cạn,Vân Khánh,FOLK_TRADITIONAL,TIER_B,True,False,0,,False,False,0,,False,0,0,,
RMVM_MB_4d6e2094d1,Sóng về đâu,Vân Khánh,FOLK_TRADITIONAL,TIER_B,True,False,0,,False,False,0,,False,0,0,,
RMVM_MB_1ab8ca796d,Có khi nào,Vân Khánh,FOLK_TRADITIONAL,TIER_B,True,False,0,,False,False,0,,False,0,0,,
RMVM_MB_048eeb1c5d,Trái tim lầm lỡ,Vân Khánh,FOLK_TRADITIONAL,TIER_B,True,False,0,,False,False,0,,False,0,0,,
RMVM_MB_3073bd6084,Tình sử Huyền Trân,Vân Khánh,FOLK_TRADITIONAL,TIER_B,True,False,0,,False,False,0,,False,0,0,,2008.0
RMVM_MB_916f5f248e,Người Tình,Hương Lan,FOLK_TRADITIONAL,TIER_B,True,False,0,,False,False,0,,False,0,0,,1990.0
RMVM_MB_9e07e25573,Để Trả Lời Một Câu Hỏi,Hương Lan,FOLK_TRADITIONAL,TIER_B,True,False,0,,False,False,0,,False,0,0,,1992.0
RMVM_MB_e8112cfc6a,Khối tình Trương Chi,Hương Lan,FOLK_TRADITIONAL,TIER_B,True,False,0,,False,False,0,,False,0,0,,1990.0
RMVM_MB_061e6c18eb,Từ đó em buồn,Hương Lan,FOLK_TRADITIONAL,TIER_B,True,False,0,,False,False,0,,False,0,0,,1991.0
RMVM_MB_0834dc92e4,Tình đầu,Hương Lan,FOLK_TRADITIONAL,TIER_B,True,False,0,,False,False,0,,False,0,0,,1990.0
RMVM_MB_3184c3547d,Hoa thương nhớ ai,Hương Lan,FOLK_TRADITIONAL,TIER_B,True,False,0,,False,False,0,,False,0,0,,1996.0
RMVM_MB_3f955ee4fc,Dấu tình sầu,Hương Lan,FOLK_TRADITIONAL,TIER_B,True,False,0,,False,False,0,,False,0,0,,1989.0
RMVM_MB_1220d4aee1,Nhớ người ra đi,Hương Lan,FOLK_TRADITIONAL,TIER_B,True,False,0,,False,False,0,,False,0,0,,1996.0
RMVM_MB_156b1ded32,Thành phố mưa bay,Quang Linh,FOLK_TRADITIONAL,TIER_B,True,False,0,,False,False,0,,False,0,0,,2006.0
RMVM_MB_b6c3ea6511,Kiếp đam mê,Quang Linh,FOLK_TRADITIONAL,TIER_B,True,False,0,,False,False,0,,False,0,0,,2006.0
RMVM_MB_639ba9936a,Nửa đêm ngoài phố,Quang Linh,FOLK_TRADITIONAL,TIER_B,True,False,0,,False,False,0,,False,0,0,,2006.0
RMVM_MB_21646e7cc4,Tiếng Chim Đa Đa,Quang Linh,FOLK_TRADITIONAL,TIER_B,True,False,0,,False,False,0,,False,0,0,,1999.0
RMVM_MB_ccb3465ea0,Huế Buồn Vì Ai,Quang Linh,FOLK_TRADITIONAL,TIER_B,True,False,0,,False,False,0,,False,0,0,,1999.0
RMVM_MB_b22f840356,Câu chuyện đầu năm,Quang Linh,FOLK_TRADITIONAL,TIER_B,True,False,0,,False,False,0,,False,0,0,,
RMVM_MB_98c46e8c90,Chiều cuối tuần,Quang Linh,FOLK_TRADITIONAL,TIER_B,True,False,0,,False,False,0,,False,0,0,,2006.0
RMVM_MB_880c2f7917,Cỏ úa,Quang Linh,FOLK_TRADITIONAL,TIER_B,True,False,0,,False,False,0,,False,0,0,,2006.0
RMVM_MB_7042f8a2ce,Nhớ em câu hát đưa đò,Phi Nhung,FOLK_TRADITIONAL,TIER_B,True,False,0,,False,False,0,,False,0,0,,2003.0
RMVM_MB_67922b4dff,Giấc ngủ đầu nôi,Phi Nhung,FOLK_TRADITIONAL,TIER_B,True,False,0,,False,False,0,,False,0,0,,1996.0
RMVM_MB_1dc7ccdafe,Chuyến xe lam chiều,Phi Nhung,FOLK_TRADITIONAL,TIER_B,True,False,0,,False,False,0,,False,0,0,,1996.0
RMVM_MB_f03d88fdb1,Yêu lầm,Phi Nhung,FOLK_TRADITIONAL,TIER_B,True,False,0,,False,False,0,,False,0,0,,1996.0
RMVM_MB_51051cac0e,Đêm tóc rối,Phi Nhung,FOLK_TRADITIONAL,TIER_B,True,False,0,,False,False,0,,False,0,0,,1998.0
RMVM_MB_9d9afe9558,Nếu mình thương nhau,Phi Nhung,FOLK_TRADITIONAL,TIER_B,True,False,0,,False,False,0,,False,0,0,,1998.0
RMVM_MB_7ef60fa887,Tơ duyên,Phi Nhung,FOLK_TRADITIONAL,TIER_B,True,False,0,,False,False,0,,False,0,0,,2000.0
RMVM_MB_22a0f9fd5b,Để tóc nàng ngủ yên,Phi Nhung,FOLK_TRADITIONAL,TIER_B,True,False,0,,False,False,0,,False,0,0,,1999.0
RMVM_MB_36647a95a4,Chúc Anh Đài,Lệ Thủy,FOLK_TRADITIONAL,TIER_B,True,False,0,,False,False,0,,False,0,0,,2013.0
RMVM_MB_8275139d58,Chờ Định Mệnh Mỉm Cười,Minh Vương,FOLK_TRADITIONAL,TIER_B,True,False,0,,False,False,0,,False,0,0,,2024.0
RMVM_MB_f81ac3eef9,Mảnh Ghép Đã Vỡ,Minh Vương,FOLK_TRADITIONAL,TIER_B,True,False,0,,False,False,0,,False,0,0,,2024.0
RMVM_MB_266edc5e61,Nỗi Đau Xót Xa,Minh Vương,FOLK_TRADITIONAL,TIER_B,True,False,0,,False,False,0,,False,0,0,,2024.0
RMVM_MB_14e68a3363,Giấu Vào Đôi Mắt (instrumental),Minh Vương,FOLK_TRADITIONAL,TIER_B,True,False,0,,False,False,0,,False,0,0,,2024.0
RMVM_MB_920674eaa5,Mảnh Ghép Đã Vỡ (instrumental),Minh Vương,FOLK_TRADITIONAL,TIER_B,True,False,0,,False,False,0,,False,0,0,,2024.0
RMVM_MB_69da8c96d0,Hát Cho Màn Đêm,Minh Vương,FOLK_TRADITIONAL,TIER_B,True,False,0,,False,False,0,,False,0,0,,2024.0
RMVM_MB_238db075e6,Quên Em Để Hạnh Phúc,Minh Vương,FOLK_TRADITIONAL,TIER_B,True,False,0,,False,False,0,,False,0,0,,2018.0
RMVM_MB_95fb4406fe,Xin Lỗi Anh Yêu Em,Minh Vương,FOLK_TRADITIONAL,TIER_B,True,False,0,,False,False,0,,False,0,0,,2018.0
RMVM_MB_1a508a38dd,Lý cây da (Chant sous le banian) [Comptine du Vietnam],Thanh Ngân,FOLK_TRADITIONAL,TIER_B,True,False,0,,False,False,0,,False,0,0,,2007.0
RMVM_MB_044e2f45a2,Le gateau de riz (Thème musical),Thanh Ngân,FOLK_TRADITIONAL,TIER_B,True,False,0,,False,False,0,,False,0,0,,2007.0
RMVM_MB_94800732cd,Le buffle noir (Thème musical),Thanh Ngân,FOLK_TRADITIONAL,TIER_B,True,False,0,,False,False,0,,False,0,0,,2007.0
RMVM_MB_d5ef9055ca,Con gà trông (Le coq) [Comptine du Vietnam],Thanh Ngân,FOLK_TRADITIONAL,TIER_B,True,False,0,,False,False,0,,False,0,0,,2007.0
RMVM_MB_fba5137fc0,Lac d'automne (Thème musical),Thanh Ngân,FOLK_TRADITIONAL,TIER_B,True,False,0,,False,False,0,,False,0,0,,2007.0
RMVM_MB_e8e7d0a8c8,Huê (Comptine du Vietnam),Thanh Ngân,FOLK_TRADITIONAL,TIER_B,True,False,0,,False,False,0,,False,0,0,,2007.0
RMVM_MB_e4940d62a8,Le tigre la poule et le lièvre (Conte),Thanh Ngân,FOLK_TRADITIONAL,TIER_B,True,False,0,,False,False,0,,False,0,0,,2007.0
RMVM_MB_2fb50f5c7c,Le gateau de riz (Conte),Thanh Ngân,FOLK_TRADITIONAL,TIER_B,True,False,0,,False,False,0,,False,0,0,,2007.0
RMVM_MB_55dc42b319,Hà Tiên,Ngọc Huyền,FOLK_TRADITIONAL,TIER_B,True,False,0,,False,False,0,,False,0,0,,2006.0
RMVM_MB_5c02037bbd,Gánh Hát Rong,Ngọc Huyền,FOLK_TRADITIONAL,TIER_B,True,False,0,,False,False,0,,False,0,0,,2005.0
RMVM_MB_7a97eee9ad,Đêm tâm sự,Ngọc Huyền,FOLK_TRADITIONAL,TIER_B,True,False,0,,False,False,0,,False,0,0,,2014.0
RMVM_MB_9f6958a0c6,Nguời ở dùng vê (My darling don't leave me),Ngọc Huyền,FOLK_TRADITIONAL,TIER_B,True,False,0,,False,False,0,,False,0,0,,
RMVM_MB_22f1a94553,Còn mãi mùa đông,Ngọc Huyền,FOLK_TRADITIONAL,TIER_B,True,False,0,,False,False,0,,False,0,0,,
RMVM_MB_57c2b33018,Rước tình về với quê hương,Ngọc Huyền,FOLK_TRADITIONAL,TIER_B,True,False,0,,False,False,0,,False,0,0,,2010.0
RMVM_MB_6647727eb6,Chuyện tình Lan & Điệp,Ngọc Huyền,FOLK_TRADITIONAL,TIER_B,True,False,0,,False,False,0,,False,0,0,,2006.0
RMVM_MB_1eeec14613,Cảm ơn anh,Ngọc Huyền,FOLK_TRADITIONAL,TIER_B,True,False,0,,False,False,0,,False,0,0,,2011.0
RMVM_MB_233b831584,Cây trúc xinh,Xuân Mai,CHILDREN,TIER_B,True,False,0,,False,False,0,,False,0,0,,
RMVM_MB_a346fa20db,Six Green And Speckled Frogs,Xuân Mai,CHILDREN,TIER_B,True,False,0,,False,False,0,,False,0,0,,
RMVM_MB_612c40b2f0,Old MacDonal Had A Farm,Xuân Mai,CHILDREN,TIER_B,True,False,0,,False,False,0,,False,0,0,,
RMVM_MB_c82e5ec6bf,Six Gleen And Spekled Frogs,Xuân Mai,CHILDREN,TIER_B,True,False,0,,False,False,0,,False,0,0,,2004.0
RMVM_MB_63cd7e3228,Đàn Gà Con,Xuân Mai,CHILDREN,TIER_B,True,False,0,,False,False,0,,False,0,0,,2004.0
RMVM_MB_af4792be22,So What,Xuân Mai,CHILDREN,TIER_B,True,False,0,,False,False,0,,False,0,0,,2004.0
RMVM_MB_0d4ec0cc6e,Head And Shoulders,Xuân Mai,CHILDREN,TIER_B,True,False,0,,False,False,0,,False,0,0,,2004.0
RMVM_MB_53fd0be9a7,Ước Mơ Tuổi Thơ,Xuân Mai,CHILDREN,TIER_B,True,False,0,,False,False,0,,False,0,0,,2004.0
RMVM_MB_cb5cec611c,Just You,Wowy,RAP_HIPHOP,TIER_B,True,False,0,,False,False,0,,False,0,0,,2015.0
RMVM_MB_2db77272f0,Em Bé,Karik,RAP_HIPHOP,TIER_B,True,False,0,,False,False,0,,False,0,0,,2020.0
RMVM_MB_cbf8c04f8e,Bạn Đời,Karik,RAP_HIPHOP,TIER_B,True,False,0,,False,False,0,,False,0,0,,2023.0
RMVM_MB_9d0e2fb7e3,Người Lạ Ơi,Karik,RAP_HIPHOP,TIER_B,True,False,0,,False,False,0,,False,0,0,,2020.0
RMVM_MB_0e27fdd98b,Kiềng 3 Chân,Karik,RAP_HIPHOP,TIER_B,True,False,0,,False,False,0,,False,0,0,,2022.0
RMVM_MB_1f1eec3269,Vì Mẹ Anh Bắt Chia Tay,Karik,RAP_HIPHOP,TIER_B,True,False,0,,False,False,0,,False,0,0,,2022.0
RMVM_MB_bf1a15eaa4,Việt Nam Hết Mình,Karik,RAP_HIPHOP,TIER_B,True,False,0,,False,False,0,,False,0,0,,2022.0
RMVM_MB_8b5b6a37f0,Turkisk Peppar,Karik,RAP_HIPHOP,TIER_B,True,False,0,,False,False,0,,False,0,0,,2001.0
RMVM_MB_21ff60fd1f,Việt Nam Tử Tế,Karik,RAP_HIPHOP,TIER_B,True,False,0,,False,False,0,,False,0,0,,2020.0
RMVM_MB_5a22173b24,Yêu 5,Rhymastic,RAP_HIPHOP,TIER_B,True,False,0,,False,False,0,,False,0,0,,2017.0
RMVM_MB_b29af96476,Lặng,Rhymastic,RAP_HIPHOP,TIER_B,True,False,0,,False,False,0,,False,0,0,,2024.0
RMVM_MB_290891726f,Nến Và Hoa,Rhymastic,RAP_HIPHOP,TIER_B,True,False,0,,False,False,0,,False,0,0,,2018.0
RMVM_MB_1bccdf2d53,Sẽ Quên Em Nhanh Thôi,Rhymastic,RAP_HIPHOP,TIER_B,True,False,0,,False,False,0,,False,0,0,,2025.0
RMVM_MB_6a00536449,Đêm Cô Đơn,Rhymastic,RAP_HIPHOP,TIER_B,True,False,0,,False,False,0,,False,0,0,,2024.0
RMVM_MB_e29c288e51,Final Form,Rhymastic,RAP_HIPHOP,TIER_B,True,False,0,,False,False,0,,False,0,0,,2025.0
RMVM_MB_b62b0c5732,Giữ Anh Cho Ngày Hôm Qua,Rhymastic,RAP_HIPHOP,TIER_B,True,False,0,,False,False,0,,False,0,0,,2025.0
RMVM_MB_5d80336c5c,Cứ Chill Thôi,Rhymastic,RAP_HIPHOP,TIER_B,True,False,0,,False,False,0,,False,0,0,,2020.0
RMVM_MB_2bf2ba934b,King,Binz,RAP_HIPHOP,TIER_B,True,False,0,,False,False,0,,False,0,0,,2026.0
RMVM_MB_2fc870c88c,Overture,Binz,RAP_HIPHOP,TIER_B,True,False,0,,False,False,0,,False,0,0,,2023.0
RMVM_MB_feb2733c23,Bao Giờ Mới Nói,Binz,RAP_HIPHOP,TIER_B,True,False,0,,False,False,0,,False,0,0,,2026.0
RMVM_MB_ee7dde204b,Con Nít,Binz,RAP_HIPHOP,TIER_B,True,False,0,,False,False,0,,False,0,0,,2026.0
RMVM_MB_f6588bda2e,Men Cry,Binz,RAP_HIPHOP,TIER_B,True,False,0,,False,False,0,,False,0,0,,2024.0
RMVM_MB_0d21d3b03e,Outro,Binz,RAP_HIPHOP,TIER_B,True,False,0,,False,False,0,,False,0,0,,2026.0
RMVM_MB_20e7396ca7,Intro,Binz,RAP_HIPHOP,TIER_B,True,False,0,,False,False,0,,False,0,0,,2026.0
RMVM_MB_e2865a43ef,Hững Hờ,Binz,RAP_HIPHOP,TIER_B,True,False,0,,False,False,0,,False,0,0,,2026.0
RMVM_MB_5f8b34ff2b,TOKYO Cypher,16 Typh,RAP_HIPHOP,TIER_B,True,False,0,,False,False,0,,False,0,0,,2023.0
RMVM_MB_55455a6451,CHẤT ÊM. MY GAME,16 Typh,RAP_HIPHOP,TIER_B,True,False,0,,False,False,0,,False,0,0,,2023.0
RMVM_MB_5c9c1d9aa8,ĐƯA EM VÀO TRÒNG,GDucky,RAP_HIPHOP,TIER_B,True,False,0,,False,False,0,,False,0,0,,2025.0
RMVM_MB_cda5178ff2,Eerst wil je dit… (Some Girls),Ricky Star,RAP_HIPHOP,TIER_B,True,False,0,,False,False,0,,False,0,0,,1984.0
RMVM_MB_bc546af095,"Liefste, waar ben je",Ricky Star,RAP_HIPHOP,TIER_B,True,False,0,,False,False,0,,False,0,0,,1984.0
RMVM_MB_5d56c3cff2,Oh Rosie,Ricky Star,RAP_HIPHOP,TIER_B,True,False,0,,False,False,0,,False,0,0,,1983.0
RMVM_MB_69ed0f7a28,De wilde jaren,Ricky Star,RAP_HIPHOP,TIER_B,True,False,0,,False,False,0,,False,0,0,,1983.0
RMVM_MB_89da201a14,Diana,Ricky Star,RAP_HIPHOP,TIER_B,True,False,0,,False,False,0,,False,0,0,,1983.0
RMVM_MB_b5eb9d2a45,Wanda,Ricky Star,RAP_HIPHOP,TIER_B,True,False,0,,False,False,0,,False,0,0,,1983.0
RMVM_MB_8cc48b22a2,Sao Anh Chưa Về Nhà,Ricky Star,RAP_HIPHOP,TIER_B,True,False,0,,False,False,0,,False,0,0,,2020.0
RMVM_MB_299de80fff,Vui Như Tết,Ricky Star,RAP_HIPHOP,TIER_B,True,False,0,,False,False,0,,False,0,0,,2023.0
RMVM_MB_76ab76b7f3,Remember Me (SlimV Mix),SlimV,DANCE_EDM,TIER_B,True,False,0,,False,False,0,,False,0,0,,2017.0
RMVM_MB_6846f9cdf1,Em Ơi Cứ Vui,SlimV,DANCE_EDM,TIER_B,True,False,0,,False,False,0,,False,0,0,,2017.0
RMVM_MB_581688a5d7,Em Mới Là Người Yêu Anh (Acoustic Version),Min,RB_SOUL,TIER_B,True,False,0,,False,False,0,,False,0,0,,2018.0
RMVM_MB_181c9bb68a,I Heart You,Min,RB_SOUL,TIER_B,True,False,0,,False,False,0,,False,0,0,,2021.0
RMVM_MB_8eb09ffa30,Điều Em Khó Nói,Min,RB_SOUL,TIER_B,True,False,0,,False,False,0,,False,0,0,,2025.0
RMVM_MB_5c26b422b1,fragile (intro),Min,RB_SOUL,TIER_B,True,False,0,,False,False,0,,False,0,0,,2025.0
RMVM_MB_1120ae8e13,phải viết bao nhiêu bản tình ca,Min,RB_SOUL,TIER_B,True,False,0,,False,False,0,,False,0,0,,2025.0
RMVM_MB_e0de7b78e1,Up To You,Min,RB_SOUL,TIER_B,True,False,0,,False,False,0,,False,0,0,,2021.0
RMVM_MB_e8fa1a0430,Up To You (Remix),Min,RB_SOUL,TIER_B,True,False,0,,False,False,0,,False,0,0,,2021.0
RMVM_MB_f5f9830ca2,Got to Be Real (TK Groove),Erik,RB_SOUL,TIER_B,True,False,0,,False,False,0,,False,0,0,,1993.0
RMVM_MB_94895b02b0,Got to Be Real (J & S Disco Bunny),Erik,RB_SOUL,TIER_B,True,False,0,,False,False,0,,False,0,0,,1993.0
RMVM_MB_d3575f9faa,Write It Down,Erik,RB_SOUL,TIER_B,True,False,0,,False,False,0,,False,0,0,,2016.0
RMVM_MB_84aee52d64,Under snötäcktet,Erik,RB_SOUL,TIER_B,True,False,0,,False,False,0,,False,0,0,,2007.0
RMVM_MB_6178593b3f,We Got the Love (Paul Gotel club mix),Erik,RB_SOUL,TIER_B,True,False,0,,False,False,0,,False,0,0,,1994.0
RMVM_MB_18fcb414c2,Rebel Woman,Erik,RB_SOUL,TIER_B,True,False,0,,False,False,0,,False,0,0,,2019.0
RMVM_MB_1119e25ca0,KHIÊU VŨ DƯỚI TRĂNG,Erik,RB_SOUL,TIER_B,True,False,0,,False,False,0,,False,0,0,,2024.0
RMVM_MB_4d53f624ab,We Got the Love (Loveland 7″ edit),Erik,RB_SOUL,TIER_B,True,False,0,,False,False,0,,False,0,0,,1994.0
RMVM_MB_24304714cc,Hẹn Yêu,Vũ Cát Tường,RB_SOUL,TIER_B,True,False,0,,False,False,0,,False,0,0,,2014.0
RMVM_MB_693fcc04bf,San Francisco,Vũ Cát Tường,RB_SOUL,TIER_B,True,False,0,,False,False,0,,False,0,0,,2018.0
RMVM_MB_8172ddbb70,Stardom,Vũ Cát Tường,RB_SOUL,TIER_B,True,False,0,,False,False,0,,False,0,0,,2018.0
RMVM_MB_14c6d9c81c,Góc Ban Công (Unplugged),Vũ Cát Tường,RB_SOUL,TIER_B,True,False,0,,False,False,0,,False,0,0,,2023.0
RMVM_MB_c00d388bf8,Stardom (Unplugged),Vũ Cát Tường,RB_SOUL,TIER_B,True,False,0,,False,False,0,,False,0,0,,2023.0
RMVM_MB_4b783561ad,Mơ (Unplugged),Vũ Cát Tường,RB_SOUL,TIER_B,True,False,0,,False,False,0,,False,0,0,,2023.0
RMVM_MB_a193094a40,Mong Cho Anh (Unplugged),Vũ Cát Tường,RB_SOUL,TIER_B,True,False,0,,False,False,0,,False,0,0,,2023.0
RMVM_MB_4e43eb6802,Hỏi Thăm,Vũ Cát Tường,RB_SOUL,TIER_B,True,False,0,,False,False,0,,False,0,0,,2019.0
RMVM_MB_603cf18c97,Sunset In The City - Deluxe Version,SOOBIN,RB_SOUL,TIER_B,True,False,0,,False,False,0,,False,0,0,,2024.0
RMVM_MB_69d3a5ef3e,Giá Như,SOOBIN,RB_SOUL,TIER_B,True,False,0,,False,False,0,,False,0,0,,2024.0
RMVM_MB_a9f5f17a6b,DANCING IN THE DARK,SOOBIN,RB_SOUL,TIER_B,True,False,0,,False,False,0,,False,0,0,,2024.0
RMVM_MB_52102cb7b0,Heyyy,SOOBIN,RB_SOUL,TIER_B,True,False,0,,False,False,0,,False,0,0,,2024.0
RMVM_MB_5ee427d463,Sẽ Quên Em Nhanh Thôi,SOOBIN,RB_SOUL,TIER_B,True,False,0,,False,False,0,,False,0,0,,2024.0
RMVM_MB_2556a0c9f2,Bật Nó Lên,SOOBIN,RB_SOUL,TIER_B,True,False,0,,False,False,0,,False,0,0,,2024.0
RMVM_MB_528b7fc2c0,BlackJack,SOOBIN,RB_SOUL,TIER_B,True,False,0,,False,False,0,,False,0,0,,2020.0
RMVM_MB_855d5fab9c,Phía Sau Một Cô Gái,SOOBIN,RB_SOUL,TIER_B,True,False,0,,False,False,0,,False,0,0,,
RMVM_MB_4c5bada3d4,Vì Tôi Còn Sống (Dsmall remix),Tiên Tiên,RB_SOUL,TIER_B,True,False,0,,False,False,0,,False,0,0,,2015.0
RMVM_MB_5d3d16b58c,Say You Do (Beat),Tiên Tiên,RB_SOUL,TIER_B,True,False,0,,False,False,0,,False,0,0,,2014.0
RMVM_MB_cf68a9a8e1,My Everything (Beat),Tiên Tiên,RB_SOUL,TIER_B,True,False,0,,False,False,0,,False,0,0,,
RMVM_MB_4318fcbd81,Vì Tôi Còn Sống,Tiên Tiên,RB_SOUL,TIER_B,True,False,0,,False,False,0,,False,0,0,,2015.0
RMVM_MB_e42c9f2529,My Everything (Deephouse version...),Tiên Tiên,RB_SOUL,TIER_B,True,False,0,,False,False,0,,False,0,0,,
RMVM_MB_7126d82d88,My Everything,Tiên Tiên,RB_SOUL,TIER_B,True,False,0,,False,False,0,,False,0,0,,2015.0
RMVM_MB_8afd0647a9,My Everything (Acousticbeat),Tiên Tiên,RB_SOUL,TIER_B,True,False,0,,False,False,0,,False,0,0,,
RMVM_MB_905e425f87,Say You Do,Tiên Tiên,RB_SOUL,TIER_B,True,False,0,,False,False,0,,False,0,0,,2014.0
RMVM_MB_4f7f23286e,Anh Đánh Rơi Người Yêu Này,Andiez,RB_SOUL,TIER_B,True,False,0,,False,False,0,,False,0,0,,2019.0
RMVM_MB_3905fb57d5,cô ấy của anh ấy,Kai Đinh,RB_SOUL,TIER_B,True,False,0,,False,False,0,,False,0,0,,2023.0
RMVM_MB_075031b05c,favourite liar,Kai Đinh,RB_SOUL,TIER_B,True,False,0,,False,False,0,,False,0,0,,2023.0
RMVM_MB_8795dc345c,20 25 30,Kai Đinh,RB_SOUL,TIER_B,True,False,0,,False,False,0,,False,0,0,,2023.0
RMVM_MB_aa5d3b8c21,lời tạm biệt chưa nói,Kai Đinh,RB_SOUL,TIER_B,True,False,0,,False,False,0,,False,0,0,,2022.0
RMVM_MB_4c1203aae0,không biết nên vui hay buồn,Kai Đinh,RB_SOUL,TIER_B,True,False,0,,False,False,0,,False,0,0,,2023.0
RMVM_MB_7c3df11920,Trái đất ôm Mặt trời,Kai Đinh,RB_SOUL,TIER_B,True,False,0,,False,False,0,,False,0,0,,2023.0
RMVM_MB_c9c7a5d5f0,Hoa Ban Nhỏ Bé,Kai Đinh,RB_SOUL,TIER_B,True,False,0,,False,False,0,,False,0,0,,2026.0
RMVM_MB_4196d4edd9,Kilo,Monstar,RB_SOUL,TIER_B,True,False,0,,False,False,0,,False,0,0,,2012.0
RMVM_MB_c80d0d700f,Let The Music,Monstar,RB_SOUL,TIER_B,True,False,0,,False,False,0,,False,0,0,,2012.0
RMVM_MB_5b50b6bc65,Face Fucking Bass,Monstar,RB_SOUL,TIER_B,True,False,0,,False,False,0,,False,0,0,,2012.0
RMVM_MB_5d6c7ea321,Harder,Monstar,RB_SOUL,TIER_B,True,False,0,,False,False,0,,False,0,0,,2012.0
RMVM_MB_67145da2dd,Put Ya Hands Up,Monstar,RB_SOUL,TIER_B,True,False,0,,False,False,0,,False,0,0,,2010.0
RMVM_MB_b6140e2196,Wonderboy (Vodge Diper remix),Monstar,RB_SOUL,TIER_B,True,False,0,,False,False,0,,False,0,0,,2012.0
RMVM_MB_c7daeb42f9,Entfesselt,Monstar,RB_SOUL,TIER_B,True,False,0,,False,False,0,,False,0,0,,2010.0
RMVM_MB_3c70891466,Bastard,Monstar,RB_SOUL,TIER_B,True,False,0,,False,False,0,,False,0,0,,2012.0
RMVM_MB_7ba09015a6,Track 8,Grey D,RB_SOUL,TIER_B,True,False,0,,False,False,0,,False,0,0,,2026.0
RMVM_MB_c6f1206f5c,Track 10,Grey D,RB_SOUL,TIER_B,True,False,0,,False,False,0,,False,0,0,,2026.0
RMVM_MB_49693ba016,Track 12,Grey D,RB_SOUL,TIER_B,True,False,0,,False,False,0,,False,0,0,,2026.0
RMVM_MB_26426e769a,yêu em như…,Grey D,RB_SOUL,TIER_B,True,False,0,,False,False,0,,False,0,0,,2026.0
RMVM_MB_1baeec11a5,Track 11,Grey D,RB_SOUL,TIER_B,True,False,0,,False,False,0,,False,0,0,,2026.0
RMVM_MB_b5edec1e09,tựa đầu,Grey D,RB_SOUL,TIER_B,True,False,0,,False,False,0,,False,0,0,,2026.0
RMVM_MB_c3508193b1,dự báo thời tiết hôm nay mưa,Grey D,RB_SOUL,TIER_B,True,False,0,,False,False,0,,False,0,0,,2022.0
RMVM_MB_eba3c0d0ce,tỉnh thức sau giấc ngủ đông,Grey D,RB_SOUL,TIER_B,True,False,0,,False,False,0,,False,0,0,,2022.0
RMVM_MB_38bf5748a2,Còn thấy mặt người,Khánh Ly,NHAC_TRINH,TIER_B,True,False,0,,False,False,0,,False,0,0,,1992.0
RMVM_MB_30150b5046,Sabaku,Khánh Ly,NHAC_TRINH,TIER_B,True,False,0,,False,False,0,,False,0,0,,1992.0
RMVM_MB_b2e8810b53,Nhạc Hòa Tấu,Khánh Ly,NHAC_TRINH,TIER_B,True,False,0,,False,False,0,,False,0,0,,1992.0
RMVM_MB_966b0bfdba,Mưa hồng,Khánh Ly,NHAC_TRINH,TIER_B,True,False,0,,False,False,0,,False,0,0,,1989.0
RMVM_MB_0d2ebee4c3,Mùa thu mây ngàn,Khánh Ly,NHAC_TRINH,TIER_B,True,False,0,,False,False,0,,False,0,0,,1989.0
RMVM_MB_b30d269960,Nhìn những mùa thu đi,Khánh Ly,NHAC_TRINH,TIER_B,True,False,0,,False,False,0,,False,0,0,,1974.0
RMVM_MB_4ad7a367ac,Tình xa,Khánh Ly,NHAC_TRINH,TIER_B,True,False,0,,False,False,0,,False,0,0,,1974.0
RMVM_MB_1bc6d245be,Cát bụi,Khánh Ly,NHAC_TRINH,TIER_B,True,False,0,,False,False,0,,False,0,0,,1974.0
RMVM_MB_c5c1206fff,Môi hồng đào,Trịnh Vĩnh Trinh,NHAC_TRINH,TIER_B,True,False,0,,False,False,0,,False,0,0,,
RMVM_MB_290cb74219,Một cõi đi về,Trịnh Vĩnh Trinh,NHAC_TRINH,TIER_B,True,False,0,,False,False,0,,False,0,0,,1991.0
RMVM_MB_1d932be2a3,Còn tuổi nào cho em,Trịnh Vĩnh Trinh,NHAC_TRINH,TIER_B,True,False,0,,False,False,0,,False,0,0,,2003.0
RMVM_MB_1cab8edf14,Người về tương tư,Ánh Tuyết,NHAC_TRINH,TIER_B,True,False,0,,False,False,0,,False,0,0,,
RMVM_MB_414c4e1558,Tình phụ,Ánh Tuyết,NHAC_TRINH,TIER_B,True,False,0,,False,False,0,,False,0,0,,
RMVM_MB_ae219a4416,Hai mươi năm tình sầu,Ánh Tuyết,NHAC_TRINH,TIER_B,True,False,0,,False,False,0,,False,0,0,,
RMVM_MB_bf9269dcb3,Tình nghệ sĩ,Ánh Tuyết,NHAC_TRINH,TIER_B,True,False,0,,False,False,0,,False,0,0,,
RMVM_MB_18b3ff9355,Trương chi,Ánh Tuyết,NHAC_TRINH,TIER_B,True,False,0,,False,False,0,,False,0,0,,2004.0
RMVM_MB_94fc086517,Thu cô liêu,Ánh Tuyết,NHAC_TRINH,TIER_B,True,False,0,,False,False,0,,False,0,0,,2004.0
RMVM_MB_6b274fe00e,Em xa rồi,Ánh Tuyết,NHAC_TRINH,TIER_B,True,False,0,,False,False,0,,False,0,0,,
RMVM_MB_b526361d85,Anh đã phụ em,Ánh Tuyết,NHAC_TRINH,TIER_B,True,False,0,,False,False,0,,False,0,0,,
RMVM_MB_da2575c983,Nắng hạ,Trần Thái Hòa,NHAC_TRINH,TIER_B,True,False,0,,False,False,0,,False,0,0,,2007.0
RMVM_MB_13042ffd9c,Mái tranh chiều,Trần Thái Hòa,NHAC_TRINH,TIER_B,True,False,0,,False,False,0,,False,0,0,,2002.0
RMVM_MB_7bf09882d0,Muộn,Trần Thái Hòa,NHAC_TRINH,TIER_B,True,False,0,,False,False,0,,False,0,0,,
RMVM_MB_b25294b59e,Tình rơi,Trần Thái Hòa,NHAC_TRINH,TIER_B,True,False,0,,False,False,0,,False,0,0,,2007.0
RMVM_MB_10cd2b734f,Tiếng mưa đêm,Trần Thái Hòa,NHAC_TRINH,TIER_B,True,False,0,,False,False,0,,False,0,0,,2002.0
RMVM_MB_ab90c64037,Quen Di Tinh Yeu Cu,Trần Thái Hòa,NHAC_TRINH,TIER_B,True,False,0,,False,False,0,,False,0,0,,
RMVM_MB_76c88049ac,Rưng rưng lệ,Trần Thái Hòa,NHAC_TRINH,TIER_B,True,False,0,,False,False,0,,False,0,0,,2007.0
RMVM_MB_f78539ed5e,Con đường tình ta đi,Trần Thái Hòa,NHAC_TRINH,TIER_B,True,False,0,,False,False,0,,False,0,0,,2002.0
RMVM_MB_17f7529a36,Tình thắm duyên quê,Bảo Yến,NHAC_TRINH,TIER_B,True,False,0,,False,False,0,,False,0,0,,2004.0
RMVM_MB_fda568cdfc,Mây xưa,Bảo Yến,NHAC_TRINH,TIER_B,True,False,0,,False,False,0,,False,0,0,,2004.0
RMVM_MB_99dec1f5f2,Bài ca dao đầu đời,Bảo Yến,NHAC_TRINH,TIER_B,True,False,0,,False,False,0,,False,0,0,,2015.0
RMVM_MB_10a064ce18,Những lời này cho anh,Bảo Yến,NHAC_TRINH,TIER_B,True,False,0,,False,False,0,,False,0,0,,2008.0
RMVM_MB_0b06b4610b,Nửa đêm ngoài phố,Bảo Yến,NHAC_TRINH,TIER_B,True,False,0,,False,False,0,,False,0,0,,2009.0
RMVM_MB_9236b890b5,Định mệnh,Bảo Yến,NHAC_TRINH,TIER_B,True,False,0,,False,False,0,,False,0,0,,2015.0
RMVM_MB_3c497ff856,Nước mắt muộn màng,Bảo Yến,NHAC_TRINH,TIER_B,True,False,0,,False,False,0,,False,0,0,,2015.0
RMVM_MB_ab00cb0ad8,Vọng vu lan,Bảo Yến,NHAC_TRINH,TIER_B,True,False,0,,False,False,0,,False,0,0,,2015.0
RMVM_MB_d81829a98b,Ướt mi,Lệ Thu,NHAC_TRINH,TIER_B,True,False,0,,False,False,0,,False,0,0,,1994.0
RMVM_MB_ca1811f590,Hát cho người nằm xuống,Lệ Thu,NHAC_TRINH,TIER_B,True,False,0,,False,False,0,,False,0,0,,
RMVM_MB_8835c2f801,Xin còn gọi tên nhau,Lệ Thu,NHAC_TRINH,TIER_B,True,False,0,,False,False,0,,False,0,0,,2001.0
RMVM_MB_75d1ffb123,Giáng ngọc,Lệ Thu,NHAC_TRINH,TIER_B,True,False,0,,False,False,0,,False,0,0,,2001.0
RMVM_MB_170789e3a7,Lệ đá,Lệ Thu,NHAC_TRINH,TIER_B,True,False,0,,False,False,0,,False,0,0,,2001.0
RMVM_MB_ae26018c59,Tuổi đá buồn,Lệ Thu,NHAC_TRINH,TIER_B,True,False,0,,False,False,0,,False,0,0,,
RMVM_MB_15be6b35c6,Về Miền Trung,Lệ Thu,NHAC_TRINH,TIER_B,True,False,0,,False,False,0,,False,0,0,,1996.0
RMVM_MB_e91bc26a73,Tình hoài hương,Lệ Thu,NHAC_TRINH,TIER_B,True,False,0,,False,False,0,,False,0,0,,
RMVM_MB_83b1f242a4,Người Lữ Hành Trong Mưa,Ý Lan,NHAC_TRINH,TIER_B,True,False,0,,False,False,0,,False,0,0,,1995.0
RMVM_MB_8d7e987126,Tình,Ý Lan,NHAC_TRINH,TIER_B,True,False,0,,False,False,0,,False,0,0,,1995.0
RMVM_MB_4c3d6c561a,Bên đời hiu quạnh,Ý Lan,NHAC_TRINH,TIER_B,True,False,0,,False,False,0,,False,0,0,,
RMVM_MB_6698449515,Về thăm mái trường xưa,Ý Lan,NHAC_TRINH,TIER_B,True,False,0,,False,False,0,,False,0,0,,1992.0
RMVM_MB_222c762868,Tình Kỹ Nữ,Ý Lan,NHAC_TRINH,TIER_B,True,False,0,,False,False,0,,False,0,0,,1998.0
RMVM_MB_dd3e8a2c43,Yêu dại khờ,Ý Lan,NHAC_TRINH,TIER_B,True,False,0,,False,False,0,,False,0,0,,
RMVM_MB_46eda9ca7b,Ở trọ,Ý Lan,NHAC_TRINH,TIER_B,True,False,0,,False,False,0,,False,0,0,,1991.0
RMVM_MB_79d2e41f56,Gái xuân,Ý Lan,NHAC_TRINH,TIER_B,True,False,0,,False,False,0,,False,0,0,,2014.0
RMVM_MB_f256a2c738,Nỗi đau còn mãi,Lê Hiếu,NHAC_TRINH,TIER_B,True,False,0,,False,False,0,,False,0,0,,
RMVM_MB_a24c013b91,Khúc thụy du,Lê Hiếu,NHAC_TRINH,TIER_B,True,False,0,,False,False,0,,False,0,0,,
RMVM_MB_a3d9ae8e28,Chỉ còn những kỷ niệm,Lê Hiếu,NHAC_TRINH,TIER_B,True,False,0,,False,False,0,,False,0,0,,
RMVM_MB_0d2b2e7503,Hãy yêu thật lòng,Lê Hiếu,NHAC_TRINH,TIER_B,True,False,0,,False,False,0,,False,0,0,,2008.0
RMVM_MB_58d0dee78b,Bây giờ tháng mấy,Lê Hiếu,NHAC_TRINH,TIER_B,True,False,0,,False,False,0,,False,0,0,,2010.0
RMVM_MB_14b66bc3ce,Tôi muốn,Lê Hiếu,NHAC_TRINH,TIER_B,True,False,0,,False,False,0,,False,0,0,,2008.0
RMVM_MB_bee1b63b14,Tình Nghĩa Đôi Ta Chỉ Thế Thôi,Lê Hiếu,NHAC_TRINH,TIER_B,True,False,0,,False,False,0,,False,0,0,,2018.0
RMVM_MB_9fd92feea1,Nỗi Lòng Người Đi,Lê Hiếu,NHAC_TRINH,TIER_B,True,False,0,,False,False,0,,False,0,0,,2018.0
RMVM_MB_a0a01ba6d8,Giọt sương trên mí mắt,Bằng Kiều,NHAC_TRINH,TIER_B,True,False,0,,False,False,0,,False,0,0,,1998.0
RMVM_MB_e865f0ce6f,Xin đừng quay lại,Bằng Kiều,NHAC_TRINH,TIER_B,True,False,0,,False,False,0,,False,0,0,,2010.0
RMVM_MB_5304b2af3b,Giá băng,Bằng Kiều,NHAC_TRINH,TIER_B,True,False,0,,False,False,0,,False,0,0,,1998.0
RMVM_MB_1d2c3eebce,Cửa sổ mùa đông,Bằng Kiều,NHAC_TRINH,TIER_B,True,False,0,,False,False,0,,False,0,0,,1998.0
RMVM_MB_29ace87c2e,Mơ về em,Bằng Kiều,NHAC_TRINH,TIER_B,True,False,0,,False,False,0,,False,0,0,,2011.0
RMVM_MB_8b8fe12bb7,Điệu valse buồn cho em,Bằng Kiều,NHAC_TRINH,TIER_B,True,False,0,,False,False,0,,False,0,0,,2011.0
RMVM_MB_94ec4fda8e,Bài ngợi ca tình yêu,Bằng Kiều,NHAC_TRINH,TIER_B,True,False,0,,False,False,0,,False,0,0,,2011.0
RMVM_MB_f0d23af2e7,Chạy trốn,Bằng Kiều,NHAC_TRINH,TIER_B,True,False,0,,False,False,0,,False,0,0,,2000.0
RMVM_MB_64fb842b4c,Cô đơn,Microwave,ROCK,TIER_B,True,False,0,,False,False,0,,False,0,0,,2009.0
RMVM_MB_9f94057d3b,Không tên,Microwave,ROCK,TIER_B,True,False,0,,False,False,0,,False,0,0,,2009.0
RMVM_MB_02a91fe113,Trái tim dũng cảm,Microwave,ROCK,TIER_B,True,False,0,,False,False,0,,False,0,0,,2005.0
RMVM_MB_126c29289b,Tìm lại,Microwave,ROCK,TIER_B,True,False,0,,False,False,0,,False,0,0,,2005.0
RMVM_MB_0ef66cab28,Ước mơ,Microwave,ROCK,TIER_B,True,False,0,,False,False,0,,False,0,0,,2005.0
RMVM_MB_375983f795,Lối thoát,Microwave,ROCK,TIER_B,True,False,0,,False,False,0,,False,0,0,,2005.0
RMVM_MB_b67cf8600b,Mộng du (remix),Microwave,ROCK,TIER_B,True,False,0,,False,False,0,,False,0,0,,2005.0
RMVM_MB_8f2589c56f,Sai,Microwave,ROCK,TIER_B,True,False,0,,False,False,0,,False,0,0,,2016.0
RMVM_MB_970fbfd8e4,Mộ gió,Unlimited,ROCK,TIER_B,True,False,0,,False,False,0,,False,0,0,,2007.0
RMVM_MB_fafd7345aa,Linh hồn vẫn tồn tại,Unlimited,ROCK,TIER_B,True,False,0,,False,False,0,,False,0,0,,2007.0
RMVM_MB_eace399a4a,For rest,Unlimited,ROCK,TIER_B,True,False,0,,False,False,0,,False,0,0,,2009.0
RMVM_MB_2cb80083c8,Sunshine,Unlimited,ROCK,TIER_B,True,False,0,,False,False,0,,False,0,0,,2017.0
RMVM_MB_c2a7c3de4d,Perfect Wave,Unlimited,ROCK,TIER_B,True,False,0,,False,False,0,,False,0,0,,2016.0
RMVM_MB_5fae2126e6,The Secret Planet,Unlimited,ROCK,TIER_B,True,False,0,,False,False,0,,False,0,0,,2016.0
RMVM_MB_f5a765933c,Transmigration,Unlimited,ROCK,TIER_B,True,False,0,,False,False,0,,False,0,0,,2009.0
RMVM_MB_4ed47cb0d7,Wrecked Groooves,Unlimited,ROCK,TIER_B,True,False,0,,False,False,0,,False,0,0,,2024.0
RMVM_MB_aa3d039031,Old New,Cát,ROCK,TIER_B,True,False,0,,False,False,0,,False,0,0,,2009.0
RMVM_MB_86f5278856,Tee Päivistäni Yöt,Cát,ROCK,TIER_B,True,False,0,,False,False,0,,False,0,0,,1998.0
RMVM_MB_192ddc1b48,Go Home,Cát,ROCK,TIER_B,True,False,0,,False,False,0,,False,0,0,,2010.0
RMVM_MB_1eb205b54f,Hate Me,Cát,ROCK,TIER_B,True,False,0,,False,False,0,,False,0,0,,2011.0
RMVM_MB_d7428feabe,Uralba,Cát,ROCK,TIER_B,True,False,0,,False,False,0,,False,0,0,,2011.0
RMVM_MB_20c4bd22ce,Keys and Locks Don’t Work,Cát,ROCK,TIER_B,True,False,0,,False,False,0,,False,0,0,,2011.0
RMVM_MB_f7ead42fe5,Water Goes,Cát,ROCK,TIER_B,True,False,0,,False,False,0,,False,0,0,,2011.0
RMVM_MB_6d839e3786,Pavement,Cát,ROCK,TIER_B,True,False,0,,False,False,0,,False,0,0,,2011.0
RMVM_MB_cdf0d0b8aa,Yêu,7UPPERCUTS,ROCK,TIER_B,True,False,0,,False,False,0,,False,0,0,,2020.0
RMVM_MB_83d9854fb5,Duma Song,7UPPERCUTS,ROCK,TIER_B,True,False,0,,False,False,0,,False,0,0,,2019.0
RMVM_MB_eeee874b24,Trốn Tìm (Remastered 2024),7UPPERCUTS,ROCK,TIER_B,True,False,0,,False,False,0,,False,0,0,,2024.0
RMVM_MB_436a383e53,Ánh,7UPPERCUTS,ROCK,TIER_B,True,False,0,,False,False,0,,False,0,0,,2024.0
RMVM_MB_e8d5f936ee,Màu Áo Học Trò,7UPPERCUTS,ROCK,TIER_B,True,False,0,,False,False,0,,False,0,0,,2019.0
RMVM_MB_5b48174ad0,Duma Song (Instrumental),7UPPERCUTS,ROCK,TIER_B,True,False,0,,False,False,0,,False,0,0,,2019.0
RMVM_MB_f0027b19ec,Nắng mới,Thủy Triều Đỏ,ROCK,TIER_B,True,False,0,,False,False,0,,False,0,0,,2003.0
RMVM_MB_1f0c30571f,Người hát rong,Thủy Triều Đỏ,ROCK,TIER_B,True,False,0,,False,False,0,,False,0,0,,2003.0
RMVM_MB_1461b30905,Thời gian (instrumental),Thủy Triều Đỏ,ROCK,TIER_B,True,False,0,,False,False,0,,False,0,0,,2003.0
RMVM_MB_2ed471c3b5,Bạn bè,Thủy Triều Đỏ,ROCK,TIER_B,True,False,0,,False,False,0,,False,0,0,,2003.0
RMVM_MB_3435a420c5,Chuyện tình chiếc dây đàn,Thủy Triều Đỏ,ROCK,TIER_B,True,False,0,,False,False,0,,False,0,0,,2006.0
RMVM_MB_57ce038416,Mái ấm,Thủy Triều Đỏ,ROCK,TIER_B,True,False,0,,False,False,0,,False,0,0,,2006.0
RMVM_MB_471ab39dbf,Rose,Windrunner,ROCK,TIER_B,True,False,0,,False,False,0,,False,0,0,,2018.0
RMVM_MB_bcb9d2acf5,Raven,Windrunner,ROCK,TIER_B,True,False,0,,False,False,0,,False,0,0,,2022.0
RMVM_MB_86cf6399de,Cedar (Reimagined),Windrunner,ROCK,TIER_B,True,False,0,,False,False,0,,False,0,0,,2019.0
RMVM_MB_e33c298906,Lotus (Reimagined),Windrunner,ROCK,TIER_B,True,False,0,,False,False,0,,False,0,0,,2019.0
RMVM_MB_b49a41bb6b,Orchid (DA remix),Windrunner,ROCK,TIER_B,True,False,0,,False,False,0,,False,0,0,,2019.0
RMVM_MB_d62fc30c64,Lavender,Windrunner,ROCK,TIER_B,True,False,0,,False,False,0,,False,0,0,,2022.0
RMVM_MB_ea48c1b869,Expand the Room (original dub),The Light,ROCK,TIER_B,True,False,0,,False,False,0,,False,0,0,,1999.0
RMVM_MB_f4fef5e6e3,Expand the Room (Rennie Pilgrem mix),The Light,ROCK,TIER_B,True,False,0,,False,False,0,,False,0,0,,1999.0
RMVM_MB_b3de0a6308,Thinkin' About... (original mix edit),The Light,ROCK,TIER_B,True,False,0,,False,False,0,,False,0,0,,2001.0
RMVM_MB_ce39abbe08,Expand the Room,The Light,ROCK,TIER_B,True,False,0,,False,False,0,,False,0,0,,1998.0
RMVM_MB_b76bf7f49d,Opium (dub),The Light,ROCK,TIER_B,True,False,0,,False,False,0,,False,0,0,,
RMVM_MB_bc0a6712cd,Expand the Room (Illumination mix),The Light,ROCK,TIER_B,True,False,0,,False,False,0,,False,0,0,,1998.0
RMVM_MB_9e34ccc566,Ai oán,Hạc San,ROCK,TIER_B,True,False,0,,False,False,0,,False,0,0,,2015.0
RMVM_MB_f6b5bf9d6b,Tiều phu,Hạc San,ROCK,TIER_B,True,False,0,,False,False,0,,False,0,0,,2015.0
RMVM_MB_8ad5bd3928,Kẻ phản bội,Hạc San,ROCK,TIER_B,True,False,0,,False,False,0,,False,0,0,,2015.0
RMVM_MB_622abc1312,Tái sinh,Hạc San,ROCK,TIER_B,True,False,0,,False,False,0,,False,0,0,,2015.0
RMVM_MB_39f7e330c4,Tiếng đàn hàm oan,Hạc San,ROCK,TIER_B,True,False,0,,False,False,0,,False,0,0,,2015.0
RMVM_MB_176dbee871,Bí mật của người ra đi,Hạc San,ROCK,TIER_B,True,False,0,,False,False,0,,False,0,0,,2015.0
RMVM_MB_bf071cd446,Rain Rain Go A Way,Xuân Mai,CHILDREN,TIER_B,True,False,0,,False,False,0,,False,0,0,,
RMVM_MB_fdc324277d,Nặng gánh lưng còng,Xuân Mai,CHILDREN,TIER_B,True,False,0,,False,False,0,,False,0,0,,2008.0
RMVM_MB_fcb4fb9b96,Bé Chúc Tết,Xuân Mai,CHILDREN,TIER_B,True,False,0,,False,False,0,,False,0,0,,2004.0
RMVM_MB_34aa507dc2,Bắt Bướm,Xuân Mai,CHILDREN,TIER_B,True,False,0,,False,False,0,,False,0,0,,2004.0
RMVM_MB_13103597c1,Run Rabbit Run,Xuân Mai,CHILDREN,TIER_B,True,False,0,,False,False,0,,False,0,0,,2004.0
RMVM_MB_78d366c4f2,Papa,Xuân Mai,CHILDREN,TIER_B,True,False,0,,False,False,0,,False,0,0,,2004.0
RMVM_MB_c90b693bb1,Chú Khỉ Con,Xuân Mai,CHILDREN,TIER_B,True,False,0,,False,False,0,,False,0,0,,2004.0
RMVM_MB_dcd539fd8f,Feeling,Xuân Mai,CHILDREN,TIER_B,True,False,0,,False,False,0,,False,0,0,,2004.0
RMVM_MB_5142f1bc69,Tình ca Tây Nguyên,Trọng Tấn,REVOLUTIONARY,TIER_B,True,False,0,,False,False,0,,False,0,0,,2000.0
RMVM_MB_72be1e62cd,Về Miền Trung,Trọng Tấn,REVOLUTIONARY,TIER_B,True,False,0,,False,False,0,,False,0,0,,2000.0
RMVM_MB_d136e05a8a,Thì thầm với dòng sông,Trọng Tấn,REVOLUTIONARY,TIER_B,True,False,0,,False,False,0,,False,0,0,,
RMVM_MB_4652a21940,Hương thầm,Trọng Tấn,REVOLUTIONARY,TIER_B,True,False,0,,False,False,0,,False,0,0,,
RMVM_MB_217ca69a58,Làng quan họ quê tôi,Trọng Tấn,REVOLUTIONARY,TIER_B,True,False,0,,False,False,0,,False,0,0,,
RMVM_MB_8f5e6c4171,Ngẫu hứng giao duyên,Trọng Tấn,REVOLUTIONARY,TIER_B,True,False,0,,False,False,0,,False,0,0,,
RMVM_MB_5df49d52ec,Màu hoa đỏ,Trọng Tấn,REVOLUTIONARY,TIER_B,True,False,0,,False,False,0,,False,0,0,,
RMVM_MB_451ed02939,Em tôi,Trọng Tấn,REVOLUTIONARY,TIER_B,True,False,0,,False,False,0,,False,0,0,,2012.0
RMVM_MB_2dcc73962d,Con kênh ta đào,Đăng Dương,REVOLUTIONARY,TIER_B,True,False,0,,False,False,0,,False,0,0,,2005.0
RMVM_MB_2e29d2b271,Đàn T'rưng,Đăng Dương,REVOLUTIONARY,TIER_B,True,False,0,,False,False,0,,False,0,0,,2005.0
RMVM_MB_cf7359bece,Tiếng hát từ thành phố mang tên Người,Đăng Dương,REVOLUTIONARY,TIER_B,True,False,0,,False,False,0,,False,0,0,,2005.0
RMVM_MB_4e89538b47,Tình ca,Đăng Dương,REVOLUTIONARY,TIER_B,True,False,0,,False,False,0,,False,0,0,,2005.0
RMVM_MB_36a465d589,Tháng ba Tây Nguyên,Đăng Dương,REVOLUTIONARY,TIER_B,True,False,0,,False,False,0,,False,0,0,,2005.0
RMVM_MB_31d14059a5,Gặp nhau trên đỉnh Trường Sơn,Đăng Dương,REVOLUTIONARY,TIER_B,True,False,0,,False,False,0,,False,0,0,,1997.0
RMVM_MB_340b01dbf0,Cùng hành quân giữa mùa xuân,Đăng Dương,REVOLUTIONARY,TIER_B,True,False,0,,False,False,0,,False,0,0,,2004.0
RMVM_MB_4dc59fd152,Người Hà Nội,Đăng Dương,REVOLUTIONARY,TIER_B,True,False,0,,False,False,0,,False,0,0,,2004.0
RMVM_MB_44e8f4f0c7,Tạm biệt Matxcơva,Quang Thọ,REVOLUTIONARY,TIER_B,True,False,0,,False,False,0,,False,0,0,,2001.0
RMVM_MB_6598984bf6,Người Hà Nội,Quang Thọ,REVOLUTIONARY,TIER_B,True,False,0,,False,False,0,,False,0,0,,2001.0
RMVM_MB_7fd09a70a8,Bình Trị Thiên khói lửa,Quang Thọ,REVOLUTIONARY,TIER_B,True,False,0,,False,False,0,,False,0,0,,2001.0
RMVM_MB_0b2bc28e65,Tình ca,Quang Thọ,REVOLUTIONARY,TIER_B,True,False,0,,False,False,0,,False,0,0,,2001.0
RMVM_MB_8bf7711154,Đất nước,Quang Thọ,REVOLUTIONARY,TIER_B,True,False,0,,False,False,0,,False,0,0,,2001.0
RMVM_MB_b27e76b440,Bác đang cùng chúng cháu hành quân,Quang Thọ,REVOLUTIONARY,TIER_B,True,False,0,,False,False,0,,False,0,0,,
RMVM_MB_c71bf06f23,Hãy đến với anh,Quang Thọ,REVOLUTIONARY,TIER_B,True,False,0,,False,False,0,,False,0,0,,
RMVM_MB_b5e48fb791,Tham Hue,Thu Hiền,REVOLUTIONARY,TIER_B,True,False,0,,False,False,0,,False,0,0,,
RMVM_MB_2cd97f24c2,Hoa cau vúờn tràu,Thu Hiền,REVOLUTIONARY,TIER_B,True,False,0,,False,False,0,,False,0,0,,1998.0
RMVM_MB_501de6f700,Sợi nhớ sợi thương,Thu Hiền,REVOLUTIONARY,TIER_B,True,False,0,,False,False,0,,False,0,0,,
RMVM_MB_112d5e99bb,Thuong ve mien Trung,Thu Hiền,REVOLUTIONARY,TIER_B,True,False,0,,False,False,0,,False,0,0,,
RMVM_MB_9d2202dace,Nguoi em Vy Da,Thu Hiền,REVOLUTIONARY,TIER_B,True,False,0,,False,False,0,,False,0,0,,
RMVM_MB_b9ae9fcc5a,Trông cây lại nhớ đến Người,Thu Hiền,REVOLUTIONARY,TIER_B,True,False,0,,False,False,0,,False,0,0,,
RMVM_MB_16045ad650,Rang trâm bâu,Thu Hiền,REVOLUTIONARY,TIER_B,True,False,0,,False,False,0,,False,0,0,,1998.0
RMVM_MB_7deebd474e,Thuong ve Co Do,Thu Hiền,REVOLUTIONARY,TIER_B,True,False,0,,False,False,0,,False,0,0,,
RMVM_MB_d1e506876a,Kén Cá Chọn Anh,Bích Phượng,REVOLUTIONARY,TIER_B,True,False,0,,False,False,0,,False,0,0,,2020.0
RMVM_MB_2ad8c24921,chiếc hộp,Bích Phượng,REVOLUTIONARY,TIER_B,True,False,0,,False,False,0,,False,0,0,,2021.0
RMVM_MB_830ed07212,Đưa Em Đi Khắp Thế Gian,Bích Phượng,REVOLUTIONARY,TIER_B,True,False,0,,False,False,0,,False,0,0,,2017.0
RMVM_MB_635cb03599,Drama Queen,Bích Phượng,REVOLUTIONARY,TIER_B,True,False,0,,False,False,0,,False,0,0,,2018.0
RMVM_MB_21982214ec,Em Chào Tết,Bích Phượng,REVOLUTIONARY,TIER_B,True,False,0,,False,False,0,,False,0,0,,2020.0
RMVM_MB_863e5f543e,Rằng Em Mãi Ở Bên,Bích Phượng,REVOLUTIONARY,TIER_B,True,False,0,,False,False,0,,False,0,0,,2015.0
RMVM_MB_ed8c5188f2,Đoản Xuân Ca,Bích Phượng,REVOLUTIONARY,TIER_B,True,False,0,,False,False,0,,False,0,0,,2017.0
RMVM_MB_98c8388b45,Gửi Anh Xa Nhớ,Bích Phượng,REVOLUTIONARY,TIER_B,True,False,0,,False,False,0,,False,0,0,,2016.0
RMVM_MB_fc9742f684,Bài ca hy vọng,Lan Anh,REVOLUTIONARY,TIER_B,True,False,0,,False,False,0,,False,0,0,,2010.0
RMVM_MB_c6e1e5599b,Sợi nhớ sợi thương,Lan Anh,REVOLUTIONARY,TIER_B,True,False,0,,False,False,0,,False,0,0,,2017.0
RMVM_MB_0da525da22,Rừng xanh vang tiếng ta lư,Lan Anh,REVOLUTIONARY,TIER_B,True,False,0,,False,False,0,,False,0,0,,2017.0
RMVM_MB_e1a6ac6dcc,Duyên phận,Lan Anh,REVOLUTIONARY,TIER_B,True,False,0,,False,False,0,,False,0,0,,
RMVM_MB_36ce692159,Bóng cây Kơ nia,Lan Anh,REVOLUTIONARY,TIER_B,True,False,0,,False,False,0,,False,0,0,,2004.0
RMVM_MB_13230dd549,Hai kỷ niệm một chuyến đi,Lan Anh,REVOLUTIONARY,TIER_B,True,False,0,,False,False,0,,False,0,0,,
RMVM_MB_d9bd4c3bc7,Trăng sáng đôi miền,Lan Anh,REVOLUTIONARY,TIER_B,True,False,0,,False,False,0,,False,0,0,,2017.0
RMVM_MB_e8034a16bd,Ơi dòng suối Lala,Lan Anh,REVOLUTIONARY,TIER_B,True,False,0,,False,False,0,,False,0,0,,2017.0
RMVM_MB_1038d97c90,Khúc hát sông quê,Anh Thơ,REVOLUTIONARY,TIER_B,True,False,0,,False,False,0,,False,0,0,,2005.0
RMVM_MB_7fdd279ffe,Chuyện tình thảo nguyên,Anh Thơ,REVOLUTIONARY,TIER_B,True,False,0,,False,False,0,,False,0,0,,2010.0
RMVM_MB_e1efa47af4,Tình hoài thương,Anh Thơ,REVOLUTIONARY,TIER_B,True,False,0,,False,False,0,,False,0,0,,2010.0
RMVM_MB_01c96c811e,Tình ta biển bạc đồng xanh,Anh Thơ,REVOLUTIONARY,TIER_B,True,False,0,,False,False,0,,False,0,0,,2005.0
RMVM_MB_e9ebed4508,Lời người ra đi,Anh Thơ,REVOLUTIONARY,TIER_B,True,False,0,,False,False,0,,False,0,0,,
RMVM_MB_2b48fb3cc6,Tàu anh qua núi,Anh Thơ,REVOLUTIONARY,TIER_B,True,False,0,,False,False,0,,False,0,0,,
RMVM_MB_56138113af,Hạt mưa mùa xuân,Anh Thơ,REVOLUTIONARY,TIER_B,True,False,0,,False,False,0,,False,0,0,,
RMVM_MB_36a5a17f07,Cho dù có đi nơi đâu,Anh Thơ,REVOLUTIONARY,TIER_B,True,False,0,,False,False,0,,False,0,0,,2010.0
RMVM_MB_f15047a3b2,Xa Huế,Tân Nhàn,REVOLUTIONARY,TIER_B,True,False,0,,False,False,0,,False,0,0,,2018.0
RMVM_MB_e2998a0160,Ngược dòng Hương Giang,Tân Nhàn,REVOLUTIONARY,TIER_B,True,False,0,,False,False,0,,False,0,0,,2009.0
RMVM_MB_70744cca78,Thơ tình cuối mùa thu,Tân Nhàn,REVOLUTIONARY,TIER_B,True,False,0,,False,False,0,,False,0,0,,2009.0
RMVM_MB_cfc86b5b1a,Nới ấy quê mình,Tân Nhàn,REVOLUTIONARY,TIER_B,True,False,0,,False,False,0,,False,0,0,,2013.0
RMVM_MB_e88be2e382,Sông đợi,Tân Nhàn,REVOLUTIONARY,TIER_B,True,False,0,,False,False,0,,False,0,0,,2001.0
RMVM_MB_8d042d2552,Xa em,Tân Nhàn,REVOLUTIONARY,TIER_B,True,False,0,,False,False,0,,False,0,0,,2001.0
RMVM_MB_a936f56030,Tò vò,Tân Nhàn,REVOLUTIONARY,TIER_B,True,False,0,,False,False,0,,False,0,0,,2013.0
RMVM_MB_baf3501441,Ở hai đầu nỗi nhớ,Tân Nhàn,REVOLUTIONARY,TIER_B,True,False,0,,False,False,0,,False,0,0,,2009.0
RMVM_MB_8d3067e0de,Hồ Chí Minh đẹp nhất tên Người,Kiều Hưng,REVOLUTIONARY,TIER_B,True,False,0,,False,False,0,,False,0,0,,
RMVM_MB_59665d46d3,Bèo giạt mây trôi,Kiều Hưng,REVOLUTIONARY,TIER_B,True,False,0,,False,False,0,,False,0,0,,1999.0
RMVM_MB_b00a253b0c,Khúc hát thanh xuân,Kiều Hưng,REVOLUTIONARY,TIER_B,True,False,0,,False,False,0,,False,0,0,,1998.0
RMVM_MB_1c430e2e31,Võ câu muôn dặm,Kiều Hưng,REVOLUTIONARY,TIER_B,True,False,0,,False,False,0,,False,0,0,,1998.0
RMVM_MB_86b0bb0fb4,Em là khúc nhạc không lời,Quý Dương,REVOLUTIONARY,TIER_B,True,False,0,,False,False,0,,False,0,0,,
RMVM_MB_fc36e8ede1,Ngọn đèn đứng gác,Quý Dương,REVOLUTIONARY,TIER_B,True,False,0,,False,False,0,,False,0,0,,1997.0
RMVM_MB_e59079a6b3,Tình em,Quý Dương,REVOLUTIONARY,TIER_B,True,False,0,,False,False,0,,False,0,0,,
RMVM_MB_351a668cca,Chiều hải cảng,Quý Dương,REVOLUTIONARY,TIER_B,True,False,0,,False,False,0,,False,0,0,,2001.0
RMVM_MB_3e4a6cffd6,Bài ca Trường Sơn,Trung Kiên,REVOLUTIONARY,TIER_B,True,False,0,,False,False,0,,False,0,0,,1997.0
RMVM_MB_215ab85464,Tình ca,Trung Kiên,REVOLUTIONARY,TIER_B,True,False,0,,False,False,0,,False,0,0,,1997.0
RMVM_MB_c8f8c88490,Cám ơn mùa thu,Trung Kiên,REVOLUTIONARY,TIER_B,True,False,0,,False,False,0,,False,0,0,,1998.0
RMVM_MB_585d03e32e,Đêm cô đơn,Trung Kiên,REVOLUTIONARY,TIER_B,True,False,0,,False,False,0,,False,0,0,,
RMVM_MB_6c5a2d6c3f,Thiên đường biết,Suboi,RAP_HIPHOP,TIER_B,True,False,0,,False,False,0,,False,0,0,,2014.0
RMVM_MB_5cab90a2ee,Come Back Down,Suboi,RAP_HIPHOP,TIER_B,True,False,0,,False,False,0,,False,0,0,,2014.0
RMVM_MB_0e40bc1fa2,Đời,Suboi,RAP_HIPHOP,TIER_B,True,False,0,,False,False,0,,False,0,0,,2016.0
RMVM_MB_8e6341d351,Groovy as We Are,Suboi,RAP_HIPHOP,TIER_B,True,False,0,,False,False,0,,False,0,0,,2010.0
RMVM_MB_b289955c32,N-Sao?,Suboi,RAP_HIPHOP,TIER_B,True,False,0,,False,False,0,,False,0,0,,2018.0
RMVM_MB_da928d2c56,Chớ Không,Suboi,RAP_HIPHOP,TIER_B,True,False,0,,False,False,0,,False,0,0,,2019.0
RMVM_MB_a10baeff77,Công (Dance remix),Suboi,RAP_HIPHOP,TIER_B,True,False,0,,False,False,0,,False,0,0,,2021.0
RMVM_MB_4f6e0bc6c2,Cho Không,Suboi,RAP_HIPHOP,TIER_B,True,False,0,,False,False,0,,False,0,0,,2021.0
RMVM_MB_441481b46c,Việt Nam Tử Tế (instrumental),Karik,RAP_HIPHOP,TIER_B,True,False,0,,False,False,0,,False,0,0,,2020.0
RMVM_MB_8c195553d9,Lột Xác x Chuyện Nhỏ,Rhymastic,RAP_HIPHOP,TIER_B,True,False,0,,False,False,0,,False,0,0,,2024.0
RMVM_MB_6454278b71,Khiến Nó Ngầu,Rhymastic,RAP_HIPHOP,TIER_B,True,False,0,,False,False,0,,False,0,0,,2024.0
RMVM_MB_225be5ab22,Thu Hoài,Rhymastic,RAP_HIPHOP,TIER_B,True,False,0,,False,False,0,,False,0,0,,2024.0
RMVM_MB_e0e6d45272,Những Kẻ Mộng Mơ,Rhymastic,RAP_HIPHOP,TIER_B,True,False,0,,False,False,0,,False,0,0,,2024.0
RMVM_MB_0c2feab454,Chợt Nghe Bước Em Về,Rhymastic,RAP_HIPHOP,TIER_B,True,False,0,,False,False,0,,False,0,0,,2024.0
RMVM_MB_0cf5147f71,Giấc Mơ Mỹ,Rhymastic,RAP_HIPHOP,TIER_B,True,False,0,,False,False,0,,False,0,0,,2026.0
RMVM_MB_8cc3fa14ce,QUÁ LÀ TRÔI,Rhymastic,RAP_HIPHOP,TIER_B,True,False,0,,False,False,0,,False,0,0,,2024.0
RMVM_MB_43a3c76bdc,Đào Liễu,Rhymastic,RAP_HIPHOP,TIER_B,True,False,0,,False,False,0,,False,0,0,,2024.0
RMVM_MB_4b62130916,Taste Of Love,Binz,RAP_HIPHOP,TIER_B,True,False,0,,False,False,0,,False,0,0,,2023.0
RMVM_MB_c6d319913b,Make Me Feel,Binz,RAP_HIPHOP,TIER_B,True,False,0,,False,False,0,,False,0,0,,2023.0
RMVM_MB_8bd2f34df6,Trouble On the Horizon,Binz,RAP_HIPHOP,TIER_B,True,False,0,,False,False,0,,False,0,0,,2014.0
RMVM_MB_65f0531a45,The End,Binz,RAP_HIPHOP,TIER_B,True,False,0,,False,False,0,,False,0,0,,2014.0
RMVM_MB_b60550696f,Alien Abduction Envy,Binz,RAP_HIPHOP,TIER_B,True,False,0,,False,False,0,,False,0,0,,2014.0
RMVM_MB_bff4adfdfa,Suffer,Binz,RAP_HIPHOP,TIER_B,True,False,0,,False,False,0,,False,0,0,,2014.0
RMVM_MB_29470c89bb,Paranoid,Binz,RAP_HIPHOP,TIER_B,True,False,0,,False,False,0,,False,0,0,,2014.0
RMVM_MB_255f8974fb,What Can You Do to Me,Binz,RAP_HIPHOP,TIER_B,True,False,0,,False,False,0,,False,0,0,,2014.0
RMVM_MB_e7040e411e,Interlude Nước Mắt Cá Sấu,HIEUTHUHAI,RAP_HIPHOP,TIER_B,True,False,0,,False,False,0,,False,0,0,,2026.0
RMVM_MB_06ef56d7a4,Anh Nên Đi Khỏi Đây,HIEUTHUHAI,RAP_HIPHOP,TIER_B,True,False,0,,False,False,0,,False,0,0,,2026.0
RMVM_MB_2901d8167e,Vacheron Louie V,HIEUTHUHAI,RAP_HIPHOP,TIER_B,True,False,0,,False,False,0,,False,0,0,,2026.0
RMVM_MB_a837ad2bab,Hết Yêu,HIEUTHUHAI,RAP_HIPHOP,TIER_B,True,False,0,,False,False,0,,False,0,0,,2026.0
RMVM_MB_699ec7681a,Đáng Lý Anh Nên Yêu Em Hơn,HIEUTHUHAI,RAP_HIPHOP,TIER_B,True,False,0,,False,False,0,,False,0,0,,2026.0
RMVM_MB_330ccd1fa3,Sắp Nổi Tiếng 2,HIEUTHUHAI,RAP_HIPHOP,TIER_B,True,False,0,,False,False,0,,False,0,0,,2026.0
RMVM_MB_2673e6f6ae,Chờ Tới Khi Anh Về,HIEUTHUHAI,RAP_HIPHOP,TIER_B,True,False,0,,False,False,0,,False,0,0,,2026.0
RMVM_MB_007dda39e8,QUAY ĐI QUAY LẠI,HIEUTHUHAI,RAP_HIPHOP,TIER_B,True,False,0,,False,False,0,,False,0,0,,2024.0
RMVM_MB_69c61f0504,yêu anh đi mẹ anh bán bánh mì,Phúc Du,RAP_HIPHOP,TIER_B,True,False,0,,False,False,0,,False,0,0,,2023.0
RMVM_MB_b1b6eb766a,đứa nào làm em buồn (Lofi Version),Phúc Du,RAP_HIPHOP,TIER_B,True,False,0,,False,False,0,,False,0,0,,2023.0
RMVM_MB_54f9ff0b35,Nhường Lại Em,Phúc Du,RAP_HIPHOP,TIER_B,True,False,0,,False,False,0,,False,0,0,,2022.0
RMVM_MB_7fe7f00bcf,yêu anh đi mẹ anh bán bánh mì (DuongK Lofi),Phúc Du,RAP_HIPHOP,TIER_B,True,False,0,,False,False,0,,False,0,0,,2023.0
RMVM_MB_574065d6a8,Đừng Gọi Anh Dậy (DSmall Remix),Phúc Du,RAP_HIPHOP,TIER_B,True,False,0,,False,False,0,,False,0,0,,2023.0
RMVM_MB_96a979c6de,Có đau thì đau một mình,Phúc Du,RAP_HIPHOP,TIER_B,True,False,0,,False,False,0,,False,0,0,,2024.0
RMVM_MB_522e68347d,đứa nào làm em buồn,Phúc Du,RAP_HIPHOP,TIER_B,True,False,0,,False,False,0,,False,0,0,,2023.0
RMVM_MB_2c2c9b8447,từ chối nhẹ nhàng thôi,Phúc Du,RAP_HIPHOP,TIER_B,True,False,0,,False,False,0,,False,0,0,,2020.0
RMVM_MB_7270c2c5f3,The Calling,Low G,RAP_HIPHOP,TIER_B,True,False,0,,False,False,0,,False,0,0,,2019.0
RMVM_MB_b04f9f3349,Kick The Bass,Low G,RAP_HIPHOP,TIER_B,True,False,0,,False,False,0,,False,0,0,,2019.0
RMVM_MB_b146805754,Tán Gái 303 (Phòng Trà Version),Low G,RAP_HIPHOP,TIER_B,True,False,0,,False,False,0,,False,0,0,,2025.0
RMVM_MB_ccb3422335,Interlude 1 - Cửa Sổ Tình Yêu,Low G,RAP_HIPHOP,TIER_B,True,False,0,,False,False,0,,False,0,0,,2025.0
RMVM_MB_e0ef2603c3,Outro - L2K FM,Low G,RAP_HIPHOP,TIER_B,True,False,0,,False,False,0,,False,0,0,,2025.0
RMVM_MB_28d9c5d4b5,Peace N’ Love,Low G,RAP_HIPHOP,TIER_B,True,False,0,,False,False,0,,False,0,0,,2025.0
RMVM_MB_35d90b0cd8,Interlude 2 - Lời Nhắn Từ Thính Giả,Low G,RAP_HIPHOP,TIER_B,True,False,0,,False,False,0,,False,0,0,,2025.0
RMVM_MB_a895196ace,Simp gái 808,Low G,RAP_HIPHOP,TIER_B,True,False,0,,False,False,0,,False,0,0,,2023.0
RMVM_MB_561e431e8d,Trash The Girl Them Trash,Blacka,RAP_HIPHOP,TIER_B,True,False,0,,False,False,0,,False,0,0,,1987.0
RMVM_MB_32acf01354,Realuminatti,Blacka,RAP_HIPHOP,TIER_B,True,False,0,,False,False,0,,False,0,0,,2013.0
RMVM_MB_9bda23a761,Name Brand,Blacka,RAP_HIPHOP,TIER_B,True,False,0,,False,False,0,,False,0,0,,2010.0
RMVM_MB_dd768a5f9d,Buddy Buddy,Blacka,RAP_HIPHOP,TIER_B,True,False,0,,False,False,0,,False,0,0,,2010.0
RMVM_MB_e843c6de3c,I Been,Blacka,RAP_HIPHOP,TIER_B,True,False,0,,False,False,0,,False,0,0,,2013.0
RMVM_MB_00b5a6a08b,MCCB,Blacka,RAP_HIPHOP,TIER_B,True,False,0,,False,False,0,,False,0,0,,2016.0
RMVM_MB_65b57d13a8,Dans Met Mij,Blacka,RAP_HIPHOP,TIER_B,True,False,0,,False,False,0,,False,0,0,,2023.0
RMVM_MB_e62b395c70,Magalin,Blacka,RAP_HIPHOP,TIER_B,True,False,0,,False,False,0,,False,0,0,,2020.0
RMVM_MB_52f422d20a,Nó,Datmaniac,RAP_HIPHOP,TIER_B,True,False,0,,False,False,0,,False,0,0,,2024.0
RMVM_MB_b3284bcf63,Tambours de Guerre,ICD,RAP_HIPHOP,TIER_B,True,False,0,,False,False,0,,False,0,0,,2022.0
RMVM_MB_7e470cd3e6,Infected Times,ICD,RAP_HIPHOP,TIER_B,True,False,0,,False,False,0,,False,0,0,,2018.0
RMVM_MB_f2d276be00,Anschlag bei Nacht,ICD,RAP_HIPHOP,TIER_B,True,False,0,,False,False,0,,False,0,0,,2014.0
RMVM_MB_53e2b13050,The Show,Cam,RAP_HIPHOP,TIER_B,True,False,0,,False,False,0,,False,0,0,,2001.0
RMVM_MB_fb11196d8d,To Be Continued,Cam,RAP_HIPHOP,TIER_B,True,False,0,,False,False,0,,False,0,0,,2001.0
RMVM_MB_0894f2c9af,3/4 Interlude,Cam,RAP_HIPHOP,TIER_B,True,False,0,,False,False,0,,False,0,0,,2001.0
RMVM_MB_e65c8ffe6e,It Ain't Hard to Do Right,Cam,RAP_HIPHOP,TIER_B,True,False,0,,False,False,0,,False,0,0,,2006.0
RMVM_MB_ae2b87f63a,From This Day On,Cam,RAP_HIPHOP,TIER_B,True,False,0,,False,False,0,,False,0,0,,2006.0
RMVM_MB_d56ab60e8a,The Right Way,Cam,RAP_HIPHOP,TIER_B,True,False,0,,False,False,0,,False,0,0,,2006.0
RMVM_MB_6c9354ea7f,Shield of Faith,Cam,RAP_HIPHOP,TIER_B,True,False,0,,False,False,0,,False,0,0,,2006.0
RMVM_MB_9bbf902fd3,Thank God,Cam,RAP_HIPHOP,TIER_B,True,False,0,,False,False,0,,False,0,0,,2006.0
RMVM_MB_63cf7ee185,Huyền Vi,Masew,DANCE_EDM,TIER_B,True,False,0,,False,False,0,,False,0,0,,2023.0
RMVM_MB_c89a4c97cb,Glory Is Yours,Masew,DANCE_EDM,TIER_B,True,False,0,,False,False,0,,False,0,0,,2025.0
RMVM_MB_924ec618c0,À Lôi,Masew,DANCE_EDM,TIER_B,True,False,0,,False,False,0,,False,0,0,,2023.0
RMVM_MB_88dcccf176,Mời Trầu (Lofi version 1),Masew,DANCE_EDM,TIER_B,True,False,0,,False,False,0,,False,0,0,,2022.0
RMVM_MB_7f91405717,Thị Mầu,Masew,DANCE_EDM,TIER_B,True,False,0,,False,False,0,,False,0,0,,2023.0
RMVM_MB_3ef4d37643,Đoá Hoa Hồng (Queen),Masew,DANCE_EDM,TIER_B,True,False,0,,False,False,0,,False,0,0,,2018.0
RMVM_MB_62118c0acf,Mời Trầu,Masew,DANCE_EDM,TIER_B,True,False,0,,False,False,0,,False,0,0,,2022.0
RMVM_MB_f7539ce6a6,Mời Trầu (slowed + reverb),Masew,DANCE_EDM,TIER_B,True,False,0,,False,False,0,,False,0,0,,2022.0
RMVM_MB_ea7307ac6c,Em gì ơi,K-ICM,DANCE_EDM,TIER_B,True,False,0,,False,False,0,,False,0,0,,
RMVM_MB_cad39a354d,Sóng gió,K-ICM,DANCE_EDM,TIER_B,True,False,0,,False,False,0,,False,0,0,,
RMVM_MB_96c5a5fbde,Give Me Your Love,K-ICM,DANCE_EDM,TIER_B,True,False,0,,False,False,0,,False,0,0,,2021.0
RMVM_MB_df8757f307,Special Love,Triple D,DANCE_EDM,TIER_B,True,False,0,,False,False,0,,False,0,0,,2014.0
RMVM_MB_7ca03865c1,Gánh Hàng Rong,Triple D,DANCE_EDM,TIER_B,True,False,0,,False,False,0,,False,0,0,,2016.0
RMVM_MB_27d4feecc2,Party,Triple D,DANCE_EDM,TIER_B,True,False,0,,False,False,0,,False,0,0,,2016.0
RMVM_MB_dcc0169904,Movidas,Triple D,DANCE_EDM,TIER_B,True,False,0,,False,False,0,,False,0,0,,2016.0
RMVM_MB_916a0228a3,NGUYÊN TEAM ĐI VÀO HẾT,Triple D,DANCE_EDM,TIER_B,True,False,0,,False,False,0,,False,0,0,,2018.0
RMVM_MB_3640c38166,Deep Sea,Triple D,DANCE_EDM,TIER_B,True,False,0,,False,False,0,,False,0,0,,2018.0
RMVM_MB_780f0ed2fb,Ni snackar skit,Triple D,DANCE_EDM,TIER_B,True,False,0,,False,False,0,,False,0,0,,2007.0
RMVM_MB_699856146b,I Need Your Love,Triple D,DANCE_EDM,TIER_B,True,False,0,,False,False,0,,False,0,0,,1996.0
RMVM_MB_5c232f14fd,The Fishermen,Hoaprox,DANCE_EDM,TIER_B,True,False,0,,False,False,0,,False,0,0,,2020.0
RMVM_MB_e3feeeb77d,The Message,Hoaprox,DANCE_EDM,TIER_B,True,False,0,,False,False,0,,False,0,0,,2020.0
RMVM_MB_b98ae10ea4,I Miss U,Hoaprox,DANCE_EDM,TIER_B,True,False,0,,False,False,0,,False,0,0,,2016.0
RMVM_MB_c85f5879d9,Hope in the Horizon,Hoaprox,DANCE_EDM,TIER_B,True,False,0,,False,False,0,,False,0,0,,2020.0
RMVM_MB_055cc3c6e9,Fuelled by fear,Hoaprox,DANCE_EDM,TIER_B,True,False,0,,False,False,0,,False,0,0,,2020.0
RMVM_MB_f8dbbe0b88,Escape,Hoaprox,DANCE_EDM,TIER_B,True,False,0,,False,False,0,,False,0,0,,2020.0
RMVM_MB_14f9cee6c2,The True Story,Hoaprox,DANCE_EDM,TIER_B,True,False,0,,False,False,0,,False,0,0,,2020.0
RMVM_MB_aa4582a4e9,Ngau Hung,Hoaprox,DANCE_EDM,TIER_B,True,False,0,,False,False,0,,False,0,0,,2018.0
RMVM_MB_128e903441,Em xinh,Onionn,DANCE_EDM,TIER_B,True,False,0,,False,False,0,,False,0,0,,2023.0
RMVM_MB_ba48b96af1,Em Là,Onionn,DANCE_EDM,TIER_B,True,False,0,,False,False,0,,False,0,0,,2022.0
RMVM_MB_ec89257010,L.I.E,Onionn,DANCE_EDM,TIER_B,True,False,0,,False,False,0,,False,0,0,,2022.0
RMVM_MB_f0488efb9c,Open Your Eyes,Onionn,DANCE_EDM,TIER_B,True,False,0,,False,False,0,,False,0,0,,2023.0
RMVM_MB_5f62d36471,Anh Không Thể,Onionn,DANCE_EDM,TIER_B,True,False,0,,False,False,0,,False,0,0,,2022.0
RMVM_MB_64d587b091,Waiting For You,Onionn,DANCE_EDM,TIER_B,True,False,0,,False,False,0,,False,0,0,,2022.0
RMVM_MB_c1b14cedee,Do You,Onionn,DANCE_EDM,TIER_B,True,False,0,,False,False,0,,False,0,0,,2022.0
RMVM_MB_dcd5122061,Chạy Ngay Đi - Onionn Remix,Onionn,DANCE_EDM,TIER_B,True,False,0,,False,False,0,,False,0,0,,2018.0
RMVM_MB_1ed4fcce55,Nghe như tình yêu,Kewtiie,DANCE_EDM,TIER_B,True,False,0,,False,False,0,,False,0,0,,
RMVM_MB_f63d5f8726,Chài điếp noọng (Anh yêu em),DuongK,DANCE_EDM,TIER_B,True,False,0,,False,False,0,,False,0,0,,2023.0
RMVM_MB_5562fa63a9,I Don't Care,Daniel Mastro,DANCE_EDM,TIER_B,True,False,0,,False,False,0,,False,0,0,,2017.0
RMVM_MB_6fbf62a5b7,Ký Ức Còn Đâu - Daniel Mastro Remix,Daniel Mastro,DANCE_EDM,TIER_B,True,False,0,,False,False,0,,False,0,0,,2018.0
RMVM_MB_cca26ec3cb,Yêu dại khờ,Thúy Hường,FOLK_TRADITIONAL,TIER_B,True,False,0,,False,False,0,,False,0,0,,2008.0
RMVM_MB_ab87ca2923,Chàng đẹp trai,Thúy Hường,FOLK_TRADITIONAL,TIER_B,True,False,0,,False,False,0,,False,0,0,,2008.0
RMVM_MB_32927e4f0a,Tình thắm duyên quê,Thúy Hường,FOLK_TRADITIONAL,TIER_B,True,False,0,,False,False,0,,False,0,0,,2016.0
RMVM_MB_bb4e972238,Gimme Gimme,Thúy Hường,FOLK_TRADITIONAL,TIER_B,True,False,0,,False,False,0,,False,0,0,,2008.0
RMVM_MB_a0fb33067e,Ngàn năm chờ đợi,Thúy Hường,FOLK_TRADITIONAL,TIER_B,True,False,0,,False,False,0,,False,0,0,,2008.0
RMVM_MB_409222a8df,Khát khao,Thúy Hường,FOLK_TRADITIONAL,TIER_B,True,False,0,,False,False,0,,False,0,0,,2008.0
RMVM_MB_593179e287,Men Say Tình Ái,Thúy Hường,FOLK_TRADITIONAL,TIER_B,True,False,0,,False,False,0,,False,0,0,,2008.0
RMVM_MB_d7216573bb,Miss me,Thúy Hường,FOLK_TRADITIONAL,TIER_B,True,False,0,,False,False,0,,False,0,0,,2008.0
RMVM_MB_532dc176b8,Hương giang còn tôi chờ,Hương Lan,FOLK_TRADITIONAL,TIER_B,True,False,0,,False,False,0,,False,0,0,,
RMVM_MB_df4d5b13a6,Cố đô yêu dấu,Hương Lan,FOLK_TRADITIONAL,TIER_B,True,False,0,,False,False,0,,False,0,0,,
RMVM_MB_5225f371bc,Tưởng như còn người yêu,Hương Lan,FOLK_TRADITIONAL,TIER_B,True,False,0,,False,False,0,,False,0,0,,
RMVM_MB_c941ec8bd9,Em đi chùa Hương,Hương Lan,FOLK_TRADITIONAL,TIER_B,True,False,0,,False,False,0,,False,0,0,,
RMVM_MB_277b8462e8,Huế,Hương Lan,FOLK_TRADITIONAL,TIER_B,True,False,0,,False,False,0,,False,0,0,,
RMVM_MB_d4bf214fe3,Vì yêu em,Hương Lan,FOLK_TRADITIONAL,TIER_B,True,False,0,,False,False,0,,False,0,0,,
RMVM_MB_cb1f3dc20e,Lời giã biệt,Hương Lan,FOLK_TRADITIONAL,TIER_B,True,False,0,,False,False,0,,False,0,0,,
RMVM_MB_2b67783de5,Cánh thiệp đầu xuân,Hương Lan,FOLK_TRADITIONAL,TIER_B,True,False,0,,False,False,0,,False,0,0,,1993.0
RMVM_MB_9bc32a106f,Sầu lẻ bóng,Quang Linh,FOLK_TRADITIONAL,TIER_B,True,False,0,,False,False,0,,False,0,0,,2006.0
RMVM_MB_8e3f3b9cb4,Tôi yêu,Quang Linh,FOLK_TRADITIONAL,TIER_B,True,False,0,,False,False,0,,False,0,0,,2007.0
RMVM_MB_5c2b768bfc,Hai vì sao lạc,Quang Linh,FOLK_TRADITIONAL,TIER_B,True,False,0,,False,False,0,,False,0,0,,2017.0
RMVM_MB_76e6ef5e03,Đêm Hoa Đăng,Quang Linh,FOLK_TRADITIONAL,TIER_B,True,False,0,,False,False,0,,False,0,0,,1999.0
RMVM_MB_26f4cc9235,Hoa học trò,Quang Linh,FOLK_TRADITIONAL,TIER_B,True,False,0,,False,False,0,,False,0,0,,2006.0
RMVM_MB_0f7a9899ac,Ngẩn ngơ tìm em,Quang Linh,FOLK_TRADITIONAL,TIER_B,True,False,0,,False,False,0,,False,0,0,,2007.0
RMVM_MB_3b743a3928,Phố vắng em rồi,Quang Linh,FOLK_TRADITIONAL,TIER_B,True,False,0,,False,False,0,,False,0,0,,2006.0
RMVM_MB_53c0519672,Thương Về Miền Trung,Quang Linh,FOLK_TRADITIONAL,TIER_B,True,False,0,,False,False,0,,False,0,0,,1999.0
RMVM_MB_900b5f1f92,Bỏ phố lên rừng,Phi Nhung,FOLK_TRADITIONAL,TIER_B,True,False,0,,False,False,0,,False,0,0,,2016.0
RMVM_MB_bd7c5747f7,Tính xa khuất,Phi Nhung,FOLK_TRADITIONAL,TIER_B,True,False,0,,False,False,0,,False,0,0,,1999.0
RMVM_MB_a328444667,Trống vắng,Phi Nhung,FOLK_TRADITIONAL,TIER_B,True,False,0,,False,False,0,,False,0,0,,1999.0
RMVM_MB_024d34c05b,Nửa trái tim,Phi Nhung,FOLK_TRADITIONAL,TIER_B,True,False,0,,False,False,0,,False,0,0,,1999.0
RMVM_MB_20c543b5b3,Thôi anh hãy đi theo người,Phi Nhung,FOLK_TRADITIONAL,TIER_B,True,False,0,,False,False,0,,False,0,0,,1999.0
RMVM_MB_ace1e1eb42,Lý con sáo Bạc Liêu,Phi Nhung,FOLK_TRADITIONAL,TIER_B,True,False,0,,False,False,0,,False,0,0,,1999.0
RMVM_MB_0bf8ff66db,Sao muốn giết người yêu,Phi Nhung,FOLK_TRADITIONAL,TIER_B,True,False,0,,False,False,0,,False,0,0,,1999.0
RMVM_MB_74d301b7fd,Khúc hát tương phùng,Phi Nhung,FOLK_TRADITIONAL,TIER_B,True,False,0,,False,False,0,,False,0,0,,2001.0
RMVM_MB_19d4ac3511,Mẹ,Minh Vương,FOLK_TRADITIONAL,TIER_B,True,False,0,,False,False,0,,False,0,0,,2024.0
RMVM_MB_0feeeb73c6,Trả Lại Em Hạnh Phúc (instrumental),Minh Vương,FOLK_TRADITIONAL,TIER_B,True,False,0,,False,False,0,,False,0,0,,2024.0
RMVM_MB_f909c03d8a,Nhớ Em,Minh Vương,FOLK_TRADITIONAL,TIER_B,True,False,0,,False,False,0,,False,0,0,,2018.0
RMVM_MB_c45a61c8c9,Những Ngày Đẹp Trời,Minh Vương,FOLK_TRADITIONAL,TIER_B,True,False,0,,False,False,0,,False,0,0,,2018.0
RMVM_MB_c692e31b5f,Vì Sao Cuối Trời,Minh Vương,FOLK_TRADITIONAL,TIER_B,True,False,0,,False,False,0,,False,0,0,,2018.0
RMVM_MB_6f6f515bd7,Vệt Nắng Cuối Trời,Minh Vương,FOLK_TRADITIONAL,TIER_B,True,False,0,,False,False,0,,False,0,0,,2018.0
RMVM_MB_17cec40442,Xác Lá Vàng Rơi,Minh Vương,FOLK_TRADITIONAL,TIER_B,True,False,0,,False,False,0,,False,0,0,,2018.0
RMVM_MB_8e31dc53e4,Em Ơi Lên Phố,Minh Vương,FOLK_TRADITIONAL,TIER_B,True,False,0,,False,False,0,,False,0,0,,2020.0
RMVM_MB_aece421312,Chiếc Lược Ngà,Kim Tử Long,FOLK_TRADITIONAL,TIER_B,True,False,0,,False,False,0,,False,0,0,,2023.0
