song_id,title,artist,artist_id,genre,label_source,label_confidence,other_reason,audio_path,audio_status,lyrics_path,lyrics_status,cover_path,cover_status,release_year,year_status,tier,modality_state,dataset_version,release_year_status,release_year_source,lyrics_available,cover_available,audio_available,version_type,source,source_id
RMVM_S_ca27d6f989,Liên Khúc: Ước Mơ Trong Đời - Có Nhau Trọn Đời (Live),Hồ Quỳnh Hương,ART_b84167a040,POP_BALLAD,deterministic_mapping,1.0,,,unavailable,,unavailable,data/covers/RMVM_S_ca27d6f989.jpg,verified_local,2011.0,verified,TIER_A,COVER_ONLY,v1,verified,verified_crawl,0,1,0,original_recording,,Z7IOFD9C
RMVM_S_bb4efb9866,Anh Tin Mình Đã Cho Nhau 1 Kỉ Niệm (Prod.by Pharreal Phương & Dsmall),Nhiều nghệ sĩ,ART_736b531937,POP_BALLAD,deterministic_mapping,1.0,,,unavailable,data/lyrics/RMVM_S_bb4efb9866.txt,verified_local,data/covers/RMVM_S_bb4efb9866.jpg,verified_local,2017.0,verified,TIER_A,LYRICS_COVER,v1,verified,verified_crawl,1,1,0,original_recording,,ZW7FOAUI
RMVM_S_e3215120c8,Kết Thúc Một Cuộc Tình (Phi Nguyễn Remix),Cao Nam Thành,ART_96f1876e49,POP_BALLAD,deterministic_mapping,1.0,,,unavailable,data/lyrics/RMVM_S_e3215120c8.txt,verified_local,data/covers/RMVM_S_e3215120c8.jpg,verified_local,2018.0,verified,TIER_A,LYRICS_COVER,v1,verified,verified_crawl,1,1,0,original_recording,,ZW9FDEWW
RMVM_S_95552aeb06,Anh Quá Khó Phải Không Em (Remix),Đoàn Việt Phương,ART_9bdc86fea0,POP_BALLAD,deterministic_mapping,1.0,,,unavailable,data/lyrics/RMVM_S_95552aeb06.txt,verified_local,,unavailable,2014.0,verified,TIER_A,LYRICS_ONLY,v1,verified,verified_crawl,1,0,0,original_recording,,ZW6EO0FO
RMVM_S_b624658b9b,Tranh Nguoi Yeu Toi Ra,Đào Nguyễn Ánh,ART_1995f6593a,ROCK,source_tag_verification,0.85,,,unavailable,data/lyrics/RMVM_S_b624658b9b.txt,verified_local,,unavailable,2018.0,verified,TIER_B,LYRICS_ONLY,v1,verified,verified_crawl,1,0,0,original_recording,,ZW8WD8CC
RMVM_S_8e45686acc,Anh Xin Lỗi Em Remix,Châu Khải Phong,ART_b5c7c65b2f,POP_BALLAD,deterministic_mapping,1.0,,,unavailable,data/lyrics/RMVM_S_8e45686acc.txt,verified_local,,unavailable,2014.0,verified,TIER_A,LYRICS_ONLY,v1,verified,verified_crawl,1,0,0,original_recording,,ZW6EA98U
RMVM_S_e982541147,Đô Thị (The Remix 2017),"MiA, Tronie Ngô, Addy Trần",ART_a6da16f673,POP_BALLAD,deterministic_mapping,1.0,,,unavailable,data/lyrics/RMVM_S_e982541147.txt,verified_local,,unavailable,2017.0,verified,TIER_A,LYRICS_ONLY,v1,verified,verified_crawl,1,0,0,original_recording,,ZW79Z8A9
RMVM_S_31e68cb92e,Giấc Mơ Không Quay Về,The Men,ART_bbb595b853,POP_BALLAD,deterministic_mapping,1.0,,,unavailable,data/lyrics/RMVM_S_31e68cb92e.txt,verified_local,,unavailable,2012.0,verified,TIER_A,LYRICS_ONLY,v1,verified,verified_crawl,1,0,0,original_recording,,ZW60B0UA
RMVM_S_63e60c3258,Anh thấy mình nhớ em,Tống Gia Vỹ,ART_3056dbc2e2,POP_BALLAD,deterministic_mapping,1.0,,,unavailable,data/lyrics/RMVM_S_63e60c3258.txt,verified_local,,unavailable,2011.0,verified,TIER_A,LYRICS_ONLY,v1,verified,verified_crawl,1,0,0,original_recording,,ZWZBC878
RMVM_S_4a18af78d0,Anh Sợ Mất Em (Remix),The Men,ART_bbb595b853,POP_BALLAD,deterministic_mapping,1.0,,,unavailable,data/lyrics/RMVM_S_4a18af78d0.txt,verified_local,,unavailable,2015.0,verified,TIER_A,LYRICS_ONLY,v1,verified,verified_crawl,1,0,0,original_recording,,Z688ZFAO
RMVM_S_3a3656d910,Băng Giá,"Hồ Quang Hiếu, Hoàng Rapper",ART_b51634e12d,POP_BALLAD,deterministic_mapping,1.0,,,unavailable,data/lyrics/RMVM_S_3a3656d910.txt,verified_local,,unavailable,2017.0,verified,TIER_A,LYRICS_ONLY,v1,verified,verified_crawl,1,0,0,original_recording,,ZW79OWIU
RMVM_S_d1e6d6fe95,Thương Về Cố Đô (2017),"Lương Gia Huy, Lâm Chấn Huy",ART_48f40ab9f5,FOLK_TRADITIONAL,deterministic_mapping,1.0,,,unavailable,data/lyrics/RMVM_S_d1e6d6fe95.txt,verified_local,,unavailable,2017.0,verified,TIER_A,LYRICS_ONLY,v1,verified,verified_crawl,1,0,0,original_recording,,ZW8W8ZW7
RMVM_S_417168b1fa,Chuyện Người Đàn Bà 2000 Năm Trước,Tín Nhiệm,ART_ac76920f7e,BOLERO_TRUTINH,deterministic_mapping,1.0,,,unavailable,data/lyrics/RMVM_S_417168b1fa.txt,verified_local,,unavailable,2000.0,verified,TIER_A,LYRICS_ONLY,v1,verified,verified_crawl,1,0,0,original_recording,,ZWAI8CZ8
RMVM_S_d29125213a,Em Nhớ Anh Nhiều,Cẩm Ly,ART_310ca7b279,POP_BALLAD,deterministic_mapping,1.0,,,unavailable,data/lyrics/RMVM_S_d29125213a.txt,verified_local,,unavailable,2006.0,verified,TIER_A,LYRICS_ONLY,v1,verified,verified_crawl,1,0,0,original_recording,,ZWZCUWEE
RMVM_S_ca65fa5d79,Tron Kiep La Anh Em,Đào Nguyễn Ánh,ART_1995f6593a,ROCK,source_tag_verification,0.85,,,unavailable,data/lyrics/RMVM_S_ca65fa5d79.txt,verified_local,,unavailable,2018.0,verified,TIER_B,LYRICS_ONLY,v1,verified,verified_crawl,1,0,0,original_recording,,ZW9BWF9Z
RMVM_MB_6db3eb9f8d,Hoa Ban trắng,Bức Tường,ART_376d48d912,ROCK,musicbrainz_artist_discography,0.85,,,unavailable,,unavailable,,unavailable,2010.0,verified,TIER_B,METADATA_ONLY,v1,verified,verified_crawl,0,0,0,original_recording,,4508c165-8f93-4370-8eca-a38e503baeae
RMVM_MB_384ab4ab25,Ngày khác,Bức Tường,ART_376d48d912,ROCK,musicbrainz_artist_discography,0.85,,,unavailable,,unavailable,,unavailable,2010.0,verified,TIER_B,METADATA_ONLY,v1,verified,verified_crawl,0,0,0,original_recording,,8ff91d1a-4bdb-4e9e-a14c-504cef66da6d
RMVM_MB_e7b6832b18,Cô gái quàng khăn đỏ,Bức Tường,ART_376d48d912,ROCK,musicbrainz_artist_discography,0.85,,,unavailable,,unavailable,,unavailable,2010.0,verified,TIER_B,METADATA_ONLY,v1,verified,verified_crawl,0,0,0,original_recording,,10959b6e-cdf3-4bc7-81eb-4e2da2e7c9a1
RMVM_MB_3425fd35a2,Cho bước chân em đi,Bức Tường,ART_376d48d912,ROCK,musicbrainz_artist_discography,0.85,,,unavailable,,unavailable,,unavailable,2010.0,verified,TIER_B,METADATA_ONLY,v1,verified,verified_crawl,0,0,0,original_recording,,8f566d3c-2ae7-4994-a9cd-e739005fd649
RMVM_MB_1e5eec8ae1,Cơn mưa hoang dã (reload),Bức Tường,ART_376d48d912,ROCK,musicbrainz_artist_discography,0.85,,,unavailable,,unavailable,,unavailable,2003.0,verified,TIER_B,METADATA_ONLY,v1,verified,verified_crawl,0,0,0,original_recording,,c745d85f-ac7a-4068-89f6-23305f728977
RMVM_MB_ccbaa35021,Người mộng du,Bức Tường,ART_376d48d912,ROCK,musicbrainz_artist_discography,0.85,,,unavailable,,unavailable,,unavailable,2004.0,verified,TIER_B,METADATA_ONLY,v1,verified,verified_crawl,0,0,0,original_recording,,81d088a2-a3fa-4f8e-a072-be4bba07bd2c
RMVM_MB_fb505159f5,Giọt đắng,Bức Tường,ART_376d48d912,ROCK,musicbrainz_artist_discography,0.85,,,unavailable,,unavailable,,unavailable,2002.0,verified,TIER_B,METADATA_ONLY,v1,verified,verified_crawl,0,0,0,original_recording,,1724f4fb-54a8-43fc-9d06-aed15f071327
RMVM_MB_11dd0fc413,Bão đêm,Microwave,ART_6cfaeb6caa,ROCK,musicbrainz_artist_discography,0.85,,,unavailable,,unavailable,,unavailable,2005.0,verified,TIER_B,METADATA_ONLY,v1,verified,verified_crawl,0,0,0,original_recording,,93e9e1b3-7783-4ee6-b51f-3b79120768d5
RMVM_MB_3dc4064ccc,Sói,Microwave,ART_6cfaeb6caa,ROCK,musicbrainz_artist_discography,0.85,,,unavailable,,unavailable,,unavailable,2005.0,verified,TIER_B,METADATA_ONLY,v1,verified,verified_crawl,0,0,0,original_recording,,e7cbc19a-0fcf-42f2-99f9-51a538acd84d
RMVM_MB_16b8db6cfd,Hạt cát,Microwave,ART_6cfaeb6caa,ROCK,musicbrainz_artist_discography,0.85,,,unavailable,,unavailable,,unavailable,2009.0,verified,TIER_B,METADATA_ONLY,v1,verified,verified_crawl,0,0,0,original_recording,,39e959d7-812e-4c4d-a870-ed98348ee3fe
RMVM_MB_927c477882,Người mẹ,Microwave,ART_6cfaeb6caa,ROCK,musicbrainz_artist_discography,0.85,,,unavailable,,unavailable,,unavailable,2009.0,verified,TIER_B,METADATA_ONLY,v1,verified,verified_crawl,0,0,0,original_recording,,cadb4ca8-a1f9-418d-8388-e8c728a69d6e
RMVM_MB_3b51534a86,Khúc xuân thịnh vượng,Microwave,ART_6cfaeb6caa,ROCK,musicbrainz_artist_discography,0.85,,,unavailable,,unavailable,,unavailable,2016.0,verified,TIER_B,METADATA_ONLY,v1,verified,verified_crawl,0,0,0,original_recording,,a0e6f99e-23f3-4492-9017-62f6033cb4fb
RMVM_MB_42b0b598b2,Chung một con đường,Microwave,ART_6cfaeb6caa,ROCK,musicbrainz_artist_discography,0.85,,,unavailable,,unavailable,,unavailable,2016.0,verified,TIER_B,METADATA_ONLY,v1,verified,verified_crawl,0,0,0,original_recording,,3eee1eb5-f331-42cc-aef9-1fbd535cd6fd
RMVM_MB_6e3a14d2ea,Đừng,Microwave,ART_6cfaeb6caa,ROCK,musicbrainz_artist_discography,0.85,,,unavailable,,unavailable,,unavailable,2016.0,verified,TIER_B,METADATA_ONLY,v1,verified,verified_crawl,0,0,0,original_recording,,f591ccbb-395d-402a-84bb-bae189a673ae
RMVM_MB_85ad7f047b,Grass Stains,Microwave,ART_6cfaeb6caa,ROCK,musicbrainz_artist_discography,0.85,,,unavailable,,unavailable,,unavailable,2015.0,verified,TIER_B,METADATA_ONLY,v1,verified,verified_crawl,0,0,0,original_recording,,f1baf148-c6ac-49c7-bcfb-696d1741c0c7
RMVM_MB_1808dbb3ef,Photos,Unlimited,ART_958f470d0b,ROCK,musicbrainz_artist_discography,0.85,,,unavailable,,unavailable,,unavailable,2009.0,verified,TIER_B,METADATA_ONLY,v1,verified,verified_crawl,0,0,0,original_recording,,7ab9b08f-27ba-4fe3-bf44-758d1cfecd96
RMVM_MB_75d1f145dc,Phantom of the Opera,Unlimited,ART_958f470d0b,ROCK,musicbrainz_artist_discography,0.85,,,unavailable,,unavailable,,unavailable,2009.0,verified,TIER_B,METADATA_ONLY,v1,verified,verified_crawl,0,0,0,original_recording,,68eca4d5-1fd9-44d1-88a9-62b21a94b1d7
RMVM_MB_d984b71758,Tái sinh,Unlimited,ART_958f470d0b,ROCK,musicbrainz_artist_discography,0.85,,,unavailable,,unavailable,,unavailable,2009.0,verified,TIER_B,METADATA_ONLY,v1,verified,verified_crawl,0,0,0,original_recording,,5fd4fbfe-82b5-42b6-b39a-3a48251ab67f
RMVM_MB_d0de22364c,Sự cứu chuộc,Unlimited,ART_958f470d0b,ROCK,musicbrainz_artist_discography,0.85,,,unavailable,,unavailable,,unavailable,2009.0,verified,TIER_B,METADATA_ONLY,v1,verified,verified_crawl,0,0,0,original_recording,,c57a9ba1-1562-4e39-af7f-7be5f0412d96
RMVM_MB_ccd22c6627,Con đường ánh sáng,Unlimited,ART_958f470d0b,ROCK,musicbrainz_artist_discography,0.85,,,unavailable,,unavailable,,unavailable,2009.0,verified,TIER_B,METADATA_ONLY,v1,verified,verified_crawl,0,0,0,original_recording,,74e323fe-7881-43d0-9f40-e3ad393f1c0c
RMVM_MB_9dfc3226e3,Sự sống,Unlimited,ART_958f470d0b,ROCK,musicbrainz_artist_discography,0.85,,,unavailable,,unavailable,,unavailable,2009.0,verified,TIER_B,METADATA_ONLY,v1,verified,verified_crawl,0,0,0,original_recording,,90389828-fec1-43ca-925d-e40396fc309b
RMVM_MB_a2884468a6,Nối vòng tay lớn,Unlimited,ART_958f470d0b,ROCK,musicbrainz_artist_discography,0.85,,,unavailable,,unavailable,,unavailable,2007.0,verified,TIER_B,METADATA_ONLY,v1,verified,verified_crawl,0,0,0,original_recording,,b8684893-498e-4f07-8e71-9b00bb11e00e
RMVM_MB_9886c917b0,Wings of Destiny,Unlimited,ART_958f470d0b,ROCK,musicbrainz_artist_discography,0.85,,,unavailable,,unavailable,,unavailable,2007.0,verified,TIER_B,METADATA_ONLY,v1,verified,verified_crawl,0,0,0,original_recording,,8d9e1f08-67a9-4215-b89e-ef82e5869366
RMVM_MB_647acddcc3,Freak Stepper,Parasite,ART_d034010438,ROCK,musicbrainz_artist_discography,0.85,,,unavailable,,unavailable,,unavailable,2003.0,verified,TIER_B,METADATA_ONLY,v1,verified,verified_crawl,0,0,0,original_recording,,528a95e6-0c0c-4e1f-ac80-efc9ae0af447
RMVM_MB_e0af30fa68,"Money, Money, Money",Parasite,ART_d034010438,ROCK,musicbrainz_artist_discography,0.85,,,unavailable,,unavailable,,unavailable,2000.0,verified,TIER_B,METADATA_ONLY,v1,verified,verified_crawl,0,0,0,original_recording,,446918ae-f330-4953-a999-b1e380a3c2f7
RMVM_MB_c058c051cb,Untitled,Parasite,ART_d034010438,ROCK,musicbrainz_artist_discography,0.85,,,unavailable,,unavailable,,unavailable,2000.0,verified,TIER_B,METADATA_ONLY,v1,verified,verified_crawl,0,0,0,original_recording,,d962a120-8e89-442f-b66a-1bd3f577b78d
RMVM_MB_e6ff0b2e7f,Big Up Yourself (Monkey Steak remix),Parasite,ART_d034010438,ROCK,musicbrainz_artist_discography,0.85,,,unavailable,,unavailable,,unavailable,2005.0,verified,TIER_B,METADATA_ONLY,v1,verified,verified_crawl,0,0,0,original_recording,,b1ffa095-41fd-4e45-a16b-3e5b0ebe5c5b
RMVM_MB_bcdfcb9601,Mars,Cát,ART_3dfad4e24c,ROCK,musicbrainz_artist_discography,0.85,,,unavailable,,unavailable,,unavailable,2004.0,verified,TIER_B,METADATA_ONLY,v1,verified,verified_crawl,0,0,0,original_recording,,34136c15-5f4c-4865-8c1f-6b8ec9a56e23
RMVM_MB_38a28c964b,Dig,Cát,ART_3dfad4e24c,ROCK,musicbrainz_artist_discography,0.85,,,unavailable,,unavailable,,unavailable,2009.0,verified,TIER_B,METADATA_ONLY,v1,verified,verified_crawl,0,0,0,original_recording,,cf3daaca-32c3-41f6-9bf1-7fd41ea38982
RMVM_MB_5dc984b6de,Swamp Rat,Cát,ART_3dfad4e24c,ROCK,musicbrainz_artist_discography,0.85,,,unavailable,,unavailable,,unavailable,2009.0,verified,TIER_B,METADATA_ONLY,v1,verified,verified_crawl,0,0,0,original_recording,,6183ef57-6912-42a4-980a-6c2f5bd449b3
RMVM_MB_32827028b9,Drive a Desert Into a Brick Wall,Cát,ART_3dfad4e24c,ROCK,musicbrainz_artist_discography,0.85,,,unavailable,,unavailable,,unavailable,2011.0,verified,TIER_B,METADATA_ONLY,v1,verified,verified_crawl,0,0,0,original_recording,,cc418155-8dfc-47e7-a647-73e757b02a72
RMVM_MB_4ceced7f6f,Slime,Cát,ART_3dfad4e24c,ROCK,musicbrainz_artist_discography,0.85,,,unavailable,,unavailable,,unavailable,2014.0,verified,TIER_B,METADATA_ONLY,v1,verified,verified_crawl,0,0,0,original_recording,,b9f0ee25-fbe6-45fb-b6ff-2fb0bcdc91f9
RMVM_MB_ab5a011d36,Heard Her Play,Cát,ART_3dfad4e24c,ROCK,musicbrainz_artist_discography,0.85,,,unavailable,,unavailable,,unavailable,2010.0,verified,TIER_B,METADATA_ONLY,v1,verified,verified_crawl,0,0,0,original_recording,,1637ee76-4f5b-44a0-9ebe-071eff136259
RMVM_MB_eb649cd095,Trees,Cát,ART_3dfad4e24c,ROCK,musicbrainz_artist_discography,0.85,,,unavailable,,unavailable,,unavailable,2014.0,verified,TIER_B,METADATA_ONLY,v1,verified,verified_crawl,0,0,0,original_recording,,23059ca6-1437-4da3-be22-74130cbceb88
RMVM_MB_6763930388,Romance,Cát,ART_3dfad4e24c,ROCK,musicbrainz_artist_discography,0.85,,,unavailable,,unavailable,,unavailable,2011.0,verified,TIER_B,METADATA_ONLY,v1,verified,verified_crawl,0,0,0,original_recording,,bb34b046-246a-4d9b-b7f3-8113dc698a49
RMVM_MB_46f8948093,Lão cô đơn,Gạt Tàn Đầy,ART_70c5640a4b,ROCK,musicbrainz_artist_discography,0.85,,,unavailable,,unavailable,,unavailable,2006.0,verified,TIER_B,METADATA_ONLY,v1,verified,verified_crawl,0,0,0,original_recording,,2b49a50b-e908-4834-a009-6460948c9f5c
RMVM_MB_e54010bd45,Lại một bài tình ca nữa,Gạt Tàn Đầy,ART_70c5640a4b,ROCK,musicbrainz_artist_discography,0.85,,,unavailable,,unavailable,,unavailable,2006.0,verified,TIER_B,METADATA_ONLY,v1,verified,verified_crawl,0,0,0,original_recording,,3bb7e176-37b5-4a99-b9af-b2ab10c61511
RMVM_MB_e16c2b24ad,Phàn nàn,Gạt Tàn Đầy,ART_70c5640a4b,ROCK,musicbrainz_artist_discography,0.85,,,unavailable,,unavailable,,unavailable,2006.0,verified,TIER_B,METADATA_ONLY,v1,verified,verified_crawl,0,0,0,original_recording,,5913e094-24e5-43c5-b2f4-c920f1f6969d
RMVM_MB_89752f64c3,Chùm nho chín mọng,Gạt Tàn Đầy,ART_70c5640a4b,ROCK,musicbrainz_artist_discography,0.85,,,unavailable,,unavailable,,unavailable,2006.0,verified,TIER_B,METADATA_ONLY,v1,verified,verified_crawl,0,0,0,original_recording,,2d6d86e3-c6d4-4e22-a098-300036e8c5b2
RMVM_MB_651e9ccac7,Mứt,Gạt Tàn Đầy,ART_70c5640a4b,ROCK,musicbrainz_artist_discography,0.85,,,unavailable,,unavailable,,unavailable,2006.0,verified,TIER_B,METADATA_ONLY,v1,verified,verified_crawl,0,0,0,original_recording,,e16f2703-a7da-4edb-87ab-fc696ff4379e
RMVM_MB_c225a05602,Phở,Gạt Tàn Đầy,ART_70c5640a4b,ROCK,musicbrainz_artist_discography,0.85,,,unavailable,,unavailable,,unavailable,2006.0,verified,TIER_B,METADATA_ONLY,v1,verified,verified_crawl,0,0,0,original_recording,,07083cc4-7f83-46ef-830a-bba7b2074c54
RMVM_MB_555580d0e8,Ngắn ngủi,Thủy Triều Đỏ,ART_fd95027341,ROCK,musicbrainz_artist_discography,0.85,,,unavailable,,unavailable,,unavailable,2003.0,verified,TIER_B,METADATA_ONLY,v1,verified,verified_crawl,0,0,0,original_recording,,fab0bddc-baee-4558-8076-13b9ac591713
RMVM_MB_61b94d4ab1,Cái chết trắng,Thủy Triều Đỏ,ART_fd95027341,ROCK,musicbrainz_artist_discography,0.85,,,unavailable,,unavailable,,unavailable,2006.0,verified,TIER_B,METADATA_ONLY,v1,verified,verified_crawl,0,0,0,original_recording,,abb53e67-7726-4bca-b777-f1e07d9d7bd2
RMVM_MB_0a14a18db9,Giây phút uyên ương,Thủy Triều Đỏ,ART_fd95027341,ROCK,musicbrainz_artist_discography,0.85,,,unavailable,,unavailable,,unavailable,2006.0,verified,TIER_B,METADATA_ONLY,v1,verified,verified_crawl,0,0,0,original_recording,,dd21d3e5-c36c-42f6-ac98-8307e0d08abc
RMVM_MB_2e41e7e67a,Nhịp sống,Thủy Triều Đỏ,ART_fd95027341,ROCK,musicbrainz_artist_discography,0.85,,,unavailable,,unavailable,,unavailable,2006.0,verified,TIER_B,METADATA_ONLY,v1,verified,verified_crawl,0,0,0,original_recording,,5ba2841d-ab39-4901-bd74-a6a361801290
RMVM_MB_a6bb6bbdb2,Nơi tuổi thơ tôi qua,Thủy Triều Đỏ,ART_fd95027341,ROCK,musicbrainz_artist_discography,0.85,,,unavailable,,unavailable,,unavailable,2006.0,verified,TIER_B,METADATA_ONLY,v1,verified,verified_crawl,0,0,0,original_recording,,44f70d58-49c3-4175-ad5e-3d2581159a80
RMVM_MB_dde8f28c41,Đi nghỉ mát (instrumental),Thủy Triều Đỏ,ART_fd95027341,ROCK,musicbrainz_artist_discography,0.85,,,unavailable,,unavailable,,unavailable,2006.0,verified,TIER_B,METADATA_ONLY,v1,verified,verified_crawl,0,0,0,original_recording,,ffd1bbc3-31f2-40f3-895f-2b6a93b88965
RMVM_MB_b896fa9edf,Urban Vibe,Re-Cycle,ART_dffa896787,ROCK,musicbrainz_artist_discography,0.85,,,unavailable,,unavailable,,unavailable,2001.0,verified,TIER_B,METADATA_ONLY,v1,verified,verified_crawl,0,0,0,original_recording,,cba3add6-7ff4-4178-ad7c-6ace0709d826
RMVM_MB_6b9e6a3982,Cycle,Re-Cycle,ART_dffa896787,ROCK,musicbrainz_artist_discography,0.85,,,unavailable,,unavailable,,unavailable,1997.0,verified,TIER_B,METADATA_ONLY,v1,verified,verified_crawl,0,0,0,original_recording,,8d72d282-84be-443d-b6b5-9597868e7502
RMVM_MB_770a065cb9,Biển nhớ,Trịnh Công Sơn,ART_92e0040ca7,NHAC_TRINH,musicbrainz_artist_discography,0.85,,,unavailable,,unavailable,,unavailable,1996.0,verified,TIER_B,METADATA_ONLY,v1,verified,verified_crawl,0,0,0,original_recording,,140b56c4-d2b9-416a-a240-e2d59072bef6
RMVM_MB_b6d41a8e4a,Như cánh vạc bay,Trịnh Công Sơn,ART_92e0040ca7,NHAC_TRINH,musicbrainz_artist_discography,0.85,,,unavailable,,unavailable,,unavailable,1997.0,verified,TIER_B,METADATA_ONLY,v1,verified,verified_crawl,0,0,0,original_recording,,9c4770db-1d23-4fb2-a2c7-64f63d045da2
RMVM_MB_63b0b1bb6a,Hoa Vàng Mấy Độ,Trịnh Công Sơn,ART_92e0040ca7,NHAC_TRINH,musicbrainz_artist_discography,0.85,,,unavailable,,unavailable,,unavailable,2011.0,verified,TIER_B,METADATA_ONLY,v1,verified,verified_crawl,0,0,0,original_recording,,f2cb3769-542f-469d-92c4-ac8debc65bbd
RMVM_MB_f8fd7c7776,Yêu Dấu Tan Theo,Trịnh Công Sơn,ART_92e0040ca7,NHAC_TRINH,musicbrainz_artist_discography,0.85,,,unavailable,,unavailable,,unavailable,2011.0,verified,TIER_B,METADATA_ONLY,v1,verified,verified_crawl,0,0,0,original_recording,,b62578d2-8b1e-43e9-aeaa-dd88ba07b490
RMVM_MB_e6c48f414d,Bên Đời Hiu Quạnh,Trịnh Công Sơn,ART_92e0040ca7,NHAC_TRINH,musicbrainz_artist_discography,0.85,,,unavailable,,unavailable,,unavailable,2011.0,verified,TIER_B,METADATA_ONLY,v1,verified,verified_crawl,0,0,0,original_recording,,49aae6a2-d249-4fc7-8e08-141a165c9ac8
RMVM_MB_1edd181741,Rừng xưa đã khép,Khánh Ly,ART_2a0e02284a,NHAC_TRINH,musicbrainz_artist_discography,0.85,,,unavailable,,unavailable,,unavailable,1994.0,verified,TIER_B,METADATA_ONLY,v1,verified,verified_crawl,0,0,0,original_recording,,b863c5c7-be03-462b-9d64-a4d1c1d9cc1e
RMVM_MB_6c26b26226,Nghe những tàn phai,Khánh Ly,ART_2a0e02284a,NHAC_TRINH,musicbrainz_artist_discography,0.85,,,unavailable,,unavailable,,unavailable,1994.0,verified,TIER_B,METADATA_ONLY,v1,verified,verified_crawl,0,0,0,original_recording,,0c1a695e-b298-4b51-9846-dfaae4684fa2
RMVM_MB_2fbff0b081,Như Cánh Vạc Bay,Khánh Ly,ART_2a0e02284a,NHAC_TRINH,musicbrainz_artist_discography,0.85,,,unavailable,,unavailable,,unavailable,1992.0,verified,TIER_B,METADATA_ONLY,v1,verified,verified_crawl,0,0,0,original_recording,,dc2a3107-37f7-497b-8682-6d133d8e570a
RMVM_MB_06eedf4b5f,Còn ai với ai,Trịnh Vĩnh Trinh,ART_06707a5746,NHAC_TRINH,musicbrainz_artist_discography,0.85,,,unavailable,,unavailable,,unavailable,1994.0,verified,TIER_B,METADATA_ONLY,v1,verified,verified_crawl,0,0,0,original_recording,,c5accc22-3484-4f8a-894b-47c6173961b8
RMVM_MB_a51514c895,Chợt nghĩ về hai nơi,Trịnh Vĩnh Trinh,ART_06707a5746,NHAC_TRINH,musicbrainz_artist_discography,0.85,,,unavailable,,unavailable,,unavailable,1993.0,verified,TIER_B,METADATA_ONLY,v1,verified,verified_crawl,0,0,0,original_recording,,6fb3dfe1-37cc-4a5e-b9ee-a3af4f4e26ee
RMVM_MB_94172ced7a,Tình yêu và huyền thoại,Trịnh Vĩnh Trinh,ART_06707a5746,NHAC_TRINH,musicbrainz_artist_discography,0.85,,,unavailable,,unavailable,,unavailable,1993.0,verified,TIER_B,METADATA_ONLY,v1,verified,verified_crawl,0,0,0,original_recording,,1f4ec50f-6d30-4cd5-bbee-84db4764fe23
RMVM_MB_d4efd563d6,Xin trả nợ người,Trịnh Vĩnh Trinh,ART_06707a5746,NHAC_TRINH,musicbrainz_artist_discography,0.85,,,unavailable,,unavailable,,unavailable,1991.0,verified,TIER_B,METADATA_ONLY,v1,verified,verified_crawl,0,0,0,original_recording,,08d1702b-6ee7-4b43-aa62-ba4fda2b20b9
RMVM_MB_ccb0967435,Vàng phai trước ngõ,Trịnh Vĩnh Trinh,ART_06707a5746,NHAC_TRINH,musicbrainz_artist_discography,0.85,,,unavailable,,unavailable,,unavailable,1991.0,verified,TIER_B,METADATA_ONLY,v1,verified,verified_crawl,0,0,0,original_recording,,dab65385-4d8e-48db-9b1b-a9ffe55b4e68
RMVM_MB_79df136f54,Hôm nay tôi nghe,Trịnh Vĩnh Trinh,ART_06707a5746,NHAC_TRINH,musicbrainz_artist_discography,0.85,,,unavailable,,unavailable,,unavailable,1994.0,verified,TIER_B,METADATA_ONLY,v1,verified,verified_crawl,0,0,0,original_recording,,3d4e69b2-0e59-4aea-8e9b-6e96363c5093
RMVM_MB_ad1dbc5d5c,Cho đời chút ơn,Trịnh Vĩnh Trinh,ART_06707a5746,NHAC_TRINH,musicbrainz_artist_discography,0.85,,,unavailable,,unavailable,,unavailable,1991.0,verified,TIER_B,METADATA_ONLY,v1,verified,verified_crawl,0,0,0,original_recording,,ef0c9419-e7fa-406f-93ed-b3e21896b8f0
RMVM_MB_cdb8d63403,Tình khúc Ơ bai,Trịnh Vĩnh Trinh,ART_06707a5746,NHAC_TRINH,musicbrainz_artist_discography,0.85,,,unavailable,,unavailable,,unavailable,1991.0,verified,TIER_B,METADATA_ONLY,v1,verified,verified_crawl,0,0,0,original_recording,,348b7f0f-e9f5-4a32-bcfe-2a4c57bde34c
RMVM_MB_3a25bc6a29,Dạ khúc,Cẩm Vân,ART_9f811a153f,NHAC_TRINH,musicbrainz_artist_discography,0.85,,,unavailable,,unavailable,,unavailable,1996.0,verified,TIER_B,METADATA_ONLY,v1,verified,verified_crawl,0,0,0,original_recording,,74ee0594-ef30-4a7a-9040-b0b3278c581f
RMVM_MB_87b3c61db6,Xin làm người hát rong,Cẩm Vân,ART_9f811a153f,NHAC_TRINH,musicbrainz_artist_discography,0.85,,,unavailable,,unavailable,,unavailable,2001.0,verified,TIER_B,METADATA_ONLY,v1,verified,verified_crawl,0,0,0,original_recording,,bfa68646-3fdb-429e-947f-dae05d0d0d69
RMVM_MB_1ffd453bda,Khi yêu xin chớ biệt ly,Cẩm Vân,ART_9f811a153f,NHAC_TRINH,musicbrainz_artist_discography,0.85,,,unavailable,,unavailable,,unavailable,1998.0,verified,TIER_B,METADATA_ONLY,v1,verified,verified_crawl,0,0,0,original_recording,,4f22cde6-ca09-4926-9806-5563ff9b7b41
RMVM_MB_b527bf49aa,Huyền thoại mẹ,Cẩm Vân,ART_9f811a153f,NHAC_TRINH,musicbrainz_artist_discography,0.85,,,unavailable,,unavailable,,unavailable,2007.0,verified,TIER_B,METADATA_ONLY,v1,verified,verified_crawl,0,0,0,original_recording,,ca9e60ed-a0d0-490f-97bf-84c49b07745e
RMVM_MB_644eb454d5,Hà Nội mùa vắng những cơn mưa,Cẩm Vân,ART_9f811a153f,NHAC_TRINH,musicbrainz_artist_discography,0.85,,,unavailable,,unavailable,,unavailable,1998.0,verified,TIER_B,METADATA_ONLY,v1,verified,verified_crawl,0,0,0,original_recording,,59277ac3-4814-4663-8db8-983dd9aa2072
RMVM_MB_9780e01e8f,Nửa đời phóng đãng,Cẩm Vân,ART_9f811a153f,NHAC_TRINH,musicbrainz_artist_discography,0.85,,,unavailable,,unavailable,,unavailable,1998.0,verified,TIER_B,METADATA_ONLY,v1,verified,verified_crawl,0,0,0,original_recording,,48df18c7-ca29-4da7-acb9-fe3a06db0599
RMVM_MB_ae907d3afe,Nhớ,Quang Dũng,ART_d0d47f53b1,NHAC_TRINH,musicbrainz_artist_discography,0.85,,,unavailable,,unavailable,,unavailable,2007.0,verified,TIER_B,METADATA_ONLY,v1,verified,verified_crawl,0,0,0,original_recording,,eab8a281-4a2c-4bd5-8d46-5eac91559c81
RMVM_MB_3cb0ef5f5e,Ru anh,Quang Dũng,ART_d0d47f53b1,NHAC_TRINH,musicbrainz_artist_discography,0.85,,,unavailable,,unavailable,,unavailable,2004.0,verified,TIER_B,METADATA_ONLY,v1,verified,verified_crawl,0,0,0,original_recording,,ec6726a9-7cff-4807-8e53-1c47e9ae9263
RMVM_MB_4514abb224,Ru đời đi nhé,Quang Dũng,ART_d0d47f53b1,NHAC_TRINH,musicbrainz_artist_discography,0.85,,,unavailable,,unavailable,,unavailable,2003.0,verified,TIER_B,METADATA_ONLY,v1,verified,verified_crawl,0,0,0,original_recording,,90d3396d-cfe2-4fe6-a8cb-1f652169584e
RMVM_MB_9f177324e0,Ru tình,Quang Dũng,ART_d0d47f53b1,NHAC_TRINH,musicbrainz_artist_discography,0.85,,,unavailable,,unavailable,,unavailable,2003.0,verified,TIER_B,METADATA_ONLY,v1,verified,verified_crawl,0,0,0,original_recording,,2912b885-cf5f-43bf-909f-e42d501e9287
RMVM_MB_2960db5d5f,Tưởng rằng đã quên,Quang Dũng,ART_d0d47f53b1,NHAC_TRINH,musicbrainz_artist_discography,0.85,,,unavailable,,unavailable,,unavailable,2003.0,verified,TIER_B,METADATA_ONLY,v1,verified,verified_crawl,0,0,0,original_recording,,be376986-90cd-4e94-aaea-a0ada0d17759
RMVM_MB_e14a9fdc44,Tình xa,Quang Dũng,ART_d0d47f53b1,NHAC_TRINH,musicbrainz_artist_discography,0.85,,,unavailable,,unavailable,,unavailable,2003.0,verified,TIER_B,METADATA_ONLY,v1,verified,verified_crawl,0,0,0,original_recording,,946329cc-2607-41dd-95fa-46c521acfb6a
RMVM_MB_0aba14383c,Bên đời hiu quạnh (với AC&M),Quang Dũng,ART_d0d47f53b1,NHAC_TRINH,musicbrainz_artist_discography,0.85,,,unavailable,,unavailable,,unavailable,2003.0,verified,TIER_B,METADATA_ONLY,v1,verified,verified_crawl,0,0,0,original_recording,,1f2681c1-ffa5-4064-9650-d497f1bf7b69
RMVM_MB_e037c8e2fe,Trên tháng ngày đã qua,Quang Dũng,ART_d0d47f53b1,NHAC_TRINH,musicbrainz_artist_discography,0.85,,,unavailable,,unavailable,,unavailable,2008.0,verified,TIER_B,METADATA_ONLY,v1,verified,verified_crawl,0,0,0,original_recording,,1f2403b4-3aba-4aff-89f9-82a9b56cae7b
RMVM_MB_e5c2b3cb51,Hạt mưa buồn,Trần Thái Hòa,ART_1b610001da,NHAC_TRINH,musicbrainz_artist_discography,0.85,,,unavailable,,unavailable,,unavailable,2003.0,verified,TIER_B,METADATA_ONLY,v1,verified,verified_crawl,0,0,0,original_recording,,592412b9-d831-43af-a85b-74ebae9b5c80
RMVM_MB_1ae47c4839,Bài không tên số 8,Trần Thái Hòa,ART_1b610001da,NHAC_TRINH,musicbrainz_artist_discography,0.85,,,unavailable,,unavailable,,unavailable,2002.0,verified,TIER_B,METADATA_ONLY,v1,verified,verified_crawl,0,0,0,original_recording,,bb416031-814e-49d2-b684-99b96e0365e3
RMVM_MB_4d07d14ff2,Hai năm tình lận đận,Trần Thái Hòa,ART_1b610001da,NHAC_TRINH,musicbrainz_artist_discography,0.85,,,unavailable,,unavailable,,unavailable,2003.0,verified,TIER_B,METADATA_ONLY,v1,verified,verified_crawl,0,0,0,original_recording,,f142c9bc-e4fd-4018-b0e2-1e5994b0d847
RMVM_MB_5d2d409882,Nhạt nhòa,Trần Thái Hòa,ART_1b610001da,NHAC_TRINH,musicbrainz_artist_discography,0.85,,,unavailable,,unavailable,,unavailable,2002.0,verified,TIER_B,METADATA_ONLY,v1,verified,verified_crawl,0,0,0,original_recording,,ee605fe5-e13e-45ee-8e65-5b8df490e45b
RMVM_MB_707176bbc3,Mưa lệ,Trần Thái Hòa,ART_1b610001da,NHAC_TRINH,musicbrainz_artist_discography,0.85,,,unavailable,,unavailable,,unavailable,2004.0,verified,TIER_B,METADATA_ONLY,v1,verified,verified_crawl,0,0,0,original_recording,,a9b2b4c7-3522-4c9b-ae44-c08b6bc2fc38
RMVM_MB_1933ad2c22,Vũng lầy của chúng ta,Trần Thái Hòa,ART_1b610001da,NHAC_TRINH,musicbrainz_artist_discography,0.85,,,unavailable,,unavailable,,unavailable,2006.0,verified,TIER_B,METADATA_ONLY,v1,verified,verified_crawl,0,0,0,original_recording,,a141e24a-de72-449f-b573-ecbe830a6a92
RMVM_MB_f90085cf62,Đưa người tuyệt vọng,Trần Thái Hòa,ART_1b610001da,NHAC_TRINH,musicbrainz_artist_discography,0.85,,,unavailable,,unavailable,,unavailable,2006.0,verified,TIER_B,METADATA_ONLY,v1,verified,verified_crawl,0,0,0,original_recording,,efe4f667-1d8c-4d98-8bbd-2a4b876136f7
RMVM_MB_4f21c54180,Tình yêu vĩnh viễn,Bảo Yến,ART_43fbb5fa06,NHAC_TRINH,musicbrainz_artist_discography,0.85,,,unavailable,,unavailable,,unavailable,2018.0,verified,TIER_B,METADATA_ONLY,v1,verified,verified_crawl,0,0,0,original_recording,,9f4617c0-f7dd-4ff3-9c05-fad66e2651f6
RMVM_MB_3ba2208e1b,Tự tình mùa đông,Bảo Yến,ART_43fbb5fa06,NHAC_TRINH,musicbrainz_artist_discography,0.85,,,unavailable,,unavailable,,unavailable,2018.0,verified,TIER_B,METADATA_ONLY,v1,verified,verified_crawl,0,0,0,original_recording,,d2d2e15f-0f17-4336-a7cc-dc33cf8b1f3a
RMVM_MB_e3b092daf3,Mùa đông của anh,Bảo Yến,ART_43fbb5fa06,NHAC_TRINH,musicbrainz_artist_discography,0.85,,,unavailable,,unavailable,,unavailable,2008.0,verified,TIER_B,METADATA_ONLY,v1,verified,verified_crawl,0,0,0,original_recording,,8f7c50c8-c459-4aba-aed3-419d575258d9
RMVM_MB_243aaa6e2e,Dù chỉ một lần thôi,Bảo Yến,ART_43fbb5fa06,NHAC_TRINH,musicbrainz_artist_discography,0.85,,,unavailable,,unavailable,,unavailable,2008.0,verified,TIER_B,METADATA_ONLY,v1,verified,verified_crawl,0,0,0,original_recording,,06bfd58f-534f-43e5-925b-d770efcc3340
RMVM_MB_6deb71f9eb,Lâu đài tình ái,Bảo Yến,ART_43fbb5fa06,NHAC_TRINH,musicbrainz_artist_discography,0.85,,,unavailable,,unavailable,,unavailable,2009.0,verified,TIER_B,METADATA_ONLY,v1,verified,verified_crawl,0,0,0,original_recording,,7019c011-161d-49c8-adee-eeee830cf7df
RMVM_MB_0bc13b72f5,Tình lỡ,Bảo Yến,ART_43fbb5fa06,NHAC_TRINH,musicbrainz_artist_discography,0.85,,,unavailable,,unavailable,,unavailable,2015.0,verified,TIER_B,METADATA_ONLY,v1,verified,verified_crawl,0,0,0,original_recording,,cc836adf-53cf-41e0-a941-3ad116485e8f
RMVM_MB_6bee123ad6,Cho em quên tuổi ngọc,Bảo Yến,ART_43fbb5fa06,NHAC_TRINH,musicbrainz_artist_discography,0.85,,,unavailable,,unavailable,,unavailable,2015.0,verified,TIER_B,METADATA_ONLY,v1,verified,verified_crawl,0,0,0,original_recording,,b7d64375-624b-403b-a524-da8eaf394abd
RMVM_MB_e68baa1928,Hai phương trời cách biệt,Bảo Yến,ART_43fbb5fa06,NHAC_TRINH,musicbrainz_artist_discography,0.85,,,unavailable,,unavailable,,unavailable,2018.0,verified,TIER_B,METADATA_ONLY,v1,verified,verified_crawl,0,0,0,original_recording,,3d3317cf-1603-4d59-9002-bdb1c02f86a7
RMVM_MB_2bb09ce051,Nghệ sĩ với cây đàn,Trọng Tấn,ART_e45d081f4c,REVOLUTIONARY,musicbrainz_artist_discography,0.85,,,unavailable,,unavailable,,unavailable,2001.0,verified,TIER_B,METADATA_ONLY,v1,verified,verified_crawl,0,0,0,original_recording,,90a4b769-31e5-4735-a407-940fa582367b
RMVM_MB_2a5e7fa464,Mong về Hà Nội,Trọng Tấn,ART_e45d081f4c,REVOLUTIONARY,musicbrainz_artist_discography,0.85,,,unavailable,,unavailable,,unavailable,2010.0,verified,TIER_B,METADATA_ONLY,v1,verified,verified_crawl,0,0,0,original_recording,,b1e00c76-cf1f-4d29-ab5d-3091af28cc03
RMVM_MB_f45ebc673e,Hà Nội tình yêu tôi,Trọng Tấn,ART_e45d081f4c,REVOLUTIONARY,musicbrainz_artist_discography,0.85,,,unavailable,,unavailable,,unavailable,2010.0,verified,TIER_B,METADATA_ONLY,v1,verified,verified_crawl,0,0,0,original_recording,,c9f1d6f3-ee38-4829-b7c9-1fb25c41aec4
RMVM_MB_6fa8c7f7d1,Nhớ đêm giã bạn,Trọng Tấn,ART_e45d081f4c,REVOLUTIONARY,musicbrainz_artist_discography,0.85,,,unavailable,,unavailable,,unavailable,2012.0,verified,TIER_B,METADATA_ONLY,v1,verified,verified_crawl,0,0,0,original_recording,,66478133-ff1d-4160-9f79-41122a93393c
RMVM_MB_c3c0f4a680,Thành phố hoa phượng đỏ,Trọng Tấn,ART_e45d081f4c,REVOLUTIONARY,musicbrainz_artist_discography,0.85,,,unavailable,,unavailable,,unavailable,2012.0,verified,TIER_B,METADATA_ONLY,v1,verified,verified_crawl,0,0,0,original_recording,,871ea104-62b1-4b7c-93c3-1959fdecb62a
RMVM_MB_4ba1e06ab9,Sapa thành phố trong sương,Trọng Tấn,ART_e45d081f4c,REVOLUTIONARY,musicbrainz_artist_discography,0.85,,,unavailable,,unavailable,,unavailable,2012.0,verified,TIER_B,METADATA_ONLY,v1,verified,verified_crawl,0,0,0,original_recording,,4d52cce8-6d49-4e87-912a-3b7104271090
RMVM_MB_c47a25ca33,Tiếng hò trên đất nghệ an,Trọng Tấn,ART_e45d081f4c,REVOLUTIONARY,musicbrainz_artist_discography,0.85,,,unavailable,,unavailable,,unavailable,2012.0,verified,TIER_B,METADATA_ONLY,v1,verified,verified_crawl,0,0,0,original_recording,,2a6c8afe-5296-4473-8690-4287c23e9f5b
RMVM_MB_e1439faeb9,Tình ca Tây Bắc,Trọng Tấn,ART_e45d081f4c,REVOLUTIONARY,musicbrainz_artist_discography,0.85,,,unavailable,,unavailable,,unavailable,2002.0,verified,TIER_B,METADATA_ONLY,v1,verified,verified_crawl,0,0,0,original_recording,,cc195e96-0429-4125-a925-223d4adff19e
RMVM_MB_97c49f2eaa,Đất nước trọn niềm vui,Đăng Dương,ART_cbdf1167c1,REVOLUTIONARY,musicbrainz_artist_discography,0.85,,,unavailable,,unavailable,,unavailable,2005.0,verified,TIER_B,METADATA_ONLY,v1,verified,verified_crawl,0,0,0,original_recording,,7705702e-b23c-4d3b-9a8a-df690a1fe7e3
RMVM_MB_0dd9417089,Chiếc gậy Trường Sơn,Đăng Dương,ART_cbdf1167c1,REVOLUTIONARY,musicbrainz_artist_discography,0.85,,,unavailable,,unavailable,,unavailable,2005.0,verified,TIER_B,METADATA_ONLY,v1,verified,verified_crawl,0,0,0,original_recording,,c1b8cb20-8b7a-40da-9227-edb7b83864b4
RMVM_MB_4a610bf450,Gửi nắng cho em,Đăng Dương,ART_cbdf1167c1,REVOLUTIONARY,musicbrainz_artist_discography,0.85,,,unavailable,,unavailable,,unavailable,2005.0,verified,TIER_B,METADATA_ONLY,v1,verified,verified_crawl,0,0,0,original_recording,,4c0e87e2-a4c1-4a01-a9e7-7f472c6220b9
RMVM_MB_fc765b0544,Hà Nội niềm tin hy vọng,Đăng Dương,ART_cbdf1167c1,REVOLUTIONARY,musicbrainz_artist_discography,0.85,,,unavailable,,unavailable,,unavailable,2005.0,verified,TIER_B,METADATA_ONLY,v1,verified,verified_crawl,0,0,0,original_recording,,907fb5c5-1206-401e-97e2-79de6c761349
RMVM_MB_26281dbc8f,Tôi là người thợ lò,Đăng Dương,ART_cbdf1167c1,REVOLUTIONARY,musicbrainz_artist_discography,0.85,,,unavailable,,unavailable,,unavailable,2005.0,verified,TIER_B,METADATA_ONLY,v1,verified,verified_crawl,0,0,0,original_recording,,a3905538-08b1-484a-af89-7e4089851017
RMVM_MB_875e472832,Tình em,Đăng Dương,ART_cbdf1167c1,REVOLUTIONARY,musicbrainz_artist_discography,0.85,,,unavailable,,unavailable,,unavailable,2010.0,verified,TIER_B,METADATA_ONLY,v1,verified,verified_crawl,0,0,0,original_recording,,5afdaec6-7d1d-4f87-bcc8-bd10ead0bcdc
RMVM_MB_ef821491e7,Hò biển,Đăng Dương,ART_cbdf1167c1,REVOLUTIONARY,musicbrainz_artist_discography,0.85,,,unavailable,,unavailable,,unavailable,2005.0,verified,TIER_B,METADATA_ONLY,v1,verified,verified_crawl,0,0,0,original_recording,,f9e434e2-8701-41bb-ad02-3ba4a4883f40
RMVM_MB_aa38ae9943,Những ánh sao đêm,Đăng Dương,ART_cbdf1167c1,REVOLUTIONARY,musicbrainz_artist_discography,0.85,,,unavailable,,unavailable,,unavailable,2010.0,verified,TIER_B,METADATA_ONLY,v1,verified,verified_crawl,0,0,0,original_recording,,3b6a14bb-cda1-4095-a060-dafe998eb560
RMVM_MB_eabb7cf700,Hoa sim biên giới,Việt Hoàn,ART_276f4cb1af,REVOLUTIONARY,musicbrainz_artist_discography,0.85,,,unavailable,,unavailable,,unavailable,2013.0,verified,TIER_B,METADATA_ONLY,v1,verified,verified_crawl,0,0,0,original_recording,,3dc0aca5-0d1c-4757-b06e-e1c182687ff8
RMVM_MB_4d859840bf,Tình đồng chí,Việt Hoàn,ART_276f4cb1af,REVOLUTIONARY,musicbrainz_artist_discography,0.85,,,unavailable,,unavailable,,unavailable,2013.0,verified,TIER_B,METADATA_ONLY,v1,verified,verified_crawl,0,0,0,original_recording,,2eb5d08e-09bf-44a0-a392-41c8935789c5
RMVM_MB_e7ed46e792,Thơ tình lính biển,Việt Hoàn,ART_276f4cb1af,REVOLUTIONARY,musicbrainz_artist_discography,0.85,,,unavailable,,unavailable,,unavailable,2013.0,verified,TIER_B,METADATA_ONLY,v1,verified,verified_crawl,0,0,0,original_recording,,17bf42bc-7d6a-4d27-a7f6-f75c29fb0f2e
RMVM_MB_f8fd253f9e,Hương thầm,Việt Hoàn,ART_276f4cb1af,REVOLUTIONARY,musicbrainz_artist_discography,0.85,,,unavailable,,unavailable,,unavailable,2013.0,verified,TIER_B,METADATA_ONLY,v1,verified,verified_crawl,0,0,0,original_recording,,14fc0931-6f10-47f0-9a08-029b9ea735eb
RMVM_MB_8b3b3e082f,Tôi là Lê anh nuôi,Việt Hoàn,ART_276f4cb1af,REVOLUTIONARY,musicbrainz_artist_discography,0.85,,,unavailable,,unavailable,,unavailable,2010.0,verified,TIER_B,METADATA_ONLY,v1,verified,verified_crawl,0,0,0,original_recording,,5cb79566-f874-4140-a0c1-6e18a635b93c
RMVM_MB_ce8a975b68,Anh lính tình nguyện và điệu múa Apsara,Việt Hoàn,ART_276f4cb1af,REVOLUTIONARY,musicbrainz_artist_discography,0.85,,,unavailable,,unavailable,,unavailable,2013.0,verified,TIER_B,METADATA_ONLY,v1,verified,verified_crawl,0,0,0,original_recording,,c88774aa-9de1-441c-bd41-171709cb74c0
RMVM_MB_228e458d44,Khúc hát chia xa,Việt Hoàn,ART_276f4cb1af,REVOLUTIONARY,musicbrainz_artist_discography,0.85,,,unavailable,,unavailable,,unavailable,2013.0,verified,TIER_B,METADATA_ONLY,v1,verified,verified_crawl,0,0,0,original_recording,,fad2e71a-4f53-40ff-8168-806153184078
RMVM_MB_df73f5ba40,Tổ Quốc,Quang Thọ,ART_a9ce8fc0ed,REVOLUTIONARY,musicbrainz_artist_discography,0.85,,,unavailable,,unavailable,,unavailable,2001.0,verified,TIER_B,METADATA_ONLY,v1,verified,verified_crawl,0,0,0,original_recording,,e5b5a41e-e63c-494d-adac-e1a1dd753290
RMVM_MB_9077c0ca01,Sông Lô,Quang Thọ,ART_a9ce8fc0ed,REVOLUTIONARY,musicbrainz_artist_discography,0.85,,,unavailable,,unavailable,,unavailable,2001.0,verified,TIER_B,METADATA_ONLY,v1,verified,verified_crawl,0,0,0,original_recording,,0e1e6037-ee10-4c15-807b-f9af208f79f2
RMVM_MB_cfb1af0057,Ca ngợi Hồ Chủ Tịch,Quang Thọ,ART_a9ce8fc0ed,REVOLUTIONARY,musicbrainz_artist_discography,0.85,,,unavailable,,unavailable,,unavailable,2001.0,verified,TIER_B,METADATA_ONLY,v1,verified,verified_crawl,0,0,0,original_recording,,f23a7918-928b-4b34-9342-fa59ee52ba94
RMVM_MB_301d93adcb,Tổ quốc tôi chưa đẹp thế bao giờ,Quang Thọ,ART_a9ce8fc0ed,REVOLUTIONARY,musicbrainz_artist_discography,0.85,,,unavailable,,unavailable,,unavailable,2001.0,verified,TIER_B,METADATA_ONLY,v1,verified,verified_crawl,0,0,0,original_recording,,6b8adbc7-d1d0-4d39-a20c-25ecec2962cc
RMVM_MB_9d20abd51e,Ta tự hào đi lên ôi Việt Nam!,Quang Thọ,ART_a9ce8fc0ed,REVOLUTIONARY,musicbrainz_artist_discography,0.85,,,unavailable,,unavailable,,unavailable,2001.0,verified,TIER_B,METADATA_ONLY,v1,verified,verified_crawl,0,0,0,original_recording,,abbc0c46-e53a-416f-be16-f0202426a14b
RMVM_MB_83bb072e42,Lá đỏ,Quang Thọ,ART_a9ce8fc0ed,REVOLUTIONARY,musicbrainz_artist_discography,0.85,,,unavailable,,unavailable,,unavailable,1997.0,verified,TIER_B,METADATA_ONLY,v1,verified,verified_crawl,0,0,0,original_recording,,bccad935-4ad5-48b2-881f-3722af56ed10
RMVM_MB_93e074ca79,Người chiến sỹ ấy,Quang Thọ,ART_a9ce8fc0ed,REVOLUTIONARY,musicbrainz_artist_discography,0.85,,,unavailable,,unavailable,,unavailable,2001.0,verified,TIER_B,METADATA_ONLY,v1,verified,verified_crawl,0,0,0,original_recording,,0ca42cdb-d84d-43ea-8a57-8160a4b7ef93
RMVM_MB_2795d0813a,Câu đợi câu chờ,Thu Hiền,ART_66084b8a1c,REVOLUTIONARY,musicbrainz_artist_discography,0.85,,,unavailable,,unavailable,,unavailable,2007.0,verified,TIER_B,METADATA_ONLY,v1,verified,verified_crawl,0,0,0,original_recording,,507f6a03-0c98-4ad0-950c-79bb2cc160a3
RMVM_MB_e77416a8c8,Câu chuyện nhỏ của tôi,Thanh Hoa,ART_1dd320405e,REVOLUTIONARY,musicbrainz_artist_discography,0.85,,,unavailable,,unavailable,,unavailable,1998.0,verified,TIER_B,METADATA_ONLY,v1,verified,verified_crawl,0,0,0,original_recording,,d0515f96-414d-4cce-a378-800eaab88bc7
RMVM_MB_c6175f54dc,Tiễn Khách,Bích Phượng,ART_b6ef58448b,REVOLUTIONARY,musicbrainz_artist_discography,0.85,,,unavailable,,unavailable,,unavailable,2018.0,verified,TIER_B,METADATA_ONLY,v1,verified,verified_crawl,0,0,0,original_recording,,5e48acd9-5ccc-4f15-85b7-9dad127c6b2a
RMVM_MB_aae52edd80,Nói Thương Nhau Đừng Làm Trái Tim Em Đau,Bích Phượng,ART_b6ef58448b,REVOLUTIONARY,musicbrainz_artist_discography,0.85,,,unavailable,,unavailable,,unavailable,2018.0,verified,TIER_B,METADATA_ONLY,v1,verified,verified_crawl,0,0,0,original_recording,,e7d88eff-5c95-41c2-85ae-22bf120aad9b
RMVM_MB_603d833a0d,Em Muốn,Bích Phượng,ART_b6ef58448b,REVOLUTIONARY,musicbrainz_artist_discography,0.85,,,unavailable,,unavailable,,unavailable,2015.0,verified,TIER_B,METADATA_ONLY,v1,verified,verified_crawl,0,0,0,original_recording,,9e1748dd-71a6-4390-b567-28cabfbf11b7
RMVM_MB_52cd82b3ac,Em Không Tin,Bích Phượng,ART_b6ef58448b,REVOLUTIONARY,musicbrainz_artist_discography,0.85,,,unavailable,,unavailable,,unavailable,2015.0,verified,TIER_B,METADATA_ONLY,v1,verified,verified_crawl,0,0,0,original_recording,,2015d408-8394-4775-ab48-9b7191360441
RMVM_MB_4ab8826884,Chỉ Là Em Giấu Đi,Bích Phượng,ART_b6ef58448b,REVOLUTIONARY,musicbrainz_artist_discography,0.85,,,unavailable,,unavailable,,unavailable,2015.0,verified,TIER_B,METADATA_ONLY,v1,verified,verified_crawl,0,0,0,original_recording,,7a3d0824-35de-4307-ba9f-b2648402623b
RMVM_MB_76e62cfcbe,Có Lẽ Em - Instrumental,Bích Phượng,ART_b6ef58448b,REVOLUTIONARY,musicbrainz_artist_discography,0.85,,,unavailable,,unavailable,,unavailable,2015.0,verified,TIER_B,METADATA_ONLY,v1,verified,verified_crawl,0,0,0,original_recording,,5c18dd85-63fa-4aea-a27b-e2fd1eeebadb
RMVM_MB_e3d625f98f,Em Đã Sai Vì Em Tin,Bích Phượng,ART_b6ef58448b,REVOLUTIONARY,musicbrainz_artist_discography,0.85,,,unavailable,,unavailable,,unavailable,2015.0,verified,TIER_B,METADATA_ONLY,v1,verified,verified_crawl,0,0,0,original_recording,,167f0e08-46ef-46c4-a4b7-f07d18e28583
RMVM_MB_49149053a6,Gió Thoảng,Bích Phượng,ART_b6ef58448b,REVOLUTIONARY,musicbrainz_artist_discography,0.85,,,unavailable,,unavailable,,unavailable,2015.0,verified,TIER_B,METADATA_ONLY,v1,verified,verified_crawl,0,0,0,original_recording,,b9ca2d99-1aa9-4f1b-9dcc-f2107e62bff6
RMVM_MB_72284f95e0,Hà Tĩnh quê mình,Anh Thơ,ART_a0c43ea0e8,REVOLUTIONARY,musicbrainz_artist_discography,0.85,,,unavailable,,unavailable,,unavailable,2010.0,verified,TIER_B,METADATA_ONLY,v1,verified,verified_crawl,0,0,0,original_recording,,2a2992ca-0b88-4c58-8f98-ddb01ef73553
RMVM_MB_734a623d84,Ninh Bình quê mẹ,Anh Thơ,ART_a0c43ea0e8,REVOLUTIONARY,musicbrainz_artist_discography,0.85,,,unavailable,,unavailable,,unavailable,2010.0,verified,TIER_B,METADATA_ONLY,v1,verified,verified_crawl,0,0,0,original_recording,,1709d938-f4e6-4e40-8749-a1ea8d5ae539
RMVM_MB_2bbec86533,Suối Mường Hum còn chảy mãi,Anh Thơ,ART_a0c43ea0e8,REVOLUTIONARY,musicbrainz_artist_discography,0.85,,,unavailable,,unavailable,,unavailable,2010.0,verified,TIER_B,METADATA_ONLY,v1,verified,verified_crawl,0,0,0,original_recording,,b3932854-1973-4bb3-9b90-d775cc3568be
RMVM_MB_5a68a0d680,Trở về,Tân Nhàn,ART_bde6d9dd7d,REVOLUTIONARY,musicbrainz_artist_discography,0.85,,,unavailable,,unavailable,,unavailable,2013.0,verified,TIER_B,METADATA_ONLY,v1,verified,verified_crawl,0,0,0,original_recording,,97a696be-d1bf-42bb-a2da-19b014c2de05
RMVM_MB_fa9926bba3,Chiều nắng,Tân Nhàn,ART_bde6d9dd7d,REVOLUTIONARY,musicbrainz_artist_discography,0.85,,,unavailable,,unavailable,,unavailable,2013.0,verified,TIER_B,METADATA_ONLY,v1,verified,verified_crawl,0,0,0,original_recording,,48c00b5d-0012-4e7a-a81a-68e95d133f63
RMVM_MB_0e640857e4,Trăng khuyết,Tân Nhàn,ART_bde6d9dd7d,REVOLUTIONARY,musicbrainz_artist_discography,0.85,,,unavailable,,unavailable,,unavailable,2001.0,verified,TIER_B,METADATA_ONLY,v1,verified,verified_crawl,0,0,0,original_recording,,bfc45b78-d9c3-4ad3-89bf-fd8c98e038a6
RMVM_MB_abff100170,Tiếng hát sông Lam,Tân Nhàn,ART_bde6d9dd7d,REVOLUTIONARY,musicbrainz_artist_discography,0.85,,,unavailable,,unavailable,,unavailable,2001.0,verified,TIER_B,METADATA_ONLY,v1,verified,verified_crawl,0,0,0,original_recording,,00d958fe-ac3f-41f3-8d78-0f76e0f0f680
RMVM_MB_0440bf1d4f,Giã bạn đêm trăng,Tân Nhàn,ART_bde6d9dd7d,REVOLUTIONARY,musicbrainz_artist_discography,0.85,,,unavailable,,unavailable,,unavailable,2001.0,verified,TIER_B,METADATA_ONLY,v1,verified,verified_crawl,0,0,0,original_recording,,480eed04-6952-499a-bf6e-87ad3d851c10
RMVM_MB_cd9b0740cf,Thu Bồn ơi,Tân Nhàn,ART_bde6d9dd7d,REVOLUTIONARY,musicbrainz_artist_discography,0.85,,,unavailable,,unavailable,,unavailable,2013.0,verified,TIER_B,METADATA_ONLY,v1,verified,verified_crawl,0,0,0,original_recording,,73d2bf82-739a-42b3-9eda-53eb6b7096fc
RMVM_MB_dccfc2c9e7,Bến đợi,Tân Nhàn,ART_bde6d9dd7d,REVOLUTIONARY,musicbrainz_artist_discography,0.85,,,unavailable,,unavailable,,unavailable,2013.0,verified,TIER_B,METADATA_ONLY,v1,verified,verified_crawl,0,0,0,original_recording,,4da91a2f-87b2-4f5d-9bc8-d202d569b697
RMVM_MB_0fa8e4e059,Điều không thể mất,Tân Nhàn,ART_bde6d9dd7d,REVOLUTIONARY,musicbrainz_artist_discography,0.85,,,unavailable,,unavailable,,unavailable,2013.0,verified,TIER_B,METADATA_ONLY,v1,verified,verified_crawl,0,0,0,original_recording,,29fe6a6c-3f41-46c3-bc9a-e242e1818e0f
RMVM_MB_ce5a277295,Phút Ban Đầu,Vũ.,ART_5f8f1db97c,RB_SOUL,musicbrainz_artist_discography,0.85,,,unavailable,,unavailable,,unavailable,2013.0,verified,TIER_B,METADATA_ONLY,v1,verified,verified_crawl,0,0,0,original_recording,,e3ed76ae-2512-4b5e-8c42-20f74bb744aa
RMVM_MB_6691e91f9c,Cơn bão,Mỹ Anh,ART_5fed28340d,RB_SOUL,musicbrainz_artist_discography,0.85,,,unavailable,,unavailable,,unavailable,2011.0,verified,TIER_B,METADATA_ONLY,v1,verified,verified_crawl,0,0,0,original_recording,,2e09ed24-2bb6-46a0-a6df-af178cb53c31
RMVM_MB_20cb6f6206,Les lois de l'étiquette,Orange,ART_fe01d67a00,RB_SOUL,musicbrainz_artist_discography,0.85,,,unavailable,,unavailable,,unavailable,2009.0,verified,TIER_B,METADATA_ONLY,v1,verified,verified_crawl,0,0,0,original_recording,,5b48a442-61fd-4b49-9c07-523536713ca6
RMVM_MB_958ff8e2d1,L'ABC de la séduction,Orange,ART_fe01d67a00,RB_SOUL,musicbrainz_artist_discography,0.85,,,unavailable,,unavailable,,unavailable,2011.0,verified,TIER_B,METADATA_ONLY,v1,verified,verified_crawl,0,0,0,original_recording,,0e2ae87a-0edf-49b5-87ab-d382c64337b6
RMVM_MB_fe567ea3b4,Docteur,Orange,ART_fe01d67a00,RB_SOUL,musicbrainz_artist_discography,0.85,,,unavailable,,unavailable,,unavailable,2011.0,verified,TIER_B,METADATA_ONLY,v1,verified,verified_crawl,0,0,0,original_recording,,7ea432ef-e521-4ba8-a5af-bcf794d2505a
RMVM_MB_5afc8c8701,Albator,Orange,ART_fe01d67a00,RB_SOUL,musicbrainz_artist_discography,0.85,,,unavailable,,unavailable,,unavailable,2011.0,verified,TIER_B,METADATA_ONLY,v1,verified,verified_crawl,0,0,0,original_recording,,41c332ac-7ed2-4972-9908-bb9e4b831297
RMVM_MB_99bf83f8df,Toi et moi,Orange,ART_fe01d67a00,RB_SOUL,musicbrainz_artist_discography,0.85,,,unavailable,,unavailable,,unavailable,2011.0,verified,TIER_B,METADATA_ONLY,v1,verified,verified_crawl,0,0,0,original_recording,,cd0f46a7-c63e-49f1-b418-12f28a095383
RMVM_MB_e456ecaac0,Rototom Party Girl,Orange,ART_fe01d67a00,RB_SOUL,musicbrainz_artist_discography,0.85,,,unavailable,,unavailable,,unavailable,2011.0,verified,TIER_B,METADATA_ONLY,v1,verified,verified_crawl,0,0,0,original_recording,,db1e9fb3-11dd-4fac-9bc0-7453091e1be9
RMVM_MB_691988b7ed,Je danse dans ma tête,Orange,ART_fe01d67a00,RB_SOUL,musicbrainz_artist_discography,0.85,,,unavailable,,unavailable,,unavailable,2009.0,verified,TIER_B,METADATA_ONLY,v1,verified,verified_crawl,0,0,0,original_recording,,e0b115ca-5f96-4ea6-91d7-85796338a3b8
RMVM_MB_c01ad9ccde,Là Con Gái Phải Xinh,Kimmese,ART_9b77c3bf9e,RB_SOUL,musicbrainz_artist_discography,0.85,,,unavailable,,unavailable,,unavailable,2017.0,verified,TIER_B,METADATA_ONLY,v1,verified,verified_crawl,0,0,0,original_recording,,4c93569c-2139-4cd7-ae22-7d84518b8e46
RMVM_MB_ed59096c91,Fall in Love (chill version),Kimmese,ART_9b77c3bf9e,RB_SOUL,musicbrainz_artist_discography,0.85,,,unavailable,,unavailable,,unavailable,2018.0,verified,TIER_B,METADATA_ONLY,v1,verified,verified_crawl,0,0,0,original_recording,,22461dae-7cc6-4b42-b3af-da00d13052ad
RMVM_MB_2ebeae1701,Fall in Love,Kimmese,ART_9b77c3bf9e,RB_SOUL,musicbrainz_artist_discography,0.85,,,unavailable,,unavailable,,unavailable,2018.0,verified,TIER_B,METADATA_ONLY,v1,verified,verified_crawl,0,0,0,original_recording,,70b1467c-b226-4b69-87ce-2ae0b546be39
RMVM_MB_fee2002ef6,Confidence (How to Suck but Make People Think You Are Great),Kimmese,ART_9b77c3bf9e,RB_SOUL,musicbrainz_artist_discography,0.85,,,unavailable,,unavailable,,unavailable,2016.0,verified,TIER_B,METADATA_ONLY,v1,verified,verified_crawl,0,0,0,original_recording,,97873764-1337-4e98-9da3-3014315f762d
RMVM_MB_2f2a09ffe7,Ghé Thăm,Kimmese,ART_9b77c3bf9e,RB_SOUL,musicbrainz_artist_discography,0.85,,,unavailable,,unavailable,,unavailable,2016.0,verified,TIER_B,METADATA_ONLY,v1,verified,verified_crawl,0,0,0,original_recording,,4db869da-eb9b-45a7-a6af-166001686259
RMVM_MB_d9d60c9d24,Contacto,Erik,ART_6a42dd6e7c,RB_SOUL,musicbrainz_artist_discography,0.85,,,unavailable,,unavailable,,unavailable,2008.0,verified,TIER_B,METADATA_ONLY,v1,verified,verified_crawl,0,0,0,original_recording,,429cb821-f713-4b6a-aed0-790724650098
RMVM_MB_80070f0da7,Painted on the Wall,Erik,ART_6a42dd6e7c,RB_SOUL,musicbrainz_artist_discography,0.85,,,unavailable,,unavailable,,unavailable,1967.0,verified,TIER_B,METADATA_ONLY,v1,verified,verified_crawl,0,0,0,original_recording,,83ea26f9-453a-4d89-8fdb-fb269d6361bc
RMVM_MB_86d76fb7e5,Be Off Man,Erik,ART_6a42dd6e7c,RB_SOUL,musicbrainz_artist_discography,0.85,,,unavailable,,unavailable,,unavailable,1967.0,verified,TIER_B,METADATA_ONLY,v1,verified,verified_crawl,0,0,0,original_recording,,c1364d96-f569-4f53-bb4c-9551ae318111
RMVM_MB_c70736f866,Border cross,Erik,ART_6a42dd6e7c,RB_SOUL,musicbrainz_artist_discography,0.85,,,unavailable,,unavailable,,unavailable,2010.0,verified,TIER_B,METADATA_ONLY,v1,verified,verified_crawl,0,0,0,original_recording,,96c5e938-1fae-4a63-9b88-4f818187437e
RMVM_MB_422c820c57,The Devil and the Deep Blue Sea (Safe Hands and Gold mix),Erik,ART_6a42dd6e7c,RB_SOUL,musicbrainz_artist_discography,0.85,,,unavailable,,unavailable,,unavailable,1993.0,verified,TIER_B,METADATA_ONLY,v1,verified,verified_crawl,0,0,0,original_recording,,131f423b-af3b-433f-85ac-20f5ac0c3d0c
RMVM_MB_5fb5e605b2,Mitt hjärta tillhör dig,Erik,ART_6a42dd6e7c,RB_SOUL,musicbrainz_artist_discography,0.85,,,unavailable,,unavailable,,unavailable,1996.0,verified,TIER_B,METADATA_ONLY,v1,verified,verified_crawl,0,0,0,original_recording,,5831a5d0-c176-46ab-8d52-5e182c962d4e
RMVM_MB_55dffe2d1c,När får jag se dig igen,Erik,ART_6a42dd6e7c,RB_SOUL,musicbrainz_artist_discography,0.85,,,unavailable,,unavailable,,unavailable,1996.0,verified,TIER_B,METADATA_ONLY,v1,verified,verified_crawl,0,0,0,original_recording,,3f64384e-36ab-4d08-9d5b-4e43a4bdab4e
RMVM_MB_b194bf0e28,Alexander Bell,Erik,ART_6a42dd6e7c,RB_SOUL,musicbrainz_artist_discography,0.85,,,unavailable,,unavailable,,unavailable,1967.0,verified,TIER_B,METADATA_ONLY,v1,verified,verified_crawl,0,0,0,original_recording,,389ca975-2c26-484c-b1a0-4e3179b65ae4
RMVM_MB_0c407efdad,Nobody,Vũ Cát Tường,ART_45bba9499c,RB_SOUL,musicbrainz_artist_discography,0.85,,,unavailable,,unavailable,,unavailable,2018.0,verified,TIER_B,METADATA_ONLY,v1,verified,verified_crawl,0,0,0,original_recording,,164723a0-7ec3-48c4-ab55-38e9a80837b2
RMVM_MB_0bbb807e96,Yêu Xa,Vũ Cát Tường,ART_45bba9499c,RB_SOUL,musicbrainz_artist_discography,0.85,,,unavailable,,unavailable,,unavailable,2014.0,verified,TIER_B,METADATA_ONLY,v1,verified,verified_crawl,0,0,0,original_recording,,129fbf7b-9104-4889-b966-0a6fab3a6904
RMVM_MB_17ca181ff1,Đông,Vũ Cát Tường,ART_45bba9499c,RB_SOUL,musicbrainz_artist_discography,0.85,,,unavailable,,unavailable,,unavailable,2014.0,verified,TIER_B,METADATA_ONLY,v1,verified,verified_crawl,0,0,0,original_recording,,5ef83a9f-cd11-4551-96f6-d0ce705cc4f1
RMVM_MB_be704a21ca,"Etude in A minor, op. 25 no. 4",Đặng Thái Sơn,ART_b2127037ec,INSTRUMENTAL,musicbrainz_artist_discography,0.85,,,unavailable,,unavailable,,unavailable,2010.0,verified,TIER_B,METADATA_ONLY,v1,verified,verified_crawl,0,0,0,original_recording,,35bdf2e2-f5b2-41fb-aead-369d308ee822
RMVM_MB_c609fe4a99,No.10 in F minor OP.71-3,Đặng Thái Sơn,ART_b2127037ec,INSTRUMENTAL,musicbrainz_artist_discography,0.85,,,unavailable,,unavailable,,unavailable,2008.0,verified,TIER_B,METADATA_ONLY,v1,verified,verified_crawl,0,0,0,original_recording,,28aaa2d2-6ff9-462e-9541-14be6ca4de54
RMVM_MB_4e4f8aa1d2,No.5 in F sharp minor OP.44,Đặng Thái Sơn,ART_b2127037ec,INSTRUMENTAL,musicbrainz_artist_discography,0.85,,,unavailable,,unavailable,,unavailable,2008.0,verified,TIER_B,METADATA_ONLY,v1,verified,verified_crawl,0,0,0,original_recording,,5caa80ed-ced0-4d59-b583-d10c34655871
RMVM_MB_1f3ee82afe,"Chopin: Barcarolle in F-sharp Major, Op. 60",Đặng Thái Sơn,ART_b2127037ec,INSTRUMENTAL,musicbrainz_artist_discography,0.85,,,unavailable,,unavailable,,unavailable,1996.0,verified,TIER_B,METADATA_ONLY,v1,verified,verified_crawl,0,0,0,original_recording,,925dec0b-b350-486a-9c9e-e0071191f3c2
RMVM_MB_4e101f4338,No.2 in E flat minor OP.26-2,Đặng Thái Sơn,ART_b2127037ec,INSTRUMENTAL,musicbrainz_artist_discography,0.85,,,unavailable,,unavailable,,unavailable,2008.0,verified,TIER_B,METADATA_ONLY,v1,verified,verified_crawl,0,0,0,original_recording,,3d4eedae-7890-40b7-b69b-7d005a1f04ef
RMVM_MB_a39fff60c0,No.4 in C minor OP.40-2,Đặng Thái Sơn,ART_b2127037ec,INSTRUMENTAL,musicbrainz_artist_discography,0.85,,,unavailable,,unavailable,,unavailable,2008.0,verified,TIER_B,METADATA_ONLY,v1,verified,verified_crawl,0,0,0,original_recording,,10f6e196-b3fb-47c1-968e-b901f91149b4
RMVM_MB_b48e86db7c,"Berceuse in D-flat major, op. 57",Đặng Thái Sơn,ART_b2127037ec,INSTRUMENTAL,musicbrainz_artist_discography,0.85,,,unavailable,,unavailable,,unavailable,1993.0,verified,TIER_B,METADATA_ONLY,v1,verified,verified_crawl,0,0,0,original_recording,,61da16c5-806d-4761-a7d4-ba14e281f83f
RMVM_MB_10f035ddac,"Nocturne no. 2 in E-flat major, op. 9 no. 2",Đặng Thái Sơn,ART_b2127037ec,INSTRUMENTAL,musicbrainz_artist_discography,0.85,,,unavailable,,unavailable,,unavailable,1993.0,verified,TIER_B,METADATA_ONLY,v1,verified,verified_crawl,0,0,0,original_recording,,5ccc4593-7dd4-4d2d-a414-e54652d28f6b
RMVM_MB_5b99bc9d30,Vong cô (Nostalgie du passé),Hải Phượng,ART_cbc3972eaa,INSTRUMENTAL,musicbrainz_artist_discography,0.85,,,unavailable,,unavailable,,unavailable,1994.0,verified,TIER_B,METADATA_ONLY,v1,verified,verified_crawl,0,0,0,original_recording,,49166ef6-01f1-471e-b6dd-35634a28f8a5
RMVM_MB_71b24de82c,"Ngu dôi ha (Cinq réponses, deuxième pièce)",Hải Phượng,ART_cbc3972eaa,INSTRUMENTAL,musicbrainz_artist_discography,0.85,,,unavailable,,unavailable,,unavailable,1994.0,verified,TIER_B,METADATA_ONLY,v1,verified,verified_crawl,0,0,0,original_recording,,0fd8e000-8637-4571-8505-20e320c0ca12
RMVM_MB_dd682118e9,Tinh ca miên Nam (Chant d’amour de la région du Sud),Hải Phượng,ART_cbc3972eaa,INSTRUMENTAL,musicbrainz_artist_discography,0.85,,,unavailable,,unavailable,,unavailable,1994.0,verified,TIER_B,METADATA_ONLY,v1,verified,verified_crawl,0,0,0,original_recording,,c61f44d1-6a4f-4cdb-8d3c-4b2bc90223e5
RMVM_MB_a28fc61db9,Tinh ca dât Bac (Chant d’amour du pays du Nord),Hải Phượng,ART_cbc3972eaa,INSTRUMENTAL,musicbrainz_artist_discography,0.85,,,unavailable,,unavailable,,unavailable,1994.0,verified,TIER_B,METADATA_ONLY,v1,verified,verified_crawl,0,0,0,original_recording,,da11c539-420b-4ae6-b9c9-3ef1b289d30e
RMVM_MB_dbc248c425,Vọng cổ,Kim Sinh,ART_cf792f0e13,INSTRUMENTAL,musicbrainz_artist_discography,0.85,,,unavailable,,unavailable,,unavailable,2003.0,verified,TIER_B,METADATA_ONLY,v1,verified,verified_crawl,0,0,0,original_recording,,dccaa492-1416-4440-8545-2bce244d9d21
RMVM_MB_b9bca543ce,Phụng cầu hoàng,Kim Sinh,ART_cf792f0e13,INSTRUMENTAL,musicbrainz_artist_discography,0.85,,,unavailable,,unavailable,,unavailable,1991.0,verified,TIER_B,METADATA_ONLY,v1,verified,verified_crawl,0,0,0,original_recording,,87f91ab2-80b4-4550-b157-3f80cb33a953
RMVM_MB_e70d449f07,Xãng xê – Vọng cổ,Kim Sinh,ART_cf792f0e13,INSTRUMENTAL,musicbrainz_artist_discography,0.85,,,unavailable,,unavailable,,unavailable,2003.0,verified,TIER_B,METADATA_ONLY,v1,verified,verified_crawl,0,0,0,original_recording,,73b8827c-3837-49fd-a9ae-ed5e732df147
RMVM_MB_713d1b99b2,Khuc Tah Tinh Ha Tinh,Kim Sinh,ART_cf792f0e13,INSTRUMENTAL,musicbrainz_artist_discography,0.85,,,unavailable,,unavailable,,unavailable,1992.0,verified,TIER_B,METADATA_ONLY,v1,verified,verified_crawl,0,0,0,original_recording,,95ee05c8-4183-4983-9027-d42f32bc4e1f
RMVM_MB_e3e997b3b5,Medley: Khong Minh Toa Lau / Ly Ngua O / Kim Tien Bao / Nam Ai,Kim Sinh,ART_cf792f0e13,INSTRUMENTAL,musicbrainz_artist_discography,0.85,,,unavailable,,unavailable,,unavailable,1992.0,verified,TIER_B,METADATA_ONLY,v1,verified,verified_crawl,0,0,0,original_recording,,4bba57ff-c67c-4778-b94c-30fa266b629d
RMVM_MB_8516e6f465,Sỏn Đông lử hướng mã – Trạng nguyên hành lộ – Mẫu tam tử,Kim Sinh,ART_cf792f0e13,INSTRUMENTAL,musicbrainz_artist_discography,0.85,,,unavailable,,unavailable,,unavailable,2003.0,verified,TIER_B,METADATA_ONLY,v1,verified,verified_crawl,0,0,0,original_recording,,5a9886a6-3e96-4b6f-bf8e-4245be921524
RMVM_MB_f70ac279ac,Kieu,Kim Sinh,ART_cf792f0e13,INSTRUMENTAL,musicbrainz_artist_discography,0.85,,,unavailable,,unavailable,,unavailable,1992.0,verified,TIER_B,METADATA_ONLY,v1,verified,verified_crawl,0,0,0,original_recording,,1030d20a-1773-4e37-99f4-2a7823f8a4f4
RMVM_MB_97a3833471,Truong Tuong Tu,Kim Sinh,ART_cf792f0e13,INSTRUMENTAL,musicbrainz_artist_discography,0.85,,,unavailable,,unavailable,,unavailable,1992.0,verified,TIER_B,METADATA_ONLY,v1,verified,verified_crawl,0,0,0,original_recording,,3d9ea340-0154-45f4-b6da-7ff617049119
RMVM_MB_ae8c587b42,Zamora,Nguyễn Lê,ART_1907478bfd,INSTRUMENTAL,musicbrainz_artist_discography,0.85,,,unavailable,,unavailable,,unavailable,2005.0,verified,TIER_B,METADATA_ONLY,v1,verified,verified_crawl,0,0,0,original_recording,,d7913783-ba67-4bea-bdc8-d18176b4bea2
RMVM_MB_1e68835848,La Parfum,Nguyễn Lê,ART_1907478bfd,INSTRUMENTAL,musicbrainz_artist_discography,0.85,,,unavailable,,unavailable,,unavailable,1997.0,verified,TIER_B,METADATA_ONLY,v1,verified,verified_crawl,0,0,0,original_recording,,a495f349-1ec2-4698-a01f-3325bd2c418a
RMVM_MB_b86d60712e,Bee,Nguyễn Lê,ART_1907478bfd,INSTRUMENTAL,musicbrainz_artist_discography,0.85,,,unavailable,,unavailable,,unavailable,2005.0,verified,TIER_B,METADATA_ONLY,v1,verified,verified_crawl,0,0,0,original_recording,,5ed6addb-1bc0-44f8-88e9-e7b2b5e8bf9e
RMVM_MB_aaad652523,Idoma,Nguyễn Lê,ART_1907478bfd,INSTRUMENTAL,musicbrainz_artist_discography,0.85,,,unavailable,,unavailable,,unavailable,1997.0,verified,TIER_B,METADATA_ONLY,v1,verified,verified_crawl,0,0,0,original_recording,,d887a30e-7d7c-4671-918a-ccfa19ba89e8
RMVM_MB_41782d441a,Are You Experienced,Nguyễn Lê,ART_1907478bfd,INSTRUMENTAL,musicbrainz_artist_discography,0.85,,,unavailable,,unavailable,,unavailable,2002.0,verified,TIER_B,METADATA_ONLY,v1,verified,verified_crawl,0,0,0,original_recording,,932a0bfe-9004-4974-9d51-68301436fd2a
RMVM_MB_dcf12ef8de,Third Stone from the Sun,Nguyễn Lê,ART_1907478bfd,INSTRUMENTAL,musicbrainz_artist_discography,0.85,,,unavailable,,unavailable,,unavailable,2002.0,verified,TIER_B,METADATA_ONLY,v1,verified,verified_crawl,0,0,0,original_recording,,cea23ec1-4f2c-4230-9b48-11ca433b855b
RMVM_MB_94d6d068e4,Burning of the Midnight Lamp,Nguyễn Lê,ART_1907478bfd,INSTRUMENTAL,musicbrainz_artist_discography,0.85,,,unavailable,,unavailable,,unavailable,2002.0,verified,TIER_B,METADATA_ONLY,v1,verified,verified_crawl,0,0,0,original_recording,,52ca58eb-912a-4c9a-b3f2-8b5fe3dee46b
RMVM_MB_4c991199af,Three Trios - Silk,Nguyễn Lê,ART_1907478bfd,INSTRUMENTAL,musicbrainz_artist_discography,0.85,,,unavailable,,unavailable,,unavailable,1997.0,verified,TIER_B,METADATA_ONLY,v1,verified,verified_crawl,0,0,0,original_recording,,ee54677f-abb2-419d-b358-15f69006c16b
RMVM_MB_e94645c07c,Diệu lý qua cầu,Trần Mạnh Tuấn,ART_b1cf40b89e,INSTRUMENTAL,musicbrainz_artist_discography,0.85,,,unavailable,,unavailable,,unavailable,2008.0,verified,TIER_B,METADATA_ONLY,v1,verified,verified_crawl,0,0,0,original_recording,,d2a0d906-04ed-40a9-b3eb-ef060fa2aa51
RMVM_MB_8a8c8c112e,Chiều tím,Trần Mạnh Tuấn,ART_b1cf40b89e,INSTRUMENTAL,musicbrainz_artist_discography,0.85,,,unavailable,,unavailable,,unavailable,2006.0,verified,TIER_B,METADATA_ONLY,v1,verified,verified_crawl,0,0,0,original_recording,,2ef290b1-4756-4f84-ac1d-0ac3bb51f2da
RMVM_MB_5b2d57aadb,Ru con Nam Bộ,Trần Mạnh Tuấn,ART_b1cf40b89e,INSTRUMENTAL,musicbrainz_artist_discography,0.85,,,unavailable,,unavailable,,unavailable,2008.0,verified,TIER_B,METADATA_ONLY,v1,verified,verified_crawl,0,0,0,original_recording,,e691aec0-c004-4707-9c00-753a5aa92e80
RMVM_MB_4c33797d26,Lá thư,Trần Mạnh Tuấn,ART_b1cf40b89e,INSTRUMENTAL,musicbrainz_artist_discography,0.85,,,unavailable,,unavailable,,unavailable,2006.0,verified,TIER_B,METADATA_ONLY,v1,verified,verified_crawl,0,0,0,original_recording,,4438526e-aaf3-4fb8-9d34-058de09e982f
RMVM_MB_b1e3651e94,Gửi gió cho mây ngàn bay,Trần Mạnh Tuấn,ART_b1cf40b89e,INSTRUMENTAL,musicbrainz_artist_discography,0.85,,,unavailable,,unavailable,,unavailable,2006.0,verified,TIER_B,METADATA_ONLY,v1,verified,verified_crawl,0,0,0,original_recording,,0a6e1814-d0e7-4c58-9eb6-dc631aed5a8d
RMVM_MB_f4eaa6aa92,Cát bụi,Trần Mạnh Tuấn,ART_b1cf40b89e,INSTRUMENTAL,musicbrainz_artist_discography,0.85,,,unavailable,,unavailable,,unavailable,2001.0,verified,TIER_B,METADATA_ONLY,v1,verified,verified_crawl,0,0,0,original_recording,,525434ee-6984-4ac3-94bc-0eaa5f2cd18f
RMVM_MB_87cc395359,Mưa rơi,Trần Mạnh Tuấn,ART_b1cf40b89e,INSTRUMENTAL,musicbrainz_artist_discography,0.85,,,unavailable,,unavailable,,unavailable,2006.0,verified,TIER_B,METADATA_ONLY,v1,verified,verified_crawl,0,0,0,original_recording,,dd13ccaf-b636-44f8-af0d-556786adc754
RMVM_MB_c4a6607fd3,Inh lả ơi,Trần Mạnh Tuấn,ART_b1cf40b89e,INSTRUMENTAL,musicbrainz_artist_discography,0.85,,,unavailable,,unavailable,,unavailable,2006.0,verified,TIER_B,METADATA_ONLY,v1,verified,verified_crawl,0,0,0,original_recording,,f61c01f3-987d-4a3f-9a54-9925b373902b
RMVM_MB_d6cceb302e,Thương nhau ngày mưa,Thúy Hường,ART_d31060c982,FOLK_TRADITIONAL,musicbrainz_artist_discography,0.85,,,unavailable,,unavailable,,unavailable,2011.0,verified,TIER_B,METADATA_ONLY,v1,verified,verified_crawl,0,0,0,original_recording,,970c95db-144a-47ca-926b-f9107367bf98
RMVM_MB_995f29f493,I'll Be Okay,Thúy Hường,ART_d31060c982,FOLK_TRADITIONAL,musicbrainz_artist_discography,0.85,,,unavailable,,unavailable,,unavailable,2005.0,verified,TIER_B,METADATA_ONLY,v1,verified,verified_crawl,0,0,0,original_recording,,80216a28-d52f-4f1e-98f4-e5c511f713ce
RMVM_MB_77ca79dd69,Cho anh xin số nhà,Thúy Hường,ART_d31060c982,FOLK_TRADITIONAL,musicbrainz_artist_discography,0.85,,,unavailable,,unavailable,,unavailable,2006.0,verified,TIER_B,METADATA_ONLY,v1,verified,verified_crawl,0,0,0,original_recording,,eedd6035-7de6-4ef9-8010-f785ec1ef20f
RMVM_MB_6ea5b908e2,I can lose my heart tonight - Are you man enough,Thúy Hường,ART_d31060c982,FOLK_TRADITIONAL,musicbrainz_artist_discography,0.85,,,unavailable,,unavailable,,unavailable,2014.0,verified,TIER_B,METADATA_ONLY,v1,verified,verified_crawl,0,0,0,original_recording,,47e4b85f-23bf-4469-8d99-a412f0ca3f42
RMVM_MB_7839598bd4,Đêm phương nam nghe câu hò Huế,Vân Khánh,ART_fdc4292814,FOLK_TRADITIONAL,musicbrainz_artist_discography,0.85,,,unavailable,,unavailable,,unavailable,2007.0,verified,TIER_B,METADATA_ONLY,v1,verified,verified_crawl,0,0,0,original_recording,,b6db570a-c0b2-4d01-b64b-f5b06e4401ec
RMVM_MB_3073bd6084,Tình sử Huyền Trân,Vân Khánh,ART_fdc4292814,FOLK_TRADITIONAL,musicbrainz_artist_discography,0.85,,,unavailable,,unavailable,,unavailable,2008.0,verified,TIER_B,METADATA_ONLY,v1,verified,verified_crawl,0,0,0,original_recording,,ff888355-ccb7-4425-8d32-e3820b4e5ec2
RMVM_MB_916f5f248e,Người Tình,Hương Lan,ART_8422601bfe,FOLK_TRADITIONAL,musicbrainz_artist_discography,0.85,,,unavailable,,unavailable,,unavailable,1990.0,verified,TIER_B,METADATA_ONLY,v1,verified,verified_crawl,0,0,0,original_recording,,1ceab719-05db-40f6-9d1c-8ad7c02300ef
RMVM_MB_9e07e25573,Để Trả Lời Một Câu Hỏi,Hương Lan,ART_8422601bfe,FOLK_TRADITIONAL,musicbrainz_artist_discography,0.85,,,unavailable,,unavailable,,unavailable,1992.0,verified,TIER_B,METADATA_ONLY,v1,verified,verified_crawl,0,0,0,original_recording,,b16a73e6-f843-4b23-904b-be79b8378a32
RMVM_MB_e8112cfc6a,Khối tình Trương Chi,Hương Lan,ART_8422601bfe,FOLK_TRADITIONAL,musicbrainz_artist_discography,0.85,,,unavailable,,unavailable,,unavailable,1990.0,verified,TIER_B,METADATA_ONLY,v1,verified,verified_crawl,0,0,0,original_recording,,2fb2679e-75f5-4835-8f48-286a75e5618b
RMVM_MB_061e6c18eb,Từ đó em buồn,Hương Lan,ART_8422601bfe,FOLK_TRADITIONAL,musicbrainz_artist_discography,0.85,,,unavailable,,unavailable,,unavailable,1991.0,verified,TIER_B,METADATA_ONLY,v1,verified,verified_crawl,0,0,0,original_recording,,f4c5cbed-72ff-4b2b-830a-f03d8c782bd5
RMVM_MB_0834dc92e4,Tình đầu,Hương Lan,ART_8422601bfe,FOLK_TRADITIONAL,musicbrainz_artist_discography,0.85,,,unavailable,,unavailable,,unavailable,1990.0,verified,TIER_B,METADATA_ONLY,v1,verified,verified_crawl,0,0,0,original_recording,,8a251541-ee6a-4dba-91f3-b7b2a84beaf7
RMVM_MB_3184c3547d,Hoa thương nhớ ai,Hương Lan,ART_8422601bfe,FOLK_TRADITIONAL,musicbrainz_artist_discography,0.85,,,unavailable,,unavailable,,unavailable,1996.0,verified,TIER_B,METADATA_ONLY,v1,verified,verified_crawl,0,0,0,original_recording,,6c1bac0c-cb40-447e-8790-35effddb8a17
RMVM_MB_3f955ee4fc,Dấu tình sầu,Hương Lan,ART_8422601bfe,FOLK_TRADITIONAL,musicbrainz_artist_discography,0.85,,,unavailable,,unavailable,,unavailable,1989.0,verified,TIER_B,METADATA_ONLY,v1,verified,verified_crawl,0,0,0,original_recording,,1e1bdc09-054b-47f6-b158-b160ae3a6d78
RMVM_MB_1220d4aee1,Nhớ người ra đi,Hương Lan,ART_8422601bfe,FOLK_TRADITIONAL,musicbrainz_artist_discography,0.85,,,unavailable,,unavailable,,unavailable,1996.0,verified,TIER_B,METADATA_ONLY,v1,verified,verified_crawl,0,0,0,original_recording,,5143b72d-d59d-451a-b37c-52d926eede72
RMVM_MB_156b1ded32,Thành phố mưa bay,Quang Linh,ART_3a6003b287,FOLK_TRADITIONAL,musicbrainz_artist_discography,0.85,,,unavailable,,unavailable,,unavailable,2006.0,verified,TIER_B,METADATA_ONLY,v1,verified,verified_crawl,0,0,0,original_recording,,b7a54af1-4300-4c4f-a82b-5cfd56795518
RMVM_MB_b6c3ea6511,Kiếp đam mê,Quang Linh,ART_3a6003b287,FOLK_TRADITIONAL,musicbrainz_artist_discography,0.85,,,unavailable,,unavailable,,unavailable,2006.0,verified,TIER_B,METADATA_ONLY,v1,verified,verified_crawl,0,0,0,original_recording,,a3242a32-d38e-43dc-ac43-8b70bcf848c2
RMVM_MB_639ba9936a,Nửa đêm ngoài phố,Quang Linh,ART_3a6003b287,FOLK_TRADITIONAL,musicbrainz_artist_discography,0.85,,,unavailable,,unavailable,,unavailable,2006.0,verified,TIER_B,METADATA_ONLY,v1,verified,verified_crawl,0,0,0,original_recording,,15f489f4-748e-4599-a732-4320472b1d01
RMVM_MB_21646e7cc4,Tiếng Chim Đa Đa,Quang Linh,ART_3a6003b287,FOLK_TRADITIONAL,musicbrainz_artist_discography,0.85,,,unavailable,,unavailable,,unavailable,1999.0,verified,TIER_B,METADATA_ONLY,v1,verified,verified_crawl,0,0,0,original_recording,,b86d0163-cd83-4b3e-9bc3-08f85cf07184
RMVM_MB_ccb3465ea0,Huế Buồn Vì Ai,Quang Linh,ART_3a6003b287,FOLK_TRADITIONAL,musicbrainz_artist_discography,0.85,,,unavailable,,unavailable,,unavailable,1999.0,verified,TIER_B,METADATA_ONLY,v1,verified,verified_crawl,0,0,0,original_recording,,47cd53d4-8911-4faf-8554-da9635ef45d9
RMVM_MB_98c46e8c90,Chiều cuối tuần,Quang Linh,ART_3a6003b287,FOLK_TRADITIONAL,musicbrainz_artist_discography,0.85,,,unavailable,,unavailable,,unavailable,2006.0,verified,TIER_B,METADATA_ONLY,v1,verified,verified_crawl,0,0,0,original_recording,,ba558388-c160-41a1-8ce3-813bda7cfd73
RMVM_MB_880c2f7917,Cỏ úa,Quang Linh,ART_3a6003b287,FOLK_TRADITIONAL,musicbrainz_artist_discography,0.85,,,unavailable,,unavailable,,unavailable,2006.0,verified,TIER_B,METADATA_ONLY,v1,verified,verified_crawl,0,0,0,original_recording,,9e29a6d6-a829-4f05-a75b-6ade46ee1c16
RMVM_MB_7042f8a2ce,Nhớ em câu hát đưa đò,Phi Nhung,ART_33de4125fc,FOLK_TRADITIONAL,musicbrainz_artist_discography,0.85,,,unavailable,,unavailable,,unavailable,2003.0,verified,TIER_B,METADATA_ONLY,v1,verified,verified_crawl,0,0,0,original_recording,,4cda77fd-ff18-45ce-b802-e0ade241922d
RMVM_MB_67922b4dff,Giấc ngủ đầu nôi,Phi Nhung,ART_33de4125fc,FOLK_TRADITIONAL,musicbrainz_artist_discography,0.85,,,unavailable,,unavailable,,unavailable,1996.0,verified,TIER_B,METADATA_ONLY,v1,verified,verified_crawl,0,0,0,original_recording,,049243f8-3ab7-4e02-8239-d73d659123c6
RMVM_MB_1dc7ccdafe,Chuyến xe lam chiều,Phi Nhung,ART_33de4125fc,FOLK_TRADITIONAL,musicbrainz_artist_discography,0.85,,,unavailable,,unavailable,,unavailable,1996.0,verified,TIER_B,METADATA_ONLY,v1,verified,verified_crawl,0,0,0,original_recording,,a5541b00-4097-42ca-9ef0-ffb8f2d39bc2
RMVM_MB_f03d88fdb1,Yêu lầm,Phi Nhung,ART_33de4125fc,FOLK_TRADITIONAL,musicbrainz_artist_discography,0.85,,,unavailable,,unavailable,,unavailable,1996.0,verified,TIER_B,METADATA_ONLY,v1,verified,verified_crawl,0,0,0,original_recording,,39cf87d9-65ed-4105-b012-9e8d488c3adf
RMVM_MB_51051cac0e,Đêm tóc rối,Phi Nhung,ART_33de4125fc,FOLK_TRADITIONAL,musicbrainz_artist_discography,0.85,,,unavailable,,unavailable,,unavailable,1998.0,verified,TIER_B,METADATA_ONLY,v1,verified,verified_crawl,0,0,0,original_recording,,d95f5a4a-b456-4083-9ccd-1d8f8490dbd2
RMVM_MB_9d9afe9558,Nếu mình thương nhau,Phi Nhung,ART_33de4125fc,FOLK_TRADITIONAL,musicbrainz_artist_discography,0.85,,,unavailable,,unavailable,,unavailable,1998.0,verified,TIER_B,METADATA_ONLY,v1,verified,verified_crawl,0,0,0,original_recording,,89ea67fa-333b-44b1-bf6f-fd02aa0c21be
RMVM_MB_7ef60fa887,Tơ duyên,Phi Nhung,ART_33de4125fc,FOLK_TRADITIONAL,musicbrainz_artist_discography,0.85,,,unavailable,,unavailable,,unavailable,2000.0,verified,TIER_B,METADATA_ONLY,v1,verified,verified_crawl,0,0,0,original_recording,,08d45e4f-9106-4fcd-9756-e3ee776d6332
RMVM_MB_22a0f9fd5b,Để tóc nàng ngủ yên,Phi Nhung,ART_33de4125fc,FOLK_TRADITIONAL,musicbrainz_artist_discography,0.85,,,unavailable,,unavailable,,unavailable,1999.0,verified,TIER_B,METADATA_ONLY,v1,verified,verified_crawl,0,0,0,original_recording,,1636f80a-2905-4f7f-ae5e-b1b2f0e3077d
RMVM_MB_36647a95a4,Chúc Anh Đài,Lệ Thủy,ART_1bdf636624,FOLK_TRADITIONAL,musicbrainz_artist_discography,0.85,,,unavailable,,unavailable,,unavailable,2013.0,verified,TIER_B,METADATA_ONLY,v1,verified,verified_crawl,0,0,0,original_recording,,e595eaac-a183-4dc1-9a1e-a108ba108ebe
RMVM_MB_238db075e6,Quên Em Để Hạnh Phúc,Minh Vương,ART_647daac8f6,FOLK_TRADITIONAL,musicbrainz_artist_discography,0.85,,,unavailable,,unavailable,,unavailable,2018.0,verified,TIER_B,METADATA_ONLY,v1,verified,verified_crawl,0,0,0,original_recording,,6a29ec7b-c4e4-4112-940b-f5ecd55819b5
RMVM_MB_95fb4406fe,Xin Lỗi Anh Yêu Em,Minh Vương,ART_647daac8f6,FOLK_TRADITIONAL,musicbrainz_artist_discography,0.85,,,unavailable,,unavailable,,unavailable,2018.0,verified,TIER_B,METADATA_ONLY,v1,verified,verified_crawl,0,0,0,original_recording,,f43292d3-5dc4-446c-b30c-835a6fdc230b
RMVM_MB_1a508a38dd,Lý cây da (Chant sous le banian) [Comptine du Vietnam],Thanh Ngân,ART_165c93966a,FOLK_TRADITIONAL,musicbrainz_artist_discography,0.85,,,unavailable,,unavailable,,unavailable,2007.0,verified,TIER_B,METADATA_ONLY,v1,verified,verified_crawl,0,0,0,original_recording,,e5bf0ca7-9252-4472-81f6-3d39542cfe44
RMVM_MB_044e2f45a2,Le gateau de riz (Thème musical),Thanh Ngân,ART_165c93966a,FOLK_TRADITIONAL,musicbrainz_artist_discography,0.85,,,unavailable,,unavailable,,unavailable,2007.0,verified,TIER_B,METADATA_ONLY,v1,verified,verified_crawl,0,0,0,original_recording,,61ac1752-7657-4dc2-9b81-bb1fec110d3d
RMVM_MB_94800732cd,Le buffle noir (Thème musical),Thanh Ngân,ART_165c93966a,FOLK_TRADITIONAL,musicbrainz_artist_discography,0.85,,,unavailable,,unavailable,,unavailable,2007.0,verified,TIER_B,METADATA_ONLY,v1,verified,verified_crawl,0,0,0,original_recording,,412a510b-2944-42ba-b8a5-28bd08663cff
RMVM_MB_d5ef9055ca,Con gà trông (Le coq) [Comptine du Vietnam],Thanh Ngân,ART_165c93966a,FOLK_TRADITIONAL,musicbrainz_artist_discography,0.85,,,unavailable,,unavailable,,unavailable,2007.0,verified,TIER_B,METADATA_ONLY,v1,verified,verified_crawl,0,0,0,original_recording,,47bb9b5a-31a0-4289-8d24-6a0c8e72c36f
RMVM_MB_fba5137fc0,Lac d'automne (Thème musical),Thanh Ngân,ART_165c93966a,FOLK_TRADITIONAL,musicbrainz_artist_discography,0.85,,,unavailable,,unavailable,,unavailable,2007.0,verified,TIER_B,METADATA_ONLY,v1,verified,verified_crawl,0,0,0,original_recording,,383361c3-ca44-4179-8da8-be09973a3a99
RMVM_MB_e8e7d0a8c8,Huê (Comptine du Vietnam),Thanh Ngân,ART_165c93966a,FOLK_TRADITIONAL,musicbrainz_artist_discography,0.85,,,unavailable,,unavailable,,unavailable,2007.0,verified,TIER_B,METADATA_ONLY,v1,verified,verified_crawl,0,0,0,original_recording,,b8866fc1-b053-46c0-ba23-110b2233e695
RMVM_MB_e4940d62a8,Le tigre la poule et le lièvre (Conte),Thanh Ngân,ART_165c93966a,FOLK_TRADITIONAL,musicbrainz_artist_discography,0.85,,,unavailable,,unavailable,,unavailable,2007.0,verified,TIER_B,METADATA_ONLY,v1,verified,verified_crawl,0,0,0,original_recording,,12eef3ca-abae-4c6c-89f9-13065b881298
RMVM_MB_2fb50f5c7c,Le gateau de riz (Conte),Thanh Ngân,ART_165c93966a,FOLK_TRADITIONAL,musicbrainz_artist_discography,0.85,,,unavailable,,unavailable,,unavailable,2007.0,verified,TIER_B,METADATA_ONLY,v1,verified,verified_crawl,0,0,0,original_recording,,22b9dd24-b3c0-4a40-85f1-7e71d35fb2b3
RMVM_MB_55dc42b319,Hà Tiên,Ngọc Huyền,ART_47d6821a96,FOLK_TRADITIONAL,musicbrainz_artist_discography,0.85,,,unavailable,,unavailable,,unavailable,2006.0,verified,TIER_B,METADATA_ONLY,v1,verified,verified_crawl,0,0,0,original_recording,,f4bc47e9-5cd3-46cb-bd7c-964804ef10c8
RMVM_MB_5c02037bbd,Gánh Hát Rong,Ngọc Huyền,ART_47d6821a96,FOLK_TRADITIONAL,musicbrainz_artist_discography,0.85,,,unavailable,,unavailable,,unavailable,2005.0,verified,TIER_B,METADATA_ONLY,v1,verified,verified_crawl,0,0,0,original_recording,,ab9419a0-050d-4477-904c-886d16fe74b9
RMVM_MB_7a97eee9ad,Đêm tâm sự,Ngọc Huyền,ART_47d6821a96,FOLK_TRADITIONAL,musicbrainz_artist_discography,0.85,,,unavailable,,unavailable,,unavailable,2014.0,verified,TIER_B,METADATA_ONLY,v1,verified,verified_crawl,0,0,0,original_recording,,59c11f6c-ce5c-4a06-9347-b97d00bfa092
RMVM_MB_57c2b33018,Rước tình về với quê hương,Ngọc Huyền,ART_47d6821a96,FOLK_TRADITIONAL,musicbrainz_artist_discography,0.85,,,unavailable,,unavailable,,unavailable,2010.0,verified,TIER_B,METADATA_ONLY,v1,verified,verified_crawl,0,0,0,original_recording,,b230a645-7043-4392-b70a-507708a84916
RMVM_MB_6647727eb6,Chuyện tình Lan & Điệp,Ngọc Huyền,ART_47d6821a96,FOLK_TRADITIONAL,musicbrainz_artist_discography,0.85,,,unavailable,,unavailable,,unavailable,2006.0,verified,TIER_B,METADATA_ONLY,v1,verified,verified_crawl,0,0,0,original_recording,,30165240-f42e-46bd-8ddd-ce9a3baee8a9
RMVM_MB_1eeec14613,Cảm ơn anh,Ngọc Huyền,ART_47d6821a96,FOLK_TRADITIONAL,musicbrainz_artist_discography,0.85,,,unavailable,,unavailable,,unavailable,2011.0,verified,TIER_B,METADATA_ONLY,v1,verified,verified_crawl,0,0,0,original_recording,,3899a8bc-a57f-44e5-875a-946390bb5b03
RMVM_MB_c82e5ec6bf,Six Gleen And Spekled Frogs,Xuân Mai,ART_fc7f4714c5,CHILDREN,musicbrainz_artist_discography,0.85,,,unavailable,,unavailable,,unavailable,2004.0,verified,TIER_B,METADATA_ONLY,v1,verified,verified_crawl,0,0,0,original_recording,,fa4fd30d-a0ec-4edd-bc8a-972d37bf066d
RMVM_MB_63cd7e3228,Đàn Gà Con,Xuân Mai,ART_fc7f4714c5,CHILDREN,musicbrainz_artist_discography,0.85,,,unavailable,,unavailable,,unavailable,2004.0,verified,TIER_B,METADATA_ONLY,v1,verified,verified_crawl,0,0,0,original_recording,,66917c32-e29c-4d69-8b7b-17faebdd1532
RMVM_MB_af4792be22,So What,Xuân Mai,ART_fc7f4714c5,CHILDREN,musicbrainz_artist_discography,0.85,,,unavailable,,unavailable,,unavailable,2004.0,verified,TIER_B,METADATA_ONLY,v1,verified,verified_crawl,0,0,0,original_recording,,42c3db84-b6a0-447b-a1a2-2e3d86bbc57c
RMVM_MB_0d4ec0cc6e,Head And Shoulders,Xuân Mai,ART_fc7f4714c5,CHILDREN,musicbrainz_artist_discography,0.85,,,unavailable,,unavailable,,unavailable,2004.0,verified,TIER_B,METADATA_ONLY,v1,verified,verified_crawl,0,0,0,original_recording,,e4a9b53e-e8b6-4e23-aabb-c7a372c3c31b
RMVM_MB_53fd0be9a7,Ước Mơ Tuổi Thơ,Xuân Mai,ART_fc7f4714c5,CHILDREN,musicbrainz_artist_discography,0.85,,,unavailable,,unavailable,,unavailable,2004.0,verified,TIER_B,METADATA_ONLY,v1,verified,verified_crawl,0,0,0,original_recording,,f3d5945d-5bd7-46ea-b4b1-5a2085609b60
RMVM_MB_cb5cec611c,Just You,Wowy,ART_074d76b1a4,RAP_HIPHOP,musicbrainz_artist_discography,0.85,,,unavailable,,unavailable,,unavailable,2015.0,verified,TIER_B,METADATA_ONLY,v1,verified,verified_crawl,0,0,0,original_recording,,55aa8516-516c-4f0f-901b-ef9cbdb74dee
RMVM_MB_8b5b6a37f0,Turkisk Peppar,Karik,ART_ac386cda83,RAP_HIPHOP,musicbrainz_artist_discography,0.85,,,unavailable,,unavailable,,unavailable,2001.0,verified,TIER_B,METADATA_ONLY,v1,verified,verified_crawl,0,0,0,original_recording,,eee0c024-7703-43f5-ae30-74777f12ffa1
RMVM_MB_5a22173b24,Yêu 5,Rhymastic,ART_35ac2077c4,RAP_HIPHOP,musicbrainz_artist_discography,0.85,,,unavailable,,unavailable,,unavailable,2017.0,verified,TIER_B,METADATA_ONLY,v1,verified,verified_crawl,0,0,0,original_recording,,048a7f5e-5071-465e-b785-1a030ef858cb
RMVM_MB_290891726f,Nến Và Hoa,Rhymastic,ART_35ac2077c4,RAP_HIPHOP,musicbrainz_artist_discography,0.85,,,unavailable,,unavailable,,unavailable,2018.0,verified,TIER_B,METADATA_ONLY,v1,verified,verified_crawl,0,0,0,original_recording,,f48ee8ed-437f-44d4-9743-59811df3ce01
RMVM_MB_cda5178ff2,Eerst wil je dit… (Some Girls),Ricky Star,ART_49436287f3,RAP_HIPHOP,musicbrainz_artist_discography,0.85,,,unavailable,,unavailable,,unavailable,1984.0,verified,TIER_B,METADATA_ONLY,v1,verified,verified_crawl,0,0,0,original_recording,,b7e3e66e-ce6b-48da-8a69-09ab3033d95c
RMVM_MB_bc546af095,"Liefste, waar ben je",Ricky Star,ART_49436287f3,RAP_HIPHOP,musicbrainz_artist_discography,0.85,,,unavailable,,unavailable,,unavailable,1984.0,verified,TIER_B,METADATA_ONLY,v1,verified,verified_crawl,0,0,0,original_recording,,98f692d9-e9bf-47ec-be71-9d7f5640d1b7
RMVM_MB_5d56c3cff2,Oh Rosie,Ricky Star,ART_49436287f3,RAP_HIPHOP,musicbrainz_artist_discography,0.85,,,unavailable,,unavailable,,unavailable,1983.0,verified,TIER_B,METADATA_ONLY,v1,verified,verified_crawl,0,0,0,original_recording,,2cd038f1-0087-415d-9a44-704b1e36d7ea
RMVM_MB_69ed0f7a28,De wilde jaren,Ricky Star,ART_49436287f3,RAP_HIPHOP,musicbrainz_artist_discography,0.85,,,unavailable,,unavailable,,unavailable,1983.0,verified,TIER_B,METADATA_ONLY,v1,verified,verified_crawl,0,0,0,original_recording,,b761ef47-ff98-4622-9620-35ebfd39481c
RMVM_MB_89da201a14,Diana,Ricky Star,ART_49436287f3,RAP_HIPHOP,musicbrainz_artist_discography,0.85,,,unavailable,,unavailable,,unavailable,1983.0,verified,TIER_B,METADATA_ONLY,v1,verified,verified_crawl,0,0,0,original_recording,,3bd4e4c7-8109-4a79-9881-50f94a5a2463
RMVM_MB_b5eb9d2a45,Wanda,Ricky Star,ART_49436287f3,RAP_HIPHOP,musicbrainz_artist_discography,0.85,,,unavailable,,unavailable,,unavailable,1983.0,verified,TIER_B,METADATA_ONLY,v1,verified,verified_crawl,0,0,0,original_recording,,2ce03c9b-ce99-44c8-8c14-bf8b0a50c9c9
RMVM_MB_76ab76b7f3,Remember Me (SlimV Mix),SlimV,ART_7011c7ab57,DANCE_EDM,musicbrainz_artist_discography,0.85,,,unavailable,,unavailable,,unavailable,2017.0,verified,TIER_B,METADATA_ONLY,v1,verified,verified_crawl,0,0,0,original_recording,,b85358e6-222b-44b4-a99c-3d5c00b76c05
RMVM_MB_6846f9cdf1,Em Ơi Cứ Vui,SlimV,ART_7011c7ab57,DANCE_EDM,musicbrainz_artist_discography,0.85,,,unavailable,,unavailable,,unavailable,2017.0,verified,TIER_B,METADATA_ONLY,v1,verified,verified_crawl,0,0,0,original_recording,,c6eda0e3-03d9-40cf-8be1-d402956e888a
RMVM_MB_581688a5d7,Em Mới Là Người Yêu Anh (Acoustic Version),Min,ART_d8bd79cc13,RB_SOUL,musicbrainz_artist_discography,0.85,,,unavailable,,unavailable,,unavailable,2018.0,verified,TIER_B,METADATA_ONLY,v1,verified,verified_crawl,0,0,0,original_recording,,709a3d61-f6bd-4dde-ae09-00e1de9c729f
RMVM_MB_f5f9830ca2,Got to Be Real (TK Groove),Erik,ART_6a42dd6e7c,RB_SOUL,musicbrainz_artist_discography,0.85,,,unavailable,,unavailable,,unavailable,1993.0,verified,TIER_B,METADATA_ONLY,v1,verified,verified_crawl,0,0,0,original_recording,,6782a498-f114-4586-bddd-719b7b355459
RMVM_MB_94895b02b0,Got to Be Real (J & S Disco Bunny),Erik,ART_6a42dd6e7c,RB_SOUL,musicbrainz_artist_discography,0.85,,,unavailable,,unavailable,,unavailable,1993.0,verified,TIER_B,METADATA_ONLY,v1,verified,verified_crawl,0,0,0,original_recording,,b9b9d4d4-6748-4725-82dc-f61ce0b9ea90
RMVM_MB_d3575f9faa,Write It Down,Erik,ART_6a42dd6e7c,RB_SOUL,musicbrainz_artist_discography,0.85,,,unavailable,,unavailable,,unavailable,2016.0,verified,TIER_B,METADATA_ONLY,v1,verified,verified_crawl,0,0,0,original_recording,,a0686e90-dc7a-47c8-99a2-4c3a0c3336ff
RMVM_MB_84aee52d64,Under snötäcktet,Erik,ART_6a42dd6e7c,RB_SOUL,musicbrainz_artist_discography,0.85,,,unavailable,,unavailable,,unavailable,2007.0,verified,TIER_B,METADATA_ONLY,v1,verified,verified_crawl,0,0,0,original_recording,,1d63ccc4-9d2c-4ba2-98ed-e77054aef88f
RMVM_MB_6178593b3f,We Got the Love (Paul Gotel club mix),Erik,ART_6a42dd6e7c,RB_SOUL,musicbrainz_artist_discography,0.85,,,unavailable,,unavailable,,unavailable,1994.0,verified,TIER_B,METADATA_ONLY,v1,verified,verified_crawl,0,0,0,original_recording,,035eafbc-d86d-4524-aa7f-fb64aa7bf780
RMVM_MB_4d53f624ab,We Got the Love (Loveland 7″ edit),Erik,ART_6a42dd6e7c,RB_SOUL,musicbrainz_artist_discography,0.85,,,unavailable,,unavailable,,unavailable,1994.0,verified,TIER_B,METADATA_ONLY,v1,verified,verified_crawl,0,0,0,original_recording,,20b5d373-06dd-43c3-bbbf-95fb436ba220
RMVM_MB_24304714cc,Hẹn Yêu,Vũ Cát Tường,ART_45bba9499c,RB_SOUL,musicbrainz_artist_discography,0.85,,,unavailable,,unavailable,,unavailable,2014.0,verified,TIER_B,METADATA_ONLY,v1,verified,verified_crawl,0,0,0,original_recording,,242ca635-6e81-40ca-89db-28f8989cfe93
RMVM_MB_693fcc04bf,San Francisco,Vũ Cát Tường,ART_45bba9499c,RB_SOUL,musicbrainz_artist_discography,0.85,,,unavailable,,unavailable,,unavailable,2018.0,verified,TIER_B,METADATA_ONLY,v1,verified,verified_crawl,0,0,0,original_recording,,ab0a11ec-3a7b-43e3-801b-5b814731c71b
RMVM_MB_8172ddbb70,Stardom,Vũ Cát Tường,ART_45bba9499c,RB_SOUL,musicbrainz_artist_discography,0.85,,,unavailable,,unavailable,,unavailable,2018.0,verified,TIER_B,METADATA_ONLY,v1,verified,verified_crawl,0,0,0,original_recording,,2cdcbd6c-543a-42ce-bd38-7838eebe8d7f
RMVM_MB_4c5bada3d4,Vì Tôi Còn Sống (Dsmall remix),Tiên Tiên,ART_692ad687f0,RB_SOUL,musicbrainz_artist_discography,0.85,,,unavailable,,unavailable,,unavailable,2015.0,verified,TIER_B,METADATA_ONLY,v1,verified,verified_crawl,0,0,0,original_recording,,554314f3-56fe-4b8e-8ec6-994015e61b1e
RMVM_MB_5d3d16b58c,Say You Do (Beat),Tiên Tiên,ART_692ad687f0,RB_SOUL,musicbrainz_artist_discography,0.85,,,unavailable,,unavailable,,unavailable,2014.0,verified,TIER_B,METADATA_ONLY,v1,verified,verified_crawl,0,0,0,original_recording,,b10b6b9b-06c7-4169-9977-17cc12dc0c59
RMVM_MB_4318fcbd81,Vì Tôi Còn Sống,Tiên Tiên,ART_692ad687f0,RB_SOUL,musicbrainz_artist_discography,0.85,,,unavailable,,unavailable,,unavailable,2015.0,verified,TIER_B,METADATA_ONLY,v1,verified,verified_crawl,0,0,0,original_recording,,ea575586-880f-450f-9c63-ac5621873708
RMVM_MB_7126d82d88,My Everything,Tiên Tiên,ART_692ad687f0,RB_SOUL,musicbrainz_artist_discography,0.85,,,unavailable,,unavailable,,unavailable,2015.0,verified,TIER_B,METADATA_ONLY,v1,verified,verified_crawl,0,0,0,original_recording,,139130a4-9503-40ab-8b7d-7423eb9d4a1d
RMVM_MB_905e425f87,Say You Do,Tiên Tiên,ART_692ad687f0,RB_SOUL,musicbrainz_artist_discography,0.85,,,unavailable,,unavailable,,unavailable,2014.0,verified,TIER_B,METADATA_ONLY,v1,verified,verified_crawl,0,0,0,original_recording,,6e9765b2-7b11-41e9-b429-797d9561a5c5
RMVM_MB_4196d4edd9,Kilo,Monstar,ART_d13f16501d,RB_SOUL,musicbrainz_artist_discography,0.85,,,unavailable,,unavailable,,unavailable,2012.0,verified,TIER_B,METADATA_ONLY,v1,verified,verified_crawl,0,0,0,original_recording,,dfb46a0d-d029-4844-972c-3e103c24eead
RMVM_MB_c80d0d700f,Let The Music,Monstar,ART_d13f16501d,RB_SOUL,musicbrainz_artist_discography,0.85,,,unavailable,,unavailable,,unavailable,2012.0,verified,TIER_B,METADATA_ONLY,v1,verified,verified_crawl,0,0,0,original_recording,,97e3599c-b821-4f4e-84bb-342f29bca166
RMVM_MB_5b50b6bc65,Face Fucking Bass,Monstar,ART_d13f16501d,RB_SOUL,musicbrainz_artist_discography,0.85,,,unavailable,,unavailable,,unavailable,2012.0,verified,TIER_B,METADATA_ONLY,v1,verified,verified_crawl,0,0,0,original_recording,,ae03fcd7-0bf6-4e26-b21b-89ee93f66dcd
RMVM_MB_5d6c7ea321,Harder,Monstar,ART_d13f16501d,RB_SOUL,musicbrainz_artist_discography,0.85,,,unavailable,,unavailable,,unavailable,2012.0,verified,TIER_B,METADATA_ONLY,v1,verified,verified_crawl,0,0,0,original_recording,,aa854d8e-8a10-4717-aa12-268da3a3534e
RMVM_MB_67145da2dd,Put Ya Hands Up,Monstar,ART_d13f16501d,RB_SOUL,musicbrainz_artist_discography,0.85,,,unavailable,,unavailable,,unavailable,2010.0,verified,TIER_B,METADATA_ONLY,v1,verified,verified_crawl,0,0,0,original_recording,,0520ea71-443c-42c8-baed-3ec790e4689c
RMVM_MB_b6140e2196,Wonderboy (Vodge Diper remix),Monstar,ART_d13f16501d,RB_SOUL,musicbrainz_artist_discography,0.85,,,unavailable,,unavailable,,unavailable,2012.0,verified,TIER_B,METADATA_ONLY,v1,verified,verified_crawl,0,0,0,original_recording,,35163c13-8043-4957-ba81-443bcca64716
RMVM_MB_c7daeb42f9,Entfesselt,Monstar,ART_d13f16501d,RB_SOUL,musicbrainz_artist_discography,0.85,,,unavailable,,unavailable,,unavailable,2010.0,verified,TIER_B,METADATA_ONLY,v1,verified,verified_crawl,0,0,0,original_recording,,24dc062c-d3ba-4e2a-9f34-ccdbb73d9d60
RMVM_MB_3c70891466,Bastard,Monstar,ART_d13f16501d,RB_SOUL,musicbrainz_artist_discography,0.85,,,unavailable,,unavailable,,unavailable,2012.0,verified,TIER_B,METADATA_ONLY,v1,verified,verified_crawl,0,0,0,original_recording,,0337b6ee-fc62-415c-bb00-e9a84aeb4f3d
RMVM_MB_38bf5748a2,Còn thấy mặt người,Khánh Ly,ART_2a0e02284a,NHAC_TRINH,musicbrainz_artist_discography,0.85,,,unavailable,,unavailable,,unavailable,1992.0,verified,TIER_B,METADATA_ONLY,v1,verified,verified_crawl,0,0,0,original_recording,,09321769-3299-4705-a152-a4db364da47e
RMVM_MB_30150b5046,Sabaku,Khánh Ly,ART_2a0e02284a,NHAC_TRINH,musicbrainz_artist_discography,0.85,,,unavailable,,unavailable,,unavailable,1992.0,verified,TIER_B,METADATA_ONLY,v1,verified,verified_crawl,0,0,0,original_recording,,48218dc0-8d70-4dde-8383-0732005a31d1
RMVM_MB_b2e8810b53,Nhạc Hòa Tấu,Khánh Ly,ART_2a0e02284a,NHAC_TRINH,musicbrainz_artist_discography,0.85,,,unavailable,,unavailable,,unavailable,1992.0,verified,TIER_B,METADATA_ONLY,v1,verified,verified_crawl,0,0,0,original_recording,,587c6091-f795-43cc-aa7f-421fcb727bd3
RMVM_MB_966b0bfdba,Mưa hồng,Khánh Ly,ART_2a0e02284a,NHAC_TRINH,musicbrainz_artist_discography,0.85,,,unavailable,,unavailable,,unavailable,1989.0,verified,TIER_B,METADATA_ONLY,v1,verified,verified_crawl,0,0,0,original_recording,,bfc1d7b5-c610-4244-a44a-9ad4a46b2f6f
RMVM_MB_0d2ebee4c3,Mùa thu mây ngàn,Khánh Ly,ART_2a0e02284a,NHAC_TRINH,musicbrainz_artist_discography,0.85,,,unavailable,,unavailable,,unavailable,1989.0,verified,TIER_B,METADATA_ONLY,v1,verified,verified_crawl,0,0,0,original_recording,,11045e6d-1685-4575-8fce-43ab118d66b3
RMVM_MB_b30d269960,Nhìn những mùa thu đi,Khánh Ly,ART_2a0e02284a,NHAC_TRINH,musicbrainz_artist_discography,0.85,,,unavailable,,unavailable,,unavailable,1974.0,verified,TIER_B,METADATA_ONLY,v1,verified,verified_crawl,0,0,0,original_recording,,284a623c-ad35-4d0a-bcdc-4828f3620fc1
RMVM_MB_4ad7a367ac,Tình xa,Khánh Ly,ART_2a0e02284a,NHAC_TRINH,musicbrainz_artist_discography,0.85,,,unavailable,,unavailable,,unavailable,1974.0,verified,TIER_B,METADATA_ONLY,v1,verified,verified_crawl,0,0,0,original_recording,,13a83176-f8e2-4fb5-8ba1-b66b004f6096
RMVM_MB_1bc6d245be,Cát bụi,Khánh Ly,ART_2a0e02284a,NHAC_TRINH,musicbrainz_artist_discography,0.85,,,unavailable,,unavailable,,unavailable,1974.0,verified,TIER_B,METADATA_ONLY,v1,verified,verified_crawl,0,0,0,original_recording,,dffdb525-72c0-419a-8199-e575f5d5a57c
RMVM_MB_290cb74219,Một cõi đi về,Trịnh Vĩnh Trinh,ART_06707a5746,NHAC_TRINH,musicbrainz_artist_discography,0.85,,,unavailable,,unavailable,,unavailable,1991.0,verified,TIER_B,METADATA_ONLY,v1,verified,verified_crawl,0,0,0,original_recording,,ca86e75d-e56f-4700-a801-2b09c3b814aa
RMVM_MB_1d932be2a3,Còn tuổi nào cho em,Trịnh Vĩnh Trinh,ART_06707a5746,NHAC_TRINH,musicbrainz_artist_discography,0.85,,,unavailable,,unavailable,,unavailable,2003.0,verified,TIER_B,METADATA_ONLY,v1,verified,verified_crawl,0,0,0,original_recording,,9a718fe0-ba3c-4aa2-81f1-22d703d40196
RMVM_MB_18b3ff9355,Trương chi,Ánh Tuyết,ART_d72564b10f,NHAC_TRINH,musicbrainz_artist_discography,0.85,,,unavailable,,unavailable,,unavailable,2004.0,verified,TIER_B,METADATA_ONLY,v1,verified,verified_crawl,0,0,0,original_recording,,0dbb820d-91b6-4a8d-8d42-cd14ccc6f2f8
RMVM_MB_94fc086517,Thu cô liêu,Ánh Tuyết,ART_d72564b10f,NHAC_TRINH,musicbrainz_artist_discography,0.85,,,unavailable,,unavailable,,unavailable,2004.0,verified,TIER_B,METADATA_ONLY,v1,verified,verified_crawl,0,0,0,original_recording,,33f68e83-c349-4b4b-8538-7e12be3c3356
RMVM_MB_da2575c983,Nắng hạ,Trần Thái Hòa,ART_1b610001da,NHAC_TRINH,musicbrainz_artist_discography,0.85,,,unavailable,,unavailable,,unavailable,2007.0,verified,TIER_B,METADATA_ONLY,v1,verified,verified_crawl,0,0,0,original_recording,,f79fec7f-bd32-4fb7-b332-02416546d0e0
RMVM_MB_13042ffd9c,Mái tranh chiều,Trần Thái Hòa,ART_1b610001da,NHAC_TRINH,musicbrainz_artist_discography,0.85,,,unavailable,,unavailable,,unavailable,2002.0,verified,TIER_B,METADATA_ONLY,v1,verified,verified_crawl,0,0,0,original_recording,,8ce64c13-d9fb-45c0-a903-b38fe7cb519d
RMVM_MB_b25294b59e,Tình rơi,Trần Thái Hòa,ART_1b610001da,NHAC_TRINH,musicbrainz_artist_discography,0.85,,,unavailable,,unavailable,,unavailable,2007.0,verified,TIER_B,METADATA_ONLY,v1,verified,verified_crawl,0,0,0,original_recording,,f8414f60-d426-47c1-ad26-7c5151debaf6
RMVM_MB_10cd2b734f,Tiếng mưa đêm,Trần Thái Hòa,ART_1b610001da,NHAC_TRINH,musicbrainz_artist_discography,0.85,,,unavailable,,unavailable,,unavailable,2002.0,verified,TIER_B,METADATA_ONLY,v1,verified,verified_crawl,0,0,0,original_recording,,41dcabcc-89c2-43a5-bff0-b4aa02599632
RMVM_MB_76c88049ac,Rưng rưng lệ,Trần Thái Hòa,ART_1b610001da,NHAC_TRINH,musicbrainz_artist_discography,0.85,,,unavailable,,unavailable,,unavailable,2007.0,verified,TIER_B,METADATA_ONLY,v1,verified,verified_crawl,0,0,0,original_recording,,210eed02-d595-47af-989d-55499fdaf1c5
RMVM_MB_f78539ed5e,Con đường tình ta đi,Trần Thái Hòa,ART_1b610001da,NHAC_TRINH,musicbrainz_artist_discography,0.85,,,unavailable,,unavailable,,unavailable,2002.0,verified,TIER_B,METADATA_ONLY,v1,verified,verified_crawl,0,0,0,original_recording,,852163fc-7646-4237-a30d-3900fb931784
RMVM_MB_17f7529a36,Tình thắm duyên quê,Bảo Yến,ART_43fbb5fa06,NHAC_TRINH,musicbrainz_artist_discography,0.85,,,unavailable,,unavailable,,unavailable,2004.0,verified,TIER_B,METADATA_ONLY,v1,verified,verified_crawl,0,0,0,original_recording,,c47f253a-efc5-4f15-8d1d-66a992858c63
RMVM_MB_fda568cdfc,Mây xưa,Bảo Yến,ART_43fbb5fa06,NHAC_TRINH,musicbrainz_artist_discography,0.85,,,unavailable,,unavailable,,unavailable,2004.0,verified,TIER_B,METADATA_ONLY,v1,verified,verified_crawl,0,0,0,original_recording,,9babde46-dc33-47b4-bd22-0e4adffe0ad0
RMVM_MB_99dec1f5f2,Bài ca dao đầu đời,Bảo Yến,ART_43fbb5fa06,NHAC_TRINH,musicbrainz_artist_discography,0.85,,,unavailable,,unavailable,,unavailable,2015.0,verified,TIER_B,METADATA_ONLY,v1,verified,verified_crawl,0,0,0,original_recording,,a58c359e-bcf0-4828-9f8b-6d9234d61b13
RMVM_MB_10a064ce18,Những lời này cho anh,Bảo Yến,ART_43fbb5fa06,NHAC_TRINH,musicbrainz_artist_discography,0.85,,,unavailable,,unavailable,,unavailable,2008.0,verified,TIER_B,METADATA_ONLY,v1,verified,verified_crawl,0,0,0,original_recording,,be67cd96-9d41-4ad5-8f71-e125f7050a87
RMVM_MB_0b06b4610b,Nửa đêm ngoài phố,Bảo Yến,ART_43fbb5fa06,NHAC_TRINH,musicbrainz_artist_discography,0.85,,,unavailable,,unavailable,,unavailable,2009.0,verified,TIER_B,METADATA_ONLY,v1,verified,verified_crawl,0,0,0,original_recording,,1161f1df-7faf-44b8-a5ab-5323dde02420
RMVM_MB_9236b890b5,Định mệnh,Bảo Yến,ART_43fbb5fa06,NHAC_TRINH,musicbrainz_artist_discography,0.85,,,unavailable,,unavailable,,unavailable,2015.0,verified,TIER_B,METADATA_ONLY,v1,verified,verified_crawl,0,0,0,original_recording,,f2320fd4-d349-4603-b3a6-07e6d3677f50
RMVM_MB_3c497ff856,Nước mắt muộn màng,Bảo Yến,ART_43fbb5fa06,NHAC_TRINH,musicbrainz_artist_discography,0.85,,,unavailable,,unavailable,,unavailable,2015.0,verified,TIER_B,METADATA_ONLY,v1,verified,verified_crawl,0,0,0,original_recording,,a2c01350-0e06-485f-90a3-2ab5cb7a95d7
RMVM_MB_ab00cb0ad8,Vọng vu lan,Bảo Yến,ART_43fbb5fa06,NHAC_TRINH,musicbrainz_artist_discography,0.85,,,unavailable,,unavailable,,unavailable,2015.0,verified,TIER_B,METADATA_ONLY,v1,verified,verified_crawl,0,0,0,original_recording,,9f892c2e-1ba1-405b-a448-4b4f34fdc343
RMVM_MB_d81829a98b,Ướt mi,Lệ Thu,ART_fcc792d4cb,NHAC_TRINH,musicbrainz_artist_discography,0.85,,,unavailable,,unavailable,,unavailable,1994.0,verified,TIER_B,METADATA_ONLY,v1,verified,verified_crawl,0,0,0,original_recording,,0b784162-099b-44db-9b92-609ff25b5be9
RMVM_MB_8835c2f801,Xin còn gọi tên nhau,Lệ Thu,ART_fcc792d4cb,NHAC_TRINH,musicbrainz_artist_discography,0.85,,,unavailable,,unavailable,,unavailable,2001.0,verified,TIER_B,METADATA_ONLY,v1,verified,verified_crawl,0,0,0,original_recording,,2c44152d-5413-44b3-9ec4-a113c472cab4
RMVM_MB_75d1ffb123,Giáng ngọc,Lệ Thu,ART_fcc792d4cb,NHAC_TRINH,musicbrainz_artist_discography,0.85,,,unavailable,,unavailable,,unavailable,2001.0,verified,TIER_B,METADATA_ONLY,v1,verified,verified_crawl,0,0,0,original_recording,,a56a7d5e-cc54-420d-8279-d292122dda25
RMVM_MB_170789e3a7,Lệ đá,Lệ Thu,ART_fcc792d4cb,NHAC_TRINH,musicbrainz_artist_discography,0.85,,,unavailable,,unavailable,,unavailable,2001.0,verified,TIER_B,METADATA_ONLY,v1,verified,verified_crawl,0,0,0,original_recording,,c23cb0a3-30f0-4ec2-9f4f-71b72332f73e
RMVM_MB_15be6b35c6,Về Miền Trung,Lệ Thu,ART_fcc792d4cb,NHAC_TRINH,musicbrainz_artist_discography,0.85,,,unavailable,,unavailable,,unavailable,1996.0,verified,TIER_B,METADATA_ONLY,v1,verified,verified_crawl,0,0,0,original_recording,,948d1f99-1232-453d-989c-84a8d62679de
RMVM_MB_83b1f242a4,Người Lữ Hành Trong Mưa,Ý Lan,ART_47ad458977,NHAC_TRINH,musicbrainz_artist_discography,0.85,,,unavailable,,unavailable,,unavailable,1995.0,verified,TIER_B,METADATA_ONLY,v1,verified,verified_crawl,0,0,0,original_recording,,1ca7349f-6b05-440b-87cc-323759d9930e
RMVM_MB_8d7e987126,Tình,Ý Lan,ART_47ad458977,NHAC_TRINH,musicbrainz_artist_discography,0.85,,,unavailable,,unavailable,,unavailable,1995.0,verified,TIER_B,METADATA_ONLY,v1,verified,verified_crawl,0,0,0,original_recording,,ec3e3728-082e-4528-a24e-523e90357cf1
RMVM_MB_6698449515,Về thăm mái trường xưa,Ý Lan,ART_47ad458977,NHAC_TRINH,musicbrainz_artist_discography,0.85,,,unavailable,,unavailable,,unavailable,1992.0,verified,TIER_B,METADATA_ONLY,v1,verified,verified_crawl,0,0,0,original_recording,,9306efc1-ad2c-4ae0-a90f-533ff1ba1bcf
RMVM_MB_222c762868,Tình Kỹ Nữ,Ý Lan,ART_47ad458977,NHAC_TRINH,musicbrainz_artist_discography,0.85,,,unavailable,,unavailable,,unavailable,1998.0,verified,TIER_B,METADATA_ONLY,v1,verified,verified_crawl,0,0,0,original_recording,,b5efcb01-d603-473e-bde8-35344b61ebda
RMVM_MB_46eda9ca7b,Ở trọ,Ý Lan,ART_47ad458977,NHAC_TRINH,musicbrainz_artist_discography,0.85,,,unavailable,,unavailable,,unavailable,1991.0,verified,TIER_B,METADATA_ONLY,v1,verified,verified_crawl,0,0,0,original_recording,,63445f82-fe12-418f-bac0-011270f3b63d
RMVM_MB_79d2e41f56,Gái xuân,Ý Lan,ART_47ad458977,NHAC_TRINH,musicbrainz_artist_discography,0.85,,,unavailable,,unavailable,,unavailable,2014.0,verified,TIER_B,METADATA_ONLY,v1,verified,verified_crawl,0,0,0,original_recording,,006a7939-f348-45b6-a07d-1660e0a85670
RMVM_MB_0d2b2e7503,Hãy yêu thật lòng,Lê Hiếu,ART_b3bb561ad9,NHAC_TRINH,musicbrainz_artist_discography,0.85,,,unavailable,,unavailable,,unavailable,2008.0,verified,TIER_B,METADATA_ONLY,v1,verified,verified_crawl,0,0,0,original_recording,,1539c5e9-2588-4e6c-8c93-c8046b5c76ef
RMVM_MB_58d0dee78b,Bây giờ tháng mấy,Lê Hiếu,ART_b3bb561ad9,NHAC_TRINH,musicbrainz_artist_discography,0.85,,,unavailable,,unavailable,,unavailable,2010.0,verified,TIER_B,METADATA_ONLY,v1,verified,verified_crawl,0,0,0,original_recording,,fa9a1ad5-96a3-40ab-9871-ddebe19eb547
RMVM_MB_14b66bc3ce,Tôi muốn,Lê Hiếu,ART_b3bb561ad9,NHAC_TRINH,musicbrainz_artist_discography,0.85,,,unavailable,,unavailable,,unavailable,2008.0,verified,TIER_B,METADATA_ONLY,v1,verified,verified_crawl,0,0,0,original_recording,,e4b9c253-bea4-4082-bd47-304f04e229a6
RMVM_MB_bee1b63b14,Tình Nghĩa Đôi Ta Chỉ Thế Thôi,Lê Hiếu,ART_b3bb561ad9,NHAC_TRINH,musicbrainz_artist_discography,0.85,,,unavailable,,unavailable,,unavailable,2018.0,verified,TIER_B,METADATA_ONLY,v1,verified,verified_crawl,0,0,0,original_recording,,e0ce077c-5405-4d49-bced-6f05da1cff2d
RMVM_MB_9fd92feea1,Nỗi Lòng Người Đi,Lê Hiếu,ART_b3bb561ad9,NHAC_TRINH,musicbrainz_artist_discography,0.85,,,unavailable,,unavailable,,unavailable,2018.0,verified,TIER_B,METADATA_ONLY,v1,verified,verified_crawl,0,0,0,original_recording,,fecd94ce-290b-4335-abf2-1c083e644bc1
RMVM_MB_a0a01ba6d8,Giọt sương trên mí mắt,Bằng Kiều,ART_e70c837c14,NHAC_TRINH,musicbrainz_artist_discography,0.85,,,unavailable,,unavailable,,unavailable,1998.0,verified,TIER_B,METADATA_ONLY,v1,verified,verified_crawl,0,0,0,original_recording,,8b742f38-56ce-4927-bb98-0590d8f16a60
RMVM_MB_e865f0ce6f,Xin đừng quay lại,Bằng Kiều,ART_e70c837c14,NHAC_TRINH,musicbrainz_artist_discography,0.85,,,unavailable,,unavailable,,unavailable,2010.0,verified,TIER_B,METADATA_ONLY,v1,verified,verified_crawl,0,0,0,original_recording,,b9ea100b-7b97-48be-a900-59732f08a400
RMVM_MB_5304b2af3b,Giá băng,Bằng Kiều,ART_e70c837c14,NHAC_TRINH,musicbrainz_artist_discography,0.85,,,unavailable,,unavailable,,unavailable,1998.0,verified,TIER_B,METADATA_ONLY,v1,verified,verified_crawl,0,0,0,original_recording,,d308f15d-b5ef-49fa-8028-785ede7d73b7
RMVM_MB_1d2c3eebce,Cửa sổ mùa đông,Bằng Kiều,ART_e70c837c14,NHAC_TRINH,musicbrainz_artist_discography,0.85,,,unavailable,,unavailable,,unavailable,1998.0,verified,TIER_B,METADATA_ONLY,v1,verified,verified_crawl,0,0,0,original_recording,,20757174-d129-42e6-a9e5-aa48137b0829
RMVM_MB_29ace87c2e,Mơ về em,Bằng Kiều,ART_e70c837c14,NHAC_TRINH,musicbrainz_artist_discography,0.85,,,unavailable,,unavailable,,unavailable,2011.0,verified,TIER_B,METADATA_ONLY,v1,verified,verified_crawl,0,0,0,original_recording,,e8530208-6c63-47e0-94c1-a75b7d0898d8
RMVM_MB_8b8fe12bb7,Điệu valse buồn cho em,Bằng Kiều,ART_e70c837c14,NHAC_TRINH,musicbrainz_artist_discography,0.85,,,unavailable,,unavailable,,unavailable,2011.0,verified,TIER_B,METADATA_ONLY,v1,verified,verified_crawl,0,0,0,original_recording,,dbcb57f2-4cb9-44a3-8911-95ef05b4755b
RMVM_MB_94ec4fda8e,Bài ngợi ca tình yêu,Bằng Kiều,ART_e70c837c14,NHAC_TRINH,musicbrainz_artist_discography,0.85,,,unavailable,,unavailable,,unavailable,2011.0,verified,TIER_B,METADATA_ONLY,v1,verified,verified_crawl,0,0,0,original_recording,,e8e8efa0-4003-46d2-a397-5e245f3ae9bd
RMVM_MB_f0d23af2e7,Chạy trốn,Bằng Kiều,ART_e70c837c14,NHAC_TRINH,musicbrainz_artist_discography,0.85,,,unavailable,,unavailable,,unavailable,2000.0,verified,TIER_B,METADATA_ONLY,v1,verified,verified_crawl,0,0,0,original_recording,,e76a94b2-a544-4c93-bd21-04336209450d
RMVM_MB_64fb842b4c,Cô đơn,Microwave,ART_6cfaeb6caa,ROCK,musicbrainz_artist_discography,0.85,,,unavailable,,unavailable,,unavailable,2009.0,verified,TIER_B,METADATA_ONLY,v1,verified,verified_crawl,0,0,0,original_recording,,17a046f7-a02f-44c5-ae41-89dabc479ddf
RMVM_MB_9f94057d3b,Không tên,Microwave,ART_6cfaeb6caa,ROCK,musicbrainz_artist_discography,0.85,,,unavailable,,unavailable,,unavailable,2009.0,verified,TIER_B,METADATA_ONLY,v1,verified,verified_crawl,0,0,0,original_recording,,e4c2184d-5575-401e-ab01-00c72d7225a7
RMVM_MB_02a91fe113,Trái tim dũng cảm,Microwave,ART_6cfaeb6caa,ROCK,musicbrainz_artist_discography,0.85,,,unavailable,,unavailable,,unavailable,2005.0,verified,TIER_B,METADATA_ONLY,v1,verified,verified_crawl,0,0,0,original_recording,,26f00d48-2a52-49f7-a6f3-1d7a1546f50f
RMVM_MB_126c29289b,Tìm lại,Microwave,ART_6cfaeb6caa,ROCK,musicbrainz_artist_discography,0.85,,,unavailable,,unavailable,,unavailable,2005.0,verified,TIER_B,METADATA_ONLY,v1,verified,verified_crawl,0,0,0,original_recording,,ba9e771e-0447-4540-a7ac-e282064122af
RMVM_MB_0ef66cab28,Ước mơ,Microwave,ART_6cfaeb6caa,ROCK,musicbrainz_artist_discography,0.85,,,unavailable,,unavailable,,unavailable,2005.0,verified,TIER_B,METADATA_ONLY,v1,verified,verified_crawl,0,0,0,original_recording,,b68b55c8-7025-4a09-933a-5cfe71c03835
RMVM_MB_375983f795,Lối thoát,Microwave,ART_6cfaeb6caa,ROCK,musicbrainz_artist_discography,0.85,,,unavailable,,unavailable,,unavailable,2005.0,verified,TIER_B,METADATA_ONLY,v1,verified,verified_crawl,0,0,0,original_recording,,94adcc0e-2dd0-452a-9a5b-62f5aec89fdf
RMVM_MB_b67cf8600b,Mộng du (remix),Microwave,ART_6cfaeb6caa,ROCK,musicbrainz_artist_discography,0.85,,,unavailable,,unavailable,,unavailable,2005.0,verified,TIER_B,METADATA_ONLY,v1,verified,verified_crawl,0,0,0,original_recording,,e19c94a2-c9cf-4e81-8e65-94db8cb8f3ae
RMVM_MB_8f2589c56f,Sai,Microwave,ART_6cfaeb6caa,ROCK,musicbrainz_artist_discography,0.85,,,unavailable,,unavailable,,unavailable,2016.0,verified,TIER_B,METADATA_ONLY,v1,verified,verified_crawl,0,0,0,original_recording,,cbc47cb5-a95d-430e-b868-efa3030af7e4
RMVM_MB_970fbfd8e4,Mộ gió,Unlimited,ART_958f470d0b,ROCK,musicbrainz_artist_discography,0.85,,,unavailable,,unavailable,,unavailable,2007.0,verified,TIER_B,METADATA_ONLY,v1,verified,verified_crawl,0,0,0,original_recording,,97ad39c2-7c51-4991-a3cc-ae86a3f1eaed
RMVM_MB_fafd7345aa,Linh hồn vẫn tồn tại,Unlimited,ART_958f470d0b,ROCK,musicbrainz_artist_discography,0.85,,,unavailable,,unavailable,,unavailable,2007.0,verified,TIER_B,METADATA_ONLY,v1,verified,verified_crawl,0,0,0,original_recording,,d727c7b8-28ab-4aca-bdc7-9a82359ae2c1
RMVM_MB_eace399a4a,For rest,Unlimited,ART_958f470d0b,ROCK,musicbrainz_artist_discography,0.85,,,unavailable,,unavailable,,unavailable,2009.0,verified,TIER_B,METADATA_ONLY,v1,verified,verified_crawl,0,0,0,original_recording,,c82deaee-c3d5-4da9-a6e0-966de299c7be
RMVM_MB_2cb80083c8,Sunshine,Unlimited,ART_958f470d0b,ROCK,musicbrainz_artist_discography,0.85,,,unavailable,,unavailable,,unavailable,2017.0,verified,TIER_B,METADATA_ONLY,v1,verified,verified_crawl,0,0,0,original_recording,,724ed4e9-847c-4e58-828a-c7e717897383
RMVM_MB_c2a7c3de4d,Perfect Wave,Unlimited,ART_958f470d0b,ROCK,musicbrainz_artist_discography,0.85,,,unavailable,,unavailable,,unavailable,2016.0,verified,TIER_B,METADATA_ONLY,v1,verified,verified_crawl,0,0,0,original_recording,,18ca507f-aec4-4dd2-9988-2232707b012b
RMVM_MB_5fae2126e6,The Secret Planet,Unlimited,ART_958f470d0b,ROCK,musicbrainz_artist_discography,0.85,,,unavailable,,unavailable,,unavailable,2016.0,verified,TIER_B,METADATA_ONLY,v1,verified,verified_crawl,0,0,0,original_recording,,286057b2-125c-498b-b047-459c9f2702f8
RMVM_MB_f5a765933c,Transmigration,Unlimited,ART_958f470d0b,ROCK,musicbrainz_artist_discography,0.85,,,unavailable,,unavailable,,unavailable,2009.0,verified,TIER_B,METADATA_ONLY,v1,verified,verified_crawl,0,0,0,original_recording,,ec8c1314-7f02-4a9c-9541-3ef0033df58e
RMVM_MB_aa3d039031,Old New,Cát,ART_3dfad4e24c,ROCK,musicbrainz_artist_discography,0.85,,,unavailable,,unavailable,,unavailable,2009.0,verified,TIER_B,METADATA_ONLY,v1,verified,verified_crawl,0,0,0,original_recording,,50431dce-31b5-4d72-ba4d-3e1ab87df0b4
RMVM_MB_86f5278856,Tee Päivistäni Yöt,Cát,ART_3dfad4e24c,ROCK,musicbrainz_artist_discography,0.85,,,unavailable,,unavailable,,unavailable,1998.0,verified,TIER_B,METADATA_ONLY,v1,verified,verified_crawl,0,0,0,original_recording,,9c19bc20-08a4-45d3-80dd-aba6c9693bf0
RMVM_MB_192ddc1b48,Go Home,Cát,ART_3dfad4e24c,ROCK,musicbrainz_artist_discography,0.85,,,unavailable,,unavailable,,unavailable,2010.0,verified,TIER_B,METADATA_ONLY,v1,verified,verified_crawl,0,0,0,original_recording,,37676d94-3a7b-4d09-b7ed-ea461f7618c9
RMVM_MB_1eb205b54f,Hate Me,Cát,ART_3dfad4e24c,ROCK,musicbrainz_artist_discography,0.85,,,unavailable,,unavailable,,unavailable,2011.0,verified,TIER_B,METADATA_ONLY,v1,verified,verified_crawl,0,0,0,original_recording,,9bf61770-01b1-4e7b-bca3-7fa9b9d17d65
RMVM_MB_d7428feabe,Uralba,Cát,ART_3dfad4e24c,ROCK,musicbrainz_artist_discography,0.85,,,unavailable,,unavailable,,unavailable,2011.0,verified,TIER_B,METADATA_ONLY,v1,verified,verified_crawl,0,0,0,original_recording,,b3268ab5-bf09-44cf-aa09-cec6b593dfcf
RMVM_MB_20c4bd22ce,Keys and Locks Don’t Work,Cát,ART_3dfad4e24c,ROCK,musicbrainz_artist_discography,0.85,,,unavailable,,unavailable,,unavailable,2011.0,verified,TIER_B,METADATA_ONLY,v1,verified,verified_crawl,0,0,0,original_recording,,e71659e8-b9fc-40ac-8df6-2e4d1146d012
RMVM_MB_f7ead42fe5,Water Goes,Cát,ART_3dfad4e24c,ROCK,musicbrainz_artist_discography,0.85,,,unavailable,,unavailable,,unavailable,2011.0,verified,TIER_B,METADATA_ONLY,v1,verified,verified_crawl,0,0,0,original_recording,,aec02d9a-f262-4cca-ab11-8e436d90432a
RMVM_MB_6d839e3786,Pavement,Cát,ART_3dfad4e24c,ROCK,musicbrainz_artist_discography,0.85,,,unavailable,,unavailable,,unavailable,2011.0,verified,TIER_B,METADATA_ONLY,v1,verified,verified_crawl,0,0,0,original_recording,,3052360a-6c15-4804-a497-65c6e4e23bdc
RMVM_MB_f0027b19ec,Nắng mới,Thủy Triều Đỏ,ART_fd95027341,ROCK,musicbrainz_artist_discography,0.85,,,unavailable,,unavailable,,unavailable,2003.0,verified,TIER_B,METADATA_ONLY,v1,verified,verified_crawl,0,0,0,original_recording,,75508fea-e496-4c2e-aa05-845f1712f7c3
RMVM_MB_1f0c30571f,Người hát rong,Thủy Triều Đỏ,ART_fd95027341,ROCK,musicbrainz_artist_discography,0.85,,,unavailable,,unavailable,,unavailable,2003.0,verified,TIER_B,METADATA_ONLY,v1,verified,verified_crawl,0,0,0,original_recording,,d3ff773a-8df9-4a32-95fc-a1603b6bcc01
RMVM_MB_1461b30905,Thời gian (instrumental),Thủy Triều Đỏ,ART_fd95027341,ROCK,musicbrainz_artist_discography,0.85,,,unavailable,,unavailable,,unavailable,2003.0,verified,TIER_B,METADATA_ONLY,v1,verified,verified_crawl,0,0,0,original_recording,,acdf76e4-4bd9-4570-b723-eae9a66451e5
RMVM_MB_2ed471c3b5,Bạn bè,Thủy Triều Đỏ,ART_fd95027341,ROCK,musicbrainz_artist_discography,0.85,,,unavailable,,unavailable,,unavailable,2003.0,verified,TIER_B,METADATA_ONLY,v1,verified,verified_crawl,0,0,0,original_recording,,e2ada056-56d4-4ef8-a4f4-ebac08430a8a
RMVM_MB_3435a420c5,Chuyện tình chiếc dây đàn,Thủy Triều Đỏ,ART_fd95027341,ROCK,musicbrainz_artist_discography,0.85,,,unavailable,,unavailable,,unavailable,2006.0,verified,TIER_B,METADATA_ONLY,v1,verified,verified_crawl,0,0,0,original_recording,,7d2a4283-d453-4306-9ea7-57323117c808
RMVM_MB_57ce038416,Mái ấm,Thủy Triều Đỏ,ART_fd95027341,ROCK,musicbrainz_artist_discography,0.85,,,unavailable,,unavailable,,unavailable,2006.0,verified,TIER_B,METADATA_ONLY,v1,verified,verified_crawl,0,0,0,original_recording,,11a585b3-f30d-45ee-ad2d-28b611fe380e
RMVM_MB_471ab39dbf,Rose,Windrunner,ART_111ab1fdd2,ROCK,musicbrainz_artist_discography,0.85,,,unavailable,,unavailable,,unavailable,2018.0,verified,TIER_B,METADATA_ONLY,v1,verified,verified_crawl,0,0,0,original_recording,,1a99bea6-1d15-4485-bd16-9c1099f1af35
RMVM_MB_ea48c1b869,Expand the Room (original dub),The Light,ART_db31f13346,ROCK,musicbrainz_artist_discography,0.85,,,unavailable,,unavailable,,unavailable,1999.0,verified,TIER_B,METADATA_ONLY,v1,verified,verified_crawl,0,0,0,original_recording,,c4aac5c7-a9fc-4461-bbcb-477a265827cb
RMVM_MB_f4fef5e6e3,Expand the Room (Rennie Pilgrem mix),The Light,ART_db31f13346,ROCK,musicbrainz_artist_discography,0.85,,,unavailable,,unavailable,,unavailable,1999.0,verified,TIER_B,METADATA_ONLY,v1,verified,verified_crawl,0,0,0,original_recording,,f6b31d3a-83b2-44bb-b306-818ce555ec04
RMVM_MB_b3de0a6308,Thinkin' About... (original mix edit),The Light,ART_db31f13346,ROCK,musicbrainz_artist_discography,0.85,,,unavailable,,unavailable,,unavailable,2001.0,verified,TIER_B,METADATA_ONLY,v1,verified,verified_crawl,0,0,0,original_recording,,6da1d2d6-0529-4aa9-b965-9972f7ee096a
RMVM_MB_ce39abbe08,Expand the Room,The Light,ART_db31f13346,ROCK,musicbrainz_artist_discography,0.85,,,unavailable,,unavailable,,unavailable,1998.0,verified,TIER_B,METADATA_ONLY,v1,verified,verified_crawl,0,0,0,original_recording,,58ea1b3f-7fe3-4102-b62d-05554b4bafa2
RMVM_MB_bc0a6712cd,Expand the Room (Illumination mix),The Light,ART_db31f13346,ROCK,musicbrainz_artist_discography,0.85,,,unavailable,,unavailable,,unavailable,1998.0,verified,TIER_B,METADATA_ONLY,v1,verified,verified_crawl,0,0,0,original_recording,,5d019c55-9631-48d1-a18d-4143c476c896
RMVM_MB_9e34ccc566,Ai oán,Hạc San,ART_ce377d1ff9,ROCK,musicbrainz_artist_discography,0.85,,,unavailable,,unavailable,,unavailable,2015.0,verified,TIER_B,METADATA_ONLY,v1,verified,verified_crawl,0,0,0,original_recording,,c7e2ef26-a05a-4015-a5ab-9bee904c8808
RMVM_MB_f6b5bf9d6b,Tiều phu,Hạc San,ART_ce377d1ff9,ROCK,musicbrainz_artist_discography,0.85,,,unavailable,,unavailable,,unavailable,2015.0,verified,TIER_B,METADATA_ONLY,v1,verified,verified_crawl,0,0,0,original_recording,,d1eda997-6195-4053-8d16-0934b4c3478b
RMVM_MB_8ad5bd3928,Kẻ phản bội,Hạc San,ART_ce377d1ff9,ROCK,musicbrainz_artist_discography,0.85,,,unavailable,,unavailable,,unavailable,2015.0,verified,TIER_B,METADATA_ONLY,v1,verified,verified_crawl,0,0,0,original_recording,,c745d865-9cdc-40e8-b56d-a8b184c293ee
RMVM_MB_622abc1312,Tái sinh,Hạc San,ART_ce377d1ff9,ROCK,musicbrainz_artist_discography,0.85,,,unavailable,,unavailable,,unavailable,2015.0,verified,TIER_B,METADATA_ONLY,v1,verified,verified_crawl,0,0,0,original_recording,,353e544c-d125-4b3f-a6ac-514cdd02eb9c
RMVM_MB_39f7e330c4,Tiếng đàn hàm oan,Hạc San,ART_ce377d1ff9,ROCK,musicbrainz_artist_discography,0.85,,,unavailable,,unavailable,,unavailable,2015.0,verified,TIER_B,METADATA_ONLY,v1,verified,verified_crawl,0,0,0,original_recording,,50eae679-26fc-463c-89f1-ba3c490db4fb
RMVM_MB_176dbee871,Bí mật của người ra đi,Hạc San,ART_ce377d1ff9,ROCK,musicbrainz_artist_discography,0.85,,,unavailable,,unavailable,,unavailable,2015.0,verified,TIER_B,METADATA_ONLY,v1,verified,verified_crawl,0,0,0,original_recording,,76a4a43e-1469-4b5f-b476-733ffe81ddff
RMVM_MB_fdc324277d,Nặng gánh lưng còng,Xuân Mai,ART_fc7f4714c5,CHILDREN,musicbrainz_artist_discography,0.85,,,unavailable,,unavailable,,unavailable,2008.0,verified,TIER_B,METADATA_ONLY,v1,verified,verified_crawl,0,0,0,original_recording,,913dec7b-3c37-4b73-80cf-f7f3305517bd
RMVM_MB_fcb4fb9b96,Bé Chúc Tết,Xuân Mai,ART_fc7f4714c5,CHILDREN,musicbrainz_artist_discography,0.85,,,unavailable,,unavailable,,unavailable,2004.0,verified,TIER_B,METADATA_ONLY,v1,verified,verified_crawl,0,0,0,original_recording,,0e6aecc6-4180-4efe-9a9d-7142a1710fdd
RMVM_MB_34aa507dc2,Bắt Bướm,Xuân Mai,ART_fc7f4714c5,CHILDREN,musicbrainz_artist_discography,0.85,,,unavailable,,unavailable,,unavailable,2004.0,verified,TIER_B,METADATA_ONLY,v1,verified,verified_crawl,0,0,0,original_recording,,9f4ef666-f87d-4a57-844a-59bbe89eb36f
RMVM_MB_13103597c1,Run Rabbit Run,Xuân Mai,ART_fc7f4714c5,CHILDREN,musicbrainz_artist_discography,0.85,,,unavailable,,unavailable,,unavailable,2004.0,verified,TIER_B,METADATA_ONLY,v1,verified,verified_crawl,0,0,0,original_recording,,5be06976-aa9b-42ee-97e9-4e039cb86afe
RMVM_MB_78d366c4f2,Papa,Xuân Mai,ART_fc7f4714c5,CHILDREN,musicbrainz_artist_discography,0.85,,,unavailable,,unavailable,,unavailable,2004.0,verified,TIER_B,METADATA_ONLY,v1,verified,verified_crawl,0,0,0,original_recording,,0afd2890-88eb-4a42-beb9-cad666181de7
RMVM_MB_c90b693bb1,Chú Khỉ Con,Xuân Mai,ART_fc7f4714c5,CHILDREN,musicbrainz_artist_discography,0.85,,,unavailable,,unavailable,,unavailable,2004.0,verified,TIER_B,METADATA_ONLY,v1,verified,verified_crawl,0,0,0,original_recording,,dead7b90-dbdc-44aa-bc92-03e08fc39f7e
RMVM_MB_dcd539fd8f,Feeling,Xuân Mai,ART_fc7f4714c5,CHILDREN,musicbrainz_artist_discography,0.85,,,unavailable,,unavailable,,unavailable,2004.0,verified,TIER_B,METADATA_ONLY,v1,verified,verified_crawl,0,0,0,original_recording,,5ec5def3-4726-4d84-b011-c860e408f2a8
RMVM_MB_5142f1bc69,Tình ca Tây Nguyên,Trọng Tấn,ART_e45d081f4c,REVOLUTIONARY,musicbrainz_artist_discography,0.85,,,unavailable,,unavailable,,unavailable,2000.0,verified,TIER_B,METADATA_ONLY,v1,verified,verified_crawl,0,0,0,original_recording,,29705894-c03a-4e59-b413-6b566e6eeb0a
RMVM_MB_72be1e62cd,Về Miền Trung,Trọng Tấn,ART_e45d081f4c,REVOLUTIONARY,musicbrainz_artist_discography,0.85,,,unavailable,,unavailable,,unavailable,2000.0,verified,TIER_B,METADATA_ONLY,v1,verified,verified_crawl,0,0,0,original_recording,,10045d92-3cc7-44bd-b89c-295ca360d81a
RMVM_MB_451ed02939,Em tôi,Trọng Tấn,ART_e45d081f4c,REVOLUTIONARY,musicbrainz_artist_discography,0.85,,,unavailable,,unavailable,,unavailable,2012.0,verified,TIER_B,METADATA_ONLY,v1,verified,verified_crawl,0,0,0,original_recording,,c772b605-9ae0-49c9-ab9d-3cec75eba5de
RMVM_MB_2dcc73962d,Con kênh ta đào,Đăng Dương,ART_cbdf1167c1,REVOLUTIONARY,musicbrainz_artist_discography,0.85,,,unavailable,,unavailable,,unavailable,2005.0,verified,TIER_B,METADATA_ONLY,v1,verified,verified_crawl,0,0,0,original_recording,,9ef6869a-4487-4d79-9348-3e0e50ef616a
RMVM_MB_2e29d2b271,Đàn T'rưng,Đăng Dương,ART_cbdf1167c1,REVOLUTIONARY,musicbrainz_artist_discography,0.85,,,unavailable,,unavailable,,unavailable,2005.0,verified,TIER_B,METADATA_ONLY,v1,verified,verified_crawl,0,0,0,original_recording,,c542ecb5-3ceb-41e7-873a-433b3d796e6c
RMVM_MB_cf7359bece,Tiếng hát từ thành phố mang tên Người,Đăng Dương,ART_cbdf1167c1,REVOLUTIONARY,musicbrainz_artist_discography,0.85,,,unavailable,,unavailable,,unavailable,2005.0,verified,TIER_B,METADATA_ONLY,v1,verified,verified_crawl,0,0,0,original_recording,,ba5833c1-7b32-43f6-91cf-11ad40688d7c
RMVM_MB_4e89538b47,Tình ca,Đăng Dương,ART_cbdf1167c1,REVOLUTIONARY,musicbrainz_artist_discography,0.85,,,unavailable,,unavailable,,unavailable,2005.0,verified,TIER_B,METADATA_ONLY,v1,verified,verified_crawl,0,0,0,original_recording,,3b9acad5-3a19-46cd-aa42-1e9aecd73b24
RMVM_MB_36a465d589,Tháng ba Tây Nguyên,Đăng Dương,ART_cbdf1167c1,REVOLUTIONARY,musicbrainz_artist_discography,0.85,,,unavailable,,unavailable,,unavailable,2005.0,verified,TIER_B,METADATA_ONLY,v1,verified,verified_crawl,0,0,0,original_recording,,0506ac49-ff8b-4bcf-bf82-58e3b4f4536f
RMVM_MB_31d14059a5,Gặp nhau trên đỉnh Trường Sơn,Đăng Dương,ART_cbdf1167c1,REVOLUTIONARY,musicbrainz_artist_discography,0.85,,,unavailable,,unavailable,,unavailable,1997.0,verified,TIER_B,METADATA_ONLY,v1,verified,verified_crawl,0,0,0,original_recording,,ca1e8288-594a-4106-aa34-0782714d944a
RMVM_MB_340b01dbf0,Cùng hành quân giữa mùa xuân,Đăng Dương,ART_cbdf1167c1,REVOLUTIONARY,musicbrainz_artist_discography,0.85,,,unavailable,,unavailable,,unavailable,2004.0,verified,TIER_B,METADATA_ONLY,v1,verified,verified_crawl,0,0,0,original_recording,,5a7e80fa-e797-486d-ae43-95f037d491db
RMVM_MB_4dc59fd152,Người Hà Nội,Đăng Dương,ART_cbdf1167c1,REVOLUTIONARY,musicbrainz_artist_discography,0.85,,,unavailable,,unavailable,,unavailable,2004.0,verified,TIER_B,METADATA_ONLY,v1,verified,verified_crawl,0,0,0,original_recording,,3e950316-682f-4511-a167-4c5016434689
RMVM_MB_44e8f4f0c7,Tạm biệt Matxcơva,Quang Thọ,ART_a9ce8fc0ed,REVOLUTIONARY,musicbrainz_artist_discography,0.85,,,unavailable,,unavailable,,unavailable,2001.0,verified,TIER_B,METADATA_ONLY,v1,verified,verified_crawl,0,0,0,original_recording,,7345f960-9d85-4bd2-a7af-6b3a14b154da
RMVM_MB_6598984bf6,Người Hà Nội,Quang Thọ,ART_a9ce8fc0ed,REVOLUTIONARY,musicbrainz_artist_discography,0.85,,,unavailable,,unavailable,,unavailable,2001.0,verified,TIER_B,METADATA_ONLY,v1,verified,verified_crawl,0,0,0,original_recording,,9af4c939-85b0-4d55-9b99-cb5608d40238
RMVM_MB_7fd09a70a8,Bình Trị Thiên khói lửa,Quang Thọ,ART_a9ce8fc0ed,REVOLUTIONARY,musicbrainz_artist_discography,0.85,,,unavailable,,unavailable,,unavailable,2001.0,verified,TIER_B,METADATA_ONLY,v1,verified,verified_crawl,0,0,0,original_recording,,072ae183-e60d-45f0-b97d-450fef9ad756
RMVM_MB_0b2bc28e65,Tình ca,Quang Thọ,ART_a9ce8fc0ed,REVOLUTIONARY,musicbrainz_artist_discography,0.85,,,unavailable,,unavailable,,unavailable,2001.0,verified,TIER_B,METADATA_ONLY,v1,verified,verified_crawl,0,0,0,original_recording,,5b2491e9-95ed-43e4-a1c9-b7450b723c59
RMVM_MB_8bf7711154,Đất nước,Quang Thọ,ART_a9ce8fc0ed,REVOLUTIONARY,musicbrainz_artist_discography,0.85,,,unavailable,,unavailable,,unavailable,2001.0,verified,TIER_B,METADATA_ONLY,v1,verified,verified_crawl,0,0,0,original_recording,,7dee0ef3-8382-41e9-94d6-bba70d9f4b3b
RMVM_MB_2cd97f24c2,Hoa cau vúờn tràu,Thu Hiền,ART_66084b8a1c,REVOLUTIONARY,musicbrainz_artist_discography,0.85,,,unavailable,,unavailable,,unavailable,1998.0,verified,TIER_B,METADATA_ONLY,v1,verified,verified_crawl,0,0,0,original_recording,,bdb885d7-a769-4a02-a305-37b0600abe46
RMVM_MB_16045ad650,Rang trâm bâu,Thu Hiền,ART_66084b8a1c,REVOLUTIONARY,musicbrainz_artist_discography,0.85,,,unavailable,,unavailable,,unavailable,1998.0,verified,TIER_B,METADATA_ONLY,v1,verified,verified_crawl,0,0,0,original_recording,,08f5e150-e0ad-4a28-8e95-dd8cddb5d11c
RMVM_MB_830ed07212,Đưa Em Đi Khắp Thế Gian,Bích Phượng,ART_b6ef58448b,REVOLUTIONARY,musicbrainz_artist_discography,0.85,,,unavailable,,unavailable,,unavailable,2017.0,verified,TIER_B,METADATA_ONLY,v1,verified,verified_crawl,0,0,0,original_recording,,bd7c22ef-c981-4dc7-bb50-0a1f6c8bcfb2
RMVM_MB_635cb03599,Drama Queen,Bích Phượng,ART_b6ef58448b,REVOLUTIONARY,musicbrainz_artist_discography,0.85,,,unavailable,,unavailable,,unavailable,2018.0,verified,TIER_B,METADATA_ONLY,v1,verified,verified_crawl,0,0,0,original_recording,,83776fc2-f1c3-481a-8336-199f7b423682
RMVM_MB_863e5f543e,Rằng Em Mãi Ở Bên,Bích Phượng,ART_b6ef58448b,REVOLUTIONARY,musicbrainz_artist_discography,0.85,,,unavailable,,unavailable,,unavailable,2015.0,verified,TIER_B,METADATA_ONLY,v1,verified,verified_crawl,0,0,0,original_recording,,df052428-0072-47ba-96dd-868322bbc55b
RMVM_MB_ed8c5188f2,Đoản Xuân Ca,Bích Phượng,ART_b6ef58448b,REVOLUTIONARY,musicbrainz_artist_discography,0.85,,,unavailable,,unavailable,,unavailable,2017.0,verified,TIER_B,METADATA_ONLY,v1,verified,verified_crawl,0,0,0,original_recording,,f0b29a40-2f3c-4f7d-8990-5259c8e717bc
RMVM_MB_98c8388b45,Gửi Anh Xa Nhớ,Bích Phượng,ART_b6ef58448b,REVOLUTIONARY,musicbrainz_artist_discography,0.85,,,unavailable,,unavailable,,unavailable,2016.0,verified,TIER_B,METADATA_ONLY,v1,verified,verified_crawl,0,0,0,original_recording,,0f4a3a99-8704-410d-9cb1-47cefe935222
RMVM_MB_fc9742f684,Bài ca hy vọng,Lan Anh,ART_666a5520df,REVOLUTIONARY,musicbrainz_artist_discography,0.85,,,unavailable,,unavailable,,unavailable,2010.0,verified,TIER_B,METADATA_ONLY,v1,verified,verified_crawl,0,0,0,original_recording,,41bd8870-1e36-439c-a055-633e68bccd54
RMVM_MB_c6e1e5599b,Sợi nhớ sợi thương,Lan Anh,ART_666a5520df,REVOLUTIONARY,musicbrainz_artist_discography,0.85,,,unavailable,,unavailable,,unavailable,2017.0,verified,TIER_B,METADATA_ONLY,v1,verified,verified_crawl,0,0,0,original_recording,,6aad2b93-97cc-43f7-8f4b-0ebec9da794c
RMVM_MB_0da525da22,Rừng xanh vang tiếng ta lư,Lan Anh,ART_666a5520df,REVOLUTIONARY,musicbrainz_artist_discography,0.85,,,unavailable,,unavailable,,unavailable,2017.0,verified,TIER_B,METADATA_ONLY,v1,verified,verified_crawl,0,0,0,original_recording,,dedcfd0a-dc93-46e5-b4f8-5e633f37f1b4
RMVM_MB_36ce692159,Bóng cây Kơ nia,Lan Anh,ART_666a5520df,REVOLUTIONARY,musicbrainz_artist_discography,0.85,,,unavailable,,unavailable,,unavailable,2004.0,verified,TIER_B,METADATA_ONLY,v1,verified,verified_crawl,0,0,0,original_recording,,c37fc885-3fd4-47c8-9f9a-238d5e7d77ef
RMVM_MB_d9bd4c3bc7,Trăng sáng đôi miền,Lan Anh,ART_666a5520df,REVOLUTIONARY,musicbrainz_artist_discography,0.85,,,unavailable,,unavailable,,unavailable,2017.0,verified,TIER_B,METADATA_ONLY,v1,verified,verified_crawl,0,0,0,original_recording,,8590ceae-ee0e-455f-9ee1-417abc1d5fa9
RMVM_MB_e8034a16bd,Ơi dòng suối Lala,Lan Anh,ART_666a5520df,REVOLUTIONARY,musicbrainz_artist_discography,0.85,,,unavailable,,unavailable,,unavailable,2017.0,verified,TIER_B,METADATA_ONLY,v1,verified,verified_crawl,0,0,0,original_recording,,abd2cca3-f146-4a68-af18-b8fb52cfa788
RMVM_MB_1038d97c90,Khúc hát sông quê,Anh Thơ,ART_a0c43ea0e8,REVOLUTIONARY,musicbrainz_artist_discography,0.85,,,unavailable,,unavailable,,unavailable,2005.0,verified,TIER_B,METADATA_ONLY,v1,verified,verified_crawl,0,0,0,original_recording,,05a46f55-891a-4f9b-be55-9ad0d4ec0921
RMVM_MB_7fdd279ffe,Chuyện tình thảo nguyên,Anh Thơ,ART_a0c43ea0e8,REVOLUTIONARY,musicbrainz_artist_discography,0.85,,,unavailable,,unavailable,,unavailable,2010.0,verified,TIER_B,METADATA_ONLY,v1,verified,verified_crawl,0,0,0,original_recording,,60054a6c-2b23-4589-b36e-d0e84a4d7abf
RMVM_MB_e1efa47af4,Tình hoài thương,Anh Thơ,ART_a0c43ea0e8,REVOLUTIONARY,musicbrainz_artist_discography,0.85,,,unavailable,,unavailable,,unavailable,2010.0,verified,TIER_B,METADATA_ONLY,v1,verified,verified_crawl,0,0,0,original_recording,,98a0d710-7052-4112-aa0f-7330b906357b
RMVM_MB_01c96c811e,Tình ta biển bạc đồng xanh,Anh Thơ,ART_a0c43ea0e8,REVOLUTIONARY,musicbrainz_artist_discography,0.85,,,unavailable,,unavailable,,unavailable,2005.0,verified,TIER_B,METADATA_ONLY,v1,verified,verified_crawl,0,0,0,original_recording,,efab12ad-e1c6-4e8c-8e8f-d12fb39dbd79
RMVM_MB_36a5a17f07,Cho dù có đi nơi đâu,Anh Thơ,ART_a0c43ea0e8,REVOLUTIONARY,musicbrainz_artist_discography,0.85,,,unavailable,,unavailable,,unavailable,2010.0,verified,TIER_B,METADATA_ONLY,v1,verified,verified_crawl,0,0,0,original_recording,,0b4d368a-df69-4df2-8134-b973d97569ba
RMVM_MB_f15047a3b2,Xa Huế,Tân Nhàn,ART_bde6d9dd7d,REVOLUTIONARY,musicbrainz_artist_discography,0.85,,,unavailable,,unavailable,,unavailable,2018.0,verified,TIER_B,METADATA_ONLY,v1,verified,verified_crawl,0,0,0,original_recording,,a17dd681-3374-4a54-9852-45814a3638f9
RMVM_MB_e2998a0160,Ngược dòng Hương Giang,Tân Nhàn,ART_bde6d9dd7d,REVOLUTIONARY,musicbrainz_artist_discography,0.85,,,unavailable,,unavailable,,unavailable,2009.0,verified,TIER_B,METADATA_ONLY,v1,verified,verified_crawl,0,0,0,original_recording,,6068762d-a46d-4a94-b730-3f91651f6888
RMVM_MB_70744cca78,Thơ tình cuối mùa thu,Tân Nhàn,ART_bde6d9dd7d,REVOLUTIONARY,musicbrainz_artist_discography,0.85,,,unavailable,,unavailable,,unavailable,2009.0,verified,TIER_B,METADATA_ONLY,v1,verified,verified_crawl,0,0,0,original_recording,,46d50be0-6f36-41fd-98ec-e8c30e362b0f
RMVM_MB_cfc86b5b1a,Nới ấy quê mình,Tân Nhàn,ART_bde6d9dd7d,REVOLUTIONARY,musicbrainz_artist_discography,0.85,,,unavailable,,unavailable,,unavailable,2013.0,verified,TIER_B,METADATA_ONLY,v1,verified,verified_crawl,0,0,0,original_recording,,78ff64c7-2e41-42a5-b1ee-f8cdae50e61e
RMVM_MB_e88be2e382,Sông đợi,Tân Nhàn,ART_bde6d9dd7d,REVOLUTIONARY,musicbrainz_artist_discography,0.85,,,unavailable,,unavailable,,unavailable,2001.0,verified,TIER_B,METADATA_ONLY,v1,verified,verified_crawl,0,0,0,original_recording,,2482c924-4c1a-49d2-9e53-cd2d7931b450
RMVM_MB_8d042d2552,Xa em,Tân Nhàn,ART_bde6d9dd7d,REVOLUTIONARY,musicbrainz_artist_discography,0.85,,,unavailable,,unavailable,,unavailable,2001.0,verified,TIER_B,METADATA_ONLY,v1,verified,verified_crawl,0,0,0,original_recording,,e67c0c16-ed05-4eee-905e-e921237ca4ea
RMVM_MB_a936f56030,Tò vò,Tân Nhàn,ART_bde6d9dd7d,REVOLUTIONARY,musicbrainz_artist_discography,0.85,,,unavailable,,unavailable,,unavailable,2013.0,verified,TIER_B,METADATA_ONLY,v1,verified,verified_crawl,0,0,0,original_recording,,f57e8f0f-4321-4195-8b36-8c8b6acbbdb1
RMVM_MB_baf3501441,Ở hai đầu nỗi nhớ,Tân Nhàn,ART_bde6d9dd7d,REVOLUTIONARY,musicbrainz_artist_discography,0.85,,,unavailable,,unavailable,,unavailable,2009.0,verified,TIER_B,METADATA_ONLY,v1,verified,verified_crawl,0,0,0,original_recording,,30c6a73c-b6b0-4778-a490-10c7546adf90
RMVM_MB_59665d46d3,Bèo giạt mây trôi,Kiều Hưng,ART_4ad333ac01,REVOLUTIONARY,musicbrainz_artist_discography,0.85,,,unavailable,,unavailable,,unavailable,1999.0,verified,TIER_B,METADATA_ONLY,v1,verified,verified_crawl,0,0,0,original_recording,,89415cb8-fd46-4993-968f-77c69af18dcf
RMVM_MB_b00a253b0c,Khúc hát thanh xuân,Kiều Hưng,ART_4ad333ac01,REVOLUTIONARY,musicbrainz_artist_discography,0.85,,,unavailable,,unavailable,,unavailable,1998.0,verified,TIER_B,METADATA_ONLY,v1,verified,verified_crawl,0,0,0,original_recording,,4cda6668-908f-4bbc-85f4-4ce0cf051925
RMVM_MB_1c430e2e31,Võ câu muôn dặm,Kiều Hưng,ART_4ad333ac01,REVOLUTIONARY,musicbrainz_artist_discography,0.85,,,unavailable,,unavailable,,unavailable,1998.0,verified,TIER_B,METADATA_ONLY,v1,verified,verified_crawl,0,0,0,original_recording,,5e63e7b6-b4a5-4ae3-a0ec-32eecd4c6198
RMVM_MB_fc36e8ede1,Ngọn đèn đứng gác,Quý Dương,ART_459a303c9f,REVOLUTIONARY,musicbrainz_artist_discography,0.85,,,unavailable,,unavailable,,unavailable,1997.0,verified,TIER_B,METADATA_ONLY,v1,verified,verified_crawl,0,0,0,original_recording,,32b5b22d-ff68-4045-8ae0-15d36b227ca3
RMVM_MB_351a668cca,Chiều hải cảng,Quý Dương,ART_459a303c9f,REVOLUTIONARY,musicbrainz_artist_discography,0.85,,,unavailable,,unavailable,,unavailable,2001.0,verified,TIER_B,METADATA_ONLY,v1,verified,verified_crawl,0,0,0,original_recording,,9cd4784d-8b33-4d65-9169-958e83000c3f
RMVM_MB_3e4a6cffd6,Bài ca Trường Sơn,Trung Kiên,ART_518be47b26,REVOLUTIONARY,musicbrainz_artist_discography,0.85,,,unavailable,,unavailable,,unavailable,1997.0,verified,TIER_B,METADATA_ONLY,v1,verified,verified_crawl,0,0,0,original_recording,,5102b865-9fcb-4759-87a0-5825972c5034
RMVM_MB_215ab85464,Tình ca,Trung Kiên,ART_518be47b26,REVOLUTIONARY,musicbrainz_artist_discography,0.85,,,unavailable,,unavailable,,unavailable,1997.0,verified,TIER_B,METADATA_ONLY,v1,verified,verified_crawl,0,0,0,original_recording,,83403a7e-0161-43d8-91fe-245a2d737ed7
RMVM_MB_c8f8c88490,Cám ơn mùa thu,Trung Kiên,ART_518be47b26,REVOLUTIONARY,musicbrainz_artist_discography,0.85,,,unavailable,,unavailable,,unavailable,1998.0,verified,TIER_B,METADATA_ONLY,v1,verified,verified_crawl,0,0,0,original_recording,,a2a8cb0f-5695-402a-bf20-996d76b4fa7b
RMVM_MB_6c5a2d6c3f,Thiên đường biết,Suboi,ART_7b7ae56247,RAP_HIPHOP,musicbrainz_artist_discography,0.85,,,unavailable,,unavailable,,unavailable,2014.0,verified,TIER_B,METADATA_ONLY,v1,verified,verified_crawl,0,0,0,original_recording,,24108a02-e4bb-4fed-a25d-91e1cf97df8f
RMVM_MB_5cab90a2ee,Come Back Down,Suboi,ART_7b7ae56247,RAP_HIPHOP,musicbrainz_artist_discography,0.85,,,unavailable,,unavailable,,unavailable,2014.0,verified,TIER_B,METADATA_ONLY,v1,verified,verified_crawl,0,0,0,original_recording,,d6b4e45f-28c1-4a37-b6ea-f874de040bce
RMVM_MB_0e40bc1fa2,Đời,Suboi,ART_7b7ae56247,RAP_HIPHOP,musicbrainz_artist_discography,0.85,,,unavailable,,unavailable,,unavailable,2016.0,verified,TIER_B,METADATA_ONLY,v1,verified,verified_crawl,0,0,0,original_recording,,55480870-24b4-4ae5-9593-3015bc0226c1
RMVM_MB_8e6341d351,Groovy as We Are,Suboi,ART_7b7ae56247,RAP_HIPHOP,musicbrainz_artist_discography,0.85,,,unavailable,,unavailable,,unavailable,2010.0,verified,TIER_B,METADATA_ONLY,v1,verified,verified_crawl,0,0,0,original_recording,,bdfb3368-51d9-4f9f-aa21-1ae36c529441
RMVM_MB_b289955c32,N-Sao?,Suboi,ART_7b7ae56247,RAP_HIPHOP,musicbrainz_artist_discography,0.85,,,unavailable,,unavailable,,unavailable,2018.0,verified,TIER_B,METADATA_ONLY,v1,verified,verified_crawl,0,0,0,original_recording,,bb3e0343-a788-4004-b568-0d384eb925ce
RMVM_MB_8bd2f34df6,Trouble On the Horizon,Binz,ART_fca6de2907,RAP_HIPHOP,musicbrainz_artist_discography,0.85,,,unavailable,,unavailable,,unavailable,2014.0,verified,TIER_B,METADATA_ONLY,v1,verified,verified_crawl,0,0,0,original_recording,,8a3d6ac0-33e5-4a7f-893e-65a1be07dacf
RMVM_MB_65f0531a45,The End,Binz,ART_fca6de2907,RAP_HIPHOP,musicbrainz_artist_discography,0.85,,,unavailable,,unavailable,,unavailable,2014.0,verified,TIER_B,METADATA_ONLY,v1,verified,verified_crawl,0,0,0,original_recording,,ed0cabd7-3bd0-4e53-afca-78a7fda1bfc8
RMVM_MB_b60550696f,Alien Abduction Envy,Binz,ART_fca6de2907,RAP_HIPHOP,musicbrainz_artist_discography,0.85,,,unavailable,,unavailable,,unavailable,2014.0,verified,TIER_B,METADATA_ONLY,v1,verified,verified_crawl,0,0,0,original_recording,,a19dfca2-6c4a-4940-86e5-3c1fbc54a735
RMVM_MB_bff4adfdfa,Suffer,Binz,ART_fca6de2907,RAP_HIPHOP,musicbrainz_artist_discography,0.85,,,unavailable,,unavailable,,unavailable,2014.0,verified,TIER_B,METADATA_ONLY,v1,verified,verified_crawl,0,0,0,original_recording,,119a4e47-09e0-421f-b83e-36c80d83fa63
RMVM_MB_29470c89bb,Paranoid,Binz,ART_fca6de2907,RAP_HIPHOP,musicbrainz_artist_discography,0.85,,,unavailable,,unavailable,,unavailable,2014.0,verified,TIER_B,METADATA_ONLY,v1,verified,verified_crawl,0,0,0,original_recording,,97737760-d209-4673-a2b3-1782a90f9bd0
RMVM_MB_255f8974fb,What Can You Do to Me,Binz,ART_fca6de2907,RAP_HIPHOP,musicbrainz_artist_discography,0.85,,,unavailable,,unavailable,,unavailable,2014.0,verified,TIER_B,METADATA_ONLY,v1,verified,verified_crawl,0,0,0,original_recording,,d5723ffa-d7ca-4188-a747-d73bb0cb143c
RMVM_MB_561e431e8d,Trash The Girl Them Trash,Blacka,ART_87222206ce,RAP_HIPHOP,musicbrainz_artist_discography,0.85,,,unavailable,,unavailable,,unavailable,1987.0,verified,TIER_B,METADATA_ONLY,v1,verified,verified_crawl,0,0,0,original_recording,,8147d412-3700-44b2-9c45-8ce6731e8b16
RMVM_MB_32acf01354,Realuminatti,Blacka,ART_87222206ce,RAP_HIPHOP,musicbrainz_artist_discography,0.85,,,unavailable,,unavailable,,unavailable,2013.0,verified,TIER_B,METADATA_ONLY,v1,verified,verified_crawl,0,0,0,original_recording,,49f6e36a-42d6-4168-8c79-7e2d9063d2be
RMVM_MB_9bda23a761,Name Brand,Blacka,ART_87222206ce,RAP_HIPHOP,musicbrainz_artist_discography,0.85,,,unavailable,,unavailable,,unavailable,2010.0,verified,TIER_B,METADATA_ONLY,v1,verified,verified_crawl,0,0,0,original_recording,,7fc728a5-2c22-4bc8-bf7f-9817e4a64f99
RMVM_MB_dd768a5f9d,Buddy Buddy,Blacka,ART_87222206ce,RAP_HIPHOP,musicbrainz_artist_discography,0.85,,,unavailable,,unavailable,,unavailable,2010.0,verified,TIER_B,METADATA_ONLY,v1,verified,verified_crawl,0,0,0,original_recording,,52e70bad-fe52-4854-85f4-6faa0fd08215
RMVM_MB_e843c6de3c,I Been,Blacka,ART_87222206ce,RAP_HIPHOP,musicbrainz_artist_discography,0.85,,,unavailable,,unavailable,,unavailable,2013.0,verified,TIER_B,METADATA_ONLY,v1,verified,verified_crawl,0,0,0,original_recording,,e9da4905-3b6d-4711-bb42-0605c9ec43e0
RMVM_MB_00b5a6a08b,MCCB,Blacka,ART_87222206ce,RAP_HIPHOP,musicbrainz_artist_discography,0.85,,,unavailable,,unavailable,,unavailable,2016.0,verified,TIER_B,METADATA_ONLY,v1,verified,verified_crawl,0,0,0,original_recording,,d1da6cfb-844d-4b37-8d59-b31e23b6dc57
RMVM_MB_7e470cd3e6,Infected Times,ICD,ART_a63e7e0a7a,RAP_HIPHOP,musicbrainz_artist_discography,0.85,,,unavailable,,unavailable,,unavailable,2018.0,verified,TIER_B,METADATA_ONLY,v1,verified,verified_crawl,0,0,0,original_recording,,b9196888-1ea5-436c-955e-31148b907f57
RMVM_MB_f2d276be00,Anschlag bei Nacht,ICD,ART_a63e7e0a7a,RAP_HIPHOP,musicbrainz_artist_discography,0.85,,,unavailable,,unavailable,,unavailable,2014.0,verified,TIER_B,METADATA_ONLY,v1,verified,verified_crawl,0,0,0,original_recording,,3c25ba32-cf10-4b9f-8f42-863d19093e5b
RMVM_MB_53e2b13050,The Show,Cam,ART_ad017e9d66,RAP_HIPHOP,musicbrainz_artist_discography,0.85,,,unavailable,,unavailable,,unavailable,2001.0,verified,TIER_B,METADATA_ONLY,v1,verified,verified_crawl,0,0,0,original_recording,,1ea61c69-6a9d-4957-96ac-0556e26fdded
RMVM_MB_fb11196d8d,To Be Continued,Cam,ART_ad017e9d66,RAP_HIPHOP,musicbrainz_artist_discography,0.85,,,unavailable,,unavailable,,unavailable,2001.0,verified,TIER_B,METADATA_ONLY,v1,verified,verified_crawl,0,0,0,original_recording,,ec555c30-35b0-412e-bcb5-dc994ef9789b
RMVM_MB_0894f2c9af,3/4 Interlude,Cam,ART_ad017e9d66,RAP_HIPHOP,musicbrainz_artist_discography,0.85,,,unavailable,,unavailable,,unavailable,2001.0,verified,TIER_B,METADATA_ONLY,v1,verified,verified_crawl,0,0,0,original_recording,,fa0d48f8-5784-48bd-9a12-93166328166e
RMVM_MB_e65c8ffe6e,It Ain't Hard to Do Right,Cam,ART_ad017e9d66,RAP_HIPHOP,musicbrainz_artist_discography,0.85,,,unavailable,,unavailable,,unavailable,2006.0,verified,TIER_B,METADATA_ONLY,v1,verified,verified_crawl,0,0,0,original_recording,,e305fdc9-3a4b-40fc-b076-132818095178
RMVM_MB_ae2b87f63a,From This Day On,Cam,ART_ad017e9d66,RAP_HIPHOP,musicbrainz_artist_discography,0.85,,,unavailable,,unavailable,,unavailable,2006.0,verified,TIER_B,METADATA_ONLY,v1,verified,verified_crawl,0,0,0,original_recording,,c26244e8-1aa8-4b40-8a3f-11700bbe44ed
RMVM_MB_d56ab60e8a,The Right Way,Cam,ART_ad017e9d66,RAP_HIPHOP,musicbrainz_artist_discography,0.85,,,unavailable,,unavailable,,unavailable,2006.0,verified,TIER_B,METADATA_ONLY,v1,verified,verified_crawl,0,0,0,original_recording,,e9242066-e972-48e5-8d7d-536629ce52b1
RMVM_MB_6c9354ea7f,Shield of Faith,Cam,ART_ad017e9d66,RAP_HIPHOP,musicbrainz_artist_discography,0.85,,,unavailable,,unavailable,,unavailable,2006.0,verified,TIER_B,METADATA_ONLY,v1,verified,verified_crawl,0,0,0,original_recording,,6f86991f-b5e1-45bb-841e-4be9210fcc1c
RMVM_MB_9bbf902fd3,Thank God,Cam,ART_ad017e9d66,RAP_HIPHOP,musicbrainz_artist_discography,0.85,,,unavailable,,unavailable,,unavailable,2006.0,verified,TIER_B,METADATA_ONLY,v1,verified,verified_crawl,0,0,0,original_recording,,dbe27576-5a9f-4552-a3b6-d6144e61c992
RMVM_MB_3ef4d37643,Đoá Hoa Hồng (Queen),Masew,ART_6714f6b919,DANCE_EDM,musicbrainz_artist_discography,0.85,,,unavailable,,unavailable,,unavailable,2018.0,verified,TIER_B,METADATA_ONLY,v1,verified,verified_crawl,0,0,0,original_recording,,8b455606-44bc-4d38-8a82-97f79e773a1f
RMVM_MB_df8757f307,Special Love,Triple D,ART_7b16a4372e,DANCE_EDM,musicbrainz_artist_discography,0.85,,,unavailable,,unavailable,,unavailable,2014.0,verified,TIER_B,METADATA_ONLY,v1,verified,verified_crawl,0,0,0,original_recording,,17f51f98-1014-4167-a74a-f53ee806f9a8
RMVM_MB_7ca03865c1,Gánh Hàng Rong,Triple D,ART_7b16a4372e,DANCE_EDM,musicbrainz_artist_discography,0.85,,,unavailable,,unavailable,,unavailable,2016.0,verified,TIER_B,METADATA_ONLY,v1,verified,verified_crawl,0,0,0,original_recording,,0122590a-5e7f-4478-95c4-bca5d172c0a3
RMVM_MB_27d4feecc2,Party,Triple D,ART_7b16a4372e,DANCE_EDM,musicbrainz_artist_discography,0.85,,,unavailable,,unavailable,,unavailable,2016.0,verified,TIER_B,METADATA_ONLY,v1,verified,verified_crawl,0,0,0,original_recording,,32f767bf-b288-478c-a82a-1fb4fa7c6125
RMVM_MB_dcc0169904,Movidas,Triple D,ART_7b16a4372e,DANCE_EDM,musicbrainz_artist_discography,0.85,,,unavailable,,unavailable,,unavailable,2016.0,verified,TIER_B,METADATA_ONLY,v1,verified,verified_crawl,0,0,0,original_recording,,b4da36d9-5e42-4d5b-a99d-fadfe859c9a6
RMVM_MB_916a0228a3,NGUYÊN TEAM ĐI VÀO HẾT,Triple D,ART_7b16a4372e,DANCE_EDM,musicbrainz_artist_discography,0.85,,,unavailable,,unavailable,,unavailable,2018.0,verified,TIER_B,METADATA_ONLY,v1,verified,verified_crawl,0,0,0,original_recording,,9b98f835-119d-4ae5-8fbd-3ac226d85cf6
RMVM_MB_3640c38166,Deep Sea,Triple D,ART_7b16a4372e,DANCE_EDM,musicbrainz_artist_discography,0.85,,,unavailable,,unavailable,,unavailable,2018.0,verified,TIER_B,METADATA_ONLY,v1,verified,verified_crawl,0,0,0,original_recording,,e6c3dd22-5134-41ff-8dcd-5ea0199e65f0
RMVM_MB_780f0ed2fb,Ni snackar skit,Triple D,ART_7b16a4372e,DANCE_EDM,musicbrainz_artist_discography,0.85,,,unavailable,,unavailable,,unavailable,2007.0,verified,TIER_B,METADATA_ONLY,v1,verified,verified_crawl,0,0,0,original_recording,,e6cb210e-d213-4f4d-be7e-58f29073e0be
RMVM_MB_699856146b,I Need Your Love,Triple D,ART_7b16a4372e,DANCE_EDM,musicbrainz_artist_discography,0.85,,,unavailable,,unavailable,,unavailable,1996.0,verified,TIER_B,METADATA_ONLY,v1,verified,verified_crawl,0,0,0,original_recording,,72053122-07a1-4640-96ee-26c0f976df9b
RMVM_MB_b98ae10ea4,I Miss U,Hoaprox,ART_ce3cb4feab,DANCE_EDM,musicbrainz_artist_discography,0.85,,,unavailable,,unavailable,,unavailable,2016.0,verified,TIER_B,METADATA_ONLY,v1,verified,verified_crawl,0,0,0,original_recording,,06613b14-a53d-42c9-9de6-e3e90d0c9a61
RMVM_MB_aa4582a4e9,Ngau Hung,Hoaprox,ART_ce3cb4feab,DANCE_EDM,musicbrainz_artist_discography,0.85,,,unavailable,,unavailable,,unavailable,2018.0,verified,TIER_B,METADATA_ONLY,v1,verified,verified_crawl,0,0,0,original_recording,,d6205608-eaf1-4149-90b0-c59086efffaf
RMVM_MB_dcd5122061,Chạy Ngay Đi - Onionn Remix,Onionn,ART_6972eb2860,DANCE_EDM,musicbrainz_artist_discography,0.85,,,unavailable,,unavailable,,unavailable,2018.0,verified,TIER_B,METADATA_ONLY,v1,verified,verified_crawl,0,0,0,original_recording,,fefcb4df-7b94-4c42-a2c0-06223323f56b
RMVM_MB_5562fa63a9,I Don't Care,Daniel Mastro,ART_356c868764,DANCE_EDM,musicbrainz_artist_discography,0.85,,,unavailable,,unavailable,,unavailable,2017.0,verified,TIER_B,METADATA_ONLY,v1,verified,verified_crawl,0,0,0,original_recording,,45f96bab-7b58-47b5-9b80-2f097abacd0b
RMVM_MB_6fbf62a5b7,Ký Ức Còn Đâu - Daniel Mastro Remix,Daniel Mastro,ART_356c868764,DANCE_EDM,musicbrainz_artist_discography,0.85,,,unavailable,,unavailable,,unavailable,2018.0,verified,TIER_B,METADATA_ONLY,v1,verified,verified_crawl,0,0,0,original_recording,,5abfac0c-f176-4978-8ee5-5941393f7b69
RMVM_MB_cca26ec3cb,Yêu dại khờ,Thúy Hường,ART_d31060c982,FOLK_TRADITIONAL,musicbrainz_artist_discography,0.85,,,unavailable,,unavailable,,unavailable,2008.0,verified,TIER_B,METADATA_ONLY,v1,verified,verified_crawl,0,0,0,original_recording,,e9116a6b-ae4b-46ae-8cc4-feb9882770f1
RMVM_MB_ab87ca2923,Chàng đẹp trai,Thúy Hường,ART_d31060c982,FOLK_TRADITIONAL,musicbrainz_artist_discography,0.85,,,unavailable,,unavailable,,unavailable,2008.0,verified,TIER_B,METADATA_ONLY,v1,verified,verified_crawl,0,0,0,original_recording,,3029b242-cc74-4c61-95e0-4fa25d543a8f
RMVM_MB_32927e4f0a,Tình thắm duyên quê,Thúy Hường,ART_d31060c982,FOLK_TRADITIONAL,musicbrainz_artist_discography,0.85,,,unavailable,,unavailable,,unavailable,2016.0,verified,TIER_B,METADATA_ONLY,v1,verified,verified_crawl,0,0,0,original_recording,,1c9db933-35f8-4479-93d9-bd91068e44a9
RMVM_MB_bb4e972238,Gimme Gimme,Thúy Hường,ART_d31060c982,FOLK_TRADITIONAL,musicbrainz_artist_discography,0.85,,,unavailable,,unavailable,,unavailable,2008.0,verified,TIER_B,METADATA_ONLY,v1,verified,verified_crawl,0,0,0,original_recording,,d650d72b-46ad-4fff-b71f-d8bf0e64eab8
RMVM_MB_a0fb33067e,Ngàn năm chờ đợi,Thúy Hường,ART_d31060c982,FOLK_TRADITIONAL,musicbrainz_artist_discography,0.85,,,unavailable,,unavailable,,unavailable,2008.0,verified,TIER_B,METADATA_ONLY,v1,verified,verified_crawl,0,0,0,original_recording,,3c7387dd-7545-419e-aa33-d33c5c802fb5
RMVM_MB_409222a8df,Khát khao,Thúy Hường,ART_d31060c982,FOLK_TRADITIONAL,musicbrainz_artist_discography,0.85,,,unavailable,,unavailable,,unavailable,2008.0,verified,TIER_B,METADATA_ONLY,v1,verified,verified_crawl,0,0,0,original_recording,,66c14365-88d3-4296-a29d-28ef622f639c
RMVM_MB_593179e287,Men Say Tình Ái,Thúy Hường,ART_d31060c982,FOLK_TRADITIONAL,musicbrainz_artist_discography,0.85,,,unavailable,,unavailable,,unavailable,2008.0,verified,TIER_B,METADATA_ONLY,v1,verified,verified_crawl,0,0,0,original_recording,,58c118c5-145f-4684-a6b0-252fbcda5e52
RMVM_MB_d7216573bb,Miss me,Thúy Hường,ART_d31060c982,FOLK_TRADITIONAL,musicbrainz_artist_discography,0.85,,,unavailable,,unavailable,,unavailable,2008.0,verified,TIER_B,METADATA_ONLY,v1,verified,verified_crawl,0,0,0,original_recording,,7a128d0c-9947-4a0b-be53-2ed4b15ac83b
RMVM_MB_2b67783de5,Cánh thiệp đầu xuân,Hương Lan,ART_8422601bfe,FOLK_TRADITIONAL,musicbrainz_artist_discography,0.85,,,unavailable,,unavailable,,unavailable,1993.0,verified,TIER_B,METADATA_ONLY,v1,verified,verified_crawl,0,0,0,original_recording,,d8b42f7f-f346-4d09-a448-a58f62cf3e33
RMVM_MB_9bc32a106f,Sầu lẻ bóng,Quang Linh,ART_3a6003b287,FOLK_TRADITIONAL,musicbrainz_artist_discography,0.85,,,unavailable,,unavailable,,unavailable,2006.0,verified,TIER_B,METADATA_ONLY,v1,verified,verified_crawl,0,0,0,original_recording,,090bb27a-1369-4117-89f1-2c9ca125958b
RMVM_MB_8e3f3b9cb4,Tôi yêu,Quang Linh,ART_3a6003b287,FOLK_TRADITIONAL,musicbrainz_artist_discography,0.85,,,unavailable,,unavailable,,unavailable,2007.0,verified,TIER_B,METADATA_ONLY,v1,verified,verified_crawl,0,0,0,original_recording,,15c78439-b676-4e3b-9548-3b2bb3a9e0d9
RMVM_MB_5c2b768bfc,Hai vì sao lạc,Quang Linh,ART_3a6003b287,FOLK_TRADITIONAL,musicbrainz_artist_discography,0.85,,,unavailable,,unavailable,,unavailable,2017.0,verified,TIER_B,METADATA_ONLY,v1,verified,verified_crawl,0,0,0,original_recording,,597fdcbd-41b3-41e5-8fb0-c5870d7cd662
RMVM_MB_76e6ef5e03,Đêm Hoa Đăng,Quang Linh,ART_3a6003b287,FOLK_TRADITIONAL,musicbrainz_artist_discography,0.85,,,unavailable,,unavailable,,unavailable,1999.0,verified,TIER_B,METADATA_ONLY,v1,verified,verified_crawl,0,0,0,original_recording,,7840b825-f500-4786-a51b-30319b6d969b
RMVM_MB_26f4cc9235,Hoa học trò,Quang Linh,ART_3a6003b287,FOLK_TRADITIONAL,musicbrainz_artist_discography,0.85,,,unavailable,,unavailable,,unavailable,2006.0,verified,TIER_B,METADATA_ONLY,v1,verified,verified_crawl,0,0,0,original_recording,,94a993e8-67a1-41cc-b3ec-3b24278ab2b1
RMVM_MB_0f7a9899ac,Ngẩn ngơ tìm em,Quang Linh,ART_3a6003b287,FOLK_TRADITIONAL,musicbrainz_artist_discography,0.85,,,unavailable,,unavailable,,unavailable,2007.0,verified,TIER_B,METADATA_ONLY,v1,verified,verified_crawl,0,0,0,original_recording,,636589df-e875-4525-bbb6-42288577b256
RMVM_MB_3b743a3928,Phố vắng em rồi,Quang Linh,ART_3a6003b287,FOLK_TRADITIONAL,musicbrainz_artist_discography,0.85,,,unavailable,,unavailable,,unavailable,2006.0,verified,TIER_B,METADATA_ONLY,v1,verified,verified_crawl,0,0,0,original_recording,,8a39468f-7f06-4457-93f7-0671bd1e421b
RMVM_MB_53c0519672,Thương Về Miền Trung,Quang Linh,ART_3a6003b287,FOLK_TRADITIONAL,musicbrainz_artist_discography,0.85,,,unavailable,,unavailable,,unavailable,1999.0,verified,TIER_B,METADATA_ONLY,v1,verified,verified_crawl,0,0,0,original_recording,,ef61f841-e5ee-4af7-96ae-a230520f7013
RMVM_MB_900b5f1f92,Bỏ phố lên rừng,Phi Nhung,ART_33de4125fc,FOLK_TRADITIONAL,musicbrainz_artist_discography,0.85,,,unavailable,,unavailable,,unavailable,2016.0,verified,TIER_B,METADATA_ONLY,v1,verified,verified_crawl,0,0,0,original_recording,,7c55b0d2-d232-4bf1-930e-6462fe6484aa
RMVM_MB_bd7c5747f7,Tính xa khuất,Phi Nhung,ART_33de4125fc,FOLK_TRADITIONAL,musicbrainz_artist_discography,0.85,,,unavailable,,unavailable,,unavailable,1999.0,verified,TIER_B,METADATA_ONLY,v1,verified,verified_crawl,0,0,0,original_recording,,0dcd2ddd-b5c8-4d05-95ce-2f10c2fda1ca
RMVM_MB_a328444667,Trống vắng,Phi Nhung,ART_33de4125fc,FOLK_TRADITIONAL,musicbrainz_artist_discography,0.85,,,unavailable,,unavailable,,unavailable,1999.0,verified,TIER_B,METADATA_ONLY,v1,verified,verified_crawl,0,0,0,original_recording,,ba98b4b9-f66b-49dd-85b1-cd09b0c2f981
RMVM_MB_024d34c05b,Nửa trái tim,Phi Nhung,ART_33de4125fc,FOLK_TRADITIONAL,musicbrainz_artist_discography,0.85,,,unavailable,,unavailable,,unavailable,1999.0,verified,TIER_B,METADATA_ONLY,v1,verified,verified_crawl,0,0,0,original_recording,,c7cfcd26-3d0f-4407-83c6-b9b580bf2581
RMVM_MB_20c543b5b3,Thôi anh hãy đi theo người,Phi Nhung,ART_33de4125fc,FOLK_TRADITIONAL,musicbrainz_artist_discography,0.85,,,unavailable,,unavailable,,unavailable,1999.0,verified,TIER_B,METADATA_ONLY,v1,verified,verified_crawl,0,0,0,original_recording,,cd9690d5-4272-424c-9309-f202f438c05c
RMVM_MB_ace1e1eb42,Lý con sáo Bạc Liêu,Phi Nhung,ART_33de4125fc,FOLK_TRADITIONAL,musicbrainz_artist_discography,0.85,,,unavailable,,unavailable,,unavailable,1999.0,verified,TIER_B,METADATA_ONLY,v1,verified,verified_crawl,0,0,0,original_recording,,e5e10f01-fe79-4073-b270-0bd56c99d770
RMVM_MB_0bf8ff66db,Sao muốn giết người yêu,Phi Nhung,ART_33de4125fc,FOLK_TRADITIONAL,musicbrainz_artist_discography,0.85,,,unavailable,,unavailable,,unavailable,1999.0,verified,TIER_B,METADATA_ONLY,v1,verified,verified_crawl,0,0,0,original_recording,,79fb662a-c819-484b-a551-bb3a8e20414e
RMVM_MB_74d301b7fd,Khúc hát tương phùng,Phi Nhung,ART_33de4125fc,FOLK_TRADITIONAL,musicbrainz_artist_discography,0.85,,,unavailable,,unavailable,,unavailable,2001.0,verified,TIER_B,METADATA_ONLY,v1,verified,verified_crawl,0,0,0,original_recording,,88b33959-ae4e-485c-be7d-b341a4beb972
RMVM_MB_f909c03d8a,Nhớ Em,Minh Vương,ART_647daac8f6,FOLK_TRADITIONAL,musicbrainz_artist_discography,0.85,,,unavailable,,unavailable,,unavailable,2018.0,verified,TIER_B,METADATA_ONLY,v1,verified,verified_crawl,0,0,0,original_recording,,b368e9b4-aa9b-4c28-ba9f-cd4d79a5e827
RMVM_MB_c45a61c8c9,Những Ngày Đẹp Trời,Minh Vương,ART_647daac8f6,FOLK_TRADITIONAL,musicbrainz_artist_discography,0.85,,,unavailable,,unavailable,,unavailable,2018.0,verified,TIER_B,METADATA_ONLY,v1,verified,verified_crawl,0,0,0,original_recording,,6728e86d-0353-4ffc-8cf2-6d4b1a9d586a
RMVM_MB_c692e31b5f,Vì Sao Cuối Trời,Minh Vương,ART_647daac8f6,FOLK_TRADITIONAL,musicbrainz_artist_discography,0.85,,,unavailable,,unavailable,,unavailable,2018.0,verified,TIER_B,METADATA_ONLY,v1,verified,verified_crawl,0,0,0,original_recording,,43063a58-8f01-4875-b3e0-c2232a69a5d1
RMVM_MB_6f6f515bd7,Vệt Nắng Cuối Trời,Minh Vương,ART_647daac8f6,FOLK_TRADITIONAL,musicbrainz_artist_discography,0.85,,,unavailable,,unavailable,,unavailable,2018.0,verified,TIER_B,METADATA_ONLY,v1,verified,verified_crawl,0,0,0,original_recording,,0a7880c9-eb1e-4192-992d-67378bc6ab08
RMVM_MB_17cec40442,Xác Lá Vàng Rơi,Minh Vương,ART_647daac8f6,FOLK_TRADITIONAL,musicbrainz_artist_discography,0.85,,,unavailable,,unavailable,,unavailable,2018.0,verified,TIER_B,METADATA_ONLY,v1,verified,verified_crawl,0,0,0,original_recording,,189dc5ca-3a64-4f75-9437-4a91bc6114c5
