song_id,title,artist,artist_id,genre,label_source,label_confidence,other_reason,audio_path,audio_status,lyrics_path,lyrics_status,cover_path,cover_status,release_year,year_status,tier,modality_state,dataset_version,release_year_status,release_year_source,lyrics_available,cover_available,audio_available,version_type,source,source_id
RMVM_S_8faa6cac56,Canh Bạc Cuộc Đời,Trường Kha,ART_abe0f2439b,POP_BALLAD,deterministic_mapping,1.0,,,unavailable,data/lyrics/RMVM_S_8faa6cac56.txt,verified_local,,unavailable,,missing,TIER_A,LYRICS_ONLY,v1,missing,missing,1,0,0,original_recording,,
RMVM_S_6ef928c25e,Cố Chấp Thương Em,Trường Khang,ART_7ac381a308,POP_BALLAD,deterministic_mapping,1.0,,,unavailable,data/lyrics/RMVM_S_6ef928c25e.txt,verified_local,,unavailable,,missing,TIER_A,LYRICS_ONLY,v1,missing,missing,1,0,0,original_recording,,
RMVM_S_165f582ea9,Mưa Tuyết,Bằng Cường,ART_92092d6cfb,POP_BALLAD,deterministic_mapping,1.0,,,unavailable,data/lyrics/RMVM_S_165f582ea9.txt,verified_local,,unavailable,,missing,TIER_A,LYRICS_ONLY,v1,missing,missing,1,0,0,original_recording,,
RMVM_S_b1e2b49b8b,Đơn Giản Vậy Thôi,Lâm Nguyên,ART_7fd68776bf,POP_BALLAD,deterministic_mapping,1.0,,,unavailable,data/lyrics/RMVM_S_b1e2b49b8b.txt,verified_local,,unavailable,,missing,TIER_A,LYRICS_ONLY,v1,missing,missing,1,0,0,original_recording,,
RMVM_S_71551814f3,0 AI NGHĨ,Wxrdie,ART_07303e4c1c,POP_BALLAD,deterministic_mapping,1.0,,,unavailable,data/lyrics/RMVM_S_71551814f3.txt,verified_local,,unavailable,,missing,TIER_A,LYRICS_ONLY,v1,missing,missing,1,0,0,original_recording,,
RMVM_S_45f790de29,Em Nhớ Anh Vô Cùng (Acoustic),Nhã Thy,ART_6849937024,POP_BALLAD,deterministic_mapping,1.0,,,unavailable,data/lyrics/RMVM_S_45f790de29.txt,verified_local,,unavailable,,missing,TIER_A,LYRICS_ONLY,v1,missing,missing,1,0,0,original_recording,,
RMVM_S_94e1502607,Lang Thang Nghênh Ngang,Cường DC,ART_7718482ef7,POP_BALLAD,deterministic_mapping,1.0,,,unavailable,data/lyrics/RMVM_S_94e1502607.txt,verified_local,,unavailable,,missing,TIER_A,LYRICS_ONLY,v1,missing,missing,1,0,0,original_recording,,
RMVM_S_5624f64807,Cà Phê Buồn,"Minh Tuyết, Nhật",ART_104d6f31c1,INSTRUMENTAL,source_tag_verification,0.85,,,unavailable,,unavailable,,unavailable,,missing,TIER_B,METADATA_ONLY,v1,missing,missing,0,0,0,original_recording,,
RMVM_S_9d43474bb4,Bạn Và Tôi Đều Giống Nhau,Danh Tuấn Trung,ART_61a32cff49,POP_BALLAD,deterministic_mapping,1.0,,,unavailable,data/lyrics/RMVM_S_9d43474bb4.txt,verified_local,,unavailable,,missing,TIER_A,LYRICS_ONLY,v1,missing,missing,1,0,0,original_recording,,
RMVM_S_7eb3d525b5,Ngã Ba Tình,Địa Hải,ART_8f4195fbdf,POP_BALLAD,deterministic_mapping,1.0,,,unavailable,data/lyrics/RMVM_S_7eb3d525b5.txt,verified_local,,unavailable,,missing,TIER_A,LYRICS_ONLY,v1,missing,missing,1,0,0,original_recording,,
RMVM_S_5c7709b3e9,Miền Thùy Dương Dấu Yêu,Trung Nghĩa,ART_40c879c33a,BOLERO_TRUTINH,deterministic_mapping,1.0,,,unavailable,data/lyrics/RMVM_S_5c7709b3e9.txt,verified_local,,unavailable,,missing,TIER_A,LYRICS_ONLY,v1,missing,missing,1,0,0,original_recording,,
RMVM_MB_fd9e96f607,Phúc âm buồn,Khánh Ly,ART_2a0e02284a,NHAC_TRINH,musicbrainz_artist_discography,0.85,,,unavailable,,unavailable,,unavailable,,missing,TIER_B,METADATA_ONLY,v1,missing,missing,0,0,0,original_recording,,
RMVM_S_657d4f7140,Lên Rừng Giấu Lá,Hamlet Trương,ART_4b476adef5,POP_BALLAD,deterministic_mapping,1.0,,,unavailable,data/lyrics/RMVM_S_657d4f7140.txt,verified_local,,unavailable,,missing,TIER_A,LYRICS_ONLY,v1,missing,missing,1,0,0,original_recording,,
RMVM_MB_966b0bfdba,Mưa hồng,Khánh Ly,ART_2a0e02284a,NHAC_TRINH,musicbrainz_artist_discography,0.85,,,unavailable,,unavailable,,unavailable,1989.0,verified,TIER_B,METADATA_ONLY,v1,verified,verified_crawl,0,0,0,original_recording,,
RMVM_S_763e5e4654,Đừng Lo Nhé Có Anh Đây (HM Remix) (Beat),Lâm Chấn Kiệt,ART_fc4a77b3f3,RAP_HIPHOP,deterministic_mapping,1.0,,,unavailable,,unavailable,data/covers/RMVM_S_763e5e4654.jpg,verified_local,,missing,TIER_A,COVER_ONLY,v1,missing,missing,0,1,0,original_recording,,
RMVM_S_d2a3627e8b,Việt Nam Trong Tim Ta,"Phạm Thành Luân, Huy Hoàng",ART_b818cc19b7,POP_BALLAD,deterministic_mapping,1.0,,,unavailable,data/lyrics/RMVM_S_d2a3627e8b.txt,verified_local,,unavailable,,missing,TIER_A,LYRICS_ONLY,v1,missing,missing,1,0,0,original_recording,,
RMVM_S_c4e4314933,An Toàn Là Trên Hết,SGirls,ART_08cc20ec51,POP_BALLAD,deterministic_mapping,1.0,,,unavailable,data/lyrics/RMVM_S_c4e4314933.txt,verified_local,,unavailable,,missing,TIER_A,LYRICS_ONLY,v1,missing,missing,1,0,0,original_recording,,
RMVM_MB_e1efa47af4,Tình hoài thương,Anh Thơ,ART_a0c43ea0e8,REVOLUTIONARY,musicbrainz_artist_discography,0.85,,,unavailable,,unavailable,,unavailable,2010.0,verified,TIER_B,METADATA_ONLY,v1,verified,verified_crawl,0,0,0,original_recording,,
RMVM_S_a514c4aede,Thời Gian Nơi Xa,Hương Lan,ART_8422601bfe,BOLERO_TRUTINH,deterministic_mapping,1.0,,,unavailable,data/lyrics/RMVM_S_a514c4aede.txt,verified_local,,unavailable,,missing,TIER_A,LYRICS_ONLY,v1,missing,missing,1,0,0,original_recording,,
RMVM_S_709c2a7c34,Có Em Là Điều Tuyệt Vời Nhất (Duck Remix),Thiên Tú,ART_b0af0bf20e,DANCE_EDM,deterministic_mapping,1.0,,,unavailable,data/lyrics/RMVM_S_709c2a7c34.txt,verified_local,,unavailable,,missing,TIER_A,LYRICS_ONLY,v1,missing,missing,1,0,0,original_recording,,
RMVM_S_0a31d1d2ca,Nỗi Nhớ Người Xa Xứ 2,Thạch Thảo,ART_9054eabe1c,BOLERO_TRUTINH,deterministic_mapping,1.0,,,unavailable,data/lyrics/RMVM_S_0a31d1d2ca.txt,verified_local,,unavailable,,missing,TIER_A,LYRICS_ONLY,v1,missing,missing,1,0,0,original_recording,,
RMVM_S_4aa83ebca2,Tình Như Khúc Ca,Đức Tuấn,ART_326eb740ca,POP_BALLAD,deterministic_mapping,1.0,,,unavailable,data/lyrics/RMVM_S_4aa83ebca2.txt,verified_local,,unavailable,,missing,TIER_A,LYRICS_ONLY,v1,missing,missing,1,0,0,original_recording,,
RMVM_S_7ee5e64a60,Tam Cang Ngũ Thường,Mai Kha,ART_6219244048,OTHER,curated_out_of_taxonomy,0.9,Religious / Sacred spiritual Vietnamese music,,unavailable,,unavailable,,unavailable,,missing,TIER_B,METADATA_ONLY,v1,missing,missing,0,0,0,original_recording,,
RMVM_S_7e245d4097,Bên Nhau Yên Bình,Tấn Dũng,ART_d104713371,POP_BALLAD,deterministic_mapping,1.0,,,unavailable,data/lyrics/RMVM_S_7e245d4097.txt,verified_local,,unavailable,,missing,TIER_A,LYRICS_ONLY,v1,missing,missing,1,0,0,original_recording,,
RMVM_S_b0e2f6325e,Một Khi Yêu (DJ Turbo Nguyễn Remix),Đan Thùy,ART_ade328afd8,POP_BALLAD,deterministic_mapping,1.0,,,unavailable,data/lyrics/RMVM_S_b0e2f6325e.txt,verified_local,,unavailable,,missing,TIER_A,LYRICS_ONLY,v1,missing,missing,1,0,0,original_recording,,
RMVM_S_d6ef5be53b,Em yêu Mùa hè quê em,Bé Quỳnh My,ART_c8f791b256,CHILDREN,deterministic_mapping,1.0,,,unavailable,data/lyrics/RMVM_S_d6ef5be53b.txt,verified_local,,unavailable,,missing,TIER_A,LYRICS_ONLY,v1,missing,missing,1,0,0,original_recording,,
RMVM_S_d450c5039d,Chuyện Kể Về Cát Bụi,Lương Bằng Quang,ART_12772a45b4,POP_BALLAD,deterministic_mapping,1.0,,,unavailable,data/lyrics/RMVM_S_d450c5039d.txt,verified_local,,unavailable,,missing,TIER_A,LYRICS_ONLY,v1,missing,missing,1,0,0,original_recording,,
RMVM_S_78dec47ce6,Chúng Ta Còn Lại Gì,"MR Bi, DSWAG, KaWaiiBi",ART_bf135a7c95,RAP_HIPHOP,deterministic_mapping,1.0,,,unavailable,data/lyrics/RMVM_S_78dec47ce6.txt,verified_local,data/covers/RMVM_S_78dec47ce6.jpg,verified_local,,missing,TIER_A,LYRICS_COVER,v1,missing,missing,1,1,0,original_recording,,
RMVM_S_47ceaf154b,Hoa Cỏ Mùa Xuân,"BeeBoss, Châu Ngọc Lan",ART_43e14dec39,POP_BALLAD,deterministic_mapping,1.0,,,unavailable,data/lyrics/RMVM_S_47ceaf154b.txt,verified_local,,unavailable,,missing,TIER_A,LYRICS_ONLY,v1,missing,missing,1,0,0,original_recording,,
RMVM_S_56fa5a3511,Đau Xót Lý Mồ Côi,Dương Nghi Đình,ART_e16e18b912,BOLERO_TRUTINH,deterministic_mapping,1.0,,,unavailable,data/lyrics/RMVM_S_56fa5a3511.txt,verified_local,,unavailable,,missing,TIER_A,LYRICS_ONLY,v1,missing,missing,1,0,0,original_recording,,
RMVM_S_b0869e80c4,Liên Khúc: Nụ Hôn Mùa Xuân,"Ngọc Khang, Lâm Vũ",ART_280a22f954,POP_BALLAD,deterministic_mapping,1.0,,,unavailable,data/lyrics/RMVM_S_b0869e80c4.txt,verified_local,,unavailable,,missing,TIER_A,LYRICS_ONLY,v1,missing,missing,1,0,0,original_recording,,
RMVM_S_73f612192b,Ai Làm Em Phải Khóc Beat,Hồ Phong An,ART_215d58c827,POP_BALLAD,deterministic_mapping,1.0,,,unavailable,,unavailable,data/covers/RMVM_S_73f612192b.jpg,verified_local,,missing,TIER_A,COVER_ONLY,v1,missing,missing,0,1,0,original_recording,,
RMVM_S_ef088e5a01,Tết Là Nhất,Nhiều nghệ sĩ,ART_736b531937,POP_BALLAD,deterministic_mapping,1.0,,,unavailable,data/lyrics/RMVM_S_ef088e5a01.txt,verified_local,,unavailable,,missing,TIER_A,LYRICS_ONLY,v1,missing,missing,1,0,0,original_recording,,
RMVM_S_d5f953ba31,Lại Nhớ Người Yêu,Lê Sang,ART_d024fbd65f,BOLERO_TRUTINH,deterministic_mapping,1.0,,,unavailable,data/lyrics/RMVM_S_d5f953ba31.txt,verified_local,,unavailable,,missing,TIER_A,LYRICS_ONLY,v1,missing,missing,1,0,0,original_recording,,
RMVM_S_8f5d0deee2,Mẹ Yêu (Cover),"ERIK, Nguyễn Trần Trung Quân",ART_1a906668c7,POP_BALLAD,deterministic_mapping,1.0,,,unavailable,data/lyrics/RMVM_S_8f5d0deee2.txt,verified_local,,unavailable,,missing,TIER_A,LYRICS_ONLY,v1,missing,missing,1,0,0,original_recording,,
RMVM_S_84f279c253,Phố một người,"Hồ Phong An, Loren Kid",ART_32db1f0300,POP_BALLAD,deterministic_mapping,1.0,,,unavailable,data/lyrics/RMVM_S_84f279c253.txt,verified_local,data/covers/RMVM_S_84f279c253.jpg,verified_local,,missing,TIER_A,LYRICS_COVER,v1,missing,missing,1,1,0,original_recording,,
RMVM_MB_9780e01e8f,Nửa đời phóng đãng,Cẩm Vân,ART_9f811a153f,NHAC_TRINH,musicbrainz_artist_discography,0.85,,,unavailable,,unavailable,,unavailable,1998.0,verified,TIER_B,METADATA_ONLY,v1,verified,verified_crawl,0,0,0,original_recording,,
RMVM_S_4e23104b49,Cũng Đành Lãng Quên,Đan Trường,ART_d7d6ae2597,POP_BALLAD,deterministic_mapping,1.0,,,unavailable,data/lyrics/RMVM_S_4e23104b49.txt,verified_local,,unavailable,,missing,TIER_A,LYRICS_ONLY,v1,missing,missing,1,0,0,original_recording,,
RMVM_S_60599ba98a,1001 Lý Do,Thành Đạt,ART_7abef207dc,POP_BALLAD,deterministic_mapping,1.0,,,unavailable,data/lyrics/RMVM_S_60599ba98a.txt,verified_local,,unavailable,,missing,TIER_A,LYRICS_ONLY,v1,missing,missing,1,0,0,original_recording,,
RMVM_S_64be8cc548,Bông Ô Môi,"Nhã Vân, Xuân Hòa",ART_0191109a3c,BOLERO_TRUTINH,deterministic_mapping,1.0,,,unavailable,,unavailable,data/covers/RMVM_S_64be8cc548.jpg,verified_local,,missing,TIER_A,COVER_ONLY,v1,missing,missing,0,1,0,original_recording,,
RMVM_S_22d9cea990,Chẳng Còn Những Ngày Ấy,"Vinz, Huy Hiếu",ART_c099eb0222,POP_BALLAD,deterministic_mapping,1.0,,,unavailable,data/lyrics/RMVM_S_22d9cea990.txt,verified_local,data/covers/RMVM_S_22d9cea990.jpg,verified_local,,missing,TIER_A,LYRICS_COVER,v1,missing,missing,1,1,0,original_recording,,
RMVM_MB_b99b5f7cc7,Nghiêng chiều Đà Lạt,Việt Hoàn,ART_276f4cb1af,REVOLUTIONARY,musicbrainz_artist_discography,0.85,,,unavailable,,unavailable,,unavailable,,missing,TIER_B,METADATA_ONLY,v1,missing,missing,0,0,0,original_recording,,
RMVM_S_e4ae9b09c0,Như Gió Với Mây,Hàn Thái Tú,ART_28c3149f5a,POP_BALLAD,deterministic_mapping,1.0,,,unavailable,data/lyrics/RMVM_S_e4ae9b09c0.txt,verified_local,,unavailable,,missing,TIER_A,LYRICS_ONLY,v1,missing,missing,1,0,0,original_recording,,
RMVM_S_b032cb952f,Sau Em Luôn Là Anh,Trần Nguyễn Bảo Hân,ART_ff6bb932ff,POP_BALLAD,deterministic_mapping,1.0,,,unavailable,data/lyrics/RMVM_S_b032cb952f.txt,verified_local,,unavailable,,missing,TIER_A,LYRICS_ONLY,v1,missing,missing,1,0,0,original_recording,,
RMVM_S_c27c63187c,Đi Tìm Nắng Hạ,Khánh Duy,ART_e37ef64254,BOLERO_TRUTINH,deterministic_mapping,1.0,,,unavailable,data/lyrics/RMVM_S_c27c63187c.txt,verified_local,,unavailable,,missing,TIER_A,LYRICS_ONLY,v1,missing,missing,1,0,0,original_recording,,
RMVM_S_6e7874df0f,Khoái Ăn Sang Sáng Ăn Khoai,Hồ Việt Trung,ART_c9878142a1,POP_BALLAD,deterministic_mapping,1.0,,,unavailable,data/lyrics/RMVM_S_6e7874df0f.txt,verified_local,data/covers/RMVM_S_6e7874df0f.jpg,verified_local,,missing,TIER_A,LYRICS_COVER,v1,missing,missing,1,1,0,original_recording,,
RMVM_S_215a4c8560,Lại Lầm Lỡ,Đỗ Phú Quí,ART_5e3e8ac8b5,POP_BALLAD,deterministic_mapping,1.0,,,unavailable,data/lyrics/RMVM_S_215a4c8560.txt,verified_local,,unavailable,,missing,TIER_A,LYRICS_ONLY,v1,missing,missing,1,0,0,original_recording,,
RMVM_S_34b455e283,Chuyện Người Con Gái Hái Sầu Riêng,Hương Ngọc Vân,ART_6e7345ab68,BOLERO_TRUTINH,deterministic_mapping,1.0,,,unavailable,data/lyrics/RMVM_S_34b455e283.txt,verified_local,,unavailable,,missing,TIER_A,LYRICS_ONLY,v1,missing,missing,1,0,0,original_recording,,
RMVM_S_24ac55bcc2,Giấc Mơ Vụt Tan,Châu Gia Chuyển,ART_05831f6430,POP_BALLAD,deterministic_mapping,1.0,,,unavailable,data/lyrics/RMVM_S_24ac55bcc2.txt,verified_local,,unavailable,,missing,TIER_A,LYRICS_ONLY,v1,missing,missing,1,0,0,original_recording,,
RMVM_S_de71ceb2b4,Dừng Lại Hay Bước Tiếp (HM Remix),Lâm Chấn Kiệt,ART_fc4a77b3f3,DANCE_EDM,deterministic_mapping,1.0,,,unavailable,data/lyrics/RMVM_S_de71ceb2b4.txt,verified_local,,unavailable,,missing,TIER_A,LYRICS_ONLY,v1,missing,missing,1,0,0,original_recording,,
RMVM_S_29c48051a2,Điều Anh Sợ,"Kayl D, KaWaiiBi, Nhím",ART_92a0d24455,RAP_HIPHOP,deterministic_mapping,1.0,,,unavailable,data/lyrics/RMVM_S_29c48051a2.txt,verified_local,,unavailable,,missing,TIER_A,LYRICS_ONLY,v1,missing,missing,1,0,0,original_recording,,
RMVM_S_cababb9080,Người Ra Đi Vì Đâu (Chips Lofi),Jena,ART_1aa97a0422,POP_BALLAD,deterministic_mapping,1.0,,,unavailable,data/lyrics/RMVM_S_cababb9080.txt,verified_local,,unavailable,,missing,TIER_A,LYRICS_ONLY,v1,missing,missing,1,0,0,original_recording,,
RMVM_S_8d056022ee,Ngày Mai Mưa Thôi Rơi,"Vân Quang Long, Cẩm Ly",ART_3872aafb1d,POP_BALLAD,deterministic_mapping,1.0,,,unavailable,data/lyrics/RMVM_S_8d056022ee.txt,verified_local,,unavailable,,missing,TIER_A,LYRICS_ONLY,v1,missing,missing,1,0,0,original_recording,,
RMVM_MB_bf071cd446,Rain Rain Go A Way,Xuân Mai,ART_fc7f4714c5,CHILDREN,musicbrainz_artist_discography,0.85,,,unavailable,,unavailable,,unavailable,,missing,TIER_B,METADATA_ONLY,v1,missing,missing,0,0,0,original_recording,,
RMVM_S_53fc4a1f3d,Viết Blog Cho Em,Tim,ART_b15d47e998,POP_BALLAD,deterministic_mapping,1.0,,,unavailable,data/lyrics/RMVM_S_53fc4a1f3d.txt,verified_local,data/covers/RMVM_S_53fc4a1f3d.jpg,verified_local,,missing,TIER_A,LYRICS_COVER,v1,missing,missing,1,1,0,original_recording,,
RMVM_S_a72a0741b7,Hình Bóng Trong Tim,Tâm Đoan,ART_cfa251c242,CHILDREN,deterministic_mapping,1.0,,,unavailable,data/lyrics/RMVM_S_a72a0741b7.txt,verified_local,,unavailable,,missing,TIER_A,LYRICS_ONLY,v1,missing,missing,1,0,0,original_recording,,
RMVM_MB_e997b78478,Satanic Fever,Parasite,ART_d034010438,ROCK,musicbrainz_artist_discography,0.85,,,unavailable,,unavailable,,unavailable,2021.0,verified,TIER_B,METADATA_ONLY,v1,verified,verified_crawl,0,0,0,original_recording,,
RMVM_S_15cc2708e4,Anh Yêu Em Không Phải Chỉ Kiếp Này,Quang Mask,ART_188dceadf2,POP_BALLAD,deterministic_mapping,1.0,,,unavailable,data/lyrics/RMVM_S_15cc2708e4.txt,verified_local,,unavailable,,missing,TIER_A,LYRICS_ONLY,v1,missing,missing,1,0,0,original_recording,,
RMVM_MB_49693ba016,Track 12,Grey D,ART_89903cb997,RB_SOUL,musicbrainz_artist_discography,0.85,,,unavailable,,unavailable,,unavailable,2026.0,verified,TIER_B,METADATA_ONLY,v1,verified,verified_crawl,0,0,0,original_recording,,
RMVM_S_d4eb7c7fea,Về Đô Lương Quê Mình,Mỹ Anh,ART_5fed28340d,FOLK_TRADITIONAL,deterministic_mapping,1.0,,,unavailable,data/lyrics/RMVM_S_d4eb7c7fea.txt,verified_local,,unavailable,,missing,TIER_A,LYRICS_ONLY,v1,missing,missing,1,0,0,original_recording,,
RMVM_MB_e0de7b78e1,Up To You,Min,ART_d8bd79cc13,RB_SOUL,musicbrainz_artist_discography,0.85,,,unavailable,,unavailable,,unavailable,2021.0,verified,TIER_B,METADATA_ONLY,v1,verified,verified_crawl,0,0,0,original_recording,,
RMVM_S_11ca52c411,Còn Gì Đau Hơn Chữ Đã Từng,RIN9,ART_2f91c93235,POP_BALLAD,deterministic_mapping,1.0,,,unavailable,data/lyrics/RMVM_S_11ca52c411.txt,verified_local,,unavailable,,missing,TIER_A,LYRICS_ONLY,v1,missing,missing,1,0,0,original_recording,,
RMVM_MB_255f8974fb,What Can You Do to Me,Binz,ART_fca6de2907,RAP_HIPHOP,musicbrainz_artist_discography,0.85,,,unavailable,,unavailable,,unavailable,2014.0,verified,TIER_B,METADATA_ONLY,v1,verified,verified_crawl,0,0,0,original_recording,,
RMVM_S_287ee0ddee,Lạc Vào Cô Đơn,Thiên Tú,ART_b0af0bf20e,POP_BALLAD,deterministic_mapping,1.0,,,unavailable,data/lyrics/RMVM_S_287ee0ddee.txt,verified_local,,unavailable,,missing,TIER_A,LYRICS_ONLY,v1,missing,missing,1,0,0,original_recording,,
RMVM_S_db789eecac,Bức Thư Gửi Con,Hồ Việt Trung,ART_c9878142a1,POP_BALLAD,deterministic_mapping,1.0,,,unavailable,data/lyrics/RMVM_S_db789eecac.txt,verified_local,,unavailable,,missing,TIER_A,LYRICS_ONLY,v1,missing,missing,1,0,0,original_recording,,
RMVM_S_a88aed5c98,Chúc Xuân,Kim Linh,ART_e4bd38b781,BOLERO_TRUTINH,deterministic_mapping,1.0,,,unavailable,data/lyrics/RMVM_S_a88aed5c98.txt,verified_local,,unavailable,,missing,TIER_A,LYRICS_ONLY,v1,missing,missing,1,0,0,original_recording,,
RMVM_S_725b0f06fa,Anh Có Em Trong Đời,Vương Bảo Khang,ART_71dba48770,INSTRUMENTAL,deterministic_mapping,1.0,,,unavailable,data/lyrics/RMVM_S_725b0f06fa.txt,verified_local,,unavailable,,missing,TIER_A,LYRICS_ONLY,v1,missing,missing,1,0,0,original_recording,,
RMVM_MB_e8e7d0a8c8,Huê (Comptine du Vietnam),Thanh Ngân,ART_165c93966a,FOLK_TRADITIONAL,musicbrainz_artist_discography,0.85,,,unavailable,,unavailable,,unavailable,2007.0,verified,TIER_B,METADATA_ONLY,v1,verified,verified_crawl,0,0,0,original_recording,,
RMVM_S_6884bacc36,Con Mạnh Mẽ Lắm Con Ơi!,Thu Thủy,ART_d19291be80,POP_BALLAD,deterministic_mapping,1.0,,,unavailable,data/lyrics/RMVM_S_6884bacc36.txt,verified_local,,unavailable,,missing,TIER_A,LYRICS_ONLY,v1,missing,missing,1,0,0,original_recording,,
RMVM_S_739332ad9e,Phút Giây Tỏa Sáng,"Khắc Hưng, ERIK, Đức Phúc",ART_cadd8cd8e4,POP_BALLAD,deterministic_mapping,1.0,,,unavailable,data/lyrics/RMVM_S_739332ad9e.txt,verified_local,,unavailable,,missing,TIER_A,LYRICS_ONLY,v1,missing,missing,1,0,0,original_recording,,
RMVM_S_e1745704dd,"Liên Khúc Trống Vắng,Tình Cờ,Một Thời Đã Xa",Phương Thanh,ART_bae46acd15,BOLERO_TRUTINH,deterministic_mapping,1.0,,,unavailable,data/lyrics/RMVM_S_e1745704dd.txt,verified_local,,unavailable,,missing,TIER_A,LYRICS_ONLY,v1,missing,missing,1,0,0,original_recording,,
RMVM_S_1480a99210,Anh Ước Em Ở Đây,"Lệnh Hồ Khang, Mr. Đùm",ART_456e20dfc0,POP_BALLAD,deterministic_mapping,1.0,,,unavailable,data/lyrics/RMVM_S_1480a99210.txt,verified_local,,unavailable,,missing,TIER_A,LYRICS_ONLY,v1,missing,missing,1,0,0,original_recording,,
RMVM_S_289d3950fb,Than Thở Trong Tim,Khánh Đơn,ART_3057e7080f,POP_BALLAD,deterministic_mapping,1.0,,,unavailable,data/lyrics/RMVM_S_289d3950fb.txt,verified_local,,unavailable,,missing,TIER_A,LYRICS_ONLY,v1,missing,missing,1,0,0,original_recording,,
RMVM_S_3c28af64dc,Hạnh Phúc Vì Có Em,"Anh Đô, Cao Thành Đạt",ART_7bc8b0a4eb,POP_BALLAD,deterministic_mapping,1.0,,,unavailable,data/lyrics/RMVM_S_3c28af64dc.txt,verified_local,,unavailable,,missing,TIER_A,LYRICS_ONLY,v1,missing,missing,1,0,0,original_recording,,
RMVM_S_abe6e8124c,Người Giàu Cũng Điên,Giang Trường,ART_0994a63f86,BOLERO_TRUTINH,deterministic_mapping,1.0,,,unavailable,data/lyrics/RMVM_S_abe6e8124c.txt,verified_local,,unavailable,,missing,TIER_A,LYRICS_ONLY,v1,missing,missing,1,0,0,original_recording,,
RMVM_S_450bd4ad6e,Đổi Người Mình Yêu,Kenvin Tuấn,ART_8e506806fd,POP_BALLAD,deterministic_mapping,1.0,,,unavailable,data/lyrics/RMVM_S_450bd4ad6e.txt,verified_local,,unavailable,,missing,TIER_A,LYRICS_ONLY,v1,missing,missing,1,0,0,original_recording,,
RMVM_S_555d544beb,Anh Van Cu Lo,JSOL,ART_b536762276,POP_BALLAD,deterministic_mapping,1.0,,,unavailable,data/lyrics/RMVM_S_555d544beb.txt,verified_local,,unavailable,,missing,TIER_A,LYRICS_ONLY,v1,missing,missing,1,0,0,original_recording,,
RMVM_S_f64d558ce0,Cuộc Đời Anh Chỉ Cần Như Vậy,Nguyễn Bảo Linh,ART_310be3a81c,POP_BALLAD,deterministic_mapping,1.0,,,unavailable,data/lyrics/RMVM_S_f64d558ce0.txt,verified_local,,unavailable,,missing,TIER_A,LYRICS_ONLY,v1,missing,missing,1,0,0,original_recording,,
RMVM_S_4fee4f44d7,Hát Về Người Cảnh Sát Bảo Vệ Mục Tiêu,Đình Bình,ART_9fba9285bb,POP_BALLAD,deterministic_mapping,1.0,,,unavailable,data/lyrics/RMVM_S_4fee4f44d7.txt,verified_local,,unavailable,,missing,TIER_A,LYRICS_ONLY,v1,missing,missing,1,0,0,original_recording,,
RMVM_S_19fe9159af,Trái Tim Yếu Đuối,Thúy Vân,ART_5baa83d5a8,POP_BALLAD,deterministic_mapping,1.0,,,unavailable,data/lyrics/RMVM_S_19fe9159af.txt,verified_local,,unavailable,,missing,TIER_A,LYRICS_ONLY,v1,missing,missing,1,0,0,original_recording,,
RMVM_MB_67922b4dff,Giấc ngủ đầu nôi,Phi Nhung,ART_33de4125fc,FOLK_TRADITIONAL,musicbrainz_artist_discography,0.85,,,unavailable,,unavailable,,unavailable,1996.0,verified,TIER_B,METADATA_ONLY,v1,verified,verified_crawl,0,0,0,original_recording,,
RMVM_S_b25af1856c,Cố Giấu,Nguyễn Đức Quân,ART_dff77d3e7d,POP_BALLAD,deterministic_mapping,1.0,,,unavailable,data/lyrics/RMVM_S_b25af1856c.txt,verified_local,,unavailable,,missing,TIER_A,LYRICS_ONLY,v1,missing,missing,1,0,0,original_recording,,
RMVM_S_bdc43a464a,Ngày Xưa Anh Nói (New Version),"Vũ Hoàng, Thạch Thảo",ART_98bbd428dd,BOLERO_TRUTINH,deterministic_mapping,1.0,,,unavailable,data/lyrics/RMVM_S_bdc43a464a.txt,verified_local,,unavailable,,missing,TIER_A,LYRICS_ONLY,v1,missing,missing,1,0,0,original_recording,,
RMVM_S_362b85158a,Chỉ Sợ Nhớ Nhà,"Vicky Nhung, San V",ART_acef2a8303,POP_BALLAD,deterministic_mapping,1.0,,,unavailable,data/lyrics/RMVM_S_362b85158a.txt,verified_local,,unavailable,,missing,TIER_A,LYRICS_ONLY,v1,missing,missing,1,0,0,original_recording,,
RMVM_S_5c25a841d0,Tình Yêu Đến Mang Theo Mùa Xuân,Nguyễn Khánh Linh,ART_8334d4691f,POP_BALLAD,deterministic_mapping,1.0,,,unavailable,data/lyrics/RMVM_S_5c25a841d0.txt,verified_local,,unavailable,,missing,TIER_A,LYRICS_ONLY,v1,missing,missing,1,0,0,original_recording,,
RMVM_MB_225be5ab22,Thu Hoài,Rhymastic,ART_35ac2077c4,RAP_HIPHOP,musicbrainz_artist_discography,0.85,,,unavailable,,unavailable,,unavailable,2024.0,verified,TIER_B,METADATA_ONLY,v1,verified,verified_crawl,0,0,0,original_recording,,
RMVM_S_4c47c68647,Bản Tình Ca Tuyết Trắng,Đỗ Thụy Khanh,ART_41f74c7687,POP_BALLAD,deterministic_mapping,1.0,,,unavailable,data/lyrics/RMVM_S_4c47c68647.txt,verified_local,,unavailable,,missing,TIER_A,LYRICS_ONLY,v1,missing,missing,1,0,0,original_recording,,
RMVM_MB_1ae47c4839,Bài không tên số 8,Trần Thái Hòa,ART_1b610001da,NHAC_TRINH,musicbrainz_artist_discography,0.85,,,unavailable,,unavailable,,unavailable,2002.0,verified,TIER_B,METADATA_ONLY,v1,verified,verified_crawl,0,0,0,original_recording,,
RMVM_MB_aa38ae9943,Những ánh sao đêm,Đăng Dương,ART_cbdf1167c1,REVOLUTIONARY,musicbrainz_artist_discography,0.85,,,unavailable,,unavailable,,unavailable,2010.0,verified,TIER_B,METADATA_ONLY,v1,verified,verified_crawl,0,0,0,original_recording,,
RMVM_S_b8ab6b3b5a,Anh Của Hiện Tại,Kayshi,ART_2fc5f26614,RAP_HIPHOP,deterministic_mapping,1.0,,,unavailable,data/lyrics/RMVM_S_b8ab6b3b5a.txt,verified_local,data/covers/RMVM_S_b8ab6b3b5a.jpg,verified_local,,missing,TIER_A,LYRICS_COVER,v1,missing,missing,1,1,0,original_recording,,
RMVM_S_30276833c6,Tình Đơn Phương 3 (Rumba),"Bảo Trân Đặng, CT",ART_60d23a1653,POP_BALLAD,deterministic_mapping,1.0,,,unavailable,data/lyrics/RMVM_S_30276833c6.txt,verified_local,,unavailable,,missing,TIER_A,LYRICS_ONLY,v1,missing,missing,1,0,0,original_recording,,
RMVM_MB_aae52edd80,Nói Thương Nhau Đừng Làm Trái Tim Em Đau,Bích Phượng,ART_b6ef58448b,REVOLUTIONARY,musicbrainz_artist_discography,0.85,,,unavailable,,unavailable,,unavailable,2018.0,verified,TIER_B,METADATA_ONLY,v1,verified,verified_crawl,0,0,0,original_recording,,
RMVM_S_4510b57bc4,Như Lần Đầu,Nguyên Hà,ART_2f3e4cb8ac,POP_BALLAD,deterministic_mapping,1.0,,,unavailable,data/lyrics/RMVM_S_4510b57bc4.txt,verified_local,,unavailable,,missing,TIER_A,LYRICS_ONLY,v1,missing,missing,1,0,0,original_recording,,
RMVM_S_d8ece71f1f,Vườn Yêu,Don Hồ,ART_7a15955a82,INSTRUMENTAL,source_tag_verification,0.85,,,unavailable,data/lyrics/RMVM_S_d8ece71f1f.txt,verified_local,,unavailable,,missing,TIER_B,LYRICS_ONLY,v1,missing,missing,1,0,0,original_recording,,
RMVM_S_884f63567c,Giờ Đã Không Còn Nữa,Trần Thắng,ART_d38e0d5ba6,BOLERO_TRUTINH,deterministic_mapping,1.0,,,unavailable,data/lyrics/RMVM_S_884f63567c.txt,verified_local,,unavailable,,missing,TIER_A,LYRICS_ONLY,v1,missing,missing,1,0,0,original_recording,,
RMVM_S_0e3602c365,Bởi Vì Thế,Minh Trang LyLy,ART_7d94943583,POP_BALLAD,deterministic_mapping,1.0,,,unavailable,data/lyrics/RMVM_S_0e3602c365.txt,verified_local,,unavailable,,missing,TIER_A,LYRICS_ONLY,v1,missing,missing,1,0,0,original_recording,,
RMVM_S_0a720c0628,Em Đi Vía Bà,Hà Phương,ART_a9590e894b,BOLERO_TRUTINH,deterministic_mapping,1.0,,,unavailable,data/lyrics/RMVM_S_0a720c0628.txt,verified_local,,unavailable,,missing,TIER_A,LYRICS_ONLY,v1,missing,missing,1,0,0,original_recording,,
RMVM_S_10c2266a3e,Những Gì Đẹp Nhất,"Lam Anh, Trần Thái Hòa",ART_3cecc8d665,INSTRUMENTAL,source_tag_verification,0.85,,,unavailable,data/lyrics/RMVM_S_10c2266a3e.txt,verified_local,,unavailable,,missing,TIER_B,LYRICS_ONLY,v1,missing,missing,1,0,0,original_recording,,
RMVM_S_f183ff990e,Người Đó Không Phải Anh,Thành Tâm,ART_5a25dbc4f7,POP_BALLAD,deterministic_mapping,1.0,,,unavailable,data/lyrics/RMVM_S_f183ff990e.txt,verified_local,,unavailable,,missing,TIER_A,LYRICS_ONLY,v1,missing,missing,1,0,0,original_recording,,
RMVM_S_87c8d2f0af,Ướt Lem Chữ Đời,Ân Thiên Vỹ,ART_a7e34b8ed2,BOLERO_TRUTINH,deterministic_mapping,1.0,,,unavailable,data/lyrics/RMVM_S_87c8d2f0af.txt,verified_local,,unavailable,,missing,TIER_A,LYRICS_ONLY,v1,missing,missing,1,0,0,original_recording,,
RMVM_S_c0cdd75c2d,Vì Sao Cha Ơi,"Luw D, Khả Như",ART_da3bb0c24b,POP_BALLAD,deterministic_mapping,1.0,,,unavailable,data/lyrics/RMVM_S_c0cdd75c2d.txt,verified_local,,unavailable,,missing,TIER_A,LYRICS_ONLY,v1,missing,missing,1,0,0,original_recording,,
RMVM_S_9c534a340c,Đồng Tiền,"Lee Ken, LPT",ART_c55ce8140d,POP_BALLAD,deterministic_mapping,1.0,,,unavailable,data/lyrics/RMVM_S_9c534a340c.txt,verified_local,,unavailable,,missing,TIER_A,LYRICS_ONLY,v1,missing,missing,1,0,0,original_recording,,
RMVM_S_5b0d58b3b1,Chắc Em Đã Quên Rồi (Thazh x Đông Remix),"HHD, Quang Chợ Lầm",ART_8c30b3662e,DANCE_EDM,deterministic_mapping,1.0,,,unavailable,data/lyrics/RMVM_S_5b0d58b3b1.txt,verified_local,,unavailable,,missing,TIER_A,LYRICS_ONLY,v1,missing,missing,1,0,0,original_recording,,
RMVM_S_0cc24bb5b1,Happy Birthday Tuổi Mới,Nhật Kim Anh,ART_8f5deabde4,POP_BALLAD,deterministic_mapping,1.0,,,unavailable,data/lyrics/RMVM_S_0cc24bb5b1.txt,verified_local,data/covers/RMVM_S_0cc24bb5b1.jpg,verified_local,,missing,TIER_A,LYRICS_COVER,v1,missing,missing,1,1,0,original_recording,,
RMVM_S_c75868021f,"Anh Đã Yên Bình, Tôi Biết Thương Mình",Phạm Quỳnh Anh,ART_0286661a69,POP_BALLAD,deterministic_mapping,1.0,,,unavailable,data/lyrics/RMVM_S_c75868021f.txt,verified_local,,unavailable,,missing,TIER_A,LYRICS_ONLY,v1,missing,missing,1,0,0,original_recording,,
RMVM_S_1574933850,Cho Vơi Nhẹ Lòng,Ngô Kiến Huy,ART_21b3df1bba,RB_SOUL,deterministic_mapping,1.0,,,unavailable,data/lyrics/RMVM_S_1574933850.txt,verified_local,,unavailable,,missing,TIER_A,LYRICS_ONLY,v1,missing,missing,1,0,0,original_recording,,
RMVM_S_e0e5fbe74f,Chúng Ta Không Thể Yêu Thêm Lần Nữa (Prod. Vic),Kidz,ART_e701696252,POP_BALLAD,deterministic_mapping,1.0,,,unavailable,data/lyrics/RMVM_S_e0e5fbe74f.txt,verified_local,,unavailable,,missing,TIER_A,LYRICS_ONLY,v1,missing,missing,1,0,0,original_recording,,
RMVM_S_7953e5ef96,Cha Ơi (Beat),David Tuấn Anh,ART_ac1cbf128b,FOLK_TRADITIONAL,deterministic_mapping,1.0,,,unavailable,data/lyrics/RMVM_S_7953e5ef96.txt,verified_local,,unavailable,,missing,TIER_A,LYRICS_ONLY,v1,missing,missing,1,0,0,original_recording,,
RMVM_MB_99ca435889,Màu Áo Học Trò (Extended ver.),7UPPERCUTS,ART_795d93f942,ROCK,musicbrainz_artist_discography,0.85,,,unavailable,,unavailable,,unavailable,2019.0,verified,TIER_B,METADATA_ONLY,v1,verified,verified_crawl,0,0,0,original_recording,,
RMVM_S_7393f100f4,Bình Yên Nhé,Hoàng Duyên,ART_c470a55db0,POP_BALLAD,deterministic_mapping,1.0,,,unavailable,data/lyrics/RMVM_S_7393f100f4.txt,verified_local,,unavailable,,missing,TIER_A,LYRICS_ONLY,v1,missing,missing,1,0,0,original_recording,,
RMVM_S_2dde85b36e,Cậu Đã Có Người Yêu Chưa,Ahn,ART_5a88054d92,POP_BALLAD,deterministic_mapping,0.85,,,unavailable,,unavailable,,unavailable,,missing,TIER_B,METADATA_ONLY,v1,missing,missing,0,0,0,original_recording,,
RMVM_MB_63807320a7,Chỉ Cần Em Muốn,Kimmese,ART_9b77c3bf9e,RB_SOUL,musicbrainz_artist_discography,0.85,,,unavailable,,unavailable,,unavailable,2026.0,verified,TIER_B,METADATA_ONLY,v1,verified,verified_crawl,0,0,0,original_recording,,
RMVM_MB_f70ac279ac,Kieu,Kim Sinh,ART_cf792f0e13,INSTRUMENTAL,musicbrainz_artist_discography,0.85,,,unavailable,,unavailable,,unavailable,1992.0,verified,TIER_B,METADATA_ONLY,v1,verified,verified_crawl,0,0,0,original_recording,,
RMVM_S_4821bd8dfd,Ngày Nắng Đẹp,DANHKA,ART_dfdc786843,RAP_HIPHOP,deterministic_mapping,1.0,,,unavailable,data/lyrics/RMVM_S_4821bd8dfd.txt,verified_local,data/covers/RMVM_S_4821bd8dfd.jpg,verified_local,,missing,TIER_A,LYRICS_COVER,v1,missing,missing,1,1,0,original_recording,,
RMVM_S_600ed6e713,Chúc Ngủ Ngon,"Thu Minh, Việt Quang",ART_c32eadf3bf,BOLERO_TRUTINH,deterministic_mapping,1.0,,,unavailable,data/lyrics/RMVM_S_600ed6e713.txt,verified_local,,unavailable,,missing,TIER_A,LYRICS_ONLY,v1,missing,missing,1,0,0,original_recording,,
RMVM_S_76ed3eb470,TÌnh Thương Mến Thương (WRC REMIX),"ZIN MEDIA, Minh Giang, Trường Lê",ART_844943a3f2,DANCE_EDM,deterministic_mapping,1.0,,,unavailable,data/lyrics/RMVM_S_76ed3eb470.txt,verified_local,,unavailable,,missing,TIER_A,LYRICS_ONLY,v1,missing,missing,1,0,0,original_recording,,
RMVM_S_bb83e0b6eb,Giấc Mơ Hồng,AXN,ART_625fa0bfdb,POP_BALLAD,deterministic_mapping,1.0,,,unavailable,data/lyrics/RMVM_S_bb83e0b6eb.txt,verified_local,data/covers/RMVM_S_bb83e0b6eb.jpg,verified_local,,missing,TIER_A,LYRICS_COVER,v1,missing,missing,1,1,0,original_recording,,
RMVM_S_00c7953e9f,Phút Yêu Đầu,Thu Minh,ART_cddf8d82c0,BOLERO_TRUTINH,deterministic_mapping,1.0,,,unavailable,data/lyrics/RMVM_S_00c7953e9f.txt,verified_local,,unavailable,,missing,TIER_A,LYRICS_ONLY,v1,missing,missing,1,0,0,original_recording,,
RMVM_S_ae039d072b,Mashup Buồn Thất Tình,Nhiều nghệ sĩ,ART_736b531937,POP_BALLAD,deterministic_mapping,1.0,,,unavailable,data/lyrics/RMVM_S_ae039d072b.txt,verified_local,,unavailable,,missing,TIER_A,LYRICS_ONLY,v1,missing,missing,1,0,0,original_recording,,
RMVM_S_f7e0f314b2,Đôi Mắt Thiên Thần,Cường Seven,ART_1003f71df6,POP_BALLAD,deterministic_mapping,1.0,,,unavailable,data/lyrics/RMVM_S_f7e0f314b2.txt,verified_local,,unavailable,,missing,TIER_A,LYRICS_ONLY,v1,missing,missing,1,0,0,original_recording,,
RMVM_S_f6aa20a8f2,Bông Màu Tím,"Thanh Ngân, Gia Tiến",ART_e71637f8e2,POP_BALLAD,deterministic_mapping,1.0,,,unavailable,data/lyrics/RMVM_S_f6aa20a8f2.txt,verified_local,data/covers/RMVM_S_f6aa20a8f2.jpg,verified_local,,missing,TIER_A,LYRICS_COVER,v1,missing,missing,1,1,0,original_recording,,
RMVM_MB_22f1a94553,Còn mãi mùa đông,Ngọc Huyền,ART_47d6821a96,FOLK_TRADITIONAL,musicbrainz_artist_discography,0.85,,,unavailable,,unavailable,,unavailable,,missing,TIER_B,METADATA_ONLY,v1,missing,missing,0,0,0,original_recording,,
RMVM_S_006a249eab,Tình Một Hướng,Minh Tâm MiTa,ART_70e587f96a,POP_BALLAD,deterministic_mapping,1.0,,,unavailable,data/lyrics/RMVM_S_006a249eab.txt,verified_local,data/covers/RMVM_S_006a249eab.jpg,verified_local,,missing,TIER_A,LYRICS_COVER,v1,missing,missing,1,1,0,original_recording,,
RMVM_MB_35d90b0cd8,Interlude 2 - Lời Nhắn Từ Thính Giả,Low G,ART_1457f41cd8,RAP_HIPHOP,musicbrainz_artist_discography,0.85,,,unavailable,,unavailable,,unavailable,2025.0,verified,TIER_B,METADATA_ONLY,v1,verified,verified_crawl,0,0,0,original_recording,,
RMVM_MB_222c762868,Tình Kỹ Nữ,Ý Lan,ART_47ad458977,NHAC_TRINH,musicbrainz_artist_discography,0.85,,,unavailable,,unavailable,,unavailable,1998.0,verified,TIER_B,METADATA_ONLY,v1,verified,verified_crawl,0,0,0,original_recording,,
RMVM_MB_b6c3ea6511,Kiếp đam mê,Quang Linh,ART_3a6003b287,FOLK_TRADITIONAL,musicbrainz_artist_discography,0.85,,,unavailable,,unavailable,,unavailable,2006.0,verified,TIER_B,METADATA_ONLY,v1,verified,verified_crawl,0,0,0,original_recording,,
RMVM_MB_f81ac3eef9,Mảnh Ghép Đã Vỡ,Minh Vương,ART_647daac8f6,FOLK_TRADITIONAL,musicbrainz_artist_discography,0.85,,,unavailable,,unavailable,,unavailable,2024.0,verified,TIER_B,METADATA_ONLY,v1,verified,verified_crawl,0,0,0,original_recording,,
RMVM_S_732c7f14e5,Mashup Kẻ Cắp Trái Tim - Trái Tim Hoang Đường,Vũ Uyên Nhi,ART_89886758cc,POP_BALLAD,vietlyrics_curated,0.95,,,missing_unmaterialized,,missing,,missing,,missing,TIER_A,XXX,v2,missing,missing,0,0,0,original_recording,sunbv56_song_dataset+vietlyrics,ZW9A9ZIO
RMVM_S_8e856d7a81,Nát Ruột Chia Tay,Mai Tiến Đạt,ART_b32a9f66e8,POP_BALLAD,deterministic_mapping,1.0,,,unavailable,data/lyrics/RMVM_S_8e856d7a81.txt,verified_local,,unavailable,,missing,TIER_A,LYRICS_ONLY,v1,missing,missing,1,0,0,original_recording,,
RMVM_S_71e7743b99,Love Pain (Tình Yêu Là Nỗi Đau),Khoi Vu,ART_9f1b627243,POP_BALLAD,deterministic_mapping,1.0,,,unavailable,data/lyrics/RMVM_S_71e7743b99.txt,verified_local,,unavailable,,missing,TIER_A,LYRICS_ONLY,v1,missing,missing,1,0,0,original_recording,,
RMVM_S_eb80bb0f92,Avemaria Con Dâng Lời Chào Mẹ,Lm. Quang Lâm,ART_131de67c02,OTHER,curated_out_of_taxonomy,0.9,Religious / Sacred spiritual Vietnamese music,,unavailable,,unavailable,data/covers/RMVM_S_eb80bb0f92.jpg,verified_local,,missing,TIER_B,COVER_ONLY,v1,missing,missing,0,1,0,original_recording,,
RMVM_S_8d65394b01,Gặp Được Nhau,"Hồ Việt Trung, Saka Trương Tuyền",ART_cda2a5dfb3,POP_BALLAD,deterministic_mapping,1.0,,,unavailable,data/lyrics/RMVM_S_8d65394b01.txt,verified_local,,unavailable,,missing,TIER_A,LYRICS_ONLY,v1,missing,missing,1,0,0,original_recording,,
RMVM_MB_ab00cb0ad8,Vọng vu lan,Bảo Yến,ART_43fbb5fa06,NHAC_TRINH,musicbrainz_artist_discography,0.85,,,unavailable,,unavailable,,unavailable,2015.0,verified,TIER_B,METADATA_ONLY,v1,verified,verified_crawl,0,0,0,original_recording,,
RMVM_S_8b63309fda,Cây đàn bỏ quên,Vũ Khanh,ART_effa65f1ce,BOLERO_TRUTINH,deterministic_mapping,1.0,,,unavailable,data/lyrics/RMVM_S_8b63309fda.txt,verified_local,,unavailable,,missing,TIER_A,LYRICS_ONLY,v1,missing,missing,1,0,0,original_recording,,
RMVM_S_e4dcefec57,Đoạn Kết Cho Tình Yêu,Đỗ Minh Quân,ART_0c629416a2,POP_BALLAD,deterministic_mapping,1.0,,,unavailable,data/lyrics/RMVM_S_e4dcefec57.txt,verified_local,,unavailable,,missing,TIER_A,LYRICS_ONLY,v1,missing,missing,1,0,0,original_recording,,
RMVM_S_ce031cee76,Người Thương Là Kẻ Phản Bội,"Nguyễn Phú Quí, Lê Công Nguyên Khải",ART_755edfd691,POP_BALLAD,deterministic_mapping,1.0,,,unavailable,data/lyrics/RMVM_S_ce031cee76.txt,verified_local,data/covers/RMVM_S_ce031cee76.jpg,verified_local,,missing,TIER_A,LYRICS_COVER,v1,missing,missing,1,1,0,original_recording,,
RMVM_S_22bc97d4b7,Đừng Ghen Em Nhé,Nguyên Vũ,ART_d4afdf558c,POP_BALLAD,deterministic_mapping,1.0,,,unavailable,data/lyrics/RMVM_S_22bc97d4b7.txt,verified_local,,unavailable,,missing,TIER_A,LYRICS_ONLY,v1,missing,missing,1,0,0,original_recording,,
RMVM_S_ac6b8987c9,Anh Chưa Từng Quên,Nhiều nghệ sĩ,ART_736b531937,POP_BALLAD,deterministic_mapping,1.0,,,unavailable,data/lyrics/RMVM_S_ac6b8987c9.txt,verified_local,,unavailable,,missing,TIER_A,LYRICS_ONLY,v1,missing,missing,1,0,0,original_recording,,
RMVM_S_ef6cd39f96,10 Năm Anh Vẫn Hát Lời Tình Yêu,Nguyễn Hậu,ART_afb1be888c,POP_BALLAD,deterministic_mapping,1.0,,,unavailable,,unavailable,data/covers/RMVM_S_ef6cd39f96.jpg,verified_local,,missing,TIER_A,COVER_ONLY,v1,missing,missing,0,1,0,original_recording,,
RMVM_S_44639baa42,Cố Gắng Quên Một Người,Dương Quang Thuật,ART_d0240845ed,POP_BALLAD,deterministic_mapping,1.0,,,unavailable,data/lyrics/RMVM_S_44639baa42.txt,verified_local,data/covers/RMVM_S_44639baa42.jpg,verified_local,,missing,TIER_A,LYRICS_COVER,v1,missing,missing,1,1,0,original_recording,,
RMVM_S_d29125213a,Em Nhớ Anh Nhiều,Cẩm Ly,ART_310ca7b279,POP_BALLAD,deterministic_mapping,1.0,,,unavailable,data/lyrics/RMVM_S_d29125213a.txt,verified_local,,unavailable,2006.0,verified,TIER_A,LYRICS_ONLY,v1,verified,verified_crawl,1,0,0,original_recording,,
RMVM_MB_6db3eb9f8d,Hoa Ban trắng,Bức Tường,ART_376d48d912,ROCK,musicbrainz_artist_discography,0.85,,,unavailable,,unavailable,,unavailable,2010.0,verified,TIER_B,METADATA_ONLY,v1,verified,verified_crawl,0,0,0,original_recording,,
RMVM_S_8776698117,Kết Thúc Ngơ Ngác (Piano Version),Lynn,ART_032b5b2c60,POP_BALLAD,deterministic_mapping,1.0,,,unavailable,data/lyrics/RMVM_S_8776698117.txt,verified_local,,unavailable,,missing,TIER_A,LYRICS_ONLY,v1,missing,missing,1,0,0,original_recording,,
RMVM_MB_dccfc2c9e7,Bến đợi,Tân Nhàn,ART_bde6d9dd7d,REVOLUTIONARY,musicbrainz_artist_discography,0.85,,,unavailable,,unavailable,,unavailable,2013.0,verified,TIER_B,METADATA_ONLY,v1,verified,verified_crawl,0,0,0,original_recording,,
RMVM_S_97e66a7f99,Cảm Ơn Kẻ Thứ Ba,Lâm Triệu Minh,ART_8acf61bc85,BOLERO_TRUTINH,deterministic_mapping,1.0,,,unavailable,data/lyrics/RMVM_S_97e66a7f99.txt,verified_local,,unavailable,,missing,TIER_A,LYRICS_ONLY,v1,missing,missing,1,0,0,original_recording,,
RMVM_S_6e307ad698,Sài Gòn Buồn Quá Em Ơi (Jazzhop),"Dế Choắt, Jason",ART_2b0fbe72ba,POP_BALLAD,deterministic_mapping,0.85,,,unavailable,,unavailable,,unavailable,,missing,TIER_B,METADATA_ONLY,v1,missing,missing,0,0,0,original_recording,,
RMVM_S_fea21aa089,Đêm Vô Cùng,Trần Thu Hà,ART_3a9bb5e6bc,BOLERO_TRUTINH,deterministic_mapping,1.0,,,unavailable,data/lyrics/RMVM_S_fea21aa089.txt,verified_local,,unavailable,,missing,TIER_A,LYRICS_ONLY,v1,missing,missing,1,0,0,original_recording,,
RMVM_S_7bdb1e9b0d,Sự Tích Cọp Lông Vằn,Bé Hiển Thông,ART_e18713999a,CHILDREN,deterministic_mapping,1.0,,,unavailable,data/lyrics/RMVM_S_7bdb1e9b0d.txt,verified_local,,unavailable,,missing,TIER_A,LYRICS_ONLY,v1,missing,missing,1,0,0,original_recording,,
RMVM_S_6da2233fb7,Có Thế Thôi,Chế Minh,ART_e9b5752011,BOLERO_TRUTINH,deterministic_mapping,1.0,,,unavailable,data/lyrics/RMVM_S_6da2233fb7.txt,verified_local,,unavailable,,missing,TIER_A,LYRICS_ONLY,v1,missing,missing,1,0,0,original_recording,,
RMVM_S_97e94a96e6,Em Sai Rồi Anh Xin Lỗi Em Đi,Chi Pu,ART_0b7082e18b,POP_BALLAD,deterministic_mapping,1.0,,,unavailable,data/lyrics/RMVM_S_97e94a96e6.txt,verified_local,,unavailable,,missing,TIER_A,LYRICS_ONLY,v1,missing,missing,1,0,0,original_recording,,
RMVM_S_df82af2350,LK Về Quê 2,"Lê Sang, Giáng Tiên",ART_b04abae78b,FOLK_TRADITIONAL,deterministic_mapping,1.0,,,unavailable,data/lyrics/RMVM_S_df82af2350.txt,verified_local,,unavailable,,missing,TIER_A,LYRICS_ONLY,v1,missing,missing,1,0,0,original_recording,,
RMVM_S_06955ae404,Giọt Lệ Anh Rơi,"Vũ Đình Hiếu, Đặng Quang Huy",ART_86b6f49c16,POP_BALLAD,deterministic_mapping,1.0,,,unavailable,data/lyrics/RMVM_S_06955ae404.txt,verified_local,,unavailable,,missing,TIER_A,LYRICS_ONLY,v1,missing,missing,1,0,0,original_recording,,
RMVM_S_5bcf95fa2f,Gái Già Lắm Chiều Explosive mix,Sĩ Thanh,ART_2f43c0c1d9,POP_BALLAD,deterministic_mapping,1.0,,,unavailable,data/lyrics/RMVM_S_5bcf95fa2f.txt,verified_local,,unavailable,,missing,TIER_A,LYRICS_ONLY,v1,missing,missing,1,0,0,original_recording,,
RMVM_S_074b230dd9,Ai Gieo Thương Nhớ,Quách Tuấn Du,ART_9485266b7d,POP_BALLAD,deterministic_mapping,1.0,,,unavailable,data/lyrics/RMVM_S_074b230dd9.txt,verified_local,,unavailable,,missing,TIER_A,LYRICS_ONLY,v1,missing,missing,1,0,0,original_recording,,
RMVM_S_b5e0d2fa3a,Đêm Sầu Đời,Hoàng Lâm,ART_d8de3ca976,BOLERO_TRUTINH,deterministic_mapping,1.0,,,unavailable,data/lyrics/RMVM_S_b5e0d2fa3a.txt,verified_local,data/covers/RMVM_S_b5e0d2fa3a.jpg,verified_local,,missing,TIER_A,LYRICS_COVER,v1,missing,missing,1,1,0,original_recording,,
RMVM_S_3fe73298f9,Dằm Trong Tim,Bạch Công Khanh,ART_4699a16cc7,POP_BALLAD,deterministic_mapping,1.0,,,unavailable,data/lyrics/RMVM_S_3fe73298f9.txt,verified_local,data/covers/RMVM_S_3fe73298f9.jpg,verified_local,,missing,TIER_A,LYRICS_COVER,v1,missing,missing,1,1,0,original_recording,,
RMVM_S_6ac3f3af9f,Tình Đã Phai,Lưu Bích,ART_4c4952faa8,POP_BALLAD,deterministic_mapping,1.0,,,unavailable,data/lyrics/RMVM_S_6ac3f3af9f.txt,verified_local,,unavailable,,missing,TIER_A,LYRICS_ONLY,v1,missing,missing,1,0,0,original_recording,,
RMVM_S_821a98714f,Bỉ Ngạn,Aiden,ART_baaf2d2a11,POP_BALLAD,deterministic_mapping,1.0,,,unavailable,data/lyrics/RMVM_S_821a98714f.txt,verified_local,,unavailable,,missing,TIER_A,LYRICS_ONLY,v1,missing,missing,1,0,0,original_recording,,
RMVM_S_f20b74e425,Chút Thư Tình Người Lính Biển,Quang Hà,ART_ec331abb47,REVOLUTIONARY,deterministic_mapping,1.0,,,unavailable,data/lyrics/RMVM_S_f20b74e425.txt,verified_local,,unavailable,,missing,TIER_A,LYRICS_ONLY,v1,missing,missing,1,0,0,original_recording,,
RMVM_S_ca77030612,Vài Lời Muốn Nói,"Aimy, T-Son, Hiếu B",ART_3a7a93af23,POP_BALLAD,deterministic_mapping,1.0,,,unavailable,data/lyrics/RMVM_S_ca77030612.txt,verified_local,,unavailable,,missing,TIER_A,LYRICS_ONLY,v1,missing,missing,1,0,0,original_recording,,
RMVM_S_93d23335dd,Lỗi Của Anh,"Lê Vương, Quang Tùng",ART_13dbdcdbec,POP_BALLAD,deterministic_mapping,1.0,,,unavailable,data/lyrics/RMVM_S_93d23335dd.txt,verified_local,,unavailable,,missing,TIER_A,LYRICS_ONLY,v1,missing,missing,1,0,0,original_recording,,
RMVM_S_ad50173ebb,Hết Rồi,Chí Thành Danh,ART_e302e93612,POP_BALLAD,deterministic_mapping,1.0,,,unavailable,data/lyrics/RMVM_S_ad50173ebb.txt,verified_local,,unavailable,,missing,TIER_A,LYRICS_ONLY,v1,missing,missing,1,0,0,original_recording,,
RMVM_S_c13e427d86,Đời Như Áng Mây,"Đoàn Lâm, CT",ART_e7d86783fa,POP_BALLAD,deterministic_mapping,1.0,,,unavailable,,unavailable,data/covers/RMVM_S_c13e427d86.jpg,verified_local,,missing,TIER_A,COVER_ONLY,v1,missing,missing,0,1,0,original_recording,,
RMVM_S_7f7734624a,Nắng Ấm Xa Dần (Onionn Remix),Sơn Tùng M-TP,ART_8f722c4f53,DANCE_EDM,deterministic_mapping,1.0,,,unavailable,data/lyrics/RMVM_S_7f7734624a.txt,verified_local,,unavailable,,missing,TIER_A,LYRICS_ONLY,v1,missing,missing,1,0,0,original_recording,,
RMVM_S_00ac57ce96,Bài Ngợi Ca Quê Hương,Uyên Trang,ART_2b3ec29762,BOLERO_TRUTINH,deterministic_mapping,1.0,,,unavailable,data/lyrics/RMVM_S_00ac57ce96.txt,verified_local,,unavailable,,missing,TIER_A,LYRICS_ONLY,v1,missing,missing,1,0,0,original_recording,,
RMVM_S_a33bab210d,Duyên Đành Lỡ Hẹn,Thanh Bình,ART_c5a6e2b1f2,POP_BALLAD,deterministic_mapping,1.0,,,unavailable,data/lyrics/RMVM_S_a33bab210d.txt,verified_local,,unavailable,,missing,TIER_A,LYRICS_ONLY,v1,missing,missing,1,0,0,original_recording,,
RMVM_S_ebba23ec07,Chỉ Cần Đi Với Nhau,Linh Cáo,ART_efdab3411b,POP_BALLAD,deterministic_mapping,1.0,,,unavailable,data/lyrics/RMVM_S_ebba23ec07.txt,verified_local,,unavailable,,missing,TIER_A,LYRICS_ONLY,v1,missing,missing,1,0,0,original_recording,,
RMVM_S_c63c1fc095,Gió Ngựa Trên Đồi Cỏ Non,Võ Minh Lê,ART_4a80ecbc64,POP_BALLAD,deterministic_mapping,1.0,,,unavailable,data/lyrics/RMVM_S_c63c1fc095.txt,verified_local,,unavailable,,missing,TIER_A,LYRICS_ONLY,v1,missing,missing,1,0,0,original_recording,,
RMVM_S_b8a37ac8fd,Anh Để Đây Và Không Nói Gì,"Trương Ngôn, Nguyễn Khánh Sang",ART_41fa9f3c1e,POP_BALLAD,deterministic_mapping,1.0,,,unavailable,data/lyrics/RMVM_S_b8a37ac8fd.txt,verified_local,,unavailable,,missing,TIER_A,LYRICS_ONLY,v1,missing,missing,1,0,0,original_recording,,
RMVM_S_6a5f052619,052 (Không Phai 2),Tăng Duy Tân,ART_affec4d0ca,POP_BALLAD,deterministic_mapping,1.0,,,unavailable,data/lyrics/RMVM_S_6a5f052619.txt,verified_local,data/covers/RMVM_S_6a5f052619.jpg,verified_local,,missing,TIER_A,LYRICS_COVER,v1,missing,missing,1,1,0,original_recording,,
RMVM_S_63bbe21a22,Em Nơi Đây Vẫn Chờ,Phạm Thanh Thảo,ART_76b3eb7b40,POP_BALLAD,deterministic_mapping,1.0,,,unavailable,data/lyrics/RMVM_S_63bbe21a22.txt,verified_local,,unavailable,,missing,TIER_A,LYRICS_ONLY,v1,missing,missing,1,0,0,original_recording,,
RMVM_S_f9d7cffec7,Con Đường Tình Ta Đi & Trả Lại Em Yêu,"Ái Vân, Duy Quang",ART_2aa2cee34b,INSTRUMENTAL,source_tag_verification,0.85,,,unavailable,data/lyrics/RMVM_S_f9d7cffec7.txt,verified_local,data/covers/RMVM_S_f9d7cffec7.jpg,verified_local,,missing,TIER_B,LYRICS_COVER,v1,missing,missing,1,1,0,original_recording,,
RMVM_S_7fa24fbd61,ĐOẠN TÁI BÚT (LOFI VERSION),Bùi Phi Long,ART_725ffd36a2,BOLERO_TRUTINH,deterministic_mapping,1.0,,,unavailable,data/lyrics/RMVM_S_7fa24fbd61.txt,verified_local,,unavailable,,missing,TIER_A,LYRICS_ONLY,v1,missing,missing,1,0,0,original_recording,,
RMVM_S_1a5e3d7b91,Chúa sống trong tôi suốt đời,Isaac Thái,ART_84028ff2d2,OTHER,curated_out_of_taxonomy,0.9,Religious / Sacred spiritual Vietnamese music,,unavailable,,unavailable,,unavailable,,missing,TIER_B,METADATA_ONLY,v1,missing,missing,0,0,0,original_recording,,
RMVM_S_8a412eb7ac,Cánh Bướm Dối Gian,Phí Phương Anh,ART_433277096a,POP_BALLAD,deterministic_mapping,1.0,,,unavailable,data/lyrics/RMVM_S_8a412eb7ac.txt,verified_local,data/covers/RMVM_S_8a412eb7ac.jpg,verified_local,,missing,TIER_A,LYRICS_COVER,v1,missing,missing,1,1,0,original_recording,,
RMVM_S_f36ee5d3c9,Bạc Như Giấy Trắng,Nhật Kim Anh,ART_8f5deabde4,BOLERO_TRUTINH,deterministic_mapping,1.0,,,unavailable,data/lyrics/RMVM_S_f36ee5d3c9.txt,verified_local,,unavailable,,missing,TIER_A,LYRICS_ONLY,v1,missing,missing,1,0,0,original_recording,,
RMVM_MB_2fbbae8b53,I Just Wanna Know,Wren Evans,ART_76f842bb32,RB_SOUL,musicbrainz_artist_discography,0.85,,,unavailable,,unavailable,,unavailable,2021.0,verified,TIER_B,METADATA_ONLY,v1,verified,verified_crawl,0,0,0,original_recording,,
RMVM_S_c650d643f1,Về Bên Anh (SinKra Remix),Jack,ART_4ff9fc6e4e,POP_BALLAD,deterministic_mapping,1.0,,,unavailable,data/lyrics/RMVM_S_c650d643f1.txt,verified_local,,unavailable,,missing,TIER_A,LYRICS_ONLY,v1,missing,missing,1,0,0,original_recording,,
RMVM_S_29171b61ba,Phút Giây Muộn Màng,Bắc San Ho,ART_32c470b3d7,BOLERO_TRUTINH,deterministic_mapping,1.0,,,unavailable,data/lyrics/RMVM_S_29171b61ba.txt,verified_local,,unavailable,,missing,TIER_A,LYRICS_ONLY,v1,missing,missing,1,0,0,original_recording,,
RMVM_S_4114be4348,Tội Thân Em (Remix Version),Diệu Kiên,ART_adc1b56cb1,DANCE_EDM,deterministic_mapping,1.0,,,unavailable,data/lyrics/RMVM_S_4114be4348.txt,verified_local,,unavailable,,missing,TIER_A,LYRICS_ONLY,v1,missing,missing,1,0,0,original_recording,,
RMVM_S_07cda90fb6,Khẽ Thôi Cưng À (Remix) (Beat),Cao Tùng Anh,ART_31b2344e7c,DANCE_EDM,deterministic_mapping,1.0,,,unavailable,data/lyrics/RMVM_S_07cda90fb6.txt,verified_local,,unavailable,,missing,TIER_A,LYRICS_ONLY,v1,missing,missing,1,0,0,original_recording,,
RMVM_S_1e2aff6dcc,Bao Giờ Anh Đau Khổ,Lê Như,ART_0ee2dcc808,BOLERO_TRUTINH,deterministic_mapping,1.0,,,unavailable,data/lyrics/RMVM_S_1e2aff6dcc.txt,verified_local,,unavailable,,missing,TIER_A,LYRICS_ONLY,v1,missing,missing,1,0,0,original_recording,,
RMVM_S_efdebf9851,Nỗi Đau Ai Ngờ (Vinahouse),Minh Vương M4U,ART_6d64de7cb2,DANCE_EDM,deterministic_mapping,1.0,,,unavailable,data/lyrics/RMVM_S_efdebf9851.txt,verified_local,,unavailable,,missing,TIER_A,LYRICS_ONLY,v1,missing,missing,1,0,0,original_recording,,
RMVM_MB_fda568cdfc,Mây xưa,Bảo Yến,ART_43fbb5fa06,NHAC_TRINH,musicbrainz_artist_discography,0.85,,,unavailable,,unavailable,,unavailable,2004.0,verified,TIER_B,METADATA_ONLY,v1,verified,verified_crawl,0,0,0,original_recording,,
RMVM_S_59b3e9b2ab,Người Cô Đơn Lại Càng Cô Đơn,Bằng Cường,ART_92092d6cfb,POP_BALLAD,deterministic_mapping,1.0,,,unavailable,data/lyrics/RMVM_S_59b3e9b2ab.txt,verified_local,,unavailable,,missing,TIER_A,LYRICS_ONLY,v1,missing,missing,1,0,0,original_recording,,
RMVM_S_a4df759f86,Cho Em Xin Thêm 1 Phút,Liz Kim Cương,ART_68919aafb3,POP_BALLAD,deterministic_mapping,1.0,,,unavailable,data/lyrics/RMVM_S_a4df759f86.txt,verified_local,,unavailable,,missing,TIER_A,LYRICS_ONLY,v1,missing,missing,1,0,0,original_recording,,
RMVM_S_4094e790be,Quá Nhiều Vết Thương (Prod. Hải Ma),Double2T,ART_bb47eba39e,POP_BALLAD,deterministic_mapping,1.0,,,unavailable,data/lyrics/RMVM_S_4094e790be.txt,verified_local,data/covers/RMVM_S_4094e790be.jpg,verified_local,,missing,TIER_A,LYRICS_COVER,v1,missing,missing,1,1,0,original_recording,,
RMVM_S_042b6e4385,Nét Buồn Thời Chiến,"Hoàng Dũng, BCLC",ART_8468ed9e1a,POP_BALLAD,deterministic_mapping,1.0,,,unavailable,data/lyrics/RMVM_S_042b6e4385.txt,verified_local,,unavailable,,missing,TIER_A,LYRICS_ONLY,v1,missing,missing,1,0,0,original_recording,,
RMVM_S_ad17d07ba9,Cách Để Quên Em,Tăng Anh Tuấn,ART_3a6c60b80f,POP_BALLAD,deterministic_mapping,1.0,,,unavailable,data/lyrics/RMVM_S_ad17d07ba9.txt,verified_local,,unavailable,,missing,TIER_A,LYRICS_ONLY,v1,missing,missing,1,0,0,original_recording,,
RMVM_MB_1461b30905,Thời gian (instrumental),Thủy Triều Đỏ,ART_fd95027341,ROCK,musicbrainz_artist_discography,0.85,,,unavailable,,unavailable,,unavailable,2003.0,verified,TIER_B,METADATA_ONLY,v1,verified,verified_crawl,0,0,0,original_recording,,
RMVM_MB_927c477882,Người mẹ,Microwave,ART_6cfaeb6caa,ROCK,musicbrainz_artist_discography,0.85,,,unavailable,,unavailable,,unavailable,2009.0,verified,TIER_B,METADATA_ONLY,v1,verified,verified_crawl,0,0,0,original_recording,,
RMVM_S_a9745a53ee,Đừng Lo Anh Đợi Mà,Duongg,ART_4b2dae7d29,POP_BALLAD,deterministic_mapping,1.0,,,unavailable,data/lyrics/RMVM_S_a9745a53ee.txt,verified_local,,unavailable,,missing,TIER_A,LYRICS_ONLY,v1,missing,missing,1,0,0,original_recording,,
RMVM_S_1e502da1eb,Anh Phải Sống Thế Nào,Nhật Phong,ART_da8f5a6669,POP_BALLAD,deterministic_mapping,1.0,,,unavailable,data/lyrics/RMVM_S_1e502da1eb.txt,verified_local,,unavailable,,missing,TIER_A,LYRICS_ONLY,v1,missing,missing,1,0,0,original_recording,,
RMVM_S_c6a433a8c4,Biết Tìm Đâu (Ballad),Ngân Ngân,ART_4155bae4a8,POP_BALLAD,deterministic_mapping,1.0,,,unavailable,data/lyrics/RMVM_S_c6a433a8c4.txt,verified_local,,unavailable,,missing,TIER_A,LYRICS_ONLY,v1,missing,missing,1,0,0,original_recording,,
RMVM_S_4a608d638d,Cho Em Xin Lỗi Đi Mà,LyLy,ART_6d5d22bdb3,POP_BALLAD,deterministic_mapping,1.0,,,unavailable,data/lyrics/RMVM_S_4a608d638d.txt,verified_local,,unavailable,,missing,TIER_A,LYRICS_ONLY,v1,missing,missing,1,0,0,original_recording,,
RMVM_S_0604572bac,Gặp Em Người Yêu Cũ,Mạnh Hakyno,ART_fd676aa17a,POP_BALLAD,deterministic_mapping,1.0,,,unavailable,data/lyrics/RMVM_S_0604572bac.txt,verified_local,data/covers/RMVM_S_0604572bac.jpg,verified_local,,missing,TIER_A,LYRICS_COVER,v1,missing,missing,1,1,0,original_recording,,
RMVM_S_187da18080,Anh Biết Không Anh,"Hoàng Dũng, BCLC",ART_8468ed9e1a,POP_BALLAD,deterministic_mapping,1.0,,,unavailable,,unavailable,data/covers/RMVM_S_187da18080.jpg,verified_local,,missing,TIER_A,COVER_ONLY,v1,missing,missing,0,1,0,original_recording,,
RMVM_S_728ceba892,Dối Lòng Để Hy Vọng,AndyShin,ART_902cc33a81,POP_BALLAD,vietlyrics_curated,0.95,,,missing_unmaterialized,,missing,,missing,,missing,TIER_A,XXX,v2,missing,missing,0,0,0,original_recording,sunbv56_song_dataset+vietlyrics,ZWAFC6II
RMVM_S_a5288d7921,Bỏ Em Vào Balo,"Tân Trần, Freak D",ART_f347c4853f,POP_BALLAD,deterministic_mapping,1.0,,,unavailable,data/lyrics/RMVM_S_a5288d7921.txt,verified_local,,unavailable,,missing,TIER_A,LYRICS_ONLY,v1,missing,missing,1,0,0,original_recording,,
RMVM_S_3d87b8f532,Người Hãy Nói Đi Người Ơi,Nhật Huy,ART_804a4dd778,POP_BALLAD,deterministic_mapping,1.0,,,unavailable,data/lyrics/RMVM_S_3d87b8f532.txt,verified_local,,unavailable,,missing,TIER_A,LYRICS_ONLY,v1,missing,missing,1,0,0,original_recording,,
RMVM_S_39e88d580e,Cần Thơ Yêu Dấu,Trường Kha,ART_abe0f2439b,FOLK_TRADITIONAL,deterministic_mapping,1.0,,,unavailable,data/lyrics/RMVM_S_39e88d580e.txt,verified_local,,unavailable,,missing,TIER_A,LYRICS_ONLY,v1,missing,missing,1,0,0,original_recording,,
RMVM_S_f707678ae8,Khúc Vương Tình (Sinkra x Lee Ken Remix),"Cần Vinh, Lee Ken",ART_0cd7bd7d49,DANCE_EDM,deterministic_mapping,1.0,,,unavailable,data/lyrics/RMVM_S_f707678ae8.txt,verified_local,,unavailable,,missing,TIER_A,LYRICS_ONLY,v1,missing,missing,1,0,0,original_recording,,
RMVM_MB_94fc086517,Thu cô liêu,Ánh Tuyết,ART_d72564b10f,NHAC_TRINH,musicbrainz_artist_discography,0.85,,,unavailable,,unavailable,,unavailable,2004.0,verified,TIER_B,METADATA_ONLY,v1,verified,verified_crawl,0,0,0,original_recording,,
RMVM_S_14586913b8,Một Lần Đớn Đau Vạn Lần Khắc Sâu,Ti KT,ART_ea89512874,POP_BALLAD,deterministic_mapping,1.0,,,unavailable,data/lyrics/RMVM_S_14586913b8.txt,verified_local,data/covers/RMVM_S_14586913b8.jpg,verified_local,,missing,TIER_A,LYRICS_COVER,v1,missing,missing,1,1,0,original_recording,,
RMVM_S_450a1905ee,Niệm Phật Ru Con,Bùi Tuyết Mai,ART_ee032ff0d2,BOLERO_TRUTINH,deterministic_mapping,1.0,,,unavailable,,unavailable,data/covers/RMVM_S_450a1905ee.jpg,verified_local,,missing,TIER_A,COVER_ONLY,v1,missing,missing,0,1,0,original_recording,,
RMVM_S_5fcca3a4e8,Bên Anh Ấy Chắc Tốt Hơn Anh,Lâm Chấn Hải,ART_bde9e20968,POP_BALLAD,deterministic_mapping,1.0,,,unavailable,data/lyrics/RMVM_S_5fcca3a4e8.txt,verified_local,,unavailable,,missing,TIER_A,LYRICS_ONLY,v1,missing,missing,1,0,0,original_recording,,
RMVM_S_9c3c6d6972,Gặp Lại Người Cũ (New Version),Lương Gia Hùng,ART_b70987d85c,POP_BALLAD,deterministic_mapping,1.0,,,unavailable,data/lyrics/RMVM_S_9c3c6d6972.txt,verified_local,,unavailable,,missing,TIER_A,LYRICS_ONLY,v1,missing,missing,1,0,0,original_recording,,
RMVM_S_b4ead8dea8,Anh Vẫn Thế Chẳng Đổi Thay,Gia Bắc,ART_047218566e,BOLERO_TRUTINH,deterministic_mapping,1.0,,,unavailable,,unavailable,data/covers/RMVM_S_b4ead8dea8.jpg,verified_local,,missing,TIER_A,COVER_ONLY,v1,missing,missing,0,1,0,original_recording,,
RMVM_S_3d5005fe2b,Lối Cũ Tôi Về,Lưu Ánh Loan,ART_72a4147195,BOLERO_TRUTINH,deterministic_mapping,1.0,,,unavailable,data/lyrics/RMVM_S_3d5005fe2b.txt,verified_local,,unavailable,,missing,TIER_A,LYRICS_ONLY,v1,missing,missing,1,0,0,original_recording,,
RMVM_S_1a02b1bfa1,Anh Cần Không,Saka Trương Tuyền,ART_3dbd6dca03,POP_BALLAD,deterministic_mapping,1.0,,,unavailable,data/lyrics/RMVM_S_1a02b1bfa1.txt,verified_local,data/covers/RMVM_S_1a02b1bfa1.jpg,verified_local,,missing,TIER_A,LYRICS_COVER,v1,missing,missing,1,1,0,original_recording,,
RMVM_S_97d3ad4958,Yêu Đi Anh Ơi,"Kiều Phạm, RHYDER",ART_4e06da19ae,POP_BALLAD,deterministic_mapping,1.0,,,unavailable,data/lyrics/RMVM_S_97d3ad4958.txt,verified_local,data/covers/RMVM_S_97d3ad4958.jpg,verified_local,,missing,TIER_A,LYRICS_COVER,v1,missing,missing,1,1,0,original_recording,,
RMVM_S_152515035c,Liên Khúc Chuyện Tình Lan Và Điệp,"Đăng Nguyên, Cẩm Như",ART_151c920695,BOLERO_TRUTINH,deterministic_mapping,1.0,,,unavailable,data/lyrics/RMVM_S_152515035c.txt,verified_local,,unavailable,,missing,TIER_A,LYRICS_ONLY,v1,missing,missing,1,0,0,original_recording,,
RMVM_S_5e387d2bfc,Bên Mẹ Là Mùa Xuân,Dương Hồng Loan,ART_ef4a4d3768,BOLERO_TRUTINH,deterministic_mapping,1.0,,,unavailable,data/lyrics/RMVM_S_5e387d2bfc.txt,verified_local,,unavailable,,missing,TIER_A,LYRICS_ONLY,v1,missing,missing,1,0,0,original_recording,,
RMVM_S_22e4241850,Ai Mà Có Hay,Nguyễn Kiều Oanh,ART_b7e491b3a8,POP_BALLAD,deterministic_mapping,1.0,,,unavailable,data/lyrics/RMVM_S_22e4241850.txt,verified_local,,unavailable,,missing,TIER_A,LYRICS_ONLY,v1,missing,missing,1,0,0,original_recording,,
RMVM_MB_df4d5b13a6,Cố đô yêu dấu,Hương Lan,ART_8422601bfe,FOLK_TRADITIONAL,musicbrainz_artist_discography,0.85,,,unavailable,,unavailable,,unavailable,,missing,TIER_B,METADATA_ONLY,v1,missing,missing,0,0,0,original_recording,,
RMVM_MB_e29c288e51,Final Form,Rhymastic,ART_35ac2077c4,RAP_HIPHOP,musicbrainz_artist_discography,0.85,,,unavailable,,unavailable,,unavailable,2025.0,verified,TIER_B,METADATA_ONLY,v1,verified,verified_crawl,0,0,0,original_recording,,
RMVM_S_10b618bc46,Có Thế Thôi Đó,Thu Thủy,ART_d19291be80,POP_BALLAD,deterministic_mapping,1.0,,,unavailable,data/lyrics/RMVM_S_10b618bc46.txt,verified_local,,unavailable,,missing,TIER_A,LYRICS_ONLY,v1,missing,missing,1,0,0,original_recording,,
RMVM_S_2cb2598e01,Cánh Hoa Bên Đường,Phạm Trưởng,ART_4d4476e4b2,POP_BALLAD,deterministic_mapping,1.0,,,unavailable,data/lyrics/RMVM_S_2cb2598e01.txt,verified_local,,unavailable,,missing,TIER_A,LYRICS_ONLY,v1,missing,missing,1,0,0,original_recording,,
RMVM_MB_fb505159f5,Giọt đắng,Bức Tường,ART_376d48d912,ROCK,musicbrainz_artist_discography,0.85,,,unavailable,,unavailable,,unavailable,2002.0,verified,TIER_B,METADATA_ONLY,v1,verified,verified_crawl,0,0,0,original_recording,,
RMVM_MB_f03d88fdb1,Yêu lầm,Phi Nhung,ART_33de4125fc,FOLK_TRADITIONAL,musicbrainz_artist_discography,0.85,,,unavailable,,unavailable,,unavailable,1996.0,verified,TIER_B,METADATA_ONLY,v1,verified,verified_crawl,0,0,0,original_recording,,
RMVM_MB_f5a765933c,Transmigration,Unlimited,ART_958f470d0b,ROCK,musicbrainz_artist_discography,0.85,,,unavailable,,unavailable,,unavailable,2009.0,verified,TIER_B,METADATA_ONLY,v1,verified,verified_crawl,0,0,0,original_recording,,
RMVM_S_44ec610f09,LK Cánh Thiệp Hồng Ngang Trái,"Hoàng Như Ngọc, Cao Phi Long",ART_c7946223ef,BOLERO_TRUTINH,deterministic_mapping,1.0,,,unavailable,,unavailable,data/covers/RMVM_S_44ec610f09.jpg,verified_local,,missing,TIER_A,COVER_ONLY,v1,missing,missing,0,1,0,original_recording,,
RMVM_S_f8f7bea8fe,Cho Nhau Một Lời Hứa (Remix),"Luny Vũ Duy Anh, Luny, Quang Hùng MasterD",ART_8865247943,POP_BALLAD,deterministic_mapping,1.0,,,unavailable,data/lyrics/RMVM_S_f8f7bea8fe.txt,verified_local,data/covers/RMVM_S_f8f7bea8fe.jpg,verified_local,,missing,TIER_A,LYRICS_COVER,v1,missing,missing,1,1,0,original_recording,,
RMVM_S_a121103d5b,THƯƠNG THẦM EM GÁI VĨNH LONG,"Nguyễn Hữu Liệu, Kha Duy - Ngọc Trân",ART_9d2c3e6214,BOLERO_TRUTINH,deterministic_mapping,1.0,,,unavailable,,unavailable,data/covers/RMVM_S_a121103d5b.jpg,verified_local,,missing,TIER_A,COVER_ONLY,v1,missing,missing,0,1,0,original_recording,,
RMVM_S_0221532bd3,Mặt Trời Nơi Mùa Đông,Khánh Phương,ART_a36111936d,POP_BALLAD,deterministic_mapping,1.0,,,unavailable,,unavailable,data/covers/RMVM_S_0221532bd3.jpg,verified_local,,missing,TIER_A,COVER_ONLY,v1,missing,missing,0,1,0,original_recording,,
RMVM_S_038856ee8f,Đã Lỡ Yêu Em Nhiều (CM1X Remix),"CM1X, JustaTee",ART_ac2a2ffd34,POP_BALLAD,deterministic_mapping,1.0,,,unavailable,data/lyrics/RMVM_S_038856ee8f.txt,verified_local,,unavailable,,missing,TIER_A,LYRICS_ONLY,v1,missing,missing,1,0,0,original_recording,,
RMVM_S_3926d38ff0,Hay Là Mình Quay Về Với Nhau,Khang Dương,ART_92a671a29f,POP_BALLAD,deterministic_mapping,0.85,,,unavailable,,unavailable,,unavailable,,missing,TIER_B,METADATA_ONLY,v1,missing,missing,0,0,0,original_recording,,
RMVM_S_9d2f920549,Chầm Chậm Thích Em,Lý Chí An,ART_c6a9db46b5,POP_BALLAD,deterministic_mapping,1.0,,,unavailable,data/lyrics/RMVM_S_9d2f920549.txt,verified_local,data/covers/RMVM_S_9d2f920549.jpg,verified_local,,missing,TIER_A,LYRICS_COVER,v1,missing,missing,1,1,0,original_recording,,
RMVM_S_e293c135f4,Hát Xướng Thờ Phượng Chúa,Isaac Thái,ART_84028ff2d2,POP_BALLAD,deterministic_mapping,1.0,,,unavailable,data/lyrics/RMVM_S_e293c135f4.txt,verified_local,,unavailable,,missing,TIER_A,LYRICS_ONLY,v1,missing,missing,1,0,0,original_recording,,
RMVM_S_297aa2e479,Cô Gái Ngày Xưa,Cao Thái Sơn,ART_c4e148f0ff,POP_BALLAD,deterministic_mapping,1.0,,,unavailable,data/lyrics/RMVM_S_297aa2e479.txt,verified_local,,unavailable,,missing,TIER_A,LYRICS_ONLY,v1,missing,missing,1,0,0,original_recording,,
RMVM_S_60783086f3,Cưới Hông Chốt Nha,"Út Nhị Mino, Đỗ Thành Duy, NH4T",ART_86808f87ec,POP_BALLAD,deterministic_mapping,1.0,,,unavailable,data/lyrics/RMVM_S_60783086f3.txt,verified_local,,unavailable,,missing,TIER_A,LYRICS_ONLY,v1,missing,missing,1,0,0,original_recording,,
RMVM_S_e6ce5f13c5,Mơ Là Phải Mở,"Miu Lê, Yuno Bigboi",ART_9a79a789c2,POP_BALLAD,deterministic_mapping,1.0,,,unavailable,data/lyrics/RMVM_S_e6ce5f13c5.txt,verified_local,,unavailable,,missing,TIER_A,LYRICS_ONLY,v1,missing,missing,1,0,0,original_recording,,
RMVM_S_64474053fc,Lời Xin Lỗi Vụng Về,Quân A.P,ART_6e8fa15c39,POP_BALLAD,deterministic_mapping,1.0,,,unavailable,data/lyrics/RMVM_S_64474053fc.txt,verified_local,data/covers/RMVM_S_64474053fc.jpg,verified_local,,missing,TIER_A,LYRICS_COVER,v1,missing,missing,1,1,0,original_recording,,
RMVM_MB_4318fcbd81,Vì Tôi Còn Sống,Tiên Tiên,ART_692ad687f0,RB_SOUL,musicbrainz_artist_discography,0.85,,,unavailable,,unavailable,,unavailable,2015.0,verified,TIER_B,METADATA_ONLY,v1,verified,verified_crawl,0,0,0,original_recording,,
RMVM_S_3135bc16ad,Rap Về Doraemon,Phan Ann,ART_07345cf2b0,RAP_HIPHOP,deterministic_mapping,1.0,,,unavailable,data/lyrics/RMVM_S_3135bc16ad.txt,verified_local,,unavailable,,missing,TIER_A,LYRICS_ONLY,v1,missing,missing,1,0,0,original_recording,,
RMVM_S_307f0c7d4f,Anh Cứ Hẹn,Hà Thu Hiền,ART_96a2c41d00,FOLK_TRADITIONAL,artist_discography_verification,0.85,,,unavailable,data/lyrics/RMVM_S_307f0c7d4f.txt,verified_local,,unavailable,,missing,TIER_B,LYRICS_ONLY,v1,missing,missing,1,0,0,original_recording,,
RMVM_S_09a0b5c9f7,Nếu Anh Được Em Yêu Lần Nữa,"Hamlet Trương, Ưng Hoàng Phúc",ART_8f1f5ee899,POP_BALLAD,deterministic_mapping,1.0,,,unavailable,data/lyrics/RMVM_S_09a0b5c9f7.txt,verified_local,,unavailable,,missing,TIER_A,LYRICS_ONLY,v1,missing,missing,1,0,0,original_recording,,
RMVM_S_8f35c88f7e,Đoản khúc thu Hà Nội,Hồng Nhung,ART_cae1d62498,POP_BALLAD,deterministic_mapping,0.85,,,unavailable,,unavailable,,unavailable,,missing,TIER_B,METADATA_ONLY,v1,missing,missing,0,0,0,original_recording,,
RMVM_S_bc2dcc20f9,Cố Lên Việt Nam,Hồng Thiên Phúc,ART_5e8eab9c93,BOLERO_TRUTINH,deterministic_mapping,1.0,,,unavailable,data/lyrics/RMVM_S_bc2dcc20f9.txt,verified_local,data/covers/RMVM_S_bc2dcc20f9.jpg,verified_local,,missing,TIER_A,LYRICS_COVER,v1,missing,missing,1,1,0,original_recording,,
RMVM_S_f5d24495ee,Đám Cưới Quê Tôi,Lý Kiến Hào,ART_d7da5a0708,BOLERO_TRUTINH,deterministic_mapping,1.0,,,unavailable,data/lyrics/RMVM_S_f5d24495ee.txt,verified_local,data/covers/RMVM_S_f5d24495ee.jpg,verified_local,,missing,TIER_A,LYRICS_COVER,v1,missing,missing,1,1,0,original_recording,,
RMVM_S_fdbcb70d26,Bố Vợ,Trịnh Đình Quang,ART_00eb07d1b5,POP_BALLAD,deterministic_mapping,1.0,,,unavailable,data/lyrics/RMVM_S_fdbcb70d26.txt,verified_local,data/covers/RMVM_S_fdbcb70d26.jpg,verified_local,,missing,TIER_A,LYRICS_COVER,v1,missing,missing,1,1,0,original_recording,,
RMVM_S_9b5ec2e3d6,Giác Quan Thứ 6 (Giao Lộ Thời Gian),Thu Minh,ART_cddf8d82c0,POP_BALLAD,deterministic_mapping,0.85,,,unavailable,,unavailable,,unavailable,,missing,TIER_B,METADATA_ONLY,v1,missing,missing,0,0,0,original_recording,,
RMVM_S_24fb18d6ec,Cưới Luôn Đi Chị Ơi!,"Long.C, Di Di",ART_002bdcef0d,POP_BALLAD,deterministic_mapping,1.0,,,unavailable,data/lyrics/RMVM_S_24fb18d6ec.txt,verified_local,,unavailable,,missing,TIER_A,LYRICS_ONLY,v1,missing,missing,1,0,0,original_recording,,
RMVM_S_4e6afb2b7a,Đành Để Em Xa,"Anh Hổ, TuấnK, XyViz",ART_f31ee6bf4d,RAP_HIPHOP,deterministic_mapping,1.0,,,unavailable,data/lyrics/RMVM_S_4e6afb2b7a.txt,verified_local,,unavailable,,missing,TIER_A,LYRICS_ONLY,v1,missing,missing,1,0,0,original_recording,,
RMVM_S_2890b38d7d,Thiên Đường Tình Yêu,"Vũ Hoàng, Thạch Thảo",ART_98bbd428dd,BOLERO_TRUTINH,deterministic_mapping,1.0,,,unavailable,data/lyrics/RMVM_S_2890b38d7d.txt,verified_local,,unavailable,,missing,TIER_A,LYRICS_ONLY,v1,missing,missing,1,0,0,original_recording,,
RMVM_S_9ba4c6b8ef,Chuyện Tình Đôi Sim Tím,Hoàng Lâm,ART_d8de3ca976,BOLERO_TRUTINH,deterministic_mapping,1.0,,,unavailable,data/lyrics/RMVM_S_9ba4c6b8ef.txt,verified_local,,unavailable,,missing,TIER_A,LYRICS_ONLY,v1,missing,missing,1,0,0,original_recording,,
RMVM_S_d574cb4ae0,Chỉ Tại Mình Là Người Thật Thà,Đan Trường,ART_d7d6ae2597,POP_BALLAD,deterministic_mapping,1.0,,,unavailable,data/lyrics/RMVM_S_d574cb4ae0.txt,verified_local,,unavailable,,missing,TIER_A,LYRICS_ONLY,v1,missing,missing,1,0,0,original_recording,,
RMVM_S_729eca5d41,Ai Bên Em Đâu Quan Trọng,"Đường Hưng, Long Hải",ART_cc491063e4,POP_BALLAD,deterministic_mapping,1.0,,,unavailable,data/lyrics/RMVM_S_729eca5d41.txt,verified_local,,unavailable,,missing,TIER_A,LYRICS_ONLY,v1,missing,missing,1,0,0,original_recording,,
RMVM_S_a971204846,Tuổi Trẻ Hướng Về Trường Sa,"Hoài Nguyên, Tốp Ca Nữ",ART_60d36b667b,POP_BALLAD,deterministic_mapping,1.0,,,unavailable,data/lyrics/RMVM_S_a971204846.txt,verified_local,,unavailable,,missing,TIER_A,LYRICS_ONLY,v1,missing,missing,1,0,0,original_recording,,
RMVM_S_67b3e6afbc,Chuyện Hôm Qua Đó (The Voice Version),Ali Hoàng Dương,ART_1ac9d58dce,POP_BALLAD,deterministic_mapping,1.0,,,unavailable,data/lyrics/RMVM_S_67b3e6afbc.txt,verified_local,data/covers/RMVM_S_67b3e6afbc.jpg,verified_local,,missing,TIER_A,LYRICS_COVER,v1,missing,missing,1,1,0,original_recording,,
RMVM_MB_d0de22364c,Sự cứu chuộc,Unlimited,ART_958f470d0b,ROCK,musicbrainz_artist_discography,0.85,,,unavailable,,unavailable,,unavailable,2009.0,verified,TIER_B,METADATA_ONLY,v1,verified,verified_crawl,0,0,0,original_recording,,
RMVM_S_503ffdd232,Thà Người Đừng Hứa,Như Huỳnh,ART_422644652b,BOLERO_TRUTINH,deterministic_mapping,1.0,,,unavailable,data/lyrics/RMVM_S_503ffdd232.txt,verified_local,,unavailable,,missing,TIER_A,LYRICS_ONLY,v1,missing,missing,1,0,0,original_recording,,
RMVM_S_99805cc0eb,Bến Đàn Xuân,Minh Thuận,ART_29f9849d59,POP_BALLAD,deterministic_mapping,1.0,,,unavailable,data/lyrics/RMVM_S_99805cc0eb.txt,verified_local,,unavailable,,missing,TIER_A,LYRICS_ONLY,v1,missing,missing,1,0,0,original_recording,,
RMVM_S_24be07f308,Người Mình Yêu Chưa Chắc Đã Yêu Mình (Piano Version),Lynn,ART_032b5b2c60,POP_BALLAD,deterministic_mapping,1.0,,,unavailable,data/lyrics/RMVM_S_24be07f308.txt,verified_local,,unavailable,,missing,TIER_A,LYRICS_ONLY,v1,missing,missing,1,0,0,original_recording,,
RMVM_S_67315a3728,Đêm Giao Thừa Tĩnh Lặng (The Silent NY’s Eve),Phạm Mai Anh,ART_6f59ee90b3,POP_BALLAD,deterministic_mapping,1.0,,,unavailable,data/lyrics/RMVM_S_67315a3728.txt,verified_local,,unavailable,,missing,TIER_A,LYRICS_ONLY,v1,missing,missing,1,0,0,original_recording,,
RMVM_S_2458fea363,"Baby, Please Come Back (Nước Mắt Phôi Pha)","Đăng Khôi, Phạm Thương Trà",ART_4695cdfff4,NHAC_TRINH,deterministic_mapping,1.0,,,unavailable,,unavailable,data/covers/RMVM_S_2458fea363.jpg,verified_local,,missing,TIER_A,COVER_ONLY,v1,missing,missing,0,1,0,original_recording,,
RMVM_MB_13103597c1,Run Rabbit Run,Xuân Mai,ART_fc7f4714c5,CHILDREN,musicbrainz_artist_discography,0.85,,,unavailable,,unavailable,,unavailable,2004.0,verified,TIER_B,METADATA_ONLY,v1,verified,verified_crawl,0,0,0,original_recording,,
RMVM_S_5f785b6e00,Chúc Xuân Phát Tài,"Triệu My An, SOUND HIT",ART_689cfb636d,OTHER,curated_out_of_taxonomy,0.9,Holiday / Festival seasonal music,,unavailable,,unavailable,,unavailable,,missing,TIER_B,METADATA_ONLY,v1,missing,missing,0,0,0,original_recording,,
RMVM_S_989285b7c6,Đừng Để Nước Mắt Em Rơi,"Puns F, Minh Tài",ART_92fc2eed53,POP_BALLAD,deterministic_mapping,1.0,,,unavailable,data/lyrics/RMVM_S_989285b7c6.txt,verified_local,,unavailable,,missing,TIER_A,LYRICS_ONLY,v1,missing,missing,1,0,0,original_recording,,
RMVM_S_6be1da01dd,Tình Năng Đôi Bờ,Diễm Trang,ART_3d2d88c0be,POP_BALLAD,deterministic_mapping,1.0,,,unavailable,data/lyrics/RMVM_S_6be1da01dd.txt,verified_local,,unavailable,,missing,TIER_A,LYRICS_ONLY,v1,missing,missing,1,0,0,original_recording,,
RMVM_S_f336142c50,Gió Cuốn Bụi Bay,"Hoàng Châu, Nhật Hào",ART_803241dfd6,POP_BALLAD,deterministic_mapping,1.0,,,unavailable,data/lyrics/RMVM_S_f336142c50.txt,verified_local,,unavailable,,missing,TIER_A,LYRICS_ONLY,v1,missing,missing,1,0,0,original_recording,,
RMVM_S_ee7cdfeb7f,Chuyện Sim Tím,Lâm Hoài Phong,ART_2aa35c261f,BOLERO_TRUTINH,deterministic_mapping,1.0,,,unavailable,data/lyrics/RMVM_S_ee7cdfeb7f.txt,verified_local,,unavailable,,missing,TIER_A,LYRICS_ONLY,v1,missing,missing,1,0,0,original_recording,,
RMVM_S_6f3b581861,Anh Là Người Ích Kỷ,La Thăng (Huy Nam & Huy Khánh),ART_3076c695c3,POP_BALLAD,deterministic_mapping,1.0,,,unavailable,data/lyrics/RMVM_S_6f3b581861.txt,verified_local,,unavailable,,missing,TIER_A,LYRICS_ONLY,v1,missing,missing,1,0,0,original_recording,,
RMVM_S_518e930087,Chỉ Còn Lại Nỗi Cô Đơn,"Huỳnh Lê, RyoT",ART_b33f05cb53,POP_BALLAD,deterministic_mapping,0.85,,,unavailable,,unavailable,,unavailable,,missing,TIER_B,METADATA_ONLY,v1,missing,missing,0,0,0,original_recording,,
RMVM_S_2e2365852b,Một Vài Ngày Sau Đó,TeeRings,ART_518fd75440,POP_BALLAD,deterministic_mapping,1.0,,,unavailable,data/lyrics/RMVM_S_2e2365852b.txt,verified_local,,unavailable,,missing,TIER_A,LYRICS_ONLY,v1,missing,missing,1,0,0,original_recording,,
RMVM_MB_0c2feab454,Chợt Nghe Bước Em Về,Rhymastic,ART_35ac2077c4,RAP_HIPHOP,musicbrainz_artist_discography,0.85,,,unavailable,,unavailable,,unavailable,2024.0,verified,TIER_B,METADATA_ONLY,v1,verified,verified_crawl,0,0,0,original_recording,,
RMVM_S_85a000102e,GIƠ TAY LÊN,Dế Choắt,ART_34e67512b0,POP_BALLAD,deterministic_mapping,0.85,,,unavailable,,unavailable,,unavailable,,missing,TIER_B,METADATA_ONLY,v1,missing,missing,0,0,0,original_recording,,
RMVM_S_405d2f0105,Còn Yêu Nhau Thì Về,Tam Ca Thế Hệ Mới,ART_a35abae1a0,POP_BALLAD,deterministic_mapping,1.0,,,unavailable,data/lyrics/RMVM_S_405d2f0105.txt,verified_local,,unavailable,,missing,TIER_A,LYRICS_ONLY,v1,missing,missing,1,0,0,original_recording,,
RMVM_S_713cd25d1f,Chung Thân (Live),"Bạch Công Khanh, Hoài Lâm",ART_b5706203c1,POP_BALLAD,deterministic_mapping,1.0,,,unavailable,data/lyrics/RMVM_S_713cd25d1f.txt,verified_local,,unavailable,,missing,TIER_A,LYRICS_ONLY,v1,missing,missing,1,0,0,original_recording,,
RMVM_S_e591cd1146,Em Hài Lòng Rồi Đúng Không?,Cao Nam Thành,ART_96f1876e49,POP_BALLAD,deterministic_mapping,1.0,,,unavailable,data/lyrics/RMVM_S_e591cd1146.txt,verified_local,,unavailable,,missing,TIER_A,LYRICS_ONLY,v1,missing,missing,1,0,0,original_recording,,
RMVM_S_1f520eae8f,Anh Cũng Như Vậy Thôi,Hoàng Y Nhung,ART_6a0bb23820,POP_BALLAD,deterministic_mapping,1.0,,,unavailable,data/lyrics/RMVM_S_1f520eae8f.txt,verified_local,,unavailable,,missing,TIER_A,LYRICS_ONLY,v1,missing,missing,1,0,0,original_recording,,
RMVM_S_6a5078988d,Làm Sao Để Quên Được Anh,TDA,ART_272513685d,POP_BALLAD,deterministic_mapping,1.0,,,unavailable,data/lyrics/RMVM_S_6a5078988d.txt,verified_local,,unavailable,,missing,TIER_A,LYRICS_ONLY,v1,missing,missing,1,0,0,original_recording,,
RMVM_S_922b9b8fc1,Chuyện Hợp Tan,Nhật Hạ,ART_1562bfa5fe,POP_BALLAD,deterministic_mapping,1.0,,,unavailable,,unavailable,data/covers/RMVM_S_922b9b8fc1.jpg,verified_local,,missing,TIER_A,COVER_ONLY,v1,missing,missing,0,1,0,original_recording,,
RMVM_S_3aaba63b73,Anh Hát Tặng Em,Quốc Đại,ART_dd18f9eda0,BOLERO_TRUTINH,deterministic_mapping,1.0,,,unavailable,data/lyrics/RMVM_S_3aaba63b73.txt,verified_local,data/covers/RMVM_S_3aaba63b73.jpg,verified_local,,missing,TIER_A,LYRICS_COVER,v1,missing,missing,1,1,0,original_recording,,
RMVM_S_492707bfdd,Liên Khúc Kiên Giang Mình Đẹp Lắm,Diễm Hân,ART_c71c1eed39,BOLERO_TRUTINH,deterministic_mapping,1.0,,,unavailable,data/lyrics/RMVM_S_492707bfdd.txt,verified_local,data/covers/RMVM_S_492707bfdd.jpg,verified_local,,missing,TIER_A,LYRICS_COVER,v1,missing,missing,1,1,0,original_recording,,
RMVM_S_89192cabe6,Bèo Dạt Mây Trôi (Remix),Thu Phương,ART_4933834873,POP_BALLAD,deterministic_mapping,1.0,,,unavailable,data/lyrics/RMVM_S_89192cabe6.txt,verified_local,,unavailable,,missing,TIER_A,LYRICS_ONLY,v1,missing,missing,1,0,0,original_recording,,
RMVM_MB_13230dd549,Hai kỷ niệm một chuyến đi,Lan Anh,ART_666a5520df,REVOLUTIONARY,musicbrainz_artist_discography,0.85,,,unavailable,,unavailable,,unavailable,,missing,TIER_B,METADATA_ONLY,v1,missing,missing,0,0,0,original_recording,,
RMVM_S_1e65fde961,Điệu Buồn Đêm Trăng,Dương Nghi Đình,ART_e16e18b912,BOLERO_TRUTINH,deterministic_mapping,1.0,,,unavailable,data/lyrics/RMVM_S_1e65fde961.txt,verified_local,,unavailable,,missing,TIER_A,LYRICS_ONLY,v1,missing,missing,1,0,0,original_recording,,
RMVM_S_d20ae0b0c8,Mưa Của Ngày Xưa,Lê Phú,ART_8e94558c75,POP_BALLAD,deterministic_mapping,1.0,,,unavailable,,unavailable,data/covers/RMVM_S_d20ae0b0c8.jpg,verified_local,,missing,TIER_A,COVER_ONLY,v1,missing,missing,0,1,0,original_recording,,
RMVM_S_e9c2cbc844,09 - Em toi lam chieu dai (Minh Canh),Ca co Viet Nam,ART_8daaa22df2,INSTRUMENTAL,source_tag_verification,0.85,,,unavailable,,unavailable,data/covers/RMVM_S_e9c2cbc844.jpg,verified_local,,missing,TIER_B,COVER_ONLY,v1,missing,missing,0,1,0,original_recording,,
RMVM_MB_be41b55d7b,Alright (alternative),The Flob,ART_9037c183b4,ROCK,musicbrainz_artist_discography,0.85,,,unavailable,,unavailable,,unavailable,2020.0,verified,TIER_B,METADATA_ONLY,v1,verified,verified_crawl,0,0,0,original_recording,,
RMVM_MB_aa5d3b8c21,lời tạm biệt chưa nói,Kai Đinh,ART_db22fc7f69,RB_SOUL,musicbrainz_artist_discography,0.85,,,unavailable,,unavailable,,unavailable,2022.0,verified,TIER_B,METADATA_ONLY,v1,verified,verified_crawl,0,0,0,original_recording,,
RMVM_S_b9e0ee4b0f,Chính Anh (Là Em Hay Là Ai OST),"Klaw, Lena",ART_8f7d461620,POP_BALLAD,deterministic_mapping,1.0,,,unavailable,data/lyrics/RMVM_S_b9e0ee4b0f.txt,verified_local,,unavailable,,missing,TIER_A,LYRICS_ONLY,v1,missing,missing,1,0,0,original_recording,,
RMVM_S_9151a170a4,Gặp Mẹ Trong Mơ,Thương Nguyễn,ART_2de0ea5b88,BOLERO_TRUTINH,deterministic_mapping,1.0,,,unavailable,data/lyrics/RMVM_S_9151a170a4.txt,verified_local,data/covers/RMVM_S_9151a170a4.jpg,verified_local,,missing,TIER_A,LYRICS_COVER,v1,missing,missing,1,1,0,original_recording,,
RMVM_S_d4dcebca68,Ngoại Già Xì Teen,Hoàng Tuấn Minh,ART_e8d638b680,BOLERO_TRUTINH,deterministic_mapping,1.0,,,unavailable,data/lyrics/RMVM_S_d4dcebca68.txt,verified_local,,unavailable,,missing,TIER_A,LYRICS_ONLY,v1,missing,missing,1,0,0,original_recording,,
RMVM_MB_8afd0647a9,My Everything (Acousticbeat),Tiên Tiên,ART_692ad687f0,RB_SOUL,musicbrainz_artist_discography,0.85,,,unavailable,,unavailable,,unavailable,,missing,TIER_B,METADATA_ONLY,v1,missing,missing,0,0,0,original_recording,,
RMVM_S_5d07e293ce,Giết Người Trong Mộng,Ngọc Anh,ART_90c92c26d4,INSTRUMENTAL,source_tag_verification,0.85,,,unavailable,data/lyrics/RMVM_S_5d07e293ce.txt,verified_local,,unavailable,,missing,TIER_B,LYRICS_ONLY,v1,missing,missing,1,0,0,original_recording,,
RMVM_S_1ba8b66e2b,Chỉ Vì Tôi Không Tin,Dương Gia Khánh,ART_3422725ffd,POP_BALLAD,deterministic_mapping,1.0,,,unavailable,data/lyrics/RMVM_S_1ba8b66e2b.txt,verified_local,,unavailable,,missing,TIER_A,LYRICS_ONLY,v1,missing,missing,1,0,0,original_recording,,
RMVM_S_4397405311,Ôi Tình Yêu (Cover) (Remix),Lê Yến Vy,ART_4e168dd094,POP_BALLAD,deterministic_mapping,1.0,,,unavailable,data/lyrics/RMVM_S_4397405311.txt,verified_local,,unavailable,,missing,TIER_A,LYRICS_ONLY,v1,missing,missing,1,0,0,original_recording,,
RMVM_S_213f0e9912,Dư Âm,"8 the Theatre, Dattie Do",ART_e5ba46d48d,POP_BALLAD,deterministic_mapping,0.85,,,unavailable,,unavailable,,unavailable,,missing,TIER_B,METADATA_ONLY,v1,missing,missing,0,0,0,original_recording,,
RMVM_S_3f6d5da058,Tội Gì Phải Cưới,Lê Thiện Hiếu,ART_29fd2a70fc,POP_BALLAD,deterministic_mapping,1.0,,,unavailable,data/lyrics/RMVM_S_3f6d5da058.txt,verified_local,,unavailable,,missing,TIER_A,LYRICS_ONLY,v1,missing,missing,1,0,0,original_recording,,
RMVM_S_54de926227,Bông Vú Sữa,"Cẩm Ly, Quốc Đại",ART_b0065acd34,BOLERO_TRUTINH,deterministic_mapping,1.0,,,unavailable,data/lyrics/RMVM_S_54de926227.txt,verified_local,,unavailable,,missing,TIER_A,LYRICS_ONLY,v1,missing,missing,1,0,0,original_recording,,
RMVM_S_9cb9eee3fc,Anh Biết Anh Sai Em Ơi,Đỗ Phú Quí,ART_5e3e8ac8b5,POP_BALLAD,deterministic_mapping,1.0,,,unavailable,data/lyrics/RMVM_S_9cb9eee3fc.txt,verified_local,,unavailable,,missing,TIER_A,LYRICS_ONLY,v1,missing,missing,1,0,0,original_recording,,
RMVM_S_660c8a67d2,Thất Tình (DJ Minh Anh Remix),Trịnh Đình Quang,ART_00eb07d1b5,DANCE_EDM,deterministic_mapping,1.0,,,unavailable,data/lyrics/RMVM_S_660c8a67d2.txt,verified_local,data/covers/RMVM_S_660c8a67d2.jpg,verified_local,,missing,TIER_A,LYRICS_COVER,v1,missing,missing,1,1,0,original_recording,,
RMVM_S_cdc2154622,Cánh Chim Từ Quy,Đỗ Tố Hoa,ART_f7f8f69594,BOLERO_TRUTINH,deterministic_mapping,1.0,,,unavailable,data/lyrics/RMVM_S_cdc2154622.txt,verified_local,,unavailable,,missing,TIER_A,LYRICS_ONLY,v1,missing,missing,1,0,0,original_recording,,
RMVM_MB_8849d71037,One Second,Vũ Cát Tường,ART_45bba9499c,RB_SOUL,musicbrainz_artist_discography,0.85,,,unavailable,,unavailable,,unavailable,2023.0,verified,TIER_B,METADATA_ONLY,v1,verified,verified_crawl,0,0,0,original_recording,,
RMVM_S_accf15272b,Ước Mơ Của Tôi,Lâm Trí Tú,ART_c501714b4a,BOLERO_TRUTINH,deterministic_mapping,1.0,,,unavailable,data/lyrics/RMVM_S_accf15272b.txt,verified_local,,unavailable,,missing,TIER_A,LYRICS_ONLY,v1,missing,missing,1,0,0,original_recording,,
RMVM_S_21141a7fbb,Dù Đúng Dù Sai Anh Vẫn Yêu Em,"Rum, Double Noize",ART_5f220a4a95,POP_BALLAD,deterministic_mapping,1.0,,,unavailable,data/lyrics/RMVM_S_21141a7fbb.txt,verified_local,,unavailable,,missing,TIER_A,LYRICS_ONLY,v1,missing,missing,1,0,0,original_recording,,
RMVM_S_0c7ace2fa3,Cô Thắm Vui Xuân,"Tài Linh, Đình Văn",ART_a0a37f8b27,POP_BALLAD,deterministic_mapping,1.0,,,unavailable,data/lyrics/RMVM_S_0c7ace2fa3.txt,verified_local,,unavailable,,missing,TIER_A,LYRICS_ONLY,v1,missing,missing,1,0,0,original_recording,,
RMVM_S_1f709cb709,Đến Với Con Người Việt Nam Tôi,Phong Vũ,ART_878c94d90f,BOLERO_TRUTINH,vietlyrics_curated,0.95,,,missing_unmaterialized,,missing,,missing,,missing,TIER_A,XXX,v2,missing,missing,0,0,0,original_recording,sunbv56_song_dataset+vietlyrics,ZWA80B6U
RMVM_S_8fcfda965f,Đời Em Không Lẻ Loi,Phương Thanh,ART_bae46acd15,BOLERO_TRUTINH,deterministic_mapping,1.0,,,unavailable,data/lyrics/RMVM_S_8fcfda965f.txt,verified_local,,unavailable,,missing,TIER_A,LYRICS_ONLY,v1,missing,missing,1,0,0,original_recording,,
RMVM_S_66cc2959af,Yêu Không Nuối Tiếc,Minh Tuyết,ART_729a36465f,INSTRUMENTAL,source_tag_verification,0.85,,,unavailable,data/lyrics/RMVM_S_66cc2959af.txt,verified_local,,unavailable,,missing,TIER_B,LYRICS_ONLY,v1,missing,missing,1,0,0,original_recording,,
RMVM_MB_7bf09882d0,Muộn,Trần Thái Hòa,ART_1b610001da,NHAC_TRINH,musicbrainz_artist_discography,0.85,,,unavailable,,unavailable,,unavailable,,missing,TIER_B,METADATA_ONLY,v1,missing,missing,0,0,0,original_recording,,
RMVM_MB_8e6341d351,Groovy as We Are,Suboi,ART_7b7ae56247,RAP_HIPHOP,musicbrainz_artist_discography,0.85,,,unavailable,,unavailable,,unavailable,2010.0,verified,TIER_B,METADATA_ONLY,v1,verified,verified_crawl,0,0,0,original_recording,,
RMVM_S_8ce708cf0c,Biết Nói Thế Nào,Don Hồ,ART_7a15955a82,INSTRUMENTAL,source_tag_verification,0.85,,,unavailable,data/lyrics/RMVM_S_8ce708cf0c.txt,verified_local,,unavailable,,missing,TIER_B,LYRICS_ONLY,v1,missing,missing,1,0,0,original_recording,,
RMVM_S_77a386d369,Điều Quan Trọng Nhất,Đại Đức Thích Nhuận Thanh,ART_7964e4ed42,BOLERO_TRUTINH,deterministic_mapping,1.0,,,unavailable,data/lyrics/RMVM_S_77a386d369.txt,verified_local,,unavailable,,missing,TIER_A,LYRICS_ONLY,v1,missing,missing,1,0,0,original_recording,,
RMVM_S_6ea2503630,Bống Bống Bang Bang (Cover),Tuấn Anh Trần,ART_6600bfe3bd,POP_BALLAD,deterministic_mapping,1.0,,,unavailable,data/lyrics/RMVM_S_6ea2503630.txt,verified_local,,unavailable,,missing,TIER_A,LYRICS_ONLY,v1,missing,missing,1,0,0,original_recording,,
RMVM_S_df21844801,Ru Em Tiếng Sóng Biển,Thiên Kim,ART_941c26b730,INSTRUMENTAL,source_tag_verification,0.85,,,unavailable,data/lyrics/RMVM_S_df21844801.txt,verified_local,,unavailable,,missing,TIER_B,LYRICS_ONLY,v1,missing,missing,1,0,0,original_recording,,
RMVM_MB_4500e5ee5a,Về đi em,Ánh Tuyết,ART_d72564b10f,NHAC_TRINH,musicbrainz_artist_discography,0.85,,,unavailable,,unavailable,,unavailable,,missing,TIER_B,METADATA_ONLY,v1,missing,missing,0,0,0,original_recording,,
RMVM_S_d1a20aeaf6,Nghe Nói Em Đang Buồn,"WinK, Trang Anh, MC Wiz",ART_e147f00b46,RAP_HIPHOP,deterministic_mapping,1.0,,,unavailable,data/lyrics/RMVM_S_d1a20aeaf6.txt,verified_local,,unavailable,,missing,TIER_A,LYRICS_ONLY,v1,missing,missing,1,0,0,original_recording,,
RMVM_S_f7165d46f6,Anh Chỉ Cần Lý Do,"Lương Gia Hùng, Goctoi Mixer, Tracy Thảo My",ART_182486add0,POP_BALLAD,deterministic_mapping,1.0,,,unavailable,data/lyrics/RMVM_S_f7165d46f6.txt,verified_local,,unavailable,,missing,TIER_A,LYRICS_ONLY,v1,missing,missing,1,0,0,original_recording,,
RMVM_S_65ee756e78,Chẳng Lẽ Chỉ Vậy Thôi,Phương Trang,ART_77a2958cfe,POP_BALLAD,deterministic_mapping,0.85,,,unavailable,,unavailable,,unavailable,,missing,TIER_B,METADATA_ONLY,v1,missing,missing,0,0,0,original_recording,,
RMVM_S_f8d7bbcbc2,Chuyện Cô Gái Nhỏ,Khởi My,ART_fd9debe211,POP_BALLAD,deterministic_mapping,1.0,,,unavailable,data/lyrics/RMVM_S_f8d7bbcbc2.txt,verified_local,,unavailable,,missing,TIER_A,LYRICS_ONLY,v1,missing,missing,1,0,0,original_recording,,
RMVM_S_558b7dbf0b,Em Luôn Trong Tâm Trí Anh,"Kaisoul, Nguyễn Văn Chung",ART_ec2715b61f,POP_BALLAD,deterministic_mapping,1.0,,,unavailable,data/lyrics/RMVM_S_558b7dbf0b.txt,verified_local,,unavailable,,missing,TIER_A,LYRICS_ONLY,v1,missing,missing,1,0,0,original_recording,,
RMVM_S_d3141b9768,Khóc Cho Đấng Sinh Thành (Thiếu Niên Ra Giang Hồ OST),Hồ Quang Hiếu,ART_7573d36bbb,POP_BALLAD,deterministic_mapping,1.0,,,unavailable,data/lyrics/RMVM_S_d3141b9768.txt,verified_local,data/covers/RMVM_S_d3141b9768.jpg,verified_local,,missing,TIER_A,LYRICS_COVER,v1,missing,missing,1,1,0,original_recording,,
RMVM_S_387cf8d6bc,Hóa Ra Em Chẳng Ở Đây (Beat),Đỗ Minh Quân,ART_0c629416a2,POP_BALLAD,deterministic_mapping,1.0,,,unavailable,data/lyrics/RMVM_S_387cf8d6bc.txt,verified_local,,unavailable,,missing,TIER_A,LYRICS_ONLY,v1,missing,missing,1,0,0,original_recording,,
RMVM_S_52e66af886,Đừng Hỏi Vì Sao Tôi Nhớ Người Remake ̣(Tình Yêu Còn Xa 2),Phương Phương Thảo,ART_97b8e28671,POP_BALLAD,deterministic_mapping,1.0,,,unavailable,data/lyrics/RMVM_S_52e66af886.txt,verified_local,data/covers/RMVM_S_52e66af886.jpg,verified_local,,missing,TIER_A,LYRICS_COVER,v1,missing,missing,1,1,0,original_recording,,
RMVM_S_f5fb894e14,Bôn Ba (Nước Ngoài),"Phan Mạnh Quỳnh, Tăng Duy Tân, DươngK",ART_1eeed40b0e,POP_BALLAD,deterministic_mapping,1.0,,,unavailable,data/lyrics/RMVM_S_f5fb894e14.txt,verified_local,data/covers/RMVM_S_f5fb894e14.jpg,verified_local,,missing,TIER_A,LYRICS_COVER,v1,missing,missing,1,1,0,original_recording,,
RMVM_S_95552aeb06,Anh Quá Khó Phải Không Em (Remix),Đoàn Việt Phương,ART_9bdc86fea0,POP_BALLAD,deterministic_mapping,1.0,,,unavailable,data/lyrics/RMVM_S_95552aeb06.txt,verified_local,,unavailable,2014.0,verified,TIER_A,LYRICS_ONLY,v1,verified,verified_crawl,1,0,0,original_recording,,
RMVM_S_66cc925f78,"Chúng Ta Là Bạn Bè (Một Ngày Là Bạn, Một Đời Là Bạn) (Beat)",Nhiều nghệ sĩ,ART_736b531937,POP_BALLAD,deterministic_mapping,1.0,,,unavailable,data/lyrics/RMVM_S_66cc925f78.txt,verified_local,,unavailable,,missing,TIER_A,LYRICS_ONLY,v1,missing,missing,1,0,0,original_recording,,
RMVM_S_7e2cc820f9,Muốn Quên Không Đành,Phi Bằng,ART_7111f18e6a,BOLERO_TRUTINH,deterministic_mapping,1.0,,,unavailable,data/lyrics/RMVM_S_7e2cc820f9.txt,verified_local,,unavailable,,missing,TIER_A,LYRICS_ONLY,v1,missing,missing,1,0,0,original_recording,,
RMVM_S_4461ff3446,Hành Trình Trên Đất Phù Sa,Xuân Mai,ART_fc7f4714c5,BOLERO_TRUTINH,deterministic_mapping,1.0,,,unavailable,data/lyrics/RMVM_S_4461ff3446.txt,verified_local,,unavailable,,missing,TIER_A,LYRICS_ONLY,v1,missing,missing,1,0,0,original_recording,,
RMVM_MB_9bc32a106f,Sầu lẻ bóng,Quang Linh,ART_3a6003b287,FOLK_TRADITIONAL,musicbrainz_artist_discography,0.85,,,unavailable,,unavailable,,unavailable,2006.0,verified,TIER_B,METADATA_ONLY,v1,verified,verified_crawl,0,0,0,original_recording,,
RMVM_S_2f347def77,Anh Ở Vị Trí Nào,Kim Hiệu,ART_27714892d1,POP_BALLAD,deterministic_mapping,1.0,,,unavailable,data/lyrics/RMVM_S_2f347def77.txt,verified_local,,unavailable,,missing,TIER_A,LYRICS_ONLY,v1,missing,missing,1,0,0,original_recording,,
RMVM_S_14c98cba0f,Chờ Mong 2,Đức Hati,ART_2ccc327f17,POP_BALLAD,deterministic_mapping,1.0,,,unavailable,data/lyrics/RMVM_S_14c98cba0f.txt,verified_local,data/covers/RMVM_S_14c98cba0f.jpg,verified_local,,missing,TIER_A,LYRICS_COVER,v1,missing,missing,1,1,0,original_recording,,
RMVM_S_46a8ed1dd5,Anh Vẫn Chờ,Đàm Vĩnh Hưng,ART_b91ba8f75c,BOLERO_TRUTINH,deterministic_mapping,1.0,,,unavailable,data/lyrics/RMVM_S_46a8ed1dd5.txt,verified_local,,unavailable,,missing,TIER_A,LYRICS_ONLY,v1,missing,missing,1,0,0,original_recording,,
RMVM_MB_17ca181ff1,Đông,Vũ Cát Tường,ART_45bba9499c,RB_SOUL,musicbrainz_artist_discography,0.85,,,unavailable,,unavailable,,unavailable,2014.0,verified,TIER_B,METADATA_ONLY,v1,verified,verified_crawl,0,0,0,original_recording,,
RMVM_S_5fbb07f826,Vì Em Điện,"Phúc Du, Xuân Ca, Kriss Ngo",ART_c440c6c9b4,RAP_HIPHOP,deterministic_mapping,1.0,,,unavailable,data/lyrics/RMVM_S_5fbb07f826.txt,verified_local,,unavailable,,missing,TIER_A,LYRICS_ONLY,v1,missing,missing,1,0,0,original_recording,,
RMVM_S_82f3db9305,Còn Lại Nhớ Thương,Tú Quyên,ART_bfe8d8bb63,INSTRUMENTAL,source_tag_verification,0.85,,,unavailable,data/lyrics/RMVM_S_82f3db9305.txt,verified_local,data/covers/RMVM_S_82f3db9305.jpg,verified_local,,missing,TIER_B,LYRICS_COVER,v1,missing,missing,1,1,0,original_recording,,
RMVM_S_2f67ac4ccd,Cả Một Đời Để Quên (Meme Lofi),"Đặng Tuấn Vũ, Lâm Tuấn",ART_838ad9e866,POP_BALLAD,deterministic_mapping,1.0,,,unavailable,data/lyrics/RMVM_S_2f67ac4ccd.txt,verified_local,,unavailable,,missing,TIER_A,LYRICS_ONLY,v1,missing,missing,1,0,0,original_recording,,
RMVM_S_d949caccd2,Lời Yêu Cũ Anh Chối Từ,Hương Ly,ART_4d63b5edc1,POP_BALLAD,deterministic_mapping,1.0,,,unavailable,data/lyrics/RMVM_S_d949caccd2.txt,verified_local,,unavailable,,missing,TIER_A,LYRICS_ONLY,v1,missing,missing,1,0,0,original_recording,,
RMVM_S_f868bd4537,Đời Mà Ai Không Dẫm Gai,Lâm Chấn Huy,ART_6c383e0ed1,POP_BALLAD,deterministic_mapping,1.0,,,unavailable,data/lyrics/RMVM_S_f868bd4537.txt,verified_local,,unavailable,,missing,TIER_A,LYRICS_ONLY,v1,missing,missing,1,0,0,original_recording,,
RMVM_S_3c21e6c048,Sài Gòn Mùa Thương,Quốc Vũ,ART_57de37e8bb,POP_BALLAD,deterministic_mapping,1.0,,,unavailable,data/lyrics/RMVM_S_3c21e6c048.txt,verified_local,,unavailable,,missing,TIER_A,LYRICS_ONLY,v1,missing,missing,1,0,0,original_recording,,
RMVM_S_b501b45c0c,"Điều Không Đổi Dời (From ""Frozen 2""/Soundtrack Version)",Nhiều nghệ sĩ,ART_736b531937,OTHER,curated_out_of_taxonomy,0.9,Film Soundtrack / OST composition,,unavailable,,unavailable,,unavailable,,missing,TIER_B,METADATA_ONLY,v1,missing,missing,0,0,0,original_recording,,
RMVM_S_155d98448c,Hạnh Phúc Trên Tay,"Thiên Kim, Thế Sơn",ART_a60f777a3c,INSTRUMENTAL,source_tag_verification,0.85,,,unavailable,data/lyrics/RMVM_S_155d98448c.txt,verified_local,,unavailable,,missing,TIER_B,LYRICS_ONLY,v1,missing,missing,1,0,0,original_recording,,
RMVM_S_8e32a9ac95,Đau lòng,"Machiot, 52Hz",ART_91c61d51c4,RAP_HIPHOP,deterministic_mapping,1.0,,,unavailable,data/lyrics/RMVM_S_8e32a9ac95.txt,verified_local,,unavailable,,missing,TIER_A,LYRICS_ONLY,v1,missing,missing,1,0,0,original_recording,,
RMVM_S_f2d1c81de0,Phật Thuyết (Cover),Thương Nguyễn,ART_2de0ea5b88,OTHER,curated_out_of_taxonomy,0.9,Religious / Sacred spiritual Vietnamese music,,unavailable,,unavailable,data/covers/RMVM_S_f2d1c81de0.jpg,verified_local,,missing,TIER_B,COVER_ONLY,v1,missing,missing,0,1,0,original_recording,,
RMVM_S_3c130c8c39,Duyên Ta Chỉ Đây Thôi (Wan Remix),"Phát Huy T4, HOA HỒNG DẠI MUSIC",ART_e81ad48fbf,DANCE_EDM,deterministic_mapping,1.0,,,unavailable,,unavailable,data/covers/RMVM_S_3c130c8c39.jpg,verified_local,,missing,TIER_A,COVER_ONLY,v1,missing,missing,0,1,0,original_recording,,
RMVM_S_56005cc6c3,Vậy Thì Ta Yêu Nhau Đi,Audicity,ART_b7502fff13,POP_BALLAD,deterministic_mapping,1.0,,,unavailable,,unavailable,data/covers/RMVM_S_56005cc6c3.jpg,verified_local,,missing,TIER_A,COVER_ONLY,v1,missing,missing,0,1,0,original_recording,,
RMVM_S_8598c5dcda,Em Hãy Tỏ Tình Với Anh Đê,RHY,ART_5348c2d67c,POP_BALLAD,deterministic_mapping,1.0,,,unavailable,data/lyrics/RMVM_S_8598c5dcda.txt,verified_local,,unavailable,,missing,TIER_A,LYRICS_ONLY,v1,missing,missing,1,0,0,original_recording,,
RMVM_S_44a0d978e0,Hình Như Em Say,NgânT,ART_053c27d7f8,POP_BALLAD,deterministic_mapping,1.0,,,unavailable,data/lyrics/RMVM_S_44a0d978e0.txt,verified_local,,unavailable,,missing,TIER_A,LYRICS_ONLY,v1,missing,missing,1,0,0,original_recording,,
RMVM_S_182c7a54ac,Em Muốn Quên Đi (Tropical House),Trung Tự,ART_4382e8c9bb,DANCE_EDM,deterministic_mapping,1.0,,,unavailable,data/lyrics/RMVM_S_182c7a54ac.txt,verified_local,,unavailable,,missing,TIER_A,LYRICS_ONLY,v1,missing,missing,1,0,0,original_recording,,
RMVM_S_525318b02f,Anh Là Con Rối Của Em (Remix),"Dương Nhất Linh, Tanzui",ART_635b7e4203,POP_BALLAD,deterministic_mapping,1.0,,,unavailable,data/lyrics/RMVM_S_525318b02f.txt,verified_local,,unavailable,,missing,TIER_A,LYRICS_ONLY,v1,missing,missing,1,0,0,original_recording,,
RMVM_S_2d02b54c37,Chưa Từng Thuộc Về Nhau,"Nguyễn Văn Chung, Thanh Goll",ART_859c851fe8,POP_BALLAD,deterministic_mapping,1.0,,,unavailable,,unavailable,data/covers/RMVM_S_2d02b54c37.jpg,verified_local,,missing,TIER_A,COVER_ONLY,v1,missing,missing,0,1,0,original_recording,,
RMVM_S_d08c98244b,Rap Về Nezuko (Lưỡi Gươm Diệt Quỷ),Phan Ann,ART_07345cf2b0,POP_BALLAD,deterministic_mapping,1.0,,,unavailable,data/lyrics/RMVM_S_d08c98244b.txt,verified_local,,unavailable,,missing,TIER_A,LYRICS_ONLY,v1,missing,missing,1,0,0,original_recording,,
RMVM_S_81c8362b0e,Chỉ Riêng Mình Ta (Disco Remix),"Quốc Chinh, CT",ART_035c3a01ba,POP_BALLAD,deterministic_mapping,1.0,,,unavailable,,unavailable,data/covers/RMVM_S_81c8362b0e.jpg,verified_local,,missing,TIER_A,COVER_ONLY,v1,missing,missing,0,1,0,original_recording,,
RMVM_S_912e6d497e,247 Cuộc Gọi Người Lắng Nghe,Kidz,ART_e701696252,POP_BALLAD,deterministic_mapping,1.0,,,unavailable,data/lyrics/RMVM_S_912e6d497e.txt,verified_local,,unavailable,,missing,TIER_A,LYRICS_ONLY,v1,missing,missing,1,0,0,original_recording,,
RMVM_S_2af745b3d2,Chí Phèo Ngoại Truyện,Cao Tùng Anh,ART_31b2344e7c,POP_BALLAD,deterministic_mapping,1.0,,,unavailable,data/lyrics/RMVM_S_2af745b3d2.txt,verified_local,,unavailable,,missing,TIER_A,LYRICS_ONLY,v1,missing,missing,1,0,0,original_recording,,
RMVM_S_a7ec96d729,LK Nhật Ký Đời Tôi - Người Em Sầu Mộng - Trái Mồng Tơi - Gái Nhà Nghèo,"Hương Lan, Thế Sơn",ART_7aa781790f,BOLERO_TRUTINH,deterministic_mapping,1.0,,,unavailable,data/lyrics/RMVM_S_a7ec96d729.txt,verified_local,,unavailable,,missing,TIER_A,LYRICS_ONLY,v1,missing,missing,1,0,0,original_recording,,
RMVM_S_55c2921b11,Con Sáo Vô Tình,Khánh Bình,ART_7138af5df2,BOLERO_TRUTINH,deterministic_mapping,1.0,,,unavailable,data/lyrics/RMVM_S_55c2921b11.txt,verified_local,data/covers/RMVM_S_55c2921b11.jpg,verified_local,,missing,TIER_A,LYRICS_COVER,v1,missing,missing,1,1,0,original_recording,,
RMVM_MB_7042f8a2ce,Nhớ em câu hát đưa đò,Phi Nhung,ART_33de4125fc,FOLK_TRADITIONAL,musicbrainz_artist_discography,0.85,,,unavailable,,unavailable,,unavailable,2003.0,verified,TIER_B,METADATA_ONLY,v1,verified,verified_crawl,0,0,0,original_recording,,
RMVM_S_df4490d904,Chỉ Cần Có Phật,Lee Phú Quý,ART_0dae860da2,POP_BALLAD,deterministic_mapping,1.0,,,unavailable,data/lyrics/RMVM_S_df4490d904.txt,verified_local,,unavailable,,missing,TIER_A,LYRICS_ONLY,v1,missing,missing,1,0,0,original_recording,,
RMVM_MB_c9396c8e9f,Và Thế Giới Đã Mất Đi Một Người Cô Đơn,Marzuz,ART_76981b9616,RB_SOUL,musicbrainz_artist_discography,0.85,,,unavailable,,unavailable,,unavailable,2024.0,verified,TIER_B,METADATA_ONLY,v1,verified,verified_crawl,0,0,0,original_recording,,
RMVM_S_d641a942f4,Mắt Lệ Cho Người Tình,Phi Khanh,ART_daf791b473,INSTRUMENTAL,source_tag_verification,0.85,,,unavailable,data/lyrics/RMVM_S_d641a942f4.txt,verified_local,,unavailable,,missing,TIER_B,LYRICS_ONLY,v1,missing,missing,1,0,0,original_recording,,
RMVM_S_9fd2b0d34b,Em Viết Nên,Trang,ART_c786f96bb9,POP_BALLAD,deterministic_mapping,1.0,,,unavailable,data/lyrics/RMVM_S_9fd2b0d34b.txt,verified_local,,unavailable,,missing,TIER_A,LYRICS_ONLY,v1,missing,missing,1,0,0,original_recording,,
RMVM_S_e02bb57887,Cảm Ơn Đã Đi Cùng Anh Qua Bao Sóng Gió (Remix),Hà Ngọc Thanh,ART_0a2076a5d2,DANCE_EDM,deterministic_mapping,1.0,,,unavailable,data/lyrics/RMVM_S_e02bb57887.txt,verified_local,,unavailable,,missing,TIER_A,LYRICS_ONLY,v1,missing,missing,1,0,0,original_recording,,
RMVM_S_8a85fda1db,Sao Lại Đau Đến Vậy,HKT,ART_726f3488cf,POP_BALLAD,deterministic_mapping,1.0,,,unavailable,data/lyrics/RMVM_S_8a85fda1db.txt,verified_local,,unavailable,,missing,TIER_A,LYRICS_ONLY,v1,missing,missing,1,0,0,original_recording,,
RMVM_S_7fc4b54a2f,Có Em Ở Đây Rồi (Remix),"Chu Duyên, CT",ART_b4345360ad,POP_BALLAD,deterministic_mapping,1.0,,,unavailable,data/lyrics/RMVM_S_7fc4b54a2f.txt,verified_local,,unavailable,,missing,TIER_A,LYRICS_ONLY,v1,missing,missing,1,0,0,original_recording,,
RMVM_S_0e706351f3,Đừng Bắt Anh Nuôi Hy Vọng,Khánh Dũng,ART_6c3a7ae49a,POP_BALLAD,deterministic_mapping,1.0,,,unavailable,data/lyrics/RMVM_S_0e706351f3.txt,verified_local,,unavailable,,missing,TIER_A,LYRICS_ONLY,v1,missing,missing,1,0,0,original_recording,,
RMVM_S_85362c1e28,Ai Cũng Quên Đi Tháng Năm Êm Đềm,"Thành Tar, RamC",ART_a4a96acd2d,POP_BALLAD,deterministic_mapping,1.0,,,unavailable,data/lyrics/RMVM_S_85362c1e28.txt,verified_local,,unavailable,,missing,TIER_A,LYRICS_ONLY,v1,missing,missing,1,0,0,original_recording,,
RMVM_S_7b7ae39f34,Em Vui Đi,Phutoro,ART_7118111198,RAP_HIPHOP,deterministic_mapping,1.0,,,unavailable,data/lyrics/RMVM_S_7b7ae39f34.txt,verified_local,,unavailable,,missing,TIER_A,LYRICS_ONLY,v1,missing,missing,1,0,0,original_recording,,
RMVM_S_6691cf1179,Giọt Nước Mắt Ngà,Họa Mi,ART_bf4b42fccd,INSTRUMENTAL,source_tag_verification,0.85,,,unavailable,data/lyrics/RMVM_S_6691cf1179.txt,verified_local,,unavailable,,missing,TIER_B,LYRICS_ONLY,v1,missing,missing,1,0,0,original_recording,,
RMVM_S_caef957143,Anh Chỉ Là Người Đến Sau Mà,"Tiến Thanh, Huỳnh Toàn",ART_9df485a500,POP_BALLAD,deterministic_mapping,0.85,,,unavailable,,unavailable,,unavailable,,missing,TIER_B,METADATA_ONLY,v1,missing,missing,0,0,0,original_recording,,
RMVM_S_ff453d8f50,Gặp Nhau Một Thời Xa Nhau Một Đời (Version 2),Đình Bình,ART_9fba9285bb,POP_BALLAD,deterministic_mapping,1.0,,,unavailable,data/lyrics/RMVM_S_ff453d8f50.txt,verified_local,,unavailable,,missing,TIER_A,LYRICS_ONLY,v1,missing,missing,1,0,0,original_recording,,
RMVM_MB_7126d82d88,My Everything,Tiên Tiên,ART_692ad687f0,RB_SOUL,musicbrainz_artist_discography,0.85,,,unavailable,,unavailable,,unavailable,2015.0,verified,TIER_B,METADATA_ONLY,v1,verified,verified_crawl,0,0,0,original_recording,,
RMVM_S_09bb21950e,Ai Cũng Yêu Chú Mèo,Khánh Vy,ART_5de97c6d1a,CHILDREN,deterministic_mapping,1.0,,,unavailable,data/lyrics/RMVM_S_09bb21950e.txt,verified_local,,unavailable,,missing,TIER_A,LYRICS_ONLY,v1,missing,missing,1,0,0,original_recording,,
RMVM_S_b5102e9ae7,Gọi Tên Hạnh Phúc,Diệu Đan,ART_cdeaf1410d,OTHER,curated_out_of_taxonomy,0.9,Religious / Sacred spiritual Vietnamese music,,unavailable,,unavailable,,unavailable,,missing,TIER_B,METADATA_ONLY,v1,missing,missing,0,0,0,original_recording,,
RMVM_MB_1ab8ca796d,Có khi nào,Vân Khánh,ART_fdc4292814,FOLK_TRADITIONAL,musicbrainz_artist_discography,0.85,,,unavailable,,unavailable,,unavailable,,missing,TIER_B,METADATA_ONLY,v1,missing,missing,0,0,0,original_recording,,
RMVM_S_84fbc3281a,Tự Mình (Ballad Version),Thanh Duy,ART_3a94a981ef,POP_BALLAD,deterministic_mapping,1.0,,,unavailable,data/lyrics/RMVM_S_84fbc3281a.txt,verified_local,,unavailable,,missing,TIER_A,LYRICS_ONLY,v1,missing,missing,1,0,0,original_recording,,
RMVM_S_66f0f7d2de,Hoa Bàng Vuông Của Cha,Bé Bào Ngư,ART_d278399f73,CHILDREN,deterministic_mapping,1.0,,,unavailable,data/lyrics/RMVM_S_66f0f7d2de.txt,verified_local,,unavailable,,missing,TIER_A,LYRICS_ONLY,v1,missing,missing,1,0,0,original_recording,,
RMVM_S_8f8635fd78,Anh Yêu Em Đơn Phương Đấy (Piano Version),Gin Tuấn Kiệt,ART_20d7360600,POP_BALLAD,deterministic_mapping,1.0,,,unavailable,data/lyrics/RMVM_S_8f8635fd78.txt,verified_local,,unavailable,,missing,TIER_A,LYRICS_ONLY,v1,missing,missing,1,0,0,original_recording,,
RMVM_MB_581688a5d7,Em Mới Là Người Yêu Anh (Acoustic Version),Min,ART_d8bd79cc13,RB_SOUL,musicbrainz_artist_discography,0.85,,,unavailable,,unavailable,,unavailable,2018.0,verified,TIER_B,METADATA_ONLY,v1,verified,verified_crawl,0,0,0,original_recording,,
RMVM_S_508ddb81e3,Chưa Muốn Lấy Chồng (Remix),Hạnh Tiên,ART_d966f98c3d,POP_BALLAD,deterministic_mapping,1.0,,,unavailable,,unavailable,data/covers/RMVM_S_508ddb81e3.jpg,verified_local,,missing,TIER_A,COVER_ONLY,v1,missing,missing,0,1,0,original_recording,,
RMVM_S_16017e72e6,Sáng Chủ Nhật Dịu Dàng,Hà Minh Nguyệt,ART_03e4819b97,POP_BALLAD,deterministic_mapping,1.0,,,unavailable,data/lyrics/RMVM_S_16017e72e6.txt,verified_local,,unavailable,,missing,TIER_A,LYRICS_ONLY,v1,missing,missing,1,0,0,original_recording,,
RMVM_MB_451ed02939,Em tôi,Trọng Tấn,ART_e45d081f4c,REVOLUTIONARY,musicbrainz_artist_discography,0.85,,,unavailable,,unavailable,,unavailable,2012.0,verified,TIER_B,METADATA_ONLY,v1,verified,verified_crawl,0,0,0,original_recording,,
RMVM_S_a1c3bde3ad,Bài Tango Cuối Cùng,Loan Châu,ART_330a874d37,BOLERO_TRUTINH,deterministic_mapping,1.0,,,unavailable,data/lyrics/RMVM_S_a1c3bde3ad.txt,verified_local,,unavailable,,missing,TIER_A,LYRICS_ONLY,v1,missing,missing,1,0,0,original_recording,,
RMVM_S_3bb8774f84,Đưa Đò (Beat),Sky Nguyễn,ART_c1cd36cdf3,POP_BALLAD,deterministic_mapping,1.0,,,unavailable,data/lyrics/RMVM_S_3bb8774f84.txt,verified_local,,unavailable,,missing,TIER_A,LYRICS_ONLY,v1,missing,missing,1,0,0,original_recording,,
RMVM_S_3821d383ed,Sao Lòng Còn Thương,"Thanh Ngân, Võ Minh Lê",ART_a98aeae1a1,POP_BALLAD,deterministic_mapping,1.0,,,unavailable,,unavailable,data/covers/RMVM_S_3821d383ed.jpg,verified_local,,missing,TIER_A,COVER_ONLY,v1,missing,missing,0,1,0,original_recording,,
RMVM_S_871be5cc71,Bước Thời Gian,Lê Vy,ART_0e30d7496e,POP_BALLAD,deterministic_mapping,1.0,,,unavailable,data/lyrics/RMVM_S_871be5cc71.txt,verified_local,,unavailable,,missing,TIER_A,LYRICS_ONLY,v1,missing,missing,1,0,0,original_recording,,
RMVM_MB_e865f0ce6f,Xin đừng quay lại,Bằng Kiều,ART_e70c837c14,NHAC_TRINH,musicbrainz_artist_discography,0.85,,,unavailable,,unavailable,,unavailable,2010.0,verified,TIER_B,METADATA_ONLY,v1,verified,verified_crawl,0,0,0,original_recording,,
RMVM_S_6a006c4f4f,Anh Say Rồi,Bùi Vĩnh Phúc,ART_d6ddbdf499,POP_BALLAD,deterministic_mapping,1.0,,,unavailable,data/lyrics/RMVM_S_6a006c4f4f.txt,verified_local,data/covers/RMVM_S_6a006c4f4f.jpg,verified_local,,missing,TIER_A,LYRICS_COVER,v1,missing,missing,1,1,0,original_recording,,
RMVM_S_c245b458d3,Ca Sĩ Nhạc Pop,"OSAD, Captain",ART_2b6dd1d2aa,RB_SOUL,deterministic_mapping,1.0,,,unavailable,data/lyrics/RMVM_S_c245b458d3.txt,verified_local,,unavailable,,missing,TIER_A,LYRICS_ONLY,v1,missing,missing,1,0,0,original_recording,,
RMVM_S_f3776491ac,LK Chán Nản & Nỗi Buồn,"Khánh Hà, Trần Thu Hà",ART_96ac6234fc,BOLERO_TRUTINH,deterministic_mapping,1.0,,,unavailable,,unavailable,,unavailable,,missing,TIER_A,METADATA_ONLY,v1,missing,missing,0,0,0,original_recording,,
RMVM_S_592065ee05,Nước Mắt Muộn Màng (Nam Con Remix),Khả Hiệp,ART_6a21264362,POP_BALLAD,deterministic_mapping,1.0,,,unavailable,data/lyrics/RMVM_S_592065ee05.txt,verified_local,,unavailable,,missing,TIER_A,LYRICS_ONLY,v1,missing,missing,1,0,0,original_recording,,
RMVM_MB_905e425f87,Say You Do,Tiên Tiên,ART_692ad687f0,RB_SOUL,musicbrainz_artist_discography,0.85,,,unavailable,,unavailable,,unavailable,2014.0,verified,TIER_B,METADATA_ONLY,v1,verified,verified_crawl,0,0,0,original_recording,,
RMVM_S_8021f6db57,Mẹ Từ Bi,Bé Mai Vy,ART_04fe13b603,OTHER,curated_out_of_taxonomy,0.9,Religious / Sacred spiritual Vietnamese music,,unavailable,,unavailable,data/covers/RMVM_S_8021f6db57.jpg,verified_local,,missing,TIER_B,COVER_ONLY,v1,missing,missing,0,1,0,original_recording,,
RMVM_S_4a627a8495,Ít Nhưng Dài Lâu (Nam Con Remix),"Chu Thúy Quỳnh, Yan Nguyễn",ART_116f7949f1,DANCE_EDM,deterministic_mapping,1.0,,,unavailable,data/lyrics/RMVM_S_4a627a8495.txt,verified_local,,unavailable,,missing,TIER_A,LYRICS_ONLY,v1,missing,missing,1,0,0,original_recording,,
RMVM_S_7248cd151c,Nhói Tâm Can,"Nhựt 2NT, LOKI",ART_7d5a4c0fcf,POP_BALLAD,deterministic_mapping,1.0,,,unavailable,data/lyrics/RMVM_S_7248cd151c.txt,verified_local,,unavailable,,missing,TIER_A,LYRICS_ONLY,v1,missing,missing,1,0,0,original_recording,,
RMVM_S_e148c0636f,Tìm Người Nhà,Ngọt,ART_c5e40683b5,POP_BALLAD,deterministic_mapping,1.0,,,unavailable,data/lyrics/RMVM_S_e148c0636f.txt,verified_local,,unavailable,,missing,TIER_A,LYRICS_ONLY,v1,missing,missing,1,0,0,original_recording,,
RMVM_S_bcaf7e553f,Biển Ơi Hát Cùng Tôi,Nguyễn Phi Hùng,ART_8b396f08ea,POP_BALLAD,deterministic_mapping,1.0,,,unavailable,data/lyrics/RMVM_S_bcaf7e553f.txt,verified_local,,unavailable,,missing,TIER_A,LYRICS_ONLY,v1,missing,missing,1,0,0,original_recording,,
RMVM_S_5ee6d75da8,HƯƠNG TÓC MẠ NON (LOFI VERSION),Bùi Phi Long,ART_725ffd36a2,BOLERO_TRUTINH,deterministic_mapping,1.0,,,unavailable,data/lyrics/RMVM_S_5ee6d75da8.txt,verified_local,,unavailable,,missing,TIER_A,LYRICS_ONLY,v1,missing,missing,1,0,0,original_recording,,
RMVM_S_71e9c74cd6,Bay Lên Đáp Xuống,"Billy100, Hành Or",ART_9608a16b92,POP_BALLAD,deterministic_mapping,1.0,,,unavailable,data/lyrics/RMVM_S_71e9c74cd6.txt,verified_local,data/covers/RMVM_S_71e9c74cd6.jpg,verified_local,,missing,TIER_A,LYRICS_COVER,v1,missing,missing,1,1,0,original_recording,,
RMVM_S_474ae2e0f9,Cho Một Thời Yêu Dấu,Phương Thùy,ART_739efe7def,BOLERO_TRUTINH,deterministic_mapping,1.0,,,unavailable,data/lyrics/RMVM_S_474ae2e0f9.txt,verified_local,,unavailable,,missing,TIER_A,LYRICS_ONLY,v1,missing,missing,1,0,0,original_recording,,
RMVM_S_0452f2f281,Khi Tình Yêu Đã Mất,Thu Phương,ART_4933834873,POP_BALLAD,deterministic_mapping,1.0,,,unavailable,data/lyrics/RMVM_S_0452f2f281.txt,verified_local,,unavailable,,missing,TIER_A,LYRICS_ONLY,v1,missing,missing,1,0,0,original_recording,,
RMVM_S_0369da2d87,Lữ Khách Qua Thời Gian (Remake),Nhật Hào,ART_e9beed3387,POP_BALLAD,deterministic_mapping,1.0,,,unavailable,,unavailable,data/covers/RMVM_S_0369da2d87.jpg,verified_local,,missing,TIER_A,COVER_ONLY,v1,missing,missing,0,1,0,original_recording,,
RMVM_S_36c770f88d,Nếu Một Ngày Em Đến,Hoàng Thiên Long,ART_d858b334cb,POP_BALLAD,deterministic_mapping,1.0,,,unavailable,data/lyrics/RMVM_S_36c770f88d.txt,verified_local,,unavailable,,missing,TIER_A,LYRICS_ONLY,v1,missing,missing,1,0,0,original_recording,,
RMVM_S_b32bb7a518,Những Lời Hứa Bỏ Quên (Remix),Trương Lý Hoàng,ART_40c2514472,POP_BALLAD,deterministic_mapping,0.85,,,unavailable,,unavailable,,unavailable,,missing,TIER_B,METADATA_ONLY,v1,missing,missing,0,0,0,original_recording,,
RMVM_S_0dc4f7e675,Mưa Vô Tình Và Em Cũng Vô Tình,Nguyễn Phi Hùng,ART_8b396f08ea,POP_BALLAD,deterministic_mapping,1.0,,,unavailable,data/lyrics/RMVM_S_0dc4f7e675.txt,verified_local,,unavailable,,missing,TIER_A,LYRICS_ONLY,v1,missing,missing,1,0,0,original_recording,,
RMVM_S_da71394d09,Tháng 7 Của Anh (Masew Mix),"Khói, Masew",ART_35657d6229,RAP_HIPHOP,deterministic_mapping,1.0,,,unavailable,data/lyrics/RMVM_S_da71394d09.txt,verified_local,,unavailable,,missing,TIER_A,LYRICS_ONLY,v1,missing,missing,1,0,0,original_recording,,
RMVM_S_6ffe86439a,Cùng Hát Hallelujah,Isaac Thái,ART_84028ff2d2,OTHER,curated_out_of_taxonomy,0.9,Religious / Sacred spiritual Vietnamese music,,unavailable,,unavailable,,unavailable,,missing,TIER_B,METADATA_ONLY,v1,missing,missing,0,0,0,original_recording,,
RMVM_MB_38bf5748a2,Còn thấy mặt người,Khánh Ly,ART_2a0e02284a,NHAC_TRINH,musicbrainz_artist_discography,0.85,,,unavailable,,unavailable,,unavailable,1992.0,verified,TIER_B,METADATA_ONLY,v1,verified,verified_crawl,0,0,0,original_recording,,
RMVM_S_45823fe135,Người Con Gái Anh Không Thể Quên (Piano Version),Mr. Siro,ART_2af03d03f2,POP_BALLAD,deterministic_mapping,1.0,,,unavailable,data/lyrics/RMVM_S_45823fe135.txt,verified_local,,unavailable,,missing,TIER_A,LYRICS_ONLY,v1,missing,missing,1,0,0,original_recording,,
RMVM_S_355faefec8,Anh Thế Giới Và Em (Beat),Hương Tràm,ART_e920f3a510,POP_BALLAD,deterministic_mapping,1.0,,,unavailable,data/lyrics/RMVM_S_355faefec8.txt,verified_local,,unavailable,,missing,TIER_A,LYRICS_ONLY,v1,missing,missing,1,0,0,original_recording,,
RMVM_S_7883aac61f,Con Tim Anh Tan Thành Mây Khói,Trung Tự,ART_4382e8c9bb,POP_BALLAD,deterministic_mapping,1.0,,,unavailable,data/lyrics/RMVM_S_7883aac61f.txt,verified_local,,unavailable,,missing,TIER_A,LYRICS_ONLY,v1,missing,missing,1,0,0,original_recording,,
RMVM_S_29c3bc7e3f,Khi Một Mình,Hồ Quỳnh Hương,ART_b84167a040,BOLERO_TRUTINH,deterministic_mapping,1.0,,,unavailable,data/lyrics/RMVM_S_29c3bc7e3f.txt,verified_local,,unavailable,,missing,TIER_A,LYRICS_ONLY,v1,missing,missing,1,0,0,original_recording,,
RMVM_MB_21646e7cc4,Tiếng Chim Đa Đa,Quang Linh,ART_3a6003b287,FOLK_TRADITIONAL,musicbrainz_artist_discography,0.85,,,unavailable,,unavailable,,unavailable,1999.0,verified,TIER_B,METADATA_ONLY,v1,verified,verified_crawl,0,0,0,original_recording,,
RMVM_S_aa3f8bb087,Bài Không Tên Cuối Cùng - Bài Không Tên Cuối Cùng Tiếp Nối,Phương Phương Thảo,ART_97b8e28671,POP_BALLAD,deterministic_mapping,1.0,,,unavailable,data/lyrics/RMVM_S_aa3f8bb087.txt,verified_local,,unavailable,,missing,TIER_A,LYRICS_ONLY,v1,missing,missing,1,0,0,original_recording,,
RMVM_S_8f027077ca,Quyết Không Ngã Quỵ,Ngô Viết Trung,ART_a4cf8d25af,POP_BALLAD,deterministic_mapping,1.0,,,unavailable,data/lyrics/RMVM_S_8f027077ca.txt,verified_local,,unavailable,,missing,TIER_A,LYRICS_ONLY,v1,missing,missing,1,0,0,original_recording,,
RMVM_MB_a837ad2bab,Hết Yêu,HIEUTHUHAI,ART_b196424628,RAP_HIPHOP,musicbrainz_artist_discography,0.85,,,unavailable,,unavailable,,unavailable,2026.0,verified,TIER_B,METADATA_ONLY,v1,verified,verified_crawl,0,0,0,original_recording,,
RMVM_S_964aebb50d,Xuân Bên Anh,Trang Nhung,ART_8d87063614,POP_BALLAD,deterministic_mapping,1.0,,,unavailable,data/lyrics/RMVM_S_964aebb50d.txt,verified_local,,unavailable,,missing,TIER_A,LYRICS_ONLY,v1,missing,missing,1,0,0,original_recording,,
RMVM_S_e971637704,"Đừng Yêu Nữa, Em Mệt Rồi (Cover)",Nguyễn Trần Trung Quân,ART_842a1031cf,POP_BALLAD,deterministic_mapping,1.0,,,unavailable,data/lyrics/RMVM_S_e971637704.txt,verified_local,,unavailable,,missing,TIER_A,LYRICS_ONLY,v1,missing,missing,1,0,0,original_recording,,
RMVM_S_8edba72117,Nỗi Buồn Mẹ Tôi,Dương Hồng Loan,ART_ef4a4d3768,BOLERO_TRUTINH,deterministic_mapping,1.0,,,unavailable,data/lyrics/RMVM_S_8edba72117.txt,verified_local,,unavailable,,missing,TIER_A,LYRICS_ONLY,v1,missing,missing,1,0,0,original_recording,,
RMVM_S_3c466179e5,Đà Lạt Thật Buồn Khi Không Anh,Bảo Uyên,ART_f385b335b6,POP_BALLAD,deterministic_mapping,1.0,,,unavailable,data/lyrics/RMVM_S_3c466179e5.txt,verified_local,,unavailable,,missing,TIER_A,LYRICS_ONLY,v1,missing,missing,1,0,0,original_recording,,
RMVM_S_d2ca104d0f,Chung Mảnh Trăng Thề,Phương Jimmy,ART_20eb80b33d,BOLERO_TRUTINH,deterministic_mapping,1.0,,,unavailable,data/lyrics/RMVM_S_d2ca104d0f.txt,verified_local,,unavailable,,missing,TIER_A,LYRICS_ONLY,v1,missing,missing,1,0,0,original_recording,,
RMVM_S_05d309d46e,Người Lạ Đã Từng Thương,Nhật Tinh Anh,ART_497554b7f8,POP_BALLAD,deterministic_mapping,1.0,,,unavailable,data/lyrics/RMVM_S_05d309d46e.txt,verified_local,,unavailable,,missing,TIER_A,LYRICS_ONLY,v1,missing,missing,1,0,0,original_recording,,
RMVM_MB_6bee123ad6,Cho em quên tuổi ngọc,Bảo Yến,ART_43fbb5fa06,NHAC_TRINH,musicbrainz_artist_discography,0.85,,,unavailable,,unavailable,,unavailable,2015.0,verified,TIER_B,METADATA_ONLY,v1,verified,verified_crawl,0,0,0,original_recording,,
RMVM_S_802e6e651b,Định Mệnh Ta Gặp Nhau (Disco Remix),"Tuấn Chung, Dương Huỳnh Khang",ART_48ae56abee,POP_BALLAD,deterministic_mapping,1.0,,,unavailable,data/lyrics/RMVM_S_802e6e651b.txt,verified_local,,unavailable,,missing,TIER_A,LYRICS_ONLY,v1,missing,missing,1,0,0,original_recording,,
RMVM_S_243b3f898f,"LK Đã Không Yêu Thì Thôi, Dĩ Vãng Cuộc Tình",Anny Hằng,ART_ef7f99bb94,POP_BALLAD,deterministic_mapping,1.0,,,unavailable,,unavailable,data/covers/RMVM_S_243b3f898f.jpg,verified_local,,missing,TIER_A,COVER_ONLY,v1,missing,missing,0,1,0,original_recording,,
RMVM_S_1884b5efcf,Ai Lên Xứ Hoa Đào,Võ Minh Lê,ART_4a80ecbc64,POP_BALLAD,deterministic_mapping,1.0,,,unavailable,,unavailable,data/covers/RMVM_S_1884b5efcf.jpg,verified_local,,missing,TIER_A,COVER_ONLY,v1,missing,missing,0,1,0,original_recording,,
RMVM_S_0d6756db00,Định Nghĩa Vô Thường,Trường Kha,ART_abe0f2439b,OTHER,curated_out_of_taxonomy,0.9,Religious / Sacred spiritual Vietnamese music,,unavailable,,unavailable,,unavailable,,missing,TIER_B,METADATA_ONLY,v1,missing,missing,0,0,0,original_recording,,
RMVM_S_b053477007,Anh Sẽ Đưa Em Đi,"KISSY, Tân Trần",ART_5129671c98,POP_BALLAD,deterministic_mapping,1.0,,,unavailable,data/lyrics/RMVM_S_b053477007.txt,verified_local,,unavailable,,missing,TIER_A,LYRICS_ONLY,v1,missing,missing,1,0,0,original_recording,,
RMVM_S_665c3f8350,ĐÁNH ĐỔI CẢ THANH XUÂN (Nguyễn An An x TN Remix),An An,ART_1364f1fcf5,POP_BALLAD,deterministic_mapping,1.0,,,unavailable,,unavailable,data/covers/RMVM_S_665c3f8350.jpg,verified_local,,missing,TIER_A,COVER_ONLY,v1,missing,missing,0,1,0,original_recording,,
RMVM_S_4e11c154ed,Ăn Cơm Anh Nấu,"Otis, Ricky Star",ART_174f46a4df,POP_BALLAD,deterministic_mapping,1.0,,,unavailable,data/lyrics/RMVM_S_4e11c154ed.txt,verified_local,,unavailable,,missing,TIER_A,LYRICS_ONLY,v1,missing,missing,1,0,0,original_recording,,
RMVM_S_03b9183bbb,Đôi Khi Muốn,Phạm Trưởng,ART_4d4476e4b2,POP_BALLAD,deterministic_mapping,1.0,,,unavailable,data/lyrics/RMVM_S_03b9183bbb.txt,verified_local,,unavailable,,missing,TIER_A,LYRICS_ONLY,v1,missing,missing,1,0,0,original_recording,,
RMVM_S_e57aed2b5f,Tình Đợi Mong,Thế Sơn,ART_67eb934159,INSTRUMENTAL,source_tag_verification,0.85,,,unavailable,data/lyrics/RMVM_S_e57aed2b5f.txt,verified_local,,unavailable,,missing,TIER_B,LYRICS_ONLY,v1,missing,missing,1,0,0,original_recording,,
RMVM_S_cc66b1562d,Bỏ Lại Nơi Thương Nhớ (Bắc Kim Thang OST),Ngọc Linh,ART_c085126a49,POP_BALLAD,deterministic_mapping,1.0,,,unavailable,data/lyrics/RMVM_S_cc66b1562d.txt,verified_local,,unavailable,,missing,TIER_A,LYRICS_ONLY,v1,missing,missing,1,0,0,original_recording,,
RMVM_S_836b51e415,Chúc Mừng Hạnh Phúc,Mắt Ngọc,ART_6cfbee5e76,POP_BALLAD,deterministic_mapping,1.0,,,unavailable,data/lyrics/RMVM_S_836b51e415.txt,verified_local,,unavailable,,missing,TIER_A,LYRICS_ONLY,v1,missing,missing,1,0,0,original_recording,,
RMVM_S_f3b7222e3c,Người Lạ Nơi Cuối Chân Trời,"LK, JustaTee",ART_f47ad8df83,POP_BALLAD,deterministic_mapping,1.0,,,unavailable,data/lyrics/RMVM_S_f3b7222e3c.txt,verified_local,,unavailable,,missing,TIER_A,LYRICS_ONLY,v1,missing,missing,1,0,0,original_recording,,
RMVM_S_36254282a8,Anh Chưa Thương Em Đến Vậy Đâu & Như Những Phút Ban Đầu,"Myra Trần, Võ Hạ Trâm",ART_25e42253a8,POP_BALLAD,vietlyrics_curated,0.95,,,missing_unmaterialized,,missing,,missing,,missing,TIER_A,XXX,v2,missing,missing,0,0,0,original_recording,sunbv56_song_dataset+vietlyrics,Z6BZ7WBD
RMVM_S_c15e65d792,Ai Rồi Cũng Sẽ Khác,Quang Hà,ART_ec331abb47,POP_BALLAD,deterministic_mapping,1.0,,,unavailable,data/lyrics/RMVM_S_c15e65d792.txt,verified_local,,unavailable,,missing,TIER_A,LYRICS_ONLY,v1,missing,missing,1,0,0,original_recording,,
RMVM_MB_6c9354ea7f,Shield of Faith,Cam,ART_ad017e9d66,RAP_HIPHOP,musicbrainz_artist_discography,0.85,,,unavailable,,unavailable,,unavailable,2006.0,verified,TIER_B,METADATA_ONLY,v1,verified,verified_crawl,0,0,0,original_recording,,
RMVM_S_315b717526,Một Lần Miên Viễn Xót Xa,Thế Sơn,ART_67eb934159,BOLERO_TRUTINH,deterministic_mapping,1.0,,,unavailable,data/lyrics/RMVM_S_315b717526.txt,verified_local,,unavailable,,missing,TIER_A,LYRICS_ONLY,v1,missing,missing,1,0,0,original_recording,,
RMVM_S_f33ec8c4a5,Khóc Một Cuộc Tình,Mai Tuấn,ART_b4d3323fac,BOLERO_TRUTINH,deterministic_mapping,1.0,,,unavailable,data/lyrics/RMVM_S_f33ec8c4a5.txt,verified_local,,unavailable,,missing,TIER_A,LYRICS_ONLY,v1,missing,missing,1,0,0,original_recording,,
RMVM_MB_c1b14cedee,Do You,Onionn,ART_6972eb2860,DANCE_EDM,musicbrainz_artist_discography,0.85,,,unavailable,,unavailable,,unavailable,2022.0,verified,TIER_B,METADATA_ONLY,v1,verified,verified_crawl,0,0,0,original_recording,,
RMVM_S_59dae312e8,Vì Không Giữ,Khánh Đơn,ART_3057e7080f,POP_BALLAD,deterministic_mapping,1.0,,,unavailable,data/lyrics/RMVM_S_59dae312e8.txt,verified_local,,unavailable,,missing,TIER_A,LYRICS_ONLY,v1,missing,missing,1,0,0,original_recording,,
RMVM_S_5e52339274,Chào Cô Bé,Yamix Hầu Ca,ART_049ac68f9a,POP_BALLAD,deterministic_mapping,1.0,,,unavailable,data/lyrics/RMVM_S_5e52339274.txt,verified_local,,unavailable,,missing,TIER_A,LYRICS_ONLY,v1,missing,missing,1,0,0,original_recording,,
RMVM_MB_126c29289b,Tìm lại,Microwave,ART_6cfaeb6caa,ROCK,musicbrainz_artist_discography,0.85,,,unavailable,,unavailable,,unavailable,2005.0,verified,TIER_B,METADATA_ONLY,v1,verified,verified_crawl,0,0,0,original_recording,,
RMVM_S_3c4403ea0e,Chuyện Mây Trời Cứ Để Gió Cuốn,"Luxuyen, Nhax, VoVanDuc",ART_eb94259cc8,POP_BALLAD,deterministic_mapping,1.0,,,unavailable,data/lyrics/RMVM_S_3c4403ea0e.txt,verified_local,,unavailable,,missing,TIER_A,LYRICS_ONLY,v1,missing,missing,1,0,0,original_recording,,
RMVM_S_cd6eae756b,Bức Thư Gởi Lên Thiên Đường,Trường Kha,ART_abe0f2439b,OTHER,curated_out_of_taxonomy,0.9,Religious / Sacred spiritual Vietnamese music,,unavailable,,unavailable,,unavailable,,missing,TIER_B,METADATA_ONLY,v1,missing,missing,0,0,0,original_recording,,
RMVM_S_a9d8e29b1c,Bỏ Phật Nhập Ma,Thái Quỳnh,ART_b7deac8c97,OTHER,curated_out_of_taxonomy,0.9,Religious / Sacred spiritual Vietnamese music,,unavailable,,unavailable,,unavailable,,missing,TIER_B,METADATA_ONLY,v1,missing,missing,0,0,0,original_recording,,
RMVM_S_769629db6b,Tôi Khóc Trong Đêm,Nhật Hào,ART_e9beed3387,POP_BALLAD,deterministic_mapping,1.0,,,unavailable,data/lyrics/RMVM_S_769629db6b.txt,verified_local,,unavailable,,missing,TIER_A,LYRICS_ONLY,v1,missing,missing,1,0,0,original_recording,,
RMVM_S_a981b9d8e1,Anh Đã Quên Mùa Thu,Dalena,ART_8c9420e266,INSTRUMENTAL,source_tag_verification,0.85,,,unavailable,data/lyrics/RMVM_S_a981b9d8e1.txt,verified_local,,unavailable,,missing,TIER_B,LYRICS_ONLY,v1,missing,missing,1,0,0,original_recording,,
RMVM_S_c46ad1d614,Còn Lại Xót Xa,Song Giang,ART_7bdacfa504,POP_BALLAD,deterministic_mapping,1.0,,,unavailable,data/lyrics/RMVM_S_c46ad1d614.txt,verified_local,,unavailable,,missing,TIER_A,LYRICS_ONLY,v1,missing,missing,1,0,0,original_recording,,
RMVM_S_b9c00c5a4f,Khóc Nơi Ta Cười,Nhiều nghệ sĩ,ART_736b531937,POP_BALLAD,deterministic_mapping,1.0,,,unavailable,data/lyrics/RMVM_S_b9c00c5a4f.txt,verified_local,,unavailable,,missing,TIER_A,LYRICS_ONLY,v1,missing,missing,1,0,0,original_recording,,
RMVM_S_94be221fe0,Ai Rồi Cũng Thay Đổi,"Lâm Chấn Khang, Đông Thiên Đức",ART_fcc8493a26,POP_BALLAD,deterministic_mapping,1.0,,,unavailable,data/lyrics/RMVM_S_94be221fe0.txt,verified_local,,unavailable,,missing,TIER_A,LYRICS_ONLY,v1,missing,missing,1,0,0,original_recording,,
RMVM_S_56363e6446,Hạ Còn Vương Nắng,"DatKaa, Kido",ART_e1d40ad7bd,POP_BALLAD,deterministic_mapping,1.0,,,unavailable,data/lyrics/RMVM_S_56363e6446.txt,verified_local,,unavailable,,missing,TIER_A,LYRICS_ONLY,v1,missing,missing,1,0,0,original_recording,,
RMVM_S_25ea3ca9a2,Áo Anh Sứt Chỉ,"Quang Lê, Elvis Phương",ART_b4e7633615,BOLERO_TRUTINH,deterministic_mapping,1.0,,,unavailable,data/lyrics/RMVM_S_25ea3ca9a2.txt,verified_local,,unavailable,,missing,TIER_A,LYRICS_ONLY,v1,missing,missing,1,0,0,original_recording,,
RMVM_S_92b95e1670,Người Cũ Còn Yêu (Beat),Lê Anh Khôi,ART_ca2d9bd7fc,POP_BALLAD,deterministic_mapping,1.0,,,unavailable,data/lyrics/RMVM_S_92b95e1670.txt,verified_local,,unavailable,,missing,TIER_A,LYRICS_ONLY,v1,missing,missing,1,0,0,original_recording,,
RMVM_S_2cea172ef5,Bông Mua Tím,Võ Minh Lê,ART_4a80ecbc64,POP_BALLAD,deterministic_mapping,1.0,,,unavailable,data/lyrics/RMVM_S_2cea172ef5.txt,verified_local,,unavailable,,missing,TIER_A,LYRICS_ONLY,v1,missing,missing,1,0,0,original_recording,,
RMVM_S_4a18af78d0,Anh Sợ Mất Em (Remix),The Men,ART_bbb595b853,POP_BALLAD,deterministic_mapping,1.0,,,unavailable,data/lyrics/RMVM_S_4a18af78d0.txt,verified_local,,unavailable,2015.0,verified,TIER_A,LYRICS_ONLY,v1,verified,verified_crawl,1,0,0,original_recording,,
RMVM_S_0292fe854c,Con Vẫn Trông Cậy Chúa,Vy Oanh,ART_4835a2401f,OTHER,curated_out_of_taxonomy,0.9,Religious / Sacred spiritual Vietnamese music,,unavailable,,unavailable,,unavailable,,missing,TIER_B,METADATA_ONLY,v1,missing,missing,0,0,0,original_recording,,
RMVM_S_013f2cd3b3,Một Lần Dang Dở x Đi Qua Cầu Vồng,Nhiều nghệ sĩ,ART_736b531937,POP_BALLAD,deterministic_mapping,1.0,,,unavailable,data/lyrics/RMVM_S_013f2cd3b3.txt,verified_local,,unavailable,2024.0,verified,TIER_A,LYRICS_ONLY,v1,verified,verified_crawl,1,0,0,original_recording,,
RMVM_S_444f81bffa,Em Hậu Phương Anh Tuyền Tuyến,"Mai Lệ Quyên, Nguyễn Phú Quí",ART_3f8ca815e7,BOLERO_TRUTINH,deterministic_mapping,1.0,,,unavailable,data/lyrics/RMVM_S_444f81bffa.txt,verified_local,,unavailable,,missing,TIER_A,LYRICS_ONLY,v1,missing,missing,1,0,0,original_recording,,
RMVM_S_395b704646,Cao Bằng Thân Yêu,Minh Đức,ART_31a9fe9966,BOLERO_TRUTINH,deterministic_mapping,1.0,,,unavailable,data/lyrics/RMVM_S_395b704646.txt,verified_local,data/covers/RMVM_S_395b704646.jpg,verified_local,,missing,TIER_A,LYRICS_COVER,v1,missing,missing,1,1,0,original_recording,,
RMVM_S_c94df68332,Nhớ Em Thầm Gọi Tên,Ưng Hoàng Phúc,ART_f2f942414d,POP_BALLAD,deterministic_mapping,0.85,,,unavailable,,unavailable,,unavailable,,missing,TIER_B,METADATA_ONLY,v1,missing,missing,0,0,0,original_recording,,
RMVM_S_c3673f8137,Anh Cần Em (Acoustic),Wynn,ART_41071e1f5a,POP_BALLAD,vietlyrics_curated,0.95,,,missing_unmaterialized,,missing,,missing,,missing,TIER_A,XXX,v2,missing,missing,0,0,0,original_recording,sunbv56_song_dataset+vietlyrics,ZWAF9I6C
RMVM_S_87147a8270,Chuyện tình nàng trinh nữ tên Thi (The Heroes Version),Uni5,ART_367a25643c,POP_BALLAD,deterministic_mapping,1.0,,,unavailable,data/lyrics/RMVM_S_87147a8270.txt,verified_local,,unavailable,,missing,TIER_A,LYRICS_ONLY,v1,missing,missing,1,0,0,original_recording,,
RMVM_MB_fafd7345aa,Linh hồn vẫn tồn tại,Unlimited,ART_958f470d0b,ROCK,musicbrainz_artist_discography,0.85,,,unavailable,,unavailable,,unavailable,2007.0,verified,TIER_B,METADATA_ONLY,v1,verified,verified_crawl,0,0,0,original_recording,,
RMVM_MB_da2575c983,Nắng hạ,Trần Thái Hòa,ART_1b610001da,NHAC_TRINH,musicbrainz_artist_discography,0.85,,,unavailable,,unavailable,,unavailable,2007.0,verified,TIER_B,METADATA_ONLY,v1,verified,verified_crawl,0,0,0,original_recording,,
RMVM_S_2b41d7b840,Bạn Hay Là Yêu,Vicky Nhung,ART_ed59bd9d6c,POP_BALLAD,deterministic_mapping,1.0,,,unavailable,data/lyrics/RMVM_S_2b41d7b840.txt,verified_local,,unavailable,,missing,TIER_A,LYRICS_ONLY,v1,missing,missing,1,0,0,original_recording,,
RMVM_S_60ec65b0e6,Sóng Vỡ Tình Tan,"Đan Đan, Khánh Đơn",ART_be4b0dfdfd,POP_BALLAD,deterministic_mapping,1.0,,,unavailable,data/lyrics/RMVM_S_60ec65b0e6.txt,verified_local,,unavailable,,missing,TIER_A,LYRICS_ONLY,v1,missing,missing,1,0,0,original_recording,,
RMVM_S_8031f15147,Đường Nào Đến Trái Tim Em,The Wings Band,ART_db12f3b378,POP_BALLAD,deterministic_mapping,1.0,,,unavailable,data/lyrics/RMVM_S_8031f15147.txt,verified_local,,unavailable,,missing,TIER_A,LYRICS_ONLY,v1,missing,missing,1,0,0,original_recording,,
RMVM_S_da3e5f951d,Chưa Từng Luyến Tiếc,3X3 Band,ART_3e4b17cea3,POP_BALLAD,deterministic_mapping,1.0,,,unavailable,data/lyrics/RMVM_S_da3e5f951d.txt,verified_local,,unavailable,,missing,TIER_A,LYRICS_ONLY,v1,missing,missing,1,0,0,original_recording,,
RMVM_S_cfa4f55a1c,Anh Nhớ Gì Không Anh,Trần Thái Hòa,ART_1b610001da,BOLERO_TRUTINH,deterministic_mapping,1.0,,,unavailable,data/lyrics/RMVM_S_cfa4f55a1c.txt,verified_local,,unavailable,,missing,TIER_A,LYRICS_ONLY,v1,missing,missing,1,0,0,original_recording,,
RMVM_S_ac3a694658,Mùa Xuân Cưới Em (Remix),Tâm Đức Tài,ART_58f7a471f0,POP_BALLAD,deterministic_mapping,1.0,,,unavailable,data/lyrics/RMVM_S_ac3a694658.txt,verified_local,,unavailable,,missing,TIER_A,LYRICS_ONLY,v1,missing,missing,1,0,0,original_recording,,
RMVM_S_765fdd5bad,Hương Vị Tình,Lâm Triệu Minh,ART_8acf61bc85,BOLERO_TRUTINH,deterministic_mapping,1.0,,,unavailable,data/lyrics/RMVM_S_765fdd5bad.txt,verified_local,,unavailable,,missing,TIER_A,LYRICS_ONLY,v1,missing,missing,1,0,0,original_recording,,
RMVM_S_cd9817e7b5,Kết Tóc Xe Duyên,Cao Minh,ART_e8f048a384,FOLK_TRADITIONAL,deterministic_mapping,1.0,,,unavailable,,unavailable,data/covers/RMVM_S_cd9817e7b5.jpg,verified_local,,missing,TIER_A,COVER_ONLY,v1,missing,missing,0,1,0,original_recording,,
RMVM_S_8a51204b68,Đành Quên Ký Ức,G.Y.M Band,ART_f0be1bc4c5,POP_BALLAD,deterministic_mapping,1.0,,,unavailable,data/lyrics/RMVM_S_8a51204b68.txt,verified_local,,unavailable,,missing,TIER_A,LYRICS_ONLY,v1,missing,missing,1,0,0,original_recording,,
RMVM_S_05a8ed7fcd,MAX CÔ ĐƠN (OST Đại Ca Đi Học),Đạt Max,ART_80152d222e,POP_BALLAD,deterministic_mapping,1.0,,,unavailable,data/lyrics/RMVM_S_05a8ed7fcd.txt,verified_local,,unavailable,,missing,TIER_A,LYRICS_ONLY,v1,missing,missing,1,0,0,original_recording,,
RMVM_S_da0837f623,Vì Lời Anh Nói,Nhiều nghệ sĩ,ART_736b531937,POP_BALLAD,deterministic_mapping,1.0,,,unavailable,data/lyrics/RMVM_S_da0837f623.txt,verified_local,,unavailable,,missing,TIER_A,LYRICS_ONLY,v1,missing,missing,1,0,0,original_recording,,
RMVM_S_2af4f7831c,Liên Khúc Cha Cha Cha Quân Vương Và Thiếp,"Thanh Ngân, Gia Tiến",ART_e71637f8e2,BOLERO_TRUTINH,deterministic_mapping,1.0,,,unavailable,data/lyrics/RMVM_S_2af4f7831c.txt,verified_local,,unavailable,,missing,TIER_A,LYRICS_ONLY,v1,missing,missing,1,0,0,original_recording,,
RMVM_S_fa9844c5c8,Liên Khúc Cha Cha Cha Hái Hoa Rừng Cho Em,"Thanh Ngân, Gia Tiến",ART_e71637f8e2,BOLERO_TRUTINH,deterministic_mapping,1.0,,,unavailable,data/lyrics/RMVM_S_fa9844c5c8.txt,verified_local,,unavailable,,missing,TIER_A,LYRICS_ONLY,v1,missing,missing,1,0,0,original_recording,,
RMVM_S_37ab32104a,Lk: Ướt Mi,Thanh Hà,ART_52aeafc1b7,POP_BALLAD,deterministic_mapping,1.0,,,unavailable,,unavailable,data/covers/RMVM_S_37ab32104a.jpg,verified_local,,missing,TIER_A,COVER_ONLY,v1,missing,missing,0,1,0,original_recording,,
RMVM_S_7d55bece93,Bóng Nhỏ Đường Chiều,Huỳnh Thật,ART_08c2cfbdd2,BOLERO_TRUTINH,deterministic_mapping,1.0,,,unavailable,data/lyrics/RMVM_S_7d55bece93.txt,verified_local,,unavailable,,missing,TIER_A,LYRICS_ONLY,v1,missing,missing,1,0,0,original_recording,,
RMVM_S_48d0013269,Dù Tha Thứ Cũng Không Xứng Đáng,Khánh Phương,ART_a36111936d,POP_BALLAD,deterministic_mapping,1.0,,,unavailable,data/lyrics/RMVM_S_48d0013269.txt,verified_local,,unavailable,,missing,TIER_A,LYRICS_ONLY,v1,missing,missing,1,0,0,original_recording,,
RMVM_MB_d136e05a8a,Thì thầm với dòng sông,Trọng Tấn,ART_e45d081f4c,REVOLUTIONARY,musicbrainz_artist_discography,0.85,,,unavailable,,unavailable,,unavailable,,missing,TIER_B,METADATA_ONLY,v1,missing,missing,0,0,0,original_recording,,
RMVM_S_9d7d6e0e31,Anh Lầm (Beat),Thành Đại Siêu,ART_b2e564a75e,POP_BALLAD,deterministic_mapping,1.0,,,unavailable,data/lyrics/RMVM_S_9d7d6e0e31.txt,verified_local,,unavailable,,missing,TIER_A,LYRICS_ONLY,v1,missing,missing,1,0,0,original_recording,,
RMVM_S_9c192abf17,Người Em Từng Yêu (Nam Milo Remix),Ngân Ngân,ART_4155bae4a8,DANCE_EDM,deterministic_mapping,1.0,,,unavailable,data/lyrics/RMVM_S_9c192abf17.txt,verified_local,data/covers/RMVM_S_9c192abf17.jpg,verified_local,,missing,TIER_A,LYRICS_COVER,v1,missing,missing,1,1,0,original_recording,,
RMVM_S_50e20b7639,Từ Ngày Tình Bỏ Ra Đi,Khải Đăng,ART_77d10f700c,INSTRUMENTAL,source_tag_verification,0.85,,,unavailable,data/lyrics/RMVM_S_50e20b7639.txt,verified_local,data/covers/RMVM_S_50e20b7639.jpg,verified_local,,missing,TIER_B,LYRICS_COVER,v1,missing,missing,1,1,0,original_recording,,
RMVM_S_24ebfecf87,Thà Làm Áng Mây Trôi,Lâm Chấn Huy,ART_6c383e0ed1,POP_BALLAD,deterministic_mapping,1.0,,,unavailable,data/lyrics/RMVM_S_24ebfecf87.txt,verified_local,,unavailable,,missing,TIER_A,LYRICS_ONLY,v1,missing,missing,1,0,0,original_recording,,
RMVM_MB_2dcc73962d,Con kênh ta đào,Đăng Dương,ART_cbdf1167c1,REVOLUTIONARY,musicbrainz_artist_discography,0.85,,,unavailable,,unavailable,,unavailable,2005.0,verified,TIER_B,METADATA_ONLY,v1,verified,verified_crawl,0,0,0,original_recording,,
RMVM_S_e5eaba623c,Huế Và Em,Dương Nghi Đình,ART_e16e18b912,BOLERO_TRUTINH,deterministic_mapping,1.0,,,unavailable,data/lyrics/RMVM_S_e5eaba623c.txt,verified_local,,unavailable,,missing,TIER_A,LYRICS_ONLY,v1,missing,missing,1,0,0,original_recording,,
RMVM_S_59b80b30e6,Tình Yêu Vô Hướng (Piano Version),"K-ICM, Hồ Tuấn Phúc",ART_45ecce1818,POP_BALLAD,deterministic_mapping,1.0,,,unavailable,data/lyrics/RMVM_S_59b80b30e6.txt,verified_local,,unavailable,,missing,TIER_A,LYRICS_ONLY,v1,missing,missing,1,0,0,original_recording,,
RMVM_S_559eeaacdc,Sầu Đông (Live),Hoài Lâm,ART_29eca983da,POP_BALLAD,deterministic_mapping,1.0,,,unavailable,data/lyrics/RMVM_S_559eeaacdc.txt,verified_local,,unavailable,,missing,TIER_A,LYRICS_ONLY,v1,missing,missing,1,0,0,original_recording,,
RMVM_S_f3d69d8899,Yêu Lần Nữa Không,"A.C Xuân Tài, Thanh Maii",ART_86dacb501d,POP_BALLAD,vietlyrics_curated,0.95,,,missing_unmaterialized,,missing,,missing,,missing,TIER_A,XXX,v2,missing,missing,0,0,0,original_recording,sunbv56_song_dataset+vietlyrics,ZZEED70I
RMVM_MB_c6e1e5599b,Sợi nhớ sợi thương,Lan Anh,ART_666a5520df,REVOLUTIONARY,musicbrainz_artist_discography,0.85,,,unavailable,,unavailable,,unavailable,2017.0,verified,TIER_B,METADATA_ONLY,v1,verified,verified_crawl,0,0,0,original_recording,,
RMVM_MB_112d5e99bb,Thuong ve mien Trung,Thu Hiền,ART_66084b8a1c,REVOLUTIONARY,musicbrainz_artist_discography,0.85,,,unavailable,,unavailable,,unavailable,,missing,TIER_B,METADATA_ONLY,v1,missing,missing,0,0,0,original_recording,,
RMVM_S_a4ecd36e48,Chuyện Xưa Tụi Mình,"Lâm Hoài Phong, Hoàng Tuấn Khang",ART_a690d42d0a,BOLERO_TRUTINH,deterministic_mapping,1.0,,,unavailable,data/lyrics/RMVM_S_a4ecd36e48.txt,verified_local,,unavailable,,missing,TIER_A,LYRICS_ONLY,v1,missing,missing,1,0,0,original_recording,,
RMVM_S_032444b97d,Mượn Đôi Tay Ấm,"Đình Bình, Richi",ART_49ec242149,POP_BALLAD,deterministic_mapping,1.0,,,unavailable,data/lyrics/RMVM_S_032444b97d.txt,verified_local,,unavailable,,missing,TIER_A,LYRICS_ONLY,v1,missing,missing,1,0,0,original_recording,,
RMVM_S_9e4b8b2faa,Đừng Vì Một Người Mà Khóc,Duy Văn Phạm,ART_de7963c829,POP_BALLAD,deterministic_mapping,1.0,,,unavailable,data/lyrics/RMVM_S_9e4b8b2faa.txt,verified_local,,unavailable,,missing,TIER_A,LYRICS_ONLY,v1,missing,missing,1,0,0,original_recording,,
RMVM_S_679d21b4f7,Chuyến Đi Của Thanh Xuân (Chuyến Đi Của Thanh Xuân OST),Suni Hạ Linh,ART_2699cc7e9a,POP_BALLAD,deterministic_mapping,1.0,,,unavailable,data/lyrics/RMVM_S_679d21b4f7.txt,verified_local,,unavailable,,missing,TIER_A,LYRICS_ONLY,v1,missing,missing,1,0,0,original_recording,,
RMVM_MB_f78539ed5e,Con đường tình ta đi,Trần Thái Hòa,ART_1b610001da,NHAC_TRINH,musicbrainz_artist_discography,0.85,,,unavailable,,unavailable,,unavailable,2002.0,verified,TIER_B,METADATA_ONLY,v1,verified,verified_crawl,0,0,0,original_recording,,
RMVM_S_e5336532e4,Câu Hát Lý Theo Chồng,Tài Linh,ART_31534a883f,FOLK_TRADITIONAL,deterministic_mapping,1.0,,,unavailable,data/lyrics/RMVM_S_e5336532e4.txt,verified_local,,unavailable,,missing,TIER_A,LYRICS_ONLY,v1,missing,missing,1,0,0,original_recording,,
RMVM_S_10dfddd237,Xin Đừng Trách Đa Đa,Thiêng Ngân,ART_2a5c2878cb,BOLERO_TRUTINH,deterministic_mapping,1.0,,,unavailable,data/lyrics/RMVM_S_10dfddd237.txt,verified_local,,unavailable,,missing,TIER_A,LYRICS_ONLY,v1,missing,missing,1,0,0,original_recording,,
RMVM_S_fe5be48462,Đừng Nên Trách Nhau,Lữ Bình,ART_f4502e9fb1,POP_BALLAD,deterministic_mapping,1.0,,,unavailable,data/lyrics/RMVM_S_fe5be48462.txt,verified_local,,unavailable,,missing,TIER_A,LYRICS_ONLY,v1,missing,missing,1,0,0,original_recording,,
RMVM_S_2ac3e6754e,Định Mệnh,Đoàn Việt Phương,ART_9bdc86fea0,BOLERO_TRUTINH,deterministic_mapping,1.0,,,unavailable,data/lyrics/RMVM_S_2ac3e6754e.txt,verified_local,data/covers/RMVM_S_2ac3e6754e.jpg,verified_local,,missing,TIER_A,LYRICS_COVER,v1,missing,missing,1,1,0,original_recording,,
RMVM_S_e2da9df7ec,Hạnh Phúc Nào Đợi Ta,Phúc Anh,ART_524e2bb211,POP_BALLAD,deterministic_mapping,1.0,,,unavailable,data/lyrics/RMVM_S_e2da9df7ec.txt,verified_local,data/covers/RMVM_S_e2da9df7ec.jpg,verified_local,,missing,TIER_A,LYRICS_COVER,v1,missing,missing,1,1,0,original_recording,,
RMVM_S_988459dd3c,Khúc Tâm Tình Người Hà Tĩnh,Hoàng Yến,ART_1ae2cbd1f2,POP_BALLAD,deterministic_mapping,0.85,,,unavailable,,unavailable,,unavailable,,missing,TIER_B,METADATA_ONLY,v1,missing,missing,0,0,0,original_recording,,
RMVM_S_14ee424c2a,Chờ Ai Đêm Giáng Sinh,Hằng BingBoong,ART_a1bd4b788f,POP_BALLAD,deterministic_mapping,1.0,,,unavailable,data/lyrics/RMVM_S_14ee424c2a.txt,verified_local,,unavailable,,missing,TIER_A,LYRICS_ONLY,v1,missing,missing,1,0,0,original_recording,,
RMVM_S_f5e2b2a07a,Nếu Có Một Ngày,Duongg,ART_4b2dae7d29,POP_BALLAD,deterministic_mapping,1.0,,,unavailable,data/lyrics/RMVM_S_f5e2b2a07a.txt,verified_local,,unavailable,,missing,TIER_A,LYRICS_ONLY,v1,missing,missing,1,0,0,original_recording,,
RMVM_S_64e1556fe2,Kìm Lại Cảm Xúc,Lương Trí Quỳnh,ART_af979b4694,POP_BALLAD,deterministic_mapping,1.0,,,unavailable,data/lyrics/RMVM_S_64e1556fe2.txt,verified_local,,unavailable,,missing,TIER_A,LYRICS_ONLY,v1,missing,missing,1,0,0,original_recording,,
RMVM_S_017cbbec39,Đời Là Luân Hồi,"Đạt Võ, Nguyễn Khánh Sang",ART_1b3566f673,POP_BALLAD,deterministic_mapping,1.0,,,unavailable,data/lyrics/RMVM_S_017cbbec39.txt,verified_local,,unavailable,,missing,TIER_A,LYRICS_ONLY,v1,missing,missing,1,0,0,original_recording,,
RMVM_S_803b30d503,Khúc Hát Tặng Vợ Yêu,Khánh Bình,ART_7138af5df2,BOLERO_TRUTINH,deterministic_mapping,1.0,,,unavailable,data/lyrics/RMVM_S_803b30d503.txt,verified_local,,unavailable,,missing,TIER_A,LYRICS_ONLY,v1,missing,missing,1,0,0,original_recording,,
RMVM_S_7809c39b34,Giữa Mạc Tư Khoa Nghe Câu Hò Ví Dặm,Thu Hiền,ART_66084b8a1c,FOLK_TRADITIONAL,artist_discography_verification,0.85,,,unavailable,data/lyrics/RMVM_S_7809c39b34.txt,verified_local,,unavailable,,missing,TIER_B,LYRICS_ONLY,v1,missing,missing,1,0,0,original_recording,,
RMVM_MB_63cd7e3228,Đàn Gà Con,Xuân Mai,ART_fc7f4714c5,CHILDREN,musicbrainz_artist_discography,0.85,,,unavailable,,unavailable,,unavailable,2004.0,verified,TIER_B,METADATA_ONLY,v1,verified,verified_crawl,0,0,0,original_recording,,
RMVM_S_f78ceea106,Để Em Sống,Pháo,ART_feb74a14d0,RAP_HIPHOP,deterministic_mapping,1.0,,,unavailable,data/lyrics/RMVM_S_f78ceea106.txt,verified_local,,unavailable,,missing,TIER_A,LYRICS_ONLY,v1,missing,missing,1,0,0,original_recording,,
RMVM_S_9f3e51da9e,Chiến Sĩ Việt Nam,Tốp Ca,ART_03b9422e16,REVOLUTIONARY,deterministic_mapping,1.0,,,unavailable,data/lyrics/RMVM_S_9f3e51da9e.txt,verified_local,,unavailable,,missing,TIER_A,LYRICS_ONLY,v1,missing,missing,1,0,0,original_recording,,
RMVM_S_927991d3d0,Ta Có Thuộc Về Nhau (Deep House Remix),Diệu Vân,ART_e23fbc2938,DANCE_EDM,deterministic_mapping,1.0,,,unavailable,data/lyrics/RMVM_S_927991d3d0.txt,verified_local,,unavailable,,missing,TIER_A,LYRICS_ONLY,v1,missing,missing,1,0,0,original_recording,,
RMVM_S_a18ed5e6d6,Hen Gặp Lại Trong Chiêm Bao,Phi Bằng,ART_7111f18e6a,BOLERO_TRUTINH,deterministic_mapping,1.0,,,unavailable,data/lyrics/RMVM_S_a18ed5e6d6.txt,verified_local,data/covers/RMVM_S_a18ed5e6d6.jpg,verified_local,,missing,TIER_A,LYRICS_COVER,v1,missing,missing,1,1,0,original_recording,,
RMVM_S_5aa5761fa9,Đừng Dễ Dãi Hôn Môi Người Khác,MyMy,ART_62695e8f32,POP_BALLAD,deterministic_mapping,1.0,,,unavailable,data/lyrics/RMVM_S_5aa5761fa9.txt,verified_local,,unavailable,,missing,TIER_A,LYRICS_ONLY,v1,missing,missing,1,0,0,original_recording,,
RMVM_S_3bfeb76e3b,Gửi Em Của Quá Khứ (New Version),Phạm Quỳnh Anh,ART_0286661a69,POP_BALLAD,deterministic_mapping,1.0,,,unavailable,data/lyrics/RMVM_S_3bfeb76e3b.txt,verified_local,,unavailable,,missing,TIER_A,LYRICS_ONLY,v1,missing,missing,1,0,0,original_recording,,
RMVM_S_86f62f3823,Em Đã Thương Người Ta Hơn Anh,Noo Phước Thịnh,ART_d34a38c1b2,POP_BALLAD,deterministic_mapping,1.0,,,unavailable,data/lyrics/RMVM_S_86f62f3823.txt,verified_local,data/covers/RMVM_S_86f62f3823.jpg,verified_local,,missing,TIER_A,LYRICS_COVER,v1,missing,missing,1,1,0,original_recording,,
RMVM_S_9c665c15f6,Chia Tay Là Giải Pháp,Phát Hồ (X2X Band),ART_243e42e140,POP_BALLAD,deterministic_mapping,1.0,,,unavailable,data/lyrics/RMVM_S_9c665c15f6.txt,verified_local,,unavailable,,missing,TIER_A,LYRICS_ONLY,v1,missing,missing,1,0,0,original_recording,,
RMVM_S_8b0baa992f,Đường Tôi Đi Dài Theo Đất Nước,Trường Kha,ART_abe0f2439b,BOLERO_TRUTINH,deterministic_mapping,1.0,,,unavailable,data/lyrics/RMVM_S_8b0baa992f.txt,verified_local,,unavailable,,missing,TIER_A,LYRICS_ONLY,v1,missing,missing,1,0,0,original_recording,,
RMVM_S_7b75c998b4,Có Một Người Vẫn Đợi,"Viet Lee, BConcept, Khánh Cường",ART_8bf14dc475,POP_BALLAD,deterministic_mapping,1.0,,,unavailable,data/lyrics/RMVM_S_7b75c998b4.txt,verified_local,,unavailable,,missing,TIER_A,LYRICS_ONLY,v1,missing,missing,1,0,0,original_recording,,
RMVM_S_28b45c5280,Dù Anh Vẫn Còn Yêu,Khánh Phương,ART_a36111936d,POP_BALLAD,deterministic_mapping,1.0,,,unavailable,data/lyrics/RMVM_S_28b45c5280.txt,verified_local,data/covers/RMVM_S_28b45c5280.jpg,verified_local,,missing,TIER_A,LYRICS_COVER,v1,missing,missing,1,1,0,original_recording,,
RMVM_S_9f2b33b81c,Ánh Mặt Trời,Khánh Trung,ART_d4cf45e50c,POP_BALLAD,deterministic_mapping,1.0,,,unavailable,data/lyrics/RMVM_S_9f2b33b81c.txt,verified_local,,unavailable,,missing,TIER_A,LYRICS_ONLY,v1,missing,missing,1,0,0,original_recording,,
RMVM_MB_2fb50f5c7c,Le gateau de riz (Conte),Thanh Ngân,ART_165c93966a,FOLK_TRADITIONAL,musicbrainz_artist_discography,0.85,,,unavailable,,unavailable,,unavailable,2007.0,verified,TIER_B,METADATA_ONLY,v1,verified,verified_crawl,0,0,0,original_recording,,
RMVM_S_65c31b6c92,Bởi Tin Lời Thề,"BeeBoss, Tuấn Chung",ART_418aa1c982,POP_BALLAD,deterministic_mapping,0.85,,,unavailable,,unavailable,,unavailable,,missing,TIER_B,METADATA_ONLY,v1,missing,missing,0,0,0,original_recording,,
RMVM_MB_f8210e52f2,Cuối Ngày (Có Nhau Version),The Flob,ART_9037c183b4,ROCK,musicbrainz_artist_discography,0.85,,,unavailable,,unavailable,,unavailable,2022.0,verified,TIER_B,METADATA_ONLY,v1,verified,verified_crawl,0,0,0,original_recording,,
RMVM_S_c188245748,Có Anh Rồi,"Hạ Vy, Huy Vũ",ART_d20e117ba1,BOLERO_TRUTINH,deterministic_mapping,0.85,,,unavailable,,unavailable,,unavailable,,missing,TIER_B,METADATA_ONLY,v1,missing,missing,0,0,0,original_recording,,
RMVM_S_36ffa2d3fd,Cơn Mưa Chiều Ấy,DatKaa,ART_28dc7fe15b,POP_BALLAD,deterministic_mapping,1.0,,,unavailable,data/lyrics/RMVM_S_36ffa2d3fd.txt,verified_local,,unavailable,,missing,TIER_A,LYRICS_ONLY,v1,missing,missing,1,0,0,original_recording,,
RMVM_S_9af087bcd2,Hãy Cho Chúng Tôi Thấy,Phan Mạnh Quỳnh,ART_d8b0f891e7,POP_BALLAD,deterministic_mapping,1.0,,,unavailable,data/lyrics/RMVM_S_9af087bcd2.txt,verified_local,,unavailable,,missing,TIER_A,LYRICS_ONLY,v1,missing,missing,1,0,0,original_recording,,
RMVM_S_03bf1f2bc7,Chẳng Muốn Rời Xa,Lương Chí Tâm,ART_3f107f2fc0,POP_BALLAD,deterministic_mapping,1.0,,,unavailable,data/lyrics/RMVM_S_03bf1f2bc7.txt,verified_local,data/covers/RMVM_S_03bf1f2bc7.jpg,verified_local,,missing,TIER_A,LYRICS_COVER,v1,missing,missing,1,1,0,original_recording,,
RMVM_S_fc35dfb773,Cô Em Đừng Rời Xa Ta,"SoHo, TDA",ART_c228ee4df2,POP_BALLAD,deterministic_mapping,1.0,,,unavailable,data/lyrics/RMVM_S_fc35dfb773.txt,verified_local,,unavailable,,missing,TIER_A,LYRICS_ONLY,v1,missing,missing,1,0,0,original_recording,,
RMVM_MB_9f6958a0c6,Nguời ở dùng vê (My darling don't leave me),Ngọc Huyền,ART_47d6821a96,FOLK_TRADITIONAL,musicbrainz_artist_discography,0.85,,,unavailable,,unavailable,,unavailable,,missing,TIER_B,METADATA_ONLY,v1,missing,missing,0,0,0,original_recording,,
RMVM_S_772fa92e48,Chỉ Mãi Yêu Em (Chưa Một Lần Trọn Vẹn OST) (Beat),Dược Sĩ Tiến,ART_a758db677f,POP_BALLAD,deterministic_mapping,1.0,,,unavailable,data/lyrics/RMVM_S_772fa92e48.txt,verified_local,data/covers/RMVM_S_772fa92e48.jpg,verified_local,,missing,TIER_A,LYRICS_COVER,v1,missing,missing,1,1,0,original_recording,,
RMVM_S_96abf8d56a,Lý Do Em Ra Đi,Trương Y Du,ART_401ca15143,POP_BALLAD,deterministic_mapping,1.0,,,unavailable,data/lyrics/RMVM_S_96abf8d56a.txt,verified_local,,unavailable,,missing,TIER_A,LYRICS_ONLY,v1,missing,missing,1,0,0,original_recording,,
RMVM_S_533c805c7d,Tránh Ra Cho Bố Đi,Mew Amazing,ART_ebce290865,POP_BALLAD,deterministic_mapping,1.0,,,unavailable,data/lyrics/RMVM_S_533c805c7d.txt,verified_local,,unavailable,,missing,TIER_A,LYRICS_ONLY,v1,missing,missing,1,0,0,original_recording,,
RMVM_S_7ab371192b,Chuyện Ba Mùa Mưa,"Anh Nguyễn, Mai Tiến Đạt",ART_5831bf563d,POP_BALLAD,deterministic_mapping,1.0,,,unavailable,,unavailable,data/covers/RMVM_S_7ab371192b.jpg,verified_local,,missing,TIER_A,COVER_ONLY,v1,missing,missing,0,1,0,original_recording,,
RMVM_S_9bd64b715e,Đưa Tay Anh Nắm (Speed Up),"Hoàng Green, Aric",ART_a648bf69bb,POP_BALLAD,deterministic_mapping,1.0,,,unavailable,data/lyrics/RMVM_S_9bd64b715e.txt,verified_local,,unavailable,,missing,TIER_A,LYRICS_ONLY,v1,missing,missing,1,0,0,original_recording,,
RMVM_S_1af870ba0f,Mất Bao Lâu Để Quên,Duc,ART_f1a3fb2d6b,POP_BALLAD,deterministic_mapping,1.0,,,unavailable,,unavailable,data/covers/RMVM_S_1af870ba0f.jpg,verified_local,,missing,TIER_A,COVER_ONLY,v1,missing,missing,0,1,0,original_recording,,
RMVM_MB_af4792be22,So What,Xuân Mai,ART_fc7f4714c5,CHILDREN,musicbrainz_artist_discography,0.85,,,unavailable,,unavailable,,unavailable,2004.0,verified,TIER_B,METADATA_ONLY,v1,verified,verified_crawl,0,0,0,original_recording,,
RMVM_S_b1d2a7c3a8,Đưa Em Tình Mộng Hoa Vàng,Ngọc Hạ,ART_081346f81a,BOLERO_TRUTINH,deterministic_mapping,1.0,,,unavailable,data/lyrics/RMVM_S_b1d2a7c3a8.txt,verified_local,,unavailable,,missing,TIER_A,LYRICS_ONLY,v1,missing,missing,1,0,0,original_recording,,
RMVM_S_89a8b8d6a7,Nguyệt Quế,Đăng Nguyên,ART_551e5c9c86,BOLERO_TRUTINH,deterministic_mapping,1.0,,,unavailable,data/lyrics/RMVM_S_89a8b8d6a7.txt,verified_local,,unavailable,,missing,TIER_A,LYRICS_ONLY,v1,missing,missing,1,0,0,original_recording,,
RMVM_S_775152555d,Chỉ Là (Remix),Trang Pháp,ART_c113b2411d,POP_BALLAD,deterministic_mapping,1.0,,,unavailable,data/lyrics/RMVM_S_775152555d.txt,verified_local,,unavailable,,missing,TIER_A,LYRICS_ONLY,v1,missing,missing,1,0,0,original_recording,,
RMVM_S_96a15e489b,Đừng Tổn Thương Người Nên Trân Trọng (WRC REMIX),"ZIN MEDIA, Đào Ngọc Sang",ART_0d7eb79c98,DANCE_EDM,deterministic_mapping,1.0,,,unavailable,data/lyrics/RMVM_S_96a15e489b.txt,verified_local,,unavailable,,missing,TIER_A,LYRICS_ONLY,v1,missing,missing,1,0,0,original_recording,,
RMVM_S_324eaaadc0,Có Em Trong Tay,Cao Đăng Hiếu,ART_ae12a89b84,POP_BALLAD,deterministic_mapping,1.0,,,unavailable,data/lyrics/RMVM_S_324eaaadc0.txt,verified_local,,unavailable,,missing,TIER_A,LYRICS_ONLY,v1,missing,missing,1,0,0,original_recording,,
RMVM_S_4362a8b58f,Anh Sợ Ngày Mất Em (Remix),Cao Nam Thành,ART_96f1876e49,DANCE_EDM,deterministic_mapping,1.0,,,unavailable,data/lyrics/RMVM_S_4362a8b58f.txt,verified_local,,unavailable,,missing,TIER_A,LYRICS_ONLY,v1,missing,missing,1,0,0,original_recording,,
RMVM_S_198ad4f4c9,Âm Thanh Của Tuyết Rơi (Cover),Tuyết Mai,ART_0d8e63e66a,POP_BALLAD,deterministic_mapping,1.0,,,unavailable,data/lyrics/RMVM_S_198ad4f4c9.txt,verified_local,,unavailable,,missing,TIER_A,LYRICS_ONLY,v1,missing,missing,1,0,0,original_recording,,
RMVM_S_79a518fe8d,KÝ ỨC SÓT LẠI,"Hast, Piens, Khiem",ART_b7bcce95b0,POP_BALLAD,deterministic_mapping,1.0,,,unavailable,data/lyrics/RMVM_S_79a518fe8d.txt,verified_local,,unavailable,,missing,TIER_A,LYRICS_ONLY,v1,missing,missing,1,0,0,original_recording,,
RMVM_S_fa4fe87c40,Cay Đắng Tình Đời,Thanh Tuyền,ART_503bd28963,INSTRUMENTAL,source_tag_verification,0.85,,,unavailable,data/lyrics/RMVM_S_fa4fe87c40.txt,verified_local,,unavailable,,missing,TIER_B,LYRICS_ONLY,v1,missing,missing,1,0,0,original_recording,,
RMVM_S_565c9beb3f,Hè Muộn,"Bằng Kiều, Lâm Chí Thành",ART_e56798f01c,POP_BALLAD,deterministic_mapping,1.0,,,unavailable,data/lyrics/RMVM_S_565c9beb3f.txt,verified_local,data/covers/RMVM_S_565c9beb3f.jpg,verified_local,,missing,TIER_A,LYRICS_COVER,v1,missing,missing,1,1,0,original_recording,,
RMVM_MB_4652a21940,Hương thầm,Trọng Tấn,ART_e45d081f4c,REVOLUTIONARY,musicbrainz_artist_discography,0.85,,,unavailable,,unavailable,,unavailable,,missing,TIER_B,METADATA_ONLY,v1,missing,missing,0,0,0,original_recording,,
RMVM_S_f2fb45d1c5,Vô Cùng (Cover),Quốc Thiên,ART_39472163fd,POP_BALLAD,deterministic_mapping,1.0,,,unavailable,data/lyrics/RMVM_S_f2fb45d1c5.txt,verified_local,,unavailable,,missing,TIER_A,LYRICS_ONLY,v1,missing,missing,1,0,0,original_recording,,
RMVM_S_32fbaa045e,Hợp Đồng Mẫu Tử,"Thái Thùy Linh, Thái An",ART_2a5e41c163,POP_BALLAD,deterministic_mapping,1.0,,,unavailable,data/lyrics/RMVM_S_32fbaa045e.txt,verified_local,,unavailable,,missing,TIER_A,LYRICS_ONLY,v1,missing,missing,1,0,0,original_recording,,
RMVM_MB_0894f2c9af,3/4 Interlude,Cam,ART_ad017e9d66,RAP_HIPHOP,musicbrainz_artist_discography,0.85,,,unavailable,,unavailable,,unavailable,2001.0,verified,TIER_B,METADATA_ONLY,v1,verified,verified_crawl,0,0,0,original_recording,,
RMVM_S_5268bc0bb4,Phút Biệt Ly 2,Chí Thành Danh,ART_e302e93612,POP_BALLAD,deterministic_mapping,1.0,,,unavailable,data/lyrics/RMVM_S_5268bc0bb4.txt,verified_local,,unavailable,,missing,TIER_A,LYRICS_ONLY,v1,missing,missing,1,0,0,original_recording,,
RMVM_S_146d93a2cc,Cánh Cò Và Dòng Sông,Thanh Tuyền,ART_503bd28963,FOLK_TRADITIONAL,deterministic_mapping,0.85,,,unavailable,,unavailable,,unavailable,,missing,TIER_B,METADATA_ONLY,v1,missing,missing,0,0,0,original_recording,,
RMVM_S_969606395e,Cau Thắm Trầu Xanh,"Thanh Ngân, Mai Tiến Đạt",ART_16f058aea1,POP_BALLAD,deterministic_mapping,1.0,,,unavailable,data/lyrics/RMVM_S_969606395e.txt,verified_local,,unavailable,,missing,TIER_A,LYRICS_ONLY,v1,missing,missing,1,0,0,original_recording,,
RMVM_S_cf8558fd7e,Bao Lâu Để Quên Một Người?,Suncutehehe,ART_87c5359eb3,POP_BALLAD,deterministic_mapping,1.0,,,unavailable,data/lyrics/RMVM_S_cf8558fd7e.txt,verified_local,,unavailable,,missing,TIER_A,LYRICS_ONLY,v1,missing,missing,1,0,0,original_recording,,
RMVM_S_f5f6557349,Những Con Mắt Trần Gian,Khánh Ly,ART_2a0e02284a,NHAC_TRINH,artist_discography_verification,0.85,,,unavailable,data/lyrics/RMVM_S_f5f6557349.txt,verified_local,,unavailable,,missing,TIER_B,LYRICS_ONLY,v1,missing,missing,1,0,0,original_recording,,
RMVM_MB_c47a25ca33,Tiếng hò trên đất nghệ an,Trọng Tấn,ART_e45d081f4c,REVOLUTIONARY,musicbrainz_artist_discography,0.85,,,unavailable,,unavailable,,unavailable,2012.0,verified,TIER_B,METADATA_ONLY,v1,verified,verified_crawl,0,0,0,original_recording,,
RMVM_MB_dcf12ef8de,Third Stone from the Sun,Nguyễn Lê,ART_1907478bfd,INSTRUMENTAL,musicbrainz_artist_discography,0.85,,,unavailable,,unavailable,,unavailable,2002.0,verified,TIER_B,METADATA_ONLY,v1,verified,verified_crawl,0,0,0,original_recording,,
RMVM_S_f487947b76,Nhân Thế Vô Tình,Tô Gia Tuấn,ART_f10bd9c241,POP_BALLAD,deterministic_mapping,1.0,,,unavailable,data/lyrics/RMVM_S_f487947b76.txt,verified_local,,unavailable,,missing,TIER_A,LYRICS_ONLY,v1,missing,missing,1,0,0,original_recording,,
RMVM_S_fd8d704709,Ta Yêu Nhau Nhé,"Xi Myn, APJ",ART_8bfe6d387e,POP_BALLAD,deterministic_mapping,1.0,,,unavailable,data/lyrics/RMVM_S_fd8d704709.txt,verified_local,,unavailable,,missing,TIER_A,LYRICS_ONLY,v1,missing,missing,1,0,0,original_recording,,
RMVM_S_cedcf17a3c,Chuyện Đêm Thánh,"Bé Thoại Nghi, Diệu Hiền",ART_ca94123af3,OTHER,curated_out_of_taxonomy,0.9,Religious / Sacred spiritual Vietnamese music,,unavailable,,unavailable,,unavailable,,missing,TIER_B,METADATA_ONLY,v1,missing,missing,0,0,0,original_recording,,
RMVM_S_b957e60261,Đàn Tình (Beat),"Quân Min, L.D.A.",ART_2ecef0a02e,POP_BALLAD,deterministic_mapping,1.0,,,unavailable,data/lyrics/RMVM_S_b957e60261.txt,verified_local,,unavailable,,missing,TIER_A,LYRICS_ONLY,v1,missing,missing,1,0,0,original_recording,,
RMVM_S_d0c277ba76,Thê Tử (EDM),Minh Vương M4U,ART_6d64de7cb2,DANCE_EDM,deterministic_mapping,1.0,,,unavailable,data/lyrics/RMVM_S_d0c277ba76.txt,verified_local,,unavailable,,missing,TIER_A,LYRICS_ONLY,v1,missing,missing,1,0,0,original_recording,,
RMVM_MB_4ba1e06ab9,Sapa thành phố trong sương,Trọng Tấn,ART_e45d081f4c,REVOLUTIONARY,musicbrainz_artist_discography,0.85,,,unavailable,,unavailable,,unavailable,2012.0,verified,TIER_B,METADATA_ONLY,v1,verified,verified_crawl,0,0,0,original_recording,,
RMVM_S_abfb15b5c2,Chia Tay Tuyệt Tình,Lâm Temboys,ART_f5c7d76849,POP_BALLAD,deterministic_mapping,1.0,,,unavailable,data/lyrics/RMVM_S_abfb15b5c2.txt,verified_local,,unavailable,,missing,TIER_A,LYRICS_ONLY,v1,missing,missing,1,0,0,original_recording,,
RMVM_MB_299de80fff,Vui Như Tết,Ricky Star,ART_49436287f3,RAP_HIPHOP,musicbrainz_artist_discography,0.85,,,unavailable,,unavailable,,unavailable,2023.0,verified,TIER_B,METADATA_ONLY,v1,verified,verified_crawl,0,0,0,original_recording,,
RMVM_MB_eeee874b24,Trốn Tìm (Remastered 2024),7UPPERCUTS,ART_795d93f942,ROCK,musicbrainz_artist_discography,0.85,,,unavailable,,unavailable,,unavailable,2024.0,verified,TIER_B,METADATA_ONLY,v1,verified,verified_crawl,0,0,0,original_recording,,
RMVM_S_ae92cd5708,"LK Chiếc Khăn Gió Ấm, Đành Nói Lời Chia Tay",Anny Hằng,ART_ef7f99bb94,POP_BALLAD,deterministic_mapping,1.0,,,unavailable,,unavailable,data/covers/RMVM_S_ae92cd5708.jpg,verified_local,,missing,TIER_A,COVER_ONLY,v1,missing,missing,0,1,0,original_recording,,
RMVM_S_aecda3d277,Còn Đâu Bóng Hình,Hà Vân,ART_8931fadfe6,POP_BALLAD,deterministic_mapping,1.0,,,unavailable,data/lyrics/RMVM_S_aecda3d277.txt,verified_local,,unavailable,,missing,TIER_A,LYRICS_ONLY,v1,missing,missing,1,0,0,original_recording,,
RMVM_S_d8d87ea3e6,Anh Không Thể Quay Lại,Lâm Nhật Thái,ART_130d892444,POP_BALLAD,deterministic_mapping,1.0,,,unavailable,data/lyrics/RMVM_S_d8d87ea3e6.txt,verified_local,,unavailable,,missing,TIER_A,LYRICS_ONLY,v1,missing,missing,1,0,0,original_recording,,
RMVM_S_2c8aaa12f8,Tới Lúc Em Đi,"K-ICM, APJ",ART_4badfb4d12,POP_BALLAD,deterministic_mapping,1.0,,,unavailable,data/lyrics/RMVM_S_2c8aaa12f8.txt,verified_local,,unavailable,,missing,TIER_A,LYRICS_ONLY,v1,missing,missing,1,0,0,original_recording,,
RMVM_S_58d1bd5501,Người Dao Nhớ Ơn Bác Hồ,Thanh Hoa,ART_1dd320405e,FOLK_TRADITIONAL,artist_discography_verification,0.85,,,unavailable,data/lyrics/RMVM_S_58d1bd5501.txt,verified_local,,unavailable,,missing,TIER_B,LYRICS_ONLY,v1,missing,missing,1,0,0,original_recording,,
RMVM_S_391d3b3ae1,Nói Trước Bước Không Qua (Piano Version),Lynn,ART_032b5b2c60,POP_BALLAD,deterministic_mapping,1.0,,,unavailable,data/lyrics/RMVM_S_391d3b3ae1.txt,verified_local,data/covers/RMVM_S_391d3b3ae1.jpg,verified_local,,missing,TIER_A,LYRICS_COVER,v1,missing,missing,1,1,0,original_recording,,
RMVM_S_e349161056,Chờ Mùa Đông Qua,Khải,ART_f9eadfe4de,POP_BALLAD,deterministic_mapping,1.0,,,unavailable,data/lyrics/RMVM_S_e349161056.txt,verified_local,,unavailable,,missing,TIER_A,LYRICS_ONLY,v1,missing,missing,1,0,0,original_recording,,
RMVM_S_2f0f071454,Bae Bae ! Yêu Anh Nhé (Cô Vợ Con Nít OST),"Đạt JeNoo, Sơn Trung",ART_4cf67352c5,POP_BALLAD,deterministic_mapping,1.0,,,unavailable,data/lyrics/RMVM_S_2f0f071454.txt,verified_local,,unavailable,,missing,TIER_A,LYRICS_ONLY,v1,missing,missing,1,0,0,original_recording,,
RMVM_S_a57c6401af,Anh Không Hiểu (DJ Hiếu Phan Remix),Quang Hà,ART_ec331abb47,POP_BALLAD,deterministic_mapping,1.0,,,unavailable,data/lyrics/RMVM_S_a57c6401af.txt,verified_local,,unavailable,,missing,TIER_A,LYRICS_ONLY,v1,missing,missing,1,0,0,original_recording,,
RMVM_S_5c0463142b,Mãi Chẳng Thuộc Về Nhau,Bozitt,ART_c134d56ec9,POP_BALLAD,deterministic_mapping,1.0,,,unavailable,data/lyrics/RMVM_S_5c0463142b.txt,verified_local,data/covers/RMVM_S_5c0463142b.jpg,verified_local,,missing,TIER_A,LYRICS_COVER,v1,missing,missing,1,1,0,original_recording,,
RMVM_S_9c72d1b847,Thương Quá Mẹ Ơi,Nhật Phát,ART_f0319698ec,BOLERO_TRUTINH,deterministic_mapping,1.0,,,unavailable,data/lyrics/RMVM_S_9c72d1b847.txt,verified_local,,unavailable,,missing,TIER_A,LYRICS_ONLY,v1,missing,missing,1,0,0,original_recording,,
RMVM_S_69efab4f5d,Quê Hương Những Con Tàu,Thanh Thúy,ART_0cfa042111,BOLERO_TRUTINH,deterministic_mapping,1.0,,,unavailable,data/lyrics/RMVM_S_69efab4f5d.txt,verified_local,,unavailable,,missing,TIER_A,LYRICS_ONLY,v1,missing,missing,1,0,0,original_recording,,
RMVM_S_64b9310c4c,31 Ngày Lạnh,"Thế Anh Shinichi, Q.U, Hoàng Nhung",ART_ab055d7034,POP_BALLAD,deterministic_mapping,1.0,,,unavailable,,unavailable,data/covers/RMVM_S_64b9310c4c.jpg,verified_local,,missing,TIER_A,COVER_ONLY,v1,missing,missing,0,1,0,original_recording,,
RMVM_S_fa0bd6f7ee,Sao Vội Rời Xa,DaRuss,ART_e1691dc889,POP_BALLAD,deterministic_mapping,1.0,,,unavailable,data/lyrics/RMVM_S_fa0bd6f7ee.txt,verified_local,,unavailable,,missing,TIER_A,LYRICS_ONLY,v1,missing,missing,1,0,0,original_recording,,
RMVM_S_5135f066eb,Ăn Là Ăn Tết,Trường Lê,ART_542dd16374,POP_BALLAD,deterministic_mapping,1.0,,,unavailable,data/lyrics/RMVM_S_5135f066eb.txt,verified_local,,unavailable,,missing,TIER_A,LYRICS_ONLY,v1,missing,missing,1,0,0,original_recording,,
RMVM_S_10f2a0fe4a,Xuân Miệt Vườn,Diệu Kiên,ART_adc1b56cb1,POP_BALLAD,deterministic_mapping,1.0,,,unavailable,data/lyrics/RMVM_S_10f2a0fe4a.txt,verified_local,,unavailable,,missing,TIER_A,LYRICS_ONLY,v1,missing,missing,1,0,0,original_recording,,
RMVM_MB_e2998a0160,Ngược dòng Hương Giang,Tân Nhàn,ART_bde6d9dd7d,REVOLUTIONARY,musicbrainz_artist_discography,0.85,,,unavailable,,unavailable,,unavailable,2009.0,verified,TIER_B,METADATA_ONLY,v1,verified,verified_crawl,0,0,0,original_recording,,
RMVM_MB_ccb0967435,Vàng phai trước ngõ,Trịnh Vĩnh Trinh,ART_06707a5746,NHAC_TRINH,musicbrainz_artist_discography,0.85,,,unavailable,,unavailable,,unavailable,1991.0,verified,TIER_B,METADATA_ONLY,v1,verified,verified_crawl,0,0,0,original_recording,,
RMVM_S_26083b261f,Liên Khúc Slow,Đào Phi Dương,ART_0e94feba4d,BOLERO_TRUTINH,deterministic_mapping,1.0,,,unavailable,data/lyrics/RMVM_S_26083b261f.txt,verified_local,,unavailable,,missing,TIER_A,LYRICS_ONLY,v1,missing,missing,1,0,0,original_recording,,
RMVM_S_8b4e35061e,"Chào Anh Giải Phóng Quân, Chào Mùa Xuân Đại Thắng",Anh Thơ,ART_a0c43ea0e8,REVOLUTIONARY,deterministic_mapping,1.0,,,unavailable,data/lyrics/RMVM_S_8b4e35061e.txt,verified_local,,unavailable,,missing,TIER_A,LYRICS_ONLY,v1,missing,missing,1,0,0,original_recording,,
RMVM_S_64ed3985fc,Anh Nghĩ Em Tiếc Anh Sao,Saa,ART_8a1a17e049,POP_BALLAD,deterministic_mapping,1.0,,,unavailable,data/lyrics/RMVM_S_64ed3985fc.txt,verified_local,,unavailable,,missing,TIER_A,LYRICS_ONLY,v1,missing,missing,1,0,0,original_recording,,
RMVM_S_0333193e3c,Kéo Khỏi Cô Đơn,Lê Vũ Bình,ART_8df1c6d8f9,POP_BALLAD,deterministic_mapping,0.85,,,unavailable,,unavailable,,unavailable,,missing,TIER_B,METADATA_ONLY,v1,missing,missing,0,0,0,original_recording,,
RMVM_MB_9e34ccc566,Ai oán,Hạc San,ART_ce377d1ff9,ROCK,musicbrainz_artist_discography,0.85,,,unavailable,,unavailable,,unavailable,2015.0,verified,TIER_B,METADATA_ONLY,v1,verified,verified_crawl,0,0,0,original_recording,,
RMVM_S_992137ac9f,Chuyện đời - Kiếp Bon Chen,Hoàng Minh,ART_b16d18609d,POP_BALLAD,deterministic_mapping,1.0,,,unavailable,data/lyrics/RMVM_S_992137ac9f.txt,verified_local,,unavailable,,missing,TIER_A,LYRICS_ONLY,v1,missing,missing,1,0,0,original_recording,,
RMVM_S_cc054e0796,Lỡ Hẹn Với Dòng Lam (Remix Vinahouse),Trịnh Nam Phương,ART_5da6f1164f,DANCE_EDM,deterministic_mapping,1.0,,,unavailable,data/lyrics/RMVM_S_cc054e0796.txt,verified_local,data/covers/RMVM_S_cc054e0796.jpg,verified_local,,missing,TIER_A,LYRICS_COVER,v1,missing,missing,1,1,0,original_recording,,
RMVM_S_7605e1b858,Cho Tôi Một Lần Yêu,Lâm Hoài Phong,ART_2aa35c261f,BOLERO_TRUTINH,deterministic_mapping,1.0,,,unavailable,data/lyrics/RMVM_S_7605e1b858.txt,verified_local,,unavailable,,missing,TIER_A,LYRICS_ONLY,v1,missing,missing,1,0,0,original_recording,,
RMVM_MB_b62b0c5732,Giữ Anh Cho Ngày Hôm Qua,Rhymastic,ART_35ac2077c4,RAP_HIPHOP,musicbrainz_artist_discography,0.85,,,unavailable,,unavailable,,unavailable,2025.0,verified,TIER_B,METADATA_ONLY,v1,verified,verified_crawl,0,0,0,original_recording,,
RMVM_S_002daba12e,Hương Tóc Em,Cao Duy,ART_0ea06b7aa4,BOLERO_TRUTINH,deterministic_mapping,1.0,,,unavailable,data/lyrics/RMVM_S_002daba12e.txt,verified_local,,unavailable,,missing,TIER_A,LYRICS_ONLY,v1,missing,missing,1,0,0,original_recording,,
RMVM_S_e1f556e0fa,Anh Đi Rồi Anh Sẽ Về,Lâm Chấn Huy,ART_6c383e0ed1,POP_BALLAD,deterministic_mapping,1.0,,,unavailable,data/lyrics/RMVM_S_e1f556e0fa.txt,verified_local,,unavailable,,missing,TIER_A,LYRICS_ONLY,v1,missing,missing,1,0,0,original_recording,,
RMVM_MB_e7ed46e792,Thơ tình lính biển,Việt Hoàn,ART_276f4cb1af,REVOLUTIONARY,musicbrainz_artist_discography,0.85,,,unavailable,,unavailable,,unavailable,2013.0,verified,TIER_B,METADATA_ONLY,v1,verified,verified_crawl,0,0,0,original_recording,,
RMVM_S_143ee98f8f,Xuân Không Về,Dương Hoàng Yến,ART_24f7c14afc,BOLERO_TRUTINH,deterministic_mapping,1.0,,,unavailable,data/lyrics/RMVM_S_143ee98f8f.txt,verified_local,,unavailable,,missing,TIER_A,LYRICS_ONLY,v1,missing,missing,1,0,0,original_recording,,
RMVM_MB_243aaa6e2e,Dù chỉ một lần thôi,Bảo Yến,ART_43fbb5fa06,NHAC_TRINH,musicbrainz_artist_discography,0.85,,,unavailable,,unavailable,,unavailable,2008.0,verified,TIER_B,METADATA_ONLY,v1,verified,verified_crawl,0,0,0,original_recording,,
RMVM_S_a9396fbe2c,Hát Cho Người Xa Nhà,Lưu Bích,ART_4c4952faa8,INSTRUMENTAL,source_tag_verification,0.85,,,unavailable,data/lyrics/RMVM_S_a9396fbe2c.txt,verified_local,,unavailable,,missing,TIER_B,LYRICS_ONLY,v1,missing,missing,1,0,0,original_recording,,
RMVM_S_a8c664bb31,Chỉ Cho Anh Một Lối,Duy Phước,ART_3fe7900ebc,POP_BALLAD,deterministic_mapping,1.0,,,unavailable,data/lyrics/RMVM_S_a8c664bb31.txt,verified_local,,unavailable,,missing,TIER_A,LYRICS_ONLY,v1,missing,missing,1,0,0,original_recording,,
RMVM_S_75acda47aa,Ngoài Anh Ra Không Còn Ai Khác Đâu,"Tronie Ngô, 1DEE",ART_3d00d58385,DANCE_EDM,deterministic_mapping,1.0,,,unavailable,data/lyrics/RMVM_S_75acda47aa.txt,verified_local,,unavailable,,missing,TIER_A,LYRICS_ONLY,v1,missing,missing,1,0,0,original_recording,,
RMVM_S_7145093df1,Chờ Người Tình Lỡ,Ngọc Bảo Anh,ART_72dacb7ac7,BOLERO_TRUTINH,deterministic_mapping,1.0,,,unavailable,data/lyrics/RMVM_S_7145093df1.txt,verified_local,data/covers/RMVM_S_7145093df1.jpg,verified_local,,missing,TIER_A,LYRICS_COVER,v1,missing,missing,1,1,0,original_recording,,
RMVM_S_2f2e26173a,Bao Lâu Rồi,Ngô Kiến Huy,ART_21b3df1bba,POP_BALLAD,deterministic_mapping,1.0,,,unavailable,data/lyrics/RMVM_S_2f2e26173a.txt,verified_local,,unavailable,,missing,TIER_A,LYRICS_ONLY,v1,missing,missing,1,0,0,original_recording,,
RMVM_S_463c1ddd94,Cưới Nhau Mùa Tết,"Kiều Trang, X2X",ART_00c07b52d0,POP_BALLAD,deterministic_mapping,1.0,,,unavailable,data/lyrics/RMVM_S_463c1ddd94.txt,verified_local,,unavailable,,missing,TIER_A,LYRICS_ONLY,v1,missing,missing,1,0,0,original_recording,,
RMVM_S_a7f6ac7876,Chợt Nhớ (Acoustic Version),ChuChu,ART_0278a02a9e,POP_BALLAD,deterministic_mapping,1.0,,,unavailable,data/lyrics/RMVM_S_a7f6ac7876.txt,verified_local,,unavailable,,missing,TIER_A,LYRICS_ONLY,v1,missing,missing,1,0,0,original_recording,,
RMVM_S_cdf6365ee5,Một Thuở Yêu Người,Lương Gia Huy,ART_f51be84ba3,DANCE_EDM,deterministic_mapping,1.0,,,unavailable,data/lyrics/RMVM_S_cdf6365ee5.txt,verified_local,,unavailable,,missing,TIER_A,LYRICS_ONLY,v1,missing,missing,1,0,0,original_recording,,
RMVM_S_3a80817f5c,Em Đã Làm Gì Sai,Kevin Đinh Kiệt,ART_ad58022f5c,POP_BALLAD,deterministic_mapping,1.0,,,unavailable,data/lyrics/RMVM_S_3a80817f5c.txt,verified_local,data/covers/RMVM_S_3a80817f5c.jpg,verified_local,,missing,TIER_A,LYRICS_COVER,v1,missing,missing,1,1,0,original_recording,,
RMVM_S_cddb964bff,Chỉ Muốn Yêu Anh,Lệ Quyên,ART_151698bb5b,POP_BALLAD,deterministic_mapping,0.85,,,unavailable,,unavailable,,unavailable,,missing,TIER_B,METADATA_ONLY,v1,missing,missing,0,0,0,original_recording,,
RMVM_MB_b29af96476,Lặng,Rhymastic,ART_35ac2077c4,RAP_HIPHOP,musicbrainz_artist_discography,0.85,,,unavailable,,unavailable,,unavailable,2024.0,verified,TIER_B,METADATA_ONLY,v1,verified,verified_crawl,0,0,0,original_recording,,
RMVM_S_03aecc9bc3,Bỏ Lại Quá Khứ,Ben B,ART_f5fb17d48f,RAP_HIPHOP,deterministic_mapping,1.0,,,unavailable,data/lyrics/RMVM_S_03aecc9bc3.txt,verified_local,data/covers/RMVM_S_03aecc9bc3.jpg,verified_local,,missing,TIER_A,LYRICS_COVER,v1,missing,missing,1,1,0,original_recording,,
RMVM_MB_b27e76b440,Bác đang cùng chúng cháu hành quân,Quang Thọ,ART_a9ce8fc0ed,REVOLUTIONARY,musicbrainz_artist_discography,0.85,,,unavailable,,unavailable,,unavailable,,missing,TIER_B,METADATA_ONLY,v1,missing,missing,0,0,0,original_recording,,
RMVM_S_45c7b4688c,Bến Không Đò,Nana Liu,ART_afcb39d44e,POP_BALLAD,deterministic_mapping,1.0,,,unavailable,data/lyrics/RMVM_S_45c7b4688c.txt,verified_local,data/covers/RMVM_S_45c7b4688c.jpg,verified_local,,missing,TIER_A,LYRICS_COVER,v1,missing,missing,1,1,0,original_recording,,
RMVM_S_dada8a1e91,Lỡ Duyên Tủi Phận,Út Nhị Mino,ART_6ff716596c,POP_BALLAD,deterministic_mapping,1.0,,,unavailable,data/lyrics/RMVM_S_dada8a1e91.txt,verified_local,,unavailable,,missing,TIER_A,LYRICS_ONLY,v1,missing,missing,1,0,0,original_recording,,
RMVM_S_cbafed03d9,Cuộc Tình Cuối,Trường Sơn,ART_f60bdc9895,BOLERO_TRUTINH,deterministic_mapping,1.0,,,unavailable,data/lyrics/RMVM_S_cbafed03d9.txt,verified_local,,unavailable,,missing,TIER_A,LYRICS_ONLY,v1,missing,missing,1,0,0,original_recording,,
RMVM_S_997820e166,Chuyện Thường Tình Thế Thôi,Hồng Ngọc,ART_e2b71731fc,POP_BALLAD,deterministic_mapping,1.0,,,unavailable,data/lyrics/RMVM_S_997820e166.txt,verified_local,,unavailable,,missing,TIER_A,LYRICS_ONLY,v1,missing,missing,1,0,0,original_recording,,
RMVM_S_0f679abfc1,Cô Gái Thiên Thần,"Lê Vương, Key",ART_f706188839,POP_BALLAD,deterministic_mapping,1.0,,,unavailable,data/lyrics/RMVM_S_0f679abfc1.txt,verified_local,,unavailable,,missing,TIER_A,LYRICS_ONLY,v1,missing,missing,1,0,0,original_recording,,
RMVM_S_d0bf1c7f94,Nhẫn Cỏ Cho Em,Chế Minh,ART_e9b5752011,BOLERO_TRUTINH,deterministic_mapping,1.0,,,unavailable,data/lyrics/RMVM_S_d0bf1c7f94.txt,verified_local,,unavailable,,missing,TIER_A,LYRICS_ONLY,v1,missing,missing,1,0,0,original_recording,,
RMVM_S_27a306a3e7,Con Tim Mù Lòa (Remix),Lương Gia Huy,ART_f51be84ba3,BOLERO_TRUTINH,deterministic_mapping,1.0,,,unavailable,,unavailable,data/covers/RMVM_S_27a306a3e7.jpg,verified_local,,missing,TIER_A,COVER_ONLY,v1,missing,missing,0,1,0,original_recording,,
RMVM_S_0f39c97e1d,Có Khi Nào Rời Xa (Remix House),"Hùng Quân, H2O Houselak",ART_d317e0e69e,POP_BALLAD,deterministic_mapping,1.0,,,unavailable,data/lyrics/RMVM_S_0f39c97e1d.txt,verified_local,,unavailable,,missing,TIER_A,LYRICS_ONLY,v1,missing,missing,1,0,0,original_recording,,
RMVM_MB_36a465d589,Tháng ba Tây Nguyên,Đăng Dương,ART_cbdf1167c1,REVOLUTIONARY,musicbrainz_artist_discography,0.85,,,unavailable,,unavailable,,unavailable,2005.0,verified,TIER_B,METADATA_ONLY,v1,verified,verified_crawl,0,0,0,original_recording,,
RMVM_S_81bb0c5212,Đi Đâu Cũng Được Miễn Là Bên Nhau,Lưu Hương Giang,ART_3b352bbfc2,POP_BALLAD,deterministic_mapping,1.0,,,unavailable,data/lyrics/RMVM_S_81bb0c5212.txt,verified_local,,unavailable,,missing,TIER_A,LYRICS_ONLY,v1,missing,missing,1,0,0,original_recording,,
RMVM_S_eb200bbb62,Tiếng Chày Trên Sóc Boom Boom,Hoàng Tú Minh,ART_65d7528481,BOLERO_TRUTINH,deterministic_mapping,1.0,,,unavailable,data/lyrics/RMVM_S_eb200bbb62.txt,verified_local,,unavailable,,missing,TIER_A,LYRICS_ONLY,v1,missing,missing,1,0,0,original_recording,,
RMVM_S_997ee49677,Bao Lâu Chưa Uống,"Ngọc Kara, Andree",ART_ca2b711433,POP_BALLAD,deterministic_mapping,1.0,,,unavailable,data/lyrics/RMVM_S_997ee49677.txt,verified_local,data/covers/RMVM_S_997ee49677.jpg,verified_local,,missing,TIER_A,LYRICS_COVER,v1,missing,missing,1,1,0,original_recording,,
RMVM_S_fe001c5a6f,Chàng Là Tình Duyên Đẹp Nhất Đời Ta (Remix),Oanh Tạ,ART_a9d43febda,DANCE_EDM,deterministic_mapping,1.0,,,unavailable,data/lyrics/RMVM_S_fe001c5a6f.txt,verified_local,data/covers/RMVM_S_fe001c5a6f.jpg,verified_local,,missing,TIER_A,LYRICS_COVER,v1,missing,missing,1,1,0,original_recording,,
RMVM_S_a09d1ddaa9,Ngập Ngừng,Pay,ART_b02a45a596,POP_BALLAD,deterministic_mapping,1.0,,,unavailable,data/lyrics/RMVM_S_a09d1ddaa9.txt,verified_local,,unavailable,,missing,TIER_A,LYRICS_ONLY,v1,missing,missing,1,0,0,original_recording,,
RMVM_S_f48f841c66,Bất Ngờ Em Buông Tay (Vinahouse),"Châu Khải Phong, Anh Thi",ART_c025ba7183,DANCE_EDM,deterministic_mapping,1.0,,,unavailable,data/lyrics/RMVM_S_f48f841c66.txt,verified_local,data/covers/RMVM_S_f48f841c66.jpg,verified_local,,missing,TIER_A,LYRICS_COVER,v1,missing,missing,1,1,0,original_recording,,
RMVM_S_56af27ec33,Lỗi Của Anh (Beat),La Thăng New,ART_78e058647e,POP_BALLAD,deterministic_mapping,1.0,,,unavailable,data/lyrics/RMVM_S_56af27ec33.txt,verified_local,,unavailable,,missing,TIER_A,LYRICS_ONLY,v1,missing,missing,1,0,0,original_recording,,
RMVM_S_87e205b617,Câu Chuyện Ngày Tết,Thiên Cầm,ART_1e080e2fcc,POP_BALLAD,deterministic_mapping,1.0,,,unavailable,data/lyrics/RMVM_S_87e205b617.txt,verified_local,,unavailable,,missing,TIER_A,LYRICS_ONLY,v1,missing,missing,1,0,0,original_recording,,
RMVM_S_6e212d49c7,Nhật Ký Sau Cùng,Mỹ Anh,ART_5fed28340d,BOLERO_TRUTINH,deterministic_mapping,1.0,,,unavailable,data/lyrics/RMVM_S_6e212d49c7.txt,verified_local,,unavailable,,missing,TIER_A,LYRICS_ONLY,v1,missing,missing,1,0,0,original_recording,,
RMVM_S_352a2065de,Ngày Lành Tháng Tốt,"Võ Lê Mi, Jin Tuấn Nam",ART_6595ed37df,POP_BALLAD,deterministic_mapping,1.0,,,unavailable,data/lyrics/RMVM_S_352a2065de.txt,verified_local,,unavailable,,missing,TIER_A,LYRICS_ONLY,v1,missing,missing,1,0,0,original_recording,,
RMVM_S_aa690af6ce,Đã Mất Nhau,Vũ Phương,ART_4d0d1bc43a,POP_BALLAD,deterministic_mapping,1.0,,,unavailable,data/lyrics/RMVM_S_aa690af6ce.txt,verified_local,,unavailable,,missing,TIER_A,LYRICS_ONLY,v1,missing,missing,1,0,0,original_recording,,
RMVM_S_ff0cdda748,Bên Nhau Được Mấy,Huy Lê,ART_f103856d52,POP_BALLAD,deterministic_mapping,1.0,,,unavailable,data/lyrics/RMVM_S_ff0cdda748.txt,verified_local,,unavailable,,missing,TIER_A,LYRICS_ONLY,v1,missing,missing,1,0,0,original_recording,,
RMVM_S_8bb398ba7f,Người Tình Trong Mộng,Don Hồ,ART_7a15955a82,INSTRUMENTAL,source_tag_verification,0.85,,,unavailable,data/lyrics/RMVM_S_8bb398ba7f.txt,verified_local,,unavailable,,missing,TIER_B,LYRICS_ONLY,v1,missing,missing,1,0,0,original_recording,,
RMVM_S_5b9bbb6a3b,Hãy Thật Lòng Với Tình Yêu,Trương Đình Phong,ART_5ab81df982,POP_BALLAD,deterministic_mapping,1.0,,,unavailable,data/lyrics/RMVM_S_5b9bbb6a3b.txt,verified_local,,unavailable,,missing,TIER_A,LYRICS_ONLY,v1,missing,missing,1,0,0,original_recording,,
RMVM_S_94c5f8be73,Hạnh Phúc Lưng Chừng,Vương Quân,ART_d0bcf89da5,POP_BALLAD,deterministic_mapping,1.0,,,unavailable,data/lyrics/RMVM_S_94c5f8be73.txt,verified_local,data/covers/RMVM_S_94c5f8be73.jpg,verified_local,,missing,TIER_A,LYRICS_COVER,v1,missing,missing,1,1,0,original_recording,,
RMVM_MB_a193094a40,Mong Cho Anh (Unplugged),Vũ Cát Tường,ART_45bba9499c,RB_SOUL,musicbrainz_artist_discography,0.85,,,unavailable,,unavailable,,unavailable,2023.0,verified,TIER_B,METADATA_ONLY,v1,verified,verified_crawl,0,0,0,original_recording,,
RMVM_MB_9bbf902fd3,Thank God,Cam,ART_ad017e9d66,RAP_HIPHOP,musicbrainz_artist_discography,0.85,,,unavailable,,unavailable,,unavailable,2006.0,verified,TIER_B,METADATA_ONLY,v1,verified,verified_crawl,0,0,0,original_recording,,
RMVM_MB_bc0a6712cd,Expand the Room (Illumination mix),The Light,ART_db31f13346,ROCK,musicbrainz_artist_discography,0.85,,,unavailable,,unavailable,,unavailable,1998.0,verified,TIER_B,METADATA_ONLY,v1,verified,verified_crawl,0,0,0,original_recording,,
RMVM_S_cbcc09bfe4,Tìm Em Câu Ví Sông Lam,Lê Thu Uyên,ART_b3cd7f48e5,BOLERO_TRUTINH,deterministic_mapping,1.0,,,unavailable,data/lyrics/RMVM_S_cbcc09bfe4.txt,verified_local,,unavailable,,missing,TIER_A,LYRICS_ONLY,v1,missing,missing,1,0,0,original_recording,,
RMVM_MB_4c0da85a50,Tóc mây,Vân Khánh,ART_fdc4292814,FOLK_TRADITIONAL,musicbrainz_artist_discography,0.85,,,unavailable,,unavailable,,unavailable,,missing,TIER_B,METADATA_ONLY,v1,missing,missing,0,0,0,original_recording,,
RMVM_S_3927e09670,Bước Tình Xa,Lê Uyên Nhi,ART_c18ad7c6f1,BOLERO_TRUTINH,deterministic_mapping,1.0,,,unavailable,data/lyrics/RMVM_S_3927e09670.txt,verified_local,,unavailable,,missing,TIER_A,LYRICS_ONLY,v1,missing,missing,1,0,0,original_recording,,
RMVM_S_5671019182,Lk Ước Hẹn & Tan Tác,Lưu Bích,ART_4c4952faa8,INSTRUMENTAL,source_tag_verification,0.85,,,unavailable,data/lyrics/RMVM_S_5671019182.txt,verified_local,,unavailable,,missing,TIER_B,LYRICS_ONLY,v1,missing,missing,1,0,0,original_recording,,
RMVM_S_7ec73872e7,Đứng Sau Người Đến Sau,TLong,ART_8fa879d3fc,POP_BALLAD,deterministic_mapping,1.0,,,unavailable,data/lyrics/RMVM_S_7ec73872e7.txt,verified_local,,unavailable,,missing,TIER_A,LYRICS_ONLY,v1,missing,missing,1,0,0,original_recording,,
RMVM_S_682a441966,Chỉ Còn Em Thôi,"Hương Ly, Andiez",ART_611eb69048,POP_BALLAD,deterministic_mapping,1.0,,,unavailable,data/lyrics/RMVM_S_682a441966.txt,verified_local,,unavailable,,missing,TIER_A,LYRICS_ONLY,v1,missing,missing,1,0,0,original_recording,,
RMVM_S_0d0ea92364,Người Ơi Sao Nỡ (Thanh Huyy Remix),Huy Diệc,ART_7871a10cfc,DANCE_EDM,deterministic_mapping,1.0,,,unavailable,data/lyrics/RMVM_S_0d0ea92364.txt,verified_local,,unavailable,,missing,TIER_A,LYRICS_ONLY,v1,missing,missing,1,0,0,original_recording,,
RMVM_S_08968afec9,Dại Dột Mình Em Mang,Diễm Sương,ART_07022db27c,INSTRUMENTAL,source_tag_verification,0.85,,,unavailable,data/lyrics/RMVM_S_08968afec9.txt,verified_local,data/covers/RMVM_S_08968afec9.jpg,verified_local,,missing,TIER_B,LYRICS_COVER,v1,missing,missing,1,1,0,original_recording,,
RMVM_S_4bb458d9e6,Rước Em Về,G5R Squad,ART_3d906ac03b,POP_BALLAD,deterministic_mapping,1.0,,,unavailable,data/lyrics/RMVM_S_4bb458d9e6.txt,verified_local,,unavailable,,missing,TIER_A,LYRICS_ONLY,v1,missing,missing,1,0,0,original_recording,,
RMVM_S_ec0f8c8bbd,Hãy Mang Đến Những Mùa Xuân,Chi Dân,ART_b92b6ad2df,POP_BALLAD,deterministic_mapping,1.0,,,unavailable,data/lyrics/RMVM_S_ec0f8c8bbd.txt,verified_local,,unavailable,,missing,TIER_A,LYRICS_ONLY,v1,missing,missing,1,0,0,original_recording,,
RMVM_S_3cd8f57973,Chuyện Tình Rau Muống Biển,"Thanh Ngân, Gia Tiến",ART_e71637f8e2,POP_BALLAD,deterministic_mapping,1.0,,,unavailable,data/lyrics/RMVM_S_3cd8f57973.txt,verified_local,,unavailable,,missing,TIER_A,LYRICS_ONLY,v1,missing,missing,1,0,0,original_recording,,
RMVM_S_fc1bcc5cfc,Chung Tay Quét Sạch Corona,Dương Nhân Trung,ART_bf347f5a8f,POP_BALLAD,deterministic_mapping,1.0,,,unavailable,data/lyrics/RMVM_S_fc1bcc5cfc.txt,verified_local,,unavailable,,missing,TIER_A,LYRICS_ONLY,v1,missing,missing,1,0,0,original_recording,,
RMVM_MB_798d7cbebb,Nguoc dong Huong Giang,Thu Hiền,ART_66084b8a1c,REVOLUTIONARY,musicbrainz_artist_discography,0.85,,,unavailable,,unavailable,,unavailable,,missing,TIER_B,METADATA_ONLY,v1,missing,missing,0,0,0,original_recording,,
RMVM_S_776b88f256,Cháu Hát Về Đảo Xa,Bé Hạnh Trang,ART_9d75d8250f,CHILDREN,deterministic_mapping,1.0,,,unavailable,data/lyrics/RMVM_S_776b88f256.txt,verified_local,,unavailable,,missing,TIER_A,LYRICS_ONLY,v1,missing,missing,1,0,0,original_recording,,
RMVM_MB_85573172f8,It Goes Like This (Instrumental),7UPPERCUTS,ART_795d93f942,ROCK,musicbrainz_artist_discography,0.85,,,unavailable,,unavailable,,unavailable,2019.0,verified,TIER_B,METADATA_ONLY,v1,verified,verified_crawl,0,0,0,original_recording,,
RMVM_MB_bc97671fc2,TRÓI EM LẠI,Quang Hưng,ART_7060520839,REVOLUTIONARY,musicbrainz_artist_discography,0.85,,,unavailable,,unavailable,,unavailable,2024.0,verified,TIER_B,METADATA_ONLY,v1,verified,verified_crawl,0,0,0,original_recording,,
RMVM_S_d2a265666d,Con Lấy Chồng Xa,Hằng Ni,ART_7c47accb35,BOLERO_TRUTINH,deterministic_mapping,1.0,,,unavailable,data/lyrics/RMVM_S_d2a265666d.txt,verified_local,,unavailable,,missing,TIER_A,LYRICS_ONLY,v1,missing,missing,1,0,0,original_recording,,
RMVM_S_955b961aa9,Tâm Hồn Đẹp,Khải Đăng,ART_77d10f700c,POP_BALLAD,deterministic_mapping,1.0,,,unavailable,data/lyrics/RMVM_S_955b961aa9.txt,verified_local,,unavailable,,missing,TIER_A,LYRICS_ONLY,v1,missing,missing,1,0,0,original_recording,,
RMVM_S_d7345de804,Khúc Biệt Tình Lang,Lê Như,ART_0ee2dcc808,BOLERO_TRUTINH,deterministic_mapping,1.0,,,unavailable,data/lyrics/RMVM_S_d7345de804.txt,verified_local,,unavailable,,missing,TIER_A,LYRICS_ONLY,v1,missing,missing,1,0,0,original_recording,,
RMVM_S_a20360f77c,Cô Gái M52,"HuyR, Tùng Viu",ART_1ed2813162,POP_BALLAD,deterministic_mapping,1.0,,,unavailable,data/lyrics/RMVM_S_a20360f77c.txt,verified_local,,unavailable,,missing,TIER_A,LYRICS_ONLY,v1,missing,missing,1,0,0,original_recording,,
RMVM_S_e8f6aa9fae,Yêu Là Phải Chờ Đợi (Beat),Sky Nguyễn,ART_c1cd36cdf3,POP_BALLAD,deterministic_mapping,1.0,,,unavailable,data/lyrics/RMVM_S_e8f6aa9fae.txt,verified_local,,unavailable,,missing,TIER_A,LYRICS_ONLY,v1,missing,missing,1,0,0,original_recording,,
RMVM_S_7a53e79617,Anh Đừng Vội,My Carol,ART_1e89c41e99,POP_BALLAD,deterministic_mapping,1.0,,,unavailable,data/lyrics/RMVM_S_7a53e79617.txt,verified_local,data/covers/RMVM_S_7a53e79617.jpg,verified_local,,missing,TIER_A,LYRICS_COVER,v1,missing,missing,1,1,0,original_recording,,
RMVM_S_5b1157f420,Deep House Catwalk Dáng Lụa Áo Dài,Thanh Hùng,ART_a8751990a2,POP_BALLAD,deterministic_mapping,1.0,,,unavailable,data/lyrics/RMVM_S_5b1157f420.txt,verified_local,,unavailable,,missing,TIER_A,LYRICS_ONLY,v1,missing,missing,1,0,0,original_recording,,
RMVM_S_923175aeba,Dù Nắng Có Mong Manh,Thu Phương,ART_4933834873,BOLERO_TRUTINH,deterministic_mapping,1.0,,,unavailable,data/lyrics/RMVM_S_923175aeba.txt,verified_local,,unavailable,,missing,TIER_A,LYRICS_ONLY,v1,missing,missing,1,0,0,original_recording,,
RMVM_S_d15f0326f5,Giấc Mơ Mình Em,Minh Tuyết,ART_729a36465f,INSTRUMENTAL,source_tag_verification,0.85,,,unavailable,data/lyrics/RMVM_S_d15f0326f5.txt,verified_local,,unavailable,,missing,TIER_B,LYRICS_ONLY,v1,missing,missing,1,0,0,original_recording,,
RMVM_S_f74e4f8d74,Chuyện Tình Sầu Riêng Anh,"Khưu Huy Vũ, Hồng Phượng",ART_4562bdce67,BOLERO_TRUTINH,deterministic_mapping,1.0,,,unavailable,data/lyrics/RMVM_S_f74e4f8d74.txt,verified_local,,unavailable,,missing,TIER_A,LYRICS_ONLY,v1,missing,missing,1,0,0,original_recording,,
RMVM_S_ff577096ae,Muông Thú,Cá Hồi Hoang,ART_c3d8c178db,POP_BALLAD,deterministic_mapping,1.0,,,unavailable,data/lyrics/RMVM_S_ff577096ae.txt,verified_local,,unavailable,,missing,TIER_A,LYRICS_ONLY,v1,missing,missing,1,0,0,original_recording,,
RMVM_S_e3a91a25f5,Đến Sau Một Người,Châu Khải Phong,ART_b5c7c65b2f,POP_BALLAD,deterministic_mapping,1.0,,,unavailable,data/lyrics/RMVM_S_e3a91a25f5.txt,verified_local,,unavailable,,missing,TIER_A,LYRICS_ONLY,v1,missing,missing,1,0,0,original_recording,,
RMVM_S_06d98f1c69,Chuyến Xe Chiều,Chí Thiện,ART_6886f3a59c,POP_BALLAD,deterministic_mapping,1.0,,,unavailable,data/lyrics/RMVM_S_06d98f1c69.txt,verified_local,,unavailable,,missing,TIER_A,LYRICS_ONLY,v1,missing,missing,1,0,0,original_recording,,
RMVM_S_9ae779cf13,Buồn & Men Say Nồng,"Kỳ Phương Uyên, Trịnh Lam",ART_9424a22fc0,INSTRUMENTAL,source_tag_verification,0.85,,,unavailable,data/lyrics/RMVM_S_9ae779cf13.txt,verified_local,,unavailable,,missing,TIER_B,LYRICS_ONLY,v1,missing,missing,1,0,0,original_recording,,
RMVM_S_4f7d72befe,Anh Cũng Đã Quá Sai Lầm,"Limitlxss, Wxrdie",ART_0cffc6a8cb,RAP_HIPHOP,deterministic_mapping,1.0,,,unavailable,data/lyrics/RMVM_S_4f7d72befe.txt,verified_local,,unavailable,,missing,TIER_A,LYRICS_ONLY,v1,missing,missing,1,0,0,original_recording,,
RMVM_S_7f6c7e67b0,Gọi Em (Beat),The Wings Band,ART_db12f3b378,POP_BALLAD,deterministic_mapping,1.0,,,unavailable,data/lyrics/RMVM_S_7f6c7e67b0.txt,verified_local,data/covers/RMVM_S_7f6c7e67b0.jpg,verified_local,,missing,TIER_A,LYRICS_COVER,v1,missing,missing,1,1,0,original_recording,,
RMVM_S_c8f26da1f3,ABCDEFA!,Nhiều nghệ sĩ,ART_736b531937,POP_BALLAD,deterministic_mapping,1.0,,,unavailable,data/lyrics/RMVM_S_c8f26da1f3.txt,verified_local,,unavailable,,missing,TIER_A,LYRICS_ONLY,v1,missing,missing,1,0,0,original_recording,,
RMVM_S_efc986e205,Hình Ảnh Người Em Không Đợi,Chí Viễn,ART_6baf81e7f3,BOLERO_TRUTINH,deterministic_mapping,1.0,,,unavailable,data/lyrics/RMVM_S_efc986e205.txt,verified_local,,unavailable,,missing,TIER_A,LYRICS_ONLY,v1,missing,missing,1,0,0,original_recording,,
RMVM_S_04943f7e6a,Liên Khúc Chuyến Xe Lam Chiều,"Thùy Dương, Lưu Ánh Loan",ART_e1b6edab0a,BOLERO_TRUTINH,deterministic_mapping,1.0,,,unavailable,data/lyrics/RMVM_S_04943f7e6a.txt,verified_local,,unavailable,,missing,TIER_A,LYRICS_ONLY,v1,missing,missing,1,0,0,original_recording,,
RMVM_S_7bece52acd,Chín Tháng Cưu Mang,Phùng Ngọc Huy,ART_dc0148a015,BOLERO_TRUTINH,deterministic_mapping,1.0,,,unavailable,data/lyrics/RMVM_S_7bece52acd.txt,verified_local,,unavailable,,missing,TIER_A,LYRICS_ONLY,v1,missing,missing,1,0,0,original_recording,,
RMVM_S_50f5853a15,Mẹ Vô Nhiễm,Mai Thiên Vân,ART_24d0551951,INSTRUMENTAL,source_tag_verification,0.85,,,unavailable,data/lyrics/RMVM_S_50f5853a15.txt,verified_local,,unavailable,,missing,TIER_B,LYRICS_ONLY,v1,missing,missing,1,0,0,original_recording,,
RMVM_S_b016f4afb3,Cún Ơi 3 (Người Lạ Từng Quen 6),Dukytnt Lee,ART_175c9a84cf,POP_BALLAD,deterministic_mapping,1.0,,,unavailable,data/lyrics/RMVM_S_b016f4afb3.txt,verified_local,,unavailable,,missing,TIER_A,LYRICS_ONLY,v1,missing,missing,1,0,0,original_recording,,
RMVM_S_8eda89bd09,Giấc Mơ Xa,Khánh Phương,ART_a36111936d,POP_BALLAD,deterministic_mapping,1.0,,,unavailable,data/lyrics/RMVM_S_8eda89bd09.txt,verified_local,,unavailable,,missing,TIER_A,LYRICS_ONLY,v1,missing,missing,1,0,0,original_recording,,
RMVM_S_6d0f64edc2,LK Đoạn Cuối Tình Yêu,"Lê Sang, Randy",ART_e1473d1963,BOLERO_TRUTINH,deterministic_mapping,1.0,,,unavailable,data/lyrics/RMVM_S_6d0f64edc2.txt,verified_local,,unavailable,,missing,TIER_A,LYRICS_ONLY,v1,missing,missing,1,0,0,original_recording,,
RMVM_S_4859624f80,Những Ngày Mộng Mơ,Mỹ Linh,ART_fb2f94a458,POP_BALLAD,deterministic_mapping,1.0,,,unavailable,data/lyrics/RMVM_S_4859624f80.txt,verified_local,,unavailable,,missing,TIER_A,LYRICS_ONLY,v1,missing,missing,1,0,0,original_recording,,
RMVM_MB_0b2bc28e65,Tình ca,Quang Thọ,ART_a9ce8fc0ed,REVOLUTIONARY,musicbrainz_artist_discography,0.85,,,unavailable,,unavailable,,unavailable,2001.0,verified,TIER_B,METADATA_ONLY,v1,verified,verified_crawl,0,0,0,original_recording,,
RMVM_S_59fc06bca8,Màu Hoa Kỷ Niệm,Như Quỳnh,ART_6fdf755d8a,INSTRUMENTAL,source_tag_verification,0.85,,,unavailable,data/lyrics/RMVM_S_59fc06bca8.txt,verified_local,,unavailable,,missing,TIER_B,LYRICS_ONLY,v1,missing,missing,1,0,0,original_recording,,
RMVM_MB_aa3d039031,Old New,Cát,ART_3dfad4e24c,ROCK,musicbrainz_artist_discography,0.85,,,unavailable,,unavailable,,unavailable,2009.0,verified,TIER_B,METADATA_ONLY,v1,verified,verified_crawl,0,0,0,original_recording,,
RMVM_S_bf9e079f71,Trưng Vương khung cửa mùa thu,Thanh Tuyền,ART_503bd28963,BOLERO_TRUTINH,deterministic_mapping,0.85,,,unavailable,,unavailable,,unavailable,,missing,TIER_B,METADATA_ONLY,v1,missing,missing,0,0,0,original_recording,,
RMVM_MB_384ab4ab25,Ngày khác,Bức Tường,ART_376d48d912,ROCK,musicbrainz_artist_discography,0.85,,,unavailable,,unavailable,,unavailable,2010.0,verified,TIER_B,METADATA_ONLY,v1,verified,verified_crawl,0,0,0,original_recording,,
RMVM_S_7bf61e1655,Quên Anh Em Ổn Mà,"AndyShin, Kid TD",ART_d0a34ee91a,POP_BALLAD,deterministic_mapping,1.0,,,unavailable,data/lyrics/RMVM_S_7bf61e1655.txt,verified_local,,unavailable,,missing,TIER_A,LYRICS_ONLY,v1,missing,missing,1,0,0,original_recording,,
RMVM_MB_10abd415d9,Mat Hue xua,Thu Hiền,ART_66084b8a1c,REVOLUTIONARY,musicbrainz_artist_discography,0.85,,,unavailable,,unavailable,,unavailable,,missing,TIER_B,METADATA_ONLY,v1,missing,missing,0,0,0,original_recording,,
RMVM_S_491f041a76,Bánh Trung Thu,"Ngọc Giàu, LalaTv",ART_c426ae5335,CHILDREN,deterministic_mapping,1.0,,,unavailable,data/lyrics/RMVM_S_491f041a76.txt,verified_local,,unavailable,,missing,TIER_A,LYRICS_ONLY,v1,missing,missing,1,0,0,original_recording,,
RMVM_S_dcce9146ec,nhạt-fine (blue ver.),GREY D,ART_89903cb997,POP_BALLAD,deterministic_mapping,1.0,,,unavailable,data/lyrics/RMVM_S_dcce9146ec.txt,verified_local,,unavailable,,missing,TIER_A,LYRICS_ONLY,v1,missing,missing,1,0,0,original_recording,,
RMVM_S_678631dc6f,Giấc Mơ Của Kẻ Khờ (Beat),Trương Quỳnh Anh,ART_54e2fd0501,POP_BALLAD,deterministic_mapping,0.85,,,unavailable,,unavailable,,unavailable,,missing,TIER_B,METADATA_ONLY,v1,missing,missing,0,0,0,original_recording,,
RMVM_S_6b355adfb8,Buồn Cho Cái Đời,Phi Bằng,ART_7111f18e6a,FOLK_TRADITIONAL,deterministic_mapping,1.0,,,unavailable,data/lyrics/RMVM_S_6b355adfb8.txt,verified_local,,unavailable,,missing,TIER_A,LYRICS_ONLY,v1,missing,missing,1,0,0,original_recording,,
RMVM_S_17f6cfab6f,Hai Lối Sống Một Tình Yêu,Trương Đình Phong,ART_5ab81df982,POP_BALLAD,deterministic_mapping,1.0,,,unavailable,data/lyrics/RMVM_S_17f6cfab6f.txt,verified_local,,unavailable,,missing,TIER_A,LYRICS_ONLY,v1,missing,missing,1,0,0,original_recording,,
RMVM_S_e6d87356b1,Chị Ong Nâu Và Em Bé,Mầm Chồi Lá,ART_b88b9de8d8,CHILDREN,deterministic_mapping,1.0,,,unavailable,data/lyrics/RMVM_S_e6d87356b1.txt,verified_local,,unavailable,,missing,TIER_A,LYRICS_ONLY,v1,missing,missing,1,0,0,original_recording,,
RMVM_S_21ca97f5d8,Để Trả Lời Một Câu Hỏi,"Bảo Hân Bolero, Hoàng Anh",ART_8a9d6d18b3,BOLERO_TRUTINH,deterministic_mapping,1.0,,,unavailable,data/lyrics/RMVM_S_21ca97f5d8.txt,verified_local,,unavailable,,missing,TIER_A,LYRICS_ONLY,v1,missing,missing,1,0,0,original_recording,,
RMVM_MB_ddb5253536,Đông Ba Market,Hoàng Tuấn,ART_5ab8ba158a,INSTRUMENTAL,musicbrainz_artist_discography,0.85,,,unavailable,,unavailable,,unavailable,2025.0,verified,TIER_B,METADATA_ONLY,v1,verified,verified_crawl,0,0,0,original_recording,,
RMVM_S_b007909574,Cho Con Khát Khao,Mai Thiên Vân,ART_24d0551951,CHILDREN,deterministic_mapping,1.0,,,unavailable,data/lyrics/RMVM_S_b007909574.txt,verified_local,,unavailable,,missing,TIER_A,LYRICS_ONLY,v1,missing,missing,1,0,0,original_recording,,
RMVM_S_8dce12f7d2,"Đạo Nghĩa Giang Hồ (Parody, Short Version 2)",Hoàng Hồng Quân,ART_fad8af9e99,POP_BALLAD,deterministic_mapping,1.0,,,unavailable,data/lyrics/RMVM_S_8dce12f7d2.txt,verified_local,,unavailable,,missing,TIER_A,LYRICS_ONLY,v1,missing,missing,1,0,0,original_recording,,
RMVM_S_b5c046c4d5,Đảng Cho Ta Môt Mùa Xuân (Chương Trình Đại Hội Thi Đua Yêu Nước Tỉnh Bắc Ninh Lần Thứ V),Nhà Hát Dân Ca Quan Họ Bắc Ninh,ART_5565ee30c2,POP_BALLAD,deterministic_mapping,1.0,,,unavailable,data/lyrics/RMVM_S_b5c046c4d5.txt,verified_local,,unavailable,,missing,TIER_A,LYRICS_ONLY,v1,missing,missing,1,0,0,original_recording,,
RMVM_S_cd0bf0b064,Ăn Năn Sám Hối,Khưu Huy Vũ,ART_6b80279d12,BOLERO_TRUTINH,deterministic_mapping,1.0,,,unavailable,data/lyrics/RMVM_S_cd0bf0b064.txt,verified_local,,unavailable,,missing,TIER_A,LYRICS_ONLY,v1,missing,missing,1,0,0,original_recording,,
RMVM_S_98da38676a,Khổ Vì Chữ Ghen,Khánh Bình,ART_7138af5df2,BOLERO_TRUTINH,deterministic_mapping,1.0,,,unavailable,data/lyrics/RMVM_S_98da38676a.txt,verified_local,,unavailable,,missing,TIER_A,LYRICS_ONLY,v1,missing,missing,1,0,0,original_recording,,
RMVM_S_2a2aff18fa,Em Ngốc Quá,Gia Huy Singer,ART_65b773d175,POP_BALLAD,deterministic_mapping,1.0,,,unavailable,data/lyrics/RMVM_S_2a2aff18fa.txt,verified_local,,unavailable,,missing,TIER_A,LYRICS_ONLY,v1,missing,missing,1,0,0,original_recording,,
RMVM_S_1ba39f1f65,Liên Khúc Ngày Tết Quê Em – Chúc Tết,"Lưu Ánh Loan, Vũ Hoàng",ART_566d7c9365,BOLERO_TRUTINH,deterministic_mapping,1.0,,,unavailable,data/lyrics/RMVM_S_1ba39f1f65.txt,verified_local,,unavailable,,missing,TIER_A,LYRICS_ONLY,v1,missing,missing,1,0,0,original_recording,,
RMVM_S_d6dd818841,Liên Khúc: Bóng Nhỏ Đường Chiều,Ân Thiên Vỹ,ART_a7e34b8ed2,BOLERO_TRUTINH,deterministic_mapping,1.0,,,unavailable,data/lyrics/RMVM_S_d6dd818841.txt,verified_local,,unavailable,,missing,TIER_A,LYRICS_ONLY,v1,missing,missing,1,0,0,original_recording,,
RMVM_S_5323a6ae6d,Nước Mắt Người Con Gái,La Nhật Tiến,ART_505945ce0b,POP_BALLAD,deterministic_mapping,1.0,,,unavailable,data/lyrics/RMVM_S_5323a6ae6d.txt,verified_local,,unavailable,,missing,TIER_A,LYRICS_ONLY,v1,missing,missing,1,0,0,original_recording,,
RMVM_S_9e3d9c7990,Thành Phố Không Có Tuyết Rơi,"Mai Fin, Đại Nhân",ART_4a66e3146c,POP_BALLAD,deterministic_mapping,1.0,,,unavailable,data/lyrics/RMVM_S_9e3d9c7990.txt,verified_local,,unavailable,,missing,TIER_A,LYRICS_ONLY,v1,missing,missing,1,0,0,original_recording,,
RMVM_S_b07c76ba07,Cứ Xem Là Giấc Mơ,Trịnh Thế Phong,ART_806f582dab,POP_BALLAD,vietlyrics_curated,0.95,,,missing_unmaterialized,,missing,,missing,,missing,TIER_A,XXX,v2,missing,missing,0,0,0,original_recording,sunbv56_song_dataset+vietlyrics,Z6W7EFOO
RMVM_S_caa7364585,Ngày Chia Tay (Beat),Nguyễn Bảo Linh,ART_310be3a81c,POP_BALLAD,deterministic_mapping,1.0,,,unavailable,data/lyrics/RMVM_S_caa7364585.txt,verified_local,,unavailable,,missing,TIER_A,LYRICS_ONLY,v1,missing,missing,1,0,0,original_recording,,
RMVM_S_ff1d0f419a,Người Ta Nói Tôi Dối Gian,"Phạm Trưởng, Vboys",ART_2c82dddd10,POP_BALLAD,deterministic_mapping,1.0,,,unavailable,data/lyrics/RMVM_S_ff1d0f419a.txt,verified_local,,unavailable,,missing,TIER_A,LYRICS_ONLY,v1,missing,missing,1,0,0,original_recording,,
RMVM_S_a9837822ff,Rừng Xanh Vang Tiếng Ta Lư,Thanh Hương,ART_ebd4f9bdbe,POP_BALLAD,deterministic_mapping,1.0,,,unavailable,data/lyrics/RMVM_S_a9837822ff.txt,verified_local,,unavailable,,missing,TIER_A,LYRICS_ONLY,v1,missing,missing,1,0,0,original_recording,,
RMVM_S_cfbe9b935b,Khi Người Mình Yêu Khóc 2 (Vinz x Hải Nam Remix),"Exclusive Music, Phan Mạnh Quỳnh",ART_2251f7bf4d,POP_BALLAD,deterministic_mapping,1.0,,,unavailable,data/lyrics/RMVM_S_cfbe9b935b.txt,verified_local,data/covers/RMVM_S_cfbe9b935b.jpg,verified_local,,missing,TIER_A,LYRICS_COVER,v1,missing,missing,1,1,0,original_recording,,
RMVM_S_d7602e42c6,Giọt Lệ Mùa Đông,Nhật Kim Anh,ART_8f5deabde4,POP_BALLAD,deterministic_mapping,1.0,,,unavailable,data/lyrics/RMVM_S_d7602e42c6.txt,verified_local,,unavailable,,missing,TIER_A,LYRICS_ONLY,v1,missing,missing,1,0,0,original_recording,,
RMVM_S_a27edd1615,5 tháng bên em,Kuun Đức Nam,ART_58111b9fa8,POP_BALLAD,deterministic_mapping,1.0,,,unavailable,data/lyrics/RMVM_S_a27edd1615.txt,verified_local,,unavailable,,missing,TIER_A,LYRICS_ONLY,v1,missing,missing,1,0,0,original_recording,,
RMVM_S_0a98baee68,Hoa Trinh Nữ,Bảo Hân Bolero,ART_f69e0baf38,BOLERO_TRUTINH,deterministic_mapping,1.0,,,unavailable,data/lyrics/RMVM_S_0a98baee68.txt,verified_local,,unavailable,,missing,TIER_A,LYRICS_ONLY,v1,missing,missing,1,0,0,original_recording,,
RMVM_S_7ee57225a5,Dấu Vết Cuộc Tình,Xuân Phú,ART_757fe4b862,BOLERO_TRUTINH,deterministic_mapping,1.0,,,unavailable,data/lyrics/RMVM_S_7ee57225a5.txt,verified_local,,unavailable,,missing,TIER_A,LYRICS_ONLY,v1,missing,missing,1,0,0,original_recording,,
RMVM_S_2c0273773d,Em Tưởng Tôi Là Ai,Thái Phong Vũ,ART_af360fbe16,POP_BALLAD,deterministic_mapping,1.0,,,unavailable,data/lyrics/RMVM_S_2c0273773d.txt,verified_local,,unavailable,,missing,TIER_A,LYRICS_ONLY,v1,missing,missing,1,0,0,original_recording,,
RMVM_S_4ccb274ae3,Anh Là Gã Ngốc,JUUN D,ART_c2df3bcec8,POP_BALLAD,deterministic_mapping,1.0,,,unavailable,data/lyrics/RMVM_S_4ccb274ae3.txt,verified_local,,unavailable,,missing,TIER_A,LYRICS_ONLY,v1,missing,missing,1,0,0,original_recording,,
RMVM_S_ff7543ba92,Đám Cưới Anh Và Em,Đào Nguyễn Ánh,ART_1995f6593a,POP_BALLAD,deterministic_mapping,1.0,,,unavailable,data/lyrics/RMVM_S_ff7543ba92.txt,verified_local,,unavailable,,missing,TIER_A,LYRICS_ONLY,v1,missing,missing,1,0,0,original_recording,,
RMVM_S_6ec13d1dec,Anh Không Theo Đuổi Em Nữa,Thanh Duy,ART_3a94a981ef,POP_BALLAD,deterministic_mapping,1.0,,,unavailable,data/lyrics/RMVM_S_6ec13d1dec.txt,verified_local,,unavailable,,missing,TIER_A,LYRICS_ONLY,v1,missing,missing,1,0,0,original_recording,,
RMVM_S_91f9a00a54,Con Ơi Về Nhà,Trương Thảo Nhi,ART_0fff381864,POP_BALLAD,deterministic_mapping,1.0,,,unavailable,data/lyrics/RMVM_S_91f9a00a54.txt,verified_local,data/covers/RMVM_S_91f9a00a54.jpg,verified_local,,missing,TIER_A,LYRICS_COVER,v1,missing,missing,1,1,0,original_recording,,
RMVM_MB_f8fd253f9e,Hương thầm,Việt Hoàn,ART_276f4cb1af,REVOLUTIONARY,musicbrainz_artist_discography,0.85,,,unavailable,,unavailable,,unavailable,2013.0,verified,TIER_B,METADATA_ONLY,v1,verified,verified_crawl,0,0,0,original_recording,,
RMVM_MB_8795dc345c,20 25 30,Kai Đinh,ART_db22fc7f69,RB_SOUL,musicbrainz_artist_discography,0.85,,,unavailable,,unavailable,,unavailable,2023.0,verified,TIER_B,METADATA_ONLY,v1,verified,verified_crawl,0,0,0,original_recording,,
RMVM_S_c042d93acb,LK Còn Mãi Yêu Thương & Tình Đẹp Như Mơ,"Loan Châu, Hồ Lệ Thu",ART_8eef28fc4c,INSTRUMENTAL,source_tag_verification,0.85,,,unavailable,data/lyrics/RMVM_S_c042d93acb.txt,verified_local,,unavailable,,missing,TIER_B,LYRICS_ONLY,v1,missing,missing,1,0,0,original_recording,,
RMVM_S_a03d34b27f,Tìm Được Một Nửa Hóa Ra Lại Chưa (Piano Version),Vương Anh Tú,ART_b5427a3989,POP_BALLAD,deterministic_mapping,1.0,,,unavailable,data/lyrics/RMVM_S_a03d34b27f.txt,verified_local,data/covers/RMVM_S_a03d34b27f.jpg,verified_local,,missing,TIER_A,LYRICS_COVER,v1,missing,missing,1,1,0,original_recording,,
RMVM_S_7a7e099ab7,Con Nào Thấu Hiểu,Thành Big,ART_0638e18e9f,POP_BALLAD,deterministic_mapping,1.0,,,unavailable,data/lyrics/RMVM_S_7a7e099ab7.txt,verified_local,,unavailable,,missing,TIER_A,LYRICS_ONLY,v1,missing,missing,1,0,0,original_recording,,
RMVM_S_08722b7939,Cơn Mưa Ký Ức,Dee Trần,ART_57dfc97013,POP_BALLAD,deterministic_mapping,1.0,,,unavailable,data/lyrics/RMVM_S_08722b7939.txt,verified_local,,unavailable,,missing,TIER_A,LYRICS_ONLY,v1,missing,missing,1,0,0,original_recording,,
RMVM_S_edbcd04e6e,Đời Chưa Hồi Kết,"Danh Tuấn Trung, Lâm Hùng",ART_16a0b5afa6,POP_BALLAD,deterministic_mapping,1.0,,,unavailable,data/lyrics/RMVM_S_edbcd04e6e.txt,verified_local,,unavailable,,missing,TIER_A,LYRICS_ONLY,v1,missing,missing,1,0,0,original_recording,,
RMVM_MB_dbc248c425,Vọng cổ,Kim Sinh,ART_cf792f0e13,INSTRUMENTAL,musicbrainz_artist_discography,0.85,,,unavailable,,unavailable,,unavailable,2003.0,verified,TIER_B,METADATA_ONLY,v1,verified,verified_crawl,0,0,0,original_recording,,
RMVM_S_f9acadd328,Em Về Tinh Khôi (25th Làn Sóng Xanh),"AMEE, GREY D, Hoàng Dũng",ART_a011d639d1,POP_BALLAD,deterministic_mapping,1.0,,,unavailable,data/lyrics/RMVM_S_f9acadd328.txt,verified_local,,unavailable,,missing,TIER_A,LYRICS_ONLY,v1,missing,missing,1,0,0,original_recording,,
RMVM_S_5e7f6588c1,Phải Chăng Em Đã Yêu,Minh Hằng,ART_5a1a4cd7d1,POP_BALLAD,deterministic_mapping,1.0,,,unavailable,data/lyrics/RMVM_S_5e7f6588c1.txt,verified_local,,unavailable,,missing,TIER_A,LYRICS_ONLY,v1,missing,missing,1,0,0,original_recording,,
RMVM_MB_644eb454d5,Hà Nội mùa vắng những cơn mưa,Cẩm Vân,ART_9f811a153f,NHAC_TRINH,musicbrainz_artist_discography,0.85,,,unavailable,,unavailable,,unavailable,1998.0,verified,TIER_B,METADATA_ONLY,v1,verified,verified_crawl,0,0,0,original_recording,,
RMVM_S_67c2c3a05e,Tiếng Hát Với Cung Đàn,Nhiều nghệ sĩ,ART_736b531937,INSTRUMENTAL,source_tag_verification,0.85,,,unavailable,data/lyrics/RMVM_S_67c2c3a05e.txt,verified_local,,unavailable,,missing,TIER_B,LYRICS_ONLY,v1,missing,missing,1,0,0,original_recording,,
RMVM_S_7936bd3cdb,Liên Khúc Ngỏ Lời,"Đặng Trí Trung, Võ Lam Phương",ART_1980383c03,INSTRUMENTAL,source_tag_verification,0.85,,,unavailable,,unavailable,data/covers/RMVM_S_7936bd3cdb.jpg,verified_local,,missing,TIER_B,COVER_ONLY,v1,missing,missing,0,1,0,original_recording,,
RMVM_S_e69a29e1b7,Mashup Duyên,"NIT, Tăng Duy Tân, DJ Shine",ART_43ba6c18dc,POP_BALLAD,deterministic_mapping,1.0,,,unavailable,data/lyrics/RMVM_S_e69a29e1b7.txt,verified_local,,unavailable,,missing,TIER_A,LYRICS_ONLY,v1,missing,missing,1,0,0,original_recording,,
RMVM_S_835779918e,Để Anh Đi,Thảo Phạm,ART_aaf7295a45,POP_BALLAD,deterministic_mapping,1.0,,,unavailable,data/lyrics/RMVM_S_835779918e.txt,verified_local,data/covers/RMVM_S_835779918e.jpg,verified_local,,missing,TIER_A,LYRICS_COVER,v1,missing,missing,1,1,0,original_recording,,
RMVM_S_39f1a5d2d3,Buồn Thu Ướt Mi,"Bảo Hân, Don Hồ",ART_d0fda727d9,INSTRUMENTAL,source_tag_verification,0.85,,,unavailable,data/lyrics/RMVM_S_39f1a5d2d3.txt,verified_local,,unavailable,,missing,TIER_B,LYRICS_ONLY,v1,missing,missing,1,0,0,original_recording,,
RMVM_MB_c00d388bf8,Stardom (Unplugged),Vũ Cát Tường,ART_45bba9499c,RB_SOUL,musicbrainz_artist_discography,0.85,,,unavailable,,unavailable,,unavailable,2023.0,verified,TIER_B,METADATA_ONLY,v1,verified,verified_crawl,0,0,0,original_recording,,
RMVM_S_c491eebc1a,Em Là Con Gái Rượu,"Võ Lê Mi, Jin Tuấn Nam",ART_6595ed37df,POP_BALLAD,deterministic_mapping,1.0,,,unavailable,data/lyrics/RMVM_S_c491eebc1a.txt,verified_local,,unavailable,,missing,TIER_A,LYRICS_ONLY,v1,missing,missing,1,0,0,original_recording,,
RMVM_S_e992e683ca,"Liên Khúc: Người Về Cuối Phố,Dấu Chôn Tình Buồn,Tình Lẻ Bóng",Cẩm Ly,ART_310ca7b279,POP_BALLAD,deterministic_mapping,1.0,,,unavailable,,unavailable,data/covers/RMVM_S_e992e683ca.jpg,verified_local,,missing,TIER_A,COVER_ONLY,v1,missing,missing,0,1,0,original_recording,,
RMVM_S_aa12e0e826,Thương Cô Lắm Chớ,Huy Nam,ART_e3ee7c9301,POP_BALLAD,deterministic_mapping,1.0,,,unavailable,data/lyrics/RMVM_S_aa12e0e826.txt,verified_local,,unavailable,,missing,TIER_A,LYRICS_ONLY,v1,missing,missing,1,0,0,original_recording,,
RMVM_S_6e97b7bc47,Em Vẫn Chưa Về (Cover),Phạm Minh Huy,ART_cc6c67dc33,POP_BALLAD,deterministic_mapping,1.0,,,unavailable,data/lyrics/RMVM_S_6e97b7bc47.txt,verified_local,,unavailable,,missing,TIER_A,LYRICS_ONLY,v1,missing,missing,1,0,0,original_recording,,
RMVM_MB_8172ddbb70,Stardom,Vũ Cát Tường,ART_45bba9499c,RB_SOUL,musicbrainz_artist_discography,0.85,,,unavailable,,unavailable,,unavailable,2018.0,verified,TIER_B,METADATA_ONLY,v1,verified,verified_crawl,0,0,0,original_recording,,
RMVM_S_052038a28a,Quên Hết Đam Mê,"Tuấn Hùng, Thùy Vân",ART_2493bd1d8e,POP_BALLAD,deterministic_mapping,1.0,,,unavailable,data/lyrics/RMVM_S_052038a28a.txt,verified_local,,unavailable,,missing,TIER_A,LYRICS_ONLY,v1,missing,missing,1,0,0,original_recording,,
RMVM_S_1465697e89,Con Đường Không Có Tên Anh,Dương Triệu Vũ,ART_40c6c237c0,INSTRUMENTAL,source_tag_verification,0.85,,,unavailable,data/lyrics/RMVM_S_1465697e89.txt,verified_local,,unavailable,,missing,TIER_B,LYRICS_ONLY,v1,missing,missing,1,0,0,original_recording,,
RMVM_S_aebf3a8053,"Anh Một Nơi, Em Một Nơi",Ngọc Hân,ART_e908c009ec,POP_BALLAD,deterministic_mapping,1.0,,,unavailable,data/lyrics/RMVM_S_aebf3a8053.txt,verified_local,data/covers/RMVM_S_aebf3a8053.jpg,verified_local,,missing,TIER_A,LYRICS_COVER,v1,missing,missing,1,1,0,original_recording,,
RMVM_S_68459e29ab,Chỉ Tại Dòng Sông Đa Tình,Thanh Quý,ART_7bdf7be6b5,BOLERO_TRUTINH,deterministic_mapping,1.0,,,unavailable,data/lyrics/RMVM_S_68459e29ab.txt,verified_local,,unavailable,,missing,TIER_A,LYRICS_ONLY,v1,missing,missing,1,0,0,original_recording,,
RMVM_S_43c1fbe065,Anh Đứng Đây Từ Giờ Tới Mai,buitruonglinh,ART_625a05e110,POP_BALLAD,deterministic_mapping,1.0,,,unavailable,data/lyrics/RMVM_S_43c1fbe065.txt,verified_local,,unavailable,,missing,TIER_A,LYRICS_ONLY,v1,missing,missing,1,0,0,original_recording,,
RMVM_S_ab7f120a4e,Ngày Về,"Ái Vân, Họa Mi",ART_39c47c4e33,INSTRUMENTAL,source_tag_verification,0.85,,,unavailable,,unavailable,,unavailable,,missing,TIER_B,METADATA_ONLY,v1,missing,missing,0,0,0,original_recording,,
RMVM_S_54d22d2652,Đừng Quay Lưng,Mắt Ngọc,ART_6cfbee5e76,POP_BALLAD,deterministic_mapping,1.0,,,unavailable,data/lyrics/RMVM_S_54d22d2652.txt,verified_local,,unavailable,,missing,TIER_A,LYRICS_ONLY,v1,missing,missing,1,0,0,original_recording,,
RMVM_S_366d68edc2,Bạn Thân Ơi,"Wxrdie, Droppy",ART_e4a3c855f1,BOLERO_TRUTINH,deterministic_mapping,1.0,,,unavailable,data/lyrics/RMVM_S_366d68edc2.txt,verified_local,,unavailable,,missing,TIER_A,LYRICS_ONLY,v1,missing,missing,1,0,0,original_recording,,
RMVM_S_40e7bced79,Liên Khúc Cánh Thiệp Đầu Xuân,"Uyên Trang, Nguyên Vũ",ART_1f86353487,BOLERO_TRUTINH,deterministic_mapping,1.0,,,unavailable,data/lyrics/RMVM_S_40e7bced79.txt,verified_local,data/covers/RMVM_S_40e7bced79.jpg,verified_local,,missing,TIER_A,LYRICS_COVER,v1,missing,missing,1,1,0,original_recording,,
RMVM_S_078656fcf0,Valentine Trắng: Lời Hồi Đáp,Bảo Đại,ART_a675058a74,POP_BALLAD,deterministic_mapping,1.0,,,unavailable,data/lyrics/RMVM_S_078656fcf0.txt,verified_local,,unavailable,,missing,TIER_A,LYRICS_ONLY,v1,missing,missing,1,0,0,original_recording,,
RMVM_MB_d984b71758,Tái sinh,Unlimited,ART_958f470d0b,ROCK,musicbrainz_artist_discography,0.85,,,unavailable,,unavailable,,unavailable,2009.0,verified,TIER_B,METADATA_ONLY,v1,verified,verified_crawl,0,0,0,original_recording,,
RMVM_MB_28d9c5d4b5,Peace N’ Love,Low G,ART_1457f41cd8,RAP_HIPHOP,musicbrainz_artist_discography,0.85,,,unavailable,,unavailable,,unavailable,2025.0,verified,TIER_B,METADATA_ONLY,v1,verified,verified_crawl,0,0,0,original_recording,,
RMVM_MB_c941ec8bd9,Em đi chùa Hương,Hương Lan,ART_8422601bfe,FOLK_TRADITIONAL,musicbrainz_artist_discography,0.85,,,unavailable,,unavailable,,unavailable,,missing,TIER_B,METADATA_ONLY,v1,missing,missing,0,0,0,original_recording,,
RMVM_S_2dfd62ee4a,Một Lần Cuối Thôi,"Lê Trần Media, Thảo Milk",ART_25c83dd07f,POP_BALLAD,deterministic_mapping,1.0,,,unavailable,data/lyrics/RMVM_S_2dfd62ee4a.txt,verified_local,,unavailable,,missing,TIER_A,LYRICS_ONLY,v1,missing,missing,1,0,0,original_recording,,
RMVM_S_45212d3dee,Chỉ Cần Độ Nàng Chẳng Cần Độ Ta,Trương Y Du,ART_401ca15143,POP_BALLAD,deterministic_mapping,1.0,,,unavailable,data/lyrics/RMVM_S_45212d3dee.txt,verified_local,,unavailable,,missing,TIER_A,LYRICS_ONLY,v1,missing,missing,1,0,0,original_recording,,
RMVM_S_c08bf17e16,Người Vội Ra Đi,Phạm Khánh Hưng,ART_0e97aa8411,POP_BALLAD,deterministic_mapping,1.0,,,unavailable,data/lyrics/RMVM_S_c08bf17e16.txt,verified_local,,unavailable,,missing,TIER_A,LYRICS_ONLY,v1,missing,missing,1,0,0,original_recording,,
RMVM_S_d1903b5c3a,Nếu Không Có Bé Trong Nhà,Bé Minh Vy,ART_6812bd41d7,CHILDREN,deterministic_mapping,1.0,,,unavailable,data/lyrics/RMVM_S_d1903b5c3a.txt,verified_local,,unavailable,,missing,TIER_A,LYRICS_ONLY,v1,missing,missing,1,0,0,original_recording,,
RMVM_S_11a64d7074,Bao tuổi rồi mà còn yêu với đương,Saabirose,ART_b6ccd3354f,RAP_HIPHOP,deterministic_mapping,1.0,,,unavailable,data/lyrics/RMVM_S_11a64d7074.txt,verified_local,,unavailable,,missing,TIER_A,LYRICS_ONLY,v1,missing,missing,1,0,0,original_recording,,
RMVM_S_01657ba1e9,Chẳng Còn Thời Gian Ấy (Lofi Version),"Bem, Nguyenx, ImPoe.",ART_04f4f66ff9,POP_BALLAD,deterministic_mapping,1.0,,,unavailable,data/lyrics/RMVM_S_01657ba1e9.txt,verified_local,data/covers/RMVM_S_01657ba1e9.jpg,verified_local,,missing,TIER_A,LYRICS_COVER,v1,missing,missing,1,1,0,original_recording,,
RMVM_S_758e06bbc4,Đêm Chia Xa,Hương Lan,ART_8422601bfe,FOLK_TRADITIONAL,artist_discography_verification,0.85,,,unavailable,data/lyrics/RMVM_S_758e06bbc4.txt,verified_local,,unavailable,,missing,TIER_B,LYRICS_ONLY,v1,missing,missing,1,0,0,original_recording,,
RMVM_S_c03a9ad2fa,Em Muốn Mua Tim Anh Không?,Dee Trần,ART_57dfc97013,POP_BALLAD,deterministic_mapping,1.0,,,unavailable,data/lyrics/RMVM_S_c03a9ad2fa.txt,verified_local,,unavailable,,missing,TIER_A,LYRICS_ONLY,v1,missing,missing,1,0,0,original_recording,,
RMVM_S_73b54271d0,Hoan Ca Maria,Vy Oanh,ART_4835a2401f,OTHER,curated_out_of_taxonomy,0.9,Religious / Sacred spiritual Vietnamese music,,unavailable,,unavailable,,unavailable,,missing,TIER_B,METADATA_ONLY,v1,missing,missing,0,0,0,original_recording,,
RMVM_S_a4e84d3f56,Đừng Tìm Chi Xa,Hana Cẩm Tiên,ART_03c3d26c07,POP_BALLAD,deterministic_mapping,1.0,,,unavailable,data/lyrics/RMVM_S_a4e84d3f56.txt,verified_local,,unavailable,,missing,TIER_A,LYRICS_ONLY,v1,missing,missing,1,0,0,original_recording,,
RMVM_S_d473dfc472,Đã Từng Như Thế,Nguyên Hà,ART_2f3e4cb8ac,POP_BALLAD,deterministic_mapping,1.0,,,unavailable,data/lyrics/RMVM_S_d473dfc472.txt,verified_local,,unavailable,,missing,TIER_A,LYRICS_ONLY,v1,missing,missing,1,0,0,original_recording,,
RMVM_S_bd37d04440,Chuyện Tình Của Em,"Don Hồ, Châu Ngọc",ART_59f16a08bf,INSTRUMENTAL,source_tag_verification,0.85,,,unavailable,data/lyrics/RMVM_S_bd37d04440.txt,verified_local,,unavailable,,missing,TIER_B,LYRICS_ONLY,v1,missing,missing,1,0,0,original_recording,,
RMVM_MB_65b57d13a8,Dans Met Mij,Blacka,ART_87222206ce,RAP_HIPHOP,musicbrainz_artist_discography,0.85,,,unavailable,,unavailable,,unavailable,2023.0,verified,TIER_B,METADATA_ONLY,v1,verified,verified_crawl,0,0,0,original_recording,,
RMVM_S_9e72545a33,Tựa Như Cánh Phù Du,Hồ Nhật Huy,ART_46418f5f0c,POP_BALLAD,deterministic_mapping,1.0,,,unavailable,data/lyrics/RMVM_S_9e72545a33.txt,verified_local,data/covers/RMVM_S_9e72545a33.jpg,verified_local,,missing,TIER_A,LYRICS_COVER,v1,missing,missing,1,1,0,original_recording,,
RMVM_S_4c9e27853c,Đừng Lừa Dối Nhau,Ý Lan,ART_47ad458977,POP_BALLAD,deterministic_mapping,1.0,,,unavailable,data/lyrics/RMVM_S_4c9e27853c.txt,verified_local,,unavailable,,missing,TIER_A,LYRICS_ONLY,v1,missing,missing,1,0,0,original_recording,,
RMVM_S_046cfd2ab5,Biết Em Thương Người Khác (HT REMIX),"ZIN MEDIA, Trương Khải Minh",ART_6344248ef7,DANCE_EDM,deterministic_mapping,1.0,,,unavailable,data/lyrics/RMVM_S_046cfd2ab5.txt,verified_local,,unavailable,,missing,TIER_A,LYRICS_ONLY,v1,missing,missing,1,0,0,original_recording,,
RMVM_S_6866c85846,Em Đưa Anh Về Trà Vinh,Thanh Nhường,ART_a1f3809c82,POP_BALLAD,deterministic_mapping,1.0,,,unavailable,,unavailable,data/covers/RMVM_S_6866c85846.jpg,verified_local,,missing,TIER_A,COVER_ONLY,v1,missing,missing,0,1,0,original_recording,,
RMVM_S_6ce5edafbe,Truyện Kể Thánh Gióng,Billy Hoàng Phong,ART_fe09faf756,POP_BALLAD,deterministic_mapping,1.0,,,unavailable,data/lyrics/RMVM_S_6ce5edafbe.txt,verified_local,,unavailable,,missing,TIER_A,LYRICS_ONLY,v1,missing,missing,1,0,0,original_recording,,
RMVM_S_80aa7f9001,Em Mang Tình Mình Trao Ai,"Truzg, Bình Boo",ART_6f097571cb,POP_BALLAD,deterministic_mapping,1.0,,,unavailable,data/lyrics/RMVM_S_80aa7f9001.txt,verified_local,,unavailable,,missing,TIER_A,LYRICS_ONLY,v1,missing,missing,1,0,0,original_recording,,
RMVM_S_f174679626,Cho Đời Thương Nhớ,Hồng Nhung,ART_cae1d62498,POP_BALLAD,deterministic_mapping,1.0,,,unavailable,data/lyrics/RMVM_S_f174679626.txt,verified_local,,unavailable,,missing,TIER_A,LYRICS_ONLY,v1,missing,missing,1,0,0,original_recording,,
RMVM_S_2209ebd559,Ai Đó Không Phải Anh,Tăng Duy Tân,ART_affec4d0ca,POP_BALLAD,deterministic_mapping,1.0,,,unavailable,data/lyrics/RMVM_S_2209ebd559.txt,verified_local,,unavailable,,missing,TIER_A,LYRICS_ONLY,v1,missing,missing,1,0,0,original_recording,,
RMVM_MB_27d4feecc2,Party,Triple D,ART_7b16a4372e,DANCE_EDM,musicbrainz_artist_discography,0.85,,,unavailable,,unavailable,,unavailable,2016.0,verified,TIER_B,METADATA_ONLY,v1,verified,verified_crawl,0,0,0,original_recording,,
RMVM_S_6a3072d920,Giữ Lại Chút Hương Tình,"Bin Trần, Minh Tài, Thịnh Trần",ART_d8edf3e8e9,POP_BALLAD,deterministic_mapping,1.0,,,unavailable,data/lyrics/RMVM_S_6a3072d920.txt,verified_local,,unavailable,,missing,TIER_A,LYRICS_ONLY,v1,missing,missing,1,0,0,original_recording,,
RMVM_MB_e62b395c70,Magalin,Blacka,ART_87222206ce,RAP_HIPHOP,musicbrainz_artist_discography,0.85,,,unavailable,,unavailable,,unavailable,2020.0,verified,TIER_B,METADATA_ONLY,v1,verified,verified_crawl,0,0,0,original_recording,,
RMVM_MB_aece421312,Chiếc Lược Ngà,Kim Tử Long,ART_7deaf09dc9,FOLK_TRADITIONAL,musicbrainz_artist_discography,0.85,,,unavailable,,unavailable,,unavailable,2023.0,verified,TIER_B,METADATA_ONLY,v1,verified,verified_crawl,0,0,0,original_recording,,
RMVM_S_d8e39cebc8,Ngẫu Hứng Bolero,"Hoàng Tuấn Minh, SOUND HIT",ART_425bef4182,BOLERO_TRUTINH,deterministic_mapping,1.0,,,unavailable,data/lyrics/RMVM_S_d8e39cebc8.txt,verified_local,data/covers/RMVM_S_d8e39cebc8.jpg,verified_local,,missing,TIER_A,LYRICS_COVER,v1,missing,missing,1,1,0,original_recording,,
RMVM_S_d1670f35ad,Chỉ Vì Quá Thương Em,Hải Nam,ART_be2a1e703f,POP_BALLAD,deterministic_mapping,1.0,,,unavailable,data/lyrics/RMVM_S_d1670f35ad.txt,verified_local,,unavailable,,missing,TIER_A,LYRICS_ONLY,v1,missing,missing,1,0,0,original_recording,,
RMVM_S_64fb893392,Gốc Phố Rêu Phong,Lưu Bích,ART_4c4952faa8,INSTRUMENTAL,source_tag_verification,0.85,,,unavailable,data/lyrics/RMVM_S_64fb893392.txt,verified_local,,unavailable,,missing,TIER_B,LYRICS_ONLY,v1,missing,missing,1,0,0,original_recording,,
RMVM_S_3a1eb8f4d0,Sao Nỡ Mình Ơi,Dư Anh,ART_0191065bc4,FOLK_TRADITIONAL,deterministic_mapping,1.0,,,unavailable,data/lyrics/RMVM_S_3a1eb8f4d0.txt,verified_local,,unavailable,,missing,TIER_A,LYRICS_ONLY,v1,missing,missing,1,0,0,original_recording,,
RMVM_S_b498e23f3d,Nụ Cười 18 20 (Remix Version 2),"BMZ, Hoa Xuân Đức",ART_8e2a5ccb3e,POP_BALLAD,deterministic_mapping,1.0,,,unavailable,data/lyrics/RMVM_S_b498e23f3d.txt,verified_local,,unavailable,,missing,TIER_A,LYRICS_ONLY,v1,missing,missing,1,0,0,original_recording,,
RMVM_S_80c7ecb8f6,Người Tình Trăm Năm (Liveshow Khi Ta Yêu 2019),"Bằng Kiều, Minh Tuyết",ART_65eb4ce1bb,POP_BALLAD,deterministic_mapping,1.0,,,unavailable,,unavailable,data/covers/RMVM_S_80c7ecb8f6.jpg,verified_local,2019.0,verified,TIER_A,COVER_ONLY,v1,verified,verified_crawl,0,1,0,original_recording,,
RMVM_S_455c40d32d,Tết Đến Rồi Sao Chẳng Thấy Em Đâu,HIT,ART_f09328d495,POP_BALLAD,deterministic_mapping,1.0,,,unavailable,data/lyrics/RMVM_S_455c40d32d.txt,verified_local,,unavailable,,missing,TIER_A,LYRICS_ONLY,v1,missing,missing,1,0,0,original_recording,,
RMVM_S_280c85be1a,Một Nỗi Đau,Hoàng Châu,ART_b1a63e3d25,POP_BALLAD,deterministic_mapping,1.0,,,unavailable,data/lyrics/RMVM_S_280c85be1a.txt,verified_local,,unavailable,,missing,TIER_A,LYRICS_ONLY,v1,missing,missing,1,0,0,original_recording,,
RMVM_S_d2b8b73592,Chung Nhà Chung Hạnh Phúc,"Nguyễn Tuấn, Phạm Sắc Lệnh",ART_5d5e5c0bae,POP_BALLAD,deterministic_mapping,1.0,,,unavailable,data/lyrics/RMVM_S_d2b8b73592.txt,verified_local,,unavailable,,missing,TIER_A,LYRICS_ONLY,v1,missing,missing,1,0,0,original_recording,,
RMVM_S_c13cde9d0b,DUYÊN MỘNG VỠ TAN,Qiti,ART_5340a9cb63,POP_BALLAD,deterministic_mapping,1.0,,,unavailable,data/lyrics/RMVM_S_c13cde9d0b.txt,verified_local,,unavailable,,missing,TIER_A,LYRICS_ONLY,v1,missing,missing,1,0,0,original_recording,,
RMVM_S_ba5d12712c,Anh Sẽ Chống Lại Cả Thế Giới,Phan Ngọc Luân,ART_2217b220f1,POP_BALLAD,deterministic_mapping,1.0,,,unavailable,data/lyrics/RMVM_S_ba5d12712c.txt,verified_local,data/covers/RMVM_S_ba5d12712c.jpg,verified_local,,missing,TIER_A,LYRICS_COVER,v1,missing,missing,1,1,0,original_recording,,
RMVM_MB_cbf8c04f8e,Bạn Đời,Karik,ART_ac386cda83,RAP_HIPHOP,musicbrainz_artist_discography,0.85,,,unavailable,,unavailable,,unavailable,2023.0,verified,TIER_B,METADATA_ONLY,v1,verified,verified_crawl,0,0,0,original_recording,,
RMVM_S_c721c30304,Yêu Em Không Cát Xê,Hoàng Nhật Anh,ART_f7dd4b76db,POP_BALLAD,deterministic_mapping,1.0,,,unavailable,data/lyrics/RMVM_S_c721c30304.txt,verified_local,,unavailable,,missing,TIER_A,LYRICS_ONLY,v1,missing,missing,1,0,0,original_recording,,
RMVM_S_a8e5e5a4d4,Chờ Anh Nói Một Lời,"Nguyễn Hưng, Lưu Bích",ART_0db99f2366,INSTRUMENTAL,source_tag_verification,0.85,,,unavailable,data/lyrics/RMVM_S_a8e5e5a4d4.txt,verified_local,,unavailable,,missing,TIER_B,LYRICS_ONLY,v1,missing,missing,1,0,0,original_recording,,
RMVM_S_ac0a97bf7b,Anh Ghét Mình Vì Còn Nhớ Em,Phạm Đình Thái Ngân,ART_317bd50d6c,POP_BALLAD,deterministic_mapping,0.85,,,unavailable,,unavailable,,unavailable,,missing,TIER_B,METADATA_ONLY,v1,missing,missing,0,0,0,original_recording,,
RMVM_MB_7afe71ca8d,Vỡ mộng ân tình,Hải Phượng,ART_cbc3972eaa,INSTRUMENTAL,musicbrainz_artist_discography,0.85,,,unavailable,,unavailable,,unavailable,2019.0,verified,TIER_B,METADATA_ONLY,v1,verified,verified_crawl,0,0,0,original_recording,,
RMVM_S_b8c62d3deb,Xa Vắng,Bằng Cường,ART_92092d6cfb,POP_BALLAD,deterministic_mapping,1.0,,,unavailable,data/lyrics/RMVM_S_b8c62d3deb.txt,verified_local,,unavailable,,missing,TIER_A,LYRICS_ONLY,v1,missing,missing,1,0,0,original_recording,,
RMVM_S_515539a2b8,Cảm Xúc Em Qua Chưa,"Kalee Hoàng, Sad B",ART_ad2e84183a,POP_BALLAD,deterministic_mapping,1.0,,,unavailable,data/lyrics/RMVM_S_515539a2b8.txt,verified_local,,unavailable,,missing,TIER_A,LYRICS_ONLY,v1,missing,missing,1,0,0,original_recording,,
RMVM_S_adffaac4be,Lặng Nhìn Em Rời Xa,Ty An Bảo,ART_175f6656f5,POP_BALLAD,deterministic_mapping,1.0,,,unavailable,data/lyrics/RMVM_S_adffaac4be.txt,verified_local,data/covers/RMVM_S_adffaac4be.jpg,verified_local,,missing,TIER_A,LYRICS_COVER,v1,missing,missing,1,1,0,original_recording,,
RMVM_S_1afe947c7e,Chia Tay Thôi Em (Locprox Remix),Hồ Duy Khang,ART_94574618db,DANCE_EDM,deterministic_mapping,1.0,,,unavailable,data/lyrics/RMVM_S_1afe947c7e.txt,verified_local,,unavailable,,missing,TIER_A,LYRICS_ONLY,v1,missing,missing,1,0,0,original_recording,,
RMVM_S_ab8e7dc286,Anh Muốn Biết Sự Thật,Dương Nhất Linh,ART_02796cb87a,POP_BALLAD,deterministic_mapping,1.0,,,unavailable,data/lyrics/RMVM_S_ab8e7dc286.txt,verified_local,,unavailable,,missing,TIER_A,LYRICS_ONLY,v1,missing,missing,1,0,0,original_recording,,
RMVM_S_6f09f9ffd0,Có Thấy Tôi Tuổi 15,Mỹ Linh,ART_fb2f94a458,POP_BALLAD,deterministic_mapping,1.0,,,unavailable,data/lyrics/RMVM_S_6f09f9ffd0.txt,verified_local,,unavailable,,missing,TIER_A,LYRICS_ONLY,v1,missing,missing,1,0,0,original_recording,,
RMVM_S_6e2980072d,Ai Cũng Nói Anh Ngốc,Anh Hảo,ART_f24cb38231,POP_BALLAD,deterministic_mapping,1.0,,,unavailable,data/lyrics/RMVM_S_6e2980072d.txt,verified_local,,unavailable,,missing,TIER_A,LYRICS_ONLY,v1,missing,missing,1,0,0,original_recording,,
RMVM_S_690c263e05,Đừng Yêu Nữa Em Mệt Rồi (Live At Soul Of The Forest),Phượng Vũ,ART_be2a9c99c7,POP_BALLAD,deterministic_mapping,1.0,,,unavailable,data/lyrics/RMVM_S_690c263e05.txt,verified_local,,unavailable,,missing,TIER_A,LYRICS_ONLY,v1,missing,missing,1,0,0,original_recording,,
RMVM_MB_ed59096c91,Fall in Love (chill version),Kimmese,ART_9b77c3bf9e,RB_SOUL,musicbrainz_artist_discography,0.85,,,unavailable,,unavailable,,unavailable,2018.0,verified,TIER_B,METADATA_ONLY,v1,verified,verified_crawl,0,0,0,original_recording,,
RMVM_MB_2fbff0b081,Như Cánh Vạc Bay,Khánh Ly,ART_2a0e02284a,NHAC_TRINH,musicbrainz_artist_discography,0.85,,,unavailable,,unavailable,,unavailable,1992.0,verified,TIER_B,METADATA_ONLY,v1,verified,verified_crawl,0,0,0,original_recording,,
RMVM_S_bcbfb527aa,Em Yêu Xin Đừng Khóc,Lưu Gia Bảo,ART_198f1b2afb,POP_BALLAD,deterministic_mapping,1.0,,,unavailable,data/lyrics/RMVM_S_bcbfb527aa.txt,verified_local,,unavailable,,missing,TIER_A,LYRICS_ONLY,v1,missing,missing,1,0,0,original_recording,,
RMVM_S_5361de113d,4 Mùa Thương Em (TikTok Speed Up Version),"Nguyễn Lê Hoàng Anh, Lập Nguyên, Nguyễn Hoàng Anh Official",ART_12ec76ddf7,POP_BALLAD,deterministic_mapping,1.0,,,unavailable,,unavailable,data/covers/RMVM_S_5361de113d.jpg,verified_local,,missing,TIER_A,COVER_ONLY,v1,missing,missing,0,1,0,original_recording,,
RMVM_S_790631d6dc,Bài Ca Đi Cày,"VP Bá Vương, TDK",ART_78c9e81e76,POP_BALLAD,deterministic_mapping,1.0,,,unavailable,data/lyrics/RMVM_S_790631d6dc.txt,verified_local,,unavailable,,missing,TIER_A,LYRICS_ONLY,v1,missing,missing,1,0,0,original_recording,,
RMVM_S_faa702fad2,Ngang Qua Đời Nhau,Vũ Phương,ART_4d0d1bc43a,POP_BALLAD,deterministic_mapping,1.0,,,unavailable,data/lyrics/RMVM_S_faa702fad2.txt,verified_local,,unavailable,,missing,TIER_A,LYRICS_ONLY,v1,missing,missing,1,0,0,original_recording,,
RMVM_S_aeaf616cc6,Cô Ấy Sao Rồi,TTN,ART_828bc84901,POP_BALLAD,deterministic_mapping,1.0,,,unavailable,data/lyrics/RMVM_S_aeaf616cc6.txt,verified_local,data/covers/RMVM_S_aeaf616cc6.jpg,verified_local,,missing,TIER_A,LYRICS_COVER,v1,missing,missing,1,1,0,original_recording,,
RMVM_S_3c2eff5956,Ngỡ Là Bạn Bè Thôi,Gia Tiến,ART_364f2356ab,POP_BALLAD,deterministic_mapping,1.0,,,unavailable,data/lyrics/RMVM_S_3c2eff5956.txt,verified_local,,unavailable,,missing,TIER_A,LYRICS_ONLY,v1,missing,missing,1,0,0,original_recording,,
RMVM_S_c4f066696c,Anh Vẫn Buồn Như Xưa,Thế Sơn,ART_67eb934159,INSTRUMENTAL,source_tag_verification,0.85,,,unavailable,data/lyrics/RMVM_S_c4f066696c.txt,verified_local,,unavailable,,missing,TIER_B,LYRICS_ONLY,v1,missing,missing,1,0,0,original_recording,,
RMVM_S_269533ff0d,Trong Nỗi Đau Tình Cờ,Trịnh Vĩnh Trinh,ART_06707a5746,POP_BALLAD,deterministic_mapping,1.0,,,unavailable,data/lyrics/RMVM_S_269533ff0d.txt,verified_local,,unavailable,,missing,TIER_A,LYRICS_ONLY,v1,missing,missing,1,0,0,original_recording,,
RMVM_S_3dbbcdafb9,Nghe Đôi Mi Lại Cay,Nguyễn Đình Vũ,ART_4bd0bf08ac,POP_BALLAD,deterministic_mapping,1.0,,,unavailable,data/lyrics/RMVM_S_3dbbcdafb9.txt,verified_local,data/covers/RMVM_S_3dbbcdafb9.jpg,verified_local,,missing,TIER_A,LYRICS_COVER,v1,missing,missing,1,1,0,original_recording,,
RMVM_S_f82617708c,Trích Đoạn Những Đứa Con Của Mẹ,"Vọng Cổ Việt Nam, Võ Ngọc Quyền, Lê Minh Hảo",ART_fe574e7389,POP_BALLAD,deterministic_mapping,1.0,,,unavailable,,unavailable,,unavailable,,missing,TIER_A,METADATA_ONLY,v1,missing,missing,0,0,0,original_recording,,
RMVM_S_2ca89e9c10,Cha Bên Con Từng Giây,Đình Bảo,ART_db71a476cb,INSTRUMENTAL,source_tag_verification,0.85,,,unavailable,data/lyrics/RMVM_S_2ca89e9c10.txt,verified_local,data/covers/RMVM_S_2ca89e9c10.jpg,verified_local,,missing,TIER_B,LYRICS_COVER,v1,missing,missing,1,1,0,original_recording,,
RMVM_S_8d70cdbaaf,Thế Em Làm Sao?,"Junki Trần Hòa, Vũ Phạm",ART_fb60231708,POP_BALLAD,deterministic_mapping,1.0,,,unavailable,data/lyrics/RMVM_S_8d70cdbaaf.txt,verified_local,data/covers/RMVM_S_8d70cdbaaf.jpg,verified_local,,missing,TIER_A,LYRICS_COVER,v1,missing,missing,1,1,0,original_recording,,
RMVM_S_2f0c4f4eea,Buồn Chi Em Ơi,Quang Lê,ART_7e1949e8d0,INSTRUMENTAL,source_tag_verification,0.85,,,unavailable,data/lyrics/RMVM_S_2f0c4f4eea.txt,verified_local,,unavailable,,missing,TIER_B,LYRICS_ONLY,v1,missing,missing,1,0,0,original_recording,,
RMVM_S_c10d1844ec,Sau Tổn Thương,Ngô Minh,ART_021fd6e250,POP_BALLAD,deterministic_mapping,1.0,,,unavailable,data/lyrics/RMVM_S_c10d1844ec.txt,verified_local,,unavailable,,missing,TIER_A,LYRICS_ONLY,v1,missing,missing,1,0,0,original_recording,,
RMVM_MB_96c5a5fbde,Give Me Your Love,K-ICM,ART_20fba47405,DANCE_EDM,musicbrainz_artist_discography,0.85,,,unavailable,,unavailable,,unavailable,2021.0,verified,TIER_B,METADATA_ONLY,v1,verified,verified_crawl,0,0,0,original_recording,,
RMVM_S_d2c0a4d1ee,Thanh Xuân Là Anh (C . A . O Remix),C . A . O,ART_1841abd12e,POP_BALLAD,deterministic_mapping,1.0,,,unavailable,data/lyrics/RMVM_S_d2c0a4d1ee.txt,verified_local,,unavailable,,missing,TIER_A,LYRICS_ONLY,v1,missing,missing,1,0,0,original_recording,,
RMVM_S_ebe0b20452,Bước Phiêu Bồng (Phần 1),Nhiều nghệ sĩ,ART_736b531937,BOLERO_TRUTINH,deterministic_mapping,1.0,,,unavailable,,unavailable,data/covers/RMVM_S_ebe0b20452.jpg,verified_local,,missing,TIER_A,COVER_ONLY,v1,missing,missing,0,1,0,original_recording,,
RMVM_S_2bea7b19aa,Hát Cho Xuân Tuyệt Vời,Thùy Lâm,ART_2166a41879,POP_BALLAD,deterministic_mapping,1.0,,,unavailable,data/lyrics/RMVM_S_2bea7b19aa.txt,verified_local,,unavailable,,missing,TIER_A,LYRICS_ONLY,v1,missing,missing,1,0,0,original_recording,,
RMVM_S_bd4950f6e3,Đời Là Cát Bụi Là Ta (Cover),Yuki Vinh,ART_36a786a2ad,POP_BALLAD,deterministic_mapping,1.0,,,unavailable,data/lyrics/RMVM_S_bd4950f6e3.txt,verified_local,data/covers/RMVM_S_bd4950f6e3.jpg,verified_local,,missing,TIER_A,LYRICS_COVER,v1,missing,missing,1,1,0,original_recording,,
RMVM_S_8a60c12cbe,Níu Lấy Tay Anh,Vĩnh Thuyên Kim,ART_b5e4af47bb,POP_BALLAD,deterministic_mapping,1.0,,,unavailable,data/lyrics/RMVM_S_8a60c12cbe.txt,verified_local,,unavailable,,missing,TIER_A,LYRICS_ONLY,v1,missing,missing,1,0,0,original_recording,,
RMVM_S_8a8fd0a316,Dừng Lại Một Chút Thôi,Trung Nghĩa,ART_40c879c33a,POP_BALLAD,deterministic_mapping,1.0,,,unavailable,data/lyrics/RMVM_S_8a8fd0a316.txt,verified_local,data/covers/RMVM_S_8a8fd0a316.jpg,verified_local,,missing,TIER_A,LYRICS_COVER,v1,missing,missing,1,1,0,original_recording,,
RMVM_S_262409a345,Yêu Em Còn Xa,Đăng Khôi,ART_c9cce0826e,POP_BALLAD,deterministic_mapping,1.0,,,unavailable,data/lyrics/RMVM_S_262409a345.txt,verified_local,,unavailable,,missing,TIER_A,LYRICS_ONLY,v1,missing,missing,1,0,0,original_recording,,
RMVM_S_a8d5783716,Tình Anh Vẫn Như Thế 2023,Nhật Tinh Anh,ART_497554b7f8,POP_BALLAD,deterministic_mapping,1.0,,,unavailable,data/lyrics/RMVM_S_a8d5783716.txt,verified_local,,unavailable,2023.0,verified,TIER_A,LYRICS_ONLY,v1,verified,verified_crawl,1,0,0,original_recording,,
RMVM_S_8538bd71b3,Mùa Xuân Có Em,Giang Trường,ART_0994a63f86,BOLERO_TRUTINH,deterministic_mapping,1.0,,,unavailable,data/lyrics/RMVM_S_8538bd71b3.txt,verified_local,,unavailable,,missing,TIER_A,LYRICS_ONLY,v1,missing,missing,1,0,0,original_recording,,
RMVM_MB_1808dbb3ef,Photos,Unlimited,ART_958f470d0b,ROCK,musicbrainz_artist_discography,0.85,,,unavailable,,unavailable,,unavailable,2009.0,verified,TIER_B,METADATA_ONLY,v1,verified,verified_crawl,0,0,0,original_recording,,
RMVM_S_7ddf29d10e,Khói Sương Nguyệt Lạnh,"Văn Thiên Nghĩa, Rick",ART_040c2a5f42,POP_BALLAD,deterministic_mapping,1.0,,,unavailable,data/lyrics/RMVM_S_7ddf29d10e.txt,verified_local,data/covers/RMVM_S_7ddf29d10e.jpg,verified_local,,missing,TIER_A,LYRICS_COVER,v1,missing,missing,1,1,0,original_recording,,
RMVM_MB_4e101f4338,No.2 in E flat minor OP.26-2,Đặng Thái Sơn,ART_b2127037ec,INSTRUMENTAL,musicbrainz_artist_discography,0.85,,,unavailable,,unavailable,,unavailable,2008.0,verified,TIER_B,METADATA_ONLY,v1,verified,verified_crawl,0,0,0,original_recording,,
RMVM_S_281c71ff87,Tình Nghèo,"Huỳnh Thanh Thảo, Lý Công",ART_c537fdb1a1,BOLERO_TRUTINH,deterministic_mapping,1.0,,,unavailable,,unavailable,data/covers/RMVM_S_281c71ff87.jpg,verified_local,,missing,TIER_A,COVER_ONLY,v1,missing,missing,0,1,0,original_recording,,
RMVM_S_f27f80e07c,Mừng Tuổi Mẹ,Đại Đức Thích Nhuận Thanh,ART_7964e4ed42,BOLERO_TRUTINH,deterministic_mapping,1.0,,,unavailable,data/lyrics/RMVM_S_f27f80e07c.txt,verified_local,,unavailable,,missing,TIER_A,LYRICS_ONLY,v1,missing,missing,1,0,0,original_recording,,
RMVM_S_206895b43c,Yêu Rồi Tính Sau,Trần Khánh,ART_59f26962c6,BOLERO_TRUTINH,deterministic_mapping,1.0,,,unavailable,data/lyrics/RMVM_S_206895b43c.txt,verified_local,,unavailable,,missing,TIER_A,LYRICS_ONLY,v1,missing,missing,1,0,0,original_recording,,
RMVM_S_26fc8803f2,Bụi Bay Vào Mắt,"BeeBoss, Châu Ngọc Lan",ART_43e14dec39,POP_BALLAD,deterministic_mapping,0.85,,,unavailable,,unavailable,,unavailable,,missing,TIER_B,METADATA_ONLY,v1,missing,missing,0,0,0,original_recording,,
RMVM_S_cad5766336,Thật Không Em,Cao Thiên Vũ,ART_5a3ac2c4b1,POP_BALLAD,deterministic_mapping,1.0,,,unavailable,data/lyrics/RMVM_S_cad5766336.txt,verified_local,,unavailable,,missing,TIER_A,LYRICS_ONLY,v1,missing,missing,1,0,0,original_recording,,
RMVM_S_a660c5aa71,Anh Không Năn Nỉ Em Đâu,Trương Bảo Anh,ART_90db7688e9,POP_BALLAD,deterministic_mapping,1.0,,,unavailable,data/lyrics/RMVM_S_a660c5aa71.txt,verified_local,,unavailable,,missing,TIER_A,LYRICS_ONLY,v1,missing,missing,1,0,0,original_recording,,
RMVM_S_0b9dd591f1,Bước Tôi về,Đặng Tuấn Phương,ART_22263349a9,POP_BALLAD,deterministic_mapping,1.0,,,unavailable,data/lyrics/RMVM_S_0b9dd591f1.txt,verified_local,,unavailable,,missing,TIER_A,LYRICS_ONLY,v1,missing,missing,1,0,0,original_recording,,
RMVM_S_fd9880fd2c,Mơ Quê,Huyền Trang Sao Mai 2013,ART_631b46b3c5,FOLK_TRADITIONAL,deterministic_mapping,1.0,,,unavailable,data/lyrics/RMVM_S_fd9880fd2c.txt,verified_local,,unavailable,,missing,TIER_A,LYRICS_ONLY,v1,missing,missing,1,0,0,original_recording,,
