song_id,title,artist,artist_id,genre,label_source,label_confidence,other_reason,audio_path,audio_status,lyrics_path,lyrics_status,cover_path,cover_status,release_year,year_status,tier,modality_state,split
RMVM_S_6898e050c4,Không Cần Phải Hứa Đâu Em (Cover) (Remix),"Đức Trọng, DJ Hải Vũ",ART_05c29fe396,POP_BALLAD,deterministic_mapping,1.0,N/A (Standard 11 Taxonomy),,MISSING,data/lyrics/RMVM_S_6898e050c4.txt,AVAILABLE,,MISSING,,UNVERIFIED,TIER_A,LYRICS_ONLY,train
RMVM_S_fe001c5a6f,Chàng Là Tình Duyên Đẹp Nhất Đời Ta (Remix),Oanh Tạ,ART_a9d43febda,DANCE_EDM,deterministic_mapping,1.0,N/A (Standard 11 Taxonomy),,MISSING,data/lyrics/RMVM_S_fe001c5a6f.txt,AVAILABLE,data/covers/RMVM_S_fe001c5a6f.jpg,AVAILABLE,,UNVERIFIED,TIER_A,LYRICS_COVER,train
RMVM_S_c67a0d256b,Kiếp Sau Vẫn Muốn Lập Gia Đình Với Anh,Oanh Tạ,ART_a9d43febda,POP_BALLAD,deterministic_mapping,1.0,N/A (Standard 11 Taxonomy),,MISSING,data/lyrics/RMVM_S_c67a0d256b.txt,AVAILABLE,,MISSING,,UNVERIFIED,TIER_A,LYRICS_ONLY,train
RMVM_S_20929cbadd,3 Giây Nhớ 1 Đời Thương (Cover),Oanh Tạ,ART_a9d43febda,POP_BALLAD,deterministic_mapping,1.0,N/A (Standard 11 Taxonomy),,MISSING,data/lyrics/RMVM_S_20929cbadd.txt,AVAILABLE,,MISSING,,UNVERIFIED,TIER_A,LYRICS_ONLY,train
RMVM_S_09b30ef8f4,Có Em là Điều Tuyệt Vời (Cover),Oanh Tạ,ART_a9d43febda,POP_BALLAD,deterministic_mapping,1.0,N/A (Standard 11 Taxonomy),,MISSING,data/lyrics/RMVM_S_09b30ef8f4.txt,AVAILABLE,,MISSING,,UNVERIFIED,TIER_A,LYRICS_ONLY,train
RMVM_S_9f46587a23,Thương Biệt Ly,Oanh Tạ,ART_a9d43febda,POP_BALLAD,deterministic_mapping,1.0,N/A (Standard 11 Taxonomy),,MISSING,data/lyrics/RMVM_S_9f46587a23.txt,AVAILABLE,,MISSING,,UNVERIFIED,TIER_A,LYRICS_ONLY,train
RMVM_S_d330ef0e72,Cô Gái À Em Đừng Khóc Nữa (EDM),Oanh Tạ,ART_a9d43febda,POP_BALLAD,deterministic_mapping,1.0,N/A (Standard 11 Taxonomy),,MISSING,data/lyrics/RMVM_S_d330ef0e72.txt,AVAILABLE,,MISSING,,UNVERIFIED,TIER_A,LYRICS_ONLY,train
RMVM_S_be4c3c8fb4,Vầng Trăng Cô Đơn,HA Live,ART_c6e8e9559d,BOLERO_TRUTINH,deterministic_mapping,1.0,N/A (Standard 11 Taxonomy),,MISSING,data/lyrics/RMVM_S_be4c3c8fb4.txt,AVAILABLE,,MISSING,,UNVERIFIED,TIER_A,LYRICS_ONLY,train
RMVM_S_b562d7dd41,Dưới Ánh Đèn Sân Khấu,HA Live,ART_c6e8e9559d,POP_BALLAD,deterministic_mapping,1.0,N/A (Standard 11 Taxonomy),,MISSING,data/lyrics/RMVM_S_b562d7dd41.txt,AVAILABLE,,MISSING,,UNVERIFIED,TIER_A,LYRICS_ONLY,train
RMVM_S_348d814ae5,Cảm Ơn Mình Đã Yêu Anh - Lạc,HA Live,ART_c6e8e9559d,POP_BALLAD,deterministic_mapping,1.0,N/A (Standard 11 Taxonomy),,MISSING,data/lyrics/RMVM_S_348d814ae5.txt,AVAILABLE,,MISSING,,UNVERIFIED,TIER_A,LYRICS_ONLY,train
RMVM_S_c01ac3c497,Vó Ngựa Trên Đồi Cỏ Non,HA Live,ART_c6e8e9559d,POP_BALLAD,deterministic_mapping,1.0,N/A (Standard 11 Taxonomy),,MISSING,data/lyrics/RMVM_S_c01ac3c497.txt,AVAILABLE,,MISSING,,UNVERIFIED,TIER_A,LYRICS_ONLY,train
RMVM_S_c6936fbb75,Biết Trái Tim Còn Tha Thiết - Con Tim Thật Thà,HA Live,ART_c6e8e9559d,POP_BALLAD,deterministic_mapping,1.0,N/A (Standard 11 Taxonomy),,MISSING,data/lyrics/RMVM_S_c6936fbb75.txt,AVAILABLE,,MISSING,,UNVERIFIED,TIER_A,LYRICS_ONLY,train
RMVM_S_b0599624e3,Bởi Vì Là Khi Yêu,HA Live,ART_c6e8e9559d,POP_BALLAD,deterministic_mapping,1.0,N/A (Standard 11 Taxonomy),,MISSING,data/lyrics/RMVM_S_b0599624e3.txt,AVAILABLE,,MISSING,,UNVERIFIED,TIER_A,LYRICS_ONLY,train
RMVM_S_872af40503,Chuyện Của Mặt Trời - Chuyện Của Chúng Ta,HA Live,ART_c6e8e9559d,POP_BALLAD,deterministic_mapping,1.0,N/A (Standard 11 Taxonomy),,MISSING,data/lyrics/RMVM_S_872af40503.txt,AVAILABLE,,MISSING,,UNVERIFIED,TIER_A,LYRICS_ONLY,train
RMVM_S_4183a036f1,Biệt Ly - Dù Khóc Một Dòng Sông,HA Live,ART_c6e8e9559d,POP_BALLAD,deterministic_mapping,1.0,N/A (Standard 11 Taxonomy),,MISSING,data/lyrics/RMVM_S_4183a036f1.txt,AVAILABLE,,MISSING,,UNVERIFIED,TIER_A,LYRICS_ONLY,train
RMVM_S_ad5414b5a0,Nhớ Mẹ - Ầu Ơ Ví Dầu,HA Live,ART_c6e8e9559d,POP_BALLAD,deterministic_mapping,1.0,N/A (Standard 11 Taxonomy),,MISSING,data/lyrics/RMVM_S_ad5414b5a0.txt,AVAILABLE,,MISSING,,UNVERIFIED,TIER_A,LYRICS_ONLY,train
RMVM_S_f459bd8b5b,Em Chọn Lối Này,HA Live,ART_c6e8e9559d,POP_BALLAD,deterministic_mapping,1.0,N/A (Standard 11 Taxonomy),,MISSING,data/lyrics/RMVM_S_f459bd8b5b.txt,AVAILABLE,,MISSING,,UNVERIFIED,TIER_A,LYRICS_ONLY,train
RMVM_S_dada8a1e91,Lỡ Duyên Tủi Phận,Út Nhị Mino,ART_6ff716596c,POP_BALLAD,deterministic_mapping,1.0,N/A (Standard 11 Taxonomy),,MISSING,data/lyrics/RMVM_S_dada8a1e91.txt,AVAILABLE,,MISSING,,UNVERIFIED,TIER_A,LYRICS_ONLY,train
RMVM_S_246250e7bd,Anh Quên Em Đi (Acoustic),Nipe,ART_da9df75ede,POP_BALLAD,deterministic_mapping,1.0,N/A (Standard 11 Taxonomy),,MISSING,data/lyrics/RMVM_S_246250e7bd.txt,AVAILABLE,,MISSING,,UNVERIFIED,TIER_A,LYRICS_ONLY,train
RMVM_S_5c52f5dbe8,Không Còn Thương Nhớ Người Yêu,Hoàng Việt Trang,ART_8de687e775,POP_BALLAD,deterministic_mapping,1.0,N/A (Standard 11 Taxonomy),,MISSING,data/lyrics/RMVM_S_5c52f5dbe8.txt,AVAILABLE,,MISSING,,UNVERIFIED,TIER_A,LYRICS_ONLY,train
RMVM_S_bb8be3f74c,Kể Từ Đêm Đó (Live),Giao Linh,ART_fb73e2faef,BOLERO_TRUTINH,deterministic_mapping,1.0,N/A (Standard 11 Taxonomy),,MISSING,data/lyrics/RMVM_S_bb8be3f74c.txt,AVAILABLE,,MISSING,,UNVERIFIED,TIER_A,LYRICS_ONLY,train
RMVM_S_0be9a98935,Gởi Huế,"Hương Lan, Hoài Nam",ART_f3f4743884,INSTRUMENTAL,source_tag_verification,0.85,N/A (Standard 11 Taxonomy),,MISSING,data/lyrics/RMVM_S_0be9a98935.txt,AVAILABLE,,MISSING,,UNVERIFIED,TIER_B,LYRICS_ONLY,train
RMVM_S_65a8fad66b,Công Dã Tràng,Duy Phước,ART_3fe7900ebc,POP_BALLAD,deterministic_mapping,1.0,N/A (Standard 11 Taxonomy),,MISSING,data/lyrics/RMVM_S_65a8fad66b.txt,AVAILABLE,,MISSING,,UNVERIFIED,TIER_A,LYRICS_ONLY,train
RMVM_S_a8c664bb31,Chỉ Cho Anh Một Lối,Duy Phước,ART_3fe7900ebc,POP_BALLAD,deterministic_mapping,1.0,N/A (Standard 11 Taxonomy),,MISSING,data/lyrics/RMVM_S_a8c664bb31.txt,AVAILABLE,,MISSING,,UNVERIFIED,TIER_A,LYRICS_ONLY,train
RMVM_S_c416ab54f7,Người Thừa (DJ Eric TJ (Remix),Cảnh Minh,ART_13e4f6512b,DANCE_EDM,deterministic_mapping,1.0,N/A (Standard 11 Taxonomy),,MISSING,data/lyrics/RMVM_S_c416ab54f7.txt,AVAILABLE,,MISSING,,UNVERIFIED,TIER_A,LYRICS_ONLY,train
RMVM_S_600cc43d99,Đến Khi Em Nhận Ra (Remix),Cảnh Minh,ART_13e4f6512b,POP_BALLAD,deterministic_mapping,1.0,N/A (Standard 11 Taxonomy),,MISSING,data/lyrics/RMVM_S_600cc43d99.txt,AVAILABLE,,MISSING,,UNVERIFIED,TIER_A,LYRICS_ONLY,train
RMVM_S_209353d1a4,Nắng Chiều,"Cảnh Hàn, Cẩm Ly, Minh Tuyết",ART_459c2f3c65,BOLERO_TRUTINH,deterministic_mapping,1.0,N/A (Standard 11 Taxonomy),,MISSING,data/lyrics/RMVM_S_209353d1a4.txt,AVAILABLE,,MISSING,,UNVERIFIED,TIER_A,LYRICS_ONLY,train
RMVM_S_9c192abf17,Người Em Từng Yêu (Nam Milo Remix),Ngân Ngân,ART_4155bae4a8,DANCE_EDM,deterministic_mapping,1.0,N/A (Standard 11 Taxonomy),,MISSING,data/lyrics/RMVM_S_9c192abf17.txt,AVAILABLE,,MISSING,,UNVERIFIED,TIER_A,LYRICS_ONLY,train
RMVM_S_d37e543f3f,Ngỡ (Ballad),Ngân Ngân,ART_4155bae4a8,POP_BALLAD,deterministic_mapping,1.0,N/A (Standard 11 Taxonomy),,MISSING,data/lyrics/RMVM_S_d37e543f3f.txt,AVAILABLE,,MISSING,,UNVERIFIED,TIER_A,LYRICS_ONLY,train
RMVM_S_c6a433a8c4,Biết Tìm Đâu (Ballad),Ngân Ngân,ART_4155bae4a8,POP_BALLAD,deterministic_mapping,1.0,N/A (Standard 11 Taxonomy),,MISSING,data/lyrics/RMVM_S_c6a433a8c4.txt,AVAILABLE,,MISSING,,UNVERIFIED,TIER_A,LYRICS_ONLY,train
RMVM_S_5dbe26e519,Buồn Làm Chi Em Ơi (Ballad),Ngân Ngân,ART_4155bae4a8,POP_BALLAD,deterministic_mapping,1.0,N/A (Standard 11 Taxonomy),,MISSING,data/lyrics/RMVM_S_5dbe26e519.txt,AVAILABLE,,MISSING,,UNVERIFIED,TIER_A,LYRICS_ONLY,train
RMVM_S_c5571650ef,Buồn Của Anh (Ballad),Ngân Ngân,ART_4155bae4a8,POP_BALLAD,deterministic_mapping,1.0,N/A (Standard 11 Taxonomy),,MISSING,data/lyrics/RMVM_S_c5571650ef.txt,AVAILABLE,,MISSING,,UNVERIFIED,TIER_A,LYRICS_ONLY,train
RMVM_S_1109eaaefe,Một Thuở Yêu Người (Ballad),Ngân Ngân,ART_4155bae4a8,POP_BALLAD,deterministic_mapping,1.0,N/A (Standard 11 Taxonomy),,MISSING,data/lyrics/RMVM_S_1109eaaefe.txt,AVAILABLE,,MISSING,,UNVERIFIED,TIER_A,LYRICS_ONLY,train
RMVM_S_cf1ec8286d,Có Một Người Vẫn Đợi (Ballad),Ngân Ngân,ART_4155bae4a8,POP_BALLAD,deterministic_mapping,1.0,N/A (Standard 11 Taxonomy),,MISSING,data/lyrics/RMVM_S_cf1ec8286d.txt,AVAILABLE,,MISSING,,UNVERIFIED,TIER_A,LYRICS_ONLY,train
RMVM_S_a0bd8fd861,Hoa Nở Không Màu (Remix),Ngân Ngân,ART_4155bae4a8,POP_BALLAD,deterministic_mapping,1.0,N/A (Standard 11 Taxonomy),,MISSING,data/lyrics/RMVM_S_a0bd8fd861.txt,AVAILABLE,,MISSING,,UNVERIFIED,TIER_A,LYRICS_ONLY,train
RMVM_S_5711873782,Ai Về Quảng Ngãi,Lâm Chu Min,ART_072d82813c,BOLERO_TRUTINH,deterministic_mapping,1.0,N/A (Standard 11 Taxonomy),,MISSING,data/lyrics/RMVM_S_5711873782.txt,AVAILABLE,,MISSING,,UNVERIFIED,TIER_A,LYRICS_ONLY,train
RMVM_S_86f62f3823,Em Đã Thương Người Ta Hơn Anh,Noo Phước Thịnh,ART_d34a38c1b2,POP_BALLAD,deterministic_mapping,1.0,N/A (Standard 11 Taxonomy),,MISSING,data/lyrics/RMVM_S_86f62f3823.txt,AVAILABLE,,MISSING,,UNVERIFIED,TIER_A,LYRICS_ONLY,train
RMVM_S_cb36243bb6,Cả Một Trời Thương Nhớ (Live in HOA Concert),Noo Phước Thịnh,ART_d34a38c1b2,POP_BALLAD,deterministic_mapping,1.0,N/A (Standard 11 Taxonomy),,MISSING,data/lyrics/RMVM_S_cb36243bb6.txt,AVAILABLE,,MISSING,,UNVERIFIED,TIER_A,LYRICS_ONLY,train
RMVM_S_06bd5acdfe,Đùa Anh Đau Đấy,Noo Phước Thịnh,ART_d34a38c1b2,POP_BALLAD,deterministic_mapping,1.0,N/A (Standard 11 Taxonomy),,MISSING,data/lyrics/RMVM_S_06bd5acdfe.txt,AVAILABLE,,MISSING,,UNVERIFIED,TIER_A,LYRICS_ONLY,train
RMVM_S_74fa5ed7e9,Lk Thà Trắng Thà Đen,Khánh Duy Khương,ART_29c25daf12,INSTRUMENTAL,source_tag_verification,0.85,N/A (Standard 11 Taxonomy),,MISSING,,MISSING,data/covers/RMVM_S_74fa5ed7e9.jpg,AVAILABLE,,UNVERIFIED,TIER_B,COVER_ONLY,train
RMVM_S_e8bb29fd13,Cà Phê Sáng,Hồ Huy Hải,ART_8fde967dd1,POP_BALLAD,deterministic_mapping,1.0,N/A (Standard 11 Taxonomy),,MISSING,data/lyrics/RMVM_S_e8bb29fd13.txt,AVAILABLE,,MISSING,,UNVERIFIED,TIER_A,LYRICS_ONLY,train
RMVM_S_15df482ce7,Anh Đã Tìm Được Em (Lofi Version),"A.C Xuân Tài, T.Vy",ART_fa37d99d4e,POP_BALLAD,deterministic_mapping,1.0,N/A (Standard 11 Taxonomy),,MISSING,data/lyrics/RMVM_S_15df482ce7.txt,AVAILABLE,,MISSING,,UNVERIFIED,TIER_A,LYRICS_ONLY,train
RMVM_S_799ad72702,Dặn Lòng Phải Quên (VisconC X HHD Remix),"TLong, HHD",ART_0100e7f1d0,DANCE_EDM,deterministic_mapping,1.0,N/A (Standard 11 Taxonomy),,MISSING,data/lyrics/RMVM_S_799ad72702.txt,AVAILABLE,,MISSING,,UNVERIFIED,TIER_A,LYRICS_ONLY,train
RMVM_S_c71a70f375,Đứng Sau Người Đến Sau (Cozak Remix),"TLong, HHD",ART_0100e7f1d0,DANCE_EDM,deterministic_mapping,1.0,N/A (Standard 11 Taxonomy),,MISSING,data/lyrics/RMVM_S_c71a70f375.txt,AVAILABLE,,MISSING,,UNVERIFIED,TIER_A,LYRICS_ONLY,train
RMVM_S_b30398579b,Chuyện Con Trai Con Gái,"Đoàn Việt Phương, Vũ Trâm Anh",ART_b1652f8893,POP_BALLAD,deterministic_mapping,1.0,N/A (Standard 11 Taxonomy),,MISSING,data/lyrics/RMVM_S_b30398579b.txt,AVAILABLE,,MISSING,,UNVERIFIED,TIER_A,LYRICS_ONLY,train
RMVM_S_7b17551662,Bán Thanh Xuân,"Quang Hảo, LQ MEDIA",ART_1094b2df16,POP_BALLAD,deterministic_mapping,1.0,N/A (Standard 11 Taxonomy),,MISSING,data/lyrics/RMVM_S_7b17551662.txt,AVAILABLE,,MISSING,,UNVERIFIED,TIER_A,LYRICS_ONLY,train
RMVM_S_9646c08f94,Con Dế Mèn Hát Vào Mùa Hè,Tùng,ART_58a4ced5a7,POP_BALLAD,deterministic_mapping,1.0,N/A (Standard 11 Taxonomy),,MISSING,data/lyrics/RMVM_S_9646c08f94.txt,AVAILABLE,,MISSING,,UNVERIFIED,TIER_A,LYRICS_ONLY,train
RMVM_S_89623f6cb0,Đã Sai Từ Lúc Đầu (Cover in HOA Concert),"Trung Quân Idol, Bùi Anh Tuấn",ART_bc4ab3a8f5,POP_BALLAD,deterministic_mapping,1.0,N/A (Standard 11 Taxonomy),,MISSING,data/lyrics/RMVM_S_89623f6cb0.txt,AVAILABLE,,MISSING,,UNVERIFIED,TIER_A,LYRICS_ONLY,train
RMVM_S_2e427c5378,Con Sói Cô Đơn,"T-Akayz, Yanbi, Bueno",ART_d429b59b7c,POP_BALLAD,deterministic_mapping,1.0,N/A (Standard 11 Taxonomy),,MISSING,data/lyrics/RMVM_S_2e427c5378.txt,AVAILABLE,,MISSING,,UNVERIFIED,TIER_A,LYRICS_ONLY,train
RMVM_S_e26a8120af,Anh Phải Làm Sao Đây,Trương Khắc Lâm,ART_dc8720933b,POP_BALLAD,deterministic_mapping,1.0,N/A (Standard 11 Taxonomy),,MISSING,data/lyrics/RMVM_S_e26a8120af.txt,AVAILABLE,,MISSING,,UNVERIFIED,TIER_A,LYRICS_ONLY,train
RMVM_S_0e6fef15af,Có Em Để Khoe Rồi,Kevin Toàn,ART_1dab64917f,POP_BALLAD,deterministic_mapping,1.0,N/A (Standard 11 Taxonomy),,MISSING,data/lyrics/RMVM_S_0e6fef15af.txt,AVAILABLE,,MISSING,,UNVERIFIED,TIER_A,LYRICS_ONLY,train
RMVM_S_3c0e57d89a,Bao Đời Miền Trung,Kevin Toàn,ART_1dab64917f,POP_BALLAD,deterministic_mapping,1.0,N/A (Standard 11 Taxonomy),,MISSING,data/lyrics/RMVM_S_3c0e57d89a.txt,AVAILABLE,,MISSING,,UNVERIFIED,TIER_A,LYRICS_ONLY,train
RMVM_S_5d85cf5f86,Ngỡ Như Tim Không Đau,Kevin Toàn,ART_1dab64917f,POP_BALLAD,deterministic_mapping,1.0,N/A (Standard 11 Taxonomy),,MISSING,data/lyrics/RMVM_S_5d85cf5f86.txt,AVAILABLE,,MISSING,,UNVERIFIED,TIER_A,LYRICS_ONLY,train
RMVM_S_3f222ca32b,"Lk Khóc Thầm, Chuyện Chúng Mình","Ngọc Khang, Đào Trọng Hải, Star Online",ART_8d549a4771,INSTRUMENTAL,source_tag_verification,0.85,N/A (Standard 11 Taxonomy),,MISSING,,MISSING,data/covers/RMVM_S_3f222ca32b.jpg,AVAILABLE,,UNVERIFIED,TIER_B,COVER_ONLY,train
RMVM_S_d20f9b58e5,Hỡi Tình Nào Hay,Thành Anh Tú T.A.T,ART_45fa231b82,POP_BALLAD,deterministic_mapping,1.0,N/A (Standard 11 Taxonomy),,MISSING,data/lyrics/RMVM_S_d20f9b58e5.txt,AVAILABLE,,MISSING,,UNVERIFIED,TIER_A,LYRICS_ONLY,train
RMVM_S_79301c94d4,Finding You,"Chi Pu, Hứa Kim Tuyền",ART_7767bbdb0b,POP_BALLAD,deterministic_mapping,1.0,N/A (Standard 11 Taxonomy),,MISSING,data/lyrics/RMVM_S_79301c94d4.txt,AVAILABLE,,MISSING,,UNVERIFIED,TIER_A,LYRICS_ONLY,train
RMVM_S_2c9133414a,Chẳng còn gì mong nữa,"Zinno, Vimistic",ART_deb6425a03,POP_BALLAD,deterministic_mapping,1.0,N/A (Standard 11 Taxonomy),,MISSING,data/lyrics/RMVM_S_2c9133414a.txt,AVAILABLE,,MISSING,,UNVERIFIED,TIER_A,LYRICS_ONLY,train
RMVM_S_eda75848d9,Cảm Ơn Một Niềm Đau,Mỹ Hạnh,ART_13c54913cc,POP_BALLAD,deterministic_mapping,1.0,N/A (Standard 11 Taxonomy),,MISSING,data/lyrics/RMVM_S_eda75848d9.txt,AVAILABLE,,MISSING,,UNVERIFIED,TIER_A,LYRICS_ONLY,train
RMVM_S_cb14bbaff6,Ánh Mắt Kiêu Sa,La Thăng (Huy Nam & Huy Khánh),ART_3076c695c3,POP_BALLAD,deterministic_mapping,1.0,N/A (Standard 11 Taxonomy),,MISSING,data/lyrics/RMVM_S_cb14bbaff6.txt,AVAILABLE,,MISSING,,UNVERIFIED,TIER_A,LYRICS_ONLY,train
RMVM_S_6f3b581861,Anh Là Người Ích Kỷ,La Thăng (Huy Nam & Huy Khánh),ART_3076c695c3,POP_BALLAD,deterministic_mapping,1.0,N/A (Standard 11 Taxonomy),,MISSING,data/lyrics/RMVM_S_6f3b581861.txt,AVAILABLE,,MISSING,,UNVERIFIED,TIER_A,LYRICS_ONLY,train
RMVM_S_06b9969a91,Phận Nghèo,Châu Ngọc Hà,ART_89fb05027e,BOLERO_TRUTINH,deterministic_mapping,1.0,N/A (Standard 11 Taxonomy),,MISSING,data/lyrics/RMVM_S_06b9969a91.txt,AVAILABLE,data/covers/RMVM_S_06b9969a91.jpg,AVAILABLE,,UNVERIFIED,TIER_A,LYRICS_COVER,train
RMVM_S_20eb55c2bf,Liên Khúc Người Tình Không Đến - Chiều Cuối Tuần,Châu Ngọc Hà,ART_89fb05027e,BOLERO_TRUTINH,deterministic_mapping,1.0,N/A (Standard 11 Taxonomy),,MISSING,data/lyrics/RMVM_S_20eb55c2bf.txt,AVAILABLE,,MISSING,,UNVERIFIED,TIER_A,LYRICS_ONLY,train
RMVM_S_f50b69adb0,Anh Hãy Về Đi,"Thanh Ngân, Gia Tiến, Trương Nguyên",ART_c1d7493d2f,POP_BALLAD,deterministic_mapping,1.0,N/A (Standard 11 Taxonomy),,MISSING,,MISSING,data/covers/RMVM_S_f50b69adb0.jpg,AVAILABLE,,UNVERIFIED,TIER_A,COVER_ONLY,train
RMVM_S_97d3ad4958,Yêu Đi Anh Ơi,"Kiều Phạm, RHYDER",ART_4e06da19ae,POP_BALLAD,deterministic_mapping,1.0,N/A (Standard 11 Taxonomy),,MISSING,data/lyrics/RMVM_S_97d3ad4958.txt,AVAILABLE,,MISSING,,UNVERIFIED,TIER_A,LYRICS_ONLY,train
RMVM_S_70d58d4b47,Thanh Xuân Có Nhau,Rin,ART_dda9d52e8e,POP_BALLAD,deterministic_mapping,1.0,N/A (Standard 11 Taxonomy),,MISSING,data/lyrics/RMVM_S_70d58d4b47.txt,AVAILABLE,,MISSING,,UNVERIFIED,TIER_A,LYRICS_ONLY,train
RMVM_S_469f13c0fa,Trên Bãi Biển Một Chiều Xuân,Phú Tiến Phú,ART_3ff823f1e5,POP_BALLAD,deterministic_mapping,1.0,N/A (Standard 11 Taxonomy),,MISSING,,MISSING,data/covers/RMVM_S_469f13c0fa.jpg,AVAILABLE,,UNVERIFIED,TIER_A,COVER_ONLY,train
RMVM_S_0fc45b7832,Điều Ta Viết Mùa Xa Nhau,"Đoàn Minh Quân, Tiên Fami",ART_265161af99,POP_BALLAD,deterministic_mapping,1.0,N/A (Standard 11 Taxonomy),,MISSING,data/lyrics/RMVM_S_0fc45b7832.txt,AVAILABLE,,MISSING,,UNVERIFIED,TIER_A,LYRICS_ONLY,train
RMVM_S_4952786d26,Baby Em Cô Đơn,"Bảo Thy, Nimbia, RedT",ART_a2d38e3e23,POP_BALLAD,deterministic_mapping,1.0,N/A (Standard 11 Taxonomy),,MISSING,data/lyrics/RMVM_S_4952786d26.txt,AVAILABLE,,MISSING,,UNVERIFIED,TIER_A,LYRICS_ONLY,train
RMVM_S_3d22ec7220,Xa Nghìn Trùng Mây,Ngắn,ART_afda5ffaab,POP_BALLAD,deterministic_mapping,1.0,N/A (Standard 11 Taxonomy),,MISSING,data/lyrics/RMVM_S_3d22ec7220.txt,AVAILABLE,,MISSING,,UNVERIFIED,TIER_A,LYRICS_ONLY,train
RMVM_S_86ddf9f3d8,Bốn Mùa Yêu Thương,Thanh Ngân,ART_165c93966a,POP_BALLAD,deterministic_mapping,1.0,N/A (Standard 11 Taxonomy),,MISSING,,MISSING,data/covers/RMVM_S_86ddf9f3d8.jpg,AVAILABLE,,UNVERIFIED,TIER_A,COVER_ONLY,train
RMVM_S_e035b2703e,Liên Khúc Remix Anh Ba Hưng,Thanh Ngân,ART_165c93966a,REVOLUTIONARY,deterministic_mapping,1.0,N/A (Standard 11 Taxonomy),,MISSING,,MISSING,data/covers/RMVM_S_e035b2703e.jpg,AVAILABLE,,UNVERIFIED,TIER_A,COVER_ONLY,train
RMVM_MB_1a508a38dd,Lý cây da (Chant sous le banian) [Comptine du Vietnam],Thanh Ngân,ART_165c93966a,FOLK_TRADITIONAL,musicbrainz_artist_discography,0.85,N/A (Standard 11 Taxonomy),,MISSING,,MISSING,,MISSING,2007.0,VERIFIED,TIER_B,NO_PHYSICAL_MODALITY,train
RMVM_MB_044e2f45a2,Le gateau de riz (Thème musical),Thanh Ngân,ART_165c93966a,FOLK_TRADITIONAL,musicbrainz_artist_discography,0.85,N/A (Standard 11 Taxonomy),,MISSING,,MISSING,,MISSING,2007.0,VERIFIED,TIER_B,NO_PHYSICAL_MODALITY,train
RMVM_MB_94800732cd,Le buffle noir (Thème musical),Thanh Ngân,ART_165c93966a,FOLK_TRADITIONAL,musicbrainz_artist_discography,0.85,N/A (Standard 11 Taxonomy),,MISSING,,MISSING,,MISSING,2007.0,VERIFIED,TIER_B,NO_PHYSICAL_MODALITY,train
RMVM_MB_d5ef9055ca,Con gà trông (Le coq) [Comptine du Vietnam],Thanh Ngân,ART_165c93966a,FOLK_TRADITIONAL,musicbrainz_artist_discography,0.85,N/A (Standard 11 Taxonomy),,MISSING,,MISSING,,MISSING,2007.0,VERIFIED,TIER_B,NO_PHYSICAL_MODALITY,train
RMVM_MB_fba5137fc0,Lac d'automne (Thème musical),Thanh Ngân,ART_165c93966a,FOLK_TRADITIONAL,musicbrainz_artist_discography,0.85,N/A (Standard 11 Taxonomy),,MISSING,,MISSING,,MISSING,2007.0,VERIFIED,TIER_B,NO_PHYSICAL_MODALITY,train
RMVM_MB_e8e7d0a8c8,Huê (Comptine du Vietnam),Thanh Ngân,ART_165c93966a,FOLK_TRADITIONAL,musicbrainz_artist_discography,0.85,N/A (Standard 11 Taxonomy),,MISSING,,MISSING,,MISSING,2007.0,VERIFIED,TIER_B,NO_PHYSICAL_MODALITY,train
RMVM_MB_e4940d62a8,Le tigre la poule et le lièvre (Conte),Thanh Ngân,ART_165c93966a,FOLK_TRADITIONAL,musicbrainz_artist_discography,0.85,N/A (Standard 11 Taxonomy),,MISSING,,MISSING,,MISSING,2007.0,VERIFIED,TIER_B,NO_PHYSICAL_MODALITY,train
RMVM_MB_2fb50f5c7c,Le gateau de riz (Conte),Thanh Ngân,ART_165c93966a,FOLK_TRADITIONAL,musicbrainz_artist_discography,0.85,N/A (Standard 11 Taxonomy),,MISSING,,MISSING,,MISSING,2007.0,VERIFIED,TIER_B,NO_PHYSICAL_MODALITY,train
RMVM_S_a3f5ff29b7,Chẳng Thể Cùng Em!,"QuocKiet, Khiem",ART_204a6499fc,POP_BALLAD,deterministic_mapping,1.0,N/A (Standard 11 Taxonomy),,MISSING,data/lyrics/RMVM_S_a3f5ff29b7.txt,AVAILABLE,,MISSING,,UNVERIFIED,TIER_A,LYRICS_ONLY,train
RMVM_S_baa7c878a1,Bài Valse Buồn Cho Em,Thu Minh,ART_cddf8d82c0,BOLERO_TRUTINH,deterministic_mapping,1.0,N/A (Standard 11 Taxonomy),,MISSING,,MISSING,data/covers/RMVM_S_baa7c878a1.jpg,AVAILABLE,,UNVERIFIED,TIER_A,COVER_ONLY,train
RMVM_S_00c7953e9f,Phút Yêu Đầu,Thu Minh,ART_cddf8d82c0,BOLERO_TRUTINH,deterministic_mapping,1.0,N/A (Standard 11 Taxonomy),,MISSING,data/lyrics/RMVM_S_00c7953e9f.txt,AVAILABLE,,MISSING,,UNVERIFIED,TIER_A,LYRICS_ONLY,train
RMVM_S_49ea0d4f4d,Con Kênh Xanh Xanh,Thu Minh,ART_cddf8d82c0,BOLERO_TRUTINH,deterministic_mapping,1.0,N/A (Standard 11 Taxonomy),,MISSING,data/lyrics/RMVM_S_49ea0d4f4d.txt,AVAILABLE,,MISSING,,UNVERIFIED,TIER_A,LYRICS_ONLY,train
RMVM_S_a0ea11c628,Mênh Mông Tình Buồn,Thu Minh,ART_cddf8d82c0,POP_BALLAD,deterministic_mapping,1.0,N/A (Standard 11 Taxonomy),,MISSING,data/lyrics/RMVM_S_a0ea11c628.txt,AVAILABLE,,MISSING,,UNVERIFIED,TIER_A,LYRICS_ONLY,train
RMVM_S_9b5ec2e3d6,Giác Quan Thứ 6 (Giao Lộ Thời Gian),Thu Minh,ART_cddf8d82c0,POP_BALLAD,deterministic_mapping,0.85,N/A (Standard 11 Taxonomy),,MISSING,,MISSING,,MISSING,,UNVERIFIED,TIER_B,NO_PHYSICAL_MODALITY,train
RMVM_S_ca30aa6a70,Liên Khúc Nếu Em Được Lựa Chọn - Để Nhớ Một Thời Ta Đã Yêu (Xuân Phát Tài 11),Lệ Quyên,ART_151698bb5b,BOLERO_TRUTINH,deterministic_mapping,1.0,N/A (Standard 11 Taxonomy),,MISSING,data/lyrics/RMVM_S_ca30aa6a70.txt,AVAILABLE,,MISSING,,UNVERIFIED,TIER_A,LYRICS_ONLY,train
RMVM_S_cddb964bff,Chỉ Muốn Yêu Anh,Lệ Quyên,ART_151698bb5b,POP_BALLAD,deterministic_mapping,0.85,N/A (Standard 11 Taxonomy),,MISSING,,MISSING,,MISSING,,UNVERIFIED,TIER_B,NO_PHYSICAL_MODALITY,train
RMVM_S_34e214323a,Giận Thì Giận Mà Thương Thì Thương,Lệ Quyên,ART_151698bb5b,BOLERO_TRUTINH,deterministic_mapping,0.85,N/A (Standard 11 Taxonomy),,MISSING,,MISSING,,MISSING,,UNVERIFIED,TIER_B,NO_PHYSICAL_MODALITY,train
RMVM_S_ad19b38f43,LK Mắt Thu & Tuổi Xa Người,"Trần Thái Hòa, Hương Giang",ART_b1d5acf62e,INSTRUMENTAL,source_tag_verification,0.85,N/A (Standard 11 Taxonomy),,MISSING,data/lyrics/RMVM_S_ad19b38f43.txt,AVAILABLE,,MISSING,,UNVERIFIED,TIER_B,LYRICS_ONLY,train
RMVM_S_3dc4455a1d,Con Diều Của Mẹ,"Hoàng Minh, Nhóm Khoái Văn Nghệ",ART_cd1d4e7ee2,BOLERO_TRUTINH,deterministic_mapping,1.0,N/A (Standard 11 Taxonomy),,MISSING,data/lyrics/RMVM_S_3dc4455a1d.txt,AVAILABLE,,MISSING,,UNVERIFIED,TIER_A,LYRICS_ONLY,train
RMVM_S_3e4fe8ad9e,Anh Sẽ Chẳng Làm Em Khó Xử (Beat),"Nam Anh, Lê Chí Trung",ART_5b0d33cdc0,POP_BALLAD,deterministic_mapping,1.0,N/A (Standard 11 Taxonomy),,MISSING,,MISSING,data/covers/RMVM_S_3e4fe8ad9e.jpg,AVAILABLE,,UNVERIFIED,TIER_A,COVER_ONLY,train
RMVM_MB_dbc248c425,Vọng cổ,Kim Sinh,ART_cf792f0e13,INSTRUMENTAL,musicbrainz_artist_discography,0.85,N/A (Standard 11 Taxonomy),,MISSING,,MISSING,,MISSING,2003.0,VERIFIED,TIER_B,NO_PHYSICAL_MODALITY,train
RMVM_MB_b9bca543ce,Phụng cầu hoàng,Kim Sinh,ART_cf792f0e13,INSTRUMENTAL,musicbrainz_artist_discography,0.85,N/A (Standard 11 Taxonomy),,MISSING,,MISSING,,MISSING,1991.0,VERIFIED,TIER_B,NO_PHYSICAL_MODALITY,train
RMVM_MB_e70d449f07,Xãng xê – Vọng cổ,Kim Sinh,ART_cf792f0e13,INSTRUMENTAL,musicbrainz_artist_discography,0.85,N/A (Standard 11 Taxonomy),,MISSING,,MISSING,,MISSING,2003.0,VERIFIED,TIER_B,NO_PHYSICAL_MODALITY,train
RMVM_MB_713d1b99b2,Khuc Tah Tinh Ha Tinh,Kim Sinh,ART_cf792f0e13,INSTRUMENTAL,musicbrainz_artist_discography,0.85,N/A (Standard 11 Taxonomy),,MISSING,,MISSING,,MISSING,1992.0,VERIFIED,TIER_B,NO_PHYSICAL_MODALITY,train
RMVM_MB_e3e997b3b5,Medley: Khong Minh Toa Lau / Ly Ngua O / Kim Tien Bao / Nam Ai,Kim Sinh,ART_cf792f0e13,INSTRUMENTAL,musicbrainz_artist_discography,0.85,N/A (Standard 11 Taxonomy),,MISSING,,MISSING,,MISSING,1992.0,VERIFIED,TIER_B,NO_PHYSICAL_MODALITY,train
RMVM_MB_8516e6f465,Sỏn Đông lử hướng mã – Trạng nguyên hành lộ – Mẫu tam tử,Kim Sinh,ART_cf792f0e13,INSTRUMENTAL,musicbrainz_artist_discography,0.85,N/A (Standard 11 Taxonomy),,MISSING,,MISSING,,MISSING,2003.0,VERIFIED,TIER_B,NO_PHYSICAL_MODALITY,train
RMVM_MB_f70ac279ac,Kieu,Kim Sinh,ART_cf792f0e13,INSTRUMENTAL,musicbrainz_artist_discography,0.85,N/A (Standard 11 Taxonomy),,MISSING,,MISSING,,MISSING,1992.0,VERIFIED,TIER_B,NO_PHYSICAL_MODALITY,train
RMVM_MB_97a3833471,Truong Tuong Tu,Kim Sinh,ART_cf792f0e13,INSTRUMENTAL,musicbrainz_artist_discography,0.85,N/A (Standard 11 Taxonomy),,MISSING,,MISSING,,MISSING,1992.0,VERIFIED,TIER_B,NO_PHYSICAL_MODALITY,train
RMVM_S_2887709671,Những Đóm Mắt Thảo Châu,Thảo Trang,ART_41e837bea5,POP_BALLAD,deterministic_mapping,1.0,N/A (Standard 11 Taxonomy),,MISSING,data/lyrics/RMVM_S_2887709671.txt,AVAILABLE,,MISSING,,UNVERIFIED,TIER_A,LYRICS_ONLY,train
RMVM_S_6140253a40,Còn Lại Gì Cho Nhau,Thiên Trường,ART_4e90128cd5,POP_BALLAD,deterministic_mapping,1.0,N/A (Standard 11 Taxonomy),,MISSING,data/lyrics/RMVM_S_6140253a40.txt,AVAILABLE,,MISSING,,UNVERIFIED,TIER_A,LYRICS_ONLY,train
RMVM_S_67aaf77622,Hãy Nói Dù Chỉ Một Lời,Thiên Trường,ART_4e90128cd5,POP_BALLAD,deterministic_mapping,0.85,N/A (Standard 11 Taxonomy),,MISSING,,MISSING,,MISSING,,UNVERIFIED,TIER_B,NO_PHYSICAL_MODALITY,train
RMVM_S_6da3aca0c8,Nói Với Anh Đôi Lời,Đức Ứng,ART_83cc4e3708,POP_BALLAD,deterministic_mapping,1.0,N/A (Standard 11 Taxonomy),,MISSING,data/lyrics/RMVM_S_6da3aca0c8.txt,AVAILABLE,,MISSING,,UNVERIFIED,TIER_A,LYRICS_ONLY,train
RMVM_S_06f18b5dbc,Bước Chân Buồn,Anh Đô,ART_4c6b942316,BOLERO_TRUTINH,deterministic_mapping,1.0,N/A (Standard 11 Taxonomy),,MISSING,data/lyrics/RMVM_S_06f18b5dbc.txt,AVAILABLE,,MISSING,,UNVERIFIED,TIER_A,LYRICS_ONLY,train
RMVM_S_ea9061abe3,Miền Cực Lạc,"DanhKa, G5R Squad",ART_19e2e5bb9a,RAP_HIPHOP,deterministic_mapping,1.0,N/A (Standard 11 Taxonomy),,MISSING,data/lyrics/RMVM_S_ea9061abe3.txt,AVAILABLE,,MISSING,,UNVERIFIED,TIER_A,LYRICS_ONLY,train
RMVM_S_ff5ea1bde9,Cẩm Lý Sao,Tiểu Muội Màn Thầu,ART_3658751317,POP_BALLAD,deterministic_mapping,1.0,N/A (Standard 11 Taxonomy),,MISSING,data/lyrics/RMVM_S_ff5ea1bde9.txt,AVAILABLE,,MISSING,,UNVERIFIED,TIER_A,LYRICS_ONLY,train
RMVM_S_29171b61ba,Phút Giây Muộn Màng,Bắc San Ho,ART_32c470b3d7,BOLERO_TRUTINH,deterministic_mapping,1.0,N/A (Standard 11 Taxonomy),,MISSING,data/lyrics/RMVM_S_29171b61ba.txt,AVAILABLE,,MISSING,,UNVERIFIED,TIER_A,LYRICS_ONLY,train
RMVM_S_2443e43fd1,À! Anh Nhớ Em!,Bắc San Ho,ART_32c470b3d7,POP_BALLAD,deterministic_mapping,1.0,N/A (Standard 11 Taxonomy),,MISSING,data/lyrics/RMVM_S_2443e43fd1.txt,AVAILABLE,,MISSING,,UNVERIFIED,TIER_A,LYRICS_ONLY,train
RMVM_S_c011e6af61,Nếu Không Có Phật,Hoàng Ái My,ART_1c272bc796,BOLERO_TRUTINH,deterministic_mapping,1.0,N/A (Standard 11 Taxonomy),,MISSING,data/lyrics/RMVM_S_c011e6af61.txt,AVAILABLE,,MISSING,,UNVERIFIED,TIER_A,LYRICS_ONLY,train
RMVM_S_71a6a2f713,Dám Yêu Dám Hận,Vương Thiên Tuấn,ART_52b45fcfe2,POP_BALLAD,deterministic_mapping,1.0,N/A (Standard 11 Taxonomy),,MISSING,data/lyrics/RMVM_S_71a6a2f713.txt,AVAILABLE,,MISSING,,UNVERIFIED,TIER_A,LYRICS_ONLY,train
RMVM_S_a2c913519e,Có Đáng Hay Không,Vương Thiên Tuấn,ART_52b45fcfe2,POP_BALLAD,deterministic_mapping,1.0,N/A (Standard 11 Taxonomy),,MISSING,data/lyrics/RMVM_S_a2c913519e.txt,AVAILABLE,,MISSING,,UNVERIFIED,TIER_A,LYRICS_ONLY,train
RMVM_S_9379126bdb,Thế Giới Gọi Tắt Là Em,Vương Thiên Tuấn,ART_52b45fcfe2,POP_BALLAD,deterministic_mapping,1.0,N/A (Standard 11 Taxonomy),,MISSING,data/lyrics/RMVM_S_9379126bdb.txt,AVAILABLE,,MISSING,,UNVERIFIED,TIER_A,LYRICS_ONLY,train
RMVM_S_da88a2d235,Chiều Nghe Biển Hát,Ngọc Huệ,ART_7901f2de82,INSTRUMENTAL,source_tag_verification,0.85,N/A (Standard 11 Taxonomy),,MISSING,data/lyrics/RMVM_S_da88a2d235.txt,AVAILABLE,,MISSING,,UNVERIFIED,TIER_B,LYRICS_ONLY,train
RMVM_S_508ddb81e3,Chưa Muốn Lấy Chồng (Remix),Hạnh Tiên,ART_d966f98c3d,POP_BALLAD,deterministic_mapping,1.0,N/A (Standard 11 Taxonomy),,MISSING,,MISSING,data/covers/RMVM_S_508ddb81e3.jpg,AVAILABLE,,UNVERIFIED,TIER_A,COVER_ONLY,train
RMVM_S_6cf66d87cc,Dệt Tầm Gai - Túy Âm,"Huyền Cadie, Phượng Vũ, Lê Trần Media",ART_4483027005,POP_BALLAD,deterministic_mapping,1.0,N/A (Standard 11 Taxonomy),,MISSING,data/lyrics/RMVM_S_6cf66d87cc.txt,AVAILABLE,,MISSING,,UNVERIFIED,TIER_A,LYRICS_ONLY,train
RMVM_S_187da18080,Anh Biết Không Anh,"Hoàng Dũng, BCLC",ART_8468ed9e1a,POP_BALLAD,deterministic_mapping,1.0,N/A (Standard 11 Taxonomy),,MISSING,,MISSING,data/covers/RMVM_S_187da18080.jpg,AVAILABLE,,UNVERIFIED,TIER_A,COVER_ONLY,train
RMVM_S_5eefa5aebe,Câu Hẹn Câu Thề,"Hoàng Dũng, BCLC",ART_8468ed9e1a,POP_BALLAD,deterministic_mapping,1.0,N/A (Standard 11 Taxonomy),,MISSING,data/lyrics/RMVM_S_5eefa5aebe.txt,AVAILABLE,,MISSING,,UNVERIFIED,TIER_A,LYRICS_ONLY,train
RMVM_S_042b6e4385,Nét Buồn Thời Chiến,"Hoàng Dũng, BCLC",ART_8468ed9e1a,POP_BALLAD,deterministic_mapping,1.0,N/A (Standard 11 Taxonomy),,MISSING,data/lyrics/RMVM_S_042b6e4385.txt,AVAILABLE,,MISSING,,UNVERIFIED,TIER_A,LYRICS_ONLY,train
RMVM_S_b991cea6f4,Dấu Phố Em Qua (Live Version),Hà Anh Tuấn,ART_5f4543f12f,POP_BALLAD,deterministic_mapping,1.0,N/A (Standard 11 Taxonomy),,MISSING,data/lyrics/RMVM_S_b991cea6f4.txt,AVAILABLE,,MISSING,,UNVERIFIED,TIER_A,LYRICS_ONLY,train
RMVM_S_c56c75b142,Thư Cho Em (Live Version),Hà Anh Tuấn,ART_5f4543f12f,POP_BALLAD,deterministic_mapping,1.0,N/A (Standard 11 Taxonomy),,MISSING,data/lyrics/RMVM_S_c56c75b142.txt,AVAILABLE,,MISSING,,UNVERIFIED,TIER_A,LYRICS_ONLY,train
RMVM_S_03815a715b,Ngồi Đây Vẫn Mong Đợi,Hoàng Chiến,ART_4be523ecae,BOLERO_TRUTINH,deterministic_mapping,1.0,N/A (Standard 11 Taxonomy),,MISSING,data/lyrics/RMVM_S_03815a715b.txt,AVAILABLE,,MISSING,,UNVERIFIED,TIER_A,LYRICS_ONLY,train
RMVM_S_a72977a4a2,Dáng Xưa,Hoàng Chiến,ART_4be523ecae,BOLERO_TRUTINH,deterministic_mapping,1.0,N/A (Standard 11 Taxonomy),,MISSING,data/lyrics/RMVM_S_a72977a4a2.txt,AVAILABLE,,MISSING,,UNVERIFIED,TIER_A,LYRICS_ONLY,train
RMVM_S_4517663617,Xin Mẹ Cha An Lòng,Hoàng Chiến,ART_4be523ecae,BOLERO_TRUTINH,deterministic_mapping,1.0,N/A (Standard 11 Taxonomy),,MISSING,data/lyrics/RMVM_S_4517663617.txt,AVAILABLE,,MISSING,,UNVERIFIED,TIER_A,LYRICS_ONLY,train
RMVM_S_6437edb749,Vật Chất Và Em Đi,Khang Ty,ART_64027551ac,POP_BALLAD,deterministic_mapping,1.0,N/A (Standard 11 Taxonomy),,MISSING,data/lyrics/RMVM_S_6437edb749.txt,AVAILABLE,,MISSING,,UNVERIFIED,TIER_A,LYRICS_ONLY,train
RMVM_S_7fac468899,Cuộc Đời Công Nhân,"Giang Trường, Lâm Quang Long, Minh Thắng",ART_d1919ff29c,BOLERO_TRUTINH,deterministic_mapping,1.0,N/A (Standard 11 Taxonomy),,MISSING,data/lyrics/RMVM_S_7fac468899.txt,AVAILABLE,,MISSING,,UNVERIFIED,TIER_A,LYRICS_ONLY,train
RMVM_S_e6772f9da5,Kiếp Lầu Xanh,Tiểu Phong,ART_e3dcd27e82,POP_BALLAD,deterministic_mapping,1.0,N/A (Standard 11 Taxonomy),,MISSING,data/lyrics/RMVM_S_e6772f9da5.txt,AVAILABLE,,MISSING,,UNVERIFIED,TIER_A,LYRICS_ONLY,train
RMVM_S_946e9c4084,Cạn Nghĩa Cạn Tình,GIK,ART_3092af5adf,POP_BALLAD,deterministic_mapping,1.0,N/A (Standard 11 Taxonomy),,MISSING,data/lyrics/RMVM_S_946e9c4084.txt,AVAILABLE,,MISSING,,UNVERIFIED,TIER_A,LYRICS_ONLY,train
RMVM_S_b74397d9b4,Đã Xa Thật Rồi,GIK,ART_3092af5adf,POP_BALLAD,deterministic_mapping,1.0,N/A (Standard 11 Taxonomy),,MISSING,data/lyrics/RMVM_S_b74397d9b4.txt,AVAILABLE,,MISSING,,UNVERIFIED,TIER_A,LYRICS_ONLY,train
RMVM_S_bfc05f927b,Trời Sinh Một Cặp,Ngô Trường,ART_9477b4f183,POP_BALLAD,deterministic_mapping,1.0,N/A (Standard 11 Taxonomy),,MISSING,data/lyrics/RMVM_S_bfc05f927b.txt,AVAILABLE,,MISSING,,UNVERIFIED,TIER_A,LYRICS_ONLY,train
RMVM_S_4c47c68647,Bản Tình Ca Tuyết Trắng,Đỗ Thụy Khanh,ART_41f74c7687,POP_BALLAD,deterministic_mapping,1.0,N/A (Standard 11 Taxonomy),,MISSING,data/lyrics/RMVM_S_4c47c68647.txt,AVAILABLE,,MISSING,,UNVERIFIED,TIER_A,LYRICS_ONLY,train
RMVM_S_5b49c7d109,Anh Em Và Đôi Ta,Đỗ Thụy Khanh,ART_41f74c7687,POP_BALLAD,deterministic_mapping,1.0,N/A (Standard 11 Taxonomy),,MISSING,data/lyrics/RMVM_S_5b49c7d109.txt,AVAILABLE,,MISSING,,UNVERIFIED,TIER_A,LYRICS_ONLY,train
RMVM_S_67efbc697e,Cơn Gió Lạ,Bạch Công Khanh,ART_4699a16cc7,POP_BALLAD,deterministic_mapping,1.0,N/A (Standard 11 Taxonomy),,MISSING,,MISSING,data/covers/RMVM_S_67efbc697e.jpg,AVAILABLE,,UNVERIFIED,TIER_A,COVER_ONLY,train
RMVM_S_c25b56a67c,Không Phải Anh,Bạch Công Khanh,ART_4699a16cc7,POP_BALLAD,deterministic_mapping,1.0,N/A (Standard 11 Taxonomy),,MISSING,data/lyrics/RMVM_S_c25b56a67c.txt,AVAILABLE,,MISSING,,UNVERIFIED,TIER_A,LYRICS_ONLY,train
RMVM_S_3fe73298f9,Dằm Trong Tim,Bạch Công Khanh,ART_4699a16cc7,POP_BALLAD,deterministic_mapping,1.0,N/A (Standard 11 Taxonomy),,MISSING,data/lyrics/RMVM_S_3fe73298f9.txt,AVAILABLE,,MISSING,,UNVERIFIED,TIER_A,LYRICS_ONLY,train
RMVM_S_5371bccc93,Cho Anh Gần Em Thêm Chút Nữa,Bạch Công Khanh,ART_4699a16cc7,POP_BALLAD,deterministic_mapping,1.0,N/A (Standard 11 Taxonomy),,MISSING,data/lyrics/RMVM_S_5371bccc93.txt,AVAILABLE,,MISSING,,UNVERIFIED,TIER_A,LYRICS_ONLY,train
RMVM_S_4aba4e66c5,Hoa Cúc Vàng Trong Bão,Bạch Công Khanh,ART_4699a16cc7,POP_BALLAD,deterministic_mapping,1.0,N/A (Standard 11 Taxonomy),,MISSING,data/lyrics/RMVM_S_4aba4e66c5.txt,AVAILABLE,,MISSING,,UNVERIFIED,TIER_A,LYRICS_ONLY,train
RMVM_S_db96a8d212,Em Đang Nơi Nào,Bạch Công Khanh,ART_4699a16cc7,POP_BALLAD,deterministic_mapping,1.0,N/A (Standard 11 Taxonomy),,MISSING,data/lyrics/RMVM_S_db96a8d212.txt,AVAILABLE,,MISSING,,UNVERIFIED,TIER_A,LYRICS_ONLY,train
RMVM_S_5869211b4a,Một Tay Ôm Em,Bạch Công Khanh,ART_4699a16cc7,POP_BALLAD,deterministic_mapping,1.0,N/A (Standard 11 Taxonomy),,MISSING,data/lyrics/RMVM_S_5869211b4a.txt,AVAILABLE,,MISSING,,UNVERIFIED,TIER_A,LYRICS_ONLY,train
RMVM_S_e9ecc91ccc,Dừng Trách Người Ơi (Live),Bạch Công Khanh,ART_4699a16cc7,POP_BALLAD,deterministic_mapping,1.0,N/A (Standard 11 Taxonomy),,MISSING,data/lyrics/RMVM_S_e9ecc91ccc.txt,AVAILABLE,,MISSING,,UNVERIFIED,TIER_A,LYRICS_ONLY,train
RMVM_S_a9eadc5046,Anh Nói Yêu Em Được Không (Awriix Remix),MinZ Mặt Đất,ART_68c7c4e219,POP_BALLAD,deterministic_mapping,0.85,N/A (Standard 11 Taxonomy),,MISSING,,MISSING,,MISSING,,UNVERIFIED,TIER_B,NO_PHYSICAL_MODALITY,train
RMVM_S_733299c46b,Anh Nói Yêu Em Được Không (Short Version 2),MinZ Mặt Đất,ART_68c7c4e219,POP_BALLAD,deterministic_mapping,0.85,N/A (Standard 11 Taxonomy),,MISSING,,MISSING,,MISSING,,UNVERIFIED,TIER_B,NO_PHYSICAL_MODALITY,train
RMVM_S_76ea5cc92d,Xin Hãy Thứ Tha (Remix),"Hoàng Trọng Tiến, SOUND HIT",ART_5a42f84fa5,DANCE_EDM,deterministic_mapping,1.0,N/A (Standard 11 Taxonomy),,MISSING,data/lyrics/RMVM_S_76ea5cc92d.txt,AVAILABLE,,MISSING,,UNVERIFIED,TIER_A,LYRICS_ONLY,train
RMVM_S_0af3f651e9,Bạn Hữu Thân Tình (Beat),Vương Triệu Anh,ART_139e78f8ab,POP_BALLAD,deterministic_mapping,1.0,N/A (Standard 11 Taxonomy),,MISSING,,MISSING,data/covers/RMVM_S_0af3f651e9.jpg,AVAILABLE,,UNVERIFIED,TIER_A,COVER_ONLY,train
RMVM_S_c2b9b3db2c,Ngày Nắng Lên Em Lại Đi,Vương Triệu Anh,ART_139e78f8ab,POP_BALLAD,deterministic_mapping,1.0,N/A (Standard 11 Taxonomy),,MISSING,data/lyrics/RMVM_S_c2b9b3db2c.txt,AVAILABLE,,MISSING,,UNVERIFIED,TIER_A,LYRICS_ONLY,train
RMVM_S_eed7a80274,Anh Thật Đáng Thương,"Đỗ Minh Quân, NBoro",ART_aba0f8298a,POP_BALLAD,deterministic_mapping,1.0,N/A (Standard 11 Taxonomy),,MISSING,data/lyrics/RMVM_S_eed7a80274.txt,AVAILABLE,,MISSING,,UNVERIFIED,TIER_A,LYRICS_ONLY,train
RMVM_S_a623412387,Chúa Biết Con Luôn Cần Chúa,Mai Văn Huynh,ART_5a493dd9f8,OTHER,curated_out_of_taxonomy,0.9,Religious / Sacred spiritual Vietnamese music,,MISSING,,MISSING,,MISSING,,UNVERIFIED,TIER_B,NO_PHYSICAL_MODALITY,train
RMVM_S_0223dc9e10,Đêm Tâm Sự (Beat),Lâm Bảo Phi,ART_a455c80bfc,POP_BALLAD,deterministic_mapping,1.0,N/A (Standard 11 Taxonomy),,MISSING,,MISSING,data/covers/RMVM_S_0223dc9e10.jpg,AVAILABLE,,UNVERIFIED,TIER_A,COVER_ONLY,train
RMVM_S_5570d1b978,Lỗi Lầm Của Con,Lâm Bảo Phi,ART_a455c80bfc,BOLERO_TRUTINH,deterministic_mapping,1.0,N/A (Standard 11 Taxonomy),,MISSING,data/lyrics/RMVM_S_5570d1b978.txt,AVAILABLE,,MISSING,,UNVERIFIED,TIER_A,LYRICS_ONLY,train
RMVM_S_f986535593,Tôi Yêu Bolero,Lâm Bảo Phi,ART_a455c80bfc,BOLERO_TRUTINH,deterministic_mapping,1.0,N/A (Standard 11 Taxonomy),,MISSING,data/lyrics/RMVM_S_f986535593.txt,AVAILABLE,,MISSING,,UNVERIFIED,TIER_A,LYRICS_ONLY,train
RMVM_S_ce6b2daf74,Mong Một Ngày Anh Nhớ Đến Em (Disco),"BeeBoss, Châu Ngọc Lan",ART_43e14dec39,POP_BALLAD,deterministic_mapping,1.0,N/A (Standard 11 Taxonomy),,MISSING,data/lyrics/RMVM_S_ce6b2daf74.txt,AVAILABLE,,MISSING,,UNVERIFIED,TIER_A,LYRICS_ONLY,train
RMVM_S_3335f30e7f,Anh Là Tia Nắng Trong Em (Disco),"BeeBoss, Châu Ngọc Lan",ART_43e14dec39,POP_BALLAD,deterministic_mapping,1.0,N/A (Standard 11 Taxonomy),,MISSING,data/lyrics/RMVM_S_3335f30e7f.txt,AVAILABLE,,MISSING,,UNVERIFIED,TIER_A,LYRICS_ONLY,train
RMVM_S_bcf8640aa0,Lắng Nghe Mùa Xuân Về (KBTL Remix),"BeeBoss, Châu Ngọc Lan",ART_43e14dec39,POP_BALLAD,deterministic_mapping,1.0,N/A (Standard 11 Taxonomy),,MISSING,data/lyrics/RMVM_S_bcf8640aa0.txt,AVAILABLE,,MISSING,,UNVERIFIED,TIER_A,LYRICS_ONLY,train
RMVM_S_47ceaf154b,Hoa Cỏ Mùa Xuân,"BeeBoss, Châu Ngọc Lan",ART_43e14dec39,POP_BALLAD,deterministic_mapping,1.0,N/A (Standard 11 Taxonomy),,MISSING,data/lyrics/RMVM_S_47ceaf154b.txt,AVAILABLE,,MISSING,,UNVERIFIED,TIER_A,LYRICS_ONLY,train
RMVM_S_5c872207e0,Khúc Xuân (KBTL Remix),"BeeBoss, Châu Ngọc Lan",ART_43e14dec39,POP_BALLAD,deterministic_mapping,1.0,N/A (Standard 11 Taxonomy),,MISSING,data/lyrics/RMVM_S_5c872207e0.txt,AVAILABLE,,MISSING,,UNVERIFIED,TIER_A,LYRICS_ONLY,train
RMVM_S_993d215b43,Dịu Dàng Sắc Xuân,"BeeBoss, Châu Ngọc Lan",ART_43e14dec39,POP_BALLAD,deterministic_mapping,1.0,N/A (Standard 11 Taxonomy),,MISSING,data/lyrics/RMVM_S_993d215b43.txt,AVAILABLE,,MISSING,,UNVERIFIED,TIER_A,LYRICS_ONLY,train
RMVM_S_26fc8803f2,Bụi Bay Vào Mắt,"BeeBoss, Châu Ngọc Lan",ART_43e14dec39,POP_BALLAD,deterministic_mapping,0.85,N/A (Standard 11 Taxonomy),,MISSING,,MISSING,,MISSING,,UNVERIFIED,TIER_B,NO_PHYSICAL_MODALITY,train
RMVM_S_c79851bb62,Chia Tay Trong Mưa,"BeeBoss, Châu Ngọc Lan",ART_43e14dec39,POP_BALLAD,deterministic_mapping,0.85,N/A (Standard 11 Taxonomy),,MISSING,,MISSING,,MISSING,,UNVERIFIED,TIER_B,NO_PHYSICAL_MODALITY,train
RMVM_S_d7167d4f55,Cô Đơn Sẽ Tốt Hơn,Lương Gia Hùng,ART_b70987d85c,POP_BALLAD,deterministic_mapping,1.0,N/A (Standard 11 Taxonomy),,MISSING,data/lyrics/RMVM_S_d7167d4f55.txt,AVAILABLE,data/covers/RMVM_S_d7167d4f55.jpg,AVAILABLE,,UNVERIFIED,TIER_A,LYRICS_COVER,train
RMVM_S_459837358c,Áng Mây Vô Tình (Remix),Lương Gia Hùng,ART_b70987d85c,POP_BALLAD,deterministic_mapping,1.0,N/A (Standard 11 Taxonomy),,MISSING,data/lyrics/RMVM_S_459837358c.txt,AVAILABLE,,MISSING,,UNVERIFIED,TIER_A,LYRICS_ONLY,train
RMVM_S_bb2ec916cb,Hạnh Phúc Đầy,Lương Gia Hùng,ART_b70987d85c,POP_BALLAD,deterministic_mapping,1.0,N/A (Standard 11 Taxonomy),,MISSING,data/lyrics/RMVM_S_bb2ec916cb.txt,AVAILABLE,,MISSING,,UNVERIFIED,TIER_A,LYRICS_ONLY,train
RMVM_S_9c3c6d6972,Gặp Lại Người Cũ (New Version),Lương Gia Hùng,ART_b70987d85c,POP_BALLAD,deterministic_mapping,1.0,N/A (Standard 11 Taxonomy),,MISSING,data/lyrics/RMVM_S_9c3c6d6972.txt,AVAILABLE,,MISSING,,UNVERIFIED,TIER_A,LYRICS_ONLY,train
RMVM_S_6362b83754,Đau Gấp Trăm Lần (Remix),Lương Gia Hùng,ART_b70987d85c,POP_BALLAD,deterministic_mapping,1.0,N/A (Standard 11 Taxonomy),,MISSING,data/lyrics/RMVM_S_6362b83754.txt,AVAILABLE,,MISSING,,UNVERIFIED,TIER_A,LYRICS_ONLY,train
RMVM_S_a2c3fc62a9,Áng Mây Vô Tình (Beat),Lương Gia Hùng,ART_b70987d85c,POP_BALLAD,deterministic_mapping,1.0,N/A (Standard 11 Taxonomy),,MISSING,data/lyrics/RMVM_S_a2c3fc62a9.txt,AVAILABLE,,MISSING,,UNVERIFIED,TIER_A,LYRICS_ONLY,train
RMVM_S_5b7a95c84c,Giấu Kí Ức,Winno,ART_c8350b43ea,RAP_HIPHOP,deterministic_mapping,1.0,N/A (Standard 11 Taxonomy),,MISSING,data/lyrics/RMVM_S_5b7a95c84c.txt,AVAILABLE,,MISSING,,UNVERIFIED,TIER_A,LYRICS_ONLY,train
RMVM_S_7eb3d525b5,Ngã Ba Tình,Địa Hải,ART_8f4195fbdf,POP_BALLAD,deterministic_mapping,1.0,N/A (Standard 11 Taxonomy),,MISSING,data/lyrics/RMVM_S_7eb3d525b5.txt,AVAILABLE,,MISSING,,UNVERIFIED,TIER_A,LYRICS_ONLY,train
RMVM_S_8f258bad61,Có Em Rong Chơi,The Meo,ART_8709a4b9b9,POP_BALLAD,deterministic_mapping,1.0,N/A (Standard 11 Taxonomy),,MISSING,data/lyrics/RMVM_S_8f258bad61.txt,AVAILABLE,,MISSING,,UNVERIFIED,TIER_A,LYRICS_ONLY,train
RMVM_S_bdc2376514,Có Ai Quên Tình Đầu,Zick Phạm,ART_a23a2e76df,POP_BALLAD,deterministic_mapping,1.0,N/A (Standard 11 Taxonomy),,MISSING,data/lyrics/RMVM_S_bdc2376514.txt,AVAILABLE,,MISSING,,UNVERIFIED,TIER_A,LYRICS_ONLY,train
RMVM_S_9d43b8b46d,Bạc Trắng Mái Đầu,Zick Phạm,ART_a23a2e76df,POP_BALLAD,deterministic_mapping,1.0,N/A (Standard 11 Taxonomy),,MISSING,data/lyrics/RMVM_S_9d43b8b46d.txt,AVAILABLE,,MISSING,,UNVERIFIED,TIER_A,LYRICS_ONLY,train
RMVM_S_843b41c80b,Cô Hàng Nước,Ánh Tuyết,ART_d72564b10f,BOLERO_TRUTINH,deterministic_mapping,1.0,N/A (Standard 11 Taxonomy),,MISSING,data/lyrics/RMVM_S_843b41c80b.txt,AVAILABLE,,MISSING,,UNVERIFIED,TIER_A,LYRICS_ONLY,train
RMVM_S_59d42cb931,Khi Trở Lại Trường Cũ,Ánh Tuyết,ART_d72564b10f,POP_BALLAD,deterministic_mapping,1.0,N/A (Standard 11 Taxonomy),,MISSING,data/lyrics/RMVM_S_59d42cb931.txt,AVAILABLE,,MISSING,,UNVERIFIED,TIER_A,LYRICS_ONLY,train
RMVM_S_703a962ab3,Cánh Hoa Duyên Kiếp,Ánh Tuyết,ART_d72564b10f,FOLK_TRADITIONAL,deterministic_mapping,1.0,N/A (Standard 11 Taxonomy),,MISSING,data/lyrics/RMVM_S_703a962ab3.txt,AVAILABLE,,MISSING,,UNVERIFIED,TIER_A,LYRICS_ONLY,train
RMVM_S_65751f700a,Đêm Giao Thừa,Ánh Tuyết,ART_d72564b10f,POP_BALLAD,deterministic_mapping,0.85,N/A (Standard 11 Taxonomy),,MISSING,,MISSING,,MISSING,,UNVERIFIED,TIER_B,NO_PHYSICAL_MODALITY,train
RMVM_MB_0ddad413ee,Gởi người em gái,Ánh Tuyết,ART_d72564b10f,NHAC_TRINH,musicbrainz_artist_discography,0.85,N/A (Standard 11 Taxonomy),,MISSING,,MISSING,,MISSING,,UNVERIFIED,TIER_B,NO_PHYSICAL_MODALITY,train
RMVM_MB_0f40e3460b,Lạc bước,Ánh Tuyết,ART_d72564b10f,NHAC_TRINH,musicbrainz_artist_discography,0.85,N/A (Standard 11 Taxonomy),,MISSING,,MISSING,,MISSING,,UNVERIFIED,TIER_B,NO_PHYSICAL_MODALITY,train
RMVM_MB_26bc45759a,Lệ nồng môi khô,Ánh Tuyết,ART_d72564b10f,NHAC_TRINH,musicbrainz_artist_discography,0.85,N/A (Standard 11 Taxonomy),,MISSING,,MISSING,,MISSING,,UNVERIFIED,TIER_B,NO_PHYSICAL_MODALITY,train
RMVM_MB_4500e5ee5a,Về đi em,Ánh Tuyết,ART_d72564b10f,NHAC_TRINH,musicbrainz_artist_discography,0.85,N/A (Standard 11 Taxonomy),,MISSING,,MISSING,,MISSING,,UNVERIFIED,TIER_B,NO_PHYSICAL_MODALITY,train
RMVM_MB_924b6df1d7,Đừng hỏi vì sao,Ánh Tuyết,ART_d72564b10f,NHAC_TRINH,musicbrainz_artist_discography,0.85,N/A (Standard 11 Taxonomy),,MISSING,,MISSING,,MISSING,,UNVERIFIED,TIER_B,NO_PHYSICAL_MODALITY,train
RMVM_MB_31b80e71b8,Lời chim,Ánh Tuyết,ART_d72564b10f,NHAC_TRINH,musicbrainz_artist_discography,0.85,N/A (Standard 11 Taxonomy),,MISSING,,MISSING,,MISSING,,UNVERIFIED,TIER_B,NO_PHYSICAL_MODALITY,train
RMVM_MB_08f8ef67f8,Đi tìm,Ánh Tuyết,ART_d72564b10f,NHAC_TRINH,musicbrainz_artist_discography,0.85,N/A (Standard 11 Taxonomy),,MISSING,,MISSING,,MISSING,,UNVERIFIED,TIER_B,NO_PHYSICAL_MODALITY,train
RMVM_MB_5ead6e08d4,Bến xưa tình sầu,Ánh Tuyết,ART_d72564b10f,NHAC_TRINH,musicbrainz_artist_discography,0.85,N/A (Standard 11 Taxonomy),,MISSING,,MISSING,,MISSING,,UNVERIFIED,TIER_B,NO_PHYSICAL_MODALITY,train
RMVM_MB_1cab8edf14,Người về tương tư,Ánh Tuyết,ART_d72564b10f,NHAC_TRINH,musicbrainz_artist_discography,0.85,N/A (Standard 11 Taxonomy),,MISSING,,MISSING,,MISSING,,UNVERIFIED,TIER_B,NO_PHYSICAL_MODALITY,train
RMVM_MB_414c4e1558,Tình phụ,Ánh Tuyết,ART_d72564b10f,NHAC_TRINH,musicbrainz_artist_discography,0.85,N/A (Standard 11 Taxonomy),,MISSING,,MISSING,,MISSING,,UNVERIFIED,TIER_B,NO_PHYSICAL_MODALITY,train
RMVM_MB_ae219a4416,Hai mươi năm tình sầu,Ánh Tuyết,ART_d72564b10f,NHAC_TRINH,musicbrainz_artist_discography,0.85,N/A (Standard 11 Taxonomy),,MISSING,,MISSING,,MISSING,,UNVERIFIED,TIER_B,NO_PHYSICAL_MODALITY,train
RMVM_MB_bf9269dcb3,Tình nghệ sĩ,Ánh Tuyết,ART_d72564b10f,NHAC_TRINH,musicbrainz_artist_discography,0.85,N/A (Standard 11 Taxonomy),,MISSING,,MISSING,,MISSING,,UNVERIFIED,TIER_B,NO_PHYSICAL_MODALITY,train
RMVM_MB_18b3ff9355,Trương chi,Ánh Tuyết,ART_d72564b10f,NHAC_TRINH,musicbrainz_artist_discography,0.85,N/A (Standard 11 Taxonomy),,MISSING,,MISSING,,MISSING,2004.0,VERIFIED,TIER_B,NO_PHYSICAL_MODALITY,train
RMVM_MB_94fc086517,Thu cô liêu,Ánh Tuyết,ART_d72564b10f,NHAC_TRINH,musicbrainz_artist_discography,0.85,N/A (Standard 11 Taxonomy),,MISSING,,MISSING,,MISSING,2004.0,VERIFIED,TIER_B,NO_PHYSICAL_MODALITY,train
RMVM_MB_6b274fe00e,Em xa rồi,Ánh Tuyết,ART_d72564b10f,NHAC_TRINH,musicbrainz_artist_discography,0.85,N/A (Standard 11 Taxonomy),,MISSING,,MISSING,,MISSING,,UNVERIFIED,TIER_B,NO_PHYSICAL_MODALITY,train
RMVM_MB_b526361d85,Anh đã phụ em,Ánh Tuyết,ART_d72564b10f,NHAC_TRINH,musicbrainz_artist_discography,0.85,N/A (Standard 11 Taxonomy),,MISSING,,MISSING,,MISSING,,UNVERIFIED,TIER_B,NO_PHYSICAL_MODALITY,train
RMVM_S_a4251e1a31,Về Với Thực Tại,Lâm Triệu Vỹ,ART_7342a29223,POP_BALLAD,deterministic_mapping,1.0,N/A (Standard 11 Taxonomy),,MISSING,data/lyrics/RMVM_S_a4251e1a31.txt,AVAILABLE,,MISSING,,UNVERIFIED,TIER_A,LYRICS_ONLY,train
RMVM_S_6ecf3ff671,Cứ Mặc Anh Đau (Beat),Lâm Triệu Vỹ,ART_7342a29223,POP_BALLAD,deterministic_mapping,1.0,N/A (Standard 11 Taxonomy),,MISSING,data/lyrics/RMVM_S_6ecf3ff671.txt,AVAILABLE,,MISSING,,UNVERIFIED,TIER_A,LYRICS_ONLY,train
RMVM_S_f5f3db5edb,Người Em Yêu Không Phải Tôi (Beat),Lâm Triệu Vỹ,ART_7342a29223,POP_BALLAD,deterministic_mapping,1.0,N/A (Standard 11 Taxonomy),,MISSING,data/lyrics/RMVM_S_f5f3db5edb.txt,AVAILABLE,,MISSING,,UNVERIFIED,TIER_A,LYRICS_ONLY,train
RMVM_S_caa7037c99,Em Không Tin (DJ HS Remix),"Miu Lê, Clownd Hoàng",ART_f93604c924,POP_BALLAD,deterministic_mapping,1.0,N/A (Standard 11 Taxonomy),,MISSING,data/lyrics/RMVM_S_caa7037c99.txt,AVAILABLE,,MISSING,,UNVERIFIED,TIER_A,LYRICS_ONLY,train
RMVM_S_4bb458d9e6,Rước Em Về,G5R Squad,ART_3d906ac03b,POP_BALLAD,deterministic_mapping,1.0,N/A (Standard 11 Taxonomy),,MISSING,data/lyrics/RMVM_S_4bb458d9e6.txt,AVAILABLE,,MISSING,,UNVERIFIED,TIER_A,LYRICS_ONLY,train
RMVM_S_712d5db91e,Có Gì Đâu Mà Ngại,G5R Squad,ART_3d906ac03b,POP_BALLAD,deterministic_mapping,1.0,N/A (Standard 11 Taxonomy),,MISSING,data/lyrics/RMVM_S_712d5db91e.txt,AVAILABLE,,MISSING,,UNVERIFIED,TIER_A,LYRICS_ONLY,train
RMVM_S_a6427049dc,Đoạn Tình Phai,G5R Squad,ART_3d906ac03b,POP_BALLAD,deterministic_mapping,1.0,N/A (Standard 11 Taxonomy),,MISSING,data/lyrics/RMVM_S_a6427049dc.txt,AVAILABLE,,MISSING,,UNVERIFIED,TIER_A,LYRICS_ONLY,train
RMVM_S_844730ca2b,Nỗi Lòng Của Anh,G5R Squad,ART_3d906ac03b,POP_BALLAD,deterministic_mapping,1.0,N/A (Standard 11 Taxonomy),,MISSING,data/lyrics/RMVM_S_844730ca2b.txt,AVAILABLE,,MISSING,,UNVERIFIED,TIER_A,LYRICS_ONLY,train
RMVM_S_452c6c417c,Chưa Bao Giờ Mất Nhau,"Minh Quân, Dương Hoàng Yến",ART_a8581d88e3,POP_BALLAD,deterministic_mapping,1.0,N/A (Standard 11 Taxonomy),,MISSING,data/lyrics/RMVM_S_452c6c417c.txt,AVAILABLE,,MISSING,,UNVERIFIED,TIER_A,LYRICS_ONLY,train
RMVM_S_b98cb6b9e1,Bài Không Tên Cuối Cùng,Nguyễn Hồng Ân,ART_7633be609c,POP_BALLAD,deterministic_mapping,1.0,N/A (Standard 11 Taxonomy),,MISSING,data/lyrics/RMVM_S_b98cb6b9e1.txt,AVAILABLE,,MISSING,,UNVERIFIED,TIER_A,LYRICS_ONLY,train
RMVM_S_9225f7f739,Riêng Một Góc Trời,Nguyễn Hồng Ân,ART_7633be609c,BOLERO_TRUTINH,deterministic_mapping,1.0,N/A (Standard 11 Taxonomy),,MISSING,data/lyrics/RMVM_S_9225f7f739.txt,AVAILABLE,,MISSING,,UNVERIFIED,TIER_A,LYRICS_ONLY,train
RMVM_S_cdddd44727,Nhật Ký Mẹ,Nguyễn Hồng Ân,ART_7633be609c,POP_BALLAD,deterministic_mapping,1.0,N/A (Standard 11 Taxonomy),,MISSING,data/lyrics/RMVM_S_cdddd44727.txt,AVAILABLE,,MISSING,,UNVERIFIED,TIER_A,LYRICS_ONLY,train
RMVM_S_7f5be30840,Ngày Mưa (Acoustic Version),Nguyễn Hồng Ân,ART_7633be609c,POP_BALLAD,deterministic_mapping,1.0,N/A (Standard 11 Taxonomy),,MISSING,data/lyrics/RMVM_S_7f5be30840.txt,AVAILABLE,,MISSING,,UNVERIFIED,TIER_A,LYRICS_ONLY,train
RMVM_S_d90b2d47ed,Bảy Ơn Chúa Thánh Thần,Nguyễn Hồng Ân,ART_7633be609c,OTHER,curated_out_of_taxonomy,0.9,Religious / Sacred spiritual Vietnamese music,,MISSING,,MISSING,,MISSING,,UNVERIFIED,TIER_B,NO_PHYSICAL_MODALITY,train
RMVM_S_3b78c9709b,Con Xin Tạ Lỗi,Nguyễn Hồng Ân,ART_7633be609c,OTHER,curated_out_of_taxonomy,0.9,Religious / Sacred spiritual Vietnamese music,,MISSING,,MISSING,,MISSING,2022.0,VERIFIED,TIER_B,NO_PHYSICAL_MODALITY,train
RMVM_S_ee093d5cd9,Chúa Đã Nhìn Thấy Hết,Nguyễn Hồng Ân,ART_7633be609c,OTHER,curated_out_of_taxonomy,0.9,Religious / Sacred spiritual Vietnamese music,,MISSING,,MISSING,,MISSING,2022.0,VERIFIED,TIER_B,NO_PHYSICAL_MODALITY,train
RMVM_S_b2f52cd367,Tình Yêu Cũng Như Mảnh Giấy,Clow,ART_a458dabbae,POP_BALLAD,deterministic_mapping,1.0,N/A (Standard 11 Taxonomy),,MISSING,data/lyrics/RMVM_S_b2f52cd367.txt,AVAILABLE,,MISSING,,UNVERIFIED,TIER_A,LYRICS_ONLY,train
RMVM_S_b4f5d77136,Cho Anh Ôm Em Thêm Một Cái Được Không,Clow,ART_a458dabbae,POP_BALLAD,deterministic_mapping,1.0,N/A (Standard 11 Taxonomy),,MISSING,data/lyrics/RMVM_S_b4f5d77136.txt,AVAILABLE,,MISSING,,UNVERIFIED,TIER_A,LYRICS_ONLY,train
RMVM_S_a7e993619f,Tâm Sự Người Đơn Phương,"A.C Xuân Tài, Nguyenn",ART_e66f9a878f,POP_BALLAD,deterministic_mapping,1.0,N/A (Standard 11 Taxonomy),,MISSING,data/lyrics/RMVM_S_a7e993619f.txt,AVAILABLE,,MISSING,,UNVERIFIED,TIER_A,LYRICS_ONLY,train
RMVM_S_70ab83a88d,2 Nice,"Pay, Gọi Là Phúc, Công Hòa",ART_03e514cad6,POP_BALLAD,deterministic_mapping,1.0,N/A (Standard 11 Taxonomy),,MISSING,data/lyrics/RMVM_S_70ab83a88d.txt,AVAILABLE,data/covers/RMVM_S_70ab83a88d.jpg,AVAILABLE,,UNVERIFIED,TIER_A,LYRICS_COVER,train
RMVM_S_a55e3b0883,Ký Ức Mong Manh,"Hồ Gia Hùng, Aki Khoa",ART_244c94df79,POP_BALLAD,deterministic_mapping,1.0,N/A (Standard 11 Taxonomy),,MISSING,data/lyrics/RMVM_S_a55e3b0883.txt,AVAILABLE,,MISSING,,UNVERIFIED,TIER_A,LYRICS_ONLY,train
RMVM_S_52e66af886,Đừng Hỏi Vì Sao Tôi Nhớ Người Remake ̣(Tình Yêu Còn Xa 2),Phương Phương Thảo,ART_97b8e28671,POP_BALLAD,deterministic_mapping,1.0,N/A (Standard 11 Taxonomy),,MISSING,data/lyrics/RMVM_S_52e66af886.txt,AVAILABLE,,MISSING,,UNVERIFIED,TIER_A,LYRICS_ONLY,train
RMVM_S_16b1e35760,"Em, Anh Và Cô Ấy (Live Version)",Phương Phương Thảo,ART_97b8e28671,POP_BALLAD,deterministic_mapping,1.0,N/A (Standard 11 Taxonomy),,MISSING,data/lyrics/RMVM_S_16b1e35760.txt,AVAILABLE,,MISSING,,UNVERIFIED,TIER_A,LYRICS_ONLY,train
RMVM_S_aa3f8bb087,Bài Không Tên Cuối Cùng - Bài Không Tên Cuối Cùng Tiếp Nối,Phương Phương Thảo,ART_97b8e28671,POP_BALLAD,deterministic_mapping,1.0,N/A (Standard 11 Taxonomy),,MISSING,data/lyrics/RMVM_S_aa3f8bb087.txt,AVAILABLE,,MISSING,,UNVERIFIED,TIER_A,LYRICS_ONLY,train
RMVM_S_16a5bfd9d1,Cứ Để Ta Yêu (Live Version),Phương Phương Thảo,ART_97b8e28671,POP_BALLAD,deterministic_mapping,1.0,N/A (Standard 11 Taxonomy),,MISSING,data/lyrics/RMVM_S_16a5bfd9d1.txt,AVAILABLE,,MISSING,,UNVERIFIED,TIER_A,LYRICS_ONLY,train
RMVM_S_f2adbf27d5,Lại Gần Anh Chút Thôi,Linh Lor,ART_dc710bb4a1,POP_BALLAD,deterministic_mapping,1.0,N/A (Standard 11 Taxonomy),,MISSING,data/lyrics/RMVM_S_f2adbf27d5.txt,AVAILABLE,,MISSING,,UNVERIFIED,TIER_A,LYRICS_ONLY,train
RMVM_S_a0e5a99ad6,Chiếc Ôm Từ Phía Sau,HER,ART_a43b4caa46,POP_BALLAD,deterministic_mapping,1.0,N/A (Standard 11 Taxonomy),,MISSING,data/lyrics/RMVM_S_a0e5a99ad6.txt,AVAILABLE,,MISSING,,UNVERIFIED,TIER_A,LYRICS_ONLY,train
RMVM_S_43f2b08504,Em Chính Là Người Anh Yêu (Remix),Mạnh Tịnh,ART_eb0951ad03,POP_BALLAD,deterministic_mapping,1.0,N/A (Standard 11 Taxonomy),,MISSING,data/lyrics/RMVM_S_43f2b08504.txt,AVAILABLE,,MISSING,,UNVERIFIED,TIER_A,LYRICS_ONLY,train
RMVM_S_555a8840fd,Như Ngày Chưa Yêu,Linh Lê,ART_c74ab29fc4,POP_BALLAD,deterministic_mapping,1.0,N/A (Standard 11 Taxonomy),,MISSING,data/lyrics/RMVM_S_555a8840fd.txt,AVAILABLE,,MISSING,,UNVERIFIED,TIER_A,LYRICS_ONLY,train
RMVM_S_de008b87c2,Tơ Hồng,"Ái Vân, Thái Châu",ART_09439d9bcf,INSTRUMENTAL,source_tag_verification,0.85,N/A (Standard 11 Taxonomy),,MISSING,data/lyrics/RMVM_S_de008b87c2.txt,AVAILABLE,,MISSING,,UNVERIFIED,TIER_B,LYRICS_ONLY,train
RMVM_S_f18ed499b5,Đậm Sâu Đến Mấy Cũng Tàn,"Võ Đức Trí, Star Online",ART_11fcf2df99,POP_BALLAD,deterministic_mapping,1.0,N/A (Standard 11 Taxonomy),,MISSING,data/lyrics/RMVM_S_f18ed499b5.txt,AVAILABLE,,MISSING,,UNVERIFIED,TIER_A,LYRICS_ONLY,train
RMVM_S_7d657c6292,Tân Cổ Bạc Trắng Lửa Hồng,"Nguyên Hùng, Hồng Yến",ART_4ef9fcdfe3,BOLERO_TRUTINH,deterministic_mapping,1.0,N/A (Standard 11 Taxonomy),,MISSING,data/lyrics/RMVM_S_7d657c6292.txt,AVAILABLE,,MISSING,,UNVERIFIED,TIER_A,LYRICS_ONLY,train
RMVM_S_4da1d11877,Đừng Buồn Vì Cô Ấy,"Bii, Kayl D, Công Quyền",ART_00ec41c1c8,POP_BALLAD,deterministic_mapping,1.0,N/A (Standard 11 Taxonomy),,MISSING,data/lyrics/RMVM_S_4da1d11877.txt,AVAILABLE,,MISSING,,UNVERIFIED,TIER_A,LYRICS_ONLY,train
RMVM_S_57fb73649c,Chỉ Khi Anh Một Mình,"Vũ Duy Khánh, Đạt G",ART_f5397f9aa6,POP_BALLAD,deterministic_mapping,1.0,N/A (Standard 11 Taxonomy),,MISSING,data/lyrics/RMVM_S_57fb73649c.txt,AVAILABLE,,MISSING,,UNVERIFIED,TIER_A,LYRICS_ONLY,train
RMVM_S_4562810cec,Đêm Pháp Hoa,Anh Thư Nguyễn,ART_14823e847a,BOLERO_TRUTINH,deterministic_mapping,1.0,N/A (Standard 11 Taxonomy),,MISSING,data/lyrics/RMVM_S_4562810cec.txt,AVAILABLE,,MISSING,,UNVERIFIED,TIER_A,LYRICS_ONLY,train
RMVM_S_f9e22b2145,1 Chút Thôi,"Híu, Luny",ART_04aef6a9ee,POP_BALLAD,deterministic_mapping,1.0,N/A (Standard 11 Taxonomy),,MISSING,,MISSING,data/covers/RMVM_S_f9e22b2145.jpg,AVAILABLE,,UNVERIFIED,TIER_A,COVER_ONLY,train
RMVM_S_61c1d93b3b,Cô Đơn Dành Cho Ai (Lofi Chill),"Lee Ken, Nal",ART_4931f71080,POP_BALLAD,deterministic_mapping,1.0,N/A (Standard 11 Taxonomy),,MISSING,data/lyrics/RMVM_S_61c1d93b3b.txt,AVAILABLE,data/covers/RMVM_S_61c1d93b3b.jpg,AVAILABLE,,UNVERIFIED,TIER_A,LYRICS_COVER,train
RMVM_S_ce031cee76,Người Thương Là Kẻ Phản Bội,"Nguyễn Phú Quí, Lê Công Nguyên Khải",ART_755edfd691,POP_BALLAD,deterministic_mapping,1.0,N/A (Standard 11 Taxonomy),,MISSING,data/lyrics/RMVM_S_ce031cee76.txt,AVAILABLE,,MISSING,,UNVERIFIED,TIER_A,LYRICS_ONLY,train
RMVM_S_154816499f,Áo Ấm Yêu Thương,"PiaLinh, Tọi, Kevin Toàn",ART_5a73ea3342,POP_BALLAD,deterministic_mapping,1.0,N/A (Standard 11 Taxonomy),,MISSING,data/lyrics/RMVM_S_154816499f.txt,AVAILABLE,,MISSING,,UNVERIFIED,TIER_A,LYRICS_ONLY,train
RMVM_S_abfb15b5c2,Chia Tay Tuyệt Tình,Lâm Temboys,ART_f5c7d76849,POP_BALLAD,deterministic_mapping,1.0,N/A (Standard 11 Taxonomy),,MISSING,data/lyrics/RMVM_S_abfb15b5c2.txt,AVAILABLE,,MISSING,,UNVERIFIED,TIER_A,LYRICS_ONLY,train
RMVM_S_43a3b06a17,Mình Anh Thôi,Kuun Đức Nam,ART_58111b9fa8,POP_BALLAD,deterministic_mapping,1.0,N/A (Standard 11 Taxonomy),,MISSING,data/lyrics/RMVM_S_43a3b06a17.txt,AVAILABLE,,MISSING,,UNVERIFIED,TIER_A,LYRICS_ONLY,train
RMVM_S_11e03b5b50,Yêu Nhau Xong Rồi (Remix),Kuun Đức Nam,ART_58111b9fa8,DANCE_EDM,deterministic_mapping,1.0,N/A (Standard 11 Taxonomy),,MISSING,data/lyrics/RMVM_S_11e03b5b50.txt,AVAILABLE,,MISSING,,UNVERIFIED,TIER_A,LYRICS_ONLY,train
RMVM_S_a27edd1615,5 tháng bên em,Kuun Đức Nam,ART_58111b9fa8,POP_BALLAD,deterministic_mapping,1.0,N/A (Standard 11 Taxonomy),,MISSING,data/lyrics/RMVM_S_a27edd1615.txt,AVAILABLE,,MISSING,,UNVERIFIED,TIER_A,LYRICS_ONLY,train
RMVM_S_b5b613087b,Bi Hài (Giao Lộ Thời Gian),Hòa Minzy,ART_8fe466339b,POP_BALLAD,deterministic_mapping,0.85,N/A (Standard 11 Taxonomy),,MISSING,,MISSING,,MISSING,,UNVERIFIED,TIER_B,NO_PHYSICAL_MODALITY,train
RMVM_S_a8070ac446,Liên Khúc Dìu Người Tôi Yêu,"Đan Nguyên, Bằng Kiều, Quang Lê",ART_f52404d6a3,INSTRUMENTAL,source_tag_verification,0.85,N/A (Standard 11 Taxonomy),,MISSING,data/lyrics/RMVM_S_a8070ac446.txt,AVAILABLE,,MISSING,,UNVERIFIED,TIER_B,LYRICS_ONLY,train
RMVM_S_64be8cc548,Bông Ô Môi,"Nhã Vân, Xuân Hòa",ART_0191109a3c,BOLERO_TRUTINH,deterministic_mapping,1.0,N/A (Standard 11 Taxonomy),,MISSING,,MISSING,data/covers/RMVM_S_64be8cc548.jpg,AVAILABLE,,UNVERIFIED,TIER_A,COVER_ONLY,train
RMVM_S_6a5f052619,052 (Không Phai 2),Tăng Duy Tân,ART_affec4d0ca,POP_BALLAD,deterministic_mapping,1.0,N/A (Standard 11 Taxonomy),,MISSING,data/lyrics/RMVM_S_6a5f052619.txt,AVAILABLE,,MISSING,,UNVERIFIED,TIER_A,LYRICS_ONLY,train
RMVM_S_2209ebd559,Ai Đó Không Phải Anh,Tăng Duy Tân,ART_affec4d0ca,POP_BALLAD,deterministic_mapping,1.0,N/A (Standard 11 Taxonomy),,MISSING,data/lyrics/RMVM_S_2209ebd559.txt,AVAILABLE,,MISSING,,UNVERIFIED,TIER_A,LYRICS_ONLY,train
RMVM_S_dab820f559,Buồn Nốt Hôm Nay,Tăng Duy Tân,ART_affec4d0ca,POP_BALLAD,deterministic_mapping,1.0,N/A (Standard 11 Taxonomy),,MISSING,data/lyrics/RMVM_S_dab820f559.txt,AVAILABLE,,MISSING,,UNVERIFIED,TIER_A,LYRICS_ONLY,train
RMVM_S_d5813fed3a,Thương Thân Beat,"Hana Cẩm Tiên, Khánh Ân",ART_801ffb2462,POP_BALLAD,deterministic_mapping,1.0,N/A (Standard 11 Taxonomy),,MISSING,,MISSING,data/covers/RMVM_S_d5813fed3a.jpg,AVAILABLE,,UNVERIFIED,TIER_A,COVER_ONLY,train
RMVM_S_dd71da446e,Chờ Anh Ngỏ Lời,Thắm Mini,ART_68662e9ad1,POP_BALLAD,deterministic_mapping,1.0,N/A (Standard 11 Taxonomy),,MISSING,data/lyrics/RMVM_S_dd71da446e.txt,AVAILABLE,,MISSING,,UNVERIFIED,TIER_A,LYRICS_ONLY,train
RMVM_S_324508e809,Anh Từ Đâu Đến,Hồng Hạnh,ART_031bfee6e2,BOLERO_TRUTINH,deterministic_mapping,1.0,N/A (Standard 11 Taxonomy),,MISSING,data/lyrics/RMVM_S_324508e809.txt,AVAILABLE,,MISSING,,UNVERIFIED,TIER_A,LYRICS_ONLY,train
RMVM_S_b00e246fa1,Kỷ Niệm Xa Rồi,Hồng Hạnh,ART_031bfee6e2,BOLERO_TRUTINH,deterministic_mapping,1.0,N/A (Standard 11 Taxonomy),,MISSING,data/lyrics/RMVM_S_b00e246fa1.txt,AVAILABLE,,MISSING,,UNVERIFIED,TIER_A,LYRICS_ONLY,train
RMVM_S_14f62f960e,Có Những Mảnh Đời,Bé Thoại Nghi,ART_3e42776d9d,OTHER,curated_out_of_taxonomy,0.9,Religious / Sacred spiritual Vietnamese music,,MISSING,,MISSING,,MISSING,,UNVERIFIED,TIER_B,NO_PHYSICAL_MODALITY,train
RMVM_S_2035c44089,Gặp Nhau Để Làm Gì,"Thanh Thảo, Long Đẹp Trai",ART_dfc83dac1f,POP_BALLAD,deterministic_mapping,1.0,N/A (Standard 11 Taxonomy),,MISSING,data/lyrics/RMVM_S_2035c44089.txt,AVAILABLE,,MISSING,,UNVERIFIED,TIER_A,LYRICS_ONLY,train
RMVM_S_8f57417bc0,Chẳng Thể Nghe Con Tim,Phát Huy T4,ART_1c1962cb88,POP_BALLAD,deterministic_mapping,1.0,N/A (Standard 11 Taxonomy),,MISSING,data/lyrics/RMVM_S_8f57417bc0.txt,AVAILABLE,,MISSING,,UNVERIFIED,TIER_A,LYRICS_ONLY,train
RMVM_S_e580c7c403,Không Em Anh Phải Sống Sao,Hứa Huy Thiên,ART_1d351b6d13,POP_BALLAD,deterministic_mapping,1.0,N/A (Standard 11 Taxonomy),,MISSING,data/lyrics/RMVM_S_e580c7c403.txt,AVAILABLE,,MISSING,,UNVERIFIED,TIER_A,LYRICS_ONLY,train
RMVM_S_69e373a37e,Chỉ Là Cái Tha Thu Mà Tùng Mashup Lên Thôi (Official Remix ),"Củ Cải, Masew",ART_49513900a9,DANCE_EDM,deterministic_mapping,1.0,N/A (Standard 11 Taxonomy),,MISSING,data/lyrics/RMVM_S_69e373a37e.txt,AVAILABLE,,MISSING,,UNVERIFIED,TIER_A,LYRICS_ONLY,train
RMVM_S_0fc64439ee,Bài Tình Ca Cho Em (Live),Thiên Tôn,ART_00db2f7fa3,BOLERO_TRUTINH,deterministic_mapping,1.0,N/A (Standard 11 Taxonomy),,MISSING,data/lyrics/RMVM_S_0fc64439ee.txt,AVAILABLE,,MISSING,,UNVERIFIED,TIER_A,LYRICS_ONLY,train
RMVM_S_e0782a1cca,Nước Mắt Em Rơi Trò Chơi Kết Thúc,"Phí Phương Anh, RIN9, DREAMeR",ART_ed6d942533,POP_BALLAD,deterministic_mapping,1.0,N/A (Standard 11 Taxonomy),,MISSING,data/lyrics/RMVM_S_e0782a1cca.txt,AVAILABLE,,MISSING,,UNVERIFIED,TIER_A,LYRICS_ONLY,train
RMVM_S_61ec2a70fd,Bịt Mắt Bắt Anh,"Phí Phương Anh, RIN9, DREAMeR",ART_ed6d942533,POP_BALLAD,deterministic_mapping,1.0,N/A (Standard 11 Taxonomy),,MISSING,data/lyrics/RMVM_S_61ec2a70fd.txt,AVAILABLE,,MISSING,,UNVERIFIED,TIER_A,LYRICS_ONLY,train
RMVM_S_e744de3bee,Cái Giá Của Sự Trưởng Thành,"Phí Phương Anh, RIN9, DREAMeR",ART_ed6d942533,POP_BALLAD,deterministic_mapping,1.0,N/A (Standard 11 Taxonomy),,MISSING,data/lyrics/RMVM_S_e744de3bee.txt,AVAILABLE,,MISSING,,UNVERIFIED,TIER_A,LYRICS_ONLY,train
RMVM_S_eca8d8295a,Không Muốn Thế Giới Chỉ Muốn Anh,"Phí Phương Anh, RIN9, DREAMeR",ART_ed6d942533,POP_BALLAD,deterministic_mapping,1.0,N/A (Standard 11 Taxonomy),,MISSING,data/lyrics/RMVM_S_eca8d8295a.txt,AVAILABLE,,MISSING,,UNVERIFIED,TIER_A,LYRICS_ONLY,train
RMVM_S_f9acadd328,Em Về Tinh Khôi (25th Làn Sóng Xanh),"AMEE, GREY D, Hoàng Dũng",ART_a011d639d1,POP_BALLAD,deterministic_mapping,1.0,N/A (Standard 11 Taxonomy),,MISSING,data/lyrics/RMVM_S_f9acadd328.txt,AVAILABLE,,MISSING,,UNVERIFIED,TIER_A,LYRICS_ONLY,train
RMVM_S_2e2365852b,Một Vài Ngày Sau Đó,TeeRings,ART_518fd75440,POP_BALLAD,deterministic_mapping,1.0,N/A (Standard 11 Taxonomy),,MISSING,data/lyrics/RMVM_S_2e2365852b.txt,AVAILABLE,,MISSING,,UNVERIFIED,TIER_A,LYRICS_ONLY,train
RMVM_S_a4a46010fa,Bài Hát Ru Anh,Thiên Kim,ART_941c26b730,INSTRUMENTAL,source_tag_verification,0.85,N/A (Standard 11 Taxonomy),,MISSING,data/lyrics/RMVM_S_a4a46010fa.txt,AVAILABLE,,MISSING,,UNVERIFIED,TIER_B,LYRICS_ONLY,train
RMVM_S_65836e37bc,Lá Thư Người Tình,Thiên Kim,ART_941c26b730,INSTRUMENTAL,source_tag_verification,0.85,N/A (Standard 11 Taxonomy),,MISSING,data/lyrics/RMVM_S_65836e37bc.txt,AVAILABLE,,MISSING,,UNVERIFIED,TIER_B,LYRICS_ONLY,train
RMVM_S_df21844801,Ru Em Tiếng Sóng Biển,Thiên Kim,ART_941c26b730,INSTRUMENTAL,source_tag_verification,0.85,N/A (Standard 11 Taxonomy),,MISSING,data/lyrics/RMVM_S_df21844801.txt,AVAILABLE,,MISSING,,UNVERIFIED,TIER_B,LYRICS_ONLY,train
RMVM_S_804081a239,Cho Tình Yêu Đẹp Mãi,Thiên Kim,ART_941c26b730,INSTRUMENTAL,source_tag_verification,0.85,N/A (Standard 11 Taxonomy),,MISSING,data/lyrics/RMVM_S_804081a239.txt,AVAILABLE,,MISSING,,UNVERIFIED,TIER_B,LYRICS_ONLY,train
RMVM_S_057282a987,Café Đắng,Thiên Kim,ART_941c26b730,INSTRUMENTAL,source_tag_verification,0.85,N/A (Standard 11 Taxonomy),,MISSING,data/lyrics/RMVM_S_057282a987.txt,AVAILABLE,,MISSING,,UNVERIFIED,TIER_B,LYRICS_ONLY,train
RMVM_S_88aaeda564,Rồi Xa Người Yêu,Thiên Kim,ART_941c26b730,INSTRUMENTAL,source_tag_verification,0.85,N/A (Standard 11 Taxonomy),,MISSING,data/lyrics/RMVM_S_88aaeda564.txt,AVAILABLE,,MISSING,,UNVERIFIED,TIER_B,LYRICS_ONLY,train
RMVM_S_f26f23780b,Mưa Sài Gòn Còn Buồn Không Em,Hoàng Hoa,ART_6275f9a500,BOLERO_TRUTINH,deterministic_mapping,1.0,N/A (Standard 11 Taxonomy),,MISSING,data/lyrics/RMVM_S_f26f23780b.txt,AVAILABLE,,MISSING,,UNVERIFIED,TIER_A,LYRICS_ONLY,train
RMVM_S_7e94c6397a,Chuyện Lòng Người Ca Sỹ,Hoàng Hoa,ART_6275f9a500,BOLERO_TRUTINH,deterministic_mapping,1.0,N/A (Standard 11 Taxonomy),,MISSING,data/lyrics/RMVM_S_7e94c6397a.txt,AVAILABLE,,MISSING,,UNVERIFIED,TIER_A,LYRICS_ONLY,train
RMVM_S_d0c35ccf21,"Tiền Bạc Tựa Như Dao (Parody, Short Version)",Hoàng Hồng Quân,ART_fad8af9e99,POP_BALLAD,deterministic_mapping,1.0,N/A (Standard 11 Taxonomy),,MISSING,data/lyrics/RMVM_S_d0c35ccf21.txt,AVAILABLE,,MISSING,,UNVERIFIED,TIER_A,LYRICS_ONLY,train
RMVM_S_65ad191b5c,Giờ Đây Con Khôn Lớn (Parody),Hoàng Hồng Quân,ART_fad8af9e99,POP_BALLAD,deterministic_mapping,1.0,N/A (Standard 11 Taxonomy),,MISSING,data/lyrics/RMVM_S_65ad191b5c.txt,AVAILABLE,,MISSING,,UNVERIFIED,TIER_A,LYRICS_ONLY,train
RMVM_S_8dce12f7d2,"Đạo Nghĩa Giang Hồ (Parody, Short Version 2)",Hoàng Hồng Quân,ART_fad8af9e99,POP_BALLAD,deterministic_mapping,1.0,N/A (Standard 11 Taxonomy),,MISSING,data/lyrics/RMVM_S_8dce12f7d2.txt,AVAILABLE,,MISSING,,UNVERIFIED,TIER_A,LYRICS_ONLY,train
RMVM_S_2bf2907b90,"Cuộc Đời Là Vậy Đó (Parody, Short Version)",Hoàng Hồng Quân,ART_fad8af9e99,POP_BALLAD,deterministic_mapping,1.0,N/A (Standard 11 Taxonomy),,MISSING,data/lyrics/RMVM_S_2bf2907b90.txt,AVAILABLE,,MISSING,,UNVERIFIED,TIER_A,LYRICS_ONLY,train
RMVM_S_2d44d2b9ee,"Nhà Tôi Quá Khó (Parody, Short Version)",Hoàng Hồng Quân,ART_fad8af9e99,POP_BALLAD,deterministic_mapping,1.0,N/A (Standard 11 Taxonomy),,MISSING,data/lyrics/RMVM_S_2d44d2b9ee.txt,AVAILABLE,,MISSING,,UNVERIFIED,TIER_A,LYRICS_ONLY,train
RMVM_S_bdd0bcf9e1,Đồng Tiền Rẽ Lối (Parody),Hoàng Hồng Quân,ART_fad8af9e99,POP_BALLAD,deterministic_mapping,1.0,N/A (Standard 11 Taxonomy),,MISSING,data/lyrics/RMVM_S_bdd0bcf9e1.txt,AVAILABLE,,MISSING,,UNVERIFIED,TIER_A,LYRICS_ONLY,train
RMVM_S_1c07748911,"Đồng Tiền Bạc Lắm (Parody, Short Version)",Hoàng Hồng Quân,ART_fad8af9e99,POP_BALLAD,deterministic_mapping,1.0,N/A (Standard 11 Taxonomy),,MISSING,data/lyrics/RMVM_S_1c07748911.txt,AVAILABLE,,MISSING,,UNVERIFIED,TIER_A,LYRICS_ONLY,train
RMVM_S_961246515e,"Bên Ta Khi Giàu Sang (Parody, Short Version)",Hoàng Hồng Quân,ART_fad8af9e99,POP_BALLAD,deterministic_mapping,1.0,N/A (Standard 11 Taxonomy),,MISSING,data/lyrics/RMVM_S_961246515e.txt,AVAILABLE,,MISSING,,UNVERIFIED,TIER_A,LYRICS_ONLY,train
RMVM_S_5fcca3a4e8,Bên Anh Ấy Chắc Tốt Hơn Anh,Lâm Chấn Hải,ART_bde9e20968,POP_BALLAD,deterministic_mapping,1.0,N/A (Standard 11 Taxonomy),,MISSING,data/lyrics/RMVM_S_5fcca3a4e8.txt,AVAILABLE,,MISSING,,UNVERIFIED,TIER_A,LYRICS_ONLY,train
RMVM_S_1bb77d0d2d,Ai Lên Sứ Hoa Đào,Ngọc Sơn,ART_1987501298,BOLERO_TRUTINH,deterministic_mapping,1.0,N/A (Standard 11 Taxonomy),,MISSING,data/lyrics/RMVM_S_1bb77d0d2d.txt,AVAILABLE,,MISSING,,UNVERIFIED,TIER_A,LYRICS_ONLY,train
RMVM_S_8710ada008,Thần Tượng Của Tôi (Remix),Ngọc Sơn,ART_1987501298,DANCE_EDM,deterministic_mapping,1.0,N/A (Standard 11 Taxonomy),,MISSING,data/lyrics/RMVM_S_8710ada008.txt,AVAILABLE,,MISSING,,UNVERIFIED,TIER_A,LYRICS_ONLY,train
RMVM_S_902064a298,Hải Phòng Ấm Lòng Tình Quê,"Nhật Thuận, Xuân Trí",ART_0006b96b18,BOLERO_TRUTINH,deterministic_mapping,1.0,N/A (Standard 11 Taxonomy),,MISSING,data/lyrics/RMVM_S_902064a298.txt,AVAILABLE,data/covers/RMVM_S_902064a298.jpg,AVAILABLE,,UNVERIFIED,TIER_A,LYRICS_COVER,train
RMVM_S_f53825e0fe,Không Thương Cũng Đành (Cover),Cường Mèo,ART_a32f680c8c,POP_BALLAD,deterministic_mapping,1.0,N/A (Standard 11 Taxonomy),,MISSING,data/lyrics/RMVM_S_f53825e0fe.txt,AVAILABLE,,MISSING,,UNVERIFIED,TIER_A,LYRICS_ONLY,train
RMVM_MB_be704a21ca,"Etude in A minor, op. 25 no. 4",Đặng Thái Sơn,ART_b2127037ec,INSTRUMENTAL,musicbrainz_artist_discography,0.85,N/A (Standard 11 Taxonomy),,MISSING,,MISSING,,MISSING,2010.0,VERIFIED,TIER_B,NO_PHYSICAL_MODALITY,train
RMVM_MB_c609fe4a99,No.10 in F minor OP.71-3,Đặng Thái Sơn,ART_b2127037ec,INSTRUMENTAL,musicbrainz_artist_discography,0.85,N/A (Standard 11 Taxonomy),,MISSING,,MISSING,,MISSING,2008.0,VERIFIED,TIER_B,NO_PHYSICAL_MODALITY,train
RMVM_MB_4e4f8aa1d2,No.5 in F sharp minor OP.44,Đặng Thái Sơn,ART_b2127037ec,INSTRUMENTAL,musicbrainz_artist_discography,0.85,N/A (Standard 11 Taxonomy),,MISSING,,MISSING,,MISSING,2008.0,VERIFIED,TIER_B,NO_PHYSICAL_MODALITY,train
RMVM_MB_1f3ee82afe,"Chopin: Barcarolle in F-sharp Major, Op. 60",Đặng Thái Sơn,ART_b2127037ec,INSTRUMENTAL,musicbrainz_artist_discography,0.85,N/A (Standard 11 Taxonomy),,MISSING,,MISSING,,MISSING,1996.0,VERIFIED,TIER_B,NO_PHYSICAL_MODALITY,train
RMVM_MB_4e101f4338,No.2 in E flat minor OP.26-2,Đặng Thái Sơn,ART_b2127037ec,INSTRUMENTAL,musicbrainz_artist_discography,0.85,N/A (Standard 11 Taxonomy),,MISSING,,MISSING,,MISSING,2008.0,VERIFIED,TIER_B,NO_PHYSICAL_MODALITY,train
RMVM_MB_a39fff60c0,No.4 in C minor OP.40-2,Đặng Thái Sơn,ART_b2127037ec,INSTRUMENTAL,musicbrainz_artist_discography,0.85,N/A (Standard 11 Taxonomy),,MISSING,,MISSING,,MISSING,2008.0,VERIFIED,TIER_B,NO_PHYSICAL_MODALITY,train
RMVM_MB_b48e86db7c,"Berceuse in D-flat major, op. 57",Đặng Thái Sơn,ART_b2127037ec,INSTRUMENTAL,musicbrainz_artist_discography,0.85,N/A (Standard 11 Taxonomy),,MISSING,,MISSING,,MISSING,1993.0,VERIFIED,TIER_B,NO_PHYSICAL_MODALITY,train
RMVM_MB_10f035ddac,"Nocturne no. 2 in E-flat major, op. 9 no. 2",Đặng Thái Sơn,ART_b2127037ec,INSTRUMENTAL,musicbrainz_artist_discography,0.85,N/A (Standard 11 Taxonomy),,MISSING,,MISSING,,MISSING,1993.0,VERIFIED,TIER_B,NO_PHYSICAL_MODALITY,train
RMVM_S_65f9225e2a,Chiều Chiều,Long Nhật,ART_be7a07d976,BOLERO_TRUTINH,deterministic_mapping,1.0,N/A (Standard 11 Taxonomy),,MISSING,data/lyrics/RMVM_S_65f9225e2a.txt,AVAILABLE,data/covers/RMVM_S_65f9225e2a.jpg,AVAILABLE,,UNVERIFIED,TIER_A,LYRICS_COVER,train
RMVM_S_32f74f73db,Chắc Anh Có Yêu Em (Cover),"Anie Như Thùy, Lương Thăng",ART_4b5d9f7f7d,POP_BALLAD,deterministic_mapping,1.0,N/A (Standard 11 Taxonomy),,MISSING,,MISSING,data/covers/RMVM_S_32f74f73db.jpg,AVAILABLE,,UNVERIFIED,TIER_A,COVER_ONLY,train
RMVM_S_e5eaba623c,Huế Và Em,Dương Nghi Đình,ART_e16e18b912,BOLERO_TRUTINH,deterministic_mapping,1.0,N/A (Standard 11 Taxonomy),,MISSING,data/lyrics/RMVM_S_e5eaba623c.txt,AVAILABLE,,MISSING,,UNVERIFIED,TIER_A,LYRICS_ONLY,train
RMVM_S_1e65fde961,Điệu Buồn Đêm Trăng,Dương Nghi Đình,ART_e16e18b912,BOLERO_TRUTINH,deterministic_mapping,1.0,N/A (Standard 11 Taxonomy),,MISSING,data/lyrics/RMVM_S_1e65fde961.txt,AVAILABLE,,MISSING,,UNVERIFIED,TIER_A,LYRICS_ONLY,train
RMVM_S_56fa5a3511,Đau Xót Lý Mồ Côi,Dương Nghi Đình,ART_e16e18b912,BOLERO_TRUTINH,deterministic_mapping,1.0,N/A (Standard 11 Taxonomy),,MISSING,data/lyrics/RMVM_S_56fa5a3511.txt,AVAILABLE,,MISSING,,UNVERIFIED,TIER_A,LYRICS_ONLY,train
RMVM_S_e727e46231,Anh Tin Mình Đã Cho Nhau Một Kỷ Niệm,"Thu Thủy, Lương Bằng Quang",ART_db34c33011,POP_BALLAD,deterministic_mapping,1.0,N/A (Standard 11 Taxonomy),,MISSING,data/lyrics/RMVM_S_e727e46231.txt,AVAILABLE,,MISSING,,UNVERIFIED,TIER_A,LYRICS_ONLY,train
RMVM_S_c08bf17e16,Người Vội Ra Đi,Phạm Khánh Hưng,ART_0e97aa8411,POP_BALLAD,deterministic_mapping,1.0,N/A (Standard 11 Taxonomy),,MISSING,data/lyrics/RMVM_S_c08bf17e16.txt,AVAILABLE,,MISSING,,UNVERIFIED,TIER_A,LYRICS_ONLY,train
RMVM_S_79a2ae2326,Khóc Hay Không Khóc,Phạm Khánh Hưng,ART_0e97aa8411,POP_BALLAD,deterministic_mapping,1.0,N/A (Standard 11 Taxonomy),,MISSING,data/lyrics/RMVM_S_79a2ae2326.txt,AVAILABLE,,MISSING,,UNVERIFIED,TIER_A,LYRICS_ONLY,train
RMVM_S_045877e12c,Chào Mùa Xuân Mới (Beat),"Lưu Minh Tuấn, Quách Beem, Huy Nam (A#)",ART_b7de5b8673,POP_BALLAD,deterministic_mapping,1.0,N/A (Standard 11 Taxonomy),,MISSING,data/lyrics/RMVM_S_045877e12c.txt,AVAILABLE,,MISSING,,UNVERIFIED,TIER_A,LYRICS_ONLY,train
RMVM_S_da1ee58c2d,Tự Em Đa Tình,Quinn,ART_f9ef1e530c,POP_BALLAD,deterministic_mapping,0.85,N/A (Standard 11 Taxonomy),,MISSING,,MISSING,,MISSING,,UNVERIFIED,TIER_B,NO_PHYSICAL_MODALITY,train
RMVM_S_06492041f2,7 tỷ người tìm thấy anh rồi,Orange,ART_fe01d67a00,POP_BALLAD,deterministic_mapping,1.0,N/A (Standard 11 Taxonomy),,MISSING,data/lyrics/RMVM_S_06492041f2.txt,AVAILABLE,,MISSING,,UNVERIFIED,TIER_A,LYRICS_ONLY,train
RMVM_S_c6741597f2,Cuộc Gọi Về Nhà,Orange,ART_fe01d67a00,POP_BALLAD,deterministic_mapping,1.0,N/A (Standard 11 Taxonomy),,MISSING,data/lyrics/RMVM_S_c6741597f2.txt,AVAILABLE,,MISSING,,UNVERIFIED,TIER_A,LYRICS_ONLY,train
RMVM_S_da38ffec98,Em Hát Ai Nghe (Lofi Version),Orange,ART_fe01d67a00,POP_BALLAD,deterministic_mapping,1.0,N/A (Standard 11 Taxonomy),,MISSING,data/lyrics/RMVM_S_da38ffec98.txt,AVAILABLE,,MISSING,,UNVERIFIED,TIER_A,LYRICS_ONLY,train
RMVM_MB_902b29c1d5,Memories,Orange,ART_fe01d67a00,RB_SOUL,musicbrainz_artist_discography,0.85,N/A (Standard 11 Taxonomy),,MISSING,,MISSING,,MISSING,,UNVERIFIED,TIER_B,NO_PHYSICAL_MODALITY,train
RMVM_MB_20cb6f6206,Les lois de l'étiquette,Orange,ART_fe01d67a00,RB_SOUL,musicbrainz_artist_discography,0.85,N/A (Standard 11 Taxonomy),,MISSING,,MISSING,,MISSING,2009.0,VERIFIED,TIER_B,NO_PHYSICAL_MODALITY,train
RMVM_MB_958ff8e2d1,L'ABC de la séduction,Orange,ART_fe01d67a00,RB_SOUL,musicbrainz_artist_discography,0.85,N/A (Standard 11 Taxonomy),,MISSING,,MISSING,,MISSING,2011.0,VERIFIED,TIER_B,NO_PHYSICAL_MODALITY,train
RMVM_MB_fe567ea3b4,Docteur,Orange,ART_fe01d67a00,RB_SOUL,musicbrainz_artist_discography,0.85,N/A (Standard 11 Taxonomy),,MISSING,,MISSING,,MISSING,2011.0,VERIFIED,TIER_B,NO_PHYSICAL_MODALITY,train
RMVM_MB_5afc8c8701,Albator,Orange,ART_fe01d67a00,RB_SOUL,musicbrainz_artist_discography,0.85,N/A (Standard 11 Taxonomy),,MISSING,,MISSING,,MISSING,2011.0,VERIFIED,TIER_B,NO_PHYSICAL_MODALITY,train
RMVM_MB_99bf83f8df,Toi et moi,Orange,ART_fe01d67a00,RB_SOUL,musicbrainz_artist_discography,0.85,N/A (Standard 11 Taxonomy),,MISSING,,MISSING,,MISSING,2011.0,VERIFIED,TIER_B,NO_PHYSICAL_MODALITY,train
RMVM_MB_e456ecaac0,Rototom Party Girl,Orange,ART_fe01d67a00,RB_SOUL,musicbrainz_artist_discography,0.85,N/A (Standard 11 Taxonomy),,MISSING,,MISSING,,MISSING,2011.0,VERIFIED,TIER_B,NO_PHYSICAL_MODALITY,train
RMVM_MB_691988b7ed,Je danse dans ma tête,Orange,ART_fe01d67a00,RB_SOUL,musicbrainz_artist_discography,0.85,N/A (Standard 11 Taxonomy),,MISSING,,MISSING,,MISSING,2009.0,VERIFIED,TIER_B,NO_PHYSICAL_MODALITY,train
RMVM_S_e3a136baeb,Tình Anh Em Hỡi,Quang Thành,ART_64b4b2f987,BOLERO_TRUTINH,deterministic_mapping,1.0,N/A (Standard 11 Taxonomy),,MISSING,data/lyrics/RMVM_S_e3a136baeb.txt,AVAILABLE,,MISSING,,UNVERIFIED,TIER_A,LYRICS_ONLY,train
RMVM_S_295e56378f,Trường Vinh Xuân Thân Yêu,Quang Thành,ART_64b4b2f987,POP_BALLAD,deterministic_mapping,1.0,N/A (Standard 11 Taxonomy),,MISSING,data/lyrics/RMVM_S_295e56378f.txt,AVAILABLE,,MISSING,,UNVERIFIED,TIER_A,LYRICS_ONLY,train
RMVM_S_2ca89e9c10,Cha Bên Con Từng Giây,Đình Bảo,ART_db71a476cb,INSTRUMENTAL,source_tag_verification,0.85,N/A (Standard 11 Taxonomy),,MISSING,data/lyrics/RMVM_S_2ca89e9c10.txt,AVAILABLE,,MISSING,,UNVERIFIED,TIER_B,LYRICS_ONLY,train
RMVM_S_34c3e4610d,Vội Vàng,Đình Bảo,ART_db71a476cb,INSTRUMENTAL,source_tag_verification,0.85,N/A (Standard 11 Taxonomy),,MISSING,,MISSING,,MISSING,,UNVERIFIED,TIER_B,NO_PHYSICAL_MODALITY,train
RMVM_S_7ba71ae410,Anh Là Của Em Đừng Của Ai,Kỳ Châu Ngọc Bích,ART_c2032d3979,POP_BALLAD,deterministic_mapping,1.0,N/A (Standard 11 Taxonomy),,MISSING,data/lyrics/RMVM_S_7ba71ae410.txt,AVAILABLE,,MISSING,,UNVERIFIED,TIER_A,LYRICS_ONLY,train
RMVM_S_b4a19f3368,Chào Nguyên Xuân,Quang Hào,ART_b47489db52,BOLERO_TRUTINH,deterministic_mapping,1.0,N/A (Standard 11 Taxonomy),,MISSING,data/lyrics/RMVM_S_b4a19f3368.txt,AVAILABLE,,MISSING,,UNVERIFIED,TIER_A,LYRICS_ONLY,train
RMVM_S_763e5e4654,Đừng Lo Nhé Có Anh Đây (HM Remix) (Beat),Lâm Chấn Kiệt,ART_fc4a77b3f3,RAP_HIPHOP,deterministic_mapping,1.0,N/A (Standard 11 Taxonomy),,MISSING,,MISSING,data/covers/RMVM_S_763e5e4654.jpg,AVAILABLE,,UNVERIFIED,TIER_A,COVER_ONLY,train
RMVM_S_5c7cd4f729,Điểm Ca Đích Nhân (Đời Nhạc Sĩ),Lâm Chấn Kiệt,ART_fc4a77b3f3,POP_BALLAD,deterministic_mapping,1.0,N/A (Standard 11 Taxonomy),,MISSING,data/lyrics/RMVM_S_5c7cd4f729.txt,AVAILABLE,,MISSING,,UNVERIFIED,TIER_A,LYRICS_ONLY,train
RMVM_S_8da605ec94,Là Anh Sai,Lâm Chấn Kiệt,ART_fc4a77b3f3,POP_BALLAD,deterministic_mapping,1.0,N/A (Standard 11 Taxonomy),,MISSING,data/lyrics/RMVM_S_8da605ec94.txt,AVAILABLE,,MISSING,,UNVERIFIED,TIER_A,LYRICS_ONLY,train
RMVM_S_de71ceb2b4,Dừng Lại Hay Bước Tiếp (HM Remix),Lâm Chấn Kiệt,ART_fc4a77b3f3,DANCE_EDM,deterministic_mapping,1.0,N/A (Standard 11 Taxonomy),,MISSING,data/lyrics/RMVM_S_de71ceb2b4.txt,AVAILABLE,,MISSING,,UNVERIFIED,TIER_A,LYRICS_ONLY,train
RMVM_S_cb42039630,Anh Đã Quen Rồi,Hà Thế Dũng,ART_ad6fa88a34,POP_BALLAD,deterministic_mapping,1.0,N/A (Standard 11 Taxonomy),,MISSING,data/lyrics/RMVM_S_cb42039630.txt,AVAILABLE,,MISSING,,UNVERIFIED,TIER_A,LYRICS_ONLY,train
RMVM_S_05a8ed7fcd,MAX CÔ ĐƠN (OST Đại Ca Đi Học),Đạt Max,ART_80152d222e,POP_BALLAD,deterministic_mapping,1.0,N/A (Standard 11 Taxonomy),,MISSING,data/lyrics/RMVM_S_05a8ed7fcd.txt,AVAILABLE,,MISSING,,UNVERIFIED,TIER_A,LYRICS_ONLY,train
RMVM_S_fd9880fd2c,Mơ Quê,Huyền Trang Sao Mai 2013,ART_631b46b3c5,FOLK_TRADITIONAL,deterministic_mapping,1.0,N/A (Standard 11 Taxonomy),,MISSING,data/lyrics/RMVM_S_fd9880fd2c.txt,AVAILABLE,,MISSING,,UNVERIFIED,TIER_A,LYRICS_ONLY,train
RMVM_MB_096f10b94e,Thủy Triều,Quang Hưng,ART_7060520839,REVOLUTIONARY,musicbrainz_artist_discography,0.85,N/A (Standard 11 Taxonomy),,MISSING,,MISSING,,MISSING,2024.0,VERIFIED,TIER_B,NO_PHYSICAL_MODALITY,train
RMVM_MB_6f7bb85a68,Dễ Đến Dễ Đi,Quang Hưng,ART_7060520839,REVOLUTIONARY,musicbrainz_artist_discography,0.85,N/A (Standard 11 Taxonomy),,MISSING,,MISSING,,MISSING,2020.0,VERIFIED,TIER_B,NO_PHYSICAL_MODALITY,train
RMVM_MB_bc97671fc2,TRÓI EM LẠI,Quang Hưng,ART_7060520839,REVOLUTIONARY,musicbrainz_artist_discography,0.85,N/A (Standard 11 Taxonomy),,MISSING,,MISSING,,MISSING,2024.0,VERIFIED,TIER_B,NO_PHYSICAL_MODALITY,train
RMVM_MB_fc50ccf8b5,TÌNH ĐẦU QUÁ CHÉN,Quang Hưng,ART_7060520839,REVOLUTIONARY,musicbrainz_artist_discography,0.85,N/A (Standard 11 Taxonomy),,MISSING,,MISSING,,MISSING,2024.0,VERIFIED,TIER_B,NO_PHYSICAL_MODALITY,train
RMVM_S_0cea048ed6,Duyên Duyên Số Số (Piano Version),"DuUyen, Hương Ly",ART_a9bb4ff219,POP_BALLAD,deterministic_mapping,1.0,N/A (Standard 11 Taxonomy),,MISSING,data/lyrics/RMVM_S_0cea048ed6.txt,AVAILABLE,,MISSING,,UNVERIFIED,TIER_A,LYRICS_ONLY,train
RMVM_S_44d366970c,Không giới hạn,"Tim, Khổng Tú Quỳnh",ART_757b0a2026,POP_BALLAD,deterministic_mapping,1.0,N/A (Standard 11 Taxonomy),,MISSING,data/lyrics/RMVM_S_44d366970c.txt,AVAILABLE,,MISSING,,UNVERIFIED,TIER_A,LYRICS_ONLY,train
RMVM_S_527f827241,Cho Con Trọn Chữ Hiếu,"Ngọc Linh, Nguyễn Hồng Thuận",ART_b508680de6,POP_BALLAD,deterministic_mapping,1.0,N/A (Standard 11 Taxonomy),,MISSING,data/lyrics/RMVM_S_527f827241.txt,AVAILABLE,,MISSING,,UNVERIFIED,TIER_A,LYRICS_ONLY,train
RMVM_S_c270d9fcd2,Cô Út Chung Tình,"Lương Minh Đạt, Ngọc Hân",ART_6ca22eb1da,BOLERO_TRUTINH,deterministic_mapping,1.0,N/A (Standard 11 Taxonomy),,MISSING,data/lyrics/RMVM_S_c270d9fcd2.txt,AVAILABLE,,MISSING,,UNVERIFIED,TIER_A,LYRICS_ONLY,train
RMVM_S_457533c9e2,Vội Đi (Remix),Trịnh Ngọc Hà,ART_a0f9aa3838,DANCE_EDM,deterministic_mapping,1.0,N/A (Standard 11 Taxonomy),,MISSING,data/lyrics/RMVM_S_457533c9e2.txt,AVAILABLE,,MISSING,,UNVERIFIED,TIER_A,LYRICS_ONLY,train
RMVM_S_e8d4d0d74d,"Mashup： Chiều Thu Họa Bóng Nàng, Chân Mây","Phương Thanh, DatKaa",ART_4d2142315f,POP_BALLAD,deterministic_mapping,0.85,N/A (Standard 11 Taxonomy),,MISSING,,MISSING,,MISSING,,UNVERIFIED,TIER_B,NO_PHYSICAL_MODALITY,train
RMVM_S_db27968399,Duyên Lành Vùng Cao,"Ngọc Ký, Bùi Thúy",ART_f94f0d8a6a,POP_BALLAD,deterministic_mapping,1.0,N/A (Standard 11 Taxonomy),,MISSING,data/lyrics/RMVM_S_db27968399.txt,AVAILABLE,,MISSING,,UNVERIFIED,TIER_A,LYRICS_ONLY,train
RMVM_S_dde508d19a,Cứ Thế Vội Vã,"Ngô Anh Đạt, ViAM",ART_86f04a853f,POP_BALLAD,deterministic_mapping,1.0,N/A (Standard 11 Taxonomy),,MISSING,data/lyrics/RMVM_S_dde508d19a.txt,AVAILABLE,,MISSING,,UNVERIFIED,TIER_A,LYRICS_ONLY,train
RMVM_S_0a8bf0897e,Khổ Vì Yêu,Mỹ Huyền,ART_88167f0a5a,INSTRUMENTAL,source_tag_verification,0.85,N/A (Standard 11 Taxonomy),,MISSING,data/lyrics/RMVM_S_0a8bf0897e.txt,AVAILABLE,,MISSING,,UNVERIFIED,TIER_B,LYRICS_ONLY,train
RMVM_S_9ddf7e39a2,Sao Em Vô Tình,Chế Thanh,ART_d642df9cd2,BOLERO_TRUTINH,deterministic_mapping,1.0,N/A (Standard 11 Taxonomy),,MISSING,,MISSING,data/covers/RMVM_S_9ddf7e39a2.jpg,AVAILABLE,,UNVERIFIED,TIER_A,COVER_ONLY,train
RMVM_S_01fcc36cc7,Trở Về Cát Bụi,Chế Thanh,ART_d642df9cd2,BOLERO_TRUTINH,deterministic_mapping,1.0,N/A (Standard 11 Taxonomy),,MISSING,data/lyrics/RMVM_S_01fcc36cc7.txt,AVAILABLE,,MISSING,,UNVERIFIED,TIER_A,LYRICS_ONLY,train
RMVM_S_8b4a7ab805,Tình cờ gặp nhau,Chế Thanh,ART_d642df9cd2,POP_BALLAD,deterministic_mapping,1.0,N/A (Standard 11 Taxonomy),,MISSING,data/lyrics/RMVM_S_8b4a7ab805.txt,AVAILABLE,,MISSING,,UNVERIFIED,TIER_A,LYRICS_ONLY,train
RMVM_S_656afb6870,Hát Nữa Đi Em,Chế Thanh,ART_d642df9cd2,BOLERO_TRUTINH,deterministic_mapping,1.0,N/A (Standard 11 Taxonomy),,MISSING,data/lyrics/RMVM_S_656afb6870.txt,AVAILABLE,,MISSING,,UNVERIFIED,TIER_A,LYRICS_ONLY,train
RMVM_S_a5d771cfc1,Chiếc Phone Buồn,Chế Thanh,ART_d642df9cd2,BOLERO_TRUTINH,deterministic_mapping,1.0,N/A (Standard 11 Taxonomy),,MISSING,data/lyrics/RMVM_S_a5d771cfc1.txt,AVAILABLE,,MISSING,,UNVERIFIED,TIER_A,LYRICS_ONLY,train
RMVM_S_61fc1edb08,Cao Nguyên Nhớ Em,Chế Thanh,ART_d642df9cd2,BOLERO_TRUTINH,deterministic_mapping,1.0,N/A (Standard 11 Taxonomy),,MISSING,data/lyrics/RMVM_S_61fc1edb08.txt,AVAILABLE,,MISSING,,UNVERIFIED,TIER_A,LYRICS_ONLY,train
RMVM_S_f15c6cba41,Lộp Độp,"Pixel Neko, nân",ART_8c90c48ff6,POP_BALLAD,deterministic_mapping,1.0,N/A (Standard 11 Taxonomy),,MISSING,data/lyrics/RMVM_S_f15c6cba41.txt,AVAILABLE,,MISSING,,UNVERIFIED,TIER_A,LYRICS_ONLY,train
RMVM_S_e166a4c5d2,Đừng Xa Rời Nhau,Hoàng Lan,ART_c2caa94ac6,INSTRUMENTAL,source_tag_verification,0.85,N/A (Standard 11 Taxonomy),,MISSING,,MISSING,data/covers/RMVM_S_e166a4c5d2.jpg,AVAILABLE,,UNVERIFIED,TIER_B,COVER_ONLY,train
RMVM_S_fb61c893ee,Mười Đầu Ngón Tay,Hoàng Lan,ART_c2caa94ac6,INSTRUMENTAL,source_tag_verification,0.85,N/A (Standard 11 Taxonomy),,MISSING,data/lyrics/RMVM_S_fb61c893ee.txt,AVAILABLE,,MISSING,,UNVERIFIED,TIER_B,LYRICS_ONLY,train
RMVM_S_b02afed33e,Tình Em Mãi Mãi,Hoàng Lan,ART_c2caa94ac6,INSTRUMENTAL,source_tag_verification,0.85,N/A (Standard 11 Taxonomy),,MISSING,data/lyrics/RMVM_S_b02afed33e.txt,AVAILABLE,,MISSING,,UNVERIFIED,TIER_B,LYRICS_ONLY,train
RMVM_S_bc56af9c62,Nỗi Buồn Ngày Vui Quy,Hoàng Lan,ART_c2caa94ac6,INSTRUMENTAL,source_tag_verification,0.85,N/A (Standard 11 Taxonomy),,MISSING,data/lyrics/RMVM_S_bc56af9c62.txt,AVAILABLE,,MISSING,,UNVERIFIED,TIER_B,LYRICS_ONLY,train
RMVM_S_3a36b5c774,Ai Bình Yên Hơn Ai Đậm Sâu Hơn,"Dương Yến Phi, NH4T",ART_17d2b27356,POP_BALLAD,deterministic_mapping,1.0,N/A (Standard 11 Taxonomy),,MISSING,data/lyrics/RMVM_S_3a36b5c774.txt,AVAILABLE,,MISSING,,UNVERIFIED,TIER_A,LYRICS_ONLY,train
RMVM_S_ed84ad8f30,Chấp Nhận Cô Đơn,"Kayl D, KaWaiiBi",ART_bfd9611a2c,RAP_HIPHOP,deterministic_mapping,1.0,N/A (Standard 11 Taxonomy),,MISSING,data/lyrics/RMVM_S_ed84ad8f30.txt,AVAILABLE,,MISSING,,UNVERIFIED,TIER_A,LYRICS_ONLY,train
RMVM_S_7a53e79617,Anh Đừng Vội,My Carol,ART_1e89c41e99,POP_BALLAD,deterministic_mapping,1.0,N/A (Standard 11 Taxonomy),,MISSING,data/lyrics/RMVM_S_7a53e79617.txt,AVAILABLE,data/covers/RMVM_S_7a53e79617.jpg,AVAILABLE,,UNVERIFIED,TIER_A,LYRICS_COVER,train
RMVM_S_afc7a9bc30,Lối Ra Nào Cho Hai Ta,"MEZZO, Mono, Trúc Phương",ART_75a78a7306,POP_BALLAD,deterministic_mapping,1.0,N/A (Standard 11 Taxonomy),,MISSING,data/lyrics/RMVM_S_afc7a9bc30.txt,AVAILABLE,,MISSING,,UNVERIFIED,TIER_A,LYRICS_ONLY,train
RMVM_S_09a0b5c9f7,Nếu Anh Được Em Yêu Lần Nữa,"Hamlet Trương, Ưng Hoàng Phúc",ART_8f1f5ee899,POP_BALLAD,deterministic_mapping,1.0,N/A (Standard 11 Taxonomy),,MISSING,data/lyrics/RMVM_S_09a0b5c9f7.txt,AVAILABLE,,MISSING,,UNVERIFIED,TIER_A,LYRICS_ONLY,train
RMVM_S_c05bbbf316,Gửi Em (BLUE REMIX),"ZIN MEDIA, Hoa Vinh",ART_8b7274a876,DANCE_EDM,deterministic_mapping,1.0,N/A (Standard 11 Taxonomy),,MISSING,data/lyrics/RMVM_S_c05bbbf316.txt,AVAILABLE,,MISSING,,UNVERIFIED,TIER_A,LYRICS_ONLY,train
RMVM_S_73203ab874,Mùa Nắng Vừa Qua,"Tú Phương, Minh Cà Ri",ART_2042428e46,POP_BALLAD,deterministic_mapping,1.0,N/A (Standard 11 Taxonomy),,MISSING,data/lyrics/RMVM_S_73203ab874.txt,AVAILABLE,,MISSING,,UNVERIFIED,TIER_A,LYRICS_ONLY,train
RMVM_S_ae81afc3bd,Quá Khứ Tình Yêu,Thái Triệu Luân,ART_12fdbaa32e,POP_BALLAD,deterministic_mapping,1.0,N/A (Standard 11 Taxonomy),,MISSING,data/lyrics/RMVM_S_ae81afc3bd.txt,AVAILABLE,,MISSING,,UNVERIFIED,TIER_A,LYRICS_ONLY,train
RMVM_S_e5dd9cf86d,Đừng Bỏ Anh Nơi Này,Thái Triệu Luân,ART_12fdbaa32e,POP_BALLAD,deterministic_mapping,1.0,N/A (Standard 11 Taxonomy),,MISSING,data/lyrics/RMVM_S_e5dd9cf86d.txt,AVAILABLE,,MISSING,,UNVERIFIED,TIER_A,LYRICS_ONLY,train
RMVM_S_48e9e94311,Anh Chấp Nhận Là Người Đến Sau,Thái Triệu Luân,ART_12fdbaa32e,POP_BALLAD,deterministic_mapping,1.0,N/A (Standard 11 Taxonomy),,MISSING,data/lyrics/RMVM_S_48e9e94311.txt,AVAILABLE,,MISSING,,UNVERIFIED,TIER_A,LYRICS_ONLY,train
RMVM_S_29632ccff5,Âm Thanh Buồn,Phước DKNY,ART_95c918ea88,POP_BALLAD,deterministic_mapping,1.0,N/A (Standard 11 Taxonomy),,MISSING,data/lyrics/RMVM_S_29632ccff5.txt,AVAILABLE,,MISSING,,UNVERIFIED,TIER_A,LYRICS_ONLY,train
RMVM_S_9d0aafa04d,Âm Hồn Ca,Phước DKNY,ART_95c918ea88,RAP_HIPHOP,deterministic_mapping,1.0,N/A (Standard 11 Taxonomy),,MISSING,data/lyrics/RMVM_S_9d0aafa04d.txt,AVAILABLE,,MISSING,,UNVERIFIED,TIER_A,LYRICS_ONLY,train
RMVM_S_78dec47ce6,Chúng Ta Còn Lại Gì,"MR Bi, DSWAG, KaWaiiBi",ART_bf135a7c95,RAP_HIPHOP,deterministic_mapping,1.0,N/A (Standard 11 Taxonomy),,MISSING,data/lyrics/RMVM_S_78dec47ce6.txt,AVAILABLE,,MISSING,,UNVERIFIED,TIER_A,LYRICS_ONLY,train
RMVM_S_24629463de,Đừng Khóc Sau Lưng Anh,Đinh Kiến Phong,ART_beaaa23f3f,RAP_HIPHOP,deterministic_mapping,1.0,N/A (Standard 11 Taxonomy),,MISSING,data/lyrics/RMVM_S_24629463de.txt,AVAILABLE,,MISSING,,UNVERIFIED,TIER_A,LYRICS_ONLY,train
RMVM_S_b2a70585e5,Cô Dâu Của Anh,Đinh Kiến Phong,ART_beaaa23f3f,POP_BALLAD,deterministic_mapping,1.0,N/A (Standard 11 Taxonomy),,MISSING,data/lyrics/RMVM_S_b2a70585e5.txt,AVAILABLE,,MISSING,,UNVERIFIED,TIER_A,LYRICS_ONLY,train
RMVM_S_2eb783d0b4,Kiếp Xóc Đĩa,Đinh Kiến Phong,ART_beaaa23f3f,POP_BALLAD,deterministic_mapping,1.0,N/A (Standard 11 Taxonomy),,MISSING,data/lyrics/RMVM_S_2eb783d0b4.txt,AVAILABLE,,MISSING,,UNVERIFIED,TIER_A,LYRICS_ONLY,train
RMVM_S_245958171a,"Ai Của Riêng Ai, Đâu Còn Quan Trọng",Đinh Kiến Phong,ART_beaaa23f3f,POP_BALLAD,deterministic_mapping,1.0,N/A (Standard 11 Taxonomy),,MISSING,data/lyrics/RMVM_S_245958171a.txt,AVAILABLE,,MISSING,,UNVERIFIED,TIER_A,LYRICS_ONLY,train
RMVM_MB_55dc42b319,Hà Tiên,Ngọc Huyền,ART_47d6821a96,FOLK_TRADITIONAL,musicbrainz_artist_discography,0.85,N/A (Standard 11 Taxonomy),,MISSING,,MISSING,,MISSING,2006.0,VERIFIED,TIER_B,NO_PHYSICAL_MODALITY,train
RMVM_MB_5c02037bbd,Gánh Hát Rong,Ngọc Huyền,ART_47d6821a96,FOLK_TRADITIONAL,musicbrainz_artist_discography,0.85,N/A (Standard 11 Taxonomy),,MISSING,,MISSING,,MISSING,2005.0,VERIFIED,TIER_B,NO_PHYSICAL_MODALITY,train
RMVM_MB_7a97eee9ad,Đêm tâm sự,Ngọc Huyền,ART_47d6821a96,FOLK_TRADITIONAL,musicbrainz_artist_discography,0.85,N/A (Standard 11 Taxonomy),,MISSING,,MISSING,,MISSING,2014.0,VERIFIED,TIER_B,NO_PHYSICAL_MODALITY,train
RMVM_MB_9f6958a0c6,Nguời ở dùng vê (My darling don't leave me),Ngọc Huyền,ART_47d6821a96,FOLK_TRADITIONAL,musicbrainz_artist_discography,0.85,N/A (Standard 11 Taxonomy),,MISSING,,MISSING,,MISSING,,UNVERIFIED,TIER_B,NO_PHYSICAL_MODALITY,train
RMVM_MB_22f1a94553,Còn mãi mùa đông,Ngọc Huyền,ART_47d6821a96,FOLK_TRADITIONAL,musicbrainz_artist_discography,0.85,N/A (Standard 11 Taxonomy),,MISSING,,MISSING,,MISSING,,UNVERIFIED,TIER_B,NO_PHYSICAL_MODALITY,train
RMVM_MB_57c2b33018,Rước tình về với quê hương,Ngọc Huyền,ART_47d6821a96,FOLK_TRADITIONAL,musicbrainz_artist_discography,0.85,N/A (Standard 11 Taxonomy),,MISSING,,MISSING,,MISSING,2010.0,VERIFIED,TIER_B,NO_PHYSICAL_MODALITY,train
RMVM_MB_6647727eb6,Chuyện tình Lan & Điệp,Ngọc Huyền,ART_47d6821a96,FOLK_TRADITIONAL,musicbrainz_artist_discography,0.85,N/A (Standard 11 Taxonomy),,MISSING,,MISSING,,MISSING,2006.0,VERIFIED,TIER_B,NO_PHYSICAL_MODALITY,train
RMVM_MB_1eeec14613,Cảm ơn anh,Ngọc Huyền,ART_47d6821a96,FOLK_TRADITIONAL,musicbrainz_artist_discography,0.85,N/A (Standard 11 Taxonomy),,MISSING,,MISSING,,MISSING,2011.0,VERIFIED,TIER_B,NO_PHYSICAL_MODALITY,train
RMVM_S_bda26c309d,Lỗi Do Anh Mà (Tình Yêu Dối Lừa OST) (Đại Mèo Remix),"Anh Tài, Đỗ Thụy Khanh, BMZ",ART_e8b81c0bc3,OTHER,curated_out_of_taxonomy,0.9,Film Soundtrack / OST composition,,MISSING,,MISSING,,MISSING,,UNVERIFIED,TIER_B,NO_PHYSICAL_MODALITY,train
RMVM_S_3eb23507ac,Liên Khúc Đời Lắm Vô Thường,Mai Tiến Đạt,ART_b32a9f66e8,POP_BALLAD,deterministic_mapping,1.0,N/A (Standard 11 Taxonomy),,MISSING,,MISSING,data/covers/RMVM_S_3eb23507ac.jpg,AVAILABLE,,UNVERIFIED,TIER_A,COVER_ONLY,train
RMVM_S_50397fcd4c,Men Cay Tình Đời,Mai Tiến Đạt,ART_b32a9f66e8,POP_BALLAD,deterministic_mapping,1.0,N/A (Standard 11 Taxonomy),,MISSING,data/lyrics/RMVM_S_50397fcd4c.txt,AVAILABLE,,MISSING,,UNVERIFIED,TIER_A,LYRICS_ONLY,train
RMVM_S_2e71a19143,Bến Đò Năm Xưa,Mai Tiến Đạt,ART_b32a9f66e8,POP_BALLAD,deterministic_mapping,1.0,N/A (Standard 11 Taxonomy),,MISSING,data/lyrics/RMVM_S_2e71a19143.txt,AVAILABLE,,MISSING,,UNVERIFIED,TIER_A,LYRICS_ONLY,train
RMVM_S_8e856d7a81,Nát Ruột Chia Tay,Mai Tiến Đạt,ART_b32a9f66e8,POP_BALLAD,deterministic_mapping,1.0,N/A (Standard 11 Taxonomy),,MISSING,data/lyrics/RMVM_S_8e856d7a81.txt,AVAILABLE,,MISSING,,UNVERIFIED,TIER_A,LYRICS_ONLY,train
RMVM_S_72f8134bbb,Đỡ Buồn Chiều Mưa,Mai Tiến Đạt,ART_b32a9f66e8,POP_BALLAD,deterministic_mapping,1.0,N/A (Standard 11 Taxonomy),,MISSING,data/lyrics/RMVM_S_72f8134bbb.txt,AVAILABLE,,MISSING,,UNVERIFIED,TIER_A,LYRICS_ONLY,train
RMVM_S_bf29e59217,Đợi Người Phương Xa,Mai Tiến Đạt,ART_b32a9f66e8,POP_BALLAD,deterministic_mapping,1.0,N/A (Standard 11 Taxonomy),,MISSING,data/lyrics/RMVM_S_bf29e59217.txt,AVAILABLE,,MISSING,,UNVERIFIED,TIER_A,LYRICS_ONLY,train
RMVM_S_66bdec9730,Đò Qua Bến Sông,Mai Tiến Đạt,ART_b32a9f66e8,POP_BALLAD,deterministic_mapping,1.0,N/A (Standard 11 Taxonomy),,MISSING,data/lyrics/RMVM_S_66bdec9730.txt,AVAILABLE,,MISSING,,UNVERIFIED,TIER_A,LYRICS_ONLY,train
RMVM_S_f89340689c,Vọng Khúc Cung Sầu,Mai Tiến Đạt,ART_b32a9f66e8,POP_BALLAD,deterministic_mapping,1.0,N/A (Standard 11 Taxonomy),,MISSING,data/lyrics/RMVM_S_f89340689c.txt,AVAILABLE,,MISSING,,UNVERIFIED,TIER_A,LYRICS_ONLY,train
RMVM_S_f5c0afa1f6,Cũng Bởi Một Chữ Tình,Mai Tiến Đạt,ART_b32a9f66e8,POP_BALLAD,deterministic_mapping,1.0,N/A (Standard 11 Taxonomy),,MISSING,data/lyrics/RMVM_S_f5c0afa1f6.txt,AVAILABLE,,MISSING,,UNVERIFIED,TIER_A,LYRICS_ONLY,train
RMVM_S_9927d0d974,Cơn Mơ Tình Ái,"Lưu Ánh Loan, Nhật Duy",ART_0c74c80c52,BOLERO_TRUTINH,deterministic_mapping,1.0,N/A (Standard 11 Taxonomy),,MISSING,data/lyrics/RMVM_S_9927d0d974.txt,AVAILABLE,,MISSING,,UNVERIFIED,TIER_A,LYRICS_ONLY,train
RMVM_S_9eb49604ca,Anh Sợ Mất Em (Beat),365DaBand,ART_22a0ac5823,POP_BALLAD,deterministic_mapping,1.0,N/A (Standard 11 Taxonomy),,MISSING,data/lyrics/RMVM_S_9eb49604ca.txt,AVAILABLE,,MISSING,,UNVERIFIED,TIER_A,LYRICS_ONLY,train
RMVM_S_90b1e19642,Chạy Đâu Cho Khỏi Nắng,"14 Casper, ChamCham",ART_f2fe6565f2,POP_BALLAD,deterministic_mapping,1.0,N/A (Standard 11 Taxonomy),,MISSING,data/lyrics/RMVM_S_90b1e19642.txt,AVAILABLE,,MISSING,,UNVERIFIED,TIER_A,LYRICS_ONLY,train
RMVM_S_d0e84e1eae,Những Ngày Mưa Gió,Cao Mỹ Kim,ART_4426e57fe6,POP_BALLAD,deterministic_mapping,1.0,N/A (Standard 11 Taxonomy),,MISSING,data/lyrics/RMVM_S_d0e84e1eae.txt,AVAILABLE,,MISSING,,UNVERIFIED,TIER_A,LYRICS_ONLY,train
RMVM_S_2751445490,Chẳng Còn Cạnh Bên Nhau (Lofi Version),"BTa, HuyD",ART_02f5f4ea00,POP_BALLAD,deterministic_mapping,1.0,N/A (Standard 11 Taxonomy),,MISSING,,MISSING,data/covers/RMVM_S_2751445490.jpg,AVAILABLE,,UNVERIFIED,TIER_A,COVER_ONLY,train
RMVM_S_690c263e05,Đừng Yêu Nữa Em Mệt Rồi (Live At Soul Of The Forest),Phượng Vũ,ART_be2a9c99c7,POP_BALLAD,deterministic_mapping,1.0,N/A (Standard 11 Taxonomy),,MISSING,data/lyrics/RMVM_S_690c263e05.txt,AVAILABLE,,MISSING,,UNVERIFIED,TIER_A,LYRICS_ONLY,train
RMVM_S_73f612192b,Ai Làm Em Phải Khóc Beat,Hồ Phong An,ART_215d58c827,POP_BALLAD,deterministic_mapping,1.0,N/A (Standard 11 Taxonomy),,MISSING,,MISSING,data/covers/RMVM_S_73f612192b.jpg,AVAILABLE,,UNVERIFIED,TIER_A,COVER_ONLY,train
RMVM_S_c12633234d,Yêu Được Quên Được,Hồ Phong An,ART_215d58c827,POP_BALLAD,deterministic_mapping,1.0,N/A (Standard 11 Taxonomy),,MISSING,data/lyrics/RMVM_S_c12633234d.txt,AVAILABLE,,MISSING,,UNVERIFIED,TIER_A,LYRICS_ONLY,train
RMVM_S_8844f067d1,Đâu Là Yêu Đâu Là Thương (Lofi Version),Hồ Phong An,ART_215d58c827,POP_BALLAD,deterministic_mapping,1.0,N/A (Standard 11 Taxonomy),,MISSING,data/lyrics/RMVM_S_8844f067d1.txt,AVAILABLE,,MISSING,,UNVERIFIED,TIER_A,LYRICS_ONLY,train
RMVM_S_38322b13d5,Anh Đã Từng Khóc,Hồ Phong An,ART_215d58c827,POP_BALLAD,deterministic_mapping,1.0,N/A (Standard 11 Taxonomy),,MISSING,data/lyrics/RMVM_S_38322b13d5.txt,AVAILABLE,,MISSING,,UNVERIFIED,TIER_A,LYRICS_ONLY,train
RMVM_S_900395621f,Chẳng Cần Đúng Sai,Hồ Phong An,ART_215d58c827,POP_BALLAD,deterministic_mapping,1.0,N/A (Standard 11 Taxonomy),,MISSING,data/lyrics/RMVM_S_900395621f.txt,AVAILABLE,,MISSING,,UNVERIFIED,TIER_A,LYRICS_ONLY,train
RMVM_S_25e92f1ad9,Chiếc Lá Tình Yêu (Remix),Hồ Phong An,ART_215d58c827,DANCE_EDM,deterministic_mapping,1.0,N/A (Standard 11 Taxonomy),,MISSING,data/lyrics/RMVM_S_25e92f1ad9.txt,AVAILABLE,,MISSING,,UNVERIFIED,TIER_A,LYRICS_ONLY,train
RMVM_S_f3a94344e2,9 Vì Yêu,"Đinh Đại Vũ, Châu Dương",ART_246a089712,POP_BALLAD,deterministic_mapping,1.0,N/A (Standard 11 Taxonomy),,MISSING,data/lyrics/RMVM_S_f3a94344e2.txt,AVAILABLE,,MISSING,,UNVERIFIED,TIER_A,LYRICS_ONLY,train
RMVM_S_07ce03b9c7,Độc Thân,"Châu Đăng Khoa, Ricky Star",ART_c7b817d66c,POP_BALLAD,deterministic_mapping,0.85,N/A (Standard 11 Taxonomy),,MISSING,,MISSING,,MISSING,,UNVERIFIED,TIER_B,NO_PHYSICAL_MODALITY,train
RMVM_S_0ecfbf2ce5,"Chưa Nghe Hết Bản Tình Ca, Chưa Rơi Hết Nước Mắt",Thiên An,ART_4d16d0c4c1,POP_BALLAD,deterministic_mapping,1.0,N/A (Standard 11 Taxonomy),,MISSING,data/lyrics/RMVM_S_0ecfbf2ce5.txt,AVAILABLE,,MISSING,,UNVERIFIED,TIER_A,LYRICS_ONLY,train
RMVM_S_d03482c0a7,Corona Ghét Lắm Nha,Thiên An,ART_4d16d0c4c1,POP_BALLAD,deterministic_mapping,1.0,N/A (Standard 11 Taxonomy),,MISSING,data/lyrics/RMVM_S_d03482c0a7.txt,AVAILABLE,,MISSING,,UNVERIFIED,TIER_A,LYRICS_ONLY,train
RMVM_S_337521d716,Cô Giáo Bá Đạo,Thiên An,ART_4d16d0c4c1,POP_BALLAD,deterministic_mapping,1.0,N/A (Standard 11 Taxonomy),,MISSING,data/lyrics/RMVM_S_337521d716.txt,AVAILABLE,,MISSING,,UNVERIFIED,TIER_A,LYRICS_ONLY,train
RMVM_S_38c3b0cd93,Hoa Cúc Ngập Tràn Khắp Núi,Thiên An,ART_4d16d0c4c1,POP_BALLAD,deterministic_mapping,1.0,N/A (Standard 11 Taxonomy),,MISSING,data/lyrics/RMVM_S_38c3b0cd93.txt,AVAILABLE,,MISSING,,UNVERIFIED,TIER_A,LYRICS_ONLY,train
RMVM_S_43c1fbe065,Anh Đứng Đây Từ Giờ Tới Mai,buitruonglinh,ART_625a05e110,POP_BALLAD,deterministic_mapping,1.0,N/A (Standard 11 Taxonomy),,MISSING,data/lyrics/RMVM_S_43c1fbe065.txt,AVAILABLE,,MISSING,,UNVERIFIED,TIER_A,LYRICS_ONLY,train
RMVM_S_3ec4e36c37,Điều Làm Anh Vui,buitruonglinh,ART_625a05e110,POP_BALLAD,deterministic_mapping,1.0,N/A (Standard 11 Taxonomy),,MISSING,data/lyrics/RMVM_S_3ec4e36c37.txt,AVAILABLE,,MISSING,,UNVERIFIED,TIER_A,LYRICS_ONLY,train
RMVM_S_b7f0e115bf,Lời Tạm Biệt,buitruonglinh,ART_625a05e110,POP_BALLAD,deterministic_mapping,1.0,N/A (Standard 11 Taxonomy),,MISSING,data/lyrics/RMVM_S_b7f0e115bf.txt,AVAILABLE,,MISSING,,UNVERIFIED,TIER_A,LYRICS_ONLY,train
RMVM_S_749c2293ea,Đường Tôi Chở Em Về,buitruonglinh,ART_625a05e110,POP_BALLAD,deterministic_mapping,1.0,N/A (Standard 11 Taxonomy),,MISSING,data/lyrics/RMVM_S_749c2293ea.txt,AVAILABLE,,MISSING,,UNVERIFIED,TIER_A,LYRICS_ONLY,train
RMVM_S_1663805f21,Dù Cho Mai Về Sau,buitruonglinh,ART_625a05e110,POP_BALLAD,deterministic_mapping,1.0,N/A (Standard 11 Taxonomy),,MISSING,data/lyrics/RMVM_S_1663805f21.txt,AVAILABLE,,MISSING,,UNVERIFIED,TIER_A,LYRICS_ONLY,train
RMVM_S_5b0cad7a7e,ĐÔI TA LÀ GÌ,"Tôn Hồ Anh, O.lew",ART_103e93c624,POP_BALLAD,deterministic_mapping,1.0,N/A (Standard 11 Taxonomy),,MISSING,data/lyrics/RMVM_S_5b0cad7a7e.txt,AVAILABLE,,MISSING,,UNVERIFIED,TIER_A,LYRICS_ONLY,train
RMVM_S_0a8e8c3272,Trưởng Thành 2,Dee.A,ART_317777f9bd,POP_BALLAD,deterministic_mapping,1.0,N/A (Standard 11 Taxonomy),,MISSING,data/lyrics/RMVM_S_0a8e8c3272.txt,AVAILABLE,,MISSING,,UNVERIFIED,TIER_A,LYRICS_ONLY,train
RMVM_S_281c71ff87,Tình Nghèo,"Huỳnh Thanh Thảo, Lý Công",ART_c537fdb1a1,BOLERO_TRUTINH,deterministic_mapping,1.0,N/A (Standard 11 Taxonomy),,MISSING,,MISSING,data/covers/RMVM_S_281c71ff87.jpg,AVAILABLE,,UNVERIFIED,TIER_A,COVER_ONLY,train
RMVM_S_729dcc06e0,Đừng Phụ Lòng Nhau,"Huỳnh Thanh Thảo, Lý Công",ART_c537fdb1a1,BOLERO_TRUTINH,deterministic_mapping,1.0,N/A (Standard 11 Taxonomy),,MISSING,data/lyrics/RMVM_S_729dcc06e0.txt,AVAILABLE,,MISSING,,UNVERIFIED,TIER_A,LYRICS_ONLY,train
RMVM_S_d0eddff583,Khi Thế Giới Mất Đi Một Người,"Lâm Triệu Minh, Dương Nhất Linh",ART_6ac7770d04,POP_BALLAD,deterministic_mapping,1.0,N/A (Standard 11 Taxonomy),,MISSING,data/lyrics/RMVM_S_d0eddff583.txt,AVAILABLE,,MISSING,,UNVERIFIED,TIER_A,LYRICS_ONLY,train
RMVM_S_81526686ab,Phố Xuân,Kitty Ngọc Nhi,ART_dcdf26394c,CHILDREN,deterministic_mapping,1.0,N/A (Standard 11 Taxonomy),,MISSING,data/lyrics/RMVM_S_81526686ab.txt,AVAILABLE,,MISSING,,UNVERIFIED,TIER_A,LYRICS_ONLY,train
RMVM_S_98edf62833,Chú Tiểu Ngây Thơ,Kitty Ngọc Nhi,ART_dcdf26394c,CHILDREN,deterministic_mapping,1.0,N/A (Standard 11 Taxonomy),,MISSING,data/lyrics/RMVM_S_98edf62833.txt,AVAILABLE,,MISSING,,UNVERIFIED,TIER_A,LYRICS_ONLY,train
RMVM_S_45a20049ca,Hào Khí Việt Nam,Kitty Ngọc Nhi,ART_dcdf26394c,CHILDREN,deterministic_mapping,1.0,N/A (Standard 11 Taxonomy),,MISSING,data/lyrics/RMVM_S_45a20049ca.txt,AVAILABLE,,MISSING,,UNVERIFIED,TIER_A,LYRICS_ONLY,train
RMVM_S_95c4c59ede,Còn Bé Phải Học,Kitty Ngọc Nhi,ART_dcdf26394c,CHILDREN,deterministic_mapping,1.0,N/A (Standard 11 Taxonomy),,MISSING,data/lyrics/RMVM_S_95c4c59ede.txt,AVAILABLE,,MISSING,,UNVERIFIED,TIER_A,LYRICS_ONLY,train
RMVM_S_18ffd2ea10,Chiếc Thuyền Nan,Kitty Ngọc Nhi,ART_dcdf26394c,CHILDREN,deterministic_mapping,1.0,N/A (Standard 11 Taxonomy),,MISSING,data/lyrics/RMVM_S_18ffd2ea10.txt,AVAILABLE,,MISSING,,UNVERIFIED,TIER_A,LYRICS_ONLY,train
RMVM_S_af4bb72a9e,Anh Hứa Sao Chẳng Được,Huỳnh Ái Vy,ART_9ce4335c01,POP_BALLAD,deterministic_mapping,1.0,N/A (Standard 11 Taxonomy),,MISSING,data/lyrics/RMVM_S_af4bb72a9e.txt,AVAILABLE,,MISSING,,UNVERIFIED,TIER_A,LYRICS_ONLY,train
RMVM_S_23da94f84c,Anh Chỉ Giỏi Giả Vờ,Huỳnh Ái Vy,ART_9ce4335c01,POP_BALLAD,deterministic_mapping,1.0,N/A (Standard 11 Taxonomy),,MISSING,data/lyrics/RMVM_S_23da94f84c.txt,AVAILABLE,,MISSING,,UNVERIFIED,TIER_A,LYRICS_ONLY,train
RMVM_S_08dd325459,kho báu đánh rơi (ft. GREY D),"tlinh, GREY D",ART_e47714b287,POP_BALLAD,deterministic_mapping,1.0,N/A (Standard 11 Taxonomy),,MISSING,data/lyrics/RMVM_S_08dd325459.txt,AVAILABLE,,MISSING,,UNVERIFIED,TIER_A,LYRICS_ONLY,train
RMVM_S_3355244cf2,Giá Như Anh Được Nghe Em Nói,Vincent,ART_b15ab3f829,POP_BALLAD,deterministic_mapping,1.0,N/A (Standard 11 Taxonomy),,MISSING,,MISSING,data/covers/RMVM_S_3355244cf2.jpg,AVAILABLE,,UNVERIFIED,TIER_A,COVER_ONLY,train
RMVM_S_307f0c7d4f,Anh Cứ Hẹn,Hà Thu Hiền,ART_96a2c41d00,FOLK_TRADITIONAL,artist_discography_verification,0.85,N/A (Standard 11 Taxonomy),,MISSING,data/lyrics/RMVM_S_307f0c7d4f.txt,AVAILABLE,,MISSING,,UNVERIFIED,TIER_B,LYRICS_ONLY,train
RMVM_S_3a8eda6e1a,Đóa Hồng Nơi Trái Tim Cover (Piano Version),Brian Huỳnh Anh,ART_6426e369a4,POP_BALLAD,deterministic_mapping,1.0,N/A (Standard 11 Taxonomy),,MISSING,data/lyrics/RMVM_S_3a8eda6e1a.txt,AVAILABLE,,MISSING,,UNVERIFIED,TIER_A,LYRICS_ONLY,train
RMVM_S_3672eb88e1,Bạn Tình Ơi,"YuniBoo, Goctoi Mixer",ART_8de9b36d5f,RAP_HIPHOP,deterministic_mapping,1.0,N/A (Standard 11 Taxonomy),,MISSING,data/lyrics/RMVM_S_3672eb88e1.txt,AVAILABLE,,MISSING,,UNVERIFIED,TIER_A,LYRICS_ONLY,train
RMVM_S_8f1cedddaa,Anh Béo Thì Sao Nào?,"Võ Ê Vo, Như Hexi",ART_f36c747c88,POP_BALLAD,deterministic_mapping,1.0,N/A (Standard 11 Taxonomy),,MISSING,data/lyrics/RMVM_S_8f1cedddaa.txt,AVAILABLE,,MISSING,,UNVERIFIED,TIER_A,LYRICS_ONLY,train
RMVM_S_73b0e2994a,Bối Rối (Cover),Jang Mi,ART_6df699f238,POP_BALLAD,deterministic_mapping,1.0,N/A (Standard 11 Taxonomy),,MISSING,data/lyrics/RMVM_S_73b0e2994a.txt,AVAILABLE,,MISSING,,UNVERIFIED,TIER_A,LYRICS_ONLY,train
RMVM_S_126d4ab3b0,Câu chuyện mình tôi và em,Tin,ART_2cb1b78013,POP_BALLAD,deterministic_mapping,1.0,N/A (Standard 11 Taxonomy),,MISSING,data/lyrics/RMVM_S_126d4ab3b0.txt,AVAILABLE,,MISSING,,UNVERIFIED,TIER_A,LYRICS_ONLY,train
RMVM_S_e25c276d94,Vùng Trời Bình Yên (25th Làn Sóng Xanh),"Wren Evans, DTAP",ART_6f6b3bef66,POP_BALLAD,deterministic_mapping,1.0,N/A (Standard 11 Taxonomy),,MISSING,data/lyrics/RMVM_S_e25c276d94.txt,AVAILABLE,,MISSING,,UNVERIFIED,TIER_A,LYRICS_ONLY,train
RMVM_S_00b42999d0,Tại Tôi Không Thích Thôi,Đình Dương,ART_d2079a4eba,POP_BALLAD,deterministic_mapping,1.0,N/A (Standard 11 Taxonomy),,MISSING,data/lyrics/RMVM_S_00b42999d0.txt,AVAILABLE,,MISSING,,UNVERIFIED,TIER_A,LYRICS_ONLY,train
RMVM_S_b8b4c14ea4,Đến Khi Mỏi Mòn,Đình Dương,ART_d2079a4eba,POP_BALLAD,deterministic_mapping,1.0,N/A (Standard 11 Taxonomy),,MISSING,data/lyrics/RMVM_S_b8b4c14ea4.txt,AVAILABLE,,MISSING,,UNVERIFIED,TIER_A,LYRICS_ONLY,train
RMVM_S_f42e813a32,Nỗi Nhớ Cha,Ân Thiên Vỹ,ART_a7e34b8ed2,POP_BALLAD,deterministic_mapping,1.0,N/A (Standard 11 Taxonomy),,MISSING,,MISSING,data/covers/RMVM_S_f42e813a32.jpg,AVAILABLE,,UNVERIFIED,TIER_A,COVER_ONLY,train
RMVM_S_1f646931ac,LK Người Ngoài Phố - Nửa Đêm Ngoài Phố - Phố Đêm (Liveshow Thương Quá Việt Nam),Ân Thiên Vỹ,ART_a7e34b8ed2,BOLERO_TRUTINH,deterministic_mapping,1.0,N/A (Standard 11 Taxonomy),,MISSING,,MISSING,data/covers/RMVM_S_1f646931ac.jpg,AVAILABLE,,UNVERIFIED,TIER_A,COVER_ONLY,train
RMVM_S_15d1b1070b,Đoạn Buồn Đêm Mưa,Ân Thiên Vỹ,ART_a7e34b8ed2,BOLERO_TRUTINH,deterministic_mapping,1.0,N/A (Standard 11 Taxonomy),,MISSING,data/lyrics/RMVM_S_15d1b1070b.txt,AVAILABLE,,MISSING,,UNVERIFIED,TIER_A,LYRICS_ONLY,train
RMVM_S_1fd72ff33c,Mười Năm Tái Ngộ,Ân Thiên Vỹ,ART_a7e34b8ed2,BOLERO_TRUTINH,deterministic_mapping,1.0,N/A (Standard 11 Taxonomy),,MISSING,data/lyrics/RMVM_S_1fd72ff33c.txt,AVAILABLE,,MISSING,,UNVERIFIED,TIER_A,LYRICS_ONLY,train
RMVM_S_627f6976d7,Tình Em Tháp Mười,Ân Thiên Vỹ,ART_a7e34b8ed2,FOLK_TRADITIONAL,deterministic_mapping,1.0,N/A (Standard 11 Taxonomy),,MISSING,data/lyrics/RMVM_S_627f6976d7.txt,AVAILABLE,,MISSING,,UNVERIFIED,TIER_A,LYRICS_ONLY,train
RMVM_S_a995bf8197,Sóc Sờ Bai Sóc Trăng,Ân Thiên Vỹ,ART_a7e34b8ed2,FOLK_TRADITIONAL,deterministic_mapping,1.0,N/A (Standard 11 Taxonomy),,MISSING,data/lyrics/RMVM_S_a995bf8197.txt,AVAILABLE,,MISSING,,UNVERIFIED,TIER_A,LYRICS_ONLY,train
RMVM_S_d39aa5cb70,Dây Đủng Đỉnh Buồn,Ân Thiên Vỹ,ART_a7e34b8ed2,BOLERO_TRUTINH,deterministic_mapping,1.0,N/A (Standard 11 Taxonomy),,MISSING,data/lyrics/RMVM_S_d39aa5cb70.txt,AVAILABLE,,MISSING,,UNVERIFIED,TIER_A,LYRICS_ONLY,train
RMVM_S_d6dd818841,Liên Khúc: Bóng Nhỏ Đường Chiều,Ân Thiên Vỹ,ART_a7e34b8ed2,BOLERO_TRUTINH,deterministic_mapping,1.0,N/A (Standard 11 Taxonomy),,MISSING,data/lyrics/RMVM_S_d6dd818841.txt,AVAILABLE,,MISSING,,UNVERIFIED,TIER_A,LYRICS_ONLY,train
RMVM_S_87c8d2f0af,Ướt Lem Chữ Đời,Ân Thiên Vỹ,ART_a7e34b8ed2,BOLERO_TRUTINH,deterministic_mapping,1.0,N/A (Standard 11 Taxonomy),,MISSING,data/lyrics/RMVM_S_87c8d2f0af.txt,AVAILABLE,,MISSING,,UNVERIFIED,TIER_A,LYRICS_ONLY,train
RMVM_S_e19b8c7925,Như Anh Mơ,"Minh, Quỳnh Anh",ART_3552b9330d,POP_BALLAD,deterministic_mapping,1.0,N/A (Standard 11 Taxonomy),,MISSING,data/lyrics/RMVM_S_e19b8c7925.txt,AVAILABLE,,MISSING,,UNVERIFIED,TIER_A,LYRICS_ONLY,train
RMVM_S_df3cb94441,Anh Nghĩ Về Em,PI.NO Phạm,ART_e5b5efb30a,POP_BALLAD,deterministic_mapping,1.0,N/A (Standard 11 Taxonomy),,MISSING,data/lyrics/RMVM_S_df3cb94441.txt,AVAILABLE,,MISSING,,UNVERIFIED,TIER_A,LYRICS_ONLY,train
RMVM_S_ef7b252be4,Rồi Mình Sẽ Hạnh Phúc (Qinn Remix),"Qinn Media, Tuyền Ơi, Đạt Max",ART_62b4777d37,POP_BALLAD,deterministic_mapping,1.0,N/A (Standard 11 Taxonomy),,MISSING,data/lyrics/RMVM_S_ef7b252be4.txt,AVAILABLE,,MISSING,,UNVERIFIED,TIER_A,LYRICS_ONLY,train
RMVM_S_bfe04a5088,Ai Nhớ Ai Mong,Hồ Kha,ART_590a443e45,POP_BALLAD,deterministic_mapping,1.0,N/A (Standard 11 Taxonomy),,MISSING,data/lyrics/RMVM_S_bfe04a5088.txt,AVAILABLE,,MISSING,,UNVERIFIED,TIER_A,LYRICS_ONLY,train
RMVM_S_b980ce5408,Liên Khúc Thành Phố Mưa Bay,"Khánh Bình, Trường Sang, Nguyễn Hân",ART_ab5fba64bf,BOLERO_TRUTINH,deterministic_mapping,1.0,N/A (Standard 11 Taxonomy),,MISSING,data/lyrics/RMVM_S_b980ce5408.txt,AVAILABLE,,MISSING,,UNVERIFIED,TIER_A,LYRICS_ONLY,train
RMVM_S_55d32ce01b,Cánh Chim Cùng Gió,"Hustlang Heily, Hustlang HBo",ART_3ff0bf7e80,RAP_HIPHOP,deterministic_mapping,1.0,N/A (Standard 11 Taxonomy),,MISSING,data/lyrics/RMVM_S_55d32ce01b.txt,AVAILABLE,,MISSING,,UNVERIFIED,TIER_A,LYRICS_ONLY,train
RMVM_S_072bf103ec,Điệu Nhạc Đêm Đông,Duy Ninh,ART_269f82678a,POP_BALLAD,deterministic_mapping,1.0,N/A (Standard 11 Taxonomy),,MISSING,,MISSING,data/covers/RMVM_S_072bf103ec.jpg,AVAILABLE,,UNVERIFIED,TIER_A,COVER_ONLY,train
RMVM_S_0fe4a729c8,Chiên Con Lạc Lối,Duy Ninh,ART_269f82678a,POP_BALLAD,deterministic_mapping,1.0,N/A (Standard 11 Taxonomy),,MISSING,data/lyrics/RMVM_S_0fe4a729c8.txt,AVAILABLE,,MISSING,,UNVERIFIED,TIER_A,LYRICS_ONLY,train
RMVM_S_db176baf85,Mối Tình Xa Xưa,"Tấn Minh, Uyên Di",ART_7857367886,BOLERO_TRUTINH,deterministic_mapping,1.0,N/A (Standard 11 Taxonomy),,MISSING,data/lyrics/RMVM_S_db176baf85.txt,AVAILABLE,,MISSING,,UNVERIFIED,TIER_A,LYRICS_ONLY,train
RMVM_S_71e9c74cd6,Bay Lên Đáp Xuống,"Billy100, Hành Or",ART_9608a16b92,POP_BALLAD,deterministic_mapping,1.0,N/A (Standard 11 Taxonomy),,MISSING,data/lyrics/RMVM_S_71e9c74cd6.txt,AVAILABLE,,MISSING,,UNVERIFIED,TIER_A,LYRICS_ONLY,train
RMVM_S_9ae779cf13,Buồn & Men Say Nồng,"Kỳ Phương Uyên, Trịnh Lam",ART_9424a22fc0,INSTRUMENTAL,source_tag_verification,0.85,N/A (Standard 11 Taxonomy),,MISSING,data/lyrics/RMVM_S_9ae779cf13.txt,AVAILABLE,,MISSING,,UNVERIFIED,TIER_B,LYRICS_ONLY,train
RMVM_S_a2b6204010,Liên Khúc Thần Tài Khoe Tết,Minh Thuận,ART_29f9849d59,POP_BALLAD,deterministic_mapping,1.0,N/A (Standard 11 Taxonomy),,MISSING,data/lyrics/RMVM_S_a2b6204010.txt,AVAILABLE,,MISSING,,UNVERIFIED,TIER_A,LYRICS_ONLY,train
RMVM_S_5e138acfd6,Ngày Thơ Ấu Đã Xa,Minh Thuận,ART_29f9849d59,POP_BALLAD,deterministic_mapping,1.0,N/A (Standard 11 Taxonomy),,MISSING,data/lyrics/RMVM_S_5e138acfd6.txt,AVAILABLE,,MISSING,,UNVERIFIED,TIER_A,LYRICS_ONLY,train
RMVM_S_2225d32eec,Con Tim Si Tình,Minh Thuận,ART_29f9849d59,POP_BALLAD,deterministic_mapping,1.0,N/A (Standard 11 Taxonomy),,MISSING,data/lyrics/RMVM_S_2225d32eec.txt,AVAILABLE,,MISSING,,UNVERIFIED,TIER_A,LYRICS_ONLY,train
RMVM_S_0c60bd0eae,Gửi Tình Theo Gió,Minh Thuận,ART_29f9849d59,POP_BALLAD,deterministic_mapping,1.0,N/A (Standard 11 Taxonomy),,MISSING,data/lyrics/RMVM_S_0c60bd0eae.txt,AVAILABLE,,MISSING,,UNVERIFIED,TIER_A,LYRICS_ONLY,train
RMVM_S_99805cc0eb,Bến Đàn Xuân,Minh Thuận,ART_29f9849d59,POP_BALLAD,deterministic_mapping,1.0,N/A (Standard 11 Taxonomy),,MISSING,data/lyrics/RMVM_S_99805cc0eb.txt,AVAILABLE,,MISSING,,UNVERIFIED,TIER_A,LYRICS_ONLY,train
RMVM_S_6d42e71575,Cơn Say Tình Ái,Minh Thuận,ART_29f9849d59,POP_BALLAD,deterministic_mapping,1.0,N/A (Standard 11 Taxonomy),,MISSING,data/lyrics/RMVM_S_6d42e71575.txt,AVAILABLE,,MISSING,,UNVERIFIED,TIER_A,LYRICS_ONLY,train
RMVM_S_03a3e5ed48,Ải Hồng Nhan (Remix),"Lee Ken, Cần Vinh",ART_ec135dbb1d,DANCE_EDM,deterministic_mapping,1.0,N/A (Standard 11 Taxonomy),,MISSING,data/lyrics/RMVM_S_03a3e5ed48.txt,AVAILABLE,,MISSING,,UNVERIFIED,TIER_A,LYRICS_ONLY,train
RMVM_S_dfb76a5051,Khi Em Lớn (Remix),"Orange, D.A",ART_a73bdd0cef,DANCE_EDM,deterministic_mapping,0.85,N/A (Standard 11 Taxonomy),,MISSING,,MISSING,,MISSING,,UNVERIFIED,TIER_B,NO_PHYSICAL_MODALITY,train
RMVM_S_998d987543,Anh Chẳng Quan Tâm Em Nữa Rồi,"VAnh, Phạm Nguyên Ngọc, BMZ",ART_506fcb9c6a,POP_BALLAD,deterministic_mapping,1.0,N/A (Standard 11 Taxonomy),,MISSING,data/lyrics/RMVM_S_998d987543.txt,AVAILABLE,,MISSING,,UNVERIFIED,TIER_A,LYRICS_ONLY,train
RMVM_S_ddf683f172,Đón Giáng Sinh Về,"Đỗ Tuyết Nhi, Bé Thiên Phúc",ART_97b1438717,CHILDREN,deterministic_mapping,1.0,N/A (Standard 11 Taxonomy),,MISSING,data/lyrics/RMVM_S_ddf683f172.txt,AVAILABLE,,MISSING,,UNVERIFIED,TIER_A,LYRICS_ONLY,train
RMVM_S_e901eaeab9,LK Như Một Cơn Mê,"Khưu Huy Vũ, Duy Trường, Dương Hồng Loan",ART_ee1be24801,BOLERO_TRUTINH,deterministic_mapping,1.0,N/A (Standard 11 Taxonomy),,MISSING,data/lyrics/RMVM_S_e901eaeab9.txt,AVAILABLE,,MISSING,,UNVERIFIED,TIER_A,LYRICS_ONLY,train
RMVM_S_ff1d0f419a,Người Ta Nói Tôi Dối Gian,"Phạm Trưởng, Vboys",ART_2c82dddd10,POP_BALLAD,deterministic_mapping,1.0,N/A (Standard 11 Taxonomy),,MISSING,data/lyrics/RMVM_S_ff1d0f419a.txt,AVAILABLE,,MISSING,,UNVERIFIED,TIER_A,LYRICS_ONLY,train
RMVM_S_37466d6a69,8 Lời Nói Dối Của Mẹ,"Nguyễn Văn Chung, Như Thùy",ART_f4d4b846b6,POP_BALLAD,deterministic_mapping,1.0,N/A (Standard 11 Taxonomy),,MISSING,,MISSING,data/covers/RMVM_S_37466d6a69.jpg,AVAILABLE,,UNVERIFIED,TIER_A,COVER_ONLY,train
RMVM_S_7a0c0d4261,Một Vòng Trái Đất,Đạt Long Vinh,ART_a0ffd3fdc0,POP_BALLAD,deterministic_mapping,1.0,N/A (Standard 11 Taxonomy),,MISSING,data/lyrics/RMVM_S_7a0c0d4261.txt,AVAILABLE,,MISSING,,UNVERIFIED,TIER_A,LYRICS_ONLY,train
RMVM_S_ffab9252ff,Đính Ước,Đạt Long Vinh,ART_a0ffd3fdc0,BOLERO_TRUTINH,deterministic_mapping,1.0,N/A (Standard 11 Taxonomy),,MISSING,data/lyrics/RMVM_S_ffab9252ff.txt,AVAILABLE,,MISSING,,UNVERIFIED,TIER_A,LYRICS_ONLY,train
RMVM_S_7c5c4a3c3b,Chàng Trai Si Tình,Đạt Long Vinh,ART_a0ffd3fdc0,BOLERO_TRUTINH,deterministic_mapping,1.0,N/A (Standard 11 Taxonomy),,MISSING,data/lyrics/RMVM_S_7c5c4a3c3b.txt,AVAILABLE,,MISSING,,UNVERIFIED,TIER_A,LYRICS_ONLY,train
RMVM_S_76054bfa39,Tình Xuân Ca,Đạt Long Vinh,ART_a0ffd3fdc0,POP_BALLAD,deterministic_mapping,1.0,N/A (Standard 11 Taxonomy),,MISSING,data/lyrics/RMVM_S_76054bfa39.txt,AVAILABLE,,MISSING,,UNVERIFIED,TIER_A,LYRICS_ONLY,train
RMVM_S_f9b7c7e370,Tôi Vẫn Cô Đơn,Đạt Long Vinh,ART_a0ffd3fdc0,BOLERO_TRUTINH,deterministic_mapping,1.0,N/A (Standard 11 Taxonomy),,MISSING,data/lyrics/RMVM_S_f9b7c7e370.txt,AVAILABLE,,MISSING,,UNVERIFIED,TIER_A,LYRICS_ONLY,train
RMVM_S_e6aeca24c8,Sau Một Tình Yêu,Đạt Long Vinh,ART_a0ffd3fdc0,POP_BALLAD,deterministic_mapping,1.0,N/A (Standard 11 Taxonomy),,MISSING,data/lyrics/RMVM_S_e6aeca24c8.txt,AVAILABLE,,MISSING,,UNVERIFIED,TIER_A,LYRICS_ONLY,train
RMVM_S_bee39b20ad,Hoa Cưới,Đạt Long Vinh,ART_a0ffd3fdc0,POP_BALLAD,deterministic_mapping,0.85,N/A (Standard 11 Taxonomy),,MISSING,,MISSING,,MISSING,,UNVERIFIED,TIER_B,NO_PHYSICAL_MODALITY,train
RMVM_S_401daccb1f,Sợ Rằng Em Biết Anh Còn Yêu Em,Ưng Hoàng Phúc,ART_f2f942414d,POP_BALLAD,deterministic_mapping,1.0,N/A (Standard 11 Taxonomy),,MISSING,data/lyrics/RMVM_S_401daccb1f.txt,AVAILABLE,data/covers/RMVM_S_401daccb1f.jpg,AVAILABLE,,UNVERIFIED,TIER_A,LYRICS_COVER,train
RMVM_S_806d45a2da,Vằng Trăng Cô Đơn (Chạm Liveshow),Ưng Hoàng Phúc,ART_f2f942414d,POP_BALLAD,deterministic_mapping,1.0,N/A (Standard 11 Taxonomy),,MISSING,data/lyrics/RMVM_S_806d45a2da.txt,AVAILABLE,,MISSING,,UNVERIFIED,TIER_A,LYRICS_ONLY,train
RMVM_S_bd3f20c3dd,Kí Ức Chợt Về,Ưng Hoàng Phúc,ART_f2f942414d,POP_BALLAD,deterministic_mapping,0.85,N/A (Standard 11 Taxonomy),,MISSING,,MISSING,,MISSING,,UNVERIFIED,TIER_B,NO_PHYSICAL_MODALITY,train
RMVM_S_cf59546007,Bên Anh Còn Nỗi Nhớ,Ưng Hoàng Phúc,ART_f2f942414d,POP_BALLAD,deterministic_mapping,0.85,N/A (Standard 11 Taxonomy),,MISSING,,MISSING,,MISSING,,UNVERIFIED,TIER_B,NO_PHYSICAL_MODALITY,train
RMVM_S_0bae808c58,CHÀNG KHỜ THỦY CHUNG (Vmix),Ưng Hoàng Phúc,ART_f2f942414d,POP_BALLAD,deterministic_mapping,0.85,N/A (Standard 11 Taxonomy),,MISSING,,MISSING,,MISSING,,UNVERIFIED,TIER_B,NO_PHYSICAL_MODALITY,train
RMVM_S_53094e1f14,Cá Sấu Ghê Na,Ưng Hoàng Phúc,ART_f2f942414d,POP_BALLAD,deterministic_mapping,0.85,N/A (Standard 11 Taxonomy),,MISSING,,MISSING,,MISSING,,UNVERIFIED,TIER_B,NO_PHYSICAL_MODALITY,train
RMVM_S_c94df68332,Nhớ Em Thầm Gọi Tên,Ưng Hoàng Phúc,ART_f2f942414d,POP_BALLAD,deterministic_mapping,0.85,N/A (Standard 11 Taxonomy),,MISSING,,MISSING,,MISSING,,UNVERIFIED,TIER_B,NO_PHYSICAL_MODALITY,train
RMVM_S_eaead2d7cd,Ta Vẫn Còn Yêu,Ưng Hoàng Phúc,ART_f2f942414d,POP_BALLAD,deterministic_mapping,0.85,N/A (Standard 11 Taxonomy),,MISSING,,MISSING,,MISSING,,UNVERIFIED,TIER_B,NO_PHYSICAL_MODALITY,train
RMVM_S_1e32c7c3da,Xuân Ơi,Ưng Hoàng Phúc,ART_f2f942414d,POP_BALLAD,deterministic_mapping,0.85,N/A (Standard 11 Taxonomy),,MISSING,,MISSING,,MISSING,,UNVERIFIED,TIER_B,NO_PHYSICAL_MODALITY,train
RMVM_S_e17c4cafdf,Âm Khúc Biệt Ly,Ưng Hoàng Phúc,ART_f2f942414d,POP_BALLAD,deterministic_mapping,0.85,N/A (Standard 11 Taxonomy),,MISSING,,MISSING,,MISSING,,UNVERIFIED,TIER_B,NO_PHYSICAL_MODALITY,train
RMVM_S_817fc65b2a,Đã Đến Lúc Phải Xa Nhau,Ưng Hoàng Phúc,ART_f2f942414d,POP_BALLAD,deterministic_mapping,0.85,N/A (Standard 11 Taxonomy),,MISSING,,MISSING,,MISSING,,UNVERIFIED,TIER_B,NO_PHYSICAL_MODALITY,train
RMVM_S_987e41576f,Hãy Nói Với Em Lời Chia Tay,Mạnh Hồng Nhi,ART_ca9a9be0e2,INSTRUMENTAL,source_tag_verification,0.85,N/A (Standard 11 Taxonomy),,MISSING,data/lyrics/RMVM_S_987e41576f.txt,AVAILABLE,,MISSING,,UNVERIFIED,TIER_B,LYRICS_ONLY,train
RMVM_S_71bd566137,Người Đàn Ông Bản Lĩnh,Bùi Vĩnh Phúc,ART_d6ddbdf499,POP_BALLAD,deterministic_mapping,1.0,N/A (Standard 11 Taxonomy),,MISSING,data/lyrics/RMVM_S_71bd566137.txt,AVAILABLE,,MISSING,,UNVERIFIED,TIER_A,LYRICS_ONLY,train
RMVM_S_6a006c4f4f,Anh Say Rồi,Bùi Vĩnh Phúc,ART_d6ddbdf499,POP_BALLAD,deterministic_mapping,1.0,N/A (Standard 11 Taxonomy),,MISSING,data/lyrics/RMVM_S_6a006c4f4f.txt,AVAILABLE,,MISSING,,UNVERIFIED,TIER_A,LYRICS_ONLY,train
RMVM_S_db0b50fe64,Cái Gì Của Mình Sẽ Là Của Mình,Bùi Vĩnh Phúc,ART_d6ddbdf499,POP_BALLAD,deterministic_mapping,1.0,N/A (Standard 11 Taxonomy),,MISSING,data/lyrics/RMVM_S_db0b50fe64.txt,AVAILABLE,,MISSING,,UNVERIFIED,TIER_A,LYRICS_ONLY,train
RMVM_S_38a10e6790,Người Yêu Đi Lấy Chồng,Bùi Vĩnh Phúc,ART_d6ddbdf499,POP_BALLAD,deterministic_mapping,1.0,N/A (Standard 11 Taxonomy),,MISSING,data/lyrics/RMVM_S_38a10e6790.txt,AVAILABLE,,MISSING,,UNVERIFIED,TIER_A,LYRICS_ONLY,train
RMVM_S_ab2f0ac5f5,Hết Yêu Thì Em Cứ Đi,Bùi Vĩnh Phúc,ART_d6ddbdf499,POP_BALLAD,deterministic_mapping,1.0,N/A (Standard 11 Taxonomy),,MISSING,data/lyrics/RMVM_S_ab2f0ac5f5.txt,AVAILABLE,,MISSING,,UNVERIFIED,TIER_A,LYRICS_ONLY,train
RMVM_S_8dbf774077,Mẹ Anh Thương Em,Bùi Vĩnh Phúc,ART_d6ddbdf499,POP_BALLAD,deterministic_mapping,1.0,N/A (Standard 11 Taxonomy),,MISSING,data/lyrics/RMVM_S_8dbf774077.txt,AVAILABLE,,MISSING,,UNVERIFIED,TIER_A,LYRICS_ONLY,train
RMVM_S_5142656ed2,Trả Em Hai Chữ Chung Tình,Bùi Vĩnh Phúc,ART_d6ddbdf499,POP_BALLAD,deterministic_mapping,1.0,N/A (Standard 11 Taxonomy),,MISSING,data/lyrics/RMVM_S_5142656ed2.txt,AVAILABLE,,MISSING,,UNVERIFIED,TIER_A,LYRICS_ONLY,train
RMVM_S_953257289a,A Di Đà Phật,Diệu Đan,ART_cdeaf1410d,OTHER,curated_out_of_taxonomy,0.9,Religious / Sacred spiritual Vietnamese music,,MISSING,,MISSING,,MISSING,,UNVERIFIED,TIER_B,NO_PHYSICAL_MODALITY,train
RMVM_S_17e7204afc,Tự Thân Nàng Cứu Độ Nàng,Diệu Đan,ART_cdeaf1410d,OTHER,curated_out_of_taxonomy,0.9,Religious / Sacred spiritual Vietnamese music,,MISSING,,MISSING,,MISSING,,UNVERIFIED,TIER_B,NO_PHYSICAL_MODALITY,train
RMVM_S_4dc4ea9ebd,Bướm Bay Vườn Cải Hoa Vàng,Diệu Đan,ART_cdeaf1410d,OTHER,curated_out_of_taxonomy,0.9,Religious / Sacred spiritual Vietnamese music,,MISSING,,MISSING,,MISSING,,UNVERIFIED,TIER_B,NO_PHYSICAL_MODALITY,train
RMVM_S_b212065947,Bài Ca Sám Hối,Diệu Đan,ART_cdeaf1410d,OTHER,curated_out_of_taxonomy,0.9,Religious / Sacred spiritual Vietnamese music,,MISSING,,MISSING,,MISSING,,UNVERIFIED,TIER_B,NO_PHYSICAL_MODALITY,train
RMVM_S_cfb4f1f4ca,Cam Niệm Ân Sư,Diệu Đan,ART_cdeaf1410d,OTHER,curated_out_of_taxonomy,0.9,Religious / Sacred spiritual Vietnamese music,,MISSING,,MISSING,,MISSING,,UNVERIFIED,TIER_B,NO_PHYSICAL_MODALITY,train
RMVM_S_8f1df4811c,Cò Ơi,Diệu Đan,ART_cdeaf1410d,OTHER,curated_out_of_taxonomy,0.9,Religious / Sacred spiritual Vietnamese music,,MISSING,,MISSING,,MISSING,,UNVERIFIED,TIER_B,NO_PHYSICAL_MODALITY,train
RMVM_S_49a92cfce2,Cha Mãi Bên Con,Diệu Đan,ART_cdeaf1410d,OTHER,curated_out_of_taxonomy,0.9,Religious / Sacred spiritual Vietnamese music,,MISSING,,MISSING,,MISSING,,UNVERIFIED,TIER_B,NO_PHYSICAL_MODALITY,train
RMVM_S_2ab61535a4,Kiếp Phù Du,Diệu Đan,ART_cdeaf1410d,OTHER,curated_out_of_taxonomy,0.9,Religious / Sacred spiritual Vietnamese music,,MISSING,,MISSING,,MISSING,,UNVERIFIED,TIER_B,NO_PHYSICAL_MODALITY,train
RMVM_S_2b7afac176,Thả Trôi Phiền Muộn,Diệu Đan,ART_cdeaf1410d,OTHER,curated_out_of_taxonomy,0.9,Religious / Sacred spiritual Vietnamese music,,MISSING,,MISSING,,MISSING,,UNVERIFIED,TIER_B,NO_PHYSICAL_MODALITY,train
RMVM_S_d5640b509f,Bái Đính Linh Thiêng Tự,Diệu Đan,ART_cdeaf1410d,OTHER,curated_out_of_taxonomy,0.9,Religious / Sacred spiritual Vietnamese music,,MISSING,,MISSING,,MISSING,,UNVERIFIED,TIER_B,NO_PHYSICAL_MODALITY,train
RMVM_S_ae1c19e072,Con Đường An Lạc,Diệu Đan,ART_cdeaf1410d,OTHER,curated_out_of_taxonomy,0.9,Religious / Sacred spiritual Vietnamese music,,MISSING,,MISSING,,MISSING,,UNVERIFIED,TIER_B,NO_PHYSICAL_MODALITY,train
RMVM_S_df65c02358,Đóa Hoa Vô Ưu,Diệu Đan,ART_cdeaf1410d,OTHER,curated_out_of_taxonomy,0.9,Religious / Sacred spiritual Vietnamese music,,MISSING,,MISSING,,MISSING,,UNVERIFIED,TIER_B,NO_PHYSICAL_MODALITY,train
RMVM_S_5aa051157c,Buồn Một Chút Thôi Em Ơi,Diệu Đan,ART_cdeaf1410d,OTHER,curated_out_of_taxonomy,0.9,Religious / Sacred spiritual Vietnamese music,,MISSING,,MISSING,,MISSING,,UNVERIFIED,TIER_B,NO_PHYSICAL_MODALITY,train
RMVM_S_b5102e9ae7,Gọi Tên Hạnh Phúc,Diệu Đan,ART_cdeaf1410d,OTHER,curated_out_of_taxonomy,0.9,Religious / Sacred spiritual Vietnamese music,,MISSING,,MISSING,,MISSING,,UNVERIFIED,TIER_B,NO_PHYSICAL_MODALITY,train
RMVM_S_84e3b3f06e,Khúc Nhạc Vui,Huỳnh Tú,ART_275f409219,POP_BALLAD,deterministic_mapping,1.0,N/A (Standard 11 Taxonomy),,MISSING,data/lyrics/RMVM_S_84e3b3f06e.txt,AVAILABLE,,MISSING,,UNVERIFIED,TIER_A,LYRICS_ONLY,train
RMVM_S_0ba6f1a592,Anh Có Người Mới Chưa,Huỳnh Tú,ART_275f409219,POP_BALLAD,deterministic_mapping,1.0,N/A (Standard 11 Taxonomy),,MISSING,data/lyrics/RMVM_S_0ba6f1a592.txt,AVAILABLE,,MISSING,,UNVERIFIED,TIER_A,LYRICS_ONLY,train
RMVM_S_9f1da5a6fa,Cha Già Rồi Đúng Không (Live),Ali Hoàng Dương,ART_1ac9d58dce,POP_BALLAD,deterministic_mapping,1.0,N/A (Standard 11 Taxonomy),,MISSING,data/lyrics/RMVM_S_9f1da5a6fa.txt,AVAILABLE,,MISSING,,UNVERIFIED,TIER_A,LYRICS_ONLY,train
RMVM_S_67b3e6afbc,Chuyện Hôm Qua Đó (The Voice Version),Ali Hoàng Dương,ART_1ac9d58dce,POP_BALLAD,deterministic_mapping,1.0,N/A (Standard 11 Taxonomy),,MISSING,data/lyrics/RMVM_S_67b3e6afbc.txt,AVAILABLE,,MISSING,,UNVERIFIED,TIER_A,LYRICS_ONLY,train
RMVM_S_6d24201f73,Anh Ấy Sẽ Không Yêu Em Như Anh (Cover),Ali Hoàng Dương,ART_1ac9d58dce,POP_BALLAD,deterministic_mapping,1.0,N/A (Standard 11 Taxonomy),,MISSING,data/lyrics/RMVM_S_6d24201f73.txt,AVAILABLE,,MISSING,,UNVERIFIED,TIER_A,LYRICS_ONLY,train
RMVM_S_983d15aea7,Đừng Hỏi Em vì Sao,Hồng Nhi,ART_583140ac50,POP_BALLAD,deterministic_mapping,1.0,N/A (Standard 11 Taxonomy),,MISSING,data/lyrics/RMVM_S_983d15aea7.txt,AVAILABLE,,MISSING,,UNVERIFIED,TIER_A,LYRICS_ONLY,train
RMVM_S_e0bb0e718e,Đi Để Trở Về Mashup,"Phan Mạnh Quỳnh, Soobin Hoàng Sơn",ART_4e38392112,POP_BALLAD,deterministic_mapping,1.0,N/A (Standard 11 Taxonomy),,MISSING,data/lyrics/RMVM_S_e0bb0e718e.txt,AVAILABLE,,MISSING,,UNVERIFIED,TIER_A,LYRICS_ONLY,train
RMVM_S_74dcbd3db9,Thức Đêm Mới Biết Đêm Dài,"Minh Thuận, Nhật Hào",ART_611562f3a1,POP_BALLAD,deterministic_mapping,1.0,N/A (Standard 11 Taxonomy),,MISSING,data/lyrics/RMVM_S_74dcbd3db9.txt,AVAILABLE,,MISSING,,UNVERIFIED,TIER_A,LYRICS_ONLY,train
RMVM_S_7b79ed9474,Nửa Trái Tim (Song Ca),"Minh Thuận, Nhật Hào",ART_611562f3a1,BOLERO_TRUTINH,deterministic_mapping,1.0,N/A (Standard 11 Taxonomy),,MISSING,data/lyrics/RMVM_S_7b79ed9474.txt,AVAILABLE,,MISSING,,UNVERIFIED,TIER_A,LYRICS_ONLY,train
RMVM_S_adb7608fb9,Kẻ Si Tình,"Minh Thuận, Nhật Hào",ART_611562f3a1,POP_BALLAD,deterministic_mapping,1.0,N/A (Standard 11 Taxonomy),,MISSING,data/lyrics/RMVM_S_adb7608fb9.txt,AVAILABLE,,MISSING,,UNVERIFIED,TIER_A,LYRICS_ONLY,train
RMVM_S_f579543237,Vùng Trời Mơ Ước,"Minh Thuận, Nhật Hào",ART_611562f3a1,POP_BALLAD,deterministic_mapping,1.0,N/A (Standard 11 Taxonomy),,MISSING,data/lyrics/RMVM_S_f579543237.txt,AVAILABLE,,MISSING,,UNVERIFIED,TIER_A,LYRICS_ONLY,train
RMVM_S_5c00715d72,Duyên Kiếp Và Cỏ Úa,Đinh Trường,ART_b23c61eca3,POP_BALLAD,deterministic_mapping,1.0,N/A (Standard 11 Taxonomy),,MISSING,data/lyrics/RMVM_S_5c00715d72.txt,AVAILABLE,,MISSING,,UNVERIFIED,TIER_A,LYRICS_ONLY,train
RMVM_S_c57caa237e,Bụi Trần,Jin Tuấn Nam,ART_ee9d1be130,POP_BALLAD,deterministic_mapping,1.0,N/A (Standard 11 Taxonomy),,MISSING,data/lyrics/RMVM_S_c57caa237e.txt,AVAILABLE,,MISSING,,UNVERIFIED,TIER_A,LYRICS_ONLY,train
RMVM_S_82b8f6b58f,Anh Có Con Công,Jin Tuấn Nam,ART_ee9d1be130,POP_BALLAD,deterministic_mapping,1.0,N/A (Standard 11 Taxonomy),,MISSING,data/lyrics/RMVM_S_82b8f6b58f.txt,AVAILABLE,,MISSING,,UNVERIFIED,TIER_A,LYRICS_ONLY,train
RMVM_S_e018eb5fd3,Buồn… Hay Mưa,Jin Tuấn Nam,ART_ee9d1be130,POP_BALLAD,deterministic_mapping,1.0,N/A (Standard 11 Taxonomy),,MISSING,data/lyrics/RMVM_S_e018eb5fd3.txt,AVAILABLE,,MISSING,,UNVERIFIED,TIER_A,LYRICS_ONLY,train
RMVM_S_7364b8245f,Kệ Anh Đi,Jin Tuấn Nam,ART_ee9d1be130,POP_BALLAD,deterministic_mapping,1.0,N/A (Standard 11 Taxonomy),,MISSING,data/lyrics/RMVM_S_7364b8245f.txt,AVAILABLE,,MISSING,,UNVERIFIED,TIER_A,LYRICS_ONLY,train
RMVM_S_d14f42f8bb,Tâm Sự Với Anh,"Dương Hồng Loan, Lâm Hiếu",ART_dded1b183b,BOLERO_TRUTINH,deterministic_mapping,1.0,N/A (Standard 11 Taxonomy),,MISSING,data/lyrics/RMVM_S_d14f42f8bb.txt,AVAILABLE,,MISSING,,UNVERIFIED,TIER_A,LYRICS_ONLY,train
RMVM_S_bf7dc32b89,Anh Vẫn Phía Sau Em Mà,Khánh Trần Rio,ART_cba9d89142,POP_BALLAD,deterministic_mapping,1.0,N/A (Standard 11 Taxonomy),,MISSING,data/lyrics/RMVM_S_bf7dc32b89.txt,AVAILABLE,,MISSING,,UNVERIFIED,TIER_A,LYRICS_ONLY,train
RMVM_S_1adcfebdb3,Vắng Một Mùa Xuân,Khánh Trần Rio,ART_cba9d89142,POP_BALLAD,deterministic_mapping,1.0,N/A (Standard 11 Taxonomy),,MISSING,data/lyrics/RMVM_S_1adcfebdb3.txt,AVAILABLE,,MISSING,,UNVERIFIED,TIER_A,LYRICS_ONLY,train
RMVM_S_07f15ca9ad,Một Đời Là Anh Em (Beat),Khánh Trần Rio,ART_cba9d89142,POP_BALLAD,deterministic_mapping,1.0,N/A (Standard 11 Taxonomy),,MISSING,data/lyrics/RMVM_S_07f15ca9ad.txt,AVAILABLE,,MISSING,,UNVERIFIED,TIER_A,LYRICS_ONLY,train
RMVM_S_895eb4e576,Cảm Mến Ân Tình,Phương Anh,ART_5f86675642,BOLERO_TRUTINH,deterministic_mapping,1.0,N/A (Standard 11 Taxonomy),,MISSING,data/lyrics/RMVM_S_895eb4e576.txt,AVAILABLE,,MISSING,,UNVERIFIED,TIER_A,LYRICS_ONLY,train
RMVM_S_e912d950ba,Ngày Về Nhớ Mẹ,Vy Thúy Hằng,ART_2ee5be9f67,BOLERO_TRUTINH,deterministic_mapping,1.0,N/A (Standard 11 Taxonomy),,MISSING,,MISSING,data/covers/RMVM_S_e912d950ba.jpg,AVAILABLE,,UNVERIFIED,TIER_A,COVER_ONLY,train
RMVM_S_e84ebf7b67,Đành Sao Anh Hỡi,Vy Thúy Hằng,ART_2ee5be9f67,BOLERO_TRUTINH,deterministic_mapping,1.0,N/A (Standard 11 Taxonomy),,MISSING,data/lyrics/RMVM_S_e84ebf7b67.txt,AVAILABLE,,MISSING,,UNVERIFIED,TIER_A,LYRICS_ONLY,train
RMVM_S_046cfd2ab5,Biết Em Thương Người Khác (HT REMIX),"ZIN MEDIA, Trương Khải Minh",ART_6344248ef7,DANCE_EDM,deterministic_mapping,1.0,N/A (Standard 11 Taxonomy),,MISSING,data/lyrics/RMVM_S_046cfd2ab5.txt,AVAILABLE,,MISSING,,UNVERIFIED,TIER_A,LYRICS_ONLY,train
RMVM_S_b1567342cc,Cảm Xúc Không Tên,Nhật Thiên,ART_26c904a688,POP_BALLAD,deterministic_mapping,1.0,N/A (Standard 11 Taxonomy),,MISSING,data/lyrics/RMVM_S_b1567342cc.txt,AVAILABLE,,MISSING,,UNVERIFIED,TIER_A,LYRICS_ONLY,train
RMVM_S_dfa9bd0a44,Điều Mẹ Không Kể (Acoustic Version),Đinh Mạnh Ninh,ART_e44adaf096,POP_BALLAD,deterministic_mapping,1.0,N/A (Standard 11 Taxonomy),,MISSING,data/lyrics/RMVM_S_dfa9bd0a44.txt,AVAILABLE,,MISSING,,UNVERIFIED,TIER_A,LYRICS_ONLY,train
RMVM_S_ad79055653,Anh Ta Là Sao,"ERIK, OSAD",ART_21bfb40cb9,POP_BALLAD,deterministic_mapping,1.0,N/A (Standard 11 Taxonomy),,MISSING,data/lyrics/RMVM_S_ad79055653.txt,AVAILABLE,,MISSING,,UNVERIFIED,TIER_A,LYRICS_ONLY,train
RMVM_S_82379c78c6,Yêu Anh Em Nhé,Tuấn 2T,ART_4a07e338d7,POP_BALLAD,deterministic_mapping,1.0,N/A (Standard 11 Taxonomy),,MISSING,data/lyrics/RMVM_S_82379c78c6.txt,AVAILABLE,,MISSING,,UNVERIFIED,TIER_A,LYRICS_ONLY,train
RMVM_S_1846083ac7,Ngày Em Vui Cưới,Tuấn 2T,ART_4a07e338d7,POP_BALLAD,deterministic_mapping,1.0,N/A (Standard 11 Taxonomy),,MISSING,data/lyrics/RMVM_S_1846083ac7.txt,AVAILABLE,,MISSING,,UNVERIFIED,TIER_A,LYRICS_ONLY,train
RMVM_S_41bc0551f9,Em Làm Bạn Gái Anh Được Không,Tuấn 2T,ART_4a07e338d7,POP_BALLAD,deterministic_mapping,1.0,N/A (Standard 11 Taxonomy),,MISSING,data/lyrics/RMVM_S_41bc0551f9.txt,AVAILABLE,,MISSING,,UNVERIFIED,TIER_A,LYRICS_ONLY,train
RMVM_S_439f00760c,Anh Về Với Em (Liveshow Thương Quá Việt Nam 4),"Khưu Huy Vũ, Hà My, Ân Thiên Vỹ",ART_6cbace27d1,BOLERO_TRUTINH,deterministic_mapping,1.0,N/A (Standard 11 Taxonomy),,MISSING,,MISSING,data/covers/RMVM_S_439f00760c.jpg,AVAILABLE,,UNVERIFIED,TIER_A,COVER_ONLY,train
RMVM_S_9e1c733949,Không Thể Giữ Được Em (Khách Mời),Na,ART_6ec66e124f,POP_BALLAD,deterministic_mapping,1.0,N/A (Standard 11 Taxonomy),,MISSING,data/lyrics/RMVM_S_9e1c733949.txt,AVAILABLE,,MISSING,,UNVERIFIED,TIER_A,LYRICS_ONLY,train
RMVM_S_e4339b8836,Tiễn Anh Về Nơi Xa,Tóc Tiên,ART_0078d1d8e6,INSTRUMENTAL,source_tag_verification,0.85,N/A (Standard 11 Taxonomy),,MISSING,data/lyrics/RMVM_S_e4339b8836.txt,AVAILABLE,,MISSING,,UNVERIFIED,TIER_B,LYRICS_ONLY,train
RMVM_S_b9a6ae82f8,Người Đẹp,Tóc Tiên,ART_0078d1d8e6,INSTRUMENTAL,source_tag_verification,0.85,N/A (Standard 11 Taxonomy),,MISSING,data/lyrics/RMVM_S_b9a6ae82f8.txt,AVAILABLE,,MISSING,,UNVERIFIED,TIER_B,LYRICS_ONLY,train
RMVM_S_8e7114f0c3,Lời Nhạt Phai,Tóc Tiên,ART_0078d1d8e6,INSTRUMENTAL,source_tag_verification,0.85,N/A (Standard 11 Taxonomy),,MISSING,data/lyrics/RMVM_S_8e7114f0c3.txt,AVAILABLE,,MISSING,,UNVERIFIED,TIER_B,LYRICS_ONLY,train
RMVM_S_bce616bfd4,Một Ngày Yêu,Tóc Tiên,ART_0078d1d8e6,INSTRUMENTAL,source_tag_verification,0.85,N/A (Standard 11 Taxonomy),,MISSING,data/lyrics/RMVM_S_bce616bfd4.txt,AVAILABLE,,MISSING,,UNVERIFIED,TIER_B,LYRICS_ONLY,train
RMVM_S_d8b2a47292,Chỉ Cần Một Giây Thôi,Tóc Tiên,ART_0078d1d8e6,INSTRUMENTAL,source_tag_verification,0.85,N/A (Standard 11 Taxonomy),,MISSING,data/lyrics/RMVM_S_d8b2a47292.txt,AVAILABLE,,MISSING,,UNVERIFIED,TIER_B,LYRICS_ONLY,train
RMVM_S_133ddd6d07,Vẫn Còn Có Anh (Remix),Samson BMT,ART_f960e248d2,DANCE_EDM,deterministic_mapping,1.0,N/A (Standard 11 Taxonomy),,MISSING,data/lyrics/RMVM_S_133ddd6d07.txt,AVAILABLE,,MISSING,,UNVERIFIED,TIER_A,LYRICS_ONLY,train
RMVM_S_002daba12e,Hương Tóc Em,Cao Duy,ART_0ea06b7aa4,BOLERO_TRUTINH,deterministic_mapping,1.0,N/A (Standard 11 Taxonomy),,MISSING,data/lyrics/RMVM_S_002daba12e.txt,AVAILABLE,,MISSING,,UNVERIFIED,TIER_A,LYRICS_ONLY,train
RMVM_S_db0e1a40ce,Cóc Ổi Xoài,Hoàng Trang,ART_c2ec1fd804,POP_BALLAD,deterministic_mapping,1.0,N/A (Standard 11 Taxonomy),,MISSING,data/lyrics/RMVM_S_db0e1a40ce.txt,AVAILABLE,,MISSING,,UNVERIFIED,TIER_A,LYRICS_ONLY,train
RMVM_S_ec90e0e644,Có Anh Là Giáng Sinh,Zuylee,ART_b2c54096a0,POP_BALLAD,deterministic_mapping,1.0,N/A (Standard 11 Taxonomy),,MISSING,data/lyrics/RMVM_S_ec90e0e644.txt,AVAILABLE,,MISSING,,UNVERIFIED,TIER_A,LYRICS_ONLY,train
RMVM_S_e6ba60cd62,Thương Nhau Nhé,"Đức Phúc, Thùy Chi",ART_bef907cd4e,POP_BALLAD,deterministic_mapping,1.0,N/A (Standard 11 Taxonomy),,MISSING,data/lyrics/RMVM_S_e6ba60cd62.txt,AVAILABLE,,MISSING,,UNVERIFIED,TIER_A,LYRICS_ONLY,train
RMVM_S_17b4d0e57c,Đừng Lừa Dối (Beat),Viết Trung,ART_c9f5e508d6,POP_BALLAD,deterministic_mapping,1.0,N/A (Standard 11 Taxonomy),,MISSING,data/lyrics/RMVM_S_17b4d0e57c.txt,AVAILABLE,,MISSING,,UNVERIFIED,TIER_A,LYRICS_ONLY,train
RMVM_S_a8774ed43e,Giai Điệu Tổ Quốc,Dòng Thời Gian,ART_be661daa36,REVOLUTIONARY,deterministic_mapping,1.0,N/A (Standard 11 Taxonomy),,MISSING,data/lyrics/RMVM_S_a8774ed43e.txt,AVAILABLE,,MISSING,,UNVERIFIED,TIER_A,LYRICS_ONLY,train
RMVM_S_8a146bcad9,Bài Ca Hy Vọng,Dòng Thời Gian,ART_be661daa36,REVOLUTIONARY,deterministic_mapping,1.0,N/A (Standard 11 Taxonomy),,MISSING,data/lyrics/RMVM_S_8a146bcad9.txt,AVAILABLE,,MISSING,,UNVERIFIED,TIER_A,LYRICS_ONLY,train
RMVM_S_311ac481d9,Đợi Em Đến Hoa Tàn,Kiwi Ngô Mai Trang,ART_89c09dc726,POP_BALLAD,deterministic_mapping,1.0,N/A (Standard 11 Taxonomy),,MISSING,data/lyrics/RMVM_S_311ac481d9.txt,AVAILABLE,data/covers/RMVM_S_311ac481d9.jpg,AVAILABLE,,UNVERIFIED,TIER_A,LYRICS_COVER,train
RMVM_S_e18bb3e366,Để Cho Em Khóc (Cover),Kiwi Ngô Mai Trang,ART_89c09dc726,POP_BALLAD,deterministic_mapping,1.0,N/A (Standard 11 Taxonomy),,MISSING,data/lyrics/RMVM_S_e18bb3e366.txt,AVAILABLE,,MISSING,,UNVERIFIED,TIER_A,LYRICS_ONLY,train
RMVM_S_fefbe1dae1,Cảm Ơn Cô Ấy,"Thiên Miệu, Đạt Khói, Tịnh Cường",ART_56d2ca9ed8,POP_BALLAD,deterministic_mapping,1.0,N/A (Standard 11 Taxonomy),,MISSING,data/lyrics/RMVM_S_fefbe1dae1.txt,AVAILABLE,,MISSING,,UNVERIFIED,TIER_A,LYRICS_ONLY,train
RMVM_S_168e5e16ef,Cô Gái Đến Từ Hôm Qua (25th Làn Sóng Xanh),"DTAP, Thu Phương, ERIK",ART_e4d790c323,POP_BALLAD,deterministic_mapping,1.0,N/A (Standard 11 Taxonomy),,MISSING,data/lyrics/RMVM_S_168e5e16ef.txt,AVAILABLE,,MISSING,,UNVERIFIED,TIER_A,LYRICS_ONLY,train
RMVM_S_bf25501d4b,Đâu Ai Vì Nhau,"Khánh Đala, Tống Yến Nhi",ART_84f7890bfa,POP_BALLAD,deterministic_mapping,1.0,N/A (Standard 11 Taxonomy),,MISSING,data/lyrics/RMVM_S_bf25501d4b.txt,AVAILABLE,,MISSING,,UNVERIFIED,TIER_A,LYRICS_ONLY,train
RMVM_S_3063c1c839,Đừng Bỏ Em Một Mình,Lệ Thu,ART_fcc792d4cb,BOLERO_TRUTINH,deterministic_mapping,0.85,N/A (Standard 11 Taxonomy),,MISSING,,MISSING,,MISSING,,UNVERIFIED,TIER_B,NO_PHYSICAL_MODALITY,train
RMVM_MB_d81829a98b,Ướt mi,Lệ Thu,ART_fcc792d4cb,NHAC_TRINH,musicbrainz_artist_discography,0.85,N/A (Standard 11 Taxonomy),,MISSING,,MISSING,,MISSING,1994.0,VERIFIED,TIER_B,NO_PHYSICAL_MODALITY,train
RMVM_MB_ca1811f590,Hát cho người nằm xuống,Lệ Thu,ART_fcc792d4cb,NHAC_TRINH,musicbrainz_artist_discography,0.85,N/A (Standard 11 Taxonomy),,MISSING,,MISSING,,MISSING,,UNVERIFIED,TIER_B,NO_PHYSICAL_MODALITY,train
RMVM_MB_8835c2f801,Xin còn gọi tên nhau,Lệ Thu,ART_fcc792d4cb,NHAC_TRINH,musicbrainz_artist_discography,0.85,N/A (Standard 11 Taxonomy),,MISSING,,MISSING,,MISSING,2001.0,VERIFIED,TIER_B,NO_PHYSICAL_MODALITY,train
RMVM_MB_75d1ffb123,Giáng ngọc,Lệ Thu,ART_fcc792d4cb,NHAC_TRINH,musicbrainz_artist_discography,0.85,N/A (Standard 11 Taxonomy),,MISSING,,MISSING,,MISSING,2001.0,VERIFIED,TIER_B,NO_PHYSICAL_MODALITY,train
RMVM_MB_170789e3a7,Lệ đá,Lệ Thu,ART_fcc792d4cb,NHAC_TRINH,musicbrainz_artist_discography,0.85,N/A (Standard 11 Taxonomy),,MISSING,,MISSING,,MISSING,2001.0,VERIFIED,TIER_B,NO_PHYSICAL_MODALITY,train
RMVM_MB_ae26018c59,Tuổi đá buồn,Lệ Thu,ART_fcc792d4cb,NHAC_TRINH,musicbrainz_artist_discography,0.85,N/A (Standard 11 Taxonomy),,MISSING,,MISSING,,MISSING,,UNVERIFIED,TIER_B,NO_PHYSICAL_MODALITY,train
RMVM_MB_15be6b35c6,Về Miền Trung,Lệ Thu,ART_fcc792d4cb,NHAC_TRINH,musicbrainz_artist_discography,0.85,N/A (Standard 11 Taxonomy),,MISSING,,MISSING,,MISSING,1996.0,VERIFIED,TIER_B,NO_PHYSICAL_MODALITY,train
RMVM_MB_e91bc26a73,Tình hoài hương,Lệ Thu,ART_fcc792d4cb,NHAC_TRINH,musicbrainz_artist_discography,0.85,N/A (Standard 11 Taxonomy),,MISSING,,MISSING,,MISSING,,UNVERIFIED,TIER_B,NO_PHYSICAL_MODALITY,train
RMVM_S_a9e0af2a70,Bỏ Buộc Đành Buông,Henry Ngọc Thạch,ART_a0616945cf,POP_BALLAD,deterministic_mapping,1.0,N/A (Standard 11 Taxonomy),,MISSING,data/lyrics/RMVM_S_a9e0af2a70.txt,AVAILABLE,,MISSING,,UNVERIFIED,TIER_A,LYRICS_ONLY,train
RMVM_S_f1a5e1c99d,Duy Nhất Cho Em (Trạng Quỳnh OST),Sara Lưu,ART_2a528b3684,OTHER,curated_out_of_taxonomy,0.9,Film Soundtrack / OST composition,,MISSING,,MISSING,,MISSING,,UNVERIFIED,TIER_B,NO_PHYSICAL_MODALITY,train
RMVM_S_ff90107377,Lãng Đãng Chiều Hà Nội (Phần 2),"Hãy Nghe Tôi Hát, Holy Trương",ART_d697e4214c,BOLERO_TRUTINH,deterministic_mapping,1.0,N/A (Standard 11 Taxonomy),,MISSING,,MISSING,data/covers/RMVM_S_ff90107377.jpg,AVAILABLE,,UNVERIFIED,TIER_A,COVER_ONLY,train
RMVM_S_ac6bcd3ace,Nợ Nhau Chữ Tình,Trương Lynh,ART_16845dcfba,POP_BALLAD,deterministic_mapping,1.0,N/A (Standard 11 Taxonomy),,MISSING,data/lyrics/RMVM_S_ac6bcd3ace.txt,AVAILABLE,,MISSING,,UNVERIFIED,TIER_A,LYRICS_ONLY,train
RMVM_S_e323e43b1f,Ân Nghĩa Sanh Thành,Quốc Cường,ART_7e987842a9,OTHER,curated_out_of_taxonomy,0.9,Religious / Sacred spiritual Vietnamese music,,MISSING,,MISSING,,MISSING,,UNVERIFIED,TIER_B,NO_PHYSICAL_MODALITY,train
RMVM_S_06dcbbd505,Em Muốn Ăn Gì?,"OSAD, MIN",ART_e033bd1087,POP_BALLAD,deterministic_mapping,1.0,N/A (Standard 11 Taxonomy),,MISSING,data/lyrics/RMVM_S_06dcbbd505.txt,AVAILABLE,,MISSING,,UNVERIFIED,TIER_A,LYRICS_ONLY,train
RMVM_S_37d5984971,Chiều Đông Kỷ Niệm,Cao Hoàng,ART_d9d7f97870,BOLERO_TRUTINH,deterministic_mapping,1.0,N/A (Standard 11 Taxonomy),,MISSING,data/lyrics/RMVM_S_37d5984971.txt,AVAILABLE,,MISSING,,UNVERIFIED,TIER_A,LYRICS_ONLY,train
RMVM_S_93d6f56f2a,Chia Đôi Cơn Mơ,"Nguyên Khang, Lương Bích Hữu",ART_5c34f110d4,RAP_HIPHOP,deterministic_mapping,1.0,N/A (Standard 11 Taxonomy),,MISSING,data/lyrics/RMVM_S_93d6f56f2a.txt,AVAILABLE,,MISSING,,UNVERIFIED,TIER_A,LYRICS_ONLY,train
RMVM_S_45a5916c3a,Little Sài Gòn,Justin Nguyễn,ART_1cb4ecd41c,INSTRUMENTAL,source_tag_verification,0.85,N/A (Standard 11 Taxonomy),,MISSING,data/lyrics/RMVM_S_45a5916c3a.txt,AVAILABLE,,MISSING,,UNVERIFIED,TIER_B,LYRICS_ONLY,train
RMVM_S_c27ef1d635,Anh Và Mùa Đông,Đặng Dinh,ART_3da4952e4e,POP_BALLAD,deterministic_mapping,1.0,N/A (Standard 11 Taxonomy),,MISSING,data/lyrics/RMVM_S_c27ef1d635.txt,AVAILABLE,,MISSING,,UNVERIFIED,TIER_A,LYRICS_ONLY,train
RMVM_S_a19309e7cd,Em Hỏi Tối Nay Đi Đâu,"QNT, SpideyBoy",ART_ead5fc1c6e,RAP_HIPHOP,deterministic_mapping,1.0,N/A (Standard 11 Taxonomy),,MISSING,data/lyrics/RMVM_S_a19309e7cd.txt,AVAILABLE,,MISSING,,UNVERIFIED,TIER_A,LYRICS_ONLY,train
RMVM_S_374fceb3c6,Nụ Hôn Bất Ngờ,Thu Hiền Hellen,ART_36a796d1e8,POP_BALLAD,deterministic_mapping,1.0,N/A (Standard 11 Taxonomy),,MISSING,data/lyrics/RMVM_S_374fceb3c6.txt,AVAILABLE,,MISSING,2023.0,VERIFIED,TIER_A,LYRICS_ONLY,train
RMVM_S_a5da0720c4,Bỏ Lại Phía Sau,Thái Trinh,ART_d9b30c7122,POP_BALLAD,deterministic_mapping,1.0,N/A (Standard 11 Taxonomy),,MISSING,data/lyrics/RMVM_S_a5da0720c4.txt,AVAILABLE,,MISSING,,UNVERIFIED,TIER_A,LYRICS_ONLY,train
RMVM_S_ae352fcd26,Người Không Đáng (Remix),"Khắc Việt, DJ Hoàng Anh",ART_89f0b16e87,DANCE_EDM,deterministic_mapping,1.0,N/A (Standard 11 Taxonomy),,MISSING,data/lyrics/RMVM_S_ae352fcd26.txt,AVAILABLE,,MISSING,,UNVERIFIED,TIER_A,LYRICS_ONLY,train
RMVM_S_f8f7bea8fe,Cho Nhau Một Lời Hứa (Remix),"Luny Vũ Duy Anh, Luny, Quang Hùng MasterD",ART_8865247943,POP_BALLAD,deterministic_mapping,1.0,N/A (Standard 11 Taxonomy),,MISSING,data/lyrics/RMVM_S_f8f7bea8fe.txt,AVAILABLE,,MISSING,,UNVERIFIED,TIER_A,LYRICS_ONLY,train
RMVM_S_b9d7f53e78,Gặp Lại Ta Sẽ,"Pyshu, SG Prider",ART_019c01e0e3,POP_BALLAD,deterministic_mapping,1.0,N/A (Standard 11 Taxonomy),,MISSING,data/lyrics/RMVM_S_b9d7f53e78.txt,AVAILABLE,,MISSING,,UNVERIFIED,TIER_A,LYRICS_ONLY,train
RMVM_S_15d2f580e3,Hoa Tím Ngày Xưa,Hải Vy,ART_072589b6ce,BOLERO_TRUTINH,deterministic_mapping,1.0,N/A (Standard 11 Taxonomy),,MISSING,data/lyrics/RMVM_S_15d2f580e3.txt,AVAILABLE,,MISSING,,UNVERIFIED,TIER_A,LYRICS_ONLY,train
RMVM_S_3cde21ad5b,Từng Ngày Con Nhớ Phật,"Chân Quang, Tùng Dương",ART_248b95a045,OTHER,curated_out_of_taxonomy,0.9,Religious / Sacred spiritual Vietnamese music,,MISSING,,MISSING,,MISSING,,UNVERIFIED,TIER_B,NO_PHYSICAL_MODALITY,train
RMVM_S_ecef5d0fb0,Liều Thuốc Cho Trái Tim,"BeeBoss, Tuấn Chung",ART_418aa1c982,POP_BALLAD,deterministic_mapping,1.0,N/A (Standard 11 Taxonomy),,MISSING,data/lyrics/RMVM_S_ecef5d0fb0.txt,AVAILABLE,data/covers/RMVM_S_ecef5d0fb0.jpg,AVAILABLE,,UNVERIFIED,TIER_A,LYRICS_COVER,train
RMVM_S_90b11fdb87,Ngôi Sao Lẻ Loi,"BeeBoss, Tuấn Chung",ART_418aa1c982,POP_BALLAD,deterministic_mapping,1.0,N/A (Standard 11 Taxonomy),,MISSING,data/lyrics/RMVM_S_90b11fdb87.txt,AVAILABLE,,MISSING,,UNVERIFIED,TIER_A,LYRICS_ONLY,train
RMVM_S_ff768222e7,Khóc Cho Một Cuộc Tình,"BeeBoss, Tuấn Chung",ART_418aa1c982,POP_BALLAD,deterministic_mapping,1.0,N/A (Standard 11 Taxonomy),,MISSING,data/lyrics/RMVM_S_ff768222e7.txt,AVAILABLE,,MISSING,,UNVERIFIED,TIER_A,LYRICS_ONLY,train
RMVM_S_f508ab7957,Đắp Mộ Cuộc Tình,"BeeBoss, Tuấn Chung",ART_418aa1c982,POP_BALLAD,deterministic_mapping,1.0,N/A (Standard 11 Taxonomy),,MISSING,data/lyrics/RMVM_S_f508ab7957.txt,AVAILABLE,,MISSING,,UNVERIFIED,TIER_A,LYRICS_ONLY,train
RMVM_S_19b04eaa48,Xuân Xa Xứ,"BeeBoss, Tuấn Chung",ART_418aa1c982,POP_BALLAD,deterministic_mapping,1.0,N/A (Standard 11 Taxonomy),,MISSING,data/lyrics/RMVM_S_19b04eaa48.txt,AVAILABLE,,MISSING,,UNVERIFIED,TIER_A,LYRICS_ONLY,train
RMVM_S_71a7e2284f,Một Chuyến Bay Đêm,"BeeBoss, Tuấn Chung",ART_418aa1c982,POP_BALLAD,deterministic_mapping,1.0,N/A (Standard 11 Taxonomy),,MISSING,data/lyrics/RMVM_S_71a7e2284f.txt,AVAILABLE,,MISSING,,UNVERIFIED,TIER_A,LYRICS_ONLY,train
RMVM_S_25adc8221f,Nhớ Về Em,"BeeBoss, Tuấn Chung",ART_418aa1c982,POP_BALLAD,deterministic_mapping,1.0,N/A (Standard 11 Taxonomy),,MISSING,data/lyrics/RMVM_S_25adc8221f.txt,AVAILABLE,,MISSING,,UNVERIFIED,TIER_A,LYRICS_ONLY,train
RMVM_S_2a9e7b2761,Giọt Nước Mắt Chia Đôi,"BeeBoss, Tuấn Chung",ART_418aa1c982,POP_BALLAD,deterministic_mapping,1.0,N/A (Standard 11 Taxonomy),,MISSING,data/lyrics/RMVM_S_2a9e7b2761.txt,AVAILABLE,,MISSING,,UNVERIFIED,TIER_A,LYRICS_ONLY,train
RMVM_S_7bdfba0933,Một Thủa Đam Mê,"BeeBoss, Tuấn Chung",ART_418aa1c982,POP_BALLAD,deterministic_mapping,1.0,N/A (Standard 11 Taxonomy),,MISSING,data/lyrics/RMVM_S_7bdfba0933.txt,AVAILABLE,,MISSING,,UNVERIFIED,TIER_A,LYRICS_ONLY,train
RMVM_S_65c31b6c92,Bởi Tin Lời Thề,"BeeBoss, Tuấn Chung",ART_418aa1c982,POP_BALLAD,deterministic_mapping,0.85,N/A (Standard 11 Taxonomy),,MISSING,,MISSING,,MISSING,,UNVERIFIED,TIER_B,NO_PHYSICAL_MODALITY,train
RMVM_S_6751911b7d,Anh Chàng Đẹp Trai,"BeeBoss, Tuấn Chung",ART_418aa1c982,POP_BALLAD,deterministic_mapping,0.85,N/A (Standard 11 Taxonomy),,MISSING,,MISSING,,MISSING,,UNVERIFIED,TIER_B,NO_PHYSICAL_MODALITY,train
RMVM_S_9e87857bc5,Vì Sao Thế,"BeeBoss, Tuấn Chung",ART_418aa1c982,POP_BALLAD,deterministic_mapping,0.85,N/A (Standard 11 Taxonomy),,MISSING,,MISSING,,MISSING,,UNVERIFIED,TIER_B,NO_PHYSICAL_MODALITY,train
RMVM_S_017da9f911,Nếu Như Con,Khánh Loan,ART_286b33056e,POP_BALLAD,deterministic_mapping,1.0,N/A (Standard 11 Taxonomy),,MISSING,data/lyrics/RMVM_S_017da9f911.txt,AVAILABLE,,MISSING,,UNVERIFIED,TIER_A,LYRICS_ONLY,train
RMVM_S_ff785bda0f,Cùng Hành Quân Giữa Mùa Xuân,NSND Thanh Hoa,ART_b107f61c10,FOLK_TRADITIONAL,artist_discography_verification,0.85,N/A (Standard 11 Taxonomy),,MISSING,data/lyrics/RMVM_S_ff785bda0f.txt,AVAILABLE,,MISSING,,UNVERIFIED,TIER_B,LYRICS_ONLY,train
RMVM_S_b877bc33b6,Không Tiền Bậu Nói Ai Nghe,Ngọc Khang,ART_c7bb8de2d5,BOLERO_TRUTINH,deterministic_mapping,1.0,N/A (Standard 11 Taxonomy),,MISSING,data/lyrics/RMVM_S_b877bc33b6.txt,AVAILABLE,data/covers/RMVM_S_b877bc33b6.jpg,AVAILABLE,,UNVERIFIED,TIER_A,LYRICS_COVER,train
RMVM_S_002158aaaf,Đừng Tin Trai Đẹp,Kha Zim,ART_5669282d3e,POP_BALLAD,deterministic_mapping,1.0,N/A (Standard 11 Taxonomy),,MISSING,data/lyrics/RMVM_S_002158aaaf.txt,AVAILABLE,,MISSING,,UNVERIFIED,TIER_A,LYRICS_ONLY,train
RMVM_S_d2c2edbef7,Hương Ca Vô Tận (Nhạc Trữ Tình Mới Nhất 2022),Thanh Thanh Hiền,ART_9b07c10258,POP_BALLAD,deterministic_mapping,1.0,N/A (Standard 11 Taxonomy),,MISSING,data/lyrics/RMVM_S_d2c2edbef7.txt,AVAILABLE,,MISSING,2022.0,VERIFIED,TIER_A,LYRICS_ONLY,train
RMVM_S_7a9f775aa1,Bài Ca Của Nàng (Nhạc Trữ Tình Mới Nhất 2022),Thanh Thanh Hiền,ART_9b07c10258,POP_BALLAD,deterministic_mapping,1.0,N/A (Standard 11 Taxonomy),,MISSING,data/lyrics/RMVM_S_7a9f775aa1.txt,AVAILABLE,,MISSING,2022.0,VERIFIED,TIER_A,LYRICS_ONLY,train
RMVM_S_14c98cba0f,Chờ Mong 2,Đức Hati,ART_2ccc327f17,POP_BALLAD,deterministic_mapping,1.0,N/A (Standard 11 Taxonomy),,MISSING,data/lyrics/RMVM_S_14c98cba0f.txt,AVAILABLE,,MISSING,,UNVERIFIED,TIER_A,LYRICS_ONLY,train
RMVM_S_078960b5a9,Biển Rộng Trời Cao,Đức Hati,ART_2ccc327f17,POP_BALLAD,deterministic_mapping,1.0,N/A (Standard 11 Taxonomy),,MISSING,data/lyrics/RMVM_S_078960b5a9.txt,AVAILABLE,,MISSING,,UNVERIFIED,TIER_A,LYRICS_ONLY,train
RMVM_S_343b763426,Thế Giới Mới,Đức Hati,ART_2ccc327f17,POP_BALLAD,deterministic_mapping,1.0,N/A (Standard 11 Taxonomy),,MISSING,data/lyrics/RMVM_S_343b763426.txt,AVAILABLE,,MISSING,,UNVERIFIED,TIER_A,LYRICS_ONLY,train
RMVM_S_2937b32011,"Đóng Cửa, Tắt Đèn","Cheng, Táo",ART_73c6260b85,POP_BALLAD,deterministic_mapping,1.0,N/A (Standard 11 Taxonomy),,MISSING,data/lyrics/RMVM_S_2937b32011.txt,AVAILABLE,,MISSING,,UNVERIFIED,TIER_A,LYRICS_ONLY,train
RMVM_S_f6db4b2a54,Yêu Anh Dịu Dàng,Như Loan,ART_7101f466df,INSTRUMENTAL,source_tag_verification,0.85,N/A (Standard 11 Taxonomy),,MISSING,data/lyrics/RMVM_S_f6db4b2a54.txt,AVAILABLE,,MISSING,,UNVERIFIED,TIER_B,LYRICS_ONLY,train
RMVM_S_4304c4fc9f,Đêm Tạ Tình,Như Loan,ART_7101f466df,INSTRUMENTAL,source_tag_verification,0.85,N/A (Standard 11 Taxonomy),,MISSING,data/lyrics/RMVM_S_4304c4fc9f.txt,AVAILABLE,,MISSING,,UNVERIFIED,TIER_B,LYRICS_ONLY,train
RMVM_S_8b63cc5544,Anh Thích Lúc Em Cười,Như Loan,ART_7101f466df,INSTRUMENTAL,source_tag_verification,0.85,N/A (Standard 11 Taxonomy),,MISSING,data/lyrics/RMVM_S_8b63cc5544.txt,AVAILABLE,,MISSING,,UNVERIFIED,TIER_B,LYRICS_ONLY,train
RMVM_S_5e779133fa,Ngày Tuyết Lạnh,Như Loan,ART_7101f466df,INSTRUMENTAL,source_tag_verification,0.85,N/A (Standard 11 Taxonomy),,MISSING,data/lyrics/RMVM_S_5e779133fa.txt,AVAILABLE,,MISSING,,UNVERIFIED,TIER_B,LYRICS_ONLY,train
RMVM_S_e7fdeea132,Buồn Trong Đêm Mưa,Như Loan,ART_7101f466df,BOLERO_TRUTINH,deterministic_mapping,1.0,N/A (Standard 11 Taxonomy),,MISSING,data/lyrics/RMVM_S_e7fdeea132.txt,AVAILABLE,,MISSING,,UNVERIFIED,TIER_A,LYRICS_ONLY,train
RMVM_S_0d8131798c,Nếu Anh Hỏi,Bảo Nguyên,ART_ffaac0a806,BOLERO_TRUTINH,deterministic_mapping,1.0,N/A (Standard 11 Taxonomy),,MISSING,data/lyrics/RMVM_S_0d8131798c.txt,AVAILABLE,,MISSING,,UNVERIFIED,TIER_A,LYRICS_ONLY,train
RMVM_S_d013f925fe,Nơi Tận Cùng Trái Tim,Bảo Nguyên,ART_ffaac0a806,BOLERO_TRUTINH,deterministic_mapping,0.85,N/A (Standard 11 Taxonomy),,MISSING,,MISSING,,MISSING,,UNVERIFIED,TIER_B,NO_PHYSICAL_MODALITY,train
RMVM_S_b6092373ed,Cô Liêu (BLUE REMIX),"ZIN MEDIA, Phạm Sắc Lệnh",ART_569e88df70,DANCE_EDM,deterministic_mapping,1.0,N/A (Standard 11 Taxonomy),,MISSING,data/lyrics/RMVM_S_b6092373ed.txt,AVAILABLE,,MISSING,,UNVERIFIED,TIER_A,LYRICS_ONLY,train
RMVM_S_8f9ac35700,Lối Cũ Rêu Phong,"Chiennhatlang, FreshlyRC",ART_d96c939abf,RAP_HIPHOP,deterministic_mapping,1.0,N/A (Standard 11 Taxonomy),,MISSING,data/lyrics/RMVM_S_8f9ac35700.txt,AVAILABLE,,MISSING,,UNVERIFIED,TIER_A,LYRICS_ONLY,train
RMVM_S_5451f9c80b,Anh Chẳng Thể Yêu Em,Hà,ART_34237ec1e0,POP_BALLAD,deterministic_mapping,1.0,N/A (Standard 11 Taxonomy),,MISSING,data/lyrics/RMVM_S_5451f9c80b.txt,AVAILABLE,,MISSING,,UNVERIFIED,TIER_A,LYRICS_ONLY,train
RMVM_S_7c49b4e033,Cứ Ngỡ Là Anh (Vinahouse),Đinh Tùng Huy,ART_e1ad17266c,DANCE_EDM,deterministic_mapping,1.0,N/A (Standard 11 Taxonomy),,MISSING,data/lyrics/RMVM_S_7c49b4e033.txt,AVAILABLE,,MISSING,,UNVERIFIED,TIER_A,LYRICS_ONLY,train
RMVM_S_9a6c24c01c,"Anh Thương Em , Em Yêu Ai",Đinh Tùng Huy,ART_e1ad17266c,DANCE_EDM,deterministic_mapping,1.0,N/A (Standard 11 Taxonomy),,MISSING,data/lyrics/RMVM_S_9a6c24c01c.txt,AVAILABLE,,MISSING,,UNVERIFIED,TIER_A,LYRICS_ONLY,train
RMVM_S_b1b915ea94,"Anh Thương Em, Em Thương Ai",Đinh Tùng Huy,ART_e1ad17266c,POP_BALLAD,deterministic_mapping,1.0,N/A (Standard 11 Taxonomy),,MISSING,data/lyrics/RMVM_S_b1b915ea94.txt,AVAILABLE,,MISSING,,UNVERIFIED,TIER_A,LYRICS_ONLY,train
RMVM_S_f5f6557349,Những Con Mắt Trần Gian,Khánh Ly,ART_2a0e02284a,NHAC_TRINH,artist_discography_verification,0.85,N/A (Standard 11 Taxonomy),,MISSING,data/lyrics/RMVM_S_f5f6557349.txt,AVAILABLE,,MISSING,,UNVERIFIED,TIER_B,LYRICS_ONLY,train
RMVM_MB_fd9e96f607,Phúc âm buồn,Khánh Ly,ART_2a0e02284a,NHAC_TRINH,musicbrainz_artist_discography,0.85,N/A (Standard 11 Taxonomy),,MISSING,,MISSING,,MISSING,,UNVERIFIED,TIER_B,NO_PHYSICAL_MODALITY,train
RMVM_MB_1edd181741,Rừng xưa đã khép,Khánh Ly,ART_2a0e02284a,NHAC_TRINH,musicbrainz_artist_discography,0.85,N/A (Standard 11 Taxonomy),,MISSING,,MISSING,,MISSING,1994.0,VERIFIED,TIER_B,NO_PHYSICAL_MODALITY,train
RMVM_MB_d627b416f2,Lại gần với nhau,Khánh Ly,ART_2a0e02284a,NHAC_TRINH,musicbrainz_artist_discography,0.85,N/A (Standard 11 Taxonomy),,MISSING,,MISSING,,MISSING,,UNVERIFIED,TIER_B,NO_PHYSICAL_MODALITY,train
RMVM_MB_f22c39bf26,Tôi đang lắng nghe,Khánh Ly,ART_2a0e02284a,NHAC_TRINH,musicbrainz_artist_discography,0.85,N/A (Standard 11 Taxonomy),,MISSING,,MISSING,,MISSING,,UNVERIFIED,TIER_B,NO_PHYSICAL_MODALITY,train
RMVM_MB_f5a04a1869,Gia tài của mẹ,Khánh Ly,ART_2a0e02284a,NHAC_TRINH,musicbrainz_artist_discography,0.85,N/A (Standard 11 Taxonomy),,MISSING,,MISSING,,MISSING,,UNVERIFIED,TIER_B,NO_PHYSICAL_MODALITY,train
RMVM_MB_6c26b26226,Nghe những tàn phai,Khánh Ly,ART_2a0e02284a,NHAC_TRINH,musicbrainz_artist_discography,0.85,N/A (Standard 11 Taxonomy),,MISSING,,MISSING,,MISSING,1994.0,VERIFIED,TIER_B,NO_PHYSICAL_MODALITY,train
RMVM_MB_287f681517,Diễm Xưa,Khánh Ly,ART_2a0e02284a,NHAC_TRINH,musicbrainz_artist_discography,0.85,N/A (Standard 11 Taxonomy),,MISSING,,MISSING,,MISSING,,UNVERIFIED,TIER_B,NO_PHYSICAL_MODALITY,train
RMVM_MB_2fbff0b081,Như Cánh Vạc Bay,Khánh Ly,ART_2a0e02284a,NHAC_TRINH,musicbrainz_artist_discography,0.85,N/A (Standard 11 Taxonomy),,MISSING,,MISSING,,MISSING,1992.0,VERIFIED,TIER_B,NO_PHYSICAL_MODALITY,train
RMVM_MB_38bf5748a2,Còn thấy mặt người,Khánh Ly,ART_2a0e02284a,NHAC_TRINH,musicbrainz_artist_discography,0.85,N/A (Standard 11 Taxonomy),,MISSING,,MISSING,,MISSING,1992.0,VERIFIED,TIER_B,NO_PHYSICAL_MODALITY,train
RMVM_MB_30150b5046,Sabaku,Khánh Ly,ART_2a0e02284a,NHAC_TRINH,musicbrainz_artist_discography,0.85,N/A (Standard 11 Taxonomy),,MISSING,,MISSING,,MISSING,1992.0,VERIFIED,TIER_B,NO_PHYSICAL_MODALITY,train
RMVM_MB_b2e8810b53,Nhạc Hòa Tấu,Khánh Ly,ART_2a0e02284a,NHAC_TRINH,musicbrainz_artist_discography,0.85,N/A (Standard 11 Taxonomy),,MISSING,,MISSING,,MISSING,1992.0,VERIFIED,TIER_B,NO_PHYSICAL_MODALITY,train
RMVM_MB_966b0bfdba,Mưa hồng,Khánh Ly,ART_2a0e02284a,NHAC_TRINH,musicbrainz_artist_discography,0.85,N/A (Standard 11 Taxonomy),,MISSING,,MISSING,,MISSING,1989.0,VERIFIED,TIER_B,NO_PHYSICAL_MODALITY,train
RMVM_MB_0d2ebee4c3,Mùa thu mây ngàn,Khánh Ly,ART_2a0e02284a,NHAC_TRINH,musicbrainz_artist_discography,0.85,N/A (Standard 11 Taxonomy),,MISSING,,MISSING,,MISSING,1989.0,VERIFIED,TIER_B,NO_PHYSICAL_MODALITY,train
RMVM_MB_b30d269960,Nhìn những mùa thu đi,Khánh Ly,ART_2a0e02284a,NHAC_TRINH,musicbrainz_artist_discography,0.85,N/A (Standard 11 Taxonomy),,MISSING,,MISSING,,MISSING,1974.0,VERIFIED,TIER_B,NO_PHYSICAL_MODALITY,train
RMVM_MB_4ad7a367ac,Tình xa,Khánh Ly,ART_2a0e02284a,NHAC_TRINH,musicbrainz_artist_discography,0.85,N/A (Standard 11 Taxonomy),,MISSING,,MISSING,,MISSING,1974.0,VERIFIED,TIER_B,NO_PHYSICAL_MODALITY,train
RMVM_MB_1bc6d245be,Cát bụi,Khánh Ly,ART_2a0e02284a,NHAC_TRINH,musicbrainz_artist_discography,0.85,N/A (Standard 11 Taxonomy),,MISSING,,MISSING,,MISSING,1974.0,VERIFIED,TIER_B,NO_PHYSICAL_MODALITY,train
RMVM_S_69534cd9dd,Chúng Ta Không Có Sau Này,Hương Tràm,ART_e920f3a510,POP_BALLAD,deterministic_mapping,1.0,N/A (Standard 11 Taxonomy),,MISSING,data/lyrics/RMVM_S_69534cd9dd.txt,AVAILABLE,,MISSING,,UNVERIFIED,TIER_A,LYRICS_ONLY,train
RMVM_S_39012e46ac,Chút Tình Đã Quên (Hoán Đổi OST),Hương Tràm,ART_e920f3a510,POP_BALLAD,deterministic_mapping,1.0,N/A (Standard 11 Taxonomy),,MISSING,data/lyrics/RMVM_S_39012e46ac.txt,AVAILABLE,,MISSING,,UNVERIFIED,TIER_A,LYRICS_ONLY,train
RMVM_S_355faefec8,Anh Thế Giới Và Em (Beat),Hương Tràm,ART_e920f3a510,POP_BALLAD,deterministic_mapping,1.0,N/A (Standard 11 Taxonomy),,MISSING,data/lyrics/RMVM_S_355faefec8.txt,AVAILABLE,,MISSING,,UNVERIFIED,TIER_A,LYRICS_ONLY,train
RMVM_S_1126cd8304,Em Thuộc Về Một Người Khác,Dương Phúc Hậu,ART_1a76b33b94,POP_BALLAD,deterministic_mapping,1.0,N/A (Standard 11 Taxonomy),,MISSING,data/lyrics/RMVM_S_1126cd8304.txt,AVAILABLE,,MISSING,,UNVERIFIED,TIER_A,LYRICS_ONLY,train
RMVM_S_6c2d8909bc,Trái Tim Đông Người (Acoustic),"Khắc Việt, Tùng Acoustic",ART_3c66791b0f,POP_BALLAD,deterministic_mapping,1.0,N/A (Standard 11 Taxonomy),,MISSING,data/lyrics/RMVM_S_6c2d8909bc.txt,AVAILABLE,,MISSING,,UNVERIFIED,TIER_A,LYRICS_ONLY,train
RMVM_MB_770a065cb9,Biển nhớ,Trịnh Công Sơn,ART_92e0040ca7,NHAC_TRINH,musicbrainz_artist_discography,0.85,N/A (Standard 11 Taxonomy),,MISSING,,MISSING,,MISSING,1996.0,VERIFIED,TIER_B,NO_PHYSICAL_MODALITY,train
RMVM_MB_eb5671b214,Cát bụi,Trịnh Công Sơn,ART_92e0040ca7,NHAC_TRINH,musicbrainz_artist_discography,0.85,N/A (Standard 11 Taxonomy),,MISSING,,MISSING,,MISSING,,UNVERIFIED,TIER_B,NO_PHYSICAL_MODALITY,train
RMVM_MB_442412b381,Ru em từng ngón xuân nồng,Trịnh Công Sơn,ART_92e0040ca7,NHAC_TRINH,musicbrainz_artist_discography,0.85,N/A (Standard 11 Taxonomy),,MISSING,,MISSING,,MISSING,,UNVERIFIED,TIER_B,NO_PHYSICAL_MODALITY,train
RMVM_MB_b6d41a8e4a,Như cánh vạc bay,Trịnh Công Sơn,ART_92e0040ca7,NHAC_TRINH,musicbrainz_artist_discography,0.85,N/A (Standard 11 Taxonomy),,MISSING,,MISSING,,MISSING,1997.0,VERIFIED,TIER_B,NO_PHYSICAL_MODALITY,train
RMVM_MB_63b0b1bb6a,Hoa Vàng Mấy Độ,Trịnh Công Sơn,ART_92e0040ca7,NHAC_TRINH,musicbrainz_artist_discography,0.85,N/A (Standard 11 Taxonomy),,MISSING,,MISSING,,MISSING,2011.0,VERIFIED,TIER_B,NO_PHYSICAL_MODALITY,train
RMVM_MB_f8fd7c7776,Yêu Dấu Tan Theo,Trịnh Công Sơn,ART_92e0040ca7,NHAC_TRINH,musicbrainz_artist_discography,0.85,N/A (Standard 11 Taxonomy),,MISSING,,MISSING,,MISSING,2011.0,VERIFIED,TIER_B,NO_PHYSICAL_MODALITY,train
RMVM_MB_184d346ef3,Chiếc Lá Thu Phai,Trịnh Công Sơn,ART_92e0040ca7,NHAC_TRINH,musicbrainz_artist_discography,0.85,N/A (Standard 11 Taxonomy),,MISSING,,MISSING,,MISSING,2020.0,VERIFIED,TIER_B,NO_PHYSICAL_MODALITY,train
RMVM_MB_e6c48f414d,Bên Đời Hiu Quạnh,Trịnh Công Sơn,ART_92e0040ca7,NHAC_TRINH,musicbrainz_artist_discography,0.85,N/A (Standard 11 Taxonomy),,MISSING,,MISSING,,MISSING,2011.0,VERIFIED,TIER_B,NO_PHYSICAL_MODALITY,train
RMVM_S_dc7084223d,Nước Mắt Cho Mây,Kiều Nga,ART_b96effccba,INSTRUMENTAL,source_tag_verification,0.85,N/A (Standard 11 Taxonomy),,MISSING,data/lyrics/RMVM_S_dc7084223d.txt,AVAILABLE,,MISSING,,UNVERIFIED,TIER_B,LYRICS_ONLY,train
RMVM_S_fcf59569a9,Cả Một Đời Người Xin Mượn Một Đoạn Đường,Gin Tuấn Kiệt,ART_20d7360600,POP_BALLAD,deterministic_mapping,1.0,N/A (Standard 11 Taxonomy),,MISSING,data/lyrics/RMVM_S_fcf59569a9.txt,AVAILABLE,,MISSING,,UNVERIFIED,TIER_A,LYRICS_ONLY,train
RMVM_S_8f8635fd78,Anh Yêu Em Đơn Phương Đấy (Piano Version),Gin Tuấn Kiệt,ART_20d7360600,POP_BALLAD,deterministic_mapping,1.0,N/A (Standard 11 Taxonomy),,MISSING,data/lyrics/RMVM_S_8f8635fd78.txt,AVAILABLE,,MISSING,,UNVERIFIED,TIER_A,LYRICS_ONLY,train
RMVM_S_6063a13e2a,Tơ Hồng Tình Đã Se Duyên,Hiền Trang,ART_912300807b,FOLK_TRADITIONAL,deterministic_mapping,1.0,N/A (Standard 11 Taxonomy),,MISSING,data/lyrics/RMVM_S_6063a13e2a.txt,AVAILABLE,,MISSING,,UNVERIFIED,TIER_A,LYRICS_ONLY,train
RMVM_S_d9f987c7f0,Không Thành Đôi (Đạt R Remix),"Bình Boo, HOA HỒNG DẠI MUSIC",ART_d97a6bd476,DANCE_EDM,deterministic_mapping,1.0,N/A (Standard 11 Taxonomy),,MISSING,data/lyrics/RMVM_S_d9f987c7f0.txt,AVAILABLE,,MISSING,,UNVERIFIED,TIER_A,LYRICS_ONLY,train
RMVM_S_9c8787fd8c,Bước Bên Em (Speed Up),"Dani D, Lê Vũ",ART_0930b4e6c0,POP_BALLAD,deterministic_mapping,1.0,N/A (Standard 11 Taxonomy),,MISSING,data/lyrics/RMVM_S_9c8787fd8c.txt,AVAILABLE,,MISSING,,UNVERIFIED,TIER_A,LYRICS_ONLY,train
RMVM_S_73797ffd2e,Anh Đi Về Đâu (Live),"Thanh Tuyền, Phương Hồng Quế",ART_1d023ded6e,POP_BALLAD,deterministic_mapping,1.0,N/A (Standard 11 Taxonomy),,MISSING,data/lyrics/RMVM_S_73797ffd2e.txt,AVAILABLE,,MISSING,,UNVERIFIED,TIER_A,LYRICS_ONLY,train
RMVM_S_392953887f,Có Một Người Để Yêu (Beat),"Sĩ Thanh, PD Seven",ART_34e384b650,POP_BALLAD,deterministic_mapping,1.0,N/A (Standard 11 Taxonomy),,MISSING,data/lyrics/RMVM_S_392953887f.txt,AVAILABLE,,MISSING,,UNVERIFIED,TIER_A,LYRICS_ONLY,train
RMVM_S_3a3656d910,Băng Giá,"Hồ Quang Hiếu, Hoàng Rapper",ART_b51634e12d,POP_BALLAD,deterministic_mapping,1.0,N/A (Standard 11 Taxonomy),,MISSING,data/lyrics/RMVM_S_3a3656d910.txt,AVAILABLE,,MISSING,2017.0,VERIFIED,TIER_A,LYRICS_ONLY,train
RMVM_S_0bd3f10492,Bước Qua Cuộc Tình,Gia Ly,ART_eca6c44742,POP_BALLAD,deterministic_mapping,1.0,N/A (Standard 11 Taxonomy),,MISSING,data/lyrics/RMVM_S_0bd3f10492.txt,AVAILABLE,,MISSING,,UNVERIFIED,TIER_A,LYRICS_ONLY,train
RMVM_S_bca9b352ec,Ký Ức Sau Màn Mưa,Gia Ly,ART_eca6c44742,POP_BALLAD,deterministic_mapping,1.0,N/A (Standard 11 Taxonomy),,MISSING,data/lyrics/RMVM_S_bca9b352ec.txt,AVAILABLE,,MISSING,,UNVERIFIED,TIER_A,LYRICS_ONLY,train
RMVM_S_7639f824ed,Nỗi Nhớ Bình Yên,Gia Ly,ART_eca6c44742,POP_BALLAD,deterministic_mapping,1.0,N/A (Standard 11 Taxonomy),,MISSING,data/lyrics/RMVM_S_7639f824ed.txt,AVAILABLE,,MISSING,,UNVERIFIED,TIER_A,LYRICS_ONLY,train
RMVM_S_51d19950cf,Hẹn Ước Cổ Loa Thành,Lý Anh Khoa,ART_772c8290b0,POP_BALLAD,deterministic_mapping,1.0,N/A (Standard 11 Taxonomy),,MISSING,,MISSING,data/covers/RMVM_S_51d19950cf.jpg,AVAILABLE,,UNVERIFIED,TIER_A,COVER_ONLY,train
RMVM_S_ba5c1e9c03,Cuộc Sống Vô Thường,Huệ Ngọc Nhã,ART_45e3f480f8,BOLERO_TRUTINH,deterministic_mapping,1.0,N/A (Standard 11 Taxonomy),,MISSING,,MISSING,data/covers/RMVM_S_ba5c1e9c03.jpg,AVAILABLE,,UNVERIFIED,TIER_A,COVER_ONLY,train
RMVM_S_9a0a510a4d,Biết Bao Giờ,Huệ Ngọc Nhã,ART_45e3f480f8,OTHER,curated_out_of_taxonomy,0.9,Religious / Sacred spiritual Vietnamese music,,MISSING,,MISSING,,MISSING,,UNVERIFIED,TIER_B,NO_PHYSICAL_MODALITY,train
RMVM_S_086b70ee0f,Giáng Sinh Chẳng Muốn Cô Đơn,"Hannie, SoHo",ART_9349f79b91,POP_BALLAD,deterministic_mapping,1.0,N/A (Standard 11 Taxonomy),,MISSING,data/lyrics/RMVM_S_086b70ee0f.txt,AVAILABLE,,MISSING,,UNVERIFIED,TIER_A,LYRICS_ONLY,train
RMVM_S_5a9e015af1,Giá Như Anh Ở Đây,"Đỗ Lê Hồng Nhung, NovP",ART_9d10d4128b,POP_BALLAD,deterministic_mapping,1.0,N/A (Standard 11 Taxonomy),,MISSING,data/lyrics/RMVM_S_5a9e015af1.txt,AVAILABLE,,MISSING,,UNVERIFIED,TIER_A,LYRICS_ONLY,train
RMVM_S_4f24f4415c,Anh Có Điều Muốn Nói,Tronie,ART_677e927937,RB_SOUL,deterministic_mapping,1.0,N/A (Standard 11 Taxonomy),,MISSING,data/lyrics/RMVM_S_4f24f4415c.txt,AVAILABLE,,MISSING,,UNVERIFIED,TIER_A,LYRICS_ONLY,train
RMVM_MB_ea48c1b869,Expand the Room (original dub),The Light,ART_db31f13346,ROCK,musicbrainz_artist_discography,0.85,N/A (Standard 11 Taxonomy),,MISSING,,MISSING,,MISSING,1999.0,VERIFIED,TIER_B,NO_PHYSICAL_MODALITY,train
RMVM_MB_f4fef5e6e3,Expand the Room (Rennie Pilgrem mix),The Light,ART_db31f13346,ROCK,musicbrainz_artist_discography,0.85,N/A (Standard 11 Taxonomy),,MISSING,,MISSING,,MISSING,1999.0,VERIFIED,TIER_B,NO_PHYSICAL_MODALITY,train
RMVM_MB_b3de0a6308,Thinkin' About... (original mix edit),The Light,ART_db31f13346,ROCK,musicbrainz_artist_discography,0.85,N/A (Standard 11 Taxonomy),,MISSING,,MISSING,,MISSING,2001.0,VERIFIED,TIER_B,NO_PHYSICAL_MODALITY,train
RMVM_MB_ce39abbe08,Expand the Room,The Light,ART_db31f13346,ROCK,musicbrainz_artist_discography,0.85,N/A (Standard 11 Taxonomy),,MISSING,,MISSING,,MISSING,1998.0,VERIFIED,TIER_B,NO_PHYSICAL_MODALITY,train
RMVM_MB_b76bf7f49d,Opium (dub),The Light,ART_db31f13346,ROCK,musicbrainz_artist_discography,0.85,N/A (Standard 11 Taxonomy),,MISSING,,MISSING,,MISSING,,UNVERIFIED,TIER_B,NO_PHYSICAL_MODALITY,train
RMVM_MB_bc0a6712cd,Expand the Room (Illumination mix),The Light,ART_db31f13346,ROCK,musicbrainz_artist_discography,0.85,N/A (Standard 11 Taxonomy),,MISSING,,MISSING,,MISSING,1998.0,VERIFIED,TIER_B,NO_PHYSICAL_MODALITY,train
RMVM_S_2425ea4598,Bao Lâu Ta Lại Yêu Một Người (Lofi Version),"Doãn Hiếu, BMZ",ART_635f84501e,POP_BALLAD,deterministic_mapping,1.0,N/A (Standard 11 Taxonomy),,MISSING,data/lyrics/RMVM_S_2425ea4598.txt,AVAILABLE,,MISSING,,UNVERIFIED,TIER_A,LYRICS_ONLY,train
RMVM_S_74fdc8c909,Anh Chọn Cô Đơn,Viết Long,ART_187df8c27b,POP_BALLAD,deterministic_mapping,1.0,N/A (Standard 11 Taxonomy),,MISSING,data/lyrics/RMVM_S_74fdc8c909.txt,AVAILABLE,,MISSING,,UNVERIFIED,TIER_A,LYRICS_ONLY,train
RMVM_S_21ca97f5d8,Để Trả Lời Một Câu Hỏi,"Bảo Hân Bolero, Hoàng Anh",ART_8a9d6d18b3,BOLERO_TRUTINH,deterministic_mapping,1.0,N/A (Standard 11 Taxonomy),,MISSING,data/lyrics/RMVM_S_21ca97f5d8.txt,AVAILABLE,,MISSING,,UNVERIFIED,TIER_A,LYRICS_ONLY,train
RMVM_S_393bc93d6c,Chắc Sẽ Quên Được Người,Dilan Vũ,ART_c3a45ecb6c,POP_BALLAD,deterministic_mapping,1.0,N/A (Standard 11 Taxonomy),,MISSING,data/lyrics/RMVM_S_393bc93d6c.txt,AVAILABLE,,MISSING,,UNVERIFIED,TIER_A,LYRICS_ONLY,train
RMVM_S_9de7f972b7,Đôi Mươi Em Theo Chồng (Lofi Version),"Hồ Duy Khang, Toony",ART_1c20c82aa2,POP_BALLAD,deterministic_mapping,1.0,N/A (Standard 11 Taxonomy),,MISSING,data/lyrics/RMVM_S_9de7f972b7.txt,AVAILABLE,,MISSING,,UNVERIFIED,TIER_A,LYRICS_ONLY,train
RMVM_S_b77d98d75a,Bỗng Dưng Yêu Em (Vinahouse),Chu Duyên,ART_fba380b103,DANCE_EDM,deterministic_mapping,1.0,N/A (Standard 11 Taxonomy),,MISSING,data/lyrics/RMVM_S_b77d98d75a.txt,AVAILABLE,,MISSING,,UNVERIFIED,TIER_A,LYRICS_ONLY,train
RMVM_S_ba6fde221c,Anh Chỉ Cần Có Em,Trương Quốc Quý,ART_13cc3a5d8f,POP_BALLAD,deterministic_mapping,1.0,N/A (Standard 11 Taxonomy),,MISSING,data/lyrics/RMVM_S_ba6fde221c.txt,AVAILABLE,,MISSING,,UNVERIFIED,TIER_A,LYRICS_ONLY,train
RMVM_S_22092e48d3,Chiều Xuân Xa Nhà,"Võ Thanh Linh, Lê Khanh",ART_fb631cdb93,BOLERO_TRUTINH,deterministic_mapping,1.0,N/A (Standard 11 Taxonomy),,MISSING,,MISSING,data/covers/RMVM_S_22092e48d3.jpg,AVAILABLE,,UNVERIFIED,TIER_A,COVER_ONLY,train
RMVM_S_81c8362b0e,Chỉ Riêng Mình Ta (Disco Remix),"Quốc Chinh, CT",ART_035c3a01ba,POP_BALLAD,deterministic_mapping,1.0,N/A (Standard 11 Taxonomy),,MISSING,,MISSING,data/covers/RMVM_S_81c8362b0e.jpg,AVAILABLE,,UNVERIFIED,TIER_A,COVER_ONLY,train
RMVM_S_639a837639,Một Khúc Tương Tư (Remix),Gumin,ART_a929e3d6f2,POP_BALLAD,deterministic_mapping,1.0,N/A (Standard 11 Taxonomy),,MISSING,data/lyrics/RMVM_S_639a837639.txt,AVAILABLE,,MISSING,,UNVERIFIED,TIER_A,LYRICS_ONLY,train
RMVM_S_d3ffe64912,Chỉ Là Không Cùng Nhau (Lofi Version),Gumin,ART_a929e3d6f2,POP_BALLAD,deterministic_mapping,1.0,N/A (Standard 11 Taxonomy),,MISSING,data/lyrics/RMVM_S_d3ffe64912.txt,AVAILABLE,,MISSING,,UNVERIFIED,TIER_A,LYRICS_ONLY,train
RMVM_S_ac206ecdd4,Buông Tay Một Người Thương,"V.iris, Mley, Đạt PT",ART_0206d30e60,POP_BALLAD,deterministic_mapping,1.0,N/A (Standard 11 Taxonomy),,MISSING,data/lyrics/RMVM_S_ac206ecdd4.txt,AVAILABLE,,MISSING,,UNVERIFIED,TIER_A,LYRICS_ONLY,train
RMVM_S_b8f38d3403,Chỉ Còn Lại Kí Ức (NMG REMIX),"ZIN MEDIA, Phát Huy T4",ART_0c113901a2,DANCE_EDM,deterministic_mapping,1.0,N/A (Standard 11 Taxonomy),,MISSING,data/lyrics/RMVM_S_b8f38d3403.txt,AVAILABLE,,MISSING,,UNVERIFIED,TIER_A,LYRICS_ONLY,train
RMVM_S_989285b7c6,Đừng Để Nước Mắt Em Rơi,"Puns F, Minh Tài",ART_92fc2eed53,POP_BALLAD,deterministic_mapping,1.0,N/A (Standard 11 Taxonomy),,MISSING,data/lyrics/RMVM_S_989285b7c6.txt,AVAILABLE,,MISSING,,UNVERIFIED,TIER_A,LYRICS_ONLY,train
RMVM_S_e7afcb6e45,Đời Cha (Daddy),"Nguyễn Văn Trung, Nguyễn Thành Công",ART_d572b4df93,POP_BALLAD,deterministic_mapping,1.0,N/A (Standard 11 Taxonomy),,MISSING,data/lyrics/RMVM_S_e7afcb6e45.txt,AVAILABLE,,MISSING,,UNVERIFIED,TIER_A,LYRICS_ONLY,train
RMVM_S_1f84d07cad,Hay Là Tôi Đã Yêu,Trần Duy Phương,ART_d477c36534,BOLERO_TRUTINH,deterministic_mapping,1.0,N/A (Standard 11 Taxonomy),,MISSING,data/lyrics/RMVM_S_1f84d07cad.txt,AVAILABLE,,MISSING,,UNVERIFIED,TIER_A,LYRICS_ONLY,train
RMVM_S_746056502a,Ba Ba Tiếng Con Gọi,Trần Duy Phương,ART_d477c36534,POP_BALLAD,deterministic_mapping,1.0,N/A (Standard 11 Taxonomy),,MISSING,data/lyrics/RMVM_S_746056502a.txt,AVAILABLE,,MISSING,,UNVERIFIED,TIER_A,LYRICS_ONLY,train
RMVM_S_a514c4aede,Thời Gian Nơi Xa,Hương Lan,ART_8422601bfe,BOLERO_TRUTINH,deterministic_mapping,1.0,N/A (Standard 11 Taxonomy),,MISSING,data/lyrics/RMVM_S_a514c4aede.txt,AVAILABLE,,MISSING,,UNVERIFIED,TIER_A,LYRICS_ONLY,train
RMVM_S_758e06bbc4,Đêm Chia Xa,Hương Lan,ART_8422601bfe,FOLK_TRADITIONAL,artist_discography_verification,0.85,N/A (Standard 11 Taxonomy),,MISSING,data/lyrics/RMVM_S_758e06bbc4.txt,AVAILABLE,,MISSING,,UNVERIFIED,TIER_B,LYRICS_ONLY,train
RMVM_S_b004ffa5f2,Duyên Tình Lý Ngựa Ô,Hương Lan,ART_8422601bfe,FOLK_TRADITIONAL,artist_discography_verification,0.85,N/A (Standard 11 Taxonomy),,MISSING,data/lyrics/RMVM_S_b004ffa5f2.txt,AVAILABLE,,MISSING,,UNVERIFIED,TIER_B,LYRICS_ONLY,train
RMVM_S_50157c14ca,Chỉ Sợ Em Thành Núi Biếc,Hương Lan,ART_8422601bfe,BOLERO_TRUTINH,deterministic_mapping,1.0,N/A (Standard 11 Taxonomy),,MISSING,data/lyrics/RMVM_S_50157c14ca.txt,AVAILABLE,,MISSING,,UNVERIFIED,TIER_A,LYRICS_ONLY,train
RMVM_S_afebb86d46,Ai Ơi Nhớ Về Miền Trung,Hương Lan,ART_8422601bfe,BOLERO_TRUTINH,deterministic_mapping,1.0,N/A (Standard 11 Taxonomy),,MISSING,data/lyrics/RMVM_S_afebb86d46.txt,AVAILABLE,,MISSING,,UNVERIFIED,TIER_A,LYRICS_ONLY,train
RMVM_S_d59cd412fd,Những Trái Tim Hồng,Hương Lan,ART_8422601bfe,FOLK_TRADITIONAL,artist_discography_verification,0.85,N/A (Standard 11 Taxonomy),,MISSING,data/lyrics/RMVM_S_d59cd412fd.txt,AVAILABLE,,MISSING,,UNVERIFIED,TIER_B,LYRICS_ONLY,train
RMVM_S_37a4b5fc15,Khóc Thầm / Vùng Trời Ngày Đó,Hương Lan,ART_8422601bfe,INSTRUMENTAL,source_tag_verification,0.85,N/A (Standard 11 Taxonomy),,MISSING,data/lyrics/RMVM_S_37a4b5fc15.txt,AVAILABLE,,MISSING,,UNVERIFIED,TIER_B,LYRICS_ONLY,train
RMVM_S_e868e81509,Còn Tìm Với Mẹ,Hương Lan,ART_8422601bfe,INSTRUMENTAL,source_tag_verification,0.85,N/A (Standard 11 Taxonomy),,MISSING,data/lyrics/RMVM_S_e868e81509.txt,AVAILABLE,,MISSING,,UNVERIFIED,TIER_B,LYRICS_ONLY,train
RMVM_S_e36a110bd3,Hoa Trang Vườn Cũ,Hương Lan,ART_8422601bfe,INSTRUMENTAL,source_tag_verification,0.85,N/A (Standard 11 Taxonomy),,MISSING,data/lyrics/RMVM_S_e36a110bd3.txt,AVAILABLE,,MISSING,,UNVERIFIED,TIER_B,LYRICS_ONLY,train
RMVM_S_249f75f35e,Gửi Huế Thân Yêu,Hương Lan,ART_8422601bfe,FOLK_TRADITIONAL,deterministic_mapping,1.0,N/A (Standard 11 Taxonomy),,MISSING,data/lyrics/RMVM_S_249f75f35e.txt,AVAILABLE,,MISSING,,UNVERIFIED,TIER_A,LYRICS_ONLY,train
RMVM_MB_916f5f248e,Người Tình,Hương Lan,ART_8422601bfe,FOLK_TRADITIONAL,musicbrainz_artist_discography,0.85,N/A (Standard 11 Taxonomy),,MISSING,,MISSING,,MISSING,1990.0,VERIFIED,TIER_B,NO_PHYSICAL_MODALITY,train
RMVM_MB_9e07e25573,Để Trả Lời Một Câu Hỏi,Hương Lan,ART_8422601bfe,FOLK_TRADITIONAL,musicbrainz_artist_discography,0.85,N/A (Standard 11 Taxonomy),,MISSING,,MISSING,,MISSING,1992.0,VERIFIED,TIER_B,NO_PHYSICAL_MODALITY,train
RMVM_MB_e8112cfc6a,Khối tình Trương Chi,Hương Lan,ART_8422601bfe,FOLK_TRADITIONAL,musicbrainz_artist_discography,0.85,N/A (Standard 11 Taxonomy),,MISSING,,MISSING,,MISSING,1990.0,VERIFIED,TIER_B,NO_PHYSICAL_MODALITY,train
RMVM_MB_061e6c18eb,Từ đó em buồn,Hương Lan,ART_8422601bfe,FOLK_TRADITIONAL,musicbrainz_artist_discography,0.85,N/A (Standard 11 Taxonomy),,MISSING,,MISSING,,MISSING,1991.0,VERIFIED,TIER_B,NO_PHYSICAL_MODALITY,train
RMVM_MB_0834dc92e4,Tình đầu,Hương Lan,ART_8422601bfe,FOLK_TRADITIONAL,musicbrainz_artist_discography,0.85,N/A (Standard 11 Taxonomy),,MISSING,,MISSING,,MISSING,1990.0,VERIFIED,TIER_B,NO_PHYSICAL_MODALITY,train
RMVM_MB_3184c3547d,Hoa thương nhớ ai,Hương Lan,ART_8422601bfe,FOLK_TRADITIONAL,musicbrainz_artist_discography,0.85,N/A (Standard 11 Taxonomy),,MISSING,,MISSING,,MISSING,1996.0,VERIFIED,TIER_B,NO_PHYSICAL_MODALITY,train
RMVM_MB_3f955ee4fc,Dấu tình sầu,Hương Lan,ART_8422601bfe,FOLK_TRADITIONAL,musicbrainz_artist_discography,0.85,N/A (Standard 11 Taxonomy),,MISSING,,MISSING,,MISSING,1989.0,VERIFIED,TIER_B,NO_PHYSICAL_MODALITY,train
RMVM_MB_1220d4aee1,Nhớ người ra đi,Hương Lan,ART_8422601bfe,FOLK_TRADITIONAL,musicbrainz_artist_discography,0.85,N/A (Standard 11 Taxonomy),,MISSING,,MISSING,,MISSING,1996.0,VERIFIED,TIER_B,NO_PHYSICAL_MODALITY,train
RMVM_MB_532dc176b8,Hương giang còn tôi chờ,Hương Lan,ART_8422601bfe,FOLK_TRADITIONAL,musicbrainz_artist_discography,0.85,N/A (Standard 11 Taxonomy),,MISSING,,MISSING,,MISSING,,UNVERIFIED,TIER_B,NO_PHYSICAL_MODALITY,train
RMVM_MB_df4d5b13a6,Cố đô yêu dấu,Hương Lan,ART_8422601bfe,FOLK_TRADITIONAL,musicbrainz_artist_discography,0.85,N/A (Standard 11 Taxonomy),,MISSING,,MISSING,,MISSING,,UNVERIFIED,TIER_B,NO_PHYSICAL_MODALITY,train
RMVM_MB_5225f371bc,Tưởng như còn người yêu,Hương Lan,ART_8422601bfe,FOLK_TRADITIONAL,musicbrainz_artist_discography,0.85,N/A (Standard 11 Taxonomy),,MISSING,,MISSING,,MISSING,,UNVERIFIED,TIER_B,NO_PHYSICAL_MODALITY,train
RMVM_MB_c941ec8bd9,Em đi chùa Hương,Hương Lan,ART_8422601bfe,FOLK_TRADITIONAL,musicbrainz_artist_discography,0.85,N/A (Standard 11 Taxonomy),,MISSING,,MISSING,,MISSING,,UNVERIFIED,TIER_B,NO_PHYSICAL_MODALITY,train
RMVM_MB_277b8462e8,Huế,Hương Lan,ART_8422601bfe,FOLK_TRADITIONAL,musicbrainz_artist_discography,0.85,N/A (Standard 11 Taxonomy),,MISSING,,MISSING,,MISSING,,UNVERIFIED,TIER_B,NO_PHYSICAL_MODALITY,train
RMVM_MB_d4bf214fe3,Vì yêu em,Hương Lan,ART_8422601bfe,FOLK_TRADITIONAL,musicbrainz_artist_discography,0.85,N/A (Standard 11 Taxonomy),,MISSING,,MISSING,,MISSING,,UNVERIFIED,TIER_B,NO_PHYSICAL_MODALITY,train
RMVM_MB_cb1f3dc20e,Lời giã biệt,Hương Lan,ART_8422601bfe,FOLK_TRADITIONAL,musicbrainz_artist_discography,0.85,N/A (Standard 11 Taxonomy),,MISSING,,MISSING,,MISSING,,UNVERIFIED,TIER_B,NO_PHYSICAL_MODALITY,train
RMVM_MB_2b67783de5,Cánh thiệp đầu xuân,Hương Lan,ART_8422601bfe,FOLK_TRADITIONAL,musicbrainz_artist_discography,0.85,N/A (Standard 11 Taxonomy),,MISSING,,MISSING,,MISSING,1993.0,VERIFIED,TIER_B,NO_PHYSICAL_MODALITY,train
RMVM_S_c3bbd5d6d2,Liên Khúc Nhạc Xuân Vui Nhộn,"Sarah Đào, Ngũ Long Công Chúa",ART_e255392b12,POP_BALLAD,deterministic_mapping,1.0,N/A (Standard 11 Taxonomy),,MISSING,,MISSING,data/covers/RMVM_S_c3bbd5d6d2.jpg,AVAILABLE,,UNVERIFIED,TIER_A,COVER_ONLY,train
RMVM_S_4b083c65d9,Mashup Tuổi Hồng Thơ Ngây & Nhìn Nhau Lần Cuối,SMELOD,ART_d6fce6685f,POP_BALLAD,deterministic_mapping,1.0,N/A (Standard 11 Taxonomy),,MISSING,data/lyrics/RMVM_S_4b083c65d9.txt,AVAILABLE,,MISSING,,UNVERIFIED,TIER_A,LYRICS_ONLY,train
RMVM_S_725b0f06fa,Anh Có Em Trong Đời,Vương Bảo Khang,ART_71dba48770,INSTRUMENTAL,deterministic_mapping,1.0,N/A (Standard 11 Taxonomy),,MISSING,data/lyrics/RMVM_S_725b0f06fa.txt,AVAILABLE,,MISSING,,UNVERIFIED,TIER_A,LYRICS_ONLY,train
RMVM_S_68137a80a8,Có Ai Đi Hoài Một Lối?,"Yến Tattoo, Quân A.P",ART_8c1e8425c9,POP_BALLAD,deterministic_mapping,1.0,N/A (Standard 11 Taxonomy),,MISSING,data/lyrics/RMVM_S_68137a80a8.txt,AVAILABLE,,MISSING,,UNVERIFIED,TIER_A,LYRICS_ONLY,train
RMVM_S_7439dee53e,Ngày Đẹp Nhất Để Chia Tay,Zusu Nguyễn Đức,ART_401627c467,POP_BALLAD,deterministic_mapping,1.0,N/A (Standard 11 Taxonomy),,MISSING,data/lyrics/RMVM_S_7439dee53e.txt,AVAILABLE,,MISSING,,UNVERIFIED,TIER_A,LYRICS_ONLY,train
RMVM_S_72d2f89b26,Hạnh Phúc Bên Em Ngày Ấy (Beat),Hoàng Khánh Dũng,ART_de3669816e,POP_BALLAD,deterministic_mapping,1.0,N/A (Standard 11 Taxonomy),,MISSING,,MISSING,data/covers/RMVM_S_72d2f89b26.jpg,AVAILABLE,,UNVERIFIED,TIER_A,COVER_ONLY,train
RMVM_S_664775bf4b,Hạnh Phúc Trong Anh Là Em (Remix) (New Version),Hoàng Khánh Dũng,ART_de3669816e,DANCE_EDM,deterministic_mapping,1.0,N/A (Standard 11 Taxonomy),,MISSING,data/lyrics/RMVM_S_664775bf4b.txt,AVAILABLE,,MISSING,,UNVERIFIED,TIER_A,LYRICS_ONLY,train
RMVM_S_98faf43f0d,Mùa Đông Thương Nhớ,Thúy Hằng Hana,ART_9b9bc32cf4,POP_BALLAD,deterministic_mapping,1.0,N/A (Standard 11 Taxonomy),,MISSING,data/lyrics/RMVM_S_98faf43f0d.txt,AVAILABLE,,MISSING,,UNVERIFIED,TIER_A,LYRICS_ONLY,train
RMVM_S_fe0905b7ad,Liên Khúc Nếu Ai Có Hỏi - Nhớ Người Yêu,Thúy Hằng Hana,ART_9b9bc32cf4,BOLERO_TRUTINH,deterministic_mapping,1.0,N/A (Standard 11 Taxonomy),,MISSING,data/lyrics/RMVM_S_fe0905b7ad.txt,AVAILABLE,,MISSING,,UNVERIFIED,TIER_A,LYRICS_ONLY,train
RMVM_S_4a3ef381ec,Thương Em Châu Đốc Lý Nàng Ơi (Beat),Tiết Duy Hòa,ART_c1713c7d4d,BOLERO_TRUTINH,deterministic_mapping,1.0,N/A (Standard 11 Taxonomy),,MISSING,data/lyrics/RMVM_S_4a3ef381ec.txt,AVAILABLE,,MISSING,,UNVERIFIED,TIER_A,LYRICS_ONLY,train
RMVM_S_56363e6446,Hạ Còn Vương Nắng,"DatKaa, Kido",ART_e1d40ad7bd,POP_BALLAD,deterministic_mapping,1.0,N/A (Standard 11 Taxonomy),,MISSING,data/lyrics/RMVM_S_56363e6446.txt,AVAILABLE,,MISSING,,UNVERIFIED,TIER_A,LYRICS_ONLY,train
RMVM_S_c1a4118ef1,Chiếc Váy Xinh,"Nasty5, WIT",ART_541e1a2aa4,RAP_HIPHOP,deterministic_mapping,1.0,N/A (Standard 11 Taxonomy),,MISSING,data/lyrics/RMVM_S_c1a4118ef1.txt,AVAILABLE,,MISSING,,UNVERIFIED,TIER_A,LYRICS_ONLY,train
RMVM_S_520ba0e0ba,Giây Phút Chia Xa (Nhạc Sống Hà Tây),"Minz, BeeBoss",ART_202961c588,POP_BALLAD,deterministic_mapping,1.0,N/A (Standard 11 Taxonomy),,MISSING,data/lyrics/RMVM_S_520ba0e0ba.txt,AVAILABLE,,MISSING,,UNVERIFIED,TIER_A,LYRICS_ONLY,train
RMVM_S_32fbaa045e,Hợp Đồng Mẫu Tử,"Thái Thùy Linh, Thái An",ART_2a5e41c163,POP_BALLAD,deterministic_mapping,1.0,N/A (Standard 11 Taxonomy),,MISSING,data/lyrics/RMVM_S_32fbaa045e.txt,AVAILABLE,,MISSING,,UNVERIFIED,TIER_A,LYRICS_ONLY,train
RMVM_S_43374524b8,Bên Em Quên Đêm Đen,"ImD, Shi-G, Tiến Dũng",ART_9da4462434,POP_BALLAD,deterministic_mapping,1.0,N/A (Standard 11 Taxonomy),,MISSING,data/lyrics/RMVM_S_43374524b8.txt,AVAILABLE,,MISSING,,UNVERIFIED,TIER_A,LYRICS_ONLY,train
RMVM_S_84632346d8,Anh Không Thể Quay Về,"Khang Ty, Trịnh Liên",ART_67030858f6,POP_BALLAD,deterministic_mapping,1.0,N/A (Standard 11 Taxonomy),,MISSING,data/lyrics/RMVM_S_84632346d8.txt,AVAILABLE,,MISSING,,UNVERIFIED,TIER_A,LYRICS_ONLY,train
RMVM_S_a073e42730,Cả Đời Thương Em (WRC REMIX),"ZIN MEDIA, Huy Rupi",ART_0c50909db2,DANCE_EDM,deterministic_mapping,1.0,N/A (Standard 11 Taxonomy),,MISSING,data/lyrics/RMVM_S_a073e42730.txt,AVAILABLE,,MISSING,,UNVERIFIED,TIER_A,LYRICS_ONLY,train
RMVM_S_368e7e38a4,Chúc Mừng Xuân Mới,Cadillac,ART_f2e3f2b2db,FOLK_TRADITIONAL,deterministic_mapping,1.0,N/A (Standard 11 Taxonomy),,MISSING,data/lyrics/RMVM_S_368e7e38a4.txt,AVAILABLE,,MISSING,,UNVERIFIED,TIER_A,LYRICS_ONLY,train
RMVM_S_cd025b9965,"Giọt Sương Và Chiếc Lá (From ""Lưu Hương Giang's Library"")",Lưu Hương Giang,ART_3b352bbfc2,POP_BALLAD,deterministic_mapping,1.0,N/A (Standard 11 Taxonomy),,MISSING,data/lyrics/RMVM_S_cd025b9965.txt,AVAILABLE,,MISSING,,UNVERIFIED,TIER_A,LYRICS_ONLY,train
RMVM_S_81bb0c5212,Đi Đâu Cũng Được Miễn Là Bên Nhau,Lưu Hương Giang,ART_3b352bbfc2,POP_BALLAD,deterministic_mapping,1.0,N/A (Standard 11 Taxonomy),,MISSING,data/lyrics/RMVM_S_81bb0c5212.txt,AVAILABLE,,MISSING,,UNVERIFIED,TIER_A,LYRICS_ONLY,train
RMVM_S_d78a7f562a,"Bỏ Lỡ Một Người, Bỏ Lỡ Một Đời","Châu Khải Phong, Lê Chí Trung",ART_bb5444069e,POP_BALLAD,deterministic_mapping,1.0,N/A (Standard 11 Taxonomy),,MISSING,data/lyrics/RMVM_S_d78a7f562a.txt,AVAILABLE,,MISSING,,UNVERIFIED,TIER_A,LYRICS_ONLY,train
RMVM_S_f4844211e2,Cánh Diều và Em,Bé Tú Anh,ART_078cddeba1,CHILDREN,deterministic_mapping,1.0,N/A (Standard 11 Taxonomy),,MISSING,data/lyrics/RMVM_S_f4844211e2.txt,AVAILABLE,,MISSING,,UNVERIFIED,TIER_A,LYRICS_ONLY,train
RMVM_S_5f601242e3,Bắc Kim Thang,Bé Tú Anh,ART_078cddeba1,CHILDREN,deterministic_mapping,1.0,N/A (Standard 11 Taxonomy),,MISSING,data/lyrics/RMVM_S_5f601242e3.txt,AVAILABLE,,MISSING,,UNVERIFIED,TIER_A,LYRICS_ONLY,train
RMVM_S_7ecdbf2533,Bé Ơi Hãy Nhớ,Bé Tú Anh,ART_078cddeba1,CHILDREN,deterministic_mapping,1.0,N/A (Standard 11 Taxonomy),,MISSING,data/lyrics/RMVM_S_7ecdbf2533.txt,AVAILABLE,,MISSING,,UNVERIFIED,TIER_A,LYRICS_ONLY,train
RMVM_S_887037d98e,Chúc Phúc Tài Lộc,Bé Tú Anh,ART_078cddeba1,CHILDREN,deterministic_mapping,1.0,N/A (Standard 11 Taxonomy),,MISSING,data/lyrics/RMVM_S_887037d98e.txt,AVAILABLE,,MISSING,,UNVERIFIED,TIER_A,LYRICS_ONLY,train
RMVM_S_a4ecd36e48,Chuyện Xưa Tụi Mình,"Lâm Hoài Phong, Hoàng Tuấn Khang",ART_a690d42d0a,BOLERO_TRUTINH,deterministic_mapping,1.0,N/A (Standard 11 Taxonomy),,MISSING,data/lyrics/RMVM_S_a4ecd36e48.txt,AVAILABLE,,MISSING,,UNVERIFIED,TIER_A,LYRICS_ONLY,train
RMVM_S_9d82b10919,Khúc Hương Tình Bolero,"Lâm Hoài Phong, Hoàng Tuấn Khang",ART_a690d42d0a,BOLERO_TRUTINH,deterministic_mapping,1.0,N/A (Standard 11 Taxonomy),,MISSING,data/lyrics/RMVM_S_9d82b10919.txt,AVAILABLE,,MISSING,,UNVERIFIED,TIER_A,LYRICS_ONLY,train
RMVM_S_efdebf9851,Nỗi Đau Ai Ngờ (Vinahouse),Minh Vương M4U,ART_6d64de7cb2,DANCE_EDM,deterministic_mapping,1.0,N/A (Standard 11 Taxonomy),,MISSING,data/lyrics/RMVM_S_efdebf9851.txt,AVAILABLE,,MISSING,,UNVERIFIED,TIER_A,LYRICS_ONLY,train
RMVM_S_31fd3163b1,Người Cũ (Beat),Minh Vương M4U,ART_6d64de7cb2,POP_BALLAD,deterministic_mapping,1.0,N/A (Standard 11 Taxonomy),,MISSING,data/lyrics/RMVM_S_31fd3163b1.txt,AVAILABLE,,MISSING,,UNVERIFIED,TIER_A,LYRICS_ONLY,train
RMVM_S_d0c277ba76,Thê Tử (EDM),Minh Vương M4U,ART_6d64de7cb2,DANCE_EDM,deterministic_mapping,1.0,N/A (Standard 11 Taxonomy),,MISSING,data/lyrics/RMVM_S_d0c277ba76.txt,AVAILABLE,,MISSING,,UNVERIFIED,TIER_A,LYRICS_ONLY,train
RMVM_S_233283dfe2,Bên Em Luôn Có Một Người,Y Jalin,ART_dae64b077e,POP_BALLAD,deterministic_mapping,1.0,N/A (Standard 11 Taxonomy),,MISSING,data/lyrics/RMVM_S_233283dfe2.txt,AVAILABLE,,MISSING,,UNVERIFIED,TIER_A,LYRICS_ONLY,train
RMVM_S_5370890ad1,Đủ Xa Tình Sẽ Cũ,JSOL,ART_b536762276,POP_BALLAD,deterministic_mapping,1.0,N/A (Standard 11 Taxonomy),,MISSING,data/lyrics/RMVM_S_5370890ad1.txt,AVAILABLE,,MISSING,,UNVERIFIED,TIER_A,LYRICS_ONLY,train
RMVM_S_555d544beb,Anh Van Cu Lo,JSOL,ART_b536762276,POP_BALLAD,deterministic_mapping,1.0,N/A (Standard 11 Taxonomy),,MISSING,data/lyrics/RMVM_S_555d544beb.txt,AVAILABLE,,MISSING,,UNVERIFIED,TIER_A,LYRICS_ONLY,train
RMVM_S_c03a9ad2fa,Em Muốn Mua Tim Anh Không?,Dee Trần,ART_57dfc97013,POP_BALLAD,deterministic_mapping,1.0,N/A (Standard 11 Taxonomy),,MISSING,data/lyrics/RMVM_S_c03a9ad2fa.txt,AVAILABLE,,MISSING,,UNVERIFIED,TIER_A,LYRICS_ONLY,train
RMVM_S_d8649b6979,Dặm Trường Tương Tư,Dee Trần,ART_57dfc97013,POP_BALLAD,deterministic_mapping,1.0,N/A (Standard 11 Taxonomy),,MISSING,data/lyrics/RMVM_S_d8649b6979.txt,AVAILABLE,,MISSING,,UNVERIFIED,TIER_A,LYRICS_ONLY,train
RMVM_S_1ce2a206ee,Em Vừa Lòng Chưa,Dee Trần,ART_57dfc97013,POP_BALLAD,deterministic_mapping,1.0,N/A (Standard 11 Taxonomy),,MISSING,data/lyrics/RMVM_S_1ce2a206ee.txt,AVAILABLE,,MISSING,,UNVERIFIED,TIER_A,LYRICS_ONLY,train
RMVM_S_fead16e890,Cho Hai Người Đau,Dee Trần,ART_57dfc97013,POP_BALLAD,deterministic_mapping,1.0,N/A (Standard 11 Taxonomy),,MISSING,data/lyrics/RMVM_S_fead16e890.txt,AVAILABLE,,MISSING,,UNVERIFIED,TIER_A,LYRICS_ONLY,train
RMVM_S_08722b7939,Cơn Mưa Ký Ức,Dee Trần,ART_57dfc97013,POP_BALLAD,deterministic_mapping,1.0,N/A (Standard 11 Taxonomy),,MISSING,data/lyrics/RMVM_S_08722b7939.txt,AVAILABLE,,MISSING,,UNVERIFIED,TIER_A,LYRICS_ONLY,train
RMVM_S_038856ee8f,Đã Lỡ Yêu Em Nhiều (CM1X Remix),"CM1X, JustaTee",ART_ac2a2ffd34,POP_BALLAD,deterministic_mapping,1.0,N/A (Standard 11 Taxonomy),,MISSING,data/lyrics/RMVM_S_038856ee8f.txt,AVAILABLE,,MISSING,,UNVERIFIED,TIER_A,LYRICS_ONLY,train
RMVM_S_884f63567c,Giờ Đã Không Còn Nữa,Trần Thắng,ART_d38e0d5ba6,BOLERO_TRUTINH,deterministic_mapping,1.0,N/A (Standard 11 Taxonomy),,MISSING,data/lyrics/RMVM_S_884f63567c.txt,AVAILABLE,,MISSING,,UNVERIFIED,TIER_A,LYRICS_ONLY,train
RMVM_S_689910c93d,Có Chó Nó Yêu Mày,Lâm Chấn Khang,ART_6f8a404572,POP_BALLAD,deterministic_mapping,0.85,N/A (Standard 11 Taxonomy),,MISSING,,MISSING,,MISSING,,UNVERIFIED,TIER_B,NO_PHYSICAL_MODALITY,train
RMVM_S_5a4426d0c6,Nhớ Đến Mệt Rồi,Lâm Chấn Khang,ART_6f8a404572,POP_BALLAD,deterministic_mapping,0.85,N/A (Standard 11 Taxonomy),,MISSING,,MISSING,,MISSING,,UNVERIFIED,TIER_B,NO_PHYSICAL_MODALITY,train
RMVM_S_27a306a3e7,Con Tim Mù Lòa (Remix),Lương Gia Huy,ART_f51be84ba3,BOLERO_TRUTINH,deterministic_mapping,1.0,N/A (Standard 11 Taxonomy),,MISSING,,MISSING,data/covers/RMVM_S_27a306a3e7.jpg,AVAILABLE,,UNVERIFIED,TIER_A,COVER_ONLY,train
RMVM_S_ed214add4c,Câu Hò Bên Bến Hiền Lương,Lương Gia Huy,ART_f51be84ba3,FOLK_TRADITIONAL,deterministic_mapping,1.0,N/A (Standard 11 Taxonomy),,MISSING,,MISSING,data/covers/RMVM_S_ed214add4c.jpg,AVAILABLE,,UNVERIFIED,TIER_A,COVER_ONLY,train
RMVM_S_4110a65886,Điệu Lý Qua Cầu (Remix),Lương Gia Huy,ART_f51be84ba3,POP_BALLAD,deterministic_mapping,1.0,N/A (Standard 11 Taxonomy),,MISSING,data/lyrics/RMVM_S_4110a65886.txt,AVAILABLE,,MISSING,,UNVERIFIED,TIER_A,LYRICS_ONLY,train
RMVM_S_a01da40579,Sống Bên Anh,Lương Gia Huy,ART_f51be84ba3,POP_BALLAD,deterministic_mapping,1.0,N/A (Standard 11 Taxonomy),,MISSING,data/lyrics/RMVM_S_a01da40579.txt,AVAILABLE,,MISSING,,UNVERIFIED,TIER_A,LYRICS_ONLY,train
RMVM_S_dc44b41da7,Tình Nồng Phai Dấu,Lương Gia Huy,ART_f51be84ba3,POP_BALLAD,deterministic_mapping,1.0,N/A (Standard 11 Taxonomy),,MISSING,data/lyrics/RMVM_S_dc44b41da7.txt,AVAILABLE,,MISSING,,UNVERIFIED,TIER_A,LYRICS_ONLY,train
RMVM_S_cdf6365ee5,Một Thuở Yêu Người,Lương Gia Huy,ART_f51be84ba3,DANCE_EDM,deterministic_mapping,1.0,N/A (Standard 11 Taxonomy),,MISSING,data/lyrics/RMVM_S_cdf6365ee5.txt,AVAILABLE,,MISSING,,UNVERIFIED,TIER_A,LYRICS_ONLY,train
RMVM_S_7e10030975,Cây Bã Đậu,"Lưu Ánh Loan, Bằng Chương",ART_34cf411c07,BOLERO_TRUTINH,deterministic_mapping,1.0,N/A (Standard 11 Taxonomy),,MISSING,data/lyrics/RMVM_S_7e10030975.txt,AVAILABLE,,MISSING,,UNVERIFIED,TIER_A,LYRICS_ONLY,train
RMVM_S_c9b901b5f0,Người Cùng Cảnh Ngộ,"Nguyên Khang, Lương Bích Hữu, Hamlet Trương",ART_6b8f263176,RAP_HIPHOP,deterministic_mapping,1.0,N/A (Standard 11 Taxonomy),,MISSING,data/lyrics/RMVM_S_c9b901b5f0.txt,AVAILABLE,,MISSING,,UNVERIFIED,TIER_A,LYRICS_ONLY,train
RMVM_S_34b285f3e3,[Music Space] Yêu một người vô tâm - Sáng tác: Mr.Siro | Trình bày: Neon | Guitar: Trọng Lê (Cover),Liêu Hà Trinh,ART_d9183f78b2,POP_BALLAD,deterministic_mapping,1.0,N/A (Standard 11 Taxonomy),,MISSING,,MISSING,data/covers/RMVM_S_34b285f3e3.jpg,AVAILABLE,,UNVERIFIED,TIER_A,COVER_ONLY,train
RMVM_S_fb6690c096,Yêu Chưa Bao Giờ Là Sai - Liêu Hà Trinh | @To...,Liêu Hà Trinh,ART_d9183f78b2,POP_BALLAD,deterministic_mapping,1.0,N/A (Standard 11 Taxonomy),,MISSING,,MISSING,data/covers/RMVM_S_fb6690c096.jpg,AVAILABLE,,UNVERIFIED,TIER_A,COVER_ONLY,train
RMVM_S_1ed980e9d8,Anh Sợ Nhìn Em Khóc,The Men,ART_bbb595b853,POP_BALLAD,deterministic_mapping,1.0,N/A (Standard 11 Taxonomy),,MISSING,data/lyrics/RMVM_S_1ed980e9d8.txt,AVAILABLE,data/covers/RMVM_S_1ed980e9d8.jpg,AVAILABLE,,UNVERIFIED,TIER_A,LYRICS_COVER,train
RMVM_S_f3f80bbbef,Dịu Dàng Khi Ta Có Nhau,The Men,ART_bbb595b853,POP_BALLAD,deterministic_mapping,1.0,N/A (Standard 11 Taxonomy),,MISSING,data/lyrics/RMVM_S_f3f80bbbef.txt,AVAILABLE,,MISSING,,UNVERIFIED,TIER_A,LYRICS_ONLY,train
RMVM_S_31e68cb92e,Giấc Mơ Không Quay Về,The Men,ART_bbb595b853,POP_BALLAD,deterministic_mapping,1.0,N/A (Standard 11 Taxonomy),,MISSING,data/lyrics/RMVM_S_31e68cb92e.txt,AVAILABLE,,MISSING,2012.0,VERIFIED,TIER_A,LYRICS_ONLY,train
RMVM_S_4a18af78d0,Anh Sợ Mất Em (Remix),The Men,ART_bbb595b853,POP_BALLAD,deterministic_mapping,1.0,N/A (Standard 11 Taxonomy),,MISSING,data/lyrics/RMVM_S_4a18af78d0.txt,AVAILABLE,,MISSING,2015.0,VERIFIED,TIER_A,LYRICS_ONLY,train
RMVM_S_573e65cc86,Gọi Tên Em Trong Đêm,The Men,ART_bbb595b853,POP_BALLAD,deterministic_mapping,1.0,N/A (Standard 11 Taxonomy),,MISSING,data/lyrics/RMVM_S_573e65cc86.txt,AVAILABLE,,MISSING,,UNVERIFIED,TIER_A,LYRICS_ONLY,train
RMVM_S_bb655b0d09,Cám Ơn Em Đã Yêu Anh,The Men,ART_bbb595b853,POP_BALLAD,deterministic_mapping,0.85,N/A (Standard 11 Taxonomy),,MISSING,,MISSING,,MISSING,,UNVERIFIED,TIER_B,NO_PHYSICAL_MODALITY,train
RMVM_S_36e063203f,Chỉ Vì Anh Quá Yêu Em (Ballad),The Men,ART_bbb595b853,POP_BALLAD,deterministic_mapping,0.85,N/A (Standard 11 Taxonomy),,MISSING,,MISSING,,MISSING,,UNVERIFIED,TIER_B,NO_PHYSICAL_MODALITY,train
RMVM_S_966a110699,Tan Bao Giấc Mơ,The Men,ART_bbb595b853,POP_BALLAD,deterministic_mapping,0.85,N/A (Standard 11 Taxonomy),,MISSING,,MISSING,,MISSING,,UNVERIFIED,TIER_B,NO_PHYSICAL_MODALITY,train
RMVM_S_3c466179e5,Đà Lạt Thật Buồn Khi Không Anh,Bảo Uyên,ART_f385b335b6,POP_BALLAD,deterministic_mapping,1.0,N/A (Standard 11 Taxonomy),,MISSING,data/lyrics/RMVM_S_3c466179e5.txt,AVAILABLE,,MISSING,,UNVERIFIED,TIER_A,LYRICS_ONLY,train
RMVM_S_594e6af1f9,Gieo Tương Tư,"Tô Minh, Hào Năng",ART_d8b108bc46,POP_BALLAD,deterministic_mapping,1.0,N/A (Standard 11 Taxonomy),,MISSING,data/lyrics/RMVM_S_594e6af1f9.txt,AVAILABLE,,MISSING,,UNVERIFIED,TIER_A,LYRICS_ONLY,train
RMVM_S_97d695bd69,Nhịp Cầu Tri Âm,"Đoàn Thanh Phương, Cao Bảo Hân",ART_d0bd8861ee,BOLERO_TRUTINH,deterministic_mapping,0.85,N/A (Standard 11 Taxonomy),,MISSING,,MISSING,,MISSING,,UNVERIFIED,TIER_B,NO_PHYSICAL_MODALITY,train
RMVM_S_2c81220534,Nỗi Lòng Người Đi,Anh Trinh,ART_c2c70020d2,BOLERO_TRUTINH,deterministic_mapping,1.0,N/A (Standard 11 Taxonomy),,MISSING,data/lyrics/RMVM_S_2c81220534.txt,AVAILABLE,,MISSING,,UNVERIFIED,TIER_A,LYRICS_ONLY,train
RMVM_S_f8bf2bb838,Ru Ta Ngậm Ngùi,Anh Trinh,ART_c2c70020d2,NHAC_TRINH,deterministic_mapping,1.0,N/A (Standard 11 Taxonomy),,MISSING,data/lyrics/RMVM_S_f8bf2bb838.txt,AVAILABLE,,MISSING,,UNVERIFIED,TIER_A,LYRICS_ONLY,train
RMVM_S_15b916fd2d,Hạnh Phúc Của Anh Là Em,"Đưc Tuấn iTV, Đức Tuấn iTV",ART_5fdfd80c18,POP_BALLAD,deterministic_mapping,1.0,N/A (Standard 11 Taxonomy),,MISSING,,MISSING,data/covers/RMVM_S_15b916fd2d.jpg,AVAILABLE,,UNVERIFIED,TIER_A,COVER_ONLY,train
RMVM_S_5d024d32c7,Mời Em Về Thăm Xứ Dừa,Lâm Hoài Phong,ART_2aa35c261f,BOLERO_TRUTINH,deterministic_mapping,1.0,N/A (Standard 11 Taxonomy),,MISSING,data/lyrics/RMVM_S_5d024d32c7.txt,AVAILABLE,,MISSING,,UNVERIFIED,TIER_A,LYRICS_ONLY,train
RMVM_S_cb99a6ab07,Cũng Vì Chữ Tiền,Lâm Hoài Phong,ART_2aa35c261f,BOLERO_TRUTINH,deterministic_mapping,1.0,N/A (Standard 11 Taxonomy),,MISSING,data/lyrics/RMVM_S_cb99a6ab07.txt,AVAILABLE,,MISSING,,UNVERIFIED,TIER_A,LYRICS_ONLY,train
RMVM_S_0ad2ce6309,Chờ Kẻ Phụ Tình,Lâm Hoài Phong,ART_2aa35c261f,BOLERO_TRUTINH,deterministic_mapping,1.0,N/A (Standard 11 Taxonomy),,MISSING,data/lyrics/RMVM_S_0ad2ce6309.txt,AVAILABLE,,MISSING,,UNVERIFIED,TIER_A,LYRICS_ONLY,train
RMVM_S_43ab07570b,Cay Đắng Đời Tôi,Lâm Hoài Phong,ART_2aa35c261f,BOLERO_TRUTINH,deterministic_mapping,1.0,N/A (Standard 11 Taxonomy),,MISSING,data/lyrics/RMVM_S_43ab07570b.txt,AVAILABLE,,MISSING,,UNVERIFIED,TIER_A,LYRICS_ONLY,train
RMVM_S_7605e1b858,Cho Tôi Một Lần Yêu,Lâm Hoài Phong,ART_2aa35c261f,BOLERO_TRUTINH,deterministic_mapping,1.0,N/A (Standard 11 Taxonomy),,MISSING,data/lyrics/RMVM_S_7605e1b858.txt,AVAILABLE,,MISSING,,UNVERIFIED,TIER_A,LYRICS_ONLY,train
RMVM_S_e67a83cd05,Chỉ Vì Giàu Sang,Lâm Hoài Phong,ART_2aa35c261f,POP_BALLAD,deterministic_mapping,1.0,N/A (Standard 11 Taxonomy),,MISSING,data/lyrics/RMVM_S_e67a83cd05.txt,AVAILABLE,,MISSING,,UNVERIFIED,TIER_A,LYRICS_ONLY,train
RMVM_S_ee7cdfeb7f,Chuyện Sim Tím,Lâm Hoài Phong,ART_2aa35c261f,BOLERO_TRUTINH,deterministic_mapping,1.0,N/A (Standard 11 Taxonomy),,MISSING,data/lyrics/RMVM_S_ee7cdfeb7f.txt,AVAILABLE,,MISSING,,UNVERIFIED,TIER_A,LYRICS_ONLY,train
RMVM_S_0bcbc298f6,Chuyện Hoa Mua Tím,Lâm Hoài Phong,ART_2aa35c261f,BOLERO_TRUTINH,deterministic_mapping,1.0,N/A (Standard 11 Taxonomy),,MISSING,data/lyrics/RMVM_S_0bcbc298f6.txt,AVAILABLE,,MISSING,,UNVERIFIED,TIER_A,LYRICS_ONLY,train
RMVM_S_5b73b9336a,Liên Khúc Nếu Anh Đừng Hẹn - Tâm Sự Với Anh,"Quân Bảo, Quỳnh Trang",ART_d8070e5c09,BOLERO_TRUTINH,deterministic_mapping,1.0,N/A (Standard 11 Taxonomy),,MISSING,data/lyrics/RMVM_S_5b73b9336a.txt,AVAILABLE,,MISSING,,UNVERIFIED,TIER_A,LYRICS_ONLY,train
RMVM_S_d382a63d41,Sinh Ra Để Cô Đơn,Lily Chen / 陈洁丽,ART_27d59cca56,POP_BALLAD,deterministic_mapping,1.0,N/A (Standard 11 Taxonomy),,MISSING,data/lyrics/RMVM_S_d382a63d41.txt,AVAILABLE,,MISSING,,UNVERIFIED,TIER_A,LYRICS_ONLY,train
RMVM_S_a65c13574f,Chuyện Tình Bên Ao Cá,"Quang Linh, Cẩm Ly",ART_e628d0d156,BOLERO_TRUTINH,deterministic_mapping,1.0,N/A (Standard 11 Taxonomy),,MISSING,data/lyrics/RMVM_S_a65c13574f.txt,AVAILABLE,,MISSING,,UNVERIFIED,TIER_A,LYRICS_ONLY,train
RMVM_S_9dfb0a8a7f,Sầu Tím Thiệp Hồng,"Dương Ngọc Thái, Hoàng Châu",ART_ee7f6b695b,BOLERO_TRUTINH,deterministic_mapping,1.0,N/A (Standard 11 Taxonomy),,MISSING,data/lyrics/RMVM_S_9dfb0a8a7f.txt,AVAILABLE,,MISSING,,UNVERIFIED,TIER_A,LYRICS_ONLY,train
RMVM_S_d2e16a41e8,Bốn Năm Vợ Chồng,Phương Tử Long,ART_6634b4bc6c,BOLERO_TRUTINH,deterministic_mapping,1.0,N/A (Standard 11 Taxonomy),,MISSING,data/lyrics/RMVM_S_d2e16a41e8.txt,AVAILABLE,,MISSING,,UNVERIFIED,TIER_A,LYRICS_ONLY,train
RMVM_S_68b609a51a,Công Ơn Hùng Vương,"Ruby Bảo An, Công Quốc",ART_8705ec56b8,CHILDREN,deterministic_mapping,1.0,N/A (Standard 11 Taxonomy),,MISSING,data/lyrics/RMVM_S_68b609a51a.txt,AVAILABLE,,MISSING,,UNVERIFIED,TIER_A,LYRICS_ONLY,train
RMVM_S_5135f066eb,Ăn Là Ăn Tết,Trường Lê,ART_542dd16374,POP_BALLAD,deterministic_mapping,1.0,N/A (Standard 11 Taxonomy),,MISSING,data/lyrics/RMVM_S_5135f066eb.txt,AVAILABLE,,MISSING,,UNVERIFIED,TIER_A,LYRICS_ONLY,train
RMVM_S_4d9b381653,Có Tiếc Tình Đầu,Ngô Minh Huy,ART_a4ca5b80e2,POP_BALLAD,deterministic_mapping,1.0,N/A (Standard 11 Taxonomy),,MISSING,data/lyrics/RMVM_S_4d9b381653.txt,AVAILABLE,,MISSING,,UNVERIFIED,TIER_A,LYRICS_ONLY,train
RMVM_S_506d6db951,Anh Không Tồn Tại Trong Tim Em,Âu Gia Phát,ART_68e70714c9,POP_BALLAD,deterministic_mapping,1.0,N/A (Standard 11 Taxonomy),,MISSING,data/lyrics/RMVM_S_506d6db951.txt,AVAILABLE,,MISSING,,UNVERIFIED,TIER_A,LYRICS_ONLY,train
RMVM_S_a573f95998,Tâm Tình Sinh Viên,"Nguyễn Văn Thông, Võ Đình Hiếu",ART_08098ae232,BOLERO_TRUTINH,deterministic_mapping,1.0,N/A (Standard 11 Taxonomy),,MISSING,data/lyrics/RMVM_S_a573f95998.txt,AVAILABLE,,MISSING,,UNVERIFIED,TIER_A,LYRICS_ONLY,train
RMVM_S_a235b28b68,Điệu Ru Ca Tình Yêu,"Lưu Ánh Loan, Lâm Huỳnh",ART_3221027b23,INSTRUMENTAL,source_tag_verification,0.85,N/A (Standard 11 Taxonomy),,MISSING,data/lyrics/RMVM_S_a235b28b68.txt,AVAILABLE,,MISSING,,UNVERIFIED,TIER_B,LYRICS_ONLY,train
RMVM_S_b99cb703b8,123 Em Yêu Anh,Trương Linh Đan,ART_8f75fc965b,POP_BALLAD,deterministic_mapping,1.0,N/A (Standard 11 Taxonomy),,MISSING,data/lyrics/RMVM_S_b99cb703b8.txt,AVAILABLE,,MISSING,,UNVERIFIED,TIER_A,LYRICS_ONLY,train
RMVM_S_022ea32d5f,Em Mãi Là Người Thay Thế,Trương Linh Đan,ART_8f75fc965b,POP_BALLAD,deterministic_mapping,1.0,N/A (Standard 11 Taxonomy),,MISSING,data/lyrics/RMVM_S_022ea32d5f.txt,AVAILABLE,,MISSING,,UNVERIFIED,TIER_A,LYRICS_ONLY,train
RMVM_S_e463d31c96,Anh Biết Em Không Tin,Kidz,ART_e701696252,RAP_HIPHOP,deterministic_mapping,1.0,N/A (Standard 11 Taxonomy),,MISSING,data/lyrics/RMVM_S_e463d31c96.txt,AVAILABLE,,MISSING,,UNVERIFIED,TIER_A,LYRICS_ONLY,train
RMVM_S_d347bc68dd,Anh Sẽ Để Em Đi,Kidz,ART_e701696252,POP_BALLAD,deterministic_mapping,1.0,N/A (Standard 11 Taxonomy),,MISSING,data/lyrics/RMVM_S_d347bc68dd.txt,AVAILABLE,,MISSING,,UNVERIFIED,TIER_A,LYRICS_ONLY,train
RMVM_S_912e6d497e,247 Cuộc Gọi Người Lắng Nghe,Kidz,ART_e701696252,POP_BALLAD,deterministic_mapping,1.0,N/A (Standard 11 Taxonomy),,MISSING,data/lyrics/RMVM_S_912e6d497e.txt,AVAILABLE,,MISSING,,UNVERIFIED,TIER_A,LYRICS_ONLY,train
RMVM_S_e0e5fbe74f,Chúng Ta Không Thể Yêu Thêm Lần Nữa (Prod. Vic),Kidz,ART_e701696252,POP_BALLAD,deterministic_mapping,1.0,N/A (Standard 11 Taxonomy),,MISSING,data/lyrics/RMVM_S_e0e5fbe74f.txt,AVAILABLE,,MISSING,,UNVERIFIED,TIER_A,LYRICS_ONLY,train
RMVM_S_202bb46721,Anh Chưa Có Gì Đến Nay (Prod. Vic),Kidz,ART_e701696252,POP_BALLAD,deterministic_mapping,1.0,N/A (Standard 11 Taxonomy),,MISSING,data/lyrics/RMVM_S_202bb46721.txt,AVAILABLE,,MISSING,,UNVERIFIED,TIER_A,LYRICS_ONLY,train
RMVM_S_9f09cdbfd3,Thiếu Nhi Thành Phố Bác,Bé Phương Nhi,ART_a724e95582,CHILDREN,deterministic_mapping,1.0,N/A (Standard 11 Taxonomy),,MISSING,data/lyrics/RMVM_S_9f09cdbfd3.txt,AVAILABLE,,MISSING,,UNVERIFIED,TIER_A,LYRICS_ONLY,train
RMVM_S_583fc0ee32,Cô Dạy Bé Bài Học Giao Thông,Bé Phương Nhi,ART_a724e95582,CHILDREN,artist_discography_verification,0.85,N/A (Standard 11 Taxonomy),,MISSING,data/lyrics/RMVM_S_583fc0ee32.txt,AVAILABLE,,MISSING,,UNVERIFIED,TIER_B,LYRICS_ONLY,train
RMVM_S_20ba2ef73f,LK Nhật Ký Của Mẹ & Lời Mẹ Ru,Bé Phương Nhi,ART_a724e95582,CHILDREN,deterministic_mapping,1.0,N/A (Standard 11 Taxonomy),,MISSING,data/lyrics/RMVM_S_20ba2ef73f.txt,AVAILABLE,,MISSING,,UNVERIFIED,TIER_A,LYRICS_ONLY,train
RMVM_S_e8090231e3,Hãy Nhìn Để Thêm Yêu Cuộc Sống,Bé Phương Nhi,ART_a724e95582,CHILDREN,deterministic_mapping,1.0,N/A (Standard 11 Taxonomy),,MISSING,data/lyrics/RMVM_S_e8090231e3.txt,AVAILABLE,,MISSING,,UNVERIFIED,TIER_A,LYRICS_ONLY,train
RMVM_S_11e2d48a7f,Vào Hạ,Bé Phương Nhi,ART_a724e95582,CHILDREN,deterministic_mapping,1.0,N/A (Standard 11 Taxonomy),,MISSING,data/lyrics/RMVM_S_11e2d48a7f.txt,AVAILABLE,,MISSING,,UNVERIFIED,TIER_A,LYRICS_ONLY,train
RMVM_S_edf06cf0a5,Câu Tre Lắt Lẻo,Bé Phương Nhi,ART_a724e95582,CHILDREN,deterministic_mapping,1.0,N/A (Standard 11 Taxonomy),,MISSING,data/lyrics/RMVM_S_edf06cf0a5.txt,AVAILABLE,,MISSING,,UNVERIFIED,TIER_A,LYRICS_ONLY,train
RMVM_S_f707678ae8,Khúc Vương Tình (Sinkra x Lee Ken Remix),"Cần Vinh, Lee Ken",ART_0cd7bd7d49,DANCE_EDM,deterministic_mapping,1.0,N/A (Standard 11 Taxonomy),,MISSING,data/lyrics/RMVM_S_f707678ae8.txt,AVAILABLE,,MISSING,,UNVERIFIED,TIER_A,LYRICS_ONLY,train
RMVM_S_f336142c50,Gió Cuốn Bụi Bay,"Hoàng Châu, Nhật Hào",ART_803241dfd6,POP_BALLAD,deterministic_mapping,1.0,N/A (Standard 11 Taxonomy),,MISSING,data/lyrics/RMVM_S_f336142c50.txt,AVAILABLE,,MISSING,,UNVERIFIED,TIER_A,LYRICS_ONLY,train
RMVM_S_1b83aaff43,Mưa Trong Lòng (DJ Future Remix),Trịnh Đình Quang,ART_00eb07d1b5,POP_BALLAD,deterministic_mapping,1.0,N/A (Standard 11 Taxonomy),,MISSING,,MISSING,data/covers/RMVM_S_1b83aaff43.jpg,AVAILABLE,,UNVERIFIED,TIER_A,COVER_ONLY,train
RMVM_S_fdbcb70d26,Bố Vợ,Trịnh Đình Quang,ART_00eb07d1b5,POP_BALLAD,deterministic_mapping,1.0,N/A (Standard 11 Taxonomy),,MISSING,data/lyrics/RMVM_S_fdbcb70d26.txt,AVAILABLE,,MISSING,,UNVERIFIED,TIER_A,LYRICS_ONLY,train
RMVM_S_660c8a67d2,Thất Tình (DJ Minh Anh Remix),Trịnh Đình Quang,ART_00eb07d1b5,DANCE_EDM,deterministic_mapping,1.0,N/A (Standard 11 Taxonomy),,MISSING,data/lyrics/RMVM_S_660c8a67d2.txt,AVAILABLE,,MISSING,,UNVERIFIED,TIER_A,LYRICS_ONLY,train
RMVM_S_317ee457d9,Đó Là Chuyện Của Anh,Trịnh Đình Quang,ART_00eb07d1b5,POP_BALLAD,deterministic_mapping,1.0,N/A (Standard 11 Taxonomy),,MISSING,data/lyrics/RMVM_S_317ee457d9.txt,AVAILABLE,,MISSING,,UNVERIFIED,TIER_A,LYRICS_ONLY,train
RMVM_S_693038d7d7,Gửi Tình Yêu Nhỏ,Trịnh Đình Quang,ART_00eb07d1b5,POP_BALLAD,deterministic_mapping,1.0,N/A (Standard 11 Taxonomy),,MISSING,data/lyrics/RMVM_S_693038d7d7.txt,AVAILABLE,,MISSING,,UNVERIFIED,TIER_A,LYRICS_ONLY,train
RMVM_S_33ef8bd702,Có Thể Em Không Biết,Trịnh Đình Quang,ART_00eb07d1b5,POP_BALLAD,deterministic_mapping,1.0,N/A (Standard 11 Taxonomy),,MISSING,data/lyrics/RMVM_S_33ef8bd702.txt,AVAILABLE,,MISSING,,UNVERIFIED,TIER_A,LYRICS_ONLY,train
RMVM_S_f4edd54c39,Tìm Lại Nhau,M Qui,ART_0783ed1287,POP_BALLAD,deterministic_mapping,1.0,N/A (Standard 11 Taxonomy),,MISSING,data/lyrics/RMVM_S_f4edd54c39.txt,AVAILABLE,,MISSING,,UNVERIFIED,TIER_A,LYRICS_ONLY,train
RMVM_S_a662aeba2d,Anh Không Là Tất Cả,Nguyễn Quang Quý,ART_3346ed27af,POP_BALLAD,deterministic_mapping,1.0,N/A (Standard 11 Taxonomy),,MISSING,data/lyrics/RMVM_S_a662aeba2d.txt,AVAILABLE,,MISSING,,UNVERIFIED,TIER_A,LYRICS_ONLY,train
RMVM_S_539fb26b7c,Bước Qua Đời Nhau (Cover),Nguyễn Quang Quý,ART_3346ed27af,POP_BALLAD,deterministic_mapping,1.0,N/A (Standard 11 Taxonomy),,MISSING,data/lyrics/RMVM_S_539fb26b7c.txt,AVAILABLE,,MISSING,,UNVERIFIED,TIER_A,LYRICS_ONLY,train
RMVM_S_8c57b96b5e,Tân Cổ Tình Xưa Vụng Dại,"Vy Thúy Hằng, Nguyễn Thanh Sang",ART_d4221a5656,BOLERO_TRUTINH,deterministic_mapping,1.0,N/A (Standard 11 Taxonomy),,MISSING,data/lyrics/RMVM_S_8c57b96b5e.txt,AVAILABLE,,MISSING,,UNVERIFIED,TIER_A,LYRICS_ONLY,train
RMVM_S_528356ec6e,Liên Khúc: Áo Em Chưa Mặc Một Lần; Vòng Nhẫn Cưới,"Quang Lê, Mai Thiên Vân",ART_71705adb16,BOLERO_TRUTINH,deterministic_mapping,1.0,N/A (Standard 11 Taxonomy),,MISSING,,MISSING,data/covers/RMVM_S_528356ec6e.jpg,AVAILABLE,,UNVERIFIED,TIER_A,COVER_ONLY,train
RMVM_S_fd4152a79c,Đoạn Tình Quê,"Linh Lor, $hen, HHD",ART_4d9f407032,POP_BALLAD,deterministic_mapping,1.0,N/A (Standard 11 Taxonomy),,MISSING,data/lyrics/RMVM_S_fd4152a79c.txt,AVAILABLE,,MISSING,,UNVERIFIED,TIER_A,LYRICS_ONLY,train
RMVM_S_2973bcf305,Mashup Người Lạ Ơi - Buồn Của Anh,"Đỗ Minh Quân, Ayoo",ART_7e9d64306c,POP_BALLAD,deterministic_mapping,1.0,N/A (Standard 11 Taxonomy),,MISSING,data/lyrics/RMVM_S_2973bcf305.txt,AVAILABLE,,MISSING,,UNVERIFIED,TIER_A,LYRICS_ONLY,train
RMVM_S_8a71d4e1f3,Ba Má Ơi! Con Hứa Lấy Vợ,"Nguyên Vũ, Sakhar",ART_5b295c699f,POP_BALLAD,deterministic_mapping,1.0,N/A (Standard 11 Taxonomy),,MISSING,data/lyrics/RMVM_S_8a71d4e1f3.txt,AVAILABLE,,MISSING,,UNVERIFIED,TIER_A,LYRICS_ONLY,train
RMVM_S_78ab93b47f,Chiếc Sport Của Tôi,Lâm Trí Hải,ART_392482d74a,POP_BALLAD,deterministic_mapping,1.0,N/A (Standard 11 Taxonomy),,MISSING,,MISSING,data/covers/RMVM_S_78ab93b47f.jpg,AVAILABLE,,UNVERIFIED,TIER_A,COVER_ONLY,train
RMVM_S_fb7fd86e78,Mũi Tên Xuyên Tim,Lâm Trí Hải,ART_392482d74a,POP_BALLAD,deterministic_mapping,1.0,N/A (Standard 11 Taxonomy),,MISSING,data/lyrics/RMVM_S_fb7fd86e78.txt,AVAILABLE,,MISSING,,UNVERIFIED,TIER_A,LYRICS_ONLY,train
RMVM_S_a3b09d1dc9,Anh Đã Hiểu Tình Em,Puol Lê,ART_37dc765b68,BOLERO_TRUTINH,deterministic_mapping,0.85,N/A (Standard 11 Taxonomy),,MISSING,,MISSING,,MISSING,,UNVERIFIED,TIER_B,NO_PHYSICAL_MODALITY,train
RMVM_S_8201bdc7bc,Có Khi Nào Em Biết,Hoàng Nghiệp,ART_b75e91f356,POP_BALLAD,deterministic_mapping,1.0,N/A (Standard 11 Taxonomy),,MISSING,data/lyrics/RMVM_S_8201bdc7bc.txt,AVAILABLE,,MISSING,,UNVERIFIED,TIER_A,LYRICS_ONLY,train
RMVM_S_041782883d,Thầm Yêu (7 Deep Cuts Session),Phùng Khánh Linh,ART_e66b900342,POP_BALLAD,deterministic_mapping,1.0,N/A (Standard 11 Taxonomy),,MISSING,data/lyrics/RMVM_S_041782883d.txt,AVAILABLE,,MISSING,,UNVERIFIED,TIER_A,LYRICS_ONLY,train
RMVM_S_422f1f03c8,Mẹ Ơi Mẹ Ơi,"LÁu, Vano",ART_320549a6f2,POP_BALLAD,deterministic_mapping,1.0,N/A (Standard 11 Taxonomy),,MISSING,data/lyrics/RMVM_S_422f1f03c8.txt,AVAILABLE,,MISSING,,UNVERIFIED,TIER_A,LYRICS_ONLY,train
RMVM_S_c649b81a29,Cao Dao Tình Mẹ,Tịnh Hải,ART_e5952d355d,BOLERO_TRUTINH,deterministic_mapping,1.0,N/A (Standard 11 Taxonomy),,MISSING,data/lyrics/RMVM_S_c649b81a29.txt,AVAILABLE,,MISSING,,UNVERIFIED,TIER_A,LYRICS_ONLY,train
RMVM_S_720aa07615,Không Bao Giờ Quên Anh,"BeeBoss, Anh Thư",ART_4fe5073341,POP_BALLAD,deterministic_mapping,1.0,N/A (Standard 11 Taxonomy),,MISSING,data/lyrics/RMVM_S_720aa07615.txt,AVAILABLE,,MISSING,,UNVERIFIED,TIER_A,LYRICS_ONLY,train
RMVM_S_8a84a198bd,Hai Đứa Giận Nhau,"BeeBoss, Anh Thư",ART_4fe5073341,POP_BALLAD,deterministic_mapping,1.0,N/A (Standard 11 Taxonomy),,MISSING,data/lyrics/RMVM_S_8a84a198bd.txt,AVAILABLE,,MISSING,,UNVERIFIED,TIER_A,LYRICS_ONLY,train
RMVM_S_e7a77f1cce,Người Đã Như Mơ,"BeeBoss, Anh Thư",ART_4fe5073341,POP_BALLAD,deterministic_mapping,1.0,N/A (Standard 11 Taxonomy),,MISSING,data/lyrics/RMVM_S_e7a77f1cce.txt,AVAILABLE,,MISSING,,UNVERIFIED,TIER_A,LYRICS_ONLY,train
RMVM_S_48debccc7a,Ân Tình Chia Đôi,TLong,ART_8fa879d3fc,POP_BALLAD,deterministic_mapping,1.0,N/A (Standard 11 Taxonomy),,MISSING,data/lyrics/RMVM_S_48debccc7a.txt,AVAILABLE,,MISSING,,UNVERIFIED,TIER_A,LYRICS_ONLY,train
RMVM_S_1136c67d00,Dòng Nước Vô Tình Hoa Rơi Hữu Ý,TLong,ART_8fa879d3fc,POP_BALLAD,deterministic_mapping,1.0,N/A (Standard 11 Taxonomy),,MISSING,data/lyrics/RMVM_S_1136c67d00.txt,AVAILABLE,,MISSING,,UNVERIFIED,TIER_A,LYRICS_ONLY,train
RMVM_S_7ec73872e7,Đứng Sau Người Đến Sau,TLong,ART_8fa879d3fc,POP_BALLAD,deterministic_mapping,1.0,N/A (Standard 11 Taxonomy),,MISSING,data/lyrics/RMVM_S_7ec73872e7.txt,AVAILABLE,,MISSING,,UNVERIFIED,TIER_A,LYRICS_ONLY,train
RMVM_S_30e69300c4,Lụy Tình (AnhVu x HHD Remix),TLong,ART_8fa879d3fc,DANCE_EDM,deterministic_mapping,1.0,N/A (Standard 11 Taxonomy),,MISSING,data/lyrics/RMVM_S_30e69300c4.txt,AVAILABLE,,MISSING,,UNVERIFIED,TIER_A,LYRICS_ONLY,train
RMVM_S_9e19742303,Nhật Ký Của Anh,"Lil Z, Huỳnh Phi Hùng",ART_f9aa27b629,POP_BALLAD,deterministic_mapping,1.0,N/A (Standard 11 Taxonomy),,MISSING,data/lyrics/RMVM_S_9e19742303.txt,AVAILABLE,,MISSING,,UNVERIFIED,TIER_A,LYRICS_ONLY,train
RMVM_S_53d4736bfb,Anh Sẽ Mạnh Mẽ Yêu Em,Mr. Siro,ART_2af03d03f2,POP_BALLAD,deterministic_mapping,1.0,N/A (Standard 11 Taxonomy),,MISSING,data/lyrics/RMVM_S_53d4736bfb.txt,AVAILABLE,,MISSING,,UNVERIFIED,TIER_A,LYRICS_ONLY,train
RMVM_S_2375fad06f,Người Xa Quê Nhớ,Mr. Siro,ART_2af03d03f2,POP_BALLAD,deterministic_mapping,1.0,N/A (Standard 11 Taxonomy),,MISSING,data/lyrics/RMVM_S_2375fad06f.txt,AVAILABLE,,MISSING,,UNVERIFIED,TIER_A,LYRICS_ONLY,train
RMVM_S_45823fe135,Người Con Gái Anh Không Thể Quên (Piano Version),Mr. Siro,ART_2af03d03f2,POP_BALLAD,deterministic_mapping,1.0,N/A (Standard 11 Taxonomy),,MISSING,data/lyrics/RMVM_S_45823fe135.txt,AVAILABLE,,MISSING,,UNVERIFIED,TIER_A,LYRICS_ONLY,train
RMVM_S_84bc94d3ff,Chỉ Có Một Người Để Yêu Trên Thế Gian (Piano Version),Mr. Siro,ART_2af03d03f2,POP_BALLAD,deterministic_mapping,1.0,N/A (Standard 11 Taxonomy),,MISSING,data/lyrics/RMVM_S_84bc94d3ff.txt,AVAILABLE,,MISSING,,UNVERIFIED,TIER_A,LYRICS_ONLY,train
RMVM_S_991a4b6e0d,Mẹ Hiểu Con Không,Mr. Siro,ART_2af03d03f2,POP_BALLAD,deterministic_mapping,1.0,N/A (Standard 11 Taxonomy),,MISSING,data/lyrics/RMVM_S_991a4b6e0d.txt,AVAILABLE,,MISSING,,UNVERIFIED,TIER_A,LYRICS_ONLY,train
RMVM_S_0e706351f3,Đừng Bắt Anh Nuôi Hy Vọng,Khánh Dũng,ART_6c3a7ae49a,POP_BALLAD,deterministic_mapping,1.0,N/A (Standard 11 Taxonomy),,MISSING,data/lyrics/RMVM_S_0e706351f3.txt,AVAILABLE,,MISSING,,UNVERIFIED,TIER_A,LYRICS_ONLY,train
RMVM_S_1db713eaaf,Bao Ngày Nhớ Bao Ngày Đau,Khánh Dũng,ART_6c3a7ae49a,POP_BALLAD,deterministic_mapping,1.0,N/A (Standard 11 Taxonomy),,MISSING,data/lyrics/RMVM_S_1db713eaaf.txt,AVAILABLE,,MISSING,,UNVERIFIED,TIER_A,LYRICS_ONLY,train
RMVM_S_408a55d708,Dòng Đời Đổi Thay,"Bảo Hân, Phi Phi",ART_62db5d42fa,INSTRUMENTAL,source_tag_verification,0.85,N/A (Standard 11 Taxonomy),,MISSING,data/lyrics/RMVM_S_408a55d708.txt,AVAILABLE,,MISSING,,UNVERIFIED,TIER_B,LYRICS_ONLY,train
RMVM_S_8ce5adb737,Chắc Do Em Đã Sai,"TVk, Huỳnh Mộng Như, 93NEW-G",ART_6fb3acba39,POP_BALLAD,deterministic_mapping,1.0,N/A (Standard 11 Taxonomy),,MISSING,data/lyrics/RMVM_S_8ce5adb737.txt,AVAILABLE,data/covers/RMVM_S_8ce5adb737.jpg,AVAILABLE,,UNVERIFIED,TIER_A,LYRICS_COVER,train
RMVM_S_96c5a029c6,Lỗi Duyên Tại Ý Trời,"TVk, Huỳnh Mộng Như, 93NEW-G",ART_6fb3acba39,POP_BALLAD,deterministic_mapping,1.0,N/A (Standard 11 Taxonomy),,MISSING,data/lyrics/RMVM_S_96c5a029c6.txt,AVAILABLE,,MISSING,,UNVERIFIED,TIER_A,LYRICS_ONLY,train
RMVM_S_e1dc288266,ANH ĐÃ BIẾT MÌNH QUÁ SAI RỒI,"ICY RIX, ICY KRAVE",ART_b004a14be6,RAP_HIPHOP,deterministic_mapping,1.0,N/A (Standard 11 Taxonomy),,MISSING,data/lyrics/RMVM_S_e1dc288266.txt,AVAILABLE,,MISSING,,UNVERIFIED,TIER_A,LYRICS_ONLY,train
RMVM_S_b13a34b3e5,Em Không Hiểu (Lofi Mix),Chilly,ART_ba70ae925e,POP_BALLAD,deterministic_mapping,1.0,N/A (Standard 11 Taxonomy),,MISSING,data/lyrics/RMVM_S_b13a34b3e5.txt,AVAILABLE,,MISSING,,UNVERIFIED,TIER_A,LYRICS_ONLY,train
RMVM_S_1b2f668070,Có Duyên Không Phận,Chilly,ART_ba70ae925e,POP_BALLAD,deterministic_mapping,1.0,N/A (Standard 11 Taxonomy),,MISSING,data/lyrics/RMVM_S_1b2f668070.txt,AVAILABLE,,MISSING,,UNVERIFIED,TIER_A,LYRICS_ONLY,train
RMVM_S_c2deb39355,Điệp Khúc Chia Tay (Remix),"LaLa Trần, DICKSON",ART_233d1c8616,DANCE_EDM,deterministic_mapping,1.0,N/A (Standard 11 Taxonomy),,MISSING,data/lyrics/RMVM_S_c2deb39355.txt,AVAILABLE,,MISSING,,UNVERIFIED,TIER_A,LYRICS_ONLY,train
RMVM_S_f2d5cf0022,Anh mong anh muốn anh là,Tống Gia Vỹ,ART_3056dbc2e2,POP_BALLAD,deterministic_mapping,1.0,N/A (Standard 11 Taxonomy),,MISSING,data/lyrics/RMVM_S_f2d5cf0022.txt,AVAILABLE,,MISSING,,UNVERIFIED,TIER_A,LYRICS_ONLY,train
RMVM_S_99912485b0,Miễn cưỡng nhận lời chia tay,Tống Gia Vỹ,ART_3056dbc2e2,POP_BALLAD,deterministic_mapping,1.0,N/A (Standard 11 Taxonomy),,MISSING,data/lyrics/RMVM_S_99912485b0.txt,AVAILABLE,,MISSING,,UNVERIFIED,TIER_A,LYRICS_ONLY,train
RMVM_S_89cac18537,Phải Chăng Là Số Kiếp,Tống Gia Vỹ,ART_3056dbc2e2,POP_BALLAD,deterministic_mapping,1.0,N/A (Standard 11 Taxonomy),,MISSING,data/lyrics/RMVM_S_89cac18537.txt,AVAILABLE,,MISSING,,UNVERIFIED,TIER_A,LYRICS_ONLY,train
RMVM_S_44eb3b0ccb,Ánh mắt vô tình,Tống Gia Vỹ,ART_3056dbc2e2,POP_BALLAD,deterministic_mapping,1.0,N/A (Standard 11 Taxonomy),,MISSING,data/lyrics/RMVM_S_44eb3b0ccb.txt,AVAILABLE,,MISSING,,UNVERIFIED,TIER_A,LYRICS_ONLY,train
RMVM_S_63e60c3258,Anh thấy mình nhớ em,Tống Gia Vỹ,ART_3056dbc2e2,POP_BALLAD,deterministic_mapping,1.0,N/A (Standard 11 Taxonomy),,MISSING,data/lyrics/RMVM_S_63e60c3258.txt,AVAILABLE,,MISSING,2011.0,VERIFIED,TIER_A,LYRICS_ONLY,train
RMVM_S_e12aafcedb,Chờ Anh Nói Yêu Em,"Đào Kỳ Anh, Dablo",ART_2c09ca78e3,POP_BALLAD,deterministic_mapping,1.0,N/A (Standard 11 Taxonomy),,MISSING,data/lyrics/RMVM_S_e12aafcedb.txt,AVAILABLE,,MISSING,,UNVERIFIED,TIER_A,LYRICS_ONLY,train
RMVM_S_d881d74d0e,Chuyến Trọ Trần,Trường Sang,ART_93d71ef13c,BOLERO_TRUTINH,deterministic_mapping,1.0,N/A (Standard 11 Taxonomy),,MISSING,data/lyrics/RMVM_S_d881d74d0e.txt,AVAILABLE,,MISSING,,UNVERIFIED,TIER_A,LYRICS_ONLY,train
RMVM_S_23a8e13e19,Liên Khúc Thiên Sứ Tình Yêu (Remix),Đan Trường,ART_d7d6ae2597,POP_BALLAD,deterministic_mapping,1.0,N/A (Standard 11 Taxonomy),,MISSING,,MISSING,data/covers/RMVM_S_23a8e13e19.jpg,AVAILABLE,,UNVERIFIED,TIER_A,COVER_ONLY,train
RMVM_S_0851c6243d,Liên Khúc Tình Khúc Vàng - Mãi Mãi Một Tình Yêu,Đan Trường,ART_d7d6ae2597,POP_BALLAD,deterministic_mapping,1.0,N/A (Standard 11 Taxonomy),,MISSING,,MISSING,data/covers/RMVM_S_0851c6243d.jpg,AVAILABLE,,UNVERIFIED,TIER_A,COVER_ONLY,train
RMVM_S_c8ff5c63be,Mưa Trên Cuộc Tình (Version 2019),Đan Trường,ART_d7d6ae2597,POP_BALLAD,deterministic_mapping,1.0,N/A (Standard 11 Taxonomy),,MISSING,data/lyrics/RMVM_S_c8ff5c63be.txt,AVAILABLE,,MISSING,2019.0,VERIFIED,TIER_A,LYRICS_ONLY,train
RMVM_S_3f183da9bc,Biệt Khúc Chờ Nhau (Version 2019),Đan Trường,ART_d7d6ae2597,POP_BALLAD,deterministic_mapping,1.0,N/A (Standard 11 Taxonomy),,MISSING,data/lyrics/RMVM_S_3f183da9bc.txt,AVAILABLE,,MISSING,2019.0,VERIFIED,TIER_A,LYRICS_ONLY,train
RMVM_S_6f9f130120,Em Ơi Ví Dầu,Đan Trường,ART_d7d6ae2597,POP_BALLAD,deterministic_mapping,1.0,N/A (Standard 11 Taxonomy),,MISSING,data/lyrics/RMVM_S_6f9f130120.txt,AVAILABLE,,MISSING,,UNVERIFIED,TIER_A,LYRICS_ONLY,train
RMVM_S_505cd5adfb,Ba Lời Thứ Tha,Đan Trường,ART_d7d6ae2597,POP_BALLAD,deterministic_mapping,1.0,N/A (Standard 11 Taxonomy),,MISSING,data/lyrics/RMVM_S_505cd5adfb.txt,AVAILABLE,,MISSING,,UNVERIFIED,TIER_A,LYRICS_ONLY,train
RMVM_S_cac3960e3c,Biết Tất Cả Rồi,Đan Trường,ART_d7d6ae2597,POP_BALLAD,deterministic_mapping,1.0,N/A (Standard 11 Taxonomy),,MISSING,data/lyrics/RMVM_S_cac3960e3c.txt,AVAILABLE,,MISSING,,UNVERIFIED,TIER_A,LYRICS_ONLY,train
RMVM_S_4e6fce2581,Khúc Ca Xuân,Đan Trường,ART_d7d6ae2597,BOLERO_TRUTINH,deterministic_mapping,1.0,N/A (Standard 11 Taxonomy),,MISSING,data/lyrics/RMVM_S_4e6fce2581.txt,AVAILABLE,,MISSING,,UNVERIFIED,TIER_A,LYRICS_ONLY,train
RMVM_S_db63ab6b49,Em Bỏ Sau Lưng,Đan Trường,ART_d7d6ae2597,BOLERO_TRUTINH,deterministic_mapping,1.0,N/A (Standard 11 Taxonomy),,MISSING,data/lyrics/RMVM_S_db63ab6b49.txt,AVAILABLE,,MISSING,,UNVERIFIED,TIER_A,LYRICS_ONLY,train
RMVM_S_4e23104b49,Cũng Đành Lãng Quên,Đan Trường,ART_d7d6ae2597,POP_BALLAD,deterministic_mapping,1.0,N/A (Standard 11 Taxonomy),,MISSING,data/lyrics/RMVM_S_4e23104b49.txt,AVAILABLE,,MISSING,,UNVERIFIED,TIER_A,LYRICS_ONLY,train
RMVM_S_af4faaa940,Xót Xa Bông Súng Đợi Chờ,Đan Trường,ART_d7d6ae2597,BOLERO_TRUTINH,deterministic_mapping,1.0,N/A (Standard 11 Taxonomy),,MISSING,data/lyrics/RMVM_S_af4faaa940.txt,AVAILABLE,,MISSING,,UNVERIFIED,TIER_A,LYRICS_ONLY,train
RMVM_S_2b98a4f0b8,Giây Phút Giao Thừa,Đan Trường,ART_d7d6ae2597,POP_BALLAD,deterministic_mapping,1.0,N/A (Standard 11 Taxonomy),,MISSING,data/lyrics/RMVM_S_2b98a4f0b8.txt,AVAILABLE,,MISSING,,UNVERIFIED,TIER_A,LYRICS_ONLY,train
RMVM_S_9b56ee5f07,Lấy Vợ Miệt Vườn,Đan Trường,ART_d7d6ae2597,FOLK_TRADITIONAL,deterministic_mapping,1.0,N/A (Standard 11 Taxonomy),,MISSING,data/lyrics/RMVM_S_9b56ee5f07.txt,AVAILABLE,,MISSING,,UNVERIFIED,TIER_A,LYRICS_ONLY,train
RMVM_S_7689d65124,Mãi Yêu Em Như Ngày Đầu,Đan Trường,ART_d7d6ae2597,POP_BALLAD,deterministic_mapping,1.0,N/A (Standard 11 Taxonomy),,MISSING,data/lyrics/RMVM_S_7689d65124.txt,AVAILABLE,,MISSING,,UNVERIFIED,TIER_A,LYRICS_ONLY,train
RMVM_S_d11a154db0,Nhịp Đập Bên Ngực Trái,Đan Trường,ART_d7d6ae2597,POP_BALLAD,deterministic_mapping,1.0,N/A (Standard 11 Taxonomy),,MISSING,data/lyrics/RMVM_S_d11a154db0.txt,AVAILABLE,,MISSING,,UNVERIFIED,TIER_A,LYRICS_ONLY,train
RMVM_S_267679f970,Liên Khúc Tình Đơn Phương - Ảo Mộng Tình Yêu,Đan Trường,ART_d7d6ae2597,POP_BALLAD,deterministic_mapping,1.0,N/A (Standard 11 Taxonomy),,MISSING,data/lyrics/RMVM_S_267679f970.txt,AVAILABLE,,MISSING,,UNVERIFIED,TIER_A,LYRICS_ONLY,train
RMVM_S_ff2e6556f6,Bậu Ơi,Đan Trường,ART_d7d6ae2597,POP_BALLAD,deterministic_mapping,1.0,N/A (Standard 11 Taxonomy),,MISSING,data/lyrics/RMVM_S_ff2e6556f6.txt,AVAILABLE,,MISSING,,UNVERIFIED,TIER_A,LYRICS_ONLY,train
RMVM_S_d574cb4ae0,Chỉ Tại Mình Là Người Thật Thà,Đan Trường,ART_d7d6ae2597,POP_BALLAD,deterministic_mapping,1.0,N/A (Standard 11 Taxonomy),,MISSING,data/lyrics/RMVM_S_d574cb4ae0.txt,AVAILABLE,,MISSING,,UNVERIFIED,TIER_A,LYRICS_ONLY,train
RMVM_S_31827c9732,Khi Em Xa Anh,Ngô Lan Hương,ART_f1d4ece2d8,POP_BALLAD,deterministic_mapping,1.0,N/A (Standard 11 Taxonomy),,MISSING,data/lyrics/RMVM_S_31827c9732.txt,AVAILABLE,,MISSING,,UNVERIFIED,TIER_A,LYRICS_ONLY,train
RMVM_S_a615301cc6,TuổI 23 (Đại Mèo Remix),Ngô Lan Hương,ART_f1d4ece2d8,DANCE_EDM,deterministic_mapping,1.0,N/A (Standard 11 Taxonomy),,MISSING,data/lyrics/RMVM_S_a615301cc6.txt,AVAILABLE,,MISSING,,UNVERIFIED,TIER_A,LYRICS_ONLY,train
RMVM_S_006a249eab,Tình Một Hướng,Minh Tâm MiTa,ART_70e587f96a,POP_BALLAD,deterministic_mapping,1.0,N/A (Standard 11 Taxonomy),,MISSING,data/lyrics/RMVM_S_006a249eab.txt,AVAILABLE,,MISSING,,UNVERIFIED,TIER_A,LYRICS_ONLY,train
RMVM_S_db27f21b5e,Mashup Ai Khóc Nỗi Đau Này - Mong Manh Tình Về,Tùng Linh,ART_45319aa419,POP_BALLAD,deterministic_mapping,1.0,N/A (Standard 11 Taxonomy),,MISSING,data/lyrics/RMVM_S_db27f21b5e.txt,AVAILABLE,data/covers/RMVM_S_db27f21b5e.jpg,AVAILABLE,,UNVERIFIED,TIER_A,LYRICS_COVER,train
RMVM_S_18bd551aa6,Mashup Nếu Có Buông Tay - Cho Anh Gần Em Thêm Chút Nữa,Tùng Linh,ART_45319aa419,POP_BALLAD,deterministic_mapping,1.0,N/A (Standard 11 Taxonomy),,MISSING,data/lyrics/RMVM_S_18bd551aa6.txt,AVAILABLE,,MISSING,,UNVERIFIED,TIER_A,LYRICS_ONLY,train
RMVM_S_10f6c2cad7,Mashup Nhắn Gió Mây Rằng Anh Yêu Em - Ta Còn Yêu Nhau,Tùng Linh,ART_45319aa419,POP_BALLAD,deterministic_mapping,1.0,N/A (Standard 11 Taxonomy),,MISSING,data/lyrics/RMVM_S_10f6c2cad7.txt,AVAILABLE,,MISSING,,UNVERIFIED,TIER_A,LYRICS_ONLY,train
RMVM_S_8b2dc759c8,Giọng Ca Buồn,Lưu Ánh Loan,ART_72a4147195,BOLERO_TRUTINH,deterministic_mapping,1.0,N/A (Standard 11 Taxonomy),,MISSING,data/lyrics/RMVM_S_8b2dc759c8.txt,AVAILABLE,,MISSING,,UNVERIFIED,TIER_A,LYRICS_ONLY,train
RMVM_S_94e7095112,Bài Tango Ngày Ấy,Lưu Ánh Loan,ART_72a4147195,BOLERO_TRUTINH,deterministic_mapping,1.0,N/A (Standard 11 Taxonomy),,MISSING,data/lyrics/RMVM_S_94e7095112.txt,AVAILABLE,,MISSING,,UNVERIFIED,TIER_A,LYRICS_ONLY,train
RMVM_S_9b8c8fc46f,Đời Hoa Trắng,Lưu Ánh Loan,ART_72a4147195,BOLERO_TRUTINH,deterministic_mapping,1.0,N/A (Standard 11 Taxonomy),,MISSING,data/lyrics/RMVM_S_9b8c8fc46f.txt,AVAILABLE,,MISSING,,UNVERIFIED,TIER_A,LYRICS_ONLY,train
RMVM_S_7df09d918c,Sau Một Hạnh Phúc,Lưu Ánh Loan,ART_72a4147195,POP_BALLAD,deterministic_mapping,1.0,N/A (Standard 11 Taxonomy),,MISSING,data/lyrics/RMVM_S_7df09d918c.txt,AVAILABLE,,MISSING,,UNVERIFIED,TIER_A,LYRICS_ONLY,train
RMVM_S_2fda9a20d3,Ly Rượu Mừng (2024 Version),Lưu Ánh Loan,ART_72a4147195,BOLERO_TRUTINH,deterministic_mapping,1.0,N/A (Standard 11 Taxonomy),,MISSING,data/lyrics/RMVM_S_2fda9a20d3.txt,AVAILABLE,,MISSING,2024.0,VERIFIED,TIER_A,LYRICS_ONLY,train
RMVM_S_f4a3504a7c,Con Sáo Cô Đơn,Lưu Ánh Loan,ART_72a4147195,BOLERO_TRUTINH,deterministic_mapping,1.0,N/A (Standard 11 Taxonomy),,MISSING,data/lyrics/RMVM_S_f4a3504a7c.txt,AVAILABLE,,MISSING,,UNVERIFIED,TIER_A,LYRICS_ONLY,train
RMVM_S_3d5005fe2b,Lối Cũ Tôi Về,Lưu Ánh Loan,ART_72a4147195,BOLERO_TRUTINH,deterministic_mapping,1.0,N/A (Standard 11 Taxonomy),,MISSING,data/lyrics/RMVM_S_3d5005fe2b.txt,AVAILABLE,,MISSING,,UNVERIFIED,TIER_A,LYRICS_ONLY,train
RMVM_S_2e0426910b,Tâm Sự Nàng Xuân (2024 Version),Lưu Ánh Loan,ART_72a4147195,BOLERO_TRUTINH,deterministic_mapping,1.0,N/A (Standard 11 Taxonomy),,MISSING,data/lyrics/RMVM_S_2e0426910b.txt,AVAILABLE,,MISSING,2024.0,VERIFIED,TIER_A,LYRICS_ONLY,train
RMVM_S_bc54fe90b6,LK Đêm Giao Thừa Nghe Một Khúc Dân Ca - Tết Phát Tài (Remix),Cao Thiên Vũ,ART_5a3ac2c4b1,POP_BALLAD,deterministic_mapping,1.0,N/A (Standard 11 Taxonomy),,MISSING,data/lyrics/RMVM_S_bc54fe90b6.txt,AVAILABLE,data/covers/RMVM_S_bc54fe90b6.jpg,AVAILABLE,,UNVERIFIED,TIER_A,LYRICS_COVER,train
RMVM_S_6633f84c44,Đợi Chờ Người Dưng,Cao Thiên Vũ,ART_5a3ac2c4b1,FOLK_TRADITIONAL,deterministic_mapping,1.0,N/A (Standard 11 Taxonomy),,MISSING,data/lyrics/RMVM_S_6633f84c44.txt,AVAILABLE,,MISSING,,UNVERIFIED,TIER_A,LYRICS_ONLY,train
RMVM_S_cad5766336,Thật Không Em,Cao Thiên Vũ,ART_5a3ac2c4b1,POP_BALLAD,deterministic_mapping,1.0,N/A (Standard 11 Taxonomy),,MISSING,data/lyrics/RMVM_S_cad5766336.txt,AVAILABLE,,MISSING,,UNVERIFIED,TIER_A,LYRICS_ONLY,train
RMVM_S_f65c4a5fce,Lúc Anh Cần Em Ở Đâu (Vinahouse),Cao Thiên Vũ,ART_5a3ac2c4b1,POP_BALLAD,deterministic_mapping,1.0,N/A (Standard 11 Taxonomy),,MISSING,data/lyrics/RMVM_S_f65c4a5fce.txt,AVAILABLE,,MISSING,,UNVERIFIED,TIER_A,LYRICS_ONLY,train
RMVM_S_5ef376fe91,Điệp Khúc Mùa Xuân (Remix),Cao Tùng Huy,ART_879c1f8ca5,POP_BALLAD,deterministic_mapping,1.0,N/A (Standard 11 Taxonomy),,MISSING,,MISSING,data/covers/RMVM_S_5ef376fe91.jpg,AVAILABLE,,UNVERIFIED,TIER_A,COVER_ONLY,train
RMVM_S_fb69bc1e1f,Bạn Không Giống Tôi (Đừng Phán Xét),Cao Tùng Huy,ART_879c1f8ca5,POP_BALLAD,deterministic_mapping,1.0,N/A (Standard 11 Taxonomy),,MISSING,data/lyrics/RMVM_S_fb69bc1e1f.txt,AVAILABLE,,MISSING,,UNVERIFIED,TIER_A,LYRICS_ONLY,train
RMVM_S_ab9eb7cc8b,Nếu Em Không Gặp May,Cao Tùng Huy,ART_879c1f8ca5,POP_BALLAD,deterministic_mapping,1.0,N/A (Standard 11 Taxonomy),,MISSING,data/lyrics/RMVM_S_ab9eb7cc8b.txt,AVAILABLE,,MISSING,,UNVERIFIED,TIER_A,LYRICS_ONLY,train
RMVM_MB_561e431e8d,Trash The Girl Them Trash,Blacka,ART_87222206ce,RAP_HIPHOP,musicbrainz_artist_discography,0.85,N/A (Standard 11 Taxonomy),,MISSING,,MISSING,,MISSING,1987.0,VERIFIED,TIER_B,NO_PHYSICAL_MODALITY,train
RMVM_MB_32acf01354,Realuminatti,Blacka,ART_87222206ce,RAP_HIPHOP,musicbrainz_artist_discography,0.85,N/A (Standard 11 Taxonomy),,MISSING,,MISSING,,MISSING,2013.0,VERIFIED,TIER_B,NO_PHYSICAL_MODALITY,train
RMVM_MB_9bda23a761,Name Brand,Blacka,ART_87222206ce,RAP_HIPHOP,musicbrainz_artist_discography,0.85,N/A (Standard 11 Taxonomy),,MISSING,,MISSING,,MISSING,2010.0,VERIFIED,TIER_B,NO_PHYSICAL_MODALITY,train
RMVM_MB_dd768a5f9d,Buddy Buddy,Blacka,ART_87222206ce,RAP_HIPHOP,musicbrainz_artist_discography,0.85,N/A (Standard 11 Taxonomy),,MISSING,,MISSING,,MISSING,2010.0,VERIFIED,TIER_B,NO_PHYSICAL_MODALITY,train
RMVM_MB_e843c6de3c,I Been,Blacka,ART_87222206ce,RAP_HIPHOP,musicbrainz_artist_discography,0.85,N/A (Standard 11 Taxonomy),,MISSING,,MISSING,,MISSING,2013.0,VERIFIED,TIER_B,NO_PHYSICAL_MODALITY,train
RMVM_MB_00b5a6a08b,MCCB,Blacka,ART_87222206ce,RAP_HIPHOP,musicbrainz_artist_discography,0.85,N/A (Standard 11 Taxonomy),,MISSING,,MISSING,,MISSING,2016.0,VERIFIED,TIER_B,NO_PHYSICAL_MODALITY,train
RMVM_MB_65b57d13a8,Dans Met Mij,Blacka,ART_87222206ce,RAP_HIPHOP,musicbrainz_artist_discography,0.85,N/A (Standard 11 Taxonomy),,MISSING,,MISSING,,MISSING,2023.0,VERIFIED,TIER_B,NO_PHYSICAL_MODALITY,train
RMVM_MB_e62b395c70,Magalin,Blacka,ART_87222206ce,RAP_HIPHOP,musicbrainz_artist_discography,0.85,N/A (Standard 11 Taxonomy),,MISSING,,MISSING,,MISSING,2020.0,VERIFIED,TIER_B,NO_PHYSICAL_MODALITY,train
RMVM_S_2b444433f2,Tương Tư Cục,"Lee Phú Quý, Thắng Ca",ART_c5337485a5,POP_BALLAD,deterministic_mapping,1.0,N/A (Standard 11 Taxonomy),,MISSING,data/lyrics/RMVM_S_2b444433f2.txt,AVAILABLE,,MISSING,,UNVERIFIED,TIER_A,LYRICS_ONLY,train
RMVM_S_b7f3082532,Bên Em Mùa Xuân (Remix),"Mai Tiến Đạt, CT",ART_3800df12dd,POP_BALLAD,deterministic_mapping,1.0,N/A (Standard 11 Taxonomy),,MISSING,,MISSING,data/covers/RMVM_S_b7f3082532.jpg,AVAILABLE,,UNVERIFIED,TIER_A,COVER_ONLY,train
RMVM_S_f3ef67e7a8,Vọng Cổ Buồn (Cha Cha Cha),"Mai Tiến Đạt, CT",ART_3800df12dd,POP_BALLAD,deterministic_mapping,1.0,N/A (Standard 11 Taxonomy),,MISSING,,MISSING,data/covers/RMVM_S_f3ef67e7a8.jpg,AVAILABLE,,UNVERIFIED,TIER_A,COVER_ONLY,train
RMVM_S_5d7e480a51,Anh Thương Người Người Thương Ai (Rumba),"Mai Tiến Đạt, CT",ART_3800df12dd,POP_BALLAD,deterministic_mapping,1.0,N/A (Standard 11 Taxonomy),,MISSING,data/lyrics/RMVM_S_5d7e480a51.txt,AVAILABLE,,MISSING,,UNVERIFIED,TIER_A,LYRICS_ONLY,train
RMVM_S_97d69e3ed0,Bao Giờ Hết Nợ Đời (Rumba),"Mai Tiến Đạt, CT",ART_3800df12dd,POP_BALLAD,deterministic_mapping,1.0,N/A (Standard 11 Taxonomy),,MISSING,data/lyrics/RMVM_S_97d69e3ed0.txt,AVAILABLE,,MISSING,,UNVERIFIED,TIER_A,LYRICS_ONLY,train
RMVM_S_90da633f58,Mai Lỡ Hai Mình Xa Nhau (Rumba),"Mai Tiến Đạt, CT",ART_3800df12dd,POP_BALLAD,deterministic_mapping,1.0,N/A (Standard 11 Taxonomy),,MISSING,data/lyrics/RMVM_S_90da633f58.txt,AVAILABLE,,MISSING,,UNVERIFIED,TIER_A,LYRICS_ONLY,train
RMVM_S_a5dc9b66b7,Mỉm Cười Mẹ Đơn Thân (Rumba),"Mai Tiến Đạt, CT",ART_3800df12dd,POP_BALLAD,deterministic_mapping,1.0,N/A (Standard 11 Taxonomy),,MISSING,data/lyrics/RMVM_S_a5dc9b66b7.txt,AVAILABLE,,MISSING,,UNVERIFIED,TIER_A,LYRICS_ONLY,train
RMVM_S_db0085ad07,Liên Khúc Hào Khí Việt Nam,FM Band,ART_9a73ba926d,POP_BALLAD,deterministic_mapping,0.85,N/A (Standard 11 Taxonomy),,MISSING,,MISSING,,MISSING,,UNVERIFIED,TIER_B,NO_PHYSICAL_MODALITY,train
RMVM_S_f7be22ae38,Ngày Xuân Thăm Nhau,"Quỳnh Trang, Thiên Quang",ART_b55b7bffd3,BOLERO_TRUTINH,deterministic_mapping,1.0,N/A (Standard 11 Taxonomy),,MISSING,data/lyrics/RMVM_S_f7be22ae38.txt,AVAILABLE,,MISSING,,UNVERIFIED,TIER_A,LYRICS_ONLY,train
RMVM_S_6a169bef8a,Liên Khúc Ngày Xưa Anh Nói - Bội Bạc,"Quỳnh Trang, Thiên Quang",ART_b55b7bffd3,BOLERO_TRUTINH,deterministic_mapping,1.0,N/A (Standard 11 Taxonomy),,MISSING,data/lyrics/RMVM_S_6a169bef8a.txt,AVAILABLE,,MISSING,,UNVERIFIED,TIER_A,LYRICS_ONLY,train
RMVM_S_4740f8b077,Khúc Tình Cuối,"Quỳnh Trang, Thiên Quang",ART_b55b7bffd3,BOLERO_TRUTINH,deterministic_mapping,1.0,N/A (Standard 11 Taxonomy),,MISSING,data/lyrics/RMVM_S_4740f8b077.txt,AVAILABLE,,MISSING,,UNVERIFIED,TIER_A,LYRICS_ONLY,train
RMVM_S_ede45a2ac0,Anh Rồi Sẽ Ổn Thôi!,LEO,ART_0f759dd1ea,POP_BALLAD,deterministic_mapping,1.0,N/A (Standard 11 Taxonomy),,MISSING,data/lyrics/RMVM_S_ede45a2ac0.txt,AVAILABLE,,MISSING,,UNVERIFIED,TIER_A,LYRICS_ONLY,train
RMVM_S_84cfe9741c,Cây Đa Quán Dốc,LEO,ART_0f759dd1ea,POP_BALLAD,deterministic_mapping,1.0,N/A (Standard 11 Taxonomy),,MISSING,data/lyrics/RMVM_S_84cfe9741c.txt,AVAILABLE,,MISSING,,UNVERIFIED,TIER_A,LYRICS_ONLY,train
RMVM_S_565c9beb3f,Hè Muộn,"Bằng Kiều, Lâm Chí Thành",ART_e56798f01c,POP_BALLAD,deterministic_mapping,1.0,N/A (Standard 11 Taxonomy),,MISSING,data/lyrics/RMVM_S_565c9beb3f.txt,AVAILABLE,,MISSING,,UNVERIFIED,TIER_A,LYRICS_ONLY,train
RMVM_S_58248642bc,Chỉ Còn Một Mình Em,Hoàng Linh Anh,ART_c2897c3f2b,POP_BALLAD,deterministic_mapping,1.0,N/A (Standard 11 Taxonomy),,MISSING,data/lyrics/RMVM_S_58248642bc.txt,AVAILABLE,,MISSING,,UNVERIFIED,TIER_A,LYRICS_ONLY,train
RMVM_S_643a979376,Ta Còn Thuộc Về Nhau (Cover),Hoàng Linh Anh,ART_c2897c3f2b,POP_BALLAD,deterministic_mapping,1.0,N/A (Standard 11 Taxonomy),,MISSING,data/lyrics/RMVM_S_643a979376.txt,AVAILABLE,,MISSING,,UNVERIFIED,TIER_A,LYRICS_ONLY,train
RMVM_S_3404644182,Anh Chỉ Dám Nhá Máy Cho Em,Lâm Chấn Huy,ART_6c383e0ed1,POP_BALLAD,deterministic_mapping,1.0,N/A (Standard 11 Taxonomy),,MISSING,data/lyrics/RMVM_S_3404644182.txt,AVAILABLE,data/covers/RMVM_S_3404644182.jpg,AVAILABLE,,UNVERIFIED,TIER_A,LYRICS_COVER,train
RMVM_S_d5b3cab260,Muốn Quên Đi Một Người Ta Đã Yêu,Lâm Chấn Huy,ART_6c383e0ed1,POP_BALLAD,deterministic_mapping,1.0,N/A (Standard 11 Taxonomy),,MISSING,data/lyrics/RMVM_S_d5b3cab260.txt,AVAILABLE,,MISSING,,UNVERIFIED,TIER_A,LYRICS_ONLY,train
RMVM_S_db4ad2213c,Bạn Chơi Tốt Tôi Đáp Lại,Lâm Chấn Huy,ART_6c383e0ed1,POP_BALLAD,deterministic_mapping,1.0,N/A (Standard 11 Taxonomy),,MISSING,data/lyrics/RMVM_S_db4ad2213c.txt,AVAILABLE,,MISSING,,UNVERIFIED,TIER_A,LYRICS_ONLY,train
RMVM_S_d748140c90,Tình yêu không phải trò chơi,Lâm Chấn Huy,ART_6c383e0ed1,POP_BALLAD,deterministic_mapping,1.0,N/A (Standard 11 Taxonomy),,MISSING,data/lyrics/RMVM_S_d748140c90.txt,AVAILABLE,,MISSING,,UNVERIFIED,TIER_A,LYRICS_ONLY,train
RMVM_S_24ebfecf87,Thà Làm Áng Mây Trôi,Lâm Chấn Huy,ART_6c383e0ed1,POP_BALLAD,deterministic_mapping,1.0,N/A (Standard 11 Taxonomy),,MISSING,data/lyrics/RMVM_S_24ebfecf87.txt,AVAILABLE,,MISSING,,UNVERIFIED,TIER_A,LYRICS_ONLY,train
RMVM_S_ebf3d6d137,Ghen Chỉ Vì Yêu,Lâm Chấn Huy,ART_6c383e0ed1,POP_BALLAD,deterministic_mapping,1.0,N/A (Standard 11 Taxonomy),,MISSING,data/lyrics/RMVM_S_ebf3d6d137.txt,AVAILABLE,,MISSING,,UNVERIFIED,TIER_A,LYRICS_ONLY,train
RMVM_S_f868bd4537,Đời Mà Ai Không Dẫm Gai,Lâm Chấn Huy,ART_6c383e0ed1,POP_BALLAD,deterministic_mapping,1.0,N/A (Standard 11 Taxonomy),,MISSING,data/lyrics/RMVM_S_f868bd4537.txt,AVAILABLE,,MISSING,,UNVERIFIED,TIER_A,LYRICS_ONLY,train
RMVM_S_a65cd6500a,Ký Ức Nhạt Màu,Lâm Chấn Huy,ART_6c383e0ed1,POP_BALLAD,deterministic_mapping,1.0,N/A (Standard 11 Taxonomy),,MISSING,data/lyrics/RMVM_S_a65cd6500a.txt,AVAILABLE,,MISSING,,UNVERIFIED,TIER_A,LYRICS_ONLY,train
RMVM_S_9803be72f2,Bầu Trời Của Con,Lâm Chấn Huy,ART_6c383e0ed1,FOLK_TRADITIONAL,deterministic_mapping,1.0,N/A (Standard 11 Taxonomy),,MISSING,data/lyrics/RMVM_S_9803be72f2.txt,AVAILABLE,,MISSING,,UNVERIFIED,TIER_A,LYRICS_ONLY,train
RMVM_S_7f0221dc59,Anh Không Phải Là Hạnh Phúc Của Em,Lâm Chấn Huy,ART_6c383e0ed1,POP_BALLAD,deterministic_mapping,1.0,N/A (Standard 11 Taxonomy),,MISSING,data/lyrics/RMVM_S_7f0221dc59.txt,AVAILABLE,,MISSING,,UNVERIFIED,TIER_A,LYRICS_ONLY,train
RMVM_S_cc50ad2a62,Chỉ Vì Một Dòng Tin,Lâm Chấn Huy,ART_6c383e0ed1,POP_BALLAD,deterministic_mapping,1.0,N/A (Standard 11 Taxonomy),,MISSING,data/lyrics/RMVM_S_cc50ad2a62.txt,AVAILABLE,,MISSING,,UNVERIFIED,TIER_A,LYRICS_ONLY,train
RMVM_S_e1f556e0fa,Anh Đi Rồi Anh Sẽ Về,Lâm Chấn Huy,ART_6c383e0ed1,POP_BALLAD,deterministic_mapping,1.0,N/A (Standard 11 Taxonomy),,MISSING,data/lyrics/RMVM_S_e1f556e0fa.txt,AVAILABLE,,MISSING,,UNVERIFIED,TIER_A,LYRICS_ONLY,train
RMVM_S_a405aa4065,Anh Yêu Em Nhiều Hơn Ngày Hôm Qua,Lâm Chấn Huy,ART_6c383e0ed1,POP_BALLAD,deterministic_mapping,1.0,N/A (Standard 11 Taxonomy),,MISSING,data/lyrics/RMVM_S_a405aa4065.txt,AVAILABLE,,MISSING,,UNVERIFIED,TIER_A,LYRICS_ONLY,train
RMVM_S_81cd79e251,Vì Sao Em Khóa Máy,Lâm Chấn Huy,ART_6c383e0ed1,POP_BALLAD,deterministic_mapping,1.0,N/A (Standard 11 Taxonomy),,MISSING,data/lyrics/RMVM_S_81cd79e251.txt,AVAILABLE,,MISSING,,UNVERIFIED,TIER_A,LYRICS_ONLY,train
RMVM_S_e8c7d35bb5,Vì Anh Là Người Thứ Ba,Lâm Chấn Huy,ART_6c383e0ed1,POP_BALLAD,deterministic_mapping,1.0,N/A (Standard 11 Taxonomy),,MISSING,data/lyrics/RMVM_S_e8c7d35bb5.txt,AVAILABLE,,MISSING,,UNVERIFIED,TIER_A,LYRICS_ONLY,train
RMVM_S_5e0e66623e,Cha Thấy Đau Lòng (Đắng Tình Anh Em),Lâm Chấn Huy,ART_6c383e0ed1,POP_BALLAD,deterministic_mapping,1.0,N/A (Standard 11 Taxonomy),,MISSING,data/lyrics/RMVM_S_5e0e66623e.txt,AVAILABLE,,MISSING,,UNVERIFIED,TIER_A,LYRICS_ONLY,train
RMVM_S_fcd1959354,Em Dối Gian Tôi Để Làm Gì,Lâm Chấn Huy,ART_6c383e0ed1,POP_BALLAD,deterministic_mapping,1.0,N/A (Standard 11 Taxonomy),,MISSING,data/lyrics/RMVM_S_fcd1959354.txt,AVAILABLE,,MISSING,,UNVERIFIED,TIER_A,LYRICS_ONLY,train
RMVM_S_d802affe3a,Cửa Tâm Hồn,"KindyA, CvP, KaWaiiBi",ART_6e9dbe8522,RAP_HIPHOP,deterministic_mapping,1.0,N/A (Standard 11 Taxonomy),,MISSING,data/lyrics/RMVM_S_d802affe3a.txt,AVAILABLE,,MISSING,,UNVERIFIED,TIER_A,LYRICS_ONLY,train
RMVM_S_5f7e4b5072,Mưa Của Ký Ức,"NNA, KaWaiiBi, Kid TD",ART_902c78546e,RAP_HIPHOP,deterministic_mapping,1.0,N/A (Standard 11 Taxonomy),,MISSING,data/lyrics/RMVM_S_5f7e4b5072.txt,AVAILABLE,,MISSING,,UNVERIFIED,TIER_A,LYRICS_ONLY,train
RMVM_S_dde2c33cdb,Ràng Buộc,"NNA, KaWaiiBi, Kid TD",ART_902c78546e,RAP_HIPHOP,deterministic_mapping,1.0,N/A (Standard 11 Taxonomy),,MISSING,data/lyrics/RMVM_S_dde2c33cdb.txt,AVAILABLE,,MISSING,,UNVERIFIED,TIER_A,LYRICS_ONLY,train
RMVM_S_32480cf603,Chỉ Cần Có Em (Remix),Nguyễn Đức Quang,ART_95ff6c123b,POP_BALLAD,deterministic_mapping,1.0,N/A (Standard 11 Taxonomy),,MISSING,data/lyrics/RMVM_S_32480cf603.txt,AVAILABLE,,MISSING,,UNVERIFIED,TIER_A,LYRICS_ONLY,train
RMVM_S_ce4ee9f5bb,Bài Ca Tạm Biệt,Quốc Định,ART_a89126c5f6,BOLERO_TRUTINH,deterministic_mapping,1.0,N/A (Standard 11 Taxonomy),,MISSING,data/lyrics/RMVM_S_ce4ee9f5bb.txt,AVAILABLE,,MISSING,,UNVERIFIED,TIER_A,LYRICS_ONLY,train
RMVM_S_f7165d46f6,Anh Chỉ Cần Lý Do,"Lương Gia Hùng, Goctoi Mixer, Tracy Thảo My",ART_182486add0,POP_BALLAD,deterministic_mapping,1.0,N/A (Standard 11 Taxonomy),,MISSING,data/lyrics/RMVM_S_f7165d46f6.txt,AVAILABLE,,MISSING,,UNVERIFIED,TIER_A,LYRICS_ONLY,train
RMVM_S_34b6002653,Tổn Thương Nhau Để Được Gì?,"JayJay, KayZ",ART_44963d48ce,POP_BALLAD,deterministic_mapping,1.0,N/A (Standard 11 Taxonomy),,MISSING,data/lyrics/RMVM_S_34b6002653.txt,AVAILABLE,,MISSING,,UNVERIFIED,TIER_A,LYRICS_ONLY,train
RMVM_S_9f4041e680,Lá Vàng Khóc Lá Xanh,Trường Thanh,ART_57b1841641,BOLERO_TRUTINH,deterministic_mapping,1.0,N/A (Standard 11 Taxonomy),,MISSING,data/lyrics/RMVM_S_9f4041e680.txt,AVAILABLE,,MISSING,,UNVERIFIED,TIER_A,LYRICS_ONLY,train
RMVM_S_f0694fd2b9,Phố Cũ Mưa Rơi,Trường Thanh,ART_57b1841641,POP_BALLAD,deterministic_mapping,1.0,N/A (Standard 11 Taxonomy),,MISSING,data/lyrics/RMVM_S_f0694fd2b9.txt,AVAILABLE,,MISSING,,UNVERIFIED,TIER_A,LYRICS_ONLY,train
RMVM_S_4b3005dfc7,Hát Bên Trời Lãng Quên,Trường Thanh,ART_57b1841641,BOLERO_TRUTINH,deterministic_mapping,1.0,N/A (Standard 11 Taxonomy),,MISSING,data/lyrics/RMVM_S_4b3005dfc7.txt,AVAILABLE,,MISSING,,UNVERIFIED,TIER_A,LYRICS_ONLY,train
RMVM_S_22e4241850,Ai Mà Có Hay,Nguyễn Kiều Oanh,ART_b7e491b3a8,POP_BALLAD,deterministic_mapping,1.0,N/A (Standard 11 Taxonomy),,MISSING,data/lyrics/RMVM_S_22e4241850.txt,AVAILABLE,,MISSING,,UNVERIFIED,TIER_A,LYRICS_ONLY,train
RMVM_S_82c14489d5,Độ Ta Độ Nàng Độ Khắp Thế Gian,Trương Y Du,ART_401ca15143,POP_BALLAD,deterministic_mapping,1.0,N/A (Standard 11 Taxonomy),,MISSING,data/lyrics/RMVM_S_82c14489d5.txt,AVAILABLE,,MISSING,,UNVERIFIED,TIER_A,LYRICS_ONLY,train
RMVM_S_45212d3dee,Chỉ Cần Độ Nàng Chẳng Cần Độ Ta,Trương Y Du,ART_401ca15143,POP_BALLAD,deterministic_mapping,1.0,N/A (Standard 11 Taxonomy),,MISSING,data/lyrics/RMVM_S_45212d3dee.txt,AVAILABLE,,MISSING,,UNVERIFIED,TIER_A,LYRICS_ONLY,train
RMVM_S_96abf8d56a,Lý Do Em Ra Đi,Trương Y Du,ART_401ca15143,POP_BALLAD,deterministic_mapping,1.0,N/A (Standard 11 Taxonomy),,MISSING,data/lyrics/RMVM_S_96abf8d56a.txt,AVAILABLE,,MISSING,,UNVERIFIED,TIER_A,LYRICS_ONLY,train
RMVM_S_c46ad1d614,Còn Lại Xót Xa,Song Giang,ART_7bdacfa504,POP_BALLAD,deterministic_mapping,1.0,N/A (Standard 11 Taxonomy),,MISSING,data/lyrics/RMVM_S_c46ad1d614.txt,AVAILABLE,,MISSING,,UNVERIFIED,TIER_A,LYRICS_ONLY,train
RMVM_MB_69c61f0504,yêu anh đi mẹ anh bán bánh mì,Phúc Du,ART_955a09ac82,RAP_HIPHOP,musicbrainz_artist_discography,0.85,N/A (Standard 11 Taxonomy),,MISSING,,MISSING,,MISSING,2023.0,VERIFIED,TIER_B,NO_PHYSICAL_MODALITY,train
RMVM_MB_b1b6eb766a,đứa nào làm em buồn (Lofi Version),Phúc Du,ART_955a09ac82,RAP_HIPHOP,musicbrainz_artist_discography,0.85,N/A (Standard 11 Taxonomy),,MISSING,,MISSING,,MISSING,2023.0,VERIFIED,TIER_B,NO_PHYSICAL_MODALITY,train
RMVM_MB_54f9ff0b35,Nhường Lại Em,Phúc Du,ART_955a09ac82,RAP_HIPHOP,musicbrainz_artist_discography,0.85,N/A (Standard 11 Taxonomy),,MISSING,,MISSING,,MISSING,2022.0,VERIFIED,TIER_B,NO_PHYSICAL_MODALITY,train
RMVM_MB_7fe7f00bcf,yêu anh đi mẹ anh bán bánh mì (DuongK Lofi),Phúc Du,ART_955a09ac82,RAP_HIPHOP,musicbrainz_artist_discography,0.85,N/A (Standard 11 Taxonomy),,MISSING,,MISSING,,MISSING,2023.0,VERIFIED,TIER_B,NO_PHYSICAL_MODALITY,train
RMVM_MB_574065d6a8,Đừng Gọi Anh Dậy (DSmall Remix),Phúc Du,ART_955a09ac82,RAP_HIPHOP,musicbrainz_artist_discography,0.85,N/A (Standard 11 Taxonomy),,MISSING,,MISSING,,MISSING,2023.0,VERIFIED,TIER_B,NO_PHYSICAL_MODALITY,train
RMVM_MB_96a979c6de,Có đau thì đau một mình,Phúc Du,ART_955a09ac82,RAP_HIPHOP,musicbrainz_artist_discography,0.85,N/A (Standard 11 Taxonomy),,MISSING,,MISSING,,MISSING,2024.0,VERIFIED,TIER_B,NO_PHYSICAL_MODALITY,train
RMVM_MB_522e68347d,đứa nào làm em buồn,Phúc Du,ART_955a09ac82,RAP_HIPHOP,musicbrainz_artist_discography,0.85,N/A (Standard 11 Taxonomy),,MISSING,,MISSING,,MISSING,2023.0,VERIFIED,TIER_B,NO_PHYSICAL_MODALITY,train
RMVM_MB_2c2c9b8447,từ chối nhẹ nhàng thôi,Phúc Du,ART_955a09ac82,RAP_HIPHOP,musicbrainz_artist_discography,0.85,N/A (Standard 11 Taxonomy),,MISSING,,MISSING,,MISSING,2020.0,VERIFIED,TIER_B,NO_PHYSICAL_MODALITY,train
RMVM_S_0e0f2dd0b7,Anh Là Quá Khứ Em Không Thể Quên (WRC REMIX),"ZIN MEDIA, Oanh Tạ",ART_f92ee7eb77,DANCE_EDM,deterministic_mapping,1.0,N/A (Standard 11 Taxonomy),,MISSING,data/lyrics/RMVM_S_0e0f2dd0b7.txt,AVAILABLE,,MISSING,,UNVERIFIED,TIER_A,LYRICS_ONLY,train
RMVM_S_42ff8ce876,Chạm Nỗi Đau Dài (Cover),Lữ Huỳnh,ART_e4091350e1,POP_BALLAD,deterministic_mapping,1.0,N/A (Standard 11 Taxonomy),,MISSING,data/lyrics/RMVM_S_42ff8ce876.txt,AVAILABLE,,MISSING,,UNVERIFIED,TIER_A,LYRICS_ONLY,train
RMVM_S_4db6a034c9,Chờ Anh Em Nhé (Beat),"Châu Khải Phong, Thành Nam ABK",ART_68a2bcdcc1,POP_BALLAD,deterministic_mapping,1.0,N/A (Standard 11 Taxonomy),,MISSING,data/lyrics/RMVM_S_4db6a034c9.txt,AVAILABLE,,MISSING,,UNVERIFIED,TIER_A,LYRICS_ONLY,train
RMVM_S_64c4014929,Cuồng Quay,"K.O.I, CM1X",ART_e0b039a631,POP_BALLAD,deterministic_mapping,1.0,N/A (Standard 11 Taxonomy),,MISSING,data/lyrics/RMVM_S_64c4014929.txt,AVAILABLE,,MISSING,,UNVERIFIED,TIER_A,LYRICS_ONLY,train
RMVM_S_86905f9456,Chim Sáo Ngày Xưa,Trung Quang,ART_5c805f1db6,BOLERO_TRUTINH,deterministic_mapping,0.85,N/A (Standard 11 Taxonomy),,MISSING,,MISSING,,MISSING,,UNVERIFIED,TIER_B,NO_PHYSICAL_MODALITY,train
RMVM_S_8bc65c64ee,Hoa Có Chủ,Trung Quang,ART_5c805f1db6,POP_BALLAD,deterministic_mapping,0.85,N/A (Standard 11 Taxonomy),,MISSING,,MISSING,,MISSING,,UNVERIFIED,TIER_B,NO_PHYSICAL_MODALITY,train
RMVM_S_64ead6e4d5,Ngỡ Như Giấc Mơ,"Chu Duyên, ACV",ART_af9d7cf31f,POP_BALLAD,deterministic_mapping,1.0,N/A (Standard 11 Taxonomy),,MISSING,data/lyrics/RMVM_S_64ead6e4d5.txt,AVAILABLE,,MISSING,,UNVERIFIED,TIER_A,LYRICS_ONLY,train
RMVM_S_ade24e1643,Thằng Cuội,"Bé Bào Ngư, Hồ Văn Cường",ART_b709dc7322,CHILDREN,artist_discography_verification,0.85,N/A (Standard 11 Taxonomy),,MISSING,data/lyrics/RMVM_S_ade24e1643.txt,AVAILABLE,,MISSING,,UNVERIFIED,TIER_B,LYRICS_ONLY,train
RMVM_S_9c6f1c1309,Long An Khúc Hát Trao Duyên,"Văn Hương, Lý Thu Thảo",ART_aeb01a106c,BOLERO_TRUTINH,deterministic_mapping,1.0,N/A (Standard 11 Taxonomy),,MISSING,data/lyrics/RMVM_S_9c6f1c1309.txt,AVAILABLE,,MISSING,,UNVERIFIED,TIER_A,LYRICS_ONLY,train
RMVM_S_84a05b47fa,Ba Má Anh,"Nhật Bảo Luân, Bỉnh Tài",ART_05a4baf098,POP_BALLAD,deterministic_mapping,1.0,N/A (Standard 11 Taxonomy),,MISSING,data/lyrics/RMVM_S_84a05b47fa.txt,AVAILABLE,,MISSING,,UNVERIFIED,TIER_A,LYRICS_ONLY,train
RMVM_S_997ee49677,Bao Lâu Chưa Uống,"Ngọc Kara, Andree",ART_ca2b711433,POP_BALLAD,deterministic_mapping,1.0,N/A (Standard 11 Taxonomy),,MISSING,data/lyrics/RMVM_S_997ee49677.txt,AVAILABLE,,MISSING,,UNVERIFIED,TIER_A,LYRICS_ONLY,train
RMVM_S_e1b0e2b33f,Liên Khúc 13 Tỉnh Thành (Lê Như),"Lời bài hát, tải nhạc Zing MP3",ART_ac84d0e8b1,FOLK_TRADITIONAL,deterministic_mapping,1.0,N/A (Standard 11 Taxonomy),,MISSING,,MISSING,data/covers/RMVM_S_e1b0e2b33f.jpg,AVAILABLE,,UNVERIFIED,TIER_A,COVER_ONLY,train
RMVM_S_9260f56ff0,Ta Yêu Sài Gòn Đến Lạ (ChuChu),"Lời bài hát, tải nhạc Zing MP3",ART_ac84d0e8b1,POP_BALLAD,deterministic_mapping,1.0,N/A (Standard 11 Taxonomy),,MISSING,,MISSING,data/covers/RMVM_S_9260f56ff0.jpg,AVAILABLE,,UNVERIFIED,TIER_A,COVER_ONLY,train
RMVM_S_58e7204946,"ANH EM GỌI LÀ CÓ MẶT NGAY (feat. Đức Phúc, CAPTAIN, Quân A.P & Anh Tú) (Nhiều nghệ sĩ)","Lời bài hát, tải nhạc Zing MP3",ART_ac84d0e8b1,POP_BALLAD,deterministic_mapping,1.0,N/A (Standard 11 Taxonomy),,MISSING,,MISSING,data/covers/RMVM_S_58e7204946.jpg,AVAILABLE,,UNVERIFIED,TIER_A,COVER_ONLY,train
RMVM_S_e4eba12d71,"Ánh Trăng Quê (Huỳnh Như, Kim Tiểu Long)","Lời bài hát, tải nhạc Zing MP3",ART_ac84d0e8b1,BOLERO_TRUTINH,deterministic_mapping,1.0,N/A (Standard 11 Taxonomy),,MISSING,,MISSING,data/covers/RMVM_S_e4eba12d71.jpg,AVAILABLE,,UNVERIFIED,TIER_A,COVER_ONLY,train
RMVM_S_2000fa7d0f,Chuyện Tình Buồn & Ngàn Năm Vẫn Không Quên,Duy Quang,ART_c8082352bb,INSTRUMENTAL,source_tag_verification,0.85,N/A (Standard 11 Taxonomy),,MISSING,data/lyrics/RMVM_S_2000fa7d0f.txt,AVAILABLE,,MISSING,,UNVERIFIED,TIER_B,LYRICS_ONLY,train
RMVM_S_283a2ad203,Một Đêm Say,Thịnh Suy,ART_9c92d2a39a,POP_BALLAD,deterministic_mapping,1.0,N/A (Standard 11 Taxonomy),,MISSING,data/lyrics/RMVM_S_283a2ad203.txt,AVAILABLE,data/covers/RMVM_S_283a2ad203.jpg,AVAILABLE,,UNVERIFIED,TIER_A,LYRICS_COVER,train
RMVM_S_aecccb9933,Chết Trong Em,Thịnh Suy,ART_9c92d2a39a,POP_BALLAD,deterministic_mapping,1.0,N/A (Standard 11 Taxonomy),,MISSING,data/lyrics/RMVM_S_aecccb9933.txt,AVAILABLE,,MISSING,,UNVERIFIED,TIER_A,LYRICS_ONLY,train
RMVM_S_8cd121154a,Anh Đã Thay Lòng,"Gia Tiến, Thanh Ngân",ART_17a225035c,POP_BALLAD,deterministic_mapping,1.0,N/A (Standard 11 Taxonomy),,MISSING,data/lyrics/RMVM_S_8cd121154a.txt,AVAILABLE,,MISSING,,UNVERIFIED,TIER_A,LYRICS_ONLY,train
RMVM_S_155d98448c,Hạnh Phúc Trên Tay,"Thiên Kim, Thế Sơn",ART_a60f777a3c,INSTRUMENTAL,source_tag_verification,0.85,N/A (Standard 11 Taxonomy),,MISSING,data/lyrics/RMVM_S_155d98448c.txt,AVAILABLE,,MISSING,,UNVERIFIED,TIER_B,LYRICS_ONLY,train
RMVM_MB_d6cceb302e,Thương nhau ngày mưa,Thúy Hường,ART_d31060c982,FOLK_TRADITIONAL,musicbrainz_artist_discography,0.85,N/A (Standard 11 Taxonomy),,MISSING,,MISSING,,MISSING,2011.0,VERIFIED,TIER_B,NO_PHYSICAL_MODALITY,train
RMVM_MB_995f29f493,I'll Be Okay,Thúy Hường,ART_d31060c982,FOLK_TRADITIONAL,musicbrainz_artist_discography,0.85,N/A (Standard 11 Taxonomy),,MISSING,,MISSING,,MISSING,2005.0,VERIFIED,TIER_B,NO_PHYSICAL_MODALITY,train
RMVM_MB_e579d5f87e,"Thương Nhau Ngày Mưa, Một Giấc Mơ",Thúy Hường,ART_d31060c982,FOLK_TRADITIONAL,musicbrainz_artist_discography,0.85,N/A (Standard 11 Taxonomy),,MISSING,,MISSING,,MISSING,,UNVERIFIED,TIER_B,NO_PHYSICAL_MODALITY,train
RMVM_MB_77ca79dd69,Cho anh xin số nhà,Thúy Hường,ART_d31060c982,FOLK_TRADITIONAL,musicbrainz_artist_discography,0.85,N/A (Standard 11 Taxonomy),,MISSING,,MISSING,,MISSING,2006.0,VERIFIED,TIER_B,NO_PHYSICAL_MODALITY,train
RMVM_MB_c3b9dcc7ef,Calling for a Boat to Cross the River (vocal solo),Thúy Hường,ART_d31060c982,FOLK_TRADITIONAL,musicbrainz_artist_discography,0.85,N/A (Standard 11 Taxonomy),,MISSING,,MISSING,,MISSING,,UNVERIFIED,TIER_B,NO_PHYSICAL_MODALITY,train
RMVM_MB_6ea5b908e2,I can lose my heart tonight - Are you man enough,Thúy Hường,ART_d31060c982,FOLK_TRADITIONAL,musicbrainz_artist_discography,0.85,N/A (Standard 11 Taxonomy),,MISSING,,MISSING,,MISSING,2014.0,VERIFIED,TIER_B,NO_PHYSICAL_MODALITY,train
RMVM_MB_4835aa5563,Cai Tram Em Cai,Thúy Hường,ART_d31060c982,FOLK_TRADITIONAL,musicbrainz_artist_discography,0.85,N/A (Standard 11 Taxonomy),,MISSING,,MISSING,,MISSING,2019.0,VERIFIED,TIER_B,NO_PHYSICAL_MODALITY,train
RMVM_MB_4579526667,Medley CC Catch,Thúy Hường,ART_d31060c982,FOLK_TRADITIONAL,musicbrainz_artist_discography,0.85,N/A (Standard 11 Taxonomy),,MISSING,,MISSING,,MISSING,,UNVERIFIED,TIER_B,NO_PHYSICAL_MODALITY,train
RMVM_MB_cca26ec3cb,Yêu dại khờ,Thúy Hường,ART_d31060c982,FOLK_TRADITIONAL,musicbrainz_artist_discography,0.85,N/A (Standard 11 Taxonomy),,MISSING,,MISSING,,MISSING,2008.0,VERIFIED,TIER_B,NO_PHYSICAL_MODALITY,train
RMVM_MB_ab87ca2923,Chàng đẹp trai,Thúy Hường,ART_d31060c982,FOLK_TRADITIONAL,musicbrainz_artist_discography,0.85,N/A (Standard 11 Taxonomy),,MISSING,,MISSING,,MISSING,2008.0,VERIFIED,TIER_B,NO_PHYSICAL_MODALITY,train
RMVM_MB_32927e4f0a,Tình thắm duyên quê,Thúy Hường,ART_d31060c982,FOLK_TRADITIONAL,musicbrainz_artist_discography,0.85,N/A (Standard 11 Taxonomy),,MISSING,,MISSING,,MISSING,2016.0,VERIFIED,TIER_B,NO_PHYSICAL_MODALITY,train
RMVM_MB_bb4e972238,Gimme Gimme,Thúy Hường,ART_d31060c982,FOLK_TRADITIONAL,musicbrainz_artist_discography,0.85,N/A (Standard 11 Taxonomy),,MISSING,,MISSING,,MISSING,2008.0,VERIFIED,TIER_B,NO_PHYSICAL_MODALITY,train
RMVM_MB_a0fb33067e,Ngàn năm chờ đợi,Thúy Hường,ART_d31060c982,FOLK_TRADITIONAL,musicbrainz_artist_discography,0.85,N/A (Standard 11 Taxonomy),,MISSING,,MISSING,,MISSING,2008.0,VERIFIED,TIER_B,NO_PHYSICAL_MODALITY,train
RMVM_MB_409222a8df,Khát khao,Thúy Hường,ART_d31060c982,FOLK_TRADITIONAL,musicbrainz_artist_discography,0.85,N/A (Standard 11 Taxonomy),,MISSING,,MISSING,,MISSING,2008.0,VERIFIED,TIER_B,NO_PHYSICAL_MODALITY,train
RMVM_MB_593179e287,Men Say Tình Ái,Thúy Hường,ART_d31060c982,FOLK_TRADITIONAL,musicbrainz_artist_discography,0.85,N/A (Standard 11 Taxonomy),,MISSING,,MISSING,,MISSING,2008.0,VERIFIED,TIER_B,NO_PHYSICAL_MODALITY,train
RMVM_MB_d7216573bb,Miss me,Thúy Hường,ART_d31060c982,FOLK_TRADITIONAL,musicbrainz_artist_discography,0.85,N/A (Standard 11 Taxonomy),,MISSING,,MISSING,,MISSING,2008.0,VERIFIED,TIER_B,NO_PHYSICAL_MODALITY,train
RMVM_S_e1f5e36c87,Hỏi Nàng Xuân,Châu Ngọc Tiên,ART_bf15076f34,BOLERO_TRUTINH,deterministic_mapping,1.0,N/A (Standard 11 Taxonomy),,MISSING,data/lyrics/RMVM_S_e1f5e36c87.txt,AVAILABLE,,MISSING,,UNVERIFIED,TIER_A,LYRICS_ONLY,train
RMVM_S_de39c21480,LK Chuyện Tình Nàng Trinh Nữ Tên Thi - Nỗi Buồn Hoa Phượng,Châu Ngọc Tiên,ART_bf15076f34,BOLERO_TRUTINH,deterministic_mapping,1.0,N/A (Standard 11 Taxonomy),,MISSING,data/lyrics/RMVM_S_de39c21480.txt,AVAILABLE,,MISSING,,UNVERIFIED,TIER_A,LYRICS_ONLY,train
RMVM_S_01ee0abbb2,Cung Đàn Có Em,Châu Ngọc Tiên,ART_bf15076f34,BOLERO_TRUTINH,deterministic_mapping,1.0,N/A (Standard 11 Taxonomy),,MISSING,data/lyrics/RMVM_S_01ee0abbb2.txt,AVAILABLE,,MISSING,,UNVERIFIED,TIER_A,LYRICS_ONLY,train
RMVM_S_2cb0923149,Nghe Như Tình Yêu,HIEUTHUHAI,ART_b196424628,POP_BALLAD,deterministic_mapping,1.0,N/A (Standard 11 Taxonomy),,MISSING,data/lyrics/RMVM_S_2cb0923149.txt,AVAILABLE,,MISSING,,UNVERIFIED,TIER_A,LYRICS_ONLY,train
RMVM_MB_e7040e411e,Interlude Nước Mắt Cá Sấu,HIEUTHUHAI,ART_b196424628,RAP_HIPHOP,musicbrainz_artist_discography,0.85,N/A (Standard 11 Taxonomy),,MISSING,,MISSING,,MISSING,2026.0,VERIFIED,TIER_B,NO_PHYSICAL_MODALITY,train
RMVM_MB_06ef56d7a4,Anh Nên Đi Khỏi Đây,HIEUTHUHAI,ART_b196424628,RAP_HIPHOP,musicbrainz_artist_discography,0.85,N/A (Standard 11 Taxonomy),,MISSING,,MISSING,,MISSING,2026.0,VERIFIED,TIER_B,NO_PHYSICAL_MODALITY,train
RMVM_MB_2901d8167e,Vacheron Louie V,HIEUTHUHAI,ART_b196424628,RAP_HIPHOP,musicbrainz_artist_discography,0.85,N/A (Standard 11 Taxonomy),,MISSING,,MISSING,,MISSING,2026.0,VERIFIED,TIER_B,NO_PHYSICAL_MODALITY,train
RMVM_MB_a837ad2bab,Hết Yêu,HIEUTHUHAI,ART_b196424628,RAP_HIPHOP,musicbrainz_artist_discography,0.85,N/A (Standard 11 Taxonomy),,MISSING,,MISSING,,MISSING,2026.0,VERIFIED,TIER_B,NO_PHYSICAL_MODALITY,train
RMVM_MB_699ec7681a,Đáng Lý Anh Nên Yêu Em Hơn,HIEUTHUHAI,ART_b196424628,RAP_HIPHOP,musicbrainz_artist_discography,0.85,N/A (Standard 11 Taxonomy),,MISSING,,MISSING,,MISSING,2026.0,VERIFIED,TIER_B,NO_PHYSICAL_MODALITY,train
RMVM_MB_330ccd1fa3,Sắp Nổi Tiếng 2,HIEUTHUHAI,ART_b196424628,RAP_HIPHOP,musicbrainz_artist_discography,0.85,N/A (Standard 11 Taxonomy),,MISSING,,MISSING,,MISSING,2026.0,VERIFIED,TIER_B,NO_PHYSICAL_MODALITY,train
RMVM_MB_2673e6f6ae,Chờ Tới Khi Anh Về,HIEUTHUHAI,ART_b196424628,RAP_HIPHOP,musicbrainz_artist_discography,0.85,N/A (Standard 11 Taxonomy),,MISSING,,MISSING,,MISSING,2026.0,VERIFIED,TIER_B,NO_PHYSICAL_MODALITY,train
RMVM_MB_007dda39e8,QUAY ĐI QUAY LẠI,HIEUTHUHAI,ART_b196424628,RAP_HIPHOP,musicbrainz_artist_discography,0.85,N/A (Standard 11 Taxonomy),,MISSING,,MISSING,,MISSING,2024.0,VERIFIED,TIER_B,NO_PHYSICAL_MODALITY,train
RMVM_S_c02310ebf6,Chỉ Cần Em Luôn Hạnh Phúc,Dương Cao Thắng,ART_058c3a3635,POP_BALLAD,deterministic_mapping,1.0,N/A (Standard 11 Taxonomy),,MISSING,data/lyrics/RMVM_S_c02310ebf6.txt,AVAILABLE,,MISSING,,UNVERIFIED,TIER_A,LYRICS_ONLY,train
RMVM_S_bc5fbdc406,Đâu Ai Một Đời Yêu Ai,Thành Đại Siêu,ART_b2e564a75e,POP_BALLAD,deterministic_mapping,1.0,N/A (Standard 11 Taxonomy),,MISSING,data/lyrics/RMVM_S_bc5fbdc406.txt,AVAILABLE,data/covers/RMVM_S_bc5fbdc406.jpg,AVAILABLE,,UNVERIFIED,TIER_A,LYRICS_COVER,train
RMVM_S_94cc0c1ca2,Để Cho Anh Khóc (Remix),Thành Đại Siêu,ART_b2e564a75e,POP_BALLAD,deterministic_mapping,1.0,N/A (Standard 11 Taxonomy),,MISSING,data/lyrics/RMVM_S_94cc0c1ca2.txt,AVAILABLE,,MISSING,,UNVERIFIED,TIER_A,LYRICS_ONLY,train
RMVM_S_9d7d6e0e31,Anh Lầm (Beat),Thành Đại Siêu,ART_b2e564a75e,POP_BALLAD,deterministic_mapping,1.0,N/A (Standard 11 Taxonomy),,MISSING,data/lyrics/RMVM_S_9d7d6e0e31.txt,AVAILABLE,,MISSING,,UNVERIFIED,TIER_A,LYRICS_ONLY,train
RMVM_S_df11fa3695,Thứ Đàn Ông Gì Vậy?,Thành Đại Siêu,ART_b2e564a75e,POP_BALLAD,deterministic_mapping,1.0,N/A (Standard 11 Taxonomy),,MISSING,data/lyrics/RMVM_S_df11fa3695.txt,AVAILABLE,,MISSING,,UNVERIFIED,TIER_A,LYRICS_ONLY,train
RMVM_S_49becf493a,Ai Đã Khiến Em Như Vậy,"Andree Right Hand, Lil' Knight",ART_442cccc5e7,POP_BALLAD,deterministic_mapping,1.0,N/A (Standard 11 Taxonomy),,MISSING,data/lyrics/RMVM_S_49becf493a.txt,AVAILABLE,,MISSING,,UNVERIFIED,TIER_A,LYRICS_ONLY,train
RMVM_S_9490a41a1a,Bông Hồng Gai (Beat),"VIET, XAN",ART_85e801baa0,POP_BALLAD,deterministic_mapping,1.0,N/A (Standard 11 Taxonomy),,MISSING,data/lyrics/RMVM_S_9490a41a1a.txt,AVAILABLE,,MISSING,,UNVERIFIED,TIER_A,LYRICS_ONLY,train
RMVM_S_2698a58f3e,20 Năm Tình Đẹp Mùa Chôm Chôm,"Hồng Quyên, Trọng Phúc",ART_aff1c631db,BOLERO_TRUTINH,deterministic_mapping,1.0,N/A (Standard 11 Taxonomy),,MISSING,data/lyrics/RMVM_S_2698a58f3e.txt,AVAILABLE,,MISSING,,UNVERIFIED,TIER_A,LYRICS_ONLY,train
RMVM_S_af86bc338e,Anh Nên Yêu Cô Ấy,N Ly,ART_a85294c260,POP_BALLAD,deterministic_mapping,1.0,N/A (Standard 11 Taxonomy),,MISSING,data/lyrics/RMVM_S_af86bc338e.txt,AVAILABLE,,MISSING,,UNVERIFIED,TIER_A,LYRICS_ONLY,train
RMVM_S_5c11cbd927,Chưa Ra Đời,Hiimhii,ART_f33fce771a,POP_BALLAD,deterministic_mapping,1.0,N/A (Standard 11 Taxonomy),,MISSING,data/lyrics/RMVM_S_5c11cbd927.txt,AVAILABLE,,MISSING,,UNVERIFIED,TIER_A,LYRICS_ONLY,train
RMVM_S_770a5adcfe,Hương Tình Xưa,"Tuấn Sông Thu, Quang Lê, Hạ Vân",ART_8ed7a00e68,POP_BALLAD,deterministic_mapping,1.0,N/A (Standard 11 Taxonomy),,MISSING,data/lyrics/RMVM_S_770a5adcfe.txt,AVAILABLE,,MISSING,,UNVERIFIED,TIER_A,LYRICS_ONLY,train
RMVM_S_01c2d6b028,Sầu Vương Chi,Hàn Quốc Thắng,ART_9dfe23c801,POP_BALLAD,deterministic_mapping,1.0,N/A (Standard 11 Taxonomy),,MISSING,data/lyrics/RMVM_S_01c2d6b028.txt,AVAILABLE,,MISSING,,UNVERIFIED,TIER_A,LYRICS_ONLY,train
RMVM_S_0029ec80dd,Mạnh Mẽ Đến Từ Anh,Bin Trần,ART_9e8d2f84f4,POP_BALLAD,deterministic_mapping,1.0,N/A (Standard 11 Taxonomy),,MISSING,data/lyrics/RMVM_S_0029ec80dd.txt,AVAILABLE,,MISSING,,UNVERIFIED,TIER_A,LYRICS_ONLY,train
RMVM_S_9f15c89045,Sau Tất Cả Trở Thành Người Dưng,Bin Trần,ART_9e8d2f84f4,POP_BALLAD,deterministic_mapping,1.0,N/A (Standard 11 Taxonomy),,MISSING,data/lyrics/RMVM_S_9f15c89045.txt,AVAILABLE,,MISSING,,UNVERIFIED,TIER_A,LYRICS_ONLY,train
RMVM_S_c3690ec045,Khó Quên Cuộc Tình,"Uyên Trang, Hàn Thái Tú",ART_ca1d37a2f0,POP_BALLAD,deterministic_mapping,1.0,N/A (Standard 11 Taxonomy),,MISSING,data/lyrics/RMVM_S_c3690ec045.txt,AVAILABLE,,MISSING,,UNVERIFIED,TIER_A,LYRICS_ONLY,train
RMVM_S_395f3f4e20,Lạc Nhịp,Trường Nhân,ART_b0b97615c2,POP_BALLAD,deterministic_mapping,1.0,N/A (Standard 11 Taxonomy),,MISSING,data/lyrics/RMVM_S_395f3f4e20.txt,AVAILABLE,,MISSING,,UNVERIFIED,TIER_A,LYRICS_ONLY,train
RMVM_MB_e94645c07c,Diệu lý qua cầu,Trần Mạnh Tuấn,ART_b1cf40b89e,INSTRUMENTAL,musicbrainz_artist_discography,0.85,N/A (Standard 11 Taxonomy),,MISSING,,MISSING,,MISSING,2008.0,VERIFIED,TIER_B,NO_PHYSICAL_MODALITY,train
RMVM_MB_8a8c8c112e,Chiều tím,Trần Mạnh Tuấn,ART_b1cf40b89e,INSTRUMENTAL,musicbrainz_artist_discography,0.85,N/A (Standard 11 Taxonomy),,MISSING,,MISSING,,MISSING,2006.0,VERIFIED,TIER_B,NO_PHYSICAL_MODALITY,train
RMVM_MB_5b2d57aadb,Ru con Nam Bộ,Trần Mạnh Tuấn,ART_b1cf40b89e,INSTRUMENTAL,musicbrainz_artist_discography,0.85,N/A (Standard 11 Taxonomy),,MISSING,,MISSING,,MISSING,2008.0,VERIFIED,TIER_B,NO_PHYSICAL_MODALITY,train
RMVM_MB_4c33797d26,Lá thư,Trần Mạnh Tuấn,ART_b1cf40b89e,INSTRUMENTAL,musicbrainz_artist_discography,0.85,N/A (Standard 11 Taxonomy),,MISSING,,MISSING,,MISSING,2006.0,VERIFIED,TIER_B,NO_PHYSICAL_MODALITY,train
RMVM_MB_b1e3651e94,Gửi gió cho mây ngàn bay,Trần Mạnh Tuấn,ART_b1cf40b89e,INSTRUMENTAL,musicbrainz_artist_discography,0.85,N/A (Standard 11 Taxonomy),,MISSING,,MISSING,,MISSING,2006.0,VERIFIED,TIER_B,NO_PHYSICAL_MODALITY,train
RMVM_MB_f4eaa6aa92,Cát bụi,Trần Mạnh Tuấn,ART_b1cf40b89e,INSTRUMENTAL,musicbrainz_artist_discography,0.85,N/A (Standard 11 Taxonomy),,MISSING,,MISSING,,MISSING,2001.0,VERIFIED,TIER_B,NO_PHYSICAL_MODALITY,train
RMVM_MB_87cc395359,Mưa rơi,Trần Mạnh Tuấn,ART_b1cf40b89e,INSTRUMENTAL,musicbrainz_artist_discography,0.85,N/A (Standard 11 Taxonomy),,MISSING,,MISSING,,MISSING,2006.0,VERIFIED,TIER_B,NO_PHYSICAL_MODALITY,train
RMVM_MB_c4a6607fd3,Inh lả ơi,Trần Mạnh Tuấn,ART_b1cf40b89e,INSTRUMENTAL,musicbrainz_artist_discography,0.85,N/A (Standard 11 Taxonomy),,MISSING,,MISSING,,MISSING,2006.0,VERIFIED,TIER_B,NO_PHYSICAL_MODALITY,train
RMVM_S_14ee424c2a,Chờ Ai Đêm Giáng Sinh,Hằng BingBoong,ART_a1bd4b788f,POP_BALLAD,deterministic_mapping,1.0,N/A (Standard 11 Taxonomy),,MISSING,data/lyrics/RMVM_S_14ee424c2a.txt,AVAILABLE,,MISSING,,UNVERIFIED,TIER_A,LYRICS_ONLY,train
RMVM_S_7ef79817cc,Cũng Hóa Người Dưng,Vũ Phan Dương Ninh,ART_23e0ac80c3,POP_BALLAD,deterministic_mapping,1.0,N/A (Standard 11 Taxonomy),,MISSING,data/lyrics/RMVM_S_7ef79817cc.txt,AVAILABLE,,MISSING,,UNVERIFIED,TIER_A,LYRICS_ONLY,train
RMVM_S_25827019dc,Em Về Xứ Nghệ Cùng Anh,Vũ Phan Dương Ninh,ART_23e0ac80c3,BOLERO_TRUTINH,deterministic_mapping,1.0,N/A (Standard 11 Taxonomy),,MISSING,data/lyrics/RMVM_S_25827019dc.txt,AVAILABLE,,MISSING,,UNVERIFIED,TIER_A,LYRICS_ONLY,train
RMVM_S_cf84dea653,Ân Tinh Mong Manh,Nguyễn Hưng,ART_a519ae6e77,POP_BALLAD,deterministic_mapping,1.0,N/A (Standard 11 Taxonomy),,MISSING,data/lyrics/RMVM_S_cf84dea653.txt,AVAILABLE,,MISSING,,UNVERIFIED,TIER_A,LYRICS_ONLY,train
RMVM_S_cbaf8ff748,Tình Yêu Và Dòng Sông Quan Họ,Nguyễn Hưng,ART_a519ae6e77,BOLERO_TRUTINH,deterministic_mapping,1.0,N/A (Standard 11 Taxonomy),,MISSING,data/lyrics/RMVM_S_cbaf8ff748.txt,AVAILABLE,,MISSING,,UNVERIFIED,TIER_A,LYRICS_ONLY,train
RMVM_S_d0cbac0834,Trọn Kiếp Đơn Côi,Nguyễn Hưng,ART_a519ae6e77,INSTRUMENTAL,source_tag_verification,0.85,N/A (Standard 11 Taxonomy),,MISSING,data/lyrics/RMVM_S_d0cbac0834.txt,AVAILABLE,,MISSING,,UNVERIFIED,TIER_B,LYRICS_ONLY,train
RMVM_S_8df2c0107a,"Chúng Ta Sẽ Hạnh Phúc, Chỉ Là Không Cùng Nhau",Kalee Hoàng,ART_f8faefe406,POP_BALLAD,deterministic_mapping,1.0,N/A (Standard 11 Taxonomy),,MISSING,data/lyrics/RMVM_S_8df2c0107a.txt,AVAILABLE,,MISSING,,UNVERIFIED,TIER_A,LYRICS_ONLY,train
RMVM_S_3c1bc4d9df,Chiếc Áo Mẹ May,Thạch Thảo,ART_9054eabe1c,BOLERO_TRUTINH,deterministic_mapping,1.0,N/A (Standard 11 Taxonomy),,MISSING,data/lyrics/RMVM_S_3c1bc4d9df.txt,AVAILABLE,,MISSING,,UNVERIFIED,TIER_A,LYRICS_ONLY,train
RMVM_S_0a31d1d2ca,Nỗi Nhớ Người Xa Xứ 2,Thạch Thảo,ART_9054eabe1c,BOLERO_TRUTINH,deterministic_mapping,1.0,N/A (Standard 11 Taxonomy),,MISSING,data/lyrics/RMVM_S_0a31d1d2ca.txt,AVAILABLE,,MISSING,,UNVERIFIED,TIER_A,LYRICS_ONLY,train
RMVM_S_4d99ce4d7e,Mộng Tình Quê,Thạch Thảo,ART_9054eabe1c,BOLERO_TRUTINH,deterministic_mapping,1.0,N/A (Standard 11 Taxonomy),,MISSING,data/lyrics/RMVM_S_4d99ce4d7e.txt,AVAILABLE,,MISSING,,UNVERIFIED,TIER_A,LYRICS_ONLY,train
RMVM_S_b20915d1c9,Cô Ấy Là Ai,NgânT,ART_053c27d7f8,POP_BALLAD,deterministic_mapping,1.0,N/A (Standard 11 Taxonomy),,MISSING,data/lyrics/RMVM_S_b20915d1c9.txt,AVAILABLE,,MISSING,,UNVERIFIED,TIER_A,LYRICS_ONLY,train
RMVM_S_3bf04a0588,Để Cho Em Gánh,NgânT,ART_053c27d7f8,POP_BALLAD,deterministic_mapping,1.0,N/A (Standard 11 Taxonomy),,MISSING,data/lyrics/RMVM_S_3bf04a0588.txt,AVAILABLE,,MISSING,,UNVERIFIED,TIER_A,LYRICS_ONLY,train
RMVM_S_fe7e70f3a9,Anh Ơi! Anh Về Đi,NgânT,ART_053c27d7f8,POP_BALLAD,deterministic_mapping,1.0,N/A (Standard 11 Taxonomy),,MISSING,data/lyrics/RMVM_S_fe7e70f3a9.txt,AVAILABLE,,MISSING,,UNVERIFIED,TIER_A,LYRICS_ONLY,train
RMVM_S_44a0d978e0,Hình Như Em Say,NgânT,ART_053c27d7f8,POP_BALLAD,deterministic_mapping,1.0,N/A (Standard 11 Taxonomy),,MISSING,data/lyrics/RMVM_S_44a0d978e0.txt,AVAILABLE,,MISSING,,UNVERIFIED,TIER_A,LYRICS_ONLY,train
RMVM_S_714e3915dd,Anh! Nghe Em Nói,NgânT,ART_053c27d7f8,POP_BALLAD,deterministic_mapping,1.0,N/A (Standard 11 Taxonomy),,MISSING,data/lyrics/RMVM_S_714e3915dd.txt,AVAILABLE,,MISSING,,UNVERIFIED,TIER_A,LYRICS_ONLY,train
RMVM_S_b91ee0ec4d,Học Cách Quên Anh,NgânT,ART_053c27d7f8,POP_BALLAD,deterministic_mapping,1.0,N/A (Standard 11 Taxonomy),,MISSING,data/lyrics/RMVM_S_b91ee0ec4d.txt,AVAILABLE,,MISSING,,UNVERIFIED,TIER_A,LYRICS_ONLY,train
RMVM_S_eaee201ce5,Nơi Em Không Tồn Tại,NgânT,ART_053c27d7f8,POP_BALLAD,deterministic_mapping,1.0,N/A (Standard 11 Taxonomy),,MISSING,data/lyrics/RMVM_S_eaee201ce5.txt,AVAILABLE,,MISSING,,UNVERIFIED,TIER_A,LYRICS_ONLY,train
RMVM_S_520ce7a551,Lời Hứa Bỏ Quên,Đỗ Hoàng Dương,ART_e61e7c23fe,POP_BALLAD,deterministic_mapping,1.0,N/A (Standard 11 Taxonomy),,MISSING,data/lyrics/RMVM_S_520ce7a551.txt,AVAILABLE,,MISSING,,UNVERIFIED,TIER_A,LYRICS_ONLY,train
RMVM_S_5c36ba7bed,Không Nói Nên Lời,Đỗ Hoàng Dương,ART_e61e7c23fe,POP_BALLAD,deterministic_mapping,1.0,N/A (Standard 11 Taxonomy),,MISSING,data/lyrics/RMVM_S_5c36ba7bed.txt,AVAILABLE,,MISSING,,UNVERIFIED,TIER_A,LYRICS_ONLY,train
RMVM_S_3c4d527ba1,Bờm Ơi,Đỗ Hoàng Dương,ART_e61e7c23fe,POP_BALLAD,deterministic_mapping,1.0,N/A (Standard 11 Taxonomy),,MISSING,data/lyrics/RMVM_S_3c4d527ba1.txt,AVAILABLE,,MISSING,,UNVERIFIED,TIER_A,LYRICS_ONLY,train
RMVM_S_6283b02dcc,Bến Phụ Con Đò,Vũ Tuấn Khang,ART_96bcadc87d,POP_BALLAD,deterministic_mapping,1.0,N/A (Standard 11 Taxonomy),,MISSING,data/lyrics/RMVM_S_6283b02dcc.txt,AVAILABLE,,MISSING,,UNVERIFIED,TIER_A,LYRICS_ONLY,train
RMVM_S_fdf7fe63ca,Tình Đắng Lý Cây Bần,Vũ Tuấn Khang,ART_96bcadc87d,POP_BALLAD,deterministic_mapping,1.0,N/A (Standard 11 Taxonomy),,MISSING,data/lyrics/RMVM_S_fdf7fe63ca.txt,AVAILABLE,,MISSING,,UNVERIFIED,TIER_A,LYRICS_ONLY,train
RMVM_S_53a6ecfbf3,Con Sông Lụy Tình,Vũ Tuấn Khang,ART_96bcadc87d,BOLERO_TRUTINH,deterministic_mapping,1.0,N/A (Standard 11 Taxonomy),,MISSING,data/lyrics/RMVM_S_53a6ecfbf3.txt,AVAILABLE,,MISSING,,UNVERIFIED,TIER_A,LYRICS_ONLY,train
RMVM_S_4d1c24085a,"LK Trăng Về Thôn Dã, Rước Tình Về Với Quê Hương","Vi Châu, Thanh Vũ",ART_4ee40651dd,BOLERO_TRUTINH,deterministic_mapping,1.0,N/A (Standard 11 Taxonomy),,MISSING,data/lyrics/RMVM_S_4d1c24085a.txt,AVAILABLE,,MISSING,,UNVERIFIED,TIER_A,LYRICS_ONLY,train
RMVM_S_da887ab755,Nụ Hôn Biệt Ly (Remix),Kasim Hoàng Vũ,ART_1b2b60e16b,POP_BALLAD,deterministic_mapping,1.0,N/A (Standard 11 Taxonomy),,MISSING,data/lyrics/RMVM_S_da887ab755.txt,AVAILABLE,,MISSING,,UNVERIFIED,TIER_A,LYRICS_ONLY,train
RMVM_S_cb1f2223ff,Khúc Tự Tình Mùa Xuân,Uyên Nguyên,ART_261f56a034,POP_BALLAD,deterministic_mapping,1.0,N/A (Standard 11 Taxonomy),,MISSING,data/lyrics/RMVM_S_cb1f2223ff.txt,AVAILABLE,,MISSING,,UNVERIFIED,TIER_A,LYRICS_ONLY,train
RMVM_S_492e19f68a,LK: Nếu Một Ngày-Chủ Nhật Buồn Thôi-Bao Giờ Biết Tương Tư-Thôi,"Đào Phi Dương, Phương Thùy",ART_0b4038e349,BOLERO_TRUTINH,deterministic_mapping,1.0,N/A (Standard 11 Taxonomy),,MISSING,data/lyrics/RMVM_S_492e19f68a.txt,AVAILABLE,,MISSING,,UNVERIFIED,TIER_A,LYRICS_ONLY,train
RMVM_S_3c2eff5956,Ngỡ Là Bạn Bè Thôi,Gia Tiến,ART_364f2356ab,POP_BALLAD,deterministic_mapping,1.0,N/A (Standard 11 Taxonomy),,MISSING,data/lyrics/RMVM_S_3c2eff5956.txt,AVAILABLE,,MISSING,,UNVERIFIED,TIER_A,LYRICS_ONLY,train
RMVM_S_55ae61bebf,Áo Nhà Binh,Gia Tiến,ART_364f2356ab,POP_BALLAD,deterministic_mapping,1.0,N/A (Standard 11 Taxonomy),,MISSING,data/lyrics/RMVM_S_55ae61bebf.txt,AVAILABLE,,MISSING,,UNVERIFIED,TIER_A,LYRICS_ONLY,train
RMVM_S_5dcd3e5475,Mai Anh Đi Rồi,Gia Tiến,ART_364f2356ab,POP_BALLAD,deterministic_mapping,1.0,N/A (Standard 11 Taxonomy),,MISSING,data/lyrics/RMVM_S_5dcd3e5475.txt,AVAILABLE,,MISSING,,UNVERIFIED,TIER_A,LYRICS_ONLY,train
RMVM_S_73c105052b,Mưa Đêm Tỉnh Lẻ,Gia Tiến,ART_364f2356ab,POP_BALLAD,deterministic_mapping,1.0,N/A (Standard 11 Taxonomy),,MISSING,data/lyrics/RMVM_S_73c105052b.txt,AVAILABLE,,MISSING,,UNVERIFIED,TIER_A,LYRICS_ONLY,train
RMVM_S_79655e862d,Anh Chẳng Buồn Đâu,Juhi,ART_920e3e1ffd,POP_BALLAD,deterministic_mapping,1.0,N/A (Standard 11 Taxonomy),,MISSING,data/lyrics/RMVM_S_79655e862d.txt,AVAILABLE,,MISSING,,UNVERIFIED,TIER_A,LYRICS_ONLY,train
RMVM_S_fc3b018f5d,Quảng Ngãi Nhớ Thương,"Trường Kha, Giang Mỹ Huyền",ART_382e757c05,FOLK_TRADITIONAL,deterministic_mapping,1.0,N/A (Standard 11 Taxonomy),,MISSING,data/lyrics/RMVM_S_fc3b018f5d.txt,AVAILABLE,,MISSING,,UNVERIFIED,TIER_A,LYRICS_ONLY,train
RMVM_S_6230cdd458,Đời Người Anh Em,"Đinh Đại Vũ, BlackBi",ART_7bc0e540c3,OTHER,curated_out_of_taxonomy,0.9,Religious / Sacred spiritual Vietnamese music,,MISSING,,MISSING,,MISSING,,UNVERIFIED,TIER_B,NO_PHYSICAL_MODALITY,train
RMVM_S_9fe19319cc,Chỉ Còn Lại Nỗi Nhớ,"NamD, Jasmine",ART_983b4b10f4,POP_BALLAD,deterministic_mapping,1.0,N/A (Standard 11 Taxonomy),,MISSING,data/lyrics/RMVM_S_9fe19319cc.txt,AVAILABLE,data/covers/RMVM_S_9fe19319cc.jpg,AVAILABLE,,UNVERIFIED,TIER_A,LYRICS_COVER,train
RMVM_S_f58c69eb5f,Chiều Tà,Thu Giang,ART_b1f70ef9cd,BOLERO_TRUTINH,deterministic_mapping,1.0,N/A (Standard 11 Taxonomy),,MISSING,data/lyrics/RMVM_S_f58c69eb5f.txt,AVAILABLE,,MISSING,,UNVERIFIED,TIER_A,LYRICS_ONLY,train
RMVM_S_1af870ba0f,Mất Bao Lâu Để Quên,Duc,ART_f1a3fb2d6b,POP_BALLAD,deterministic_mapping,1.0,N/A (Standard 11 Taxonomy),,MISSING,,MISSING,data/covers/RMVM_S_1af870ba0f.jpg,AVAILABLE,,UNVERIFIED,TIER_A,COVER_ONLY,train
RMVM_S_ca43144037,Đừng Nói Dối Em Nữa (Remix),"Kiều Thơ Mellow, Khải Nv",ART_ee88bc4aff,POP_BALLAD,deterministic_mapping,1.0,N/A (Standard 11 Taxonomy),,MISSING,data/lyrics/RMVM_S_ca43144037.txt,AVAILABLE,,MISSING,,UNVERIFIED,TIER_A,LYRICS_ONLY,train
RMVM_S_7393f100f4,Bình Yên Nhé,Hoàng Duyên,ART_c470a55db0,POP_BALLAD,deterministic_mapping,1.0,N/A (Standard 11 Taxonomy),,MISSING,data/lyrics/RMVM_S_7393f100f4.txt,AVAILABLE,,MISSING,,UNVERIFIED,TIER_A,LYRICS_ONLY,train
RMVM_S_92a7766f31,Anh Đang Nơi Đâu,Hoàng Duyên,ART_c470a55db0,POP_BALLAD,deterministic_mapping,1.0,N/A (Standard 11 Taxonomy),,MISSING,data/lyrics/RMVM_S_92a7766f31.txt,AVAILABLE,,MISSING,,UNVERIFIED,TIER_A,LYRICS_ONLY,train
RMVM_S_dae737df10,Dường Như Đã,"Bùi Hoàng Yến, The Loops Band",ART_30d86ec523,POP_BALLAD,deterministic_mapping,1.0,N/A (Standard 11 Taxonomy),,MISSING,data/lyrics/RMVM_S_dae737df10.txt,AVAILABLE,,MISSING,,UNVERIFIED,TIER_A,LYRICS_ONLY,train
RMVM_S_ca215d04db,Đối Diện Ngày Mất Em,Đào Duy Quý,ART_191d301b85,POP_BALLAD,deterministic_mapping,1.0,N/A (Standard 11 Taxonomy),,MISSING,data/lyrics/RMVM_S_ca215d04db.txt,AVAILABLE,,MISSING,,UNVERIFIED,TIER_A,LYRICS_ONLY,train
RMVM_S_105559328a,Đông Và Anh,"Thái Đinh, BMZ",ART_b8922a1f61,POP_BALLAD,deterministic_mapping,1.0,N/A (Standard 11 Taxonomy),,MISSING,data/lyrics/RMVM_S_105559328a.txt,AVAILABLE,,MISSING,,UNVERIFIED,TIER_A,LYRICS_ONLY,train
RMVM_S_1429c448e3,Đêm Cuối Rồi,Lý Tuấn Kiệt,ART_3af0664099,POP_BALLAD,deterministic_mapping,1.0,N/A (Standard 11 Taxonomy),,MISSING,,MISSING,data/covers/RMVM_S_1429c448e3.jpg,AVAILABLE,,UNVERIFIED,TIER_A,COVER_ONLY,train
RMVM_S_feb27545a7,Anh Đây Đừng Khóc,Lý Tuấn Kiệt,ART_3af0664099,POP_BALLAD,deterministic_mapping,1.0,N/A (Standard 11 Taxonomy),,MISSING,data/lyrics/RMVM_S_feb27545a7.txt,AVAILABLE,data/covers/RMVM_S_feb27545a7.jpg,AVAILABLE,,UNVERIFIED,TIER_A,LYRICS_COVER,train
RMVM_S_3d890c80e5,Nếu Anh Được Chọn Lại,Lý Tuấn Kiệt,ART_3af0664099,POP_BALLAD,deterministic_mapping,1.0,N/A (Standard 11 Taxonomy),,MISSING,data/lyrics/RMVM_S_3d890c80e5.txt,AVAILABLE,,MISSING,,UNVERIFIED,TIER_A,LYRICS_ONLY,train
RMVM_S_dc3b6e4d4d,Yêu Vợ Nhất (Remix),Lý Tuấn Kiệt,ART_3af0664099,DANCE_EDM,deterministic_mapping,1.0,N/A (Standard 11 Taxonomy),,MISSING,data/lyrics/RMVM_S_dc3b6e4d4d.txt,AVAILABLE,,MISSING,,UNVERIFIED,TIER_A,LYRICS_ONLY,train
RMVM_S_b140fa42d4,Bỏ Lại Thương Nhưng Vướng Thì Đau,Lý Tuấn Kiệt,ART_3af0664099,POP_BALLAD,deterministic_mapping,1.0,N/A (Standard 11 Taxonomy),,MISSING,data/lyrics/RMVM_S_b140fa42d4.txt,AVAILABLE,,MISSING,,UNVERIFIED,TIER_A,LYRICS_ONLY,train
RMVM_S_93261daa96,Tất Cả Là Dối Lòng,Lý Tuấn Kiệt,ART_3af0664099,POP_BALLAD,deterministic_mapping,1.0,N/A (Standard 11 Taxonomy),,MISSING,data/lyrics/RMVM_S_93261daa96.txt,AVAILABLE,,MISSING,,UNVERIFIED,TIER_A,LYRICS_ONLY,train
RMVM_S_657d4f7140,Lên Rừng Giấu Lá,Hamlet Trương,ART_4b476adef5,POP_BALLAD,deterministic_mapping,1.0,N/A (Standard 11 Taxonomy),,MISSING,data/lyrics/RMVM_S_657d4f7140.txt,AVAILABLE,,MISSING,,UNVERIFIED,TIER_A,LYRICS_ONLY,train
RMVM_S_59fc47d76a,Tình Yêu Cao Thượng 2 (Live Version),Hamlet Trương,ART_4b476adef5,POP_BALLAD,deterministic_mapping,1.0,N/A (Standard 11 Taxonomy),,MISSING,data/lyrics/RMVM_S_59fc47d76a.txt,AVAILABLE,,MISSING,,UNVERIFIED,TIER_A,LYRICS_ONLY,train
RMVM_S_c5b6dcb75a,Đàn Ông Hay Hứa Phụ Nữ Hay Tin?,Hamlet Trương,ART_4b476adef5,POP_BALLAD,deterministic_mapping,1.0,N/A (Standard 11 Taxonomy),,MISSING,data/lyrics/RMVM_S_c5b6dcb75a.txt,AVAILABLE,,MISSING,,UNVERIFIED,TIER_A,LYRICS_ONLY,train
RMVM_S_23cee340bb,Người Thế Thay,Hamlet Trương,ART_4b476adef5,POP_BALLAD,deterministic_mapping,1.0,N/A (Standard 11 Taxonomy),,MISSING,data/lyrics/RMVM_S_23cee340bb.txt,AVAILABLE,,MISSING,,UNVERIFIED,TIER_A,LYRICS_ONLY,train
RMVM_S_e9c2cbc844,09 - Em toi lam chieu dai (Minh Canh),Ca co Viet Nam,ART_8daaa22df2,INSTRUMENTAL,source_tag_verification,0.85,N/A (Standard 11 Taxonomy),,MISSING,,MISSING,data/covers/RMVM_S_e9c2cbc844.jpg,AVAILABLE,,UNVERIFIED,TIER_B,COVER_ONLY,train
RMVM_S_a4919a03d8,Ca Khúc Yêu Đời,"Trường Kha, Sao Mai",ART_a266062005,BOLERO_TRUTINH,deterministic_mapping,1.0,N/A (Standard 11 Taxonomy),,MISSING,data/lyrics/RMVM_S_a4919a03d8.txt,AVAILABLE,,MISSING,,UNVERIFIED,TIER_A,LYRICS_ONLY,train
RMVM_S_2b26ff2f4c,Ai Chờ Ai,Bỉnh Tài,ART_78cc83f1bb,POP_BALLAD,deterministic_mapping,1.0,N/A (Standard 11 Taxonomy),,MISSING,data/lyrics/RMVM_S_2b26ff2f4c.txt,AVAILABLE,,MISSING,,UNVERIFIED,TIER_A,LYRICS_ONLY,train
RMVM_S_13787a8f58,Bắc Ninh Trong Tôi,Bỉnh Tài,ART_78cc83f1bb,FOLK_TRADITIONAL,deterministic_mapping,1.0,N/A (Standard 11 Taxonomy),,MISSING,data/lyrics/RMVM_S_13787a8f58.txt,AVAILABLE,,MISSING,,UNVERIFIED,TIER_A,LYRICS_ONLY,train
RMVM_S_63f132da89,Cô Đơn Không Đáng Sợ,Thành Sơn,ART_5ba5b5b10e,POP_BALLAD,deterministic_mapping,1.0,N/A (Standard 11 Taxonomy),,MISSING,data/lyrics/RMVM_S_63f132da89.txt,AVAILABLE,,MISSING,,UNVERIFIED,TIER_A,LYRICS_ONLY,train
RMVM_S_18074011d4,Say Em Mất Rồi 2,"T2K4, Xuân Quỳnh",ART_abbec13536,RAP_HIPHOP,deterministic_mapping,1.0,N/A (Standard 11 Taxonomy),,MISSING,data/lyrics/RMVM_S_18074011d4.txt,AVAILABLE,,MISSING,,UNVERIFIED,TIER_A,LYRICS_ONLY,train
RMVM_S_3b44827b54,Bae dun't cry x Anh muốn nghe giọng em,"Koo, Nguyên",ART_72d3e9b80b,RAP_HIPHOP,deterministic_mapping,1.0,N/A (Standard 11 Taxonomy),,MISSING,data/lyrics/RMVM_S_3b44827b54.txt,AVAILABLE,,MISSING,,UNVERIFIED,TIER_A,LYRICS_ONLY,train
RMVM_S_1a8f2551c0,Ba Mẹ Yêu Con,"Tào Lữ Phụ, Tuệ Uyên",ART_0aad87addb,POP_BALLAD,deterministic_mapping,1.0,N/A (Standard 11 Taxonomy),,MISSING,data/lyrics/RMVM_S_1a8f2551c0.txt,AVAILABLE,,MISSING,,UNVERIFIED,TIER_A,LYRICS_ONLY,train
RMVM_S_e2ed00e611,Em Thật Đẹp,Loren Kid,ART_ea0b8f66d3,POP_BALLAD,deterministic_mapping,1.0,N/A (Standard 11 Taxonomy),,MISSING,data/lyrics/RMVM_S_e2ed00e611.txt,AVAILABLE,,MISSING,,UNVERIFIED,TIER_A,LYRICS_ONLY,train
RMVM_S_9242ffbc9f,Hát Khúc Xuân Ca,Phan Bảo Nam,ART_f58b4086bf,POP_BALLAD,deterministic_mapping,1.0,N/A (Standard 11 Taxonomy),,MISSING,data/lyrics/RMVM_S_9242ffbc9f.txt,AVAILABLE,,MISSING,,UNVERIFIED,TIER_A,LYRICS_ONLY,train
RMVM_S_65fd92aa81,Lời Cảm Ơn Mẹ Ngọt Ngào,VMO Band,ART_630219d172,POP_BALLAD,deterministic_mapping,1.0,N/A (Standard 11 Taxonomy),,MISSING,data/lyrics/RMVM_S_65fd92aa81.txt,AVAILABLE,,MISSING,,UNVERIFIED,TIER_A,LYRICS_ONLY,train
RMVM_S_b4ead8dea8,Anh Vẫn Thế Chẳng Đổi Thay,Gia Bắc,ART_047218566e,BOLERO_TRUTINH,deterministic_mapping,1.0,N/A (Standard 11 Taxonomy),,MISSING,,MISSING,data/covers/RMVM_S_b4ead8dea8.jpg,AVAILABLE,,UNVERIFIED,TIER_A,COVER_ONLY,train
RMVM_S_2f12d10b7b,Mùa Thu Không Em,Công Danh,ART_535f5dd8f1,POP_BALLAD,deterministic_mapping,1.0,N/A (Standard 11 Taxonomy),,MISSING,data/lyrics/RMVM_S_2f12d10b7b.txt,AVAILABLE,,MISSING,,UNVERIFIED,TIER_A,LYRICS_ONLY,train
RMVM_S_71dc5e6538,Ai Mang Em Trở Lại,Dương Khang,ART_008cac8ebb,POP_BALLAD,deterministic_mapping,1.0,N/A (Standard 11 Taxonomy),,MISSING,data/lyrics/RMVM_S_71dc5e6538.txt,AVAILABLE,,MISSING,,UNVERIFIED,TIER_A,LYRICS_ONLY,train
RMVM_S_2422da5c70,Anh Kết Em Rồi,"Hồng Thanh, DJ Mie",ART_18594bdeff,POP_BALLAD,deterministic_mapping,1.0,N/A (Standard 11 Taxonomy),,MISSING,data/lyrics/RMVM_S_2422da5c70.txt,AVAILABLE,,MISSING,,UNVERIFIED,TIER_A,LYRICS_ONLY,train
RMVM_S_503ffdd232,Thà Người Đừng Hứa,Như Huỳnh,ART_422644652b,BOLERO_TRUTINH,deterministic_mapping,1.0,N/A (Standard 11 Taxonomy),,MISSING,data/lyrics/RMVM_S_503ffdd232.txt,AVAILABLE,,MISSING,,UNVERIFIED,TIER_A,LYRICS_ONLY,train
RMVM_S_ec04de1481,Tân Cổ Đoạn Tuyệt,Như Huỳnh,ART_422644652b,BOLERO_TRUTINH,deterministic_mapping,1.0,N/A (Standard 11 Taxonomy),,MISSING,data/lyrics/RMVM_S_ec04de1481.txt,AVAILABLE,,MISSING,,UNVERIFIED,TIER_A,LYRICS_ONLY,train
RMVM_S_c7d876c87d,Thiên Đàng,"Wowy, JoliPoli",ART_c5db11fcde,POP_BALLAD,deterministic_mapping,1.0,N/A (Standard 11 Taxonomy),,MISSING,data/lyrics/RMVM_S_c7d876c87d.txt,AVAILABLE,,MISSING,,UNVERIFIED,TIER_A,LYRICS_ONLY,train
RMVM_S_27d465a7e3,Nhất Tiếu Giang Hồ (Lofi),"Fanny Trần, HHD",ART_60d638877a,POP_BALLAD,deterministic_mapping,1.0,N/A (Standard 11 Taxonomy),,MISSING,data/lyrics/RMVM_S_27d465a7e3.txt,AVAILABLE,,MISSING,,UNVERIFIED,TIER_A,LYRICS_ONLY,train
RMVM_S_cfee4ee0b2,Khát Khao Chiến Thắng,Trần Ngọc Ánh,ART_1c465228e1,POP_BALLAD,deterministic_mapping,1.0,N/A (Standard 11 Taxonomy),,MISSING,data/lyrics/RMVM_S_cfee4ee0b2.txt,AVAILABLE,,MISSING,,UNVERIFIED,TIER_A,LYRICS_ONLY,train
RMVM_S_536cc7ff23,Thằng Hề Nó Yêu,"Nguyễn Đình Vũ, DC Tâm, Hiếu Rock",ART_26dac5a81d,POP_BALLAD,deterministic_mapping,1.0,N/A (Standard 11 Taxonomy),,MISSING,data/lyrics/RMVM_S_536cc7ff23.txt,AVAILABLE,,MISSING,,UNVERIFIED,TIER_A,LYRICS_ONLY,train
RMVM_S_8390c6a9e3,Kiếp Ngục Tù,Gia Huy Singer,ART_65b773d175,POP_BALLAD,deterministic_mapping,1.0,N/A (Standard 11 Taxonomy),,MISSING,data/lyrics/RMVM_S_8390c6a9e3.txt,AVAILABLE,,MISSING,,UNVERIFIED,TIER_A,LYRICS_ONLY,train
RMVM_S_fd9944d9c0,Chỉ Là Người Anh Trai,Gia Huy Singer,ART_65b773d175,POP_BALLAD,deterministic_mapping,1.0,N/A (Standard 11 Taxonomy),,MISSING,data/lyrics/RMVM_S_fd9944d9c0.txt,AVAILABLE,,MISSING,,UNVERIFIED,TIER_A,LYRICS_ONLY,train
RMVM_S_2f7d4bd38c,Hội Thánh Đức Chúa Trời,Gia Huy Singer,ART_65b773d175,POP_BALLAD,deterministic_mapping,1.0,N/A (Standard 11 Taxonomy),,MISSING,data/lyrics/RMVM_S_2f7d4bd38c.txt,AVAILABLE,,MISSING,,UNVERIFIED,TIER_A,LYRICS_ONLY,train
RMVM_S_2a2aff18fa,Em Ngốc Quá,Gia Huy Singer,ART_65b773d175,POP_BALLAD,deterministic_mapping,1.0,N/A (Standard 11 Taxonomy),,MISSING,data/lyrics/RMVM_S_2a2aff18fa.txt,AVAILABLE,,MISSING,,UNVERIFIED,TIER_A,LYRICS_ONLY,train
RMVM_S_10f2a0fe4a,Xuân Miệt Vườn,Diệu Kiên,ART_adc1b56cb1,POP_BALLAD,deterministic_mapping,1.0,N/A (Standard 11 Taxonomy),,MISSING,data/lyrics/RMVM_S_10f2a0fe4a.txt,AVAILABLE,,MISSING,,UNVERIFIED,TIER_A,LYRICS_ONLY,train
RMVM_S_4114be4348,Tội Thân Em (Remix Version),Diệu Kiên,ART_adc1b56cb1,DANCE_EDM,deterministic_mapping,1.0,N/A (Standard 11 Taxonomy),,MISSING,data/lyrics/RMVM_S_4114be4348.txt,AVAILABLE,,MISSING,,UNVERIFIED,TIER_A,LYRICS_ONLY,train
RMVM_S_7d3da5249d,Đi Tìm Chúa Tôi,"Don Hồ, Phùng Ý Nhi, Kenny Thái",ART_2cd3b28c21,POP_BALLAD,deterministic_mapping,1.0,N/A (Standard 11 Taxonomy),,MISSING,data/lyrics/RMVM_S_7d3da5249d.txt,AVAILABLE,,MISSING,,UNVERIFIED,TIER_A,LYRICS_ONLY,train
RMVM_S_963b44079c,Cô Nương Bên Cầu,"Dương Nhân Trung, Vũ Nguyên Thảo",ART_77b4698e64,POP_BALLAD,deterministic_mapping,1.0,N/A (Standard 11 Taxonomy),,MISSING,data/lyrics/RMVM_S_963b44079c.txt,AVAILABLE,,MISSING,,UNVERIFIED,TIER_A,LYRICS_ONLY,train
RMVM_S_5937184efe,Bài Dành Cho Em (Speed Up Version),"Vin Quốc Anh, BMZ",ART_3a0a3976fa,DANCE_EDM,deterministic_mapping,1.0,N/A (Standard 11 Taxonomy),,MISSING,data/lyrics/RMVM_S_5937184efe.txt,AVAILABLE,,MISSING,,UNVERIFIED,TIER_A,LYRICS_ONLY,train
RMVM_S_16017e72e6,Sáng Chủ Nhật Dịu Dàng,Hà Minh Nguyệt,ART_03e4819b97,POP_BALLAD,deterministic_mapping,1.0,N/A (Standard 11 Taxonomy),,MISSING,data/lyrics/RMVM_S_16017e72e6.txt,AVAILABLE,,MISSING,,UNVERIFIED,TIER_A,LYRICS_ONLY,train
RMVM_S_225428961b,Chỉ Vì Ngày Đó,Lina Nguyễn,ART_6847b298d4,BOLERO_TRUTINH,deterministic_mapping,1.0,N/A (Standard 11 Taxonomy),,MISSING,data/lyrics/RMVM_S_225428961b.txt,AVAILABLE,,MISSING,,UNVERIFIED,TIER_A,LYRICS_ONLY,train
RMVM_S_7d49a4f6c8,Biến Tan,Hoàng Hải Thoại,ART_543ee43287,POP_BALLAD,deterministic_mapping,1.0,N/A (Standard 11 Taxonomy),,MISSING,data/lyrics/RMVM_S_7d49a4f6c8.txt,AVAILABLE,,MISSING,,UNVERIFIED,TIER_A,LYRICS_ONLY,train
RMVM_S_f429d052c7,Đâu Có Sao (Beat),"Judian, Haohinh",ART_4d425f267a,POP_BALLAD,deterministic_mapping,1.0,N/A (Standard 11 Taxonomy),,MISSING,data/lyrics/RMVM_S_f429d052c7.txt,AVAILABLE,,MISSING,,UNVERIFIED,TIER_A,LYRICS_ONLY,train
RMVM_S_0c61643542,Chờ Em Trong Đêm,"CT Media, Thanh Trúc",ART_641299de41,POP_BALLAD,deterministic_mapping,1.0,N/A (Standard 11 Taxonomy),,MISSING,data/lyrics/RMVM_S_0c61643542.txt,AVAILABLE,,MISSING,,UNVERIFIED,TIER_A,LYRICS_ONLY,train
RMVM_S_cb73c5bf45,Em Nhớ Anh Người Yêu Cũ,"CT Media, Thanh Trúc",ART_641299de41,POP_BALLAD,deterministic_mapping,1.0,N/A (Standard 11 Taxonomy),,MISSING,data/lyrics/RMVM_S_cb73c5bf45.txt,AVAILABLE,,MISSING,,UNVERIFIED,TIER_A,LYRICS_ONLY,train
RMVM_S_bdd767d252,Anh Em Hãy Cho Họ Ăn,Lưu Bá Vĩnh,ART_e372d11445,OTHER,curated_out_of_taxonomy,0.9,Religious / Sacred spiritual Vietnamese music,,MISSING,,MISSING,,MISSING,,UNVERIFIED,TIER_B,NO_PHYSICAL_MODALITY,train
RMVM_S_7f1e426c5e,Đợi Cho Những Hạt Mưa Ngừng Rơi,Việt Athen,ART_236efdb322,POP_BALLAD,deterministic_mapping,1.0,N/A (Standard 11 Taxonomy),,MISSING,data/lyrics/RMVM_S_7f1e426c5e.txt,AVAILABLE,,MISSING,,UNVERIFIED,TIER_A,LYRICS_ONLY,train
RMVM_S_cf8558fd7e,Bao Lâu Để Quên Một Người?,Suncutehehe,ART_87c5359eb3,POP_BALLAD,deterministic_mapping,1.0,N/A (Standard 11 Taxonomy),,MISSING,data/lyrics/RMVM_S_cf8558fd7e.txt,AVAILABLE,,MISSING,,UNVERIFIED,TIER_A,LYRICS_ONLY,train
RMVM_S_a1ae1d49ce,Buồn Em Số Kiếp Long Đong,Lâm Hoàng Phong,ART_021b8f04cb,POP_BALLAD,deterministic_mapping,1.0,N/A (Standard 11 Taxonomy),,MISSING,data/lyrics/RMVM_S_a1ae1d49ce.txt,AVAILABLE,,MISSING,,UNVERIFIED,TIER_A,LYRICS_ONLY,train
RMVM_S_1a7d14be6e,Một Ngày Là Anh Em Suốt Đời Là Anh Em (Remix) (Beat),"Đinh Kiến Phong, Ben Heineken",ART_e77f1ab62f,POP_BALLAD,deterministic_mapping,1.0,N/A (Standard 11 Taxonomy),,MISSING,data/lyrics/RMVM_S_1a7d14be6e.txt,AVAILABLE,,MISSING,,UNVERIFIED,TIER_A,LYRICS_ONLY,train
RMVM_S_3927e09670,Bước Tình Xa,Lê Uyên Nhi,ART_c18ad7c6f1,BOLERO_TRUTINH,deterministic_mapping,1.0,N/A (Standard 11 Taxonomy),,MISSING,data/lyrics/RMVM_S_3927e09670.txt,AVAILABLE,,MISSING,,UNVERIFIED,TIER_A,LYRICS_ONLY,train
RMVM_S_bd37d04440,Chuyện Tình Của Em,"Don Hồ, Châu Ngọc",ART_59f16a08bf,INSTRUMENTAL,source_tag_verification,0.85,N/A (Standard 11 Taxonomy),,MISSING,data/lyrics/RMVM_S_bd37d04440.txt,AVAILABLE,,MISSING,,UNVERIFIED,TIER_B,LYRICS_ONLY,train
RMVM_S_fdd3ccdea9,Tình Nghèo Cách Xa,Đinh Quốc Cường,ART_8c3f12a0f1,POP_BALLAD,deterministic_mapping,1.0,N/A (Standard 11 Taxonomy),,MISSING,data/lyrics/RMVM_S_fdd3ccdea9.txt,AVAILABLE,,MISSING,,UNVERIFIED,TIER_A,LYRICS_ONLY,train
RMVM_S_ff40c53793,Đừng Vội Vàng Đổi Thay,Cao Tùng Anh,ART_31b2344e7c,POP_BALLAD,deterministic_mapping,1.0,N/A (Standard 11 Taxonomy),,MISSING,data/lyrics/RMVM_S_ff40c53793.txt,AVAILABLE,,MISSING,,UNVERIFIED,TIER_A,LYRICS_ONLY,train
RMVM_S_441b685106,Nóng Vãi Linh Hồn,Cao Tùng Anh,ART_31b2344e7c,POP_BALLAD,deterministic_mapping,1.0,N/A (Standard 11 Taxonomy),,MISSING,data/lyrics/RMVM_S_441b685106.txt,AVAILABLE,,MISSING,,UNVERIFIED,TIER_A,LYRICS_ONLY,train
RMVM_S_66c77daaa1,Lao Ái Xử Trảm,Cao Tùng Anh,ART_31b2344e7c,POP_BALLAD,deterministic_mapping,1.0,N/A (Standard 11 Taxonomy),,MISSING,data/lyrics/RMVM_S_66c77daaa1.txt,AVAILABLE,,MISSING,,UNVERIFIED,TIER_A,LYRICS_ONLY,train
RMVM_S_07cda90fb6,Khẽ Thôi Cưng À (Remix) (Beat),Cao Tùng Anh,ART_31b2344e7c,DANCE_EDM,deterministic_mapping,1.0,N/A (Standard 11 Taxonomy),,MISSING,data/lyrics/RMVM_S_07cda90fb6.txt,AVAILABLE,,MISSING,,UNVERIFIED,TIER_A,LYRICS_ONLY,train
RMVM_S_2af745b3d2,Chí Phèo Ngoại Truyện,Cao Tùng Anh,ART_31b2344e7c,POP_BALLAD,deterministic_mapping,1.0,N/A (Standard 11 Taxonomy),,MISSING,data/lyrics/RMVM_S_2af745b3d2.txt,AVAILABLE,,MISSING,,UNVERIFIED,TIER_A,LYRICS_ONLY,train
RMVM_S_c508d4a6ab,Trở Lại Tây Sơn,Lê Mười,ART_d2512b716b,BOLERO_TRUTINH,deterministic_mapping,1.0,N/A (Standard 11 Taxonomy),,MISSING,data/lyrics/RMVM_S_c508d4a6ab.txt,AVAILABLE,,MISSING,,UNVERIFIED,TIER_A,LYRICS_ONLY,train
RMVM_S_00f8350052,Em Hạnh Phúc Không,Khánh Đơn,ART_3057e7080f,POP_BALLAD,deterministic_mapping,1.0,N/A (Standard 11 Taxonomy),,MISSING,data/lyrics/RMVM_S_00f8350052.txt,AVAILABLE,,MISSING,,UNVERIFIED,TIER_A,LYRICS_ONLY,train
RMVM_S_2f033f5af3,Có Bao Giờ Em Sợ Mất Anh,Khánh Đơn,ART_3057e7080f,POP_BALLAD,deterministic_mapping,1.0,N/A (Standard 11 Taxonomy),,MISSING,data/lyrics/RMVM_S_2f033f5af3.txt,AVAILABLE,,MISSING,,UNVERIFIED,TIER_A,LYRICS_ONLY,train
RMVM_S_b34c5060bc,Anh Cất Em Đi Nhé,Khánh Đơn,ART_3057e7080f,POP_BALLAD,deterministic_mapping,1.0,N/A (Standard 11 Taxonomy),,MISSING,data/lyrics/RMVM_S_b34c5060bc.txt,AVAILABLE,,MISSING,,UNVERIFIED,TIER_A,LYRICS_ONLY,train
RMVM_S_59dae312e8,Vì Không Giữ,Khánh Đơn,ART_3057e7080f,POP_BALLAD,deterministic_mapping,1.0,N/A (Standard 11 Taxonomy),,MISSING,data/lyrics/RMVM_S_59dae312e8.txt,AVAILABLE,,MISSING,,UNVERIFIED,TIER_A,LYRICS_ONLY,train
RMVM_S_e489ba6577,Cả Đời Này Anh Thua Em,Khánh Đơn,ART_3057e7080f,POP_BALLAD,deterministic_mapping,1.0,N/A (Standard 11 Taxonomy),,MISSING,data/lyrics/RMVM_S_e489ba6577.txt,AVAILABLE,,MISSING,,UNVERIFIED,TIER_A,LYRICS_ONLY,train
RMVM_S_ab3ac0a686,Tâm Sự Người Xa Xứ,Khánh Đơn,ART_3057e7080f,POP_BALLAD,deterministic_mapping,1.0,N/A (Standard 11 Taxonomy),,MISSING,data/lyrics/RMVM_S_ab3ac0a686.txt,AVAILABLE,,MISSING,,UNVERIFIED,TIER_A,LYRICS_ONLY,train
RMVM_S_268dbcabdc,Hai Người Từng Yêu,Khánh Đơn,ART_3057e7080f,POP_BALLAD,deterministic_mapping,1.0,N/A (Standard 11 Taxonomy),,MISSING,data/lyrics/RMVM_S_268dbcabdc.txt,AVAILABLE,,MISSING,,UNVERIFIED,TIER_A,LYRICS_ONLY,train
RMVM_S_7c52424089,Mùa Xuân Cô Đơn,Khánh Đơn,ART_3057e7080f,POP_BALLAD,deterministic_mapping,1.0,N/A (Standard 11 Taxonomy),,MISSING,data/lyrics/RMVM_S_7c52424089.txt,AVAILABLE,,MISSING,,UNVERIFIED,TIER_A,LYRICS_ONLY,train
RMVM_S_289d3950fb,Than Thở Trong Tim,Khánh Đơn,ART_3057e7080f,POP_BALLAD,deterministic_mapping,1.0,N/A (Standard 11 Taxonomy),,MISSING,data/lyrics/RMVM_S_289d3950fb.txt,AVAILABLE,,MISSING,,UNVERIFIED,TIER_A,LYRICS_ONLY,train
RMVM_S_40000935a8,Đời Thế Mà,Khánh Đơn,ART_3057e7080f,POP_BALLAD,deterministic_mapping,1.0,N/A (Standard 11 Taxonomy),,MISSING,data/lyrics/RMVM_S_40000935a8.txt,AVAILABLE,,MISSING,,UNVERIFIED,TIER_A,LYRICS_ONLY,train
RMVM_S_d1ce3599ca,Hẹn Với Cô Đơn,Lê Hiếu,ART_b3bb561ad9,POP_BALLAD,deterministic_mapping,1.0,N/A (Standard 11 Taxonomy),,MISSING,data/lyrics/RMVM_S_d1ce3599ca.txt,AVAILABLE,,MISSING,,UNVERIFIED,TIER_A,LYRICS_ONLY,train
RMVM_MB_f256a2c738,Nỗi đau còn mãi,Lê Hiếu,ART_b3bb561ad9,NHAC_TRINH,musicbrainz_artist_discography,0.85,N/A (Standard 11 Taxonomy),,MISSING,,MISSING,,MISSING,,UNVERIFIED,TIER_B,NO_PHYSICAL_MODALITY,train
RMVM_MB_a24c013b91,Khúc thụy du,Lê Hiếu,ART_b3bb561ad9,NHAC_TRINH,musicbrainz_artist_discography,0.85,N/A (Standard 11 Taxonomy),,MISSING,,MISSING,,MISSING,,UNVERIFIED,TIER_B,NO_PHYSICAL_MODALITY,train
RMVM_MB_a3d9ae8e28,Chỉ còn những kỷ niệm,Lê Hiếu,ART_b3bb561ad9,NHAC_TRINH,musicbrainz_artist_discography,0.85,N/A (Standard 11 Taxonomy),,MISSING,,MISSING,,MISSING,,UNVERIFIED,TIER_B,NO_PHYSICAL_MODALITY,train
RMVM_MB_0d2b2e7503,Hãy yêu thật lòng,Lê Hiếu,ART_b3bb561ad9,NHAC_TRINH,musicbrainz_artist_discography,0.85,N/A (Standard 11 Taxonomy),,MISSING,,MISSING,,MISSING,2008.0,VERIFIED,TIER_B,NO_PHYSICAL_MODALITY,train
RMVM_MB_58d0dee78b,Bây giờ tháng mấy,Lê Hiếu,ART_b3bb561ad9,NHAC_TRINH,musicbrainz_artist_discography,0.85,N/A (Standard 11 Taxonomy),,MISSING,,MISSING,,MISSING,2010.0,VERIFIED,TIER_B,NO_PHYSICAL_MODALITY,train
RMVM_MB_14b66bc3ce,Tôi muốn,Lê Hiếu,ART_b3bb561ad9,NHAC_TRINH,musicbrainz_artist_discography,0.85,N/A (Standard 11 Taxonomy),,MISSING,,MISSING,,MISSING,2008.0,VERIFIED,TIER_B,NO_PHYSICAL_MODALITY,train
RMVM_MB_bee1b63b14,Tình Nghĩa Đôi Ta Chỉ Thế Thôi,Lê Hiếu,ART_b3bb561ad9,NHAC_TRINH,musicbrainz_artist_discography,0.85,N/A (Standard 11 Taxonomy),,MISSING,,MISSING,,MISSING,2018.0,VERIFIED,TIER_B,NO_PHYSICAL_MODALITY,train
RMVM_MB_9fd92feea1,Nỗi Lòng Người Đi,Lê Hiếu,ART_b3bb561ad9,NHAC_TRINH,musicbrainz_artist_discography,0.85,N/A (Standard 11 Taxonomy),,MISSING,,MISSING,,MISSING,2018.0,VERIFIED,TIER_B,NO_PHYSICAL_MODALITY,train
RMVM_S_a5288d7921,Bỏ Em Vào Balo,"Tân Trần, Freak D",ART_f347c4853f,POP_BALLAD,deterministic_mapping,1.0,N/A (Standard 11 Taxonomy),,MISSING,data/lyrics/RMVM_S_a5288d7921.txt,AVAILABLE,,MISSING,,UNVERIFIED,TIER_A,LYRICS_ONLY,train
RMVM_S_2a6ad2781b,Đừng Xem Như Trò Chơi,Võ Phúc Hưng,ART_6227590916,POP_BALLAD,deterministic_mapping,1.0,N/A (Standard 11 Taxonomy),,MISSING,data/lyrics/RMVM_S_2a6ad2781b.txt,AVAILABLE,,MISSING,,UNVERIFIED,TIER_A,LYRICS_ONLY,train
RMVM_S_f87cfd96b1,Còn Thương Nhưng Hết Yêu (Remix),Võ Phúc Hưng,ART_6227590916,POP_BALLAD,deterministic_mapping,1.0,N/A (Standard 11 Taxonomy),,MISSING,data/lyrics/RMVM_S_f87cfd96b1.txt,AVAILABLE,,MISSING,,UNVERIFIED,TIER_A,LYRICS_ONLY,train
RMVM_MB_b3284bcf63,Tambours de Guerre,ICD,ART_a63e7e0a7a,RAP_HIPHOP,musicbrainz_artist_discography,0.85,N/A (Standard 11 Taxonomy),,MISSING,,MISSING,,MISSING,2022.0,VERIFIED,TIER_B,NO_PHYSICAL_MODALITY,train
RMVM_MB_7e470cd3e6,Infected Times,ICD,ART_a63e7e0a7a,RAP_HIPHOP,musicbrainz_artist_discography,0.85,N/A (Standard 11 Taxonomy),,MISSING,,MISSING,,MISSING,2018.0,VERIFIED,TIER_B,NO_PHYSICAL_MODALITY,train
RMVM_MB_f2d276be00,Anschlag bei Nacht,ICD,ART_a63e7e0a7a,RAP_HIPHOP,musicbrainz_artist_discography,0.85,N/A (Standard 11 Taxonomy),,MISSING,,MISSING,,MISSING,2014.0,VERIFIED,TIER_B,NO_PHYSICAL_MODALITY,train
RMVM_S_64312eda34,Hôm Nay Là Ngày Hạnh Phúc,Tín Nhiệm,ART_ac76920f7e,POP_BALLAD,deterministic_mapping,1.0,N/A (Standard 11 Taxonomy),,MISSING,data/lyrics/RMVM_S_64312eda34.txt,AVAILABLE,,MISSING,,UNVERIFIED,TIER_A,LYRICS_ONLY,train
RMVM_S_08ec558992,Chúc Mừng Giáng Sinh,Tín Nhiệm,ART_ac76920f7e,POP_BALLAD,deterministic_mapping,1.0,N/A (Standard 11 Taxonomy),,MISSING,data/lyrics/RMVM_S_08ec558992.txt,AVAILABLE,,MISSING,,UNVERIFIED,TIER_A,LYRICS_ONLY,train
RMVM_S_23695e2c46,Ngã Bảy Phố Và Sông,Tín Nhiệm,ART_ac76920f7e,POP_BALLAD,deterministic_mapping,1.0,N/A (Standard 11 Taxonomy),,MISSING,data/lyrics/RMVM_S_23695e2c46.txt,AVAILABLE,,MISSING,,UNVERIFIED,TIER_A,LYRICS_ONLY,train
RMVM_S_e0e19ef81f,Liên Khúc Mùa Đông Của Anh,Tín Nhiệm,ART_ac76920f7e,POP_BALLAD,deterministic_mapping,1.0,N/A (Standard 11 Taxonomy),,MISSING,data/lyrics/RMVM_S_e0e19ef81f.txt,AVAILABLE,,MISSING,,UNVERIFIED,TIER_A,LYRICS_ONLY,train
RMVM_S_417168b1fa,Chuyện Người Đàn Bà 2000 Năm Trước,Tín Nhiệm,ART_ac76920f7e,BOLERO_TRUTINH,deterministic_mapping,1.0,N/A (Standard 11 Taxonomy),,MISSING,data/lyrics/RMVM_S_417168b1fa.txt,AVAILABLE,,MISSING,2000.0,VERIFIED,TIER_A,LYRICS_ONLY,train
RMVM_S_d6ba468377,Kẻ Thất Bại Trong Tình Yêu,Hy Nam,ART_5ac87e7d15,POP_BALLAD,deterministic_mapping,1.0,N/A (Standard 11 Taxonomy),,MISSING,,MISSING,data/covers/RMVM_S_d6ba468377.jpg,AVAILABLE,,UNVERIFIED,TIER_A,COVER_ONLY,train
RMVM_S_9d43474bb4,Bạn Và Tôi Đều Giống Nhau,Danh Tuấn Trung,ART_61a32cff49,POP_BALLAD,deterministic_mapping,1.0,N/A (Standard 11 Taxonomy),,MISSING,data/lyrics/RMVM_S_9d43474bb4.txt,AVAILABLE,,MISSING,,UNVERIFIED,TIER_A,LYRICS_ONLY,train
RMVM_S_c24a97c88a,Khóc Vì Đời,Danh Tuấn Trung,ART_61a32cff49,POP_BALLAD,deterministic_mapping,1.0,N/A (Standard 11 Taxonomy),,MISSING,data/lyrics/RMVM_S_c24a97c88a.txt,AVAILABLE,,MISSING,,UNVERIFIED,TIER_A,LYRICS_ONLY,train
RMVM_S_16508a8a68,Tự Thân Mình Đi,Danh Tuấn Trung,ART_61a32cff49,POP_BALLAD,deterministic_mapping,0.85,N/A (Standard 11 Taxonomy),,MISSING,,MISSING,,MISSING,,UNVERIFIED,TIER_B,NO_PHYSICAL_MODALITY,train
RMVM_S_c2868aaff2,Mà Vẫn Cô Đơn,"Khải, 14 Casper",ART_76b1e74b3c,POP_BALLAD,deterministic_mapping,1.0,N/A (Standard 11 Taxonomy),,MISSING,data/lyrics/RMVM_S_c2868aaff2.txt,AVAILABLE,,MISSING,,UNVERIFIED,TIER_A,LYRICS_ONLY,train
RMVM_S_077c1d8ac6,Không Bao Giờ Quên Em,Đăng Anh,ART_b6b0f32cc3,BOLERO_TRUTINH,deterministic_mapping,1.0,N/A (Standard 11 Taxonomy),,MISSING,,MISSING,data/covers/RMVM_S_077c1d8ac6.jpg,AVAILABLE,,UNVERIFIED,TIER_A,COVER_ONLY,train
RMVM_S_65e38f4285,Bao Tiền Một Mớ Bình Yên?,"14 Casper, Bon",ART_07a4b2bed7,POP_BALLAD,deterministic_mapping,1.0,N/A (Standard 11 Taxonomy),,MISSING,data/lyrics/RMVM_S_65e38f4285.txt,AVAILABLE,,MISSING,,UNVERIFIED,TIER_A,LYRICS_ONLY,train
RMVM_S_97e94a96e6,Em Sai Rồi Anh Xin Lỗi Em Đi,Chi Pu,ART_0b7082e18b,POP_BALLAD,deterministic_mapping,1.0,N/A (Standard 11 Taxonomy),,MISSING,data/lyrics/RMVM_S_97e94a96e6.txt,AVAILABLE,,MISSING,,UNVERIFIED,TIER_A,LYRICS_ONLY,train
RMVM_S_06016eabcf,Đóa Hoa Hồng (红玫瑰) (Chengfeng 2023 Version),Chi Pu,ART_0b7082e18b,POP_BALLAD,deterministic_mapping,1.0,N/A (Standard 11 Taxonomy),,MISSING,data/lyrics/RMVM_S_06016eabcf.txt,AVAILABLE,,MISSING,2023.0,VERIFIED,TIER_A,LYRICS_ONLY,train
RMVM_S_1f23ce696e,Cho Ta Gần Hơn (I'm In Love),Chi Pu,ART_0b7082e18b,POP_BALLAD,deterministic_mapping,1.0,N/A (Standard 11 Taxonomy),,MISSING,data/lyrics/RMVM_S_1f23ce696e.txt,AVAILABLE,,MISSING,,UNVERIFIED,TIER_A,LYRICS_ONLY,train
RMVM_S_6fd7968bff,Em Tên Gì (Remake),"Đinh Đại Vũ, Jombie",ART_89d274fe91,POP_BALLAD,deterministic_mapping,1.0,N/A (Standard 11 Taxonomy),,MISSING,data/lyrics/RMVM_S_6fd7968bff.txt,AVAILABLE,,MISSING,,UNVERIFIED,TIER_A,LYRICS_ONLY,train
RMVM_S_0cc91ae53a,Cơn Mơ Mùa Đông,Quang Trung,ART_8c58b2eac3,POP_BALLAD,deterministic_mapping,1.0,N/A (Standard 11 Taxonomy),,MISSING,data/lyrics/RMVM_S_0cc91ae53a.txt,AVAILABLE,,MISSING,,UNVERIFIED,TIER_A,LYRICS_ONLY,train
RMVM_S_1816dc799e,Chẳng Ai Khác Ngoài Em,Âu Nam Thái,ART_b6ac884bf2,POP_BALLAD,deterministic_mapping,1.0,N/A (Standard 11 Taxonomy),,MISSING,data/lyrics/RMVM_S_1816dc799e.txt,AVAILABLE,,MISSING,,UNVERIFIED,TIER_A,LYRICS_ONLY,train
RMVM_S_85092a305c,Anh Buông Tay Rồi Đấy (Beat),Âu Nam Thái,ART_b6ac884bf2,POP_BALLAD,deterministic_mapping,1.0,N/A (Standard 11 Taxonomy),,MISSING,data/lyrics/RMVM_S_85092a305c.txt,AVAILABLE,,MISSING,,UNVERIFIED,TIER_A,LYRICS_ONLY,train
RMVM_S_6f8a47dac3,Mùa Xuân Đầu Tiên (Lofi),"H2K, Quốc Lượng, KProx",ART_f94d83b731,POP_BALLAD,deterministic_mapping,1.0,N/A (Standard 11 Taxonomy),,MISSING,data/lyrics/RMVM_S_6f8a47dac3.txt,AVAILABLE,data/covers/RMVM_S_6f8a47dac3.jpg,AVAILABLE,,UNVERIFIED,TIER_A,LYRICS_COVER,train
RMVM_S_9831ff1345,Mình Yêu Nhau Từ Kiếp Nào (Pháp Sư Mù OST),Trung Quân Idol,ART_61b872964d,POP_BALLAD,deterministic_mapping,1.0,N/A (Standard 11 Taxonomy),,MISSING,data/lyrics/RMVM_S_9831ff1345.txt,AVAILABLE,,MISSING,,UNVERIFIED,TIER_A,LYRICS_ONLY,train
RMVM_S_c492c1324d,"Dừng Lại Và Quên Thôi (Original Soundtrack From ""Kẻ Độc Hành"")",Trung Quân Idol,ART_61b872964d,POP_BALLAD,deterministic_mapping,1.0,N/A (Standard 11 Taxonomy),,MISSING,data/lyrics/RMVM_S_c492c1324d.txt,AVAILABLE,,MISSING,,UNVERIFIED,TIER_A,LYRICS_ONLY,train
RMVM_S_35efcf9389,Nhìn Vào Mưa (Em Gái Mưa OST),Trung Quân Idol,ART_61b872964d,POP_BALLAD,deterministic_mapping,1.0,N/A (Standard 11 Taxonomy),,MISSING,data/lyrics/RMVM_S_35efcf9389.txt,AVAILABLE,,MISSING,,UNVERIFIED,TIER_A,LYRICS_ONLY,train
RMVM_S_9d2f216dbc,Chuyến Phiêu Lưu Cùng Em,Trung Quân Idol,ART_61b872964d,POP_BALLAD,deterministic_mapping,1.0,N/A (Standard 11 Taxonomy),,MISSING,data/lyrics/RMVM_S_9d2f216dbc.txt,AVAILABLE,,MISSING,,UNVERIFIED,TIER_A,LYRICS_ONLY,train
RMVM_S_7bdb1e9b0d,Sự Tích Cọp Lông Vằn,Bé Hiển Thông,ART_e18713999a,CHILDREN,deterministic_mapping,1.0,N/A (Standard 11 Taxonomy),,MISSING,data/lyrics/RMVM_S_7bdb1e9b0d.txt,AVAILABLE,,MISSING,,UNVERIFIED,TIER_A,LYRICS_ONLY,train
RMVM_S_d6d98511bf,Mẹ Con Sai Rồi,Bé Hiển Thông,ART_e18713999a,POP_BALLAD,deterministic_mapping,1.0,N/A (Standard 11 Taxonomy),,MISSING,data/lyrics/RMVM_S_d6d98511bf.txt,AVAILABLE,,MISSING,,UNVERIFIED,TIER_A,LYRICS_ONLY,train
RMVM_S_a8c1d228f1,Tắc Kè Bông,Bé Hiển Thông,ART_e18713999a,CHILDREN,deterministic_mapping,1.0,N/A (Standard 11 Taxonomy),,MISSING,data/lyrics/RMVM_S_a8c1d228f1.txt,AVAILABLE,,MISSING,,UNVERIFIED,TIER_A,LYRICS_ONLY,train
RMVM_S_63cd867d17,Không Bao Giờ Ngăn Cách,"Mai Diễm My, Văn Hương",ART_ba0eb65796,POP_BALLAD,deterministic_mapping,1.0,N/A (Standard 11 Taxonomy),,MISSING,,MISSING,data/covers/RMVM_S_63cd867d17.jpg,AVAILABLE,,UNVERIFIED,TIER_A,COVER_ONLY,train
RMVM_S_707555308d,Bến Đò Vẫn Đợi,"Huỳnh Phong, Thắng Trầm",ART_fe2ddbe701,POP_BALLAD,deterministic_mapping,1.0,N/A (Standard 11 Taxonomy),,MISSING,data/lyrics/RMVM_S_707555308d.txt,AVAILABLE,,MISSING,,UNVERIFIED,TIER_A,LYRICS_ONLY,train
RMVM_S_beb8fafe4e,Liên Khúc Ai Đưa Em Về - Mùa Thu Lá Bay,Bằng Cường,ART_92092d6cfb,RB_SOUL,deterministic_mapping,1.0,N/A (Standard 11 Taxonomy),,MISSING,,MISSING,data/covers/RMVM_S_beb8fafe4e.jpg,AVAILABLE,,UNVERIFIED,TIER_A,COVER_ONLY,train
RMVM_S_84848475d4,Em Về Trong Giấc Mơ,Bằng Cường,ART_92092d6cfb,POP_BALLAD,deterministic_mapping,1.0,N/A (Standard 11 Taxonomy),,MISSING,,MISSING,data/covers/RMVM_S_84848475d4.jpg,AVAILABLE,,UNVERIFIED,TIER_A,COVER_ONLY,train
RMVM_S_3342f0ba8f,Anh Biết Tìm Đâu,Bằng Cường,ART_92092d6cfb,POP_BALLAD,deterministic_mapping,1.0,N/A (Standard 11 Taxonomy),,MISSING,data/lyrics/RMVM_S_3342f0ba8f.txt,AVAILABLE,,MISSING,,UNVERIFIED,TIER_A,LYRICS_ONLY,train
RMVM_S_165f582ea9,Mưa Tuyết,Bằng Cường,ART_92092d6cfb,POP_BALLAD,deterministic_mapping,1.0,N/A (Standard 11 Taxonomy),,MISSING,data/lyrics/RMVM_S_165f582ea9.txt,AVAILABLE,,MISSING,,UNVERIFIED,TIER_A,LYRICS_ONLY,train
RMVM_S_6b2c1b2f59,Đúng Lúc Gặp Người (Remix),Bằng Cường,ART_92092d6cfb,DANCE_EDM,deterministic_mapping,1.0,N/A (Standard 11 Taxonomy),,MISSING,data/lyrics/RMVM_S_6b2c1b2f59.txt,AVAILABLE,,MISSING,,UNVERIFIED,TIER_A,LYRICS_ONLY,train
RMVM_S_800b4e60bd,Trốn Tránh,Bằng Cường,ART_92092d6cfb,POP_BALLAD,deterministic_mapping,1.0,N/A (Standard 11 Taxonomy),,MISSING,data/lyrics/RMVM_S_800b4e60bd.txt,AVAILABLE,,MISSING,,UNVERIFIED,TIER_A,LYRICS_ONLY,train
RMVM_S_0781005064,Anh Nhận Ra,Bằng Cường,ART_92092d6cfb,POP_BALLAD,deterministic_mapping,1.0,N/A (Standard 11 Taxonomy),,MISSING,data/lyrics/RMVM_S_0781005064.txt,AVAILABLE,,MISSING,,UNVERIFIED,TIER_A,LYRICS_ONLY,train
RMVM_S_edd92571ff,Để Tang Quá Khứ (DJ Power Remix),Bằng Cường,ART_92092d6cfb,POP_BALLAD,deterministic_mapping,1.0,N/A (Standard 11 Taxonomy),,MISSING,data/lyrics/RMVM_S_edd92571ff.txt,AVAILABLE,,MISSING,,UNVERIFIED,TIER_A,LYRICS_ONLY,train
RMVM_S_8526e17820,Đông Đến Kìa Em,Bằng Cường,ART_92092d6cfb,BOLERO_TRUTINH,deterministic_mapping,1.0,N/A (Standard 11 Taxonomy),,MISSING,data/lyrics/RMVM_S_8526e17820.txt,AVAILABLE,,MISSING,,UNVERIFIED,TIER_A,LYRICS_ONLY,train
RMVM_S_b8c62d3deb,Xa Vắng,Bằng Cường,ART_92092d6cfb,POP_BALLAD,deterministic_mapping,1.0,N/A (Standard 11 Taxonomy),,MISSING,data/lyrics/RMVM_S_b8c62d3deb.txt,AVAILABLE,,MISSING,,UNVERIFIED,TIER_A,LYRICS_ONLY,train
RMVM_S_59b3e9b2ab,Người Cô Đơn Lại Càng Cô Đơn,Bằng Cường,ART_92092d6cfb,POP_BALLAD,deterministic_mapping,1.0,N/A (Standard 11 Taxonomy),,MISSING,data/lyrics/RMVM_S_59b3e9b2ab.txt,AVAILABLE,,MISSING,,UNVERIFIED,TIER_A,LYRICS_ONLY,train
RMVM_S_54c34d41be,Lỗi Hẹn Cùng Trăng,"Phi Bằng, Dạ Thảo My",ART_b4970f7d9a,BOLERO_TRUTINH,deterministic_mapping,1.0,N/A (Standard 11 Taxonomy),,MISSING,data/lyrics/RMVM_S_54c34d41be.txt,AVAILABLE,,MISSING,,UNVERIFIED,TIER_A,LYRICS_ONLY,train
RMVM_S_6848ba5ff8,Cô Mèo Đen,Linh Miu,ART_ff11934a8b,POP_BALLAD,deterministic_mapping,0.85,N/A (Standard 11 Taxonomy),,MISSING,,MISSING,,MISSING,,UNVERIFIED,TIER_B,NO_PHYSICAL_MODALITY,train
RMVM_S_9c665c15f6,Chia Tay Là Giải Pháp,Phát Hồ (X2X Band),ART_243e42e140,POP_BALLAD,deterministic_mapping,1.0,N/A (Standard 11 Taxonomy),,MISSING,data/lyrics/RMVM_S_9c665c15f6.txt,AVAILABLE,,MISSING,,UNVERIFIED,TIER_A,LYRICS_ONLY,train
RMVM_S_1bce4e57da,Khúc Biệt Ly,"Bảo Hân, Lay Minh",ART_efc1577561,INSTRUMENTAL,source_tag_verification,0.85,N/A (Standard 11 Taxonomy),,MISSING,data/lyrics/RMVM_S_1bce4e57da.txt,AVAILABLE,,MISSING,,UNVERIFIED,TIER_B,LYRICS_ONLY,train
RMVM_S_f52e45c801,Nếu Như Ngày Ấy,"Huy Diệc, HOA HỒNG DẠI MUSIC",ART_56c840bc52,POP_BALLAD,deterministic_mapping,1.0,N/A (Standard 11 Taxonomy),,MISSING,data/lyrics/RMVM_S_f52e45c801.txt,AVAILABLE,,MISSING,,UNVERIFIED,TIER_A,LYRICS_ONLY,train
RMVM_S_23ead4d2ff,Thương Rồi Cũng Thế Thôi (Zeaplee Lofi Remix),"Huy Diệc, HOA HỒNG DẠI MUSIC",ART_56c840bc52,DANCE_EDM,deterministic_mapping,1.0,N/A (Standard 11 Taxonomy),,MISSING,data/lyrics/RMVM_S_23ead4d2ff.txt,AVAILABLE,,MISSING,,UNVERIFIED,TIER_A,LYRICS_ONLY,train
RMVM_S_b908607e5e,Tàn Giấc Mơ Xưa,Quân Bảo,ART_f7ee36ccd0,BOLERO_TRUTINH,deterministic_mapping,1.0,N/A (Standard 11 Taxonomy),,MISSING,data/lyrics/RMVM_S_b908607e5e.txt,AVAILABLE,,MISSING,,UNVERIFIED,TIER_A,LYRICS_ONLY,train
RMVM_S_656c3feeb1,Mùi Tổ Ấm,"Quân A.P, Hứa Kim Tuyền",ART_50b471f7f1,POP_BALLAD,deterministic_mapping,1.0,N/A (Standard 11 Taxonomy),,MISSING,data/lyrics/RMVM_S_656c3feeb1.txt,AVAILABLE,,MISSING,,UNVERIFIED,TIER_A,LYRICS_ONLY,train
RMVM_S_3926d38ff0,Hay Là Mình Quay Về Với Nhau,Khang Dương,ART_92a671a29f,POP_BALLAD,deterministic_mapping,0.85,N/A (Standard 11 Taxonomy),,MISSING,,MISSING,,MISSING,,UNVERIFIED,TIER_B,NO_PHYSICAL_MODALITY,train
RMVM_S_0b5933c065,Tôi Đang Chờ Một Cuộc Chia Tay,"Bá Vương, Magda",ART_dbada215a8,POP_BALLAD,deterministic_mapping,1.0,N/A (Standard 11 Taxonomy),,MISSING,data/lyrics/RMVM_S_0b5933c065.txt,AVAILABLE,,MISSING,,UNVERIFIED,TIER_A,LYRICS_ONLY,train
RMVM_S_02364cf2f0,Giọt Mưa Thu (Album Tại Sao Là Không),"Lam Anh, Nguyệt Anh",ART_5d67ea2cc8,BOLERO_TRUTINH,deterministic_mapping,1.0,N/A (Standard 11 Taxonomy),,MISSING,data/lyrics/RMVM_S_02364cf2f0.txt,AVAILABLE,,MISSING,,UNVERIFIED,TIER_A,LYRICS_ONLY,train
RMVM_S_a462728b22,Anh Chàng Si Tình,"Nhật Tinh Anh, Khánh Ngọc",ART_d43f262077,POP_BALLAD,deterministic_mapping,0.85,N/A (Standard 11 Taxonomy),,MISSING,,MISSING,,MISSING,,UNVERIFIED,TIER_B,NO_PHYSICAL_MODALITY,train
RMVM_S_82f3db9305,Còn Lại Nhớ Thương,Tú Quyên,ART_bfe8d8bb63,INSTRUMENTAL,source_tag_verification,0.85,N/A (Standard 11 Taxonomy),,MISSING,data/lyrics/RMVM_S_82f3db9305.txt,AVAILABLE,,MISSING,,UNVERIFIED,TIER_B,LYRICS_ONLY,train
RMVM_S_8a2ebb44c2,Hãy Mang Niềm Vui Tới,Tú Quyên,ART_bfe8d8bb63,POP_BALLAD,deterministic_mapping,0.85,N/A (Standard 11 Taxonomy),,MISSING,,MISSING,,MISSING,,UNVERIFIED,TIER_B,NO_PHYSICAL_MODALITY,train
RMVM_S_4b6664c1b3,Bến Bờ Cho Con,Vy Oanh,ART_4835a2401f,POP_BALLAD,deterministic_mapping,1.0,N/A (Standard 11 Taxonomy),,MISSING,data/lyrics/RMVM_S_4b6664c1b3.txt,AVAILABLE,,MISSING,,UNVERIFIED,TIER_A,LYRICS_ONLY,train
RMVM_S_aa1b81f70f,Bài Tango Mùa Thu,Vy Oanh,ART_4835a2401f,BOLERO_TRUTINH,deterministic_mapping,1.0,N/A (Standard 11 Taxonomy),,MISSING,data/lyrics/RMVM_S_aa1b81f70f.txt,AVAILABLE,,MISSING,,UNVERIFIED,TIER_A,LYRICS_ONLY,train
RMVM_S_d6c63187f1,Như Vẫn Còn Yêu,Vy Oanh,ART_4835a2401f,POP_BALLAD,deterministic_mapping,1.0,N/A (Standard 11 Taxonomy),,MISSING,data/lyrics/RMVM_S_d6c63187f1.txt,AVAILABLE,,MISSING,,UNVERIFIED,TIER_A,LYRICS_ONLY,train
RMVM_S_73b54271d0,Hoan Ca Maria,Vy Oanh,ART_4835a2401f,OTHER,curated_out_of_taxonomy,0.9,Religious / Sacred spiritual Vietnamese music,,MISSING,,MISSING,,MISSING,,UNVERIFIED,TIER_B,NO_PHYSICAL_MODALITY,train
RMVM_S_0292fe854c,Con Vẫn Trông Cậy Chúa,Vy Oanh,ART_4835a2401f,OTHER,curated_out_of_taxonomy,0.9,Religious / Sacred spiritual Vietnamese music,,MISSING,,MISSING,,MISSING,,UNVERIFIED,TIER_B,NO_PHYSICAL_MODALITY,train
RMVM_S_23e1bf81db,Tận Cùng Của Nỗi Cô Đơn,Tiểu Doanh,ART_66f95a16f9,POP_BALLAD,deterministic_mapping,1.0,N/A (Standard 11 Taxonomy),,MISSING,data/lyrics/RMVM_S_23e1bf81db.txt,AVAILABLE,,MISSING,,UNVERIFIED,TIER_A,LYRICS_ONLY,train
RMVM_S_01657ba1e9,Chẳng Còn Thời Gian Ấy (Lofi Version),"Bem, Nguyenx, ImPoe.",ART_04f4f66ff9,POP_BALLAD,deterministic_mapping,1.0,N/A (Standard 11 Taxonomy),,MISSING,data/lyrics/RMVM_S_01657ba1e9.txt,AVAILABLE,,MISSING,,UNVERIFIED,TIER_A,LYRICS_ONLY,train
RMVM_S_6619d33e53,Để Gió Cuốn Đi,Đam San,ART_05ee0bde12,NHAC_TRINH,deterministic_mapping,1.0,N/A (Standard 11 Taxonomy),,MISSING,data/lyrics/RMVM_S_6619d33e53.txt,AVAILABLE,,MISSING,,UNVERIFIED,TIER_A,LYRICS_ONLY,train
RMVM_S_46ddf33b42,Hà Nội Gen Trội,"Vũ., gung0cay",ART_298851cffd,POP_BALLAD,deterministic_mapping,1.0,N/A (Standard 11 Taxonomy),,MISSING,data/lyrics/RMVM_S_46ddf33b42.txt,AVAILABLE,,MISSING,,UNVERIFIED,TIER_A,LYRICS_ONLY,train
RMVM_S_776b88f256,Cháu Hát Về Đảo Xa,Bé Hạnh Trang,ART_9d75d8250f,CHILDREN,deterministic_mapping,1.0,N/A (Standard 11 Taxonomy),,MISSING,data/lyrics/RMVM_S_776b88f256.txt,AVAILABLE,,MISSING,,UNVERIFIED,TIER_A,LYRICS_ONLY,train
RMVM_MB_4c5bada3d4,Vì Tôi Còn Sống (Dsmall remix),Tiên Tiên,ART_692ad687f0,RB_SOUL,musicbrainz_artist_discography,0.85,N/A (Standard 11 Taxonomy),,MISSING,,MISSING,,MISSING,2015.0,VERIFIED,TIER_B,NO_PHYSICAL_MODALITY,train
RMVM_MB_5d3d16b58c,Say You Do (Beat),Tiên Tiên,ART_692ad687f0,RB_SOUL,musicbrainz_artist_discography,0.85,N/A (Standard 11 Taxonomy),,MISSING,,MISSING,,MISSING,2014.0,VERIFIED,TIER_B,NO_PHYSICAL_MODALITY,train
RMVM_MB_cf68a9a8e1,My Everything (Beat),Tiên Tiên,ART_692ad687f0,RB_SOUL,musicbrainz_artist_discography,0.85,N/A (Standard 11 Taxonomy),,MISSING,,MISSING,,MISSING,,UNVERIFIED,TIER_B,NO_PHYSICAL_MODALITY,train
RMVM_MB_4318fcbd81,Vì Tôi Còn Sống,Tiên Tiên,ART_692ad687f0,RB_SOUL,musicbrainz_artist_discography,0.85,N/A (Standard 11 Taxonomy),,MISSING,,MISSING,,MISSING,2015.0,VERIFIED,TIER_B,NO_PHYSICAL_MODALITY,train
RMVM_MB_e42c9f2529,My Everything (Deephouse version...),Tiên Tiên,ART_692ad687f0,RB_SOUL,musicbrainz_artist_discography,0.85,N/A (Standard 11 Taxonomy),,MISSING,,MISSING,,MISSING,,UNVERIFIED,TIER_B,NO_PHYSICAL_MODALITY,train
RMVM_MB_7126d82d88,My Everything,Tiên Tiên,ART_692ad687f0,RB_SOUL,musicbrainz_artist_discography,0.85,N/A (Standard 11 Taxonomy),,MISSING,,MISSING,,MISSING,2015.0,VERIFIED,TIER_B,NO_PHYSICAL_MODALITY,train
RMVM_MB_8afd0647a9,My Everything (Acousticbeat),Tiên Tiên,ART_692ad687f0,RB_SOUL,musicbrainz_artist_discography,0.85,N/A (Standard 11 Taxonomy),,MISSING,,MISSING,,MISSING,,UNVERIFIED,TIER_B,NO_PHYSICAL_MODALITY,train
RMVM_MB_905e425f87,Say You Do,Tiên Tiên,ART_692ad687f0,RB_SOUL,musicbrainz_artist_discography,0.85,N/A (Standard 11 Taxonomy),,MISSING,,MISSING,,MISSING,2014.0,VERIFIED,TIER_B,NO_PHYSICAL_MODALITY,train
RMVM_S_74d962bf40,Cô Đơn Ơi,Nguyễn Thương,ART_76baf850d3,POP_BALLAD,deterministic_mapping,1.0,N/A (Standard 11 Taxonomy),,MISSING,data/lyrics/RMVM_S_74d962bf40.txt,AVAILABLE,,MISSING,,UNVERIFIED,TIER_A,LYRICS_ONLY,train
RMVM_S_e75648204b,Rời Xa Để Trưởng Thành,Duy Zuno,ART_2bc466f079,POP_BALLAD,deterministic_mapping,1.0,N/A (Standard 11 Taxonomy),,MISSING,data/lyrics/RMVM_S_e75648204b.txt,AVAILABLE,,MISSING,,UNVERIFIED,TIER_A,LYRICS_ONLY,train
RMVM_S_3810bba0f9,Treo Ngược Cành Cây,Duy Zuno,ART_2bc466f079,POP_BALLAD,deterministic_mapping,1.0,N/A (Standard 11 Taxonomy),,MISSING,data/lyrics/RMVM_S_3810bba0f9.txt,AVAILABLE,,MISSING,,UNVERIFIED,TIER_A,LYRICS_ONLY,train
RMVM_S_c39520aa14,Hẹn Yêu (Beat),Duy Zuno,ART_2bc466f079,POP_BALLAD,deterministic_mapping,1.0,N/A (Standard 11 Taxonomy),,MISSING,data/lyrics/RMVM_S_c39520aa14.txt,AVAILABLE,,MISSING,,UNVERIFIED,TIER_A,LYRICS_ONLY,train
RMVM_S_b5b00d22be,Cho Tôi Yêu Một Lần,Thế Sơn,ART_67eb934159,INSTRUMENTAL,source_tag_verification,0.85,N/A (Standard 11 Taxonomy),,MISSING,,MISSING,data/covers/RMVM_S_b5b00d22be.jpg,AVAILABLE,,UNVERIFIED,TIER_B,COVER_ONLY,train
RMVM_S_c98a488b4d,Ngày Đó,Thế Sơn,ART_67eb934159,INSTRUMENTAL,source_tag_verification,0.85,N/A (Standard 11 Taxonomy),,MISSING,data/lyrics/RMVM_S_c98a488b4d.txt,AVAILABLE,data/covers/RMVM_S_c98a488b4d.jpg,AVAILABLE,,UNVERIFIED,TIER_B,LYRICS_COVER,train
RMVM_S_0f7b358125,Đi Tìm Kỷ Niệm,Thế Sơn,ART_67eb934159,INSTRUMENTAL,source_tag_verification,0.85,N/A (Standard 11 Taxonomy),,MISSING,data/lyrics/RMVM_S_0f7b358125.txt,AVAILABLE,,MISSING,,UNVERIFIED,TIER_B,LYRICS_ONLY,train
RMVM_S_a5ace6a873,Mai Lệ Xuân,Thế Sơn,ART_67eb934159,INSTRUMENTAL,source_tag_verification,0.85,N/A (Standard 11 Taxonomy),,MISSING,data/lyrics/RMVM_S_a5ace6a873.txt,AVAILABLE,,MISSING,,UNVERIFIED,TIER_B,LYRICS_ONLY,train
RMVM_S_c4f066696c,Anh Vẫn Buồn Như Xưa,Thế Sơn,ART_67eb934159,INSTRUMENTAL,source_tag_verification,0.85,N/A (Standard 11 Taxonomy),,MISSING,data/lyrics/RMVM_S_c4f066696c.txt,AVAILABLE,,MISSING,,UNVERIFIED,TIER_B,LYRICS_ONLY,train
RMVM_S_e57aed2b5f,Tình Đợi Mong,Thế Sơn,ART_67eb934159,INSTRUMENTAL,source_tag_verification,0.85,N/A (Standard 11 Taxonomy),,MISSING,data/lyrics/RMVM_S_e57aed2b5f.txt,AVAILABLE,,MISSING,,UNVERIFIED,TIER_B,LYRICS_ONLY,train
RMVM_S_315b717526,Một Lần Miên Viễn Xót Xa,Thế Sơn,ART_67eb934159,BOLERO_TRUTINH,deterministic_mapping,1.0,N/A (Standard 11 Taxonomy),,MISSING,data/lyrics/RMVM_S_315b717526.txt,AVAILABLE,,MISSING,,UNVERIFIED,TIER_A,LYRICS_ONLY,train
RMVM_S_3d409b03dd,LK Yêu Người Yêu Đời,Thế Sơn,ART_67eb934159,INSTRUMENTAL,source_tag_verification,0.85,N/A (Standard 11 Taxonomy),,MISSING,data/lyrics/RMVM_S_3d409b03dd.txt,AVAILABLE,,MISSING,,UNVERIFIED,TIER_B,LYRICS_ONLY,train
RMVM_S_0b1584c0cc,Chuyện Người Đàn Bà Ngàn Năm Trước,Thế Sơn,ART_67eb934159,INSTRUMENTAL,source_tag_verification,0.85,N/A (Standard 11 Taxonomy),,MISSING,data/lyrics/RMVM_S_0b1584c0cc.txt,AVAILABLE,,MISSING,,UNVERIFIED,TIER_B,LYRICS_ONLY,train
RMVM_S_89ffc1dfc2,Còn Mãi Vấn Vương,Anh Tom,ART_80d54b583c,POP_BALLAD,deterministic_mapping,1.0,N/A (Standard 11 Taxonomy),,MISSING,data/lyrics/RMVM_S_89ffc1dfc2.txt,AVAILABLE,,MISSING,,UNVERIFIED,TIER_A,LYRICS_ONLY,train
RMVM_S_a02d430ece,Sài Gòn Anh Đợi!,"NNA, KaWaiiBi",ART_8d27d8e2de,RAP_HIPHOP,deterministic_mapping,1.0,N/A (Standard 11 Taxonomy),,MISSING,data/lyrics/RMVM_S_a02d430ece.txt,AVAILABLE,data/covers/RMVM_S_a02d430ece.jpg,AVAILABLE,,UNVERIFIED,TIER_A,LYRICS_COVER,train
RMVM_S_dc75141a99,LostOwl Có Phải Là GPS,"Pixel Neko, Mỹ Anh, Lost Owl",ART_85508ffcfa,POP_BALLAD,deterministic_mapping,1.0,N/A (Standard 11 Taxonomy),,MISSING,data/lyrics/RMVM_S_dc75141a99.txt,AVAILABLE,,MISSING,,UNVERIFIED,TIER_A,LYRICS_ONLY,train
RMVM_S_d8e39cebc8,Ngẫu Hứng Bolero,"Hoàng Tuấn Minh, SOUND HIT",ART_425bef4182,BOLERO_TRUTINH,deterministic_mapping,1.0,N/A (Standard 11 Taxonomy),,MISSING,data/lyrics/RMVM_S_d8e39cebc8.txt,AVAILABLE,,MISSING,,UNVERIFIED,TIER_A,LYRICS_ONLY,train
RMVM_S_eb72504c0c,Đã Có Những Tháng Ngày,Lâm Sung,ART_9089cd4dd6,POP_BALLAD,deterministic_mapping,1.0,N/A (Standard 11 Taxonomy),,MISSING,data/lyrics/RMVM_S_eb72504c0c.txt,AVAILABLE,,MISSING,,UNVERIFIED,TIER_A,LYRICS_ONLY,train
RMVM_S_5361de113d,4 Mùa Thương Em (TikTok Speed Up Version),"Nguyễn Lê Hoàng Anh, Lập Nguyên, Nguyễn Hoàng Anh Official",ART_12ec76ddf7,POP_BALLAD,deterministic_mapping,1.0,N/A (Standard 11 Taxonomy),,MISSING,,MISSING,data/covers/RMVM_S_5361de113d.jpg,AVAILABLE,,UNVERIFIED,TIER_A,COVER_ONLY,train
RMVM_S_03aecc9bc3,Bỏ Lại Quá Khứ,Ben B,ART_f5fb17d48f,RAP_HIPHOP,deterministic_mapping,1.0,N/A (Standard 11 Taxonomy),,MISSING,data/lyrics/RMVM_S_03aecc9bc3.txt,AVAILABLE,data/covers/RMVM_S_03aecc9bc3.jpg,AVAILABLE,,UNVERIFIED,TIER_A,LYRICS_COVER,train
RMVM_S_d422af0037,Tết Đã Về Đây,Hana Cẩm Tiên,ART_03c3d26c07,POP_BALLAD,deterministic_mapping,1.0,N/A (Standard 11 Taxonomy),,MISSING,data/lyrics/RMVM_S_d422af0037.txt,AVAILABLE,,MISSING,,UNVERIFIED,TIER_A,LYRICS_ONLY,train
RMVM_S_a4e84d3f56,Đừng Tìm Chi Xa,Hana Cẩm Tiên,ART_03c3d26c07,POP_BALLAD,deterministic_mapping,1.0,N/A (Standard 11 Taxonomy),,MISSING,data/lyrics/RMVM_S_a4e84d3f56.txt,AVAILABLE,,MISSING,,UNVERIFIED,TIER_A,LYRICS_ONLY,train
RMVM_S_b7a01a8e72,Để Em Tính,Hana Cẩm Tiên,ART_03c3d26c07,POP_BALLAD,deterministic_mapping,1.0,N/A (Standard 11 Taxonomy),,MISSING,data/lyrics/RMVM_S_b7a01a8e72.txt,AVAILABLE,,MISSING,,UNVERIFIED,TIER_A,LYRICS_ONLY,train
RMVM_S_17301bbe08,Cớ Sao Buông Bàn Tay,"Tâm Tâm, HíuV, HOA HỒNG DẠI MUSIC",ART_9c478b16a5,POP_BALLAD,deterministic_mapping,1.0,N/A (Standard 11 Taxonomy),,MISSING,data/lyrics/RMVM_S_17301bbe08.txt,AVAILABLE,,MISSING,,UNVERIFIED,TIER_A,LYRICS_ONLY,train
RMVM_S_bcdd870672,Chào Mùa Mới,Đại Nhân,ART_eb35532642,POP_BALLAD,deterministic_mapping,1.0,N/A (Standard 11 Taxonomy),,MISSING,data/lyrics/RMVM_S_bcdd870672.txt,AVAILABLE,,MISSING,,UNVERIFIED,TIER_A,LYRICS_ONLY,train
RMVM_S_c5ad942410,Tự Nhiên Bị Thôi Miên,"Thảo Phạm, DT",ART_5b1b31ed0f,POP_BALLAD,deterministic_mapping,1.0,N/A (Standard 11 Taxonomy),,MISSING,data/lyrics/RMVM_S_c5ad942410.txt,AVAILABLE,,MISSING,,UNVERIFIED,TIER_A,LYRICS_ONLY,train
RMVM_S_c1cbd49398,Anh Nhận Yêu Em,"Tripple H, VRT",ART_34d6f5dc00,POP_BALLAD,deterministic_mapping,1.0,N/A (Standard 11 Taxonomy),,MISSING,data/lyrics/RMVM_S_c1cbd49398.txt,AVAILABLE,,MISSING,,UNVERIFIED,TIER_A,LYRICS_ONLY,train
RMVM_S_e9e8d82029,Dạ Cổ Hoài Lang (Live),Hương Thủy,ART_1e195ce73c,FOLK_TRADITIONAL,deterministic_mapping,1.0,N/A (Standard 11 Taxonomy),,MISSING,data/lyrics/RMVM_S_e9e8d82029.txt,AVAILABLE,,MISSING,,UNVERIFIED,TIER_A,LYRICS_ONLY,train
RMVM_S_cfd9547ffa,Hương Tình Gái Quê,Hương Thủy,ART_1e195ce73c,INSTRUMENTAL,source_tag_verification,0.85,N/A (Standard 11 Taxonomy),,MISSING,data/lyrics/RMVM_S_cfd9547ffa.txt,AVAILABLE,,MISSING,,UNVERIFIED,TIER_B,LYRICS_ONLY,train
RMVM_S_d778a075a9,Bán Hồ Sa,Lee Phú Quý,ART_0dae860da2,POP_BALLAD,deterministic_mapping,1.0,N/A (Standard 11 Taxonomy),,MISSING,data/lyrics/RMVM_S_d778a075a9.txt,AVAILABLE,,MISSING,,UNVERIFIED,TIER_A,LYRICS_ONLY,train
RMVM_S_5fead5cd11,Chòm Sao Trên Bầu Trời Nam Thiên Môn,Lee Phú Quý,ART_0dae860da2,POP_BALLAD,deterministic_mapping,1.0,N/A (Standard 11 Taxonomy),,MISSING,data/lyrics/RMVM_S_5fead5cd11.txt,AVAILABLE,,MISSING,,UNVERIFIED,TIER_A,LYRICS_ONLY,train
RMVM_S_45cfc84c63,Trong Gió Có Đám Mây Làm Từ Mưa,Lee Phú Quý,ART_0dae860da2,POP_BALLAD,deterministic_mapping,1.0,N/A (Standard 11 Taxonomy),,MISSING,data/lyrics/RMVM_S_45cfc84c63.txt,AVAILABLE,,MISSING,,UNVERIFIED,TIER_A,LYRICS_ONLY,train
RMVM_S_f3db0c523f,500 Năm Ruộng Dâu Biển Cạn,Lee Phú Quý,ART_0dae860da2,POP_BALLAD,deterministic_mapping,1.0,N/A (Standard 11 Taxonomy),,MISSING,data/lyrics/RMVM_S_f3db0c523f.txt,AVAILABLE,,MISSING,,UNVERIFIED,TIER_A,LYRICS_ONLY,train
RMVM_S_88fe74f8c5,Từ Nay Còn Ta Với Ta Lưu Lạc,Lee Phú Quý,ART_0dae860da2,POP_BALLAD,deterministic_mapping,1.0,N/A (Standard 11 Taxonomy),,MISSING,data/lyrics/RMVM_S_88fe74f8c5.txt,AVAILABLE,,MISSING,,UNVERIFIED,TIER_A,LYRICS_ONLY,train
RMVM_S_03104b7906,Chớp Mắt Đã Ngàn Năm (Remix),Lee Phú Quý,ART_0dae860da2,POP_BALLAD,deterministic_mapping,1.0,N/A (Standard 11 Taxonomy),,MISSING,data/lyrics/RMVM_S_03104b7906.txt,AVAILABLE,,MISSING,,UNVERIFIED,TIER_A,LYRICS_ONLY,train
RMVM_S_9765300d12,Dám Hỏi Đường Ở Đâu,Lee Phú Quý,ART_0dae860da2,POP_BALLAD,deterministic_mapping,1.0,N/A (Standard 11 Taxonomy),,MISSING,data/lyrics/RMVM_S_9765300d12.txt,AVAILABLE,,MISSING,,UNVERIFIED,TIER_A,LYRICS_ONLY,train
RMVM_S_b6ca12d3af,Ba Đời Ba Kiếp Mười Dặm Hoa Rơi,Lee Phú Quý,ART_0dae860da2,POP_BALLAD,deterministic_mapping,1.0,N/A (Standard 11 Taxonomy),,MISSING,data/lyrics/RMVM_S_b6ca12d3af.txt,AVAILABLE,,MISSING,,UNVERIFIED,TIER_A,LYRICS_ONLY,train
RMVM_S_9915ce296e,Chỉ Chọn Tây Kinh,Lee Phú Quý,ART_0dae860da2,POP_BALLAD,deterministic_mapping,1.0,N/A (Standard 11 Taxonomy),,MISSING,data/lyrics/RMVM_S_9915ce296e.txt,AVAILABLE,,MISSING,,UNVERIFIED,TIER_A,LYRICS_ONLY,train
RMVM_S_df4490d904,Chỉ Cần Có Phật,Lee Phú Quý,ART_0dae860da2,POP_BALLAD,deterministic_mapping,1.0,N/A (Standard 11 Taxonomy),,MISSING,data/lyrics/RMVM_S_df4490d904.txt,AVAILABLE,,MISSING,,UNVERIFIED,TIER_A,LYRICS_ONLY,train
RMVM_S_ab90c04e4b,Xin Lỗi Ta Yêu Người (Yuki No Hana),Lee Phú Quý,ART_0dae860da2,POP_BALLAD,deterministic_mapping,1.0,N/A (Standard 11 Taxonomy),,MISSING,data/lyrics/RMVM_S_ab90c04e4b.txt,AVAILABLE,,MISSING,,UNVERIFIED,TIER_A,LYRICS_ONLY,train
RMVM_S_0d56e8c21f,Ngắm Nhìn,Lee Phú Quý,ART_0dae860da2,POP_BALLAD,deterministic_mapping,1.0,N/A (Standard 11 Taxonomy),,MISSING,data/lyrics/RMVM_S_0d56e8c21f.txt,AVAILABLE,,MISSING,,UNVERIFIED,TIER_A,LYRICS_ONLY,train
RMVM_S_d364002a8a,Tân Quý Phi Say Rượu,Lee Phú Quý,ART_0dae860da2,POP_BALLAD,deterministic_mapping,1.0,N/A (Standard 11 Taxonomy),,MISSING,data/lyrics/RMVM_S_d364002a8a.txt,AVAILABLE,,MISSING,,UNVERIFIED,TIER_A,LYRICS_ONLY,train
RMVM_S_4a604e021f,Gió Mây Chuyển Sắc,Lee Phú Quý,ART_0dae860da2,POP_BALLAD,deterministic_mapping,1.0,N/A (Standard 11 Taxonomy),,MISSING,data/lyrics/RMVM_S_4a604e021f.txt,AVAILABLE,,MISSING,,UNVERIFIED,TIER_A,LYRICS_ONLY,train
RMVM_S_234d18a2ae,Dám Hỏi Đạo Ở Nơi Đâu,Lee Phú Quý,ART_0dae860da2,POP_BALLAD,deterministic_mapping,1.0,N/A (Standard 11 Taxonomy),,MISSING,data/lyrics/RMVM_S_234d18a2ae.txt,AVAILABLE,,MISSING,,UNVERIFIED,TIER_A,LYRICS_ONLY,train
RMVM_S_9421266a4b,Cho Con Xin,"Quỳnh Gai, Đinh Trang, CM1X",ART_acd101b7eb,POP_BALLAD,deterministic_mapping,1.0,N/A (Standard 11 Taxonomy),,MISSING,data/lyrics/RMVM_S_9421266a4b.txt,AVAILABLE,,MISSING,,UNVERIFIED,TIER_A,LYRICS_ONLY,train
RMVM_S_9f401f0110,Người Ta Hỏi Anh (Remix),"Nhật Tinh Anh, DJ Turbo",ART_65326e1bcb,POP_BALLAD,deterministic_mapping,1.0,N/A (Standard 11 Taxonomy),,MISSING,data/lyrics/RMVM_S_9f401f0110.txt,AVAILABLE,,MISSING,,UNVERIFIED,TIER_A,LYRICS_ONLY,train
RMVM_S_2980c4669a,Em Sẽ Là Người Ra Đi (Cover),KIM MINI,ART_da8848d302,POP_BALLAD,deterministic_mapping,1.0,N/A (Standard 11 Taxonomy),,MISSING,data/lyrics/RMVM_S_2980c4669a.txt,AVAILABLE,,MISSING,,UNVERIFIED,TIER_A,LYRICS_ONLY,train
RMVM_MB_cb5cec611c,Just You,Wowy,ART_074d76b1a4,RAP_HIPHOP,musicbrainz_artist_discography,0.85,N/A (Standard 11 Taxonomy),,MISSING,,MISSING,,MISSING,2015.0,VERIFIED,TIER_B,NO_PHYSICAL_MODALITY,train
RMVM_S_19e6247bec,Anh Ta Bỏ Em Rồi (Beat),Hương Giang,ART_7570e7decb,POP_BALLAD,deterministic_mapping,1.0,N/A (Standard 11 Taxonomy),,MISSING,data/lyrics/RMVM_S_19e6247bec.txt,AVAILABLE,,MISSING,,UNVERIFIED,TIER_A,LYRICS_ONLY,train
RMVM_S_38fb25ec7e,"Việt Nam, We Are The Champions","Phạm Hồng Biển, Tố My",ART_d0b47b3680,POP_BALLAD,deterministic_mapping,1.0,N/A (Standard 11 Taxonomy),,MISSING,data/lyrics/RMVM_S_38fb25ec7e.txt,AVAILABLE,,MISSING,,UNVERIFIED,TIER_A,LYRICS_ONLY,train
RMVM_S_4871ba4384,Chất Ngất Tình Cha,Việt Hưng,ART_5393ae9907,POP_BALLAD,deterministic_mapping,1.0,N/A (Standard 11 Taxonomy),,MISSING,data/lyrics/RMVM_S_4871ba4384.txt,AVAILABLE,,MISSING,,UNVERIFIED,TIER_A,LYRICS_ONLY,train
RMVM_S_836b51e415,Chúc Mừng Hạnh Phúc,Mắt Ngọc,ART_6cfbee5e76,POP_BALLAD,deterministic_mapping,1.0,N/A (Standard 11 Taxonomy),,MISSING,data/lyrics/RMVM_S_836b51e415.txt,AVAILABLE,,MISSING,,UNVERIFIED,TIER_A,LYRICS_ONLY,train
RMVM_S_83d105d1fc,Em Mong Chờ Anh,Mắt Ngọc,ART_6cfbee5e76,POP_BALLAD,deterministic_mapping,1.0,N/A (Standard 11 Taxonomy),,MISSING,data/lyrics/RMVM_S_83d105d1fc.txt,AVAILABLE,,MISSING,,UNVERIFIED,TIER_A,LYRICS_ONLY,train
RMVM_S_54d22d2652,Đừng Quay Lưng,Mắt Ngọc,ART_6cfbee5e76,POP_BALLAD,deterministic_mapping,1.0,N/A (Standard 11 Taxonomy),,MISSING,data/lyrics/RMVM_S_54d22d2652.txt,AVAILABLE,,MISSING,,UNVERIFIED,TIER_A,LYRICS_ONLY,train
RMVM_S_b783f23324,Yêu Vì Yêu,Mắt Ngọc,ART_6cfbee5e76,POP_BALLAD,deterministic_mapping,1.0,N/A (Standard 11 Taxonomy),,MISSING,data/lyrics/RMVM_S_b783f23324.txt,AVAILABLE,,MISSING,,UNVERIFIED,TIER_A,LYRICS_ONLY,train
RMVM_S_4415f67e5c,Gió Bay Trên Đồi,Mắt Ngọc,ART_6cfbee5e76,POP_BALLAD,deterministic_mapping,1.0,N/A (Standard 11 Taxonomy),,MISSING,data/lyrics/RMVM_S_4415f67e5c.txt,AVAILABLE,,MISSING,,UNVERIFIED,TIER_A,LYRICS_ONLY,train
RMVM_S_03224c7059,Bước Chân Em Về,Đức Thịnh,ART_383670474b,POP_BALLAD,deterministic_mapping,0.85,N/A (Standard 11 Taxonomy),,MISSING,,MISSING,,MISSING,,UNVERIFIED,TIER_B,NO_PHYSICAL_MODALITY,train
RMVM_S_d690d34589,Liên Khúc Khu Phố Ngày Xưa - Xa Người Mình Yêu,"Phi Nga, Star Online",ART_9549670c8c,POP_BALLAD,deterministic_mapping,1.0,N/A (Standard 11 Taxonomy),,MISSING,,MISSING,data/covers/RMVM_S_d690d34589.jpg,AVAILABLE,,UNVERIFIED,TIER_A,COVER_ONLY,train
RMVM_S_2c031862ab,Bất Bình Thường,Whee!,ART_5a7a482e7c,POP_BALLAD,deterministic_mapping,1.0,N/A (Standard 11 Taxonomy),,MISSING,data/lyrics/RMVM_S_2c031862ab.txt,AVAILABLE,,MISSING,,UNVERIFIED,TIER_A,LYRICS_ONLY,train
RMVM_S_9f84e54abd,Nếu Đời Không Có Em,"Thanh Ngân, Gia Tiến",ART_e71637f8e2,POP_BALLAD,deterministic_mapping,1.0,N/A (Standard 11 Taxonomy),,MISSING,,MISSING,data/covers/RMVM_S_9f84e54abd.jpg,AVAILABLE,,UNVERIFIED,TIER_A,COVER_ONLY,train
RMVM_S_f6aa20a8f2,Bông Màu Tím,"Thanh Ngân, Gia Tiến",ART_e71637f8e2,POP_BALLAD,deterministic_mapping,1.0,N/A (Standard 11 Taxonomy),,MISSING,data/lyrics/RMVM_S_f6aa20a8f2.txt,AVAILABLE,,MISSING,,UNVERIFIED,TIER_A,LYRICS_ONLY,train
RMVM_S_3cd8f57973,Chuyện Tình Rau Muống Biển,"Thanh Ngân, Gia Tiến",ART_e71637f8e2,POP_BALLAD,deterministic_mapping,1.0,N/A (Standard 11 Taxonomy),,MISSING,data/lyrics/RMVM_S_3cd8f57973.txt,AVAILABLE,,MISSING,,UNVERIFIED,TIER_A,LYRICS_ONLY,train
RMVM_S_fa9844c5c8,Liên Khúc Cha Cha Cha Hái Hoa Rừng Cho Em,"Thanh Ngân, Gia Tiến",ART_e71637f8e2,BOLERO_TRUTINH,deterministic_mapping,1.0,N/A (Standard 11 Taxonomy),,MISSING,data/lyrics/RMVM_S_fa9844c5c8.txt,AVAILABLE,,MISSING,,UNVERIFIED,TIER_A,LYRICS_ONLY,train
RMVM_S_c8e07b7e89,Thư Về Người Em Gái Thành Đô,"Thanh Ngân, Gia Tiến",ART_e71637f8e2,POP_BALLAD,deterministic_mapping,1.0,N/A (Standard 11 Taxonomy),,MISSING,data/lyrics/RMVM_S_c8e07b7e89.txt,AVAILABLE,,MISSING,,UNVERIFIED,TIER_A,LYRICS_ONLY,train
RMVM_S_2af4f7831c,Liên Khúc Cha Cha Cha Quân Vương Và Thiếp,"Thanh Ngân, Gia Tiến",ART_e71637f8e2,BOLERO_TRUTINH,deterministic_mapping,1.0,N/A (Standard 11 Taxonomy),,MISSING,data/lyrics/RMVM_S_2af4f7831c.txt,AVAILABLE,,MISSING,,UNVERIFIED,TIER_A,LYRICS_ONLY,train
RMVM_S_2d40cbcc15,Lời Tình Viết Vội,"Thanh Ngân, Gia Tiến",ART_e71637f8e2,POP_BALLAD,deterministic_mapping,1.0,N/A (Standard 11 Taxonomy),,MISSING,data/lyrics/RMVM_S_2d40cbcc15.txt,AVAILABLE,,MISSING,,UNVERIFIED,TIER_A,LYRICS_ONLY,train
RMVM_S_c98f2b5617,Chuyện Ao Sen,"Thanh Ngân, Gia Tiến",ART_e71637f8e2,POP_BALLAD,deterministic_mapping,1.0,N/A (Standard 11 Taxonomy),,MISSING,data/lyrics/RMVM_S_c98f2b5617.txt,AVAILABLE,,MISSING,,UNVERIFIED,TIER_A,LYRICS_ONLY,train
RMVM_S_8653dce56f,Mảnh TÌnh Sầu,"Thanh Ngân, Gia Tiến",ART_e71637f8e2,POP_BALLAD,deterministic_mapping,1.0,N/A (Standard 11 Taxonomy),,MISSING,data/lyrics/RMVM_S_8653dce56f.txt,AVAILABLE,,MISSING,,UNVERIFIED,TIER_A,LYRICS_ONLY,train
RMVM_S_791f3cd11c,Đò Sang Sông,"Thanh Ngân, Gia Tiến",ART_e71637f8e2,POP_BALLAD,deterministic_mapping,1.0,N/A (Standard 11 Taxonomy),,MISSING,data/lyrics/RMVM_S_791f3cd11c.txt,AVAILABLE,,MISSING,,UNVERIFIED,TIER_A,LYRICS_ONLY,train
RMVM_S_30f63fed6a,Tây Vương Nữ Quốc,"Thanh Ngân, Gia Tiến",ART_e71637f8e2,POP_BALLAD,deterministic_mapping,1.0,N/A (Standard 11 Taxonomy),,MISSING,data/lyrics/RMVM_S_30f63fed6a.txt,AVAILABLE,,MISSING,,UNVERIFIED,TIER_A,LYRICS_ONLY,train
RMVM_S_e42a014af5,Em Biết Anh Đi Chẳng Trở Về,"Thanh Ngân, Gia Tiến",ART_e71637f8e2,POP_BALLAD,deterministic_mapping,1.0,N/A (Standard 11 Taxonomy),,MISSING,data/lyrics/RMVM_S_e42a014af5.txt,AVAILABLE,,MISSING,,UNVERIFIED,TIER_A,LYRICS_ONLY,train
RMVM_S_c395eeaa14,Bông Cỏ May,"Thanh Ngân, Gia Tiến",ART_e71637f8e2,POP_BALLAD,deterministic_mapping,0.85,N/A (Standard 11 Taxonomy),,MISSING,,MISSING,,MISSING,,UNVERIFIED,TIER_B,NO_PHYSICAL_MODALITY,train
RMVM_S_b9d78c071b,Liên Khúc Đám Cưới Trên Đường Quê Hương – Rước Tình Về Với Quê Hương,Đình Phước,ART_e1a44ab29b,BOLERO_TRUTINH,deterministic_mapping,1.0,N/A (Standard 11 Taxonomy),,MISSING,data/lyrics/RMVM_S_b9d78c071b.txt,AVAILABLE,,MISSING,,UNVERIFIED,TIER_A,LYRICS_ONLY,train
RMVM_S_a53041ed1d,Liên Khúc: Thương Nhau Ngày Mưa - Tình Khúc Chiều Mưa,Đình Phước,ART_e1a44ab29b,BOLERO_TRUTINH,deterministic_mapping,1.0,N/A (Standard 11 Taxonomy),,MISSING,data/lyrics/RMVM_S_a53041ed1d.txt,AVAILABLE,,MISSING,,UNVERIFIED,TIER_A,LYRICS_ONLY,train
RMVM_S_4d25efff09,Liên Khúc Mùa Xuân Sang Có Hoa Anh Đào,Đình Phước,ART_e1a44ab29b,BOLERO_TRUTINH,deterministic_mapping,1.0,N/A (Standard 11 Taxonomy),,MISSING,data/lyrics/RMVM_S_4d25efff09.txt,AVAILABLE,,MISSING,,UNVERIFIED,TIER_A,LYRICS_ONLY,train
RMVM_S_8482d17f76,Đất Biển Quê Em,Đình Phước,ART_e1a44ab29b,BOLERO_TRUTINH,deterministic_mapping,1.0,N/A (Standard 11 Taxonomy),,MISSING,data/lyrics/RMVM_S_8482d17f76.txt,AVAILABLE,,MISSING,,UNVERIFIED,TIER_A,LYRICS_ONLY,train
RMVM_S_90f0c6faa1,Chuyện Tình Không Mang Tên,Lan Vy,ART_46e9a0312d,BOLERO_TRUTINH,deterministic_mapping,1.0,N/A (Standard 11 Taxonomy),,MISSING,data/lyrics/RMVM_S_90f0c6faa1.txt,AVAILABLE,,MISSING,,UNVERIFIED,TIER_A,LYRICS_ONLY,train
RMVM_S_b2d731df6c,Thầm Mang Ơn Anh,Trương Như Anh,ART_fe44284910,POP_BALLAD,deterministic_mapping,1.0,N/A (Standard 11 Taxonomy),,MISSING,,MISSING,data/covers/RMVM_S_b2d731df6c.jpg,AVAILABLE,,UNVERIFIED,TIER_A,COVER_ONLY,train
RMVM_S_7de9f2c8a2,Ngã Ba Đường Hai Người Đi,Trương Như Anh,ART_fe44284910,POP_BALLAD,deterministic_mapping,1.0,N/A (Standard 11 Taxonomy),,MISSING,data/lyrics/RMVM_S_7de9f2c8a2.txt,AVAILABLE,,MISSING,,UNVERIFIED,TIER_A,LYRICS_ONLY,train
RMVM_S_8e6b6cc473,Mưa Hoa Tàn,Trương Như Anh,ART_fe44284910,POP_BALLAD,deterministic_mapping,1.0,N/A (Standard 11 Taxonomy),,MISSING,data/lyrics/RMVM_S_8e6b6cc473.txt,AVAILABLE,,MISSING,,UNVERIFIED,TIER_A,LYRICS_ONLY,train
RMVM_MB_7270c2c5f3,The Calling,Low G,ART_1457f41cd8,RAP_HIPHOP,musicbrainz_artist_discography,0.85,N/A (Standard 11 Taxonomy),,MISSING,,MISSING,,MISSING,2019.0,VERIFIED,TIER_B,NO_PHYSICAL_MODALITY,train
RMVM_MB_b04f9f3349,Kick The Bass,Low G,ART_1457f41cd8,RAP_HIPHOP,musicbrainz_artist_discography,0.85,N/A (Standard 11 Taxonomy),,MISSING,,MISSING,,MISSING,2019.0,VERIFIED,TIER_B,NO_PHYSICAL_MODALITY,train
RMVM_MB_b146805754,Tán Gái 303 (Phòng Trà Version),Low G,ART_1457f41cd8,RAP_HIPHOP,musicbrainz_artist_discography,0.85,N/A (Standard 11 Taxonomy),,MISSING,,MISSING,,MISSING,2025.0,VERIFIED,TIER_B,NO_PHYSICAL_MODALITY,train
RMVM_MB_ccb3422335,Interlude 1 - Cửa Sổ Tình Yêu,Low G,ART_1457f41cd8,RAP_HIPHOP,musicbrainz_artist_discography,0.85,N/A (Standard 11 Taxonomy),,MISSING,,MISSING,,MISSING,2025.0,VERIFIED,TIER_B,NO_PHYSICAL_MODALITY,train
RMVM_MB_e0ef2603c3,Outro - L2K FM,Low G,ART_1457f41cd8,RAP_HIPHOP,musicbrainz_artist_discography,0.85,N/A (Standard 11 Taxonomy),,MISSING,,MISSING,,MISSING,2025.0,VERIFIED,TIER_B,NO_PHYSICAL_MODALITY,train
RMVM_MB_28d9c5d4b5,Peace N’ Love,Low G,ART_1457f41cd8,RAP_HIPHOP,musicbrainz_artist_discography,0.85,N/A (Standard 11 Taxonomy),,MISSING,,MISSING,,MISSING,2025.0,VERIFIED,TIER_B,NO_PHYSICAL_MODALITY,train
RMVM_MB_35d90b0cd8,Interlude 2 - Lời Nhắn Từ Thính Giả,Low G,ART_1457f41cd8,RAP_HIPHOP,musicbrainz_artist_discography,0.85,N/A (Standard 11 Taxonomy),,MISSING,,MISSING,,MISSING,2025.0,VERIFIED,TIER_B,NO_PHYSICAL_MODALITY,train
RMVM_MB_a895196ace,Simp gái 808,Low G,ART_1457f41cd8,RAP_HIPHOP,musicbrainz_artist_discography,0.85,N/A (Standard 11 Taxonomy),,MISSING,,MISSING,,MISSING,2023.0,VERIFIED,TIER_B,NO_PHYSICAL_MODALITY,train
RMVM_S_f3d7cd9dfe,Bước Nhỏ Vào Đời,Dương Kim Ánh,ART_f84105190f,BOLERO_TRUTINH,deterministic_mapping,1.0,N/A (Standard 11 Taxonomy),,MISSING,data/lyrics/RMVM_S_f3d7cd9dfe.txt,AVAILABLE,,MISSING,,UNVERIFIED,TIER_A,LYRICS_ONLY,train
RMVM_S_12b9eb813b,Cô Giáo Trẻ,Dương Kim Ánh,ART_f84105190f,FOLK_TRADITIONAL,deterministic_mapping,1.0,N/A (Standard 11 Taxonomy),,MISSING,data/lyrics/RMVM_S_12b9eb813b.txt,AVAILABLE,,MISSING,,UNVERIFIED,TIER_A,LYRICS_ONLY,train
RMVM_S_aebf3a8053,"Anh Một Nơi, Em Một Nơi",Ngọc Hân,ART_e908c009ec,POP_BALLAD,deterministic_mapping,1.0,N/A (Standard 11 Taxonomy),,MISSING,data/lyrics/RMVM_S_aebf3a8053.txt,AVAILABLE,,MISSING,,UNVERIFIED,TIER_A,LYRICS_ONLY,train
RMVM_S_7be84a7266,Mai Em Về Bên Ấy,Ngọc Hân,ART_e908c009ec,BOLERO_TRUTINH,deterministic_mapping,1.0,N/A (Standard 11 Taxonomy),,MISSING,data/lyrics/RMVM_S_7be84a7266.txt,AVAILABLE,,MISSING,,UNVERIFIED,TIER_A,LYRICS_ONLY,train
RMVM_S_63f174d5b8,Bạc Bẽo Đời Em,Ngọc Hân,ART_e908c009ec,BOLERO_TRUTINH,deterministic_mapping,1.0,N/A (Standard 11 Taxonomy),,MISSING,data/lyrics/RMVM_S_63f174d5b8.txt,AVAILABLE,,MISSING,,UNVERIFIED,TIER_A,LYRICS_ONLY,train
RMVM_S_af6d9d13b8,Mình Còn Thương Nhau,Ngọc Hân,ART_e908c009ec,BOLERO_TRUTINH,deterministic_mapping,1.0,N/A (Standard 11 Taxonomy),,MISSING,data/lyrics/RMVM_S_af6d9d13b8.txt,AVAILABLE,,MISSING,,UNVERIFIED,TIER_A,LYRICS_ONLY,train
RMVM_S_b4eef5f5aa,Chiếc Bóng Đơn Côi,Ngọc Hân,ART_e908c009ec,BOLERO_TRUTINH,deterministic_mapping,0.85,N/A (Standard 11 Taxonomy),,MISSING,,MISSING,,MISSING,,UNVERIFIED,TIER_B,NO_PHYSICAL_MODALITY,train
RMVM_S_94c5f8be73,Hạnh Phúc Lưng Chừng,Vương Quân,ART_d0bcf89da5,POP_BALLAD,deterministic_mapping,1.0,N/A (Standard 11 Taxonomy),,MISSING,data/lyrics/RMVM_S_94c5f8be73.txt,AVAILABLE,,MISSING,,UNVERIFIED,TIER_A,LYRICS_ONLY,train
RMVM_S_b90764e354,Đây Chính Là Nhảy Đường Phố,Yuno Bigboi,ART_9adb734ee3,RAP_HIPHOP,deterministic_mapping,1.0,N/A (Standard 11 Taxonomy),,MISSING,data/lyrics/RMVM_S_b90764e354.txt,AVAILABLE,,MISSING,,UNVERIFIED,TIER_A,LYRICS_ONLY,train
RMVM_S_11346cf210,Xin Đừng Làm Người Yêu Khóc,Quang Hiền,ART_69918edaa1,BOLERO_TRUTINH,deterministic_mapping,1.0,N/A (Standard 11 Taxonomy),,MISSING,data/lyrics/RMVM_S_11346cf210.txt,AVAILABLE,,MISSING,,UNVERIFIED,TIER_A,LYRICS_ONLY,train
RMVM_S_3f95a95ddd,Chúng Ta Từng Chung Một Đoạn Đường,Tuấn Kiệt,ART_3eeffbbaaf,POP_BALLAD,deterministic_mapping,1.0,N/A (Standard 11 Taxonomy),,MISSING,data/lyrics/RMVM_S_3f95a95ddd.txt,AVAILABLE,,MISSING,,UNVERIFIED,TIER_A,LYRICS_ONLY,train
RMVM_S_802e6e651b,Định Mệnh Ta Gặp Nhau (Disco Remix),"Tuấn Chung, Dương Huỳnh Khang",ART_48ae56abee,POP_BALLAD,deterministic_mapping,1.0,N/A (Standard 11 Taxonomy),,MISSING,data/lyrics/RMVM_S_802e6e651b.txt,AVAILABLE,,MISSING,,UNVERIFIED,TIER_A,LYRICS_ONLY,train
RMVM_S_13a1f5ebec,Chú Đom Đóm,Yamix Hầu Ca,ART_049ac68f9a,POP_BALLAD,deterministic_mapping,1.0,N/A (Standard 11 Taxonomy),,MISSING,data/lyrics/RMVM_S_13a1f5ebec.txt,AVAILABLE,,MISSING,,UNVERIFIED,TIER_A,LYRICS_ONLY,train
RMVM_S_5e52339274,Chào Cô Bé,Yamix Hầu Ca,ART_049ac68f9a,POP_BALLAD,deterministic_mapping,1.0,N/A (Standard 11 Taxonomy),,MISSING,data/lyrics/RMVM_S_5e52339274.txt,AVAILABLE,,MISSING,,UNVERIFIED,TIER_A,LYRICS_ONLY,train
RMVM_S_5ddc7951b8,Độ Ta Không Độ Nàng 2,Yamix Hầu Ca,ART_049ac68f9a,POP_BALLAD,deterministic_mapping,1.0,N/A (Standard 11 Taxonomy),,MISSING,data/lyrics/RMVM_S_5ddc7951b8.txt,AVAILABLE,,MISSING,,UNVERIFIED,TIER_A,LYRICS_ONLY,train
RMVM_S_03e48586ab,1000 Năm Lệ Tình Vương,Yamix Hầu Ca,ART_049ac68f9a,POP_BALLAD,deterministic_mapping,1.0,N/A (Standard 11 Taxonomy),,MISSING,data/lyrics/RMVM_S_03e48586ab.txt,AVAILABLE,,MISSING,,UNVERIFIED,TIER_A,LYRICS_ONLY,train
RMVM_S_12c62fa7dd,Biển Chiều Hoàng Hôn,Đông Hùng,ART_5767518840,POP_BALLAD,deterministic_mapping,1.0,N/A (Standard 11 Taxonomy),,MISSING,data/lyrics/RMVM_S_12c62fa7dd.txt,AVAILABLE,,MISSING,,UNVERIFIED,TIER_A,LYRICS_ONLY,train
RMVM_S_a5b20aaf9d,Người Con Gái Trong Mơ,Tạ Quang Thắng,ART_bec222c5a5,POP_BALLAD,deterministic_mapping,1.0,N/A (Standard 11 Taxonomy),,MISSING,data/lyrics/RMVM_S_a5b20aaf9d.txt,AVAILABLE,,MISSING,,UNVERIFIED,TIER_A,LYRICS_ONLY,train
RMVM_S_bf7511b9f7,Cô Gái Với Nụ Cười Việt Nam,Tạ Quang Thắng,ART_bec222c5a5,POP_BALLAD,deterministic_mapping,1.0,N/A (Standard 11 Taxonomy),,MISSING,data/lyrics/RMVM_S_bf7511b9f7.txt,AVAILABLE,,MISSING,,UNVERIFIED,TIER_A,LYRICS_ONLY,train
RMVM_S_ac82b96221,Về Với Ngài,Phan Đinh Tùng,ART_628c82bb0f,POP_BALLAD,deterministic_mapping,1.0,N/A (Standard 11 Taxonomy),,MISSING,data/lyrics/RMVM_S_ac82b96221.txt,AVAILABLE,,MISSING,,UNVERIFIED,TIER_A,LYRICS_ONLY,train
RMVM_S_f24e4e9dfa,Trang Lưu Bút Ngọt Ngào,Phan Đinh Tùng,ART_628c82bb0f,POP_BALLAD,deterministic_mapping,1.0,N/A (Standard 11 Taxonomy),,MISSING,data/lyrics/RMVM_S_f24e4e9dfa.txt,AVAILABLE,,MISSING,,UNVERIFIED,TIER_A,LYRICS_ONLY,train
RMVM_S_a3ea0d720d,Giấc Mộng Vàng,Phan Đinh Tùng,ART_628c82bb0f,POP_BALLAD,deterministic_mapping,1.0,N/A (Standard 11 Taxonomy),,MISSING,data/lyrics/RMVM_S_a3ea0d720d.txt,AVAILABLE,,MISSING,,UNVERIFIED,TIER_A,LYRICS_ONLY,train
RMVM_S_7208a4a4d6,Bé Bình Khóc Nhè,Phan Đinh Tùng,ART_628c82bb0f,POP_BALLAD,deterministic_mapping,1.0,N/A (Standard 11 Taxonomy),,MISSING,data/lyrics/RMVM_S_7208a4a4d6.txt,AVAILABLE,,MISSING,,UNVERIFIED,TIER_A,LYRICS_ONLY,train
RMVM_S_0a7f566ed0,Tình Sẽ Về Đâu,Phan Đinh Tùng,ART_628c82bb0f,POP_BALLAD,deterministic_mapping,1.0,N/A (Standard 11 Taxonomy),,MISSING,data/lyrics/RMVM_S_0a7f566ed0.txt,AVAILABLE,,MISSING,,UNVERIFIED,TIER_A,LYRICS_ONLY,train
RMVM_S_7a026a6a1d,Sẽ Yêu Hơn Ngày Xưa,Phan Đinh Tùng,ART_628c82bb0f,POP_BALLAD,deterministic_mapping,1.0,N/A (Standard 11 Taxonomy),,MISSING,data/lyrics/RMVM_S_7a026a6a1d.txt,AVAILABLE,,MISSING,,UNVERIFIED,TIER_A,LYRICS_ONLY,train
RMVM_S_44007c3be0,Tôi Vẫn Tin Có Tình Yêu,Phan Đinh Tùng,ART_628c82bb0f,POP_BALLAD,deterministic_mapping,1.0,N/A (Standard 11 Taxonomy),,MISSING,data/lyrics/RMVM_S_44007c3be0.txt,AVAILABLE,,MISSING,,UNVERIFIED,TIER_A,LYRICS_ONLY,train
RMVM_S_eb91202f61,Anh Muốn Quay Về,Phan Đinh Tùng,ART_628c82bb0f,POP_BALLAD,deterministic_mapping,1.0,N/A (Standard 11 Taxonomy),,MISSING,data/lyrics/RMVM_S_eb91202f61.txt,AVAILABLE,,MISSING,,UNVERIFIED,TIER_A,LYRICS_ONLY,train
RMVM_S_bc9abc96c8,Cháu Xin Lỗi Chú,"Linh Thộn, Gia Nghi",ART_4b31b9eac2,RAP_HIPHOP,deterministic_mapping,1.0,N/A (Standard 11 Taxonomy),,MISSING,data/lyrics/RMVM_S_bc9abc96c8.txt,AVAILABLE,data/covers/RMVM_S_bc9abc96c8.jpg,AVAILABLE,,UNVERIFIED,TIER_A,LYRICS_COVER,train
RMVM_S_5d8855ad64,Bình Phước Nỗi Nhớ Gọi Tên,Trinh Phạm,ART_36d27d170a,POP_BALLAD,deterministic_mapping,1.0,N/A (Standard 11 Taxonomy),,MISSING,data/lyrics/RMVM_S_5d8855ad64.txt,AVAILABLE,,MISSING,,UNVERIFIED,TIER_A,LYRICS_ONLY,train
RMVM_S_5860e12bfd,Bình Yên (Disco Remix),Minz,ART_edaeb294d2,POP_BALLAD,deterministic_mapping,1.0,N/A (Standard 11 Taxonomy),,MISSING,data/lyrics/RMVM_S_5860e12bfd.txt,AVAILABLE,,MISSING,,UNVERIFIED,TIER_A,LYRICS_ONLY,train
RMVM_S_16f089dc8e,Quá Khứ Và Anh (Disco Remix),Minz,ART_edaeb294d2,POP_BALLAD,deterministic_mapping,1.0,N/A (Standard 11 Taxonomy),,MISSING,data/lyrics/RMVM_S_16f089dc8e.txt,AVAILABLE,,MISSING,,UNVERIFIED,TIER_A,LYRICS_ONLY,train
RMVM_S_ccd41935a7,Em Về Miệt Thứ,Bảo Hân Bolero,ART_f69e0baf38,BOLERO_TRUTINH,deterministic_mapping,1.0,N/A (Standard 11 Taxonomy),,MISSING,data/lyrics/RMVM_S_ccd41935a7.txt,AVAILABLE,,MISSING,,UNVERIFIED,TIER_A,LYRICS_ONLY,train
RMVM_S_b075f7463c,Cơn Mê Tình Ái,Bảo Hân Bolero,ART_f69e0baf38,BOLERO_TRUTINH,deterministic_mapping,1.0,N/A (Standard 11 Taxonomy),,MISSING,data/lyrics/RMVM_S_b075f7463c.txt,AVAILABLE,,MISSING,,UNVERIFIED,TIER_A,LYRICS_ONLY,train
RMVM_S_5fa339b6e1,Chỉ Hai Đứa Mình Thôi,Bảo Hân Bolero,ART_f69e0baf38,BOLERO_TRUTINH,deterministic_mapping,1.0,N/A (Standard 11 Taxonomy),,MISSING,data/lyrics/RMVM_S_5fa339b6e1.txt,AVAILABLE,,MISSING,,UNVERIFIED,TIER_A,LYRICS_ONLY,train
RMVM_S_98a5b220ab,Con Đò Lỡ Hẹn,Bảo Hân Bolero,ART_f69e0baf38,BOLERO_TRUTINH,deterministic_mapping,1.0,N/A (Standard 11 Taxonomy),,MISSING,data/lyrics/RMVM_S_98a5b220ab.txt,AVAILABLE,,MISSING,,UNVERIFIED,TIER_A,LYRICS_ONLY,train
RMVM_S_d38f23fb8c,Nét Đẹp Á Đông,Bảo Hân Bolero,ART_f69e0baf38,POP_BALLAD,deterministic_mapping,1.0,N/A (Standard 11 Taxonomy),,MISSING,data/lyrics/RMVM_S_d38f23fb8c.txt,AVAILABLE,,MISSING,,UNVERIFIED,TIER_A,LYRICS_ONLY,train
RMVM_S_73fa6e04cb,Ngày Đá Đơm Bông,Bảo Hân Bolero,ART_f69e0baf38,BOLERO_TRUTINH,deterministic_mapping,1.0,N/A (Standard 11 Taxonomy),,MISSING,data/lyrics/RMVM_S_73fa6e04cb.txt,AVAILABLE,,MISSING,,UNVERIFIED,TIER_A,LYRICS_ONLY,train
RMVM_S_8fc4833d2f,Đêm Tóc Rối,Bảo Hân Bolero,ART_f69e0baf38,BOLERO_TRUTINH,deterministic_mapping,1.0,N/A (Standard 11 Taxonomy),,MISSING,data/lyrics/RMVM_S_8fc4833d2f.txt,AVAILABLE,,MISSING,,UNVERIFIED,TIER_A,LYRICS_ONLY,train
RMVM_S_0a98baee68,Hoa Trinh Nữ,Bảo Hân Bolero,ART_f69e0baf38,BOLERO_TRUTINH,deterministic_mapping,1.0,N/A (Standard 11 Taxonomy),,MISSING,data/lyrics/RMVM_S_0a98baee68.txt,AVAILABLE,,MISSING,,UNVERIFIED,TIER_A,LYRICS_ONLY,train
RMVM_S_bbca419bf2,Nắng Lên Xóm Nghèo,Bảo Hân Bolero,ART_f69e0baf38,BOLERO_TRUTINH,deterministic_mapping,1.0,N/A (Standard 11 Taxonomy),,MISSING,data/lyrics/RMVM_S_bbca419bf2.txt,AVAILABLE,,MISSING,,UNVERIFIED,TIER_A,LYRICS_ONLY,train
RMVM_S_491bbcfbbf,Chờ Đông,Bảo Hân Bolero,ART_f69e0baf38,BOLERO_TRUTINH,deterministic_mapping,1.0,N/A (Standard 11 Taxonomy),,MISSING,data/lyrics/RMVM_S_491bbcfbbf.txt,AVAILABLE,,MISSING,,UNVERIFIED,TIER_A,LYRICS_ONLY,train
RMVM_S_cf4f0bdeb7,Biển Tình,Bảo Hân Bolero,ART_f69e0baf38,BOLERO_TRUTINH,deterministic_mapping,1.0,N/A (Standard 11 Taxonomy),,MISSING,data/lyrics/RMVM_S_cf4f0bdeb7.txt,AVAILABLE,,MISSING,,UNVERIFIED,TIER_A,LYRICS_ONLY,train
RMVM_S_5aea45796d,Một Lần Dang Dở,Bảo Hân Bolero,ART_f69e0baf38,BOLERO_TRUTINH,deterministic_mapping,1.0,N/A (Standard 11 Taxonomy),,MISSING,data/lyrics/RMVM_S_5aea45796d.txt,AVAILABLE,,MISSING,,UNVERIFIED,TIER_A,LYRICS_ONLY,train
RMVM_S_643e27b5d6,Ai Nhớ Chăng Ai,Bảo Hân Bolero,ART_f69e0baf38,BOLERO_TRUTINH,deterministic_mapping,0.85,N/A (Standard 11 Taxonomy),,MISSING,,MISSING,,MISSING,,UNVERIFIED,TIER_B,NO_PHYSICAL_MODALITY,train
RMVM_S_ecd2eb77be,Em Hãy Cứ Đi Đi,Trương Hiển,ART_1efe367e09,POP_BALLAD,deterministic_mapping,1.0,N/A (Standard 11 Taxonomy),,MISSING,data/lyrics/RMVM_S_ecd2eb77be.txt,AVAILABLE,,MISSING,,UNVERIFIED,TIER_A,LYRICS_ONLY,train
RMVM_S_b8ab6b3b5a,Anh Của Hiện Tại,Kayshi,ART_2fc5f26614,RAP_HIPHOP,deterministic_mapping,1.0,N/A (Standard 11 Taxonomy),,MISSING,data/lyrics/RMVM_S_b8ab6b3b5a.txt,AVAILABLE,,MISSING,,UNVERIFIED,TIER_A,LYRICS_ONLY,train
RMVM_S_da7f167a32,Chờ Người Vô Tình (Version 2021),Kayshi,ART_2fc5f26614,POP_BALLAD,deterministic_mapping,1.0,N/A (Standard 11 Taxonomy),,MISSING,data/lyrics/RMVM_S_da7f167a32.txt,AVAILABLE,,MISSING,2021.0,VERIFIED,TIER_A,LYRICS_ONLY,train
RMVM_S_a133c825af,Anh Đây Em Ơi,Yan Nguyễn,ART_81381df321,POP_BALLAD,deterministic_mapping,1.0,N/A (Standard 11 Taxonomy),,MISSING,data/lyrics/RMVM_S_a133c825af.txt,AVAILABLE,,MISSING,,UNVERIFIED,TIER_A,LYRICS_ONLY,train
RMVM_S_2c6e90146c,Thà Ế Còn Hơn Yêu,Nguyễn Trung Đức,ART_9eb16399a0,POP_BALLAD,deterministic_mapping,1.0,N/A (Standard 11 Taxonomy),,MISSING,data/lyrics/RMVM_S_2c6e90146c.txt,AVAILABLE,,MISSING,,UNVERIFIED,TIER_A,LYRICS_ONLY,train
RMVM_S_491f041a76,Bánh Trung Thu,"Ngọc Giàu, LalaTv",ART_c426ae5335,CHILDREN,deterministic_mapping,1.0,N/A (Standard 11 Taxonomy),,MISSING,data/lyrics/RMVM_S_491f041a76.txt,AVAILABLE,,MISSING,,UNVERIFIED,TIER_A,LYRICS_ONLY,train
RMVM_S_0b11452de2,Ai Cho Tôi Lương Thiện,"Trang Pháp, Thu Phương, Ninh Dương Lan Ngọc",ART_e1f6dfa3ba,POP_BALLAD,deterministic_mapping,1.0,N/A (Standard 11 Taxonomy),,MISSING,data/lyrics/RMVM_S_0b11452de2.txt,AVAILABLE,,MISSING,,UNVERIFIED,TIER_A,LYRICS_ONLY,train
RMVM_S_b947a00854,Cô Em Gì Ơi,B-Eazy,ART_eab7b251a5,POP_BALLAD,deterministic_mapping,1.0,N/A (Standard 11 Taxonomy),,MISSING,data/lyrics/RMVM_S_b947a00854.txt,AVAILABLE,,MISSING,,UNVERIFIED,TIER_A,LYRICS_ONLY,train
RMVM_S_55c2921b11,Con Sáo Vô Tình,Khánh Bình,ART_7138af5df2,BOLERO_TRUTINH,deterministic_mapping,1.0,N/A (Standard 11 Taxonomy),,MISSING,data/lyrics/RMVM_S_55c2921b11.txt,AVAILABLE,data/covers/RMVM_S_55c2921b11.jpg,AVAILABLE,,UNVERIFIED,TIER_A,LYRICS_COVER,train
RMVM_S_803b30d503,Khúc Hát Tặng Vợ Yêu,Khánh Bình,ART_7138af5df2,BOLERO_TRUTINH,deterministic_mapping,1.0,N/A (Standard 11 Taxonomy),,MISSING,data/lyrics/RMVM_S_803b30d503.txt,AVAILABLE,,MISSING,,UNVERIFIED,TIER_A,LYRICS_ONLY,train
RMVM_S_98da38676a,Khổ Vì Chữ Ghen,Khánh Bình,ART_7138af5df2,BOLERO_TRUTINH,deterministic_mapping,1.0,N/A (Standard 11 Taxonomy),,MISSING,data/lyrics/RMVM_S_98da38676a.txt,AVAILABLE,,MISSING,,UNVERIFIED,TIER_A,LYRICS_ONLY,train
RMVM_S_1e3c01f56f,"Tìm Được Nhau Khó Thế Nào (Original Movie Soundtrack From ""Chìa Khóa Trăm Tỷ”)",Anh Tú,ART_d106731bb0,POP_BALLAD,deterministic_mapping,1.0,N/A (Standard 11 Taxonomy),,MISSING,data/lyrics/RMVM_S_1e3c01f56f.txt,AVAILABLE,,MISSING,,UNVERIFIED,TIER_A,LYRICS_ONLY,train
RMVM_S_ad330cf699,Mình Làm Người Yêu Nhé Em (Beat),Anh Tú,ART_d106731bb0,POP_BALLAD,deterministic_mapping,1.0,N/A (Standard 11 Taxonomy),,MISSING,data/lyrics/RMVM_S_ad330cf699.txt,AVAILABLE,,MISSING,,UNVERIFIED,TIER_A,LYRICS_ONLY,train
RMVM_S_27ba6bf863,Buồn Thời Gian,"Mạnh Quỳnh, Khả Tú",ART_ff1553fdc2,BOLERO_TRUTINH,deterministic_mapping,1.0,N/A (Standard 11 Taxonomy),,MISSING,data/lyrics/RMVM_S_27ba6bf863.txt,AVAILABLE,,MISSING,,UNVERIFIED,TIER_A,LYRICS_ONLY,train
RMVM_S_d515997952,"Như Đã Dấu Yêu (Xuân Phát Tài 13, Live)","Lệ Quyên, Bằng Kiều",ART_5ec22c5bbe,POP_BALLAD,deterministic_mapping,0.85,N/A (Standard 11 Taxonomy),,MISSING,,MISSING,,MISSING,,UNVERIFIED,TIER_B,NO_PHYSICAL_MODALITY,train
RMVM_S_7cdd2ccdfc,Hoa Ngũ Sắc,"K-ICM, Long Nón Lá",ART_b23bcb796b,POP_BALLAD,deterministic_mapping,1.0,N/A (Standard 11 Taxonomy),,MISSING,data/lyrics/RMVM_S_7cdd2ccdfc.txt,AVAILABLE,data/covers/RMVM_S_7cdd2ccdfc.jpg,AVAILABLE,,UNVERIFIED,TIER_A,LYRICS_COVER,train
RMVM_S_ed0eeb05df,Thơ Tình Người Lính Biển,Đức Chính,ART_4b4943cc82,REVOLUTIONARY,deterministic_mapping,1.0,N/A (Standard 11 Taxonomy),,MISSING,data/lyrics/RMVM_S_ed0eeb05df.txt,AVAILABLE,,MISSING,,UNVERIFIED,TIER_A,LYRICS_ONLY,train
RMVM_S_d20ae0b0c8,Mưa Của Ngày Xưa,Lê Phú,ART_8e94558c75,POP_BALLAD,deterministic_mapping,1.0,N/A (Standard 11 Taxonomy),,MISSING,,MISSING,data/covers/RMVM_S_d20ae0b0c8.jpg,AVAILABLE,,UNVERIFIED,TIER_A,COVER_ONLY,train
RMVM_S_e477011625,Viết Vội,"Nguyên., Dream",ART_5cdbc54e24,POP_BALLAD,deterministic_mapping,1.0,N/A (Standard 11 Taxonomy),,MISSING,data/lyrics/RMVM_S_e477011625.txt,AVAILABLE,,MISSING,,UNVERIFIED,TIER_A,LYRICS_ONLY,train
RMVM_S_8198e74d28,"Hỡi Người, Hỡi Tình","Kỳ Phương Uyên, Lương Tùng Quang",ART_dffd01a32e,INSTRUMENTAL,source_tag_verification,0.85,N/A (Standard 11 Taxonomy),,MISSING,data/lyrics/RMVM_S_8198e74d28.txt,AVAILABLE,,MISSING,,UNVERIFIED,TIER_B,LYRICS_ONLY,train
RMVM_S_b6560bd0f0,Chương 2 Của Tương Lai,"WEAN, MCK, Tenkitsune",ART_9ae2c65f8f,POP_BALLAD,deterministic_mapping,1.0,N/A (Standard 11 Taxonomy),,MISSING,data/lyrics/RMVM_S_b6560bd0f0.txt,AVAILABLE,,MISSING,,UNVERIFIED,TIER_A,LYRICS_ONLY,train
RMVM_S_23976c0983,Hạnh Phúc Xuân,"Bùi Anh Tuấn, Văn Mai Hương",ART_c2dfb9e14a,POP_BALLAD,deterministic_mapping,1.0,N/A (Standard 11 Taxonomy),,MISSING,data/lyrics/RMVM_S_23976c0983.txt,AVAILABLE,,MISSING,,UNVERIFIED,TIER_A,LYRICS_ONLY,train
RMVM_S_9cb195a596,KHÔNG CÒN EM (ft. Wxrdie & hoangnhi.),"LOPE PHAM, Wxrdie, hoangnhi.",ART_0a7f39dec1,POP_BALLAD,deterministic_mapping,1.0,N/A (Standard 11 Taxonomy),,MISSING,data/lyrics/RMVM_S_9cb195a596.txt,AVAILABLE,,MISSING,,UNVERIFIED,TIER_A,LYRICS_ONLY,train
RMVM_S_9d60ad39e4,Mai Anh Đào,Tùng Nguyễn,ART_32f7c5be34,POP_BALLAD,deterministic_mapping,1.0,N/A (Standard 11 Taxonomy),,MISSING,data/lyrics/RMVM_S_9d60ad39e4.txt,AVAILABLE,,MISSING,,UNVERIFIED,TIER_A,LYRICS_ONLY,train
RMVM_S_b544ba5333,Không Để Anh Đau Khổ,Vũ Uyên Nhi,ART_89886758cc,POP_BALLAD,deterministic_mapping,1.0,N/A (Standard 11 Taxonomy),,MISSING,data/lyrics/RMVM_S_b544ba5333.txt,AVAILABLE,data/covers/RMVM_S_b544ba5333.jpg,AVAILABLE,,UNVERIFIED,TIER_A,LYRICS_COVER,train
RMVM_S_0985feb346,Yêu Lâu Mới Thấu,Vũ Uyên Nhi,ART_89886758cc,POP_BALLAD,deterministic_mapping,1.0,N/A (Standard 11 Taxonomy),,MISSING,data/lyrics/RMVM_S_0985feb346.txt,AVAILABLE,,MISSING,,UNVERIFIED,TIER_A,LYRICS_ONLY,train
RMVM_S_18694ed798,Liên Khúc Bay,Vũ Uyên Nhi,ART_89886758cc,POP_BALLAD,deterministic_mapping,0.85,N/A (Standard 11 Taxonomy),,MISSING,,MISSING,,MISSING,,UNVERIFIED,TIER_B,NO_PHYSICAL_MODALITY,train
RMVM_S_d6b7d191b3,Mẹ Già Không Thể Chờ (Beat),Nguyễn Hữu Thành,ART_b4871a660e,BOLERO_TRUTINH,deterministic_mapping,1.0,N/A (Standard 11 Taxonomy),,MISSING,data/lyrics/RMVM_S_d6b7d191b3.txt,AVAILABLE,,MISSING,,UNVERIFIED,TIER_A,LYRICS_ONLY,train
RMVM_S_1cedb7851d,Lá Thư Của Gió,Kha Idol,ART_b8af4a912d,POP_BALLAD,deterministic_mapping,1.0,N/A (Standard 11 Taxonomy),,MISSING,data/lyrics/RMVM_S_1cedb7851d.txt,AVAILABLE,,MISSING,,UNVERIFIED,TIER_A,LYRICS_ONLY,train
RMVM_S_993f58bab2,Ai Tiếc Cho Ai,Anh Hảo,ART_f24cb38231,POP_BALLAD,deterministic_mapping,1.0,N/A (Standard 11 Taxonomy),,MISSING,data/lyrics/RMVM_S_993f58bab2.txt,AVAILABLE,,MISSING,,UNVERIFIED,TIER_A,LYRICS_ONLY,train
RMVM_S_6e2980072d,Ai Cũng Nói Anh Ngốc,Anh Hảo,ART_f24cb38231,POP_BALLAD,deterministic_mapping,1.0,N/A (Standard 11 Taxonomy),,MISSING,data/lyrics/RMVM_S_6e2980072d.txt,AVAILABLE,,MISSING,,UNVERIFIED,TIER_A,LYRICS_ONLY,train
RMVM_S_bf0e95da16,Mỉm Cười Khi Anh Ra Đi,Đông Nhi,ART_ced5e40c9a,POP_BALLAD,deterministic_mapping,1.0,N/A (Standard 11 Taxonomy),,MISSING,data/lyrics/RMVM_S_bf0e95da16.txt,AVAILABLE,,MISSING,,UNVERIFIED,TIER_A,LYRICS_ONLY,train
RMVM_S_453535abe2,Chớ Nên Về Sớm,Đông Nhi,ART_ced5e40c9a,POP_BALLAD,deterministic_mapping,1.0,N/A (Standard 11 Taxonomy),,MISSING,data/lyrics/RMVM_S_453535abe2.txt,AVAILABLE,,MISSING,,UNVERIFIED,TIER_A,LYRICS_ONLY,train
RMVM_S_696063d2a6,Em Trong Kỷ Niệm,Lục Lâm,ART_e6083d91bb,POP_BALLAD,deterministic_mapping,1.0,N/A (Standard 11 Taxonomy),,MISSING,data/lyrics/RMVM_S_696063d2a6.txt,AVAILABLE,,MISSING,,UNVERIFIED,TIER_A,LYRICS_ONLY,train
RMVM_S_829bd347e8,Về Giữa Mùa Sen,Thanh Tài,ART_2cd0ffc096,BOLERO_TRUTINH,deterministic_mapping,1.0,N/A (Standard 11 Taxonomy),,MISSING,data/lyrics/RMVM_S_829bd347e8.txt,AVAILABLE,,MISSING,,UNVERIFIED,TIER_A,LYRICS_ONLY,train
RMVM_S_f27ea0e86e,Điều Đó Là Vì Em,"KindyA, KaWaiiBi",ART_b2f30c9e98,RAP_HIPHOP,deterministic_mapping,1.0,N/A (Standard 11 Taxonomy),,MISSING,data/lyrics/RMVM_S_f27ea0e86e.txt,AVAILABLE,,MISSING,,UNVERIFIED,TIER_A,LYRICS_ONLY,train
RMVM_S_a1fd75f250,Anh Đau Từ Lúc Em Đi,Trần Mạnh Cường,ART_969937265f,POP_BALLAD,deterministic_mapping,1.0,N/A (Standard 11 Taxonomy),,MISSING,data/lyrics/RMVM_S_a1fd75f250.txt,AVAILABLE,,MISSING,,UNVERIFIED,TIER_A,LYRICS_ONLY,train
RMVM_S_3022171bb0,Bao Giờ Là Khi Nào?,"LTee, YunND",ART_94caa99656,RAP_HIPHOP,deterministic_mapping,1.0,N/A (Standard 11 Taxonomy),,MISSING,data/lyrics/RMVM_S_3022171bb0.txt,AVAILABLE,,MISSING,,UNVERIFIED,TIER_A,LYRICS_ONLY,train
RMVM_S_d14633e360,Kẻ Mộng Mơ (Lofi Version),"Reddy, Freak D",ART_ea32b51994,POP_BALLAD,deterministic_mapping,1.0,N/A (Standard 11 Taxonomy),,MISSING,data/lyrics/RMVM_S_d14633e360.txt,AVAILABLE,,MISSING,,UNVERIFIED,TIER_A,LYRICS_ONLY,train
RMVM_S_af79ac46cf,Bạn Ơi Hãy Cho Đi,"Phạm Hà, Tốp Ca",ART_bcca7295ea,POP_BALLAD,deterministic_mapping,1.0,N/A (Standard 11 Taxonomy),,MISSING,data/lyrics/RMVM_S_af79ac46cf.txt,AVAILABLE,,MISSING,,UNVERIFIED,TIER_A,LYRICS_ONLY,train
RMVM_S_f8c4cc7ddc,Đắm Trong Màn Mưa (Lofi Version),"Dee Trần, 1 9 6 7",ART_91c0741237,POP_BALLAD,deterministic_mapping,1.0,N/A (Standard 11 Taxonomy),,MISSING,data/lyrics/RMVM_S_f8c4cc7ddc.txt,AVAILABLE,,MISSING,,UNVERIFIED,TIER_A,LYRICS_ONLY,train
RMVM_S_fd15ab61a5,Không Ai Chọn Sự Cô Đơn,Hồ Thiện Quân,ART_f46d4fa72f,POP_BALLAD,deterministic_mapping,1.0,N/A (Standard 11 Taxonomy),,MISSING,data/lyrics/RMVM_S_fd15ab61a5.txt,AVAILABLE,,MISSING,,UNVERIFIED,TIER_A,LYRICS_ONLY,train
RMVM_S_aebcce41e2,Giáng Sinh Để Nói,"Yanbi, Yến Lê",ART_0df15ee9bb,POP_BALLAD,deterministic_mapping,1.0,N/A (Standard 11 Taxonomy),,MISSING,data/lyrics/RMVM_S_aebcce41e2.txt,AVAILABLE,,MISSING,,UNVERIFIED,TIER_A,LYRICS_ONLY,train
RMVM_S_995c4bb083,Hết Duyên Tình Tan,"Hoàng Minh, Lương Gia Hùng",ART_89013f4ecf,POP_BALLAD,deterministic_mapping,1.0,N/A (Standard 11 Taxonomy),,MISSING,data/lyrics/RMVM_S_995c4bb083.txt,AVAILABLE,,MISSING,,UNVERIFIED,TIER_A,LYRICS_ONLY,train
RMVM_S_3212664321,Đâu Dám Trèo Cao,"Dư Anh, Mỹ Linh",ART_a4f8323b24,BOLERO_TRUTINH,deterministic_mapping,1.0,N/A (Standard 11 Taxonomy),,MISSING,data/lyrics/RMVM_S_3212664321.txt,AVAILABLE,,MISSING,,UNVERIFIED,TIER_A,LYRICS_ONLY,train
RMVM_S_24d31bd9d9,Hà Nam Quê Hương Tôi,Mạnh Hakyno,ART_fd676aa17a,POP_BALLAD,deterministic_mapping,1.0,N/A (Standard 11 Taxonomy),,MISSING,data/lyrics/RMVM_S_24d31bd9d9.txt,AVAILABLE,,MISSING,,UNVERIFIED,TIER_A,LYRICS_ONLY,train
RMVM_S_0604572bac,Gặp Em Người Yêu Cũ,Mạnh Hakyno,ART_fd676aa17a,POP_BALLAD,deterministic_mapping,1.0,N/A (Standard 11 Taxonomy),,MISSING,data/lyrics/RMVM_S_0604572bac.txt,AVAILABLE,,MISSING,,UNVERIFIED,TIER_A,LYRICS_ONLY,train
RMVM_S_4f5176a02b,Em Có Đợi Anh Không,Mạnh Hakyno,ART_fd676aa17a,POP_BALLAD,deterministic_mapping,1.0,N/A (Standard 11 Taxonomy),,MISSING,data/lyrics/RMVM_S_4f5176a02b.txt,AVAILABLE,,MISSING,,UNVERIFIED,TIER_A,LYRICS_ONLY,train
RMVM_S_901cf827a8,Đừng Quên Tôi Nhé,Mạnh Hakyno,ART_fd676aa17a,POP_BALLAD,deterministic_mapping,1.0,N/A (Standard 11 Taxonomy),,MISSING,data/lyrics/RMVM_S_901cf827a8.txt,AVAILABLE,,MISSING,,UNVERIFIED,TIER_A,LYRICS_ONLY,train
RMVM_S_1f78aa8983,Về Đi Anh,Mạnh Hakyno,ART_fd676aa17a,POP_BALLAD,deterministic_mapping,1.0,N/A (Standard 11 Taxonomy),,MISSING,data/lyrics/RMVM_S_1f78aa8983.txt,AVAILABLE,,MISSING,,UNVERIFIED,TIER_A,LYRICS_ONLY,train
RMVM_S_12faeeb769,Liên Khúc: Mưa Nửa Đêm – Phố Đêm,Diễm Hân,ART_c71c1eed39,BOLERO_TRUTINH,deterministic_mapping,1.0,N/A (Standard 11 Taxonomy),,MISSING,,MISSING,data/covers/RMVM_S_12faeeb769.jpg,AVAILABLE,,UNVERIFIED,TIER_A,COVER_ONLY,train
RMVM_S_492707bfdd,Liên Khúc Kiên Giang Mình Đẹp Lắm,Diễm Hân,ART_c71c1eed39,BOLERO_TRUTINH,deterministic_mapping,1.0,N/A (Standard 11 Taxonomy),,MISSING,data/lyrics/RMVM_S_492707bfdd.txt,AVAILABLE,,MISSING,,UNVERIFIED,TIER_A,LYRICS_ONLY,train
RMVM_S_c0cdbaab8d,Anh Không Còn Thương,Diễm Hân,ART_c71c1eed39,BOLERO_TRUTINH,deterministic_mapping,1.0,N/A (Standard 11 Taxonomy),,MISSING,data/lyrics/RMVM_S_c0cdbaab8d.txt,AVAILABLE,,MISSING,,UNVERIFIED,TIER_A,LYRICS_ONLY,train
RMVM_S_c112108367,Nước Mắt Của Mẹ,Diễm Hân,ART_c71c1eed39,POP_BALLAD,deterministic_mapping,1.0,N/A (Standard 11 Taxonomy),,MISSING,data/lyrics/RMVM_S_c112108367.txt,AVAILABLE,,MISSING,,UNVERIFIED,TIER_A,LYRICS_ONLY,train
RMVM_S_32178cab2e,Chuyện Tình Tan Vỡ,Hoàng Luân,ART_7ba12e11df,POP_BALLAD,deterministic_mapping,1.0,N/A (Standard 11 Taxonomy),,MISSING,data/lyrics/RMVM_S_32178cab2e.txt,AVAILABLE,,MISSING,,UNVERIFIED,TIER_A,LYRICS_ONLY,train
RMVM_S_f1a292d028,Chưa Kịp Nói Lời Yêu Em,Liu Quốc Việt,ART_d7fe6fa611,POP_BALLAD,deterministic_mapping,1.0,N/A (Standard 11 Taxonomy),,MISSING,data/lyrics/RMVM_S_f1a292d028.txt,AVAILABLE,,MISSING,,UNVERIFIED,TIER_A,LYRICS_ONLY,train
RMVM_S_7c73293bcc,Món Quà Đầu Tiên,Nguyễn Minh Hải,ART_688f3c4c90,POP_BALLAD,deterministic_mapping,1.0,N/A (Standard 11 Taxonomy),,MISSING,data/lyrics/RMVM_S_7c73293bcc.txt,AVAILABLE,,MISSING,,UNVERIFIED,TIER_A,LYRICS_ONLY,train
RMVM_S_227d86a24d,Vọng Kim Lang - Bậu Đi Theo Người,Nguyễn Tuấn Phong,ART_1b97aaf157,INSTRUMENTAL,source_tag_verification,0.85,N/A (Standard 11 Taxonomy),,MISSING,data/lyrics/RMVM_S_227d86a24d.txt,AVAILABLE,,MISSING,,UNVERIFIED,TIER_B,LYRICS_ONLY,train
RMVM_S_d0bf1c7f94,Nhẫn Cỏ Cho Em,Chế Minh,ART_e9b5752011,BOLERO_TRUTINH,deterministic_mapping,1.0,N/A (Standard 11 Taxonomy),,MISSING,data/lyrics/RMVM_S_d0bf1c7f94.txt,AVAILABLE,,MISSING,,UNVERIFIED,TIER_A,LYRICS_ONLY,train
RMVM_S_6da2233fb7,Có Thế Thôi,Chế Minh,ART_e9b5752011,BOLERO_TRUTINH,deterministic_mapping,1.0,N/A (Standard 11 Taxonomy),,MISSING,data/lyrics/RMVM_S_6da2233fb7.txt,AVAILABLE,,MISSING,,UNVERIFIED,TIER_A,LYRICS_ONLY,train
RMVM_S_9352a8bd66,Nhìn Anh Đi,"Par SG, Galaxyy",ART_28ac51c206,RAP_HIPHOP,deterministic_mapping,1.0,N/A (Standard 11 Taxonomy),,MISSING,data/lyrics/RMVM_S_9352a8bd66.txt,AVAILABLE,,MISSING,,UNVERIFIED,TIER_A,LYRICS_ONLY,train
RMVM_S_76ac3a8d4b,Thiên Hạ Hữu Tình,"Mỹ Hạnh, Thái Sơn",ART_0daf8b66ab,POP_BALLAD,deterministic_mapping,1.0,N/A (Standard 11 Taxonomy),,MISSING,data/lyrics/RMVM_S_76ac3a8d4b.txt,AVAILABLE,,MISSING,,UNVERIFIED,TIER_A,LYRICS_ONLY,train
RMVM_S_76bca2b02b,Mưa Trên Cuộc Tình,"Mỹ Hạnh, Thái Sơn",ART_0daf8b66ab,POP_BALLAD,deterministic_mapping,1.0,N/A (Standard 11 Taxonomy),,MISSING,data/lyrics/RMVM_S_76bca2b02b.txt,AVAILABLE,,MISSING,,UNVERIFIED,TIER_A,LYRICS_ONLY,train
RMVM_S_a3aa3bd961,Duyên Tàn (BLUE REMIX),"ZIN MEDIA, TLong, Lạc Khởi",ART_8aa177c14a,DANCE_EDM,deterministic_mapping,1.0,N/A (Standard 11 Taxonomy),,MISSING,data/lyrics/RMVM_S_a3aa3bd961.txt,AVAILABLE,,MISSING,,UNVERIFIED,TIER_A,LYRICS_ONLY,train
RMVM_S_a7aaaa0e51,Ấm No Đời Đời,"Đoàn Thúy Trang, BigDaddy",ART_e87bcb8c48,POP_BALLAD,deterministic_mapping,1.0,N/A (Standard 11 Taxonomy),,MISSING,data/lyrics/RMVM_S_a7aaaa0e51.txt,AVAILABLE,,MISSING,,UNVERIFIED,TIER_A,LYRICS_ONLY,train
RMVM_S_76dcfc947f,Khi Chuyển Đông,Vinh Trần Bảo Lê,ART_4bb419a792,POP_BALLAD,deterministic_mapping,1.0,N/A (Standard 11 Taxonomy),,MISSING,data/lyrics/RMVM_S_76dcfc947f.txt,AVAILABLE,,MISSING,,UNVERIFIED,TIER_A,LYRICS_ONLY,train
RMVM_S_195fb2d7fa,Để Tình Yêu Trôi Qua Vội Vã,Vinh Trần Bảo Lê,ART_4bb419a792,POP_BALLAD,deterministic_mapping,1.0,N/A (Standard 11 Taxonomy),,MISSING,data/lyrics/RMVM_S_195fb2d7fa.txt,AVAILABLE,,MISSING,,UNVERIFIED,TIER_A,LYRICS_ONLY,train
RMVM_S_d1f6311b25,"Liên Khúc: 60 Năm Cuộc Đời, 20-40","Nguyễn Hưng, Như Loan",ART_09816a6b35,BOLERO_TRUTINH,deterministic_mapping,1.0,N/A (Standard 11 Taxonomy),,MISSING,data/lyrics/RMVM_S_d1f6311b25.txt,AVAILABLE,,MISSING,,UNVERIFIED,TIER_A,LYRICS_ONLY,train
RMVM_S_2d96712d47,Đôi Lời Tình Ca (Live at Hội Đồng Hội 2020),Hoàng Dũng,ART_4a78167f7e,POP_BALLAD,deterministic_mapping,1.0,N/A (Standard 11 Taxonomy),,MISSING,data/lyrics/RMVM_S_2d96712d47.txt,AVAILABLE,,MISSING,2020.0,VERIFIED,TIER_A,LYRICS_ONLY,train
RMVM_S_a0877709de,Tôi Muốn Làm Cái Cây,Hoàng Dũng,ART_4a78167f7e,POP_BALLAD,deterministic_mapping,1.0,N/A (Standard 11 Taxonomy),,MISSING,data/lyrics/RMVM_S_a0877709de.txt,AVAILABLE,,MISSING,,UNVERIFIED,TIER_A,LYRICS_ONLY,train
RMVM_S_7f79e33b5b,Đành Chôn Theo Quên Lãng,"Nhật Trung, La Sương Sương",ART_2cacfd7dd5,INSTRUMENTAL,source_tag_verification,0.85,N/A (Standard 11 Taxonomy),,MISSING,data/lyrics/RMVM_S_7f79e33b5b.txt,AVAILABLE,,MISSING,,UNVERIFIED,TIER_B,LYRICS_ONLY,train
RMVM_MB_cda5178ff2,Eerst wil je dit… (Some Girls),Ricky Star,ART_49436287f3,RAP_HIPHOP,musicbrainz_artist_discography,0.85,N/A (Standard 11 Taxonomy),,MISSING,,MISSING,,MISSING,1984.0,VERIFIED,TIER_B,NO_PHYSICAL_MODALITY,train
RMVM_MB_bc546af095,"Liefste, waar ben je",Ricky Star,ART_49436287f3,RAP_HIPHOP,musicbrainz_artist_discography,0.85,N/A (Standard 11 Taxonomy),,MISSING,,MISSING,,MISSING,1984.0,VERIFIED,TIER_B,NO_PHYSICAL_MODALITY,train
RMVM_MB_5d56c3cff2,Oh Rosie,Ricky Star,ART_49436287f3,RAP_HIPHOP,musicbrainz_artist_discography,0.85,N/A (Standard 11 Taxonomy),,MISSING,,MISSING,,MISSING,1983.0,VERIFIED,TIER_B,NO_PHYSICAL_MODALITY,train
RMVM_MB_69ed0f7a28,De wilde jaren,Ricky Star,ART_49436287f3,RAP_HIPHOP,musicbrainz_artist_discography,0.85,N/A (Standard 11 Taxonomy),,MISSING,,MISSING,,MISSING,1983.0,VERIFIED,TIER_B,NO_PHYSICAL_MODALITY,train
RMVM_MB_89da201a14,Diana,Ricky Star,ART_49436287f3,RAP_HIPHOP,musicbrainz_artist_discography,0.85,N/A (Standard 11 Taxonomy),,MISSING,,MISSING,,MISSING,1983.0,VERIFIED,TIER_B,NO_PHYSICAL_MODALITY,train
RMVM_MB_b5eb9d2a45,Wanda,Ricky Star,ART_49436287f3,RAP_HIPHOP,musicbrainz_artist_discography,0.85,N/A (Standard 11 Taxonomy),,MISSING,,MISSING,,MISSING,1983.0,VERIFIED,TIER_B,NO_PHYSICAL_MODALITY,train
RMVM_MB_8cc48b22a2,Sao Anh Chưa Về Nhà,Ricky Star,ART_49436287f3,RAP_HIPHOP,musicbrainz_artist_discography,0.85,N/A (Standard 11 Taxonomy),,MISSING,,MISSING,,MISSING,2020.0,VERIFIED,TIER_B,NO_PHYSICAL_MODALITY,train
RMVM_MB_299de80fff,Vui Như Tết,Ricky Star,ART_49436287f3,RAP_HIPHOP,musicbrainz_artist_discography,0.85,N/A (Standard 11 Taxonomy),,MISSING,,MISSING,,MISSING,2023.0,VERIFIED,TIER_B,NO_PHYSICAL_MODALITY,train
RMVM_S_796c5e6758,Ai Cho Tôi Tình Yêu,"Khánh Duy, Nhã Ca",ART_f0fdfb450c,BOLERO_TRUTINH,deterministic_mapping,1.0,N/A (Standard 11 Taxonomy),,MISSING,,MISSING,data/covers/RMVM_S_796c5e6758.jpg,AVAILABLE,,UNVERIFIED,TIER_A,COVER_ONLY,train
RMVM_S_96179d3a24,Ân Tình Mẹ Yêu,Lm. Quang Lâm,ART_131de67c02,BOLERO_TRUTINH,deterministic_mapping,1.0,N/A (Standard 11 Taxonomy),,MISSING,data/lyrics/RMVM_S_96179d3a24.txt,AVAILABLE,,MISSING,,UNVERIFIED,TIER_A,LYRICS_ONLY,train
RMVM_S_eb80bb0f92,Avemaria Con Dâng Lời Chào Mẹ,Lm. Quang Lâm,ART_131de67c02,OTHER,curated_out_of_taxonomy,0.9,Religious / Sacred spiritual Vietnamese music,,MISSING,,MISSING,,MISSING,,UNVERIFIED,TIER_B,NO_PHYSICAL_MODALITY,train
RMVM_S_12499ada99,Cảm Tạ Ơn Chúa,Lm. Quang Lâm,ART_131de67c02,OTHER,curated_out_of_taxonomy,0.9,Religious / Sacred spiritual Vietnamese music,,MISSING,,MISSING,,MISSING,,UNVERIFIED,TIER_B,NO_PHYSICAL_MODALITY,train
RMVM_S_9e6cbce315,Cao Cung Lên,Lm. Quang Lâm,ART_131de67c02,OTHER,curated_out_of_taxonomy,0.9,Religious / Sacred spiritual Vietnamese music,,MISSING,,MISSING,,MISSING,,UNVERIFIED,TIER_B,NO_PHYSICAL_MODALITY,train
RMVM_S_32425d7196,Ngàn Hoa Đẹp Tươi,Lm. Quang Lâm,ART_131de67c02,OTHER,curated_out_of_taxonomy,0.9,Religious / Sacred spiritual Vietnamese music,,MISSING,,MISSING,,MISSING,,UNVERIFIED,TIER_B,NO_PHYSICAL_MODALITY,train
RMVM_S_daec5d2a8c,Dâng Ngọn Nến Hồng,Lm. Quang Lâm,ART_131de67c02,OTHER,curated_out_of_taxonomy,0.9,Religious / Sacred spiritual Vietnamese music,,MISSING,,MISSING,,MISSING,,UNVERIFIED,TIER_B,NO_PHYSICAL_MODALITY,train
RMVM_S_004bfc4dcf,Kết Thúc Không Vui (Remix),Minh Nghĩa,ART_7c4a073045,POP_BALLAD,deterministic_mapping,1.0,N/A (Standard 11 Taxonomy),,MISSING,data/lyrics/RMVM_S_004bfc4dcf.txt,AVAILABLE,,MISSING,,UNVERIFIED,TIER_A,LYRICS_ONLY,train
RMVM_S_92f9c3a942,Không Quan Tâm (Remix),Minh Nghĩa,ART_7c4a073045,POP_BALLAD,deterministic_mapping,1.0,N/A (Standard 11 Taxonomy),,MISSING,data/lyrics/RMVM_S_92f9c3a942.txt,AVAILABLE,,MISSING,,UNVERIFIED,TIER_A,LYRICS_ONLY,train
RMVM_S_02b991dac6,Tình Là Gì (Remix),Minh Nghĩa,ART_7c4a073045,POP_BALLAD,deterministic_mapping,1.0,N/A (Standard 11 Taxonomy),,MISSING,data/lyrics/RMVM_S_02b991dac6.txt,AVAILABLE,,MISSING,,UNVERIFIED,TIER_A,LYRICS_ONLY,train
RMVM_S_a816e962ee,Duyên Nợ Miền tây,Minh Nghĩa,ART_7c4a073045,POP_BALLAD,deterministic_mapping,1.0,N/A (Standard 11 Taxonomy),,MISSING,data/lyrics/RMVM_S_a816e962ee.txt,AVAILABLE,,MISSING,,UNVERIFIED,TIER_A,LYRICS_ONLY,train
RMVM_S_4346b59fc4,Còn Thương Thì Không Để Em Khóc,Miu Lê,ART_ea6f9ba7a6,POP_BALLAD,deterministic_mapping,1.0,N/A (Standard 11 Taxonomy),,MISSING,,MISSING,data/covers/RMVM_S_4346b59fc4.jpg,AVAILABLE,,UNVERIFIED,TIER_A,COVER_ONLY,train
RMVM_S_82e7c6d451,Anh Đang Nơi Đâu (Khắc Hưng Remix),Miu Lê,ART_ea6f9ba7a6,POP_BALLAD,deterministic_mapping,1.0,N/A (Standard 11 Taxonomy),,MISSING,data/lyrics/RMVM_S_82e7c6d451.txt,AVAILABLE,,MISSING,,UNVERIFIED,TIER_A,LYRICS_ONLY,train
RMVM_S_19aae2009b,Lạc Lối Giữa Sài Gòn (Chạy Đi Rồi Tính OST),Addy Trần,ART_a3103ba449,POP_BALLAD,deterministic_mapping,1.0,N/A (Standard 11 Taxonomy),,MISSING,,MISSING,data/covers/RMVM_S_19aae2009b.jpg,AVAILABLE,,UNVERIFIED,TIER_A,COVER_ONLY,train
RMVM_S_f6bb524a64,Chính Chúa Chọn Con,Minh Sang,ART_09318837eb,OTHER,curated_out_of_taxonomy,0.9,Religious / Sacred spiritual Vietnamese music,,MISSING,,MISSING,,MISSING,,UNVERIFIED,TIER_B,NO_PHYSICAL_MODALITY,train
RMVM_S_7ed0aebb35,Là Vì Ai (Another Version),The Sheep,ART_34bcd0bb75,POP_BALLAD,deterministic_mapping,1.0,N/A (Standard 11 Taxonomy),,MISSING,data/lyrics/RMVM_S_7ed0aebb35.txt,AVAILABLE,,MISSING,,UNVERIFIED,TIER_A,LYRICS_ONLY,train
RMVM_S_d37d1b1a08,Không Thể Bên Nhau,Hoa Vinh,ART_4deeefdb7f,POP_BALLAD,deterministic_mapping,1.0,N/A (Standard 11 Taxonomy),,MISSING,data/lyrics/RMVM_S_d37d1b1a08.txt,AVAILABLE,,MISSING,,UNVERIFIED,TIER_A,LYRICS_ONLY,train
RMVM_S_88f7ee6aa2,Nhạt Nắng,"Chí Viễn, Lưu Chí Vỹ",ART_2fecdacb74,BOLERO_TRUTINH,deterministic_mapping,1.0,N/A (Standard 11 Taxonomy),,MISSING,data/lyrics/RMVM_S_88f7ee6aa2.txt,AVAILABLE,,MISSING,,UNVERIFIED,TIER_A,LYRICS_ONLY,train
RMVM_S_ee70278757,Xin Đừng Yêu Anh,Trần Khánh,ART_59f26962c6,BOLERO_TRUTINH,deterministic_mapping,1.0,N/A (Standard 11 Taxonomy),,MISSING,data/lyrics/RMVM_S_ee70278757.txt,AVAILABLE,,MISSING,,UNVERIFIED,TIER_A,LYRICS_ONLY,train
RMVM_S_206895b43c,Yêu Rồi Tính Sau,Trần Khánh,ART_59f26962c6,BOLERO_TRUTINH,deterministic_mapping,1.0,N/A (Standard 11 Taxonomy),,MISSING,data/lyrics/RMVM_S_206895b43c.txt,AVAILABLE,,MISSING,,UNVERIFIED,TIER_A,LYRICS_ONLY,train
RMVM_S_0969271448,Người Nỡ Quên Anh Như Thế Sao,Giáp Hoàng Hiếu,ART_e869e0af03,POP_BALLAD,deterministic_mapping,1.0,N/A (Standard 11 Taxonomy),,MISSING,data/lyrics/RMVM_S_0969271448.txt,AVAILABLE,,MISSING,,UNVERIFIED,TIER_A,LYRICS_ONLY,train
RMVM_S_94be221fe0,Ai Rồi Cũng Thay Đổi,"Lâm Chấn Khang, Đông Thiên Đức",ART_fcc8493a26,POP_BALLAD,deterministic_mapping,1.0,N/A (Standard 11 Taxonomy),,MISSING,data/lyrics/RMVM_S_94be221fe0.txt,AVAILABLE,,MISSING,,UNVERIFIED,TIER_A,LYRICS_ONLY,train
RMVM_S_460bdad7ce,Con Đường Thương Khó (Via Dolorosa),Võ Thế Cường,ART_668d37e41e,OTHER,curated_out_of_taxonomy,0.9,Religious / Sacred spiritual Vietnamese music,,MISSING,,MISSING,,MISSING,,UNVERIFIED,TIER_B,NO_PHYSICAL_MODALITY,train
RMVM_S_efc0e86bf6,Bòn Ơi Thương Lắm Quê Mình,"Lâm Thanh Tuấn, Châu Thoại Mỹ",ART_c9c63b1885,BOLERO_TRUTINH,deterministic_mapping,1.0,N/A (Standard 11 Taxonomy),,MISSING,data/lyrics/RMVM_S_efc0e86bf6.txt,AVAILABLE,,MISSING,,UNVERIFIED,TIER_A,LYRICS_ONLY,train
RMVM_S_7c331c414f,Bỏ Anh Đi,Renny Hiếu,ART_190acbbf07,POP_BALLAD,deterministic_mapping,1.0,N/A (Standard 11 Taxonomy),,MISSING,data/lyrics/RMVM_S_7c331c414f.txt,AVAILABLE,,MISSING,,UNVERIFIED,TIER_A,LYRICS_ONLY,train
RMVM_S_2551c92f27,Bài Tình Ca Cho Anh,Minh Thu,ART_d8168e026a,POP_BALLAD,deterministic_mapping,1.0,N/A (Standard 11 Taxonomy),,MISSING,,MISSING,data/covers/RMVM_S_2551c92f27.jpg,AVAILABLE,,UNVERIFIED,TIER_A,COVER_ONLY,train
RMVM_S_d46725d887,Khúc Mùa Thu,Minh Thu,ART_d8168e026a,POP_BALLAD,deterministic_mapping,1.0,N/A (Standard 11 Taxonomy),,MISSING,,MISSING,data/covers/RMVM_S_d46725d887.jpg,AVAILABLE,,UNVERIFIED,TIER_A,COVER_ONLY,train
RMVM_S_edba4e4185,Hà Nội 12 Mùa Hoa,Minh Thu,ART_d8168e026a,POP_BALLAD,deterministic_mapping,1.0,N/A (Standard 11 Taxonomy),,MISSING,data/lyrics/RMVM_S_edba4e4185.txt,AVAILABLE,,MISSING,,UNVERIFIED,TIER_A,LYRICS_ONLY,train
RMVM_S_c9aff2a8b8,Hà Nội Nơi Tìm Về,Minh Thu,ART_d8168e026a,POP_BALLAD,deterministic_mapping,1.0,N/A (Standard 11 Taxonomy),,MISSING,data/lyrics/RMVM_S_c9aff2a8b8.txt,AVAILABLE,,MISSING,,UNVERIFIED,TIER_A,LYRICS_ONLY,train
RMVM_S_c419d89f38,Biển Cạn,Minh Thu,ART_d8168e026a,BOLERO_TRUTINH,deterministic_mapping,1.0,N/A (Standard 11 Taxonomy),,MISSING,data/lyrics/RMVM_S_c419d89f38.txt,AVAILABLE,,MISSING,,UNVERIFIED,TIER_A,LYRICS_ONLY,train
RMVM_S_253d617c2f,Gửi Người Yêu Tương Lai,Yến Lê,ART_b0ca3e2ef0,POP_BALLAD,deterministic_mapping,1.0,N/A (Standard 11 Taxonomy),,MISSING,data/lyrics/RMVM_S_253d617c2f.txt,AVAILABLE,,MISSING,,UNVERIFIED,TIER_A,LYRICS_ONLY,train
RMVM_S_8c59ced28f,Chúng Ta Từng Có Nhau,"Lil Z, Poll",ART_9276748501,POP_BALLAD,deterministic_mapping,1.0,N/A (Standard 11 Taxonomy),,MISSING,data/lyrics/RMVM_S_8c59ced28f.txt,AVAILABLE,,MISSING,,UNVERIFIED,TIER_A,LYRICS_ONLY,train
RMVM_S_d612b75b22,Đường Về Hai Thôn,"Phan Hoàng Oanh, Hoàng Việt Trang",ART_f3a6c73185,BOLERO_TRUTINH,deterministic_mapping,1.0,N/A (Standard 11 Taxonomy),,MISSING,data/lyrics/RMVM_S_d612b75b22.txt,AVAILABLE,,MISSING,,UNVERIFIED,TIER_A,LYRICS_ONLY,train
RMVM_S_82cad612e8,Anh Ba Khía,Bé Dương Hoàng Anh,ART_984d8d5d85,FOLK_TRADITIONAL,deterministic_mapping,1.0,N/A (Standard 11 Taxonomy),,MISSING,data/lyrics/RMVM_S_82cad612e8.txt,AVAILABLE,,MISSING,,UNVERIFIED,TIER_A,LYRICS_ONLY,train
RMVM_S_a128a2db7d,Em Có Tiếc Nhớ Tuổi Thơ Qua,"Củ Cải, Vương Cây",ART_a682c72712,POP_BALLAD,deterministic_mapping,1.0,N/A (Standard 11 Taxonomy),,MISSING,,MISSING,data/covers/RMVM_S_a128a2db7d.jpg,AVAILABLE,,UNVERIFIED,TIER_A,COVER_ONLY,train
RMVM_S_f78ceea106,Để Em Sống,Pháo,ART_feb74a14d0,RAP_HIPHOP,deterministic_mapping,1.0,N/A (Standard 11 Taxonomy),,MISSING,data/lyrics/RMVM_S_f78ceea106.txt,AVAILABLE,,MISSING,,UNVERIFIED,TIER_A,LYRICS_ONLY,train
RMVM_S_bc636cffa9,Đứt Đoạn Duyên Tình (VisconC Remix),"Duy Minh, KxK, HOA HỒNG DẠI MUSIC",ART_0633dd4473,DANCE_EDM,deterministic_mapping,1.0,N/A (Standard 11 Taxonomy),,MISSING,data/lyrics/RMVM_S_bc636cffa9.txt,AVAILABLE,,MISSING,,UNVERIFIED,TIER_A,LYRICS_ONLY,train
RMVM_S_ce0952807b,Em Dám Yêu Không?,Nguyễn Đạt,ART_44c31efb11,POP_BALLAD,deterministic_mapping,1.0,N/A (Standard 11 Taxonomy),,MISSING,data/lyrics/RMVM_S_ce0952807b.txt,AVAILABLE,,MISSING,,UNVERIFIED,TIER_A,LYRICS_ONLY,train
RMVM_S_b6efaf8821,Binh Yen Tuoi Tho,Phạm Hồng Biển,ART_f9c7395249,POP_BALLAD,deterministic_mapping,1.0,N/A (Standard 11 Taxonomy),,MISSING,data/lyrics/RMVM_S_b6efaf8821.txt,AVAILABLE,,MISSING,,UNVERIFIED,TIER_A,LYRICS_ONLY,train
RMVM_S_e03a391ecb,Dư Hương Tình Cũ,Vân Trường,ART_edc0fa6ba2,BOLERO_TRUTINH,deterministic_mapping,1.0,N/A (Standard 11 Taxonomy),,MISSING,,MISSING,data/covers/RMVM_S_e03a391ecb.jpg,AVAILABLE,,UNVERIFIED,TIER_A,COVER_ONLY,train
RMVM_S_a486f84dde,Bài Hát Chiều Thu,Vân Trường,ART_edc0fa6ba2,BOLERO_TRUTINH,deterministic_mapping,1.0,N/A (Standard 11 Taxonomy),,MISSING,data/lyrics/RMVM_S_a486f84dde.txt,AVAILABLE,,MISSING,,UNVERIFIED,TIER_A,LYRICS_ONLY,train
RMVM_S_d5ebf8681b,Sao Em Nỡ Lừa Dối Anh,Tâm Đức Tài,ART_58f7a471f0,POP_BALLAD,deterministic_mapping,1.0,N/A (Standard 11 Taxonomy),,MISSING,data/lyrics/RMVM_S_d5ebf8681b.txt,AVAILABLE,,MISSING,,UNVERIFIED,TIER_A,LYRICS_ONLY,train
RMVM_S_ac3a694658,Mùa Xuân Cưới Em (Remix),Tâm Đức Tài,ART_58f7a471f0,POP_BALLAD,deterministic_mapping,1.0,N/A (Standard 11 Taxonomy),,MISSING,data/lyrics/RMVM_S_ac3a694658.txt,AVAILABLE,,MISSING,,UNVERIFIED,TIER_A,LYRICS_ONLY,train
RMVM_S_83a5db3a8e,Anh Không Thể Lo Cho Em,Tâm Đức Tài,ART_58f7a471f0,POP_BALLAD,deterministic_mapping,1.0,N/A (Standard 11 Taxonomy),,MISSING,data/lyrics/RMVM_S_83a5db3a8e.txt,AVAILABLE,,MISSING,,UNVERIFIED,TIER_A,LYRICS_ONLY,train
RMVM_S_263094bfe5,Thơm Má Em,Hồng Thanh,ART_7b6ad0e2b8,POP_BALLAD,deterministic_mapping,1.0,N/A (Standard 11 Taxonomy),,MISSING,data/lyrics/RMVM_S_263094bfe5.txt,AVAILABLE,,MISSING,,UNVERIFIED,TIER_A,LYRICS_ONLY,train
RMVM_S_c3c17ad7f2,Nắng Đi Rồi,Ary,ART_9ac7ff63ea,POP_BALLAD,deterministic_mapping,1.0,N/A (Standard 11 Taxonomy),,MISSING,data/lyrics/RMVM_S_c3c17ad7f2.txt,AVAILABLE,,MISSING,,UNVERIFIED,TIER_A,LYRICS_ONLY,train
RMVM_S_44dc6773b2,Chúng Ta Là Anh Em,Ngọc Turbo,ART_d7095b203a,POP_BALLAD,deterministic_mapping,1.0,N/A (Standard 11 Taxonomy),,MISSING,data/lyrics/RMVM_S_44dc6773b2.txt,AVAILABLE,,MISSING,,UNVERIFIED,TIER_A,LYRICS_ONLY,train
RMVM_S_352ee96659,Bao Giờ Em Mới Yêu Anh,Tuấn,ART_02c2c29610,POP_BALLAD,deterministic_mapping,1.0,N/A (Standard 11 Taxonomy),,MISSING,data/lyrics/RMVM_S_352ee96659.txt,AVAILABLE,,MISSING,,UNVERIFIED,TIER_A,LYRICS_ONLY,train
RMVM_S_1ce32a1657,Cứ Bước Đi Cùng Nhau,Espelune,ART_6f93b82b03,POP_BALLAD,deterministic_mapping,1.0,N/A (Standard 11 Taxonomy),,MISSING,data/lyrics/RMVM_S_1ce32a1657.txt,AVAILABLE,,MISSING,,UNVERIFIED,TIER_A,LYRICS_ONLY,train
RMVM_S_77f17c915d,Anh Quên Em Gái Quê Rồi,"Dư Anh, Thiên Nga",ART_b80b945fc2,FOLK_TRADITIONAL,deterministic_mapping,1.0,N/A (Standard 11 Taxonomy),,MISSING,data/lyrics/RMVM_S_77f17c915d.txt,AVAILABLE,,MISSING,,UNVERIFIED,TIER_A,LYRICS_ONLY,train
RMVM_S_c3ff5cc720,Đoạn Đường Sao Băng,Kha,ART_207b40d2b1,POP_BALLAD,deterministic_mapping,1.0,N/A (Standard 11 Taxonomy),,MISSING,data/lyrics/RMVM_S_c3ff5cc720.txt,AVAILABLE,,MISSING,,UNVERIFIED,TIER_A,LYRICS_ONLY,train
RMVM_S_d2ca104d0f,Chung Mảnh Trăng Thề,Phương Jimmy,ART_20eb80b33d,BOLERO_TRUTINH,deterministic_mapping,1.0,N/A (Standard 11 Taxonomy),,MISSING,data/lyrics/RMVM_S_d2ca104d0f.txt,AVAILABLE,,MISSING,,UNVERIFIED,TIER_A,LYRICS_ONLY,train
RMVM_S_b248a0e8f7,Anh Đã Nhận Ra,Võ Hoài Phúc,ART_ab53b61d96,BOLERO_TRUTINH,deterministic_mapping,1.0,N/A (Standard 11 Taxonomy),,MISSING,data/lyrics/RMVM_S_b248a0e8f7.txt,AVAILABLE,,MISSING,,UNVERIFIED,TIER_A,LYRICS_ONLY,train
RMVM_S_d88ff38e4e,Mashup: Bài Thánh Ca Buồn - Hai Mùa Noel,"Anh Khang, Quỳnh Trang",ART_edff91e08b,POP_BALLAD,deterministic_mapping,1.0,N/A (Standard 11 Taxonomy),,MISSING,data/lyrics/RMVM_S_d88ff38e4e.txt,AVAILABLE,,MISSING,,UNVERIFIED,TIER_A,LYRICS_ONLY,train
RMVM_S_35561db66b,Đêm Lao Xao,"Anh Khang, Quỳnh Trang",ART_edff91e08b,POP_BALLAD,deterministic_mapping,1.0,N/A (Standard 11 Taxonomy),,MISSING,data/lyrics/RMVM_S_35561db66b.txt,AVAILABLE,,MISSING,,UNVERIFIED,TIER_A,LYRICS_ONLY,train
RMVM_S_7c545217a2,Một Người Không Thể Yêu Hai Lần,Puns F,ART_8d57dc42b7,POP_BALLAD,deterministic_mapping,1.0,N/A (Standard 11 Taxonomy),,MISSING,data/lyrics/RMVM_S_7c545217a2.txt,AVAILABLE,,MISSING,,UNVERIFIED,TIER_A,LYRICS_ONLY,train
RMVM_S_c74ea2891d,Tha Thứ Khó Hơn Cả Yêu,Khiết Ngọc,ART_886f748b73,POP_BALLAD,deterministic_mapping,1.0,N/A (Standard 11 Taxonomy),,MISSING,data/lyrics/RMVM_S_c74ea2891d.txt,AVAILABLE,,MISSING,,UNVERIFIED,TIER_A,LYRICS_ONLY,train
RMVM_S_403ca9f353,Từ Nay Không Phiền Anh Nữa (Remix),Tuệ Phương,ART_bc902f7854,DANCE_EDM,deterministic_mapping,1.0,N/A (Standard 11 Taxonomy),,MISSING,data/lyrics/RMVM_S_403ca9f353.txt,AVAILABLE,,MISSING,,UNVERIFIED,TIER_A,LYRICS_ONLY,train
RMVM_S_b032cb952f,Sau Em Luôn Là Anh,Trần Nguyễn Bảo Hân,ART_ff6bb932ff,POP_BALLAD,deterministic_mapping,1.0,N/A (Standard 11 Taxonomy),,MISSING,data/lyrics/RMVM_S_b032cb952f.txt,AVAILABLE,,MISSING,,UNVERIFIED,TIER_A,LYRICS_ONLY,train
RMVM_S_7021043917,Nếu (Acoustic),Cá Hồi Hoang,ART_c3d8c178db,POP_BALLAD,deterministic_mapping,1.0,N/A (Standard 11 Taxonomy),,MISSING,data/lyrics/RMVM_S_7021043917.txt,AVAILABLE,,MISSING,,UNVERIFIED,TIER_A,LYRICS_ONLY,train
RMVM_S_0577834139,Biết Đâu,Cá Hồi Hoang,ART_c3d8c178db,POP_BALLAD,deterministic_mapping,1.0,N/A (Standard 11 Taxonomy),,MISSING,data/lyrics/RMVM_S_0577834139.txt,AVAILABLE,,MISSING,,UNVERIFIED,TIER_A,LYRICS_ONLY,train
RMVM_S_ff577096ae,Muông Thú,Cá Hồi Hoang,ART_c3d8c178db,POP_BALLAD,deterministic_mapping,1.0,N/A (Standard 11 Taxonomy),,MISSING,data/lyrics/RMVM_S_ff577096ae.txt,AVAILABLE,,MISSING,,UNVERIFIED,TIER_A,LYRICS_ONLY,train
RMVM_S_9bfa547136,Lung Linh Xứ Mường,Vũ Minh Vương,ART_ac3da35dbc,BOLERO_TRUTINH,deterministic_mapping,1.0,N/A (Standard 11 Taxonomy),,MISSING,data/lyrics/RMVM_S_9bfa547136.txt,AVAILABLE,,MISSING,,UNVERIFIED,TIER_A,LYRICS_ONLY,train
RMVM_S_32c88278ed,Say Câu Hát Người Ơi,Vũ Minh Vương,ART_ac3da35dbc,BOLERO_TRUTINH,deterministic_mapping,1.0,N/A (Standard 11 Taxonomy),,MISSING,data/lyrics/RMVM_S_32c88278ed.txt,AVAILABLE,,MISSING,,UNVERIFIED,TIER_A,LYRICS_ONLY,train
RMVM_S_2b65e85b57,Mùa Hoa Tam Giác Mạch,Vũ Minh Vương,ART_ac3da35dbc,BOLERO_TRUTINH,deterministic_mapping,1.0,N/A (Standard 11 Taxonomy),,MISSING,data/lyrics/RMVM_S_2b65e85b57.txt,AVAILABLE,,MISSING,,UNVERIFIED,TIER_A,LYRICS_ONLY,train
RMVM_S_ac305dcd21,Hà Giang Miền Biên Cương,Vũ Minh Vương,ART_ac3da35dbc,BOLERO_TRUTINH,deterministic_mapping,1.0,N/A (Standard 11 Taxonomy),,MISSING,data/lyrics/RMVM_S_ac305dcd21.txt,AVAILABLE,,MISSING,,UNVERIFIED,TIER_A,LYRICS_ONLY,train
RMVM_S_98da8b6d02,Phía Không Em,Vũ Minh Vương,ART_ac3da35dbc,POP_BALLAD,deterministic_mapping,1.0,N/A (Standard 11 Taxonomy),,MISSING,data/lyrics/RMVM_S_98da8b6d02.txt,AVAILABLE,,MISSING,,UNVERIFIED,TIER_A,LYRICS_ONLY,train
RMVM_S_aecdf3c5f5,Chạm Làn Môi Em,"Hoàng Tôn, Andree Right Hand, TINLE",ART_ad179fd4f2,POP_BALLAD,deterministic_mapping,1.0,N/A (Standard 11 Taxonomy),,MISSING,data/lyrics/RMVM_S_aecdf3c5f5.txt,AVAILABLE,,MISSING,,UNVERIFIED,TIER_A,LYRICS_ONLY,train
RMVM_S_e7d8211c24,Đây là một bản tình ca,Đạt Dope,ART_99cf81a7e8,RAP_HIPHOP,deterministic_mapping,1.0,N/A (Standard 11 Taxonomy),,MISSING,data/lyrics/RMVM_S_e7d8211c24.txt,AVAILABLE,,MISSING,,UNVERIFIED,TIER_A,LYRICS_ONLY,train
RMVM_S_ab47db50d7,Anh đang chơi đùa,Đạt Dope,ART_99cf81a7e8,RAP_HIPHOP,deterministic_mapping,1.0,N/A (Standard 11 Taxonomy),,MISSING,data/lyrics/RMVM_S_ab47db50d7.txt,AVAILABLE,,MISSING,,UNVERIFIED,TIER_A,LYRICS_ONLY,train
RMVM_S_e75f7507c6,Đếm Chuỗi Ngày Đau,"Kayshi, Phương TP",ART_d998415798,POP_BALLAD,deterministic_mapping,1.0,N/A (Standard 11 Taxonomy),,MISSING,data/lyrics/RMVM_S_e75f7507c6.txt,AVAILABLE,,MISSING,,UNVERIFIED,TIER_A,LYRICS_ONLY,train
RMVM_S_0e35f01009,Tết Năm Nay Có Gì Mới Không Ba?,Thanh Goll,ART_6a03b76013,POP_BALLAD,deterministic_mapping,1.0,N/A (Standard 11 Taxonomy),,MISSING,data/lyrics/RMVM_S_0e35f01009.txt,AVAILABLE,,MISSING,,UNVERIFIED,TIER_A,LYRICS_ONLY,train
RMVM_S_ee4109f184,Lúa Mùa Thắm Duyên,"Khánh Hoàng, Lâm Ngọc Hoa",ART_7d530524e7,BOLERO_TRUTINH,deterministic_mapping,1.0,N/A (Standard 11 Taxonomy),,MISSING,data/lyrics/RMVM_S_ee4109f184.txt,AVAILABLE,,MISSING,,UNVERIFIED,TIER_A,LYRICS_ONLY,train
RMVM_S_e5f82a7418,Còn Nghe Những Ngày Mưa,"Vu Minh Duc, Duy Long",ART_fff60835d0,POP_BALLAD,deterministic_mapping,1.0,N/A (Standard 11 Taxonomy),,MISSING,data/lyrics/RMVM_S_e5f82a7418.txt,AVAILABLE,,MISSING,,UNVERIFIED,TIER_A,LYRICS_ONLY,train
RMVM_S_052038a28a,Quên Hết Đam Mê,"Tuấn Hùng, Thùy Vân",ART_2493bd1d8e,POP_BALLAD,deterministic_mapping,1.0,N/A (Standard 11 Taxonomy),,MISSING,data/lyrics/RMVM_S_052038a28a.txt,AVAILABLE,,MISSING,,UNVERIFIED,TIER_A,LYRICS_ONLY,train
RMVM_S_5fae6faaa6,Ai Đến Thăm Em Đêm 30 (Xuân Phát Tài 10),"Đàm Vĩnh Hưng, Thanh Hà",ART_d877e45164,BOLERO_TRUTINH,deterministic_mapping,1.0,N/A (Standard 11 Taxonomy),,MISSING,data/lyrics/RMVM_S_5fae6faaa6.txt,AVAILABLE,,MISSING,,UNVERIFIED,TIER_A,LYRICS_ONLY,train
RMVM_S_6920723465,Biết Thế Đếch Lấy Chồng,Linh Na,ART_c31e11f93a,POP_BALLAD,deterministic_mapping,1.0,N/A (Standard 11 Taxonomy),,MISSING,data/lyrics/RMVM_S_6920723465.txt,AVAILABLE,,MISSING,,UNVERIFIED,TIER_A,LYRICS_ONLY,train
RMVM_S_e5faec3df3,Đòi Quà Cứ Ra Tòa,Karik,ART_ac386cda83,POP_BALLAD,deterministic_mapping,1.0,N/A (Standard 11 Taxonomy),,MISSING,data/lyrics/RMVM_S_e5faec3df3.txt,AVAILABLE,,MISSING,,UNVERIFIED,TIER_A,LYRICS_ONLY,train
RMVM_MB_2db77272f0,Em Bé,Karik,ART_ac386cda83,RAP_HIPHOP,musicbrainz_artist_discography,0.85,N/A (Standard 11 Taxonomy),,MISSING,,MISSING,,MISSING,2020.0,VERIFIED,TIER_B,NO_PHYSICAL_MODALITY,train
RMVM_MB_cbf8c04f8e,Bạn Đời,Karik,ART_ac386cda83,RAP_HIPHOP,musicbrainz_artist_discography,0.85,N/A (Standard 11 Taxonomy),,MISSING,,MISSING,,MISSING,2023.0,VERIFIED,TIER_B,NO_PHYSICAL_MODALITY,train
RMVM_MB_9d0e2fb7e3,Người Lạ Ơi,Karik,ART_ac386cda83,RAP_HIPHOP,musicbrainz_artist_discography,0.85,N/A (Standard 11 Taxonomy),,MISSING,,MISSING,,MISSING,2020.0,VERIFIED,TIER_B,NO_PHYSICAL_MODALITY,train
RMVM_MB_0e27fdd98b,Kiềng 3 Chân,Karik,ART_ac386cda83,RAP_HIPHOP,musicbrainz_artist_discography,0.85,N/A (Standard 11 Taxonomy),,MISSING,,MISSING,,MISSING,2022.0,VERIFIED,TIER_B,NO_PHYSICAL_MODALITY,train
RMVM_MB_1f1eec3269,Vì Mẹ Anh Bắt Chia Tay,Karik,ART_ac386cda83,RAP_HIPHOP,musicbrainz_artist_discography,0.85,N/A (Standard 11 Taxonomy),,MISSING,,MISSING,,MISSING,2022.0,VERIFIED,TIER_B,NO_PHYSICAL_MODALITY,train
RMVM_MB_bf1a15eaa4,Việt Nam Hết Mình,Karik,ART_ac386cda83,RAP_HIPHOP,musicbrainz_artist_discography,0.85,N/A (Standard 11 Taxonomy),,MISSING,,MISSING,,MISSING,2022.0,VERIFIED,TIER_B,NO_PHYSICAL_MODALITY,train
RMVM_MB_8b5b6a37f0,Turkisk Peppar,Karik,ART_ac386cda83,RAP_HIPHOP,musicbrainz_artist_discography,0.85,N/A (Standard 11 Taxonomy),,MISSING,,MISSING,,MISSING,2001.0,VERIFIED,TIER_B,NO_PHYSICAL_MODALITY,train
RMVM_MB_21ff60fd1f,Việt Nam Tử Tế,Karik,ART_ac386cda83,RAP_HIPHOP,musicbrainz_artist_discography,0.85,N/A (Standard 11 Taxonomy),,MISSING,,MISSING,,MISSING,2020.0,VERIFIED,TIER_B,NO_PHYSICAL_MODALITY,train
RMVM_MB_441481b46c,Việt Nam Tử Tế (instrumental),Karik,ART_ac386cda83,RAP_HIPHOP,musicbrainz_artist_discography,0.85,N/A (Standard 11 Taxonomy),,MISSING,,MISSING,,MISSING,2020.0,VERIFIED,TIER_B,NO_PHYSICAL_MODALITY,train
RMVM_S_368e96c090,LK Bài Ca Kỷ Niệm,"Lê Sang, Trường Sơn",ART_04cdebc61e,BOLERO_TRUTINH,deterministic_mapping,1.0,N/A (Standard 11 Taxonomy),,MISSING,data/lyrics/RMVM_S_368e96c090.txt,AVAILABLE,,MISSING,,UNVERIFIED,TIER_A,LYRICS_ONLY,train
RMVM_S_8fed80e96a,Anh Không Quan Trọng Nữa,"Tăng Phúc, Nguyễn Đình Vũ",ART_9b60788193,POP_BALLAD,deterministic_mapping,1.0,N/A (Standard 11 Taxonomy),,MISSING,data/lyrics/RMVM_S_8fed80e96a.txt,AVAILABLE,,MISSING,,UNVERIFIED,TIER_A,LYRICS_ONLY,train
RMVM_S_b632284a6a,Sắc Màu Em Yêu,"Đỗ Tuyết Nhi, Bé Đinh Anh Khoa",ART_9aa8f270ac,POP_BALLAD,deterministic_mapping,1.0,N/A (Standard 11 Taxonomy),,MISSING,,MISSING,data/covers/RMVM_S_b632284a6a.jpg,AVAILABLE,,UNVERIFIED,TIER_A,COVER_ONLY,train
RMVM_S_a2e4c399d8,Chia Tay Lần Nữa,Thanh Thảo,ART_27d4425bab,POP_BALLAD,deterministic_mapping,1.0,N/A (Standard 11 Taxonomy),,MISSING,,MISSING,data/covers/RMVM_S_a2e4c399d8.jpg,AVAILABLE,,UNVERIFIED,TIER_A,COVER_ONLY,train
RMVM_S_08003d9213,Việt Nam Non Nước Tôi,Thanh Thảo,ART_27d4425bab,POP_BALLAD,deterministic_mapping,1.0,N/A (Standard 11 Taxonomy),,MISSING,data/lyrics/RMVM_S_08003d9213.txt,AVAILABLE,,MISSING,,UNVERIFIED,TIER_A,LYRICS_ONLY,train
RMVM_S_5b25b07c0f,Yêu Anh Dài Lâu,Thanh Thảo,ART_27d4425bab,POP_BALLAD,deterministic_mapping,1.0,N/A (Standard 11 Taxonomy),,MISSING,data/lyrics/RMVM_S_5b25b07c0f.txt,AVAILABLE,,MISSING,,UNVERIFIED,TIER_A,LYRICS_ONLY,train
RMVM_S_7d2b3b4feb,Điệu Nhạc Vui,Thanh Thảo,ART_27d4425bab,POP_BALLAD,deterministic_mapping,1.0,N/A (Standard 11 Taxonomy),,MISSING,data/lyrics/RMVM_S_7d2b3b4feb.txt,AVAILABLE,,MISSING,,UNVERIFIED,TIER_A,LYRICS_ONLY,train
RMVM_S_aafbf98cea,Búp Bê Đẹp Xinh,Thanh Thảo,ART_27d4425bab,POP_BALLAD,deterministic_mapping,1.0,N/A (Standard 11 Taxonomy),,MISSING,data/lyrics/RMVM_S_aafbf98cea.txt,AVAILABLE,,MISSING,,UNVERIFIED,TIER_A,LYRICS_ONLY,train
RMVM_S_cb3ec36934,Giấc Mơ Phù Du,Thanh Thảo,ART_27d4425bab,POP_BALLAD,deterministic_mapping,1.0,N/A (Standard 11 Taxonomy),,MISSING,data/lyrics/RMVM_S_cb3ec36934.txt,AVAILABLE,,MISSING,,UNVERIFIED,TIER_A,LYRICS_ONLY,train
RMVM_S_e118038c1e,Khúc Hát Đam Mê,Thanh Thảo,ART_27d4425bab,POP_BALLAD,deterministic_mapping,1.0,N/A (Standard 11 Taxonomy),,MISSING,data/lyrics/RMVM_S_e118038c1e.txt,AVAILABLE,,MISSING,,UNVERIFIED,TIER_A,LYRICS_ONLY,train
RMVM_S_0cc54a5c79,Đón Anh Về Với Mùa Xuân,Thanh Thảo,ART_27d4425bab,POP_BALLAD,deterministic_mapping,1.0,N/A (Standard 11 Taxonomy),,MISSING,data/lyrics/RMVM_S_0cc54a5c79.txt,AVAILABLE,,MISSING,,UNVERIFIED,TIER_A,LYRICS_ONLY,train
RMVM_S_5323a6ae6d,Nước Mắt Người Con Gái,La Nhật Tiến,ART_505945ce0b,POP_BALLAD,deterministic_mapping,1.0,N/A (Standard 11 Taxonomy),,MISSING,data/lyrics/RMVM_S_5323a6ae6d.txt,AVAILABLE,,MISSING,,UNVERIFIED,TIER_A,LYRICS_ONLY,train
RMVM_S_3f53644144,BIET DAU LA THAT,"T.A, Tuanmanhtr",ART_b26ae4bd91,RAP_HIPHOP,deterministic_mapping,1.0,N/A (Standard 11 Taxonomy),,MISSING,data/lyrics/RMVM_S_3f53644144.txt,AVAILABLE,,MISSING,,UNVERIFIED,TIER_A,LYRICS_ONLY,train
RMVM_S_949c80f458,Anh Chưa Nghĩ Tới,"Phan Duy Anh, ACV",ART_83384928b7,POP_BALLAD,deterministic_mapping,1.0,N/A (Standard 11 Taxonomy),,MISSING,data/lyrics/RMVM_S_949c80f458.txt,AVAILABLE,,MISSING,,UNVERIFIED,TIER_A,LYRICS_ONLY,train
RMVM_S_8ad713394f,Chẳng Biết Điều Gì,Emcee L,ART_28d57ed231,POP_BALLAD,deterministic_mapping,1.0,N/A (Standard 11 Taxonomy),,MISSING,data/lyrics/RMVM_S_8ad713394f.txt,AVAILABLE,,MISSING,,UNVERIFIED,TIER_A,LYRICS_ONLY,train
RMVM_S_d5446b3eb0,Tình Yêu Trọn Vẹn,Hoàng Kim,ART_6dca5a541d,POP_BALLAD,deterministic_mapping,1.0,N/A (Standard 11 Taxonomy),,MISSING,data/lyrics/RMVM_S_d5446b3eb0.txt,AVAILABLE,,MISSING,,UNVERIFIED,TIER_A,LYRICS_ONLY,train
RMVM_S_6a4d15eb0e,Màu Tím Pensee,Vũ Hoàng,ART_cbaf0965d0,INSTRUMENTAL,source_tag_verification,0.85,N/A (Standard 11 Taxonomy),,MISSING,,MISSING,data/covers/RMVM_S_6a4d15eb0e.jpg,AVAILABLE,,UNVERIFIED,TIER_B,COVER_ONLY,train
RMVM_S_19e42b1e34,Còn Yêu Thương Gì Nhau,Vũ Hoàng,ART_cbaf0965d0,BOLERO_TRUTINH,deterministic_mapping,1.0,N/A (Standard 11 Taxonomy),,MISSING,data/lyrics/RMVM_S_19e42b1e34.txt,AVAILABLE,,MISSING,,UNVERIFIED,TIER_A,LYRICS_ONLY,train
RMVM_S_6b90ba16ff,Phận Đời Ca Sĩ,Vũ Hoàng,ART_cbaf0965d0,BOLERO_TRUTINH,deterministic_mapping,1.0,N/A (Standard 11 Taxonomy),,MISSING,data/lyrics/RMVM_S_6b90ba16ff.txt,AVAILABLE,,MISSING,,UNVERIFIED,TIER_A,LYRICS_ONLY,train
RMVM_S_71cc2c15e0,Để Tình Ngàn Sau Đớn Đau,Vũ Hoàng,ART_cbaf0965d0,BOLERO_TRUTINH,deterministic_mapping,1.0,N/A (Standard 11 Taxonomy),,MISSING,data/lyrics/RMVM_S_71cc2c15e0.txt,AVAILABLE,,MISSING,,UNVERIFIED,TIER_A,LYRICS_ONLY,train
RMVM_S_607ba1808f,Tâm Thư Cha Mẹ Gửi Cho Con,Vũ Hoàng,ART_cbaf0965d0,BOLERO_TRUTINH,deterministic_mapping,1.0,N/A (Standard 11 Taxonomy),,MISSING,data/lyrics/RMVM_S_607ba1808f.txt,AVAILABLE,,MISSING,,UNVERIFIED,TIER_A,LYRICS_ONLY,train
RMVM_S_8ffa76440d,Buồn Mà Chi Em,Vũ Hoàng,ART_cbaf0965d0,BOLERO_TRUTINH,deterministic_mapping,1.0,N/A (Standard 11 Taxonomy),,MISSING,data/lyrics/RMVM_S_8ffa76440d.txt,AVAILABLE,,MISSING,,UNVERIFIED,TIER_A,LYRICS_ONLY,train
RMVM_S_e46997febc,Dĩ Vãng Thương Đau (New Version),Vũ Hoàng,ART_cbaf0965d0,BOLERO_TRUTINH,deterministic_mapping,1.0,N/A (Standard 11 Taxonomy),,MISSING,data/lyrics/RMVM_S_e46997febc.txt,AVAILABLE,,MISSING,,UNVERIFIED,TIER_A,LYRICS_ONLY,train
RMVM_S_55de78f4cc,Cha Mẹ Là Hạnh Phúc Đời Con,Vũ Hoàng,ART_cbaf0965d0,BOLERO_TRUTINH,deterministic_mapping,1.0,N/A (Standard 11 Taxonomy),,MISSING,data/lyrics/RMVM_S_55de78f4cc.txt,AVAILABLE,,MISSING,,UNVERIFIED,TIER_A,LYRICS_ONLY,train
RMVM_S_2fea65bec1,Hai Ngã Rẽ,Vũ Hoàng,ART_cbaf0965d0,BOLERO_TRUTINH,deterministic_mapping,1.0,N/A (Standard 11 Taxonomy),,MISSING,data/lyrics/RMVM_S_2fea65bec1.txt,AVAILABLE,,MISSING,,UNVERIFIED,TIER_A,LYRICS_ONLY,train
RMVM_S_e38fcc5fee,Cuộc Đời Sương Gió,Vũ Hoàng,ART_cbaf0965d0,BOLERO_TRUTINH,deterministic_mapping,1.0,N/A (Standard 11 Taxonomy),,MISSING,data/lyrics/RMVM_S_e38fcc5fee.txt,AVAILABLE,,MISSING,,UNVERIFIED,TIER_A,LYRICS_ONLY,train
RMVM_S_cc8ede2ca8,Ký Ức Cha Tôi (New Version),Vũ Hoàng,ART_cbaf0965d0,BOLERO_TRUTINH,deterministic_mapping,1.0,N/A (Standard 11 Taxonomy),,MISSING,data/lyrics/RMVM_S_cc8ede2ca8.txt,AVAILABLE,,MISSING,,UNVERIFIED,TIER_A,LYRICS_ONLY,train
RMVM_S_36b80859cb,Biển Chiều Vắng Em,Vũ Hoàng,ART_cbaf0965d0,BOLERO_TRUTINH,deterministic_mapping,1.0,N/A (Standard 11 Taxonomy),,MISSING,data/lyrics/RMVM_S_36b80859cb.txt,AVAILABLE,,MISSING,,UNVERIFIED,TIER_A,LYRICS_ONLY,train
RMVM_S_2a3490bad1,Đời Tôi Chỉ Một Người,Vũ Hoàng,ART_cbaf0965d0,BOLERO_TRUTINH,deterministic_mapping,1.0,N/A (Standard 11 Taxonomy),,MISSING,data/lyrics/RMVM_S_2a3490bad1.txt,AVAILABLE,,MISSING,,UNVERIFIED,TIER_A,LYRICS_ONLY,train
RMVM_S_8913496ee7,Con Phó Thác Vào Chúa,Vũ Hoàng,ART_cbaf0965d0,OTHER,curated_out_of_taxonomy,0.9,Religious / Sacred spiritual Vietnamese music,,MISSING,,MISSING,,MISSING,,UNVERIFIED,TIER_B,NO_PHYSICAL_MODALITY,train
RMVM_S_7e077dd980,Con Đường Chúa Đã Đi Qua (New Version),Vũ Hoàng,ART_cbaf0965d0,OTHER,curated_out_of_taxonomy,0.9,Religious / Sacred spiritual Vietnamese music,,MISSING,,MISSING,,MISSING,,UNVERIFIED,TIER_B,NO_PHYSICAL_MODALITY,train
RMVM_S_04d3e03484,Tâm Sự Chiếc Áo Dòng (New Version),Vũ Hoàng,ART_cbaf0965d0,OTHER,curated_out_of_taxonomy,0.9,Religious / Sacred spiritual Vietnamese music,,MISSING,,MISSING,,MISSING,,UNVERIFIED,TIER_B,NO_PHYSICAL_MODALITY,train
RMVM_S_13a966b4ff,Mẹ Hãy Nắm Chặt Tay Con Đi,Khánh Duyên Singer,ART_6fc0dd6004,POP_BALLAD,deterministic_mapping,1.0,N/A (Standard 11 Taxonomy),,MISSING,data/lyrics/RMVM_S_13a966b4ff.txt,AVAILABLE,,MISSING,,UNVERIFIED,TIER_A,LYRICS_ONLY,train
RMVM_S_96a15e489b,Đừng Tổn Thương Người Nên Trân Trọng (WRC REMIX),"ZIN MEDIA, Đào Ngọc Sang",ART_0d7eb79c98,DANCE_EDM,deterministic_mapping,1.0,N/A (Standard 11 Taxonomy),,MISSING,data/lyrics/RMVM_S_96a15e489b.txt,AVAILABLE,,MISSING,,UNVERIFIED,TIER_A,LYRICS_ONLY,train
RMVM_S_18051f7557,Dẫu Mình Xa Nhau,"Kim Linh, Lê Tiến Tiền",ART_cde5f07c56,BOLERO_TRUTINH,deterministic_mapping,1.0,N/A (Standard 11 Taxonomy),,MISSING,data/lyrics/RMVM_S_18051f7557.txt,AVAILABLE,,MISSING,,UNVERIFIED,TIER_A,LYRICS_ONLY,train
RMVM_S_2a8a9bb264,Có Mùa Xuân Về Đây,"Minh Trang LyLy, TG Rapper",ART_ce7c324ebe,POP_BALLAD,deterministic_mapping,1.0,N/A (Standard 11 Taxonomy),,MISSING,data/lyrics/RMVM_S_2a8a9bb264.txt,AVAILABLE,,MISSING,,UNVERIFIED,TIER_A,LYRICS_ONLY,train
RMVM_S_e1a49b2b87,Gửi Đôi Mắt Nai,Lam Trường,ART_758209dea4,POP_BALLAD,deterministic_mapping,1.0,N/A (Standard 11 Taxonomy),,MISSING,data/lyrics/RMVM_S_e1a49b2b87.txt,AVAILABLE,,MISSING,,UNVERIFIED,TIER_A,LYRICS_ONLY,train
RMVM_S_78ebde6dcd,Em Có Biết Chăng,Lam Trường,ART_758209dea4,POP_BALLAD,deterministic_mapping,1.0,N/A (Standard 11 Taxonomy),,MISSING,data/lyrics/RMVM_S_78ebde6dcd.txt,AVAILABLE,,MISSING,,UNVERIFIED,TIER_A,LYRICS_ONLY,train
RMVM_S_6464411c23,Cô Bé U Sầu,Lam Trường,ART_758209dea4,POP_BALLAD,deterministic_mapping,1.0,N/A (Standard 11 Taxonomy),,MISSING,data/lyrics/RMVM_S_6464411c23.txt,AVAILABLE,,MISSING,,UNVERIFIED,TIER_A,LYRICS_ONLY,train
RMVM_S_5888535ecf,Lời Tình Trong Đêm,Lam Trường,ART_758209dea4,POP_BALLAD,deterministic_mapping,1.0,N/A (Standard 11 Taxonomy),,MISSING,data/lyrics/RMVM_S_5888535ecf.txt,AVAILABLE,,MISSING,,UNVERIFIED,TIER_A,LYRICS_ONLY,train
RMVM_S_668fd6dcb8,Đừng Tin Lời Nhân Gian,Lam Trường,ART_758209dea4,POP_BALLAD,deterministic_mapping,1.0,N/A (Standard 11 Taxonomy),,MISSING,data/lyrics/RMVM_S_668fd6dcb8.txt,AVAILABLE,,MISSING,,UNVERIFIED,TIER_A,LYRICS_ONLY,train
RMVM_S_b54f884c5f,Nghĩa Tình Đậm Sâu,Nguyễn Phi Hải,ART_f23b4d3121,POP_BALLAD,deterministic_mapping,1.0,N/A (Standard 11 Taxonomy),,MISSING,data/lyrics/RMVM_S_b54f884c5f.txt,AVAILABLE,,MISSING,,UNVERIFIED,TIER_A,LYRICS_ONLY,train
RMVM_S_d173ae964d,Đành Phụ Tình Người,Bonneur Trinh,ART_c7f8069413,POP_BALLAD,deterministic_mapping,1.0,N/A (Standard 11 Taxonomy),,MISSING,data/lyrics/RMVM_S_d173ae964d.txt,AVAILABLE,,MISSING,,UNVERIFIED,TIER_A,LYRICS_ONLY,train
RMVM_S_9392392949,Phố Vắng Ai Rồi,Bonneur Trinh,ART_c7f8069413,BOLERO_TRUTINH,deterministic_mapping,1.0,N/A (Standard 11 Taxonomy),,MISSING,data/lyrics/RMVM_S_9392392949.txt,AVAILABLE,,MISSING,,UNVERIFIED,TIER_A,LYRICS_ONLY,train
RMVM_S_1c67eb71ac,Gót Son Lấp Vùi,Quang Minh,ART_cc46c9819e,POP_BALLAD,deterministic_mapping,1.0,N/A (Standard 11 Taxonomy),,MISSING,data/lyrics/RMVM_S_1c67eb71ac.txt,AVAILABLE,,MISSING,,UNVERIFIED,TIER_A,LYRICS_ONLY,train
RMVM_S_467e1e0727,Hà Nội Em Và Mùa Xuân,Quang Minh,ART_cc46c9819e,BOLERO_TRUTINH,deterministic_mapping,1.0,N/A (Standard 11 Taxonomy),,MISSING,data/lyrics/RMVM_S_467e1e0727.txt,AVAILABLE,,MISSING,,UNVERIFIED,TIER_A,LYRICS_ONLY,train
RMVM_S_28e46c4ffb,Sai Cách Yêu,Lê Bảo Bình,ART_c78cc0ca7a,POP_BALLAD,deterministic_mapping,1.0,N/A (Standard 11 Taxonomy),,MISSING,,MISSING,data/covers/RMVM_S_28e46c4ffb.jpg,AVAILABLE,,UNVERIFIED,TIER_A,COVER_ONLY,train
RMVM_S_e00c3adaaf,Quay Lưng Về Nhau,Lê Bảo Bình,ART_c78cc0ca7a,POP_BALLAD,deterministic_mapping,1.0,N/A (Standard 11 Taxonomy),,MISSING,data/lyrics/RMVM_S_e00c3adaaf.txt,AVAILABLE,,MISSING,,UNVERIFIED,TIER_A,LYRICS_ONLY,train
RMVM_S_6a7ac9c608,Con Hứa Sẽ Về (Lofi),Lê Bảo Bình,ART_c78cc0ca7a,POP_BALLAD,deterministic_mapping,1.0,N/A (Standard 11 Taxonomy),,MISSING,data/lyrics/RMVM_S_6a7ac9c608.txt,AVAILABLE,,MISSING,,UNVERIFIED,TIER_A,LYRICS_ONLY,train
RMVM_S_4652c9a13c,Sai Cách Yêu (Remix),Lê Bảo Bình,ART_c78cc0ca7a,POP_BALLAD,deterministic_mapping,1.0,N/A (Standard 11 Taxonomy),,MISSING,data/lyrics/RMVM_S_4652c9a13c.txt,AVAILABLE,,MISSING,,UNVERIFIED,TIER_A,LYRICS_ONLY,train
RMVM_S_74b96d8adb,Yêu Thương Mong Manh,"Minh Tuyết, Bằng Kiều",ART_d335129268,INSTRUMENTAL,source_tag_verification,0.85,N/A (Standard 11 Taxonomy),,MISSING,data/lyrics/RMVM_S_74b96d8adb.txt,AVAILABLE,,MISSING,,UNVERIFIED,TIER_B,LYRICS_ONLY,train
RMVM_S_dffaa972d8,Ngày Tình Nhân Không Em,Nguyễn Phi Hùng,ART_8b396f08ea,POP_BALLAD,deterministic_mapping,1.0,N/A (Standard 11 Taxonomy),,MISSING,,MISSING,data/covers/RMVM_S_dffaa972d8.jpg,AVAILABLE,,UNVERIFIED,TIER_A,COVER_ONLY,train
RMVM_S_94319aea62,Tình Chẳng Phai Mờ,Nguyễn Phi Hùng,ART_8b396f08ea,POP_BALLAD,deterministic_mapping,1.0,N/A (Standard 11 Taxonomy),,MISSING,,MISSING,data/covers/RMVM_S_94319aea62.jpg,AVAILABLE,,UNVERIFIED,TIER_A,COVER_ONLY,train
RMVM_S_889a7c2cc5,Có Nhau Từ Đây,Nguyễn Phi Hùng,ART_8b396f08ea,POP_BALLAD,deterministic_mapping,1.0,N/A (Standard 11 Taxonomy),,MISSING,data/lyrics/RMVM_S_889a7c2cc5.txt,AVAILABLE,,MISSING,,UNVERIFIED,TIER_A,LYRICS_ONLY,train
RMVM_S_34f6838951,Trái Tim Xao Động,Nguyễn Phi Hùng,ART_8b396f08ea,POP_BALLAD,deterministic_mapping,1.0,N/A (Standard 11 Taxonomy),,MISSING,data/lyrics/RMVM_S_34f6838951.txt,AVAILABLE,,MISSING,,UNVERIFIED,TIER_A,LYRICS_ONLY,train
RMVM_S_ce47e5bb0a,Mùa Hè Vui,Nguyễn Phi Hùng,ART_8b396f08ea,BOLERO_TRUTINH,deterministic_mapping,1.0,N/A (Standard 11 Taxonomy),,MISSING,data/lyrics/RMVM_S_ce47e5bb0a.txt,AVAILABLE,,MISSING,,UNVERIFIED,TIER_A,LYRICS_ONLY,train
RMVM_S_0dc4f7e675,Mưa Vô Tình Và Em Cũng Vô Tình,Nguyễn Phi Hùng,ART_8b396f08ea,POP_BALLAD,deterministic_mapping,1.0,N/A (Standard 11 Taxonomy),,MISSING,data/lyrics/RMVM_S_0dc4f7e675.txt,AVAILABLE,,MISSING,,UNVERIFIED,TIER_A,LYRICS_ONLY,train
RMVM_S_bcaf7e553f,Biển Ơi Hát Cùng Tôi,Nguyễn Phi Hùng,ART_8b396f08ea,POP_BALLAD,deterministic_mapping,1.0,N/A (Standard 11 Taxonomy),,MISSING,data/lyrics/RMVM_S_bcaf7e553f.txt,AVAILABLE,,MISSING,,UNVERIFIED,TIER_A,LYRICS_ONLY,train
RMVM_S_5e7f6588c1,Phải Chăng Em Đã Yêu,Minh Hằng,ART_5a1a4cd7d1,POP_BALLAD,deterministic_mapping,1.0,N/A (Standard 11 Taxonomy),,MISSING,data/lyrics/RMVM_S_5e7f6588c1.txt,AVAILABLE,,MISSING,,UNVERIFIED,TIER_A,LYRICS_ONLY,train
RMVM_S_d3bfe958ec,Bình Minh Xua Tan Bóng Đêm,Minh Hằng,ART_5a1a4cd7d1,POP_BALLAD,deterministic_mapping,1.0,N/A (Standard 11 Taxonomy),,MISSING,data/lyrics/RMVM_S_d3bfe958ec.txt,AVAILABLE,,MISSING,,UNVERIFIED,TIER_A,LYRICS_ONLY,train
RMVM_S_997820e166,Chuyện Thường Tình Thế Thôi,Hồng Ngọc,ART_e2b71731fc,POP_BALLAD,deterministic_mapping,1.0,N/A (Standard 11 Taxonomy),,MISSING,data/lyrics/RMVM_S_997820e166.txt,AVAILABLE,,MISSING,,UNVERIFIED,TIER_A,LYRICS_ONLY,train
RMVM_S_cf5ac20029,Mùa Đông Tim Anh Lại Khóc,Tam Hổ,ART_63290c924d,POP_BALLAD,deterministic_mapping,1.0,N/A (Standard 11 Taxonomy),,MISSING,data/lyrics/RMVM_S_cf5ac20029.txt,AVAILABLE,,MISSING,,UNVERIFIED,TIER_A,LYRICS_ONLY,train
RMVM_S_2fb6ef740e,Anh Vẫn Thế Thôi,Tam Hổ,ART_63290c924d,POP_BALLAD,deterministic_mapping,1.0,N/A (Standard 11 Taxonomy),,MISSING,data/lyrics/RMVM_S_2fb6ef740e.txt,AVAILABLE,,MISSING,,UNVERIFIED,TIER_A,LYRICS_ONLY,train
RMVM_S_5b0d58b3b1,Chắc Em Đã Quên Rồi (Thazh x Đông Remix),"HHD, Quang Chợ Lầm",ART_8c30b3662e,DANCE_EDM,deterministic_mapping,1.0,N/A (Standard 11 Taxonomy),,MISSING,data/lyrics/RMVM_S_5b0d58b3b1.txt,AVAILABLE,,MISSING,,UNVERIFIED,TIER_A,LYRICS_ONLY,train
RMVM_S_f174679626,Cho Đời Thương Nhớ,Hồng Nhung,ART_cae1d62498,POP_BALLAD,deterministic_mapping,1.0,N/A (Standard 11 Taxonomy),,MISSING,data/lyrics/RMVM_S_f174679626.txt,AVAILABLE,,MISSING,,UNVERIFIED,TIER_A,LYRICS_ONLY,train
RMVM_S_29639e6987,Em ơi! Hà Nội phố,Hồng Nhung,ART_cae1d62498,POP_BALLAD,deterministic_mapping,1.0,N/A (Standard 11 Taxonomy),,MISSING,data/lyrics/RMVM_S_29639e6987.txt,AVAILABLE,,MISSING,,UNVERIFIED,TIER_A,LYRICS_ONLY,train
RMVM_S_764b6d8137,Chờ Em Nơi Thềm Trăng,Hồng Nhung,ART_cae1d62498,POP_BALLAD,deterministic_mapping,1.0,N/A (Standard 11 Taxonomy),,MISSING,data/lyrics/RMVM_S_764b6d8137.txt,AVAILABLE,,MISSING,,UNVERIFIED,TIER_A,LYRICS_ONLY,train
RMVM_S_8f35c88f7e,Đoản khúc thu Hà Nội,Hồng Nhung,ART_cae1d62498,POP_BALLAD,deterministic_mapping,0.85,N/A (Standard 11 Taxonomy),,MISSING,,MISSING,,MISSING,,UNVERIFIED,TIER_B,NO_PHYSICAL_MODALITY,train
RMVM_S_011df062f0,Chợt nghe em hát,Hồng Nhung,ART_cae1d62498,POP_BALLAD,deterministic_mapping,0.85,N/A (Standard 11 Taxonomy),,MISSING,,MISSING,,MISSING,,UNVERIFIED,TIER_B,NO_PHYSICAL_MODALITY,train
RMVM_S_b5c0ab4066,Đóa Hoa Vô Thường,Hồng Nhung,ART_cae1d62498,OTHER,curated_out_of_taxonomy,0.9,Religious / Sacred spiritual Vietnamese music,,MISSING,,MISSING,,MISSING,,UNVERIFIED,TIER_B,NO_PHYSICAL_MODALITY,train
RMVM_S_c917751947,Con Gái Miền Trung,Cáp Anh Tài,ART_3862a98574,POP_BALLAD,deterministic_mapping,1.0,N/A (Standard 11 Taxonomy),,MISSING,data/lyrics/RMVM_S_c917751947.txt,AVAILABLE,,MISSING,,UNVERIFIED,TIER_A,LYRICS_ONLY,train
RMVM_S_4225db021c,Ký Ức Gió Lào,Cáp Anh Tài,ART_3862a98574,POP_BALLAD,deterministic_mapping,1.0,N/A (Standard 11 Taxonomy),,MISSING,data/lyrics/RMVM_S_4225db021c.txt,AVAILABLE,,MISSING,,UNVERIFIED,TIER_A,LYRICS_ONLY,train
RMVM_S_1ea71ee72c,Đừng Trách Câu Ví Dặm,Cáp Anh Tài,ART_3862a98574,POP_BALLAD,deterministic_mapping,0.85,N/A (Standard 11 Taxonomy),,MISSING,,MISSING,,MISSING,,UNVERIFIED,TIER_B,NO_PHYSICAL_MODALITY,train
RMVM_S_98d2ba4086,Yêu Thầm Phía Sau Em (Beat),Lương Chấn Nam,ART_9527b71586,POP_BALLAD,deterministic_mapping,1.0,N/A (Standard 11 Taxonomy),,MISSING,,MISSING,data/covers/RMVM_S_98d2ba4086.jpg,AVAILABLE,,UNVERIFIED,TIER_A,COVER_ONLY,train
RMVM_S_19a7be7e2b,Điệu Ru Nước Mắt (Live),Carol Kim,ART_db304d0cc0,BOLERO_TRUTINH,deterministic_mapping,1.0,N/A (Standard 11 Taxonomy),,MISSING,data/lyrics/RMVM_S_19a7be7e2b.txt,AVAILABLE,,MISSING,,UNVERIFIED,TIER_A,LYRICS_ONLY,train
RMVM_S_a244ffbe11,Hôm nay anh say quá,"Melomix, Dakota, Black P",ART_8392f5be94,RAP_HIPHOP,deterministic_mapping,0.85,N/A (Standard 11 Taxonomy),,MISSING,,MISSING,,MISSING,,UNVERIFIED,TIER_B,NO_PHYSICAL_MODALITY,train
RMVM_S_9988a211e9,Xuân Xa Mẹ,Ái Như,ART_539faf39e9,BOLERO_TRUTINH,deterministic_mapping,1.0,N/A (Standard 11 Taxonomy),,MISSING,data/lyrics/RMVM_S_9988a211e9.txt,AVAILABLE,,MISSING,,UNVERIFIED,TIER_A,LYRICS_ONLY,train
RMVM_S_9c72d1b847,Thương Quá Mẹ Ơi,Nhật Phát,ART_f0319698ec,BOLERO_TRUTINH,deterministic_mapping,1.0,N/A (Standard 11 Taxonomy),,MISSING,data/lyrics/RMVM_S_9c72d1b847.txt,AVAILABLE,,MISSING,,UNVERIFIED,TIER_A,LYRICS_ONLY,train
RMVM_S_d2c0a4d1ee,Thanh Xuân Là Anh (C . A . O Remix),C . A . O,ART_1841abd12e,POP_BALLAD,deterministic_mapping,1.0,N/A (Standard 11 Taxonomy),,MISSING,data/lyrics/RMVM_S_d2c0a4d1ee.txt,AVAILABLE,,MISSING,,UNVERIFIED,TIER_A,LYRICS_ONLY,train
RMVM_S_39dc45460c,Cảm Ơn Đời Cảm Ơn Em,Huỳnh Đăng Thuận,ART_300c289dbb,POP_BALLAD,deterministic_mapping,1.0,N/A (Standard 11 Taxonomy),,MISSING,data/lyrics/RMVM_S_39dc45460c.txt,AVAILABLE,,MISSING,,UNVERIFIED,TIER_A,LYRICS_ONLY,train
RMVM_S_112ce34f7d,Xuân Ở Lại Chơi Remix (Dance Version),Peto,ART_489539e42b,DANCE_EDM,deterministic_mapping,1.0,N/A (Standard 11 Taxonomy),,MISSING,data/lyrics/RMVM_S_112ce34f7d.txt,AVAILABLE,,MISSING,,UNVERIFIED,TIER_A,LYRICS_ONLY,train
RMVM_S_9e8ec0e43e,Xuân Ơi Xuân Đã Về Remix (Dance Version),Peto,ART_489539e42b,DANCE_EDM,deterministic_mapping,1.0,N/A (Standard 11 Taxonomy),,MISSING,data/lyrics/RMVM_S_9e8ec0e43e.txt,AVAILABLE,,MISSING,,UNVERIFIED,TIER_A,LYRICS_ONLY,train
RMVM_S_f69b736d13,Xuân Mang Yêu Thương Remix,Peto,ART_489539e42b,POP_BALLAD,deterministic_mapping,1.0,N/A (Standard 11 Taxonomy),,MISSING,data/lyrics/RMVM_S_f69b736d13.txt,AVAILABLE,,MISSING,,UNVERIFIED,TIER_A,LYRICS_ONLY,train
RMVM_S_9f61e0e65a,Liên Khúc Nhạc Sến Sang (Remix),Peto,ART_489539e42b,POP_BALLAD,deterministic_mapping,1.0,N/A (Standard 11 Taxonomy),,MISSING,data/lyrics/RMVM_S_9f61e0e65a.txt,AVAILABLE,,MISSING,,UNVERIFIED,TIER_A,LYRICS_ONLY,train
RMVM_S_485da97266,Liên Khúc Nhạc Xuân Remix Số 6,Peto,ART_489539e42b,POP_BALLAD,deterministic_mapping,1.0,N/A (Standard 11 Taxonomy),,MISSING,data/lyrics/RMVM_S_485da97266.txt,AVAILABLE,,MISSING,,UNVERIFIED,TIER_A,LYRICS_ONLY,train
RMVM_S_a86f0c0af6,Khúc Giao Mùa Remix,Peto,ART_489539e42b,POP_BALLAD,deterministic_mapping,1.0,N/A (Standard 11 Taxonomy),,MISSING,data/lyrics/RMVM_S_a86f0c0af6.txt,AVAILABLE,,MISSING,,UNVERIFIED,TIER_A,LYRICS_ONLY,train
RMVM_S_8f90ae0363,Áo Anh Si Nhưng Lòng Anh Thật,Peto,ART_489539e42b,POP_BALLAD,deterministic_mapping,1.0,N/A (Standard 11 Taxonomy),,MISSING,data/lyrics/RMVM_S_8f90ae0363.txt,AVAILABLE,,MISSING,,UNVERIFIED,TIER_A,LYRICS_ONLY,train
RMVM_S_e64e6e4798,Đường Về Cội Nguồn,Peto,ART_489539e42b,BOLERO_TRUTINH,deterministic_mapping,1.0,N/A (Standard 11 Taxonomy),,MISSING,data/lyrics/RMVM_S_e64e6e4798.txt,AVAILABLE,,MISSING,,UNVERIFIED,TIER_A,LYRICS_ONLY,train
RMVM_S_cd564fbc71,Thì Thầm Mùa Xuân Remix (Dance Version),Peto,ART_489539e42b,DANCE_EDM,deterministic_mapping,1.0,N/A (Standard 11 Taxonomy),,MISSING,data/lyrics/RMVM_S_cd564fbc71.txt,AVAILABLE,,MISSING,,UNVERIFIED,TIER_A,LYRICS_ONLY,train
RMVM_S_8372dc4e78,Tìm Lại Người Xưa,Lưu Vĩnh Yên,ART_2d6b3489d6,BOLERO_TRUTINH,deterministic_mapping,1.0,N/A (Standard 11 Taxonomy),,MISSING,,MISSING,data/covers/RMVM_S_8372dc4e78.jpg,AVAILABLE,,UNVERIFIED,TIER_A,COVER_ONLY,train
RMVM_S_f21140573b,Em Không Muốn Mình Cao Thêm Tí Nào Nữa Đâu Nhé,"Hải Sâm, Phan Ngân",ART_41c13a469d,POP_BALLAD,deterministic_mapping,1.0,N/A (Standard 11 Taxonomy),,MISSING,data/lyrics/RMVM_S_f21140573b.txt,AVAILABLE,,MISSING,,UNVERIFIED,TIER_A,LYRICS_ONLY,train
RMVM_S_eacbdba81e,Yêu Đơn Phương (Beat),"OnlyC, Karik",ART_b2f3cb6939,POP_BALLAD,deterministic_mapping,1.0,N/A (Standard 11 Taxonomy),,MISSING,data/lyrics/RMVM_S_eacbdba81e.txt,AVAILABLE,,MISSING,,UNVERIFIED,TIER_A,LYRICS_ONLY,train
RMVM_S_a7da74f279,Tình Yêu Tôi Ở Nơi Đây,"Quang Thọ, Tuyết Thanh, Thúy Lan",ART_8e4775cb87,REVOLUTIONARY,provenance_metadata_verification,0.85,N/A (Standard 11 Taxonomy),,MISSING,data/lyrics/RMVM_S_a7da74f279.txt,AVAILABLE,,MISSING,,UNVERIFIED,TIER_B,LYRICS_ONLY,train
RMVM_S_223aa3f766,Răng Khôn,"Phí Phương Anh, RIN9",ART_d09f529233,POP_BALLAD,deterministic_mapping,1.0,N/A (Standard 11 Taxonomy),,MISSING,data/lyrics/RMVM_S_223aa3f766.txt,AVAILABLE,,MISSING,,UNVERIFIED,TIER_A,LYRICS_ONLY,train
RMVM_S_0ddcb3dfcc,Cắm Sừng Ai Đừng Cắm Sừng Em,"Phí Phương Anh, RIN9",ART_d09f529233,POP_BALLAD,deterministic_mapping,1.0,N/A (Standard 11 Taxonomy),,MISSING,data/lyrics/RMVM_S_0ddcb3dfcc.txt,AVAILABLE,,MISSING,,UNVERIFIED,TIER_A,LYRICS_ONLY,train
RMVM_S_45c60e5119,Cơn Mộng Say,"KxK, Gấu",ART_d018e20564,POP_BALLAD,deterministic_mapping,1.0,N/A (Standard 11 Taxonomy),,MISSING,data/lyrics/RMVM_S_45c60e5119.txt,AVAILABLE,data/covers/RMVM_S_45c60e5119.jpg,AVAILABLE,,UNVERIFIED,TIER_A,LYRICS_COVER,train
RMVM_S_75c5424162,Hồi Ức Ngày Hôm Qua (Beat),Hoàng Yến Chibi,ART_2817fb9e70,POP_BALLAD,deterministic_mapping,1.0,N/A (Standard 11 Taxonomy),,MISSING,data/lyrics/RMVM_S_75c5424162.txt,AVAILABLE,data/covers/RMVM_S_75c5424162.jpg,AVAILABLE,,UNVERIFIED,TIER_A,LYRICS_COVER,train
RMVM_S_48799e3ad2,Chúng Mình Yêu Nhau Thế Đấy,Hoàng Yến Chibi,ART_2817fb9e70,POP_BALLAD,deterministic_mapping,1.0,N/A (Standard 11 Taxonomy),,MISSING,data/lyrics/RMVM_S_48799e3ad2.txt,AVAILABLE,,MISSING,,UNVERIFIED,TIER_A,LYRICS_ONLY,train
RMVM_S_956e7bd045,Bay Trong Xuân,Hoàng Yến Chibi,ART_2817fb9e70,POP_BALLAD,deterministic_mapping,1.0,N/A (Standard 11 Taxonomy),,MISSING,data/lyrics/RMVM_S_956e7bd045.txt,AVAILABLE,,MISSING,,UNVERIFIED,TIER_A,LYRICS_ONLY,train
RMVM_S_4b95c996be,Vì Anh Còn Quá Yêu Em,Ưng Đại Vệ,ART_f306dce70e,POP_BALLAD,deterministic_mapping,1.0,N/A (Standard 11 Taxonomy),,MISSING,data/lyrics/RMVM_S_4b95c996be.txt,AVAILABLE,,MISSING,,UNVERIFIED,TIER_A,LYRICS_ONLY,train
RMVM_S_8842031a6e,Có Lẽ Em Sẽ Quên,Ưng Đại Vệ,ART_f306dce70e,POP_BALLAD,deterministic_mapping,0.85,N/A (Standard 11 Taxonomy),,MISSING,,MISSING,,MISSING,,UNVERIFIED,TIER_B,NO_PHYSICAL_MODALITY,train
RMVM_S_533c805c7d,Tránh Ra Cho Bố Đi,Mew Amazing,ART_ebce290865,POP_BALLAD,deterministic_mapping,1.0,N/A (Standard 11 Taxonomy),,MISSING,data/lyrics/RMVM_S_533c805c7d.txt,AVAILABLE,,MISSING,,UNVERIFIED,TIER_A,LYRICS_ONLY,train
RMVM_S_f7ea4819e1,Điều Ngọt Ngào Cho Em,Arrow,ART_9022a153e6,RAP_HIPHOP,deterministic_mapping,1.0,N/A (Standard 11 Taxonomy),,MISSING,data/lyrics/RMVM_S_f7ea4819e1.txt,AVAILABLE,,MISSING,,UNVERIFIED,TIER_A,LYRICS_ONLY,train
RMVM_S_074505e682,Chỉ Cần Em Biết,"Dani D, Tama, Lil Tian",ART_b45b9bcc6c,POP_BALLAD,deterministic_mapping,1.0,N/A (Standard 11 Taxonomy),,MISSING,data/lyrics/RMVM_S_074505e682.txt,AVAILABLE,,MISSING,,UNVERIFIED,TIER_A,LYRICS_ONLY,train
RMVM_S_03ee53d798,Mần Rể Miền Tây,"Gin Tuấn Kiệt, Puka",ART_aa310d9f14,POP_BALLAD,deterministic_mapping,1.0,N/A (Standard 11 Taxonomy),,MISSING,data/lyrics/RMVM_S_03ee53d798.txt,AVAILABLE,,MISSING,,UNVERIFIED,TIER_A,LYRICS_ONLY,train
RMVM_S_64b832f8f3,Đại Ca Tôi,Huỳnh Nhật Đông,ART_6c775c2940,POP_BALLAD,deterministic_mapping,1.0,N/A (Standard 11 Taxonomy),,MISSING,data/lyrics/RMVM_S_64b832f8f3.txt,AVAILABLE,,MISSING,,UNVERIFIED,TIER_A,LYRICS_ONLY,train
RMVM_MB_53e2b13050,The Show,Cam,ART_ad017e9d66,RAP_HIPHOP,musicbrainz_artist_discography,0.85,N/A (Standard 11 Taxonomy),,MISSING,,MISSING,,MISSING,2001.0,VERIFIED,TIER_B,NO_PHYSICAL_MODALITY,train
RMVM_MB_fb11196d8d,To Be Continued,Cam,ART_ad017e9d66,RAP_HIPHOP,musicbrainz_artist_discography,0.85,N/A (Standard 11 Taxonomy),,MISSING,,MISSING,,MISSING,2001.0,VERIFIED,TIER_B,NO_PHYSICAL_MODALITY,train
RMVM_MB_0894f2c9af,3/4 Interlude,Cam,ART_ad017e9d66,RAP_HIPHOP,musicbrainz_artist_discography,0.85,N/A (Standard 11 Taxonomy),,MISSING,,MISSING,,MISSING,2001.0,VERIFIED,TIER_B,NO_PHYSICAL_MODALITY,train
RMVM_MB_e65c8ffe6e,It Ain't Hard to Do Right,Cam,ART_ad017e9d66,RAP_HIPHOP,musicbrainz_artist_discography,0.85,N/A (Standard 11 Taxonomy),,MISSING,,MISSING,,MISSING,2006.0,VERIFIED,TIER_B,NO_PHYSICAL_MODALITY,train
RMVM_MB_ae2b87f63a,From This Day On,Cam,ART_ad017e9d66,RAP_HIPHOP,musicbrainz_artist_discography,0.85,N/A (Standard 11 Taxonomy),,MISSING,,MISSING,,MISSING,2006.0,VERIFIED,TIER_B,NO_PHYSICAL_MODALITY,train
RMVM_MB_d56ab60e8a,The Right Way,Cam,ART_ad017e9d66,RAP_HIPHOP,musicbrainz_artist_discography,0.85,N/A (Standard 11 Taxonomy),,MISSING,,MISSING,,MISSING,2006.0,VERIFIED,TIER_B,NO_PHYSICAL_MODALITY,train
RMVM_MB_6c9354ea7f,Shield of Faith,Cam,ART_ad017e9d66,RAP_HIPHOP,musicbrainz_artist_discography,0.85,N/A (Standard 11 Taxonomy),,MISSING,,MISSING,,MISSING,2006.0,VERIFIED,TIER_B,NO_PHYSICAL_MODALITY,train
RMVM_MB_9bbf902fd3,Thank God,Cam,ART_ad017e9d66,RAP_HIPHOP,musicbrainz_artist_discography,0.85,N/A (Standard 11 Taxonomy),,MISSING,,MISSING,,MISSING,2006.0,VERIFIED,TIER_B,NO_PHYSICAL_MODALITY,train
RMVM_S_4877d7ee86,Liên Khúc Thà Giết Người Yêu,"Thanh Vinh, Lê Y Puol",ART_aa275664cb,BOLERO_TRUTINH,deterministic_mapping,1.0,N/A (Standard 11 Taxonomy),,MISSING,data/lyrics/RMVM_S_4877d7ee86.txt,AVAILABLE,,MISSING,,UNVERIFIED,TIER_A,LYRICS_ONLY,train
RMVM_S_5a9b2b1343,Anh Em Chí Cốt,Tô Gia Tuấn,ART_f10bd9c241,POP_BALLAD,deterministic_mapping,1.0,N/A (Standard 11 Taxonomy),,MISSING,data/lyrics/RMVM_S_5a9b2b1343.txt,AVAILABLE,,MISSING,,UNVERIFIED,TIER_A,LYRICS_ONLY,train
RMVM_S_f487947b76,Nhân Thế Vô Tình,Tô Gia Tuấn,ART_f10bd9c241,POP_BALLAD,deterministic_mapping,1.0,N/A (Standard 11 Taxonomy),,MISSING,data/lyrics/RMVM_S_f487947b76.txt,AVAILABLE,,MISSING,,UNVERIFIED,TIER_A,LYRICS_ONLY,train
RMVM_S_631acb0d78,Khi Bạn Cần Có Tôi Đây (Cá Con Vượt Biển Lớn OST),Tô Gia Tuấn,ART_f10bd9c241,POP_BALLAD,deterministic_mapping,1.0,N/A (Standard 11 Taxonomy),,MISSING,data/lyrics/RMVM_S_631acb0d78.txt,AVAILABLE,,MISSING,,UNVERIFIED,TIER_A,LYRICS_ONLY,train
RMVM_S_03c2f4b201,Tết Nghèo Mà Dzui,Tô Gia Tuấn,ART_f10bd9c241,POP_BALLAD,deterministic_mapping,1.0,N/A (Standard 11 Taxonomy),,MISSING,data/lyrics/RMVM_S_03c2f4b201.txt,AVAILABLE,,MISSING,,UNVERIFIED,TIER_A,LYRICS_ONLY,train
RMVM_S_8c4b61f9a5,Câu Chuyện Hôm Qua,"Phạm Lê Yến Nhi, Melomix",ART_4d66b65b50,POP_BALLAD,deterministic_mapping,0.85,N/A (Standard 11 Taxonomy),,MISSING,,MISSING,,MISSING,,UNVERIFIED,TIER_B,NO_PHYSICAL_MODALITY,train
RMVM_S_cb79bddb13,Dô Là Dô,Nông Dân Sound,ART_f87d66d644,POP_BALLAD,deterministic_mapping,1.0,N/A (Standard 11 Taxonomy),,MISSING,data/lyrics/RMVM_S_cb79bddb13.txt,AVAILABLE,,MISSING,,UNVERIFIED,TIER_A,LYRICS_ONLY,train
RMVM_S_4f45bb819c,Em Yêu Anh Thật Không,Deris,ART_101f91d42a,POP_BALLAD,deterministic_mapping,1.0,N/A (Standard 11 Taxonomy),,MISSING,data/lyrics/RMVM_S_4f45bb819c.txt,AVAILABLE,,MISSING,,UNVERIFIED,TIER_A,LYRICS_ONLY,train
RMVM_S_187c3fae70,Sao Em Không Nhấc Máy? (Facetime530),"mơ, NhatMinh",ART_a598b607ca,RAP_HIPHOP,deterministic_mapping,1.0,N/A (Standard 11 Taxonomy),,MISSING,data/lyrics/RMVM_S_187c3fae70.txt,AVAILABLE,,MISSING,,UNVERIFIED,TIER_A,LYRICS_ONLY,train
RMVM_S_88a51db284,Để Cô Ta Đi,"Millixn, Hazel",ART_d3d7521043,RAP_HIPHOP,deterministic_mapping,1.0,N/A (Standard 11 Taxonomy),,MISSING,data/lyrics/RMVM_S_88a51db284.txt,AVAILABLE,,MISSING,,UNVERIFIED,TIER_A,LYRICS_ONLY,train
RMVM_S_0830c9d2b6,Trái Tim Lạc Loài,Gia Huy,ART_4aca6f6ec6,POP_BALLAD,deterministic_mapping,1.0,N/A (Standard 11 Taxonomy),,MISSING,,MISSING,data/covers/RMVM_S_0830c9d2b6.jpg,AVAILABLE,,UNVERIFIED,TIER_A,COVER_ONLY,train
RMVM_S_3f8d832a9a,Mây Tình Yêu,Gia Huy,ART_4aca6f6ec6,POP_BALLAD,deterministic_mapping,1.0,N/A (Standard 11 Taxonomy),,MISSING,data/lyrics/RMVM_S_3f8d832a9a.txt,AVAILABLE,,MISSING,,UNVERIFIED,TIER_A,LYRICS_ONLY,train
RMVM_S_0dc751e296,Cho Người Tình Nhỏ,Mai Trung Hậu,ART_5c95722a7f,NHAC_TRINH,deterministic_mapping,1.0,N/A (Standard 11 Taxonomy),,MISSING,,MISSING,data/covers/RMVM_S_0dc751e296.jpg,AVAILABLE,,UNVERIFIED,TIER_A,COVER_ONLY,train
RMVM_S_32ad4d9505,"Astro Nuevo: I. Area, ""Astro nuevo"" - II. Recitado, ""A la esphera divina"" - III. Area, ""Pura rosa"" - IV. Recitativo, ""En obscuro velo"" - V. Area, ""Qué dichoso es"" - VI. Adagio, ""Ay! que me muero"" (Cantata al Santísimo con violines)",Julia Doyle,ART_2aa293658a,FOLK_TRADITIONAL,deterministic_mapping,1.0,N/A (Standard 11 Taxonomy),,MISSING,,MISSING,data/covers/RMVM_S_32ad4d9505.jpg,AVAILABLE,,UNVERIFIED,TIER_A,COVER_ONLY,train
RMVM_S_263a45ae8f,Tân Hàn Mặc Tử,"Đoàn Minh, Lưu Ánh Loan",ART_32582bb4fd,BOLERO_TRUTINH,deterministic_mapping,1.0,N/A (Standard 11 Taxonomy),,MISSING,data/lyrics/RMVM_S_263a45ae8f.txt,AVAILABLE,,MISSING,,UNVERIFIED,TIER_A,LYRICS_ONLY,train
RMVM_S_3d2a7548eb,Yêu Là Đau Mà Đau Để Được Yêu,Sarah Lê,ART_901078ada1,POP_BALLAD,deterministic_mapping,1.0,N/A (Standard 11 Taxonomy),,MISSING,data/lyrics/RMVM_S_3d2a7548eb.txt,AVAILABLE,,MISSING,,UNVERIFIED,TIER_A,LYRICS_ONLY,train
RMVM_S_e1bb6133bf,Giấc Mơ Riêng Em,Sarah Lê,ART_901078ada1,POP_BALLAD,deterministic_mapping,1.0,N/A (Standard 11 Taxonomy),,MISSING,data/lyrics/RMVM_S_e1bb6133bf.txt,AVAILABLE,,MISSING,,UNVERIFIED,TIER_A,LYRICS_ONLY,train
RMVM_S_bda010d52d,Em Yêu Anh Hơn Em Nghĩ,Sarah Lê,ART_901078ada1,POP_BALLAD,deterministic_mapping,1.0,N/A (Standard 11 Taxonomy),,MISSING,data/lyrics/RMVM_S_bda010d52d.txt,AVAILABLE,,MISSING,,UNVERIFIED,TIER_A,LYRICS_ONLY,train
RMVM_S_b053477007,Anh Sẽ Đưa Em Đi,"KISSY, Tân Trần",ART_5129671c98,POP_BALLAD,deterministic_mapping,1.0,N/A (Standard 11 Taxonomy),,MISSING,data/lyrics/RMVM_S_b053477007.txt,AVAILABLE,,MISSING,,UNVERIFIED,TIER_A,LYRICS_ONLY,train
RMVM_S_1c68b438e5,Tình Ngỡ Trăm Năm,"Lương Tùng Quang, Tú Quyên",ART_9db64c1895,INSTRUMENTAL,source_tag_verification,0.85,N/A (Standard 11 Taxonomy),,MISSING,data/lyrics/RMVM_S_1c68b438e5.txt,AVAILABLE,,MISSING,,UNVERIFIED,TIER_B,LYRICS_ONLY,train
RMVM_S_f3776491ac,LK Chán Nản & Nỗi Buồn,"Khánh Hà, Trần Thu Hà",ART_96ac6234fc,BOLERO_TRUTINH,deterministic_mapping,1.0,N/A (Standard 11 Taxonomy),,MISSING,,MISSING,,MISSING,,UNVERIFIED,TIER_A,NO_PHYSICAL_MODALITY,train
RMVM_S_8c971c7845,Đừng Nghe Nhạc Anh Nữa,"Tài Lê, KindyA",ART_6b564d691d,POP_BALLAD,deterministic_mapping,1.0,N/A (Standard 11 Taxonomy),,MISSING,data/lyrics/RMVM_S_8c971c7845.txt,AVAILABLE,,MISSING,,UNVERIFIED,TIER_A,LYRICS_ONLY,train
RMVM_S_46f5ddf51f,Chọn Cách Cô Đơn (Beat),Vân Du,ART_a948da70c9,POP_BALLAD,deterministic_mapping,1.0,N/A (Standard 11 Taxonomy),,MISSING,,MISSING,data/covers/RMVM_S_46f5ddf51f.jpg,AVAILABLE,,UNVERIFIED,TIER_A,COVER_ONLY,train
RMVM_S_09132b87ef,Cảm Xúc Của Anh (Beat),Vân Du,ART_a948da70c9,POP_BALLAD,deterministic_mapping,1.0,N/A (Standard 11 Taxonomy),,MISSING,,MISSING,data/covers/RMVM_S_09132b87ef.jpg,AVAILABLE,,UNVERIFIED,TIER_A,COVER_ONLY,train
RMVM_S_8bc98b3c4c,Thuyền Nhỏ Sóng Lớn,Vân Du,ART_a948da70c9,POP_BALLAD,deterministic_mapping,1.0,N/A (Standard 11 Taxonomy),,MISSING,data/lyrics/RMVM_S_8bc98b3c4c.txt,AVAILABLE,,MISSING,,UNVERIFIED,TIER_A,LYRICS_ONLY,train
RMVM_S_bc9481c4e5,Có Phải Em Đổi Thay (Beat),Vân Du,ART_a948da70c9,POP_BALLAD,deterministic_mapping,1.0,N/A (Standard 11 Taxonomy),,MISSING,data/lyrics/RMVM_S_bc9481c4e5.txt,AVAILABLE,,MISSING,,UNVERIFIED,TIER_A,LYRICS_ONLY,train
RMVM_S_fb7897ec49,Có Phải Em Đổi Thay,Vân Du,ART_a948da70c9,POP_BALLAD,deterministic_mapping,1.0,N/A (Standard 11 Taxonomy),,MISSING,data/lyrics/RMVM_S_fb7897ec49.txt,AVAILABLE,,MISSING,,UNVERIFIED,TIER_A,LYRICS_ONLY,train
RMVM_S_44d3488b68,Tìm Đâu Một Lời Hứa,Vân Du,ART_a948da70c9,POP_BALLAD,deterministic_mapping,1.0,N/A (Standard 11 Taxonomy),,MISSING,data/lyrics/RMVM_S_44d3488b68.txt,AVAILABLE,,MISSING,,UNVERIFIED,TIER_A,LYRICS_ONLY,train
RMVM_S_602ac6aba3,Chút Thư Tình Của Người Lính Biển,Hoài Nam,ART_4e14e21303,REVOLUTIONARY,deterministic_mapping,1.0,N/A (Standard 11 Taxonomy),,MISSING,data/lyrics/RMVM_S_602ac6aba3.txt,AVAILABLE,,MISSING,,UNVERIFIED,TIER_A,LYRICS_ONLY,train
RMVM_S_02dc32f658,Một Mai Em Đi,Hoài Nam,ART_4e14e21303,INSTRUMENTAL,source_tag_verification,0.85,N/A (Standard 11 Taxonomy),,MISSING,data/lyrics/RMVM_S_02dc32f658.txt,AVAILABLE,,MISSING,,UNVERIFIED,TIER_B,LYRICS_ONLY,train
RMVM_S_15d78675a5,Bao Giờ Em Thôi Nói Yêu Anh,Hoài Nam,ART_4e14e21303,BOLERO_TRUTINH,deterministic_mapping,1.0,N/A (Standard 11 Taxonomy),,MISSING,data/lyrics/RMVM_S_15d78675a5.txt,AVAILABLE,,MISSING,,UNVERIFIED,TIER_A,LYRICS_ONLY,train
RMVM_S_cf7fe427a5,Mai Lỡ Mình Xa Nhau,"Hà My, Hoài Linh",ART_117f699096,BOLERO_TRUTINH,deterministic_mapping,1.0,N/A (Standard 11 Taxonomy),,MISSING,data/lyrics/RMVM_S_cf7fe427a5.txt,AVAILABLE,,MISSING,,UNVERIFIED,TIER_A,LYRICS_ONLY,train
RMVM_S_ba9562c6d7,Dạo Này Anh Thế Nào (DJ Edmmoon 2K Remix),"Tuyết Mai, Nguyễn Bá Hùng",ART_e011eea8b5,POP_BALLAD,deterministic_mapping,1.0,N/A (Standard 11 Taxonomy),,MISSING,,MISSING,data/covers/RMVM_S_ba9562c6d7.jpg,AVAILABLE,,UNVERIFIED,TIER_A,COVER_ONLY,train
RMVM_S_a7187007fa,Tết Đi Em Ơi,"Masew, Khoi Vu, Kaybo",ART_622c9cbdc3,POP_BALLAD,deterministic_mapping,1.0,N/A (Standard 11 Taxonomy),,MISSING,data/lyrics/RMVM_S_a7187007fa.txt,AVAILABLE,,MISSING,,UNVERIFIED,TIER_A,LYRICS_ONLY,train
RMVM_S_ce056e841e,Nguyện Ước Mùa Xuân (Acapella),"MTV band, Lân Nhã",ART_ae1e1cc980,POP_BALLAD,deterministic_mapping,1.0,N/A (Standard 11 Taxonomy),,MISSING,data/lyrics/RMVM_S_ce056e841e.txt,AVAILABLE,,MISSING,,UNVERIFIED,TIER_A,LYRICS_ONLY,train
RMVM_S_460be43802,Lời Ru Quê Hương,"Trọng Tấn, Xuân Trí",ART_6dd6883fef,BOLERO_TRUTINH,deterministic_mapping,1.0,N/A (Standard 11 Taxonomy),,MISSING,data/lyrics/RMVM_S_460be43802.txt,AVAILABLE,,MISSING,,UNVERIFIED,TIER_A,LYRICS_ONLY,train
RMVM_S_fb91fa60a9,Mưa Chiều Miền Trung,"NSUT Tân Nhàn, Lương Nguyệt Anh",ART_7fc8a51c41,POP_BALLAD,deterministic_mapping,1.0,N/A (Standard 11 Taxonomy),,MISSING,data/lyrics/RMVM_S_fb91fa60a9.txt,AVAILABLE,,MISSING,,UNVERIFIED,TIER_A,LYRICS_ONLY,train
RMVM_S_b494b0ec11,3 1 0 7 (Whisky & Mr. Paa Remix),"W/N, Duongg, Nâu",ART_52a2dffaa2,POP_BALLAD,deterministic_mapping,1.0,N/A (Standard 11 Taxonomy),,MISSING,data/lyrics/RMVM_S_b494b0ec11.txt,AVAILABLE,,MISSING,,UNVERIFIED,TIER_A,LYRICS_ONLY,train
RMVM_S_33220f0676,Bình Dương Ngày Tươi Sáng,CD Hoàng,ART_0adc959c92,POP_BALLAD,deterministic_mapping,1.0,N/A (Standard 11 Taxonomy),,MISSING,data/lyrics/RMVM_S_33220f0676.txt,AVAILABLE,,MISSING,,UNVERIFIED,TIER_A,LYRICS_ONLY,train
RMVM_S_36f1332288,Ảo Mộng Đơn Phương (Bước Cùng Nỗi Đau 2),CD Hoàng,ART_0adc959c92,POP_BALLAD,deterministic_mapping,1.0,N/A (Standard 11 Taxonomy),,MISSING,data/lyrics/RMVM_S_36f1332288.txt,AVAILABLE,,MISSING,,UNVERIFIED,TIER_A,LYRICS_ONLY,train
RMVM_S_bfe7bc9140,Chẳng Ai Muốn,"Phan Ngọc Luân, Võ Hạ Trâm",ART_a37d66552e,POP_BALLAD,deterministic_mapping,1.0,N/A (Standard 11 Taxonomy),,MISSING,data/lyrics/RMVM_S_bfe7bc9140.txt,AVAILABLE,data/covers/RMVM_S_bfe7bc9140.jpg,AVAILABLE,,UNVERIFIED,TIER_A,LYRICS_COVER,train
RMVM_S_eab72c8ee8,Đường Không Lối,"Melomix, Giang Nâu Nâu",ART_b90ab99324,POP_BALLAD,deterministic_mapping,0.85,N/A (Standard 11 Taxonomy),,MISSING,,MISSING,,MISSING,,UNVERIFIED,TIER_B,NO_PHYSICAL_MODALITY,train
RMVM_S_5d0f668908,Em Là Hot Girl？,"Ưng Hoàng Phúc, Chung Thương T-JO",ART_a23ef01937,POP_BALLAD,deterministic_mapping,0.85,N/A (Standard 11 Taxonomy),,MISSING,,MISSING,,MISSING,,UNVERIFIED,TIER_B,NO_PHYSICAL_MODALITY,train
RMVM_S_eff62cd2db,Em Giờ Sao,Khu Đình,ART_8d7c3039bf,POP_BALLAD,deterministic_mapping,1.0,N/A (Standard 11 Taxonomy),,MISSING,data/lyrics/RMVM_S_eff62cd2db.txt,AVAILABLE,,MISSING,,UNVERIFIED,TIER_A,LYRICS_ONLY,train
RMVM_S_b14c3fb5e3,Giây Phút Ấy,J.K,ART_91e12519d4,POP_BALLAD,deterministic_mapping,1.0,N/A (Standard 11 Taxonomy),,MISSING,data/lyrics/RMVM_S_b14c3fb5e3.txt,AVAILABLE,data/covers/RMVM_S_b14c3fb5e3.jpg,AVAILABLE,,UNVERIFIED,TIER_A,LYRICS_COVER,train
RMVM_S_482ecf1ffd,Như Một Giấc Mơ,Bình Lee,ART_414d831220,POP_BALLAD,deterministic_mapping,1.0,N/A (Standard 11 Taxonomy),,MISSING,data/lyrics/RMVM_S_482ecf1ffd.txt,AVAILABLE,,MISSING,,UNVERIFIED,TIER_A,LYRICS_ONLY,train
RMVM_S_a77872a1d6,Dừng Lại Hành Trình,Bình Lee,ART_414d831220,POP_BALLAD,deterministic_mapping,1.0,N/A (Standard 11 Taxonomy),,MISSING,data/lyrics/RMVM_S_a77872a1d6.txt,AVAILABLE,,MISSING,,UNVERIFIED,TIER_A,LYRICS_ONLY,train
RMVM_S_d9672b4468,Nói anh nghe những điều mà,Duongg,ART_4b2dae7d29,POP_BALLAD,deterministic_mapping,1.0,N/A (Standard 11 Taxonomy),,MISSING,data/lyrics/RMVM_S_d9672b4468.txt,AVAILABLE,,MISSING,,UNVERIFIED,TIER_A,LYRICS_ONLY,train
RMVM_S_a9745a53ee,Đừng Lo Anh Đợi Mà,Duongg,ART_4b2dae7d29,POP_BALLAD,deterministic_mapping,1.0,N/A (Standard 11 Taxonomy),,MISSING,data/lyrics/RMVM_S_a9745a53ee.txt,AVAILABLE,,MISSING,,UNVERIFIED,TIER_A,LYRICS_ONLY,train
RMVM_S_f5e2b2a07a,Nếu Có Một Ngày,Duongg,ART_4b2dae7d29,POP_BALLAD,deterministic_mapping,1.0,N/A (Standard 11 Taxonomy),,MISSING,data/lyrics/RMVM_S_f5e2b2a07a.txt,AVAILABLE,,MISSING,,UNVERIFIED,TIER_A,LYRICS_ONLY,train
RMVM_S_c899ac3fc3,Cho Ngày Mai Nụ Cười,Lê Vy,ART_0e30d7496e,POP_BALLAD,deterministic_mapping,1.0,N/A (Standard 11 Taxonomy),,MISSING,data/lyrics/RMVM_S_c899ac3fc3.txt,AVAILABLE,,MISSING,,UNVERIFIED,TIER_A,LYRICS_ONLY,train
RMVM_S_a31ee3419e,Bao Giờ Biết Yêu Lại,Lê Vy,ART_0e30d7496e,POP_BALLAD,deterministic_mapping,1.0,N/A (Standard 11 Taxonomy),,MISSING,data/lyrics/RMVM_S_a31ee3419e.txt,AVAILABLE,,MISSING,,UNVERIFIED,TIER_A,LYRICS_ONLY,train
RMVM_S_871be5cc71,Bước Thời Gian,Lê Vy,ART_0e30d7496e,POP_BALLAD,deterministic_mapping,1.0,N/A (Standard 11 Taxonomy),,MISSING,data/lyrics/RMVM_S_871be5cc71.txt,AVAILABLE,,MISSING,,UNVERIFIED,TIER_A,LYRICS_ONLY,train
RMVM_S_6842a8eba4,Nói Câu Yêu Anh Đi,MEZZO,ART_dd59fe7061,POP_BALLAD,deterministic_mapping,1.0,N/A (Standard 11 Taxonomy),,MISSING,data/lyrics/RMVM_S_6842a8eba4.txt,AVAILABLE,,MISSING,,UNVERIFIED,TIER_A,LYRICS_ONLY,train
RMVM_S_5888b5bbe3,Có Đường Tắt Nào?,MEZZO,ART_dd59fe7061,POP_BALLAD,deterministic_mapping,1.0,N/A (Standard 11 Taxonomy),,MISSING,data/lyrics/RMVM_S_5888b5bbe3.txt,AVAILABLE,,MISSING,,UNVERIFIED,TIER_A,LYRICS_ONLY,train
RMVM_S_a78b2d8034,Đau Nhưng Thấy Vui,Bùi Vĩnh Phúc (Hot Boy Kẹo Kéo),ART_1e4953a686,POP_BALLAD,deterministic_mapping,1.0,N/A (Standard 11 Taxonomy),,MISSING,data/lyrics/RMVM_S_a78b2d8034.txt,AVAILABLE,,MISSING,,UNVERIFIED,TIER_A,LYRICS_ONLY,train
RMVM_S_5bf688cf76,Ba Mẹ Không Đồng Ý,Đạt Mata,ART_89ba8a67f8,POP_BALLAD,deterministic_mapping,1.0,N/A (Standard 11 Taxonomy),,MISSING,data/lyrics/RMVM_S_5bf688cf76.txt,AVAILABLE,,MISSING,,UNVERIFIED,TIER_A,LYRICS_ONLY,train
RMVM_S_2d4bfda81c,Có Ai Thương Anh Nhiều Hơn,Thảo Cherry,ART_1fd11849d4,POP_BALLAD,deterministic_mapping,1.0,N/A (Standard 11 Taxonomy),,MISSING,data/lyrics/RMVM_S_2d4bfda81c.txt,AVAILABLE,,MISSING,,UNVERIFIED,TIER_A,LYRICS_ONLY,train
RMVM_S_1007ba567a,Tiền Và Tình (Beat),Lương Gia Tuấn,ART_03bcc5b590,POP_BALLAD,deterministic_mapping,1.0,N/A (Standard 11 Taxonomy),,MISSING,,MISSING,data/covers/RMVM_S_1007ba567a.jpg,AVAILABLE,,UNVERIFIED,TIER_A,COVER_ONLY,train
RMVM_S_fff4e8c1e3,Đừng Mãi Nói Lời Gian Dối,Như Thùy,ART_0abbafc260,POP_BALLAD,deterministic_mapping,1.0,N/A (Standard 11 Taxonomy),,MISSING,data/lyrics/RMVM_S_fff4e8c1e3.txt,AVAILABLE,,MISSING,,UNVERIFIED,TIER_A,LYRICS_ONLY,train
RMVM_S_7c491c9243,Bên Nhau Ta Say Đêm Nay,Trini,ART_94865d09f1,POP_BALLAD,deterministic_mapping,1.0,N/A (Standard 11 Taxonomy),,MISSING,data/lyrics/RMVM_S_7c491c9243.txt,AVAILABLE,,MISSING,,UNVERIFIED,TIER_A,LYRICS_ONLY,train
RMVM_S_aa2bf59378,Mưa Trong Mắt Em,Thu Phương,ART_4933834873,POP_BALLAD,deterministic_mapping,1.0,N/A (Standard 11 Taxonomy),,MISSING,,MISSING,data/covers/RMVM_S_aa2bf59378.jpg,AVAILABLE,,UNVERIFIED,TIER_A,COVER_ONLY,train
RMVM_S_5dd6c9c607,Em Ra Đi Mùa Thu,Thu Phương,ART_4933834873,BOLERO_TRUTINH,deterministic_mapping,1.0,N/A (Standard 11 Taxonomy),,MISSING,,MISSING,data/covers/RMVM_S_5dd6c9c607.jpg,AVAILABLE,,UNVERIFIED,TIER_A,COVER_ONLY,train
RMVM_S_f1cec75fe2,Sợ Bắt Đầu,Thu Phương,ART_4933834873,POP_BALLAD,deterministic_mapping,1.0,N/A (Standard 11 Taxonomy),,MISSING,data/lyrics/RMVM_S_f1cec75fe2.txt,AVAILABLE,,MISSING,,UNVERIFIED,TIER_A,LYRICS_ONLY,train
RMVM_S_22985c64c3,Ngày Tình Yêu,Thu Phương,ART_4933834873,POP_BALLAD,deterministic_mapping,1.0,N/A (Standard 11 Taxonomy),,MISSING,data/lyrics/RMVM_S_22985c64c3.txt,AVAILABLE,,MISSING,,UNVERIFIED,TIER_A,LYRICS_ONLY,train
RMVM_S_923175aeba,Dù Nắng Có Mong Manh,Thu Phương,ART_4933834873,BOLERO_TRUTINH,deterministic_mapping,1.0,N/A (Standard 11 Taxonomy),,MISSING,data/lyrics/RMVM_S_923175aeba.txt,AVAILABLE,,MISSING,,UNVERIFIED,TIER_A,LYRICS_ONLY,train
RMVM_S_a4f83a9d2e,Thời Em Đẹp Nhất,Thu Phương,ART_4933834873,POP_BALLAD,deterministic_mapping,1.0,N/A (Standard 11 Taxonomy),,MISSING,data/lyrics/RMVM_S_a4f83a9d2e.txt,AVAILABLE,,MISSING,,UNVERIFIED,TIER_A,LYRICS_ONLY,train
RMVM_S_99960bb4e9,Nếu Đời Không Có Nhau,Thu Phương,ART_4933834873,BOLERO_TRUTINH,deterministic_mapping,1.0,N/A (Standard 11 Taxonomy),,MISSING,data/lyrics/RMVM_S_99960bb4e9.txt,AVAILABLE,,MISSING,,UNVERIFIED,TIER_A,LYRICS_ONLY,train
RMVM_S_2e2ea5a361,Đêm Giã Từ,Thu Phương,ART_4933834873,BOLERO_TRUTINH,deterministic_mapping,1.0,N/A (Standard 11 Taxonomy),,MISSING,data/lyrics/RMVM_S_2e2ea5a361.txt,AVAILABLE,,MISSING,,UNVERIFIED,TIER_A,LYRICS_ONLY,train
RMVM_S_be9860ff21,Trái Tim Tan Nát,Thu Phương,ART_4933834873,POP_BALLAD,deterministic_mapping,1.0,N/A (Standard 11 Taxonomy),,MISSING,data/lyrics/RMVM_S_be9860ff21.txt,AVAILABLE,,MISSING,,UNVERIFIED,TIER_A,LYRICS_ONLY,train
RMVM_S_f360774cf7,Liên Khúc Ba Dòng Sông,Thu Phương,ART_4933834873,POP_BALLAD,deterministic_mapping,1.0,N/A (Standard 11 Taxonomy),,MISSING,data/lyrics/RMVM_S_f360774cf7.txt,AVAILABLE,,MISSING,,UNVERIFIED,TIER_A,LYRICS_ONLY,train
RMVM_S_0452f2f281,Khi Tình Yêu Đã Mất,Thu Phương,ART_4933834873,POP_BALLAD,deterministic_mapping,1.0,N/A (Standard 11 Taxonomy),,MISSING,data/lyrics/RMVM_S_0452f2f281.txt,AVAILABLE,,MISSING,,UNVERIFIED,TIER_A,LYRICS_ONLY,train
RMVM_S_89192cabe6,Bèo Dạt Mây Trôi (Remix),Thu Phương,ART_4933834873,POP_BALLAD,deterministic_mapping,1.0,N/A (Standard 11 Taxonomy),,MISSING,data/lyrics/RMVM_S_89192cabe6.txt,AVAILABLE,,MISSING,,UNVERIFIED,TIER_A,LYRICS_ONLY,train
RMVM_S_441a29ee08,Lí Do Là Gì (Air Remix),Nguyễn Vĩ,ART_928be7a04d,POP_BALLAD,deterministic_mapping,1.0,N/A (Standard 11 Taxonomy),,MISSING,,MISSING,data/covers/RMVM_S_441a29ee08.jpg,AVAILABLE,,UNVERIFIED,TIER_A,COVER_ONLY,train
RMVM_S_e5b59b8138,Người Dưng Nước Lã,Nguyễn Vĩ,ART_928be7a04d,POP_BALLAD,deterministic_mapping,1.0,N/A (Standard 11 Taxonomy),,MISSING,data/lyrics/RMVM_S_e5b59b8138.txt,AVAILABLE,,MISSING,,UNVERIFIED,TIER_A,LYRICS_ONLY,train
RMVM_S_11617e5be1,Chúa luôn bên bạn,"Isaac Thái, Ny Phạm",ART_366b78ea38,OTHER,curated_out_of_taxonomy,0.9,Religious / Sacred spiritual Vietnamese music,,MISSING,,MISSING,,MISSING,,UNVERIFIED,TIER_B,NO_PHYSICAL_MODALITY,train
RMVM_S_5ae41acb6a,Anh Nắm Tay Em Buông Tay,Triều Hải,ART_9b4b447367,POP_BALLAD,deterministic_mapping,1.0,N/A (Standard 11 Taxonomy),,MISSING,data/lyrics/RMVM_S_5ae41acb6a.txt,AVAILABLE,,MISSING,,UNVERIFIED,TIER_A,LYRICS_ONLY,train
RMVM_S_32a96f3b62,Khoảng Thời Gian Bên Em,Triều Hải,ART_9b4b447367,POP_BALLAD,deterministic_mapping,1.0,N/A (Standard 11 Taxonomy),,MISSING,data/lyrics/RMVM_S_32a96f3b62.txt,AVAILABLE,,MISSING,,UNVERIFIED,TIER_A,LYRICS_ONLY,train
RMVM_S_22fa445d34,Hai Lối Mộng,"Ánh Linh, Khánh Bình",ART_0834f9251a,BOLERO_TRUTINH,deterministic_mapping,1.0,N/A (Standard 11 Taxonomy),,MISSING,data/lyrics/RMVM_S_22fa445d34.txt,AVAILABLE,,MISSING,,UNVERIFIED,TIER_A,LYRICS_ONLY,train
RMVM_S_7c48fa673e,Cánh Hoa Lẻ Loi,Lưu Mỹ Linh,ART_3af7402bd1,BOLERO_TRUTINH,deterministic_mapping,0.85,N/A (Standard 11 Taxonomy),,MISSING,,MISSING,,MISSING,,UNVERIFIED,TIER_B,NO_PHYSICAL_MODALITY,train
RMVM_S_f6af8d4ed3,Vâng! Em Yêu Anh (Lofi Version),Hương Tú,ART_c84ec39c16,POP_BALLAD,deterministic_mapping,1.0,N/A (Standard 11 Taxonomy),,MISSING,data/lyrics/RMVM_S_f6af8d4ed3.txt,AVAILABLE,,MISSING,,UNVERIFIED,TIER_A,LYRICS_ONLY,train
RMVM_S_9e72545a33,Tựa Như Cánh Phù Du,Hồ Nhật Huy,ART_46418f5f0c,POP_BALLAD,deterministic_mapping,1.0,N/A (Standard 11 Taxonomy),,MISSING,data/lyrics/RMVM_S_9e72545a33.txt,AVAILABLE,,MISSING,,UNVERIFIED,TIER_A,LYRICS_ONLY,train
RMVM_S_0342fafc82,Cơm Đoàn Viên,Hồ Nhật Huy,ART_46418f5f0c,POP_BALLAD,deterministic_mapping,1.0,N/A (Standard 11 Taxonomy),,MISSING,data/lyrics/RMVM_S_0342fafc82.txt,AVAILABLE,,MISSING,,UNVERIFIED,TIER_A,LYRICS_ONLY,train
RMVM_S_367533c4d1,60 Năm Yêu Mãi Nhé,"Tân Hy Khánh, Mạnh Quân",ART_f64c8fe62e,POP_BALLAD,deterministic_mapping,1.0,N/A (Standard 11 Taxonomy),,MISSING,data/lyrics/RMVM_S_367533c4d1.txt,AVAILABLE,,MISSING,,UNVERIFIED,TIER_A,LYRICS_ONLY,train
RMVM_S_aee39c02ff,Tình Cũ Bao Giờ Cũng Tốt Hơn? (Remix),"Dương Hoàng Yến, Kenz",ART_8f20a28990,DANCE_EDM,deterministic_mapping,1.0,N/A (Standard 11 Taxonomy),,MISSING,data/lyrics/RMVM_S_aee39c02ff.txt,AVAILABLE,,MISSING,,UNVERIFIED,TIER_A,LYRICS_ONLY,train
RMVM_S_a7b8c8a1ee,Có Lẽ Quá Khó Để Quên Một Người,"1nG, Namlee, D.Blue",ART_4eeed4ddc4,POP_BALLAD,deterministic_mapping,1.0,N/A (Standard 11 Taxonomy),,MISSING,data/lyrics/RMVM_S_a7b8c8a1ee.txt,AVAILABLE,,MISSING,,UNVERIFIED,TIER_A,LYRICS_ONLY,train
RMVM_S_a9b7bbb4c8,Đánh Thức Mùa Xuân,IRIS,ART_f75c9af2f9,POP_BALLAD,deterministic_mapping,1.0,N/A (Standard 11 Taxonomy),,MISSING,data/lyrics/RMVM_S_a9b7bbb4c8.txt,AVAILABLE,,MISSING,,UNVERIFIED,TIER_A,LYRICS_ONLY,train
RMVM_S_b8eab51b11,Đôi Mươi Xuân Về,Võ Ê Vo,ART_20451b8658,POP_BALLAD,deterministic_mapping,1.0,N/A (Standard 11 Taxonomy),,MISSING,data/lyrics/RMVM_S_b8eab51b11.txt,AVAILABLE,,MISSING,,UNVERIFIED,TIER_A,LYRICS_ONLY,train
RMVM_S_44a5243dfc,Anh Biết Anh Quá Đẹp Trai,"SOUND HIT, Minh Béo",ART_5144b189dd,POP_BALLAD,deterministic_mapping,0.85,N/A (Standard 11 Taxonomy),,MISSING,,MISSING,,MISSING,,UNVERIFIED,TIER_B,NO_PHYSICAL_MODALITY,train
RMVM_S_205fdbc0f3,Chờ Em Được Không?,Anh Hào,ART_48511c94e9,POP_BALLAD,deterministic_mapping,1.0,N/A (Standard 11 Taxonomy),,MISSING,data/lyrics/RMVM_S_205fdbc0f3.txt,AVAILABLE,,MISSING,,UNVERIFIED,TIER_A,LYRICS_ONLY,train
RMVM_S_215dee78bc,Gặp Nhau Là Yêu (Remix),"Kim Cương, Thọ Hùng",ART_c324dc12a9,DANCE_EDM,deterministic_mapping,1.0,N/A (Standard 11 Taxonomy),,MISSING,data/lyrics/RMVM_S_215dee78bc.txt,AVAILABLE,,MISSING,,UNVERIFIED,TIER_A,LYRICS_ONLY,train
RMVM_S_bef69a25eb,Một Tình Yêu Vội Vàng (Live),"Bằng Kiều, Thanh Thảo",ART_f1c9b35576,POP_BALLAD,deterministic_mapping,1.0,N/A (Standard 11 Taxonomy),,MISSING,data/lyrics/RMVM_S_bef69a25eb.txt,AVAILABLE,,MISSING,,UNVERIFIED,TIER_A,LYRICS_ONLY,train
RMVM_S_881c2a9641,Mùi Hương,Anh Khang,ART_fbb3d64e9b,POP_BALLAD,deterministic_mapping,1.0,N/A (Standard 11 Taxonomy),,MISSING,data/lyrics/RMVM_S_881c2a9641.txt,AVAILABLE,,MISSING,,UNVERIFIED,TIER_A,LYRICS_ONLY,train
RMVM_S_c94b87d70c,Có Gì Đâu,"Mai Khôi, Ái Phương, June Nguyen",ART_3c8d01f991,BOLERO_TRUTINH,deterministic_mapping,1.0,N/A (Standard 11 Taxonomy),,MISSING,,MISSING,data/covers/RMVM_S_c94b87d70c.jpg,AVAILABLE,,UNVERIFIED,TIER_A,COVER_ONLY,train
RMVM_S_9ac4fb2cb1,Chuyện Tình Bên Suối,"Tuấn Sông Thu, To My",ART_bd616865bd,POP_BALLAD,deterministic_mapping,1.0,N/A (Standard 11 Taxonomy),,MISSING,data/lyrics/RMVM_S_9ac4fb2cb1.txt,AVAILABLE,,MISSING,,UNVERIFIED,TIER_A,LYRICS_ONLY,train
RMVM_S_6f8b68b831,Bến Đợi Bơ Vơ,"Tuấn Sông Thu, To My",ART_bd616865bd,POP_BALLAD,deterministic_mapping,1.0,N/A (Standard 11 Taxonomy),,MISSING,data/lyrics/RMVM_S_6f8b68b831.txt,AVAILABLE,,MISSING,,UNVERIFIED,TIER_A,LYRICS_ONLY,train
RMVM_S_721cf2c8ce,Thương Lắm Mình Ơi,Thiêng Ngân,ART_2a5c2878cb,BOLERO_TRUTINH,deterministic_mapping,1.0,N/A (Standard 11 Taxonomy),,MISSING,data/lyrics/RMVM_S_721cf2c8ce.txt,AVAILABLE,,MISSING,,UNVERIFIED,TIER_A,LYRICS_ONLY,train
RMVM_S_10dfddd237,Xin Đừng Trách Đa Đa,Thiêng Ngân,ART_2a5c2878cb,BOLERO_TRUTINH,deterministic_mapping,1.0,N/A (Standard 11 Taxonomy),,MISSING,data/lyrics/RMVM_S_10dfddd237.txt,AVAILABLE,,MISSING,,UNVERIFIED,TIER_A,LYRICS_ONLY,train
RMVM_S_483df6bdc0,Bậu Ơi Đừng Khóc,Thiêng Ngân,ART_2a5c2878cb,BOLERO_TRUTINH,deterministic_mapping,1.0,N/A (Standard 11 Taxonomy),,MISSING,data/lyrics/RMVM_S_483df6bdc0.txt,AVAILABLE,,MISSING,,UNVERIFIED,TIER_A,LYRICS_ONLY,train
RMVM_S_a1cfe9d561,Cô Đơn Giữa Lòng Thành Phố,"Green, Andrea",ART_22fbd3fd9d,POP_BALLAD,deterministic_mapping,1.0,N/A (Standard 11 Taxonomy),,MISSING,data/lyrics/RMVM_S_a1cfe9d561.txt,AVAILABLE,,MISSING,,UNVERIFIED,TIER_A,LYRICS_ONLY,train
RMVM_S_8a016cfb73,Mộng Tàn Hoa (Lofi),"H2O Lofi, Thiên Tú",ART_01da8adb67,BOLERO_TRUTINH,deterministic_mapping,1.0,N/A (Standard 11 Taxonomy),,MISSING,data/lyrics/RMVM_S_8a016cfb73.txt,AVAILABLE,,MISSING,,UNVERIFIED,TIER_A,LYRICS_ONLY,train
RMVM_S_b1f508ab9c,Gánh Cả Thế Giới Để Yêu Em,Hồ Quốc Việt,ART_90f81cde93,POP_BALLAD,deterministic_mapping,1.0,N/A (Standard 11 Taxonomy),,MISSING,data/lyrics/RMVM_S_b1f508ab9c.txt,AVAILABLE,,MISSING,,UNVERIFIED,TIER_A,LYRICS_ONLY,train
RMVM_S_029bca48ad,Cô Bé Mắt Nhung,Jack Long,ART_a254927a5d,POP_BALLAD,deterministic_mapping,1.0,N/A (Standard 11 Taxonomy),,MISSING,,MISSING,data/covers/RMVM_S_029bca48ad.jpg,AVAILABLE,,UNVERIFIED,TIER_A,COVER_ONLY,train
RMVM_S_8f20f4506c,Chúng Ta Dừng Lại Ở Đây Thôi,Nguyễn Đình Vũ,ART_4bd0bf08ac,POP_BALLAD,deterministic_mapping,1.0,N/A (Standard 11 Taxonomy),,MISSING,,MISSING,data/covers/RMVM_S_8f20f4506c.jpg,AVAILABLE,,UNVERIFIED,TIER_A,COVER_ONLY,train
RMVM_S_3dbbcdafb9,Nghe Đôi Mi Lại Cay,Nguyễn Đình Vũ,ART_4bd0bf08ac,POP_BALLAD,deterministic_mapping,1.0,N/A (Standard 11 Taxonomy),,MISSING,data/lyrics/RMVM_S_3dbbcdafb9.txt,AVAILABLE,,MISSING,,UNVERIFIED,TIER_A,LYRICS_ONLY,train
RMVM_S_4f19a53f18,Bước Ra Từ Cuộc Chơi,Nguyễn Đình Vũ,ART_4bd0bf08ac,INSTRUMENTAL,deterministic_mapping,1.0,N/A (Standard 11 Taxonomy),,MISSING,data/lyrics/RMVM_S_4f19a53f18.txt,AVAILABLE,,MISSING,,UNVERIFIED,TIER_A,LYRICS_ONLY,train
RMVM_S_cda0fa67c7,Cà Khịa,Nguyễn Đình Vũ,ART_4bd0bf08ac,POP_BALLAD,deterministic_mapping,1.0,N/A (Standard 11 Taxonomy),,MISSING,data/lyrics/RMVM_S_cda0fa67c7.txt,AVAILABLE,,MISSING,,UNVERIFIED,TIER_A,LYRICS_ONLY,train
RMVM_S_000f5ec04b,Ngày Trái Tim Rơi Lệ,Nguyễn Đình Vũ,ART_4bd0bf08ac,POP_BALLAD,deterministic_mapping,1.0,N/A (Standard 11 Taxonomy),,MISSING,data/lyrics/RMVM_S_000f5ec04b.txt,AVAILABLE,,MISSING,,UNVERIFIED,TIER_A,LYRICS_ONLY,train
RMVM_S_c8d0b3d528,Em Hạnh Phúc Chứ,Nguyễn Đình Vũ,ART_4bd0bf08ac,POP_BALLAD,deterministic_mapping,1.0,N/A (Standard 11 Taxonomy),,MISSING,data/lyrics/RMVM_S_c8d0b3d528.txt,AVAILABLE,,MISSING,,UNVERIFIED,TIER_A,LYRICS_ONLY,train
RMVM_S_513704930b,Lỗi tại ai,Khaly Nguyễn,ART_2f174524de,POP_BALLAD,deterministic_mapping,1.0,N/A (Standard 11 Taxonomy),,MISSING,data/lyrics/RMVM_S_513704930b.txt,AVAILABLE,,MISSING,,UNVERIFIED,TIER_A,LYRICS_ONLY,train
RMVM_MB_46f8948093,Lão cô đơn,Gạt Tàn Đầy,ART_70c5640a4b,ROCK,musicbrainz_artist_discography,0.85,N/A (Standard 11 Taxonomy),,MISSING,,MISSING,,MISSING,2006.0,VERIFIED,TIER_B,NO_PHYSICAL_MODALITY,train
RMVM_MB_e54010bd45,Lại một bài tình ca nữa,Gạt Tàn Đầy,ART_70c5640a4b,ROCK,musicbrainz_artist_discography,0.85,N/A (Standard 11 Taxonomy),,MISSING,,MISSING,,MISSING,2006.0,VERIFIED,TIER_B,NO_PHYSICAL_MODALITY,train
RMVM_MB_e16c2b24ad,Phàn nàn,Gạt Tàn Đầy,ART_70c5640a4b,ROCK,musicbrainz_artist_discography,0.85,N/A (Standard 11 Taxonomy),,MISSING,,MISSING,,MISSING,2006.0,VERIFIED,TIER_B,NO_PHYSICAL_MODALITY,train
RMVM_MB_89752f64c3,Chùm nho chín mọng,Gạt Tàn Đầy,ART_70c5640a4b,ROCK,musicbrainz_artist_discography,0.85,N/A (Standard 11 Taxonomy),,MISSING,,MISSING,,MISSING,2006.0,VERIFIED,TIER_B,NO_PHYSICAL_MODALITY,train
RMVM_MB_651e9ccac7,Mứt,Gạt Tàn Đầy,ART_70c5640a4b,ROCK,musicbrainz_artist_discography,0.85,N/A (Standard 11 Taxonomy),,MISSING,,MISSING,,MISSING,2006.0,VERIFIED,TIER_B,NO_PHYSICAL_MODALITY,train
RMVM_MB_c225a05602,Phở,Gạt Tàn Đầy,ART_70c5640a4b,ROCK,musicbrainz_artist_discography,0.85,N/A (Standard 11 Taxonomy),,MISSING,,MISSING,,MISSING,2006.0,VERIFIED,TIER_B,NO_PHYSICAL_MODALITY,train
RMVM_S_ad5f0f6512,Có Em Mỗi Bước Anh Đi,Da LAB,ART_30c4941a85,POP_BALLAD,deterministic_mapping,1.0,N/A (Standard 11 Taxonomy),,MISSING,data/lyrics/RMVM_S_ad5f0f6512.txt,AVAILABLE,data/covers/RMVM_S_ad5f0f6512.jpg,AVAILABLE,,UNVERIFIED,TIER_A,LYRICS_COVER,train
RMVM_S_f2cad7f8cb,Cứu Lấy Anh,Da LAB,ART_30c4941a85,POP_BALLAD,deterministic_mapping,1.0,N/A (Standard 11 Taxonomy),,MISSING,data/lyrics/RMVM_S_f2cad7f8cb.txt,AVAILABLE,,MISSING,,UNVERIFIED,TIER_A,LYRICS_ONLY,train
RMVM_S_8540382294,Con Cá Con Chim,Da LAB,ART_30c4941a85,POP_BALLAD,deterministic_mapping,1.0,N/A (Standard 11 Taxonomy),,MISSING,data/lyrics/RMVM_S_8540382294.txt,AVAILABLE,,MISSING,,UNVERIFIED,TIER_A,LYRICS_ONLY,train
RMVM_S_3f44196400,2 Ngày 1 Đêm,Da LAB,ART_30c4941a85,POP_BALLAD,deterministic_mapping,0.85,N/A (Standard 11 Taxonomy),,MISSING,,MISSING,,MISSING,,UNVERIFIED,TIER_B,NO_PHYSICAL_MODALITY,train
RMVM_S_0279bea8e0,Nếu Hôm Nay Là Ngày Tận Cuối Để Yêu,Đinh Hương,ART_058358bacf,POP_BALLAD,deterministic_mapping,1.0,N/A (Standard 11 Taxonomy),,MISSING,data/lyrics/RMVM_S_0279bea8e0.txt,AVAILABLE,,MISSING,,UNVERIFIED,TIER_A,LYRICS_ONLY,train
RMVM_S_5954f60d9c,Đừng Nói Dối Nữa,Tuyết Nga,ART_62094876af,POP_BALLAD,deterministic_mapping,1.0,N/A (Standard 11 Taxonomy),,MISSING,data/lyrics/RMVM_S_5954f60d9c.txt,AVAILABLE,,MISSING,,UNVERIFIED,TIER_A,LYRICS_ONLY,train
RMVM_S_da8b8beee5,2000 câu hỏi vì sao,AMEE,ART_89a639b309,POP_BALLAD,deterministic_mapping,1.0,N/A (Standard 11 Taxonomy),,MISSING,data/lyrics/RMVM_S_da8b8beee5.txt,AVAILABLE,,MISSING,,UNVERIFIED,TIER_A,LYRICS_ONLY,train
RMVM_S_3abef44434,Cô Thắm Không Về,"Phát Hồ, JokeS Bii, Sinike",ART_07023c1cf6,POP_BALLAD,deterministic_mapping,1.0,N/A (Standard 11 Taxonomy),,MISSING,data/lyrics/RMVM_S_3abef44434.txt,AVAILABLE,,MISSING,,UNVERIFIED,TIER_A,LYRICS_ONLY,train
RMVM_S_11c2e020f1,Anh Hiểu Không,Hari Won,ART_3fb74c401e,POP_BALLAD,deterministic_mapping,1.0,N/A (Standard 11 Taxonomy),,MISSING,data/lyrics/RMVM_S_11c2e020f1.txt,AVAILABLE,,MISSING,,UNVERIFIED,TIER_A,LYRICS_ONLY,train
RMVM_S_bdaa009d6c,Cuối Cùng Anh Cũng Đến,Hari Won,ART_3fb74c401e,POP_BALLAD,deterministic_mapping,1.0,N/A (Standard 11 Taxonomy),,MISSING,data/lyrics/RMVM_S_bdaa009d6c.txt,AVAILABLE,,MISSING,,UNVERIFIED,TIER_A,LYRICS_ONLY,train
RMVM_S_0bf4211f04,Ân Danh Cha Mẹ,"Bình Tinh, Nhật Minh",ART_9cb3a397ca,BOLERO_TRUTINH,deterministic_mapping,1.0,N/A (Standard 11 Taxonomy),,MISSING,,MISSING,data/covers/RMVM_S_0bf4211f04.jpg,AVAILABLE,,UNVERIFIED,TIER_A,COVER_ONLY,train
RMVM_S_59ed55c464,Buồn Thương Sáo Sậu (New Version),"Danh Vũ Linh, G ONE, Phàm TN",ART_9fb5333c17,POP_BALLAD,deterministic_mapping,1.0,N/A (Standard 11 Taxonomy),,MISSING,data/lyrics/RMVM_S_59ed55c464.txt,AVAILABLE,,MISSING,,UNVERIFIED,TIER_A,LYRICS_ONLY,train
RMVM_S_679d21b4f7,Chuyến Đi Của Thanh Xuân (Chuyến Đi Của Thanh Xuân OST),Suni Hạ Linh,ART_2699cc7e9a,POP_BALLAD,deterministic_mapping,1.0,N/A (Standard 11 Taxonomy),,MISSING,data/lyrics/RMVM_S_679d21b4f7.txt,AVAILABLE,,MISSING,,UNVERIFIED,TIER_A,LYRICS_ONLY,train
RMVM_S_0ef138479c,Bỏ Đi Mà Làm Người,Val Huyn,ART_7e59660d26,POP_BALLAD,deterministic_mapping,1.0,N/A (Standard 11 Taxonomy),,MISSING,data/lyrics/RMVM_S_0ef138479c.txt,AVAILABLE,,MISSING,,UNVERIFIED,TIER_A,LYRICS_ONLY,train
RMVM_S_4afc5f620f,Biết Vui Biết Buồn,"Thùy Chi, Đức Trí",ART_16079556f3,POP_BALLAD,deterministic_mapping,1.0,N/A (Standard 11 Taxonomy),,MISSING,data/lyrics/RMVM_S_4afc5f620f.txt,AVAILABLE,,MISSING,,UNVERIFIED,TIER_A,LYRICS_ONLY,train
RMVM_S_a3a9a86ba2,Ngày Anh Đến (Remix),"Lưu Bích, Trung Ngon",ART_1fe481070d,DANCE_EDM,deterministic_mapping,1.0,N/A (Standard 11 Taxonomy),,MISSING,data/lyrics/RMVM_S_a3a9a86ba2.txt,AVAILABLE,,MISSING,,UNVERIFIED,TIER_A,LYRICS_ONLY,train
RMVM_S_fc5ec342ad,Đây Là Việt Nam,"Rhymastic, Blacka",ART_acd95f5aff,POP_BALLAD,deterministic_mapping,1.0,N/A (Standard 11 Taxonomy),,MISSING,data/lyrics/RMVM_S_fc5ec342ad.txt,AVAILABLE,,MISSING,,UNVERIFIED,TIER_A,LYRICS_ONLY,train
RMVM_S_d641a942f4,Mắt Lệ Cho Người Tình,Phi Khanh,ART_daf791b473,INSTRUMENTAL,source_tag_verification,0.85,N/A (Standard 11 Taxonomy),,MISSING,data/lyrics/RMVM_S_d641a942f4.txt,AVAILABLE,,MISSING,,UNVERIFIED,TIER_B,LYRICS_ONLY,train
RMVM_MB_eabb7cf700,Hoa sim biên giới,Việt Hoàn,ART_276f4cb1af,REVOLUTIONARY,musicbrainz_artist_discography,0.85,N/A (Standard 11 Taxonomy),,MISSING,,MISSING,,MISSING,2013.0,VERIFIED,TIER_B,NO_PHYSICAL_MODALITY,train
RMVM_MB_4d859840bf,Tình đồng chí,Việt Hoàn,ART_276f4cb1af,REVOLUTIONARY,musicbrainz_artist_discography,0.85,N/A (Standard 11 Taxonomy),,MISSING,,MISSING,,MISSING,2013.0,VERIFIED,TIER_B,NO_PHYSICAL_MODALITY,train
RMVM_MB_e7ed46e792,Thơ tình lính biển,Việt Hoàn,ART_276f4cb1af,REVOLUTIONARY,musicbrainz_artist_discography,0.85,N/A (Standard 11 Taxonomy),,MISSING,,MISSING,,MISSING,2013.0,VERIFIED,TIER_B,NO_PHYSICAL_MODALITY,train
RMVM_MB_f8fd253f9e,Hương thầm,Việt Hoàn,ART_276f4cb1af,REVOLUTIONARY,musicbrainz_artist_discography,0.85,N/A (Standard 11 Taxonomy),,MISSING,,MISSING,,MISSING,2013.0,VERIFIED,TIER_B,NO_PHYSICAL_MODALITY,train
RMVM_MB_b99b5f7cc7,Nghiêng chiều Đà Lạt,Việt Hoàn,ART_276f4cb1af,REVOLUTIONARY,musicbrainz_artist_discography,0.85,N/A (Standard 11 Taxonomy),,MISSING,,MISSING,,MISSING,,UNVERIFIED,TIER_B,NO_PHYSICAL_MODALITY,train
RMVM_MB_8b3b3e082f,Tôi là Lê anh nuôi,Việt Hoàn,ART_276f4cb1af,REVOLUTIONARY,musicbrainz_artist_discography,0.85,N/A (Standard 11 Taxonomy),,MISSING,,MISSING,,MISSING,2010.0,VERIFIED,TIER_B,NO_PHYSICAL_MODALITY,train
RMVM_MB_ce8a975b68,Anh lính tình nguyện và điệu múa Apsara,Việt Hoàn,ART_276f4cb1af,REVOLUTIONARY,musicbrainz_artist_discography,0.85,N/A (Standard 11 Taxonomy),,MISSING,,MISSING,,MISSING,2013.0,VERIFIED,TIER_B,NO_PHYSICAL_MODALITY,train
RMVM_MB_228e458d44,Khúc hát chia xa,Việt Hoàn,ART_276f4cb1af,REVOLUTIONARY,musicbrainz_artist_discography,0.85,N/A (Standard 11 Taxonomy),,MISSING,,MISSING,,MISSING,2013.0,VERIFIED,TIER_B,NO_PHYSICAL_MODALITY,train
RMVM_S_7caed9feea,Em Hơi Mệt Với Bạn Thân Anh,"Hương Giang, Trang Pháp, Masew",ART_93bbb2062a,POP_BALLAD,deterministic_mapping,1.0,N/A (Standard 11 Taxonomy),,MISSING,data/lyrics/RMVM_S_7caed9feea.txt,AVAILABLE,,MISSING,,UNVERIFIED,TIER_A,LYRICS_ONLY,train
RMVM_S_b92256cd47,Chiều Mưa Trên Phố,Ron Phan,ART_ac890b0bfe,RB_SOUL,deterministic_mapping,1.0,N/A (Standard 11 Taxonomy),,MISSING,data/lyrics/RMVM_S_b92256cd47.txt,AVAILABLE,,MISSING,,UNVERIFIED,TIER_A,LYRICS_ONLY,train
RMVM_S_a5f0fc5abc,Cứ Vội Vàng (Cover),ngọc thạch,ART_8fc13f7d14,POP_BALLAD,deterministic_mapping,1.0,N/A (Standard 11 Taxonomy),,MISSING,,MISSING,data/covers/RMVM_S_a5f0fc5abc.jpg,AVAILABLE,,UNVERIFIED,TIER_A,COVER_ONLY,train
RMVM_S_83a3cf729f,Liên Khúc Một Chuyến Xe Hoa - Yêu Trong Nghịch Cảnh,"Thanh Ngân, Hồ Quốc Bửu",ART_b9482fdee1,BOLERO_TRUTINH,deterministic_mapping,1.0,N/A (Standard 11 Taxonomy),,MISSING,data/lyrics/RMVM_S_83a3cf729f.txt,AVAILABLE,,MISSING,,UNVERIFIED,TIER_A,LYRICS_ONLY,train
RMVM_S_93223bdf6a,Cố Chấp Để Bên Nhau,Phạm Nguyệt Hằng,ART_95e59ae118,POP_BALLAD,deterministic_mapping,1.0,N/A (Standard 11 Taxonomy),,MISSING,,MISSING,data/covers/RMVM_S_93223bdf6a.jpg,AVAILABLE,,UNVERIFIED,TIER_A,COVER_ONLY,train
RMVM_S_6a6f250652,"LK Vì Lỡ Thương Nhau, Phận Bạc","Cẩm Loan, Kha Thi, Lâm Quang Long",ART_2fa67c5c96,BOLERO_TRUTINH,deterministic_mapping,1.0,N/A (Standard 11 Taxonomy),,MISSING,,MISSING,data/covers/RMVM_S_6a6f250652.jpg,AVAILABLE,,UNVERIFIED,TIER_A,COVER_ONLY,train
RMVM_S_5335b6da2a,Cố Bước,Nam Hy,ART_67fc69235e,POP_BALLAD,deterministic_mapping,1.0,N/A (Standard 11 Taxonomy),,MISSING,data/lyrics/RMVM_S_5335b6da2a.txt,AVAILABLE,,MISSING,,UNVERIFIED,TIER_A,LYRICS_ONLY,train
RMVM_S_2329ebbae6,Bách Quỷ Dạ Hành,Huỳnh Anh Khang,ART_ba7a5619ab,POP_BALLAD,deterministic_mapping,1.0,N/A (Standard 11 Taxonomy),,MISSING,data/lyrics/RMVM_S_2329ebbae6.txt,AVAILABLE,,MISSING,,UNVERIFIED,TIER_A,LYRICS_ONLY,train
RMVM_S_395b704646,Cao Bằng Thân Yêu,Minh Đức,ART_31a9fe9966,BOLERO_TRUTINH,deterministic_mapping,1.0,N/A (Standard 11 Taxonomy),,MISSING,data/lyrics/RMVM_S_395b704646.txt,AVAILABLE,,MISSING,,UNVERIFIED,TIER_A,LYRICS_ONLY,train
RMVM_S_0dc96f0580,Ði Tìm Câu Hát Lý Thương Nhau,Minh Đức,ART_31a9fe9966,BOLERO_TRUTINH,deterministic_mapping,1.0,N/A (Standard 11 Taxonomy),,MISSING,data/lyrics/RMVM_S_0dc96f0580.txt,AVAILABLE,,MISSING,,UNVERIFIED,TIER_A,LYRICS_ONLY,train
RMVM_S_41bd44db65,Ðường Về Quê Hương,Minh Đức,ART_31a9fe9966,BOLERO_TRUTINH,deterministic_mapping,1.0,N/A (Standard 11 Taxonomy),,MISSING,data/lyrics/RMVM_S_41bd44db65.txt,AVAILABLE,,MISSING,,UNVERIFIED,TIER_A,LYRICS_ONLY,train
RMVM_S_77f38cda01,Em Đi Xa Nơi Đâu,Hợi,ART_d88f4902bd,POP_BALLAD,deterministic_mapping,1.0,N/A (Standard 11 Taxonomy),,MISSING,data/lyrics/RMVM_S_77f38cda01.txt,AVAILABLE,data/covers/RMVM_S_77f38cda01.jpg,AVAILABLE,,UNVERIFIED,TIER_A,LYRICS_COVER,train
RMVM_S_5aee49a71c,Em Là Ai Trên Con Đường Anh Đi,Nguyên Khánh,ART_fae2f55604,POP_BALLAD,deterministic_mapping,1.0,N/A (Standard 11 Taxonomy),,MISSING,,MISSING,data/covers/RMVM_S_5aee49a71c.jpg,AVAILABLE,,UNVERIFIED,TIER_A,COVER_ONLY,train
RMVM_S_3a5f150251,Giọt Nước Mắt Giữa Đêm,Gia Lạc,ART_50ae37329e,POP_BALLAD,deterministic_mapping,1.0,N/A (Standard 11 Taxonomy),,MISSING,data/lyrics/RMVM_S_3a5f150251.txt,AVAILABLE,,MISSING,,UNVERIFIED,TIER_A,LYRICS_ONLY,train
RMVM_S_efd9d9c8fe,Chợt Buồn,Châu Việt Cường,ART_93ca085744,POP_BALLAD,deterministic_mapping,1.0,N/A (Standard 11 Taxonomy),,MISSING,data/lyrics/RMVM_S_efd9d9c8fe.txt,AVAILABLE,,MISSING,,UNVERIFIED,TIER_A,LYRICS_ONLY,train
RMVM_S_7863c8a0b6,Điều Ước Cho Con,Đình Trung,ART_0532ce72ab,POP_BALLAD,deterministic_mapping,1.0,N/A (Standard 11 Taxonomy),,MISSING,data/lyrics/RMVM_S_7863c8a0b6.txt,AVAILABLE,,MISSING,,UNVERIFIED,TIER_A,LYRICS_ONLY,train
RMVM_S_3218e8bd2b,Đón Xuân Rộn Ràng,Trần Văn Nhật,ART_aac74fa7cf,DANCE_EDM,deterministic_mapping,1.0,N/A (Standard 11 Taxonomy),,MISSING,data/lyrics/RMVM_S_3218e8bd2b.txt,AVAILABLE,,MISSING,,UNVERIFIED,TIER_A,LYRICS_ONLY,train
RMVM_S_04eabd6276,Ra Ngõ Mà Yêu,Trần Thu Hà,ART_3a9bb5e6bc,INSTRUMENTAL,source_tag_verification,0.85,N/A (Standard 11 Taxonomy),,MISSING,data/lyrics/RMVM_S_04eabd6276.txt,AVAILABLE,,MISSING,,UNVERIFIED,TIER_B,LYRICS_ONLY,train
RMVM_S_fea21aa089,Đêm Vô Cùng,Trần Thu Hà,ART_3a9bb5e6bc,BOLERO_TRUTINH,deterministic_mapping,1.0,N/A (Standard 11 Taxonomy),,MISSING,data/lyrics/RMVM_S_fea21aa089.txt,AVAILABLE,,MISSING,,UNVERIFIED,TIER_A,LYRICS_ONLY,train
RMVM_S_affcd889d4,Chia Tay Chiều Mưa,Trần Thu Hà,ART_3a9bb5e6bc,BOLERO_TRUTINH,deterministic_mapping,1.0,N/A (Standard 11 Taxonomy),,MISSING,data/lyrics/RMVM_S_affcd889d4.txt,AVAILABLE,,MISSING,,UNVERIFIED,TIER_A,LYRICS_ONLY,train
RMVM_S_b3737eb53f,Khúc Ca Ngày Hè,Trần Thu Hà,ART_3a9bb5e6bc,POP_BALLAD,deterministic_mapping,1.0,N/A (Standard 11 Taxonomy),,MISSING,data/lyrics/RMVM_S_b3737eb53f.txt,AVAILABLE,,MISSING,,UNVERIFIED,TIER_A,LYRICS_ONLY,train
RMVM_S_231cbaa42f,Điệu Nhảy Cuối,Pixel Neko,ART_c2c3129870,POP_BALLAD,deterministic_mapping,1.0,N/A (Standard 11 Taxonomy),,MISSING,data/lyrics/RMVM_S_231cbaa42f.txt,AVAILABLE,,MISSING,,UNVERIFIED,TIER_A,LYRICS_ONLY,train
RMVM_S_fe45044e55,Chợt Nhớ & Tình Trái Ngang,"Lam Anh, Trần Thái Hòa",ART_3cecc8d665,INSTRUMENTAL,source_tag_verification,0.85,N/A (Standard 11 Taxonomy),,MISSING,data/lyrics/RMVM_S_fe45044e55.txt,AVAILABLE,,MISSING,,UNVERIFIED,TIER_B,LYRICS_ONLY,train
RMVM_S_10c2266a3e,Những Gì Đẹp Nhất,"Lam Anh, Trần Thái Hòa",ART_3cecc8d665,INSTRUMENTAL,source_tag_verification,0.85,N/A (Standard 11 Taxonomy),,MISSING,data/lyrics/RMVM_S_10c2266a3e.txt,AVAILABLE,,MISSING,,UNVERIFIED,TIER_B,LYRICS_ONLY,train
RMVM_S_d7fc1fda60,Lạc Bước Thiên Đường (Tropical Version),"Đức Hati, Htrol",ART_26c4156fd7,POP_BALLAD,deterministic_mapping,1.0,N/A (Standard 11 Taxonomy),,MISSING,data/lyrics/RMVM_S_d7fc1fda60.txt,AVAILABLE,,MISSING,,UNVERIFIED,TIER_A,LYRICS_ONLY,train
RMVM_S_6545f6f7e9,Đám Cưới Của Em (Lofi Version),"Lý Tuấn Kiệt, Phát Hồ",ART_f3d1e91baa,POP_BALLAD,deterministic_mapping,1.0,N/A (Standard 11 Taxonomy),,MISSING,data/lyrics/RMVM_S_6545f6f7e9.txt,AVAILABLE,,MISSING,,UNVERIFIED,TIER_A,LYRICS_ONLY,train
RMVM_S_b5720df997,Hà Nội Ngày Trở Về,"Phương Phạm Guitarist, Minh Chuyên",ART_03e37afbc1,BOLERO_TRUTINH,deterministic_mapping,1.0,N/A (Standard 11 Taxonomy),,MISSING,,MISSING,data/covers/RMVM_S_b5720df997.jpg,AVAILABLE,,UNVERIFIED,TIER_A,COVER_ONLY,train
RMVM_S_1933dcdd38,Ôi Đời Hư Nát,Bảo Thắng,ART_d66a1d82b1,BOLERO_TRUTINH,deterministic_mapping,1.0,N/A (Standard 11 Taxonomy),,MISSING,data/lyrics/RMVM_S_1933dcdd38.txt,AVAILABLE,,MISSING,,UNVERIFIED,TIER_A,LYRICS_ONLY,train
RMVM_S_352a2065de,Ngày Lành Tháng Tốt,"Võ Lê Mi, Jin Tuấn Nam",ART_6595ed37df,POP_BALLAD,deterministic_mapping,1.0,N/A (Standard 11 Taxonomy),,MISSING,data/lyrics/RMVM_S_352a2065de.txt,AVAILABLE,,MISSING,,UNVERIFIED,TIER_A,LYRICS_ONLY,train
RMVM_S_7e34e921ae,Con Gái Quê Em (Em Là Nhất Miền Tây 2),"Võ Lê Mi, Jin Tuấn Nam",ART_6595ed37df,POP_BALLAD,deterministic_mapping,1.0,N/A (Standard 11 Taxonomy),,MISSING,data/lyrics/RMVM_S_7e34e921ae.txt,AVAILABLE,,MISSING,,UNVERIFIED,TIER_A,LYRICS_ONLY,train
RMVM_S_c491eebc1a,Em Là Con Gái Rượu,"Võ Lê Mi, Jin Tuấn Nam",ART_6595ed37df,POP_BALLAD,deterministic_mapping,1.0,N/A (Standard 11 Taxonomy),,MISSING,data/lyrics/RMVM_S_c491eebc1a.txt,AVAILABLE,,MISSING,,UNVERIFIED,TIER_A,LYRICS_ONLY,train
RMVM_S_1d3cdb1bb9,Cái Tên Khắc Sâu Trong Tim,"Hà Nhi, Quốc Thiên",ART_5e33facd8c,POP_BALLAD,deterministic_mapping,1.0,N/A (Standard 11 Taxonomy),,MISSING,data/lyrics/RMVM_S_1d3cdb1bb9.txt,AVAILABLE,data/covers/RMVM_S_1d3cdb1bb9.jpg,AVAILABLE,,UNVERIFIED,TIER_A,LYRICS_COVER,train
RMVM_S_25329446a8,Anh Đừng Lo,"Ân Nhi, dinhhung",ART_d6505bfde4,POP_BALLAD,deterministic_mapping,1.0,N/A (Standard 11 Taxonomy),,MISSING,data/lyrics/RMVM_S_25329446a8.txt,AVAILABLE,,MISSING,,UNVERIFIED,TIER_A,LYRICS_ONLY,train
RMVM_S_40aac3d09e,Điều Em Không Muốn Nghe,"QNT, Dick",ART_4afba7427d,RAP_HIPHOP,deterministic_mapping,1.0,N/A (Standard 11 Taxonomy),,MISSING,data/lyrics/RMVM_S_40aac3d09e.txt,AVAILABLE,,MISSING,,UNVERIFIED,TIER_A,LYRICS_ONLY,train
RMVM_S_b89ba7acba,Chừng Nào Cưới,"Phạm Đình Thái Ngân, Lăng LD",ART_d5ce6102dd,POP_BALLAD,deterministic_mapping,1.0,N/A (Standard 11 Taxonomy),,MISSING,data/lyrics/RMVM_S_b89ba7acba.txt,AVAILABLE,,MISSING,,UNVERIFIED,TIER_A,LYRICS_ONLY,train
RMVM_S_624074d1d1,Vì Có Khi Đôi Tay,"MANBO, Laye",ART_26ef12548b,POP_BALLAD,deterministic_mapping,1.0,N/A (Standard 11 Taxonomy),,MISSING,data/lyrics/RMVM_S_624074d1d1.txt,AVAILABLE,,MISSING,,UNVERIFIED,TIER_A,LYRICS_ONLY,train
RMVM_S_f09f2bde1a,Cuộc Đời Éo Le (remix),"Don Hồ, Quốc Hùng",ART_a06009708a,INSTRUMENTAL,source_tag_verification,0.85,N/A (Standard 11 Taxonomy),,MISSING,data/lyrics/RMVM_S_f09f2bde1a.txt,AVAILABLE,,MISSING,,UNVERIFIED,TIER_B,LYRICS_ONLY,train
RMVM_S_6598fa210b,Anh Không Tin,Kha Ken,ART_acbce4a1e7,POP_BALLAD,deterministic_mapping,1.0,N/A (Standard 11 Taxonomy),,MISSING,data/lyrics/RMVM_S_6598fa210b.txt,AVAILABLE,,MISSING,,UNVERIFIED,TIER_A,LYRICS_ONLY,train
RMVM_S_703d6881eb,Có Một Ngày Trời Không Nắng,Thái Đinh,ART_e357260383,POP_BALLAD,deterministic_mapping,1.0,N/A (Standard 11 Taxonomy),,MISSING,data/lyrics/RMVM_S_703d6881eb.txt,AVAILABLE,,MISSING,,UNVERIFIED,TIER_A,LYRICS_ONLY,train
RMVM_S_a2ec8d1c5b,Mùa Ly Bỏ Lại,Thái Đinh,ART_e357260383,POP_BALLAD,deterministic_mapping,1.0,N/A (Standard 11 Taxonomy),,MISSING,data/lyrics/RMVM_S_a2ec8d1c5b.txt,AVAILABLE,,MISSING,,UNVERIFIED,TIER_A,LYRICS_ONLY,train
RMVM_S_6705522d1d,Em Có Còn Dùng Số Này Không,Thái Đinh,ART_e357260383,POP_BALLAD,deterministic_mapping,1.0,N/A (Standard 11 Taxonomy),,MISSING,data/lyrics/RMVM_S_6705522d1d.txt,AVAILABLE,,MISSING,,UNVERIFIED,TIER_A,LYRICS_ONLY,train
RMVM_S_95831e6d8c,Không Còn Là Của Nhau,Thái Đinh,ART_e357260383,POP_BALLAD,deterministic_mapping,1.0,N/A (Standard 11 Taxonomy),,MISSING,data/lyrics/RMVM_S_95831e6d8c.txt,AVAILABLE,,MISSING,,UNVERIFIED,TIER_A,LYRICS_ONLY,train
RMVM_S_b809709f68,Cần Một Lý Do (WRC Remix),Khánh Cường,ART_b62c1d5ffa,DANCE_EDM,deterministic_mapping,1.0,N/A (Standard 11 Taxonomy),,MISSING,,MISSING,data/covers/RMVM_S_b809709f68.jpg,AVAILABLE,,UNVERIFIED,TIER_A,COVER_ONLY,train
RMVM_S_6ffa23c948,Ngày Anh Khóc,Khánh Cường,ART_b62c1d5ffa,POP_BALLAD,deterministic_mapping,1.0,N/A (Standard 11 Taxonomy),,MISSING,data/lyrics/RMVM_S_6ffa23c948.txt,AVAILABLE,,MISSING,,UNVERIFIED,TIER_A,LYRICS_ONLY,train
RMVM_S_099fb5288b,Biển Mặn Tình Em,Thanh Vinh,ART_993f253972,BOLERO_TRUTINH,deterministic_mapping,1.0,N/A (Standard 11 Taxonomy),,MISSING,,MISSING,data/covers/RMVM_S_099fb5288b.jpg,AVAILABLE,,UNVERIFIED,TIER_A,COVER_ONLY,train
RMVM_S_92a1d39dd0,Lòng Mãi Yêu Thương,Thanh Vinh,ART_993f253972,BOLERO_TRUTINH,deterministic_mapping,1.0,N/A (Standard 11 Taxonomy),,MISSING,data/lyrics/RMVM_S_92a1d39dd0.txt,AVAILABLE,,MISSING,,UNVERIFIED,TIER_A,LYRICS_ONLY,train
RMVM_S_f5af6bb178,Nhớ Nhau Hoài (Album Tình Ngược Lối),Thanh Vinh,ART_993f253972,BOLERO_TRUTINH,deterministic_mapping,1.0,N/A (Standard 11 Taxonomy),,MISSING,data/lyrics/RMVM_S_f5af6bb178.txt,AVAILABLE,,MISSING,,UNVERIFIED,TIER_A,LYRICS_ONLY,train
RMVM_S_2847bb7411,Bài Ca Người Săn Máy Bay,Thanh Vinh,ART_993f253972,REVOLUTIONARY,deterministic_mapping,1.0,N/A (Standard 11 Taxonomy),,MISSING,data/lyrics/RMVM_S_2847bb7411.txt,AVAILABLE,,MISSING,,UNVERIFIED,TIER_A,LYRICS_ONLY,train
RMVM_S_3fb6aada48,Hoa Nở Về Đêm (Album Tình Ngược Lối),Thanh Vinh,ART_993f253972,BOLERO_TRUTINH,deterministic_mapping,1.0,N/A (Standard 11 Taxonomy),,MISSING,data/lyrics/RMVM_S_3fb6aada48.txt,AVAILABLE,,MISSING,,UNVERIFIED,TIER_A,LYRICS_ONLY,train
RMVM_S_ceda35077b,Người Giàu Tương Tư,Thanh Vinh,ART_993f253972,BOLERO_TRUTINH,deterministic_mapping,1.0,N/A (Standard 11 Taxonomy),,MISSING,data/lyrics/RMVM_S_ceda35077b.txt,AVAILABLE,,MISSING,,UNVERIFIED,TIER_A,LYRICS_ONLY,train
RMVM_S_0f679abfc1,Cô Gái Thiên Thần,"Lê Vương, Key",ART_f706188839,POP_BALLAD,deterministic_mapping,1.0,N/A (Standard 11 Taxonomy),,MISSING,data/lyrics/RMVM_S_0f679abfc1.txt,AVAILABLE,,MISSING,,UNVERIFIED,TIER_A,LYRICS_ONLY,train
RMVM_S_0576c8f2b4,Chờ Đợi Giữa Thế Gian,Kaisoul,ART_134a0615e8,POP_BALLAD,deterministic_mapping,1.0,N/A (Standard 11 Taxonomy),,MISSING,data/lyrics/RMVM_S_0576c8f2b4.txt,AVAILABLE,,MISSING,,UNVERIFIED,TIER_A,LYRICS_ONLY,train
RMVM_S_558b7dbf0b,Em Luôn Trong Tâm Trí Anh,"Kaisoul, Nguyễn Văn Chung",ART_ec2715b61f,POP_BALLAD,deterministic_mapping,1.0,N/A (Standard 11 Taxonomy),,MISSING,data/lyrics/RMVM_S_558b7dbf0b.txt,AVAILABLE,,MISSING,,UNVERIFIED,TIER_A,LYRICS_ONLY,train
RMVM_S_eaf2d7561d,Cho Con Gọi Tiếng Thiêng Liêng,Phùng Ngọc Huy,ART_dc0148a015,BOLERO_TRUTINH,deterministic_mapping,1.0,N/A (Standard 11 Taxonomy),,MISSING,data/lyrics/RMVM_S_eaf2d7561d.txt,AVAILABLE,,MISSING,,UNVERIFIED,TIER_A,LYRICS_ONLY,train
RMVM_S_61b1cc87f7,Biệt Khúc Tương Tư,Phùng Ngọc Huy,ART_dc0148a015,POP_BALLAD,deterministic_mapping,1.0,N/A (Standard 11 Taxonomy),,MISSING,data/lyrics/RMVM_S_61b1cc87f7.txt,AVAILABLE,,MISSING,,UNVERIFIED,TIER_A,LYRICS_ONLY,train
RMVM_S_12335fd51f,Điều Kỳ Diệu Của Đời Con,Phùng Ngọc Huy,ART_dc0148a015,BOLERO_TRUTINH,deterministic_mapping,1.0,N/A (Standard 11 Taxonomy),,MISSING,data/lyrics/RMVM_S_12335fd51f.txt,AVAILABLE,,MISSING,,UNVERIFIED,TIER_A,LYRICS_ONLY,train
RMVM_S_b4dcc3426e,Nơi Nào Để Thấy Em,Phùng Ngọc Huy,ART_dc0148a015,POP_BALLAD,deterministic_mapping,1.0,N/A (Standard 11 Taxonomy),,MISSING,data/lyrics/RMVM_S_b4dcc3426e.txt,AVAILABLE,,MISSING,,UNVERIFIED,TIER_A,LYRICS_ONLY,train
RMVM_S_a813eebf78,Sự Thật,Phùng Ngọc Huy,ART_dc0148a015,POP_BALLAD,deterministic_mapping,1.0,N/A (Standard 11 Taxonomy),,MISSING,data/lyrics/RMVM_S_a813eebf78.txt,AVAILABLE,,MISSING,,UNVERIFIED,TIER_A,LYRICS_ONLY,train
RMVM_S_5349dbfbe8,Miền Trung Nước Mắt,Phùng Ngọc Huy,ART_dc0148a015,FOLK_TRADITIONAL,deterministic_mapping,1.0,N/A (Standard 11 Taxonomy),,MISSING,data/lyrics/RMVM_S_5349dbfbe8.txt,AVAILABLE,,MISSING,,UNVERIFIED,TIER_A,LYRICS_ONLY,train
RMVM_S_044d54a115,Kiếp Xa Quê,Phùng Ngọc Huy,ART_dc0148a015,POP_BALLAD,deterministic_mapping,1.0,N/A (Standard 11 Taxonomy),,MISSING,data/lyrics/RMVM_S_044d54a115.txt,AVAILABLE,,MISSING,,UNVERIFIED,TIER_A,LYRICS_ONLY,train
RMVM_S_7bece52acd,Chín Tháng Cưu Mang,Phùng Ngọc Huy,ART_dc0148a015,BOLERO_TRUTINH,deterministic_mapping,1.0,N/A (Standard 11 Taxonomy),,MISSING,data/lyrics/RMVM_S_7bece52acd.txt,AVAILABLE,,MISSING,,UNVERIFIED,TIER_A,LYRICS_ONLY,train
RMVM_S_a1330e32c9,Gió Vẫn Hát,"Balin, SOUND HIT",ART_abbbcf5977,POP_BALLAD,deterministic_mapping,1.0,N/A (Standard 11 Taxonomy),,MISSING,data/lyrics/RMVM_S_a1330e32c9.txt,AVAILABLE,,MISSING,,UNVERIFIED,TIER_A,LYRICS_ONLY,train
RMVM_S_8a8ef2252b,Anh Có Lỗi Gì,"Balin, SOUND HIT",ART_abbbcf5977,POP_BALLAD,deterministic_mapping,1.0,N/A (Standard 11 Taxonomy),,MISSING,data/lyrics/RMVM_S_8a8ef2252b.txt,AVAILABLE,,MISSING,,UNVERIFIED,TIER_A,LYRICS_ONLY,train
RMVM_S_f5388751ef,1 tháng nhung nhớ,"Pay, Lazii",ART_80e8ed891b,POP_BALLAD,deterministic_mapping,1.0,N/A (Standard 11 Taxonomy),,MISSING,data/lyrics/RMVM_S_f5388751ef.txt,AVAILABLE,,MISSING,,UNVERIFIED,TIER_A,LYRICS_ONLY,train
RMVM_S_7968946ed3,Lời Ru Ngày Xưa,Quang Linh,ART_3a6003b287,BOLERO_TRUTINH,deterministic_mapping,1.0,N/A (Standard 11 Taxonomy),,MISSING,data/lyrics/RMVM_S_7968946ed3.txt,AVAILABLE,,MISSING,,UNVERIFIED,TIER_A,LYRICS_ONLY,train
RMVM_S_ad31a8c7f1,Một Lần Cho Tôi Ghé Về Thăm,Quang Linh,ART_3a6003b287,BOLERO_TRUTINH,deterministic_mapping,1.0,N/A (Standard 11 Taxonomy),,MISSING,data/lyrics/RMVM_S_ad31a8c7f1.txt,AVAILABLE,,MISSING,,UNVERIFIED,TIER_A,LYRICS_ONLY,train
RMVM_S_3c356fb145,Người Em Gái Nhỏ,Quang Linh,ART_3a6003b287,BOLERO_TRUTINH,deterministic_mapping,1.0,N/A (Standard 11 Taxonomy),,MISSING,data/lyrics/RMVM_S_3c356fb145.txt,AVAILABLE,,MISSING,,UNVERIFIED,TIER_A,LYRICS_ONLY,train
RMVM_MB_156b1ded32,Thành phố mưa bay,Quang Linh,ART_3a6003b287,FOLK_TRADITIONAL,musicbrainz_artist_discography,0.85,N/A (Standard 11 Taxonomy),,MISSING,,MISSING,,MISSING,2006.0,VERIFIED,TIER_B,NO_PHYSICAL_MODALITY,train
RMVM_MB_b6c3ea6511,Kiếp đam mê,Quang Linh,ART_3a6003b287,FOLK_TRADITIONAL,musicbrainz_artist_discography,0.85,N/A (Standard 11 Taxonomy),,MISSING,,MISSING,,MISSING,2006.0,VERIFIED,TIER_B,NO_PHYSICAL_MODALITY,train
RMVM_MB_639ba9936a,Nửa đêm ngoài phố,Quang Linh,ART_3a6003b287,FOLK_TRADITIONAL,musicbrainz_artist_discography,0.85,N/A (Standard 11 Taxonomy),,MISSING,,MISSING,,MISSING,2006.0,VERIFIED,TIER_B,NO_PHYSICAL_MODALITY,train
RMVM_MB_21646e7cc4,Tiếng Chim Đa Đa,Quang Linh,ART_3a6003b287,FOLK_TRADITIONAL,musicbrainz_artist_discography,0.85,N/A (Standard 11 Taxonomy),,MISSING,,MISSING,,MISSING,1999.0,VERIFIED,TIER_B,NO_PHYSICAL_MODALITY,train
RMVM_MB_ccb3465ea0,Huế Buồn Vì Ai,Quang Linh,ART_3a6003b287,FOLK_TRADITIONAL,musicbrainz_artist_discography,0.85,N/A (Standard 11 Taxonomy),,MISSING,,MISSING,,MISSING,1999.0,VERIFIED,TIER_B,NO_PHYSICAL_MODALITY,train
RMVM_MB_b22f840356,Câu chuyện đầu năm,Quang Linh,ART_3a6003b287,FOLK_TRADITIONAL,musicbrainz_artist_discography,0.85,N/A (Standard 11 Taxonomy),,MISSING,,MISSING,,MISSING,,UNVERIFIED,TIER_B,NO_PHYSICAL_MODALITY,train
RMVM_MB_98c46e8c90,Chiều cuối tuần,Quang Linh,ART_3a6003b287,FOLK_TRADITIONAL,musicbrainz_artist_discography,0.85,N/A (Standard 11 Taxonomy),,MISSING,,MISSING,,MISSING,2006.0,VERIFIED,TIER_B,NO_PHYSICAL_MODALITY,train
RMVM_MB_880c2f7917,Cỏ úa,Quang Linh,ART_3a6003b287,FOLK_TRADITIONAL,musicbrainz_artist_discography,0.85,N/A (Standard 11 Taxonomy),,MISSING,,MISSING,,MISSING,2006.0,VERIFIED,TIER_B,NO_PHYSICAL_MODALITY,train
RMVM_MB_9bc32a106f,Sầu lẻ bóng,Quang Linh,ART_3a6003b287,FOLK_TRADITIONAL,musicbrainz_artist_discography,0.85,N/A (Standard 11 Taxonomy),,MISSING,,MISSING,,MISSING,2006.0,VERIFIED,TIER_B,NO_PHYSICAL_MODALITY,train
RMVM_MB_8e3f3b9cb4,Tôi yêu,Quang Linh,ART_3a6003b287,FOLK_TRADITIONAL,musicbrainz_artist_discography,0.85,N/A (Standard 11 Taxonomy),,MISSING,,MISSING,,MISSING,2007.0,VERIFIED,TIER_B,NO_PHYSICAL_MODALITY,train
RMVM_MB_5c2b768bfc,Hai vì sao lạc,Quang Linh,ART_3a6003b287,FOLK_TRADITIONAL,musicbrainz_artist_discography,0.85,N/A (Standard 11 Taxonomy),,MISSING,,MISSING,,MISSING,2017.0,VERIFIED,TIER_B,NO_PHYSICAL_MODALITY,train
RMVM_MB_76e6ef5e03,Đêm Hoa Đăng,Quang Linh,ART_3a6003b287,FOLK_TRADITIONAL,musicbrainz_artist_discography,0.85,N/A (Standard 11 Taxonomy),,MISSING,,MISSING,,MISSING,1999.0,VERIFIED,TIER_B,NO_PHYSICAL_MODALITY,train
RMVM_MB_26f4cc9235,Hoa học trò,Quang Linh,ART_3a6003b287,FOLK_TRADITIONAL,musicbrainz_artist_discography,0.85,N/A (Standard 11 Taxonomy),,MISSING,,MISSING,,MISSING,2006.0,VERIFIED,TIER_B,NO_PHYSICAL_MODALITY,train
RMVM_MB_0f7a9899ac,Ngẩn ngơ tìm em,Quang Linh,ART_3a6003b287,FOLK_TRADITIONAL,musicbrainz_artist_discography,0.85,N/A (Standard 11 Taxonomy),,MISSING,,MISSING,,MISSING,2007.0,VERIFIED,TIER_B,NO_PHYSICAL_MODALITY,train
RMVM_MB_3b743a3928,Phố vắng em rồi,Quang Linh,ART_3a6003b287,FOLK_TRADITIONAL,musicbrainz_artist_discography,0.85,N/A (Standard 11 Taxonomy),,MISSING,,MISSING,,MISSING,2006.0,VERIFIED,TIER_B,NO_PHYSICAL_MODALITY,train
RMVM_MB_53c0519672,Thương Về Miền Trung,Quang Linh,ART_3a6003b287,FOLK_TRADITIONAL,musicbrainz_artist_discography,0.85,N/A (Standard 11 Taxonomy),,MISSING,,MISSING,,MISSING,1999.0,VERIFIED,TIER_B,NO_PHYSICAL_MODALITY,train
RMVM_S_713cd25d1f,Chung Thân (Live),"Bạch Công Khanh, Hoài Lâm",ART_b5706203c1,POP_BALLAD,deterministic_mapping,1.0,N/A (Standard 11 Taxonomy),,MISSING,data/lyrics/RMVM_S_713cd25d1f.txt,AVAILABLE,,MISSING,,UNVERIFIED,TIER_A,LYRICS_ONLY,train
RMVM_S_d71badaa59,Dù Sai Em Vẫn Yêu Anh,Hạnh Sino,ART_5c5bcdc6fb,POP_BALLAD,deterministic_mapping,1.0,N/A (Standard 11 Taxonomy),,MISSING,data/lyrics/RMVM_S_d71badaa59.txt,AVAILABLE,,MISSING,,UNVERIFIED,TIER_A,LYRICS_ONLY,train
RMVM_S_931da53c59,Dậy Đi Em,"N2H, KaWaiiBi, Key",ART_43e0f5908d,RAP_HIPHOP,deterministic_mapping,1.0,N/A (Standard 11 Taxonomy),,MISSING,data/lyrics/RMVM_S_931da53c59.txt,AVAILABLE,,MISSING,,UNVERIFIED,TIER_A,LYRICS_ONLY,train
RMVM_S_fb1d032aef,Bắc Ninh - Kinh Bắc (Chương Trình Nghệ Thuật Chào Mừng Thành Phố Từ Sơn),Trọng Tấn,ART_e45d081f4c,POP_BALLAD,deterministic_mapping,1.0,N/A (Standard 11 Taxonomy),,MISSING,data/lyrics/RMVM_S_fb1d032aef.txt,AVAILABLE,,MISSING,,UNVERIFIED,TIER_A,LYRICS_ONLY,train
RMVM_S_a47d25ae1d,Chúng Con Canh Giấc Ngủ Của Người,Trọng Tấn,ART_e45d081f4c,REVOLUTIONARY,provenance_metadata_verification,0.85,N/A (Standard 11 Taxonomy),,MISSING,data/lyrics/RMVM_S_a47d25ae1d.txt,AVAILABLE,,MISSING,,UNVERIFIED,TIER_B,LYRICS_ONLY,train
RMVM_S_d7714a95dd,Bài Ca Thống Nhất,Trọng Tấn,ART_e45d081f4c,REVOLUTIONARY,deterministic_mapping,1.0,N/A (Standard 11 Taxonomy),,MISSING,data/lyrics/RMVM_S_d7714a95dd.txt,AVAILABLE,,MISSING,,UNVERIFIED,TIER_A,LYRICS_ONLY,train
RMVM_S_9d9df5e9f1,Đảng Là Cuộc Sống Của Tôi,Trọng Tấn,ART_e45d081f4c,REVOLUTIONARY,provenance_metadata_verification,0.85,N/A (Standard 11 Taxonomy),,MISSING,data/lyrics/RMVM_S_9d9df5e9f1.txt,AVAILABLE,,MISSING,,UNVERIFIED,TIER_B,LYRICS_ONLY,train
RMVM_MB_2bb09ce051,Nghệ sĩ với cây đàn,Trọng Tấn,ART_e45d081f4c,REVOLUTIONARY,musicbrainz_artist_discography,0.85,N/A (Standard 11 Taxonomy),,MISSING,,MISSING,,MISSING,2001.0,VERIFIED,TIER_B,NO_PHYSICAL_MODALITY,train
RMVM_MB_2a5e7fa464,Mong về Hà Nội,Trọng Tấn,ART_e45d081f4c,REVOLUTIONARY,musicbrainz_artist_discography,0.85,N/A (Standard 11 Taxonomy),,MISSING,,MISSING,,MISSING,2010.0,VERIFIED,TIER_B,NO_PHYSICAL_MODALITY,train
RMVM_MB_f45ebc673e,Hà Nội tình yêu tôi,Trọng Tấn,ART_e45d081f4c,REVOLUTIONARY,musicbrainz_artist_discography,0.85,N/A (Standard 11 Taxonomy),,MISSING,,MISSING,,MISSING,2010.0,VERIFIED,TIER_B,NO_PHYSICAL_MODALITY,train
RMVM_MB_6fa8c7f7d1,Nhớ đêm giã bạn,Trọng Tấn,ART_e45d081f4c,REVOLUTIONARY,musicbrainz_artist_discography,0.85,N/A (Standard 11 Taxonomy),,MISSING,,MISSING,,MISSING,2012.0,VERIFIED,TIER_B,NO_PHYSICAL_MODALITY,train
RMVM_MB_c3c0f4a680,Thành phố hoa phượng đỏ,Trọng Tấn,ART_e45d081f4c,REVOLUTIONARY,musicbrainz_artist_discography,0.85,N/A (Standard 11 Taxonomy),,MISSING,,MISSING,,MISSING,2012.0,VERIFIED,TIER_B,NO_PHYSICAL_MODALITY,train
RMVM_MB_4ba1e06ab9,Sapa thành phố trong sương,Trọng Tấn,ART_e45d081f4c,REVOLUTIONARY,musicbrainz_artist_discography,0.85,N/A (Standard 11 Taxonomy),,MISSING,,MISSING,,MISSING,2012.0,VERIFIED,TIER_B,NO_PHYSICAL_MODALITY,train
RMVM_MB_c47a25ca33,Tiếng hò trên đất nghệ an,Trọng Tấn,ART_e45d081f4c,REVOLUTIONARY,musicbrainz_artist_discography,0.85,N/A (Standard 11 Taxonomy),,MISSING,,MISSING,,MISSING,2012.0,VERIFIED,TIER_B,NO_PHYSICAL_MODALITY,train
RMVM_MB_e1439faeb9,Tình ca Tây Bắc,Trọng Tấn,ART_e45d081f4c,REVOLUTIONARY,musicbrainz_artist_discography,0.85,N/A (Standard 11 Taxonomy),,MISSING,,MISSING,,MISSING,2002.0,VERIFIED,TIER_B,NO_PHYSICAL_MODALITY,train
RMVM_MB_5142f1bc69,Tình ca Tây Nguyên,Trọng Tấn,ART_e45d081f4c,REVOLUTIONARY,musicbrainz_artist_discography,0.85,N/A (Standard 11 Taxonomy),,MISSING,,MISSING,,MISSING,2000.0,VERIFIED,TIER_B,NO_PHYSICAL_MODALITY,train
RMVM_MB_72be1e62cd,Về Miền Trung,Trọng Tấn,ART_e45d081f4c,REVOLUTIONARY,musicbrainz_artist_discography,0.85,N/A (Standard 11 Taxonomy),,MISSING,,MISSING,,MISSING,2000.0,VERIFIED,TIER_B,NO_PHYSICAL_MODALITY,train
RMVM_MB_d136e05a8a,Thì thầm với dòng sông,Trọng Tấn,ART_e45d081f4c,REVOLUTIONARY,musicbrainz_artist_discography,0.85,N/A (Standard 11 Taxonomy),,MISSING,,MISSING,,MISSING,,UNVERIFIED,TIER_B,NO_PHYSICAL_MODALITY,train
RMVM_MB_4652a21940,Hương thầm,Trọng Tấn,ART_e45d081f4c,REVOLUTIONARY,musicbrainz_artist_discography,0.85,N/A (Standard 11 Taxonomy),,MISSING,,MISSING,,MISSING,,UNVERIFIED,TIER_B,NO_PHYSICAL_MODALITY,train
RMVM_MB_217ca69a58,Làng quan họ quê tôi,Trọng Tấn,ART_e45d081f4c,REVOLUTIONARY,musicbrainz_artist_discography,0.85,N/A (Standard 11 Taxonomy),,MISSING,,MISSING,,MISSING,,UNVERIFIED,TIER_B,NO_PHYSICAL_MODALITY,train
RMVM_MB_8f5e6c4171,Ngẫu hứng giao duyên,Trọng Tấn,ART_e45d081f4c,REVOLUTIONARY,musicbrainz_artist_discography,0.85,N/A (Standard 11 Taxonomy),,MISSING,,MISSING,,MISSING,,UNVERIFIED,TIER_B,NO_PHYSICAL_MODALITY,train
RMVM_MB_5df49d52ec,Màu hoa đỏ,Trọng Tấn,ART_e45d081f4c,REVOLUTIONARY,musicbrainz_artist_discography,0.85,N/A (Standard 11 Taxonomy),,MISSING,,MISSING,,MISSING,,UNVERIFIED,TIER_B,NO_PHYSICAL_MODALITY,train
RMVM_MB_451ed02939,Em tôi,Trọng Tấn,ART_e45d081f4c,REVOLUTIONARY,musicbrainz_artist_discography,0.85,N/A (Standard 11 Taxonomy),,MISSING,,MISSING,,MISSING,2012.0,VERIFIED,TIER_B,NO_PHYSICAL_MODALITY,train
RMVM_S_6e97b7bc47,Em Vẫn Chưa Về (Cover),Phạm Minh Huy,ART_cc6c67dc33,POP_BALLAD,deterministic_mapping,1.0,N/A (Standard 11 Taxonomy),,MISSING,data/lyrics/RMVM_S_6e97b7bc47.txt,AVAILABLE,,MISSING,,UNVERIFIED,TIER_A,LYRICS_ONLY,train
RMVM_S_45f790de29,Em Nhớ Anh Vô Cùng (Acoustic),Nhã Thy,ART_6849937024,POP_BALLAD,deterministic_mapping,1.0,N/A (Standard 11 Taxonomy),,MISSING,data/lyrics/RMVM_S_45f790de29.txt,AVAILABLE,,MISSING,,UNVERIFIED,TIER_A,LYRICS_ONLY,train
RMVM_S_9719d44eb2,Ai Chung Tình Bằng Cô Đơn,"Hồ Ngọc Hà, Noo Phước Thịnh",ART_de81b4c77c,POP_BALLAD,deterministic_mapping,1.0,N/A (Standard 11 Taxonomy),,MISSING,data/lyrics/RMVM_S_9719d44eb2.txt,AVAILABLE,,MISSING,,UNVERIFIED,TIER_A,LYRICS_ONLY,train
RMVM_S_6ace39a4ae,Người Thương Ngược Hướng,"Minh Tường, HOA HỒNG DẠI MUSIC",ART_7b4f770100,POP_BALLAD,deterministic_mapping,1.0,N/A (Standard 11 Taxonomy),,MISSING,data/lyrics/RMVM_S_6ace39a4ae.txt,AVAILABLE,,MISSING,,UNVERIFIED,TIER_A,LYRICS_ONLY,train
RMVM_S_ae3704d3ec,Con Đường Mang Tên Em,"Duy Khánh, Hà My",ART_8667f7e262,BOLERO_TRUTINH,deterministic_mapping,1.0,N/A (Standard 11 Taxonomy),,MISSING,data/lyrics/RMVM_S_ae3704d3ec.txt,AVAILABLE,,MISSING,,UNVERIFIED,TIER_A,LYRICS_ONLY,train
RMVM_S_a8e299abe3,Miền Tây Xuân Tình,"Hồng Phượng, Thiện Hảo",ART_d24cd07a7a,POP_BALLAD,deterministic_mapping,1.0,N/A (Standard 11 Taxonomy),,MISSING,data/lyrics/RMVM_S_a8e299abe3.txt,AVAILABLE,,MISSING,,UNVERIFIED,TIER_A,LYRICS_ONLY,train
RMVM_S_d8444a959d,Đừng Vội Hẹn Ước,Jackie Thắng Nguyễn,ART_da9e01006b,POP_BALLAD,deterministic_mapping,1.0,N/A (Standard 11 Taxonomy),,MISSING,data/lyrics/RMVM_S_d8444a959d.txt,AVAILABLE,,MISSING,,UNVERIFIED,TIER_A,LYRICS_ONLY,train
RMVM_S_d10979d067,Bảy Bước Tới Mùa Hè,Đào Líuloo,ART_822c42be8c,POP_BALLAD,deterministic_mapping,1.0,N/A (Standard 11 Taxonomy),,MISSING,data/lyrics/RMVM_S_d10979d067.txt,AVAILABLE,,MISSING,,UNVERIFIED,TIER_A,LYRICS_ONLY,train
RMVM_S_2ecf03b3da,Sau Bao Đêm,"Cú, Ngô Hoàng Hạ",ART_0c15027b5b,POP_BALLAD,deterministic_mapping,1.0,N/A (Standard 11 Taxonomy),,MISSING,data/lyrics/RMVM_S_2ecf03b3da.txt,AVAILABLE,,MISSING,,UNVERIFIED,TIER_A,LYRICS_ONLY,train
RMVM_S_fbcde08ec9,Chẳng Cô Đơn Nhưng Vẫn Một Mình,Diêu Ngọc Bích Trâm,ART_f979775758,POP_BALLAD,deterministic_mapping,1.0,N/A (Standard 11 Taxonomy),,MISSING,data/lyrics/RMVM_S_fbcde08ec9.txt,AVAILABLE,,MISSING,,UNVERIFIED,TIER_A,LYRICS_ONLY,train
RMVM_S_9e22b16976,De Me Bo Mi Cua Em,DANNY COLD,ART_c728855226,POP_BALLAD,deterministic_mapping,1.0,N/A (Standard 11 Taxonomy),,MISSING,data/lyrics/RMVM_S_9e22b16976.txt,AVAILABLE,,MISSING,,UNVERIFIED,TIER_A,LYRICS_ONLY,train
RMVM_S_56d988025f,Mấy Ai Bằng Anh,Keyo,ART_9251fbe5e0,POP_BALLAD,deterministic_mapping,1.0,N/A (Standard 11 Taxonomy),,MISSING,data/lyrics/RMVM_S_56d988025f.txt,AVAILABLE,,MISSING,,UNVERIFIED,TIER_A,LYRICS_ONLY,train
RMVM_S_2694ba8422,Anh Lại Một Mình,Keyo,ART_9251fbe5e0,POP_BALLAD,deterministic_mapping,1.0,N/A (Standard 11 Taxonomy),,MISSING,data/lyrics/RMVM_S_2694ba8422.txt,AVAILABLE,,MISSING,,UNVERIFIED,TIER_A,LYRICS_ONLY,train
RMVM_S_caccc3481f,Hẳn Là Yêu,Keyo,ART_9251fbe5e0,POP_BALLAD,deterministic_mapping,1.0,N/A (Standard 11 Taxonomy),,MISSING,data/lyrics/RMVM_S_caccc3481f.txt,AVAILABLE,,MISSING,,UNVERIFIED,TIER_A,LYRICS_ONLY,train
RMVM_S_830c5903d4,Liệu Có Ngoại Lệ,Keyo,ART_9251fbe5e0,POP_BALLAD,deterministic_mapping,1.0,N/A (Standard 11 Taxonomy),,MISSING,data/lyrics/RMVM_S_830c5903d4.txt,AVAILABLE,,MISSING,,UNVERIFIED,TIER_A,LYRICS_ONLY,train
RMVM_S_ff3b59992c,Cưới Em Thôi,"Tracy Thảo My, YuniBoo",ART_f4d26ac273,POP_BALLAD,deterministic_mapping,1.0,N/A (Standard 11 Taxonomy),,MISSING,data/lyrics/RMVM_S_ff3b59992c.txt,AVAILABLE,,MISSING,,UNVERIFIED,TIER_A,LYRICS_ONLY,train
RMVM_S_cdb8669751,Chịu Em Đi,"Tracy Thảo My, YuniBoo",ART_f4d26ac273,POP_BALLAD,deterministic_mapping,1.0,N/A (Standard 11 Taxonomy),,MISSING,data/lyrics/RMVM_S_cdb8669751.txt,AVAILABLE,,MISSING,,UNVERIFIED,TIER_A,LYRICS_ONLY,train
RMVM_S_1a401be5c1,Thương Lắm Vợ Ơi !!!,Hoàng Ngọc Hải,ART_80edca828c,POP_BALLAD,deterministic_mapping,1.0,N/A (Standard 11 Taxonomy),,MISSING,,MISSING,data/covers/RMVM_S_1a401be5c1.jpg,AVAILABLE,,UNVERIFIED,TIER_A,COVER_ONLY,train
RMVM_S_18d86823c3,Gái xuân & Tình yêu màu nắng,"Myra Trần, BigDaddy",ART_ae3d17e954,POP_BALLAD,deterministic_mapping,1.0,N/A (Standard 11 Taxonomy),,MISSING,data/lyrics/RMVM_S_18d86823c3.txt,AVAILABLE,,MISSING,,UNVERIFIED,TIER_A,LYRICS_ONLY,train
RMVM_S_9563c364b1,Mùa Xuân Cưới Em (Disco),"Thanh Vinh, Hồng Quyên, CT",ART_f9e20e466d,BOLERO_TRUTINH,deterministic_mapping,1.0,N/A (Standard 11 Taxonomy),,MISSING,,MISSING,data/covers/RMVM_S_9563c364b1.jpg,AVAILABLE,,UNVERIFIED,TIER_A,COVER_ONLY,train
RMVM_S_e2a87114e9,Miền Trung Thương Nhớ,Vân Khánh,ART_fdc4292814,BOLERO_TRUTINH,deterministic_mapping,1.0,N/A (Standard 11 Taxonomy),,MISSING,data/lyrics/RMVM_S_e2a87114e9.txt,AVAILABLE,,MISSING,,UNVERIFIED,TIER_A,LYRICS_ONLY,train
RMVM_S_7eb8d6c378,Chiều Mưa Vĩ Dạ,Vân Khánh,ART_fdc4292814,FOLK_TRADITIONAL,deterministic_mapping,1.0,N/A (Standard 11 Taxonomy),,MISSING,data/lyrics/RMVM_S_7eb8d6c378.txt,AVAILABLE,,MISSING,,UNVERIFIED,TIER_A,LYRICS_ONLY,train
RMVM_S_140940b388,Dòng Sông Ai Đã Đặt Tên,Vân Khánh,ART_fdc4292814,POP_BALLAD,deterministic_mapping,1.0,N/A (Standard 11 Taxonomy),,MISSING,data/lyrics/RMVM_S_140940b388.txt,AVAILABLE,,MISSING,,UNVERIFIED,TIER_A,LYRICS_ONLY,train
RMVM_S_704bcecde0,Người Giỏi Chăn Nuôi,Vân Khánh,ART_fdc4292814,FOLK_TRADITIONAL,artist_discography_verification,0.85,N/A (Standard 11 Taxonomy),,MISSING,data/lyrics/RMVM_S_704bcecde0.txt,AVAILABLE,,MISSING,,UNVERIFIED,TIER_B,LYRICS_ONLY,train
RMVM_S_a6c5f161bf,Gái Huế Chồng Xa,Vân Khánh,ART_fdc4292814,BOLERO_TRUTINH,deterministic_mapping,1.0,N/A (Standard 11 Taxonomy),,MISSING,data/lyrics/RMVM_S_a6c5f161bf.txt,AVAILABLE,,MISSING,,UNVERIFIED,TIER_A,LYRICS_ONLY,train
RMVM_S_580d258014,Đánh Mất Niềm Vui,Vân Khánh,ART_fdc4292814,FOLK_TRADITIONAL,artist_discography_verification,0.85,N/A (Standard 11 Taxonomy),,MISSING,data/lyrics/RMVM_S_580d258014.txt,AVAILABLE,,MISSING,,UNVERIFIED,TIER_B,LYRICS_ONLY,train
RMVM_S_ec641381ae,Huế Ngày Trờ Về,Vân Khánh,ART_fdc4292814,FOLK_TRADITIONAL,deterministic_mapping,1.0,N/A (Standard 11 Taxonomy),,MISSING,data/lyrics/RMVM_S_ec641381ae.txt,AVAILABLE,,MISSING,,UNVERIFIED,TIER_A,LYRICS_ONLY,train
RMVM_S_e20d399330,Biển Thắm Tình Xanh,Vân Khánh,ART_fdc4292814,FOLK_TRADITIONAL,artist_discography_verification,0.85,N/A (Standard 11 Taxonomy),,MISSING,data/lyrics/RMVM_S_e20d399330.txt,AVAILABLE,,MISSING,,UNVERIFIED,TIER_B,LYRICS_ONLY,train
RMVM_MB_7839598bd4,Đêm phương nam nghe câu hò Huế,Vân Khánh,ART_fdc4292814,FOLK_TRADITIONAL,musicbrainz_artist_discography,0.85,N/A (Standard 11 Taxonomy),,MISSING,,MISSING,,MISSING,2007.0,VERIFIED,TIER_B,NO_PHYSICAL_MODALITY,train
RMVM_MB_4c0da85a50,Tóc mây,Vân Khánh,ART_fdc4292814,FOLK_TRADITIONAL,musicbrainz_artist_discography,0.85,N/A (Standard 11 Taxonomy),,MISSING,,MISSING,,MISSING,,UNVERIFIED,TIER_B,NO_PHYSICAL_MODALITY,train
RMVM_MB_a04ebf7dcd,Trống vắng,Vân Khánh,ART_fdc4292814,FOLK_TRADITIONAL,musicbrainz_artist_discography,0.85,N/A (Standard 11 Taxonomy),,MISSING,,MISSING,,MISSING,,UNVERIFIED,TIER_B,NO_PHYSICAL_MODALITY,train
RMVM_MB_f68d369c11,Biển cạn,Vân Khánh,ART_fdc4292814,FOLK_TRADITIONAL,musicbrainz_artist_discography,0.85,N/A (Standard 11 Taxonomy),,MISSING,,MISSING,,MISSING,,UNVERIFIED,TIER_B,NO_PHYSICAL_MODALITY,train
RMVM_MB_4d6e2094d1,Sóng về đâu,Vân Khánh,ART_fdc4292814,FOLK_TRADITIONAL,musicbrainz_artist_discography,0.85,N/A (Standard 11 Taxonomy),,MISSING,,MISSING,,MISSING,,UNVERIFIED,TIER_B,NO_PHYSICAL_MODALITY,train
RMVM_MB_1ab8ca796d,Có khi nào,Vân Khánh,ART_fdc4292814,FOLK_TRADITIONAL,musicbrainz_artist_discography,0.85,N/A (Standard 11 Taxonomy),,MISSING,,MISSING,,MISSING,,UNVERIFIED,TIER_B,NO_PHYSICAL_MODALITY,train
RMVM_MB_048eeb1c5d,Trái tim lầm lỡ,Vân Khánh,ART_fdc4292814,FOLK_TRADITIONAL,musicbrainz_artist_discography,0.85,N/A (Standard 11 Taxonomy),,MISSING,,MISSING,,MISSING,,UNVERIFIED,TIER_B,NO_PHYSICAL_MODALITY,train
RMVM_MB_3073bd6084,Tình sử Huyền Trân,Vân Khánh,ART_fdc4292814,FOLK_TRADITIONAL,musicbrainz_artist_discography,0.85,N/A (Standard 11 Taxonomy),,MISSING,,MISSING,,MISSING,2008.0,VERIFIED,TIER_B,NO_PHYSICAL_MODALITY,train
RMVM_S_c71739be4c,Có Yêu Được Không (Zeke Remix),"Võ Lê Mi, Jin Tuấn Nam, HHD",ART_f6fafd8fab,POP_BALLAD,deterministic_mapping,1.0,N/A (Standard 11 Taxonomy),,MISSING,data/lyrics/RMVM_S_c71739be4c.txt,AVAILABLE,,MISSING,,UNVERIFIED,TIER_A,LYRICS_ONLY,train
RMVM_S_5694596c86,Ngày Anh Buồn Nhất,"Đạt PT, Quân Táo, MVN",ART_fe57afe9d1,POP_BALLAD,deterministic_mapping,1.0,N/A (Standard 11 Taxonomy),,MISSING,data/lyrics/RMVM_S_5694596c86.txt,AVAILABLE,,MISSING,,UNVERIFIED,TIER_A,LYRICS_ONLY,train
RMVM_S_5fbb07f826,Vì Em Điện,"Phúc Du, Xuân Ca, Kriss Ngo",ART_c440c6c9b4,RAP_HIPHOP,deterministic_mapping,1.0,N/A (Standard 11 Taxonomy),,MISSING,data/lyrics/RMVM_S_5fbb07f826.txt,AVAILABLE,,MISSING,,UNVERIFIED,TIER_A,LYRICS_ONLY,train
RMVM_S_62f70c080d,Ai Nói Dối Nhận Đi,Lưu Hiền Trinh,ART_2269de5377,POP_BALLAD,deterministic_mapping,1.0,N/A (Standard 11 Taxonomy),,MISSING,data/lyrics/RMVM_S_62f70c080d.txt,AVAILABLE,,MISSING,,UNVERIFIED,TIER_A,LYRICS_ONLY,train
RMVM_S_478af06679,Vết Tình (Remix),Minh Tùng,ART_eb2f0eadf2,POP_BALLAD,deterministic_mapping,1.0,N/A (Standard 11 Taxonomy),,MISSING,data/lyrics/RMVM_S_478af06679.txt,AVAILABLE,,MISSING,,UNVERIFIED,TIER_A,LYRICS_ONLY,train
RMVM_MB_647acddcc3,Freak Stepper,Parasite,ART_d034010438,ROCK,musicbrainz_artist_discography,0.85,N/A (Standard 11 Taxonomy),,MISSING,,MISSING,,MISSING,2003.0,VERIFIED,TIER_B,NO_PHYSICAL_MODALITY,train
RMVM_MB_e997b78478,Satanic Fever,Parasite,ART_d034010438,ROCK,musicbrainz_artist_discography,0.85,N/A (Standard 11 Taxonomy),,MISSING,,MISSING,,MISSING,2021.0,VERIFIED,TIER_B,NO_PHYSICAL_MODALITY,train
RMVM_MB_0295b88980,Toxic Incense,Parasite,ART_d034010438,ROCK,musicbrainz_artist_discography,0.85,N/A (Standard 11 Taxonomy),,MISSING,,MISSING,,MISSING,2023.0,VERIFIED,TIER_B,NO_PHYSICAL_MODALITY,train
RMVM_MB_e0af30fa68,"Money, Money, Money",Parasite,ART_d034010438,ROCK,musicbrainz_artist_discography,0.85,N/A (Standard 11 Taxonomy),,MISSING,,MISSING,,MISSING,2000.0,VERIFIED,TIER_B,NO_PHYSICAL_MODALITY,train
RMVM_MB_c058c051cb,Untitled,Parasite,ART_d034010438,ROCK,musicbrainz_artist_discography,0.85,N/A (Standard 11 Taxonomy),,MISSING,,MISSING,,MISSING,2000.0,VERIFIED,TIER_B,NO_PHYSICAL_MODALITY,train
RMVM_MB_e6ff0b2e7f,Big Up Yourself (Monkey Steak remix),Parasite,ART_d034010438,ROCK,musicbrainz_artist_discography,0.85,N/A (Standard 11 Taxonomy),,MISSING,,MISSING,,MISSING,2005.0,VERIFIED,TIER_B,NO_PHYSICAL_MODALITY,train
RMVM_MB_bd326ed0bc,Steelworkers of Lucifer,Parasite,ART_d034010438,ROCK,musicbrainz_artist_discography,0.85,N/A (Standard 11 Taxonomy),,MISSING,,MISSING,,MISSING,2021.0,VERIFIED,TIER_B,NO_PHYSICAL_MODALITY,train
RMVM_MB_2cebe81160,1911 Black Terror Metal,Parasite,ART_d034010438,ROCK,musicbrainz_artist_discography,0.85,N/A (Standard 11 Taxonomy),,MISSING,,MISSING,,MISSING,2021.0,VERIFIED,TIER_B,NO_PHYSICAL_MODALITY,train
RMVM_MB_c01ad9ccde,Là Con Gái Phải Xinh,Kimmese,ART_9b77c3bf9e,RB_SOUL,musicbrainz_artist_discography,0.85,N/A (Standard 11 Taxonomy),,MISSING,,MISSING,,MISSING,2017.0,VERIFIED,TIER_B,NO_PHYSICAL_MODALITY,train
RMVM_MB_ed59096c91,Fall in Love (chill version),Kimmese,ART_9b77c3bf9e,RB_SOUL,musicbrainz_artist_discography,0.85,N/A (Standard 11 Taxonomy),,MISSING,,MISSING,,MISSING,2018.0,VERIFIED,TIER_B,NO_PHYSICAL_MODALITY,train
RMVM_MB_2ebeae1701,Fall in Love,Kimmese,ART_9b77c3bf9e,RB_SOUL,musicbrainz_artist_discography,0.85,N/A (Standard 11 Taxonomy),,MISSING,,MISSING,,MISSING,2018.0,VERIFIED,TIER_B,NO_PHYSICAL_MODALITY,train
RMVM_MB_1b42eb6748,thật tình,Kimmese,ART_9b77c3bf9e,RB_SOUL,musicbrainz_artist_discography,0.85,N/A (Standard 11 Taxonomy),,MISSING,,MISSING,,MISSING,2023.0,VERIFIED,TIER_B,NO_PHYSICAL_MODALITY,train
RMVM_MB_fee2002ef6,Confidence (How to Suck but Make People Think You Are Great),Kimmese,ART_9b77c3bf9e,RB_SOUL,musicbrainz_artist_discography,0.85,N/A (Standard 11 Taxonomy),,MISSING,,MISSING,,MISSING,2016.0,VERIFIED,TIER_B,NO_PHYSICAL_MODALITY,train
RMVM_MB_2f2a09ffe7,Ghé Thăm,Kimmese,ART_9b77c3bf9e,RB_SOUL,musicbrainz_artist_discography,0.85,N/A (Standard 11 Taxonomy),,MISSING,,MISSING,,MISSING,2016.0,VERIFIED,TIER_B,NO_PHYSICAL_MODALITY,train
RMVM_MB_63807320a7,Chỉ Cần Em Muốn,Kimmese,ART_9b77c3bf9e,RB_SOUL,musicbrainz_artist_discography,0.85,N/A (Standard 11 Taxonomy),,MISSING,,MISSING,,MISSING,2026.0,VERIFIED,TIER_B,NO_PHYSICAL_MODALITY,train
RMVM_MB_968cfd41fc,One Shot,Kimmese,ART_9b77c3bf9e,RB_SOUL,musicbrainz_artist_discography,0.85,N/A (Standard 11 Taxonomy),,MISSING,,MISSING,,MISSING,2026.0,VERIFIED,TIER_B,NO_PHYSICAL_MODALITY,train
RMVM_S_daa6181175,Vợ Chồng Quê,"Ái Vân, Elvis Phương",ART_ae22c37494,INSTRUMENTAL,source_tag_verification,0.85,N/A (Standard 11 Taxonomy),,MISSING,data/lyrics/RMVM_S_daa6181175.txt,AVAILABLE,,MISSING,,UNVERIFIED,TIER_B,LYRICS_ONLY,train
RMVM_S_9d41980ac2,LK: Gửi Gió Cho Mây Ngàn Bay,"Ái Vân, Elvis Phương",ART_ae22c37494,BOLERO_TRUTINH,deterministic_mapping,1.0,N/A (Standard 11 Taxonomy),,MISSING,data/lyrics/RMVM_S_9d41980ac2.txt,AVAILABLE,,MISSING,,UNVERIFIED,TIER_A,LYRICS_ONLY,train
RMVM_S_df7d68e25e,Suối Tóc,"Ái Vân, Elvis Phương",ART_ae22c37494,BOLERO_TRUTINH,deterministic_mapping,1.0,N/A (Standard 11 Taxonomy),,MISSING,data/lyrics/RMVM_S_df7d68e25e.txt,AVAILABLE,,MISSING,,UNVERIFIED,TIER_A,LYRICS_ONLY,train
RMVM_S_160bb09f05,Bài Ca Sao,"Ái Vân, Elvis Phương",ART_ae22c37494,INSTRUMENTAL,source_tag_verification,0.85,N/A (Standard 11 Taxonomy),,MISSING,data/lyrics/RMVM_S_160bb09f05.txt,AVAILABLE,,MISSING,,UNVERIFIED,TIER_B,LYRICS_ONLY,train
RMVM_S_f171faeeb6,Cố Giữ Được Không,"Nam Anh, NH4T",ART_046729c635,POP_BALLAD,deterministic_mapping,1.0,N/A (Standard 11 Taxonomy),,MISSING,data/lyrics/RMVM_S_f171faeeb6.txt,AVAILABLE,,MISSING,,UNVERIFIED,TIER_A,LYRICS_ONLY,train
RMVM_S_b663a2bb97,Chẳng Thể Sống Thiếu Em (Lofi Version),"Kalee Hoàng, Cường",ART_89be08b62b,POP_BALLAD,deterministic_mapping,1.0,N/A (Standard 11 Taxonomy),,MISSING,data/lyrics/RMVM_S_b663a2bb97.txt,AVAILABLE,,MISSING,,UNVERIFIED,TIER_A,LYRICS_ONLY,train
RMVM_S_70d4d2572b,Trong Vai Người Lạ,"DICKSON, Trung Ngon",ART_024679d7a0,POP_BALLAD,deterministic_mapping,1.0,N/A (Standard 11 Taxonomy),,MISSING,data/lyrics/RMVM_S_70d4d2572b.txt,AVAILABLE,data/covers/RMVM_S_70d4d2572b.jpg,AVAILABLE,,UNVERIFIED,TIER_A,LYRICS_COVER,train
RMVM_S_3d87b8f532,Người Hãy Nói Đi Người Ơi,Nhật Huy,ART_804a4dd778,POP_BALLAD,deterministic_mapping,1.0,N/A (Standard 11 Taxonomy),,MISSING,data/lyrics/RMVM_S_3d87b8f532.txt,AVAILABLE,,MISSING,,UNVERIFIED,TIER_A,LYRICS_ONLY,train
RMVM_S_85b8c4cf4c,Người Thương Kẻ Nhớ,Diệp Hoài Ngọc,ART_e7a9035f07,BOLERO_TRUTINH,deterministic_mapping,1.0,N/A (Standard 11 Taxonomy),,MISSING,data/lyrics/RMVM_S_85b8c4cf4c.txt,AVAILABLE,,MISSING,,UNVERIFIED,TIER_A,LYRICS_ONLY,train
RMVM_S_e2ba3d3139,Xây Lũy Xây Thành,Diệp Hoài Ngọc,ART_e7a9035f07,BOLERO_TRUTINH,deterministic_mapping,1.0,N/A (Standard 11 Taxonomy),,MISSING,data/lyrics/RMVM_S_e2ba3d3139.txt,AVAILABLE,,MISSING,,UNVERIFIED,TIER_A,LYRICS_ONLY,train
RMVM_S_d053e49642,Chợt Buồn Nghe Tiếng Ễnh Ương,Diệp Hoài Ngọc,ART_e7a9035f07,BOLERO_TRUTINH,deterministic_mapping,1.0,N/A (Standard 11 Taxonomy),,MISSING,data/lyrics/RMVM_S_d053e49642.txt,AVAILABLE,,MISSING,,UNVERIFIED,TIER_A,LYRICS_ONLY,train
RMVM_S_25180bae1b,"Tay Trái Chỉ Trăng, Tay Phải Uống Trà",Hà Nhi,ART_294fedde83,POP_BALLAD,deterministic_mapping,1.0,N/A (Standard 11 Taxonomy),,MISSING,data/lyrics/RMVM_S_25180bae1b.txt,AVAILABLE,,MISSING,,UNVERIFIED,TIER_A,LYRICS_ONLY,train
RMVM_S_35b151f22b,Dĩ Vãng Nhạt Nhòa (Cover),Hà Nhi,ART_294fedde83,POP_BALLAD,deterministic_mapping,1.0,N/A (Standard 11 Taxonomy),,MISSING,data/lyrics/RMVM_S_35b151f22b.txt,AVAILABLE,,MISSING,,UNVERIFIED,TIER_A,LYRICS_ONLY,train
RMVM_S_30ec8c65d2,Chuyện Tình Hôm Qua,Hà Nhi,ART_294fedde83,POP_BALLAD,deterministic_mapping,1.0,N/A (Standard 11 Taxonomy),,MISSING,data/lyrics/RMVM_S_30ec8c65d2.txt,AVAILABLE,,MISSING,,UNVERIFIED,TIER_A,LYRICS_ONLY,train
RMVM_S_9f115b57d1,Bước Qua Tổn Thương Có Dễ Dàng,Hà Nhi,ART_294fedde83,POP_BALLAD,deterministic_mapping,1.0,N/A (Standard 11 Taxonomy),,MISSING,data/lyrics/RMVM_S_9f115b57d1.txt,AVAILABLE,,MISSING,,UNVERIFIED,TIER_A,LYRICS_ONLY,train
RMVM_S_032d5947a1,Không Nên Thật Lòng,Hà Nhi,ART_294fedde83,POP_BALLAD,deterministic_mapping,1.0,N/A (Standard 11 Taxonomy),,MISSING,data/lyrics/RMVM_S_032d5947a1.txt,AVAILABLE,,MISSING,,UNVERIFIED,TIER_A,LYRICS_ONLY,train
RMVM_S_f78b61f24e,Toại Nguyện,Trương Đình Phong,ART_5ab81df982,POP_BALLAD,deterministic_mapping,1.0,N/A (Standard 11 Taxonomy),,MISSING,data/lyrics/RMVM_S_f78b61f24e.txt,AVAILABLE,,MISSING,,UNVERIFIED,TIER_A,LYRICS_ONLY,train
RMVM_S_5b9bbb6a3b,Hãy Thật Lòng Với Tình Yêu,Trương Đình Phong,ART_5ab81df982,POP_BALLAD,deterministic_mapping,1.0,N/A (Standard 11 Taxonomy),,MISSING,data/lyrics/RMVM_S_5b9bbb6a3b.txt,AVAILABLE,,MISSING,,UNVERIFIED,TIER_A,LYRICS_ONLY,train
RMVM_S_9c495a6622,Biết Làm Sao Quên,Trương Đình Phong,ART_5ab81df982,POP_BALLAD,deterministic_mapping,1.0,N/A (Standard 11 Taxonomy),,MISSING,data/lyrics/RMVM_S_9c495a6622.txt,AVAILABLE,,MISSING,,UNVERIFIED,TIER_A,LYRICS_ONLY,train
RMVM_S_b1291a9fd4,Muốn Làm Lại Người Tốt,Trương Đình Phong,ART_5ab81df982,POP_BALLAD,deterministic_mapping,1.0,N/A (Standard 11 Taxonomy),,MISSING,data/lyrics/RMVM_S_b1291a9fd4.txt,AVAILABLE,,MISSING,,UNVERIFIED,TIER_A,LYRICS_ONLY,train
RMVM_S_17f6cfab6f,Hai Lối Sống Một Tình Yêu,Trương Đình Phong,ART_5ab81df982,POP_BALLAD,deterministic_mapping,1.0,N/A (Standard 11 Taxonomy),,MISSING,data/lyrics/RMVM_S_17f6cfab6f.txt,AVAILABLE,,MISSING,,UNVERIFIED,TIER_A,LYRICS_ONLY,train
RMVM_S_e73b22118a,Còn Có Anh,"Khang Việt, Mạnh Quân",ART_91f4eeb9f5,POP_BALLAD,deterministic_mapping,1.0,N/A (Standard 11 Taxonomy),,MISSING,data/lyrics/RMVM_S_e73b22118a.txt,AVAILABLE,,MISSING,,UNVERIFIED,TIER_A,LYRICS_ONLY,train
RMVM_S_3b2d8281b0,Tình Sầu,Avin Lu,ART_9c382b0200,POP_BALLAD,deterministic_mapping,1.0,N/A (Standard 11 Taxonomy),,MISSING,,MISSING,data/covers/RMVM_S_3b2d8281b0.jpg,AVAILABLE,,UNVERIFIED,TIER_A,COVER_ONLY,train
RMVM_S_4d68f8ac41,Đường Một Chiều (Cover),Avin Lu,ART_9c382b0200,POP_BALLAD,deterministic_mapping,1.0,N/A (Standard 11 Taxonomy),,MISSING,data/lyrics/RMVM_S_4d68f8ac41.txt,AVAILABLE,data/covers/RMVM_S_4d68f8ac41.jpg,AVAILABLE,,UNVERIFIED,TIER_A,LYRICS_COVER,train
RMVM_S_f41c739bac,Hôm Nay Mùa Xuân (Sài Gòn Trong Cơn Mưa OST),Avin Lu,ART_9c382b0200,POP_BALLAD,deterministic_mapping,1.0,N/A (Standard 11 Taxonomy),,MISSING,data/lyrics/RMVM_S_f41c739bac.txt,AVAILABLE,,MISSING,,UNVERIFIED,TIER_A,LYRICS_ONLY,train
RMVM_S_67315a3728,Đêm Giao Thừa Tĩnh Lặng (The Silent NY’s Eve),Phạm Mai Anh,ART_6f59ee90b3,POP_BALLAD,deterministic_mapping,1.0,N/A (Standard 11 Taxonomy),,MISSING,data/lyrics/RMVM_S_67315a3728.txt,AVAILABLE,,MISSING,,UNVERIFIED,TIER_A,LYRICS_ONLY,train
RMVM_S_cff6e183cc,Để Dành Giấc Mơ,Thiên Nam,ART_e852ced6ad,POP_BALLAD,deterministic_mapping,1.0,N/A (Standard 11 Taxonomy),,MISSING,data/lyrics/RMVM_S_cff6e183cc.txt,AVAILABLE,,MISSING,,UNVERIFIED,TIER_A,LYRICS_ONLY,train
RMVM_S_7bd16e5bfe,999 Đóa Hồng (Remix),Khương Hùng,ART_d9a708568a,POP_BALLAD,deterministic_mapping,1.0,N/A (Standard 11 Taxonomy),,MISSING,data/lyrics/RMVM_S_7bd16e5bfe.txt,AVAILABLE,,MISSING,,UNVERIFIED,TIER_A,LYRICS_ONLY,train
RMVM_S_f59ab74440,Đời Vẫn Buồn Xót Xa,Hương Thơ,ART_bd18ccc8e3,POP_BALLAD,deterministic_mapping,1.0,N/A (Standard 11 Taxonomy),,MISSING,data/lyrics/RMVM_S_f59ab74440.txt,AVAILABLE,,MISSING,,UNVERIFIED,TIER_A,LYRICS_ONLY,train
RMVM_S_481cea4d63,Đành Để Em Đi,TBEAR,ART_ee7526ad6a,POP_BALLAD,deterministic_mapping,1.0,N/A (Standard 11 Taxonomy),,MISSING,,MISSING,data/covers/RMVM_S_481cea4d63.jpg,AVAILABLE,,UNVERIFIED,TIER_A,COVER_ONLY,train
RMVM_S_9244701544,Anh Sáu Về Quê (Cha Cha Cha),"Văn Hương, Thùy Dương, CT",ART_57b5803fc1,BOLERO_TRUTINH,deterministic_mapping,1.0,N/A (Standard 11 Taxonomy),,MISSING,,MISSING,data/covers/RMVM_S_9244701544.jpg,AVAILABLE,,UNVERIFIED,TIER_A,COVER_ONLY,train
RMVM_S_f4b75d30f2,Nếm Lấy Trái Đắng,"Sona, G5R Squad",ART_a175af1020,POP_BALLAD,deterministic_mapping,1.0,N/A (Standard 11 Taxonomy),,MISSING,data/lyrics/RMVM_S_f4b75d30f2.txt,AVAILABLE,,MISSING,,UNVERIFIED,TIER_A,LYRICS_ONLY,train
RMVM_MB_3a25bc6a29,Dạ khúc,Cẩm Vân,ART_9f811a153f,NHAC_TRINH,musicbrainz_artist_discography,0.85,N/A (Standard 11 Taxonomy),,MISSING,,MISSING,,MISSING,1996.0,VERIFIED,TIER_B,NO_PHYSICAL_MODALITY,train
RMVM_MB_87b3c61db6,Xin làm người hát rong,Cẩm Vân,ART_9f811a153f,NHAC_TRINH,musicbrainz_artist_discography,0.85,N/A (Standard 11 Taxonomy),,MISSING,,MISSING,,MISSING,2001.0,VERIFIED,TIER_B,NO_PHYSICAL_MODALITY,train
RMVM_MB_b86d2603b3,Thành phố tình yêu và nỗi nhớ (karaoke),Cẩm Vân,ART_9f811a153f,NHAC_TRINH,musicbrainz_artist_discography,0.85,N/A (Standard 11 Taxonomy),,MISSING,,MISSING,,MISSING,,UNVERIFIED,TIER_B,NO_PHYSICAL_MODALITY,train
RMVM_MB_139b0931ad,Mùa xuân,Cẩm Vân,ART_9f811a153f,NHAC_TRINH,musicbrainz_artist_discography,0.85,N/A (Standard 11 Taxonomy),,MISSING,,MISSING,,MISSING,,UNVERIFIED,TIER_B,NO_PHYSICAL_MODALITY,train
RMVM_MB_1ffd453bda,Khi yêu xin chớ biệt ly,Cẩm Vân,ART_9f811a153f,NHAC_TRINH,musicbrainz_artist_discography,0.85,N/A (Standard 11 Taxonomy),,MISSING,,MISSING,,MISSING,1998.0,VERIFIED,TIER_B,NO_PHYSICAL_MODALITY,train
RMVM_MB_b527bf49aa,Huyền thoại mẹ,Cẩm Vân,ART_9f811a153f,NHAC_TRINH,musicbrainz_artist_discography,0.85,N/A (Standard 11 Taxonomy),,MISSING,,MISSING,,MISSING,2007.0,VERIFIED,TIER_B,NO_PHYSICAL_MODALITY,train
RMVM_MB_644eb454d5,Hà Nội mùa vắng những cơn mưa,Cẩm Vân,ART_9f811a153f,NHAC_TRINH,musicbrainz_artist_discography,0.85,N/A (Standard 11 Taxonomy),,MISSING,,MISSING,,MISSING,1998.0,VERIFIED,TIER_B,NO_PHYSICAL_MODALITY,train
RMVM_MB_9780e01e8f,Nửa đời phóng đãng,Cẩm Vân,ART_9f811a153f,NHAC_TRINH,musicbrainz_artist_discography,0.85,N/A (Standard 11 Taxonomy),,MISSING,,MISSING,,MISSING,1998.0,VERIFIED,TIER_B,NO_PHYSICAL_MODALITY,train
RMVM_S_ce7c2b9aea,Liên Hoa,Con Gái Của Bụt,ART_c2c55113a9,OTHER,curated_out_of_taxonomy,0.9,Religious / Sacred spiritual Vietnamese music,,MISSING,,MISSING,,MISSING,,UNVERIFIED,TIER_B,NO_PHYSICAL_MODALITY,train
RMVM_S_53b8a7533d,Thanh Xuân,"Andy Vũ, Phaos, Lăng LD",ART_8fcb89b222,POP_BALLAD,deterministic_mapping,1.0,N/A (Standard 11 Taxonomy),,MISSING,data/lyrics/RMVM_S_53b8a7533d.txt,AVAILABLE,,MISSING,,UNVERIFIED,TIER_A,LYRICS_ONLY,train
RMVM_S_289645f689,Chú Rể Không Là Anh,"Dư Anh, Phương Bích Thảo",ART_06a9268f66,BOLERO_TRUTINH,deterministic_mapping,1.0,N/A (Standard 11 Taxonomy),,MISSING,data/lyrics/RMVM_S_289645f689.txt,AVAILABLE,,MISSING,,UNVERIFIED,TIER_A,LYRICS_ONLY,train
RMVM_S_cc054e0796,Lỡ Hẹn Với Dòng Lam (Remix Vinahouse),Trịnh Nam Phương,ART_5da6f1164f,DANCE_EDM,deterministic_mapping,1.0,N/A (Standard 11 Taxonomy),,MISSING,data/lyrics/RMVM_S_cc054e0796.txt,AVAILABLE,,MISSING,,UNVERIFIED,TIER_A,LYRICS_ONLY,train
RMVM_S_596bc69bcc,Chúng Con Mãi Nhớ Ơn Thầy,Trịnh Nam Phương,ART_5da6f1164f,OTHER,curated_out_of_taxonomy,0.9,Religious / Sacred spiritual Vietnamese music,,MISSING,,MISSING,,MISSING,,UNVERIFIED,TIER_B,NO_PHYSICAL_MODALITY,train
RMVM_S_41ff0c227e,Khúc Nhạc Buồn (Live Version),Tô Chấn Phong,ART_cd9db6064a,POP_BALLAD,deterministic_mapping,0.85,N/A (Standard 11 Taxonomy),,MISSING,,MISSING,,MISSING,,UNVERIFIED,TIER_B,NO_PHYSICAL_MODALITY,train
RMVM_S_9d7077b59a,Mẹ Ơi Con Là Ai,Trịnh Bảo Nam,ART_ba9343ca06,POP_BALLAD,deterministic_mapping,1.0,N/A (Standard 11 Taxonomy),,MISSING,data/lyrics/RMVM_S_9d7077b59a.txt,AVAILABLE,,MISSING,,UNVERIFIED,TIER_A,LYRICS_ONLY,train
RMVM_S_e6d764658f,Chiều Xuân - Thì Thầm Mùa Xuân,"Various Artists, Lê Trần Media",ART_2fa89a92e3,POP_BALLAD,deterministic_mapping,1.0,N/A (Standard 11 Taxonomy),,MISSING,data/lyrics/RMVM_S_e6d764658f.txt,AVAILABLE,,MISSING,,UNVERIFIED,TIER_A,LYRICS_ONLY,train
RMVM_S_9bec48822c,nếu một mai tôi bay lên trời (Colours Version),"Hứa Kim Tuyền, Trúc Nhân",ART_9656421521,POP_BALLAD,deterministic_mapping,1.0,N/A (Standard 11 Taxonomy),,MISSING,data/lyrics/RMVM_S_9bec48822c.txt,AVAILABLE,,MISSING,,UNVERIFIED,TIER_A,LYRICS_ONLY,train
RMVM_S_98c4e418ba,Cô Nàng Đỏng Đảnh,"Lưu Ánh Loan, Trường Sơn",ART_4456b018dc,POP_BALLAD,deterministic_mapping,1.0,N/A (Standard 11 Taxonomy),,MISSING,data/lyrics/RMVM_S_98c4e418ba.txt,AVAILABLE,,MISSING,,UNVERIFIED,TIER_A,LYRICS_ONLY,train
RMVM_MB_b2ec1bf641,Vì (Special Music Night Ver),Marzuz,ART_76981b9616,RB_SOUL,musicbrainz_artist_discography,0.85,N/A (Standard 11 Taxonomy),,MISSING,,MISSING,,MISSING,2024.0,VERIFIED,TIER_B,NO_PHYSICAL_MODALITY,train
RMVM_MB_c9396c8e9f,Và Thế Giới Đã Mất Đi Một Người Cô Đơn,Marzuz,ART_76981b9616,RB_SOUL,musicbrainz_artist_discography,0.85,N/A (Standard 11 Taxonomy),,MISSING,,MISSING,,MISSING,2024.0,VERIFIED,TIER_B,NO_PHYSICAL_MODALITY,train
RMVM_MB_335d3204bf,Baby,Marzuz,ART_76981b9616,RB_SOUL,musicbrainz_artist_discography,0.85,N/A (Standard 11 Taxonomy),,MISSING,,MISSING,,MISSING,2026.0,VERIFIED,TIER_B,NO_PHYSICAL_MODALITY,train
RMVM_MB_4ef42a5c11,Yêu,Marzuz,ART_76981b9616,RB_SOUL,musicbrainz_artist_discography,0.85,N/A (Standard 11 Taxonomy),,MISSING,,MISSING,,MISSING,2024.0,VERIFIED,TIER_B,NO_PHYSICAL_MODALITY,train
RMVM_S_b01bc1bb54,Gặp Em Lúc Tan Vỡ,Trung Quân,ART_80dddb714b,POP_BALLAD,deterministic_mapping,1.0,N/A (Standard 11 Taxonomy),,MISSING,data/lyrics/RMVM_S_b01bc1bb54.txt,AVAILABLE,,MISSING,,UNVERIFIED,TIER_A,LYRICS_ONLY,train
RMVM_S_4015d6934e,"Anh Vẫn Vậy, Em Đổi Thay",Trung Quân,ART_80dddb714b,POP_BALLAD,deterministic_mapping,1.0,N/A (Standard 11 Taxonomy),,MISSING,data/lyrics/RMVM_S_4015d6934e.txt,AVAILABLE,,MISSING,,UNVERIFIED,TIER_A,LYRICS_ONLY,train
RMVM_S_3d1eac3dfb,"Khó Có Được Người (From ""Dickson Acoustic"")",DICKSON,ART_2154f28665,POP_BALLAD,deterministic_mapping,1.0,N/A (Standard 11 Taxonomy),,MISSING,data/lyrics/RMVM_S_3d1eac3dfb.txt,AVAILABLE,,MISSING,,UNVERIFIED,TIER_A,LYRICS_ONLY,train
RMVM_S_f82617708c,Trích Đoạn Những Đứa Con Của Mẹ,"Vọng Cổ Việt Nam, Võ Ngọc Quyền, Lê Minh Hảo",ART_fe574e7389,POP_BALLAD,deterministic_mapping,1.0,N/A (Standard 11 Taxonomy),,MISSING,,MISSING,,MISSING,,UNVERIFIED,TIER_A,NO_PHYSICAL_MODALITY,train
RMVM_S_16458096b1,Có Em Đây,"JayM, DIEN, Tú Na",ART_bd71de1662,RAP_HIPHOP,deterministic_mapping,1.0,N/A (Standard 11 Taxonomy),,MISSING,data/lyrics/RMVM_S_16458096b1.txt,AVAILABLE,data/covers/RMVM_S_16458096b1.jpg,AVAILABLE,,UNVERIFIED,TIER_A,LYRICS_COVER,train
RMVM_S_75acda47aa,Ngoài Anh Ra Không Còn Ai Khác Đâu,"Tronie Ngô, 1DEE",ART_3d00d58385,DANCE_EDM,deterministic_mapping,1.0,N/A (Standard 11 Taxonomy),,MISSING,data/lyrics/RMVM_S_75acda47aa.txt,AVAILABLE,,MISSING,,UNVERIFIED,TIER_A,LYRICS_ONLY,train
RMVM_S_7317d1631d,Vội Vàng Đến Bên Nhau,Nguyên Trung,ART_739ad6f994,POP_BALLAD,deterministic_mapping,1.0,N/A (Standard 11 Taxonomy),,MISSING,data/lyrics/RMVM_S_7317d1631d.txt,AVAILABLE,,MISSING,,UNVERIFIED,TIER_A,LYRICS_ONLY,train
RMVM_S_4051349fe4,Chuyến Tàu Của Thanh Xuân,Xuân Định K.Y,ART_16cf4c2d35,POP_BALLAD,deterministic_mapping,1.0,N/A (Standard 11 Taxonomy),,MISSING,data/lyrics/RMVM_S_4051349fe4.txt,AVAILABLE,,MISSING,,UNVERIFIED,TIER_A,LYRICS_ONLY,train
RMVM_S_2ca55a09bc,Giọt Nước Mắt Sẽ Tan,Quốc Hùng,ART_7138677aaa,INSTRUMENTAL,source_tag_verification,0.85,N/A (Standard 11 Taxonomy),,MISSING,data/lyrics/RMVM_S_2ca55a09bc.txt,AVAILABLE,,MISSING,,UNVERIFIED,TIER_B,LYRICS_ONLY,train
RMVM_S_0c76503cce,Làm Sao Để Yêu Thương Quay Về,Đoàn Tuấn,ART_0af4859032,POP_BALLAD,deterministic_mapping,1.0,N/A (Standard 11 Taxonomy),,MISSING,data/lyrics/RMVM_S_0c76503cce.txt,AVAILABLE,,MISSING,,UNVERIFIED,TIER_A,LYRICS_ONLY,train
RMVM_S_bd673875ec,Khoảng Cách Anh Và Em,Đoàn Tuấn,ART_0af4859032,POP_BALLAD,deterministic_mapping,1.0,N/A (Standard 11 Taxonomy),,MISSING,data/lyrics/RMVM_S_bd673875ec.txt,AVAILABLE,,MISSING,,UNVERIFIED,TIER_A,LYRICS_ONLY,train
RMVM_S_f48f841c66,Bất Ngờ Em Buông Tay (Vinahouse),"Châu Khải Phong, Anh Thi",ART_c025ba7183,DANCE_EDM,deterministic_mapping,1.0,N/A (Standard 11 Taxonomy),,MISSING,data/lyrics/RMVM_S_f48f841c66.txt,AVAILABLE,,MISSING,,UNVERIFIED,TIER_A,LYRICS_ONLY,train
RMVM_S_71e7743b99,Love Pain (Tình Yêu Là Nỗi Đau),Khoi Vu,ART_9f1b627243,POP_BALLAD,deterministic_mapping,1.0,N/A (Standard 11 Taxonomy),,MISSING,data/lyrics/RMVM_S_71e7743b99.txt,AVAILABLE,,MISSING,,UNVERIFIED,TIER_A,LYRICS_ONLY,train
RMVM_S_0baaece342,Niềm Vui Của Cha,Danh Zoram,ART_e5a2bb009e,POP_BALLAD,deterministic_mapping,1.0,N/A (Standard 11 Taxonomy),,MISSING,data/lyrics/RMVM_S_0baaece342.txt,AVAILABLE,,MISSING,,UNVERIFIED,TIER_A,LYRICS_ONLY,train
RMVM_S_3a5d63f71e,Bài Ca Anh Viết Cho Em (Acoustic Version),Danh Zoram,ART_e5a2bb009e,POP_BALLAD,deterministic_mapping,1.0,N/A (Standard 11 Taxonomy),,MISSING,data/lyrics/RMVM_S_3a5d63f71e.txt,AVAILABLE,,MISSING,,UNVERIFIED,TIER_A,LYRICS_ONLY,train
RMVM_S_591375270f,LK Hát Với Dòng Sông - Đừng Xa Em Nhé,Đinh Bảo Yến,ART_882116d504,POP_BALLAD,deterministic_mapping,1.0,N/A (Standard 11 Taxonomy),,MISSING,,MISSING,data/covers/RMVM_S_591375270f.jpg,AVAILABLE,,UNVERIFIED,TIER_A,COVER_ONLY,train
RMVM_S_1c159a50b2,Bình Minh Yêu Thương,MPS,ART_7c1dc91629,POP_BALLAD,deterministic_mapping,1.0,N/A (Standard 11 Taxonomy),,MISSING,data/lyrics/RMVM_S_1c159a50b2.txt,AVAILABLE,,MISSING,,UNVERIFIED,TIER_A,LYRICS_ONLY,train
RMVM_S_8b002aa62e,Vương Vấn Mùa Xuân,MPS,ART_7c1dc91629,POP_BALLAD,deterministic_mapping,1.0,N/A (Standard 11 Taxonomy),,MISSING,data/lyrics/RMVM_S_8b002aa62e.txt,AVAILABLE,,MISSING,,UNVERIFIED,TIER_A,LYRICS_ONLY,train
RMVM_S_4a1c4f57c0,Chúng Ta Chỉ Giống Tình Yêu,Hoàng Green,ART_26b5d7f804,POP_BALLAD,deterministic_mapping,1.0,N/A (Standard 11 Taxonomy),,MISSING,data/lyrics/RMVM_S_4a1c4f57c0.txt,AVAILABLE,,MISSING,,UNVERIFIED,TIER_A,LYRICS_ONLY,train
RMVM_S_5a42115930,Anh Sẽ Cố Gắng Quên Em,Nguyễn Bảo Linh,ART_310be3a81c,POP_BALLAD,deterministic_mapping,1.0,N/A (Standard 11 Taxonomy),,MISSING,data/lyrics/RMVM_S_5a42115930.txt,AVAILABLE,,MISSING,,UNVERIFIED,TIER_A,LYRICS_ONLY,train
RMVM_S_c420bc3089,Anh Vẫn Tìm Em,Nguyễn Bảo Linh,ART_310be3a81c,POP_BALLAD,deterministic_mapping,1.0,N/A (Standard 11 Taxonomy),,MISSING,data/lyrics/RMVM_S_c420bc3089.txt,AVAILABLE,,MISSING,,UNVERIFIED,TIER_A,LYRICS_ONLY,train
RMVM_S_caa7364585,Ngày Chia Tay (Beat),Nguyễn Bảo Linh,ART_310be3a81c,POP_BALLAD,deterministic_mapping,1.0,N/A (Standard 11 Taxonomy),,MISSING,data/lyrics/RMVM_S_caa7364585.txt,AVAILABLE,,MISSING,,UNVERIFIED,TIER_A,LYRICS_ONLY,train
RMVM_S_f64d558ce0,Cuộc Đời Anh Chỉ Cần Như Vậy,Nguyễn Bảo Linh,ART_310be3a81c,POP_BALLAD,deterministic_mapping,1.0,N/A (Standard 11 Taxonomy),,MISSING,data/lyrics/RMVM_S_f64d558ce0.txt,AVAILABLE,,MISSING,,UNVERIFIED,TIER_A,LYRICS_ONLY,train
RMVM_S_059eb612b8,Anh Có Làm Gì Đâu,"Hồ Việt Trung, BlackBi",ART_b95ab562b9,POP_BALLAD,deterministic_mapping,1.0,N/A (Standard 11 Taxonomy),,MISSING,data/lyrics/RMVM_S_059eb612b8.txt,AVAILABLE,,MISSING,,UNVERIFIED,TIER_A,LYRICS_ONLY,train
RMVM_S_0b9dd591f1,Bước Tôi về,Đặng Tuấn Phương,ART_22263349a9,POP_BALLAD,deterministic_mapping,1.0,N/A (Standard 11 Taxonomy),,MISSING,data/lyrics/RMVM_S_0b9dd591f1.txt,AVAILABLE,,MISSING,,UNVERIFIED,TIER_A,LYRICS_ONLY,train
RMVM_S_b6ac2f4d2d,Anh Không Phải Hotboy,Phạm Hồng Phước,ART_cebd2bfcff,POP_BALLAD,deterministic_mapping,1.0,N/A (Standard 11 Taxonomy),,MISSING,data/lyrics/RMVM_S_b6ac2f4d2d.txt,AVAILABLE,,MISSING,,UNVERIFIED,TIER_A,LYRICS_ONLY,train
RMVM_S_b0be3d2f58,Ánh Trăng Tình Ái,Dương Edward,ART_8e24244ef6,POP_BALLAD,deterministic_mapping,1.0,N/A (Standard 11 Taxonomy),,MISSING,data/lyrics/RMVM_S_b0be3d2f58.txt,AVAILABLE,,MISSING,,UNVERIFIED,TIER_A,LYRICS_ONLY,train
RMVM_S_d83a2ded2f,Tặng Em Bài Ca Niệm Phật,Dương Lễ,ART_6610f1b00b,OTHER,curated_out_of_taxonomy,0.9,Religious / Sacred spiritual Vietnamese music,,MISSING,,MISSING,,MISSING,,UNVERIFIED,TIER_B,NO_PHYSICAL_MODALITY,train
RMVM_S_347475ec54,"Thân Phận, Được Tin Em Lấy Chồng","Quỳnh Dung, Mai Quốc Huy",ART_b953954657,BOLERO_TRUTINH,deterministic_mapping,1.0,N/A (Standard 11 Taxonomy),,MISSING,,MISSING,,MISSING,,UNVERIFIED,TIER_A,NO_PHYSICAL_MODALITY,train
RMVM_S_80aa7f9001,Em Mang Tình Mình Trao Ai,"Truzg, Bình Boo",ART_6f097571cb,POP_BALLAD,deterministic_mapping,1.0,N/A (Standard 11 Taxonomy),,MISSING,data/lyrics/RMVM_S_80aa7f9001.txt,AVAILABLE,,MISSING,,UNVERIFIED,TIER_A,LYRICS_ONLY,train
RMVM_S_da71394d09,Tháng 7 Của Anh (Masew Mix),"Khói, Masew",ART_35657d6229,RAP_HIPHOP,deterministic_mapping,1.0,N/A (Standard 11 Taxonomy),,MISSING,data/lyrics/RMVM_S_da71394d09.txt,AVAILABLE,,MISSING,,UNVERIFIED,TIER_A,LYRICS_ONLY,train
RMVM_S_32a16423f3,Ngày Hôm Nay Của Em Thế Nào (Beat),Hà Huy Hiếu,ART_beeacd2444,POP_BALLAD,deterministic_mapping,1.0,N/A (Standard 11 Taxonomy),,MISSING,data/lyrics/RMVM_S_32a16423f3.txt,AVAILABLE,,MISSING,,UNVERIFIED,TIER_A,LYRICS_ONLY,train
RMVM_S_ddfbe0f6ec,Anh Cũng Bằng Lòng Anh Thôi,Hà Huy Hiếu,ART_beeacd2444,POP_BALLAD,deterministic_mapping,1.0,N/A (Standard 11 Taxonomy),,MISSING,data/lyrics/RMVM_S_ddfbe0f6ec.txt,AVAILABLE,,MISSING,,UNVERIFIED,TIER_A,LYRICS_ONLY,train
RMVM_S_dde7bd4819,Không Tồn Tại,Bảo Kun,ART_78e5fc09c6,POP_BALLAD,deterministic_mapping,1.0,N/A (Standard 11 Taxonomy),,MISSING,data/lyrics/RMVM_S_dde7bd4819.txt,AVAILABLE,data/covers/RMVM_S_dde7bd4819.jpg,AVAILABLE,,UNVERIFIED,TIER_A,LYRICS_COVER,train
RMVM_S_ced50a8bab,Thà Đừng Nói Ra,Bảo Kun,ART_78e5fc09c6,POP_BALLAD,deterministic_mapping,1.0,N/A (Standard 11 Taxonomy),,MISSING,data/lyrics/RMVM_S_ced50a8bab.txt,AVAILABLE,,MISSING,,UNVERIFIED,TIER_A,LYRICS_ONLY,train
RMVM_S_47bd83e118,Phải Duyên Phải Nợ,"Khưu Huy Vũ, Quỳnh Trang",ART_20f6c66efc,POP_BALLAD,deterministic_mapping,1.0,N/A (Standard 11 Taxonomy),,MISSING,data/lyrics/RMVM_S_47bd83e118.txt,AVAILABLE,,MISSING,,UNVERIFIED,TIER_A,LYRICS_ONLY,train
RMVM_S_34304121f9,Liên Khúc Hờn Trách Con Đò - Éo Le Cuộc Tình,Hoàng Minh Thắng,ART_8de2974414,BOLERO_TRUTINH,deterministic_mapping,1.0,N/A (Standard 11 Taxonomy),,MISSING,data/lyrics/RMVM_S_34304121f9.txt,AVAILABLE,,MISSING,,UNVERIFIED,TIER_A,LYRICS_ONLY,train
RMVM_S_a597087fed,Nghề Tôi Tài Xế,Hoàng Minh Thắng,ART_8de2974414,POP_BALLAD,deterministic_mapping,1.0,N/A (Standard 11 Taxonomy),,MISSING,data/lyrics/RMVM_S_a597087fed.txt,AVAILABLE,,MISSING,,UNVERIFIED,TIER_A,LYRICS_ONLY,train
RMVM_S_5848cc0740,Kẻ Đa Tình,Hoàng Minh Thắng,ART_8de2974414,BOLERO_TRUTINH,deterministic_mapping,1.0,N/A (Standard 11 Taxonomy),,MISSING,data/lyrics/RMVM_S_5848cc0740.txt,AVAILABLE,,MISSING,,UNVERIFIED,TIER_A,LYRICS_ONLY,train
RMVM_S_fe141d209d,Nhớ Mẹ Lý Mồ Côi,Hoàng Minh Thắng,ART_8de2974414,BOLERO_TRUTINH,deterministic_mapping,1.0,N/A (Standard 11 Taxonomy),,MISSING,data/lyrics/RMVM_S_fe141d209d.txt,AVAILABLE,,MISSING,,UNVERIFIED,TIER_A,LYRICS_ONLY,train
RMVM_S_8374c3d7c4,Bài Ca Chiến Sĩ Công An,Hoàng Minh Thắng,ART_8de2974414,BOLERO_TRUTINH,deterministic_mapping,1.0,N/A (Standard 11 Taxonomy),,MISSING,data/lyrics/RMVM_S_8374c3d7c4.txt,AVAILABLE,,MISSING,,UNVERIFIED,TIER_A,LYRICS_ONLY,train
RMVM_S_c6ed3fa3ac,Đêm Mưa Nhớ Mẹ,Hoàng Minh Thắng,ART_8de2974414,POP_BALLAD,deterministic_mapping,1.0,N/A (Standard 11 Taxonomy),,MISSING,data/lyrics/RMVM_S_c6ed3fa3ac.txt,AVAILABLE,,MISSING,,UNVERIFIED,TIER_A,LYRICS_ONLY,train
RMVM_S_efc986e205,Hình Ảnh Người Em Không Đợi,Chí Viễn,ART_6baf81e7f3,BOLERO_TRUTINH,deterministic_mapping,1.0,N/A (Standard 11 Taxonomy),,MISSING,data/lyrics/RMVM_S_efc986e205.txt,AVAILABLE,,MISSING,,UNVERIFIED,TIER_A,LYRICS_ONLY,train
RMVM_S_d8f2f06c05,Hãy Nói Lời Yêu Thương,Trường Sơn,ART_f60bdc9895,BOLERO_TRUTINH,deterministic_mapping,1.0,N/A (Standard 11 Taxonomy),,MISSING,data/lyrics/RMVM_S_d8f2f06c05.txt,AVAILABLE,,MISSING,,UNVERIFIED,TIER_A,LYRICS_ONLY,train
RMVM_S_b161f605dd,Bolero Miệt Vườn,Trường Sơn,ART_f60bdc9895,BOLERO_TRUTINH,deterministic_mapping,1.0,N/A (Standard 11 Taxonomy),,MISSING,data/lyrics/RMVM_S_b161f605dd.txt,AVAILABLE,,MISSING,,UNVERIFIED,TIER_A,LYRICS_ONLY,train
RMVM_S_cbafed03d9,Cuộc Tình Cuối,Trường Sơn,ART_f60bdc9895,BOLERO_TRUTINH,deterministic_mapping,1.0,N/A (Standard 11 Taxonomy),,MISSING,data/lyrics/RMVM_S_cbafed03d9.txt,AVAILABLE,,MISSING,,UNVERIFIED,TIER_A,LYRICS_ONLY,train
RMVM_S_5c381a4ead,Chiều Đông Nhớ Mẹ,Trường Sơn,ART_f60bdc9895,POP_BALLAD,deterministic_mapping,1.0,N/A (Standard 11 Taxonomy),,MISSING,data/lyrics/RMVM_S_5c381a4ead.txt,AVAILABLE,,MISSING,,UNVERIFIED,TIER_A,LYRICS_ONLY,train
RMVM_S_8904f45de5,Lá Thư Tình Đô Thị,Trường Sơn,ART_f60bdc9895,BOLERO_TRUTINH,deterministic_mapping,1.0,N/A (Standard 11 Taxonomy),,MISSING,data/lyrics/RMVM_S_8904f45de5.txt,AVAILABLE,,MISSING,,UNVERIFIED,TIER_A,LYRICS_ONLY,train
RMVM_S_fe21982aa1,Nghĩa Tình Là Mãi Mãi,Trường Sơn,ART_f60bdc9895,BOLERO_TRUTINH,deterministic_mapping,1.0,N/A (Standard 11 Taxonomy),,MISSING,data/lyrics/RMVM_S_fe21982aa1.txt,AVAILABLE,,MISSING,,UNVERIFIED,TIER_A,LYRICS_ONLY,train
RMVM_S_fd1fe3c88b,Cho Bạn Cho Tôi,"CARA, Hoàng Duyên, JSOL",ART_9c277a23b7,POP_BALLAD,deterministic_mapping,1.0,N/A (Standard 11 Taxonomy),,MISSING,data/lyrics/RMVM_S_fd1fe3c88b.txt,AVAILABLE,,MISSING,,UNVERIFIED,TIER_A,LYRICS_ONLY,train
RMVM_S_2c8aaa12f8,Tới Lúc Em Đi,"K-ICM, APJ",ART_4badfb4d12,POP_BALLAD,deterministic_mapping,1.0,N/A (Standard 11 Taxonomy),,MISSING,data/lyrics/RMVM_S_2c8aaa12f8.txt,AVAILABLE,,MISSING,,UNVERIFIED,TIER_A,LYRICS_ONLY,train
RMVM_S_3b70041c85,Ai Mang Em Đi,"K-ICM, APJ",ART_4badfb4d12,POP_BALLAD,deterministic_mapping,1.0,N/A (Standard 11 Taxonomy),,MISSING,data/lyrics/RMVM_S_3b70041c85.txt,AVAILABLE,,MISSING,,UNVERIFIED,TIER_A,LYRICS_ONLY,train
RMVM_S_dde6987363,Anh Xa Mãi,"Harlyn, Nhật Thái",ART_a822eada13,POP_BALLAD,deterministic_mapping,1.0,N/A (Standard 11 Taxonomy),,MISSING,data/lyrics/RMVM_S_dde6987363.txt,AVAILABLE,,MISSING,,UNVERIFIED,TIER_A,LYRICS_ONLY,train
RMVM_S_d3141b9768,Khóc Cho Đấng Sinh Thành (Thiếu Niên Ra Giang Hồ OST),Hồ Quang Hiếu,ART_7573d36bbb,POP_BALLAD,deterministic_mapping,1.0,N/A (Standard 11 Taxonomy),,MISSING,data/lyrics/RMVM_S_d3141b9768.txt,AVAILABLE,,MISSING,,UNVERIFIED,TIER_A,LYRICS_ONLY,train
RMVM_S_9ac096a975,Uyên Ương Hồ Điệp,Hồ Quang Hiếu,ART_7573d36bbb,POP_BALLAD,deterministic_mapping,1.0,N/A (Standard 11 Taxonomy),,MISSING,data/lyrics/RMVM_S_9ac096a975.txt,AVAILABLE,,MISSING,,UNVERIFIED,TIER_A,LYRICS_ONLY,train
RMVM_S_5deef61948,Đêm Nay Anh Thấy Cô Đơn,Hồ Quang Hiếu,ART_7573d36bbb,POP_BALLAD,deterministic_mapping,1.0,N/A (Standard 11 Taxonomy),,MISSING,data/lyrics/RMVM_S_5deef61948.txt,AVAILABLE,,MISSING,,UNVERIFIED,TIER_A,LYRICS_ONLY,train
RMVM_S_5b4d81e615,Em Là Hạnh Phúc Trong Anh (Remake),Hồ Quang Hiếu,ART_7573d36bbb,POP_BALLAD,deterministic_mapping,1.0,N/A (Standard 11 Taxonomy),,MISSING,data/lyrics/RMVM_S_5b4d81e615.txt,AVAILABLE,,MISSING,,UNVERIFIED,TIER_A,LYRICS_ONLY,train
RMVM_S_e3ce6eea42,Anh Về Quảng Ngãi (Beat),"Kiến Thành, Ban Lê",ART_b8b17028ec,BOLERO_TRUTINH,deterministic_mapping,1.0,N/A (Standard 11 Taxonomy),,MISSING,data/lyrics/RMVM_S_e3ce6eea42.txt,AVAILABLE,,MISSING,,UNVERIFIED,TIER_A,LYRICS_ONLY,train
RMVM_S_a413110290,Còn Lại Chút Tình Người,Thái Sơn,ART_a32e52f007,POP_BALLAD,deterministic_mapping,1.0,N/A (Standard 11 Taxonomy),,MISSING,data/lyrics/RMVM_S_a413110290.txt,AVAILABLE,data/covers/RMVM_S_a413110290.jpg,AVAILABLE,,UNVERIFIED,TIER_A,LYRICS_COVER,train
RMVM_S_1cf563a6cc,Đời Chỉ Là Thế Thôi,Thái Sơn,ART_a32e52f007,POP_BALLAD,deterministic_mapping,1.0,N/A (Standard 11 Taxonomy),,MISSING,data/lyrics/RMVM_S_1cf563a6cc.txt,AVAILABLE,,MISSING,,UNVERIFIED,TIER_A,LYRICS_ONLY,train
RMVM_S_837c32233d,Em Quá Đáng Lắm Luôn Á,Phong Supin,ART_e40e495cd4,POP_BALLAD,deterministic_mapping,1.0,N/A (Standard 11 Taxonomy),,MISSING,data/lyrics/RMVM_S_837c32233d.txt,AVAILABLE,,MISSING,,UNVERIFIED,TIER_A,LYRICS_ONLY,train
RMVM_S_7250483b67,Chẳng Ai Yêu Mãi Một Người,"CT Media, Hồng Nhi",ART_7564f2e256,POP_BALLAD,deterministic_mapping,1.0,N/A (Standard 11 Taxonomy),,MISSING,data/lyrics/RMVM_S_7250483b67.txt,AVAILABLE,,MISSING,,UNVERIFIED,TIER_A,LYRICS_ONLY,train
RMVM_S_1f3cdb0974,Chiều Đông Matxcova,Mai Diệu Ly,ART_627b32edc9,BOLERO_TRUTINH,deterministic_mapping,1.0,N/A (Standard 11 Taxonomy),,MISSING,data/lyrics/RMVM_S_1f3cdb0974.txt,AVAILABLE,,MISSING,,UNVERIFIED,TIER_A,LYRICS_ONLY,train
RMVM_S_fe92dfeba9,Ai Ngờ Ta Còn Thương,"Karik, Thái Trinh",ART_d96128e44e,RAP_HIPHOP,deterministic_mapping,1.0,N/A (Standard 11 Taxonomy),,MISSING,data/lyrics/RMVM_S_fe92dfeba9.txt,AVAILABLE,,MISSING,,UNVERIFIED,TIER_A,LYRICS_ONLY,train
RMVM_S_ac69e4478c,Chuyện Người Con Gái Ao Sen,"Thạch Dũng, Thạch Dũng - Trần Xuân",ART_718b6c7076,INSTRUMENTAL,source_tag_verification,0.85,N/A (Standard 11 Taxonomy),,MISSING,,MISSING,data/covers/RMVM_S_ac69e4478c.jpg,AVAILABLE,,UNVERIFIED,TIER_B,COVER_ONLY,train
RMVM_S_cf2075173c,Có Lẽ Bên Nhau Là Sai (MUS Remix),"HHD, thaolinh, ViAM",ART_f968a605fe,DANCE_EDM,deterministic_mapping,1.0,N/A (Standard 11 Taxonomy),,MISSING,data/lyrics/RMVM_S_cf2075173c.txt,AVAILABLE,,MISSING,,UNVERIFIED,TIER_A,LYRICS_ONLY,train
RMVM_S_cd9817e7b5,Kết Tóc Xe Duyên,Cao Minh,ART_e8f048a384,FOLK_TRADITIONAL,deterministic_mapping,1.0,N/A (Standard 11 Taxonomy),,MISSING,,MISSING,data/covers/RMVM_S_cd9817e7b5.jpg,AVAILABLE,,UNVERIFIED,TIER_A,COVER_ONLY,train
RMVM_S_f14a48784e,Gửi Chúng Ta Năm Nào,Cao Minh,ART_e8f048a384,POP_BALLAD,deterministic_mapping,1.0,N/A (Standard 11 Taxonomy),,MISSING,data/lyrics/RMVM_S_f14a48784e.txt,AVAILABLE,,MISSING,,UNVERIFIED,TIER_A,LYRICS_ONLY,train
RMVM_S_a97dfa4672,Đừng trách em tội nghiệp,Tuyết Vân Hà,ART_2872f7b193,POP_BALLAD,deterministic_mapping,1.0,N/A (Standard 11 Taxonomy),,MISSING,data/lyrics/RMVM_S_a97dfa4672.txt,AVAILABLE,,MISSING,,UNVERIFIED,TIER_A,LYRICS_ONLY,train
RMVM_S_0e7cff71e8,Tập Yêu Đi,Anh Rồng,ART_a2c36a6376,POP_BALLAD,deterministic_mapping,1.0,N/A (Standard 11 Taxonomy),,MISSING,data/lyrics/RMVM_S_0e7cff71e8.txt,AVAILABLE,,MISSING,,UNVERIFIED,TIER_A,LYRICS_ONLY,train
RMVM_S_2a8188cd79,"LK Khắc Khoải, Về Lại Cõi Sầu, Chơi Vơi (Live)","Diệu Hương, Don Hồ, Thanh Hà",ART_1596b7154e,BOLERO_TRUTINH,deterministic_mapping,1.0,N/A (Standard 11 Taxonomy),,MISSING,data/lyrics/RMVM_S_2a8188cd79.txt,AVAILABLE,,MISSING,,UNVERIFIED,TIER_A,LYRICS_ONLY,train
RMVM_S_a6f64f4e12,Từ Khi Em Đến,Khắc Dũng,ART_452c9d7a68,FOLK_TRADITIONAL,deterministic_mapping,1.0,N/A (Standard 11 Taxonomy),,MISSING,data/lyrics/RMVM_S_a6f64f4e12.txt,AVAILABLE,,MISSING,,UNVERIFIED,TIER_A,LYRICS_ONLY,train
RMVM_S_918791447c,Duyên Quê (Liveshow Thương Quá Việt Nam 3),V.A,ART_a9356cbe0e,POP_BALLAD,deterministic_mapping,1.0,N/A (Standard 11 Taxonomy),,MISSING,,MISSING,data/covers/RMVM_S_918791447c.jpg,AVAILABLE,,UNVERIFIED,TIER_A,COVER_ONLY,train
RMVM_S_476ea48fbb,50% khi yêu 2,Tô Tài Năng,ART_20aef05bbd,BOLERO_TRUTINH,deterministic_mapping,1.0,N/A (Standard 11 Taxonomy),,MISSING,data/lyrics/RMVM_S_476ea48fbb.txt,AVAILABLE,,MISSING,,UNVERIFIED,TIER_A,LYRICS_ONLY,train
RMVM_S_5038782b74,Ân Tình Xứ Nghệ,NSƯT Hương Giang,ART_aa6441ed3d,BOLERO_TRUTINH,deterministic_mapping,1.0,N/A (Standard 11 Taxonomy),,MISSING,data/lyrics/RMVM_S_5038782b74.txt,AVAILABLE,,MISSING,,UNVERIFIED,TIER_A,LYRICS_ONLY,train
RMVM_S_d8f2352f94,Yêu Ai Ai Yêu Tôi,HIT,ART_f09328d495,POP_BALLAD,deterministic_mapping,1.0,N/A (Standard 11 Taxonomy),,MISSING,data/lyrics/RMVM_S_d8f2352f94.txt,AVAILABLE,,MISSING,,UNVERIFIED,TIER_A,LYRICS_ONLY,train
RMVM_S_455c40d32d,Tết Đến Rồi Sao Chẳng Thấy Em Đâu,HIT,ART_f09328d495,POP_BALLAD,deterministic_mapping,1.0,N/A (Standard 11 Taxonomy),,MISSING,data/lyrics/RMVM_S_455c40d32d.txt,AVAILABLE,,MISSING,,UNVERIFIED,TIER_A,LYRICS_ONLY,train
RMVM_S_12ed2f118f,Mùa Xuân Gọi Mình Yêu Nhau,"Gin Tuấn Kiệt, Juky San",ART_c22228f747,POP_BALLAD,deterministic_mapping,1.0,N/A (Standard 11 Taxonomy),,MISSING,data/lyrics/RMVM_S_12ed2f118f.txt,AVAILABLE,,MISSING,,UNVERIFIED,TIER_A,LYRICS_ONLY,train
RMVM_S_f74e4f8d74,Chuyện Tình Sầu Riêng Anh,"Khưu Huy Vũ, Hồng Phượng",ART_4562bdce67,BOLERO_TRUTINH,deterministic_mapping,1.0,N/A (Standard 11 Taxonomy),,MISSING,data/lyrics/RMVM_S_f74e4f8d74.txt,AVAILABLE,,MISSING,,UNVERIFIED,TIER_A,LYRICS_ONLY,train
RMVM_S_fd4d62b486,Năm Tháng Trôi Qua,GreenD,ART_0d6dc44fde,POP_BALLAD,deterministic_mapping,1.0,N/A (Standard 11 Taxonomy),,MISSING,,MISSING,data/covers/RMVM_S_fd4d62b486.jpg,AVAILABLE,,UNVERIFIED,TIER_A,COVER_ONLY,train
RMVM_S_aba90c07f9,Anh Đã Lạc Vào,GreenD,ART_0d6dc44fde,POP_BALLAD,deterministic_mapping,1.0,N/A (Standard 11 Taxonomy),,MISSING,data/lyrics/RMVM_S_aba90c07f9.txt,AVAILABLE,,MISSING,,UNVERIFIED,TIER_A,LYRICS_ONLY,train
RMVM_S_b3a3c48ffc,Chạm Tới Tuổi Đôi Mươi,GreenD,ART_0d6dc44fde,POP_BALLAD,deterministic_mapping,1.0,N/A (Standard 11 Taxonomy),,MISSING,data/lyrics/RMVM_S_b3a3c48ffc.txt,AVAILABLE,,MISSING,,UNVERIFIED,TIER_A,LYRICS_ONLY,train
RMVM_S_aba2771de0,Ơ Kìa Tết Lại Đến Rồi Này,GreenD,ART_0d6dc44fde,POP_BALLAD,deterministic_mapping,1.0,N/A (Standard 11 Taxonomy),,MISSING,data/lyrics/RMVM_S_aba2771de0.txt,AVAILABLE,,MISSING,,UNVERIFIED,TIER_A,LYRICS_ONLY,train
RMVM_S_7d29133542,Anh Không Muốn Làm Người Lạ,Lữ Kiến Hào,ART_7b6ebeffae,POP_BALLAD,deterministic_mapping,1.0,N/A (Standard 11 Taxonomy),,MISSING,data/lyrics/RMVM_S_7d29133542.txt,AVAILABLE,,MISSING,,UNVERIFIED,TIER_A,LYRICS_ONLY,train
RMVM_S_991ed9ea75,Anh Chẳng Sao Mà (Remix),Khang Việt,ART_8a69eef7ef,POP_BALLAD,deterministic_mapping,1.0,N/A (Standard 11 Taxonomy),,MISSING,data/lyrics/RMVM_S_991ed9ea75.txt,AVAILABLE,,MISSING,,UNVERIFIED,TIER_A,LYRICS_ONLY,train
RMVM_S_d8a9a2f77f,Anh Chẳng Sao Mà (Beat),Khang Việt,ART_8a69eef7ef,POP_BALLAD,deterministic_mapping,1.0,N/A (Standard 11 Taxonomy),,MISSING,data/lyrics/RMVM_S_d8a9a2f77f.txt,AVAILABLE,,MISSING,,UNVERIFIED,TIER_A,LYRICS_ONLY,train
RMVM_S_f4689d988b,Hoa Lạc Lối (Trap Version),Khang Việt,ART_8a69eef7ef,DANCE_EDM,deterministic_mapping,1.0,N/A (Standard 11 Taxonomy),,MISSING,data/lyrics/RMVM_S_f4689d988b.txt,AVAILABLE,,MISSING,,UNVERIFIED,TIER_A,LYRICS_ONLY,train
RMVM_S_0dc973a38a,Anh Mong Quay Về (Beat),Khang Việt,ART_8a69eef7ef,POP_BALLAD,deterministic_mapping,1.0,N/A (Standard 11 Taxonomy),,MISSING,data/lyrics/RMVM_S_0dc973a38a.txt,AVAILABLE,,MISSING,,UNVERIFIED,TIER_A,LYRICS_ONLY,train
RMVM_S_e5cd73c512,Ai Cũng Có Ngày Xưa (Beat),Khang Việt,ART_8a69eef7ef,POP_BALLAD,deterministic_mapping,1.0,N/A (Standard 11 Taxonomy),,MISSING,data/lyrics/RMVM_S_e5cd73c512.txt,AVAILABLE,,MISSING,,UNVERIFIED,TIER_A,LYRICS_ONLY,train
RMVM_S_a60a2c26f5,Chẳng Gì Đẹp Đẽ Trên Đời Mãi (Tropical House),Khang Việt,ART_8a69eef7ef,POP_BALLAD,deterministic_mapping,1.0,N/A (Standard 11 Taxonomy),,MISSING,data/lyrics/RMVM_S_a60a2c26f5.txt,AVAILABLE,,MISSING,,UNVERIFIED,TIER_A,LYRICS_ONLY,train
RMVM_S_18252ee43d,Yêu Anh Nhưng Đã Muộn,AndyShin,ART_902cc33a81,POP_BALLAD,deterministic_mapping,1.0,N/A (Standard 11 Taxonomy),,MISSING,data/lyrics/RMVM_S_18252ee43d.txt,AVAILABLE,,MISSING,,UNVERIFIED,TIER_A,LYRICS_ONLY,train
RMVM_S_8fd652a2e5,Vì Anh Em Đành Lùi,AndyShin,ART_902cc33a81,POP_BALLAD,deterministic_mapping,1.0,N/A (Standard 11 Taxonomy),,MISSING,data/lyrics/RMVM_S_8fd652a2e5.txt,AVAILABLE,,MISSING,,UNVERIFIED,TIER_A,LYRICS_ONLY,train
RMVM_S_c99d9372c2,Buông... Em Yêu Anh,AndyShin,ART_902cc33a81,POP_BALLAD,deterministic_mapping,1.0,N/A (Standard 11 Taxonomy),,MISSING,data/lyrics/RMVM_S_c99d9372c2.txt,AVAILABLE,,MISSING,,UNVERIFIED,TIER_A,LYRICS_ONLY,train
RMVM_S_ef88de3b9b,Mặt Nạ Hóa Đá,AndyShin,ART_902cc33a81,POP_BALLAD,deterministic_mapping,1.0,N/A (Standard 11 Taxonomy),,MISSING,data/lyrics/RMVM_S_ef88de3b9b.txt,AVAILABLE,,MISSING,,UNVERIFIED,TIER_A,LYRICS_ONLY,train
RMVM_S_5e38a16fa4,Dõi Theo Nỗi Đau,AndyShin,ART_902cc33a81,POP_BALLAD,deterministic_mapping,1.0,N/A (Standard 11 Taxonomy),,MISSING,data/lyrics/RMVM_S_5e38a16fa4.txt,AVAILABLE,,MISSING,,UNVERIFIED,TIER_A,LYRICS_ONLY,train
RMVM_S_66b287b16f,Im Lặng Anh Mất Em,AndyShin,ART_902cc33a81,POP_BALLAD,deterministic_mapping,1.0,N/A (Standard 11 Taxonomy),,MISSING,data/lyrics/RMVM_S_66b287b16f.txt,AVAILABLE,,MISSING,,UNVERIFIED,TIER_A,LYRICS_ONLY,train
RMVM_S_ed9cf3fa54,Anh Chẳng Còn Cơ Hội (Beat),"Trang Mio, Trần Huyền Diệp",ART_4a7edb1a76,POP_BALLAD,deterministic_mapping,1.0,N/A (Standard 11 Taxonomy),,MISSING,,MISSING,data/covers/RMVM_S_ed9cf3fa54.jpg,AVAILABLE,,UNVERIFIED,TIER_A,COVER_ONLY,train
RMVM_S_5e03e73099,Tình Bạn Đẹp Nhất (TikTok Remix),"iBe Viet, BMZ",ART_41c2bf3d63,POP_BALLAD,deterministic_mapping,1.0,N/A (Standard 11 Taxonomy),,MISSING,data/lyrics/RMVM_S_5e03e73099.txt,AVAILABLE,,MISSING,,UNVERIFIED,TIER_A,LYRICS_ONLY,train
RMVM_S_8bd2b40153,Corona Đi Ra Xa!!!,"Phạm Đình Thái Ngân, Long Min",ART_a2672c4813,POP_BALLAD,deterministic_mapping,1.0,N/A (Standard 11 Taxonomy),,MISSING,data/lyrics/RMVM_S_8bd2b40153.txt,AVAILABLE,,MISSING,,UNVERIFIED,TIER_A,LYRICS_ONLY,train
RMVM_MB_1808dbb3ef,Photos,Unlimited,ART_958f470d0b,ROCK,musicbrainz_artist_discography,0.85,N/A (Standard 11 Taxonomy),,MISSING,,MISSING,,MISSING,2009.0,VERIFIED,TIER_B,NO_PHYSICAL_MODALITY,train
RMVM_MB_75d1f145dc,Phantom of the Opera,Unlimited,ART_958f470d0b,ROCK,musicbrainz_artist_discography,0.85,N/A (Standard 11 Taxonomy),,MISSING,,MISSING,,MISSING,2009.0,VERIFIED,TIER_B,NO_PHYSICAL_MODALITY,train
RMVM_MB_d984b71758,Tái sinh,Unlimited,ART_958f470d0b,ROCK,musicbrainz_artist_discography,0.85,N/A (Standard 11 Taxonomy),,MISSING,,MISSING,,MISSING,2009.0,VERIFIED,TIER_B,NO_PHYSICAL_MODALITY,train
RMVM_MB_d0de22364c,Sự cứu chuộc,Unlimited,ART_958f470d0b,ROCK,musicbrainz_artist_discography,0.85,N/A (Standard 11 Taxonomy),,MISSING,,MISSING,,MISSING,2009.0,VERIFIED,TIER_B,NO_PHYSICAL_MODALITY,train
RMVM_MB_ccd22c6627,Con đường ánh sáng,Unlimited,ART_958f470d0b,ROCK,musicbrainz_artist_discography,0.85,N/A (Standard 11 Taxonomy),,MISSING,,MISSING,,MISSING,2009.0,VERIFIED,TIER_B,NO_PHYSICAL_MODALITY,train
RMVM_MB_9dfc3226e3,Sự sống,Unlimited,ART_958f470d0b,ROCK,musicbrainz_artist_discography,0.85,N/A (Standard 11 Taxonomy),,MISSING,,MISSING,,MISSING,2009.0,VERIFIED,TIER_B,NO_PHYSICAL_MODALITY,train
RMVM_MB_a2884468a6,Nối vòng tay lớn,Unlimited,ART_958f470d0b,ROCK,musicbrainz_artist_discography,0.85,N/A (Standard 11 Taxonomy),,MISSING,,MISSING,,MISSING,2007.0,VERIFIED,TIER_B,NO_PHYSICAL_MODALITY,train
RMVM_MB_9886c917b0,Wings of Destiny,Unlimited,ART_958f470d0b,ROCK,musicbrainz_artist_discography,0.85,N/A (Standard 11 Taxonomy),,MISSING,,MISSING,,MISSING,2007.0,VERIFIED,TIER_B,NO_PHYSICAL_MODALITY,train
RMVM_MB_970fbfd8e4,Mộ gió,Unlimited,ART_958f470d0b,ROCK,musicbrainz_artist_discography,0.85,N/A (Standard 11 Taxonomy),,MISSING,,MISSING,,MISSING,2007.0,VERIFIED,TIER_B,NO_PHYSICAL_MODALITY,train
RMVM_MB_fafd7345aa,Linh hồn vẫn tồn tại,Unlimited,ART_958f470d0b,ROCK,musicbrainz_artist_discography,0.85,N/A (Standard 11 Taxonomy),,MISSING,,MISSING,,MISSING,2007.0,VERIFIED,TIER_B,NO_PHYSICAL_MODALITY,train
RMVM_MB_eace399a4a,For rest,Unlimited,ART_958f470d0b,ROCK,musicbrainz_artist_discography,0.85,N/A (Standard 11 Taxonomy),,MISSING,,MISSING,,MISSING,2009.0,VERIFIED,TIER_B,NO_PHYSICAL_MODALITY,train
RMVM_MB_2cb80083c8,Sunshine,Unlimited,ART_958f470d0b,ROCK,musicbrainz_artist_discography,0.85,N/A (Standard 11 Taxonomy),,MISSING,,MISSING,,MISSING,2017.0,VERIFIED,TIER_B,NO_PHYSICAL_MODALITY,train
RMVM_MB_c2a7c3de4d,Perfect Wave,Unlimited,ART_958f470d0b,ROCK,musicbrainz_artist_discography,0.85,N/A (Standard 11 Taxonomy),,MISSING,,MISSING,,MISSING,2016.0,VERIFIED,TIER_B,NO_PHYSICAL_MODALITY,train
RMVM_MB_5fae2126e6,The Secret Planet,Unlimited,ART_958f470d0b,ROCK,musicbrainz_artist_discography,0.85,N/A (Standard 11 Taxonomy),,MISSING,,MISSING,,MISSING,2016.0,VERIFIED,TIER_B,NO_PHYSICAL_MODALITY,train
RMVM_MB_f5a765933c,Transmigration,Unlimited,ART_958f470d0b,ROCK,musicbrainz_artist_discography,0.85,N/A (Standard 11 Taxonomy),,MISSING,,MISSING,,MISSING,2009.0,VERIFIED,TIER_B,NO_PHYSICAL_MODALITY,train
RMVM_MB_4ed47cb0d7,Wrecked Groooves,Unlimited,ART_958f470d0b,ROCK,musicbrainz_artist_discography,0.85,N/A (Standard 11 Taxonomy),,MISSING,,MISSING,,MISSING,2024.0,VERIFIED,TIER_B,NO_PHYSICAL_MODALITY,train
RMVM_S_e60f419eac,Con Yêu Thơ Dại,Nam Vương Bảo Lê,ART_7e2747d6d4,POP_BALLAD,deterministic_mapping,1.0,N/A (Standard 11 Taxonomy),,MISSING,data/lyrics/RMVM_S_e60f419eac.txt,AVAILABLE,,MISSING,,UNVERIFIED,TIER_A,LYRICS_ONLY,train
RMVM_S_8a9ead56b5,Noel Ngọt Ngào,Nam Vương Bảo Lê,ART_7e2747d6d4,BOLERO_TRUTINH,deterministic_mapping,1.0,N/A (Standard 11 Taxonomy),,MISSING,data/lyrics/RMVM_S_8a9ead56b5.txt,AVAILABLE,,MISSING,,UNVERIFIED,TIER_A,LYRICS_ONLY,train
RMVM_S_dae05947aa,Cảm Ơn Tình Yêu Chúa,Nam Vương Bảo Lê,ART_7e2747d6d4,POP_BALLAD,deterministic_mapping,1.0,N/A (Standard 11 Taxonomy),,MISSING,data/lyrics/RMVM_S_dae05947aa.txt,AVAILABLE,,MISSING,,UNVERIFIED,TIER_A,LYRICS_ONLY,train
RMVM_S_807efdb56b,Đêm Mưa Sài Gòn,Nam Vương Bảo Lê,ART_7e2747d6d4,POP_BALLAD,deterministic_mapping,1.0,N/A (Standard 11 Taxonomy),,MISSING,data/lyrics/RMVM_S_807efdb56b.txt,AVAILABLE,,MISSING,,UNVERIFIED,TIER_A,LYRICS_ONLY,train
RMVM_S_a32128c158,Tin Mừng Chúa Giáng Thế,Nam Vương Bảo Lê,ART_7e2747d6d4,POP_BALLAD,deterministic_mapping,1.0,N/A (Standard 11 Taxonomy),,MISSING,data/lyrics/RMVM_S_a32128c158.txt,AVAILABLE,,MISSING,,UNVERIFIED,TIER_A,LYRICS_ONLY,train
RMVM_S_c6ac74fb6f,Chuông Ngân Vang,Nam Vương Bảo Lê,ART_7e2747d6d4,POP_BALLAD,deterministic_mapping,1.0,N/A (Standard 11 Taxonomy),,MISSING,data/lyrics/RMVM_S_c6ac74fb6f.txt,AVAILABLE,,MISSING,,UNVERIFIED,TIER_A,LYRICS_ONLY,train
RMVM_S_13aa5d373f,Đêm Xót Xa,Ngô Thanh Vân,ART_664da31eb4,POP_BALLAD,deterministic_mapping,1.0,N/A (Standard 11 Taxonomy),,MISSING,data/lyrics/RMVM_S_13aa5d373f.txt,AVAILABLE,,MISSING,,UNVERIFIED,TIER_A,LYRICS_ONLY,train
RMVM_S_ea7fa8f68c,Dễ Yêu Dễ Quên (Tropical),"Nhật Tinh Anh, Nguyễn Đình Vũ, Thái Anthony",ART_f518391737,DANCE_EDM,deterministic_mapping,1.0,N/A (Standard 11 Taxonomy),,MISSING,data/lyrics/RMVM_S_ea7fa8f68c.txt,AVAILABLE,,MISSING,,UNVERIFIED,TIER_A,LYRICS_ONLY,train
RMVM_S_299b7ffb51,Biết Ơn Bởi Đang Ở Lại,Phan Mạnh Quỳnh,ART_d8b0f891e7,POP_BALLAD,deterministic_mapping,1.0,N/A (Standard 11 Taxonomy),,MISSING,data/lyrics/RMVM_S_299b7ffb51.txt,AVAILABLE,data/covers/RMVM_S_299b7ffb51.jpg,AVAILABLE,,UNVERIFIED,TIER_A,LYRICS_COVER,train
RMVM_S_9af087bcd2,Hãy Cho Chúng Tôi Thấy,Phan Mạnh Quỳnh,ART_d8b0f891e7,POP_BALLAD,deterministic_mapping,1.0,N/A (Standard 11 Taxonomy),,MISSING,data/lyrics/RMVM_S_9af087bcd2.txt,AVAILABLE,,MISSING,,UNVERIFIED,TIER_A,LYRICS_ONLY,train
RMVM_S_525318b02f,Anh Là Con Rối Của Em (Remix),"Dương Nhất Linh, Tanzui",ART_635b7e4203,POP_BALLAD,deterministic_mapping,1.0,N/A (Standard 11 Taxonomy),,MISSING,data/lyrics/RMVM_S_525318b02f.txt,AVAILABLE,,MISSING,,UNVERIFIED,TIER_A,LYRICS_ONLY,train
RMVM_S_2a6b5d6fa3,Con Tim Anh Thuộc Về Em,Sỹ Luân,ART_7ab361585b,POP_BALLAD,deterministic_mapping,1.0,N/A (Standard 11 Taxonomy),,MISSING,data/lyrics/RMVM_S_2a6b5d6fa3.txt,AVAILABLE,,MISSING,,UNVERIFIED,TIER_A,LYRICS_ONLY,train
RMVM_S_8df92eb6d2,Nhỏ Ơi Đừng Ghen,Đoàn Việt Phương,ART_9bdc86fea0,POP_BALLAD,deterministic_mapping,1.0,N/A (Standard 11 Taxonomy),,MISSING,,MISSING,data/covers/RMVM_S_8df92eb6d2.jpg,AVAILABLE,,UNVERIFIED,TIER_A,COVER_ONLY,train
RMVM_S_2ac3e6754e,Định Mệnh,Đoàn Việt Phương,ART_9bdc86fea0,BOLERO_TRUTINH,deterministic_mapping,1.0,N/A (Standard 11 Taxonomy),,MISSING,data/lyrics/RMVM_S_2ac3e6754e.txt,AVAILABLE,,MISSING,,UNVERIFIED,TIER_A,LYRICS_ONLY,train
RMVM_S_95552aeb06,Anh Quá Khó Phải Không Em (Remix),Đoàn Việt Phương,ART_9bdc86fea0,POP_BALLAD,deterministic_mapping,1.0,N/A (Standard 11 Taxonomy),,MISSING,data/lyrics/RMVM_S_95552aeb06.txt,AVAILABLE,,MISSING,2014.0,VERIFIED,TIER_A,LYRICS_ONLY,train
RMVM_S_6645225320,Baby I Love You,Đoàn Việt Phương,ART_9bdc86fea0,POP_BALLAD,deterministic_mapping,1.0,N/A (Standard 11 Taxonomy),,MISSING,data/lyrics/RMVM_S_6645225320.txt,AVAILABLE,,MISSING,,UNVERIFIED,TIER_A,LYRICS_ONLY,train
RMVM_S_e45b15ffda,Biển Của Một Thời Đã Mất,Phương Thảo,ART_a2d5402d30,BOLERO_TRUTINH,deterministic_mapping,1.0,N/A (Standard 11 Taxonomy),,MISSING,data/lyrics/RMVM_S_e45b15ffda.txt,AVAILABLE,,MISSING,,UNVERIFIED,TIER_A,LYRICS_ONLY,train
RMVM_S_55faae7cc9,Hãy Đàn Lên,Phương Thảo,ART_a2d5402d30,POP_BALLAD,deterministic_mapping,1.0,N/A (Standard 11 Taxonomy),,MISSING,data/lyrics/RMVM_S_55faae7cc9.txt,AVAILABLE,,MISSING,,UNVERIFIED,TIER_A,LYRICS_ONLY,train
RMVM_S_5b800ca74d,Anh Vẫn Không (Remix) (Thời Không Sai Lệch),Vĩnh Thuyên Kim,ART_b5e4af47bb,POP_BALLAD,deterministic_mapping,1.0,N/A (Standard 11 Taxonomy),,MISSING,data/lyrics/RMVM_S_5b800ca74d.txt,AVAILABLE,,MISSING,,UNVERIFIED,TIER_A,LYRICS_ONLY,train
RMVM_S_7c3af1fa25,Bên Anh Lần Cuối (One More Night),Vĩnh Thuyên Kim,ART_b5e4af47bb,POP_BALLAD,deterministic_mapping,1.0,N/A (Standard 11 Taxonomy),,MISSING,data/lyrics/RMVM_S_7c3af1fa25.txt,AVAILABLE,,MISSING,,UNVERIFIED,TIER_A,LYRICS_ONLY,train
RMVM_S_8a60c12cbe,Níu Lấy Tay Anh,Vĩnh Thuyên Kim,ART_b5e4af47bb,POP_BALLAD,deterministic_mapping,1.0,N/A (Standard 11 Taxonomy),,MISSING,data/lyrics/RMVM_S_8a60c12cbe.txt,AVAILABLE,,MISSING,,UNVERIFIED,TIER_A,LYRICS_ONLY,train
RMVM_S_83a2142bfb,Mashup Ôi Tình Yêu - Ok Chia Tay,Vĩnh Thuyên Kim,ART_b5e4af47bb,POP_BALLAD,deterministic_mapping,1.0,N/A (Standard 11 Taxonomy),,MISSING,data/lyrics/RMVM_S_83a2142bfb.txt,AVAILABLE,,MISSING,,UNVERIFIED,TIER_A,LYRICS_ONLY,train
RMVM_MB_5c9c1d9aa8,ĐƯA EM VÀO TRÒNG,GDucky,ART_ba631b4a56,RAP_HIPHOP,musicbrainz_artist_discography,0.85,N/A (Standard 11 Taxonomy),,MISSING,,MISSING,,MISSING,2025.0,VERIFIED,TIER_B,NO_PHYSICAL_MODALITY,train
RMVM_S_33f8305ac7,Dù Tình Sương Khói,"Quỳnh Vi, Trịnh Lam",ART_668d49e577,INSTRUMENTAL,source_tag_verification,0.85,N/A (Standard 11 Taxonomy),,MISSING,data/lyrics/RMVM_S_33f8305ac7.txt,AVAILABLE,,MISSING,,UNVERIFIED,TIER_B,LYRICS_ONLY,train
RMVM_S_3ecbff600d,Hãy Cứ Vui Như Mọi Ngày,Huy MC,ART_e62962d06d,NHAC_TRINH,deterministic_mapping,1.0,N/A (Standard 11 Taxonomy),,MISSING,data/lyrics/RMVM_S_3ecbff600d.txt,AVAILABLE,,MISSING,,UNVERIFIED,TIER_A,LYRICS_ONLY,train
RMVM_S_34c6d446f4,Tết Đến Khi Con Về,"Tú DuCa, HHD",ART_8f9ef0c5e8,POP_BALLAD,deterministic_mapping,1.0,N/A (Standard 11 Taxonomy),,MISSING,data/lyrics/RMVM_S_34c6d446f4.txt,AVAILABLE,,MISSING,,UNVERIFIED,TIER_A,LYRICS_ONLY,train
RMVM_S_40e61aea58,Liệu Rằng,Barry Nam Bảo,ART_eeff6de893,POP_BALLAD,deterministic_mapping,1.0,N/A (Standard 11 Taxonomy),,MISSING,data/lyrics/RMVM_S_40e61aea58.txt,AVAILABLE,,MISSING,,UNVERIFIED,TIER_A,LYRICS_ONLY,train
RMVM_S_02441c8ac5,Nhân Duyên Do Trời,Barry Nam Bảo,ART_eeff6de893,POP_BALLAD,deterministic_mapping,1.0,N/A (Standard 11 Taxonomy),,MISSING,data/lyrics/RMVM_S_02441c8ac5.txt,AVAILABLE,,MISSING,,UNVERIFIED,TIER_A,LYRICS_ONLY,train
RMVM_S_05e686e062,Chia Tay Trong Nước Mắt,Phương NP,ART_cafd47bcec,POP_BALLAD,deterministic_mapping,1.0,N/A (Standard 11 Taxonomy),,MISSING,data/lyrics/RMVM_S_05e686e062.txt,AVAILABLE,,MISSING,,UNVERIFIED,TIER_A,LYRICS_ONLY,train
RMVM_S_cbcc09bfe4,Tìm Em Câu Ví Sông Lam,Lê Thu Uyên,ART_b3cd7f48e5,BOLERO_TRUTINH,deterministic_mapping,1.0,N/A (Standard 11 Taxonomy),,MISSING,data/lyrics/RMVM_S_cbcc09bfe4.txt,AVAILABLE,,MISSING,,UNVERIFIED,TIER_A,LYRICS_ONLY,train
RMVM_S_c594c252da,Một Mùa Xuân Nho Nhỏ,Lê Thu Uyên,ART_b3cd7f48e5,BOLERO_TRUTINH,deterministic_mapping,1.0,N/A (Standard 11 Taxonomy),,MISSING,data/lyrics/RMVM_S_c594c252da.txt,AVAILABLE,,MISSING,,UNVERIFIED,TIER_A,LYRICS_ONLY,train
RMVM_MB_4196d4edd9,Kilo,Monstar,ART_d13f16501d,RB_SOUL,musicbrainz_artist_discography,0.85,N/A (Standard 11 Taxonomy),,MISSING,,MISSING,,MISSING,2012.0,VERIFIED,TIER_B,NO_PHYSICAL_MODALITY,train
RMVM_MB_c80d0d700f,Let The Music,Monstar,ART_d13f16501d,RB_SOUL,musicbrainz_artist_discography,0.85,N/A (Standard 11 Taxonomy),,MISSING,,MISSING,,MISSING,2012.0,VERIFIED,TIER_B,NO_PHYSICAL_MODALITY,train
RMVM_MB_5b50b6bc65,Face Fucking Bass,Monstar,ART_d13f16501d,RB_SOUL,musicbrainz_artist_discography,0.85,N/A (Standard 11 Taxonomy),,MISSING,,MISSING,,MISSING,2012.0,VERIFIED,TIER_B,NO_PHYSICAL_MODALITY,train
RMVM_MB_5d6c7ea321,Harder,Monstar,ART_d13f16501d,RB_SOUL,musicbrainz_artist_discography,0.85,N/A (Standard 11 Taxonomy),,MISSING,,MISSING,,MISSING,2012.0,VERIFIED,TIER_B,NO_PHYSICAL_MODALITY,train
RMVM_MB_67145da2dd,Put Ya Hands Up,Monstar,ART_d13f16501d,RB_SOUL,musicbrainz_artist_discography,0.85,N/A (Standard 11 Taxonomy),,MISSING,,MISSING,,MISSING,2010.0,VERIFIED,TIER_B,NO_PHYSICAL_MODALITY,train
RMVM_MB_b6140e2196,Wonderboy (Vodge Diper remix),Monstar,ART_d13f16501d,RB_SOUL,musicbrainz_artist_discography,0.85,N/A (Standard 11 Taxonomy),,MISSING,,MISSING,,MISSING,2012.0,VERIFIED,TIER_B,NO_PHYSICAL_MODALITY,train
RMVM_MB_c7daeb42f9,Entfesselt,Monstar,ART_d13f16501d,RB_SOUL,musicbrainz_artist_discography,0.85,N/A (Standard 11 Taxonomy),,MISSING,,MISSING,,MISSING,2010.0,VERIFIED,TIER_B,NO_PHYSICAL_MODALITY,train
RMVM_MB_3c70891466,Bastard,Monstar,ART_d13f16501d,RB_SOUL,musicbrainz_artist_discography,0.85,N/A (Standard 11 Taxonomy),,MISSING,,MISSING,,MISSING,2012.0,VERIFIED,TIER_B,NO_PHYSICAL_MODALITY,train
RMVM_S_1aacef14b2,Đừng Gọi Em Là Mặt Trời,"Đoàn Minh Quân, MAI",ART_224d5c6b6e,POP_BALLAD,deterministic_mapping,1.0,N/A (Standard 11 Taxonomy),,MISSING,data/lyrics/RMVM_S_1aacef14b2.txt,AVAILABLE,,MISSING,,UNVERIFIED,TIER_A,LYRICS_ONLY,train
RMVM_S_6a31f786eb,Chờ Em Là Hạnh Phúc (Lofi Version),Cao Sỹ Hùng,ART_e9a531336d,POP_BALLAD,deterministic_mapping,1.0,N/A (Standard 11 Taxonomy),,MISSING,,MISSING,data/covers/RMVM_S_6a31f786eb.jpg,AVAILABLE,,UNVERIFIED,TIER_A,COVER_ONLY,train
RMVM_S_9d3c30edfb,Bài Ca Ngày Vu Quy,Cao Sỹ Hùng,ART_e9a531336d,BOLERO_TRUTINH,deterministic_mapping,1.0,N/A (Standard 11 Taxonomy),,MISSING,data/lyrics/RMVM_S_9d3c30edfb.txt,AVAILABLE,,MISSING,,UNVERIFIED,TIER_A,LYRICS_ONLY,train
RMVM_S_b4cb97e318,Con Cò Quên Mẹ,Cao Sỹ Hùng,ART_e9a531336d,BOLERO_TRUTINH,deterministic_mapping,1.0,N/A (Standard 11 Taxonomy),,MISSING,data/lyrics/RMVM_S_b4cb97e318.txt,AVAILABLE,,MISSING,,UNVERIFIED,TIER_A,LYRICS_ONLY,train
RMVM_S_617f6652bf,Anh Đánh Rơi Em Đây Này,"Tuyến Kim, Đạt Khói",ART_412b1bf733,POP_BALLAD,deterministic_mapping,1.0,N/A (Standard 11 Taxonomy),,MISSING,data/lyrics/RMVM_S_617f6652bf.txt,AVAILABLE,,MISSING,,UNVERIFIED,TIER_A,LYRICS_ONLY,train
RMVM_S_4fa919efac,Ảo Mộng (Remix),Nhất Vũ,ART_dd53373e7c,POP_BALLAD,deterministic_mapping,1.0,N/A (Standard 11 Taxonomy),,MISSING,data/lyrics/RMVM_S_4fa919efac.txt,AVAILABLE,,MISSING,,UNVERIFIED,TIER_A,LYRICS_ONLY,train
RMVM_S_7a4d15a4fc,LK Hoa Cỏ Mùa Xuân,Nhất Vũ,ART_dd53373e7c,POP_BALLAD,deterministic_mapping,1.0,N/A (Standard 11 Taxonomy),,MISSING,data/lyrics/RMVM_S_7a4d15a4fc.txt,AVAILABLE,,MISSING,,UNVERIFIED,TIER_A,LYRICS_ONLY,train
RMVM_S_1ac683e5a4,Khúc Hát Mừng Sinh Nhật,Hùng Min,ART_7338890a30,POP_BALLAD,deterministic_mapping,1.0,N/A (Standard 11 Taxonomy),,MISSING,data/lyrics/RMVM_S_1ac683e5a4.txt,AVAILABLE,,MISSING,,UNVERIFIED,TIER_A,LYRICS_ONLY,train
RMVM_S_85cf318521,ANH KHÔNG BẬN TÂM,Roy Nguyễn,ART_c27c073dc2,POP_BALLAD,deterministic_mapping,1.0,N/A (Standard 11 Taxonomy),,MISSING,data/lyrics/RMVM_S_85cf318521.txt,AVAILABLE,,MISSING,,UNVERIFIED,TIER_A,LYRICS_ONLY,train
RMVM_S_e81565326f,Cánh Hoa Vụt Mất,Trương Thế Vinh,ART_9b83bfc67b,POP_BALLAD,deterministic_mapping,1.0,N/A (Standard 11 Taxonomy),,MISSING,data/lyrics/RMVM_S_e81565326f.txt,AVAILABLE,,MISSING,2024.0,VERIFIED,TIER_A,LYRICS_ONLY,train
RMVM_S_391d3b3ae1,Nói Trước Bước Không Qua (Piano Version),Lynn,ART_032b5b2c60,POP_BALLAD,deterministic_mapping,1.0,N/A (Standard 11 Taxonomy),,MISSING,data/lyrics/RMVM_S_391d3b3ae1.txt,AVAILABLE,,MISSING,,UNVERIFIED,TIER_A,LYRICS_ONLY,train
RMVM_S_25f5cbc1e3,Anh Về Đây Làm Gì,Lynn,ART_032b5b2c60,POP_BALLAD,deterministic_mapping,1.0,N/A (Standard 11 Taxonomy),,MISSING,data/lyrics/RMVM_S_25f5cbc1e3.txt,AVAILABLE,,MISSING,,UNVERIFIED,TIER_A,LYRICS_ONLY,train
RMVM_S_8776698117,Kết Thúc Ngơ Ngác (Piano Version),Lynn,ART_032b5b2c60,POP_BALLAD,deterministic_mapping,1.0,N/A (Standard 11 Taxonomy),,MISSING,data/lyrics/RMVM_S_8776698117.txt,AVAILABLE,,MISSING,,UNVERIFIED,TIER_A,LYRICS_ONLY,train
RMVM_S_24be07f308,Người Mình Yêu Chưa Chắc Đã Yêu Mình (Piano Version),Lynn,ART_032b5b2c60,POP_BALLAD,deterministic_mapping,1.0,N/A (Standard 11 Taxonomy),,MISSING,data/lyrics/RMVM_S_24be07f308.txt,AVAILABLE,,MISSING,,UNVERIFIED,TIER_A,LYRICS_ONLY,train
RMVM_S_e48a280f91,Anh Ở Lại,"KindyA, Kizzik, KaWaiiBi",ART_6aceb8c1ee,RAP_HIPHOP,deterministic_mapping,1.0,N/A (Standard 11 Taxonomy),,MISSING,data/lyrics/RMVM_S_e48a280f91.txt,AVAILABLE,,MISSING,,UNVERIFIED,TIER_A,LYRICS_ONLY,train
RMVM_S_01ba6feea4,Anh Không Vui Chơi Đâu,"Kyo, Suzie",ART_ed8856b838,POP_BALLAD,deterministic_mapping,1.0,N/A (Standard 11 Taxonomy),,MISSING,data/lyrics/RMVM_S_01ba6feea4.txt,AVAILABLE,,MISSING,,UNVERIFIED,TIER_A,LYRICS_ONLY,train
RMVM_S_429b091851,Khung Trời Ngày Xưa (25th Làn Sóng Xanh),"Isaac, Hòa Minzy",ART_0ff728cd82,POP_BALLAD,deterministic_mapping,1.0,N/A (Standard 11 Taxonomy),,MISSING,data/lyrics/RMVM_S_429b091851.txt,AVAILABLE,,MISSING,,UNVERIFIED,TIER_A,LYRICS_ONLY,train
RMVM_S_c788218c33,Tình Yêu Hai Thế Giới 1,Dukytnt Lee,ART_175c9a84cf,POP_BALLAD,deterministic_mapping,1.0,N/A (Standard 11 Taxonomy),,MISSING,data/lyrics/RMVM_S_c788218c33.txt,AVAILABLE,,MISSING,,UNVERIFIED,TIER_A,LYRICS_ONLY,train
RMVM_S_b016f4afb3,Cún Ơi 3 (Người Lạ Từng Quen 6),Dukytnt Lee,ART_175c9a84cf,POP_BALLAD,deterministic_mapping,1.0,N/A (Standard 11 Taxonomy),,MISSING,data/lyrics/RMVM_S_b016f4afb3.txt,AVAILABLE,,MISSING,,UNVERIFIED,TIER_A,LYRICS_ONLY,train
RMVM_S_fc35dfb773,Cô Em Đừng Rời Xa Ta,"SoHo, TDA",ART_c228ee4df2,POP_BALLAD,deterministic_mapping,1.0,N/A (Standard 11 Taxonomy),,MISSING,data/lyrics/RMVM_S_fc35dfb773.txt,AVAILABLE,,MISSING,,UNVERIFIED,TIER_A,LYRICS_ONLY,train
RMVM_S_d1e6d6fe95,Thương Về Cố Đô (2017),"Lương Gia Huy, Lâm Chấn Huy",ART_48f40ab9f5,FOLK_TRADITIONAL,deterministic_mapping,1.0,N/A (Standard 11 Taxonomy),,MISSING,data/lyrics/RMVM_S_d1e6d6fe95.txt,AVAILABLE,,MISSING,2017.0,VERIFIED,TIER_A,LYRICS_ONLY,train
RMVM_S_e848474a3c,Đẹp Tình Quê Hương,Minh Béo,ART_e4640ce534,BOLERO_TRUTINH,deterministic_mapping,1.0,N/A (Standard 11 Taxonomy),,MISSING,data/lyrics/RMVM_S_e848474a3c.txt,AVAILABLE,,MISSING,,UNVERIFIED,TIER_A,LYRICS_ONLY,train
RMVM_S_7b7ae39f34,Em Vui Đi,Phutoro,ART_7118111198,RAP_HIPHOP,deterministic_mapping,1.0,N/A (Standard 11 Taxonomy),,MISSING,data/lyrics/RMVM_S_7b7ae39f34.txt,AVAILABLE,,MISSING,,UNVERIFIED,TIER_A,LYRICS_ONLY,train
RMVM_S_9e95442aec,Cố Mà Sống,Phutoro,ART_7118111198,RAP_HIPHOP,deterministic_mapping,1.0,N/A (Standard 11 Taxonomy),,MISSING,data/lyrics/RMVM_S_9e95442aec.txt,AVAILABLE,,MISSING,,UNVERIFIED,TIER_A,LYRICS_ONLY,train
RMVM_S_40ea6bbff1,ĐÃ LỠ IU,"gung0cay, $A Milo, Gxxfy",ART_6dbaed215f,RAP_HIPHOP,deterministic_mapping,1.0,N/A (Standard 11 Taxonomy),,MISSING,data/lyrics/RMVM_S_40ea6bbff1.txt,AVAILABLE,,MISSING,,UNVERIFIED,TIER_A,LYRICS_ONLY,train
RMVM_S_43d0cf656d,Nhớ Mưa Xưa,Khắc Triệu,ART_4b6d379a84,BOLERO_TRUTINH,deterministic_mapping,1.0,N/A (Standard 11 Taxonomy),,MISSING,data/lyrics/RMVM_S_43d0cf656d.txt,AVAILABLE,,MISSING,,UNVERIFIED,TIER_A,LYRICS_ONLY,train
RMVM_S_5c28f6a31e,Hãy Thắp Ánh Sáng,Khắc Triệu,ART_4b6d379a84,POP_BALLAD,deterministic_mapping,1.0,N/A (Standard 11 Taxonomy),,MISSING,data/lyrics/RMVM_S_5c28f6a31e.txt,AVAILABLE,,MISSING,,UNVERIFIED,TIER_A,LYRICS_ONLY,train
RMVM_S_1af6c947e4,Bên Ấy Bên Này (Chillout),Long Cao,ART_d991a8dc50,DANCE_EDM,deterministic_mapping,1.0,N/A (Standard 11 Taxonomy),,MISSING,data/lyrics/RMVM_S_1af6c947e4.txt,AVAILABLE,,MISSING,,UNVERIFIED,TIER_A,LYRICS_ONLY,train
RMVM_S_4e727d6880,Cô Ấy Không Thích Tôi,Long Cao,ART_d991a8dc50,POP_BALLAD,deterministic_mapping,1.0,N/A (Standard 11 Taxonomy),,MISSING,data/lyrics/RMVM_S_4e727d6880.txt,AVAILABLE,,MISSING,,UNVERIFIED,TIER_A,LYRICS_ONLY,train
RMVM_MB_52f422d20a,Nó,Datmaniac,ART_42ed5d4ad8,RAP_HIPHOP,musicbrainz_artist_discography,0.85,N/A (Standard 11 Taxonomy),,MISSING,,MISSING,,MISSING,2024.0,VERIFIED,TIER_B,NO_PHYSICAL_MODALITY,train
RMVM_S_6ca2313908,Mãi Mãi Là Một Lời Nói Dối (Piano Version),"Khổng Tú Quỳnh, RIN9",ART_19555b9af3,POP_BALLAD,deterministic_mapping,1.0,N/A (Standard 11 Taxonomy),,MISSING,data/lyrics/RMVM_S_6ca2313908.txt,AVAILABLE,,MISSING,,UNVERIFIED,TIER_A,LYRICS_ONLY,train
RMVM_S_0fc3b8e821,TIẾNG YÊU VỘI VÀNG,Poll,ART_b0f6dfb42f,POP_BALLAD,deterministic_mapping,1.0,N/A (Standard 11 Taxonomy),,MISSING,data/lyrics/RMVM_S_0fc3b8e821.txt,AVAILABLE,,MISSING,,UNVERIFIED,TIER_A,LYRICS_ONLY,train
RMVM_S_b00c6e2f8c,Con Phải Làm Sao,Bùi Công Nam,ART_69b429162b,POP_BALLAD,deterministic_mapping,1.0,N/A (Standard 11 Taxonomy),,MISSING,data/lyrics/RMVM_S_b00c6e2f8c.txt,AVAILABLE,,MISSING,,UNVERIFIED,TIER_A,LYRICS_ONLY,train
RMVM_S_6299b286a3,Chúa Tể (New Version),Bùi Công Nam,ART_69b429162b,POP_BALLAD,deterministic_mapping,1.0,N/A (Standard 11 Taxonomy),,MISSING,data/lyrics/RMVM_S_6299b286a3.txt,AVAILABLE,,MISSING,,UNVERIFIED,TIER_A,LYRICS_ONLY,train
RMVM_S_ae9b5cabbd,Chạm Gần Thêm Thương,Trúc Nhân,ART_1a77dc6ebf,POP_BALLAD,deterministic_mapping,1.0,N/A (Standard 11 Taxonomy),,MISSING,data/lyrics/RMVM_S_ae9b5cabbd.txt,AVAILABLE,,MISSING,,UNVERIFIED,TIER_A,LYRICS_ONLY,train
RMVM_S_ce61b43f70,Aiii Chuyện Cũ Bán Hông?,Trúc Nhân,ART_1a77dc6ebf,POP_BALLAD,deterministic_mapping,1.0,N/A (Standard 11 Taxonomy),,MISSING,data/lyrics/RMVM_S_ce61b43f70.txt,AVAILABLE,,MISSING,,UNVERIFIED,TIER_A,LYRICS_ONLY,train
RMVM_S_03cd279a21,Dở Hơi,Xanh 8+1,ART_a5bbe2f94d,ROCK,deterministic_mapping,1.0,N/A (Standard 11 Taxonomy),,MISSING,,MISSING,data/covers/RMVM_S_03cd279a21.jpg,AVAILABLE,,UNVERIFIED,TIER_A,COVER_ONLY,train
RMVM_S_f7d2a624a9,Chuyến Đi Dài,Xanh 8+1,ART_a5bbe2f94d,ROCK,deterministic_mapping,1.0,N/A (Standard 11 Taxonomy),,MISSING,data/lyrics/RMVM_S_f7d2a624a9.txt,AVAILABLE,,MISSING,,UNVERIFIED,TIER_A,LYRICS_ONLY,train
RMVM_S_06b482e1cd,Cần,Xanh 8+1,ART_a5bbe2f94d,POP_BALLAD,deterministic_mapping,1.0,N/A (Standard 11 Taxonomy),,MISSING,data/lyrics/RMVM_S_06b482e1cd.txt,AVAILABLE,,MISSING,,UNVERIFIED,TIER_A,LYRICS_ONLY,train
RMVM_S_45b116772a,Người Ở Người Về,Thanh Lam,ART_353d160c6b,BOLERO_TRUTINH,deterministic_mapping,1.0,N/A (Standard 11 Taxonomy),,MISSING,data/lyrics/RMVM_S_45b116772a.txt,AVAILABLE,,MISSING,,UNVERIFIED,TIER_A,LYRICS_ONLY,train
RMVM_S_326e403e36,Nhớ Quê,Linh Hoa,ART_d7231aa480,POP_BALLAD,deterministic_mapping,1.0,N/A (Standard 11 Taxonomy),,MISSING,data/lyrics/RMVM_S_326e403e36.txt,AVAILABLE,,MISSING,,UNVERIFIED,TIER_A,LYRICS_ONLY,train
RMVM_S_f7e0f314b2,Đôi Mắt Thiên Thần,Cường Seven,ART_1003f71df6,POP_BALLAD,deterministic_mapping,1.0,N/A (Standard 11 Taxonomy),,MISSING,data/lyrics/RMVM_S_f7e0f314b2.txt,AVAILABLE,,MISSING,,UNVERIFIED,TIER_A,LYRICS_ONLY,train
RMVM_S_0722c56887,Mashup Để Cho Em Khóc - Sống Xa Anh Chẳng Dễ Dàng (Remix),Lương Viết Quang,ART_893a15a317,DANCE_EDM,deterministic_mapping,1.0,N/A (Standard 11 Taxonomy),,MISSING,data/lyrics/RMVM_S_0722c56887.txt,AVAILABLE,,MISSING,,UNVERIFIED,TIER_A,LYRICS_ONLY,train
RMVM_S_877141940f,Khúc Tự Tình Phố Núi,Hồ Trung Dũng,ART_bedae72137,BOLERO_TRUTINH,deterministic_mapping,1.0,N/A (Standard 11 Taxonomy),,MISSING,data/lyrics/RMVM_S_877141940f.txt,AVAILABLE,,MISSING,,UNVERIFIED,TIER_A,LYRICS_ONLY,train
RMVM_S_271a5f8466,Ký Ức Còn Mang,Hồ Trung Dũng,ART_bedae72137,BOLERO_TRUTINH,deterministic_mapping,1.0,N/A (Standard 11 Taxonomy),,MISSING,data/lyrics/RMVM_S_271a5f8466.txt,AVAILABLE,,MISSING,,UNVERIFIED,TIER_A,LYRICS_ONLY,train
RMVM_S_132eb88537,Cho Người Tình Phụ,"Kim Cương, Nhật Nguyên",ART_3fd64aeb43,BOLERO_TRUTINH,deterministic_mapping,1.0,N/A (Standard 11 Taxonomy),,MISSING,,MISSING,data/covers/RMVM_S_132eb88537.jpg,AVAILABLE,,UNVERIFIED,TIER_A,COVER_ONLY,train
RMVM_S_7cf423e459,Vì Nếu Yêu Em Anh Sẽ,"YLing, Drum7",ART_eb9543ce67,POP_BALLAD,deterministic_mapping,1.0,N/A (Standard 11 Taxonomy),,MISSING,data/lyrics/RMVM_S_7cf423e459.txt,AVAILABLE,,MISSING,,UNVERIFIED,TIER_A,LYRICS_ONLY,train
RMVM_S_9d6ba5dba7,"Hè, Chợt Về Chí Linh? (Beat)","Trần Minh Tiến, Cao Tuấn Anh",ART_403449d2c7,POP_BALLAD,deterministic_mapping,1.0,N/A (Standard 11 Taxonomy),,MISSING,data/lyrics/RMVM_S_9d6ba5dba7.txt,AVAILABLE,,MISSING,,UNVERIFIED,TIER_A,LYRICS_ONLY,train
RMVM_S_99d55aeff5,Bình Minh Xa Xôi,Cyrus Thiên Ân,ART_4e84a727bb,POP_BALLAD,deterministic_mapping,1.0,N/A (Standard 11 Taxonomy),,MISSING,data/lyrics/RMVM_S_99d55aeff5.txt,AVAILABLE,,MISSING,,UNVERIFIED,TIER_A,LYRICS_ONLY,train
RMVM_MB_8d3067e0de,Hồ Chí Minh đẹp nhất tên Người,Kiều Hưng,ART_4ad333ac01,REVOLUTIONARY,musicbrainz_artist_discography,0.85,N/A (Standard 11 Taxonomy),,MISSING,,MISSING,,MISSING,,UNVERIFIED,TIER_B,NO_PHYSICAL_MODALITY,train
RMVM_MB_59665d46d3,Bèo giạt mây trôi,Kiều Hưng,ART_4ad333ac01,REVOLUTIONARY,musicbrainz_artist_discography,0.85,N/A (Standard 11 Taxonomy),,MISSING,,MISSING,,MISSING,1999.0,VERIFIED,TIER_B,NO_PHYSICAL_MODALITY,train
RMVM_MB_b00a253b0c,Khúc hát thanh xuân,Kiều Hưng,ART_4ad333ac01,REVOLUTIONARY,musicbrainz_artist_discography,0.85,N/A (Standard 11 Taxonomy),,MISSING,,MISSING,,MISSING,1998.0,VERIFIED,TIER_B,NO_PHYSICAL_MODALITY,train
RMVM_MB_1c430e2e31,Võ câu muôn dặm,Kiều Hưng,ART_4ad333ac01,REVOLUTIONARY,musicbrainz_artist_discography,0.85,N/A (Standard 11 Taxonomy),,MISSING,,MISSING,,MISSING,1998.0,VERIFIED,TIER_B,NO_PHYSICAL_MODALITY,train
RMVM_S_6cb0e351e1,Phèo Ơi!,Milk,ART_ecbdb882ae,POP_BALLAD,deterministic_mapping,1.0,N/A (Standard 11 Taxonomy),,MISSING,data/lyrics/RMVM_S_6cb0e351e1.txt,AVAILABLE,,MISSING,,UNVERIFIED,TIER_A,LYRICS_ONLY,train
RMVM_S_a2b7fa6d6c,Đâu Phải Nhân Tình,Milk,ART_ecbdb882ae,POP_BALLAD,deterministic_mapping,1.0,N/A (Standard 11 Taxonomy),,MISSING,data/lyrics/RMVM_S_a2b7fa6d6c.txt,AVAILABLE,,MISSING,,UNVERIFIED,TIER_A,LYRICS_ONLY,train
RMVM_S_8d767861f5,Bước Za Đi Xa,"Wxrdie, Marlykid, Lucin3x",ART_a7192db0c7,POP_BALLAD,deterministic_mapping,1.0,N/A (Standard 11 Taxonomy),,MISSING,data/lyrics/RMVM_S_8d767861f5.txt,AVAILABLE,,MISSING,,UNVERIFIED,TIER_A,LYRICS_ONLY,train
RMVM_S_d5286d6d01,Chẳng Hề Đổi Thay,"Tăng Phúc, Trương Thảo Nhi, Gold MK",ART_45d11ad8ea,POP_BALLAD,deterministic_mapping,1.0,N/A (Standard 11 Taxonomy),,MISSING,data/lyrics/RMVM_S_d5286d6d01.txt,AVAILABLE,,MISSING,,UNVERIFIED,TIER_A,LYRICS_ONLY,train
RMVM_S_77368e5279,Cuộc Tình Kỳ Cục,SUNDAZE,ART_1b7e249c94,POP_BALLAD,deterministic_mapping,1.0,N/A (Standard 11 Taxonomy),,MISSING,data/lyrics/RMVM_S_77368e5279.txt,AVAILABLE,,MISSING,,UNVERIFIED,TIER_A,LYRICS_ONLY,train
RMVM_S_f3b7222e3c,Người Lạ Nơi Cuối Chân Trời,"LK, JustaTee",ART_f47ad8df83,POP_BALLAD,deterministic_mapping,1.0,N/A (Standard 11 Taxonomy),,MISSING,data/lyrics/RMVM_S_f3b7222e3c.txt,AVAILABLE,,MISSING,,UNVERIFIED,TIER_A,LYRICS_ONLY,train
RMVM_S_23c787c7d1,Liên Khúc Ơn Nghĩa Sinh Thành,Trường Kha,ART_abe0f2439b,BOLERO_TRUTINH,deterministic_mapping,1.0,N/A (Standard 11 Taxonomy),,MISSING,data/lyrics/RMVM_S_23c787c7d1.txt,AVAILABLE,data/covers/RMVM_S_23c787c7d1.jpg,AVAILABLE,,UNVERIFIED,TIER_A,LYRICS_COVER,train
RMVM_S_804de958d8,Đã Ai Từng Nói Với Em (You Mei You Ren Gao Su Ri),Trường Kha,ART_abe0f2439b,POP_BALLAD,deterministic_mapping,1.0,N/A (Standard 11 Taxonomy),,MISSING,data/lyrics/RMVM_S_804de958d8.txt,AVAILABLE,data/covers/RMVM_S_804de958d8.jpg,AVAILABLE,,UNVERIFIED,TIER_A,LYRICS_COVER,train
RMVM_S_cd0170ff54,Chuyện Người Hát Rong,Trường Kha,ART_abe0f2439b,BOLERO_TRUTINH,deterministic_mapping,1.0,N/A (Standard 11 Taxonomy),,MISSING,data/lyrics/RMVM_S_cd0170ff54.txt,AVAILABLE,,MISSING,,UNVERIFIED,TIER_A,LYRICS_ONLY,train
RMVM_S_2c36083637,Cô Bé Có Chiếc Răng Khểnh,Trường Kha,ART_abe0f2439b,BOLERO_TRUTINH,deterministic_mapping,1.0,N/A (Standard 11 Taxonomy),,MISSING,data/lyrics/RMVM_S_2c36083637.txt,AVAILABLE,,MISSING,,UNVERIFIED,TIER_A,LYRICS_ONLY,train
RMVM_S_eb2eec896c,Người Quảng Ngãi Chào Xuân (Remix 2021),Trường Kha,ART_abe0f2439b,BOLERO_TRUTINH,deterministic_mapping,1.0,N/A (Standard 11 Taxonomy),,MISSING,data/lyrics/RMVM_S_eb2eec896c.txt,AVAILABLE,,MISSING,2021.0,VERIFIED,TIER_A,LYRICS_ONLY,train
RMVM_S_e9e90d8607,Kết Thúc Chia Ly,Trường Kha,ART_abe0f2439b,POP_BALLAD,deterministic_mapping,1.0,N/A (Standard 11 Taxonomy),,MISSING,data/lyrics/RMVM_S_e9e90d8607.txt,AVAILABLE,,MISSING,,UNVERIFIED,TIER_A,LYRICS_ONLY,train
RMVM_S_21d1d9efd8,Đêm Hội Phố Hoài,Trường Kha,ART_abe0f2439b,BOLERO_TRUTINH,deterministic_mapping,1.0,N/A (Standard 11 Taxonomy),,MISSING,data/lyrics/RMVM_S_21d1d9efd8.txt,AVAILABLE,,MISSING,,UNVERIFIED,TIER_A,LYRICS_ONLY,train
RMVM_S_d892074f29,Em Hãy Về Cùng Anh,Trường Kha,ART_abe0f2439b,FOLK_TRADITIONAL,deterministic_mapping,1.0,N/A (Standard 11 Taxonomy),,MISSING,data/lyrics/RMVM_S_d892074f29.txt,AVAILABLE,,MISSING,,UNVERIFIED,TIER_A,LYRICS_ONLY,train
RMVM_S_f09dc0990b,Chiếc Giường Chia Đôi,Trường Kha,ART_abe0f2439b,POP_BALLAD,deterministic_mapping,1.0,N/A (Standard 11 Taxonomy),,MISSING,data/lyrics/RMVM_S_f09dc0990b.txt,AVAILABLE,,MISSING,,UNVERIFIED,TIER_A,LYRICS_ONLY,train
RMVM_S_39e88d580e,Cần Thơ Yêu Dấu,Trường Kha,ART_abe0f2439b,FOLK_TRADITIONAL,deterministic_mapping,1.0,N/A (Standard 11 Taxonomy),,MISSING,data/lyrics/RMVM_S_39e88d580e.txt,AVAILABLE,,MISSING,,UNVERIFIED,TIER_A,LYRICS_ONLY,train
RMVM_S_68777a5f30,Người Điên Biết Yêu,Trường Kha,ART_abe0f2439b,POP_BALLAD,deterministic_mapping,1.0,N/A (Standard 11 Taxonomy),,MISSING,data/lyrics/RMVM_S_68777a5f30.txt,AVAILABLE,,MISSING,,UNVERIFIED,TIER_A,LYRICS_ONLY,train
RMVM_S_3203405192,Bữa Cơm Đoàn Viên,Trường Kha,ART_abe0f2439b,POP_BALLAD,deterministic_mapping,1.0,N/A (Standard 11 Taxonomy),,MISSING,data/lyrics/RMVM_S_3203405192.txt,AVAILABLE,,MISSING,,UNVERIFIED,TIER_A,LYRICS_ONLY,train
RMVM_S_cd59318444,Anh Đâu Biết Em Thuộc Về Ai,Trường Kha,ART_abe0f2439b,POP_BALLAD,deterministic_mapping,1.0,N/A (Standard 11 Taxonomy),,MISSING,data/lyrics/RMVM_S_cd59318444.txt,AVAILABLE,,MISSING,,UNVERIFIED,TIER_A,LYRICS_ONLY,train
RMVM_S_e6e381cc46,Cảm Thông Để Không Hối Tiếc,Trường Kha,ART_abe0f2439b,POP_BALLAD,deterministic_mapping,1.0,N/A (Standard 11 Taxonomy),,MISSING,data/lyrics/RMVM_S_e6e381cc46.txt,AVAILABLE,,MISSING,,UNVERIFIED,TIER_A,LYRICS_ONLY,train
RMVM_S_cce6d3ffac,Bên Nhau Để Ta Bớt Đau,Trường Kha,ART_abe0f2439b,POP_BALLAD,deterministic_mapping,1.0,N/A (Standard 11 Taxonomy),,MISSING,data/lyrics/RMVM_S_cce6d3ffac.txt,AVAILABLE,,MISSING,,UNVERIFIED,TIER_A,LYRICS_ONLY,train
RMVM_S_9342098aae,Dạ Khúc Đêm Trăng,Trường Kha,ART_abe0f2439b,BOLERO_TRUTINH,deterministic_mapping,1.0,N/A (Standard 11 Taxonomy),,MISSING,data/lyrics/RMVM_S_9342098aae.txt,AVAILABLE,,MISSING,,UNVERIFIED,TIER_A,LYRICS_ONLY,train
RMVM_S_549f3af1ef,Bài Không Tên Số 12 - Bên Nhau Chiều Gió Lộng,Trường Kha,ART_abe0f2439b,BOLERO_TRUTINH,deterministic_mapping,1.0,N/A (Standard 11 Taxonomy),,MISSING,data/lyrics/RMVM_S_549f3af1ef.txt,AVAILABLE,,MISSING,,UNVERIFIED,TIER_A,LYRICS_ONLY,train
RMVM_S_5258de08e8,Apsara Vũ Nữ,Trường Kha,ART_abe0f2439b,FOLK_TRADITIONAL,deterministic_mapping,1.0,N/A (Standard 11 Taxonomy),,MISSING,data/lyrics/RMVM_S_5258de08e8.txt,AVAILABLE,,MISSING,,UNVERIFIED,TIER_A,LYRICS_ONLY,train
RMVM_S_8faa6cac56,Canh Bạc Cuộc Đời,Trường Kha,ART_abe0f2439b,POP_BALLAD,deterministic_mapping,1.0,N/A (Standard 11 Taxonomy),,MISSING,data/lyrics/RMVM_S_8faa6cac56.txt,AVAILABLE,,MISSING,,UNVERIFIED,TIER_A,LYRICS_ONLY,train
RMVM_S_c028884e58,Như Áng Mây Trời,Trường Kha,ART_abe0f2439b,BOLERO_TRUTINH,deterministic_mapping,1.0,N/A (Standard 11 Taxonomy),,MISSING,data/lyrics/RMVM_S_c028884e58.txt,AVAILABLE,,MISSING,,UNVERIFIED,TIER_A,LYRICS_ONLY,train
RMVM_S_8b0baa992f,Đường Tôi Đi Dài Theo Đất Nước,Trường Kha,ART_abe0f2439b,BOLERO_TRUTINH,deterministic_mapping,1.0,N/A (Standard 11 Taxonomy),,MISSING,data/lyrics/RMVM_S_8b0baa992f.txt,AVAILABLE,,MISSING,,UNVERIFIED,TIER_A,LYRICS_ONLY,train
RMVM_S_41852304d9,Sầu Khúc Mùa Đông,Trường Kha,ART_abe0f2439b,POP_BALLAD,deterministic_mapping,1.0,N/A (Standard 11 Taxonomy),,MISSING,data/lyrics/RMVM_S_41852304d9.txt,AVAILABLE,,MISSING,,UNVERIFIED,TIER_A,LYRICS_ONLY,train
RMVM_S_30aa02f53b,Bây Giờ Còn Nhớ Hay Không,Trường Kha,ART_abe0f2439b,BOLERO_TRUTINH,deterministic_mapping,1.0,N/A (Standard 11 Taxonomy),,MISSING,data/lyrics/RMVM_S_30aa02f53b.txt,AVAILABLE,,MISSING,,UNVERIFIED,TIER_A,LYRICS_ONLY,train
RMVM_S_759641a929,Dù Chỉ Một Lần,Trường Kha,ART_abe0f2439b,FOLK_TRADITIONAL,deterministic_mapping,1.0,N/A (Standard 11 Taxonomy),,MISSING,data/lyrics/RMVM_S_759641a929.txt,AVAILABLE,,MISSING,,UNVERIFIED,TIER_A,LYRICS_ONLY,train
RMVM_S_9bda7a224f,Về Lại Sông Trà,Trường Kha,ART_abe0f2439b,FOLK_TRADITIONAL,deterministic_mapping,1.0,N/A (Standard 11 Taxonomy),,MISSING,data/lyrics/RMVM_S_9bda7a224f.txt,AVAILABLE,,MISSING,,UNVERIFIED,TIER_A,LYRICS_ONLY,train
RMVM_S_18597a4aa4,Rồi Dấu Yêu,Trường Kha,ART_abe0f2439b,POP_BALLAD,deterministic_mapping,1.0,N/A (Standard 11 Taxonomy),,MISSING,data/lyrics/RMVM_S_18597a4aa4.txt,AVAILABLE,,MISSING,,UNVERIFIED,TIER_A,LYRICS_ONLY,train
RMVM_S_0d6756db00,Định Nghĩa Vô Thường,Trường Kha,ART_abe0f2439b,OTHER,curated_out_of_taxonomy,0.9,Religious / Sacred spiritual Vietnamese music,,MISSING,,MISSING,,MISSING,,UNVERIFIED,TIER_B,NO_PHYSICAL_MODALITY,train
RMVM_S_cd6eae756b,Bức Thư Gởi Lên Thiên Đường,Trường Kha,ART_abe0f2439b,OTHER,curated_out_of_taxonomy,0.9,Religious / Sacred spiritual Vietnamese music,,MISSING,,MISSING,,MISSING,,UNVERIFIED,TIER_B,NO_PHYSICAL_MODALITY,train
RMVM_S_c42063a4c8,Cổ Lũy Cô Thôn,Trường Kha,ART_abe0f2439b,OTHER,curated_out_of_taxonomy,0.9,Religious / Sacred spiritual Vietnamese music,,MISSING,,MISSING,,MISSING,,UNVERIFIED,TIER_B,NO_PHYSICAL_MODALITY,train
RMVM_S_8dd5cd3b92,Chỉ Còn Xuân Thôi,Trường Kha,ART_abe0f2439b,OTHER,curated_out_of_taxonomy,0.9,Religious / Sacred spiritual Vietnamese music,,MISSING,,MISSING,,MISSING,,UNVERIFIED,TIER_B,NO_PHYSICAL_MODALITY,train
RMVM_S_ef1e5acdc3,Về Đâu Mái Tóc Người Thương,Sô Diễn Cuộc Đời,ART_2d3022de3b,BOLERO_TRUTINH,deterministic_mapping,1.0,N/A (Standard 11 Taxonomy),,MISSING,data/lyrics/RMVM_S_ef1e5acdc3.txt,AVAILABLE,data/covers/RMVM_S_ef1e5acdc3.jpg,AVAILABLE,,UNVERIFIED,TIER_A,LYRICS_COVER,train
RMVM_S_f14fe039d0,Ngậm Ngùi,Sô Diễn Cuộc Đời,ART_2d3022de3b,BOLERO_TRUTINH,deterministic_mapping,1.0,N/A (Standard 11 Taxonomy),,MISSING,data/lyrics/RMVM_S_f14fe039d0.txt,AVAILABLE,,MISSING,,UNVERIFIED,TIER_A,LYRICS_ONLY,train
RMVM_S_c42ab2f34a,Người Ấy 2020,"Trịnh Thăng Bình, Chí Tâm",ART_8d870ccb85,POP_BALLAD,deterministic_mapping,1.0,N/A (Standard 11 Taxonomy),,MISSING,data/lyrics/RMVM_S_c42ab2f34a.txt,AVAILABLE,,MISSING,2020.0,VERIFIED,TIER_A,LYRICS_ONLY,train
RMVM_S_17068ebd1a,Xuân Và Em,"Liêu Chấn Hải, Minh Hoàng",ART_1f04512951,POP_BALLAD,deterministic_mapping,1.0,N/A (Standard 11 Taxonomy),,MISSING,data/lyrics/RMVM_S_17068ebd1a.txt,AVAILABLE,,MISSING,,UNVERIFIED,TIER_A,LYRICS_ONLY,train
RMVM_S_6f919b6b62,Bước Qua Nước Mắt,Thanh Bình,ART_c5a6e2b1f2,POP_BALLAD,deterministic_mapping,1.0,N/A (Standard 11 Taxonomy),,MISSING,data/lyrics/RMVM_S_6f919b6b62.txt,AVAILABLE,,MISSING,,UNVERIFIED,TIER_A,LYRICS_ONLY,train
RMVM_S_a33bab210d,Duyên Đành Lỡ Hẹn,Thanh Bình,ART_c5a6e2b1f2,POP_BALLAD,deterministic_mapping,1.0,N/A (Standard 11 Taxonomy),,MISSING,data/lyrics/RMVM_S_a33bab210d.txt,AVAILABLE,,MISSING,,UNVERIFIED,TIER_A,LYRICS_ONLY,train
RMVM_S_cc5daa75a8,Em Hãy Yêu Một Người,Thanh Bình,ART_c5a6e2b1f2,POP_BALLAD,deterministic_mapping,1.0,N/A (Standard 11 Taxonomy),,MISSING,data/lyrics/RMVM_S_cc5daa75a8.txt,AVAILABLE,,MISSING,,UNVERIFIED,TIER_A,LYRICS_ONLY,train
RMVM_S_29e5bec2c2,Chiều Về Trên Sông,Tuyết Mai,ART_0d8e63e66a,POP_BALLAD,deterministic_mapping,1.0,N/A (Standard 11 Taxonomy),,MISSING,data/lyrics/RMVM_S_29e5bec2c2.txt,AVAILABLE,,MISSING,,UNVERIFIED,TIER_A,LYRICS_ONLY,train
RMVM_S_4adec5e2cf,Anh Yêu Ah...,Tuyết Mai,ART_0d8e63e66a,POP_BALLAD,deterministic_mapping,1.0,N/A (Standard 11 Taxonomy),,MISSING,data/lyrics/RMVM_S_4adec5e2cf.txt,AVAILABLE,,MISSING,,UNVERIFIED,TIER_A,LYRICS_ONLY,train
RMVM_S_3317e4fc55,Có Tất Cả Nhưng Không Có Nhau (Beat),Tuyết Mai,ART_0d8e63e66a,POP_BALLAD,deterministic_mapping,1.0,N/A (Standard 11 Taxonomy),,MISSING,data/lyrics/RMVM_S_3317e4fc55.txt,AVAILABLE,,MISSING,,UNVERIFIED,TIER_A,LYRICS_ONLY,train
RMVM_S_198ad4f4c9,Âm Thanh Của Tuyết Rơi (Cover),Tuyết Mai,ART_0d8e63e66a,POP_BALLAD,deterministic_mapping,1.0,N/A (Standard 11 Taxonomy),,MISSING,data/lyrics/RMVM_S_198ad4f4c9.txt,AVAILABLE,,MISSING,,UNVERIFIED,TIER_A,LYRICS_ONLY,train
RMVM_S_194e3a568e,Chúa Là Con Đường,Tuyết Mai,ART_0d8e63e66a,OTHER,curated_out_of_taxonomy,0.9,Religious / Sacred spiritual Vietnamese music,,MISSING,,MISSING,,MISSING,,UNVERIFIED,TIER_B,NO_PHYSICAL_MODALITY,train
RMVM_S_b346995385,Hãy Bước Theo Thầy,Tuyết Mai,ART_0d8e63e66a,OTHER,curated_out_of_taxonomy,0.9,Religious / Sacred spiritual Vietnamese music,,MISSING,,MISSING,,MISSING,,UNVERIFIED,TIER_B,NO_PHYSICAL_MODALITY,train
RMVM_S_118207cbc2,Bài Tình Ca Giê-Su,Tuyết Mai,ART_0d8e63e66a,OTHER,curated_out_of_taxonomy,0.9,Religious / Sacred spiritual Vietnamese music,,MISSING,,MISSING,,MISSING,,UNVERIFIED,TIER_B,NO_PHYSICAL_MODALITY,train
RMVM_S_843f848a23,Trái Tim Dịu Dàng,Hồ Lệ Thu,ART_41699ad39a,BOLERO_TRUTINH,deterministic_mapping,1.0,N/A (Standard 11 Taxonomy),,MISSING,data/lyrics/RMVM_S_843f848a23.txt,AVAILABLE,,MISSING,,UNVERIFIED,TIER_A,LYRICS_ONLY,train
RMVM_S_8600ed29fc,Còn Trách Nhau Làm Gì,Hồ Lệ Thu,ART_41699ad39a,POP_BALLAD,deterministic_mapping,1.0,N/A (Standard 11 Taxonomy),,MISSING,data/lyrics/RMVM_S_8600ed29fc.txt,AVAILABLE,,MISSING,,UNVERIFIED,TIER_A,LYRICS_ONLY,train
RMVM_S_6efcab08c5,Cuoc Tinh Nghiet Nga,Hồ Lệ Thu,ART_41699ad39a,OTHER,curated_out_of_taxonomy,0.9,Country style,,MISSING,,MISSING,,MISSING,,UNVERIFIED,TIER_B,NO_PHYSICAL_MODALITY,train
RMVM_S_3b6081f673,Chuyến Đi Của Năm (Đi Để Trở Về 2) (Beat),SOOBIN,ART_123141dbf1,POP_BALLAD,deterministic_mapping,1.0,N/A (Standard 11 Taxonomy),,MISSING,,MISSING,data/covers/RMVM_S_3b6081f673.jpg,AVAILABLE,,UNVERIFIED,TIER_A,COVER_ONLY,train
RMVM_S_9aa04aada7,Đi Để Trở Về (Beat),SOOBIN,ART_123141dbf1,POP_BALLAD,deterministic_mapping,1.0,N/A (Standard 11 Taxonomy),,MISSING,data/lyrics/RMVM_S_9aa04aada7.txt,AVAILABLE,,MISSING,,UNVERIFIED,TIER_A,LYRICS_ONLY,train
RMVM_MB_603cf18c97,Sunset In The City - Deluxe Version,SOOBIN,ART_123141dbf1,RB_SOUL,musicbrainz_artist_discography,0.85,N/A (Standard 11 Taxonomy),,MISSING,,MISSING,,MISSING,2024.0,VERIFIED,TIER_B,NO_PHYSICAL_MODALITY,train
RMVM_MB_69d3a5ef3e,Giá Như,SOOBIN,ART_123141dbf1,RB_SOUL,musicbrainz_artist_discography,0.85,N/A (Standard 11 Taxonomy),,MISSING,,MISSING,,MISSING,2024.0,VERIFIED,TIER_B,NO_PHYSICAL_MODALITY,train
RMVM_MB_a9f5f17a6b,DANCING IN THE DARK,SOOBIN,ART_123141dbf1,RB_SOUL,musicbrainz_artist_discography,0.85,N/A (Standard 11 Taxonomy),,MISSING,,MISSING,,MISSING,2024.0,VERIFIED,TIER_B,NO_PHYSICAL_MODALITY,train
RMVM_MB_52102cb7b0,Heyyy,SOOBIN,ART_123141dbf1,RB_SOUL,musicbrainz_artist_discography,0.85,N/A (Standard 11 Taxonomy),,MISSING,,MISSING,,MISSING,2024.0,VERIFIED,TIER_B,NO_PHYSICAL_MODALITY,train
RMVM_MB_5ee427d463,Sẽ Quên Em Nhanh Thôi,SOOBIN,ART_123141dbf1,RB_SOUL,musicbrainz_artist_discography,0.85,N/A (Standard 11 Taxonomy),,MISSING,,MISSING,,MISSING,2024.0,VERIFIED,TIER_B,NO_PHYSICAL_MODALITY,train
RMVM_MB_2556a0c9f2,Bật Nó Lên,SOOBIN,ART_123141dbf1,RB_SOUL,musicbrainz_artist_discography,0.85,N/A (Standard 11 Taxonomy),,MISSING,,MISSING,,MISSING,2024.0,VERIFIED,TIER_B,NO_PHYSICAL_MODALITY,train
RMVM_MB_528b7fc2c0,BlackJack,SOOBIN,ART_123141dbf1,RB_SOUL,musicbrainz_artist_discography,0.85,N/A (Standard 11 Taxonomy),,MISSING,,MISSING,,MISSING,2020.0,VERIFIED,TIER_B,NO_PHYSICAL_MODALITY,train
RMVM_MB_855d5fab9c,Phía Sau Một Cô Gái,SOOBIN,ART_123141dbf1,RB_SOUL,musicbrainz_artist_discography,0.85,N/A (Standard 11 Taxonomy),,MISSING,,MISSING,,MISSING,,UNVERIFIED,TIER_B,NO_PHYSICAL_MODALITY,train
RMVM_S_54de926227,Bông Vú Sữa,"Cẩm Ly, Quốc Đại",ART_b0065acd34,BOLERO_TRUTINH,deterministic_mapping,1.0,N/A (Standard 11 Taxonomy),,MISSING,data/lyrics/RMVM_S_54de926227.txt,AVAILABLE,,MISSING,,UNVERIFIED,TIER_A,LYRICS_ONLY,train
RMVM_S_a3cc063828,Ánh Trăng Tình Bạn,Bé Diệu Anh,ART_0984f7dcc2,CHILDREN,deterministic_mapping,1.0,N/A (Standard 11 Taxonomy),,MISSING,data/lyrics/RMVM_S_a3cc063828.txt,AVAILABLE,,MISSING,,UNVERIFIED,TIER_A,LYRICS_ONLY,train
RMVM_S_78ccd7896a,Đừng Như Người Dưng Lofi (# 2),Nhật Phong,ART_da8f5a6669,POP_BALLAD,deterministic_mapping,1.0,N/A (Standard 11 Taxonomy),,MISSING,data/lyrics/RMVM_S_78ccd7896a.txt,AVAILABLE,,MISSING,,UNVERIFIED,TIER_A,LYRICS_ONLY,train
RMVM_S_1e502da1eb,Anh Phải Sống Thế Nào,Nhật Phong,ART_da8f5a6669,POP_BALLAD,deterministic_mapping,1.0,N/A (Standard 11 Taxonomy),,MISSING,data/lyrics/RMVM_S_1e502da1eb.txt,AVAILABLE,,MISSING,,UNVERIFIED,TIER_A,LYRICS_ONLY,train
RMVM_S_682a441966,Chỉ Còn Em Thôi,"Hương Ly, Andiez",ART_611eb69048,POP_BALLAD,deterministic_mapping,1.0,N/A (Standard 11 Taxonomy),,MISSING,data/lyrics/RMVM_S_682a441966.txt,AVAILABLE,,MISSING,,UNVERIFIED,TIER_A,LYRICS_ONLY,train
RMVM_S_03bd0968b0,"LK Mùa Xuân Xa Quê, Như Đã Dấu Yêu","Cẩm Loan, Đoàn Minh",ART_ea44a2ca72,BOLERO_TRUTINH,deterministic_mapping,1.0,N/A (Standard 11 Taxonomy),,MISSING,,MISSING,data/covers/RMVM_S_03bd0968b0.jpg,AVAILABLE,,UNVERIFIED,TIER_A,COVER_ONLY,train
RMVM_S_d95838d7d1,Mùa Hè Ấy Em Khóc,"Ngô Lan Hương, Lahi",ART_3d1292834b,CHILDREN,deterministic_mapping,1.0,N/A (Standard 11 Taxonomy),,MISSING,data/lyrics/RMVM_S_d95838d7d1.txt,AVAILABLE,,MISSING,,UNVERIFIED,TIER_A,LYRICS_ONLY,train
RMVM_S_0f6937f5c4,Hãy Tin Anh,Ngô Kiến Huy,ART_21b3df1bba,POP_BALLAD,deterministic_mapping,1.0,N/A (Standard 11 Taxonomy),,MISSING,,MISSING,data/covers/RMVM_S_0f6937f5c4.jpg,AVAILABLE,,UNVERIFIED,TIER_A,COVER_ONLY,train
RMVM_S_1574933850,Cho Vơi Nhẹ Lòng,Ngô Kiến Huy,ART_21b3df1bba,RB_SOUL,deterministic_mapping,1.0,N/A (Standard 11 Taxonomy),,MISSING,data/lyrics/RMVM_S_1574933850.txt,AVAILABLE,,MISSING,,UNVERIFIED,TIER_A,LYRICS_ONLY,train
RMVM_S_ea9f77138d,Chẳng Thể Giữ Lấy Chẳng Đành Buông Tay,Ngô Kiến Huy,ART_21b3df1bba,POP_BALLAD,deterministic_mapping,1.0,N/A (Standard 11 Taxonomy),,MISSING,data/lyrics/RMVM_S_ea9f77138d.txt,AVAILABLE,,MISSING,,UNVERIFIED,TIER_A,LYRICS_ONLY,train
RMVM_S_8ffbafc592,Chuyện Tình Cây Và Lá (Remix),Ngô Kiến Huy,ART_21b3df1bba,DANCE_EDM,deterministic_mapping,1.0,N/A (Standard 11 Taxonomy),,MISSING,data/lyrics/RMVM_S_8ffbafc592.txt,AVAILABLE,,MISSING,,UNVERIFIED,TIER_A,LYRICS_ONLY,train
RMVM_S_2f2e26173a,Bao Lâu Rồi,Ngô Kiến Huy,ART_21b3df1bba,POP_BALLAD,deterministic_mapping,1.0,N/A (Standard 11 Taxonomy),,MISSING,data/lyrics/RMVM_S_2f2e26173a.txt,AVAILABLE,,MISSING,,UNVERIFIED,TIER_A,LYRICS_ONLY,train
RMVM_S_26f618396b,Dừng Lại Em Nhé,Ngô Kiến Huy,ART_21b3df1bba,RB_SOUL,deterministic_mapping,1.0,N/A (Standard 11 Taxonomy),,MISSING,data/lyrics/RMVM_S_26f618396b.txt,AVAILABLE,,MISSING,,UNVERIFIED,TIER_A,LYRICS_ONLY,train
RMVM_S_2e08194e81,Chờ Em Trong Mỏi Mòn,Ngô Kiến Huy,ART_21b3df1bba,RB_SOUL,deterministic_mapping,1.0,N/A (Standard 11 Taxonomy),,MISSING,data/lyrics/RMVM_S_2e08194e81.txt,AVAILABLE,,MISSING,,UNVERIFIED,TIER_A,LYRICS_ONLY,train
RMVM_S_b82e46e3ac,Sau Một Nụ Cười,Ngô Kiến Huy,ART_21b3df1bba,RB_SOUL,deterministic_mapping,1.0,N/A (Standard 11 Taxonomy),,MISSING,data/lyrics/RMVM_S_b82e46e3ac.txt,AVAILABLE,,MISSING,,UNVERIFIED,TIER_A,LYRICS_ONLY,train
RMVM_S_ef4e247cc1,Anh Ơi Tình Yêu Là Gì,Diệp Anh,ART_5756f5574e,POP_BALLAD,deterministic_mapping,1.0,N/A (Standard 11 Taxonomy),,MISSING,data/lyrics/RMVM_S_ef4e247cc1.txt,AVAILABLE,,MISSING,,UNVERIFIED,TIER_A,LYRICS_ONLY,train
RMVM_S_d9b7bd3c7d,Tự Anh Sai,"A Tổ, IC Music",ART_06a296e59d,POP_BALLAD,deterministic_mapping,1.0,N/A (Standard 11 Taxonomy),,MISSING,data/lyrics/RMVM_S_d9b7bd3c7d.txt,AVAILABLE,,MISSING,,UNVERIFIED,TIER_A,LYRICS_ONLY,train
RMVM_S_d5c2f897bf,Dây Tơ Kết Đôi,"Nana Liu, KaWaiiBi",ART_ca5b41118a,POP_BALLAD,deterministic_mapping,1.0,N/A (Standard 11 Taxonomy),,MISSING,data/lyrics/RMVM_S_d5c2f897bf.txt,AVAILABLE,,MISSING,,UNVERIFIED,TIER_A,LYRICS_ONLY,train
RMVM_S_75bb59e516,Bông Bầu,"Dư Anh, Thúy Hằng",ART_9007d7a791,FOLK_TRADITIONAL,deterministic_mapping,1.0,N/A (Standard 11 Taxonomy),,MISSING,data/lyrics/RMVM_S_75bb59e516.txt,AVAILABLE,,MISSING,,UNVERIFIED,TIER_A,LYRICS_ONLY,train
RMVM_S_223bea98f0,Chuyện Về Bầu Trời Xanh,TaynguyenSound,ART_62319ec941,POP_BALLAD,deterministic_mapping,0.85,N/A (Standard 11 Taxonomy),,MISSING,,MISSING,,MISSING,,UNVERIFIED,TIER_B,NO_PHYSICAL_MODALITY,train
RMVM_S_a40bc4327b,Tâm Sự Một Người Lần Đầu Làm Ba,Sang Bùi,ART_8a0d778187,POP_BALLAD,deterministic_mapping,1.0,N/A (Standard 11 Taxonomy),,MISSING,data/lyrics/RMVM_S_a40bc4327b.txt,AVAILABLE,,MISSING,,UNVERIFIED,TIER_A,LYRICS_ONLY,train
RMVM_S_9536a274de,Khó Tính Cá Tính Mà Thật Xinh,Sang Bùi,ART_8a0d778187,POP_BALLAD,deterministic_mapping,1.0,N/A (Standard 11 Taxonomy),,MISSING,data/lyrics/RMVM_S_9536a274de.txt,AVAILABLE,,MISSING,,UNVERIFIED,TIER_A,LYRICS_ONLY,train
RMVM_S_2730bc1ad5,Nỗi Nhớ Không Anh (Beat),Phương Trinh Jolie,ART_0cb393276a,POP_BALLAD,deterministic_mapping,1.0,N/A (Standard 11 Taxonomy),,MISSING,data/lyrics/RMVM_S_2730bc1ad5.txt,AVAILABLE,,MISSING,,UNVERIFIED,TIER_A,LYRICS_ONLY,train
RMVM_S_a15895a7a0,Này Người Anh Em,"Lâm Chấn Hải, Thái Thành Công",ART_35868f0537,POP_BALLAD,deterministic_mapping,1.0,N/A (Standard 11 Taxonomy),,MISSING,data/lyrics/RMVM_S_a15895a7a0.txt,AVAILABLE,,MISSING,,UNVERIFIED,TIER_A,LYRICS_ONLY,train
RMVM_S_4094e790be,Quá Nhiều Vết Thương (Prod. Hải Ma),Double2T,ART_bb47eba39e,POP_BALLAD,deterministic_mapping,1.0,N/A (Standard 11 Taxonomy),,MISSING,data/lyrics/RMVM_S_4094e790be.txt,AVAILABLE,,MISSING,,UNVERIFIED,TIER_A,LYRICS_ONLY,train
RMVM_S_de354c3ed4,Chẳng Ai Thay Thế Được Em (Prod. Hải Ma),Double2T,ART_bb47eba39e,POP_BALLAD,deterministic_mapping,1.0,N/A (Standard 11 Taxonomy),,MISSING,data/lyrics/RMVM_S_de354c3ed4.txt,AVAILABLE,,MISSING,,UNVERIFIED,TIER_A,LYRICS_ONLY,train
RMVM_S_d4a755336c,Chẳng Phải Do Tôi,"Cheng, Huy Vạc",ART_08efcfc16c,POP_BALLAD,deterministic_mapping,1.0,N/A (Standard 11 Taxonomy),,MISSING,data/lyrics/RMVM_S_d4a755336c.txt,AVAILABLE,data/covers/RMVM_S_d4a755336c.jpg,AVAILABLE,,UNVERIFIED,TIER_A,LYRICS_COVER,train
RMVM_S_3873844e1f,Hôm Nay Ta Chia Tay,"Summer Vee, Niz",ART_06220bc350,POP_BALLAD,deterministic_mapping,1.0,N/A (Standard 11 Taxonomy),,MISSING,data/lyrics/RMVM_S_3873844e1f.txt,AVAILABLE,,MISSING,,UNVERIFIED,TIER_A,LYRICS_ONLY,train
RMVM_S_590e144ad6,Liên Khúc Con Đường Xưa Em Đi,"Khánh Bình, Lý Thu Thảo",ART_7e02a9633e,BOLERO_TRUTINH,deterministic_mapping,1.0,N/A (Standard 11 Taxonomy),,MISSING,data/lyrics/RMVM_S_590e144ad6.txt,AVAILABLE,,MISSING,,UNVERIFIED,TIER_A,LYRICS_ONLY,train
RMVM_S_38486ac04f,Bây Giờ Thì,"DatKaa, QT Beatz",ART_a13bd10b09,POP_BALLAD,deterministic_mapping,1.0,N/A (Standard 11 Taxonomy),,MISSING,data/lyrics/RMVM_S_38486ac04f.txt,AVAILABLE,,MISSING,,UNVERIFIED,TIER_A,LYRICS_ONLY,train
RMVM_MB_5a68a0d680,Trở về,Tân Nhàn,ART_bde6d9dd7d,REVOLUTIONARY,musicbrainz_artist_discography,0.85,N/A (Standard 11 Taxonomy),,MISSING,,MISSING,,MISSING,2013.0,VERIFIED,TIER_B,NO_PHYSICAL_MODALITY,train
RMVM_MB_fa9926bba3,Chiều nắng,Tân Nhàn,ART_bde6d9dd7d,REVOLUTIONARY,musicbrainz_artist_discography,0.85,N/A (Standard 11 Taxonomy),,MISSING,,MISSING,,MISSING,2013.0,VERIFIED,TIER_B,NO_PHYSICAL_MODALITY,train
RMVM_MB_0e640857e4,Trăng khuyết,Tân Nhàn,ART_bde6d9dd7d,REVOLUTIONARY,musicbrainz_artist_discography,0.85,N/A (Standard 11 Taxonomy),,MISSING,,MISSING,,MISSING,2001.0,VERIFIED,TIER_B,NO_PHYSICAL_MODALITY,train
RMVM_MB_abff100170,Tiếng hát sông Lam,Tân Nhàn,ART_bde6d9dd7d,REVOLUTIONARY,musicbrainz_artist_discography,0.85,N/A (Standard 11 Taxonomy),,MISSING,,MISSING,,MISSING,2001.0,VERIFIED,TIER_B,NO_PHYSICAL_MODALITY,train
RMVM_MB_0440bf1d4f,Giã bạn đêm trăng,Tân Nhàn,ART_bde6d9dd7d,REVOLUTIONARY,musicbrainz_artist_discography,0.85,N/A (Standard 11 Taxonomy),,MISSING,,MISSING,,MISSING,2001.0,VERIFIED,TIER_B,NO_PHYSICAL_MODALITY,train
RMVM_MB_cd9b0740cf,Thu Bồn ơi,Tân Nhàn,ART_bde6d9dd7d,REVOLUTIONARY,musicbrainz_artist_discography,0.85,N/A (Standard 11 Taxonomy),,MISSING,,MISSING,,MISSING,2013.0,VERIFIED,TIER_B,NO_PHYSICAL_MODALITY,train
RMVM_MB_dccfc2c9e7,Bến đợi,Tân Nhàn,ART_bde6d9dd7d,REVOLUTIONARY,musicbrainz_artist_discography,0.85,N/A (Standard 11 Taxonomy),,MISSING,,MISSING,,MISSING,2013.0,VERIFIED,TIER_B,NO_PHYSICAL_MODALITY,train
RMVM_MB_0fa8e4e059,Điều không thể mất,Tân Nhàn,ART_bde6d9dd7d,REVOLUTIONARY,musicbrainz_artist_discography,0.85,N/A (Standard 11 Taxonomy),,MISSING,,MISSING,,MISSING,2013.0,VERIFIED,TIER_B,NO_PHYSICAL_MODALITY,train
RMVM_MB_f15047a3b2,Xa Huế,Tân Nhàn,ART_bde6d9dd7d,REVOLUTIONARY,musicbrainz_artist_discography,0.85,N/A (Standard 11 Taxonomy),,MISSING,,MISSING,,MISSING,2018.0,VERIFIED,TIER_B,NO_PHYSICAL_MODALITY,train
RMVM_MB_e2998a0160,Ngược dòng Hương Giang,Tân Nhàn,ART_bde6d9dd7d,REVOLUTIONARY,musicbrainz_artist_discography,0.85,N/A (Standard 11 Taxonomy),,MISSING,,MISSING,,MISSING,2009.0,VERIFIED,TIER_B,NO_PHYSICAL_MODALITY,train
RMVM_MB_70744cca78,Thơ tình cuối mùa thu,Tân Nhàn,ART_bde6d9dd7d,REVOLUTIONARY,musicbrainz_artist_discography,0.85,N/A (Standard 11 Taxonomy),,MISSING,,MISSING,,MISSING,2009.0,VERIFIED,TIER_B,NO_PHYSICAL_MODALITY,train
RMVM_MB_cfc86b5b1a,Nới ấy quê mình,Tân Nhàn,ART_bde6d9dd7d,REVOLUTIONARY,musicbrainz_artist_discography,0.85,N/A (Standard 11 Taxonomy),,MISSING,,MISSING,,MISSING,2013.0,VERIFIED,TIER_B,NO_PHYSICAL_MODALITY,train
RMVM_MB_e88be2e382,Sông đợi,Tân Nhàn,ART_bde6d9dd7d,REVOLUTIONARY,musicbrainz_artist_discography,0.85,N/A (Standard 11 Taxonomy),,MISSING,,MISSING,,MISSING,2001.0,VERIFIED,TIER_B,NO_PHYSICAL_MODALITY,train
RMVM_MB_8d042d2552,Xa em,Tân Nhàn,ART_bde6d9dd7d,REVOLUTIONARY,musicbrainz_artist_discography,0.85,N/A (Standard 11 Taxonomy),,MISSING,,MISSING,,MISSING,2001.0,VERIFIED,TIER_B,NO_PHYSICAL_MODALITY,train
RMVM_MB_a936f56030,Tò vò,Tân Nhàn,ART_bde6d9dd7d,REVOLUTIONARY,musicbrainz_artist_discography,0.85,N/A (Standard 11 Taxonomy),,MISSING,,MISSING,,MISSING,2013.0,VERIFIED,TIER_B,NO_PHYSICAL_MODALITY,train
RMVM_MB_baf3501441,Ở hai đầu nỗi nhớ,Tân Nhàn,ART_bde6d9dd7d,REVOLUTIONARY,musicbrainz_artist_discography,0.85,N/A (Standard 11 Taxonomy),,MISSING,,MISSING,,MISSING,2009.0,VERIFIED,TIER_B,NO_PHYSICAL_MODALITY,train
RMVM_S_c721c30304,Yêu Em Không Cát Xê,Hoàng Nhật Anh,ART_f7dd4b76db,POP_BALLAD,deterministic_mapping,1.0,N/A (Standard 11 Taxonomy),,MISSING,data/lyrics/RMVM_S_c721c30304.txt,AVAILABLE,,MISSING,,UNVERIFIED,TIER_A,LYRICS_ONLY,train
RMVM_S_7f684887ec,Nhớ Về Cuộc Tình,Xuân Phú,ART_757fe4b862,BOLERO_TRUTINH,deterministic_mapping,1.0,N/A (Standard 11 Taxonomy),,MISSING,data/lyrics/RMVM_S_7f684887ec.txt,AVAILABLE,,MISSING,,UNVERIFIED,TIER_A,LYRICS_ONLY,train
RMVM_S_bad073b181,Bài Cho Em,Xuân Phú,ART_757fe4b862,BOLERO_TRUTINH,deterministic_mapping,1.0,N/A (Standard 11 Taxonomy),,MISSING,data/lyrics/RMVM_S_bad073b181.txt,AVAILABLE,,MISSING,,UNVERIFIED,TIER_A,LYRICS_ONLY,train
RMVM_S_2ba56c7173,Bốn Mươi Mùa Thu Qua,Xuân Phú,ART_757fe4b862,BOLERO_TRUTINH,deterministic_mapping,1.0,N/A (Standard 11 Taxonomy),,MISSING,data/lyrics/RMVM_S_2ba56c7173.txt,AVAILABLE,,MISSING,,UNVERIFIED,TIER_A,LYRICS_ONLY,train
RMVM_S_7ee57225a5,Dấu Vết Cuộc Tình,Xuân Phú,ART_757fe4b862,BOLERO_TRUTINH,deterministic_mapping,1.0,N/A (Standard 11 Taxonomy),,MISSING,data/lyrics/RMVM_S_7ee57225a5.txt,AVAILABLE,,MISSING,,UNVERIFIED,TIER_A,LYRICS_ONLY,train
RMVM_S_08607ca4cf,Cậu Trai Đứng Hát Một Mình,"Phạm Nguyên Ngọc, BMZ",ART_d2291a0bae,RAP_HIPHOP,deterministic_mapping,1.0,N/A (Standard 11 Taxonomy),,MISSING,data/lyrics/RMVM_S_08607ca4cf.txt,AVAILABLE,,MISSING,,UNVERIFIED,TIER_A,LYRICS_ONLY,train
RMVM_S_6c97298425,Cảm Ơn Nhà,"Hoàng Dũng, Suni Hạ Linh",ART_08eae3488d,POP_BALLAD,deterministic_mapping,1.0,N/A (Standard 11 Taxonomy),,MISSING,data/lyrics/RMVM_S_6c97298425.txt,AVAILABLE,,MISSING,,UNVERIFIED,TIER_A,LYRICS_ONLY,train
RMVM_S_f37bc48601,Chiều mưa qua sông,"Long Nhật, Vân Khánh",ART_9f9af639b8,POP_BALLAD,deterministic_mapping,1.0,N/A (Standard 11 Taxonomy),,MISSING,,MISSING,data/covers/RMVM_S_f37bc48601.jpg,AVAILABLE,,UNVERIFIED,TIER_A,COVER_ONLY,train
RMVM_S_44327e493a,Là Anh (Lofi Version),"Phạm Lịch, BMZ",ART_38a28f3962,DANCE_EDM,deterministic_mapping,1.0,N/A (Standard 11 Taxonomy),,MISSING,data/lyrics/RMVM_S_44327e493a.txt,AVAILABLE,,MISSING,,UNVERIFIED,TIER_A,LYRICS_ONLY,train
RMVM_S_a807e518ac,Là Anh (Remix Version),"Phạm Lịch, BMZ",ART_38a28f3962,DANCE_EDM,deterministic_mapping,1.0,N/A (Standard 11 Taxonomy),,MISSING,data/lyrics/RMVM_S_a807e518ac.txt,AVAILABLE,,MISSING,,UNVERIFIED,TIER_A,LYRICS_ONLY,train
RMVM_S_60783086f3,Cưới Hông Chốt Nha,"Út Nhị Mino, Đỗ Thành Duy, NH4T",ART_86808f87ec,POP_BALLAD,deterministic_mapping,1.0,N/A (Standard 11 Taxonomy),,MISSING,data/lyrics/RMVM_S_60783086f3.txt,AVAILABLE,,MISSING,,UNVERIFIED,TIER_A,LYRICS_ONLY,train
RMVM_S_739332ad9e,Phút Giây Tỏa Sáng,"Khắc Hưng, ERIK, Đức Phúc",ART_cadd8cd8e4,POP_BALLAD,deterministic_mapping,1.0,N/A (Standard 11 Taxonomy),,MISSING,data/lyrics/RMVM_S_739332ad9e.txt,AVAILABLE,,MISSING,,UNVERIFIED,TIER_A,LYRICS_ONLY,train
RMVM_S_dd7ecc7957,Áo Dài Việt Nam,Trịnh Kim Liên,ART_0ade9c5721,BOLERO_TRUTINH,deterministic_mapping,1.0,N/A (Standard 11 Taxonomy),,MISSING,,MISSING,data/covers/RMVM_S_dd7ecc7957.jpg,AVAILABLE,,UNVERIFIED,TIER_A,COVER_ONLY,train
RMVM_S_b5c046c4d5,Đảng Cho Ta Môt Mùa Xuân (Chương Trình Đại Hội Thi Đua Yêu Nước Tỉnh Bắc Ninh Lần Thứ V),Nhà Hát Dân Ca Quan Họ Bắc Ninh,ART_5565ee30c2,POP_BALLAD,deterministic_mapping,1.0,N/A (Standard 11 Taxonomy),,MISSING,data/lyrics/RMVM_S_b5c046c4d5.txt,AVAILABLE,,MISSING,,UNVERIFIED,TIER_A,LYRICS_ONLY,train
RMVM_S_4e30f94245,Có Ai Nói Em Biết Không?,Trịnh Bảo Bàng,ART_1a9382289d,POP_BALLAD,deterministic_mapping,1.0,N/A (Standard 11 Taxonomy),,MISSING,,MISSING,data/covers/RMVM_S_4e30f94245.jpg,AVAILABLE,,UNVERIFIED,TIER_A,COVER_ONLY,train
RMVM_S_b590a298d3,Cung Nữ,"YuniBoo, Hương Ly",ART_f1f2f84f17,POP_BALLAD,deterministic_mapping,1.0,N/A (Standard 11 Taxonomy),,MISSING,data/lyrics/RMVM_S_b590a298d3.txt,AVAILABLE,,MISSING,,UNVERIFIED,TIER_A,LYRICS_ONLY,train
RMVM_S_d99ce4daa0,"LK Nhớ Nhau Hoài, Cho Người Vào Cuộc Chiến","Cao Hồng Hữu, Hồng Phượng",ART_fa358d31bb,BOLERO_TRUTINH,deterministic_mapping,1.0,N/A (Standard 11 Taxonomy),,MISSING,data/lyrics/RMVM_S_d99ce4daa0.txt,AVAILABLE,,MISSING,,UNVERIFIED,TIER_A,LYRICS_ONLY,train
RMVM_S_b91762c950,Giấc Mơ Tuổi Thơ,"Lil Shady, Zenky, Diby",ART_57255ddf32,POP_BALLAD,deterministic_mapping,1.0,N/A (Standard 11 Taxonomy),,MISSING,data/lyrics/RMVM_S_b91762c950.txt,AVAILABLE,,MISSING,,UNVERIFIED,TIER_A,LYRICS_ONLY,train
RMVM_S_7e47264b76,Thà Khóc Lên Cho Nhẹ Lòng (Lofi Version),Du Thiên,ART_e5652c266a,POP_BALLAD,deterministic_mapping,1.0,N/A (Standard 11 Taxonomy),,MISSING,data/lyrics/RMVM_S_7e47264b76.txt,AVAILABLE,,MISSING,,UNVERIFIED,TIER_A,LYRICS_ONLY,train
RMVM_S_ff74bbc86f,Xa Một Người Còn Thương (Vinahouse),Du Thiên,ART_e5652c266a,DANCE_EDM,deterministic_mapping,1.0,N/A (Standard 11 Taxonomy),,MISSING,data/lyrics/RMVM_S_ff74bbc86f.txt,AVAILABLE,,MISSING,,UNVERIFIED,TIER_A,LYRICS_ONLY,train
RMVM_S_324a966215,Bên Em Luôn Có Anh (Remix),Du Thiên,ART_e5652c266a,DANCE_EDM,deterministic_mapping,1.0,N/A (Standard 11 Taxonomy),,MISSING,data/lyrics/RMVM_S_324a966215.txt,AVAILABLE,,MISSING,,UNVERIFIED,TIER_A,LYRICS_ONLY,train
RMVM_S_15ecb44746,Cách Sống Ở Đời (Beat),Du Thiên,ART_e5652c266a,POP_BALLAD,deterministic_mapping,1.0,N/A (Standard 11 Taxonomy),,MISSING,data/lyrics/RMVM_S_15ecb44746.txt,AVAILABLE,,MISSING,,UNVERIFIED,TIER_A,LYRICS_ONLY,train
RMVM_S_96fab43855,Đến Đây Và Ôm,"Lê Vũ, Blue T",ART_abe60467f4,POP_BALLAD,deterministic_mapping,1.0,N/A (Standard 11 Taxonomy),,MISSING,data/lyrics/RMVM_S_96fab43855.txt,AVAILABLE,,MISSING,,UNVERIFIED,TIER_A,LYRICS_ONLY,train
RMVM_S_13903f5e58,Con Mèo Ra Bờ Sông,Bé Minh Thư,ART_1ff22e485e,CHILDREN,deterministic_mapping,1.0,N/A (Standard 11 Taxonomy),,MISSING,data/lyrics/RMVM_S_13903f5e58.txt,AVAILABLE,,MISSING,,UNVERIFIED,TIER_A,LYRICS_ONLY,train
RMVM_S_fcb0db6908,Đừng Khóc (Lofi Version),Chi Dân,ART_b92b6ad2df,POP_BALLAD,deterministic_mapping,1.0,N/A (Standard 11 Taxonomy),,MISSING,data/lyrics/RMVM_S_fcb0db6908.txt,AVAILABLE,,MISSING,,UNVERIFIED,TIER_A,LYRICS_ONLY,train
RMVM_S_660b5c4a2a,Buồn Một Chút Rồi Thôi (New Version),Chi Dân,ART_b92b6ad2df,POP_BALLAD,deterministic_mapping,1.0,N/A (Standard 11 Taxonomy),,MISSING,data/lyrics/RMVM_S_660b5c4a2a.txt,AVAILABLE,,MISSING,,UNVERIFIED,TIER_A,LYRICS_ONLY,train
RMVM_S_ec0f8c8bbd,Hãy Mang Đến Những Mùa Xuân,Chi Dân,ART_b92b6ad2df,POP_BALLAD,deterministic_mapping,1.0,N/A (Standard 11 Taxonomy),,MISSING,data/lyrics/RMVM_S_ec0f8c8bbd.txt,AVAILABLE,,MISSING,,UNVERIFIED,TIER_A,LYRICS_ONLY,train
RMVM_S_2e8a521eec,Em Hãy Về Đi,Bằng Chương,ART_1ac51879a7,BOLERO_TRUTINH,deterministic_mapping,1.0,N/A (Standard 11 Taxonomy),,MISSING,data/lyrics/RMVM_S_2e8a521eec.txt,AVAILABLE,,MISSING,,UNVERIFIED,TIER_A,LYRICS_ONLY,train
RMVM_S_f0d9d3f24f,Mẹ Cho Con Tất Cả,Bằng Chương,ART_1ac51879a7,BOLERO_TRUTINH,deterministic_mapping,1.0,N/A (Standard 11 Taxonomy),,MISSING,data/lyrics/RMVM_S_f0d9d3f24f.txt,AVAILABLE,,MISSING,,UNVERIFIED,TIER_A,LYRICS_ONLY,train
RMVM_S_ba8709d58e,Đừng Về Bên Anh (WRC Remix),Thiên Tú,ART_b0af0bf20e,POP_BALLAD,deterministic_mapping,1.0,N/A (Standard 11 Taxonomy),,MISSING,data/lyrics/RMVM_S_ba8709d58e.txt,AVAILABLE,,MISSING,,UNVERIFIED,TIER_A,LYRICS_ONLY,train
RMVM_S_4bfee06a65,Thiên Sơn Vạn Thủy Của Em,Thiên Tú,ART_b0af0bf20e,POP_BALLAD,deterministic_mapping,1.0,N/A (Standard 11 Taxonomy),,MISSING,data/lyrics/RMVM_S_4bfee06a65.txt,AVAILABLE,,MISSING,,UNVERIFIED,TIER_A,LYRICS_ONLY,train
RMVM_S_af4406e4bc,Kẻ Say Rượu,Thiên Tú,ART_b0af0bf20e,POP_BALLAD,deterministic_mapping,1.0,N/A (Standard 11 Taxonomy),,MISSING,data/lyrics/RMVM_S_af4406e4bc.txt,AVAILABLE,,MISSING,,UNVERIFIED,TIER_A,LYRICS_ONLY,train
RMVM_S_287ee0ddee,Lạc Vào Cô Đơn,Thiên Tú,ART_b0af0bf20e,POP_BALLAD,deterministic_mapping,1.0,N/A (Standard 11 Taxonomy),,MISSING,data/lyrics/RMVM_S_287ee0ddee.txt,AVAILABLE,,MISSING,,UNVERIFIED,TIER_A,LYRICS_ONLY,train
RMVM_S_0b2c8c3b45,Anh Chẳng Cần Ai Thương,Thiên Tú,ART_b0af0bf20e,POP_BALLAD,deterministic_mapping,1.0,N/A (Standard 11 Taxonomy),,MISSING,data/lyrics/RMVM_S_0b2c8c3b45.txt,AVAILABLE,,MISSING,,UNVERIFIED,TIER_A,LYRICS_ONLY,train
RMVM_S_d58f7e0938,Còn Ai Để Ý Nước Mắt Em Rơi,Thiên Tú,ART_b0af0bf20e,POP_BALLAD,deterministic_mapping,1.0,N/A (Standard 11 Taxonomy),,MISSING,data/lyrics/RMVM_S_d58f7e0938.txt,AVAILABLE,,MISSING,,UNVERIFIED,TIER_A,LYRICS_ONLY,train
RMVM_S_ae6932bfcf,Bách Hoa Hương,Thiên Tú,ART_b0af0bf20e,POP_BALLAD,deterministic_mapping,1.0,N/A (Standard 11 Taxonomy),,MISSING,data/lyrics/RMVM_S_ae6932bfcf.txt,AVAILABLE,,MISSING,,UNVERIFIED,TIER_A,LYRICS_ONLY,train
RMVM_S_9fb859a42f,Kiếp Duyên Không Thành Thôi Đành Cách Xa (Remix),Thiên Tú,ART_b0af0bf20e,POP_BALLAD,deterministic_mapping,1.0,N/A (Standard 11 Taxonomy),,MISSING,data/lyrics/RMVM_S_9fb859a42f.txt,AVAILABLE,,MISSING,,UNVERIFIED,TIER_A,LYRICS_ONLY,train
RMVM_S_9db992409d,Lời Yêu Thương Lớn Nhất,Thiên Tú,ART_b0af0bf20e,POP_BALLAD,deterministic_mapping,1.0,N/A (Standard 11 Taxonomy),,MISSING,data/lyrics/RMVM_S_9db992409d.txt,AVAILABLE,,MISSING,,UNVERIFIED,TIER_A,LYRICS_ONLY,train
RMVM_S_33b6ad460c,Duyên Đọa Đày,Thiên Tú,ART_b0af0bf20e,POP_BALLAD,deterministic_mapping,1.0,N/A (Standard 11 Taxonomy),,MISSING,data/lyrics/RMVM_S_33b6ad460c.txt,AVAILABLE,,MISSING,,UNVERIFIED,TIER_A,LYRICS_ONLY,train
RMVM_S_ea585c2f81,Người Nói Cùng Bạn Đến Già Nay Ở Đâu,Thiên Tú,ART_b0af0bf20e,POP_BALLAD,deterministic_mapping,1.0,N/A (Standard 11 Taxonomy),,MISSING,data/lyrics/RMVM_S_ea585c2f81.txt,AVAILABLE,,MISSING,,UNVERIFIED,TIER_A,LYRICS_ONLY,train
RMVM_S_709c2a7c34,Có Em Là Điều Tuyệt Vời Nhất (Duck Remix),Thiên Tú,ART_b0af0bf20e,DANCE_EDM,deterministic_mapping,1.0,N/A (Standard 11 Taxonomy),,MISSING,data/lyrics/RMVM_S_709c2a7c34.txt,AVAILABLE,,MISSING,,UNVERIFIED,TIER_A,LYRICS_ONLY,train
RMVM_S_6d0b604ccf,Sai Không Thể Sửa,Thiên Tú,ART_b0af0bf20e,POP_BALLAD,deterministic_mapping,1.0,N/A (Standard 11 Taxonomy),,MISSING,data/lyrics/RMVM_S_6d0b604ccf.txt,AVAILABLE,,MISSING,,UNVERIFIED,TIER_A,LYRICS_ONLY,train
RMVM_S_cca5b90422,Bước Vào Tim Tôi Hút Hồn Tôi,Thiên Tú,ART_b0af0bf20e,POP_BALLAD,deterministic_mapping,1.0,N/A (Standard 11 Taxonomy),,MISSING,data/lyrics/RMVM_S_cca5b90422.txt,AVAILABLE,,MISSING,,UNVERIFIED,TIER_A,LYRICS_ONLY,train
RMVM_S_5b02335e47,Anh Có Thể Đừng Rời Xa Em Được Không (Remix),Thiên Tú,ART_b0af0bf20e,POP_BALLAD,deterministic_mapping,1.0,N/A (Standard 11 Taxonomy),,MISSING,data/lyrics/RMVM_S_5b02335e47.txt,AVAILABLE,,MISSING,,UNVERIFIED,TIER_A,LYRICS_ONLY,train
RMVM_S_b9ec140273,Cô Gái Sầm Nưa,"Lê Ngọc Thúy, Đào Mác",ART_23ad5e6b78,BOLERO_TRUTINH,deterministic_mapping,0.85,N/A (Standard 11 Taxonomy),,MISSING,,MISSING,,MISSING,,UNVERIFIED,TIER_B,NO_PHYSICAL_MODALITY,train
RMVM_S_706806de48,Đau Rồi Cũng Sẽ Qua,"Roy Nguyễn, Reddy",ART_2f733c41cd,POP_BALLAD,deterministic_mapping,1.0,N/A (Standard 11 Taxonomy),,MISSING,data/lyrics/RMVM_S_706806de48.txt,AVAILABLE,,MISSING,,UNVERIFIED,TIER_A,LYRICS_ONLY,train
RMVM_S_b7a2465cdf,Chang The Quen Mot Nguoi,"Flo D, Hổ",ART_19b2f84769,RAP_HIPHOP,deterministic_mapping,1.0,N/A (Standard 11 Taxonomy),,MISSING,data/lyrics/RMVM_S_b7a2465cdf.txt,AVAILABLE,,MISSING,,UNVERIFIED,TIER_A,LYRICS_ONLY,train
RMVM_S_18b085f174,Anh Ấy Là Gì Của Em,Vương Anh Tú,ART_b5427a3989,POP_BALLAD,deterministic_mapping,1.0,N/A (Standard 11 Taxonomy),,MISSING,data/lyrics/RMVM_S_18b085f174.txt,AVAILABLE,data/covers/RMVM_S_18b085f174.jpg,AVAILABLE,,UNVERIFIED,TIER_A,LYRICS_COVER,train
RMVM_S_a03d34b27f,Tìm Được Một Nửa Hóa Ra Lại Chưa (Piano Version),Vương Anh Tú,ART_b5427a3989,POP_BALLAD,deterministic_mapping,1.0,N/A (Standard 11 Taxonomy),,MISSING,data/lyrics/RMVM_S_a03d34b27f.txt,AVAILABLE,,MISSING,,UNVERIFIED,TIER_A,LYRICS_ONLY,train
RMVM_S_defc4e56f2,Cuộc Gọi Nhỡ,Vương Anh Tú,ART_b5427a3989,POP_BALLAD,deterministic_mapping,1.0,N/A (Standard 11 Taxonomy),,MISSING,data/lyrics/RMVM_S_defc4e56f2.txt,AVAILABLE,,MISSING,,UNVERIFIED,TIER_A,LYRICS_ONLY,train
RMVM_S_bf83c990a8,Cố Gắng Vô Hình,Vương Anh Tú,ART_b5427a3989,POP_BALLAD,deterministic_mapping,1.0,N/A (Standard 11 Taxonomy),,MISSING,data/lyrics/RMVM_S_bf83c990a8.txt,AVAILABLE,,MISSING,,UNVERIFIED,TIER_A,LYRICS_ONLY,train
RMVM_S_5139be8272,Cá Bơi Ngược Dòng,Vương Anh Tú,ART_b5427a3989,POP_BALLAD,deterministic_mapping,1.0,N/A (Standard 11 Taxonomy),,MISSING,data/lyrics/RMVM_S_5139be8272.txt,AVAILABLE,,MISSING,,UNVERIFIED,TIER_A,LYRICS_ONLY,train
RMVM_S_12c15a821b,Sinh Ra Là Để Yêu Em,Vương Anh Tú,ART_b5427a3989,POP_BALLAD,deterministic_mapping,1.0,N/A (Standard 11 Taxonomy),,MISSING,data/lyrics/RMVM_S_12c15a821b.txt,AVAILABLE,,MISSING,,UNVERIFIED,TIER_A,LYRICS_ONLY,train
RMVM_S_eedb13bbfa,Em Chỉ Là Giấc Mộng,Hà Thanh Xuân,ART_b36e43100c,BOLERO_TRUTINH,deterministic_mapping,1.0,N/A (Standard 11 Taxonomy),,MISSING,,MISSING,data/covers/RMVM_S_eedb13bbfa.jpg,AVAILABLE,,UNVERIFIED,TIER_A,COVER_ONLY,train
RMVM_S_a436fbf9eb,Khi Mới Biết Yêu Lần Đầu,Kỳ Lân Luxury,ART_a72e613a58,POP_BALLAD,deterministic_mapping,1.0,N/A (Standard 11 Taxonomy),,MISSING,data/lyrics/RMVM_S_a436fbf9eb.txt,AVAILABLE,,MISSING,,UNVERIFIED,TIER_A,LYRICS_ONLY,train
RMVM_S_e69a29e1b7,Mashup Duyên,"NIT, Tăng Duy Tân, DJ Shine",ART_43ba6c18dc,POP_BALLAD,deterministic_mapping,1.0,N/A (Standard 11 Taxonomy),,MISSING,data/lyrics/RMVM_S_e69a29e1b7.txt,AVAILABLE,,MISSING,,UNVERIFIED,TIER_A,LYRICS_ONLY,train
RMVM_S_009edbf2cc,Má Thương Con Hoài,Kevin Vương,ART_42c2c5c3f4,BOLERO_TRUTINH,deterministic_mapping,1.0,N/A (Standard 11 Taxonomy),,MISSING,data/lyrics/RMVM_S_009edbf2cc.txt,AVAILABLE,,MISSING,,UNVERIFIED,TIER_A,LYRICS_ONLY,train
RMVM_S_ef404088c1,Ký Ức Giáng Sinh,Trương Kiều Diễm,ART_b75d12acb0,POP_BALLAD,deterministic_mapping,1.0,N/A (Standard 11 Taxonomy),,MISSING,data/lyrics/RMVM_S_ef404088c1.txt,AVAILABLE,,MISSING,,UNVERIFIED,TIER_A,LYRICS_ONLY,train
RMVM_S_9a798a43ec,Người Từng Nói Bao Câu Hẹn Ước (HM Remix),MyMy,ART_62695e8f32,DANCE_EDM,deterministic_mapping,1.0,N/A (Standard 11 Taxonomy),,MISSING,data/lyrics/RMVM_S_9a798a43ec.txt,AVAILABLE,,MISSING,,UNVERIFIED,TIER_A,LYRICS_ONLY,train
RMVM_S_daec2a392f,Không Buồn Đâu Không Hận Đâu (Remix),MyMy,ART_62695e8f32,DANCE_EDM,deterministic_mapping,1.0,N/A (Standard 11 Taxonomy),,MISSING,data/lyrics/RMVM_S_daec2a392f.txt,AVAILABLE,,MISSING,,UNVERIFIED,TIER_A,LYRICS_ONLY,train
RMVM_S_0f0f39e4cf,Vô Cùng Hối Hận Khi Yêu Anh (Vinahouse Remix),MyMy,ART_62695e8f32,DANCE_EDM,deterministic_mapping,1.0,N/A (Standard 11 Taxonomy),,MISSING,data/lyrics/RMVM_S_0f0f39e4cf.txt,AVAILABLE,,MISSING,,UNVERIFIED,TIER_A,LYRICS_ONLY,train
RMVM_S_22b892de67,Chúng Ta Chỉ Là Đã Từng Yêu,MyMy,ART_62695e8f32,POP_BALLAD,deterministic_mapping,1.0,N/A (Standard 11 Taxonomy),,MISSING,data/lyrics/RMVM_S_22b892de67.txt,AVAILABLE,,MISSING,,UNVERIFIED,TIER_A,LYRICS_ONLY,train
RMVM_S_5aa5761fa9,Đừng Dễ Dãi Hôn Môi Người Khác,MyMy,ART_62695e8f32,POP_BALLAD,deterministic_mapping,1.0,N/A (Standard 11 Taxonomy),,MISSING,data/lyrics/RMVM_S_5aa5761fa9.txt,AVAILABLE,,MISSING,,UNVERIFIED,TIER_A,LYRICS_ONLY,train
RMVM_S_6a873c24d8,Cháy Nhà Ra Mặt Chuột,Lộn Xộn,ART_c71d5b2b9d,POP_BALLAD,deterministic_mapping,1.0,N/A (Standard 11 Taxonomy),,MISSING,data/lyrics/RMVM_S_6a873c24d8.txt,AVAILABLE,,MISSING,,UNVERIFIED,TIER_A,LYRICS_ONLY,train
RMVM_S_f28bf8c084,Cư Xá Mùa Thu,Cheng,ART_89975c5e5d,POP_BALLAD,deterministic_mapping,1.0,N/A (Standard 11 Taxonomy),,MISSING,data/lyrics/RMVM_S_f28bf8c084.txt,AVAILABLE,,MISSING,,UNVERIFIED,TIER_A,LYRICS_ONLY,train
RMVM_S_e392394cdc,Đừng Để Anh Cô Đơn,Cheng,ART_89975c5e5d,POP_BALLAD,deterministic_mapping,1.0,N/A (Standard 11 Taxonomy),,MISSING,data/lyrics/RMVM_S_e392394cdc.txt,AVAILABLE,,MISSING,,UNVERIFIED,TIER_A,LYRICS_ONLY,train
RMVM_S_6a380ad5c1,Mẹ Ơi Mai Con Về,"Chí Viễn, Quỳnh Như",ART_6275e7c362,BOLERO_TRUTINH,deterministic_mapping,1.0,N/A (Standard 11 Taxonomy),,MISSING,data/lyrics/RMVM_S_6a380ad5c1.txt,AVAILABLE,,MISSING,,UNVERIFIED,TIER_A,LYRICS_ONLY,train
RMVM_S_0369da2d87,Lữ Khách Qua Thời Gian (Remake),Nhật Hào,ART_e9beed3387,POP_BALLAD,deterministic_mapping,1.0,N/A (Standard 11 Taxonomy),,MISSING,,MISSING,data/covers/RMVM_S_0369da2d87.jpg,AVAILABLE,,UNVERIFIED,TIER_A,COVER_ONLY,train
RMVM_S_8700b4b481,Kẻ Lãng Du,Nhật Hào,ART_e9beed3387,POP_BALLAD,deterministic_mapping,1.0,N/A (Standard 11 Taxonomy),,MISSING,data/lyrics/RMVM_S_8700b4b481.txt,AVAILABLE,,MISSING,,UNVERIFIED,TIER_A,LYRICS_ONLY,train
RMVM_S_769629db6b,Tôi Khóc Trong Đêm,Nhật Hào,ART_e9beed3387,POP_BALLAD,deterministic_mapping,1.0,N/A (Standard 11 Taxonomy),,MISSING,data/lyrics/RMVM_S_769629db6b.txt,AVAILABLE,,MISSING,,UNVERIFIED,TIER_A,LYRICS_ONLY,train
RMVM_S_87e205b617,Câu Chuyện Ngày Tết,Thiên Cầm,ART_1e080e2fcc,POP_BALLAD,deterministic_mapping,1.0,N/A (Standard 11 Taxonomy),,MISSING,data/lyrics/RMVM_S_87e205b617.txt,AVAILABLE,,MISSING,,UNVERIFIED,TIER_A,LYRICS_ONLY,train
RMVM_S_772fa92e48,Chỉ Mãi Yêu Em (Chưa Một Lần Trọn Vẹn OST) (Beat),Dược Sĩ Tiến,ART_a758db677f,POP_BALLAD,deterministic_mapping,1.0,N/A (Standard 11 Taxonomy),,MISSING,data/lyrics/RMVM_S_772fa92e48.txt,AVAILABLE,,MISSING,,UNVERIFIED,TIER_A,LYRICS_ONLY,train
RMVM_S_361bccf313,Không Cần Đâu,Dược Sĩ Tiến,ART_a758db677f,POP_BALLAD,deterministic_mapping,1.0,N/A (Standard 11 Taxonomy),,MISSING,data/lyrics/RMVM_S_361bccf313.txt,AVAILABLE,,MISSING,,UNVERIFIED,TIER_A,LYRICS_ONLY,train
RMVM_S_0a6f935258,Cô Độc (Bất Chấp Yêu Anh OST),Dược Sĩ Tiến,ART_a758db677f,POP_BALLAD,deterministic_mapping,1.0,N/A (Standard 11 Taxonomy),,MISSING,data/lyrics/RMVM_S_0a6f935258.txt,AVAILABLE,,MISSING,,UNVERIFIED,TIER_A,LYRICS_ONLY,train
RMVM_S_29d1885811,Anh Biết Anh Đã Sai,Dược Sĩ Tiến,ART_a758db677f,POP_BALLAD,deterministic_mapping,1.0,N/A (Standard 11 Taxonomy),,MISSING,data/lyrics/RMVM_S_29d1885811.txt,AVAILABLE,,MISSING,,UNVERIFIED,TIER_A,LYRICS_ONLY,train
RMVM_S_385580d9f6,Có Trở Về Bên Nhau (Tiến Bromance OST),Dược Sĩ Tiến,ART_a758db677f,POP_BALLAD,deterministic_mapping,1.0,N/A (Standard 11 Taxonomy),,MISSING,data/lyrics/RMVM_S_385580d9f6.txt,AVAILABLE,,MISSING,,UNVERIFIED,TIER_A,LYRICS_ONLY,train
RMVM_MB_aece421312,Chiếc Lược Ngà,Kim Tử Long,ART_7deaf09dc9,FOLK_TRADITIONAL,musicbrainz_artist_discography,0.85,N/A (Standard 11 Taxonomy),,MISSING,,MISSING,,MISSING,2023.0,VERIFIED,TIER_B,NO_PHYSICAL_MODALITY,train
RMVM_S_7145093df1,Chờ Người Tình Lỡ,Ngọc Bảo Anh,ART_72dacb7ac7,BOLERO_TRUTINH,deterministic_mapping,1.0,N/A (Standard 11 Taxonomy),,MISSING,data/lyrics/RMVM_S_7145093df1.txt,AVAILABLE,,MISSING,,UNVERIFIED,TIER_A,LYRICS_ONLY,train
RMVM_S_a3dd2deeb0,Liên Khúc Sa Mạc tình Yêu - Cơn Mưa Hạ,Ngọc Bảo Anh,ART_72dacb7ac7,POP_BALLAD,deterministic_mapping,1.0,N/A (Standard 11 Taxonomy),,MISSING,data/lyrics/RMVM_S_a3dd2deeb0.txt,AVAILABLE,,MISSING,,UNVERIFIED,TIER_A,LYRICS_ONLY,train
RMVM_S_ac841f8586,Đành Ôm Xót Xa,Thiên Bảo,ART_3a90bef167,BOLERO_TRUTINH,deterministic_mapping,1.0,N/A (Standard 11 Taxonomy),,MISSING,data/lyrics/RMVM_S_ac841f8586.txt,AVAILABLE,,MISSING,,UNVERIFIED,TIER_A,LYRICS_ONLY,train
RMVM_S_e720ecd114,Lời Hứa Yêu,Tùy Phong,ART_959bdbd6ae,POP_BALLAD,deterministic_mapping,0.85,N/A (Standard 11 Taxonomy),,MISSING,,MISSING,,MISSING,,UNVERIFIED,TIER_B,NO_PHYSICAL_MODALITY,train
RMVM_S_c5b61253e4,Chờ Đợi Người Xưa,Băng Tình,ART_f33c15c3f7,POP_BALLAD,deterministic_mapping,1.0,N/A (Standard 11 Taxonomy),,MISSING,data/lyrics/RMVM_S_c5b61253e4.txt,AVAILABLE,,MISSING,,UNVERIFIED,TIER_A,LYRICS_ONLY,train
RMVM_S_068ba9c2da,Học Trò Ơi!,Dương Huệ,ART_64c54d2d81,POP_BALLAD,deterministic_mapping,1.0,N/A (Standard 11 Taxonomy),,MISSING,data/lyrics/RMVM_S_068ba9c2da.txt,AVAILABLE,,MISSING,,UNVERIFIED,TIER_A,LYRICS_ONLY,train
RMVM_S_16ddd1704e,Yêu Anh Từ Đó,Dương Huệ,ART_64c54d2d81,BOLERO_TRUTINH,deterministic_mapping,1.0,N/A (Standard 11 Taxonomy),,MISSING,data/lyrics/RMVM_S_16ddd1704e.txt,AVAILABLE,,MISSING,,UNVERIFIED,TIER_A,LYRICS_ONLY,train
RMVM_S_ea5b742184,Biển Và Đôi Ta,Trần Tuấn Kiệt,ART_e106482916,BOLERO_TRUTINH,deterministic_mapping,1.0,N/A (Standard 11 Taxonomy),,MISSING,data/lyrics/RMVM_S_ea5b742184.txt,AVAILABLE,,MISSING,,UNVERIFIED,TIER_A,LYRICS_ONLY,train
RMVM_S_48abc7ce8a,Cũng Đành Thôi (Cover),Thanh Hùng,ART_a8751990a2,POP_BALLAD,deterministic_mapping,1.0,N/A (Standard 11 Taxonomy),,MISSING,data/lyrics/RMVM_S_48abc7ce8a.txt,AVAILABLE,,MISSING,,UNVERIFIED,TIER_A,LYRICS_ONLY,train
RMVM_S_5b1157f420,Deep House Catwalk Dáng Lụa Áo Dài,Thanh Hùng,ART_a8751990a2,POP_BALLAD,deterministic_mapping,1.0,N/A (Standard 11 Taxonomy),,MISSING,data/lyrics/RMVM_S_5b1157f420.txt,AVAILABLE,,MISSING,,UNVERIFIED,TIER_A,LYRICS_ONLY,train
RMVM_S_4fff9f0bf3,Con Tim Anh Thay Đổi (Speed Up),Thủy Lê,ART_82fcb271da,POP_BALLAD,deterministic_mapping,1.0,N/A (Standard 11 Taxonomy),,MISSING,data/lyrics/RMVM_S_4fff9f0bf3.txt,AVAILABLE,,MISSING,,UNVERIFIED,TIER_A,LYRICS_ONLY,train
RMVM_S_c9ad056dc1,Điều Ước Tình Yêu,Trịnh Tuấn Vỹ,ART_12f2bbbb35,POP_BALLAD,deterministic_mapping,1.0,N/A (Standard 11 Taxonomy),,MISSING,data/lyrics/RMVM_S_c9ad056dc1.txt,AVAILABLE,,MISSING,,UNVERIFIED,TIER_A,LYRICS_ONLY,train
RMVM_S_7c7879736a,Còn Đâu Nữa,Trịnh Tuấn Vỹ,ART_12f2bbbb35,POP_BALLAD,deterministic_mapping,1.0,N/A (Standard 11 Taxonomy),,MISSING,data/lyrics/RMVM_S_7c7879736a.txt,AVAILABLE,,MISSING,,UNVERIFIED,TIER_A,LYRICS_ONLY,train
RMVM_S_2b90355525,Tình Này Có Em,Lê Vũ,ART_54a1c63ba4,POP_BALLAD,deterministic_mapping,1.0,N/A (Standard 11 Taxonomy),,MISSING,data/lyrics/RMVM_S_2b90355525.txt,AVAILABLE,,MISSING,,UNVERIFIED,TIER_A,LYRICS_ONLY,train
RMVM_S_bdb9541e59,Anh Cố Quên Em,Vân Quang Long,ART_a625dedbca,POP_BALLAD,deterministic_mapping,1.0,N/A (Standard 11 Taxonomy),,MISSING,data/lyrics/RMVM_S_bdb9541e59.txt,AVAILABLE,,MISSING,,UNVERIFIED,TIER_A,LYRICS_ONLY,train
RMVM_S_6bab819b1b,Tình Xa Ngàn Khơi,Vân Quang Long,ART_a625dedbca,POP_BALLAD,deterministic_mapping,1.0,N/A (Standard 11 Taxonomy),,MISSING,data/lyrics/RMVM_S_6bab819b1b.txt,AVAILABLE,,MISSING,,UNVERIFIED,TIER_A,LYRICS_ONLY,train
RMVM_S_6c79bca339,Em Sẽ Khóc Vì Tôi,Vân Quang Long,ART_a625dedbca,POP_BALLAD,deterministic_mapping,1.0,N/A (Standard 11 Taxonomy),,MISSING,data/lyrics/RMVM_S_6c79bca339.txt,AVAILABLE,,MISSING,,UNVERIFIED,TIER_A,LYRICS_ONLY,train
RMVM_S_dcaf0e5c88,Phút Giây Nồng Say,Vân Quang Long,ART_a625dedbca,POP_BALLAD,deterministic_mapping,1.0,N/A (Standard 11 Taxonomy),,MISSING,data/lyrics/RMVM_S_dcaf0e5c88.txt,AVAILABLE,,MISSING,,UNVERIFIED,TIER_A,LYRICS_ONLY,train
RMVM_S_fc506798d0,Anh Sẽ Là Người Đi Theo,Vân Quang Long,ART_a625dedbca,POP_BALLAD,deterministic_mapping,1.0,N/A (Standard 11 Taxonomy),,MISSING,data/lyrics/RMVM_S_fc506798d0.txt,AVAILABLE,,MISSING,,UNVERIFIED,TIER_A,LYRICS_ONLY,train
RMVM_S_1c81417208,Đừng Đùa Với Tình Yêu,Vân Quang Long,ART_a625dedbca,POP_BALLAD,deterministic_mapping,1.0,N/A (Standard 11 Taxonomy),,MISSING,data/lyrics/RMVM_S_1c81417208.txt,AVAILABLE,,MISSING,,UNVERIFIED,TIER_A,LYRICS_ONLY,train
RMVM_S_6fe601a723,Bâng Khuâng Chiều Mưa,Vân Quang Long,ART_a625dedbca,POP_BALLAD,deterministic_mapping,1.0,N/A (Standard 11 Taxonomy),,MISSING,data/lyrics/RMVM_S_6fe601a723.txt,AVAILABLE,,MISSING,,UNVERIFIED,TIER_A,LYRICS_ONLY,train
RMVM_S_7fabb1d27a,Quan Trọng Là Tâm Hồn,"Namlee, 1nG",ART_7e2e34b88a,POP_BALLAD,deterministic_mapping,1.0,N/A (Standard 11 Taxonomy),,MISSING,data/lyrics/RMVM_S_7fabb1d27a.txt,AVAILABLE,,MISSING,,UNVERIFIED,TIER_A,LYRICS_ONLY,train
RMVM_S_3c4403ea0e,Chuyện Mây Trời Cứ Để Gió Cuốn,"Luxuyen, Nhax, VoVanDuc",ART_eb94259cc8,POP_BALLAD,deterministic_mapping,1.0,N/A (Standard 11 Taxonomy),,MISSING,data/lyrics/RMVM_S_3c4403ea0e.txt,AVAILABLE,,MISSING,,UNVERIFIED,TIER_A,LYRICS_ONLY,train
RMVM_S_f5fb894e14,Bôn Ba (Nước Ngoài),"Phan Mạnh Quỳnh, Tăng Duy Tân, DươngK",ART_1eeed40b0e,POP_BALLAD,deterministic_mapping,1.0,N/A (Standard 11 Taxonomy),,MISSING,data/lyrics/RMVM_S_f5fb894e14.txt,AVAILABLE,,MISSING,,UNVERIFIED,TIER_A,LYRICS_ONLY,train
RMVM_MB_df8757f307,Special Love,Triple D,ART_7b16a4372e,DANCE_EDM,musicbrainz_artist_discography,0.85,N/A (Standard 11 Taxonomy),,MISSING,,MISSING,,MISSING,2014.0,VERIFIED,TIER_B,NO_PHYSICAL_MODALITY,train
RMVM_MB_7ca03865c1,Gánh Hàng Rong,Triple D,ART_7b16a4372e,DANCE_EDM,musicbrainz_artist_discography,0.85,N/A (Standard 11 Taxonomy),,MISSING,,MISSING,,MISSING,2016.0,VERIFIED,TIER_B,NO_PHYSICAL_MODALITY,train
RMVM_MB_27d4feecc2,Party,Triple D,ART_7b16a4372e,DANCE_EDM,musicbrainz_artist_discography,0.85,N/A (Standard 11 Taxonomy),,MISSING,,MISSING,,MISSING,2016.0,VERIFIED,TIER_B,NO_PHYSICAL_MODALITY,train
RMVM_MB_dcc0169904,Movidas,Triple D,ART_7b16a4372e,DANCE_EDM,musicbrainz_artist_discography,0.85,N/A (Standard 11 Taxonomy),,MISSING,,MISSING,,MISSING,2016.0,VERIFIED,TIER_B,NO_PHYSICAL_MODALITY,train
RMVM_MB_916a0228a3,NGUYÊN TEAM ĐI VÀO HẾT,Triple D,ART_7b16a4372e,DANCE_EDM,musicbrainz_artist_discography,0.85,N/A (Standard 11 Taxonomy),,MISSING,,MISSING,,MISSING,2018.0,VERIFIED,TIER_B,NO_PHYSICAL_MODALITY,train
RMVM_MB_3640c38166,Deep Sea,Triple D,ART_7b16a4372e,DANCE_EDM,musicbrainz_artist_discography,0.85,N/A (Standard 11 Taxonomy),,MISSING,,MISSING,,MISSING,2018.0,VERIFIED,TIER_B,NO_PHYSICAL_MODALITY,train
RMVM_MB_780f0ed2fb,Ni snackar skit,Triple D,ART_7b16a4372e,DANCE_EDM,musicbrainz_artist_discography,0.85,N/A (Standard 11 Taxonomy),,MISSING,,MISSING,,MISSING,2007.0,VERIFIED,TIER_B,NO_PHYSICAL_MODALITY,train
RMVM_MB_699856146b,I Need Your Love,Triple D,ART_7b16a4372e,DANCE_EDM,musicbrainz_artist_discography,0.85,N/A (Standard 11 Taxonomy),,MISSING,,MISSING,,MISSING,1996.0,VERIFIED,TIER_B,NO_PHYSICAL_MODALITY,train
RMVM_S_38c5c37aad,Xin Cho Mãi Yêu,"Vicky Nhung, Long Rex",ART_aa005a262d,POP_BALLAD,deterministic_mapping,1.0,N/A (Standard 11 Taxonomy),,MISSING,data/lyrics/RMVM_S_38c5c37aad.txt,AVAILABLE,,MISSING,,UNVERIFIED,TIER_A,LYRICS_ONLY,train
RMVM_S_95c6626626,Anh Không Muốn Ra Đi,"Vicky Nhung, Long Rex",ART_aa005a262d,POP_BALLAD,deterministic_mapping,1.0,N/A (Standard 11 Taxonomy),,MISSING,data/lyrics/RMVM_S_95c6626626.txt,AVAILABLE,,MISSING,,UNVERIFIED,TIER_A,LYRICS_ONLY,train
RMVM_S_286fa53f56,Dư Âm Mùa Giáng Sinh,Nhật Vũ,ART_4db06cbe3f,POP_BALLAD,deterministic_mapping,1.0,N/A (Standard 11 Taxonomy),,MISSING,,MISSING,data/covers/RMVM_S_286fa53f56.jpg,AVAILABLE,,UNVERIFIED,TIER_A,COVER_ONLY,train
RMVM_S_e6647f9065,Tôi Yêu Bánh Mì Sài Gòn,"TDK, Long X, Nguyễn Hải Phong",ART_74cc5b3653,POP_BALLAD,deterministic_mapping,1.0,N/A (Standard 11 Taxonomy),,MISSING,data/lyrics/RMVM_S_e6647f9065.txt,AVAILABLE,,MISSING,,UNVERIFIED,TIER_A,LYRICS_ONLY,train
RMVM_S_34b455e283,Chuyện Người Con Gái Hái Sầu Riêng,Hương Ngọc Vân,ART_6e7345ab68,BOLERO_TRUTINH,deterministic_mapping,1.0,N/A (Standard 11 Taxonomy),,MISSING,data/lyrics/RMVM_S_34b455e283.txt,AVAILABLE,,MISSING,,UNVERIFIED,TIER_A,LYRICS_ONLY,train
RMVM_S_938cdc3c61,+1 ngày bên em,"Trungg I.U, Rum",ART_50785f38b8,POP_BALLAD,deterministic_mapping,1.0,N/A (Standard 11 Taxonomy),,MISSING,data/lyrics/RMVM_S_938cdc3c61.txt,AVAILABLE,,MISSING,,UNVERIFIED,TIER_A,LYRICS_ONLY,train
RMVM_S_99aebc1770,+1 ngày bên em (Lofi Version),"Trungg I.U, Rum",ART_50785f38b8,POP_BALLAD,deterministic_mapping,1.0,N/A (Standard 11 Taxonomy),,MISSING,data/lyrics/RMVM_S_99aebc1770.txt,AVAILABLE,,MISSING,,UNVERIFIED,TIER_A,LYRICS_ONLY,train
RMVM_S_bfb8d700b1,Anh Làm Tất Cả Vì,"Nguyên, $eth",ART_bbd77d3816,POP_BALLAD,deterministic_mapping,1.0,N/A (Standard 11 Taxonomy),,MISSING,data/lyrics/RMVM_S_bfb8d700b1.txt,AVAILABLE,,MISSING,,UNVERIFIED,TIER_A,LYRICS_ONLY,train
RMVM_S_3a36994d7d,Love You More Than Me,"K-ICM, Huyền Tâm Môn",ART_533913739f,POP_BALLAD,deterministic_mapping,1.0,N/A (Standard 11 Taxonomy),,MISSING,data/lyrics/RMVM_S_3a36994d7d.txt,AVAILABLE,,MISSING,,UNVERIFIED,TIER_A,LYRICS_ONLY,train
RMVM_S_d0f1c1dc1d,anh sẽ đến cùng cơn mưa,"Hứa Kim Tuyền, GREY D",ART_3aead1f306,POP_BALLAD,deterministic_mapping,1.0,N/A (Standard 11 Taxonomy),,MISSING,data/lyrics/RMVM_S_d0f1c1dc1d.txt,AVAILABLE,,MISSING,,UNVERIFIED,TIER_A,LYRICS_ONLY,train
RMVM_S_3675ed3646,Hãy Quên Đi Buồn Đau,Minh Thư,ART_0cbef73b25,POP_BALLAD,deterministic_mapping,1.0,N/A (Standard 11 Taxonomy),,MISSING,data/lyrics/RMVM_S_3675ed3646.txt,AVAILABLE,,MISSING,,UNVERIFIED,TIER_A,LYRICS_ONLY,train
RMVM_S_c837642d24,Bỗng Dưng Muốn Khóc,Minh Thư,ART_0cbef73b25,POP_BALLAD,deterministic_mapping,0.85,N/A (Standard 11 Taxonomy),,MISSING,,MISSING,,MISSING,,UNVERIFIED,TIER_B,NO_PHYSICAL_MODALITY,train
RMVM_S_4e6afb2b7a,Đành Để Em Xa,"Anh Hổ, TuấnK, XyViz",ART_f31ee6bf4d,RAP_HIPHOP,deterministic_mapping,1.0,N/A (Standard 11 Taxonomy),,MISSING,data/lyrics/RMVM_S_4e6afb2b7a.txt,AVAILABLE,,MISSING,,UNVERIFIED,TIER_A,LYRICS_ONLY,train
RMVM_S_4634dc0aa7,L.O.V.E,Lou Hoàng,ART_e03ff06a4a,POP_BALLAD,deterministic_mapping,1.0,N/A (Standard 11 Taxonomy),,MISSING,data/lyrics/RMVM_S_4634dc0aa7.txt,AVAILABLE,,MISSING,,UNVERIFIED,TIER_A,LYRICS_ONLY,train
RMVM_S_9e2664735a,Dấu Vết Thời Gian,Deep Blue Sea,ART_5484391f92,POP_BALLAD,deterministic_mapping,1.0,N/A (Standard 11 Taxonomy),,MISSING,data/lyrics/RMVM_S_9e2664735a.txt,AVAILABLE,,MISSING,,UNVERIFIED,TIER_A,LYRICS_ONLY,train
RMVM_S_6afc822ba9,Cô Gái Sài Gòn Đi Tải Đạn,Thanh Hương,ART_ebd4f9bdbe,POP_BALLAD,deterministic_mapping,1.0,N/A (Standard 11 Taxonomy),,MISSING,,MISSING,data/covers/RMVM_S_6afc822ba9.jpg,AVAILABLE,,UNVERIFIED,TIER_A,COVER_ONLY,train
RMVM_S_c726b474ea,Chuyện Như Chưa Bắt Đầu (Remix),Thanh Hương,ART_ebd4f9bdbe,POP_BALLAD,deterministic_mapping,1.0,N/A (Standard 11 Taxonomy),,MISSING,data/lyrics/RMVM_S_c726b474ea.txt,AVAILABLE,,MISSING,,UNVERIFIED,TIER_A,LYRICS_ONLY,train
RMVM_S_eaf7a9fec2,Người Hãy Quên Em Đi (Remix),Thanh Hương,ART_ebd4f9bdbe,POP_BALLAD,deterministic_mapping,1.0,N/A (Standard 11 Taxonomy),,MISSING,data/lyrics/RMVM_S_eaf7a9fec2.txt,AVAILABLE,,MISSING,,UNVERIFIED,TIER_A,LYRICS_ONLY,train
RMVM_S_155f95c02f,Hành Khúc Ngày Và Đêm,Thanh Hương,ART_ebd4f9bdbe,POP_BALLAD,deterministic_mapping,1.0,N/A (Standard 11 Taxonomy),,MISSING,data/lyrics/RMVM_S_155f95c02f.txt,AVAILABLE,,MISSING,,UNVERIFIED,TIER_A,LYRICS_ONLY,train
RMVM_S_a9837822ff,Rừng Xanh Vang Tiếng Ta Lư,Thanh Hương,ART_ebd4f9bdbe,POP_BALLAD,deterministic_mapping,1.0,N/A (Standard 11 Taxonomy),,MISSING,data/lyrics/RMVM_S_a9837822ff.txt,AVAILABLE,,MISSING,,UNVERIFIED,TIER_A,LYRICS_ONLY,train
RMVM_S_cb24a558d0,Mãi Là Người Đến Sau,Thanh Hương,ART_ebd4f9bdbe,POP_BALLAD,deterministic_mapping,1.0,N/A (Standard 11 Taxonomy),,MISSING,data/lyrics/RMVM_S_cb24a558d0.txt,AVAILABLE,,MISSING,,UNVERIFIED,TIER_A,LYRICS_ONLY,train
RMVM_S_d4e86cfc32,Anh Có Về Hà Tĩnh Với Em Không,Thanh Hương,ART_ebd4f9bdbe,POP_BALLAD,deterministic_mapping,1.0,N/A (Standard 11 Taxonomy),,MISSING,data/lyrics/RMVM_S_d4e86cfc32.txt,AVAILABLE,,MISSING,,UNVERIFIED,TIER_A,LYRICS_ONLY,train
RMVM_S_78d8a7ba21,"Anh Ổn, Em Sao Rồi","Đạt PT, Puns F",ART_8a5827348f,POP_BALLAD,deterministic_mapping,1.0,N/A (Standard 11 Taxonomy),,MISSING,data/lyrics/RMVM_S_78d8a7ba21.txt,AVAILABLE,,MISSING,,UNVERIFIED,TIER_A,LYRICS_ONLY,train
RMVM_S_ffbb23edb8,Hót Hòn Họt,"Hương Giang, Saabirose, D.A",ART_da7d9569cd,POP_BALLAD,deterministic_mapping,1.0,N/A (Standard 11 Taxonomy),,MISSING,data/lyrics/RMVM_S_ffbb23edb8.txt,AVAILABLE,,MISSING,,UNVERIFIED,TIER_A,LYRICS_ONLY,train
RMVM_S_062bea73ab,Ôi Kìa Tết Đến,"BÌN, Trường Lê",ART_d8c4dd547b,POP_BALLAD,deterministic_mapping,1.0,N/A (Standard 11 Taxonomy),,MISSING,data/lyrics/RMVM_S_062bea73ab.txt,AVAILABLE,,MISSING,,UNVERIFIED,TIER_A,LYRICS_ONLY,train
RMVM_S_0b309c754e,Kẻ Theo Đuổi Ánh Sáng (Lofi),Huy Vạc,ART_6ab9432a9c,POP_BALLAD,deterministic_mapping,1.0,N/A (Standard 11 Taxonomy),,MISSING,data/lyrics/RMVM_S_0b309c754e.txt,AVAILABLE,,MISSING,,UNVERIFIED,TIER_A,LYRICS_ONLY,train
RMVM_S_8991027f6f,"LK Thương Nhau Ngày Mưa, Bước Tình Hồng (Live)","Don Hồ, Như Loan, Lương Tùng Quang",ART_abf78ce779,BOLERO_TRUTINH,deterministic_mapping,1.0,N/A (Standard 11 Taxonomy),,MISSING,data/lyrics/RMVM_S_8991027f6f.txt,AVAILABLE,,MISSING,,UNVERIFIED,TIER_A,LYRICS_ONLY,train
RMVM_S_c042d93acb,LK Còn Mãi Yêu Thương & Tình Đẹp Như Mơ,"Loan Châu, Hồ Lệ Thu",ART_8eef28fc4c,INSTRUMENTAL,source_tag_verification,0.85,N/A (Standard 11 Taxonomy),,MISSING,data/lyrics/RMVM_S_c042d93acb.txt,AVAILABLE,,MISSING,,UNVERIFIED,TIER_B,LYRICS_ONLY,train
RMVM_S_417698675a,Liên Khúc Chuyện Hẹn Hò - Ai Lên Xứ Hoa Đào,"Lâm Bảo Phi, Phùng Ngọc Huy",ART_6637d354b0,BOLERO_TRUTINH,deterministic_mapping,1.0,N/A (Standard 11 Taxonomy),,MISSING,data/lyrics/RMVM_S_417698675a.txt,AVAILABLE,,MISSING,,UNVERIFIED,TIER_A,LYRICS_ONLY,train
RMVM_S_813f997c97,Kiểu Gì Chả Mất,"Đức Anh, Lil Z",ART_e0b4cbb03a,POP_BALLAD,deterministic_mapping,1.0,N/A (Standard 11 Taxonomy),,MISSING,data/lyrics/RMVM_S_813f997c97.txt,AVAILABLE,,MISSING,,UNVERIFIED,TIER_A,LYRICS_ONLY,train
RMVM_S_9145ffeb61,Cô Ấy Đã Từng (Remix),Anh Trung,ART_177155a407,POP_BALLAD,deterministic_mapping,1.0,N/A (Standard 11 Taxonomy),,MISSING,data/lyrics/RMVM_S_9145ffeb61.txt,AVAILABLE,,MISSING,,UNVERIFIED,TIER_A,LYRICS_ONLY,train
RMVM_S_0b2aff5481,Hôm Nay Anh Đang Làm Gì? (Beat),Fanny Trần,ART_8c94e327f0,RB_SOUL,deterministic_mapping,1.0,N/A (Standard 11 Taxonomy),,MISSING,data/lyrics/RMVM_S_0b2aff5481.txt,AVAILABLE,data/covers/RMVM_S_0b2aff5481.jpg,AVAILABLE,,UNVERIFIED,TIER_A,LYRICS_COVER,train
RMVM_S_30eef67429,7 Tỷ Người (Piano Version),"A.C Xuân Tài, Lynk Lee",ART_7a8ab0412f,POP_BALLAD,deterministic_mapping,1.0,N/A (Standard 11 Taxonomy),,MISSING,data/lyrics/RMVM_S_30eef67429.txt,AVAILABLE,,MISSING,,UNVERIFIED,TIER_A,LYRICS_ONLY,train
RMVM_S_440aa11edb,Yêu Là Gì,"Lê Tính, Châu Khải Phong",ART_e83fb71f5e,POP_BALLAD,deterministic_mapping,1.0,N/A (Standard 11 Taxonomy),,MISSING,data/lyrics/RMVM_S_440aa11edb.txt,AVAILABLE,,MISSING,,UNVERIFIED,TIER_A,LYRICS_ONLY,train
RMVM_S_22afb3b9ce,Cho Đến Mãi Về Sau,Khải,ART_f9eadfe4de,POP_BALLAD,deterministic_mapping,1.0,N/A (Standard 11 Taxonomy),,MISSING,data/lyrics/RMVM_S_22afb3b9ce.txt,AVAILABLE,,MISSING,,UNVERIFIED,TIER_A,LYRICS_ONLY,train
RMVM_S_916f496ed0,Em sẽ rạng ngời,Khải,ART_f9eadfe4de,POP_BALLAD,deterministic_mapping,1.0,N/A (Standard 11 Taxonomy),,MISSING,data/lyrics/RMVM_S_916f496ed0.txt,AVAILABLE,,MISSING,,UNVERIFIED,TIER_A,LYRICS_ONLY,train
RMVM_S_e349161056,Chờ Mùa Đông Qua,Khải,ART_f9eadfe4de,POP_BALLAD,deterministic_mapping,1.0,N/A (Standard 11 Taxonomy),,MISSING,data/lyrics/RMVM_S_e349161056.txt,AVAILABLE,,MISSING,,UNVERIFIED,TIER_A,LYRICS_ONLY,train
RMVM_S_22d82be697,Cảm Giác Cô Đơn,"Kim Thư (Ẩn), Kim Thư",ART_15fda6bc2b,RAP_HIPHOP,deterministic_mapping,1.0,N/A (Standard 11 Taxonomy),,MISSING,data/lyrics/RMVM_S_22d82be697.txt,AVAILABLE,,MISSING,,UNVERIFIED,TIER_A,LYRICS_ONLY,train
RMVM_S_ef6cd39f96,10 Năm Anh Vẫn Hát Lời Tình Yêu,Nguyễn Hậu,ART_afb1be888c,POP_BALLAD,deterministic_mapping,1.0,N/A (Standard 11 Taxonomy),,MISSING,,MISSING,data/covers/RMVM_S_ef6cd39f96.jpg,AVAILABLE,,UNVERIFIED,TIER_A,COVER_ONLY,train
RMVM_S_ee59ef3220,Níu Duyên Muộn Màng,Nguyễn Hậu,ART_afb1be888c,POP_BALLAD,deterministic_mapping,1.0,N/A (Standard 11 Taxonomy),,MISSING,data/lyrics/RMVM_S_ee59ef3220.txt,AVAILABLE,,MISSING,,UNVERIFIED,TIER_A,LYRICS_ONLY,train
RMVM_S_cb38c62fdb,Chúng Ta Sinh Ra Là Của Nhau,Phong Huy,ART_3638219e5c,POP_BALLAD,deterministic_mapping,1.0,N/A (Standard 11 Taxonomy),,MISSING,data/lyrics/RMVM_S_cb38c62fdb.txt,AVAILABLE,,MISSING,,UNVERIFIED,TIER_A,LYRICS_ONLY,train
RMVM_S_6a9929ce6c,Ngôi Sao May Mắn,"Khang Luân, Phi Nga",ART_2f6c760f56,POP_BALLAD,deterministic_mapping,1.0,N/A (Standard 11 Taxonomy),,MISSING,data/lyrics/RMVM_S_6a9929ce6c.txt,AVAILABLE,,MISSING,,UNVERIFIED,TIER_A,LYRICS_ONLY,train
RMVM_S_27f98336d5,Anh Về Miền Tây,Lâm Trí Tú,ART_c501714b4a,FOLK_TRADITIONAL,deterministic_mapping,1.0,N/A (Standard 11 Taxonomy),,MISSING,,MISSING,data/covers/RMVM_S_27f98336d5.jpg,AVAILABLE,,UNVERIFIED,TIER_A,COVER_ONLY,train
RMVM_S_accf15272b,Ước Mơ Của Tôi,Lâm Trí Tú,ART_c501714b4a,BOLERO_TRUTINH,deterministic_mapping,1.0,N/A (Standard 11 Taxonomy),,MISSING,data/lyrics/RMVM_S_accf15272b.txt,AVAILABLE,,MISSING,,UNVERIFIED,TIER_A,LYRICS_ONLY,train
RMVM_S_bf5c8c9bea,Cứ Yêu Đi Nào,VOX,ART_cd9a346bd6,POP_BALLAD,deterministic_mapping,1.0,N/A (Standard 11 Taxonomy),,MISSING,data/lyrics/RMVM_S_bf5c8c9bea.txt,AVAILABLE,,MISSING,,UNVERIFIED,TIER_A,LYRICS_ONLY,train
RMVM_S_d101d323a0,Nụ Cười Lọ Lem,VOX,ART_cd9a346bd6,POP_BALLAD,deterministic_mapping,1.0,N/A (Standard 11 Taxonomy),,MISSING,data/lyrics/RMVM_S_d101d323a0.txt,AVAILABLE,,MISSING,,UNVERIFIED,TIER_A,LYRICS_ONLY,train
RMVM_S_7248cd151c,Nhói Tâm Can,"Nhựt 2NT, LOKI",ART_7d5a4c0fcf,POP_BALLAD,deterministic_mapping,1.0,N/A (Standard 11 Taxonomy),,MISSING,data/lyrics/RMVM_S_7248cd151c.txt,AVAILABLE,,MISSING,,UNVERIFIED,TIER_A,LYRICS_ONLY,train
RMVM_S_408e14797b,Bói Duyên,"INSOLENT, Shieeez, CM1X",ART_fc082f5b5a,POP_BALLAD,deterministic_mapping,1.0,N/A (Standard 11 Taxonomy),,MISSING,data/lyrics/RMVM_S_408e14797b.txt,AVAILABLE,,MISSING,,UNVERIFIED,TIER_A,LYRICS_ONLY,train
RMVM_S_a92aba8dc5,Nhường Em Cho Người Tốt Hơn,Nguyễn Chí Tâm,ART_017b7012fa,POP_BALLAD,deterministic_mapping,1.0,N/A (Standard 11 Taxonomy),,MISSING,data/lyrics/RMVM_S_a92aba8dc5.txt,AVAILABLE,,MISSING,,UNVERIFIED,TIER_A,LYRICS_ONLY,train
RMVM_S_01720439fd,Hạnh Phúc Nhỏ,Nguyễn Chí Tâm,ART_017b7012fa,POP_BALLAD,deterministic_mapping,1.0,N/A (Standard 11 Taxonomy),,MISSING,data/lyrics/RMVM_S_01720439fd.txt,AVAILABLE,,MISSING,,UNVERIFIED,TIER_A,LYRICS_ONLY,train
RMVM_S_c4e4314933,An Toàn Là Trên Hết,SGirls,ART_08cc20ec51,POP_BALLAD,deterministic_mapping,1.0,N/A (Standard 11 Taxonomy),,MISSING,data/lyrics/RMVM_S_c4e4314933.txt,AVAILABLE,,MISSING,,UNVERIFIED,TIER_A,LYRICS_ONLY,train
RMVM_S_1bae6af511,"Cuộc Đời Như Vòng Xoay (From ""The Lion King""/Soundtrack Version)","Hồ Hoàng Ngọc, Lebo M.",ART_4c40738c67,OTHER,curated_out_of_taxonomy,0.9,Film Soundtrack / OST composition,,MISSING,,MISSING,,MISSING,,UNVERIFIED,TIER_B,NO_PHYSICAL_MODALITY,train
RMVM_S_d3a5583bf3,Ánh Đèn Màu,Bông Mai,ART_285a5a7588,BOLERO_TRUTINH,deterministic_mapping,1.0,N/A (Standard 11 Taxonomy),,MISSING,data/lyrics/RMVM_S_d3a5583bf3.txt,AVAILABLE,,MISSING,,UNVERIFIED,TIER_A,LYRICS_ONLY,train
RMVM_S_0edcde1e0e,Khi Ta Già,"Vũ Thịnh, Vicky Nhung",ART_b600bb6738,POP_BALLAD,deterministic_mapping,1.0,N/A (Standard 11 Taxonomy),,MISSING,data/lyrics/RMVM_S_0edcde1e0e.txt,AVAILABLE,,MISSING,,UNVERIFIED,TIER_A,LYRICS_ONLY,train
RMVM_S_f0b5b189ae,Chờ Mãi Phút Giây Này,Tăng Anh Tuấn,ART_3a6c60b80f,POP_BALLAD,deterministic_mapping,1.0,N/A (Standard 11 Taxonomy),,MISSING,data/lyrics/RMVM_S_f0b5b189ae.txt,AVAILABLE,,MISSING,,UNVERIFIED,TIER_A,LYRICS_ONLY,train
RMVM_S_3711bff17e,Anh Không Thể Nào Quên,Tăng Anh Tuấn,ART_3a6c60b80f,POP_BALLAD,deterministic_mapping,1.0,N/A (Standard 11 Taxonomy),,MISSING,data/lyrics/RMVM_S_3711bff17e.txt,AVAILABLE,,MISSING,,UNVERIFIED,TIER_A,LYRICS_ONLY,train
RMVM_S_ad17d07ba9,Cách Để Quên Em,Tăng Anh Tuấn,ART_3a6c60b80f,POP_BALLAD,deterministic_mapping,1.0,N/A (Standard 11 Taxonomy),,MISSING,data/lyrics/RMVM_S_ad17d07ba9.txt,AVAILABLE,,MISSING,,UNVERIFIED,TIER_A,LYRICS_ONLY,train
RMVM_S_75c871eefd,Hay Là Anh Đã Quên Em,Nguyễn Cao Kỳ Duyên,ART_658a8a9198,POP_BALLAD,deterministic_mapping,1.0,N/A (Standard 11 Taxonomy),,MISSING,data/lyrics/RMVM_S_75c871eefd.txt,AVAILABLE,,MISSING,,UNVERIFIED,TIER_A,LYRICS_ONLY,train
RMVM_S_34600a6279,5 Vạn 7 Ngàn 600 Lần Nhớ Em,Thương,ART_5e21c2396f,POP_BALLAD,deterministic_mapping,1.0,N/A (Standard 11 Taxonomy),,MISSING,data/lyrics/RMVM_S_34600a6279.txt,AVAILABLE,,MISSING,,UNVERIFIED,TIER_A,LYRICS_ONLY,train
RMVM_S_11bf555ad8,Em Nào Biết,Thương,ART_5e21c2396f,POP_BALLAD,deterministic_mapping,1.0,N/A (Standard 11 Taxonomy),,MISSING,data/lyrics/RMVM_S_11bf555ad8.txt,AVAILABLE,,MISSING,,UNVERIFIED,TIER_A,LYRICS_ONLY,train
RMVM_S_e40f5a9192,Chúng Ta Là Thế Nào,Thương,ART_5e21c2396f,POP_BALLAD,deterministic_mapping,1.0,N/A (Standard 11 Taxonomy),,MISSING,data/lyrics/RMVM_S_e40f5a9192.txt,AVAILABLE,,MISSING,,UNVERIFIED,TIER_A,LYRICS_ONLY,train
RMVM_S_0d876fb5ff,Anh Có Là Gì Đâu,Thương,ART_5e21c2396f,POP_BALLAD,deterministic_mapping,1.0,N/A (Standard 11 Taxonomy),,MISSING,data/lyrics/RMVM_S_0d876fb5ff.txt,AVAILABLE,,MISSING,,UNVERIFIED,TIER_A,LYRICS_ONLY,train
RMVM_S_a49b6dfadc,Bố Ơi Kể Chuyện Con Nghe,"Nguyễn Văn Chung, Bé Bánh Quy",ART_353884477b,POP_BALLAD,deterministic_mapping,1.0,N/A (Standard 11 Taxonomy),,MISSING,data/lyrics/RMVM_S_a49b6dfadc.txt,AVAILABLE,,MISSING,,UNVERIFIED,TIER_A,LYRICS_ONLY,train
RMVM_S_93d23335dd,Lỗi Của Anh,"Lê Vương, Quang Tùng",ART_13dbdcdbec,POP_BALLAD,deterministic_mapping,1.0,N/A (Standard 11 Taxonomy),,MISSING,data/lyrics/RMVM_S_93d23335dd.txt,AVAILABLE,,MISSING,,UNVERIFIED,TIER_A,LYRICS_ONLY,train
RMVM_S_534f7807f9,Cướp Vợ,Ngũ Cung,ART_98aa258398,ROCK,artist_discography_verification,0.85,N/A (Standard 11 Taxonomy),,MISSING,,MISSING,data/covers/RMVM_S_534f7807f9.jpg,AVAILABLE,,UNVERIFIED,TIER_B,COVER_ONLY,train
RMVM_S_7b3981465c,Cướp Vợ - Tục Lệ Người H'mông,Ngũ Cung,ART_98aa258398,ROCK,artist_discography_verification,0.85,N/A (Standard 11 Taxonomy),,MISSING,data/lyrics/RMVM_S_7b3981465c.txt,AVAILABLE,,MISSING,,UNVERIFIED,TIER_B,LYRICS_ONLY,train
RMVM_S_0b027ad9ac,Giấc Mơ Màu Nâu,Hà Trần,ART_9cb3d907e2,POP_BALLAD,deterministic_mapping,1.0,N/A (Standard 11 Taxonomy),,MISSING,data/lyrics/RMVM_S_0b027ad9ac.txt,AVAILABLE,,MISSING,,UNVERIFIED,TIER_A,LYRICS_ONLY,train
RMVM_S_66d173f8a6,Câu Chuyện Hoa Ngọc Lan,Hà Trần,ART_9cb3d907e2,POP_BALLAD,deterministic_mapping,1.0,N/A (Standard 11 Taxonomy),,MISSING,data/lyrics/RMVM_S_66d173f8a6.txt,AVAILABLE,,MISSING,,UNVERIFIED,TIER_A,LYRICS_ONLY,train
RMVM_S_7fc4b54a2f,Có Em Ở Đây Rồi (Remix),"Chu Duyên, CT",ART_b4345360ad,POP_BALLAD,deterministic_mapping,1.0,N/A (Standard 11 Taxonomy),,MISSING,data/lyrics/RMVM_S_7fc4b54a2f.txt,AVAILABLE,,MISSING,,UNVERIFIED,TIER_A,LYRICS_ONLY,train
RMVM_S_a0d01369c3,Đoản Xuân Ca (Chu Duyên Cover) [Remix],"Chu Duyên, CT",ART_b4345360ad,POP_BALLAD,deterministic_mapping,1.0,N/A (Standard 11 Taxonomy),,MISSING,data/lyrics/RMVM_S_a0d01369c3.txt,AVAILABLE,,MISSING,,UNVERIFIED,TIER_A,LYRICS_ONLY,train
RMVM_S_600ed6e713,Chúc Ngủ Ngon,"Thu Minh, Việt Quang",ART_c32eadf3bf,BOLERO_TRUTINH,deterministic_mapping,1.0,N/A (Standard 11 Taxonomy),,MISSING,data/lyrics/RMVM_S_600ed6e713.txt,AVAILABLE,,MISSING,,UNVERIFIED,TIER_A,LYRICS_ONLY,train
RMVM_S_acf245d8ff,Anh Tự Do Nhưng Cô Đơn,"Trung Quân Idol, Văn Mai Hương",ART_278b19c597,POP_BALLAD,deterministic_mapping,1.0,N/A (Standard 11 Taxonomy),,MISSING,data/lyrics/RMVM_S_acf245d8ff.txt,AVAILABLE,,MISSING,,UNVERIFIED,TIER_A,LYRICS_ONLY,train
RMVM_S_7c60b37537,Liên Khúc Nếu Đời Không Có Em,"Trung Nghĩa, Lâm Minh Khôi",ART_ab30be00a9,BOLERO_TRUTINH,deterministic_mapping,1.0,N/A (Standard 11 Taxonomy),,MISSING,data/lyrics/RMVM_S_7c60b37537.txt,AVAILABLE,,MISSING,,UNVERIFIED,TIER_A,LYRICS_ONLY,train
RMVM_S_6f4708a07e,Đừng Hẹn Kiếp Sau (Cover),Hoàng Đình Đông Dương,ART_5008195d17,POP_BALLAD,deterministic_mapping,1.0,N/A (Standard 11 Taxonomy),,MISSING,,MISSING,data/covers/RMVM_S_6f4708a07e.jpg,AVAILABLE,,UNVERIFIED,TIER_A,COVER_ONLY,train
RMVM_S_0221532bd3,Mặt Trời Nơi Mùa Đông,Khánh Phương,ART_a36111936d,POP_BALLAD,deterministic_mapping,1.0,N/A (Standard 11 Taxonomy),,MISSING,,MISSING,data/covers/RMVM_S_0221532bd3.jpg,AVAILABLE,,UNVERIFIED,TIER_A,COVER_ONLY,train
RMVM_S_28b45c5280,Dù Anh Vẫn Còn Yêu,Khánh Phương,ART_a36111936d,POP_BALLAD,deterministic_mapping,1.0,N/A (Standard 11 Taxonomy),,MISSING,data/lyrics/RMVM_S_28b45c5280.txt,AVAILABLE,,MISSING,,UNVERIFIED,TIER_A,LYRICS_ONLY,train
RMVM_S_cbf59a5107,Anh Và Em Hai Thế Giới,Khánh Phương,ART_a36111936d,POP_BALLAD,deterministic_mapping,1.0,N/A (Standard 11 Taxonomy),,MISSING,data/lyrics/RMVM_S_cbf59a5107.txt,AVAILABLE,,MISSING,,UNVERIFIED,TIER_A,LYRICS_ONLY,train
RMVM_S_c70b7d4b3b,Anh Luôn Tin,Khánh Phương,ART_a36111936d,POP_BALLAD,deterministic_mapping,1.0,N/A (Standard 11 Taxonomy),,MISSING,data/lyrics/RMVM_S_c70b7d4b3b.txt,AVAILABLE,,MISSING,,UNVERIFIED,TIER_A,LYRICS_ONLY,train
RMVM_S_acaab1677a,Giản Đơn Một Hạnh Phúc,Khánh Phương,ART_a36111936d,POP_BALLAD,deterministic_mapping,1.0,N/A (Standard 11 Taxonomy),,MISSING,data/lyrics/RMVM_S_acaab1677a.txt,AVAILABLE,,MISSING,,UNVERIFIED,TIER_A,LYRICS_ONLY,train
RMVM_S_08f7033df7,Gió Đông Đợi Chờ,Khánh Phương,ART_a36111936d,POP_BALLAD,deterministic_mapping,1.0,N/A (Standard 11 Taxonomy),,MISSING,data/lyrics/RMVM_S_08f7033df7.txt,AVAILABLE,,MISSING,,UNVERIFIED,TIER_A,LYRICS_ONLY,train
RMVM_S_8eda89bd09,Giấc Mơ Xa,Khánh Phương,ART_a36111936d,POP_BALLAD,deterministic_mapping,1.0,N/A (Standard 11 Taxonomy),,MISSING,data/lyrics/RMVM_S_8eda89bd09.txt,AVAILABLE,,MISSING,,UNVERIFIED,TIER_A,LYRICS_ONLY,train
RMVM_S_7ba579e7ad,Chỉ Mong Em Bình An,Khánh Phương,ART_a36111936d,POP_BALLAD,deterministic_mapping,1.0,N/A (Standard 11 Taxonomy),,MISSING,data/lyrics/RMVM_S_7ba579e7ad.txt,AVAILABLE,,MISSING,,UNVERIFIED,TIER_A,LYRICS_ONLY,train
RMVM_S_53b564f78e,Lời Xin Lỗi Không Thể Nói,Khánh Phương,ART_a36111936d,POP_BALLAD,deterministic_mapping,1.0,N/A (Standard 11 Taxonomy),,MISSING,data/lyrics/RMVM_S_53b564f78e.txt,AVAILABLE,,MISSING,,UNVERIFIED,TIER_A,LYRICS_ONLY,train
RMVM_S_6bca6c7480,Magic Castle - Ngày Mai Nắng Lên,Khánh Phương,ART_a36111936d,POP_BALLAD,deterministic_mapping,1.0,N/A (Standard 11 Taxonomy),,MISSING,data/lyrics/RMVM_S_6bca6c7480.txt,AVAILABLE,,MISSING,,UNVERIFIED,TIER_A,LYRICS_ONLY,train
RMVM_S_1b5cf40209,Điều Ước Giản Dị,Khánh Phương,ART_a36111936d,POP_BALLAD,deterministic_mapping,1.0,N/A (Standard 11 Taxonomy),,MISSING,data/lyrics/RMVM_S_1b5cf40209.txt,AVAILABLE,,MISSING,,UNVERIFIED,TIER_A,LYRICS_ONLY,train
RMVM_S_430404078d,Bên Ai Em Cũng Ngọt Ngào,Khánh Phương,ART_a36111936d,POP_BALLAD,deterministic_mapping,1.0,N/A (Standard 11 Taxonomy),,MISSING,data/lyrics/RMVM_S_430404078d.txt,AVAILABLE,,MISSING,,UNVERIFIED,TIER_A,LYRICS_ONLY,train
RMVM_S_e6f97b61dc,Giấc Mơ Quá Xa,Khánh Phương,ART_a36111936d,POP_BALLAD,deterministic_mapping,1.0,N/A (Standard 11 Taxonomy),,MISSING,data/lyrics/RMVM_S_e6f97b61dc.txt,AVAILABLE,,MISSING,,UNVERIFIED,TIER_A,LYRICS_ONLY,train
RMVM_S_48d0013269,Dù Tha Thứ Cũng Không Xứng Đáng,Khánh Phương,ART_a36111936d,POP_BALLAD,deterministic_mapping,1.0,N/A (Standard 11 Taxonomy),,MISSING,data/lyrics/RMVM_S_48d0013269.txt,AVAILABLE,,MISSING,,UNVERIFIED,TIER_A,LYRICS_ONLY,train
RMVM_S_fd5316f9ea,Anh Đang Rất Nhớ Em,"LilGee Phạm, Nguyễn Mạnh Cường, Khiết Linh",ART_c292cbd1ba,POP_BALLAD,deterministic_mapping,1.0,N/A (Standard 11 Taxonomy),,MISSING,data/lyrics/RMVM_S_fd5316f9ea.txt,AVAILABLE,,MISSING,,UNVERIFIED,TIER_A,LYRICS_ONLY,train
RMVM_S_3e26778660,LK: Thiên Đàng Ái Ân,"Bảo Hân, Don Hồ",ART_d0fda727d9,POP_BALLAD,deterministic_mapping,1.0,N/A (Standard 11 Taxonomy),,MISSING,data/lyrics/RMVM_S_3e26778660.txt,AVAILABLE,,MISSING,,UNVERIFIED,TIER_A,LYRICS_ONLY,train
RMVM_S_39f1a5d2d3,Buồn Thu Ướt Mi,"Bảo Hân, Don Hồ",ART_d0fda727d9,INSTRUMENTAL,source_tag_verification,0.85,N/A (Standard 11 Taxonomy),,MISSING,data/lyrics/RMVM_S_39f1a5d2d3.txt,AVAILABLE,,MISSING,,UNVERIFIED,TIER_B,LYRICS_ONLY,train
RMVM_S_97b103a837,Có Đau Mới Đậm Sâu,BTK,ART_564f64348e,POP_BALLAD,deterministic_mapping,1.0,N/A (Standard 11 Taxonomy),,MISSING,data/lyrics/RMVM_S_97b103a837.txt,AVAILABLE,,MISSING,,UNVERIFIED,TIER_A,LYRICS_ONLY,train
RMVM_MB_555580d0e8,Ngắn ngủi,Thủy Triều Đỏ,ART_fd95027341,ROCK,musicbrainz_artist_discography,0.85,N/A (Standard 11 Taxonomy),,MISSING,,MISSING,,MISSING,2003.0,VERIFIED,TIER_B,NO_PHYSICAL_MODALITY,train
RMVM_MB_61b94d4ab1,Cái chết trắng,Thủy Triều Đỏ,ART_fd95027341,ROCK,musicbrainz_artist_discography,0.85,N/A (Standard 11 Taxonomy),,MISSING,,MISSING,,MISSING,2006.0,VERIFIED,TIER_B,NO_PHYSICAL_MODALITY,train
RMVM_MB_0a14a18db9,Giây phút uyên ương,Thủy Triều Đỏ,ART_fd95027341,ROCK,musicbrainz_artist_discography,0.85,N/A (Standard 11 Taxonomy),,MISSING,,MISSING,,MISSING,2006.0,VERIFIED,TIER_B,NO_PHYSICAL_MODALITY,train
RMVM_MB_2e41e7e67a,Nhịp sống,Thủy Triều Đỏ,ART_fd95027341,ROCK,musicbrainz_artist_discography,0.85,N/A (Standard 11 Taxonomy),,MISSING,,MISSING,,MISSING,2006.0,VERIFIED,TIER_B,NO_PHYSICAL_MODALITY,train
RMVM_MB_a6bb6bbdb2,Nơi tuổi thơ tôi qua,Thủy Triều Đỏ,ART_fd95027341,ROCK,musicbrainz_artist_discography,0.85,N/A (Standard 11 Taxonomy),,MISSING,,MISSING,,MISSING,2006.0,VERIFIED,TIER_B,NO_PHYSICAL_MODALITY,train
RMVM_MB_dde8f28c41,Đi nghỉ mát (instrumental),Thủy Triều Đỏ,ART_fd95027341,ROCK,musicbrainz_artist_discography,0.85,N/A (Standard 11 Taxonomy),,MISSING,,MISSING,,MISSING,2006.0,VERIFIED,TIER_B,NO_PHYSICAL_MODALITY,train
RMVM_MB_f0027b19ec,Nắng mới,Thủy Triều Đỏ,ART_fd95027341,ROCK,musicbrainz_artist_discography,0.85,N/A (Standard 11 Taxonomy),,MISSING,,MISSING,,MISSING,2003.0,VERIFIED,TIER_B,NO_PHYSICAL_MODALITY,train
RMVM_MB_1f0c30571f,Người hát rong,Thủy Triều Đỏ,ART_fd95027341,ROCK,musicbrainz_artist_discography,0.85,N/A (Standard 11 Taxonomy),,MISSING,,MISSING,,MISSING,2003.0,VERIFIED,TIER_B,NO_PHYSICAL_MODALITY,train
RMVM_MB_1461b30905,Thời gian (instrumental),Thủy Triều Đỏ,ART_fd95027341,ROCK,musicbrainz_artist_discography,0.85,N/A (Standard 11 Taxonomy),,MISSING,,MISSING,,MISSING,2003.0,VERIFIED,TIER_B,NO_PHYSICAL_MODALITY,train
RMVM_MB_2ed471c3b5,Bạn bè,Thủy Triều Đỏ,ART_fd95027341,ROCK,musicbrainz_artist_discography,0.85,N/A (Standard 11 Taxonomy),,MISSING,,MISSING,,MISSING,2003.0,VERIFIED,TIER_B,NO_PHYSICAL_MODALITY,train
RMVM_MB_3435a420c5,Chuyện tình chiếc dây đàn,Thủy Triều Đỏ,ART_fd95027341,ROCK,musicbrainz_artist_discography,0.85,N/A (Standard 11 Taxonomy),,MISSING,,MISSING,,MISSING,2006.0,VERIFIED,TIER_B,NO_PHYSICAL_MODALITY,train
RMVM_MB_57ce038416,Mái ấm,Thủy Triều Đỏ,ART_fd95027341,ROCK,musicbrainz_artist_discography,0.85,N/A (Standard 11 Taxonomy),,MISSING,,MISSING,,MISSING,2006.0,VERIFIED,TIER_B,NO_PHYSICAL_MODALITY,train
RMVM_S_672f3e80ff,Cùng Nâng Ly Lên,"R.i.c.k, Spy",ART_0d5b824ca6,POP_BALLAD,deterministic_mapping,1.0,N/A (Standard 11 Taxonomy),,MISSING,data/lyrics/RMVM_S_672f3e80ff.txt,AVAILABLE,,MISSING,,UNVERIFIED,TIER_A,LYRICS_ONLY,train
RMVM_S_faab630e80,Y.Ê.U (Acoustic Version),MIN,ART_d8bd79cc13,POP_BALLAD,deterministic_mapping,1.0,N/A (Standard 11 Taxonomy),,MISSING,data/lyrics/RMVM_S_faab630e80.txt,AVAILABLE,,MISSING,,UNVERIFIED,TIER_A,LYRICS_ONLY,train
RMVM_S_3aff260f3e,Em Mới Là Người Yêu Anh,MIN,ART_d8bd79cc13,POP_BALLAD,deterministic_mapping,1.0,N/A (Standard 11 Taxonomy),,MISSING,data/lyrics/RMVM_S_3aff260f3e.txt,AVAILABLE,,MISSING,,UNVERIFIED,TIER_A,LYRICS_ONLY,train
RMVM_S_5542b22f72,Phải Lòng Anh,MIN,ART_d8bd79cc13,POP_BALLAD,deterministic_mapping,1.0,N/A (Standard 11 Taxonomy),,MISSING,data/lyrics/RMVM_S_5542b22f72.txt,AVAILABLE,,MISSING,,UNVERIFIED,TIER_A,LYRICS_ONLY,train
RMVM_MB_581688a5d7,Em Mới Là Người Yêu Anh (Acoustic Version),Min,ART_d8bd79cc13,RB_SOUL,musicbrainz_artist_discography,0.85,N/A (Standard 11 Taxonomy),,MISSING,,MISSING,,MISSING,2018.0,VERIFIED,TIER_B,NO_PHYSICAL_MODALITY,train
RMVM_MB_181c9bb68a,I Heart You,Min,ART_d8bd79cc13,RB_SOUL,musicbrainz_artist_discography,0.85,N/A (Standard 11 Taxonomy),,MISSING,,MISSING,,MISSING,2021.0,VERIFIED,TIER_B,NO_PHYSICAL_MODALITY,train
RMVM_MB_8eb09ffa30,Điều Em Khó Nói,Min,ART_d8bd79cc13,RB_SOUL,musicbrainz_artist_discography,0.85,N/A (Standard 11 Taxonomy),,MISSING,,MISSING,,MISSING,2025.0,VERIFIED,TIER_B,NO_PHYSICAL_MODALITY,train
RMVM_MB_5c26b422b1,fragile (intro),Min,ART_d8bd79cc13,RB_SOUL,musicbrainz_artist_discography,0.85,N/A (Standard 11 Taxonomy),,MISSING,,MISSING,,MISSING,2025.0,VERIFIED,TIER_B,NO_PHYSICAL_MODALITY,train
RMVM_MB_1120ae8e13,phải viết bao nhiêu bản tình ca,Min,ART_d8bd79cc13,RB_SOUL,musicbrainz_artist_discography,0.85,N/A (Standard 11 Taxonomy),,MISSING,,MISSING,,MISSING,2025.0,VERIFIED,TIER_B,NO_PHYSICAL_MODALITY,train
RMVM_MB_e0de7b78e1,Up To You,Min,ART_d8bd79cc13,RB_SOUL,musicbrainz_artist_discography,0.85,N/A (Standard 11 Taxonomy),,MISSING,,MISSING,,MISSING,2021.0,VERIFIED,TIER_B,NO_PHYSICAL_MODALITY,train
RMVM_MB_e8fa1a0430,Up To You (Remix),Min,ART_d8bd79cc13,RB_SOUL,musicbrainz_artist_discography,0.85,N/A (Standard 11 Taxonomy),,MISSING,,MISSING,,MISSING,2021.0,VERIFIED,TIER_B,NO_PHYSICAL_MODALITY,train
RMVM_S_98d2ba64cc,Để Làm Người Yêu Em,Chuy Blue,ART_714e2acaee,POP_BALLAD,deterministic_mapping,1.0,N/A (Standard 11 Taxonomy),,MISSING,data/lyrics/RMVM_S_98d2ba64cc.txt,AVAILABLE,,MISSING,,UNVERIFIED,TIER_A,LYRICS_ONLY,train
RMVM_S_d72428680a,Đoàn Xuân Ca,"Lâm Hoài Phong, Hoàng Hoa",ART_1b25216aa7,POP_BALLAD,deterministic_mapping,1.0,N/A (Standard 11 Taxonomy),,MISSING,data/lyrics/RMVM_S_d72428680a.txt,AVAILABLE,,MISSING,,UNVERIFIED,TIER_A,LYRICS_ONLY,train
RMVM_S_e6d87356b1,Chị Ong Nâu Và Em Bé,Mầm Chồi Lá,ART_b88b9de8d8,CHILDREN,deterministic_mapping,1.0,N/A (Standard 11 Taxonomy),,MISSING,data/lyrics/RMVM_S_e6d87356b1.txt,AVAILABLE,,MISSING,,UNVERIFIED,TIER_A,LYRICS_ONLY,train
RMVM_S_e71b014a3b,Cả Tuần Đều Ngoan,Mầm Chồi Lá,ART_b88b9de8d8,CHILDREN,deterministic_mapping,1.0,N/A (Standard 11 Taxonomy),,MISSING,data/lyrics/RMVM_S_e71b014a3b.txt,AVAILABLE,,MISSING,,UNVERIFIED,TIER_A,LYRICS_ONLY,train
RMVM_S_c18a50eae3,Ánh Trăng Hòa Bình,Mầm Chồi Lá,ART_b88b9de8d8,CHILDREN,deterministic_mapping,1.0,N/A (Standard 11 Taxonomy),,MISSING,data/lyrics/RMVM_S_c18a50eae3.txt,AVAILABLE,,MISSING,,UNVERIFIED,TIER_A,LYRICS_ONLY,train
RMVM_S_d016febfb2,Cháu Vẽ Ông Mặt Trời,Mầm Chồi Lá,ART_b88b9de8d8,CHILDREN,deterministic_mapping,1.0,N/A (Standard 11 Taxonomy),,MISSING,data/lyrics/RMVM_S_d016febfb2.txt,AVAILABLE,,MISSING,,UNVERIFIED,TIER_A,LYRICS_ONLY,train
RMVM_S_9aa0fe04ca,Bà Còng Đi Chợ,Mầm Chồi Lá,ART_b88b9de8d8,CHILDREN,deterministic_mapping,1.0,N/A (Standard 11 Taxonomy),,MISSING,data/lyrics/RMVM_S_9aa0fe04ca.txt,AVAILABLE,,MISSING,,UNVERIFIED,TIER_A,LYRICS_ONLY,train
RMVM_S_184d75f3f7,Tự Hào Là Người Bắc Giang,Lis Shangin,ART_0d8f1e36a1,POP_BALLAD,deterministic_mapping,1.0,N/A (Standard 11 Taxonomy),,MISSING,data/lyrics/RMVM_S_184d75f3f7.txt,AVAILABLE,,MISSING,,UNVERIFIED,TIER_A,LYRICS_ONLY,train
RMVM_S_2bf325c9ac,Đắm Say Nàng (Remix),KxK,ART_d09a30aff8,POP_BALLAD,deterministic_mapping,1.0,N/A (Standard 11 Taxonomy),,MISSING,data/lyrics/RMVM_S_2bf325c9ac.txt,AVAILABLE,,MISSING,,UNVERIFIED,TIER_A,LYRICS_ONLY,train
RMVM_S_9aed47228d,Chờ Đợi Có Đáng Sợ (speed up),Andiez,ART_9439c81871,POP_BALLAD,deterministic_mapping,1.0,N/A (Standard 11 Taxonomy),,MISSING,,MISSING,data/covers/RMVM_S_9aed47228d.jpg,AVAILABLE,,UNVERIFIED,TIER_A,COVER_ONLY,train
RMVM_S_aecb230f52,Anh Vẫn Hy Vọng (Cương Thi Biến OST),Andiez,ART_9439c81871,POP_BALLAD,deterministic_mapping,1.0,N/A (Standard 11 Taxonomy),,MISSING,data/lyrics/RMVM_S_aecb230f52.txt,AVAILABLE,,MISSING,,UNVERIFIED,TIER_A,LYRICS_ONLY,train
RMVM_S_f4267ab8c6,Nói Anh Nghe Được Không,Andiez,ART_9439c81871,POP_BALLAD,deterministic_mapping,1.0,N/A (Standard 11 Taxonomy),,MISSING,data/lyrics/RMVM_S_f4267ab8c6.txt,AVAILABLE,,MISSING,,UNVERIFIED,TIER_A,LYRICS_ONLY,train
RMVM_S_3b2669171e,Chờ Đợi Có Đáng Sợ (Piano Verison),Andiez,ART_9439c81871,POP_BALLAD,deterministic_mapping,1.0,N/A (Standard 11 Taxonomy),,MISSING,data/lyrics/RMVM_S_3b2669171e.txt,AVAILABLE,,MISSING,,UNVERIFIED,TIER_A,LYRICS_ONLY,train
RMVM_MB_4f7f23286e,Anh Đánh Rơi Người Yêu Này,Andiez,ART_9439c81871,RB_SOUL,musicbrainz_artist_discography,0.85,N/A (Standard 11 Taxonomy),,MISSING,,MISSING,,MISSING,2019.0,VERIFIED,TIER_B,NO_PHYSICAL_MODALITY,train
RMVM_S_215c3d181a,Buồn Chỉ Một Mình Thôi,"Tika Tùng Anh, TinyQ",ART_3aa5fc5ceb,POP_BALLAD,deterministic_mapping,1.0,N/A (Standard 11 Taxonomy),,MISSING,,MISSING,data/covers/RMVM_S_215c3d181a.jpg,AVAILABLE,,UNVERIFIED,TIER_A,COVER_ONLY,train
RMVM_S_039f666292,Việt Nam Quê Hương Tôi,Thiên Phúc,ART_46f041d602,FOLK_TRADITIONAL,deterministic_mapping,1.0,N/A (Standard 11 Taxonomy),,MISSING,data/lyrics/RMVM_S_039f666292.txt,AVAILABLE,,MISSING,,UNVERIFIED,TIER_A,LYRICS_ONLY,train
RMVM_S_b9cea0efd9,Ước Mơ Của Bạn,"Chung Thanh Duy, Hamin, Konis Williams",ART_eec71ee036,POP_BALLAD,deterministic_mapping,1.0,N/A (Standard 11 Taxonomy),,MISSING,data/lyrics/RMVM_S_b9cea0efd9.txt,AVAILABLE,,MISSING,,UNVERIFIED,TIER_A,LYRICS_ONLY,train
RMVM_S_c07df0e154,Thơ Tình Trên Cát,"Quang Vinh, Bảo Thy",ART_410510f5fa,POP_BALLAD,deterministic_mapping,1.0,N/A (Standard 11 Taxonomy),,MISSING,data/lyrics/RMVM_S_c07df0e154.txt,AVAILABLE,,MISSING,,UNVERIFIED,TIER_A,LYRICS_ONLY,train
RMVM_S_1ad637fe09,Bầu Trời Của Biển,Thành Đạt,ART_7abef207dc,POP_BALLAD,deterministic_mapping,1.0,N/A (Standard 11 Taxonomy),,MISSING,data/lyrics/RMVM_S_1ad637fe09.txt,AVAILABLE,,MISSING,,UNVERIFIED,TIER_A,LYRICS_ONLY,train
RMVM_S_80c42f8c5c,Hận Mình Tay Trắng (Yang Remix),Thành Đạt,ART_7abef207dc,DANCE_EDM,deterministic_mapping,1.0,N/A (Standard 11 Taxonomy),,MISSING,data/lyrics/RMVM_S_80c42f8c5c.txt,AVAILABLE,,MISSING,,UNVERIFIED,TIER_A,LYRICS_ONLY,train
RMVM_S_60e31ecab9,Cho Anh Quyền Kiêu Hãnh,Thành Đạt,ART_7abef207dc,POP_BALLAD,deterministic_mapping,1.0,N/A (Standard 11 Taxonomy),,MISSING,data/lyrics/RMVM_S_60e31ecab9.txt,AVAILABLE,,MISSING,,UNVERIFIED,TIER_A,LYRICS_ONLY,train
RMVM_S_5d0f9573b1,Chẳng Gì Là Mãi Mãi,Thành Đạt,ART_7abef207dc,POP_BALLAD,deterministic_mapping,1.0,N/A (Standard 11 Taxonomy),,MISSING,data/lyrics/RMVM_S_5d0f9573b1.txt,AVAILABLE,,MISSING,,UNVERIFIED,TIER_A,LYRICS_ONLY,train
RMVM_S_26e76487ee,Ngày Mai Người Ta Lấy Chồng (Remix),Thành Đạt,ART_7abef207dc,DANCE_EDM,deterministic_mapping,1.0,N/A (Standard 11 Taxonomy),,MISSING,data/lyrics/RMVM_S_26e76487ee.txt,AVAILABLE,,MISSING,,UNVERIFIED,TIER_A,LYRICS_ONLY,train
RMVM_S_60599ba98a,1001 Lý Do,Thành Đạt,ART_7abef207dc,POP_BALLAD,deterministic_mapping,1.0,N/A (Standard 11 Taxonomy),,MISSING,data/lyrics/RMVM_S_60599ba98a.txt,AVAILABLE,,MISSING,,UNVERIFIED,TIER_A,LYRICS_ONLY,train
RMVM_S_423b2ac6c7,E Là Không Thể,Thành Đạt,ART_7abef207dc,POP_BALLAD,deterministic_mapping,1.0,N/A (Standard 11 Taxonomy),,MISSING,data/lyrics/RMVM_S_423b2ac6c7.txt,AVAILABLE,,MISSING,,UNVERIFIED,TIER_A,LYRICS_ONLY,train
RMVM_S_8686e96081,Một Người Đi,Hồng Phượng,ART_50c59db3c2,BOLERO_TRUTINH,deterministic_mapping,1.0,N/A (Standard 11 Taxonomy),,MISSING,data/lyrics/RMVM_S_8686e96081.txt,AVAILABLE,,MISSING,,UNVERIFIED,TIER_A,LYRICS_ONLY,train
RMVM_S_013d3b5825,Áo Dài Ơi,Hồng Phượng,ART_50c59db3c2,BOLERO_TRUTINH,deterministic_mapping,1.0,N/A (Standard 11 Taxonomy),,MISSING,data/lyrics/RMVM_S_013d3b5825.txt,AVAILABLE,,MISSING,,UNVERIFIED,TIER_A,LYRICS_ONLY,train
RMVM_S_88d9549be9,Chờ Đợi Đến Bao Giờ,Vũ Long,ART_48df05e21d,POP_BALLAD,deterministic_mapping,1.0,N/A (Standard 11 Taxonomy),,MISSING,data/lyrics/RMVM_S_88d9549be9.txt,AVAILABLE,,MISSING,,UNVERIFIED,TIER_A,LYRICS_ONLY,train
RMVM_S_9f0ac1f1f1,Đừng Vì Cô Đơn (Remix),LaLa Trần,ART_7964e66c14,DANCE_EDM,deterministic_mapping,1.0,N/A (Standard 11 Taxonomy),,MISSING,data/lyrics/RMVM_S_9f0ac1f1f1.txt,AVAILABLE,,MISSING,,UNVERIFIED,TIER_A,LYRICS_ONLY,train
RMVM_S_62ee21727f,Tôi Đam Mê,Minh Bolero,ART_89958a4d41,BOLERO_TRUTINH,deterministic_mapping,1.0,N/A (Standard 11 Taxonomy),,MISSING,data/lyrics/RMVM_S_62ee21727f.txt,AVAILABLE,,MISSING,,UNVERIFIED,TIER_A,LYRICS_ONLY,train
RMVM_S_f07c5c030e,Bước Chân Con Trở Về,Isaac Thái,ART_84028ff2d2,POP_BALLAD,deterministic_mapping,1.0,N/A (Standard 11 Taxonomy),,MISSING,data/lyrics/RMVM_S_f07c5c030e.txt,AVAILABLE,,MISSING,,UNVERIFIED,TIER_A,LYRICS_ONLY,train
RMVM_S_e293c135f4,Hát Xướng Thờ Phượng Chúa,Isaac Thái,ART_84028ff2d2,POP_BALLAD,deterministic_mapping,1.0,N/A (Standard 11 Taxonomy),,MISSING,data/lyrics/RMVM_S_e293c135f4.txt,AVAILABLE,,MISSING,,UNVERIFIED,TIER_A,LYRICS_ONLY,train
RMVM_S_0c3243673b,Chúa Đang Hiện Diện Nơi Đây,Isaac Thái,ART_84028ff2d2,OTHER,curated_out_of_taxonomy,0.9,Religious / Sacred spiritual Vietnamese music,,MISSING,,MISSING,,MISSING,,UNVERIFIED,TIER_B,NO_PHYSICAL_MODALITY,train
RMVM_S_61e8ae987c,Tìm Về Bên Chúa,Isaac Thái,ART_84028ff2d2,OTHER,curated_out_of_taxonomy,0.9,Religious / Sacred spiritual Vietnamese music,,MISSING,,MISSING,,MISSING,,UNVERIFIED,TIER_B,NO_PHYSICAL_MODALITY,train
RMVM_S_7c4a6cb508,Một năm mới bình an,Isaac Thái,ART_84028ff2d2,OTHER,curated_out_of_taxonomy,0.9,Religious / Sacred spiritual Vietnamese music,,MISSING,,MISSING,,MISSING,,UNVERIFIED,TIER_B,NO_PHYSICAL_MODALITY,train
RMVM_S_6ffe86439a,Cùng Hát Hallelujah,Isaac Thái,ART_84028ff2d2,OTHER,curated_out_of_taxonomy,0.9,Religious / Sacred spiritual Vietnamese music,,MISSING,,MISSING,,MISSING,,UNVERIFIED,TIER_B,NO_PHYSICAL_MODALITY,train
RMVM_S_2f405a6de7,Khắp Trên Trời Truyền Rao,Isaac Thái,ART_84028ff2d2,OTHER,curated_out_of_taxonomy,0.9,Religious / Sacred spiritual Vietnamese music,,MISSING,,MISSING,,MISSING,,UNVERIFIED,TIER_B,NO_PHYSICAL_MODALITY,train
RMVM_S_1a5e3d7b91,Chúa sống trong tôi suốt đời,Isaac Thái,ART_84028ff2d2,OTHER,curated_out_of_taxonomy,0.9,Religious / Sacred spiritual Vietnamese music,,MISSING,,MISSING,,MISSING,,UNVERIFIED,TIER_B,NO_PHYSICAL_MODALITY,train
RMVM_S_72ad62cdd6,Ngài Luôn Ở Đó,Isaac Thái,ART_84028ff2d2,OTHER,curated_out_of_taxonomy,0.9,Religious / Sacred spiritual Vietnamese music,,MISSING,,MISSING,,MISSING,,UNVERIFIED,TIER_B,NO_PHYSICAL_MODALITY,train
RMVM_S_b0bc547367,Đêm Yên Lặng,Isaac Thái,ART_84028ff2d2,OTHER,curated_out_of_taxonomy,0.9,Religious / Sacred spiritual Vietnamese music,,MISSING,,MISSING,,MISSING,,UNVERIFIED,TIER_B,NO_PHYSICAL_MODALITY,train
RMVM_S_9a718c2365,Bước Với Chúa Yêu Thương,Isaac Thái,ART_84028ff2d2,OTHER,curated_out_of_taxonomy,0.9,Religious / Sacred spiritual Vietnamese music,,MISSING,,MISSING,,MISSING,,UNVERIFIED,TIER_B,NO_PHYSICAL_MODALITY,train
RMVM_S_4136313163,Dâng Chúa Lời Suy Tôn,Isaac Thái,ART_84028ff2d2,OTHER,curated_out_of_taxonomy,0.9,Religious / Sacred spiritual Vietnamese music,,MISSING,,MISSING,,MISSING,,UNVERIFIED,TIER_B,NO_PHYSICAL_MODALITY,train
RMVM_S_731e80c2b9,Câu Hò Quê Nội,Bé Mai Vy,ART_04fe13b603,FOLK_TRADITIONAL,deterministic_mapping,1.0,N/A (Standard 11 Taxonomy),,MISSING,data/lyrics/RMVM_S_731e80c2b9.txt,AVAILABLE,,MISSING,,UNVERIFIED,TIER_A,LYRICS_ONLY,train
RMVM_S_1209950bb2,Cô Út Củ Chi,Bé Mai Vy,ART_04fe13b603,CHILDREN,deterministic_mapping,1.0,N/A (Standard 11 Taxonomy),,MISSING,data/lyrics/RMVM_S_1209950bb2.txt,AVAILABLE,,MISSING,,UNVERIFIED,TIER_A,LYRICS_ONLY,train
RMVM_S_8021f6db57,Mẹ Từ Bi,Bé Mai Vy,ART_04fe13b603,OTHER,curated_out_of_taxonomy,0.9,Religious / Sacred spiritual Vietnamese music,,MISSING,,MISSING,,MISSING,,UNVERIFIED,TIER_B,NO_PHYSICAL_MODALITY,train
RMVM_S_14586913b8,Một Lần Đớn Đau Vạn Lần Khắc Sâu,Ti KT,ART_ea89512874,POP_BALLAD,deterministic_mapping,1.0,N/A (Standard 11 Taxonomy),,MISSING,data/lyrics/RMVM_S_14586913b8.txt,AVAILABLE,,MISSING,,UNVERIFIED,TIER_A,LYRICS_ONLY,train
RMVM_S_c2456b998f,Nhớ Anh (Đạt R x HHD Remix),"Hà Trâm, Minant, HOA HỒNG DẠI MUSIC",ART_ca1e469f4a,DANCE_EDM,deterministic_mapping,1.0,N/A (Standard 11 Taxonomy),,MISSING,data/lyrics/RMVM_S_c2456b998f.txt,AVAILABLE,,MISSING,,UNVERIFIED,TIER_A,LYRICS_ONLY,train
RMVM_S_89fc7b3e4e,Tìm Tôi? (Find Me?),"Khoi Vu, Thỏ",ART_f225b3040f,POP_BALLAD,deterministic_mapping,1.0,N/A (Standard 11 Taxonomy),,MISSING,data/lyrics/RMVM_S_89fc7b3e4e.txt,AVAILABLE,,MISSING,,UNVERIFIED,TIER_A,LYRICS_ONLY,train
RMVM_S_6823b3634f,Cắt Đôi Nỗi Sầu,"Tăng Duy Tân, Drum7",ART_8f5cccff67,POP_BALLAD,deterministic_mapping,1.0,N/A (Standard 11 Taxonomy),,MISSING,data/lyrics/RMVM_S_6823b3634f.txt,AVAILABLE,,MISSING,,UNVERIFIED,TIER_A,LYRICS_ONLY,train
RMVM_S_ab6f19a696,Vì Anh Là Soái Ca,Trịnh Nhật Minh,ART_ca5769a928,POP_BALLAD,deterministic_mapping,1.0,N/A (Standard 11 Taxonomy),,MISSING,data/lyrics/RMVM_S_ab6f19a696.txt,AVAILABLE,,MISSING,,UNVERIFIED,TIER_A,LYRICS_ONLY,train
RMVM_S_ec5a291336,Ông Trăng Miệng Cười,Trịnh Nhật Minh,ART_ca5769a928,POP_BALLAD,deterministic_mapping,1.0,N/A (Standard 11 Taxonomy),,MISSING,data/lyrics/RMVM_S_ec5a291336.txt,AVAILABLE,,MISSING,,UNVERIFIED,TIER_A,LYRICS_ONLY,train
RMVM_S_07eaecb844,Bác Làm Vườn Và Con Chim Sâu,Trịnh Nhật Minh,ART_ca5769a928,CHILDREN,deterministic_mapping,1.0,N/A (Standard 11 Taxonomy),,MISSING,data/lyrics/RMVM_S_07eaecb844.txt,AVAILABLE,,MISSING,,UNVERIFIED,TIER_A,LYRICS_ONLY,train
RMVM_S_6c2c9d42ee,Bé Đi Học,Trịnh Nhật Minh,ART_ca5769a928,CHILDREN,deterministic_mapping,1.0,N/A (Standard 11 Taxonomy),,MISSING,data/lyrics/RMVM_S_6c2c9d42ee.txt,AVAILABLE,,MISSING,,UNVERIFIED,TIER_A,LYRICS_ONLY,train
RMVM_S_07ff6b172a,Cha Yêu Mẹ Yêu,"Đức Hưng, Y Jang Tuyn",ART_a88cb1d295,BOLERO_TRUTINH,deterministic_mapping,1.0,N/A (Standard 11 Taxonomy),,MISSING,data/lyrics/RMVM_S_07ff6b172a.txt,AVAILABLE,,MISSING,,UNVERIFIED,TIER_A,LYRICS_ONLY,train
RMVM_S_5cd09c1c12,Đôi Môi Ngây Dại,"Hải Đăng Doo, Weeza",ART_012504f943,POP_BALLAD,deterministic_mapping,1.0,N/A (Standard 11 Taxonomy),,MISSING,data/lyrics/RMVM_S_5cd09c1c12.txt,AVAILABLE,,MISSING,,UNVERIFIED,TIER_A,LYRICS_ONLY,train
RMVM_S_18fc876a1b,Em À (Acoustic Version),Trung Tự,ART_4382e8c9bb,POP_BALLAD,deterministic_mapping,1.0,N/A (Standard 11 Taxonomy),,MISSING,data/lyrics/RMVM_S_18fc876a1b.txt,AVAILABLE,,MISSING,,UNVERIFIED,TIER_A,LYRICS_ONLY,train
RMVM_S_a9019b5de7,Đau Đến Nghẹn Lời,Trung Tự,ART_4382e8c9bb,POP_BALLAD,deterministic_mapping,1.0,N/A (Standard 11 Taxonomy),,MISSING,data/lyrics/RMVM_S_a9019b5de7.txt,AVAILABLE,,MISSING,,UNVERIFIED,TIER_A,LYRICS_ONLY,train
RMVM_S_182c7a54ac,Em Muốn Quên Đi (Tropical House),Trung Tự,ART_4382e8c9bb,DANCE_EDM,deterministic_mapping,1.0,N/A (Standard 11 Taxonomy),,MISSING,data/lyrics/RMVM_S_182c7a54ac.txt,AVAILABLE,,MISSING,,UNVERIFIED,TIER_A,LYRICS_ONLY,train
RMVM_S_cb1ba649c1,Em Đi Về Đi,Trung Tự,ART_4382e8c9bb,POP_BALLAD,deterministic_mapping,1.0,N/A (Standard 11 Taxonomy),,MISSING,data/lyrics/RMVM_S_cb1ba649c1.txt,AVAILABLE,,MISSING,,UNVERIFIED,TIER_A,LYRICS_ONLY,train
RMVM_S_ec6a538cfd,Chẳng Phải Anh Khờ,Trung Tự,ART_4382e8c9bb,POP_BALLAD,deterministic_mapping,1.0,N/A (Standard 11 Taxonomy),,MISSING,data/lyrics/RMVM_S_ec6a538cfd.txt,AVAILABLE,,MISSING,,UNVERIFIED,TIER_A,LYRICS_ONLY,train
RMVM_S_e5ff0dab06,Trách 2,Trung Tự,ART_4382e8c9bb,POP_BALLAD,deterministic_mapping,1.0,N/A (Standard 11 Taxonomy),,MISSING,data/lyrics/RMVM_S_e5ff0dab06.txt,AVAILABLE,,MISSING,,UNVERIFIED,TIER_A,LYRICS_ONLY,train
RMVM_S_7883aac61f,Con Tim Anh Tan Thành Mây Khói,Trung Tự,ART_4382e8c9bb,POP_BALLAD,deterministic_mapping,1.0,N/A (Standard 11 Taxonomy),,MISSING,data/lyrics/RMVM_S_7883aac61f.txt,AVAILABLE,,MISSING,,UNVERIFIED,TIER_A,LYRICS_ONLY,train
RMVM_S_7bf61e1655,Quên Anh Em Ổn Mà,"AndyShin, Kid TD",ART_d0a34ee91a,POP_BALLAD,deterministic_mapping,1.0,N/A (Standard 11 Taxonomy),,MISSING,data/lyrics/RMVM_S_7bf61e1655.txt,AVAILABLE,,MISSING,,UNVERIFIED,TIER_A,LYRICS_ONLY,train
RMVM_S_97878031c8,Mùa Xuân Trảy Hội Làng Lim,Trang Nhung,ART_8d87063614,POP_BALLAD,deterministic_mapping,1.0,N/A (Standard 11 Taxonomy),,MISSING,data/lyrics/RMVM_S_97878031c8.txt,AVAILABLE,,MISSING,,UNVERIFIED,TIER_A,LYRICS_ONLY,train
RMVM_S_d1c369e766,Sức Sống Trường Sa,Trang Nhung,ART_8d87063614,BOLERO_TRUTINH,deterministic_mapping,1.0,N/A (Standard 11 Taxonomy),,MISSING,data/lyrics/RMVM_S_d1c369e766.txt,AVAILABLE,,MISSING,,UNVERIFIED,TIER_A,LYRICS_ONLY,train
RMVM_S_964aebb50d,Xuân Bên Anh,Trang Nhung,ART_8d87063614,POP_BALLAD,deterministic_mapping,1.0,N/A (Standard 11 Taxonomy),,MISSING,data/lyrics/RMVM_S_964aebb50d.txt,AVAILABLE,,MISSING,,UNVERIFIED,TIER_A,LYRICS_ONLY,train
RMVM_S_afd0e94d12,Anh Cứ Thử Quên Em,Trang Nhung,ART_8d87063614,BOLERO_TRUTINH,deterministic_mapping,1.0,N/A (Standard 11 Taxonomy),,MISSING,data/lyrics/RMVM_S_afd0e94d12.txt,AVAILABLE,,MISSING,,UNVERIFIED,TIER_A,LYRICS_ONLY,train
RMVM_S_811875430c,Chiều Lên Đỉnh Sa Mù,Trang Nhung,ART_8d87063614,POP_BALLAD,deterministic_mapping,1.0,N/A (Standard 11 Taxonomy),,MISSING,data/lyrics/RMVM_S_811875430c.txt,AVAILABLE,,MISSING,,UNVERIFIED,TIER_A,LYRICS_ONLY,train
RMVM_S_a5f291789f,Đường Tím Bằng Lăng,"Văn Đình Tới Nguyễn, Lê Tiểu Thúy",ART_a0773a857e,BOLERO_TRUTINH,deterministic_mapping,1.0,N/A (Standard 11 Taxonomy),,MISSING,data/lyrics/RMVM_S_a5f291789f.txt,AVAILABLE,,MISSING,,UNVERIFIED,TIER_A,LYRICS_ONLY,train
RMVM_S_28df804529,Mất Em Thật Rồi (Remix) (Beat),"Đình Phong, DZ",ART_2079de211f,POP_BALLAD,deterministic_mapping,1.0,N/A (Standard 11 Taxonomy),,MISSING,data/lyrics/RMVM_S_28df804529.txt,AVAILABLE,,MISSING,,UNVERIFIED,TIER_A,LYRICS_ONLY,train
RMVM_S_027b142178,Lỡ Nhịp Yêu Thương,"Piu Nhok, Shyn Tây",ART_94598c3720,POP_BALLAD,deterministic_mapping,1.0,N/A (Standard 11 Taxonomy),,MISSING,data/lyrics/RMVM_S_027b142178.txt,AVAILABLE,,MISSING,,UNVERIFIED,TIER_A,LYRICS_ONLY,train
RMVM_S_a254e774e7,Liên Khúc Lạc Mất Mùa Xuân - Lắng Nghe Mùa Xuân Về,OPlus,ART_9e3410536a,POP_BALLAD,deterministic_mapping,1.0,N/A (Standard 11 Taxonomy),,MISSING,data/lyrics/RMVM_S_a254e774e7.txt,AVAILABLE,,MISSING,,UNVERIFIED,TIER_A,LYRICS_ONLY,train
RMVM_S_5117bc57c1,Liên Khúc Bốn Mùa,OPlus,ART_9e3410536a,POP_BALLAD,deterministic_mapping,1.0,N/A (Standard 11 Taxonomy),,MISSING,data/lyrics/RMVM_S_5117bc57c1.txt,AVAILABLE,,MISSING,,UNVERIFIED,TIER_A,LYRICS_ONLY,train
RMVM_S_d2b866e090,Hình Dung Thoáng Qua,Trần,ART_043a1e9bdb,POP_BALLAD,deterministic_mapping,1.0,N/A (Standard 11 Taxonomy),,MISSING,data/lyrics/RMVM_S_d2b866e090.txt,AVAILABLE,,MISSING,,UNVERIFIED,TIER_A,LYRICS_ONLY,train
RMVM_S_73d78e191e,Em Là Thiên Thần Trong Anh,Trần,ART_043a1e9bdb,POP_BALLAD,deterministic_mapping,1.0,N/A (Standard 11 Taxonomy),,MISSING,data/lyrics/RMVM_S_73d78e191e.txt,AVAILABLE,,MISSING,,UNVERIFIED,TIER_A,LYRICS_ONLY,train
RMVM_S_2f981d3993,Cơn Mơ Băng Giá,Bằng Kiều,ART_e70c837c14,POP_BALLAD,deterministic_mapping,1.0,N/A (Standard 11 Taxonomy),,MISSING,,MISSING,data/covers/RMVM_S_2f981d3993.jpg,AVAILABLE,,UNVERIFIED,TIER_A,COVER_ONLY,train
RMVM_S_f055c14cd6,Cha Yêu,Bằng Kiều,ART_e70c837c14,FOLK_TRADITIONAL,deterministic_mapping,1.0,N/A (Standard 11 Taxonomy),,MISSING,,MISSING,data/covers/RMVM_S_f055c14cd6.jpg,AVAILABLE,,UNVERIFIED,TIER_A,COVER_ONLY,train
RMVM_S_2c4dbeec3b,Anh Mãi Yêu Em,Bằng Kiều,ART_e70c837c14,POP_BALLAD,deterministic_mapping,1.0,N/A (Standard 11 Taxonomy),,MISSING,data/lyrics/RMVM_S_2c4dbeec3b.txt,AVAILABLE,,MISSING,,UNVERIFIED,TIER_A,LYRICS_ONLY,train
RMVM_S_cdcef3c631,Dáng Em,Bằng Kiều,ART_e70c837c14,INSTRUMENTAL,source_tag_verification,0.85,N/A (Standard 11 Taxonomy),,MISSING,data/lyrics/RMVM_S_cdcef3c631.txt,AVAILABLE,,MISSING,,UNVERIFIED,TIER_B,LYRICS_ONLY,train
RMVM_S_1dc7202a31,Biển Vắng,Bằng Kiều,ART_e70c837c14,INSTRUMENTAL,source_tag_verification,0.85,N/A (Standard 11 Taxonomy),,MISSING,data/lyrics/RMVM_S_1dc7202a31.txt,AVAILABLE,,MISSING,,UNVERIFIED,TIER_B,LYRICS_ONLY,train
RMVM_S_d3522296a3,Để Mãi Bên Nhau,Bằng Kiều,ART_e70c837c14,INSTRUMENTAL,source_tag_verification,0.85,N/A (Standard 11 Taxonomy),,MISSING,data/lyrics/RMVM_S_d3522296a3.txt,AVAILABLE,,MISSING,,UNVERIFIED,TIER_B,LYRICS_ONLY,train
RMVM_S_9cd69b8069,Chiếc Lá Mùa Đông (Xuân Phát Tài 13),Bằng Kiều,ART_e70c837c14,POP_BALLAD,deterministic_mapping,1.0,N/A (Standard 11 Taxonomy),,MISSING,data/lyrics/RMVM_S_9cd69b8069.txt,AVAILABLE,,MISSING,,UNVERIFIED,TIER_A,LYRICS_ONLY,train
RMVM_S_c33fd6077d,Vẫn Mãi Yêu Em,Bằng Kiều,ART_e70c837c14,BOLERO_TRUTINH,deterministic_mapping,1.0,N/A (Standard 11 Taxonomy),,MISSING,data/lyrics/RMVM_S_c33fd6077d.txt,AVAILABLE,,MISSING,,UNVERIFIED,TIER_A,LYRICS_ONLY,train
RMVM_S_82e6ece52e,Có Phải Người Dưng,Bằng Kiều,ART_e70c837c14,INSTRUMENTAL,source_tag_verification,0.85,N/A (Standard 11 Taxonomy),,MISSING,data/lyrics/RMVM_S_82e6ece52e.txt,AVAILABLE,,MISSING,,UNVERIFIED,TIER_B,LYRICS_ONLY,train
RMVM_S_0092ab89c2,Áo Lụa Hà Đông,Bằng Kiều,ART_e70c837c14,INSTRUMENTAL,source_tag_verification,0.85,N/A (Standard 11 Taxonomy),,MISSING,data/lyrics/RMVM_S_0092ab89c2.txt,AVAILABLE,,MISSING,,UNVERIFIED,TIER_B,LYRICS_ONLY,train
RMVM_S_3825ace4a7,Chỉ Còn Lại Tình Yêu,Bằng Kiều,ART_e70c837c14,INSTRUMENTAL,source_tag_verification,0.85,N/A (Standard 11 Taxonomy),,MISSING,data/lyrics/RMVM_S_3825ace4a7.txt,AVAILABLE,,MISSING,,UNVERIFIED,TIER_B,LYRICS_ONLY,train
RMVM_S_7448b1bd89,Trái Tim Bụi Đường,Bằng Kiều,ART_e70c837c14,POP_BALLAD,deterministic_mapping,0.85,N/A (Standard 11 Taxonomy),,MISSING,,MISSING,,MISSING,,UNVERIFIED,TIER_B,NO_PHYSICAL_MODALITY,train
RMVM_MB_a0a01ba6d8,Giọt sương trên mí mắt,Bằng Kiều,ART_e70c837c14,NHAC_TRINH,musicbrainz_artist_discography,0.85,N/A (Standard 11 Taxonomy),,MISSING,,MISSING,,MISSING,1998.0,VERIFIED,TIER_B,NO_PHYSICAL_MODALITY,train
RMVM_MB_e865f0ce6f,Xin đừng quay lại,Bằng Kiều,ART_e70c837c14,NHAC_TRINH,musicbrainz_artist_discography,0.85,N/A (Standard 11 Taxonomy),,MISSING,,MISSING,,MISSING,2010.0,VERIFIED,TIER_B,NO_PHYSICAL_MODALITY,train
RMVM_MB_5304b2af3b,Giá băng,Bằng Kiều,ART_e70c837c14,NHAC_TRINH,musicbrainz_artist_discography,0.85,N/A (Standard 11 Taxonomy),,MISSING,,MISSING,,MISSING,1998.0,VERIFIED,TIER_B,NO_PHYSICAL_MODALITY,train
RMVM_MB_1d2c3eebce,Cửa sổ mùa đông,Bằng Kiều,ART_e70c837c14,NHAC_TRINH,musicbrainz_artist_discography,0.85,N/A (Standard 11 Taxonomy),,MISSING,,MISSING,,MISSING,1998.0,VERIFIED,TIER_B,NO_PHYSICAL_MODALITY,train
RMVM_MB_29ace87c2e,Mơ về em,Bằng Kiều,ART_e70c837c14,NHAC_TRINH,musicbrainz_artist_discography,0.85,N/A (Standard 11 Taxonomy),,MISSING,,MISSING,,MISSING,2011.0,VERIFIED,TIER_B,NO_PHYSICAL_MODALITY,train
RMVM_MB_8b8fe12bb7,Điệu valse buồn cho em,Bằng Kiều,ART_e70c837c14,NHAC_TRINH,musicbrainz_artist_discography,0.85,N/A (Standard 11 Taxonomy),,MISSING,,MISSING,,MISSING,2011.0,VERIFIED,TIER_B,NO_PHYSICAL_MODALITY,train
RMVM_MB_94ec4fda8e,Bài ngợi ca tình yêu,Bằng Kiều,ART_e70c837c14,NHAC_TRINH,musicbrainz_artist_discography,0.85,N/A (Standard 11 Taxonomy),,MISSING,,MISSING,,MISSING,2011.0,VERIFIED,TIER_B,NO_PHYSICAL_MODALITY,train
RMVM_MB_f0d23af2e7,Chạy trốn,Bằng Kiều,ART_e70c837c14,NHAC_TRINH,musicbrainz_artist_discography,0.85,N/A (Standard 11 Taxonomy),,MISSING,,MISSING,,MISSING,2000.0,VERIFIED,TIER_B,NO_PHYSICAL_MODALITY,train
RMVM_S_c8a7db63be,Ca Phê Đắng Trở Lại (Cover),Hứa Văn Cường,ART_6aebe1205e,BOLERO_TRUTINH,deterministic_mapping,1.0,N/A (Standard 11 Taxonomy),,MISSING,data/lyrics/RMVM_S_c8a7db63be.txt,AVAILABLE,,MISSING,,UNVERIFIED,TIER_A,LYRICS_ONLY,train
RMVM_S_b33854f97f,Bên Anh Em Không Có Tương Lai (Cover),Hứa Văn Cường,ART_6aebe1205e,BOLERO_TRUTINH,deterministic_mapping,1.0,N/A (Standard 11 Taxonomy),,MISSING,data/lyrics/RMVM_S_b33854f97f.txt,AVAILABLE,,MISSING,,UNVERIFIED,TIER_A,LYRICS_ONLY,train
RMVM_S_d6e9c6f478,Đường Nào Em Đi,Hoàng Châu,ART_b1a63e3d25,BOLERO_TRUTINH,deterministic_mapping,1.0,N/A (Standard 11 Taxonomy),,MISSING,data/lyrics/RMVM_S_d6e9c6f478.txt,AVAILABLE,,MISSING,,UNVERIFIED,TIER_A,LYRICS_ONLY,train
RMVM_S_7fd724a5bf,Thà Anh Nói Một Lời,Hoàng Châu,ART_b1a63e3d25,POP_BALLAD,deterministic_mapping,1.0,N/A (Standard 11 Taxonomy),,MISSING,data/lyrics/RMVM_S_7fd724a5bf.txt,AVAILABLE,,MISSING,,UNVERIFIED,TIER_A,LYRICS_ONLY,train
RMVM_S_280c85be1a,Một Nỗi Đau,Hoàng Châu,ART_b1a63e3d25,POP_BALLAD,deterministic_mapping,1.0,N/A (Standard 11 Taxonomy),,MISSING,data/lyrics/RMVM_S_280c85be1a.txt,AVAILABLE,,MISSING,,UNVERIFIED,TIER_A,LYRICS_ONLY,train
RMVM_S_9a18eefd67,Hãy Nói Thật Lòng,Hoàng Châu,ART_b1a63e3d25,POP_BALLAD,deterministic_mapping,1.0,N/A (Standard 11 Taxonomy),,MISSING,data/lyrics/RMVM_S_9a18eefd67.txt,AVAILABLE,,MISSING,,UNVERIFIED,TIER_A,LYRICS_ONLY,train
RMVM_S_48676f57f8,Người Vội Vàng,Hoàng Châu,ART_b1a63e3d25,POP_BALLAD,deterministic_mapping,1.0,N/A (Standard 11 Taxonomy),,MISSING,data/lyrics/RMVM_S_48676f57f8.txt,AVAILABLE,,MISSING,,UNVERIFIED,TIER_A,LYRICS_ONLY,train
RMVM_S_ec6f5f31b5,Đời Vẫn Thế,Hoàng Châu,ART_b1a63e3d25,POP_BALLAD,deterministic_mapping,1.0,N/A (Standard 11 Taxonomy),,MISSING,data/lyrics/RMVM_S_ec6f5f31b5.txt,AVAILABLE,,MISSING,,UNVERIFIED,TIER_A,LYRICS_ONLY,train
RMVM_S_9ae67419c2,Xin Hãy Quên Tôi,Hoàng Châu,ART_b1a63e3d25,POP_BALLAD,deterministic_mapping,0.85,N/A (Standard 11 Taxonomy),,MISSING,,MISSING,,MISSING,,UNVERIFIED,TIER_B,NO_PHYSICAL_MODALITY,train
RMVM_S_77c66061ec,Cây Muốn Lặng Gió Chẳng Ngừng,"Hùng Cuội, BMZ",ART_2982af02cc,POP_BALLAD,deterministic_mapping,1.0,N/A (Standard 11 Taxonomy),,MISSING,data/lyrics/RMVM_S_77c66061ec.txt,AVAILABLE,,MISSING,,UNVERIFIED,TIER_A,LYRICS_ONLY,train
RMVM_S_877e191b82,Buồn Nhẹ Nhàng Thôi,"Khoi Vu, Masew",ART_b50a6d9292,DANCE_EDM,deterministic_mapping,1.0,N/A (Standard 11 Taxonomy),,MISSING,data/lyrics/RMVM_S_877e191b82.txt,AVAILABLE,,MISSING,,UNVERIFIED,TIER_A,LYRICS_ONLY,train
RMVM_S_e5223d463b,Liên Khúc Dâu Đất Khách,Phi Nhung,ART_33de4125fc,BOLERO_TRUTINH,deterministic_mapping,1.0,N/A (Standard 11 Taxonomy),,MISSING,,MISSING,data/covers/RMVM_S_e5223d463b.jpg,AVAILABLE,,UNVERIFIED,TIER_A,COVER_ONLY,train
RMVM_S_b3610e7410,Thị Trấn Mù Sương,Phi Nhung,ART_33de4125fc,INSTRUMENTAL,source_tag_verification,0.85,N/A (Standard 11 Taxonomy),,MISSING,data/lyrics/RMVM_S_b3610e7410.txt,AVAILABLE,,MISSING,,UNVERIFIED,TIER_B,LYRICS_ONLY,train
RMVM_S_2403836551,Ngựa Ô Thương Nhớ,Phi Nhung,ART_33de4125fc,INSTRUMENTAL,source_tag_verification,0.85,N/A (Standard 11 Taxonomy),,MISSING,data/lyrics/RMVM_S_2403836551.txt,AVAILABLE,,MISSING,,UNVERIFIED,TIER_B,LYRICS_ONLY,train
RMVM_S_94bfa0a241,Chuyện Làm Dâu,Phi Nhung,ART_33de4125fc,INSTRUMENTAL,source_tag_verification,0.85,N/A (Standard 11 Taxonomy),,MISSING,data/lyrics/RMVM_S_94bfa0a241.txt,AVAILABLE,,MISSING,,UNVERIFIED,TIER_B,LYRICS_ONLY,train
RMVM_S_4782e551a0,Con Gái Của Mẹ (Live),Phi Nhung,ART_33de4125fc,BOLERO_TRUTINH,deterministic_mapping,1.0,N/A (Standard 11 Taxonomy),,MISSING,data/lyrics/RMVM_S_4782e551a0.txt,AVAILABLE,,MISSING,,UNVERIFIED,TIER_A,LYRICS_ONLY,train
RMVM_S_6b72420240,Vọng Kim Lang & Bậu Ði Theo Người,Phi Nhung,ART_33de4125fc,BOLERO_TRUTINH,deterministic_mapping,1.0,N/A (Standard 11 Taxonomy),,MISSING,data/lyrics/RMVM_S_6b72420240.txt,AVAILABLE,,MISSING,,UNVERIFIED,TIER_A,LYRICS_ONLY,train
RMVM_S_34e8394942,Đồng Sâu Xứ Lạ,Phi Nhung,ART_33de4125fc,BOLERO_TRUTINH,deterministic_mapping,1.0,N/A (Standard 11 Taxonomy),,MISSING,data/lyrics/RMVM_S_34e8394942.txt,AVAILABLE,,MISSING,,UNVERIFIED,TIER_A,LYRICS_ONLY,train
RMVM_S_5ba67c68f2,Trời Sinh Voi Sinh Cỏ,Phi Nhung,ART_33de4125fc,BOLERO_TRUTINH,deterministic_mapping,0.85,N/A (Standard 11 Taxonomy),,MISSING,,MISSING,,MISSING,,UNVERIFIED,TIER_B,NO_PHYSICAL_MODALITY,train
RMVM_MB_7042f8a2ce,Nhớ em câu hát đưa đò,Phi Nhung,ART_33de4125fc,FOLK_TRADITIONAL,musicbrainz_artist_discography,0.85,N/A (Standard 11 Taxonomy),,MISSING,,MISSING,,MISSING,2003.0,VERIFIED,TIER_B,NO_PHYSICAL_MODALITY,train
RMVM_MB_67922b4dff,Giấc ngủ đầu nôi,Phi Nhung,ART_33de4125fc,FOLK_TRADITIONAL,musicbrainz_artist_discography,0.85,N/A (Standard 11 Taxonomy),,MISSING,,MISSING,,MISSING,1996.0,VERIFIED,TIER_B,NO_PHYSICAL_MODALITY,train
RMVM_MB_1dc7ccdafe,Chuyến xe lam chiều,Phi Nhung,ART_33de4125fc,FOLK_TRADITIONAL,musicbrainz_artist_discography,0.85,N/A (Standard 11 Taxonomy),,MISSING,,MISSING,,MISSING,1996.0,VERIFIED,TIER_B,NO_PHYSICAL_MODALITY,train
RMVM_MB_f03d88fdb1,Yêu lầm,Phi Nhung,ART_33de4125fc,FOLK_TRADITIONAL,musicbrainz_artist_discography,0.85,N/A (Standard 11 Taxonomy),,MISSING,,MISSING,,MISSING,1996.0,VERIFIED,TIER_B,NO_PHYSICAL_MODALITY,train
RMVM_MB_51051cac0e,Đêm tóc rối,Phi Nhung,ART_33de4125fc,FOLK_TRADITIONAL,musicbrainz_artist_discography,0.85,N/A (Standard 11 Taxonomy),,MISSING,,MISSING,,MISSING,1998.0,VERIFIED,TIER_B,NO_PHYSICAL_MODALITY,train
RMVM_MB_9d9afe9558,Nếu mình thương nhau,Phi Nhung,ART_33de4125fc,FOLK_TRADITIONAL,musicbrainz_artist_discography,0.85,N/A (Standard 11 Taxonomy),,MISSING,,MISSING,,MISSING,1998.0,VERIFIED,TIER_B,NO_PHYSICAL_MODALITY,train
RMVM_MB_7ef60fa887,Tơ duyên,Phi Nhung,ART_33de4125fc,FOLK_TRADITIONAL,musicbrainz_artist_discography,0.85,N/A (Standard 11 Taxonomy),,MISSING,,MISSING,,MISSING,2000.0,VERIFIED,TIER_B,NO_PHYSICAL_MODALITY,train
RMVM_MB_22a0f9fd5b,Để tóc nàng ngủ yên,Phi Nhung,ART_33de4125fc,FOLK_TRADITIONAL,musicbrainz_artist_discography,0.85,N/A (Standard 11 Taxonomy),,MISSING,,MISSING,,MISSING,1999.0,VERIFIED,TIER_B,NO_PHYSICAL_MODALITY,train
RMVM_MB_900b5f1f92,Bỏ phố lên rừng,Phi Nhung,ART_33de4125fc,FOLK_TRADITIONAL,musicbrainz_artist_discography,0.85,N/A (Standard 11 Taxonomy),,MISSING,,MISSING,,MISSING,2016.0,VERIFIED,TIER_B,NO_PHYSICAL_MODALITY,train
RMVM_MB_bd7c5747f7,Tính xa khuất,Phi Nhung,ART_33de4125fc,FOLK_TRADITIONAL,musicbrainz_artist_discography,0.85,N/A (Standard 11 Taxonomy),,MISSING,,MISSING,,MISSING,1999.0,VERIFIED,TIER_B,NO_PHYSICAL_MODALITY,train
RMVM_MB_a328444667,Trống vắng,Phi Nhung,ART_33de4125fc,FOLK_TRADITIONAL,musicbrainz_artist_discography,0.85,N/A (Standard 11 Taxonomy),,MISSING,,MISSING,,MISSING,1999.0,VERIFIED,TIER_B,NO_PHYSICAL_MODALITY,train
RMVM_MB_024d34c05b,Nửa trái tim,Phi Nhung,ART_33de4125fc,FOLK_TRADITIONAL,musicbrainz_artist_discography,0.85,N/A (Standard 11 Taxonomy),,MISSING,,MISSING,,MISSING,1999.0,VERIFIED,TIER_B,NO_PHYSICAL_MODALITY,train
RMVM_MB_20c543b5b3,Thôi anh hãy đi theo người,Phi Nhung,ART_33de4125fc,FOLK_TRADITIONAL,musicbrainz_artist_discography,0.85,N/A (Standard 11 Taxonomy),,MISSING,,MISSING,,MISSING,1999.0,VERIFIED,TIER_B,NO_PHYSICAL_MODALITY,train
RMVM_MB_ace1e1eb42,Lý con sáo Bạc Liêu,Phi Nhung,ART_33de4125fc,FOLK_TRADITIONAL,musicbrainz_artist_discography,0.85,N/A (Standard 11 Taxonomy),,MISSING,,MISSING,,MISSING,1999.0,VERIFIED,TIER_B,NO_PHYSICAL_MODALITY,train
RMVM_MB_0bf8ff66db,Sao muốn giết người yêu,Phi Nhung,ART_33de4125fc,FOLK_TRADITIONAL,musicbrainz_artist_discography,0.85,N/A (Standard 11 Taxonomy),,MISSING,,MISSING,,MISSING,1999.0,VERIFIED,TIER_B,NO_PHYSICAL_MODALITY,train
RMVM_MB_74d301b7fd,Khúc hát tương phùng,Phi Nhung,ART_33de4125fc,FOLK_TRADITIONAL,musicbrainz_artist_discography,0.85,N/A (Standard 11 Taxonomy),,MISSING,,MISSING,,MISSING,2001.0,VERIFIED,TIER_B,NO_PHYSICAL_MODALITY,train
RMVM_S_bc62d33448,Biết Yêu Thật Nhiều,"Sean, Lemese",ART_9997b140aa,POP_BALLAD,deterministic_mapping,1.0,N/A (Standard 11 Taxonomy),,MISSING,data/lyrics/RMVM_S_bc62d33448.txt,AVAILABLE,,MISSING,,UNVERIFIED,TIER_A,LYRICS_ONLY,train
RMVM_S_2481bb0e8c,Bạn Chung Giường,Hạ Vũ,ART_847c322c2a,POP_BALLAD,deterministic_mapping,1.0,N/A (Standard 11 Taxonomy),,MISSING,data/lyrics/RMVM_S_2481bb0e8c.txt,AVAILABLE,data/covers/RMVM_S_2481bb0e8c.jpg,AVAILABLE,,UNVERIFIED,TIER_A,LYRICS_COVER,train
RMVM_S_6e2596d4e3,Nhiệm Kỳ Tình Yêu,H2K,ART_773826cd96,POP_BALLAD,deterministic_mapping,1.0,N/A (Standard 11 Taxonomy),,MISSING,data/lyrics/RMVM_S_6e2596d4e3.txt,AVAILABLE,,MISSING,,UNVERIFIED,TIER_A,LYRICS_ONLY,train
RMVM_S_8a412eb7ac,Cánh Bướm Dối Gian,Phí Phương Anh,ART_433277096a,POP_BALLAD,deterministic_mapping,1.0,N/A (Standard 11 Taxonomy),,MISSING,data/lyrics/RMVM_S_8a412eb7ac.txt,AVAILABLE,,MISSING,,UNVERIFIED,TIER_A,LYRICS_ONLY,train
RMVM_S_37a052b99f,Bóng Đêm (Beat),La Hoàng Phúc,ART_7c781f1eaf,BOLERO_TRUTINH,deterministic_mapping,1.0,N/A (Standard 11 Taxonomy),,MISSING,,MISSING,data/covers/RMVM_S_37a052b99f.jpg,AVAILABLE,,UNVERIFIED,TIER_A,COVER_ONLY,train
RMVM_S_5426f2e895,Chia Tay Em Nhé,La Hoàng Phúc,ART_7c781f1eaf,POP_BALLAD,deterministic_mapping,1.0,N/A (Standard 11 Taxonomy),,MISSING,,MISSING,data/covers/RMVM_S_5426f2e895.jpg,AVAILABLE,,UNVERIFIED,TIER_A,COVER_ONLY,train
RMVM_S_920c299c88,Đau Thương Anh Nặng Mang,La Hoàng Phúc,ART_7c781f1eaf,POP_BALLAD,deterministic_mapping,1.0,N/A (Standard 11 Taxonomy),,MISSING,data/lyrics/RMVM_S_920c299c88.txt,AVAILABLE,,MISSING,,UNVERIFIED,TIER_A,LYRICS_ONLY,train
RMVM_S_60b010ae01,Lời Dối Gian Muộn Màng,Đăng Minh,ART_28deb49048,POP_BALLAD,deterministic_mapping,1.0,N/A (Standard 11 Taxonomy),,MISSING,data/lyrics/RMVM_S_60b010ae01.txt,AVAILABLE,,MISSING,,UNVERIFIED,TIER_A,LYRICS_ONLY,train
RMVM_S_7967e222e0,Đừng Nghĩ Được Anh Yêu Em Liền Không Trân Trọng (Remix),Khánh Bii,ART_5d21b010f6,DANCE_EDM,deterministic_mapping,1.0,N/A (Standard 11 Taxonomy),,MISSING,data/lyrics/RMVM_S_7967e222e0.txt,AVAILABLE,,MISSING,,UNVERIFIED,TIER_A,LYRICS_ONLY,train
RMVM_S_189d9c2a10,Ba Kiếp Tình Một Kiếp Duyên (Yang Remix),"Qinn Media, Lâm Tuấn",ART_97ca1805a6,POP_BALLAD,deterministic_mapping,1.0,N/A (Standard 11 Taxonomy),,MISSING,data/lyrics/RMVM_S_189d9c2a10.txt,AVAILABLE,,MISSING,,UNVERIFIED,TIER_A,LYRICS_ONLY,train
RMVM_S_55796e184e,Chốt Em Được Không,"Đỗ Thành Duy, NH4T",ART_f1717a856a,POP_BALLAD,deterministic_mapping,1.0,N/A (Standard 11 Taxonomy),,MISSING,data/lyrics/RMVM_S_55796e184e.txt,AVAILABLE,,MISSING,,UNVERIFIED,TIER_A,LYRICS_ONLY,train
RMVM_S_60b8196a7a,Đời Phiêu Lãng,D&D,ART_f1f04e868c,POP_BALLAD,deterministic_mapping,1.0,N/A (Standard 11 Taxonomy),,MISSING,data/lyrics/RMVM_S_60b8196a7a.txt,AVAILABLE,,MISSING,,UNVERIFIED,TIER_A,LYRICS_ONLY,train
RMVM_S_10dd21b670,Có khi Nào Là,Pjpo,ART_6ec4b36629,RAP_HIPHOP,deterministic_mapping,1.0,N/A (Standard 11 Taxonomy),,MISSING,data/lyrics/RMVM_S_10dd21b670.txt,AVAILABLE,,MISSING,,UNVERIFIED,TIER_A,LYRICS_ONLY,train
RMVM_S_83c053baf7,Tết Này Con Sẽ Về,Dương Jun,ART_12327db343,POP_BALLAD,deterministic_mapping,1.0,N/A (Standard 11 Taxonomy),,MISSING,data/lyrics/RMVM_S_83c053baf7.txt,AVAILABLE,,MISSING,2024.0,VERIFIED,TIER_A,LYRICS_ONLY,train
RMVM_S_83720c5329,LK Người Yêu Cô Đơn - Đập Vỡ Cây Đàn,Tuấn Khương,ART_ba50429312,BOLERO_TRUTINH,deterministic_mapping,1.0,N/A (Standard 11 Taxonomy),,MISSING,,MISSING,data/covers/RMVM_S_83720c5329.jpg,AVAILABLE,,UNVERIFIED,TIER_A,COVER_ONLY,train
RMVM_S_061dd752e7,Biết Đâu Khi Gặp Nhau (Không Bằng),Tuấn Khương,ART_ba50429312,POP_BALLAD,deterministic_mapping,1.0,N/A (Standard 11 Taxonomy),,MISSING,data/lyrics/RMVM_S_061dd752e7.txt,AVAILABLE,,MISSING,,UNVERIFIED,TIER_A,LYRICS_ONLY,train
RMVM_S_67e76f28dd,Đập Vỡ Tim Anh Cho Rồi (Remix Version),Trọng Hiếu,ART_3ae8e14c29,DANCE_EDM,deterministic_mapping,1.0,N/A (Standard 11 Taxonomy),,MISSING,data/lyrics/RMVM_S_67e76f28dd.txt,AVAILABLE,,MISSING,,UNVERIFIED,TIER_A,LYRICS_ONLY,train
RMVM_S_8a85fda1db,Sao Lại Đau Đến Vậy,HKT,ART_726f3488cf,POP_BALLAD,deterministic_mapping,1.0,N/A (Standard 11 Taxonomy),,MISSING,data/lyrics/RMVM_S_8a85fda1db.txt,AVAILABLE,,MISSING,,UNVERIFIED,TIER_A,LYRICS_ONLY,train
RMVM_S_488de358ef,Hát Về Anh,135 Band,ART_c9206629ac,REVOLUTIONARY,deterministic_mapping,1.0,N/A (Standard 11 Taxonomy),,MISSING,data/lyrics/RMVM_S_488de358ef.txt,AVAILABLE,,MISSING,,UNVERIFIED,TIER_A,LYRICS_ONLY,train
RMVM_S_8bf3bbc9bb,Đừng Chờ Anh Nữa (Lofi Version),Tăng Phúc,ART_a350fb7207,POP_BALLAD,deterministic_mapping,1.0,N/A (Standard 11 Taxonomy),,MISSING,data/lyrics/RMVM_S_8bf3bbc9bb.txt,AVAILABLE,,MISSING,,UNVERIFIED,TIER_A,LYRICS_ONLY,train
RMVM_S_6721e4ba2c,Anh Chỉ Là Bạn Thân,Tăng Phúc,ART_a350fb7207,POP_BALLAD,deterministic_mapping,1.0,N/A (Standard 11 Taxonomy),,MISSING,data/lyrics/RMVM_S_6721e4ba2c.txt,AVAILABLE,,MISSING,,UNVERIFIED,TIER_A,LYRICS_ONLY,train
RMVM_S_0d5f6d1563,Tìm Nhau Không (Live Version),Tăng Phúc,ART_a350fb7207,POP_BALLAD,deterministic_mapping,0.85,N/A (Standard 11 Taxonomy),,MISSING,,MISSING,,MISSING,,UNVERIFIED,TIER_B,NO_PHYSICAL_MODALITY,train
RMVM_S_faf67df21d,Vầng Trăng Dạ Cổ,"Hương Lan, Mạnh Quỳnh",ART_c6978286bd,FOLK_TRADITIONAL,artist_discography_verification,0.85,N/A (Standard 11 Taxonomy),,MISSING,data/lyrics/RMVM_S_faf67df21d.txt,AVAILABLE,,MISSING,,UNVERIFIED,TIER_B,LYRICS_ONLY,train
RMVM_S_476892af7a,Cung Đường Mưa Rơi,CHARLES.,ART_43f0cfceba,POP_BALLAD,deterministic_mapping,1.0,N/A (Standard 11 Taxonomy),,MISSING,data/lyrics/RMVM_S_476892af7a.txt,AVAILABLE,data/covers/RMVM_S_476892af7a.jpg,AVAILABLE,,UNVERIFIED,TIER_A,LYRICS_COVER,train
RMVM_S_aeebecadae,Bonus Track: Hôm Nay Tôi Lười (Pt.1) (Acoustic Version),CHARLES.,ART_43f0cfceba,POP_BALLAD,deterministic_mapping,1.0,N/A (Standard 11 Taxonomy),,MISSING,data/lyrics/RMVM_S_aeebecadae.txt,AVAILABLE,,MISSING,,UNVERIFIED,TIER_A,LYRICS_ONLY,train
RMVM_S_c615a34296,Cuộc Sống Vốn Không Công Bằng,CHARLES.,ART_43f0cfceba,POP_BALLAD,deterministic_mapping,1.0,N/A (Standard 11 Taxonomy),,MISSING,data/lyrics/RMVM_S_c615a34296.txt,AVAILABLE,,MISSING,,UNVERIFIED,TIER_A,LYRICS_ONLY,train
RMVM_S_e5487dda56,"Tam Giác, Vuông, Tròn?",CHARLES.,ART_43f0cfceba,POP_BALLAD,deterministic_mapping,1.0,N/A (Standard 11 Taxonomy),,MISSING,data/lyrics/RMVM_S_e5487dda56.txt,AVAILABLE,,MISSING,,UNVERIFIED,TIER_A,LYRICS_ONLY,train
RMVM_S_857c6be09f,Đôi Mắt Người Xưa,Trường Vũ,ART_9ba4540d1a,BOLERO_TRUTINH,deterministic_mapping,1.0,N/A (Standard 11 Taxonomy),,MISSING,data/lyrics/RMVM_S_857c6be09f.txt,AVAILABLE,,MISSING,,UNVERIFIED,TIER_A,LYRICS_ONLY,train
RMVM_S_f81a64e580,Chị Tôi 2,Trường Vũ,ART_9ba4540d1a,BOLERO_TRUTINH,deterministic_mapping,1.0,N/A (Standard 11 Taxonomy),,MISSING,data/lyrics/RMVM_S_f81a64e580.txt,AVAILABLE,,MISSING,,UNVERIFIED,TIER_A,LYRICS_ONLY,train
RMVM_S_51693aa726,Anh Ấy (Beat),Lê Vũ Bình,ART_8df1c6d8f9,POP_BALLAD,deterministic_mapping,1.0,N/A (Standard 11 Taxonomy),,MISSING,data/lyrics/RMVM_S_51693aa726.txt,AVAILABLE,,MISSING,,UNVERIFIED,TIER_A,LYRICS_ONLY,train
RMVM_S_0333193e3c,Kéo Khỏi Cô Đơn,Lê Vũ Bình,ART_8df1c6d8f9,POP_BALLAD,deterministic_mapping,0.85,N/A (Standard 11 Taxonomy),,MISSING,,MISSING,,MISSING,,UNVERIFIED,TIER_B,NO_PHYSICAL_MODALITY,train
RMVM_S_8e3316048b,Ôm Trọn Cô Đơn,Lê Vũ Bình,ART_8df1c6d8f9,POP_BALLAD,deterministic_mapping,0.85,N/A (Standard 11 Taxonomy),,MISSING,,MISSING,,MISSING,,UNVERIFIED,TIER_B,NO_PHYSICAL_MODALITY,train
RMVM_S_0baa6c8b31,Nỗi Nhớ Vô Hạn (Vux Lofi),Thanh Hưng,ART_d38827b9cb,POP_BALLAD,deterministic_mapping,1.0,N/A (Standard 11 Taxonomy),,MISSING,data/lyrics/RMVM_S_0baa6c8b31.txt,AVAILABLE,,MISSING,,UNVERIFIED,TIER_A,LYRICS_ONLY,train
RMVM_S_b54e3cd22e,Bay Lên Những Ước Mơ,Bé Thiên Bảo,ART_771897f128,CHILDREN,deterministic_mapping,1.0,N/A (Standard 11 Taxonomy),,MISSING,data/lyrics/RMVM_S_b54e3cd22e.txt,AVAILABLE,,MISSING,,UNVERIFIED,TIER_A,LYRICS_ONLY,train
RMVM_S_db1fc250f2,Lời Khuyên Của Mẹ,Yến Ly,ART_6b212f549e,BOLERO_TRUTINH,deterministic_mapping,1.0,N/A (Standard 11 Taxonomy),,MISSING,data/lyrics/RMVM_S_db1fc250f2.txt,AVAILABLE,,MISSING,,UNVERIFIED,TIER_A,LYRICS_ONLY,train
RMVM_S_f664faf23b,Cánh Đồng Nga,Trần Hiếu,ART_700b471054,POP_BALLAD,deterministic_mapping,1.0,N/A (Standard 11 Taxonomy),,MISSING,data/lyrics/RMVM_S_f664faf23b.txt,AVAILABLE,,MISSING,,UNVERIFIED,TIER_A,LYRICS_ONLY,train
RMVM_S_415c7bf794,Bây Giờ Và Mãi Mãi,"Lương Tùng Quang, Minh Tuyết",ART_ad077695ba,INSTRUMENTAL,source_tag_verification,0.85,N/A (Standard 11 Taxonomy),,MISSING,data/lyrics/RMVM_S_415c7bf794.txt,AVAILABLE,,MISSING,,UNVERIFIED,TIER_B,LYRICS_ONLY,train
RMVM_S_1121e2216a,Bartender,Ngọt,ART_c5e40683b5,POP_BALLAD,deterministic_mapping,1.0,N/A (Standard 11 Taxonomy),,MISSING,data/lyrics/RMVM_S_1121e2216a.txt,AVAILABLE,,MISSING,,UNVERIFIED,TIER_A,LYRICS_ONLY,train
RMVM_S_e148c0636f,Tìm Người Nhà,Ngọt,ART_c5e40683b5,POP_BALLAD,deterministic_mapping,1.0,N/A (Standard 11 Taxonomy),,MISSING,data/lyrics/RMVM_S_e148c0636f.txt,AVAILABLE,,MISSING,,UNVERIFIED,TIER_A,LYRICS_ONLY,train
RMVM_S_fb75df2bd3,MÀU (đen trắng),Ngọt,ART_c5e40683b5,POP_BALLAD,deterministic_mapping,1.0,N/A (Standard 11 Taxonomy),,MISSING,data/lyrics/RMVM_S_fb75df2bd3.txt,AVAILABLE,,MISSING,2019.0,VERIFIED,TIER_A,LYRICS_ONLY,train
RMVM_S_f2145de17c,Lời Tỏ Tình Dễ Thương (Cha Cha Cha),"Dáng Kiều, CT",ART_80a77d6190,BOLERO_TRUTINH,deterministic_mapping,1.0,N/A (Standard 11 Taxonomy),,MISSING,,MISSING,data/covers/RMVM_S_f2145de17c.jpg,AVAILABLE,,UNVERIFIED,TIER_A,COVER_ONLY,train
RMVM_S_4e95d32fe5,Người Thương Em Cả Đời Em Xua Đuổi,VIET.,ART_47e4e9bce4,POP_BALLAD,deterministic_mapping,1.0,N/A (Standard 11 Taxonomy),,MISSING,data/lyrics/RMVM_S_4e95d32fe5.txt,AVAILABLE,,MISSING,,UNVERIFIED,TIER_A,LYRICS_ONLY,train
RMVM_S_5624f64807,Cà Phê Buồn,"Minh Tuyết, Nhật",ART_104d6f31c1,INSTRUMENTAL,source_tag_verification,0.85,N/A (Standard 11 Taxonomy),,MISSING,,MISSING,,MISSING,,UNVERIFIED,TIER_B,NO_PHYSICAL_MODALITY,train
RMVM_S_d7e25ea687,Xa Dần Bóng Em,Khánh Vỹ TK,ART_ab6391e898,POP_BALLAD,deterministic_mapping,1.0,N/A (Standard 11 Taxonomy),,MISSING,data/lyrics/RMVM_S_d7e25ea687.txt,AVAILABLE,,MISSING,,UNVERIFIED,TIER_A,LYRICS_ONLY,train
RMVM_S_0dd7ed7abd,Tình Hồng Phai,Nhóm Khoái Văn Nghệ,ART_e7354bf906,BOLERO_TRUTINH,deterministic_mapping,1.0,N/A (Standard 11 Taxonomy),,MISSING,data/lyrics/RMVM_S_0dd7ed7abd.txt,AVAILABLE,,MISSING,,UNVERIFIED,TIER_A,LYRICS_ONLY,train
RMVM_S_83cf97287f,Ngày Xuân Bên Mẹ,Lê Vỹ,ART_b5c0da3aa6,BOLERO_TRUTINH,deterministic_mapping,1.0,N/A (Standard 11 Taxonomy),,MISSING,data/lyrics/RMVM_S_83cf97287f.txt,AVAILABLE,,MISSING,,UNVERIFIED,TIER_A,LYRICS_ONLY,train
RMVM_S_359330d5d2,Em Không Như Anh Nghĩ,Anh T.O.M,ART_a81263ea22,POP_BALLAD,deterministic_mapping,1.0,N/A (Standard 11 Taxonomy),,MISSING,data/lyrics/RMVM_S_359330d5d2.txt,AVAILABLE,data/covers/RMVM_S_359330d5d2.jpg,AVAILABLE,,UNVERIFIED,TIER_A,LYRICS_COVER,train
RMVM_S_ec965db3c3,Nơi Ấy Không Phải Tôi,Anh T.O.M,ART_a81263ea22,POP_BALLAD,deterministic_mapping,1.0,N/A (Standard 11 Taxonomy),,MISSING,data/lyrics/RMVM_S_ec965db3c3.txt,AVAILABLE,,MISSING,,UNVERIFIED,TIER_A,LYRICS_ONLY,train
RMVM_S_b2f173842e,Ai Còn Nhớ Thương,Nguyễn Trần Trọng Hiếu,ART_0abffdf235,POP_BALLAD,deterministic_mapping,1.0,N/A (Standard 11 Taxonomy),,MISSING,data/lyrics/RMVM_S_b2f173842e.txt,AVAILABLE,,MISSING,,UNVERIFIED,TIER_A,LYRICS_ONLY,train
RMVM_S_2191f64874,Trên Chuyến Xe Lam,Hồ Quốc Bửu,ART_5b0f1629d7,POP_BALLAD,deterministic_mapping,1.0,N/A (Standard 11 Taxonomy),,MISSING,data/lyrics/RMVM_S_2191f64874.txt,AVAILABLE,,MISSING,,UNVERIFIED,TIER_A,LYRICS_ONLY,train
RMVM_S_20a8b6c1f1,"Đừng Yêu Nữa, Em Mệt Rồi (Ngôn Phi Remix)",Diijam Studio,ART_1abda07758,POP_BALLAD,deterministic_mapping,1.0,N/A (Standard 11 Taxonomy),,MISSING,,MISSING,data/covers/RMVM_S_20a8b6c1f1.jpg,AVAILABLE,,UNVERIFIED,TIER_A,COVER_ONLY,train
RMVM_S_6a2e381bfb,Đừng Yêu Ai Quá Nhiều,"LEO, ZuongZeroEnt",ART_4873a0ac8c,POP_BALLAD,deterministic_mapping,1.0,N/A (Standard 11 Taxonomy),,MISSING,data/lyrics/RMVM_S_6a2e381bfb.txt,AVAILABLE,,MISSING,,UNVERIFIED,TIER_A,LYRICS_ONLY,train
RMVM_S_a1f1a7668c,Liên Khúc Lý – Chúc Tết Miền Tây,"Hồ Khắc Tùng, Nhiều Nghệ Sĩ",ART_9c81988b1d,BOLERO_TRUTINH,deterministic_mapping,1.0,N/A (Standard 11 Taxonomy),,MISSING,data/lyrics/RMVM_S_a1f1a7668c.txt,AVAILABLE,,MISSING,,UNVERIFIED,TIER_A,LYRICS_ONLY,train
RMVM_S_cbf7ad9e6d,Mong Một Ngày Anh Nhớ Đến Em (Qinn Remix),"TamKe, Qinn Media",ART_f59ab5b86e,DANCE_EDM,deterministic_mapping,1.0,N/A (Standard 11 Taxonomy),,MISSING,data/lyrics/RMVM_S_cbf7ad9e6d.txt,AVAILABLE,,MISSING,,UNVERIFIED,TIER_A,LYRICS_ONLY,train
RMVM_S_2a5438862a,Chỉ Trừ Em Ra,Chic Quỳnh,ART_52caeaf0bc,POP_BALLAD,deterministic_mapping,1.0,N/A (Standard 11 Taxonomy),,MISSING,data/lyrics/RMVM_S_2a5438862a.txt,AVAILABLE,,MISSING,,UNVERIFIED,TIER_A,LYRICS_ONLY,train
RMVM_S_745b334b6d,Giai Điệu Dành Cho Em,Thiệu Tân,ART_3aea6de86c,POP_BALLAD,deterministic_mapping,1.0,N/A (Standard 11 Taxonomy),,MISSING,data/lyrics/RMVM_S_745b334b6d.txt,AVAILABLE,,MISSING,,UNVERIFIED,TIER_A,LYRICS_ONLY,train
RMVM_S_8373765fe1,Chuyện Của Mùa Đông,"Anh Tú, XHTĐRLX, Forest Studio",ART_101bb2ea8b,POP_BALLAD,deterministic_mapping,1.0,N/A (Standard 11 Taxonomy),,MISSING,data/lyrics/RMVM_S_8373765fe1.txt,AVAILABLE,,MISSING,,UNVERIFIED,TIER_A,LYRICS_ONLY,train
RMVM_S_7d1f578fdb,Con Mến,"Sino, Wikey",ART_5021658fd0,POP_BALLAD,deterministic_mapping,1.0,N/A (Standard 11 Taxonomy),,MISSING,data/lyrics/RMVM_S_7d1f578fdb.txt,AVAILABLE,,MISSING,,UNVERIFIED,TIER_A,LYRICS_ONLY,train
RMVM_S_e6e68c25a5,Bến Xưa Vẫn Chờ,Minh Luân,ART_ed0b5b5f40,FOLK_TRADITIONAL,deterministic_mapping,1.0,N/A (Standard 11 Taxonomy),,MISSING,data/lyrics/RMVM_S_e6e68c25a5.txt,AVAILABLE,,MISSING,,UNVERIFIED,TIER_A,LYRICS_ONLY,train
RMVM_S_177c7d5822,Không Yêu Nữa,Minh Luân,ART_ed0b5b5f40,BOLERO_TRUTINH,deterministic_mapping,1.0,N/A (Standard 11 Taxonomy),,MISSING,data/lyrics/RMVM_S_177c7d5822.txt,AVAILABLE,,MISSING,,UNVERIFIED,TIER_A,LYRICS_ONLY,train
RMVM_S_7282448d42,Biết Đâu Anh Gặp May,"Ngọc KayLa, Yanbi",ART_57bdafcddc,POP_BALLAD,deterministic_mapping,1.0,N/A (Standard 11 Taxonomy),,MISSING,data/lyrics/RMVM_S_7282448d42.txt,AVAILABLE,,MISSING,,UNVERIFIED,TIER_A,LYRICS_ONLY,train
RMVM_S_b32bb7a518,Những Lời Hứa Bỏ Quên (Remix),Trương Lý Hoàng,ART_40c2514472,POP_BALLAD,deterministic_mapping,0.85,N/A (Standard 11 Taxonomy),,MISSING,,MISSING,,MISSING,,UNVERIFIED,TIER_B,NO_PHYSICAL_MODALITY,train
RMVM_S_d0cd378f00,Đưa Em Qua Cánh Đồng Vàng,"Quốc Đại, Vân Trang",ART_c99d0fd3c9,POP_BALLAD,deterministic_mapping,1.0,N/A (Standard 11 Taxonomy),,MISSING,data/lyrics/RMVM_S_d0cd378f00.txt,AVAILABLE,,MISSING,,UNVERIFIED,TIER_A,LYRICS_ONLY,train
RMVM_S_fa4b3b38f4,Trăng Về Thôn Dã 2,"CT Media, Thùy Dương, Văn Hương",ART_29cab46223,POP_BALLAD,deterministic_mapping,1.0,N/A (Standard 11 Taxonomy),,MISSING,data/lyrics/RMVM_S_fa4b3b38f4.txt,AVAILABLE,,MISSING,,UNVERIFIED,TIER_A,LYRICS_ONLY,train
RMVM_S_fe1020a0e6,Bạn Thân (Beat),V.Music New,ART_57886b6d36,POP_BALLAD,deterministic_mapping,1.0,N/A (Standard 11 Taxonomy),,MISSING,data/lyrics/RMVM_S_fe1020a0e6.txt,AVAILABLE,,MISSING,,UNVERIFIED,TIER_A,LYRICS_ONLY,train
RMVM_S_e5291b07fa,Bay Lên Những Giấc Mơ,V.Music New,ART_57886b6d36,POP_BALLAD,deterministic_mapping,1.0,N/A (Standard 11 Taxonomy),,MISSING,data/lyrics/RMVM_S_e5291b07fa.txt,AVAILABLE,,MISSING,,UNVERIFIED,TIER_A,LYRICS_ONLY,train
RMVM_S_b4e78fa68b,ANH SẼ CHỜ EM,Qiti,ART_5340a9cb63,POP_BALLAD,deterministic_mapping,1.0,N/A (Standard 11 Taxonomy),,MISSING,data/lyrics/RMVM_S_b4e78fa68b.txt,AVAILABLE,,MISSING,,UNVERIFIED,TIER_A,LYRICS_ONLY,train
RMVM_S_c13cde9d0b,DUYÊN MỘNG VỠ TAN,Qiti,ART_5340a9cb63,POP_BALLAD,deterministic_mapping,1.0,N/A (Standard 11 Taxonomy),,MISSING,data/lyrics/RMVM_S_c13cde9d0b.txt,AVAILABLE,,MISSING,,UNVERIFIED,TIER_A,LYRICS_ONLY,train
RMVM_S_2f347def77,Anh Ở Vị Trí Nào,Kim Hiệu,ART_27714892d1,POP_BALLAD,deterministic_mapping,1.0,N/A (Standard 11 Taxonomy),,MISSING,data/lyrics/RMVM_S_2f347def77.txt,AVAILABLE,,MISSING,,UNVERIFIED,TIER_A,LYRICS_ONLY,train
RMVM_MB_128e903441,Em xinh,Onionn,ART_6972eb2860,DANCE_EDM,musicbrainz_artist_discography,0.85,N/A (Standard 11 Taxonomy),,MISSING,,MISSING,,MISSING,2023.0,VERIFIED,TIER_B,NO_PHYSICAL_MODALITY,train
RMVM_MB_ba48b96af1,Em Là,Onionn,ART_6972eb2860,DANCE_EDM,musicbrainz_artist_discography,0.85,N/A (Standard 11 Taxonomy),,MISSING,,MISSING,,MISSING,2022.0,VERIFIED,TIER_B,NO_PHYSICAL_MODALITY,train
RMVM_MB_ec89257010,L.I.E,Onionn,ART_6972eb2860,DANCE_EDM,musicbrainz_artist_discography,0.85,N/A (Standard 11 Taxonomy),,MISSING,,MISSING,,MISSING,2022.0,VERIFIED,TIER_B,NO_PHYSICAL_MODALITY,train
RMVM_MB_f0488efb9c,Open Your Eyes,Onionn,ART_6972eb2860,DANCE_EDM,musicbrainz_artist_discography,0.85,N/A (Standard 11 Taxonomy),,MISSING,,MISSING,,MISSING,2023.0,VERIFIED,TIER_B,NO_PHYSICAL_MODALITY,train
RMVM_MB_5f62d36471,Anh Không Thể,Onionn,ART_6972eb2860,DANCE_EDM,musicbrainz_artist_discography,0.85,N/A (Standard 11 Taxonomy),,MISSING,,MISSING,,MISSING,2022.0,VERIFIED,TIER_B,NO_PHYSICAL_MODALITY,train
RMVM_MB_64d587b091,Waiting For You,Onionn,ART_6972eb2860,DANCE_EDM,musicbrainz_artist_discography,0.85,N/A (Standard 11 Taxonomy),,MISSING,,MISSING,,MISSING,2022.0,VERIFIED,TIER_B,NO_PHYSICAL_MODALITY,train
RMVM_MB_c1b14cedee,Do You,Onionn,ART_6972eb2860,DANCE_EDM,musicbrainz_artist_discography,0.85,N/A (Standard 11 Taxonomy),,MISSING,,MISSING,,MISSING,2022.0,VERIFIED,TIER_B,NO_PHYSICAL_MODALITY,train
RMVM_MB_dcd5122061,Chạy Ngay Đi - Onionn Remix,Onionn,ART_6972eb2860,DANCE_EDM,musicbrainz_artist_discography,0.85,N/A (Standard 11 Taxonomy),,MISSING,,MISSING,,MISSING,2018.0,VERIFIED,TIER_B,NO_PHYSICAL_MODALITY,train
RMVM_S_02729eaf90,Tình Mẫu Tử,Duy Cường Bolero,ART_e3b4bbdc16,BOLERO_TRUTINH,deterministic_mapping,1.0,N/A (Standard 11 Taxonomy),,MISSING,data/lyrics/RMVM_S_02729eaf90.txt,AVAILABLE,,MISSING,,UNVERIFIED,TIER_A,LYRICS_ONLY,train
RMVM_S_5ab315adca,Độc Bước Đời Ta,Tính Đỗ,ART_8496257a04,BOLERO_TRUTINH,deterministic_mapping,1.0,N/A (Standard 11 Taxonomy),,MISSING,,MISSING,data/covers/RMVM_S_5ab315adca.jpg,AVAILABLE,,UNVERIFIED,TIER_A,COVER_ONLY,train
RMVM_S_3c8cb3bd70,Đừng Bỏ Anh Mà,Phạm Trúng,ART_fc530d2dfa,POP_BALLAD,deterministic_mapping,1.0,N/A (Standard 11 Taxonomy),,MISSING,data/lyrics/RMVM_S_3c8cb3bd70.txt,AVAILABLE,,MISSING,,UNVERIFIED,TIER_A,LYRICS_ONLY,train
RMVM_S_fe5be48462,Đừng Nên Trách Nhau,Lữ Bình,ART_f4502e9fb1,POP_BALLAD,deterministic_mapping,1.0,N/A (Standard 11 Taxonomy),,MISSING,data/lyrics/RMVM_S_fe5be48462.txt,AVAILABLE,,MISSING,,UNVERIFIED,TIER_A,LYRICS_ONLY,train
RMVM_S_7ee5e64a60,Tam Cang Ngũ Thường,Mai Kha,ART_6219244048,OTHER,curated_out_of_taxonomy,0.9,Religious / Sacred spiritual Vietnamese music,,MISSING,,MISSING,,MISSING,,UNVERIFIED,TIER_B,NO_PHYSICAL_MODALITY,train
RMVM_S_bb4fbc4927,Chuyện Nắng Mưa (Remix Version),"Khởi My, Kelvin Khánh",ART_86ff0b61f7,POP_BALLAD,deterministic_mapping,1.0,N/A (Standard 11 Taxonomy),,MISSING,data/lyrics/RMVM_S_bb4fbc4927.txt,AVAILABLE,,MISSING,,UNVERIFIED,TIER_A,LYRICS_ONLY,train
RMVM_S_c37fdc6b53,Bao Đêm Anh Khóc Remix,Lưu Chí Vỹ,ART_cfb9eb0821,POP_BALLAD,deterministic_mapping,1.0,N/A (Standard 11 Taxonomy),,MISSING,data/lyrics/RMVM_S_c37fdc6b53.txt,AVAILABLE,,MISSING,,UNVERIFIED,TIER_A,LYRICS_ONLY,train
RMVM_S_4acd03cbce,Nỗi Lòng Người Viễn Xứ,Lưu Chí Vỹ,ART_cfb9eb0821,FOLK_TRADITIONAL,deterministic_mapping,1.0,N/A (Standard 11 Taxonomy),,MISSING,data/lyrics/RMVM_S_4acd03cbce.txt,AVAILABLE,,MISSING,,UNVERIFIED,TIER_A,LYRICS_ONLY,train
RMVM_S_ba14a4a5cf,Không Thể Ở Bên Nhau,Lưu Chí Vỹ,ART_cfb9eb0821,POP_BALLAD,deterministic_mapping,1.0,N/A (Standard 11 Taxonomy),,MISSING,data/lyrics/RMVM_S_ba14a4a5cf.txt,AVAILABLE,,MISSING,,UNVERIFIED,TIER_A,LYRICS_ONLY,train
RMVM_S_b25af1856c,Cố Giấu,Nguyễn Đức Quân,ART_dff77d3e7d,POP_BALLAD,deterministic_mapping,1.0,N/A (Standard 11 Taxonomy),,MISSING,data/lyrics/RMVM_S_b25af1856c.txt,AVAILABLE,,MISSING,,UNVERIFIED,TIER_A,LYRICS_ONLY,train
RMVM_S_1159cc6fe3,Hết Hôm Nay Thành Người Xa Lạ,"NAM DaBand, Hamlet Trương",ART_c882d7a9e0,POP_BALLAD,deterministic_mapping,1.0,N/A (Standard 11 Taxonomy),,MISSING,data/lyrics/RMVM_S_1159cc6fe3.txt,AVAILABLE,,MISSING,,UNVERIFIED,TIER_A,LYRICS_ONLY,train
RMVM_S_344db0a068,Mưa Học Trò,Bích Tuyền,ART_bd071a7848,BOLERO_TRUTINH,deterministic_mapping,1.0,N/A (Standard 11 Taxonomy),,MISSING,data/lyrics/RMVM_S_344db0a068.txt,AVAILABLE,,MISSING,,UNVERIFIED,TIER_A,LYRICS_ONLY,train
RMVM_S_98be82fcd4,Chiều Quê Kỷ Niệm,Bích Tuyền,ART_bd071a7848,BOLERO_TRUTINH,deterministic_mapping,1.0,N/A (Standard 11 Taxonomy),,MISSING,data/lyrics/RMVM_S_98be82fcd4.txt,AVAILABLE,,MISSING,,UNVERIFIED,TIER_A,LYRICS_ONLY,train
RMVM_S_929418dcbc,Mẹ Của Tôi,Bích Tuyền,ART_bd071a7848,BOLERO_TRUTINH,deterministic_mapping,1.0,N/A (Standard 11 Taxonomy),,MISSING,data/lyrics/RMVM_S_929418dcbc.txt,AVAILABLE,,MISSING,,UNVERIFIED,TIER_A,LYRICS_ONLY,train
RMVM_S_670d2986da,Tạm Biệt Huế,Bích Tuyền,ART_bd071a7848,BOLERO_TRUTINH,deterministic_mapping,0.85,N/A (Standard 11 Taxonomy),,MISSING,,MISSING,,MISSING,,UNVERIFIED,TIER_B,NO_PHYSICAL_MODALITY,train
RMVM_S_5789740573,Liên Khúc Tình Duyên Chẳng Nợ,Hoàng Lâm,ART_d8de3ca976,POP_BALLAD,deterministic_mapping,1.0,N/A (Standard 11 Taxonomy),,MISSING,,MISSING,data/covers/RMVM_S_5789740573.jpg,AVAILABLE,,UNVERIFIED,TIER_A,COVER_ONLY,train
RMVM_S_6debdcbb1f,Liên Khúc Bolero Trữ Tình - Nếu Lỡ Ngày Mai Mình Xa Nhau,Hoàng Lâm,ART_d8de3ca976,BOLERO_TRUTINH,deterministic_mapping,1.0,N/A (Standard 11 Taxonomy),,MISSING,,MISSING,data/covers/RMVM_S_6debdcbb1f.jpg,AVAILABLE,,UNVERIFIED,TIER_A,COVER_ONLY,train
RMVM_S_427e4631a6,Bởi Tôi Nghèo,Hoàng Lâm,ART_d8de3ca976,BOLERO_TRUTINH,deterministic_mapping,1.0,N/A (Standard 11 Taxonomy),,MISSING,data/lyrics/RMVM_S_427e4631a6.txt,AVAILABLE,data/covers/RMVM_S_427e4631a6.jpg,AVAILABLE,,UNVERIFIED,TIER_A,LYRICS_COVER,train
RMVM_S_b5e0d2fa3a,Đêm Sầu Đời,Hoàng Lâm,ART_d8de3ca976,BOLERO_TRUTINH,deterministic_mapping,1.0,N/A (Standard 11 Taxonomy),,MISSING,data/lyrics/RMVM_S_b5e0d2fa3a.txt,AVAILABLE,,MISSING,,UNVERIFIED,TIER_A,LYRICS_ONLY,train
RMVM_S_e08f01717c,Bến Đợi Chờ Ai,Hoàng Lâm,ART_d8de3ca976,POP_BALLAD,deterministic_mapping,1.0,N/A (Standard 11 Taxonomy),,MISSING,data/lyrics/RMVM_S_e08f01717c.txt,AVAILABLE,,MISSING,,UNVERIFIED,TIER_A,LYRICS_ONLY,train
RMVM_S_9ba4c6b8ef,Chuyện Tình Đôi Sim Tím,Hoàng Lâm,ART_d8de3ca976,BOLERO_TRUTINH,deterministic_mapping,1.0,N/A (Standard 11 Taxonomy),,MISSING,data/lyrics/RMVM_S_9ba4c6b8ef.txt,AVAILABLE,,MISSING,,UNVERIFIED,TIER_A,LYRICS_ONLY,train
RMVM_S_84e3e3badf,LK Tuổi Học Trò/Trường Cũ Tình Xưa,"Mai Thiên Vân, Quỳnh Dung",ART_690a682014,BOLERO_TRUTINH,deterministic_mapping,1.0,N/A (Standard 11 Taxonomy),,MISSING,,MISSING,,MISSING,,UNVERIFIED,TIER_A,NO_PHYSICAL_MODALITY,train
RMVM_S_e8c1a63ffb,Cuốn Sách Mẹ Tôi Thường Nói,"ICD, Tom",ART_cb668f6978,POP_BALLAD,deterministic_mapping,1.0,N/A (Standard 11 Taxonomy),,MISSING,data/lyrics/RMVM_S_e8c1a63ffb.txt,AVAILABLE,,MISSING,,UNVERIFIED,TIER_A,LYRICS_ONLY,train
RMVM_S_feb7abf57a,Đừng yêu người nổi tiếng,7UPPERCUTS,ART_795d93f942,ROCK,deterministic_mapping,1.0,N/A (Standard 11 Taxonomy),,MISSING,data/lyrics/RMVM_S_feb7abf57a.txt,AVAILABLE,,MISSING,,UNVERIFIED,TIER_A,LYRICS_ONLY,train
RMVM_MB_85573172f8,It Goes Like This (Instrumental),7UPPERCUTS,ART_795d93f942,ROCK,musicbrainz_artist_discography,0.85,N/A (Standard 11 Taxonomy),,MISSING,,MISSING,,MISSING,2019.0,VERIFIED,TIER_B,NO_PHYSICAL_MODALITY,train
RMVM_MB_99ca435889,Màu Áo Học Trò (Extended ver.),7UPPERCUTS,ART_795d93f942,ROCK,musicbrainz_artist_discography,0.85,N/A (Standard 11 Taxonomy),,MISSING,,MISSING,,MISSING,2019.0,VERIFIED,TIER_B,NO_PHYSICAL_MODALITY,train
RMVM_MB_97adbbb971,Tinder 101,7UPPERCUTS,ART_795d93f942,ROCK,musicbrainz_artist_discography,0.85,N/A (Standard 11 Taxonomy),,MISSING,,MISSING,,MISSING,2019.0,VERIFIED,TIER_B,NO_PHYSICAL_MODALITY,train
RMVM_MB_74fb45e5c7,Wave Alpha (Instrumental),7UPPERCUTS,ART_795d93f942,ROCK,musicbrainz_artist_discography,0.85,N/A (Standard 11 Taxonomy),,MISSING,,MISSING,,MISSING,2019.0,VERIFIED,TIER_B,NO_PHYSICAL_MODALITY,train
RMVM_MB_ac7ef67d7d,Wave Alpha,7UPPERCUTS,ART_795d93f942,ROCK,musicbrainz_artist_discography,0.85,N/A (Standard 11 Taxonomy),,MISSING,,MISSING,,MISSING,2019.0,VERIFIED,TIER_B,NO_PHYSICAL_MODALITY,train
RMVM_MB_042ffb9226,Đừng Yêu Người Nổi Tiếng (Piano Version),7UPPERCUTS,ART_795d93f942,ROCK,musicbrainz_artist_discography,0.85,N/A (Standard 11 Taxonomy),,MISSING,,MISSING,,MISSING,2024.0,VERIFIED,TIER_B,NO_PHYSICAL_MODALITY,train
RMVM_MB_cdf0d0b8aa,Yêu,7UPPERCUTS,ART_795d93f942,ROCK,musicbrainz_artist_discography,0.85,N/A (Standard 11 Taxonomy),,MISSING,,MISSING,,MISSING,2020.0,VERIFIED,TIER_B,NO_PHYSICAL_MODALITY,train
RMVM_MB_83d9854fb5,Duma Song,7UPPERCUTS,ART_795d93f942,ROCK,musicbrainz_artist_discography,0.85,N/A (Standard 11 Taxonomy),,MISSING,,MISSING,,MISSING,2019.0,VERIFIED,TIER_B,NO_PHYSICAL_MODALITY,train
RMVM_MB_eeee874b24,Trốn Tìm (Remastered 2024),7UPPERCUTS,ART_795d93f942,ROCK,musicbrainz_artist_discography,0.85,N/A (Standard 11 Taxonomy),,MISSING,,MISSING,,MISSING,2024.0,VERIFIED,TIER_B,NO_PHYSICAL_MODALITY,train
RMVM_MB_436a383e53,Ánh,7UPPERCUTS,ART_795d93f942,ROCK,musicbrainz_artist_discography,0.85,N/A (Standard 11 Taxonomy),,MISSING,,MISSING,,MISSING,2024.0,VERIFIED,TIER_B,NO_PHYSICAL_MODALITY,train
RMVM_MB_e8d5f936ee,Màu Áo Học Trò,7UPPERCUTS,ART_795d93f942,ROCK,musicbrainz_artist_discography,0.85,N/A (Standard 11 Taxonomy),,MISSING,,MISSING,,MISSING,2019.0,VERIFIED,TIER_B,NO_PHYSICAL_MODALITY,train
RMVM_MB_5b48174ad0,Duma Song (Instrumental),7UPPERCUTS,ART_795d93f942,ROCK,musicbrainz_artist_discography,0.85,N/A (Standard 11 Taxonomy),,MISSING,,MISSING,,MISSING,2019.0,VERIFIED,TIER_B,NO_PHYSICAL_MODALITY,train
RMVM_S_ed90450494,TÌNH YÊU LÀ GÌ VẬY HA,"Mr.KAYZ, KhangG-B",ART_7765781100,POP_BALLAD,deterministic_mapping,1.0,N/A (Standard 11 Taxonomy),,MISSING,data/lyrics/RMVM_S_ed90450494.txt,AVAILABLE,,MISSING,,UNVERIFIED,TIER_A,LYRICS_ONLY,train
RMVM_S_e6fcbb038b,Em Là Cô Gái Miền Trung,Lê Trọng Hiếu,ART_32e1606a3a,POP_BALLAD,deterministic_mapping,1.0,N/A (Standard 11 Taxonomy),,MISSING,data/lyrics/RMVM_S_e6fcbb038b.txt,AVAILABLE,,MISSING,,UNVERIFIED,TIER_A,LYRICS_ONLY,train
RMVM_S_e0fb2c5e31,Chỉ Có Thể Là Em (Remix),Lê Trọng Hiếu,ART_32e1606a3a,POP_BALLAD,deterministic_mapping,0.85,N/A (Standard 11 Taxonomy),,MISSING,,MISSING,,MISSING,,UNVERIFIED,TIER_B,NO_PHYSICAL_MODALITY,train
RMVM_S_4cbdb41909,Cây Cọ Thần Kỳ,"ICD, Tuimi",ART_d211c094d2,POP_BALLAD,deterministic_mapping,1.0,N/A (Standard 11 Taxonomy),,MISSING,data/lyrics/RMVM_S_4cbdb41909.txt,AVAILABLE,,MISSING,,UNVERIFIED,TIER_A,LYRICS_ONLY,train
RMVM_S_b09aa49405,Lan Và Điệp 1,"Quách Tuấn Du, Quỳnh Trang",ART_0a80d8ebe5,BOLERO_TRUTINH,deterministic_mapping,1.0,N/A (Standard 11 Taxonomy),,MISSING,data/lyrics/RMVM_S_b09aa49405.txt,AVAILABLE,,MISSING,,UNVERIFIED,TIER_A,LYRICS_ONLY,train
RMVM_S_c518982ff1,"Ai Trách, Ai Vô Tình",phanDat A.G,ART_1a1c3abb48,POP_BALLAD,deterministic_mapping,1.0,N/A (Standard 11 Taxonomy),,MISSING,data/lyrics/RMVM_S_c518982ff1.txt,AVAILABLE,,MISSING,,UNVERIFIED,TIER_A,LYRICS_ONLY,train
RMVM_S_34fc1b846b,Chuyện Lứa Đôi,"Như Quỳnh, Don Hồ",ART_744665c87d,INSTRUMENTAL,source_tag_verification,0.85,N/A (Standard 11 Taxonomy),,MISSING,data/lyrics/RMVM_S_34fc1b846b.txt,AVAILABLE,,MISSING,,UNVERIFIED,TIER_B,LYRICS_ONLY,train
RMVM_S_e288e328d3,Mùa Xuân Em Hát,Bé Nhã Kỳ,ART_9c28a27f4d,POP_BALLAD,deterministic_mapping,1.0,N/A (Standard 11 Taxonomy),,MISSING,data/lyrics/RMVM_S_e288e328d3.txt,AVAILABLE,,MISSING,,UNVERIFIED,TIER_A,LYRICS_ONLY,train
RMVM_S_ab4cd88a80,Muốn Có Em,Trương Gia Thịnh,ART_0d0bdb03cd,POP_BALLAD,deterministic_mapping,1.0,N/A (Standard 11 Taxonomy),,MISSING,data/lyrics/RMVM_S_ab4cd88a80.txt,AVAILABLE,,MISSING,,UNVERIFIED,TIER_A,LYRICS_ONLY,train
RMVM_S_8545932185,Cứ Mãi Là Giấc Mơ,Hiền Thục,ART_0c3829059a,POP_BALLAD,deterministic_mapping,1.0,N/A (Standard 11 Taxonomy),,MISSING,data/lyrics/RMVM_S_8545932185.txt,AVAILABLE,,MISSING,,UNVERIFIED,TIER_A,LYRICS_ONLY,train
RMVM_S_df23bbbd8a,Tình Đã Hao Gầy,Hiền Thục,ART_0c3829059a,POP_BALLAD,deterministic_mapping,1.0,N/A (Standard 11 Taxonomy),,MISSING,data/lyrics/RMVM_S_df23bbbd8a.txt,AVAILABLE,,MISSING,,UNVERIFIED,TIER_A,LYRICS_ONLY,train
RMVM_S_0267fd782a,Thành Phố Sương,Hiền Thục,ART_0c3829059a,BOLERO_TRUTINH,deterministic_mapping,1.0,N/A (Standard 11 Taxonomy),,MISSING,data/lyrics/RMVM_S_0267fd782a.txt,AVAILABLE,,MISSING,,UNVERIFIED,TIER_A,LYRICS_ONLY,train
RMVM_S_c60da88426,Còn Lại Những Yêu Thương,Hiền Thục,ART_0c3829059a,POP_BALLAD,deterministic_mapping,1.0,N/A (Standard 11 Taxonomy),,MISSING,data/lyrics/RMVM_S_c60da88426.txt,AVAILABLE,,MISSING,,UNVERIFIED,TIER_A,LYRICS_ONLY,train
RMVM_S_2c0273773d,Em Tưởng Tôi Là Ai,Thái Phong Vũ,ART_af360fbe16,POP_BALLAD,deterministic_mapping,1.0,N/A (Standard 11 Taxonomy),,MISSING,data/lyrics/RMVM_S_2c0273773d.txt,AVAILABLE,,MISSING,,UNVERIFIED,TIER_A,LYRICS_ONLY,train
RMVM_S_21141a7fbb,Dù Đúng Dù Sai Anh Vẫn Yêu Em,"Rum, Double Noize",ART_5f220a4a95,POP_BALLAD,deterministic_mapping,1.0,N/A (Standard 11 Taxonomy),,MISSING,data/lyrics/RMVM_S_21141a7fbb.txt,AVAILABLE,,MISSING,,UNVERIFIED,TIER_A,LYRICS_ONLY,train
RMVM_S_2ab1d1d5f9,Đó Chỉ Là Giấc Mơ,"Khucmay, Chương Đan",ART_89902ed276,POP_BALLAD,deterministic_mapping,1.0,N/A (Standard 11 Taxonomy),,MISSING,data/lyrics/RMVM_S_2ab1d1d5f9.txt,AVAILABLE,,MISSING,,UNVERIFIED,TIER_A,LYRICS_ONLY,train
RMVM_MB_b896fa9edf,Urban Vibe,Re-Cycle,ART_dffa896787,ROCK,musicbrainz_artist_discography,0.85,N/A (Standard 11 Taxonomy),,MISSING,,MISSING,,MISSING,2001.0,VERIFIED,TIER_B,NO_PHYSICAL_MODALITY,train
RMVM_MB_6b9e6a3982,Cycle,Re-Cycle,ART_dffa896787,ROCK,musicbrainz_artist_discography,0.85,N/A (Standard 11 Taxonomy),,MISSING,,MISSING,,MISSING,1997.0,VERIFIED,TIER_B,NO_PHYSICAL_MODALITY,train
RMVM_S_03b9183bbb,Đôi Khi Muốn,Phạm Trưởng,ART_4d4476e4b2,POP_BALLAD,deterministic_mapping,1.0,N/A (Standard 11 Taxonomy),,MISSING,data/lyrics/RMVM_S_03b9183bbb.txt,AVAILABLE,,MISSING,,UNVERIFIED,TIER_A,LYRICS_ONLY,train
RMVM_S_31b5b21a36,Đau Lắm (Remix),Phạm Trưởng,ART_4d4476e4b2,POP_BALLAD,deterministic_mapping,1.0,N/A (Standard 11 Taxonomy),,MISSING,data/lyrics/RMVM_S_31b5b21a36.txt,AVAILABLE,,MISSING,,UNVERIFIED,TIER_A,LYRICS_ONLY,train
RMVM_S_8100335bc1,Em Hay Lắm,Phạm Trưởng,ART_4d4476e4b2,POP_BALLAD,deterministic_mapping,1.0,N/A (Standard 11 Taxonomy),,MISSING,data/lyrics/RMVM_S_8100335bc1.txt,AVAILABLE,,MISSING,,UNVERIFIED,TIER_A,LYRICS_ONLY,train
RMVM_S_f2dada3973,Không Được Khóc (Remix),Phạm Trưởng,ART_4d4476e4b2,POP_BALLAD,deterministic_mapping,1.0,N/A (Standard 11 Taxonomy),,MISSING,data/lyrics/RMVM_S_f2dada3973.txt,AVAILABLE,,MISSING,,UNVERIFIED,TIER_A,LYRICS_ONLY,train
RMVM_S_2cb2598e01,Cánh Hoa Bên Đường,Phạm Trưởng,ART_4d4476e4b2,POP_BALLAD,deterministic_mapping,1.0,N/A (Standard 11 Taxonomy),,MISSING,data/lyrics/RMVM_S_2cb2598e01.txt,AVAILABLE,,MISSING,,UNVERIFIED,TIER_A,LYRICS_ONLY,train
RMVM_S_2eb18c14c8,Liên Khúc Cho Em Mùa Xuân,Mai Tuấn,ART_b4d3323fac,POP_BALLAD,deterministic_mapping,1.0,N/A (Standard 11 Taxonomy),,MISSING,data/lyrics/RMVM_S_2eb18c14c8.txt,AVAILABLE,,MISSING,2020.0,VERIFIED,TIER_A,LYRICS_ONLY,train
RMVM_S_f33ec8c4a5,Khóc Một Cuộc Tình,Mai Tuấn,ART_b4d3323fac,BOLERO_TRUTINH,deterministic_mapping,1.0,N/A (Standard 11 Taxonomy),,MISSING,data/lyrics/RMVM_S_f33ec8c4a5.txt,AVAILABLE,,MISSING,,UNVERIFIED,TIER_A,LYRICS_ONLY,train
RMVM_S_8dc3471b4f,Đôi Đứa Đôi Đường,Mai Tuấn,ART_b4d3323fac,BOLERO_TRUTINH,deterministic_mapping,1.0,N/A (Standard 11 Taxonomy),,MISSING,data/lyrics/RMVM_S_8dc3471b4f.txt,AVAILABLE,,MISSING,,UNVERIFIED,TIER_A,LYRICS_ONLY,train
RMVM_S_76ed3eb470,TÌnh Thương Mến Thương (WRC REMIX),"ZIN MEDIA, Minh Giang, Trường Lê",ART_844943a3f2,DANCE_EDM,deterministic_mapping,1.0,N/A (Standard 11 Taxonomy),,MISSING,data/lyrics/RMVM_S_76ed3eb470.txt,AVAILABLE,,MISSING,,UNVERIFIED,TIER_A,LYRICS_ONLY,train
RMVM_S_48b3bcb3fd,Anh Sẽ Kể Em Nghe,Phúc Lâm,ART_051faf17cd,BOLERO_TRUTINH,deterministic_mapping,1.0,N/A (Standard 11 Taxonomy),,MISSING,data/lyrics/RMVM_S_48b3bcb3fd.txt,AVAILABLE,,MISSING,,UNVERIFIED,TIER_A,LYRICS_ONLY,train
RMVM_S_3c28af64dc,Hạnh Phúc Vì Có Em,"Anh Đô, Cao Thành Đạt",ART_7bc8b0a4eb,POP_BALLAD,deterministic_mapping,1.0,N/A (Standard 11 Taxonomy),,MISSING,data/lyrics/RMVM_S_3c28af64dc.txt,AVAILABLE,,MISSING,,UNVERIFIED,TIER_A,LYRICS_ONLY,train
RMVM_S_cb86f89bba,Mong Người Về Đây,"Lương Tùng Quang, Vân Quỳnh",ART_f6cadace9e,INSTRUMENTAL,source_tag_verification,0.85,N/A (Standard 11 Taxonomy),,MISSING,data/lyrics/RMVM_S_cb86f89bba.txt,AVAILABLE,,MISSING,,UNVERIFIED,TIER_B,LYRICS_ONLY,train
RMVM_S_638c596656,Tiếc Thương Gì Nửa,"Lương Tùng Quang, Vân Quỳnh",ART_f6cadace9e,INSTRUMENTAL,source_tag_verification,0.85,N/A (Standard 11 Taxonomy),,MISSING,data/lyrics/RMVM_S_638c596656.txt,AVAILABLE,,MISSING,,UNVERIFIED,TIER_B,LYRICS_ONLY,train
RMVM_S_94b23bf2d9,Kinh Cầu Mẹ Từ Bi,Thích Pháp Như,ART_ca695bd178,OTHER,curated_out_of_taxonomy,0.9,Religious / Sacred spiritual Vietnamese music,,MISSING,,MISSING,,MISSING,,UNVERIFIED,TIER_B,NO_PHYSICAL_MODALITY,train
RMVM_S_21d5c7cc91,Chuyện Một Con Đò,Thích Pháp Như,ART_ca695bd178,OTHER,curated_out_of_taxonomy,0.9,Religious / Sacred spiritual Vietnamese music,,MISSING,,MISSING,,MISSING,,UNVERIFIED,TIER_B,NO_PHYSICAL_MODALITY,train
RMVM_S_add15eb8ae,Buồn Nơi Anh,Đinh Việt Quang,ART_642c5a355f,POP_BALLAD,deterministic_mapping,1.0,N/A (Standard 11 Taxonomy),,MISSING,data/lyrics/RMVM_S_add15eb8ae.txt,AVAILABLE,,MISSING,,UNVERIFIED,TIER_A,LYRICS_ONLY,train
RMVM_S_0238f2b36f,Em Là Tình Yêu Của Anh (Remix),"Nhật Tinh Anh, DJ Phơ Nguyễn",ART_070f0aa649,POP_BALLAD,deterministic_mapping,1.0,N/A (Standard 11 Taxonomy),,MISSING,data/lyrics/RMVM_S_0238f2b36f.txt,AVAILABLE,,MISSING,,UNVERIFIED,TIER_A,LYRICS_ONLY,train
RMVM_S_e061b2e69c,Em ở đây mà,"RUBY, Winno",ART_f35a0f234c,POP_BALLAD,deterministic_mapping,1.0,N/A (Standard 11 Taxonomy),,MISSING,data/lyrics/RMVM_S_e061b2e69c.txt,AVAILABLE,,MISSING,,UNVERIFIED,TIER_A,LYRICS_ONLY,train
RMVM_S_7d76b18de3,Giọt Đàn Thạch Sanh,MTV,ART_88eaac40b2,POP_BALLAD,deterministic_mapping,1.0,N/A (Standard 11 Taxonomy),,MISSING,data/lyrics/RMVM_S_7d76b18de3.txt,AVAILABLE,,MISSING,,UNVERIFIED,TIER_A,LYRICS_ONLY,train
RMVM_S_dbf0534d5b,Gương Vỡ Không Lành,Giang Nam,ART_61ae7104b1,POP_BALLAD,deterministic_mapping,1.0,N/A (Standard 11 Taxonomy),,MISSING,data/lyrics/RMVM_S_dbf0534d5b.txt,AVAILABLE,,MISSING,,UNVERIFIED,TIER_A,LYRICS_ONLY,train
RMVM_S_303c30d081,Đêm Của Lời Hẹn Hò,"Thu Giang, Phan Đinh Tùng",ART_57b0ea75b1,BOLERO_TRUTINH,deterministic_mapping,1.0,N/A (Standard 11 Taxonomy),,MISSING,data/lyrics/RMVM_S_303c30d081.txt,AVAILABLE,,MISSING,,UNVERIFIED,TIER_A,LYRICS_ONLY,train
RMVM_S_4d4f5f59da,Đừng Đi Đâu Đấy Nhé,"Hưng Vũ, Tinoy, MEZZO",ART_13b332e706,POP_BALLAD,deterministic_mapping,1.0,N/A (Standard 11 Taxonomy),,MISSING,data/lyrics/RMVM_S_4d4f5f59da.txt,AVAILABLE,,MISSING,,UNVERIFIED,TIER_A,LYRICS_ONLY,train
RMVM_S_7e6e5580d0,Liệu Ta Sẽ,"Phạm Đình Thái Ngân, Annie",ART_e45b4d373f,POP_BALLAD,deterministic_mapping,1.0,N/A (Standard 11 Taxonomy),,MISSING,data/lyrics/RMVM_S_7e6e5580d0.txt,AVAILABLE,,MISSING,,UNVERIFIED,TIER_A,LYRICS_ONLY,train
RMVM_S_25b418d5c1,Dĩ Vãng Nhạt Nhòa (Gala Nhạc Việt 4 - Những Giấc Mơ Trở Về),"Ưng Hoàng Phúc, Yến Trang",ART_62c62ca780,POP_BALLAD,deterministic_mapping,1.0,N/A (Standard 11 Taxonomy),,MISSING,data/lyrics/RMVM_S_25b418d5c1.txt,AVAILABLE,,MISSING,,UNVERIFIED,TIER_A,LYRICS_ONLY,train
RMVM_S_b2f5166015,Liên Khúc Daddy Cool,Đức Vinh,ART_45793cc170,POP_BALLAD,deterministic_mapping,1.0,N/A (Standard 11 Taxonomy),,MISSING,data/lyrics/RMVM_S_b2f5166015.txt,AVAILABLE,,MISSING,,UNVERIFIED,TIER_A,LYRICS_ONLY,train
RMVM_S_b30b00f8e9,Là Anh Ngộ Nhận (Deep House),Linh Hương Luz,ART_c51d1c2815,DANCE_EDM,deterministic_mapping,1.0,N/A (Standard 11 Taxonomy),,MISSING,data/lyrics/RMVM_S_b30b00f8e9.txt,AVAILABLE,,MISSING,,UNVERIFIED,TIER_A,LYRICS_ONLY,train
RMVM_S_cf288b6ea8,Đừng Khóc Phút Chia Xa,Bích Hồng,ART_bd54c963ca,INSTRUMENTAL,source_tag_verification,0.85,N/A (Standard 11 Taxonomy),,MISSING,,MISSING,data/covers/RMVM_S_cf288b6ea8.jpg,AVAILABLE,,UNVERIFIED,TIER_B,COVER_ONLY,train
RMVM_S_8c5f104c6f,Anh Là Người Duy Nhất (Remix),Quyn Si,ART_fe98484b94,POP_BALLAD,deterministic_mapping,1.0,N/A (Standard 11 Taxonomy),,MISSING,data/lyrics/RMVM_S_8c5f104c6f.txt,AVAILABLE,,MISSING,,UNVERIFIED,TIER_A,LYRICS_ONLY,train
RMVM_S_a77883e132,Buồn Thì Cứ Khóc Đi,"JSOL, CARA, Hoàng Duyên",ART_a15872e5b6,POP_BALLAD,deterministic_mapping,1.0,N/A (Standard 11 Taxonomy),,MISSING,data/lyrics/RMVM_S_a77883e132.txt,AVAILABLE,,MISSING,,UNVERIFIED,TIER_A,LYRICS_ONLY,train
RMVM_S_dfa7227f17,Sao Người Đi,"PZ, Lavie",ART_99e9956560,POP_BALLAD,deterministic_mapping,1.0,N/A (Standard 11 Taxonomy),,MISSING,data/lyrics/RMVM_S_dfa7227f17.txt,AVAILABLE,,MISSING,,UNVERIFIED,TIER_A,LYRICS_ONLY,train
RMVM_S_d05654d585,Chẳng Thể Biết,"Sol7, Young Tulo",ART_dcb17251d3,POP_BALLAD,deterministic_mapping,1.0,N/A (Standard 11 Taxonomy),,MISSING,data/lyrics/RMVM_S_d05654d585.txt,AVAILABLE,,MISSING,,UNVERIFIED,TIER_A,LYRICS_ONLY,train
RMVM_S_97ad9cdda9,Tân Cổ: Đò Chiều Bến Quê,"Vy Thúy Hằng, Lâm Quang Long",ART_b6a337078b,BOLERO_TRUTINH,deterministic_mapping,1.0,N/A (Standard 11 Taxonomy),,MISSING,,MISSING,data/covers/RMVM_S_97ad9cdda9.jpg,AVAILABLE,,UNVERIFIED,TIER_A,COVER_ONLY,train
RMVM_S_2a18489a93,Vững Tin Sài Gòn Ơi,"Tường Quân, Long Hải, TQE",ART_0854947219,POP_BALLAD,deterministic_mapping,1.0,N/A (Standard 11 Taxonomy),,MISSING,data/lyrics/RMVM_S_2a18489a93.txt,AVAILABLE,,MISSING,,UNVERIFIED,TIER_A,LYRICS_ONLY,train
RMVM_S_b5cc3fcaae,Chẳng Sao Cả,"Cao Thái Sơn, Đông Thiên Đức",ART_31455a1e14,POP_BALLAD,deterministic_mapping,1.0,N/A (Standard 11 Taxonomy),,MISSING,data/lyrics/RMVM_S_b5cc3fcaae.txt,AVAILABLE,,MISSING,,UNVERIFIED,TIER_A,LYRICS_ONLY,train
RMVM_S_a194d04bf8,Liên khúc Mai Lỡ Hai Mình Xa Nhau,"Hồng Quyên, Thanh Vinh",ART_fecfd73f4a,BOLERO_TRUTINH,deterministic_mapping,1.0,N/A (Standard 11 Taxonomy),,MISSING,,MISSING,data/covers/RMVM_S_a194d04bf8.jpg,AVAILABLE,,UNVERIFIED,TIER_A,COVER_ONLY,train
RMVM_S_c27c63187c,Đi Tìm Nắng Hạ,Khánh Duy,ART_e37ef64254,BOLERO_TRUTINH,deterministic_mapping,1.0,N/A (Standard 11 Taxonomy),,MISSING,data/lyrics/RMVM_S_c27c63187c.txt,AVAILABLE,,MISSING,,UNVERIFIED,TIER_A,LYRICS_ONLY,train
RMVM_S_287d0786e3,Còn Thương Câu Hát Miệt Vườn,Khánh Duy,ART_e37ef64254,BOLERO_TRUTINH,deterministic_mapping,1.0,N/A (Standard 11 Taxonomy),,MISSING,data/lyrics/RMVM_S_287d0786e3.txt,AVAILABLE,,MISSING,,UNVERIFIED,TIER_A,LYRICS_ONLY,train
RMVM_S_ebd75e76df,Chúng Ta Không Thuộc Về Nhau,Thái Lan Viên,ART_3d6db1a2b0,POP_BALLAD,deterministic_mapping,0.85,N/A (Standard 11 Taxonomy),,MISSING,,MISSING,,MISSING,,UNVERIFIED,TIER_B,NO_PHYSICAL_MODALITY,train
RMVM_S_de9dbe9cdc,Cách Mình Xa Nhau,TRANG,ART_c786f96bb9,POP_BALLAD,deterministic_mapping,1.0,N/A (Standard 11 Taxonomy),,MISSING,,MISSING,data/covers/RMVM_S_de9dbe9cdc.jpg,AVAILABLE,,UNVERIFIED,TIER_A,COVER_ONLY,train
RMVM_S_10679b3afc,Giữ Cho Em Một Thế Giới,TRANG,ART_c786f96bb9,POP_BALLAD,deterministic_mapping,1.0,N/A (Standard 11 Taxonomy),,MISSING,data/lyrics/RMVM_S_10679b3afc.txt,AVAILABLE,,MISSING,,UNVERIFIED,TIER_A,LYRICS_ONLY,train
RMVM_S_d13ca6416e,Chỉ Có Thể Là Anh,TRANG,ART_c786f96bb9,POP_BALLAD,deterministic_mapping,1.0,N/A (Standard 11 Taxonomy),,MISSING,data/lyrics/RMVM_S_d13ca6416e.txt,AVAILABLE,,MISSING,,UNVERIFIED,TIER_A,LYRICS_ONLY,train
RMVM_S_263db794a7,Chưa Được Yêu Như Thế,TRANG,ART_c786f96bb9,POP_BALLAD,deterministic_mapping,1.0,N/A (Standard 11 Taxonomy),,MISSING,data/lyrics/RMVM_S_263db794a7.txt,AVAILABLE,,MISSING,,UNVERIFIED,TIER_A,LYRICS_ONLY,train
RMVM_S_9fd2b0d34b,Em Viết Nên,Trang,ART_c786f96bb9,POP_BALLAD,deterministic_mapping,1.0,N/A (Standard 11 Taxonomy),,MISSING,data/lyrics/RMVM_S_9fd2b0d34b.txt,AVAILABLE,,MISSING,,UNVERIFIED,TIER_A,LYRICS_ONLY,train
RMVM_S_53a38a6c9b,Và Xem Như Chúng Ta Chỉ Còn,TRANG,ART_c786f96bb9,POP_BALLAD,deterministic_mapping,1.0,N/A (Standard 11 Taxonomy),,MISSING,data/lyrics/RMVM_S_53a38a6c9b.txt,AVAILABLE,,MISSING,,UNVERIFIED,TIER_A,LYRICS_ONLY,train
RMVM_S_cfd02fc80f,Nếu Biết Trước Ngày Mai,TRANG,ART_c786f96bb9,POP_BALLAD,deterministic_mapping,1.0,N/A (Standard 11 Taxonomy),,MISSING,data/lyrics/RMVM_S_cfd02fc80f.txt,AVAILABLE,,MISSING,,UNVERIFIED,TIER_A,LYRICS_ONLY,train
RMVM_S_fa82acf945,Càng Trưởng Thành Càng Cô Đơn / Gửi Người Yêu Cũ (Live),"Hồ Ngọc Hà, Ngọc Mai",ART_2ab5ac08ca,POP_BALLAD,deterministic_mapping,1.0,N/A (Standard 11 Taxonomy),,MISSING,data/lyrics/RMVM_S_fa82acf945.txt,AVAILABLE,,MISSING,,UNVERIFIED,TIER_A,LYRICS_ONLY,train
RMVM_S_32fe58b3b2,Chuyện Dàn Thiên Lý,Vinh Tuấn,ART_44f964c534,POP_BALLAD,deterministic_mapping,1.0,N/A (Standard 11 Taxonomy),,MISSING,data/lyrics/RMVM_S_32fe58b3b2.txt,AVAILABLE,,MISSING,,UNVERIFIED,TIER_A,LYRICS_ONLY,train
RMVM_S_7d324a7893,Anh Là Con Rối Của Em (Beat),Dương Nhất Linh,ART_02796cb87a,POP_BALLAD,deterministic_mapping,1.0,N/A (Standard 11 Taxonomy),,MISSING,,MISSING,data/covers/RMVM_S_7d324a7893.jpg,AVAILABLE,,UNVERIFIED,TIER_A,COVER_ONLY,train
RMVM_S_09b0d10c67,Đón Xuân Này Nhớ Xuân Xưa (Remix),Dương Nhất Linh,ART_02796cb87a,BOLERO_TRUTINH,deterministic_mapping,1.0,N/A (Standard 11 Taxonomy),,MISSING,data/lyrics/RMVM_S_09b0d10c67.txt,AVAILABLE,,MISSING,,UNVERIFIED,TIER_A,LYRICS_ONLY,train
RMVM_S_ab8e7dc286,Anh Muốn Biết Sự Thật,Dương Nhất Linh,ART_02796cb87a,POP_BALLAD,deterministic_mapping,1.0,N/A (Standard 11 Taxonomy),,MISSING,data/lyrics/RMVM_S_ab8e7dc286.txt,AVAILABLE,,MISSING,,UNVERIFIED,TIER_A,LYRICS_ONLY,train
RMVM_S_4246b8d02e,Mạnh Mẽ Lên Em,Dương Nhất Linh,ART_02796cb87a,POP_BALLAD,deterministic_mapping,1.0,N/A (Standard 11 Taxonomy),,MISSING,data/lyrics/RMVM_S_4246b8d02e.txt,AVAILABLE,,MISSING,,UNVERIFIED,TIER_A,LYRICS_ONLY,train
RMVM_S_eb8e972c9b,Khép Lại Nỗi Đau,Dương Nhất Linh,ART_02796cb87a,POP_BALLAD,deterministic_mapping,1.0,N/A (Standard 11 Taxonomy),,MISSING,data/lyrics/RMVM_S_eb8e972c9b.txt,AVAILABLE,,MISSING,,UNVERIFIED,TIER_A,LYRICS_ONLY,train
RMVM_S_85b47120ce,Cái Gật Đầu Hạnh Phúc,Dương Nhất Linh,ART_02796cb87a,POP_BALLAD,deterministic_mapping,1.0,N/A (Standard 11 Taxonomy),,MISSING,data/lyrics/RMVM_S_85b47120ce.txt,AVAILABLE,,MISSING,,UNVERIFIED,TIER_A,LYRICS_ONLY,train
RMVM_S_956c952346,Người Yêu Có Crush,"RYAN, NALO, CM1X",ART_8cf83a1082,POP_BALLAD,deterministic_mapping,1.0,N/A (Standard 11 Taxonomy),,MISSING,data/lyrics/RMVM_S_956c952346.txt,AVAILABLE,,MISSING,,UNVERIFIED,TIER_A,LYRICS_ONLY,train
RMVM_S_29a608ea01,Chả Hiểu Sao,Weeza,ART_aafeeb1024,POP_BALLAD,deterministic_mapping,1.0,N/A (Standard 11 Taxonomy),,MISSING,data/lyrics/RMVM_S_29a608ea01.txt,AVAILABLE,,MISSING,,UNVERIFIED,TIER_A,LYRICS_ONLY,train
RMVM_S_d01df62d18,Anh Không Nhớ Em Vậy Đâu,"Xuf, Trà Hoa Cúc",ART_ea9554244a,POP_BALLAD,deterministic_mapping,1.0,N/A (Standard 11 Taxonomy),,MISSING,data/lyrics/RMVM_S_d01df62d18.txt,AVAILABLE,,MISSING,,UNVERIFIED,TIER_A,LYRICS_ONLY,train
RMVM_S_586e744963,tell his dream - hay ke giac mo cua anh,N2 MUSIC,ART_13c76e7ae3,RAP_HIPHOP,deterministic_mapping,1.0,N/A (Standard 11 Taxonomy),,MISSING,,MISSING,data/covers/RMVM_S_586e744963.jpg,AVAILABLE,,UNVERIFIED,TIER_A,COVER_ONLY,train
RMVM_S_e0483891bd,Anh Bỏ Ngoài Tai Lời Gièm Pha (Remix),"Thái Thành Công, Lâm Chấn Hải",ART_1fb651576f,DANCE_EDM,deterministic_mapping,1.0,N/A (Standard 11 Taxonomy),,MISSING,data/lyrics/RMVM_S_e0483891bd.txt,AVAILABLE,,MISSING,,UNVERIFIED,TIER_A,LYRICS_ONLY,train
RMVM_S_e42683f406,Chuyến Tàu Hoàng Hôn,"Võ Minh Lê, Kim Tuyến",ART_decf657a9a,POP_BALLAD,deterministic_mapping,1.0,N/A (Standard 11 Taxonomy),,MISSING,data/lyrics/RMVM_S_e42683f406.txt,AVAILABLE,,MISSING,,UNVERIFIED,TIER_A,LYRICS_ONLY,train
RMVM_S_6e7874df0f,Khoái Ăn Sang Sáng Ăn Khoai,Hồ Việt Trung,ART_c9878142a1,POP_BALLAD,deterministic_mapping,1.0,N/A (Standard 11 Taxonomy),,MISSING,data/lyrics/RMVM_S_6e7874df0f.txt,AVAILABLE,,MISSING,,UNVERIFIED,TIER_A,LYRICS_ONLY,train
RMVM_S_51876df61f,Anh Không Tồn Tại (Beat),Hồ Việt Trung,ART_c9878142a1,POP_BALLAD,deterministic_mapping,1.0,N/A (Standard 11 Taxonomy),,MISSING,data/lyrics/RMVM_S_51876df61f.txt,AVAILABLE,,MISSING,,UNVERIFIED,TIER_A,LYRICS_ONLY,train
RMVM_S_a15a92d079,"Đêm Nay, Anh Muốn Đưa Em Về",Hồ Việt Trung,ART_c9878142a1,POP_BALLAD,deterministic_mapping,1.0,N/A (Standard 11 Taxonomy),,MISSING,data/lyrics/RMVM_S_a15a92d079.txt,AVAILABLE,,MISSING,,UNVERIFIED,TIER_A,LYRICS_ONLY,train
RMVM_S_ced0f59d0b,Lỗi Tại Anh Nghèo (DJ Phơ Remix),Hồ Việt Trung,ART_c9878142a1,POP_BALLAD,deterministic_mapping,1.0,N/A (Standard 11 Taxonomy),,MISSING,data/lyrics/RMVM_S_ced0f59d0b.txt,AVAILABLE,,MISSING,,UNVERIFIED,TIER_A,LYRICS_ONLY,train
RMVM_S_06909cc644,Điều Cha Muốn Nói,Hồ Việt Trung,ART_c9878142a1,POP_BALLAD,deterministic_mapping,1.0,N/A (Standard 11 Taxonomy),,MISSING,data/lyrics/RMVM_S_06909cc644.txt,AVAILABLE,,MISSING,,UNVERIFIED,TIER_A,LYRICS_ONLY,train
RMVM_S_db789eecac,Bức Thư Gửi Con,Hồ Việt Trung,ART_c9878142a1,POP_BALLAD,deterministic_mapping,1.0,N/A (Standard 11 Taxonomy),,MISSING,data/lyrics/RMVM_S_db789eecac.txt,AVAILABLE,,MISSING,,UNVERIFIED,TIER_A,LYRICS_ONLY,train
RMVM_S_5872251864,Con Không Một Mình,Bá Vương,ART_17c84fe28f,POP_BALLAD,deterministic_mapping,1.0,N/A (Standard 11 Taxonomy),,MISSING,data/lyrics/RMVM_S_5872251864.txt,AVAILABLE,,MISSING,,UNVERIFIED,TIER_A,LYRICS_ONLY,train
RMVM_S_75e3c7cc86,Giấc Mơ Đẹp,Nguyễn Trọng Tài,ART_9feae4e099,POP_BALLAD,deterministic_mapping,1.0,N/A (Standard 11 Taxonomy),,MISSING,data/lyrics/RMVM_S_75e3c7cc86.txt,AVAILABLE,,MISSING,,UNVERIFIED,TIER_A,LYRICS_ONLY,train
RMVM_S_07de612916,Đam Mê,Nguyễn Phú Quí,ART_333ad71768,BOLERO_TRUTINH,deterministic_mapping,1.0,N/A (Standard 11 Taxonomy),,MISSING,,MISSING,data/covers/RMVM_S_07de612916.jpg,AVAILABLE,,UNVERIFIED,TIER_A,COVER_ONLY,train
RMVM_S_45e46b4bab,Gửi Nắng Xuân Về,Uyên Linh,ART_d2bb88ab5c,POP_BALLAD,deterministic_mapping,1.0,N/A (Standard 11 Taxonomy),,MISSING,data/lyrics/RMVM_S_45e46b4bab.txt,AVAILABLE,,MISSING,,UNVERIFIED,TIER_A,LYRICS_ONLY,train
RMVM_S_9c534a340c,Đồng Tiền,"Lee Ken, LPT",ART_c55ce8140d,POP_BALLAD,deterministic_mapping,1.0,N/A (Standard 11 Taxonomy),,MISSING,data/lyrics/RMVM_S_9c534a340c.txt,AVAILABLE,,MISSING,,UNVERIFIED,TIER_A,LYRICS_ONLY,train
RMVM_S_4a9cea96ab,Em Ngày Gặp Lại (DJ Trang Moon Remix),"TLong, ACV",ART_1a15f582a2,POP_BALLAD,deterministic_mapping,1.0,N/A (Standard 11 Taxonomy),,MISSING,data/lyrics/RMVM_S_4a9cea96ab.txt,AVAILABLE,,MISSING,,UNVERIFIED,TIER_A,LYRICS_ONLY,train
RMVM_S_c40ea077d0,Em Ngày Gặp Lại (Ciray Remix),"TLong, ACV",ART_1a15f582a2,POP_BALLAD,deterministic_mapping,1.0,N/A (Standard 11 Taxonomy),,MISSING,data/lyrics/RMVM_S_c40ea077d0.txt,AVAILABLE,,MISSING,,UNVERIFIED,TIER_A,LYRICS_ONLY,train
RMVM_S_362b85158a,Chỉ Sợ Nhớ Nhà,"Vicky Nhung, San V",ART_acef2a8303,POP_BALLAD,deterministic_mapping,1.0,N/A (Standard 11 Taxonomy),,MISSING,data/lyrics/RMVM_S_362b85158a.txt,AVAILABLE,,MISSING,,UNVERIFIED,TIER_A,LYRICS_ONLY,train
RMVM_S_0077441450,Hoài Cảm,"Bằng Kiều, Thiên Tôn, Đình Bảo",ART_2a11882551,INSTRUMENTAL,source_tag_verification,0.85,N/A (Standard 11 Taxonomy),,MISSING,data/lyrics/RMVM_S_0077441450.txt,AVAILABLE,,MISSING,,UNVERIFIED,TIER_B,LYRICS_ONLY,train
RMVM_S_ff926445fa,Yêu Đến Thế Sao,Huyền Zoe,ART_c2de85ee2b,POP_BALLAD,deterministic_mapping,1.0,N/A (Standard 11 Taxonomy),,MISSING,data/lyrics/RMVM_S_ff926445fa.txt,AVAILABLE,,MISSING,,UNVERIFIED,TIER_A,LYRICS_ONLY,train
RMVM_S_9300fc0ffc,Thế Hệ Tan Vỡ,"Kai Đinh, SIVAN",ART_fab88ee752,POP_BALLAD,deterministic_mapping,1.0,N/A (Standard 11 Taxonomy),,MISSING,data/lyrics/RMVM_S_9300fc0ffc.txt,AVAILABLE,,MISSING,,UNVERIFIED,TIER_A,LYRICS_ONLY,train
RMVM_S_b73236d74c,Là Duyên Không Phận (New Version),Chung Thanh Duy,ART_ddb107a39a,POP_BALLAD,deterministic_mapping,1.0,N/A (Standard 11 Taxonomy),,MISSING,data/lyrics/RMVM_S_b73236d74c.txt,AVAILABLE,,MISSING,,UNVERIFIED,TIER_A,LYRICS_ONLY,train
RMVM_S_1e1250c0d3,Chẳng Thể Giữ Lại,Chung Thanh Duy,ART_ddb107a39a,POP_BALLAD,deterministic_mapping,1.0,N/A (Standard 11 Taxonomy),,MISSING,data/lyrics/RMVM_S_1e1250c0d3.txt,AVAILABLE,,MISSING,,UNVERIFIED,TIER_A,LYRICS_ONLY,train
RMVM_S_895c5a57be,Là Người Dưng (Đừng Xa Anh),Chung Thanh Duy,ART_ddb107a39a,POP_BALLAD,deterministic_mapping,1.0,N/A (Standard 11 Taxonomy),,MISSING,data/lyrics/RMVM_S_895c5a57be.txt,AVAILABLE,,MISSING,,UNVERIFIED,TIER_A,LYRICS_ONLY,train
RMVM_S_7a4155b517,Chỉ Là Lời Nói,Chung Thanh Duy,ART_ddb107a39a,POP_BALLAD,deterministic_mapping,1.0,N/A (Standard 11 Taxonomy),,MISSING,data/lyrics/RMVM_S_7a4155b517.txt,AVAILABLE,,MISSING,,UNVERIFIED,TIER_A,LYRICS_ONLY,train
RMVM_S_929d87e402,Thanh Xuân Là Để Nhớ,"Fer, Thái Ngân, LeO",ART_f29556b0f3,POP_BALLAD,deterministic_mapping,1.0,N/A (Standard 11 Taxonomy),,MISSING,data/lyrics/RMVM_S_929d87e402.txt,AVAILABLE,,MISSING,,UNVERIFIED,TIER_A,LYRICS_ONLY,train
RMVM_S_4525478358,Bé Ti Ti,Minh Vy,ART_964b73919d,POP_BALLAD,deterministic_mapping,1.0,N/A (Standard 11 Taxonomy),,MISSING,,MISSING,,MISSING,,UNVERIFIED,TIER_A,NO_PHYSICAL_MODALITY,train
RMVM_S_96877bf9ba,Hà Nội Những Đêm Không Ngủ,"Đăng Dương, Trọng Tấn, NSUT Việt Hoàn",ART_25af97e0c1,REVOLUTIONARY,provenance_metadata_verification,0.85,N/A (Standard 11 Taxonomy),,MISSING,data/lyrics/RMVM_S_96877bf9ba.txt,AVAILABLE,,MISSING,,UNVERIFIED,TIER_B,LYRICS_ONLY,train
RMVM_S_3da84a6f5b,Ai Là Em (Beat),"Dương Edward, SlimV",ART_6bb5a7b75f,POP_BALLAD,deterministic_mapping,1.0,N/A (Standard 11 Taxonomy),,MISSING,data/lyrics/RMVM_S_3da84a6f5b.txt,AVAILABLE,,MISSING,,UNVERIFIED,TIER_A,LYRICS_ONLY,train
RMVM_S_9bb101fd3a,Thương Người Xứ Lạ,"Thanh Ngân, Mai Tiến Đạt",ART_16f058aea1,POP_BALLAD,deterministic_mapping,1.0,N/A (Standard 11 Taxonomy),,MISSING,data/lyrics/RMVM_S_9bb101fd3a.txt,AVAILABLE,,MISSING,,UNVERIFIED,TIER_A,LYRICS_ONLY,train
RMVM_S_b048c47089,Đêm Giao Thừa Nghe Khúc Dân Ca,"Thanh Ngân, Mai Tiến Đạt",ART_16f058aea1,POP_BALLAD,deterministic_mapping,1.0,N/A (Standard 11 Taxonomy),,MISSING,data/lyrics/RMVM_S_b048c47089.txt,AVAILABLE,,MISSING,,UNVERIFIED,TIER_A,LYRICS_ONLY,train
RMVM_S_679698b6e3,Quán Trọ Dân Gian,"Thanh Ngân, Mai Tiến Đạt",ART_16f058aea1,POP_BALLAD,deterministic_mapping,1.0,N/A (Standard 11 Taxonomy),,MISSING,data/lyrics/RMVM_S_679698b6e3.txt,AVAILABLE,,MISSING,,UNVERIFIED,TIER_A,LYRICS_ONLY,train
RMVM_S_969606395e,Cau Thắm Trầu Xanh,"Thanh Ngân, Mai Tiến Đạt",ART_16f058aea1,POP_BALLAD,deterministic_mapping,1.0,N/A (Standard 11 Taxonomy),,MISSING,data/lyrics/RMVM_S_969606395e.txt,AVAILABLE,,MISSING,,UNVERIFIED,TIER_A,LYRICS_ONLY,train
RMVM_S_3c985ff761,Mơ Được Yêu,"Trung Tự, GAOTHOM",ART_bbab3811b0,POP_BALLAD,deterministic_mapping,1.0,N/A (Standard 11 Taxonomy),,MISSING,data/lyrics/RMVM_S_3c985ff761.txt,AVAILABLE,,MISSING,,UNVERIFIED,TIER_A,LYRICS_ONLY,train
RMVM_S_444f81bffa,Em Hậu Phương Anh Tuyền Tuyến,"Mai Lệ Quyên, Nguyễn Phú Quí",ART_3f8ca815e7,BOLERO_TRUTINH,deterministic_mapping,1.0,N/A (Standard 11 Taxonomy),,MISSING,data/lyrics/RMVM_S_444f81bffa.txt,AVAILABLE,,MISSING,,UNVERIFIED,TIER_A,LYRICS_ONLY,train
RMVM_S_f2ceb4641b,Cảm Xúc Chiều Mưa,"Minh Thuận, Thùy My",ART_07e4c82dc3,POP_BALLAD,deterministic_mapping,1.0,N/A (Standard 11 Taxonomy),,MISSING,,MISSING,data/covers/RMVM_S_f2ceb4641b.jpg,AVAILABLE,,UNVERIFIED,TIER_A,COVER_ONLY,train
RMVM_S_b45bf2bdde,Mừng Nắng Xuân Về,Various Artists,ART_03b645ef21,BOLERO_TRUTINH,deterministic_mapping,1.0,N/A (Standard 11 Taxonomy),,MISSING,data/lyrics/RMVM_S_b45bf2bdde.txt,AVAILABLE,,MISSING,,UNVERIFIED,TIER_A,LYRICS_ONLY,train
RMVM_S_a212923311,Liên Khúc Chú Ếch Con - Con Cào Cào - Hai Con Thằn Lằn Con,Various Artists,ART_03b645ef21,CHILDREN,deterministic_mapping,1.0,N/A (Standard 11 Taxonomy),,MISSING,data/lyrics/RMVM_S_a212923311.txt,AVAILABLE,,MISSING,,UNVERIFIED,TIER_A,LYRICS_ONLY,train
RMVM_S_3e622a27fa,Đôi Cánh Ước Mơ,Various Artists,ART_03b645ef21,POP_BALLAD,deterministic_mapping,1.0,N/A (Standard 11 Taxonomy),,MISSING,data/lyrics/RMVM_S_3e622a27fa.txt,AVAILABLE,,MISSING,,UNVERIFIED,TIER_A,LYRICS_ONLY,train
RMVM_S_3bb7f8f73e,Con Đường Từ Trái Tim,Various Artists,ART_03b645ef21,POP_BALLAD,deterministic_mapping,1.0,N/A (Standard 11 Taxonomy),,MISSING,data/lyrics/RMVM_S_3bb7f8f73e.txt,AVAILABLE,,MISSING,,UNVERIFIED,TIER_A,LYRICS_ONLY,train
RMVM_S_9fd78668a9,Khi Ta Xa Nhau,Diễm Liên,ART_c7bd12036b,BOLERO_TRUTINH,deterministic_mapping,1.0,N/A (Standard 11 Taxonomy),,MISSING,data/lyrics/RMVM_S_9fd78668a9.txt,AVAILABLE,,MISSING,,UNVERIFIED,TIER_A,LYRICS_ONLY,train
RMVM_S_61f4473b15,Ba Trăm Ba Mươi Ba Nhịp Yêu,Only C,ART_ca976de8a9,POP_BALLAD,deterministic_mapping,1.0,N/A (Standard 11 Taxonomy),,MISSING,data/lyrics/RMVM_S_61f4473b15.txt,AVAILABLE,,MISSING,,UNVERIFIED,TIER_A,LYRICS_ONLY,train
RMVM_S_7cab5992b0,Dâu Thiên Hạ,Suboi,ART_7b7ae56247,POP_BALLAD,deterministic_mapping,1.0,N/A (Standard 11 Taxonomy),,MISSING,data/lyrics/RMVM_S_7cab5992b0.txt,AVAILABLE,,MISSING,,UNVERIFIED,TIER_A,LYRICS_ONLY,train
RMVM_MB_6c5a2d6c3f,Thiên đường biết,Suboi,ART_7b7ae56247,RAP_HIPHOP,musicbrainz_artist_discography,0.85,N/A (Standard 11 Taxonomy),,MISSING,,MISSING,,MISSING,2014.0,VERIFIED,TIER_B,NO_PHYSICAL_MODALITY,train
RMVM_MB_5cab90a2ee,Come Back Down,Suboi,ART_7b7ae56247,RAP_HIPHOP,musicbrainz_artist_discography,0.85,N/A (Standard 11 Taxonomy),,MISSING,,MISSING,,MISSING,2014.0,VERIFIED,TIER_B,NO_PHYSICAL_MODALITY,train
RMVM_MB_0e40bc1fa2,Đời,Suboi,ART_7b7ae56247,RAP_HIPHOP,musicbrainz_artist_discography,0.85,N/A (Standard 11 Taxonomy),,MISSING,,MISSING,,MISSING,2016.0,VERIFIED,TIER_B,NO_PHYSICAL_MODALITY,train
RMVM_MB_8e6341d351,Groovy as We Are,Suboi,ART_7b7ae56247,RAP_HIPHOP,musicbrainz_artist_discography,0.85,N/A (Standard 11 Taxonomy),,MISSING,,MISSING,,MISSING,2010.0,VERIFIED,TIER_B,NO_PHYSICAL_MODALITY,train
RMVM_MB_b289955c32,N-Sao?,Suboi,ART_7b7ae56247,RAP_HIPHOP,musicbrainz_artist_discography,0.85,N/A (Standard 11 Taxonomy),,MISSING,,MISSING,,MISSING,2018.0,VERIFIED,TIER_B,NO_PHYSICAL_MODALITY,train
RMVM_MB_da928d2c56,Chớ Không,Suboi,ART_7b7ae56247,RAP_HIPHOP,musicbrainz_artist_discography,0.85,N/A (Standard 11 Taxonomy),,MISSING,,MISSING,,MISSING,2019.0,VERIFIED,TIER_B,NO_PHYSICAL_MODALITY,train
RMVM_MB_a10baeff77,Công (Dance remix),Suboi,ART_7b7ae56247,RAP_HIPHOP,musicbrainz_artist_discography,0.85,N/A (Standard 11 Taxonomy),,MISSING,,MISSING,,MISSING,2021.0,VERIFIED,TIER_B,NO_PHYSICAL_MODALITY,train
RMVM_MB_4f6e0bc6c2,Cho Không,Suboi,ART_7b7ae56247,RAP_HIPHOP,musicbrainz_artist_discography,0.85,N/A (Standard 11 Taxonomy),,MISSING,,MISSING,,MISSING,2021.0,VERIFIED,TIER_B,NO_PHYSICAL_MODALITY,train
RMVM_S_5fc3cee1bf,Anh Chẳng Thể (Beat),Phạm Kỳ,ART_270438487a,POP_BALLAD,deterministic_mapping,1.0,N/A (Standard 11 Taxonomy),,MISSING,,MISSING,data/covers/RMVM_S_5fc3cee1bf.jpg,AVAILABLE,,UNVERIFIED,TIER_A,COVER_ONLY,train
RMVM_S_fe416e225a,Chân Tình Miền Tây,Lương Minh Đạt,ART_7fb3a13d5b,BOLERO_TRUTINH,deterministic_mapping,1.0,N/A (Standard 11 Taxonomy),,MISSING,data/lyrics/RMVM_S_fe416e225a.txt,AVAILABLE,,MISSING,,UNVERIFIED,TIER_A,LYRICS_ONLY,train
RMVM_S_835779918e,Để Anh Đi,Thảo Phạm,ART_aaf7295a45,POP_BALLAD,deterministic_mapping,1.0,N/A (Standard 11 Taxonomy),,MISSING,data/lyrics/RMVM_S_835779918e.txt,AVAILABLE,data/covers/RMVM_S_835779918e.jpg,AVAILABLE,,UNVERIFIED,TIER_A,LYRICS_COVER,train
RMVM_S_d049f53b34,Hy Vọng Quá Hóa Đau Lòng (Nguyễn Hoàng ft Hải Nam),"Exclusive Music, Nguyễn Vĩ",ART_89c48fa317,POP_BALLAD,deterministic_mapping,1.0,N/A (Standard 11 Taxonomy),,MISSING,data/lyrics/RMVM_S_d049f53b34.txt,AVAILABLE,,MISSING,,UNVERIFIED,TIER_A,LYRICS_ONLY,train
RMVM_S_c36a33929e,Những Lời Dối Gian (Cover),Nguyễn Thạc Bảo Ngọc,ART_1641a07cc8,POP_BALLAD,deterministic_mapping,1.0,N/A (Standard 11 Taxonomy),,MISSING,data/lyrics/RMVM_S_c36a33929e.txt,AVAILABLE,,MISSING,,UNVERIFIED,TIER_A,LYRICS_ONLY,train
RMVM_S_e10d57177b,Em Quá Khờ Dại (Teejay Remix),Nguyễn Thạc Bảo Ngọc,ART_1641a07cc8,POP_BALLAD,deterministic_mapping,1.0,N/A (Standard 11 Taxonomy),,MISSING,data/lyrics/RMVM_S_e10d57177b.txt,AVAILABLE,,MISSING,,UNVERIFIED,TIER_A,LYRICS_ONLY,train
RMVM_S_f5416c12fa,Này Sao Ơi,Ái Phương,ART_21e0c66239,POP_BALLAD,deterministic_mapping,1.0,N/A (Standard 11 Taxonomy),,MISSING,data/lyrics/RMVM_S_f5416c12fa.txt,AVAILABLE,,MISSING,,UNVERIFIED,TIER_A,LYRICS_ONLY,train
RMVM_S_1313fe0016,Có Đâu Xa Gần (Beat),Ái Phương,ART_21e0c66239,POP_BALLAD,deterministic_mapping,1.0,N/A (Standard 11 Taxonomy),,MISSING,data/lyrics/RMVM_S_1313fe0016.txt,AVAILABLE,,MISSING,,UNVERIFIED,TIER_A,LYRICS_ONLY,train
RMVM_S_b3cde4afdf,Một Câu Chuyện Buồn,Ái Phương,ART_21e0c66239,POP_BALLAD,deterministic_mapping,1.0,N/A (Standard 11 Taxonomy),,MISSING,data/lyrics/RMVM_S_b3cde4afdf.txt,AVAILABLE,,MISSING,,UNVERIFIED,TIER_A,LYRICS_ONLY,train
RMVM_S_541533ff2f,Có Hẹn Với Hạnh Phúc,Ái Phương,ART_21e0c66239,POP_BALLAD,deterministic_mapping,1.0,N/A (Standard 11 Taxonomy),,MISSING,data/lyrics/RMVM_S_541533ff2f.txt,AVAILABLE,,MISSING,,UNVERIFIED,TIER_A,LYRICS_ONLY,train
RMVM_MB_3f62403637,Em Và Tôi,Vũ Thắng Lợi,ART_9f576254ff,REVOLUTIONARY,musicbrainz_artist_discography,0.85,N/A (Standard 11 Taxonomy),,MISSING,,MISSING,,MISSING,2023.0,VERIFIED,TIER_B,NO_PHYSICAL_MODALITY,train
RMVM_S_3ad03e0cdd,Đành Quên (Beat),Ngô Chí Cường,ART_cfc52f130e,POP_BALLAD,deterministic_mapping,1.0,N/A (Standard 11 Taxonomy),,MISSING,data/lyrics/RMVM_S_3ad03e0cdd.txt,AVAILABLE,,MISSING,,UNVERIFIED,TIER_A,LYRICS_ONLY,train
RMVM_S_9d5b594af2,Mong Em Hạnh Phúc Bên Người (Beat),Ngô Chí Cường,ART_cfc52f130e,POP_BALLAD,deterministic_mapping,1.0,N/A (Standard 11 Taxonomy),,MISSING,data/lyrics/RMVM_S_9d5b594af2.txt,AVAILABLE,,MISSING,,UNVERIFIED,TIER_A,LYRICS_ONLY,train
RMVM_S_1a9d1ddf7a,Đánh Cắp Mặt Trời,"Double2T, Cao Thanh Thảo My, Xệ Xệ",ART_098080729f,POP_BALLAD,deterministic_mapping,1.0,N/A (Standard 11 Taxonomy),,MISSING,data/lyrics/RMVM_S_1a9d1ddf7a.txt,AVAILABLE,,MISSING,,UNVERIFIED,TIER_A,LYRICS_ONLY,train
RMVM_S_2ef802d3c5,DAY OFF - Ban Mai Thủ Đô,RPT TC,ART_fac9a78edf,RAP_HIPHOP,deterministic_mapping,1.0,N/A (Standard 11 Taxonomy),,MISSING,data/lyrics/RMVM_S_2ef802d3c5.txt,AVAILABLE,,MISSING,,UNVERIFIED,TIER_A,LYRICS_ONLY,train
RMVM_S_3082371a03,Chiếc Ô Xoay Tròn,"Zick Phạm, Jackie Luu",ART_bf8ab26b28,POP_BALLAD,deterministic_mapping,1.0,N/A (Standard 11 Taxonomy),,MISSING,data/lyrics/RMVM_S_3082371a03.txt,AVAILABLE,,MISSING,,UNVERIFIED,TIER_A,LYRICS_ONLY,train
RMVM_S_b0e2f6325e,Một Khi Yêu (DJ Turbo Nguyễn Remix),Đan Thùy,ART_ade328afd8,POP_BALLAD,deterministic_mapping,1.0,N/A (Standard 11 Taxonomy),,MISSING,data/lyrics/RMVM_S_b0e2f6325e.txt,AVAILABLE,,MISSING,,UNVERIFIED,TIER_A,LYRICS_ONLY,train
RMVM_S_2458fea363,"Baby, Please Come Back (Nước Mắt Phôi Pha)","Đăng Khôi, Phạm Thương Trà",ART_4695cdfff4,NHAC_TRINH,deterministic_mapping,1.0,N/A (Standard 11 Taxonomy),,MISSING,,MISSING,data/covers/RMVM_S_2458fea363.jpg,AVAILABLE,,UNVERIFIED,TIER_A,COVER_ONLY,train
RMVM_S_727aff10df,Đơn Phương Yêu Một Người,"Long.C, Ngắn",ART_b155648070,POP_BALLAD,deterministic_mapping,1.0,N/A (Standard 11 Taxonomy),,MISSING,data/lyrics/RMVM_S_727aff10df.txt,AVAILABLE,,MISSING,,UNVERIFIED,TIER_A,LYRICS_ONLY,train
RMVM_MB_86b0bb0fb4,Em là khúc nhạc không lời,Quý Dương,ART_459a303c9f,REVOLUTIONARY,musicbrainz_artist_discography,0.85,N/A (Standard 11 Taxonomy),,MISSING,,MISSING,,MISSING,,UNVERIFIED,TIER_B,NO_PHYSICAL_MODALITY,train
RMVM_MB_fc36e8ede1,Ngọn đèn đứng gác,Quý Dương,ART_459a303c9f,REVOLUTIONARY,musicbrainz_artist_discography,0.85,N/A (Standard 11 Taxonomy),,MISSING,,MISSING,,MISSING,1997.0,VERIFIED,TIER_B,NO_PHYSICAL_MODALITY,train
RMVM_MB_e59079a6b3,Tình em,Quý Dương,ART_459a303c9f,REVOLUTIONARY,musicbrainz_artist_discography,0.85,N/A (Standard 11 Taxonomy),,MISSING,,MISSING,,MISSING,,UNVERIFIED,TIER_B,NO_PHYSICAL_MODALITY,train
RMVM_MB_351a668cca,Chiều hải cảng,Quý Dương,ART_459a303c9f,REVOLUTIONARY,musicbrainz_artist_discography,0.85,N/A (Standard 11 Taxonomy),,MISSING,,MISSING,,MISSING,2001.0,VERIFIED,TIER_B,NO_PHYSICAL_MODALITY,train
RMVM_S_0e4fa4bdf5,Tình Yêu Không Thể Từ Một Phía,"Vương Bảo Khang, Khánh Phong",ART_2a9d5c1899,POP_BALLAD,deterministic_mapping,1.0,N/A (Standard 11 Taxonomy),,MISSING,data/lyrics/RMVM_S_0e4fa4bdf5.txt,AVAILABLE,,MISSING,,UNVERIFIED,TIER_A,LYRICS_ONLY,train
RMVM_S_1ba39f1f65,Liên Khúc Ngày Tết Quê Em – Chúc Tết,"Lưu Ánh Loan, Vũ Hoàng",ART_566d7c9365,BOLERO_TRUTINH,deterministic_mapping,1.0,N/A (Standard 11 Taxonomy),,MISSING,data/lyrics/RMVM_S_1ba39f1f65.txt,AVAILABLE,,MISSING,,UNVERIFIED,TIER_A,LYRICS_ONLY,train
RMVM_S_955dace2f5,Đôi Mắt Biết Nói Dối,CeCe Trương,ART_c86868ba75,POP_BALLAD,deterministic_mapping,1.0,N/A (Standard 11 Taxonomy),,MISSING,data/lyrics/RMVM_S_955dace2f5.txt,AVAILABLE,,MISSING,,UNVERIFIED,TIER_A,LYRICS_ONLY,train
RMVM_S_62135ddbab,Bọt Nước,Nguyên Vũ,ART_d4afdf558c,BOLERO_TRUTINH,deterministic_mapping,1.0,N/A (Standard 11 Taxonomy),,MISSING,data/lyrics/RMVM_S_62135ddbab.txt,AVAILABLE,,MISSING,,UNVERIFIED,TIER_A,LYRICS_ONLY,train
RMVM_S_16e30c854d,Xin Người Lãng Quên Dùm Tôi,Nguyên Vũ,ART_d4afdf558c,POP_BALLAD,deterministic_mapping,1.0,N/A (Standard 11 Taxonomy),,MISSING,data/lyrics/RMVM_S_16e30c854d.txt,AVAILABLE,,MISSING,,UNVERIFIED,TIER_A,LYRICS_ONLY,train
RMVM_S_6a7ce00987,Chỉ Còn Lại Mình Anh,Nguyên Vũ,ART_d4afdf558c,POP_BALLAD,deterministic_mapping,1.0,N/A (Standard 11 Taxonomy),,MISSING,data/lyrics/RMVM_S_6a7ce00987.txt,AVAILABLE,,MISSING,,UNVERIFIED,TIER_A,LYRICS_ONLY,train
RMVM_S_22bc97d4b7,Đừng Ghen Em Nhé,Nguyên Vũ,ART_d4afdf558c,POP_BALLAD,deterministic_mapping,1.0,N/A (Standard 11 Taxonomy),,MISSING,data/lyrics/RMVM_S_22bc97d4b7.txt,AVAILABLE,,MISSING,,UNVERIFIED,TIER_A,LYRICS_ONLY,train
RMVM_S_c0689f5d4e,Biển Cát Nắng Xanh Vàng Trắng,Nguyên Vũ,ART_d4afdf558c,POP_BALLAD,deterministic_mapping,1.0,N/A (Standard 11 Taxonomy),,MISSING,data/lyrics/RMVM_S_c0689f5d4e.txt,AVAILABLE,,MISSING,,UNVERIFIED,TIER_A,LYRICS_ONLY,train
RMVM_S_8a7b7e1a26,Điều Em Mong Chờ Không Phải Là Tuyết (Remix),Đài Pinky,ART_4710891fb9,POP_BALLAD,deterministic_mapping,1.0,N/A (Standard 11 Taxonomy),,MISSING,,MISSING,data/covers/RMVM_S_8a7b7e1a26.jpg,AVAILABLE,,UNVERIFIED,TIER_A,COVER_ONLY,train
RMVM_S_dc2abba692,Tim Anh Vỡ Đôi,"DeeTee, K",ART_0575cf71af,RAP_HIPHOP,deterministic_mapping,1.0,N/A (Standard 11 Taxonomy),,MISSING,data/lyrics/RMVM_S_dc2abba692.txt,AVAILABLE,,MISSING,,UNVERIFIED,TIER_A,LYRICS_ONLY,train
RMVM_S_1ba8b66e2b,Chỉ Vì Tôi Không Tin,Dương Gia Khánh,ART_3422725ffd,POP_BALLAD,deterministic_mapping,1.0,N/A (Standard 11 Taxonomy),,MISSING,data/lyrics/RMVM_S_1ba8b66e2b.txt,AVAILABLE,,MISSING,,UNVERIFIED,TIER_A,LYRICS_ONLY,train
RMVM_S_68ae468e54,Chiếc Lá Mùa Đông,Dương Gia Khánh,ART_3422725ffd,POP_BALLAD,deterministic_mapping,1.0,N/A (Standard 11 Taxonomy),,MISSING,data/lyrics/RMVM_S_68ae468e54.txt,AVAILABLE,,MISSING,,UNVERIFIED,TIER_A,LYRICS_ONLY,train
RMVM_S_142d0aeb74,Dạo Này Em Có Còn Thức Đêm,Hades,ART_f34422bcdc,POP_BALLAD,deterministic_mapping,1.0,N/A (Standard 11 Taxonomy),,MISSING,data/lyrics/RMVM_S_142d0aeb74.txt,AVAILABLE,,MISSING,,UNVERIFIED,TIER_A,LYRICS_ONLY,train
RMVM_S_00fa5b71b1,Trở Về Bên Chúa 2,Kiều Oanh Nguyễn,ART_75ff26f64c,OTHER,curated_out_of_taxonomy,0.9,Religious / Sacred spiritual Vietnamese music,,MISSING,,MISSING,,MISSING,,UNVERIFIED,TIER_B,NO_PHYSICAL_MODALITY,train
RMVM_S_4cf9201d43,Linh hồn tôi 8,Kiều Oanh Nguyễn,ART_75ff26f64c,OTHER,curated_out_of_taxonomy,0.9,Religious / Sacred spiritual Vietnamese music,,MISSING,,MISSING,,MISSING,,UNVERIFIED,TIER_B,NO_PHYSICAL_MODALITY,train
RMVM_S_74f650c51b,Bài Ca Trường Sơn,Quang Thọ,ART_a9ce8fc0ed,REVOLUTIONARY,deterministic_mapping,1.0,N/A (Standard 11 Taxonomy),,MISSING,data/lyrics/RMVM_S_74f650c51b.txt,AVAILABLE,,MISSING,,UNVERIFIED,TIER_A,LYRICS_ONLY,train
RMVM_S_f6bdd27247,Tạm Biệt Matxcova,Quang Thọ,ART_a9ce8fc0ed,POP_BALLAD,deterministic_mapping,1.0,N/A (Standard 11 Taxonomy),,MISSING,data/lyrics/RMVM_S_f6bdd27247.txt,AVAILABLE,,MISSING,,UNVERIFIED,TIER_A,LYRICS_ONLY,train
RMVM_MB_df73f5ba40,Tổ Quốc,Quang Thọ,ART_a9ce8fc0ed,REVOLUTIONARY,musicbrainz_artist_discography,0.85,N/A (Standard 11 Taxonomy),,MISSING,,MISSING,,MISSING,2001.0,VERIFIED,TIER_B,NO_PHYSICAL_MODALITY,train
RMVM_MB_9077c0ca01,Sông Lô,Quang Thọ,ART_a9ce8fc0ed,REVOLUTIONARY,musicbrainz_artist_discography,0.85,N/A (Standard 11 Taxonomy),,MISSING,,MISSING,,MISSING,2001.0,VERIFIED,TIER_B,NO_PHYSICAL_MODALITY,train
RMVM_MB_cfb1af0057,Ca ngợi Hồ Chủ Tịch,Quang Thọ,ART_a9ce8fc0ed,REVOLUTIONARY,musicbrainz_artist_discography,0.85,N/A (Standard 11 Taxonomy),,MISSING,,MISSING,,MISSING,2001.0,VERIFIED,TIER_B,NO_PHYSICAL_MODALITY,train
RMVM_MB_301d93adcb,Tổ quốc tôi chưa đẹp thế bao giờ,Quang Thọ,ART_a9ce8fc0ed,REVOLUTIONARY,musicbrainz_artist_discography,0.85,N/A (Standard 11 Taxonomy),,MISSING,,MISSING,,MISSING,2001.0,VERIFIED,TIER_B,NO_PHYSICAL_MODALITY,train
RMVM_MB_4250eaed59,Người là niềm tin tất thắng,Quang Thọ,ART_a9ce8fc0ed,REVOLUTIONARY,musicbrainz_artist_discography,0.85,N/A (Standard 11 Taxonomy),,MISSING,,MISSING,,MISSING,,UNVERIFIED,TIER_B,NO_PHYSICAL_MODALITY,train
RMVM_MB_9d20abd51e,Ta tự hào đi lên ôi Việt Nam!,Quang Thọ,ART_a9ce8fc0ed,REVOLUTIONARY,musicbrainz_artist_discography,0.85,N/A (Standard 11 Taxonomy),,MISSING,,MISSING,,MISSING,2001.0,VERIFIED,TIER_B,NO_PHYSICAL_MODALITY,train
RMVM_MB_83bb072e42,Lá đỏ,Quang Thọ,ART_a9ce8fc0ed,REVOLUTIONARY,musicbrainz_artist_discography,0.85,N/A (Standard 11 Taxonomy),,MISSING,,MISSING,,MISSING,1997.0,VERIFIED,TIER_B,NO_PHYSICAL_MODALITY,train
RMVM_MB_93e074ca79,Người chiến sỹ ấy,Quang Thọ,ART_a9ce8fc0ed,REVOLUTIONARY,musicbrainz_artist_discography,0.85,N/A (Standard 11 Taxonomy),,MISSING,,MISSING,,MISSING,2001.0,VERIFIED,TIER_B,NO_PHYSICAL_MODALITY,train
RMVM_MB_44e8f4f0c7,Tạm biệt Matxcơva,Quang Thọ,ART_a9ce8fc0ed,REVOLUTIONARY,musicbrainz_artist_discography,0.85,N/A (Standard 11 Taxonomy),,MISSING,,MISSING,,MISSING,2001.0,VERIFIED,TIER_B,NO_PHYSICAL_MODALITY,train
RMVM_MB_6598984bf6,Người Hà Nội,Quang Thọ,ART_a9ce8fc0ed,REVOLUTIONARY,musicbrainz_artist_discography,0.85,N/A (Standard 11 Taxonomy),,MISSING,,MISSING,,MISSING,2001.0,VERIFIED,TIER_B,NO_PHYSICAL_MODALITY,train
RMVM_MB_7fd09a70a8,Bình Trị Thiên khói lửa,Quang Thọ,ART_a9ce8fc0ed,REVOLUTIONARY,musicbrainz_artist_discography,0.85,N/A (Standard 11 Taxonomy),,MISSING,,MISSING,,MISSING,2001.0,VERIFIED,TIER_B,NO_PHYSICAL_MODALITY,train
RMVM_MB_0b2bc28e65,Tình ca,Quang Thọ,ART_a9ce8fc0ed,REVOLUTIONARY,musicbrainz_artist_discography,0.85,N/A (Standard 11 Taxonomy),,MISSING,,MISSING,,MISSING,2001.0,VERIFIED,TIER_B,NO_PHYSICAL_MODALITY,train
RMVM_MB_8bf7711154,Đất nước,Quang Thọ,ART_a9ce8fc0ed,REVOLUTIONARY,musicbrainz_artist_discography,0.85,N/A (Standard 11 Taxonomy),,MISSING,,MISSING,,MISSING,2001.0,VERIFIED,TIER_B,NO_PHYSICAL_MODALITY,train
RMVM_MB_b27e76b440,Bác đang cùng chúng cháu hành quân,Quang Thọ,ART_a9ce8fc0ed,REVOLUTIONARY,musicbrainz_artist_discography,0.85,N/A (Standard 11 Taxonomy),,MISSING,,MISSING,,MISSING,,UNVERIFIED,TIER_B,NO_PHYSICAL_MODALITY,train
RMVM_MB_c71bf06f23,Hãy đến với anh,Quang Thọ,ART_a9ce8fc0ed,REVOLUTIONARY,musicbrainz_artist_discography,0.85,N/A (Standard 11 Taxonomy),,MISSING,,MISSING,,MISSING,,UNVERIFIED,TIER_B,NO_PHYSICAL_MODALITY,train
RMVM_MB_471ab39dbf,Rose,Windrunner,ART_111ab1fdd2,ROCK,musicbrainz_artist_discography,0.85,N/A (Standard 11 Taxonomy),,MISSING,,MISSING,,MISSING,2018.0,VERIFIED,TIER_B,NO_PHYSICAL_MODALITY,train
RMVM_MB_bcb9d2acf5,Raven,Windrunner,ART_111ab1fdd2,ROCK,musicbrainz_artist_discography,0.85,N/A (Standard 11 Taxonomy),,MISSING,,MISSING,,MISSING,2022.0,VERIFIED,TIER_B,NO_PHYSICAL_MODALITY,train
RMVM_MB_86cf6399de,Cedar (Reimagined),Windrunner,ART_111ab1fdd2,ROCK,musicbrainz_artist_discography,0.85,N/A (Standard 11 Taxonomy),,MISSING,,MISSING,,MISSING,2019.0,VERIFIED,TIER_B,NO_PHYSICAL_MODALITY,train
RMVM_MB_e33c298906,Lotus (Reimagined),Windrunner,ART_111ab1fdd2,ROCK,musicbrainz_artist_discography,0.85,N/A (Standard 11 Taxonomy),,MISSING,,MISSING,,MISSING,2019.0,VERIFIED,TIER_B,NO_PHYSICAL_MODALITY,train
RMVM_MB_b49a41bb6b,Orchid (DA remix),Windrunner,ART_111ab1fdd2,ROCK,musicbrainz_artist_discography,0.85,N/A (Standard 11 Taxonomy),,MISSING,,MISSING,,MISSING,2019.0,VERIFIED,TIER_B,NO_PHYSICAL_MODALITY,train
RMVM_MB_d62fc30c64,Lavender,Windrunner,ART_111ab1fdd2,ROCK,musicbrainz_artist_discography,0.85,N/A (Standard 11 Taxonomy),,MISSING,,MISSING,,MISSING,2022.0,VERIFIED,TIER_B,NO_PHYSICAL_MODALITY,train
RMVM_S_37ae450cfa,Đứng Sau Người Em Yêu,Wind,ART_7e25b972e1,POP_BALLAD,deterministic_mapping,1.0,N/A (Standard 11 Taxonomy),,MISSING,data/lyrics/RMVM_S_37ae450cfa.txt,AVAILABLE,,MISSING,,UNVERIFIED,TIER_A,LYRICS_ONLY,train
RMVM_S_7103b49fcb,Khi Người Con Gái Cô Đơn,"GiGi Hương Giang, Andiez",ART_9eb9a27042,POP_BALLAD,deterministic_mapping,1.0,N/A (Standard 11 Taxonomy),,MISSING,data/lyrics/RMVM_S_7103b49fcb.txt,AVAILABLE,,MISSING,,UNVERIFIED,TIER_A,LYRICS_ONLY,train
RMVM_S_8abdc9107b,Ai Cũng Có Một Mối Tình Buồn,Vicky Nhung,ART_ed59bd9d6c,POP_BALLAD,deterministic_mapping,1.0,N/A (Standard 11 Taxonomy),,MISSING,data/lyrics/RMVM_S_8abdc9107b.txt,AVAILABLE,,MISSING,,UNVERIFIED,TIER_A,LYRICS_ONLY,train
RMVM_S_2b41d7b840,Bạn Hay Là Yêu,Vicky Nhung,ART_ed59bd9d6c,POP_BALLAD,deterministic_mapping,1.0,N/A (Standard 11 Taxonomy),,MISSING,data/lyrics/RMVM_S_2b41d7b840.txt,AVAILABLE,,MISSING,,UNVERIFIED,TIER_A,LYRICS_ONLY,train
RMVM_S_4c82add366,"Mashup: Giới Hạn Nào Cho Chúng Ta, Mắt Buồn, Chuyện Như Chưa Bắt Đầu, Anh Nhớ Em",Vicky Nhung,ART_ed59bd9d6c,POP_BALLAD,deterministic_mapping,1.0,N/A (Standard 11 Taxonomy),,MISSING,data/lyrics/RMVM_S_4c82add366.txt,AVAILABLE,,MISSING,,UNVERIFIED,TIER_A,LYRICS_ONLY,train
RMVM_S_bcc72f7c25,Ăn Đi Đừng Sợ,Vicky Nhung,ART_ed59bd9d6c,POP_BALLAD,deterministic_mapping,1.0,N/A (Standard 11 Taxonomy),,MISSING,data/lyrics/RMVM_S_bcc72f7c25.txt,AVAILABLE,,MISSING,,UNVERIFIED,TIER_A,LYRICS_ONLY,train
RMVM_S_c5f18dc48c,Đà Lạt Của Chúng Ta,Vicky Nhung,ART_ed59bd9d6c,POP_BALLAD,deterministic_mapping,1.0,N/A (Standard 11 Taxonomy),,MISSING,data/lyrics/RMVM_S_c5f18dc48c.txt,AVAILABLE,,MISSING,,UNVERIFIED,TIER_A,LYRICS_ONLY,train
RMVM_S_dac11a64fe,Gánh Chè Đêm Của Mẹ,Phương Mỹ Chi,ART_9dad669896,BOLERO_TRUTINH,deterministic_mapping,1.0,N/A (Standard 11 Taxonomy),,MISSING,data/lyrics/RMVM_S_dac11a64fe.txt,AVAILABLE,,MISSING,,UNVERIFIED,TIER_A,LYRICS_ONLY,train
RMVM_S_9a935af4fb,Thế Giới Trong Anh,"APJ, ICM",ART_f920d6ed24,POP_BALLAD,deterministic_mapping,1.0,N/A (Standard 11 Taxonomy),,MISSING,data/lyrics/RMVM_S_9a935af4fb.txt,AVAILABLE,,MISSING,,UNVERIFIED,TIER_A,LYRICS_ONLY,train
RMVM_S_8d36c4404d,MƯA THÁNG SÁU (solo version),"Trung Quân, Hứa Kim Tuyền",ART_c07ee99465,POP_BALLAD,deterministic_mapping,1.0,N/A (Standard 11 Taxonomy),,MISSING,data/lyrics/RMVM_S_8d36c4404d.txt,AVAILABLE,,MISSING,,UNVERIFIED,TIER_A,LYRICS_ONLY,train
RMVM_S_d31b625bce,Bỏ Lỡ Nhau Rồi (Lofi Version),"Hải Nam, Freak D",ART_81288884ac,POP_BALLAD,deterministic_mapping,1.0,N/A (Standard 11 Taxonomy),,MISSING,data/lyrics/RMVM_S_d31b625bce.txt,AVAILABLE,,MISSING,,UNVERIFIED,TIER_A,LYRICS_ONLY,train
RMVM_S_f9ceb18f5c,Thăng Hạng Tự Tin,"OSAD, Miu Lê",ART_472297620f,POP_BALLAD,deterministic_mapping,1.0,N/A (Standard 11 Taxonomy),,MISSING,data/lyrics/RMVM_S_f9ceb18f5c.txt,AVAILABLE,,MISSING,,UNVERIFIED,TIER_A,LYRICS_ONLY,train
RMVM_S_e91d26b1c1,Đến Gần Em,"Shay N, Sọp",ART_af5297b7d2,POP_BALLAD,deterministic_mapping,1.0,N/A (Standard 11 Taxonomy),,MISSING,data/lyrics/RMVM_S_e91d26b1c1.txt,AVAILABLE,,MISSING,,UNVERIFIED,TIER_A,LYRICS_ONLY,train
RMVM_S_258295bc18,Mong Gặp Lại Em,Đông Duy,ART_4aff1e5096,POP_BALLAD,deterministic_mapping,1.0,N/A (Standard 11 Taxonomy),,MISSING,data/lyrics/RMVM_S_258295bc18.txt,AVAILABLE,,MISSING,,UNVERIFIED,TIER_A,LYRICS_ONLY,train
RMVM_S_09230b98a6,Yêu Nhiều Để Làm Gì,Hồ Văn Hơi,ART_1898989f2e,POP_BALLAD,deterministic_mapping,1.0,N/A (Standard 11 Taxonomy),,MISSING,data/lyrics/RMVM_S_09230b98a6.txt,AVAILABLE,,MISSING,,UNVERIFIED,TIER_A,LYRICS_ONLY,train
RMVM_S_6209e133eb,Xin Anh Đừng,"Huyền Cadie, Lê Trần Media",ART_66f275c231,POP_BALLAD,deterministic_mapping,1.0,N/A (Standard 11 Taxonomy),,MISSING,data/lyrics/RMVM_S_6209e133eb.txt,AVAILABLE,,MISSING,,UNVERIFIED,TIER_A,LYRICS_ONLY,train
RMVM_S_8decaa8a8e,Mắt Em Khi Cười,Teddy,ART_962b2d2b8e,POP_BALLAD,deterministic_mapping,1.0,N/A (Standard 11 Taxonomy),,MISSING,data/lyrics/RMVM_S_8decaa8a8e.txt,AVAILABLE,,MISSING,,UNVERIFIED,TIER_A,LYRICS_ONLY,train
RMVM_S_f57ca73564,Liều Thuốc Cho Tình Yêu,Boo Phan,ART_106a39a375,POP_BALLAD,deterministic_mapping,1.0,N/A (Standard 11 Taxonomy),,MISSING,data/lyrics/RMVM_S_f57ca73564.txt,AVAILABLE,,MISSING,,UNVERIFIED,TIER_A,LYRICS_ONLY,train
RMVM_S_07e67e9de4,Mashup Vì Sao Trong Lòng Tôi – Những Lời Dối Gian (Live Version),"Khải Đăng, Orange",ART_a57983e4e5,POP_BALLAD,deterministic_mapping,1.0,N/A (Standard 11 Taxonomy),,MISSING,data/lyrics/RMVM_S_07e67e9de4.txt,AVAILABLE,,MISSING,,UNVERIFIED,TIER_A,LYRICS_ONLY,train
RMVM_S_449b5c30a8,Tết Là Đây Chứ Đâu,"Orange, Seachains",ART_e2149abd07,POP_BALLAD,deterministic_mapping,1.0,N/A (Standard 11 Taxonomy),,MISSING,data/lyrics/RMVM_S_449b5c30a8.txt,AVAILABLE,,MISSING,,UNVERIFIED,TIER_A,LYRICS_ONLY,train
RMVM_S_a5e2ef90ef,Anh Sai Nhiều Lắm,Thanh Cường,ART_395b3dae63,POP_BALLAD,deterministic_mapping,1.0,N/A (Standard 11 Taxonomy),,MISSING,data/lyrics/RMVM_S_a5e2ef90ef.txt,AVAILABLE,,MISSING,,UNVERIFIED,TIER_A,LYRICS_ONLY,train
RMVM_S_242ee3ba10,Hừng Đông (In Da Club),Hồ Ngọc Hà,ART_061d531256,POP_BALLAD,deterministic_mapping,1.0,N/A (Standard 11 Taxonomy),,MISSING,data/lyrics/RMVM_S_242ee3ba10.txt,AVAILABLE,data/covers/RMVM_S_242ee3ba10.jpg,AVAILABLE,,UNVERIFIED,TIER_A,LYRICS_COVER,train
RMVM_S_e60f95234d,Chợt Nhớ Về Anh (Studio Session),Hồ Ngọc Hà,ART_061d531256,POP_BALLAD,deterministic_mapping,1.0,N/A (Standard 11 Taxonomy),,MISSING,data/lyrics/RMVM_S_e60f95234d.txt,AVAILABLE,,MISSING,,UNVERIFIED,TIER_A,LYRICS_ONLY,train
RMVM_S_71551814f3,0 AI NGHĨ,Wxrdie,ART_07303e4c1c,POP_BALLAD,deterministic_mapping,1.0,N/A (Standard 11 Taxonomy),,MISSING,data/lyrics/RMVM_S_71551814f3.txt,AVAILABLE,,MISSING,,UNVERIFIED,TIER_A,LYRICS_ONLY,train
RMVM_S_3ebaeabc6c,Câu Hát Tình Quê,Hải Triều,ART_d28cadc977,FOLK_TRADITIONAL,deterministic_mapping,0.85,N/A (Standard 11 Taxonomy),,MISSING,,MISSING,,MISSING,,UNVERIFIED,TIER_B,NO_PHYSICAL_MODALITY,train
RMVM_S_e7f77b8242,Bé Tập Làm Người Mẫu,Bé Ruby,ART_152a551d34,CHILDREN,deterministic_mapping,1.0,N/A (Standard 11 Taxonomy),,MISSING,data/lyrics/RMVM_S_e7f77b8242.txt,AVAILABLE,,MISSING,,UNVERIFIED,TIER_A,LYRICS_ONLY,train
RMVM_S_7e4d0f348b,Giang Hải Không Độ Nàng (Cover),"Kiều Thơ Mellow, DinhLong",ART_a7b3420617,POP_BALLAD,deterministic_mapping,1.0,N/A (Standard 11 Taxonomy),,MISSING,data/lyrics/RMVM_S_7e4d0f348b.txt,AVAILABLE,data/covers/RMVM_S_7e4d0f348b.jpg,AVAILABLE,,UNVERIFIED,TIER_A,LYRICS_COVER,train
RMVM_S_e82f049ffd,Khi Giấc Mơ Về,Đinh Quang Minh,ART_7cd66bad3c,INSTRUMENTAL,source_tag_verification,0.85,N/A (Standard 11 Taxonomy),,MISSING,,MISSING,data/covers/RMVM_S_e82f049ffd.jpg,AVAILABLE,,UNVERIFIED,TIER_B,COVER_ONLY,train
RMVM_S_82795a500e,Bác Đang Cùng Chúng Cháu Hành Quân,"Quang Thọ, Trọng Thủy",ART_901fb3465c,REVOLUTIONARY,provenance_metadata_verification,0.85,N/A (Standard 11 Taxonomy),,MISSING,data/lyrics/RMVM_S_82795a500e.txt,AVAILABLE,,MISSING,,UNVERIFIED,TIER_B,LYRICS_ONLY,train
RMVM_S_f5d0975da9,Tình Yêu Màu Nắng (Lofi),"Juky San, Orinn",ART_8815da654f,POP_BALLAD,deterministic_mapping,1.0,N/A (Standard 11 Taxonomy),,MISSING,data/lyrics/RMVM_S_f5d0975da9.txt,AVAILABLE,,MISSING,,UNVERIFIED,TIER_A,LYRICS_ONLY,train
RMVM_S_84efadf691,Đơn Côi Tình Đời,Phan Đăng Hưng,ART_59f63fbfed,BOLERO_TRUTINH,deterministic_mapping,1.0,N/A (Standard 11 Taxonomy),,MISSING,data/lyrics/RMVM_S_84efadf691.txt,AVAILABLE,,MISSING,,UNVERIFIED,TIER_A,LYRICS_ONLY,train
RMVM_S_1722cbcc39,Đi Về Đâu Hỡi Em (Biểu diễn trực tiếp),Don Hồ,ART_7a15955a82,BOLERO_TRUTINH,deterministic_mapping,1.0,N/A (Standard 11 Taxonomy),,MISSING,,MISSING,,MISSING,,UNVERIFIED,TIER_A,NO_PHYSICAL_MODALITY,train
RMVM_S_45bb817f74,Phiến Đá Sầu,Don Hồ,ART_7a15955a82,INSTRUMENTAL,source_tag_verification,0.85,N/A (Standard 11 Taxonomy),,MISSING,data/lyrics/RMVM_S_45bb817f74.txt,AVAILABLE,,MISSING,,UNVERIFIED,TIER_B,LYRICS_ONLY,train
RMVM_S_9c18d7c6b4,Ánh Trăng Tan,Don Hồ,ART_7a15955a82,INSTRUMENTAL,source_tag_verification,0.85,N/A (Standard 11 Taxonomy),,MISSING,data/lyrics/RMVM_S_9c18d7c6b4.txt,AVAILABLE,,MISSING,,UNVERIFIED,TIER_B,LYRICS_ONLY,train
RMVM_S_68b45b3b1b,Giáng Sinh Kỷ Niệm,Don Hồ,ART_7a15955a82,INSTRUMENTAL,source_tag_verification,0.85,N/A (Standard 11 Taxonomy),,MISSING,data/lyrics/RMVM_S_68b45b3b1b.txt,AVAILABLE,,MISSING,,UNVERIFIED,TIER_B,LYRICS_ONLY,train
RMVM_S_aa765e8035,Chết Trong Vòng Tay Em,Don Hồ,ART_7a15955a82,INSTRUMENTAL,source_tag_verification,0.85,N/A (Standard 11 Taxonomy),,MISSING,data/lyrics/RMVM_S_aa765e8035.txt,AVAILABLE,,MISSING,,UNVERIFIED,TIER_B,LYRICS_ONLY,train
RMVM_S_f8400d8633,Mơ Về Một Đêm Giáng Sinh,Don Hồ,ART_7a15955a82,INSTRUMENTAL,source_tag_verification,0.85,N/A (Standard 11 Taxonomy),,MISSING,data/lyrics/RMVM_S_f8400d8633.txt,AVAILABLE,,MISSING,,UNVERIFIED,TIER_B,LYRICS_ONLY,train
RMVM_S_531580bd0a,Hãy Thêm Một Lần,Don Hồ,ART_7a15955a82,INSTRUMENTAL,source_tag_verification,0.85,N/A (Standard 11 Taxonomy),,MISSING,data/lyrics/RMVM_S_531580bd0a.txt,AVAILABLE,,MISSING,,UNVERIFIED,TIER_B,LYRICS_ONLY,train
RMVM_S_383e02b7f4,Hạnh Phúc Nửa Vời,Don Hồ,ART_7a15955a82,INSTRUMENTAL,source_tag_verification,0.85,N/A (Standard 11 Taxonomy),,MISSING,data/lyrics/RMVM_S_383e02b7f4.txt,AVAILABLE,,MISSING,,UNVERIFIED,TIER_B,LYRICS_ONLY,train
RMVM_S_d8ece71f1f,Vườn Yêu,Don Hồ,ART_7a15955a82,INSTRUMENTAL,source_tag_verification,0.85,N/A (Standard 11 Taxonomy),,MISSING,data/lyrics/RMVM_S_d8ece71f1f.txt,AVAILABLE,,MISSING,,UNVERIFIED,TIER_B,LYRICS_ONLY,train
RMVM_S_8ce1305346,Cho Đêm Không Còn Buồn,Don Hồ,ART_7a15955a82,INSTRUMENTAL,source_tag_verification,0.85,N/A (Standard 11 Taxonomy),,MISSING,data/lyrics/RMVM_S_8ce1305346.txt,AVAILABLE,,MISSING,,UNVERIFIED,TIER_B,LYRICS_ONLY,train
RMVM_S_ce2e1ed0ed,Khúc Nhạc Buồn,Don Hồ,ART_7a15955a82,INSTRUMENTAL,source_tag_verification,0.85,N/A (Standard 11 Taxonomy),,MISSING,data/lyrics/RMVM_S_ce2e1ed0ed.txt,AVAILABLE,,MISSING,,UNVERIFIED,TIER_B,LYRICS_ONLY,train
RMVM_S_8bb398ba7f,Người Tình Trong Mộng,Don Hồ,ART_7a15955a82,INSTRUMENTAL,source_tag_verification,0.85,N/A (Standard 11 Taxonomy),,MISSING,data/lyrics/RMVM_S_8bb398ba7f.txt,AVAILABLE,,MISSING,,UNVERIFIED,TIER_B,LYRICS_ONLY,train
RMVM_S_3cf42a724d,Nụ Cười Em Ngày Đó,Don Hồ,ART_7a15955a82,INSTRUMENTAL,source_tag_verification,0.85,N/A (Standard 11 Taxonomy),,MISSING,data/lyrics/RMVM_S_3cf42a724d.txt,AVAILABLE,,MISSING,,UNVERIFIED,TIER_B,LYRICS_ONLY,train
RMVM_S_8ce708cf0c,Biết Nói Thế Nào,Don Hồ,ART_7a15955a82,INSTRUMENTAL,source_tag_verification,0.85,N/A (Standard 11 Taxonomy),,MISSING,data/lyrics/RMVM_S_8ce708cf0c.txt,AVAILABLE,,MISSING,,UNVERIFIED,TIER_B,LYRICS_ONLY,train
RMVM_S_ba085eb3df,Ngày Đẹp Trời Ngày Anh Có Em,GMEZ,ART_0a198681de,POP_BALLAD,deterministic_mapping,1.0,N/A (Standard 11 Taxonomy),,MISSING,,MISSING,data/covers/RMVM_S_ba085eb3df.jpg,AVAILABLE,,UNVERIFIED,TIER_A,COVER_ONLY,train
RMVM_S_ea8c00d1d1,Anh Yêu Nụ Cười Ấy,An Vũ,ART_d1ce273e32,POP_BALLAD,deterministic_mapping,1.0,N/A (Standard 11 Taxonomy),,MISSING,data/lyrics/RMVM_S_ea8c00d1d1.txt,AVAILABLE,,MISSING,,UNVERIFIED,TIER_A,LYRICS_ONLY,train
RMVM_S_6de1fbfe86,Bến Sông Buồn (Cha Cha Cha),"Ngọc Hân, Văn Hương, CT",ART_bc494aa1d1,POP_BALLAD,deterministic_mapping,1.0,N/A (Standard 11 Taxonomy),,MISSING,,MISSING,data/covers/RMVM_S_6de1fbfe86.jpg,AVAILABLE,,UNVERIFIED,TIER_A,COVER_ONLY,train
RMVM_S_133f328267,Dứt Đường Tơ,Út Bạch Lan,ART_752310c2d7,FOLK_TRADITIONAL,deterministic_mapping,1.0,N/A (Standard 11 Taxonomy),,MISSING,data/lyrics/RMVM_S_133f328267.txt,AVAILABLE,,MISSING,,UNVERIFIED,TIER_A,LYRICS_ONLY,train
RMVM_S_5533f9dc15,Chấp Nhận,Tứ Hải Giai Huynh Đệ,ART_3deb49358d,POP_BALLAD,deterministic_mapping,1.0,N/A (Standard 11 Taxonomy),,MISSING,,MISSING,data/covers/RMVM_S_5533f9dc15.jpg,AVAILABLE,,UNVERIFIED,TIER_A,COVER_ONLY,train
RMVM_S_478db4f351,Mất điện,Nam Thế Giới,ART_6aff7c86a0,ROCK,deterministic_mapping,1.0,N/A (Standard 11 Taxonomy),,MISSING,data/lyrics/RMVM_S_478db4f351.txt,AVAILABLE,,MISSING,,UNVERIFIED,TIER_A,LYRICS_ONLY,train
RMVM_S_5c0113ce1e,Anh Thấy (Interlude),Wren Evans,ART_76f842bb32,POP_BALLAD,deterministic_mapping,1.0,N/A (Standard 11 Taxonomy),,MISSING,data/lyrics/RMVM_S_5c0113ce1e.txt,AVAILABLE,,MISSING,,UNVERIFIED,TIER_A,LYRICS_ONLY,train
RMVM_MB_d7a6677ad3,Để Ý,Wren Evans,ART_76f842bb32,RB_SOUL,musicbrainz_artist_discography,0.85,N/A (Standard 11 Taxonomy),,MISSING,,MISSING,,MISSING,2024.0,VERIFIED,TIER_B,NO_PHYSICAL_MODALITY,train
RMVM_MB_95d8e1adfe,Call Me,Wren Evans,ART_76f842bb32,RB_SOUL,musicbrainz_artist_discography,0.85,N/A (Standard 11 Taxonomy),,MISSING,,MISSING,,MISSING,2023.0,VERIFIED,TIER_B,NO_PHYSICAL_MODALITY,train
RMVM_MB_2fbbae8b53,I Just Wanna Know,Wren Evans,ART_76f842bb32,RB_SOUL,musicbrainz_artist_discography,0.85,N/A (Standard 11 Taxonomy),,MISSING,,MISSING,,MISSING,2021.0,VERIFIED,TIER_B,NO_PHYSICAL_MODALITY,train
RMVM_MB_0a7347b3c4,Thích Em Hơi Nhiều,Wren Evans,ART_76f842bb32,RB_SOUL,musicbrainz_artist_discography,0.85,N/A (Standard 11 Taxonomy),,MISSING,,MISSING,,MISSING,2021.0,VERIFIED,TIER_B,NO_PHYSICAL_MODALITY,train
RMVM_MB_4ebd560d89,Gặp May,Wren Evans,ART_76f842bb32,RB_SOUL,musicbrainz_artist_discography,0.85,N/A (Standard 11 Taxonomy),,MISSING,,MISSING,,MISSING,2022.0,VERIFIED,TIER_B,NO_PHYSICAL_MODALITY,train
RMVM_MB_747ad780d1,Cơn Đau,Wren Evans,ART_76f842bb32,RB_SOUL,musicbrainz_artist_discography,0.85,N/A (Standard 11 Taxonomy),,MISSING,,MISSING,,MISSING,2022.0,VERIFIED,TIER_B,NO_PHYSICAL_MODALITY,train
RMVM_MB_c2efb82adb,TỪNG QUEN,Wren Evans,ART_76f842bb32,RB_SOUL,musicbrainz_artist_discography,0.85,N/A (Standard 11 Taxonomy),,MISSING,,MISSING,,MISSING,2023.0,VERIFIED,TIER_B,NO_PHYSICAL_MODALITY,train
RMVM_MB_0db8b75bbd,Cầu Vĩnh Tuy,Wren Evans,ART_76f842bb32,RB_SOUL,musicbrainz_artist_discography,0.85,N/A (Standard 11 Taxonomy),,MISSING,,MISSING,,MISSING,2024.0,VERIFIED,TIER_B,NO_PHYSICAL_MODALITY,train
RMVM_S_317ead6c97,Giáng Sinh Tự Tình,Diệu Hiền,ART_fa39baeecb,BOLERO_TRUTINH,deterministic_mapping,1.0,N/A (Standard 11 Taxonomy),,MISSING,data/lyrics/RMVM_S_317ead6c97.txt,AVAILABLE,,MISSING,,UNVERIFIED,TIER_A,LYRICS_ONLY,train
RMVM_S_a7f9a5eeab,Cửa Hẹp,Diệu Hiền,ART_fa39baeecb,BOLERO_TRUTINH,deterministic_mapping,1.0,N/A (Standard 11 Taxonomy),,MISSING,data/lyrics/RMVM_S_a7f9a5eeab.txt,AVAILABLE,,MISSING,,UNVERIFIED,TIER_A,LYRICS_ONLY,train
RMVM_S_1ccd942f81,Tôi Tin GiêSu,Diệu Hiền,ART_fa39baeecb,BOLERO_TRUTINH,deterministic_mapping,1.0,N/A (Standard 11 Taxonomy),,MISSING,data/lyrics/RMVM_S_1ccd942f81.txt,AVAILABLE,,MISSING,,UNVERIFIED,TIER_A,LYRICS_ONLY,train
RMVM_S_1d6d161189,Ma Sơ Hiền Của Tôi,Diệu Hiền,ART_fa39baeecb,BOLERO_TRUTINH,deterministic_mapping,1.0,N/A (Standard 11 Taxonomy),,MISSING,data/lyrics/RMVM_S_1d6d161189.txt,AVAILABLE,,MISSING,,UNVERIFIED,TIER_A,LYRICS_ONLY,train
RMVM_MB_2e2e3f17f1,Chàm Islands,Hoàng Tuấn,ART_5ab8ba158a,INSTRUMENTAL,musicbrainz_artist_discography,0.85,N/A (Standard 11 Taxonomy),,MISSING,,MISSING,,MISSING,2025.0,VERIFIED,TIER_B,NO_PHYSICAL_MODALITY,train
RMVM_MB_ddb5253536,Đông Ba Market,Hoàng Tuấn,ART_5ab8ba158a,INSTRUMENTAL,musicbrainz_artist_discography,0.85,N/A (Standard 11 Taxonomy),,MISSING,,MISSING,,MISSING,2025.0,VERIFIED,TIER_B,NO_PHYSICAL_MODALITY,train
RMVM_S_080468fe18,11 tháng 5 ngày,Nguyễn Đặng Châu Anh,ART_be063fcd9f,POP_BALLAD,deterministic_mapping,1.0,N/A (Standard 11 Taxonomy),,MISSING,data/lyrics/RMVM_S_080468fe18.txt,AVAILABLE,,MISSING,,UNVERIFIED,TIER_A,LYRICS_ONLY,train
RMVM_S_6b0b88a7fd,Chúng Ta Cô Đơn Nhỉ,"SG Prider, Nguyễn Hồng Giang",ART_c646d8c89e,POP_BALLAD,deterministic_mapping,1.0,N/A (Standard 11 Taxonomy),,MISSING,data/lyrics/RMVM_S_6b0b88a7fd.txt,AVAILABLE,,MISSING,,UNVERIFIED,TIER_A,LYRICS_ONLY,train
RMVM_S_d4dcebca68,Ngoại Già Xì Teen,Hoàng Tuấn Minh,ART_e8d638b680,BOLERO_TRUTINH,deterministic_mapping,1.0,N/A (Standard 11 Taxonomy),,MISSING,data/lyrics/RMVM_S_d4dcebca68.txt,AVAILABLE,,MISSING,,UNVERIFIED,TIER_A,LYRICS_ONLY,train
RMVM_S_64a99c4f40,Dâng Mẹ Quan Thế Âm,Hoàng Tuấn Minh,ART_e8d638b680,OTHER,curated_out_of_taxonomy,0.9,Religious / Sacred spiritual Vietnamese music,,MISSING,,MISSING,,MISSING,,UNVERIFIED,TIER_B,NO_PHYSICAL_MODALITY,train
RMVM_S_4c9e27853c,Đừng Lừa Dối Nhau,Ý Lan,ART_47ad458977,POP_BALLAD,deterministic_mapping,1.0,N/A (Standard 11 Taxonomy),,MISSING,data/lyrics/RMVM_S_4c9e27853c.txt,AVAILABLE,,MISSING,,UNVERIFIED,TIER_A,LYRICS_ONLY,train
RMVM_S_a7b8c3bb1b,Trong Nỗi Nhớ Muộn Màng,Ý Lan,ART_47ad458977,INSTRUMENTAL,source_tag_verification,0.85,N/A (Standard 11 Taxonomy),,MISSING,data/lyrics/RMVM_S_a7b8c3bb1b.txt,AVAILABLE,,MISSING,,UNVERIFIED,TIER_B,LYRICS_ONLY,train
RMVM_MB_83b1f242a4,Người Lữ Hành Trong Mưa,Ý Lan,ART_47ad458977,NHAC_TRINH,musicbrainz_artist_discography,0.85,N/A (Standard 11 Taxonomy),,MISSING,,MISSING,,MISSING,1995.0,VERIFIED,TIER_B,NO_PHYSICAL_MODALITY,train
RMVM_MB_8d7e987126,Tình,Ý Lan,ART_47ad458977,NHAC_TRINH,musicbrainz_artist_discography,0.85,N/A (Standard 11 Taxonomy),,MISSING,,MISSING,,MISSING,1995.0,VERIFIED,TIER_B,NO_PHYSICAL_MODALITY,train
RMVM_MB_4c3d6c561a,Bên đời hiu quạnh,Ý Lan,ART_47ad458977,NHAC_TRINH,musicbrainz_artist_discography,0.85,N/A (Standard 11 Taxonomy),,MISSING,,MISSING,,MISSING,,UNVERIFIED,TIER_B,NO_PHYSICAL_MODALITY,train
RMVM_MB_6698449515,Về thăm mái trường xưa,Ý Lan,ART_47ad458977,NHAC_TRINH,musicbrainz_artist_discography,0.85,N/A (Standard 11 Taxonomy),,MISSING,,MISSING,,MISSING,1992.0,VERIFIED,TIER_B,NO_PHYSICAL_MODALITY,train
RMVM_MB_222c762868,Tình Kỹ Nữ,Ý Lan,ART_47ad458977,NHAC_TRINH,musicbrainz_artist_discography,0.85,N/A (Standard 11 Taxonomy),,MISSING,,MISSING,,MISSING,1998.0,VERIFIED,TIER_B,NO_PHYSICAL_MODALITY,train
RMVM_MB_dd3e8a2c43,Yêu dại khờ,Ý Lan,ART_47ad458977,NHAC_TRINH,musicbrainz_artist_discography,0.85,N/A (Standard 11 Taxonomy),,MISSING,,MISSING,,MISSING,,UNVERIFIED,TIER_B,NO_PHYSICAL_MODALITY,train
RMVM_MB_46eda9ca7b,Ở trọ,Ý Lan,ART_47ad458977,NHAC_TRINH,musicbrainz_artist_discography,0.85,N/A (Standard 11 Taxonomy),,MISSING,,MISSING,,MISSING,1991.0,VERIFIED,TIER_B,NO_PHYSICAL_MODALITY,train
RMVM_MB_79d2e41f56,Gái xuân,Ý Lan,ART_47ad458977,NHAC_TRINH,musicbrainz_artist_discography,0.85,N/A (Standard 11 Taxonomy),,MISSING,,MISSING,,MISSING,2014.0,VERIFIED,TIER_B,NO_PHYSICAL_MODALITY,train
RMVM_S_0a4dcbe397,BIẾT ĐÂU BẤT NGỜ,T-Flow,ART_7b060f5026,POP_BALLAD,deterministic_mapping,1.0,N/A (Standard 11 Taxonomy),,MISSING,data/lyrics/RMVM_S_0a4dcbe397.txt,AVAILABLE,,MISSING,,UNVERIFIED,TIER_A,LYRICS_ONLY,train
RMVM_S_44ec610f09,LK Cánh Thiệp Hồng Ngang Trái,"Hoàng Như Ngọc, Cao Phi Long",ART_c7946223ef,BOLERO_TRUTINH,deterministic_mapping,1.0,N/A (Standard 11 Taxonomy),,MISSING,,MISSING,data/covers/RMVM_S_44ec610f09.jpg,AVAILABLE,,UNVERIFIED,TIER_A,COVER_ONLY,train
RMVM_S_f6d301f202,Lk Nước Cuốn Hoa Trôi & Tình Nàng La Lan,Như Quỳnh,ART_6fdf755d8a,INSTRUMENTAL,source_tag_verification,0.85,N/A (Standard 11 Taxonomy),,MISSING,,MISSING,data/covers/RMVM_S_f6d301f202.jpg,AVAILABLE,,UNVERIFIED,TIER_B,COVER_ONLY,train
RMVM_S_34522c6718,Ba Mẹ Quê,Như Quỳnh,ART_6fdf755d8a,INSTRUMENTAL,source_tag_verification,0.85,N/A (Standard 11 Taxonomy),,MISSING,data/lyrics/RMVM_S_34522c6718.txt,AVAILABLE,,MISSING,,UNVERIFIED,TIER_B,LYRICS_ONLY,train
RMVM_S_bdc35bd3f1,LK Cánh Hoa Yêu – Màu Tím Pensee,Như Quỳnh,ART_6fdf755d8a,BOLERO_TRUTINH,deterministic_mapping,1.0,N/A (Standard 11 Taxonomy),,MISSING,data/lyrics/RMVM_S_bdc35bd3f1.txt,AVAILABLE,,MISSING,,UNVERIFIED,TIER_A,LYRICS_ONLY,train
RMVM_S_59fc06bca8,Màu Hoa Kỷ Niệm,Như Quỳnh,ART_6fdf755d8a,INSTRUMENTAL,source_tag_verification,0.85,N/A (Standard 11 Taxonomy),,MISSING,data/lyrics/RMVM_S_59fc06bca8.txt,AVAILABLE,,MISSING,,UNVERIFIED,TIER_B,LYRICS_ONLY,train
RMVM_S_fb873ee8ff,Hãy Nói Lời Yêu Anh,Như Quỳnh,ART_6fdf755d8a,INSTRUMENTAL,source_tag_verification,0.85,N/A (Standard 11 Taxonomy),,MISSING,data/lyrics/RMVM_S_fb873ee8ff.txt,AVAILABLE,,MISSING,,UNVERIFIED,TIER_B,LYRICS_ONLY,train
RMVM_S_3c834b6742,"Dòng Sông Quê Anh, Dòng Sông Quê Em (From ""Những Ân Tình Xưa"")","NSND Thanh Hoa, NSƯT Đức Long",ART_e10d932ddb,BOLERO_TRUTINH,deterministic_mapping,1.0,N/A (Standard 11 Taxonomy),,MISSING,,MISSING,data/covers/RMVM_S_3c834b6742.jpg,AVAILABLE,,UNVERIFIED,TIER_A,COVER_ONLY,train
RMVM_S_7cc1ecf863,Phai Phôi,"KHOA, NVM, MTK",ART_edb98c6f54,POP_BALLAD,deterministic_mapping,1.0,N/A (Standard 11 Taxonomy),,MISSING,data/lyrics/RMVM_S_7cc1ecf863.txt,AVAILABLE,,MISSING,,UNVERIFIED,TIER_A,LYRICS_ONLY,train
RMVM_S_65eaf3fe5f,6 Cô Gái Bạn Có Thể Sẽ Hẹn Hò Ở Đại Học,Haisam,ART_befec50940,POP_BALLAD,deterministic_mapping,1.0,N/A (Standard 11 Taxonomy),,MISSING,data/lyrics/RMVM_S_65eaf3fe5f.txt,AVAILABLE,,MISSING,,UNVERIFIED,TIER_A,LYRICS_ONLY,train
RMVM_S_d49687ccac,Muốn Hát Em Nghe,"NamD, Tuyền, Trang Phan",ART_46a6ad1608,POP_BALLAD,deterministic_mapping,1.0,N/A (Standard 11 Taxonomy),,MISSING,data/lyrics/RMVM_S_d49687ccac.txt,AVAILABLE,,MISSING,,UNVERIFIED,TIER_A,LYRICS_ONLY,train
RMVM_S_5c0463142b,Mãi Chẳng Thuộc Về Nhau,Bozitt,ART_c134d56ec9,POP_BALLAD,deterministic_mapping,1.0,N/A (Standard 11 Taxonomy),,MISSING,data/lyrics/RMVM_S_5c0463142b.txt,AVAILABLE,,MISSING,,UNVERIFIED,TIER_A,LYRICS_ONLY,train
RMVM_S_d195b0f72d,Đau Nhất Là Yêu Nhiều Hơn,Bozitt,ART_c134d56ec9,POP_BALLAD,deterministic_mapping,1.0,N/A (Standard 11 Taxonomy),,MISSING,data/lyrics/RMVM_S_d195b0f72d.txt,AVAILABLE,,MISSING,,UNVERIFIED,TIER_A,LYRICS_ONLY,train
RMVM_S_515f85806e,Cứ Thế Lặng Im,Bozitt,ART_c134d56ec9,RAP_HIPHOP,deterministic_mapping,1.0,N/A (Standard 11 Taxonomy),,MISSING,data/lyrics/RMVM_S_515f85806e.txt,AVAILABLE,,MISSING,,UNVERIFIED,TIER_A,LYRICS_ONLY,train
RMVM_S_edbcd04e6e,Đời Chưa Hồi Kết,"Danh Tuấn Trung, Lâm Hùng",ART_16a0b5afa6,POP_BALLAD,deterministic_mapping,1.0,N/A (Standard 11 Taxonomy),,MISSING,data/lyrics/RMVM_S_edbcd04e6e.txt,AVAILABLE,,MISSING,,UNVERIFIED,TIER_A,LYRICS_ONLY,train
RMVM_S_cfae3b66cc,Giá Như Anh Lặng Im,Chubby,ART_66d7a62403,POP_BALLAD,deterministic_mapping,1.0,N/A (Standard 11 Taxonomy),,MISSING,data/lyrics/RMVM_S_cfae3b66cc.txt,AVAILABLE,,MISSING,,UNVERIFIED,TIER_A,LYRICS_ONLY,train
RMVM_S_cf96d060c4,Liên Khúc Cưới Nhạc Sống,"Diễm Hân, Đình Nguyên",ART_af1e445342,BOLERO_TRUTINH,deterministic_mapping,1.0,N/A (Standard 11 Taxonomy),,MISSING,data/lyrics/RMVM_S_cf96d060c4.txt,AVAILABLE,,MISSING,,UNVERIFIED,TIER_A,LYRICS_ONLY,train
RMVM_MB_2bf2ba934b,King,Binz,ART_fca6de2907,RAP_HIPHOP,musicbrainz_artist_discography,0.85,N/A (Standard 11 Taxonomy),,MISSING,,MISSING,,MISSING,2026.0,VERIFIED,TIER_B,NO_PHYSICAL_MODALITY,train
RMVM_MB_2fc870c88c,Overture,Binz,ART_fca6de2907,RAP_HIPHOP,musicbrainz_artist_discography,0.85,N/A (Standard 11 Taxonomy),,MISSING,,MISSING,,MISSING,2023.0,VERIFIED,TIER_B,NO_PHYSICAL_MODALITY,train
RMVM_MB_feb2733c23,Bao Giờ Mới Nói,Binz,ART_fca6de2907,RAP_HIPHOP,musicbrainz_artist_discography,0.85,N/A (Standard 11 Taxonomy),,MISSING,,MISSING,,MISSING,2026.0,VERIFIED,TIER_B,NO_PHYSICAL_MODALITY,train
RMVM_MB_ee7dde204b,Con Nít,Binz,ART_fca6de2907,RAP_HIPHOP,musicbrainz_artist_discography,0.85,N/A (Standard 11 Taxonomy),,MISSING,,MISSING,,MISSING,2026.0,VERIFIED,TIER_B,NO_PHYSICAL_MODALITY,train
RMVM_MB_f6588bda2e,Men Cry,Binz,ART_fca6de2907,RAP_HIPHOP,musicbrainz_artist_discography,0.85,N/A (Standard 11 Taxonomy),,MISSING,,MISSING,,MISSING,2024.0,VERIFIED,TIER_B,NO_PHYSICAL_MODALITY,train
RMVM_MB_0d21d3b03e,Outro,Binz,ART_fca6de2907,RAP_HIPHOP,musicbrainz_artist_discography,0.85,N/A (Standard 11 Taxonomy),,MISSING,,MISSING,,MISSING,2026.0,VERIFIED,TIER_B,NO_PHYSICAL_MODALITY,train
RMVM_MB_20e7396ca7,Intro,Binz,ART_fca6de2907,RAP_HIPHOP,musicbrainz_artist_discography,0.85,N/A (Standard 11 Taxonomy),,MISSING,,MISSING,,MISSING,2026.0,VERIFIED,TIER_B,NO_PHYSICAL_MODALITY,train
RMVM_MB_e2865a43ef,Hững Hờ,Binz,ART_fca6de2907,RAP_HIPHOP,musicbrainz_artist_discography,0.85,N/A (Standard 11 Taxonomy),,MISSING,,MISSING,,MISSING,2026.0,VERIFIED,TIER_B,NO_PHYSICAL_MODALITY,train
RMVM_MB_4b62130916,Taste Of Love,Binz,ART_fca6de2907,RAP_HIPHOP,musicbrainz_artist_discography,0.85,N/A (Standard 11 Taxonomy),,MISSING,,MISSING,,MISSING,2023.0,VERIFIED,TIER_B,NO_PHYSICAL_MODALITY,train
RMVM_MB_c6d319913b,Make Me Feel,Binz,ART_fca6de2907,RAP_HIPHOP,musicbrainz_artist_discography,0.85,N/A (Standard 11 Taxonomy),,MISSING,,MISSING,,MISSING,2023.0,VERIFIED,TIER_B,NO_PHYSICAL_MODALITY,train
RMVM_MB_8bd2f34df6,Trouble On the Horizon,Binz,ART_fca6de2907,RAP_HIPHOP,musicbrainz_artist_discography,0.85,N/A (Standard 11 Taxonomy),,MISSING,,MISSING,,MISSING,2014.0,VERIFIED,TIER_B,NO_PHYSICAL_MODALITY,train
RMVM_MB_65f0531a45,The End,Binz,ART_fca6de2907,RAP_HIPHOP,musicbrainz_artist_discography,0.85,N/A (Standard 11 Taxonomy),,MISSING,,MISSING,,MISSING,2014.0,VERIFIED,TIER_B,NO_PHYSICAL_MODALITY,train
RMVM_MB_b60550696f,Alien Abduction Envy,Binz,ART_fca6de2907,RAP_HIPHOP,musicbrainz_artist_discography,0.85,N/A (Standard 11 Taxonomy),,MISSING,,MISSING,,MISSING,2014.0,VERIFIED,TIER_B,NO_PHYSICAL_MODALITY,train
RMVM_MB_bff4adfdfa,Suffer,Binz,ART_fca6de2907,RAP_HIPHOP,musicbrainz_artist_discography,0.85,N/A (Standard 11 Taxonomy),,MISSING,,MISSING,,MISSING,2014.0,VERIFIED,TIER_B,NO_PHYSICAL_MODALITY,train
RMVM_MB_29470c89bb,Paranoid,Binz,ART_fca6de2907,RAP_HIPHOP,musicbrainz_artist_discography,0.85,N/A (Standard 11 Taxonomy),,MISSING,,MISSING,,MISSING,2014.0,VERIFIED,TIER_B,NO_PHYSICAL_MODALITY,train
RMVM_MB_255f8974fb,What Can You Do to Me,Binz,ART_fca6de2907,RAP_HIPHOP,musicbrainz_artist_discography,0.85,N/A (Standard 11 Taxonomy),,MISSING,,MISSING,,MISSING,2014.0,VERIFIED,TIER_B,NO_PHYSICAL_MODALITY,train
RMVM_S_e7c25ee92f,Đã Có Những Lúc,Nguyễn Hoàng Anh,ART_4c3135d55f,POP_BALLAD,deterministic_mapping,1.0,N/A (Standard 11 Taxonomy),,MISSING,data/lyrics/RMVM_S_e7c25ee92f.txt,AVAILABLE,,MISSING,,UNVERIFIED,TIER_A,LYRICS_ONLY,train
RMVM_S_1d47f3b6fa,Bài Học Thương Đau,Nguyễn Hoàng Anh,ART_4c3135d55f,POP_BALLAD,deterministic_mapping,1.0,N/A (Standard 11 Taxonomy),,MISSING,data/lyrics/RMVM_S_1d47f3b6fa.txt,AVAILABLE,,MISSING,,UNVERIFIED,TIER_A,LYRICS_ONLY,train
RMVM_S_8f72914ed6,Em Một Giấc Mơ,Nguyễn Hoàng Anh,ART_4c3135d55f,POP_BALLAD,deterministic_mapping,1.0,N/A (Standard 11 Taxonomy),,MISSING,data/lyrics/RMVM_S_8f72914ed6.txt,AVAILABLE,,MISSING,,UNVERIFIED,TIER_A,LYRICS_ONLY,train
RMVM_S_250d34e547,Duyên Mỏng Nợ Cũng Chẳng Sâu,Trần Mỹ Ngọc,ART_8cc4f99b9b,POP_BALLAD,deterministic_mapping,1.0,N/A (Standard 11 Taxonomy),,MISSING,data/lyrics/RMVM_S_250d34e547.txt,AVAILABLE,,MISSING,,UNVERIFIED,TIER_A,LYRICS_ONLY,train
RMVM_S_8290a43586,Nói Chia Tay Thật Khó,"Thùy Chi, Trấn Thành",ART_8c5346200b,POP_BALLAD,deterministic_mapping,1.0,N/A (Standard 11 Taxonomy),,MISSING,data/lyrics/RMVM_S_8290a43586.txt,AVAILABLE,,MISSING,,UNVERIFIED,TIER_A,LYRICS_ONLY,train
RMVM_S_6dc4494e43,Chiều Nhớ,Hồ Hán Dân,ART_d6f68bc84c,BOLERO_TRUTINH,deterministic_mapping,0.85,N/A (Standard 11 Taxonomy),,MISSING,,MISSING,,MISSING,,UNVERIFIED,TIER_B,NO_PHYSICAL_MODALITY,train
RMVM_S_fbf8ad493a,goc khuat cua tinh yeu,Music of Friends,ART_4c93c0bfec,BOLERO_TRUTINH,deterministic_mapping,1.0,N/A (Standard 11 Taxonomy),,MISSING,,MISSING,data/covers/RMVM_S_fbf8ad493a.jpg,AVAILABLE,,UNVERIFIED,TIER_A,COVER_ONLY,train
RMVM_S_1def9b54b0,Đừng Khóc Vì Người Yêu Cũ,Fame Chí Thành,ART_e23d2a18d1,POP_BALLAD,deterministic_mapping,1.0,N/A (Standard 11 Taxonomy),,MISSING,,MISSING,data/covers/RMVM_S_1def9b54b0.jpg,AVAILABLE,,UNVERIFIED,TIER_A,COVER_ONLY,train
RMVM_S_5c25a841d0,Tình Yêu Đến Mang Theo Mùa Xuân,Nguyễn Khánh Linh,ART_8334d4691f,POP_BALLAD,deterministic_mapping,1.0,N/A (Standard 11 Taxonomy),,MISSING,data/lyrics/RMVM_S_5c25a841d0.txt,AVAILABLE,,MISSING,,UNVERIFIED,TIER_A,LYRICS_ONLY,train
RMVM_S_87e3c454e3,Hẹn Yêu,Phan Yến Nhi,ART_b232031735,POP_BALLAD,deterministic_mapping,1.0,N/A (Standard 11 Taxonomy),,MISSING,data/lyrics/RMVM_S_87e3c454e3.txt,AVAILABLE,,MISSING,,UNVERIFIED,TIER_A,LYRICS_ONLY,train
RMVM_S_89894e8d0e,Giọt Nắng Tháng Giêng,Phan Yến Nhi,ART_b232031735,POP_BALLAD,deterministic_mapping,1.0,N/A (Standard 11 Taxonomy),,MISSING,data/lyrics/RMVM_S_89894e8d0e.txt,AVAILABLE,,MISSING,,UNVERIFIED,TIER_A,LYRICS_ONLY,train
RMVM_S_129760af31,Tình Cũ Không Rủ Cũng Tới,Phan Yến Nhi,ART_b232031735,POP_BALLAD,deterministic_mapping,1.0,N/A (Standard 11 Taxonomy),,MISSING,data/lyrics/RMVM_S_129760af31.txt,AVAILABLE,,MISSING,,UNVERIFIED,TIER_A,LYRICS_ONLY,train
RMVM_S_7564432eab,Nhận Ra Mình Đã Sai,"Hoàng Mạnh Sơn, LQ MEDIA",ART_192fe11935,POP_BALLAD,deterministic_mapping,1.0,N/A (Standard 11 Taxonomy),,MISSING,data/lyrics/RMVM_S_7564432eab.txt,AVAILABLE,,MISSING,,UNVERIFIED,TIER_A,LYRICS_ONLY,train
RMVM_S_e4dcefec57,Đoạn Kết Cho Tình Yêu,Đỗ Minh Quân,ART_0c629416a2,POP_BALLAD,deterministic_mapping,1.0,N/A (Standard 11 Taxonomy),,MISSING,data/lyrics/RMVM_S_e4dcefec57.txt,AVAILABLE,,MISSING,,UNVERIFIED,TIER_A,LYRICS_ONLY,train
RMVM_S_387cf8d6bc,Hóa Ra Em Chẳng Ở Đây (Beat),Đỗ Minh Quân,ART_0c629416a2,POP_BALLAD,deterministic_mapping,1.0,N/A (Standard 11 Taxonomy),,MISSING,data/lyrics/RMVM_S_387cf8d6bc.txt,AVAILABLE,,MISSING,,UNVERIFIED,TIER_A,LYRICS_ONLY,train
RMVM_S_a8cb1f9f06,Hẹn Một Ngày Xuân Mới,"Quang Anh, N.Thảo",ART_ac57223375,POP_BALLAD,deterministic_mapping,1.0,N/A (Standard 11 Taxonomy),,MISSING,data/lyrics/RMVM_S_a8cb1f9f06.txt,AVAILABLE,,MISSING,,UNVERIFIED,TIER_A,LYRICS_ONLY,train
RMVM_S_aac087fef3,Gió Chuyển Mùa Thương,Phương Dung,ART_cf2e778d38,BOLERO_TRUTINH,deterministic_mapping,0.85,N/A (Standard 11 Taxonomy),,MISSING,,MISSING,,MISSING,,UNVERIFIED,TIER_B,NO_PHYSICAL_MODALITY,train
RMVM_S_d30c44d2d1,Duyên Tình Hậu Giang (Mii Remix),Như Ngọc,ART_983ccef806,DANCE_EDM,deterministic_mapping,1.0,N/A (Standard 11 Taxonomy),,MISSING,data/lyrics/RMVM_S_d30c44d2d1.txt,AVAILABLE,,MISSING,,UNVERIFIED,TIER_A,LYRICS_ONLY,train
RMVM_S_1d1218a00b,Một Bản Tình Ca Nhịp 6⧸8 (Live from Giao Lộ Thời Gian),Khánh Linh,ART_8cb866f3b2,POP_BALLAD,deterministic_mapping,0.85,N/A (Standard 11 Taxonomy),,MISSING,,MISSING,,MISSING,,UNVERIFIED,TIER_B,NO_PHYSICAL_MODALITY,train
RMVM_S_f3543717e5,Yêu Như Cách Em Từng,Yến Trang,ART_ef18093979,POP_BALLAD,deterministic_mapping,1.0,N/A (Standard 11 Taxonomy),,MISSING,data/lyrics/RMVM_S_f3543717e5.txt,AVAILABLE,,MISSING,,UNVERIFIED,TIER_A,LYRICS_ONLY,train
RMVM_S_4c2c5c33b1,Đi Rồi Mới Thương,Võ Kiều Vân,ART_2f9e0bb814,POP_BALLAD,deterministic_mapping,1.0,N/A (Standard 11 Taxonomy),,MISSING,data/lyrics/RMVM_S_4c2c5c33b1.txt,AVAILABLE,,MISSING,,UNVERIFIED,TIER_A,LYRICS_ONLY,train
RMVM_S_8460028c61,Đau Là Còn Thương,Võ Kiều Vân,ART_2f9e0bb814,POP_BALLAD,deterministic_mapping,1.0,N/A (Standard 11 Taxonomy),,MISSING,data/lyrics/RMVM_S_8460028c61.txt,AVAILABLE,,MISSING,,UNVERIFIED,TIER_A,LYRICS_ONLY,train
RMVM_S_8b9f978c1e,Chỉ Còn Nỗi Đau (Remix),"Lương Gia Hùng, DJ Phạm Thành",ART_1ca04db085,POP_BALLAD,deterministic_mapping,1.0,N/A (Standard 11 Taxonomy),,MISSING,data/lyrics/RMVM_S_8b9f978c1e.txt,AVAILABLE,,MISSING,2019.0,VERIFIED,TIER_A,LYRICS_ONLY,train
RMVM_S_0000902c11,Da Nâu,"Hoon, Chips",ART_3273a94f83,POP_BALLAD,deterministic_mapping,1.0,N/A (Standard 11 Taxonomy),,MISSING,data/lyrics/RMVM_S_0000902c11.txt,AVAILABLE,,MISSING,,UNVERIFIED,TIER_A,LYRICS_ONLY,train
RMVM_S_d1b56b53f1,Anh Đã Yêu Em (Beat),"Grey, H-Kray",ART_6141da51e4,POP_BALLAD,deterministic_mapping,1.0,N/A (Standard 11 Taxonomy),,MISSING,data/lyrics/RMVM_S_d1b56b53f1.txt,AVAILABLE,,MISSING,,UNVERIFIED,TIER_A,LYRICS_ONLY,train
RMVM_S_2617bc161b,Ai Từng Chân Thành Vì Em,Viên Xuân Sư,ART_932c66a07c,POP_BALLAD,deterministic_mapping,1.0,N/A (Standard 11 Taxonomy),,MISSING,data/lyrics/RMVM_S_2617bc161b.txt,AVAILABLE,,MISSING,,UNVERIFIED,TIER_A,LYRICS_ONLY,train
RMVM_S_775a85fb92,Tình Yêu Hoa Gió (Chips Lofi),BEAN,ART_46086bc60b,POP_BALLAD,deterministic_mapping,1.0,N/A (Standard 11 Taxonomy),,MISSING,data/lyrics/RMVM_S_775a85fb92.txt,AVAILABLE,,MISSING,,UNVERIFIED,TIER_A,LYRICS_ONLY,train
RMVM_S_7f0ee4b8df,Cho Em Một Lần Yêu (Chips Lofi),BEAN,ART_46086bc60b,POP_BALLAD,deterministic_mapping,1.0,N/A (Standard 11 Taxonomy),,MISSING,data/lyrics/RMVM_S_7f0ee4b8df.txt,AVAILABLE,,MISSING,,UNVERIFIED,TIER_A,LYRICS_ONLY,train
RMVM_MB_63cf7ee185,Huyền Vi,Masew,ART_6714f6b919,DANCE_EDM,musicbrainz_artist_discography,0.85,N/A (Standard 11 Taxonomy),,MISSING,,MISSING,,MISSING,2023.0,VERIFIED,TIER_B,NO_PHYSICAL_MODALITY,train
RMVM_MB_c89a4c97cb,Glory Is Yours,Masew,ART_6714f6b919,DANCE_EDM,musicbrainz_artist_discography,0.85,N/A (Standard 11 Taxonomy),,MISSING,,MISSING,,MISSING,2025.0,VERIFIED,TIER_B,NO_PHYSICAL_MODALITY,train
RMVM_MB_924ec618c0,À Lôi,Masew,ART_6714f6b919,DANCE_EDM,musicbrainz_artist_discography,0.85,N/A (Standard 11 Taxonomy),,MISSING,,MISSING,,MISSING,2023.0,VERIFIED,TIER_B,NO_PHYSICAL_MODALITY,train
RMVM_MB_88dcccf176,Mời Trầu (Lofi version 1),Masew,ART_6714f6b919,DANCE_EDM,musicbrainz_artist_discography,0.85,N/A (Standard 11 Taxonomy),,MISSING,,MISSING,,MISSING,2022.0,VERIFIED,TIER_B,NO_PHYSICAL_MODALITY,train
RMVM_MB_7f91405717,Thị Mầu,Masew,ART_6714f6b919,DANCE_EDM,musicbrainz_artist_discography,0.85,N/A (Standard 11 Taxonomy),,MISSING,,MISSING,,MISSING,2023.0,VERIFIED,TIER_B,NO_PHYSICAL_MODALITY,train
RMVM_MB_3ef4d37643,Đoá Hoa Hồng (Queen),Masew,ART_6714f6b919,DANCE_EDM,musicbrainz_artist_discography,0.85,N/A (Standard 11 Taxonomy),,MISSING,,MISSING,,MISSING,2018.0,VERIFIED,TIER_B,NO_PHYSICAL_MODALITY,train
RMVM_MB_62118c0acf,Mời Trầu,Masew,ART_6714f6b919,DANCE_EDM,musicbrainz_artist_discography,0.85,N/A (Standard 11 Taxonomy),,MISSING,,MISSING,,MISSING,2022.0,VERIFIED,TIER_B,NO_PHYSICAL_MODALITY,train
RMVM_MB_f7539ce6a6,Mời Trầu (slowed + reverb),Masew,ART_6714f6b919,DANCE_EDM,musicbrainz_artist_discography,0.85,N/A (Standard 11 Taxonomy),,MISSING,,MISSING,,MISSING,2022.0,VERIFIED,TIER_B,NO_PHYSICAL_MODALITY,train
RMVM_S_2ae516e5b2,Chuyện Đời Con Gái,Tố My,ART_181767e2b8,POP_BALLAD,deterministic_mapping,1.0,N/A (Standard 11 Taxonomy),,MISSING,data/lyrics/RMVM_S_2ae516e5b2.txt,AVAILABLE,data/covers/RMVM_S_2ae516e5b2.jpg,AVAILABLE,,UNVERIFIED,TIER_A,LYRICS_COVER,train
RMVM_S_e30fe77d55,Ai Mì Quảng Không?,Tố My,ART_181767e2b8,POP_BALLAD,deterministic_mapping,1.0,N/A (Standard 11 Taxonomy),,MISSING,data/lyrics/RMVM_S_e30fe77d55.txt,AVAILABLE,,MISSING,,UNVERIFIED,TIER_A,LYRICS_ONLY,train
RMVM_S_c87cd2f8b2,LK Cho Vừa Lòng Em - Làm Dâu Xứ Lạ,Tố My,ART_181767e2b8,BOLERO_TRUTINH,deterministic_mapping,1.0,N/A (Standard 11 Taxonomy),,MISSING,data/lyrics/RMVM_S_c87cd2f8b2.txt,AVAILABLE,,MISSING,,UNVERIFIED,TIER_A,LYRICS_ONLY,train
RMVM_S_252bdda2c4,Giọt Buồn Không Tên,Tố My,ART_181767e2b8,POP_BALLAD,deterministic_mapping,1.0,N/A (Standard 11 Taxonomy),,MISSING,data/lyrics/RMVM_S_252bdda2c4.txt,AVAILABLE,,MISSING,,UNVERIFIED,TIER_A,LYRICS_ONLY,train
RMVM_S_e765f12818,Cánh Hoa Yêu,Tố My,ART_181767e2b8,POP_BALLAD,deterministic_mapping,1.0,N/A (Standard 11 Taxonomy),,MISSING,data/lyrics/RMVM_S_e765f12818.txt,AVAILABLE,,MISSING,,UNVERIFIED,TIER_A,LYRICS_ONLY,train
RMVM_S_b8048ac594,Anh Đừng Lo Nghĩ,Tố My,ART_181767e2b8,POP_BALLAD,deterministic_mapping,1.0,N/A (Standard 11 Taxonomy),,MISSING,data/lyrics/RMVM_S_b8048ac594.txt,AVAILABLE,,MISSING,,UNVERIFIED,TIER_A,LYRICS_ONLY,train
RMVM_S_3af4a66edb,Hãy Nói Yêu Em Khi Xuân Về,Tố My,ART_181767e2b8,BOLERO_TRUTINH,deterministic_mapping,1.0,N/A (Standard 11 Taxonomy),,MISSING,data/lyrics/RMVM_S_3af4a66edb.txt,AVAILABLE,,MISSING,,UNVERIFIED,TIER_A,LYRICS_ONLY,train
RMVM_S_2df480ff75,Tình Yêu Thấu Tận Trời Xanh,Võ Phi,ART_245bb6b9bd,BOLERO_TRUTINH,deterministic_mapping,1.0,N/A (Standard 11 Taxonomy),,MISSING,data/lyrics/RMVM_S_2df480ff75.txt,AVAILABLE,,MISSING,,UNVERIFIED,TIER_A,LYRICS_ONLY,train
RMVM_S_78f1b7d0ac,Điệu Buồn Phương Nam,"Khưu Huy Vũ, Ngọc Hân",ART_1fcb227407,BOLERO_TRUTINH,deterministic_mapping,1.0,N/A (Standard 11 Taxonomy),,MISSING,data/lyrics/RMVM_S_78f1b7d0ac.txt,AVAILABLE,,MISSING,,UNVERIFIED,TIER_A,LYRICS_ONLY,train
RMVM_S_5b43814b5c,Lại Gần Anh 1 Chút,Lập Nguyên,ART_a068721c8a,POP_BALLAD,deterministic_mapping,1.0,N/A (Standard 11 Taxonomy),,MISSING,data/lyrics/RMVM_S_5b43814b5c.txt,AVAILABLE,,MISSING,,UNVERIFIED,TIER_A,LYRICS_ONLY,train
RMVM_S_270a067aa7,Badaboo Của Anh (Orinn Remix),Lập Nguyên,ART_a068721c8a,POP_BALLAD,deterministic_mapping,1.0,N/A (Standard 11 Taxonomy),,MISSING,data/lyrics/RMVM_S_270a067aa7.txt,AVAILABLE,,MISSING,,UNVERIFIED,TIER_A,LYRICS_ONLY,train
RMVM_S_cdc2154622,Cánh Chim Từ Quy,Đỗ Tố Hoa,ART_f7f8f69594,BOLERO_TRUTINH,deterministic_mapping,1.0,N/A (Standard 11 Taxonomy),,MISSING,data/lyrics/RMVM_S_cdc2154622.txt,AVAILABLE,,MISSING,,UNVERIFIED,TIER_A,LYRICS_ONLY,train
RMVM_S_df70c57245,Trắc Ẩn,Linh Bina,ART_8f8d9cfb6d,POP_BALLAD,deterministic_mapping,1.0,N/A (Standard 11 Taxonomy),,MISSING,data/lyrics/RMVM_S_df70c57245.txt,AVAILABLE,,MISSING,,UNVERIFIED,TIER_A,LYRICS_ONLY,train
RMVM_S_fa0a6c0dfa,Kỷ Niệm Mùa Hè,Đoan Trang,ART_0ee13d720c,CHILDREN,deterministic_mapping,1.0,N/A (Standard 11 Taxonomy),,MISSING,data/lyrics/RMVM_S_fa0a6c0dfa.txt,AVAILABLE,,MISSING,,UNVERIFIED,TIER_A,LYRICS_ONLY,train
RMVM_S_b48ee33183,Tuổi Ngọc,Đoan Trang,ART_0ee13d720c,BOLERO_TRUTINH,deterministic_mapping,1.0,N/A (Standard 11 Taxonomy),,MISSING,data/lyrics/RMVM_S_b48ee33183.txt,AVAILABLE,,MISSING,,UNVERIFIED,TIER_A,LYRICS_ONLY,train
RMVM_S_632baf1ba1,Con Gái Thời Nay,"Gia Huy Singer, Phúc Vlog",ART_180fc68266,POP_BALLAD,deterministic_mapping,1.0,N/A (Standard 11 Taxonomy),,MISSING,data/lyrics/RMVM_S_632baf1ba1.txt,AVAILABLE,,MISSING,,UNVERIFIED,TIER_A,LYRICS_ONLY,train
RMVM_S_59b80b30e6,Tình Yêu Vô Hướng (Piano Version),"K-ICM, Hồ Tuấn Phúc",ART_45ecce1818,POP_BALLAD,deterministic_mapping,1.0,N/A (Standard 11 Taxonomy),,MISSING,data/lyrics/RMVM_S_59b80b30e6.txt,AVAILABLE,,MISSING,,UNVERIFIED,TIER_A,LYRICS_ONLY,train
RMVM_S_121692b6f5,Đợi Chờ Bóng Xuân,Eric Toàn Nguyễn,ART_6ee35653d5,BOLERO_TRUTINH,deterministic_mapping,1.0,N/A (Standard 11 Taxonomy),,MISSING,data/lyrics/RMVM_S_121692b6f5.txt,AVAILABLE,data/covers/RMVM_S_121692b6f5.jpg,AVAILABLE,,UNVERIFIED,TIER_A,LYRICS_COVER,train
RMVM_S_24ac55bcc2,Giấc Mơ Vụt Tan,Châu Gia Chuyển,ART_05831f6430,POP_BALLAD,deterministic_mapping,1.0,N/A (Standard 11 Taxonomy),,MISSING,data/lyrics/RMVM_S_24ac55bcc2.txt,AVAILABLE,,MISSING,,UNVERIFIED,TIER_A,LYRICS_ONLY,train
RMVM_S_390436ab59,Biển Đời 2,Châu Gia Chuyển,ART_05831f6430,POP_BALLAD,deterministic_mapping,1.0,N/A (Standard 11 Taxonomy),,MISSING,data/lyrics/RMVM_S_390436ab59.txt,AVAILABLE,,MISSING,,UNVERIFIED,TIER_A,LYRICS_ONLY,train
RMVM_S_45bef51741,Khí Phách Nam Nhi (Thái Bình Thiên Quốc OST),Châu Gia Chuyển,ART_05831f6430,POP_BALLAD,deterministic_mapping,1.0,N/A (Standard 11 Taxonomy),,MISSING,data/lyrics/RMVM_S_45bef51741.txt,AVAILABLE,,MISSING,,UNVERIFIED,TIER_A,LYRICS_ONLY,train
RMVM_S_f0d19a908c,Chuyện Đời Tôi,Diễm Thùy,ART_b4d32ccd24,BOLERO_TRUTINH,deterministic_mapping,1.0,N/A (Standard 11 Taxonomy),,MISSING,data/lyrics/RMVM_S_f0d19a908c.txt,AVAILABLE,,MISSING,,UNVERIFIED,TIER_A,LYRICS_ONLY,train
RMVM_S_9e3207f1e3,Đêm Bơ Vơ,Diễm Thùy,ART_b4d32ccd24,BOLERO_TRUTINH,deterministic_mapping,1.0,N/A (Standard 11 Taxonomy),,MISSING,data/lyrics/RMVM_S_9e3207f1e3.txt,AVAILABLE,,MISSING,,UNVERIFIED,TIER_A,LYRICS_ONLY,train
RMVM_S_421d7a4cbf,Tiếng Cuốc Đêm Trăng,Diễm Thùy,ART_b4d32ccd24,BOLERO_TRUTINH,deterministic_mapping,1.0,N/A (Standard 11 Taxonomy),,MISSING,data/lyrics/RMVM_S_421d7a4cbf.txt,AVAILABLE,,MISSING,,UNVERIFIED,TIER_A,LYRICS_ONLY,train
RMVM_S_1376262df9,Xóm Đêm,Diễm Thùy,ART_b4d32ccd24,BOLERO_TRUTINH,deterministic_mapping,1.0,N/A (Standard 11 Taxonomy),,MISSING,data/lyrics/RMVM_S_1376262df9.txt,AVAILABLE,,MISSING,,UNVERIFIED,TIER_A,LYRICS_ONLY,train
RMVM_S_bb0058b9a9,Duyên Kiếp Lỡ Làng,Diễm Thùy,ART_b4d32ccd24,BOLERO_TRUTINH,deterministic_mapping,1.0,N/A (Standard 11 Taxonomy),,MISSING,data/lyrics/RMVM_S_bb0058b9a9.txt,AVAILABLE,,MISSING,,UNVERIFIED,TIER_A,LYRICS_ONLY,train
RMVM_S_88816bc50d,Thu Sầu,Diễm Thùy,ART_b4d32ccd24,BOLERO_TRUTINH,deterministic_mapping,1.0,N/A (Standard 11 Taxonomy),,MISSING,data/lyrics/RMVM_S_88816bc50d.txt,AVAILABLE,,MISSING,,UNVERIFIED,TIER_A,LYRICS_ONLY,train
RMVM_S_53c8f1e607,Qua Cơn Mê,Diễm Thùy,ART_b4d32ccd24,BOLERO_TRUTINH,deterministic_mapping,1.0,N/A (Standard 11 Taxonomy),,MISSING,data/lyrics/RMVM_S_53c8f1e607.txt,AVAILABLE,,MISSING,,UNVERIFIED,TIER_A,LYRICS_ONLY,train
RMVM_S_ca77030612,Vài Lời Muốn Nói,"Aimy, T-Son, Hiếu B",ART_3a7a93af23,POP_BALLAD,deterministic_mapping,1.0,N/A (Standard 11 Taxonomy),,MISSING,data/lyrics/RMVM_S_ca77030612.txt,AVAILABLE,,MISSING,,UNVERIFIED,TIER_A,LYRICS_ONLY,train
RMVM_S_8967843cb2,Đêm Sông Cầu,Minh Thùy,ART_c93bb4adec,FOLK_TRADITIONAL,deterministic_mapping,1.0,N/A (Standard 11 Taxonomy),,MISSING,data/lyrics/RMVM_S_8967843cb2.txt,AVAILABLE,,MISSING,,UNVERIFIED,TIER_A,LYRICS_ONLY,train
RMVM_S_b98c14a2cf,Vọng Cổ Tình Xuân,Hằng Ni,ART_7c47accb35,BOLERO_TRUTINH,deterministic_mapping,1.0,N/A (Standard 11 Taxonomy),,MISSING,data/lyrics/RMVM_S_b98c14a2cf.txt,AVAILABLE,,MISSING,,UNVERIFIED,TIER_A,LYRICS_ONLY,train
RMVM_S_69180db51d,Liên Khúc Mong Em Còn Ngày Mai (Remix),Hằng Ni,ART_7c47accb35,POP_BALLAD,deterministic_mapping,1.0,N/A (Standard 11 Taxonomy),,MISSING,data/lyrics/RMVM_S_69180db51d.txt,AVAILABLE,,MISSING,,UNVERIFIED,TIER_A,LYRICS_ONLY,train
RMVM_S_d2a265666d,Con Lấy Chồng Xa,Hằng Ni,ART_7c47accb35,BOLERO_TRUTINH,deterministic_mapping,1.0,N/A (Standard 11 Taxonomy),,MISSING,data/lyrics/RMVM_S_d2a265666d.txt,AVAILABLE,,MISSING,,UNVERIFIED,TIER_A,LYRICS_ONLY,train
RMVM_S_366d68edc2,Bạn Thân Ơi,"Wxrdie, Droppy",ART_e4a3c855f1,BOLERO_TRUTINH,deterministic_mapping,1.0,N/A (Standard 11 Taxonomy),,MISSING,data/lyrics/RMVM_S_366d68edc2.txt,AVAILABLE,,MISSING,,UNVERIFIED,TIER_A,LYRICS_ONLY,train
RMVM_S_9edd6ba3ab,Anh Nên Tin Ai,Quân Táo,ART_10617fcada,POP_BALLAD,deterministic_mapping,1.0,N/A (Standard 11 Taxonomy),,MISSING,data/lyrics/RMVM_S_9edd6ba3ab.txt,AVAILABLE,,MISSING,,UNVERIFIED,TIER_A,LYRICS_ONLY,train
RMVM_S_e2bfc2ca03,Phải Kết Thúc,Ji Anh Tuấn,ART_e149fbcaa0,POP_BALLAD,deterministic_mapping,1.0,N/A (Standard 11 Taxonomy),,MISSING,data/lyrics/RMVM_S_e2bfc2ca03.txt,AVAILABLE,,MISSING,,UNVERIFIED,TIER_A,LYRICS_ONLY,train
RMVM_S_2d86009fbc,Tâm Sự Gửi Về Đâu,Tuấn Ngọc,ART_e269d46b5a,INSTRUMENTAL,source_tag_verification,0.85,N/A (Standard 11 Taxonomy),,MISSING,data/lyrics/RMVM_S_2d86009fbc.txt,AVAILABLE,,MISSING,,UNVERIFIED,TIER_B,LYRICS_ONLY,train
RMVM_S_4d5d2e1308,Nha Trang Ngày Về,Tuấn Ngọc,ART_e269d46b5a,BOLERO_TRUTINH,deterministic_mapping,0.85,N/A (Standard 11 Taxonomy),,MISSING,,MISSING,,MISSING,,UNVERIFIED,TIER_B,NO_PHYSICAL_MODALITY,train
RMVM_S_efb9fbfd5b,Đừng Gọi Em Là Khói Sương (Cuốc Xe Nửa Đêm OST),Bích Tuyết,ART_bea1f29571,POP_BALLAD,deterministic_mapping,1.0,N/A (Standard 11 Taxonomy),,MISSING,data/lyrics/RMVM_S_efb9fbfd5b.txt,AVAILABLE,,MISSING,,UNVERIFIED,TIER_A,LYRICS_ONLY,train
RMVM_S_874bea97f0,Chẳng Phụ Như Lai Chẳng Phụ Nàng,Reii,ART_7ea66b7f74,POP_BALLAD,deterministic_mapping,1.0,N/A (Standard 11 Taxonomy),,MISSING,data/lyrics/RMVM_S_874bea97f0.txt,AVAILABLE,,MISSING,,UNVERIFIED,TIER_A,LYRICS_ONLY,train
RMVM_S_6112c4198f,Đau Thương Em Phải Mang,Lâm Triệu Minh,ART_8acf61bc85,POP_BALLAD,deterministic_mapping,1.0,N/A (Standard 11 Taxonomy),,MISSING,data/lyrics/RMVM_S_6112c4198f.txt,AVAILABLE,,MISSING,,UNVERIFIED,TIER_A,LYRICS_ONLY,train
RMVM_S_719c826507,Hoa Nào Không Phai,Lâm Triệu Minh,ART_8acf61bc85,POP_BALLAD,deterministic_mapping,1.0,N/A (Standard 11 Taxonomy),,MISSING,data/lyrics/RMVM_S_719c826507.txt,AVAILABLE,,MISSING,,UNVERIFIED,TIER_A,LYRICS_ONLY,train
RMVM_S_97e66a7f99,Cảm Ơn Kẻ Thứ Ba,Lâm Triệu Minh,ART_8acf61bc85,BOLERO_TRUTINH,deterministic_mapping,1.0,N/A (Standard 11 Taxonomy),,MISSING,data/lyrics/RMVM_S_97e66a7f99.txt,AVAILABLE,,MISSING,,UNVERIFIED,TIER_A,LYRICS_ONLY,train
RMVM_S_765fdd5bad,Hương Vị Tình,Lâm Triệu Minh,ART_8acf61bc85,BOLERO_TRUTINH,deterministic_mapping,1.0,N/A (Standard 11 Taxonomy),,MISSING,data/lyrics/RMVM_S_765fdd5bad.txt,AVAILABLE,,MISSING,,UNVERIFIED,TIER_A,LYRICS_ONLY,train
RMVM_S_2f67ac4ccd,Cả Một Đời Để Quên (Meme Lofi),"Đặng Tuấn Vũ, Lâm Tuấn",ART_838ad9e866,POP_BALLAD,deterministic_mapping,1.0,N/A (Standard 11 Taxonomy),,MISSING,data/lyrics/RMVM_S_2f67ac4ccd.txt,AVAILABLE,,MISSING,,UNVERIFIED,TIER_A,LYRICS_ONLY,train
RMVM_S_4c4c37f4be,Chỉ Là Quá Yêu Em,Quang Đăng Trần,ART_2df80ffbbc,POP_BALLAD,deterministic_mapping,1.0,N/A (Standard 11 Taxonomy),,MISSING,data/lyrics/RMVM_S_4c4c37f4be.txt,AVAILABLE,,MISSING,,UNVERIFIED,TIER_A,LYRICS_ONLY,train
RMVM_S_bff82d98e7,Chỉ Khi Mất Đi,Quang Đăng Trần,ART_2df80ffbbc,POP_BALLAD,deterministic_mapping,1.0,N/A (Standard 11 Taxonomy),,MISSING,data/lyrics/RMVM_S_bff82d98e7.txt,AVAILABLE,,MISSING,,UNVERIFIED,TIER_A,LYRICS_ONLY,train
RMVM_S_992137ac9f,Chuyện đời - Kiếp Bon Chen,Hoàng Minh,ART_b16d18609d,POP_BALLAD,deterministic_mapping,1.0,N/A (Standard 11 Taxonomy),,MISSING,data/lyrics/RMVM_S_992137ac9f.txt,AVAILABLE,,MISSING,,UNVERIFIED,TIER_A,LYRICS_ONLY,train
RMVM_S_51e0a263ee,Đớn Đau Anh Vẫn Yêu,Hoàng Minh,ART_b16d18609d,POP_BALLAD,deterministic_mapping,1.0,N/A (Standard 11 Taxonomy),,MISSING,data/lyrics/RMVM_S_51e0a263ee.txt,AVAILABLE,,MISSING,,UNVERIFIED,TIER_A,LYRICS_ONLY,train
RMVM_S_ba5d12712c,Anh Sẽ Chống Lại Cả Thế Giới,Phan Ngọc Luân,ART_2217b220f1,POP_BALLAD,deterministic_mapping,1.0,N/A (Standard 11 Taxonomy),,MISSING,data/lyrics/RMVM_S_ba5d12712c.txt,AVAILABLE,,MISSING,,UNVERIFIED,TIER_A,LYRICS_ONLY,train
RMVM_S_c29ade7bef,LK Những Chuyện Tình Mong Manh - Tình Trong Mưa - Chuyện Buồn Tình Yêu - Đồi Thông Hai Mộ,"Hương Lan, Thế Sơn",ART_7aa781790f,BOLERO_TRUTINH,deterministic_mapping,1.0,N/A (Standard 11 Taxonomy),,MISSING,data/lyrics/RMVM_S_c29ade7bef.txt,AVAILABLE,,MISSING,,UNVERIFIED,TIER_A,LYRICS_ONLY,train
RMVM_S_a7ec96d729,LK Nhật Ký Đời Tôi - Người Em Sầu Mộng - Trái Mồng Tơi - Gái Nhà Nghèo,"Hương Lan, Thế Sơn",ART_7aa781790f,BOLERO_TRUTINH,deterministic_mapping,1.0,N/A (Standard 11 Taxonomy),,MISSING,data/lyrics/RMVM_S_a7ec96d729.txt,AVAILABLE,,MISSING,,UNVERIFIED,TIER_A,LYRICS_ONLY,train
RMVM_S_f9821be7b6,Bông Đùa (Lofi),"Chuy Blue, Star Online",ART_27e869acc0,POP_BALLAD,deterministic_mapping,1.0,N/A (Standard 11 Taxonomy),,MISSING,data/lyrics/RMVM_S_f9821be7b6.txt,AVAILABLE,,MISSING,,UNVERIFIED,TIER_A,LYRICS_ONLY,train
RMVM_S_e398e739a3,Sao Người Ta Nỡ Làm Mình Đau,Gil Lê,ART_d2474bc671,POP_BALLAD,deterministic_mapping,1.0,N/A (Standard 11 Taxonomy),,MISSING,data/lyrics/RMVM_S_e398e739a3.txt,AVAILABLE,,MISSING,,UNVERIFIED,TIER_A,LYRICS_ONLY,train
RMVM_S_6e9260a69a,Bạc Phận – Dạ Cổ Hoài,Hoàn Lâm,ART_7412e37659,POP_BALLAD,deterministic_mapping,1.0,N/A (Standard 11 Taxonomy),,MISSING,data/lyrics/RMVM_S_6e9260a69a.txt,AVAILABLE,,MISSING,,UNVERIFIED,TIER_A,LYRICS_ONLY,train
RMVM_S_73efb6724e,Năm Mới Nhưng Nỗi Buồn Cũ,"Luxuyen, Riki Lâm, Chi",ART_29fb95c3dc,POP_BALLAD,deterministic_mapping,1.0,N/A (Standard 11 Taxonomy),,MISSING,data/lyrics/RMVM_S_73efb6724e.txt,AVAILABLE,,MISSING,,UNVERIFIED,TIER_A,LYRICS_ONLY,train
RMVM_S_2e3318f641,Giấc Mơ Tình Yêu,Đậu Tất Đạt,ART_357ac06684,POP_BALLAD,deterministic_mapping,1.0,N/A (Standard 11 Taxonomy),,MISSING,data/lyrics/RMVM_S_2e3318f641.txt,AVAILABLE,,MISSING,,UNVERIFIED,TIER_A,LYRICS_ONLY,train
RMVM_S_f3f68ac442,Cô Gái Ngốc,Lilly Nguyen,ART_605bcfff8f,POP_BALLAD,deterministic_mapping,1.0,N/A (Standard 11 Taxonomy),,MISSING,data/lyrics/RMVM_S_f3f68ac442.txt,AVAILABLE,,MISSING,,UNVERIFIED,TIER_A,LYRICS_ONLY,train
RMVM_S_57e211f474,Trọc Đầu Không Hiểu Vì Đâu,Dật Hanh,ART_b47c0bc733,POP_BALLAD,deterministic_mapping,1.0,N/A (Standard 11 Taxonomy),,MISSING,data/lyrics/RMVM_S_57e211f474.txt,AVAILABLE,,MISSING,,UNVERIFIED,TIER_A,LYRICS_ONLY,train
RMVM_S_0f2b5d4dd6,Yêu Người Phụ Tôi,Tâm Đoan,ART_cfa251c242,INSTRUMENTAL,source_tag_verification,0.85,N/A (Standard 11 Taxonomy),,MISSING,data/lyrics/RMVM_S_0f2b5d4dd6.txt,AVAILABLE,,MISSING,,UNVERIFIED,TIER_B,LYRICS_ONLY,train
RMVM_S_a72a0741b7,Hình Bóng Trong Tim,Tâm Đoan,ART_cfa251c242,CHILDREN,deterministic_mapping,1.0,N/A (Standard 11 Taxonomy),,MISSING,data/lyrics/RMVM_S_a72a0741b7.txt,AVAILABLE,,MISSING,,UNVERIFIED,TIER_A,LYRICS_ONLY,train
RMVM_S_59b7347713,Dù Chỉ Là Phút Giây,Tâm Đoan,ART_cfa251c242,INSTRUMENTAL,source_tag_verification,0.85,N/A (Standard 11 Taxonomy),,MISSING,data/lyrics/RMVM_S_59b7347713.txt,AVAILABLE,,MISSING,,UNVERIFIED,TIER_B,LYRICS_ONLY,train
RMVM_S_3ec5bdfd46,Đọa Ma Để Độ Nàng,Bỉ Ngạn Nương,ART_dca63d31a3,POP_BALLAD,deterministic_mapping,1.0,N/A (Standard 11 Taxonomy),,MISSING,data/lyrics/RMVM_S_3ec5bdfd46.txt,AVAILABLE,,MISSING,,UNVERIFIED,TIER_A,LYRICS_ONLY,train
RMVM_S_2317adf0c9,Để Con Tim Dẫn Lối,T-Rex,ART_9318c38827,POP_BALLAD,deterministic_mapping,1.0,N/A (Standard 11 Taxonomy),,MISSING,data/lyrics/RMVM_S_2317adf0c9.txt,AVAILABLE,,MISSING,,UNVERIFIED,TIER_A,LYRICS_ONLY,train
RMVM_S_100775241c,Buồn Vì Corona,Dư Anh,ART_0191065bc4,POP_BALLAD,deterministic_mapping,1.0,N/A (Standard 11 Taxonomy),,MISSING,data/lyrics/RMVM_S_100775241c.txt,AVAILABLE,data/covers/RMVM_S_100775241c.jpg,AVAILABLE,,UNVERIFIED,TIER_A,LYRICS_COVER,train
RMVM_S_3a1eb8f4d0,Sao Nỡ Mình Ơi,Dư Anh,ART_0191065bc4,FOLK_TRADITIONAL,deterministic_mapping,1.0,N/A (Standard 11 Taxonomy),,MISSING,data/lyrics/RMVM_S_3a1eb8f4d0.txt,AVAILABLE,,MISSING,,UNVERIFIED,TIER_A,LYRICS_ONLY,train
RMVM_S_84f279c253,Phố một người,"Hồ Phong An, Loren Kid",ART_32db1f0300,POP_BALLAD,deterministic_mapping,1.0,N/A (Standard 11 Taxonomy),,MISSING,data/lyrics/RMVM_S_84f279c253.txt,AVAILABLE,,MISSING,,UNVERIFIED,TIER_A,LYRICS_ONLY,train
RMVM_S_fdc2f0a609,Anh Đi Qua Để Lại,Lưu Bích,ART_4c4952faa8,INSTRUMENTAL,source_tag_verification,0.85,N/A (Standard 11 Taxonomy),,MISSING,data/lyrics/RMVM_S_fdc2f0a609.txt,AVAILABLE,,MISSING,,UNVERIFIED,TIER_B,LYRICS_ONLY,train
RMVM_S_2da9fc53e8,Gió Cuốn Hoa Trôi,Lưu Bích,ART_4c4952faa8,INSTRUMENTAL,source_tag_verification,0.85,N/A (Standard 11 Taxonomy),,MISSING,data/lyrics/RMVM_S_2da9fc53e8.txt,AVAILABLE,,MISSING,,UNVERIFIED,TIER_B,LYRICS_ONLY,train
RMVM_S_a9396fbe2c,Hát Cho Người Xa Nhà,Lưu Bích,ART_4c4952faa8,INSTRUMENTAL,source_tag_verification,0.85,N/A (Standard 11 Taxonomy),,MISSING,data/lyrics/RMVM_S_a9396fbe2c.txt,AVAILABLE,,MISSING,,UNVERIFIED,TIER_B,LYRICS_ONLY,train
RMVM_S_5671019182,Lk Ước Hẹn & Tan Tác,Lưu Bích,ART_4c4952faa8,INSTRUMENTAL,source_tag_verification,0.85,N/A (Standard 11 Taxonomy),,MISSING,data/lyrics/RMVM_S_5671019182.txt,AVAILABLE,,MISSING,,UNVERIFIED,TIER_B,LYRICS_ONLY,train
RMVM_S_64fb893392,Gốc Phố Rêu Phong,Lưu Bích,ART_4c4952faa8,INSTRUMENTAL,source_tag_verification,0.85,N/A (Standard 11 Taxonomy),,MISSING,data/lyrics/RMVM_S_64fb893392.txt,AVAILABLE,,MISSING,,UNVERIFIED,TIER_B,LYRICS_ONLY,train
RMVM_S_b5cbeab9f5,Chỉ Là Giấc Mơ Qua,Lưu Bích,ART_4c4952faa8,INSTRUMENTAL,source_tag_verification,0.85,N/A (Standard 11 Taxonomy),,MISSING,data/lyrics/RMVM_S_b5cbeab9f5.txt,AVAILABLE,,MISSING,,UNVERIFIED,TIER_B,LYRICS_ONLY,train
RMVM_S_6ac3f3af9f,Tình Đã Phai,Lưu Bích,ART_4c4952faa8,POP_BALLAD,deterministic_mapping,1.0,N/A (Standard 11 Taxonomy),,MISSING,data/lyrics/RMVM_S_6ac3f3af9f.txt,AVAILABLE,,MISSING,,UNVERIFIED,TIER_A,LYRICS_ONLY,train
RMVM_S_24e5e54935,Khúc Thu Ca,Lưu Bích,ART_4c4952faa8,INSTRUMENTAL,source_tag_verification,0.85,N/A (Standard 11 Taxonomy),,MISSING,data/lyrics/RMVM_S_24e5e54935.txt,AVAILABLE,,MISSING,,UNVERIFIED,TIER_B,LYRICS_ONLY,train
RMVM_S_f68a1d70cd,Khi Anh Ra Đi,Lưu Bích,ART_4c4952faa8,INSTRUMENTAL,source_tag_verification,0.85,N/A (Standard 11 Taxonomy),,MISSING,data/lyrics/RMVM_S_f68a1d70cd.txt,AVAILABLE,,MISSING,,UNVERIFIED,TIER_B,LYRICS_ONLY,train
RMVM_S_dcc5f86620,Còn Mãi Yêu Thương,Lưu Bích,ART_4c4952faa8,INSTRUMENTAL,source_tag_verification,0.85,N/A (Standard 11 Taxonomy),,MISSING,data/lyrics/RMVM_S_dcc5f86620.txt,AVAILABLE,,MISSING,,UNVERIFIED,TIER_B,LYRICS_ONLY,train
RMVM_S_e9d5331d8c,Đánh Rơi Tình Yêu,Lưu Bích,ART_4c4952faa8,INSTRUMENTAL,source_tag_verification,0.85,N/A (Standard 11 Taxonomy),,MISSING,data/lyrics/RMVM_S_e9d5331d8c.txt,AVAILABLE,,MISSING,,UNVERIFIED,TIER_B,LYRICS_ONLY,train
RMVM_S_d31ba1e017,Tình Là Thế,"BeeBoss, Tuấn Chung, Dương Huỳnh Khang",ART_7e9cc3c2f0,POP_BALLAD,deterministic_mapping,1.0,N/A (Standard 11 Taxonomy),,MISSING,,MISSING,data/covers/RMVM_S_d31ba1e017.jpg,AVAILABLE,,UNVERIFIED,TIER_A,COVER_ONLY,train
RMVM_S_9f3e51da9e,Chiến Sĩ Việt Nam,Tốp Ca,ART_03b9422e16,REVOLUTIONARY,deterministic_mapping,1.0,N/A (Standard 11 Taxonomy),,MISSING,data/lyrics/RMVM_S_9f3e51da9e.txt,AVAILABLE,,MISSING,,UNVERIFIED,TIER_A,LYRICS_ONLY,train
RMVM_S_736c42b1c4,Hộp thư thoại,Ronboogz,ART_cdfc590c4e,RAP_HIPHOP,deterministic_mapping,1.0,N/A (Standard 11 Taxonomy),,MISSING,data/lyrics/RMVM_S_736c42b1c4.txt,AVAILABLE,,MISSING,,UNVERIFIED,TIER_A,LYRICS_ONLY,train
RMVM_S_f5d24495ee,Đám Cưới Quê Tôi,Lý Kiến Hào,ART_d7da5a0708,BOLERO_TRUTINH,deterministic_mapping,1.0,N/A (Standard 11 Taxonomy),,MISSING,data/lyrics/RMVM_S_f5d24495ee.txt,AVAILABLE,,MISSING,,UNVERIFIED,TIER_A,LYRICS_ONLY,train
RMVM_S_cc2995bd67,Phụ Tình Tình Phụ,Lý Kiến Hào,ART_d7da5a0708,BOLERO_TRUTINH,deterministic_mapping,1.0,N/A (Standard 11 Taxonomy),,MISSING,data/lyrics/RMVM_S_cc2995bd67.txt,AVAILABLE,,MISSING,,UNVERIFIED,TIER_A,LYRICS_ONLY,train
RMVM_S_2d8ccd9678,Cô Gái Mù,Bức Tường,ART_376d48d912,ROCK,artist_discography_verification,0.85,N/A (Standard 11 Taxonomy),,MISSING,data/lyrics/RMVM_S_2d8ccd9678.txt,AVAILABLE,,MISSING,,UNVERIFIED,TIER_B,LYRICS_ONLY,train
RMVM_S_acb937043a,Bài Ca Sông Hồng,Bức Tường,ART_376d48d912,ROCK,artist_discography_verification,0.85,N/A (Standard 11 Taxonomy),,MISSING,data/lyrics/RMVM_S_acb937043a.txt,AVAILABLE,,MISSING,,UNVERIFIED,TIER_B,LYRICS_ONLY,train
RMVM_S_85836b7581,Ta Sẽ Trở Lại,Bức Tường,ART_376d48d912,POP_BALLAD,deterministic_mapping,1.0,N/A (Standard 11 Taxonomy),,MISSING,data/lyrics/RMVM_S_85836b7581.txt,AVAILABLE,,MISSING,,UNVERIFIED,TIER_A,LYRICS_ONLY,train
RMVM_S_e837d54495,Niền Tin Cho Cát Bụi,Bức Tường,ART_376d48d912,ROCK,artist_discography_verification,0.85,N/A (Standard 11 Taxonomy),,MISSING,data/lyrics/RMVM_S_e837d54495.txt,AVAILABLE,,MISSING,,UNVERIFIED,TIER_B,LYRICS_ONLY,train
RMVM_S_2f0937a452,Dấu Vết Nghiệt Ngã,Bức Tường,ART_376d48d912,ROCK,artist_discography_verification,0.85,N/A (Standard 11 Taxonomy),,MISSING,data/lyrics/RMVM_S_2f0937a452.txt,AVAILABLE,,MISSING,,UNVERIFIED,TIER_B,LYRICS_ONLY,train
RMVM_S_01c25182d6,Chuyện Tình Của Thủy Thần,Bức Tường,ART_376d48d912,ROCK,artist_discography_verification,0.85,N/A (Standard 11 Taxonomy),,MISSING,data/lyrics/RMVM_S_01c25182d6.txt,AVAILABLE,,MISSING,,UNVERIFIED,TIER_B,LYRICS_ONLY,train
RMVM_S_5025ee1864,Khám Phá,Bức Tường,ART_376d48d912,ROCK,artist_discography_verification,0.85,N/A (Standard 11 Taxonomy),,MISSING,data/lyrics/RMVM_S_5025ee1864.txt,AVAILABLE,,MISSING,,UNVERIFIED,TIER_B,LYRICS_ONLY,train
RMVM_S_8eb88edcb2,Cha Và Con,Bức Tường,ART_376d48d912,ROCK,artist_discography_verification,0.85,N/A (Standard 11 Taxonomy),,MISSING,data/lyrics/RMVM_S_8eb88edcb2.txt,AVAILABLE,,MISSING,,UNVERIFIED,TIER_B,LYRICS_ONLY,train
RMVM_MB_6db3eb9f8d,Hoa Ban trắng,Bức Tường,ART_376d48d912,ROCK,musicbrainz_artist_discography,0.85,N/A (Standard 11 Taxonomy),,MISSING,,MISSING,,MISSING,2010.0,VERIFIED,TIER_B,NO_PHYSICAL_MODALITY,train
RMVM_MB_384ab4ab25,Ngày khác,Bức Tường,ART_376d48d912,ROCK,musicbrainz_artist_discography,0.85,N/A (Standard 11 Taxonomy),,MISSING,,MISSING,,MISSING,2010.0,VERIFIED,TIER_B,NO_PHYSICAL_MODALITY,train
RMVM_MB_e7b6832b18,Cô gái quàng khăn đỏ,Bức Tường,ART_376d48d912,ROCK,musicbrainz_artist_discography,0.85,N/A (Standard 11 Taxonomy),,MISSING,,MISSING,,MISSING,2010.0,VERIFIED,TIER_B,NO_PHYSICAL_MODALITY,train
RMVM_MB_3425fd35a2,Cho bước chân em đi,Bức Tường,ART_376d48d912,ROCK,musicbrainz_artist_discography,0.85,N/A (Standard 11 Taxonomy),,MISSING,,MISSING,,MISSING,2010.0,VERIFIED,TIER_B,NO_PHYSICAL_MODALITY,train
RMVM_MB_1e5eec8ae1,Cơn mưa hoang dã (reload),Bức Tường,ART_376d48d912,ROCK,musicbrainz_artist_discography,0.85,N/A (Standard 11 Taxonomy),,MISSING,,MISSING,,MISSING,2003.0,VERIFIED,TIER_B,NO_PHYSICAL_MODALITY,train
RMVM_MB_ccbaa35021,Người mộng du,Bức Tường,ART_376d48d912,ROCK,musicbrainz_artist_discography,0.85,N/A (Standard 11 Taxonomy),,MISSING,,MISSING,,MISSING,2004.0,VERIFIED,TIER_B,NO_PHYSICAL_MODALITY,train
RMVM_MB_fb505159f5,Giọt đắng,Bức Tường,ART_376d48d912,ROCK,musicbrainz_artist_discography,0.85,N/A (Standard 11 Taxonomy),,MISSING,,MISSING,,MISSING,2002.0,VERIFIED,TIER_B,NO_PHYSICAL_MODALITY,train
RMVM_S_76f79259e6,Chàng Khờ Bán Chiếu,Hoàng Ngọc Sơn,ART_6dff36829a,BOLERO_TRUTINH,deterministic_mapping,1.0,N/A (Standard 11 Taxonomy),,MISSING,data/lyrics/RMVM_S_76f79259e6.txt,AVAILABLE,,MISSING,,UNVERIFIED,TIER_A,LYRICS_ONLY,train
RMVM_S_48147fde82,Anh Muốn,Hoàng Ngọc Sơn,ART_6dff36829a,POP_BALLAD,deterministic_mapping,0.85,N/A (Standard 11 Taxonomy),,MISSING,,MISSING,,MISSING,,UNVERIFIED,TIER_B,NO_PHYSICAL_MODALITY,train
RMVM_S_253e0a8ce8,Anh Đâu Đợi Nổi Một Cơn Mưa,Khói,ART_44fe5350a5,POP_BALLAD,deterministic_mapping,1.0,N/A (Standard 11 Taxonomy),,MISSING,data/lyrics/RMVM_S_253e0a8ce8.txt,AVAILABLE,,MISSING,,UNVERIFIED,TIER_A,LYRICS_ONLY,train
RMVM_S_2f5310e28e,Hai Đám Mây,Khói,ART_44fe5350a5,POP_BALLAD,deterministic_mapping,1.0,N/A (Standard 11 Taxonomy),,MISSING,data/lyrics/RMVM_S_2f5310e28e.txt,AVAILABLE,,MISSING,,UNVERIFIED,TIER_A,LYRICS_ONLY,train
RMVM_S_79ad801669,Một Chút Gì Rất Huế,Xuân Viên,ART_d47827254e,FOLK_TRADITIONAL,deterministic_mapping,1.0,N/A (Standard 11 Taxonomy),,MISSING,data/lyrics/RMVM_S_79ad801669.txt,AVAILABLE,,MISSING,,UNVERIFIED,TIER_A,LYRICS_ONLY,train
RMVM_S_3a05ebe175,Đời Là Thế Đó,Hoàng Vinh,ART_4998de563b,POP_BALLAD,deterministic_mapping,1.0,N/A (Standard 11 Taxonomy),,MISSING,data/lyrics/RMVM_S_3a05ebe175.txt,AVAILABLE,,MISSING,,UNVERIFIED,TIER_A,LYRICS_ONLY,train
RMVM_S_f9d7cffec7,Con Đường Tình Ta Đi & Trả Lại Em Yêu,"Ái Vân, Duy Quang",ART_2aa2cee34b,INSTRUMENTAL,source_tag_verification,0.85,N/A (Standard 11 Taxonomy),,MISSING,data/lyrics/RMVM_S_f9d7cffec7.txt,AVAILABLE,,MISSING,,UNVERIFIED,TIER_B,LYRICS_ONLY,train
RMVM_S_d8d87ea3e6,Anh Không Thể Quay Lại,Lâm Nhật Thái,ART_130d892444,POP_BALLAD,deterministic_mapping,1.0,N/A (Standard 11 Taxonomy),,MISSING,data/lyrics/RMVM_S_d8d87ea3e6.txt,AVAILABLE,,MISSING,,UNVERIFIED,TIER_A,LYRICS_ONLY,train
RMVM_S_d2b8b73592,Chung Nhà Chung Hạnh Phúc,"Nguyễn Tuấn, Phạm Sắc Lệnh",ART_5d5e5c0bae,POP_BALLAD,deterministic_mapping,1.0,N/A (Standard 11 Taxonomy),,MISSING,data/lyrics/RMVM_S_d2b8b73592.txt,AVAILABLE,,MISSING,,UNVERIFIED,TIER_A,LYRICS_ONLY,train
RMVM_S_c0fbff2173,Anh Có Tài Mà,Xuân Nghị,ART_fa174418a6,POP_BALLAD,deterministic_mapping,1.0,N/A (Standard 11 Taxonomy),,MISSING,data/lyrics/RMVM_S_c0fbff2173.txt,AVAILABLE,,MISSING,,UNVERIFIED,TIER_A,LYRICS_ONLY,train
RMVM_S_f2b4f16ef7,Năm Tới Con Về,"Công Danh, Trọng Vĩnh",ART_241850f817,POP_BALLAD,deterministic_mapping,1.0,N/A (Standard 11 Taxonomy),,MISSING,data/lyrics/RMVM_S_f2b4f16ef7.txt,AVAILABLE,,MISSING,,UNVERIFIED,TIER_A,LYRICS_ONLY,train
RMVM_S_a9929adac5,Huyết Nguyệt,"CM1X, Alice, Roki",ART_387351321a,POP_BALLAD,deterministic_mapping,1.0,N/A (Standard 11 Taxonomy),,MISSING,data/lyrics/RMVM_S_a9929adac5.txt,AVAILABLE,,MISSING,,UNVERIFIED,TIER_A,LYRICS_ONLY,train
RMVM_S_7ab9d4eb04,chạy theo cơn mưa,"Phượng Vũ, Tuno, PhiWoai",ART_99de074d81,POP_BALLAD,deterministic_mapping,1.0,N/A (Standard 11 Taxonomy),,MISSING,data/lyrics/RMVM_S_7ab9d4eb04.txt,AVAILABLE,,MISSING,,UNVERIFIED,TIER_A,LYRICS_ONLY,train
RMVM_S_d15fd005ed,Anh Sẽ Yêu Em Đến Khi Nào (BLUE REMIX),ZIN MEDIA,ART_d31ea14d96,DANCE_EDM,deterministic_mapping,1.0,N/A (Standard 11 Taxonomy),,MISSING,data/lyrics/RMVM_S_d15fd005ed.txt,AVAILABLE,,MISSING,,UNVERIFIED,TIER_A,LYRICS_ONLY,train
RMVM_S_ca27d6f989,Liên Khúc: Ước Mơ Trong Đời - Có Nhau Trọn Đời (Live),Hồ Quỳnh Hương,ART_b84167a040,POP_BALLAD,deterministic_mapping,1.0,N/A (Standard 11 Taxonomy),,MISSING,,MISSING,data/covers/RMVM_S_ca27d6f989.jpg,AVAILABLE,2011.0,VERIFIED,TIER_A,COVER_ONLY,train
RMVM_S_528263fda7,Cứ Ngỡ Là Em,Hồ Quỳnh Hương,ART_b84167a040,POP_BALLAD,deterministic_mapping,1.0,N/A (Standard 11 Taxonomy),,MISSING,data/lyrics/RMVM_S_528263fda7.txt,AVAILABLE,,MISSING,,UNVERIFIED,TIER_A,LYRICS_ONLY,train
RMVM_S_29c3bc7e3f,Khi Một Mình,Hồ Quỳnh Hương,ART_b84167a040,BOLERO_TRUTINH,deterministic_mapping,1.0,N/A (Standard 11 Taxonomy),,MISSING,data/lyrics/RMVM_S_29c3bc7e3f.txt,AVAILABLE,,MISSING,,UNVERIFIED,TIER_A,LYRICS_ONLY,train
RMVM_S_15e4883a68,Đâu Còn Đây (Lofi),"Nal, Lee Ken",ART_bec1d97393,POP_BALLAD,deterministic_mapping,1.0,N/A (Standard 11 Taxonomy),,MISSING,data/lyrics/RMVM_S_15e4883a68.txt,AVAILABLE,,MISSING,,UNVERIFIED,TIER_A,LYRICS_ONLY,train
RMVM_S_f664a6047d,Lk Phải Lòng Con Gái Bến Tre Áo Mới Cà Mau,"Lưu Ánh Loan, Lưu Chí Vỹ",ART_7b0c0d437e,POP_BALLAD,deterministic_mapping,1.0,N/A (Standard 11 Taxonomy),,MISSING,data/lyrics/RMVM_S_f664a6047d.txt,AVAILABLE,,MISSING,,UNVERIFIED,TIER_A,LYRICS_ONLY,train
RMVM_S_f91f6864f7,Xin Vẫy Tay Chào,Hồng Quyên,ART_3823754c5d,BOLERO_TRUTINH,deterministic_mapping,1.0,N/A (Standard 11 Taxonomy),,MISSING,data/lyrics/RMVM_S_f91f6864f7.txt,AVAILABLE,,MISSING,,UNVERIFIED,TIER_A,LYRICS_ONLY,train
RMVM_S_29738afb15,Chuyện Một Người Đi,Hồng Quyên,ART_3823754c5d,BOLERO_TRUTINH,deterministic_mapping,1.0,N/A (Standard 11 Taxonomy),,MISSING,data/lyrics/RMVM_S_29738afb15.txt,AVAILABLE,,MISSING,,UNVERIFIED,TIER_A,LYRICS_ONLY,train
RMVM_S_57e6e79cdc,Anh Muốn Đặt Tên Em Cho Bài Hát Này,nighTy,ART_7054c1eeda,POP_BALLAD,deterministic_mapping,1.0,N/A (Standard 11 Taxonomy),,MISSING,data/lyrics/RMVM_S_57e6e79cdc.txt,AVAILABLE,,MISSING,,UNVERIFIED,TIER_A,LYRICS_ONLY,train
RMVM_S_1d35e6a668,Lối Đi Cho Nhau (Gold Mk Remix),"Hùng Quân, Quý Nhỏ",ART_4194a92447,POP_BALLAD,deterministic_mapping,1.0,N/A (Standard 11 Taxonomy),,MISSING,data/lyrics/RMVM_S_1d35e6a668.txt,AVAILABLE,,MISSING,,UNVERIFIED,TIER_A,LYRICS_ONLY,train
RMVM_S_675081daa2,Ave Maria Trăng Từ Bi,"Mai Thiên Vân, Thiên Tôn",ART_55d0d18843,INSTRUMENTAL,source_tag_verification,0.85,N/A (Standard 11 Taxonomy),,MISSING,data/lyrics/RMVM_S_675081daa2.txt,AVAILABLE,,MISSING,,UNVERIFIED,TIER_B,LYRICS_ONLY,train
RMVM_S_482749d27f,Đậm Sâu Rồi Cũng Phai Tàn,Nguyễn Bảo Minh Long,ART_b3d6c74446,POP_BALLAD,deterministic_mapping,1.0,N/A (Standard 11 Taxonomy),,MISSING,data/lyrics/RMVM_S_482749d27f.txt,AVAILABLE,,MISSING,,UNVERIFIED,TIER_A,LYRICS_ONLY,train
RMVM_S_cfa4f55a1c,Anh Nhớ Gì Không Anh,Trần Thái Hòa,ART_1b610001da,BOLERO_TRUTINH,deterministic_mapping,1.0,N/A (Standard 11 Taxonomy),,MISSING,data/lyrics/RMVM_S_cfa4f55a1c.txt,AVAILABLE,,MISSING,,UNVERIFIED,TIER_A,LYRICS_ONLY,train
RMVM_S_b8e22a6324,Bóng Chiều Tà,Trần Thái Hòa,ART_1b610001da,INSTRUMENTAL,source_tag_verification,0.85,N/A (Standard 11 Taxonomy),,MISSING,data/lyrics/RMVM_S_b8e22a6324.txt,AVAILABLE,,MISSING,,UNVERIFIED,TIER_B,LYRICS_ONLY,train
RMVM_S_f49647f07b,Đường Về Miền Bắc,Trần Thái Hòa,ART_1b610001da,INSTRUMENTAL,source_tag_verification,0.85,N/A (Standard 11 Taxonomy),,MISSING,data/lyrics/RMVM_S_f49647f07b.txt,AVAILABLE,,MISSING,,UNVERIFIED,TIER_B,LYRICS_ONLY,train
RMVM_S_5f8803b4a0,Tôi Đi Giữa Hoàng Hôn,Trần Thái Hòa,ART_1b610001da,INSTRUMENTAL,source_tag_verification,0.85,N/A (Standard 11 Taxonomy),,MISSING,data/lyrics/RMVM_S_5f8803b4a0.txt,AVAILABLE,,MISSING,,UNVERIFIED,TIER_B,LYRICS_ONLY,train
RMVM_MB_e5c2b3cb51,Hạt mưa buồn,Trần Thái Hòa,ART_1b610001da,NHAC_TRINH,musicbrainz_artist_discography,0.85,N/A (Standard 11 Taxonomy),,MISSING,,MISSING,,MISSING,2003.0,VERIFIED,TIER_B,NO_PHYSICAL_MODALITY,train
RMVM_MB_1ae47c4839,Bài không tên số 8,Trần Thái Hòa,ART_1b610001da,NHAC_TRINH,musicbrainz_artist_discography,0.85,N/A (Standard 11 Taxonomy),,MISSING,,MISSING,,MISSING,2002.0,VERIFIED,TIER_B,NO_PHYSICAL_MODALITY,train
RMVM_MB_4d07d14ff2,Hai năm tình lận đận,Trần Thái Hòa,ART_1b610001da,NHAC_TRINH,musicbrainz_artist_discography,0.85,N/A (Standard 11 Taxonomy),,MISSING,,MISSING,,MISSING,2003.0,VERIFIED,TIER_B,NO_PHYSICAL_MODALITY,train
RMVM_MB_5d2d409882,Nhạt nhòa,Trần Thái Hòa,ART_1b610001da,NHAC_TRINH,musicbrainz_artist_discography,0.85,N/A (Standard 11 Taxonomy),,MISSING,,MISSING,,MISSING,2002.0,VERIFIED,TIER_B,NO_PHYSICAL_MODALITY,train
RMVM_MB_707176bbc3,Mưa lệ,Trần Thái Hòa,ART_1b610001da,NHAC_TRINH,musicbrainz_artist_discography,0.85,N/A (Standard 11 Taxonomy),,MISSING,,MISSING,,MISSING,2004.0,VERIFIED,TIER_B,NO_PHYSICAL_MODALITY,train
RMVM_MB_0e3c5be2e3,Danh Thoi Gia Tu,Trần Thái Hòa,ART_1b610001da,NHAC_TRINH,musicbrainz_artist_discography,0.85,N/A (Standard 11 Taxonomy),,MISSING,,MISSING,,MISSING,,UNVERIFIED,TIER_B,NO_PHYSICAL_MODALITY,train
RMVM_MB_1933ad2c22,Vũng lầy của chúng ta,Trần Thái Hòa,ART_1b610001da,NHAC_TRINH,musicbrainz_artist_discography,0.85,N/A (Standard 11 Taxonomy),,MISSING,,MISSING,,MISSING,2006.0,VERIFIED,TIER_B,NO_PHYSICAL_MODALITY,train
RMVM_MB_f90085cf62,Đưa người tuyệt vọng,Trần Thái Hòa,ART_1b610001da,NHAC_TRINH,musicbrainz_artist_discography,0.85,N/A (Standard 11 Taxonomy),,MISSING,,MISSING,,MISSING,2006.0,VERIFIED,TIER_B,NO_PHYSICAL_MODALITY,train
RMVM_MB_da2575c983,Nắng hạ,Trần Thái Hòa,ART_1b610001da,NHAC_TRINH,musicbrainz_artist_discography,0.85,N/A (Standard 11 Taxonomy),,MISSING,,MISSING,,MISSING,2007.0,VERIFIED,TIER_B,NO_PHYSICAL_MODALITY,train
RMVM_MB_13042ffd9c,Mái tranh chiều,Trần Thái Hòa,ART_1b610001da,NHAC_TRINH,musicbrainz_artist_discography,0.85,N/A (Standard 11 Taxonomy),,MISSING,,MISSING,,MISSING,2002.0,VERIFIED,TIER_B,NO_PHYSICAL_MODALITY,train
RMVM_MB_7bf09882d0,Muộn,Trần Thái Hòa,ART_1b610001da,NHAC_TRINH,musicbrainz_artist_discography,0.85,N/A (Standard 11 Taxonomy),,MISSING,,MISSING,,MISSING,,UNVERIFIED,TIER_B,NO_PHYSICAL_MODALITY,train
RMVM_MB_b25294b59e,Tình rơi,Trần Thái Hòa,ART_1b610001da,NHAC_TRINH,musicbrainz_artist_discography,0.85,N/A (Standard 11 Taxonomy),,MISSING,,MISSING,,MISSING,2007.0,VERIFIED,TIER_B,NO_PHYSICAL_MODALITY,train
RMVM_MB_10cd2b734f,Tiếng mưa đêm,Trần Thái Hòa,ART_1b610001da,NHAC_TRINH,musicbrainz_artist_discography,0.85,N/A (Standard 11 Taxonomy),,MISSING,,MISSING,,MISSING,2002.0,VERIFIED,TIER_B,NO_PHYSICAL_MODALITY,train
RMVM_MB_ab90c64037,Quen Di Tinh Yeu Cu,Trần Thái Hòa,ART_1b610001da,NHAC_TRINH,musicbrainz_artist_discography,0.85,N/A (Standard 11 Taxonomy),,MISSING,,MISSING,,MISSING,,UNVERIFIED,TIER_B,NO_PHYSICAL_MODALITY,train
RMVM_MB_76c88049ac,Rưng rưng lệ,Trần Thái Hòa,ART_1b610001da,NHAC_TRINH,musicbrainz_artist_discography,0.85,N/A (Standard 11 Taxonomy),,MISSING,,MISSING,,MISSING,2007.0,VERIFIED,TIER_B,NO_PHYSICAL_MODALITY,train
RMVM_MB_f78539ed5e,Con đường tình ta đi,Trần Thái Hòa,ART_1b610001da,NHAC_TRINH,musicbrainz_artist_discography,0.85,N/A (Standard 11 Taxonomy),,MISSING,,MISSING,,MISSING,2002.0,VERIFIED,TIER_B,NO_PHYSICAL_MODALITY,train
RMVM_S_fe580202f3,Càng Biết Càng Đau,Liz Kim Cương,ART_68919aafb3,POP_BALLAD,deterministic_mapping,1.0,N/A (Standard 11 Taxonomy),,MISSING,data/lyrics/RMVM_S_fe580202f3.txt,AVAILABLE,data/covers/RMVM_S_fe580202f3.jpg,AVAILABLE,,UNVERIFIED,TIER_A,LYRICS_COVER,train
RMVM_S_a4df759f86,Cho Em Xin Thêm 1 Phút,Liz Kim Cương,ART_68919aafb3,POP_BALLAD,deterministic_mapping,1.0,N/A (Standard 11 Taxonomy),,MISSING,data/lyrics/RMVM_S_a4df759f86.txt,AVAILABLE,,MISSING,,UNVERIFIED,TIER_A,LYRICS_ONLY,train
RMVM_S_8aeacf3b09,Đừng Như Thói Quen (Cover),"Anh Toàn Nguyễn, Trần Ngọc Bảo",ART_835c48a9d8,POP_BALLAD,deterministic_mapping,1.0,N/A (Standard 11 Taxonomy),,MISSING,data/lyrics/RMVM_S_8aeacf3b09.txt,AVAILABLE,,MISSING,,UNVERIFIED,TIER_A,LYRICS_ONLY,train
RMVM_S_b16ebbff5e,Đừng Như Thói Quen (Cover) (Beat Nam),"Anh Toàn Nguyễn, Trần Ngọc Bảo",ART_835c48a9d8,POP_BALLAD,deterministic_mapping,1.0,N/A (Standard 11 Taxonomy),,MISSING,data/lyrics/RMVM_S_b16ebbff5e.txt,AVAILABLE,,MISSING,,UNVERIFIED,TIER_A,LYRICS_ONLY,train
RMVM_S_13ad5b9f2f,Biết Đau Nhưng Vẫn Yêu,Hồ Gia Khánh,ART_a2effaecdf,POP_BALLAD,deterministic_mapping,1.0,N/A (Standard 11 Taxonomy),,MISSING,data/lyrics/RMVM_S_13ad5b9f2f.txt,AVAILABLE,,MISSING,,UNVERIFIED,TIER_A,LYRICS_ONLY,train
RMVM_S_70411c7989,Đau Trong Quá Khứ,Hồ Gia Khánh,ART_a2effaecdf,POP_BALLAD,deterministic_mapping,1.0,N/A (Standard 11 Taxonomy),,MISSING,data/lyrics/RMVM_S_70411c7989.txt,AVAILABLE,,MISSING,,UNVERIFIED,TIER_A,LYRICS_ONLY,train
RMVM_S_725c5ee3b3,Anh Không Yêu Cô Gái Đó (Remix),Hồ Gia Khánh,ART_a2effaecdf,POP_BALLAD,deterministic_mapping,1.0,N/A (Standard 11 Taxonomy),,MISSING,data/lyrics/RMVM_S_725c5ee3b3.txt,AVAILABLE,,MISSING,,UNVERIFIED,TIER_A,LYRICS_ONLY,train
RMVM_S_fe22077c0d,Dại Khờ,"Bảo Ngọc, Thế Sơn",ART_fe4b87460c,INSTRUMENTAL,source_tag_verification,0.85,N/A (Standard 11 Taxonomy),,MISSING,data/lyrics/RMVM_S_fe22077c0d.txt,AVAILABLE,,MISSING,,UNVERIFIED,TIER_B,LYRICS_ONLY,train
RMVM_S_7d8e681456,Đừng Thương Họ Như Em Đã Thương Anh,Đình Dũng,ART_01bdab4e13,POP_BALLAD,deterministic_mapping,1.0,N/A (Standard 11 Taxonomy),,MISSING,data/lyrics/RMVM_S_7d8e681456.txt,AVAILABLE,,MISSING,,UNVERIFIED,TIER_A,LYRICS_ONLY,train
RMVM_S_eba8cc8c03,AI KHÓC CHO EM ?,"Poll, MinT",ART_807245af93,RAP_HIPHOP,deterministic_mapping,1.0,N/A (Standard 11 Taxonomy),,MISSING,data/lyrics/RMVM_S_eba8cc8c03.txt,AVAILABLE,,MISSING,,UNVERIFIED,TIER_A,LYRICS_ONLY,train
RMVM_S_e7663877e9,Xa Nhau Rồi Anh Nhớ Không,Nam Em,ART_c759ccf76d,POP_BALLAD,deterministic_mapping,1.0,N/A (Standard 11 Taxonomy),,MISSING,data/lyrics/RMVM_S_e7663877e9.txt,AVAILABLE,,MISSING,,UNVERIFIED,TIER_A,LYRICS_ONLY,train
RMVM_S_adfa1883fd,Vây Giữ (Cover),Nam Em,ART_c759ccf76d,POP_BALLAD,deterministic_mapping,1.0,N/A (Standard 11 Taxonomy),,MISSING,data/lyrics/RMVM_S_adfa1883fd.txt,AVAILABLE,,MISSING,,UNVERIFIED,TIER_A,LYRICS_ONLY,train
RMVM_S_ab6814ddf1,Nỗi Nhớ Hóa Băng,Nam Em,ART_c759ccf76d,POP_BALLAD,deterministic_mapping,1.0,N/A (Standard 11 Taxonomy),,MISSING,data/lyrics/RMVM_S_ab6814ddf1.txt,AVAILABLE,,MISSING,,UNVERIFIED,TIER_A,LYRICS_ONLY,train
RMVM_S_bcecfa98f0,Tội Cho Cô Gái Đó,Nam Em,ART_c759ccf76d,POP_BALLAD,deterministic_mapping,1.0,N/A (Standard 11 Taxonomy),,MISSING,data/lyrics/RMVM_S_bcecfa98f0.txt,AVAILABLE,,MISSING,,UNVERIFIED,TIER_A,LYRICS_ONLY,train
RMVM_S_e636827b51,Biển Nhớ,Mèo Ú Guitar,ART_58f7a7cab9,INSTRUMENTAL,deterministic_mapping,1.0,N/A (Standard 11 Taxonomy),,MISSING,,MISSING,data/covers/RMVM_S_e636827b51.jpg,AVAILABLE,,UNVERIFIED,TIER_A,COVER_ONLY,train
RMVM_S_4510b57bc4,Như Lần Đầu,Nguyên Hà,ART_2f3e4cb8ac,POP_BALLAD,deterministic_mapping,1.0,N/A (Standard 11 Taxonomy),,MISSING,data/lyrics/RMVM_S_4510b57bc4.txt,AVAILABLE,,MISSING,,UNVERIFIED,TIER_A,LYRICS_ONLY,train
RMVM_S_d473dfc472,Đã Từng Như Thế,Nguyên Hà,ART_2f3e4cb8ac,POP_BALLAD,deterministic_mapping,1.0,N/A (Standard 11 Taxonomy),,MISSING,data/lyrics/RMVM_S_d473dfc472.txt,AVAILABLE,,MISSING,,UNVERIFIED,TIER_A,LYRICS_ONLY,train
RMVM_S_821affbd89,Thu hát cho người,Phạm Thu Hà,ART_b59ec9abe0,BOLERO_TRUTINH,deterministic_mapping,1.0,N/A (Standard 11 Taxonomy),,MISSING,data/lyrics/RMVM_S_821affbd89.txt,AVAILABLE,,MISSING,,UNVERIFIED,TIER_A,LYRICS_ONLY,train
RMVM_S_d5f5124015,Vũ Điệu Tình Say,"Minh Tuyết, Lương Tùng Quang",ART_59554a93b3,INSTRUMENTAL,source_tag_verification,0.85,N/A (Standard 11 Taxonomy),,MISSING,data/lyrics/RMVM_S_d5f5124015.txt,AVAILABLE,data/covers/RMVM_S_d5f5124015.jpg,AVAILABLE,,UNVERIFIED,TIER_B,LYRICS_COVER,train
RMVM_S_9a7b92a548,Chỉ Còn Lại Tôi,"Chung Thanh Duy, Quân Han",ART_2a0d791d35,POP_BALLAD,deterministic_mapping,1.0,N/A (Standard 11 Taxonomy),,MISSING,data/lyrics/RMVM_S_9a7b92a548.txt,AVAILABLE,,MISSING,,UNVERIFIED,TIER_A,LYRICS_ONLY,train
RMVM_S_7936bd3cdb,Liên Khúc Ngỏ Lời,"Đặng Trí Trung, Võ Lam Phương",ART_1980383c03,INSTRUMENTAL,source_tag_verification,0.85,N/A (Standard 11 Taxonomy),,MISSING,,MISSING,data/covers/RMVM_S_7936bd3cdb.jpg,AVAILABLE,,UNVERIFIED,TIER_B,COVER_ONLY,train
RMVM_S_c125e52b6a,Chiếc Lá Cuối Cùng,Quỳnh Lan,ART_6fa17b2738,BOLERO_TRUTINH,deterministic_mapping,1.0,N/A (Standard 11 Taxonomy),,MISSING,data/lyrics/RMVM_S_c125e52b6a.txt,AVAILABLE,,MISSING,,UNVERIFIED,TIER_A,LYRICS_ONLY,train
RMVM_S_30276833c6,Tình Đơn Phương 3 (Rumba),"Bảo Trân Đặng, CT",ART_60d23a1653,POP_BALLAD,deterministic_mapping,1.0,N/A (Standard 11 Taxonomy),,MISSING,data/lyrics/RMVM_S_30276833c6.txt,AVAILABLE,,MISSING,,UNVERIFIED,TIER_A,LYRICS_ONLY,train
RMVM_S_c245b458d3,Ca Sĩ Nhạc Pop,"OSAD, Captain",ART_2b6dd1d2aa,RB_SOUL,deterministic_mapping,1.0,N/A (Standard 11 Taxonomy),,MISSING,data/lyrics/RMVM_S_c245b458d3.txt,AVAILABLE,,MISSING,,UNVERIFIED,TIER_A,LYRICS_ONLY,train
RMVM_S_798fe8e947,Chẳng Yêu Nữa Rồi,"Aki Khoa, NB3 Hoài Bảo",ART_8458ac90c2,POP_BALLAD,deterministic_mapping,1.0,N/A (Standard 11 Taxonomy),,MISSING,data/lyrics/RMVM_S_798fe8e947.txt,AVAILABLE,,MISSING,,UNVERIFIED,TIER_A,LYRICS_ONLY,train
RMVM_S_94e1502607,Lang Thang Nghênh Ngang,Cường DC,ART_7718482ef7,POP_BALLAD,deterministic_mapping,1.0,N/A (Standard 11 Taxonomy),,MISSING,data/lyrics/RMVM_S_94e1502607.txt,AVAILABLE,,MISSING,,UNVERIFIED,TIER_A,LYRICS_ONLY,train
RMVM_S_79a3d5d76f,Chiếc Khăn Piêu - Cô Gái Vót Chông,"Anh Thơ, Dương Hoàng Yến",ART_49b915a9aa,REVOLUTIONARY,deterministic_mapping,1.0,N/A (Standard 11 Taxonomy),,MISSING,data/lyrics/RMVM_S_79a3d5d76f.txt,AVAILABLE,,MISSING,,UNVERIFIED,TIER_A,LYRICS_ONLY,train
RMVM_S_84210c1b80,Gọi Là Người Dưng,Trung Dio,ART_c9e4cbe0ff,POP_BALLAD,deterministic_mapping,1.0,N/A (Standard 11 Taxonomy),,MISSING,data/lyrics/RMVM_S_84210c1b80.txt,AVAILABLE,,MISSING,,UNVERIFIED,TIER_A,LYRICS_ONLY,train
RMVM_S_fa138c294d,Em Chọn Cách Rời Xa,"Vĩnh Thuyên Kim, TRUNKY",ART_0cf54efa78,POP_BALLAD,deterministic_mapping,1.0,N/A (Standard 11 Taxonomy),,MISSING,data/lyrics/RMVM_S_fa138c294d.txt,AVAILABLE,,MISSING,,UNVERIFIED,TIER_A,LYRICS_ONLY,train
RMVM_S_a97389d63c,Càng Yêu Càng Tổn Thương,Tiêu Minh Tiến,ART_a948f400a5,POP_BALLAD,deterministic_mapping,1.0,N/A (Standard 11 Taxonomy),,MISSING,data/lyrics/RMVM_S_a97389d63c.txt,AVAILABLE,,MISSING,,UNVERIFIED,TIER_A,LYRICS_ONLY,train
RMVM_S_4ffcce5e2b,Cứ Đi Và Yêu,"Đan Trường, Trung Quang",ART_1e6f0caca0,POP_BALLAD,deterministic_mapping,1.0,N/A (Standard 11 Taxonomy),,MISSING,data/lyrics/RMVM_S_4ffcce5e2b.txt,AVAILABLE,data/covers/RMVM_S_4ffcce5e2b.jpg,AVAILABLE,,UNVERIFIED,TIER_A,LYRICS_COVER,train
RMVM_S_7520cb481c,14 Ngày Nhớ Em,Đinh Đại Vũ,ART_206f2813bd,POP_BALLAD,deterministic_mapping,1.0,N/A (Standard 11 Taxonomy),,MISSING,,MISSING,data/covers/RMVM_S_7520cb481c.jpg,AVAILABLE,,UNVERIFIED,TIER_A,COVER_ONLY,train
RMVM_S_343372b82a,Bạn Ổn Không (Son2M Remix),Đinh Đại Vũ,ART_206f2813bd,POP_BALLAD,deterministic_mapping,1.0,N/A (Standard 11 Taxonomy),,MISSING,data/lyrics/RMVM_S_343372b82a.txt,AVAILABLE,,MISSING,,UNVERIFIED,TIER_A,LYRICS_ONLY,train
RMVM_S_00155eb409,Em Là 102,Đinh Đại Vũ,ART_206f2813bd,POP_BALLAD,deterministic_mapping,1.0,N/A (Standard 11 Taxonomy),,MISSING,data/lyrics/RMVM_S_00155eb409.txt,AVAILABLE,,MISSING,,UNVERIFIED,TIER_A,LYRICS_ONLY,train
RMVM_S_bd10ebebb6,Người Anh Yêu Nhất,Đinh Đại Vũ,ART_206f2813bd,POP_BALLAD,deterministic_mapping,1.0,N/A (Standard 11 Taxonomy),,MISSING,data/lyrics/RMVM_S_bd10ebebb6.txt,AVAILABLE,,MISSING,,UNVERIFIED,TIER_A,LYRICS_ONLY,train
RMVM_S_e971637704,"Đừng Yêu Nữa, Em Mệt Rồi (Cover)",Nguyễn Trần Trung Quân,ART_842a1031cf,POP_BALLAD,deterministic_mapping,1.0,N/A (Standard 11 Taxonomy),,MISSING,data/lyrics/RMVM_S_e971637704.txt,AVAILABLE,,MISSING,,UNVERIFIED,TIER_A,LYRICS_ONLY,train
RMVM_S_d9ecdb5844,Vì Nghèo,"Diễm Trang, Hoàng Diễn",ART_6c43dddb6f,POP_BALLAD,deterministic_mapping,1.0,N/A (Standard 11 Taxonomy),,MISSING,data/lyrics/RMVM_S_d9ecdb5844.txt,AVAILABLE,,MISSING,,UNVERIFIED,TIER_A,LYRICS_ONLY,train
RMVM_S_1391290dfb,Bằng Lòng Không Em,"Khang Ty, PIU",ART_c7c411cf22,POP_BALLAD,deterministic_mapping,1.0,N/A (Standard 11 Taxonomy),,MISSING,data/lyrics/RMVM_S_1391290dfb.txt,AVAILABLE,,MISSING,,UNVERIFIED,TIER_A,LYRICS_ONLY,train
RMVM_S_821a98714f,Bỉ Ngạn,Aiden,ART_baaf2d2a11,POP_BALLAD,deterministic_mapping,1.0,N/A (Standard 11 Taxonomy),,MISSING,data/lyrics/RMVM_S_821a98714f.txt,AVAILABLE,,MISSING,,UNVERIFIED,TIER_A,LYRICS_ONLY,train
RMVM_S_cb9c218f5e,Anh Vẫn Ở Đây (Wan Remix),"Thành Đạt, HOA HỒNG DẠI MUSIC",ART_2c5d64c868,DANCE_EDM,deterministic_mapping,1.0,N/A (Standard 11 Taxonomy),,MISSING,data/lyrics/RMVM_S_cb9c218f5e.txt,AVAILABLE,,MISSING,,UNVERIFIED,TIER_A,LYRICS_ONLY,train
RMVM_S_7f910b21bd,Anh Vẫn Ở Đây (Đạt R Remix),"Thành Đạt, HOA HỒNG DẠI MUSIC",ART_2c5d64c868,DANCE_EDM,deterministic_mapping,1.0,N/A (Standard 11 Taxonomy),,MISSING,data/lyrics/RMVM_S_7f910b21bd.txt,AVAILABLE,,MISSING,,UNVERIFIED,TIER_A,LYRICS_ONLY,train
RMVM_S_1531c419d1,Anh Vẫn Ở Đây (LHK Remix),"Thành Đạt, HOA HỒNG DẠI MUSIC",ART_2c5d64c868,DANCE_EDM,deterministic_mapping,1.0,N/A (Standard 11 Taxonomy),,MISSING,data/lyrics/RMVM_S_1531c419d1.txt,AVAILABLE,,MISSING,,UNVERIFIED,TIER_A,LYRICS_ONLY,train
RMVM_S_d03e4d1e3d,Ngàn Năm Vẫn Ðợi,Malise Tường Vy,ART_fdd960354c,POP_BALLAD,deterministic_mapping,1.0,N/A (Standard 11 Taxonomy),,MISSING,data/lyrics/RMVM_S_d03e4d1e3d.txt,AVAILABLE,,MISSING,,UNVERIFIED,TIER_A,LYRICS_ONLY,train
RMVM_S_4e869182ce,Điều Muốn Nói,RHY,ART_5348c2d67c,POP_BALLAD,deterministic_mapping,1.0,N/A (Standard 11 Taxonomy),,MISSING,data/lyrics/RMVM_S_4e869182ce.txt,AVAILABLE,,MISSING,,UNVERIFIED,TIER_A,LYRICS_ONLY,train
RMVM_S_8598c5dcda,Em Hãy Tỏ Tình Với Anh Đê,RHY,ART_5348c2d67c,POP_BALLAD,deterministic_mapping,1.0,N/A (Standard 11 Taxonomy),,MISSING,data/lyrics/RMVM_S_8598c5dcda.txt,AVAILABLE,,MISSING,,UNVERIFIED,TIER_A,LYRICS_ONLY,train
RMVM_S_865634a448,Đợi Bao Giờ,RHY,ART_5348c2d67c,POP_BALLAD,deterministic_mapping,1.0,N/A (Standard 11 Taxonomy),,MISSING,data/lyrics/RMVM_S_865634a448.txt,AVAILABLE,,MISSING,,UNVERIFIED,TIER_A,LYRICS_ONLY,train
RMVM_S_076ebb6b28,Lời Hứa Cũ,RHY,ART_5348c2d67c,POP_BALLAD,deterministic_mapping,1.0,N/A (Standard 11 Taxonomy),,MISSING,data/lyrics/RMVM_S_076ebb6b28.txt,AVAILABLE,,MISSING,,UNVERIFIED,TIER_A,LYRICS_ONLY,train
RMVM_S_5e1080d006,Hoa Phù Dung,RHY,ART_5348c2d67c,POP_BALLAD,deterministic_mapping,1.0,N/A (Standard 11 Taxonomy),,MISSING,data/lyrics/RMVM_S_5e1080d006.txt,AVAILABLE,,MISSING,,UNVERIFIED,TIER_A,LYRICS_ONLY,train
RMVM_S_fb8378e6b7,Anh Không Cần Là Người Đầu Tiên,Chu Nam Anh,ART_48877821cd,POP_BALLAD,deterministic_mapping,1.0,N/A (Standard 11 Taxonomy),,MISSING,data/lyrics/RMVM_S_fb8378e6b7.txt,AVAILABLE,,MISSING,,UNVERIFIED,TIER_A,LYRICS_ONLY,train
RMVM_S_dc6aab26c3,Cô Ấy Nói (Lofi Version),"Ngô Anh Đạt, Freak D",ART_d8ba88347d,POP_BALLAD,deterministic_mapping,1.0,N/A (Standard 11 Taxonomy),,MISSING,data/lyrics/RMVM_S_dc6aab26c3.txt,AVAILABLE,,MISSING,,UNVERIFIED,TIER_A,LYRICS_ONLY,train
RMVM_S_7fc3b89689,Cho Em X Đôi Mắt,Thiên Minh,ART_36c48c92c3,POP_BALLAD,deterministic_mapping,1.0,N/A (Standard 11 Taxonomy),,MISSING,data/lyrics/RMVM_S_7fc3b89689.txt,AVAILABLE,,MISSING,2024.0,VERIFIED,TIER_A,LYRICS_ONLY,train
RMVM_S_3748e60260,Anh Sao Cũng Được,Lê Chí Trung,ART_08e8e412ba,POP_BALLAD,deterministic_mapping,1.0,N/A (Standard 11 Taxonomy),,MISSING,data/lyrics/RMVM_S_3748e60260.txt,AVAILABLE,,MISSING,,UNVERIFIED,TIER_A,LYRICS_ONLY,train
RMVM_S_f4e49d9731,Ba Tập Em Bơi,Kiến Thành,ART_3d70e712f3,CHILDREN,deterministic_mapping,1.0,N/A (Standard 11 Taxonomy),,MISSING,data/lyrics/RMVM_S_f4e49d9731.txt,AVAILABLE,,MISSING,,UNVERIFIED,TIER_A,LYRICS_ONLY,train
RMVM_S_a297ab2784,Bạn Không Hiểu Tôi (BLUE REMIX),"ZIN MEDIA, Hoàng Văn Sáng",ART_074c2d2dce,DANCE_EDM,deterministic_mapping,1.0,N/A (Standard 11 Taxonomy),,MISSING,data/lyrics/RMVM_S_a297ab2784.txt,AVAILABLE,,MISSING,,UNVERIFIED,TIER_A,LYRICS_ONLY,train
RMVM_S_57fbbe87e1,Chiếc Cầu Chiều Mưa,"Ngọc Sơn, Hương Lan",ART_a26c3c17c2,FOLK_TRADITIONAL,artist_discography_verification,0.85,N/A (Standard 11 Taxonomy),,MISSING,data/lyrics/RMVM_S_57fbbe87e1.txt,AVAILABLE,,MISSING,,UNVERIFIED,TIER_B,LYRICS_ONLY,train
RMVM_S_373efce170,Em Lại Nhớ Anh Nữa Rồi,"Lynk Lee, A.C Xuân Tài",ART_3823cf7bdd,POP_BALLAD,deterministic_mapping,1.0,N/A (Standard 11 Taxonomy),,MISSING,data/lyrics/RMVM_S_373efce170.txt,AVAILABLE,,MISSING,,UNVERIFIED,TIER_A,LYRICS_ONLY,train
RMVM_S_06955ae404,Giọt Lệ Anh Rơi,"Vũ Đình Hiếu, Đặng Quang Huy",ART_86b6f49c16,POP_BALLAD,deterministic_mapping,1.0,N/A (Standard 11 Taxonomy),,MISSING,data/lyrics/RMVM_S_06955ae404.txt,AVAILABLE,,MISSING,,UNVERIFIED,TIER_A,LYRICS_ONLY,train
RMVM_S_83a43b8d00,Con Đường Tình Yêu,Daa Major,ART_1d2c449582,POP_BALLAD,deterministic_mapping,1.0,N/A (Standard 11 Taxonomy),,MISSING,data/lyrics/RMVM_S_83a43b8d00.txt,AVAILABLE,,MISSING,,UNVERIFIED,TIER_A,LYRICS_ONLY,train
RMVM_S_2204037f9d,Tình Bằng Không (Lofi Version),"Rum, Trungg I.U",ART_56544f09f2,POP_BALLAD,deterministic_mapping,1.0,N/A (Standard 11 Taxonomy),,MISSING,data/lyrics/RMVM_S_2204037f9d.txt,AVAILABLE,,MISSING,,UNVERIFIED,TIER_A,LYRICS_ONLY,train
RMVM_S_684eac7bd1,1 Ngày Thiếu Em Trong Đời,"MC12, Arthur",ART_9a4865ee3f,RAP_HIPHOP,deterministic_mapping,1.0,N/A (Standard 11 Taxonomy),,MISSING,data/lyrics/RMVM_S_684eac7bd1.txt,AVAILABLE,,MISSING,,UNVERIFIED,TIER_A,LYRICS_ONLY,train
RMVM_S_8021ad0d06,Bí Mật Nỗi Đau,Toàn Temo,ART_886200fcc9,POP_BALLAD,deterministic_mapping,1.0,N/A (Standard 11 Taxonomy),,MISSING,data/lyrics/RMVM_S_8021ad0d06.txt,AVAILABLE,,MISSING,,UNVERIFIED,TIER_A,LYRICS_ONLY,train
RMVM_S_77a386d369,Điều Quan Trọng Nhất,Đại Đức Thích Nhuận Thanh,ART_7964e4ed42,BOLERO_TRUTINH,deterministic_mapping,1.0,N/A (Standard 11 Taxonomy),,MISSING,data/lyrics/RMVM_S_77a386d369.txt,AVAILABLE,,MISSING,,UNVERIFIED,TIER_A,LYRICS_ONLY,train
RMVM_S_f27f80e07c,Mừng Tuổi Mẹ,Đại Đức Thích Nhuận Thanh,ART_7964e4ed42,BOLERO_TRUTINH,deterministic_mapping,1.0,N/A (Standard 11 Taxonomy),,MISSING,data/lyrics/RMVM_S_f27f80e07c.txt,AVAILABLE,,MISSING,,UNVERIFIED,TIER_A,LYRICS_ONLY,train
RMVM_S_51b69f10bf,Nội Tôi,Đại Đức Thích Nhuận Thanh,ART_7964e4ed42,BOLERO_TRUTINH,deterministic_mapping,1.0,N/A (Standard 11 Taxonomy),,MISSING,data/lyrics/RMVM_S_51b69f10bf.txt,AVAILABLE,,MISSING,,UNVERIFIED,TIER_A,LYRICS_ONLY,train
RMVM_S_b663cf938d,Cạn Tình Như Thế,"DICKSON, Thành Đạt, Lê Chí Trung",ART_b5765cbf56,POP_BALLAD,deterministic_mapping,1.0,N/A (Standard 11 Taxonomy),,MISSING,data/lyrics/RMVM_S_b663cf938d.txt,AVAILABLE,,MISSING,,UNVERIFIED,TIER_A,LYRICS_ONLY,train
RMVM_S_c5a2569604,Chạm Nhẹ Quá Khứ,"Dickson Nguyen, Dagenix",ART_10f735e1da,POP_BALLAD,deterministic_mapping,1.0,N/A (Standard 11 Taxonomy),,MISSING,data/lyrics/RMVM_S_c5a2569604.txt,AVAILABLE,,MISSING,,UNVERIFIED,TIER_A,LYRICS_ONLY,train
RMVM_S_4fe604591f,Bật Tình Yêu Lên,"Tăng Duy Tân, Hòa Minzy",ART_5428837094,POP_BALLAD,deterministic_mapping,1.0,N/A (Standard 11 Taxonomy),,MISSING,data/lyrics/RMVM_S_4fe604591f.txt,AVAILABLE,,MISSING,,UNVERIFIED,TIER_A,LYRICS_ONLY,train
RMVM_S_d7345de804,Khúc Biệt Tình Lang,Lê Như,ART_0ee2dcc808,BOLERO_TRUTINH,deterministic_mapping,1.0,N/A (Standard 11 Taxonomy),,MISSING,data/lyrics/RMVM_S_d7345de804.txt,AVAILABLE,,MISSING,,UNVERIFIED,TIER_A,LYRICS_ONLY,train
RMVM_S_22f2189edf,Duyên Anh Nợ Em,Lê Như,ART_0ee2dcc808,FOLK_TRADITIONAL,deterministic_mapping,1.0,N/A (Standard 11 Taxonomy),,MISSING,data/lyrics/RMVM_S_22f2189edf.txt,AVAILABLE,,MISSING,,UNVERIFIED,TIER_A,LYRICS_ONLY,train
RMVM_S_1e2aff6dcc,Bao Giờ Anh Đau Khổ,Lê Như,ART_0ee2dcc808,BOLERO_TRUTINH,deterministic_mapping,1.0,N/A (Standard 11 Taxonomy),,MISSING,data/lyrics/RMVM_S_1e2aff6dcc.txt,AVAILABLE,,MISSING,,UNVERIFIED,TIER_A,LYRICS_ONLY,train
RMVM_S_e79d097111,Em Là Cô Dâu (Beat),Lương Bích Hữu,ART_ed3b85af9f,POP_BALLAD,deterministic_mapping,1.0,N/A (Standard 11 Taxonomy),,MISSING,data/lyrics/RMVM_S_e79d097111.txt,AVAILABLE,,MISSING,,UNVERIFIED,TIER_A,LYRICS_ONLY,train
RMVM_S_2ff449f7fd,Em Vẫn Tin Vào Tình Yêu Ấy (Piano Version),Lương Bích Hữu,ART_ed3b85af9f,INSTRUMENTAL,source_tag_verification,0.85,N/A (Standard 11 Taxonomy),,MISSING,data/lyrics/RMVM_S_2ff449f7fd.txt,AVAILABLE,,MISSING,,UNVERIFIED,TIER_B,LYRICS_ONLY,train
RMVM_S_09c37470ea,Cho Anh Được Về,"Nguyễn Hữu Tài, Nhật Chan",ART_b731777600,POP_BALLAD,deterministic_mapping,1.0,N/A (Standard 11 Taxonomy),,MISSING,data/lyrics/RMVM_S_09c37470ea.txt,AVAILABLE,,MISSING,,UNVERIFIED,TIER_A,LYRICS_ONLY,train
RMVM_S_133936ecbc,Cả Nhà Lên Chức,Rhymastic,ART_35ac2077c4,POP_BALLAD,deterministic_mapping,1.0,N/A (Standard 11 Taxonomy),,MISSING,data/lyrics/RMVM_S_133936ecbc.txt,AVAILABLE,,MISSING,,UNVERIFIED,TIER_A,LYRICS_ONLY,train
RMVM_MB_5a22173b24,Yêu 5,Rhymastic,ART_35ac2077c4,RAP_HIPHOP,musicbrainz_artist_discography,0.85,N/A (Standard 11 Taxonomy),,MISSING,,MISSING,,MISSING,2017.0,VERIFIED,TIER_B,NO_PHYSICAL_MODALITY,train
RMVM_MB_b29af96476,Lặng,Rhymastic,ART_35ac2077c4,RAP_HIPHOP,musicbrainz_artist_discography,0.85,N/A (Standard 11 Taxonomy),,MISSING,,MISSING,,MISSING,2024.0,VERIFIED,TIER_B,NO_PHYSICAL_MODALITY,train
RMVM_MB_290891726f,Nến Và Hoa,Rhymastic,ART_35ac2077c4,RAP_HIPHOP,musicbrainz_artist_discography,0.85,N/A (Standard 11 Taxonomy),,MISSING,,MISSING,,MISSING,2018.0,VERIFIED,TIER_B,NO_PHYSICAL_MODALITY,train
RMVM_MB_1bccdf2d53,Sẽ Quên Em Nhanh Thôi,Rhymastic,ART_35ac2077c4,RAP_HIPHOP,musicbrainz_artist_discography,0.85,N/A (Standard 11 Taxonomy),,MISSING,,MISSING,,MISSING,2025.0,VERIFIED,TIER_B,NO_PHYSICAL_MODALITY,train
RMVM_MB_6a00536449,Đêm Cô Đơn,Rhymastic,ART_35ac2077c4,RAP_HIPHOP,musicbrainz_artist_discography,0.85,N/A (Standard 11 Taxonomy),,MISSING,,MISSING,,MISSING,2024.0,VERIFIED,TIER_B,NO_PHYSICAL_MODALITY,train
RMVM_MB_e29c288e51,Final Form,Rhymastic,ART_35ac2077c4,RAP_HIPHOP,musicbrainz_artist_discography,0.85,N/A (Standard 11 Taxonomy),,MISSING,,MISSING,,MISSING,2025.0,VERIFIED,TIER_B,NO_PHYSICAL_MODALITY,train
RMVM_MB_b62b0c5732,Giữ Anh Cho Ngày Hôm Qua,Rhymastic,ART_35ac2077c4,RAP_HIPHOP,musicbrainz_artist_discography,0.85,N/A (Standard 11 Taxonomy),,MISSING,,MISSING,,MISSING,2025.0,VERIFIED,TIER_B,NO_PHYSICAL_MODALITY,train
RMVM_MB_5d80336c5c,Cứ Chill Thôi,Rhymastic,ART_35ac2077c4,RAP_HIPHOP,musicbrainz_artist_discography,0.85,N/A (Standard 11 Taxonomy),,MISSING,,MISSING,,MISSING,2020.0,VERIFIED,TIER_B,NO_PHYSICAL_MODALITY,train
RMVM_MB_8c195553d9,Lột Xác x Chuyện Nhỏ,Rhymastic,ART_35ac2077c4,RAP_HIPHOP,musicbrainz_artist_discography,0.85,N/A (Standard 11 Taxonomy),,MISSING,,MISSING,,MISSING,2024.0,VERIFIED,TIER_B,NO_PHYSICAL_MODALITY,train
RMVM_MB_6454278b71,Khiến Nó Ngầu,Rhymastic,ART_35ac2077c4,RAP_HIPHOP,musicbrainz_artist_discography,0.85,N/A (Standard 11 Taxonomy),,MISSING,,MISSING,,MISSING,2024.0,VERIFIED,TIER_B,NO_PHYSICAL_MODALITY,train
RMVM_MB_225be5ab22,Thu Hoài,Rhymastic,ART_35ac2077c4,RAP_HIPHOP,musicbrainz_artist_discography,0.85,N/A (Standard 11 Taxonomy),,MISSING,,MISSING,,MISSING,2024.0,VERIFIED,TIER_B,NO_PHYSICAL_MODALITY,train
RMVM_MB_e0e6d45272,Những Kẻ Mộng Mơ,Rhymastic,ART_35ac2077c4,RAP_HIPHOP,musicbrainz_artist_discography,0.85,N/A (Standard 11 Taxonomy),,MISSING,,MISSING,,MISSING,2024.0,VERIFIED,TIER_B,NO_PHYSICAL_MODALITY,train
RMVM_MB_0c2feab454,Chợt Nghe Bước Em Về,Rhymastic,ART_35ac2077c4,RAP_HIPHOP,musicbrainz_artist_discography,0.85,N/A (Standard 11 Taxonomy),,MISSING,,MISSING,,MISSING,2024.0,VERIFIED,TIER_B,NO_PHYSICAL_MODALITY,train
RMVM_MB_0cf5147f71,Giấc Mơ Mỹ,Rhymastic,ART_35ac2077c4,RAP_HIPHOP,musicbrainz_artist_discography,0.85,N/A (Standard 11 Taxonomy),,MISSING,,MISSING,,MISSING,2026.0,VERIFIED,TIER_B,NO_PHYSICAL_MODALITY,train
RMVM_MB_8cc3fa14ce,QUÁ LÀ TRÔI,Rhymastic,ART_35ac2077c4,RAP_HIPHOP,musicbrainz_artist_discography,0.85,N/A (Standard 11 Taxonomy),,MISSING,,MISSING,,MISSING,2024.0,VERIFIED,TIER_B,NO_PHYSICAL_MODALITY,train
RMVM_MB_43a3c76bdc,Đào Liễu,Rhymastic,ART_35ac2077c4,RAP_HIPHOP,musicbrainz_artist_discography,0.85,N/A (Standard 11 Taxonomy),,MISSING,,MISSING,,MISSING,2024.0,VERIFIED,TIER_B,NO_PHYSICAL_MODALITY,train
RMVM_S_e2c4c86a1e,Một Đời Yêu Nhau Một Ngày Xa Nhau,Thanh Thanh,ART_8475e3b77c,POP_BALLAD,deterministic_mapping,1.0,N/A (Standard 11 Taxonomy),,MISSING,data/lyrics/RMVM_S_e2c4c86a1e.txt,AVAILABLE,,MISSING,,UNVERIFIED,TIER_A,LYRICS_ONLY,train
RMVM_S_9c99c5339d,Nàng Tiên Xấu Xa,Thanh Thanh,ART_8475e3b77c,BOLERO_TRUTINH,deterministic_mapping,1.0,N/A (Standard 11 Taxonomy),,MISSING,data/lyrics/RMVM_S_9c99c5339d.txt,AVAILABLE,,MISSING,,UNVERIFIED,TIER_A,LYRICS_ONLY,train
RMVM_S_4ab94f89ee,Bằng Cách Nào Đó,"Fer, BFABB, Thái Ngân",ART_f656b1878a,POP_BALLAD,deterministic_mapping,1.0,N/A (Standard 11 Taxonomy),,MISSING,data/lyrics/RMVM_S_4ab94f89ee.txt,AVAILABLE,,MISSING,,UNVERIFIED,TIER_A,LYRICS_ONLY,train
RMVM_S_0dee1f929a,Không Cần Phải Nói Nhiều,"tlinh, Hoàng Tôn",ART_2a5a1ac120,POP_BALLAD,deterministic_mapping,1.0,N/A (Standard 11 Taxonomy),,MISSING,data/lyrics/RMVM_S_0dee1f929a.txt,AVAILABLE,,MISSING,,UNVERIFIED,TIER_A,LYRICS_ONLY,train
RMVM_S_cd23d66131,Liên Khúc Yêu Một Mình - Giọt Lệ Đài Trang,Văn Hương,ART_0adf9b4061,BOLERO_TRUTINH,deterministic_mapping,1.0,N/A (Standard 11 Taxonomy),,MISSING,data/lyrics/RMVM_S_cd23d66131.txt,AVAILABLE,,MISSING,,UNVERIFIED,TIER_A,LYRICS_ONLY,train
RMVM_S_3934cfeb95,An Giang Quê Tôi,Văn Hương,ART_0adf9b4061,BOLERO_TRUTINH,deterministic_mapping,1.0,N/A (Standard 11 Taxonomy),,MISSING,data/lyrics/RMVM_S_3934cfeb95.txt,AVAILABLE,,MISSING,,UNVERIFIED,TIER_A,LYRICS_ONLY,train
RMVM_S_d5b2a133b3,Liên Khúc Tình Bơ Vơ - Nếu Đời Không Có Anh,"Võ Thanh Linh, Hà My, Star Online",ART_76b14e8737,BOLERO_TRUTINH,deterministic_mapping,1.0,N/A (Standard 11 Taxonomy),,MISSING,,MISSING,data/covers/RMVM_S_d5b2a133b3.jpg,AVAILABLE,,UNVERIFIED,TIER_A,COVER_ONLY,train
RMVM_S_fb3fe0fe3d,4 Phút 20 Giây (Về Nhà Với Anh Đi),Hà Anh,ART_05cd65e307,POP_BALLAD,deterministic_mapping,1.0,N/A (Standard 11 Taxonomy),,MISSING,data/lyrics/RMVM_S_fb3fe0fe3d.txt,AVAILABLE,,MISSING,,UNVERIFIED,TIER_A,LYRICS_ONLY,train
RMVM_S_4121d80031,Khâu Lại Trái Tim Em,Hà Anh,ART_05cd65e307,POP_BALLAD,deterministic_mapping,1.0,N/A (Standard 11 Taxonomy),,MISSING,data/lyrics/RMVM_S_4121d80031.txt,AVAILABLE,,MISSING,,UNVERIFIED,TIER_A,LYRICS_ONLY,train
RMVM_S_ce993efe94,A Í A (Cuộc Đời Vẫn Đẹp Sao OST),Dương Trường Giang,ART_67b132dab9,OTHER,curated_out_of_taxonomy,0.9,Film Soundtrack / OST composition,,MISSING,,MISSING,,MISSING,,UNVERIFIED,TIER_B,NO_PHYSICAL_MODALITY,train
RMVM_S_a9ba637da9,Cứ Ngỡ Trọn Đời (Vinahouse),Đạt Khói,ART_de7a268cdf,DANCE_EDM,deterministic_mapping,1.0,N/A (Standard 11 Taxonomy),,MISSING,data/lyrics/RMVM_S_a9ba637da9.txt,AVAILABLE,,MISSING,,UNVERIFIED,TIER_A,LYRICS_ONLY,train
RMVM_S_4918c2e1bb,Chiều Hoang,Ngọc Anh,ART_90c92c26d4,BOLERO_TRUTINH,deterministic_mapping,1.0,N/A (Standard 11 Taxonomy),,MISSING,data/lyrics/RMVM_S_4918c2e1bb.txt,AVAILABLE,,MISSING,,UNVERIFIED,TIER_A,LYRICS_ONLY,train
RMVM_S_5d07e293ce,Giết Người Trong Mộng,Ngọc Anh,ART_90c92c26d4,INSTRUMENTAL,source_tag_verification,0.85,N/A (Standard 11 Taxonomy),,MISSING,data/lyrics/RMVM_S_5d07e293ce.txt,AVAILABLE,,MISSING,,UNVERIFIED,TIER_B,LYRICS_ONLY,train
RMVM_S_e3f34f46ea,Ai? (Tôi Vẫn Chưa Biết Mình Là I),Chi Xê,ART_8a4d146ed6,RB_SOUL,deterministic_mapping,1.0,N/A (Standard 11 Taxonomy),,MISSING,data/lyrics/RMVM_S_e3f34f46ea.txt,AVAILABLE,,MISSING,,UNVERIFIED,TIER_A,LYRICS_ONLY,train
RMVM_S_85f7ce1e95,Nhiều Tiền Để Làm Chi,Kiun Gia Tuấn,ART_77b498d289,POP_BALLAD,deterministic_mapping,1.0,N/A (Standard 11 Taxonomy),,MISSING,data/lyrics/RMVM_S_85f7ce1e95.txt,AVAILABLE,,MISSING,,UNVERIFIED,TIER_A,LYRICS_ONLY,train
RMVM_S_6f5fe7affa,"Audio Chuyện Tình Yêu, Tình Một Đêm",Duy Linh Đọc Truyện Audio,ART_3b9d9f386d,INSTRUMENTAL,source_tag_verification,0.85,N/A (Standard 11 Taxonomy),,MISSING,,MISSING,data/covers/RMVM_S_6f5fe7affa.jpg,AVAILABLE,,UNVERIFIED,TIER_B,COVER_ONLY,train
RMVM_S_ffb9589432,Thuyền Tình,"Bằng Cường, Nhật Kim Anh",ART_d3ec9eb198,POP_BALLAD,deterministic_mapping,1.0,N/A (Standard 11 Taxonomy),,MISSING,data/lyrics/RMVM_S_ffb9589432.txt,AVAILABLE,,MISSING,,UNVERIFIED,TIER_A,LYRICS_ONLY,train
RMVM_S_089b88a337,Chạm Lòng Con,"Isaac Thái, NTG",ART_d87d501fcf,OTHER,curated_out_of_taxonomy,0.9,Religious / Sacred spiritual Vietnamese music,,MISSING,,MISSING,,MISSING,,UNVERIFIED,TIER_B,NO_PHYSICAL_MODALITY,train
RMVM_S_82bec4b262,Dế Welcome,"Hà Okio, Thu Minh",ART_82dd8f11c9,POP_BALLAD,deterministic_mapping,1.0,N/A (Standard 11 Taxonomy),,MISSING,data/lyrics/RMVM_S_82bec4b262.txt,AVAILABLE,,MISSING,,UNVERIFIED,TIER_A,LYRICS_ONLY,train
RMVM_MB_bcdfcb9601,Mars,Cát,ART_3dfad4e24c,ROCK,musicbrainz_artist_discography,0.85,N/A (Standard 11 Taxonomy),,MISSING,,MISSING,,MISSING,2004.0,VERIFIED,TIER_B,NO_PHYSICAL_MODALITY,train
RMVM_MB_38a28c964b,Dig,Cát,ART_3dfad4e24c,ROCK,musicbrainz_artist_discography,0.85,N/A (Standard 11 Taxonomy),,MISSING,,MISSING,,MISSING,2009.0,VERIFIED,TIER_B,NO_PHYSICAL_MODALITY,train
RMVM_MB_5dc984b6de,Swamp Rat,Cát,ART_3dfad4e24c,ROCK,musicbrainz_artist_discography,0.85,N/A (Standard 11 Taxonomy),,MISSING,,MISSING,,MISSING,2009.0,VERIFIED,TIER_B,NO_PHYSICAL_MODALITY,train
RMVM_MB_32827028b9,Drive a Desert Into a Brick Wall,Cát,ART_3dfad4e24c,ROCK,musicbrainz_artist_discography,0.85,N/A (Standard 11 Taxonomy),,MISSING,,MISSING,,MISSING,2011.0,VERIFIED,TIER_B,NO_PHYSICAL_MODALITY,train
RMVM_MB_4ceced7f6f,Slime,Cát,ART_3dfad4e24c,ROCK,musicbrainz_artist_discography,0.85,N/A (Standard 11 Taxonomy),,MISSING,,MISSING,,MISSING,2014.0,VERIFIED,TIER_B,NO_PHYSICAL_MODALITY,train
RMVM_MB_ab5a011d36,Heard Her Play,Cát,ART_3dfad4e24c,ROCK,musicbrainz_artist_discography,0.85,N/A (Standard 11 Taxonomy),,MISSING,,MISSING,,MISSING,2010.0,VERIFIED,TIER_B,NO_PHYSICAL_MODALITY,train
RMVM_MB_eb649cd095,Trees,Cát,ART_3dfad4e24c,ROCK,musicbrainz_artist_discography,0.85,N/A (Standard 11 Taxonomy),,MISSING,,MISSING,,MISSING,2014.0,VERIFIED,TIER_B,NO_PHYSICAL_MODALITY,train
RMVM_MB_6763930388,Romance,Cát,ART_3dfad4e24c,ROCK,musicbrainz_artist_discography,0.85,N/A (Standard 11 Taxonomy),,MISSING,,MISSING,,MISSING,2011.0,VERIFIED,TIER_B,NO_PHYSICAL_MODALITY,train
RMVM_MB_aa3d039031,Old New,Cát,ART_3dfad4e24c,ROCK,musicbrainz_artist_discography,0.85,N/A (Standard 11 Taxonomy),,MISSING,,MISSING,,MISSING,2009.0,VERIFIED,TIER_B,NO_PHYSICAL_MODALITY,train
RMVM_MB_86f5278856,Tee Päivistäni Yöt,Cát,ART_3dfad4e24c,ROCK,musicbrainz_artist_discography,0.85,N/A (Standard 11 Taxonomy),,MISSING,,MISSING,,MISSING,1998.0,VERIFIED,TIER_B,NO_PHYSICAL_MODALITY,train
RMVM_MB_192ddc1b48,Go Home,Cát,ART_3dfad4e24c,ROCK,musicbrainz_artist_discography,0.85,N/A (Standard 11 Taxonomy),,MISSING,,MISSING,,MISSING,2010.0,VERIFIED,TIER_B,NO_PHYSICAL_MODALITY,train
RMVM_MB_1eb205b54f,Hate Me,Cát,ART_3dfad4e24c,ROCK,musicbrainz_artist_discography,0.85,N/A (Standard 11 Taxonomy),,MISSING,,MISSING,,MISSING,2011.0,VERIFIED,TIER_B,NO_PHYSICAL_MODALITY,train
RMVM_MB_d7428feabe,Uralba,Cát,ART_3dfad4e24c,ROCK,musicbrainz_artist_discography,0.85,N/A (Standard 11 Taxonomy),,MISSING,,MISSING,,MISSING,2011.0,VERIFIED,TIER_B,NO_PHYSICAL_MODALITY,train
RMVM_MB_20c4bd22ce,Keys and Locks Don’t Work,Cát,ART_3dfad4e24c,ROCK,musicbrainz_artist_discography,0.85,N/A (Standard 11 Taxonomy),,MISSING,,MISSING,,MISSING,2011.0,VERIFIED,TIER_B,NO_PHYSICAL_MODALITY,train
RMVM_MB_f7ead42fe5,Water Goes,Cát,ART_3dfad4e24c,ROCK,musicbrainz_artist_discography,0.85,N/A (Standard 11 Taxonomy),,MISSING,,MISSING,,MISSING,2011.0,VERIFIED,TIER_B,NO_PHYSICAL_MODALITY,train
RMVM_MB_6d839e3786,Pavement,Cát,ART_3dfad4e24c,ROCK,musicbrainz_artist_discography,0.85,N/A (Standard 11 Taxonomy),,MISSING,,MISSING,,MISSING,2011.0,VERIFIED,TIER_B,NO_PHYSICAL_MODALITY,train
RMVM_S_0408c1ebd7,Em Đâu Có Biết,"Bchow, Illusion, Triple",ART_abdd621376,RAP_HIPHOP,deterministic_mapping,1.0,N/A (Standard 11 Taxonomy),,MISSING,data/lyrics/RMVM_S_0408c1ebd7.txt,AVAILABLE,,MISSING,,UNVERIFIED,TIER_A,LYRICS_ONLY,train
RMVM_S_ee5142e392,Anh Đã Hết Cảm Giác Với Em,Luna Band,ART_7d28168601,POP_BALLAD,deterministic_mapping,1.0,N/A (Standard 11 Taxonomy),,MISSING,data/lyrics/RMVM_S_ee5142e392.txt,AVAILABLE,,MISSING,,UNVERIFIED,TIER_A,LYRICS_ONLY,train
RMVM_S_1c8489c826,Níu Kéo Hay Buông Tay (Beat),Luna Band,ART_7d28168601,POP_BALLAD,deterministic_mapping,1.0,N/A (Standard 11 Taxonomy),,MISSING,data/lyrics/RMVM_S_1c8489c826.txt,AVAILABLE,,MISSING,,UNVERIFIED,TIER_A,LYRICS_ONLY,train
RMVM_S_0b302a3c9f,Anh Nhớ Em Thật Nhiều,Tăng Vinh Quang,ART_f0ca425162,POP_BALLAD,deterministic_mapping,1.0,N/A (Standard 11 Taxonomy),,MISSING,data/lyrics/RMVM_S_0b302a3c9f.txt,AVAILABLE,,MISSING,,UNVERIFIED,TIER_A,LYRICS_ONLY,train
RMVM_S_4587f9ee4b,Anh Ơi Em Khóc Nhé,Song Thư,ART_866f28d1bc,POP_BALLAD,deterministic_mapping,1.0,N/A (Standard 11 Taxonomy),,MISSING,data/lyrics/RMVM_S_4587f9ee4b.txt,AVAILABLE,,MISSING,,UNVERIFIED,TIER_A,LYRICS_ONLY,train
RMVM_S_d1d5eb16fb,Vì Anh Là Gió,Song Thư,ART_866f28d1bc,POP_BALLAD,deterministic_mapping,1.0,N/A (Standard 11 Taxonomy),,MISSING,data/lyrics/RMVM_S_d1d5eb16fb.txt,AVAILABLE,,MISSING,,UNVERIFIED,TIER_A,LYRICS_ONLY,train
RMVM_S_100752a059,Cuộc Tình Vạn Dặm,Hạ Vy,ART_ed6bcc2ca5,POP_BALLAD,deterministic_mapping,0.85,N/A (Standard 11 Taxonomy),,MISSING,,MISSING,,MISSING,,UNVERIFIED,TIER_B,NO_PHYSICAL_MODALITY,train
RMVM_S_6e23dcb210,Tuổi Mộng Mơ,Hạ Vy,ART_ed6bcc2ca5,POP_BALLAD,deterministic_mapping,0.85,N/A (Standard 11 Taxonomy),,MISSING,,MISSING,,MISSING,,UNVERIFIED,TIER_B,NO_PHYSICAL_MODALITY,train
RMVM_S_5ed666b119,Mưa Tuyệt Vọng (Haozi Remix),"H2O Houselak, Khải Đăng",ART_4077630507,POP_BALLAD,deterministic_mapping,1.0,N/A (Standard 11 Taxonomy),,MISSING,data/lyrics/RMVM_S_5ed666b119.txt,AVAILABLE,data/covers/RMVM_S_5ed666b119.jpg,AVAILABLE,,UNVERIFIED,TIER_A,LYRICS_COVER,train
RMVM_S_4821bd8dfd,Ngày Nắng Đẹp,DANHKA,ART_dfdc786843,RAP_HIPHOP,deterministic_mapping,1.0,N/A (Standard 11 Taxonomy),,MISSING,data/lyrics/RMVM_S_4821bd8dfd.txt,AVAILABLE,,MISSING,,UNVERIFIED,TIER_A,LYRICS_ONLY,train
RMVM_S_a102219279,Cô Bé Mắt Nai,Cảnh Hàn,ART_94d4d7e8a0,POP_BALLAD,deterministic_mapping,1.0,N/A (Standard 11 Taxonomy),,MISSING,,MISSING,data/covers/RMVM_S_a102219279.jpg,AVAILABLE,,UNVERIFIED,TIER_A,COVER_ONLY,train
RMVM_S_25ea3ca9a2,Áo Anh Sứt Chỉ,"Quang Lê, Elvis Phương",ART_b4e7633615,BOLERO_TRUTINH,deterministic_mapping,1.0,N/A (Standard 11 Taxonomy),,MISSING,data/lyrics/RMVM_S_25ea3ca9a2.txt,AVAILABLE,,MISSING,,UNVERIFIED,TIER_A,LYRICS_ONLY,train
RMVM_S_de4f47193b,THỨC GIẤC,"16 Typh, MastaL",ART_e7051158e7,POP_BALLAD,deterministic_mapping,1.0,N/A (Standard 11 Taxonomy),,MISSING,,MISSING,data/covers/RMVM_S_de4f47193b.jpg,AVAILABLE,,UNVERIFIED,TIER_A,COVER_ONLY,train
RMVM_S_927b3065c3,Đi Bên Em,"Kiun Gia Tuấn, Masew",ART_1af1e18726,POP_BALLAD,deterministic_mapping,1.0,N/A (Standard 11 Taxonomy),,MISSING,data/lyrics/RMVM_S_927b3065c3.txt,AVAILABLE,,MISSING,,UNVERIFIED,TIER_A,LYRICS_ONLY,train
RMVM_S_9d2f920549,Chầm Chậm Thích Em,Lý Chí An,ART_c6a9db46b5,POP_BALLAD,deterministic_mapping,1.0,N/A (Standard 11 Taxonomy),,MISSING,data/lyrics/RMVM_S_9d2f920549.txt,AVAILABLE,,MISSING,,UNVERIFIED,TIER_A,LYRICS_ONLY,train
RMVM_S_aa60f53114,Anh Chỉ Cần Một Tình Yêu,Lâm Chấn Thiên,ART_4eb5d2f0d0,POP_BALLAD,deterministic_mapping,0.85,N/A (Standard 11 Taxonomy),,MISSING,,MISSING,,MISSING,,UNVERIFIED,TIER_B,NO_PHYSICAL_MODALITY,train
RMVM_S_ee8a947876,Hãy Nói Đi Em,Lưu Gia Bảo,ART_198f1b2afb,POP_BALLAD,deterministic_mapping,1.0,N/A (Standard 11 Taxonomy),,MISSING,data/lyrics/RMVM_S_ee8a947876.txt,AVAILABLE,,MISSING,,UNVERIFIED,TIER_A,LYRICS_ONLY,train
RMVM_S_0a225666df,Mong Em Hãy Quên Anh,Lưu Gia Bảo,ART_198f1b2afb,POP_BALLAD,deterministic_mapping,1.0,N/A (Standard 11 Taxonomy),,MISSING,data/lyrics/RMVM_S_0a225666df.txt,AVAILABLE,,MISSING,,UNVERIFIED,TIER_A,LYRICS_ONLY,train
RMVM_S_5e3e06574e,Hãy Cho Anh Một Lần Được Yêu,Lưu Gia Bảo,ART_198f1b2afb,POP_BALLAD,deterministic_mapping,1.0,N/A (Standard 11 Taxonomy),,MISSING,data/lyrics/RMVM_S_5e3e06574e.txt,AVAILABLE,,MISSING,,UNVERIFIED,TIER_A,LYRICS_ONLY,train
RMVM_S_c65cb68763,Đã Không Còn Yêu,Lưu Gia Bảo,ART_198f1b2afb,POP_BALLAD,deterministic_mapping,1.0,N/A (Standard 11 Taxonomy),,MISSING,data/lyrics/RMVM_S_c65cb68763.txt,AVAILABLE,,MISSING,,UNVERIFIED,TIER_A,LYRICS_ONLY,train
RMVM_S_bcbfb527aa,Em Yêu Xin Đừng Khóc,Lưu Gia Bảo,ART_198f1b2afb,POP_BALLAD,deterministic_mapping,1.0,N/A (Standard 11 Taxonomy),,MISSING,data/lyrics/RMVM_S_bcbfb527aa.txt,AVAILABLE,,MISSING,,UNVERIFIED,TIER_A,LYRICS_ONLY,train
RMVM_S_20094a4884,Khóc Mẹ Đêm Mưa,Lưu Gia Bảo,ART_198f1b2afb,BOLERO_TRUTINH,deterministic_mapping,1.0,N/A (Standard 11 Taxonomy),,MISSING,data/lyrics/RMVM_S_20094a4884.txt,AVAILABLE,,MISSING,,UNVERIFIED,TIER_A,LYRICS_ONLY,train
RMVM_S_092199655e,Không Yêu Trả Dép Tôi Về,HuyR,ART_8b441f1d84,POP_BALLAD,deterministic_mapping,1.0,N/A (Standard 11 Taxonomy),,MISSING,data/lyrics/RMVM_S_092199655e.txt,AVAILABLE,,MISSING,,UNVERIFIED,TIER_A,LYRICS_ONLY,train
RMVM_S_6a22a76aab,Còn gì kiếp sau,Đông Đông,ART_02821997da,POP_BALLAD,deterministic_mapping,1.0,N/A (Standard 11 Taxonomy),,MISSING,data/lyrics/RMVM_S_6a22a76aab.txt,AVAILABLE,,MISSING,,UNVERIFIED,TIER_A,LYRICS_ONLY,train
RMVM_S_c8be07bce7,Đoạn Kết Cuối,"Vũ Thịnh, Fanny Trần",ART_a01b2b53b8,POP_BALLAD,deterministic_mapping,1.0,N/A (Standard 11 Taxonomy),,MISSING,data/lyrics/RMVM_S_c8be07bce7.txt,AVAILABLE,,MISSING,,UNVERIFIED,TIER_A,LYRICS_ONLY,train
RMVM_S_bd4b1d471e,Em là của anh (Remix),"Hồ Việt Trung, Hồ Quang Hiếu, DJ Leek 54",ART_6574bb83d9,DANCE_EDM,deterministic_mapping,1.0,N/A (Standard 11 Taxonomy),,MISSING,data/lyrics/RMVM_S_bd4b1d471e.txt,AVAILABLE,,MISSING,,UNVERIFIED,TIER_A,LYRICS_ONLY,train
RMVM_S_d9812026df,Ai Lấy Đi Hoàng Hôn,Lê Tiến,ART_115b5d338a,POP_BALLAD,deterministic_mapping,1.0,N/A (Standard 11 Taxonomy),,MISSING,data/lyrics/RMVM_S_d9812026df.txt,AVAILABLE,,MISSING,,UNVERIFIED,TIER_A,LYRICS_ONLY,train
RMVM_S_b31035b3a0,Lý Do Anh Yêu Em,KayPy,ART_556640ac75,POP_BALLAD,deterministic_mapping,1.0,N/A (Standard 11 Taxonomy),,MISSING,data/lyrics/RMVM_S_b31035b3a0.txt,AVAILABLE,,MISSING,,UNVERIFIED,TIER_A,LYRICS_ONLY,train
RMVM_S_6223098a30,Ngày Em Quay Lại,Mars Anh Tú,ART_b77a43310a,POP_BALLAD,deterministic_mapping,1.0,N/A (Standard 11 Taxonomy),,MISSING,data/lyrics/RMVM_S_6223098a30.txt,AVAILABLE,,MISSING,,UNVERIFIED,TIER_A,LYRICS_ONLY,train
RMVM_S_03bf1f2bc7,Chẳng Muốn Rời Xa,Lương Chí Tâm,ART_3f107f2fc0,POP_BALLAD,deterministic_mapping,1.0,N/A (Standard 11 Taxonomy),,MISSING,data/lyrics/RMVM_S_03bf1f2bc7.txt,AVAILABLE,,MISSING,,UNVERIFIED,TIER_A,LYRICS_ONLY,train
RMVM_S_4da268dc60,Hà Nội Phù Đổng Tiến Lên,Nguyễn Trung Kiên,ART_70e4cf2054,BOLERO_TRUTINH,deterministic_mapping,1.0,N/A (Standard 11 Taxonomy),,MISSING,data/lyrics/RMVM_S_4da268dc60.txt,AVAILABLE,,MISSING,,UNVERIFIED,TIER_A,LYRICS_ONLY,train
RMVM_S_6c55abd815,Tết Đến Rồi,"Biên, Thoại",ART_dbc9659521,POP_BALLAD,deterministic_mapping,1.0,N/A (Standard 11 Taxonomy),,MISSING,,MISSING,data/covers/RMVM_S_6c55abd815.jpg,AVAILABLE,,UNVERIFIED,TIER_A,COVER_ONLY,train
RMVM_S_29ae046f4d,Có Chút Lo Lắng Về Tình Yêu,Dương Yến Phi,ART_b5b3fa6d43,POP_BALLAD,deterministic_mapping,1.0,N/A (Standard 11 Taxonomy),,MISSING,data/lyrics/RMVM_S_29ae046f4d.txt,AVAILABLE,,MISSING,,UNVERIFIED,TIER_A,LYRICS_ONLY,train
RMVM_S_81039c04f6,Có Ai Vô Hình Trong Tôi,Neon,ART_a63728c09c,POP_BALLAD,deterministic_mapping,1.0,N/A (Standard 11 Taxonomy),,MISSING,data/lyrics/RMVM_S_81039c04f6.txt,AVAILABLE,,MISSING,,UNVERIFIED,TIER_A,LYRICS_ONLY,train
RMVM_S_d49d6309e4,Có Những Ngày Như Thế,Neon,ART_a63728c09c,POP_BALLAD,deterministic_mapping,1.0,N/A (Standard 11 Taxonomy),,MISSING,data/lyrics/RMVM_S_d49d6309e4.txt,AVAILABLE,,MISSING,,UNVERIFIED,TIER_A,LYRICS_ONLY,train
RMVM_S_94ff1d5848,Đêm Tiễn Biệt,"Lưu Ánh Loan, Huỳnh Thật",ART_c093b0b77d,BOLERO_TRUTINH,deterministic_mapping,0.85,N/A (Standard 11 Taxonomy),,MISSING,,MISSING,,MISSING,,UNVERIFIED,TIER_B,NO_PHYSICAL_MODALITY,train
RMVM_S_436ef7ad22,Nắng Lụa Vàng,Phương Thùy (Nhóm Phù Sa),ART_c29578fbde,BOLERO_TRUTINH,deterministic_mapping,1.0,N/A (Standard 11 Taxonomy),,MISSING,data/lyrics/RMVM_S_436ef7ad22.txt,AVAILABLE,,MISSING,,UNVERIFIED,TIER_A,LYRICS_ONLY,train
RMVM_S_371438ff43,Nhành Mai Thắm Tặng Em,Phương Thùy (Nhóm Phù Sa),ART_c29578fbde,BOLERO_TRUTINH,deterministic_mapping,1.0,N/A (Standard 11 Taxonomy),,MISSING,data/lyrics/RMVM_S_371438ff43.txt,AVAILABLE,,MISSING,,UNVERIFIED,TIER_A,LYRICS_ONLY,train
RMVM_S_9742836b4e,Mùa Xuân Mùa Tình Yêu,Minh Trang LyLy,ART_7d94943583,POP_BALLAD,deterministic_mapping,1.0,N/A (Standard 11 Taxonomy),,MISSING,data/lyrics/RMVM_S_9742836b4e.txt,AVAILABLE,,MISSING,,UNVERIFIED,TIER_A,LYRICS_ONLY,train
RMVM_S_5bb8255b1f,Dĩ An Xinh Tươi Màu Nắng,Minh Trang LyLy,ART_7d94943583,POP_BALLAD,deterministic_mapping,1.0,N/A (Standard 11 Taxonomy),,MISSING,data/lyrics/RMVM_S_5bb8255b1f.txt,AVAILABLE,,MISSING,,UNVERIFIED,TIER_A,LYRICS_ONLY,train
RMVM_S_0e3602c365,Bởi Vì Thế,Minh Trang LyLy,ART_7d94943583,POP_BALLAD,deterministic_mapping,1.0,N/A (Standard 11 Taxonomy),,MISSING,data/lyrics/RMVM_S_0e3602c365.txt,AVAILABLE,,MISSING,,UNVERIFIED,TIER_A,LYRICS_ONLY,train
RMVM_S_63e5f53580,Giây Phút Chia Ly,Minh Trang LyLy,ART_7d94943583,POP_BALLAD,deterministic_mapping,1.0,N/A (Standard 11 Taxonomy),,MISSING,data/lyrics/RMVM_S_63e5f53580.txt,AVAILABLE,,MISSING,,UNVERIFIED,TIER_A,LYRICS_ONLY,train
RMVM_S_f8f6ff9693,Hẹn Thề Làm Chi (Vinahouse),"Phát Lee, 93NEWG Remix",ART_978e778d41,POP_BALLAD,deterministic_mapping,1.0,N/A (Standard 11 Taxonomy),,MISSING,data/lyrics/RMVM_S_f8f6ff9693.txt,AVAILABLE,,MISSING,,UNVERIFIED,TIER_A,LYRICS_ONLY,train
RMVM_S_315af2526e,Yêu Cần Phải Cưới,Đạt Trần,ART_bb94eff729,POP_BALLAD,deterministic_mapping,1.0,N/A (Standard 11 Taxonomy),,MISSING,data/lyrics/RMVM_S_315af2526e.txt,AVAILABLE,,MISSING,,UNVERIFIED,TIER_A,LYRICS_ONLY,train
RMVM_S_1884b5efcf,Ai Lên Xứ Hoa Đào,Võ Minh Lê,ART_4a80ecbc64,POP_BALLAD,deterministic_mapping,1.0,N/A (Standard 11 Taxonomy),,MISSING,,MISSING,data/covers/RMVM_S_1884b5efcf.jpg,AVAILABLE,,UNVERIFIED,TIER_A,COVER_ONLY,train
RMVM_S_e6ceac0c92,Tâm Sự Chàng Ca Sĩ,Võ Minh Lê,ART_4a80ecbc64,POP_BALLAD,deterministic_mapping,1.0,N/A (Standard 11 Taxonomy),,MISSING,data/lyrics/RMVM_S_e6ceac0c92.txt,AVAILABLE,,MISSING,,UNVERIFIED,TIER_A,LYRICS_ONLY,train
RMVM_S_4cea687353,Tôi Xa Người Yêu,Võ Minh Lê,ART_4a80ecbc64,POP_BALLAD,deterministic_mapping,1.0,N/A (Standard 11 Taxonomy),,MISSING,data/lyrics/RMVM_S_4cea687353.txt,AVAILABLE,,MISSING,,UNVERIFIED,TIER_A,LYRICS_ONLY,train
RMVM_S_2cea172ef5,Bông Mua Tím,Võ Minh Lê,ART_4a80ecbc64,POP_BALLAD,deterministic_mapping,1.0,N/A (Standard 11 Taxonomy),,MISSING,data/lyrics/RMVM_S_2cea172ef5.txt,AVAILABLE,,MISSING,,UNVERIFIED,TIER_A,LYRICS_ONLY,train
RMVM_S_6dbcb296e8,Có Trăng Quên Đèn,Võ Minh Lê,ART_4a80ecbc64,POP_BALLAD,deterministic_mapping,1.0,N/A (Standard 11 Taxonomy),,MISSING,data/lyrics/RMVM_S_6dbcb296e8.txt,AVAILABLE,,MISSING,,UNVERIFIED,TIER_A,LYRICS_ONLY,train
RMVM_S_c63c1fc095,Gió Ngựa Trên Đồi Cỏ Non,Võ Minh Lê,ART_4a80ecbc64,POP_BALLAD,deterministic_mapping,1.0,N/A (Standard 11 Taxonomy),,MISSING,data/lyrics/RMVM_S_c63c1fc095.txt,AVAILABLE,,MISSING,,UNVERIFIED,TIER_A,LYRICS_ONLY,train
RMVM_S_67f960e9a4,Chỉ Anh Nghĩ,Hồng Duy,ART_49936e3eb4,POP_BALLAD,deterministic_mapping,1.0,N/A (Standard 11 Taxonomy),,MISSING,data/lyrics/RMVM_S_67f960e9a4.txt,AVAILABLE,,MISSING,,UNVERIFIED,TIER_A,LYRICS_ONLY,train
RMVM_S_245ee5b704,Giăng Câu 2,"Tài Linh, Đình Văn",ART_a0a37f8b27,BOLERO_TRUTINH,deterministic_mapping,1.0,N/A (Standard 11 Taxonomy),,MISSING,,MISSING,data/covers/RMVM_S_245ee5b704.jpg,AVAILABLE,,UNVERIFIED,TIER_A,COVER_ONLY,train
RMVM_S_0c7ace2fa3,Cô Thắm Vui Xuân,"Tài Linh, Đình Văn",ART_a0a37f8b27,POP_BALLAD,deterministic_mapping,1.0,N/A (Standard 11 Taxonomy),,MISSING,data/lyrics/RMVM_S_0c7ace2fa3.txt,AVAILABLE,,MISSING,,UNVERIFIED,TIER_A,LYRICS_ONLY,train
RMVM_S_634772eaa2,Ánh Đèn Phố,The Cassette,ART_e6112f36b8,ROCK,deterministic_mapping,1.0,N/A (Standard 11 Taxonomy),,MISSING,data/lyrics/RMVM_S_634772eaa2.txt,AVAILABLE,,MISSING,,UNVERIFIED,TIER_A,LYRICS_ONLY,train
RMVM_S_5aac8be025,Bóng Dáng Mùa Hè,"Lê Hiếu, Trần Thu Hà",ART_8f5a43ebab,POP_BALLAD,deterministic_mapping,1.0,N/A (Standard 11 Taxonomy),,MISSING,data/lyrics/RMVM_S_5aac8be025.txt,AVAILABLE,,MISSING,,UNVERIFIED,TIER_A,LYRICS_ONLY,train
RMVM_S_b6e9354e2b,Người Chơi Hệ Đẹp (Cukak Remix),"16 Typh, CUKAK",ART_cc0688199d,RAP_HIPHOP,deterministic_mapping,1.0,N/A (Standard 11 Taxonomy),,MISSING,data/lyrics/RMVM_S_b6e9354e2b.txt,AVAILABLE,,MISSING,,UNVERIFIED,TIER_A,LYRICS_ONLY,train
RMVM_S_3f089dd1bf,Lặng Lẽ Tiếng Dương Cầm,Trịnh Hoàng Hải,ART_071b6e5353,POP_BALLAD,deterministic_mapping,1.0,N/A (Standard 11 Taxonomy),,MISSING,data/lyrics/RMVM_S_3f089dd1bf.txt,AVAILABLE,,MISSING,,UNVERIFIED,TIER_A,LYRICS_ONLY,train
RMVM_S_24cb9a61a4,Thế Giới Sẽ Mất Đi 2 Người Cô Đơn,"Peach, DUTZUX, D Love",ART_4ee5cbaabb,POP_BALLAD,deterministic_mapping,0.85,N/A (Standard 11 Taxonomy),,MISSING,,MISSING,,MISSING,,UNVERIFIED,TIER_B,NO_PHYSICAL_MODALITY,train
RMVM_S_679340ebc0,Anh Cần Một Bờ Vai,"Khánh Đơn, Khánh Trung",ART_b21d96a372,POP_BALLAD,deterministic_mapping,1.0,N/A (Standard 11 Taxonomy),,MISSING,data/lyrics/RMVM_S_679340ebc0.txt,AVAILABLE,,MISSING,,UNVERIFIED,TIER_A,LYRICS_ONLY,train
RMVM_S_92f5cf9342,Anh Luôn Tồn Tại,Huỳnh Như,ART_af3438dd15,POP_BALLAD,deterministic_mapping,1.0,N/A (Standard 11 Taxonomy),,MISSING,data/lyrics/RMVM_S_92f5cf9342.txt,AVAILABLE,,MISSING,,UNVERIFIED,TIER_A,LYRICS_ONLY,train
RMVM_S_810bcc7f06,Anh Luôn Tồn Tại (Beat),Huỳnh Như,ART_af3438dd15,POP_BALLAD,deterministic_mapping,1.0,N/A (Standard 11 Taxonomy),,MISSING,data/lyrics/RMVM_S_810bcc7f06.txt,AVAILABLE,,MISSING,,UNVERIFIED,TIER_A,LYRICS_ONLY,train
RMVM_S_4c424ec6d6,Trả Lại Anh (Beat),Việt Vũ,ART_f85f54c820,BOLERO_TRUTINH,deterministic_mapping,1.0,N/A (Standard 11 Taxonomy),,MISSING,,MISSING,data/covers/RMVM_S_4c424ec6d6.jpg,AVAILABLE,,UNVERIFIED,TIER_A,COVER_ONLY,train
RMVM_S_9941cb86fd,Chẳng Ai Trân Trọng Tình Yêu,Gia Quý,ART_6dae253029,POP_BALLAD,deterministic_mapping,1.0,N/A (Standard 11 Taxonomy),,MISSING,data/lyrics/RMVM_S_9941cb86fd.txt,AVAILABLE,,MISSING,,UNVERIFIED,TIER_A,LYRICS_ONLY,train
RMVM_S_6e307ad698,Sài Gòn Buồn Quá Em Ơi (Jazzhop),"Dế Choắt, Jason",ART_2b0fbe72ba,POP_BALLAD,deterministic_mapping,0.85,N/A (Standard 11 Taxonomy),,MISSING,,MISSING,,MISSING,,UNVERIFIED,TIER_B,NO_PHYSICAL_MODALITY,train
RMVM_S_20e378ef8f,Anh Làm Gì Sai (Vinahouse),Châu Khải Phong,ART_b5c7c65b2f,POP_BALLAD,deterministic_mapping,1.0,N/A (Standard 11 Taxonomy),,MISSING,data/lyrics/RMVM_S_20e378ef8f.txt,AVAILABLE,,MISSING,,UNVERIFIED,TIER_A,LYRICS_ONLY,train
RMVM_S_1c9cfc3772,Còn Là Gì Của Nhau,Châu Khải Phong,ART_b5c7c65b2f,POP_BALLAD,deterministic_mapping,1.0,N/A (Standard 11 Taxonomy),,MISSING,data/lyrics/RMVM_S_1c9cfc3772.txt,AVAILABLE,,MISSING,,UNVERIFIED,TIER_A,LYRICS_ONLY,train
RMVM_S_756755e084,Áo Cũ Tình Mới (Remix),Châu Khải Phong,ART_b5c7c65b2f,DANCE_EDM,deterministic_mapping,1.0,N/A (Standard 11 Taxonomy),,MISSING,data/lyrics/RMVM_S_756755e084.txt,AVAILABLE,,MISSING,,UNVERIFIED,TIER_A,LYRICS_ONLY,train
RMVM_S_8e45686acc,Anh Xin Lỗi Em Remix,Châu Khải Phong,ART_b5c7c65b2f,POP_BALLAD,deterministic_mapping,1.0,N/A (Standard 11 Taxonomy),,MISSING,data/lyrics/RMVM_S_8e45686acc.txt,AVAILABLE,,MISSING,2014.0,VERIFIED,TIER_A,LYRICS_ONLY,train
RMVM_S_e3a91a25f5,Đến Sau Một Người,Châu Khải Phong,ART_b5c7c65b2f,POP_BALLAD,deterministic_mapping,1.0,N/A (Standard 11 Taxonomy),,MISSING,data/lyrics/RMVM_S_e3a91a25f5.txt,AVAILABLE,,MISSING,,UNVERIFIED,TIER_A,LYRICS_ONLY,train
RMVM_S_4c05893f9b,Để Nhớ Một Cuộc Tình,Tô Phương Trang,ART_e937edc184,POP_BALLAD,deterministic_mapping,1.0,N/A (Standard 11 Taxonomy),,MISSING,,MISSING,data/covers/RMVM_S_4c05893f9b.jpg,AVAILABLE,,UNVERIFIED,TIER_A,COVER_ONLY,train
RMVM_S_83f1bceb73,Thương (Acoustic Version),Reddy,ART_3d2d73252a,POP_BALLAD,deterministic_mapping,1.0,N/A (Standard 11 Taxonomy),,MISSING,data/lyrics/RMVM_S_83f1bceb73.txt,AVAILABLE,,MISSING,,UNVERIFIED,TIER_A,LYRICS_ONLY,train
RMVM_S_5f1519af32,Vì Đâu Lại Thế,Reddy,ART_3d2d73252a,POP_BALLAD,deterministic_mapping,1.0,N/A (Standard 11 Taxonomy),,MISSING,data/lyrics/RMVM_S_5f1519af32.txt,AVAILABLE,,MISSING,,UNVERIFIED,TIER_A,LYRICS_ONLY,train
RMVM_S_88097b638c,01 Vung La Me Bay,Mộng Thi,ART_d7c1ba44c3,POP_BALLAD,deterministic_mapping,1.0,N/A (Standard 11 Taxonomy),,MISSING,,MISSING,data/covers/RMVM_S_88097b638c.jpg,AVAILABLE,,UNVERIFIED,TIER_A,COVER_ONLY,train
RMVM_S_a614d14fce,Ai Thật Lòng Thương Anh,Linh Rin,ART_491c887068,POP_BALLAD,deterministic_mapping,1.0,N/A (Standard 11 Taxonomy),,MISSING,data/lyrics/RMVM_S_a614d14fce.txt,AVAILABLE,,MISSING,,UNVERIFIED,TIER_A,LYRICS_ONLY,train
RMVM_S_cbaf69d2c2,Em Không Sao Đâu Beat,Bạc Cầm Diễm My,ART_ca9d4bf143,POP_BALLAD,deterministic_mapping,1.0,N/A (Standard 11 Taxonomy),,MISSING,,MISSING,data/covers/RMVM_S_cbaf69d2c2.jpg,AVAILABLE,,UNVERIFIED,TIER_A,COVER_ONLY,train
RMVM_S_eac2e6dc48,Một Lần Ly Biệt (Remix),Lê Bá Duy,ART_a96bbad1fc,DANCE_EDM,deterministic_mapping,1.0,N/A (Standard 11 Taxonomy),,MISSING,data/lyrics/RMVM_S_eac2e6dc48.txt,AVAILABLE,,MISSING,,UNVERIFIED,TIER_A,LYRICS_ONLY,train
RMVM_S_76e964b851,Em Muốn Cùng Anh,Đặng Thanh Tuyền,ART_b05e323f35,POP_BALLAD,deterministic_mapping,1.0,N/A (Standard 11 Taxonomy),,MISSING,data/lyrics/RMVM_S_76e964b851.txt,AVAILABLE,,MISSING,,UNVERIFIED,TIER_A,LYRICS_ONLY,train
RMVM_S_b1ac9f287a,Đợi Đến Tháng 13,Đặng Thanh Tuyền,ART_b05e323f35,POP_BALLAD,deterministic_mapping,1.0,N/A (Standard 11 Taxonomy),,MISSING,data/lyrics/RMVM_S_b1ac9f287a.txt,AVAILABLE,,MISSING,,UNVERIFIED,TIER_A,LYRICS_ONLY,train
RMVM_S_d69438d8f9,Điều Cha Chưa Nói,Ali Hoang Duong,ART_3f20e8b3ff,POP_BALLAD,deterministic_mapping,1.0,N/A (Standard 11 Taxonomy),,MISSING,data/lyrics/RMVM_S_d69438d8f9.txt,AVAILABLE,,MISSING,,UNVERIFIED,TIER_A,LYRICS_ONLY,train
RMVM_S_4a30fb4945,Không Yêu Cũng Đừng Làm Tổn Thương Em,Anh Duy,ART_418fc879e4,POP_BALLAD,deterministic_mapping,1.0,N/A (Standard 11 Taxonomy),,MISSING,data/lyrics/RMVM_S_4a30fb4945.txt,AVAILABLE,,MISSING,,UNVERIFIED,TIER_A,LYRICS_ONLY,train
RMVM_S_7885f70f89,Sông Vong Xuyên Hoa Bĩ Ngạn,Anh Duy,ART_418fc879e4,POP_BALLAD,deterministic_mapping,1.0,N/A (Standard 11 Taxonomy),,MISSING,data/lyrics/RMVM_S_7885f70f89.txt,AVAILABLE,,MISSING,,UNVERIFIED,TIER_A,LYRICS_ONLY,train
RMVM_S_5b864bf0d0,Tình Yêu Không Thể Nắm Giữ,Anh Duy,ART_418fc879e4,POP_BALLAD,deterministic_mapping,1.0,N/A (Standard 11 Taxonomy),,MISSING,data/lyrics/RMVM_S_5b864bf0d0.txt,AVAILABLE,,MISSING,,UNVERIFIED,TIER_A,LYRICS_ONLY,train
RMVM_S_5413b6bda8,Em Đang Ở Đâu Đấy (Cover),Thái Quỳnh,ART_b7deac8c97,POP_BALLAD,deterministic_mapping,1.0,N/A (Standard 11 Taxonomy),,MISSING,data/lyrics/RMVM_S_5413b6bda8.txt,AVAILABLE,,MISSING,,UNVERIFIED,TIER_A,LYRICS_ONLY,train
RMVM_S_2f776c548f,Cửu Môn Hồi Ức,Thái Quỳnh,ART_b7deac8c97,DANCE_EDM,deterministic_mapping,1.0,N/A (Standard 11 Taxonomy),,MISSING,data/lyrics/RMVM_S_2f776c548f.txt,AVAILABLE,,MISSING,,UNVERIFIED,TIER_A,LYRICS_ONLY,train
RMVM_S_236e6fe492,Bóng Tối Trước Bình Minh (Cover),Thái Quỳnh,ART_b7deac8c97,POP_BALLAD,deterministic_mapping,1.0,N/A (Standard 11 Taxonomy),,MISSING,data/lyrics/RMVM_S_236e6fe492.txt,AVAILABLE,,MISSING,,UNVERIFIED,TIER_A,LYRICS_ONLY,train
RMVM_S_ba71df8ffa,Ác Ma Đến Từ Thiên Đường,Thái Quỳnh,ART_b7deac8c97,POP_BALLAD,deterministic_mapping,1.0,N/A (Standard 11 Taxonomy),,MISSING,data/lyrics/RMVM_S_ba71df8ffa.txt,AVAILABLE,,MISSING,,UNVERIFIED,TIER_A,LYRICS_ONLY,train
RMVM_S_a9d8e29b1c,Bỏ Phật Nhập Ma,Thái Quỳnh,ART_b7deac8c97,OTHER,curated_out_of_taxonomy,0.9,Religious / Sacred spiritual Vietnamese music,,MISSING,,MISSING,,MISSING,,UNVERIFIED,TIER_B,NO_PHYSICAL_MODALITY,train
RMVM_S_ae6be35757,Một Ngày Đẹp Trời,Pank Vu,ART_670a1a9434,POP_BALLAD,deterministic_mapping,1.0,N/A (Standard 11 Taxonomy),,MISSING,data/lyrics/RMVM_S_ae6be35757.txt,AVAILABLE,,MISSING,,UNVERIFIED,TIER_A,LYRICS_ONLY,train
RMVM_S_e5049fc53b,Điệu Buồn Trên Sông (Dương Thế Bao La Sầu OST),"Hồng Phượng, Đông Dương",ART_ff5d817a48,BOLERO_TRUTINH,deterministic_mapping,1.0,N/A (Standard 11 Taxonomy),,MISSING,data/lyrics/RMVM_S_e5049fc53b.txt,AVAILABLE,,MISSING,,UNVERIFIED,TIER_A,LYRICS_ONLY,train
RMVM_S_16f63f1e0e,Liên Khúc Tùy Hứng Lý Qua Cầu,Mỹ Nhung,ART_1a486c4713,BOLERO_TRUTINH,deterministic_mapping,1.0,N/A (Standard 11 Taxonomy),,MISSING,,MISSING,data/covers/RMVM_S_16f63f1e0e.jpg,AVAILABLE,,UNVERIFIED,TIER_A,COVER_ONLY,train
RMVM_S_d29604f1e3,Không Thể Quên Em,Mỹ Nhung,ART_1a486c4713,POP_BALLAD,deterministic_mapping,1.0,N/A (Standard 11 Taxonomy),,MISSING,,MISSING,data/covers/RMVM_S_d29604f1e3.jpg,AVAILABLE,,UNVERIFIED,TIER_A,COVER_ONLY,train
RMVM_S_57f76bbeed,Liên Khúc Mưa Nhớ Em - Tả Tơi Chữ Đời,Mỹ Nhung,ART_1a486c4713,POP_BALLAD,deterministic_mapping,1.0,N/A (Standard 11 Taxonomy),,MISSING,,MISSING,data/covers/RMVM_S_57f76bbeed.jpg,AVAILABLE,,UNVERIFIED,TIER_A,COVER_ONLY,train
RMVM_S_0d3846cd18,Bến Đò Chiều Vắng Em (Beat Tone Nam),Mỹ Nhung,ART_1a486c4713,POP_BALLAD,deterministic_mapping,1.0,N/A (Standard 11 Taxonomy),,MISSING,,MISSING,data/covers/RMVM_S_0d3846cd18.jpg,AVAILABLE,,UNVERIFIED,TIER_A,COVER_ONLY,train
RMVM_S_91733fc9cc,Liên Khúc Nhạc Về Thầy Minh Tuệ - Thương Thầy Người Là Đấng Chân Tu,Mỹ Nhung,ART_1a486c4713,POP_BALLAD,deterministic_mapping,1.0,N/A (Standard 11 Taxonomy),,MISSING,,MISSING,data/covers/RMVM_S_91733fc9cc.jpg,AVAILABLE,,UNVERIFIED,TIER_A,COVER_ONLY,train
RMVM_S_f82b9d3904,Có Lẽ Anh Đã Đánh Mất Em,"Minh Huy, THIENVU, Nam Joyy",ART_da8482e6b7,RB_SOUL,deterministic_mapping,1.0,N/A (Standard 11 Taxonomy),,MISSING,data/lyrics/RMVM_S_f82b9d3904.txt,AVAILABLE,,MISSING,,UNVERIFIED,TIER_A,LYRICS_ONLY,train
RMVM_S_c06bbaa4b3,Lời Xin Lỗi Muộn Màng (Beat),"Lê Yến Vy, KNK",ART_7ebfc54111,POP_BALLAD,deterministic_mapping,1.0,N/A (Standard 11 Taxonomy),,MISSING,data/lyrics/RMVM_S_c06bbaa4b3.txt,AVAILABLE,,MISSING,,UNVERIFIED,TIER_A,LYRICS_ONLY,train
RMVM_S_55bf67162e,Em Là Người Yêu Cũ,Hoàng Đăng Thanh,ART_6ee96e93ce,POP_BALLAD,deterministic_mapping,1.0,N/A (Standard 11 Taxonomy),,MISSING,data/lyrics/RMVM_S_55bf67162e.txt,AVAILABLE,,MISSING,,UNVERIFIED,TIER_A,LYRICS_ONLY,train
RMVM_S_77bb185be3,Đôi Mắt (Cover),Tạ Minh Thành,ART_aa1d7a014b,POP_BALLAD,deterministic_mapping,1.0,N/A (Standard 11 Taxonomy),,MISSING,data/lyrics/RMVM_S_77bb185be3.txt,AVAILABLE,,MISSING,,UNVERIFIED,TIER_A,LYRICS_ONLY,train
RMVM_S_3a123423fc,Liên Khúc Dân Ca Mừng Xuân Quê Hương,"Minh Thu, Hoài Tâm",ART_381a7ab68a,FOLK_TRADITIONAL,deterministic_mapping,1.0,N/A (Standard 11 Taxonomy),,MISSING,data/lyrics/RMVM_S_3a123423fc.txt,AVAILABLE,,MISSING,,UNVERIFIED,TIER_A,LYRICS_ONLY,train
RMVM_S_ae92cd5708,"LK Chiếc Khăn Gió Ấm, Đành Nói Lời Chia Tay",Anny Hằng,ART_ef7f99bb94,POP_BALLAD,deterministic_mapping,1.0,N/A (Standard 11 Taxonomy),,MISSING,,MISSING,data/covers/RMVM_S_ae92cd5708.jpg,AVAILABLE,,UNVERIFIED,TIER_A,COVER_ONLY,train
RMVM_S_243b3f898f,"LK Đã Không Yêu Thì Thôi, Dĩ Vãng Cuộc Tình",Anny Hằng,ART_ef7f99bb94,POP_BALLAD,deterministic_mapping,1.0,N/A (Standard 11 Taxonomy),,MISSING,,MISSING,data/covers/RMVM_S_243b3f898f.jpg,AVAILABLE,,UNVERIFIED,TIER_A,COVER_ONLY,train
RMVM_S_8d70cdbaaf,Thế Em Làm Sao?,"Junki Trần Hòa, Vũ Phạm",ART_fb60231708,POP_BALLAD,deterministic_mapping,1.0,N/A (Standard 11 Taxonomy),,MISSING,data/lyrics/RMVM_S_8d70cdbaaf.txt,AVAILABLE,data/covers/RMVM_S_8d70cdbaaf.jpg,AVAILABLE,,UNVERIFIED,TIER_A,LYRICS_COVER,train
RMVM_S_a09d1ddaa9,Ngập Ngừng,Pay,ART_b02a45a596,POP_BALLAD,deterministic_mapping,1.0,N/A (Standard 11 Taxonomy),,MISSING,data/lyrics/RMVM_S_a09d1ddaa9.txt,AVAILABLE,,MISSING,,UNVERIFIED,TIER_A,LYRICS_ONLY,train
RMVM_S_a121103d5b,THƯƠNG THẦM EM GÁI VĨNH LONG,"Nguyễn Hữu Liệu, Kha Duy - Ngọc Trân",ART_9d2c3e6214,BOLERO_TRUTINH,deterministic_mapping,1.0,N/A (Standard 11 Taxonomy),,MISSING,,MISSING,data/covers/RMVM_S_a121103d5b.jpg,AVAILABLE,,UNVERIFIED,TIER_A,COVER_ONLY,train
RMVM_S_1bdd81354c,Anh Không Cần (Beat),Hoàng Gia Huy,ART_319b46def5,POP_BALLAD,deterministic_mapping,1.0,N/A (Standard 11 Taxonomy),,MISSING,data/lyrics/RMVM_S_1bdd81354c.txt,AVAILABLE,,MISSING,,UNVERIFIED,TIER_A,LYRICS_ONLY,train
RMVM_S_5c1f1ba905,Tâm Sự Đời Tôi (Live),"Hoàng Nhung, Châu Ngọc Hà",ART_6240407c97,BOLERO_TRUTINH,deterministic_mapping,1.0,N/A (Standard 11 Taxonomy),,MISSING,data/lyrics/RMVM_S_5c1f1ba905.txt,AVAILABLE,,MISSING,,UNVERIFIED,TIER_A,LYRICS_ONLY,train
RMVM_S_082e49dd9b,Cho Em Đi Tìm Bến Mới,Lâm Hùng,ART_af1585c62c,POP_BALLAD,deterministic_mapping,1.0,N/A (Standard 11 Taxonomy),,MISSING,,MISSING,data/covers/RMVM_S_082e49dd9b.jpg,AVAILABLE,,UNVERIFIED,TIER_A,COVER_ONLY,train
RMVM_S_c60abde5a8,Lạnh Bước,Lâm Hùng,ART_af1585c62c,POP_BALLAD,deterministic_mapping,1.0,N/A (Standard 11 Taxonomy),,MISSING,data/lyrics/RMVM_S_c60abde5a8.txt,AVAILABLE,,MISSING,,UNVERIFIED,TIER_A,LYRICS_ONLY,train
RMVM_S_3008b47e75,Cuộc Tình Đã Mât,Lâm Hùng,ART_af1585c62c,INSTRUMENTAL,source_tag_verification,0.85,N/A (Standard 11 Taxonomy),,MISSING,data/lyrics/RMVM_S_3008b47e75.txt,AVAILABLE,,MISSING,,UNVERIFIED,TIER_B,LYRICS_ONLY,train
RMVM_S_8a8fd0a316,Dừng Lại Một Chút Thôi,Trung Nghĩa,ART_40c879c33a,POP_BALLAD,deterministic_mapping,1.0,N/A (Standard 11 Taxonomy),,MISSING,data/lyrics/RMVM_S_8a8fd0a316.txt,AVAILABLE,,MISSING,,UNVERIFIED,TIER_A,LYRICS_ONLY,train
RMVM_S_5640f62337,Dòng Thư Không Hồi Âm,Trung Nghĩa,ART_40c879c33a,BOLERO_TRUTINH,deterministic_mapping,1.0,N/A (Standard 11 Taxonomy),,MISSING,data/lyrics/RMVM_S_5640f62337.txt,AVAILABLE,,MISSING,,UNVERIFIED,TIER_A,LYRICS_ONLY,train
RMVM_S_3b42aacdff,Con Sông Tuổi Thơ Tôi,Trung Nghĩa,ART_40c879c33a,BOLERO_TRUTINH,deterministic_mapping,1.0,N/A (Standard 11 Taxonomy),,MISSING,data/lyrics/RMVM_S_3b42aacdff.txt,AVAILABLE,,MISSING,,UNVERIFIED,TIER_A,LYRICS_ONLY,train
RMVM_S_b7c8a24cd7,Rồi Em Sẽ Quên,Trung Nghĩa,ART_40c879c33a,POP_BALLAD,deterministic_mapping,1.0,N/A (Standard 11 Taxonomy),,MISSING,data/lyrics/RMVM_S_b7c8a24cd7.txt,AVAILABLE,,MISSING,,UNVERIFIED,TIER_A,LYRICS_ONLY,train
RMVM_S_bd56b53fe0,Bước Chân Người Miền Trung,Trung Nghĩa,ART_40c879c33a,BOLERO_TRUTINH,deterministic_mapping,1.0,N/A (Standard 11 Taxonomy),,MISSING,data/lyrics/RMVM_S_bd56b53fe0.txt,AVAILABLE,,MISSING,,UNVERIFIED,TIER_A,LYRICS_ONLY,train
RMVM_S_3d62d50407,Liên Khúc Tuổi Xa Người & Bài Cho Em,Trung Nghĩa,ART_40c879c33a,BOLERO_TRUTINH,deterministic_mapping,1.0,N/A (Standard 11 Taxonomy),,MISSING,data/lyrics/RMVM_S_3d62d50407.txt,AVAILABLE,,MISSING,,UNVERIFIED,TIER_A,LYRICS_ONLY,train
RMVM_S_5c7709b3e9,Miền Thùy Dương Dấu Yêu,Trung Nghĩa,ART_40c879c33a,BOLERO_TRUTINH,deterministic_mapping,1.0,N/A (Standard 11 Taxonomy),,MISSING,data/lyrics/RMVM_S_5c7709b3e9.txt,AVAILABLE,,MISSING,,UNVERIFIED,TIER_A,LYRICS_ONLY,train
RMVM_S_8a4c4882fe,1 Ngày Mùa Đông Của Tháng 12,"Đỗ Phú Quí, Mcee Blue",ART_5013f0314d,POP_BALLAD,deterministic_mapping,1.0,N/A (Standard 11 Taxonomy),,MISSING,data/lyrics/RMVM_S_8a4c4882fe.txt,AVAILABLE,,MISSING,,UNVERIFIED,TIER_A,LYRICS_ONLY,train
RMVM_S_f76b830db1,Con Nợ Cha Mẹ Một Mùa Xuân,"Vũ Tuấn Hùng, Trần Mạnh Cường",ART_96b9bca4cc,POP_BALLAD,deterministic_mapping,1.0,N/A (Standard 11 Taxonomy),,MISSING,data/lyrics/RMVM_S_f76b830db1.txt,AVAILABLE,,MISSING,,UNVERIFIED,TIER_A,LYRICS_ONLY,train
RMVM_S_a44fc33796,Anh Lam Nhac La Vi Tinh Yeu,TCain,ART_a569ff0558,CHILDREN,deterministic_mapping,1.0,N/A (Standard 11 Taxonomy),,MISSING,data/lyrics/RMVM_S_a44fc33796.txt,AVAILABLE,,MISSING,,UNVERIFIED,TIER_A,LYRICS_ONLY,train
RMVM_S_8139832583,Bên Cầu Ô Thước,Loan Châu,ART_330a874d37,BOLERO_TRUTINH,deterministic_mapping,1.0,N/A (Standard 11 Taxonomy),,MISSING,,MISSING,data/covers/RMVM_S_8139832583.jpg,AVAILABLE,,UNVERIFIED,TIER_A,COVER_ONLY,train
RMVM_S_a1c3bde3ad,Bài Tango Cuối Cùng,Loan Châu,ART_330a874d37,BOLERO_TRUTINH,deterministic_mapping,1.0,N/A (Standard 11 Taxonomy),,MISSING,data/lyrics/RMVM_S_a1c3bde3ad.txt,AVAILABLE,,MISSING,,UNVERIFIED,TIER_A,LYRICS_ONLY,train
RMVM_S_3bac057d66,Bài Tình Ca Cho Kỹ Niệm,Loan Châu,ART_330a874d37,BOLERO_TRUTINH,deterministic_mapping,1.0,N/A (Standard 11 Taxonomy),,MISSING,data/lyrics/RMVM_S_3bac057d66.txt,AVAILABLE,,MISSING,,UNVERIFIED,TIER_A,LYRICS_ONLY,train
RMVM_S_5712a66770,Chợt Nhớ Hơn Bao Giờ,Loan Châu,ART_330a874d37,BOLERO_TRUTINH,deterministic_mapping,1.0,N/A (Standard 11 Taxonomy),,MISSING,data/lyrics/RMVM_S_5712a66770.txt,AVAILABLE,,MISSING,,UNVERIFIED,TIER_A,LYRICS_ONLY,train
RMVM_S_94183907eb,Đứng Sau Hạnh Phúc,Trí Kiện,ART_0b21ca42a4,POP_BALLAD,deterministic_mapping,1.0,N/A (Standard 11 Taxonomy),,MISSING,data/lyrics/RMVM_S_94183907eb.txt,AVAILABLE,,MISSING,,UNVERIFIED,TIER_A,LYRICS_ONLY,train
RMVM_S_d8021ed37c,Khi Nào Em Nói Yêu Anh,SMS,ART_18b43c6a53,POP_BALLAD,deterministic_mapping,1.0,N/A (Standard 11 Taxonomy),,MISSING,data/lyrics/RMVM_S_d8021ed37c.txt,AVAILABLE,,MISSING,,UNVERIFIED,TIER_A,LYRICS_ONLY,train
RMVM_S_c1c35f5c70,Hạnh Phúc Ảo,Bích Ngọc Trân,ART_8f5f52b655,BOLERO_TRUTINH,deterministic_mapping,1.0,N/A (Standard 11 Taxonomy),,MISSING,data/lyrics/RMVM_S_c1c35f5c70.txt,AVAILABLE,,MISSING,,UNVERIFIED,TIER_A,LYRICS_ONLY,train
RMVM_S_a25a1fe394,Hello Mùa Xuân (Beat),"Kiến Thành, Yabi Nguyễn",ART_624957c448,FOLK_TRADITIONAL,deterministic_mapping,1.0,N/A (Standard 11 Taxonomy),,MISSING,data/lyrics/RMVM_S_a25a1fe394.txt,AVAILABLE,,MISSING,,UNVERIFIED,TIER_A,LYRICS_ONLY,train
RMVM_S_ca1de7dab2,NỐI LẠI TÌNH XƯA (LOFI VERSION),Bùi Phi Long,ART_725ffd36a2,BOLERO_TRUTINH,deterministic_mapping,1.0,N/A (Standard 11 Taxonomy),,MISSING,data/lyrics/RMVM_S_ca1de7dab2.txt,AVAILABLE,,MISSING,,UNVERIFIED,TIER_A,LYRICS_ONLY,train
RMVM_S_d3d12c7edc,BUỒN CON SÁO SẬU (Lofi Mix),Bùi Phi Long,ART_725ffd36a2,BOLERO_TRUTINH,deterministic_mapping,1.0,N/A (Standard 11 Taxonomy),,MISSING,data/lyrics/RMVM_S_d3d12c7edc.txt,AVAILABLE,,MISSING,,UNVERIFIED,TIER_A,LYRICS_ONLY,train
RMVM_S_6fdf5b0dd3,LẠI NHỚ NGƯỜI YÊU (LOFI VERSION),Bùi Phi Long,ART_725ffd36a2,BOLERO_TRUTINH,deterministic_mapping,1.0,N/A (Standard 11 Taxonomy),,MISSING,data/lyrics/RMVM_S_6fdf5b0dd3.txt,AVAILABLE,,MISSING,,UNVERIFIED,TIER_A,LYRICS_ONLY,train
RMVM_S_0857abb679,CHUYỆN HOA SIM (LOFI VERSION),Bùi Phi Long,ART_725ffd36a2,BOLERO_TRUTINH,deterministic_mapping,1.0,N/A (Standard 11 Taxonomy),,MISSING,data/lyrics/RMVM_S_0857abb679.txt,AVAILABLE,,MISSING,,UNVERIFIED,TIER_A,LYRICS_ONLY,train
RMVM_S_01179300e4,AI KHỔ VÌ AI (LOFI VERSION),Bùi Phi Long,ART_725ffd36a2,FOLK_TRADITIONAL,deterministic_mapping,1.0,N/A (Standard 11 Taxonomy),,MISSING,data/lyrics/RMVM_S_01179300e4.txt,AVAILABLE,,MISSING,,UNVERIFIED,TIER_A,LYRICS_ONLY,train
RMVM_S_5ee6d75da8,HƯƠNG TÓC MẠ NON (LOFI VERSION),Bùi Phi Long,ART_725ffd36a2,BOLERO_TRUTINH,deterministic_mapping,1.0,N/A (Standard 11 Taxonomy),,MISSING,data/lyrics/RMVM_S_5ee6d75da8.txt,AVAILABLE,,MISSING,,UNVERIFIED,TIER_A,LYRICS_ONLY,train
RMVM_S_5331466048,BÀI THƠ TÌNH (Lofi Mix),Bùi Phi Long,ART_725ffd36a2,BOLERO_TRUTINH,deterministic_mapping,1.0,N/A (Standard 11 Taxonomy),,MISSING,data/lyrics/RMVM_S_5331466048.txt,AVAILABLE,,MISSING,,UNVERIFIED,TIER_A,LYRICS_ONLY,train
RMVM_S_99a770b6a7,RA GIÊNG ANH CƯỚI EM (Lofi Mix),Bùi Phi Long,ART_725ffd36a2,BOLERO_TRUTINH,deterministic_mapping,1.0,N/A (Standard 11 Taxonomy),,MISSING,data/lyrics/RMVM_S_99a770b6a7.txt,AVAILABLE,,MISSING,,UNVERIFIED,TIER_A,LYRICS_ONLY,train
RMVM_S_44ae3603fc,LÀM DÂU XỨ LẠ (LOFI VERSION),Bùi Phi Long,ART_725ffd36a2,BOLERO_TRUTINH,deterministic_mapping,1.0,N/A (Standard 11 Taxonomy),,MISSING,data/lyrics/RMVM_S_44ae3603fc.txt,AVAILABLE,,MISSING,,UNVERIFIED,TIER_A,LYRICS_ONLY,train
RMVM_S_2b12cc0e5f,HOA SỨ NHÀ NÀNG (LOFI VERSION),Bùi Phi Long,ART_725ffd36a2,BOLERO_TRUTINH,deterministic_mapping,1.0,N/A (Standard 11 Taxonomy),,MISSING,data/lyrics/RMVM_S_2b12cc0e5f.txt,AVAILABLE,,MISSING,,UNVERIFIED,TIER_A,LYRICS_ONLY,train
RMVM_S_7fa24fbd61,ĐOẠN TÁI BÚT (LOFI VERSION),Bùi Phi Long,ART_725ffd36a2,BOLERO_TRUTINH,deterministic_mapping,1.0,N/A (Standard 11 Taxonomy),,MISSING,data/lyrics/RMVM_S_7fa24fbd61.txt,AVAILABLE,,MISSING,,UNVERIFIED,TIER_A,LYRICS_ONLY,train
RMVM_S_01ba107d62,NGƯỜI PHU KÉO MO CAU (LOFI VERSION),Bùi Phi Long,ART_725ffd36a2,BOLERO_TRUTINH,deterministic_mapping,1.0,N/A (Standard 11 Taxonomy),,MISSING,data/lyrics/RMVM_S_01ba107d62.txt,AVAILABLE,,MISSING,,UNVERIFIED,TIER_A,LYRICS_ONLY,train
RMVM_S_5c86b99f71,VỌNG KIM LANG (LOFI VERSION),Bùi Phi Long,ART_725ffd36a2,BOLERO_TRUTINH,deterministic_mapping,1.0,N/A (Standard 11 Taxonomy),,MISSING,data/lyrics/RMVM_S_5c86b99f71.txt,AVAILABLE,,MISSING,,UNVERIFIED,TIER_A,LYRICS_ONLY,train
RMVM_S_769f7fdf78,CHIẾC ÁO BÀ BA (LOFI VERSION),Bùi Phi Long,ART_725ffd36a2,BOLERO_TRUTINH,deterministic_mapping,1.0,N/A (Standard 11 Taxonomy),,MISSING,data/lyrics/RMVM_S_769f7fdf78.txt,AVAILABLE,,MISSING,,UNVERIFIED,TIER_A,LYRICS_ONLY,train
RMVM_S_7079bc3ea9,Chuỗi Ngày Ta Mộng Mơ,Lil Zpoet,ART_221ba64ddd,POP_BALLAD,deterministic_mapping,1.0,N/A (Standard 11 Taxonomy),,MISSING,data/lyrics/RMVM_S_7079bc3ea9.txt,AVAILABLE,,MISSING,,UNVERIFIED,TIER_A,LYRICS_ONLY,train
RMVM_S_3aaba63b73,Anh Hát Tặng Em,Quốc Đại,ART_dd18f9eda0,BOLERO_TRUTINH,deterministic_mapping,1.0,N/A (Standard 11 Taxonomy),,MISSING,data/lyrics/RMVM_S_3aaba63b73.txt,AVAILABLE,data/covers/RMVM_S_3aaba63b73.jpg,AVAILABLE,,UNVERIFIED,TIER_A,LYRICS_COVER,train
RMVM_S_3f16d162da,Góc Quê Hương,Quốc Đại,ART_dd18f9eda0,BOLERO_TRUTINH,deterministic_mapping,1.0,N/A (Standard 11 Taxonomy),,MISSING,data/lyrics/RMVM_S_3f16d162da.txt,AVAILABLE,,MISSING,,UNVERIFIED,TIER_A,LYRICS_ONLY,train
RMVM_S_bee78e8609,Nỗi Buồn Không Tên,Quốc Đại,ART_dd18f9eda0,BOLERO_TRUTINH,deterministic_mapping,1.0,N/A (Standard 11 Taxonomy),,MISSING,data/lyrics/RMVM_S_bee78e8609.txt,AVAILABLE,,MISSING,,UNVERIFIED,TIER_A,LYRICS_ONLY,train
RMVM_S_b624658b9b,Tranh Nguoi Yeu Toi Ra,Đào Nguyễn Ánh,ART_1995f6593a,ROCK,source_tag_verification,0.85,N/A (Standard 11 Taxonomy),,MISSING,data/lyrics/RMVM_S_b624658b9b.txt,AVAILABLE,,MISSING,2018.0,VERIFIED,TIER_B,LYRICS_ONLY,train
RMVM_S_ff7543ba92,Đám Cưới Anh Và Em,Đào Nguyễn Ánh,ART_1995f6593a,POP_BALLAD,deterministic_mapping,1.0,N/A (Standard 11 Taxonomy),,MISSING,data/lyrics/RMVM_S_ff7543ba92.txt,AVAILABLE,,MISSING,,UNVERIFIED,TIER_A,LYRICS_ONLY,train
RMVM_S_ca65fa5d79,Tron Kiep La Anh Em,Đào Nguyễn Ánh,ART_1995f6593a,ROCK,source_tag_verification,0.85,N/A (Standard 11 Taxonomy),,MISSING,data/lyrics/RMVM_S_ca65fa5d79.txt,AVAILABLE,,MISSING,2018.0,VERIFIED,TIER_B,LYRICS_ONLY,train
RMVM_S_c4b56cf7fc,Đạo Hiếu Vu Lan,Kim Linh,ART_e4bd38b781,BOLERO_TRUTINH,deterministic_mapping,1.0,N/A (Standard 11 Taxonomy),,MISSING,data/lyrics/RMVM_S_c4b56cf7fc.txt,AVAILABLE,,MISSING,,UNVERIFIED,TIER_A,LYRICS_ONLY,train
RMVM_S_55da9cd113,Bạc Liêu Quê Mình,Kim Linh,ART_e4bd38b781,BOLERO_TRUTINH,deterministic_mapping,1.0,N/A (Standard 11 Taxonomy),,MISSING,data/lyrics/RMVM_S_55da9cd113.txt,AVAILABLE,,MISSING,,UNVERIFIED,TIER_A,LYRICS_ONLY,train
RMVM_S_be1262c851,Khúc Giao Thoa Tình Duyên,Kim Linh,ART_e4bd38b781,BOLERO_TRUTINH,deterministic_mapping,1.0,N/A (Standard 11 Taxonomy),,MISSING,data/lyrics/RMVM_S_be1262c851.txt,AVAILABLE,,MISSING,,UNVERIFIED,TIER_A,LYRICS_ONLY,train
RMVM_S_a11dcce8f6,Ngắm Cánh Hoa Rơi,Kim Linh,ART_e4bd38b781,BOLERO_TRUTINH,deterministic_mapping,1.0,N/A (Standard 11 Taxonomy),,MISSING,data/lyrics/RMVM_S_a11dcce8f6.txt,AVAILABLE,,MISSING,,UNVERIFIED,TIER_A,LYRICS_ONLY,train
RMVM_S_925df2332d,Bến Đợi Đò Sang,Kim Linh,ART_e4bd38b781,BOLERO_TRUTINH,deterministic_mapping,1.0,N/A (Standard 11 Taxonomy),,MISSING,data/lyrics/RMVM_S_925df2332d.txt,AVAILABLE,,MISSING,,UNVERIFIED,TIER_A,LYRICS_ONLY,train
RMVM_S_a88aed5c98,Chúc Xuân,Kim Linh,ART_e4bd38b781,BOLERO_TRUTINH,deterministic_mapping,1.0,N/A (Standard 11 Taxonomy),,MISSING,data/lyrics/RMVM_S_a88aed5c98.txt,AVAILABLE,,MISSING,,UNVERIFIED,TIER_A,LYRICS_ONLY,train
RMVM_S_442cccd960,Tình Buồn Đêm Mưa,Kim Linh,ART_e4bd38b781,BOLERO_TRUTINH,deterministic_mapping,1.0,N/A (Standard 11 Taxonomy),,MISSING,data/lyrics/RMVM_S_442cccd960.txt,AVAILABLE,,MISSING,,UNVERIFIED,TIER_A,LYRICS_ONLY,train
RMVM_S_9c2d5e1a38,Khúc Nhạc Tình Tang (Beat),Kim Linh,ART_e4bd38b781,BOLERO_TRUTINH,deterministic_mapping,1.0,N/A (Standard 11 Taxonomy),,MISSING,data/lyrics/RMVM_S_9c2d5e1a38.txt,AVAILABLE,,MISSING,,UNVERIFIED,TIER_A,LYRICS_ONLY,train
RMVM_S_b35f0e90ab,Con Xin Quay Về,Kim Linh,ART_e4bd38b781,OTHER,curated_out_of_taxonomy,0.9,Religious / Sacred spiritual Vietnamese music,,MISSING,,MISSING,,MISSING,,UNVERIFIED,TIER_B,NO_PHYSICAL_MODALITY,train
RMVM_S_168a8dcd54,Ca Ngợi Phật,Kim Linh,ART_e4bd38b781,OTHER,curated_out_of_taxonomy,0.9,Religious / Sacred spiritual Vietnamese music,,MISSING,,MISSING,,MISSING,,UNVERIFIED,TIER_B,NO_PHYSICAL_MODALITY,train
RMVM_S_51c68d5524,Khi Ta Đôi Mươi,"Phi Thúy Hạnh, Quang Minh",ART_5830c95a0a,BOLERO_TRUTINH,deterministic_mapping,1.0,N/A (Standard 11 Taxonomy),,MISSING,data/lyrics/RMVM_S_51c68d5524.txt,AVAILABLE,,MISSING,,UNVERIFIED,TIER_A,LYRICS_ONLY,train
RMVM_S_f317678ba7,Người Về Bên Ai,IVAN,ART_2c42e5cf1c,POP_BALLAD,deterministic_mapping,1.0,N/A (Standard 11 Taxonomy),,MISSING,,MISSING,data/covers/RMVM_S_f317678ba7.jpg,AVAILABLE,,UNVERIFIED,TIER_A,COVER_ONLY,train
RMVM_S_3d23d64100,Chiều Phố Xưa,Đặng Trường Phát,ART_5ae9746b38,INSTRUMENTAL,source_tag_verification,0.85,N/A (Standard 11 Taxonomy),,MISSING,data/lyrics/RMVM_S_3d23d64100.txt,AVAILABLE,,MISSING,,UNVERIFIED,TIER_B,LYRICS_ONLY,train
RMVM_S_d1670f35ad,Chỉ Vì Quá Thương Em,Hải Nam,ART_be2a1e703f,POP_BALLAD,deterministic_mapping,1.0,N/A (Standard 11 Taxonomy),,MISSING,data/lyrics/RMVM_S_d1670f35ad.txt,AVAILABLE,,MISSING,,UNVERIFIED,TIER_A,LYRICS_ONLY,train
RMVM_S_e17e503dcc,Người Yêu Tôi Không Biết Nấu Ăn,"Kim Trung, Gold K",ART_a03ec21f71,POP_BALLAD,deterministic_mapping,1.0,N/A (Standard 11 Taxonomy),,MISSING,data/lyrics/RMVM_S_e17e503dcc.txt,AVAILABLE,,MISSING,,UNVERIFIED,TIER_A,LYRICS_ONLY,train
RMVM_S_31a2bbff4e,Đảo Không Người,Ngô Anh Đạt,ART_501c1c6947,POP_BALLAD,deterministic_mapping,1.0,N/A (Standard 11 Taxonomy),,MISSING,data/lyrics/RMVM_S_31a2bbff4e.txt,AVAILABLE,,MISSING,,UNVERIFIED,TIER_A,LYRICS_ONLY,train
RMVM_S_abb514a6fe,Giả Vờ Nhưng Anh Yêu Em,Ngô Anh Đạt,ART_501c1c6947,POP_BALLAD,deterministic_mapping,1.0,N/A (Standard 11 Taxonomy),,MISSING,data/lyrics/RMVM_S_abb514a6fe.txt,AVAILABLE,,MISSING,,UNVERIFIED,TIER_A,LYRICS_ONLY,train
RMVM_S_7b59e7140b,Điều Anh Chưa Nói,Hoàng Tuấn Kiệt,ART_3297f9c267,POP_BALLAD,deterministic_mapping,1.0,N/A (Standard 11 Taxonomy),,MISSING,data/lyrics/RMVM_S_7b59e7140b.txt,AVAILABLE,,MISSING,,UNVERIFIED,TIER_A,LYRICS_ONLY,train
RMVM_S_6eac0de841,Đập Nát Kỷ Niệm,Hoàng Tuấn Kiệt,ART_3297f9c267,POP_BALLAD,deterministic_mapping,1.0,N/A (Standard 11 Taxonomy),,MISSING,data/lyrics/RMVM_S_6eac0de841.txt,AVAILABLE,,MISSING,,UNVERIFIED,TIER_A,LYRICS_ONLY,train
RMVM_S_5d0a256521,Anh Buồn Thật Đấy,Anh Quân,ART_88e5536d3d,POP_BALLAD,deterministic_mapping,1.0,N/A (Standard 11 Taxonomy),,MISSING,data/lyrics/RMVM_S_5d0a256521.txt,AVAILABLE,,MISSING,,UNVERIFIED,TIER_A,LYRICS_ONLY,train
RMVM_S_bb83e0b6eb,Giấc Mơ Hồng,AXN,ART_625fa0bfdb,POP_BALLAD,deterministic_mapping,1.0,N/A (Standard 11 Taxonomy),,MISSING,data/lyrics/RMVM_S_bb83e0b6eb.txt,AVAILABLE,,MISSING,,UNVERIFIED,TIER_A,LYRICS_ONLY,train
RMVM_S_9eb82eea7f,Hãy Yêu Thật Lòng,AXN,ART_625fa0bfdb,POP_BALLAD,deterministic_mapping,0.85,N/A (Standard 11 Taxonomy),,MISSING,,MISSING,,MISSING,,UNVERIFIED,TIER_B,NO_PHYSICAL_MODALITY,train
RMVM_S_319de9ad50,Anh Ơi Đừng Đến Nữa,Thúy Huyền,ART_36808d017b,POP_BALLAD,deterministic_mapping,1.0,N/A (Standard 11 Taxonomy),,MISSING,data/lyrics/RMVM_S_319de9ad50.txt,AVAILABLE,,MISSING,,UNVERIFIED,TIER_A,LYRICS_ONLY,train
RMVM_S_9b75b58b28,Cuốn Theo Chiều Gió,Thúy Huyền,ART_36808d017b,POP_BALLAD,deterministic_mapping,1.0,N/A (Standard 11 Taxonomy),,MISSING,data/lyrics/RMVM_S_9b75b58b28.txt,AVAILABLE,,MISSING,,UNVERIFIED,TIER_A,LYRICS_ONLY,train
RMVM_S_fa3f75ab16,Chuyện Ngày Xưa,Thúy Huyền,ART_36808d017b,POP_BALLAD,deterministic_mapping,1.0,N/A (Standard 11 Taxonomy),,MISSING,data/lyrics/RMVM_S_fa3f75ab16.txt,AVAILABLE,,MISSING,,UNVERIFIED,TIER_A,LYRICS_ONLY,train
RMVM_S_ed9cb60792,Duyên Bẽ Bàng,Long Đẹp Trai,ART_89f990d122,POP_BALLAD,deterministic_mapping,1.0,N/A (Standard 11 Taxonomy),,MISSING,data/lyrics/RMVM_S_ed9cb60792.txt,AVAILABLE,,MISSING,,UNVERIFIED,TIER_A,LYRICS_ONLY,train
RMVM_S_6e3e62b633,Chỉ Vì Anh Ngu Ngốc,Đặng Minh,ART_c22623291d,POP_BALLAD,deterministic_mapping,1.0,N/A (Standard 11 Taxonomy),,MISSING,data/lyrics/RMVM_S_6e3e62b633.txt,AVAILABLE,,MISSING,,UNVERIFIED,TIER_A,LYRICS_ONLY,train
RMVM_S_7d609e2dad,Ai Chung Tình Được Mãi (Remix),Hoàng Yến,ART_1ae2cbd1f2,POP_BALLAD,deterministic_mapping,1.0,N/A (Standard 11 Taxonomy),,MISSING,data/lyrics/RMVM_S_7d609e2dad.txt,AVAILABLE,,MISSING,,UNVERIFIED,TIER_A,LYRICS_ONLY,train
RMVM_S_988459dd3c,Khúc Tâm Tình Người Hà Tĩnh,Hoàng Yến,ART_1ae2cbd1f2,POP_BALLAD,deterministic_mapping,0.85,N/A (Standard 11 Taxonomy),,MISSING,,MISSING,,MISSING,,UNVERIFIED,TIER_B,NO_PHYSICAL_MODALITY,train
RMVM_S_470e37d54f,Liên Khúc Đoản Ca Xuân - Xuân Đẹp Làm Sao,Hồ Quang Lộc,ART_9fc0a0a1d7,BOLERO_TRUTINH,deterministic_mapping,1.0,N/A (Standard 11 Taxonomy),,MISSING,data/lyrics/RMVM_S_470e37d54f.txt,AVAILABLE,data/covers/RMVM_S_470e37d54f.jpg,AVAILABLE,,UNVERIFIED,TIER_A,LYRICS_COVER,train
RMVM_S_10f955fdcf,Liên Khúc Mưa Bụi,Hồ Quang Lộc,ART_9fc0a0a1d7,BOLERO_TRUTINH,deterministic_mapping,1.0,N/A (Standard 11 Taxonomy),,MISSING,data/lyrics/RMVM_S_10f955fdcf.txt,AVAILABLE,,MISSING,,UNVERIFIED,TIER_A,LYRICS_ONLY,train
RMVM_S_1d8e84c9f8,Lá Diêu Bông,Hồ Quang Lộc,ART_9fc0a0a1d7,BOLERO_TRUTINH,deterministic_mapping,1.0,N/A (Standard 11 Taxonomy),,MISSING,data/lyrics/RMVM_S_1d8e84c9f8.txt,AVAILABLE,,MISSING,,UNVERIFIED,TIER_A,LYRICS_ONLY,train
RMVM_S_8dfea18046,Bài Ca Mùa Thu,Chu Minh Ký,ART_c693bfdfcf,POP_BALLAD,deterministic_mapping,1.0,N/A (Standard 11 Taxonomy),,MISSING,data/lyrics/RMVM_S_8dfea18046.txt,AVAILABLE,,MISSING,,UNVERIFIED,TIER_A,LYRICS_ONLY,train
RMVM_S_cff37b7068,"Nếu Lúc Ấy (Vệ Sĩ, Tiểu Thư Và Chàng Khờ OST)","Bằng Kiều, Văn Mai Hương",ART_e5a22cd578,POP_BALLAD,deterministic_mapping,1.0,N/A (Standard 11 Taxonomy),,MISSING,data/lyrics/RMVM_S_cff37b7068.txt,AVAILABLE,,MISSING,,UNVERIFIED,TIER_A,LYRICS_ONLY,train
RMVM_S_b49d61ae38,Quà Yêu Thương,"Thụy Vũ, Klong Hagim, Phương Trinh Jolie",ART_59a1d09858,POP_BALLAD,deterministic_mapping,1.0,N/A (Standard 11 Taxonomy),,MISSING,data/lyrics/RMVM_S_b49d61ae38.txt,AVAILABLE,,MISSING,,UNVERIFIED,TIER_A,LYRICS_ONLY,train
RMVM_S_a62513a15a,Ảo Mộng Tình Yêu,Chí Thành Danh,ART_e302e93612,POP_BALLAD,deterministic_mapping,1.0,N/A (Standard 11 Taxonomy),,MISSING,,MISSING,data/covers/RMVM_S_a62513a15a.jpg,AVAILABLE,,UNVERIFIED,TIER_A,COVER_ONLY,train
RMVM_S_bd0f95006d,Vắng Em Trong Đời 2,Chí Thành Danh,ART_e302e93612,POP_BALLAD,deterministic_mapping,1.0,N/A (Standard 11 Taxonomy),,MISSING,data/lyrics/RMVM_S_bd0f95006d.txt,AVAILABLE,,MISSING,,UNVERIFIED,TIER_A,LYRICS_ONLY,train
RMVM_S_54abd203cc,Trắng Tay,Chí Thành Danh,ART_e302e93612,POP_BALLAD,deterministic_mapping,1.0,N/A (Standard 11 Taxonomy),,MISSING,data/lyrics/RMVM_S_54abd203cc.txt,AVAILABLE,,MISSING,,UNVERIFIED,TIER_A,LYRICS_ONLY,train
RMVM_S_5268bc0bb4,Phút Biệt Ly 2,Chí Thành Danh,ART_e302e93612,POP_BALLAD,deterministic_mapping,1.0,N/A (Standard 11 Taxonomy),,MISSING,data/lyrics/RMVM_S_5268bc0bb4.txt,AVAILABLE,,MISSING,,UNVERIFIED,TIER_A,LYRICS_ONLY,train
RMVM_S_56f3cba867,Cả Đời Thua Bởi Một Người 2,Chí Thành Danh,ART_e302e93612,POP_BALLAD,deterministic_mapping,1.0,N/A (Standard 11 Taxonomy),,MISSING,data/lyrics/RMVM_S_56f3cba867.txt,AVAILABLE,,MISSING,,UNVERIFIED,TIER_A,LYRICS_ONLY,train
RMVM_S_acd96858a4,Một Giấc Mộng Xưa 2,Chí Thành Danh,ART_e302e93612,POP_BALLAD,deterministic_mapping,1.0,N/A (Standard 11 Taxonomy),,MISSING,data/lyrics/RMVM_S_acd96858a4.txt,AVAILABLE,,MISSING,,UNVERIFIED,TIER_A,LYRICS_ONLY,train
RMVM_S_1eb8172e19,Ta Trở Về,Chí Thành Danh,ART_e302e93612,POP_BALLAD,deterministic_mapping,1.0,N/A (Standard 11 Taxonomy),,MISSING,data/lyrics/RMVM_S_1eb8172e19.txt,AVAILABLE,,MISSING,,UNVERIFIED,TIER_A,LYRICS_ONLY,train
RMVM_S_ad50173ebb,Hết Rồi,Chí Thành Danh,ART_e302e93612,POP_BALLAD,deterministic_mapping,1.0,N/A (Standard 11 Taxonomy),,MISSING,data/lyrics/RMVM_S_ad50173ebb.txt,AVAILABLE,,MISSING,,UNVERIFIED,TIER_A,LYRICS_ONLY,train
RMVM_S_2211d8d419,Biệt Tri Kỷ,Chí Thành Danh,ART_e302e93612,BOLERO_TRUTINH,deterministic_mapping,1.0,N/A (Standard 11 Taxonomy),,MISSING,data/lyrics/RMVM_S_2211d8d419.txt,AVAILABLE,,MISSING,,UNVERIFIED,TIER_A,LYRICS_ONLY,train
RMVM_S_d7d99a3bcd,Anh Em Bỏ Nhau Sao Đành (Phim Ngắn Thua Một Người Dưng 2),Kim Tiểu Long,ART_a1101b38fa,BOLERO_TRUTINH,deterministic_mapping,1.0,N/A (Standard 11 Taxonomy),,MISSING,data/lyrics/RMVM_S_d7d99a3bcd.txt,AVAILABLE,,MISSING,,UNVERIFIED,TIER_A,LYRICS_ONLY,train
RMVM_S_678e5d6495,Chẳng Thể Như Lúc Đầu,Đặng Tuấn Vũ,ART_e54f1f334d,POP_BALLAD,deterministic_mapping,1.0,N/A (Standard 11 Taxonomy),,MISSING,data/lyrics/RMVM_S_678e5d6495.txt,AVAILABLE,,MISSING,,UNVERIFIED,TIER_A,LYRICS_ONLY,train
RMVM_S_beb25afab7,Chưa Quên Người Yêu Cũ (Live Version),"Hà Nhi, Trung Quân Idol",ART_bc6c46d54b,POP_BALLAD,deterministic_mapping,1.0,N/A (Standard 11 Taxonomy),,MISSING,data/lyrics/RMVM_S_beb25afab7.txt,AVAILABLE,,MISSING,,UNVERIFIED,TIER_A,LYRICS_ONLY,train
RMVM_S_eafa543b00,Con Đường Mây Trắng,Tam Ca Con Gái,ART_4e7af6d621,BOLERO_TRUTINH,deterministic_mapping,1.0,N/A (Standard 11 Taxonomy),,MISSING,data/lyrics/RMVM_S_eafa543b00.txt,AVAILABLE,,MISSING,,UNVERIFIED,TIER_A,LYRICS_ONLY,train
RMVM_S_ad743f682b,Chân Ngắn (Cover),Sjck,ART_be6f5715d3,POP_BALLAD,deterministic_mapping,1.0,N/A (Standard 11 Taxonomy),,MISSING,data/lyrics/RMVM_S_ad743f682b.txt,AVAILABLE,,MISSING,,UNVERIFIED,TIER_A,LYRICS_ONLY,train
RMVM_S_11a64d7074,Bao tuổi rồi mà còn yêu với đương,Saabirose,ART_b6ccd3354f,RAP_HIPHOP,deterministic_mapping,1.0,N/A (Standard 11 Taxonomy),,MISSING,data/lyrics/RMVM_S_11a64d7074.txt,AVAILABLE,,MISSING,,UNVERIFIED,TIER_A,LYRICS_ONLY,train
RMVM_S_968562d799,Girl Hai Huoc Nhung Tim Day Vet Xuoc,Saabirose,ART_b6ccd3354f,POP_BALLAD,deterministic_mapping,1.0,N/A (Standard 11 Taxonomy),,MISSING,data/lyrics/RMVM_S_968562d799.txt,AVAILABLE,,MISSING,,UNVERIFIED,TIER_A,LYRICS_ONLY,train
RMVM_S_2d4209a45b,Mùa Vấn Vương,"Phương Tae Tae, Huy Bình",ART_695ef61517,POP_BALLAD,deterministic_mapping,1.0,N/A (Standard 11 Taxonomy),,MISSING,data/lyrics/RMVM_S_2d4209a45b.txt,AVAILABLE,,MISSING,,UNVERIFIED,TIER_A,LYRICS_ONLY,train
RMVM_S_8ea87a1082,Cô Ấy Không Yêu Tôi,Hùng Quân,ART_dd120825b4,POP_BALLAD,deterministic_mapping,1.0,N/A (Standard 11 Taxonomy),,MISSING,data/lyrics/RMVM_S_8ea87a1082.txt,AVAILABLE,,MISSING,,UNVERIFIED,TIER_A,LYRICS_ONLY,train
RMVM_S_4a11a14121,Hoa Hữu Ý Nước Vô Tình (Lofi MK),Hùng Quân,ART_dd120825b4,POP_BALLAD,deterministic_mapping,1.0,N/A (Standard 11 Taxonomy),,MISSING,data/lyrics/RMVM_S_4a11a14121.txt,AVAILABLE,,MISSING,,UNVERIFIED,TIER_A,LYRICS_ONLY,train
RMVM_S_03131757c5,LK Thành Phố Buồn,Chế Linh,ART_1b72c8b7f2,INSTRUMENTAL,source_tag_verification,0.85,N/A (Standard 11 Taxonomy),,MISSING,data/lyrics/RMVM_S_03131757c5.txt,AVAILABLE,,MISSING,,UNVERIFIED,TIER_B,LYRICS_ONLY,train
RMVM_S_47aa5179ba,Tình Yêu Tôi Hát,"Avin Lu, DABLO",ART_beb1db51ee,POP_BALLAD,deterministic_mapping,1.0,N/A (Standard 11 Taxonomy),,MISSING,data/lyrics/RMVM_S_47aa5179ba.txt,AVAILABLE,,MISSING,,UNVERIFIED,TIER_A,LYRICS_ONLY,train
RMVM_S_aa16aa1c72,Cưới Thôi Em,Thái Học,ART_2b15792dbc,POP_BALLAD,deterministic_mapping,1.0,N/A (Standard 11 Taxonomy),,MISSING,data/lyrics/RMVM_S_aa16aa1c72.txt,AVAILABLE,,MISSING,,UNVERIFIED,TIER_A,LYRICS_ONLY,train
RMVM_S_41ae23835f,Kiếp Này Em Gả Cho Anh,Thái Học,ART_2b15792dbc,POP_BALLAD,deterministic_mapping,1.0,N/A (Standard 11 Taxonomy),,MISSING,data/lyrics/RMVM_S_41ae23835f.txt,AVAILABLE,,MISSING,,UNVERIFIED,TIER_A,LYRICS_ONLY,train
RMVM_MB_9e34ccc566,Ai oán,Hạc San,ART_ce377d1ff9,ROCK,musicbrainz_artist_discography,0.85,N/A (Standard 11 Taxonomy),,MISSING,,MISSING,,MISSING,2015.0,VERIFIED,TIER_B,NO_PHYSICAL_MODALITY,train
RMVM_MB_f6b5bf9d6b,Tiều phu,Hạc San,ART_ce377d1ff9,ROCK,musicbrainz_artist_discography,0.85,N/A (Standard 11 Taxonomy),,MISSING,,MISSING,,MISSING,2015.0,VERIFIED,TIER_B,NO_PHYSICAL_MODALITY,train
RMVM_MB_8ad5bd3928,Kẻ phản bội,Hạc San,ART_ce377d1ff9,ROCK,musicbrainz_artist_discography,0.85,N/A (Standard 11 Taxonomy),,MISSING,,MISSING,,MISSING,2015.0,VERIFIED,TIER_B,NO_PHYSICAL_MODALITY,train
RMVM_MB_622abc1312,Tái sinh,Hạc San,ART_ce377d1ff9,ROCK,musicbrainz_artist_discography,0.85,N/A (Standard 11 Taxonomy),,MISSING,,MISSING,,MISSING,2015.0,VERIFIED,TIER_B,NO_PHYSICAL_MODALITY,train
RMVM_MB_39f7e330c4,Tiếng đàn hàm oan,Hạc San,ART_ce377d1ff9,ROCK,musicbrainz_artist_discography,0.85,N/A (Standard 11 Taxonomy),,MISSING,,MISSING,,MISSING,2015.0,VERIFIED,TIER_B,NO_PHYSICAL_MODALITY,train
RMVM_MB_176dbee871,Bí mật của người ra đi,Hạc San,ART_ce377d1ff9,ROCK,musicbrainz_artist_discography,0.85,N/A (Standard 11 Taxonomy),,MISSING,,MISSING,,MISSING,2015.0,VERIFIED,TIER_B,NO_PHYSICAL_MODALITY,train
RMVM_S_34fb27724e,Bình Yên Nơi Anh (CM1X x VRT Remix),"TeamV, CM1X, VRT",ART_7492d04079,POP_BALLAD,deterministic_mapping,1.0,N/A (Standard 11 Taxonomy),,MISSING,data/lyrics/RMVM_S_34fb27724e.txt,AVAILABLE,,MISSING,,UNVERIFIED,TIER_A,LYRICS_ONLY,train
RMVM_S_790631d6dc,Bài Ca Đi Cày,"VP Bá Vương, TDK",ART_78c9e81e76,POP_BALLAD,deterministic_mapping,1.0,N/A (Standard 11 Taxonomy),,MISSING,data/lyrics/RMVM_S_790631d6dc.txt,AVAILABLE,,MISSING,,UNVERIFIED,TIER_A,LYRICS_ONLY,train
RMVM_S_e0adb26298,Chia Tay Sao Phải Buồn,"Lê Bô, Namchan",ART_04d918caac,POP_BALLAD,deterministic_mapping,1.0,N/A (Standard 11 Taxonomy),,MISSING,data/lyrics/RMVM_S_e0adb26298.txt,AVAILABLE,,MISSING,,UNVERIFIED,TIER_A,LYRICS_ONLY,train
RMVM_S_8c41435f64,Tình Hồng Như Mơ,"Cẩm Ly, Đan Trường",ART_e88fb25d12,BOLERO_TRUTINH,deterministic_mapping,1.0,N/A (Standard 11 Taxonomy),,MISSING,data/lyrics/RMVM_S_8c41435f64.txt,AVAILABLE,,MISSING,,UNVERIFIED,TIER_A,LYRICS_ONLY,train
RMVM_S_bdccfafb87,Mong Kiếp Sau Vẫn Là Anh Em,"Lưu Hưng, Dương Ngọc Thái",ART_5d777abe4d,POP_BALLAD,deterministic_mapping,1.0,N/A (Standard 11 Taxonomy),,MISSING,data/lyrics/RMVM_S_bdccfafb87.txt,AVAILABLE,,MISSING,,UNVERIFIED,TIER_A,LYRICS_ONLY,train
RMVM_S_ee6982f12b,Delilah - Tình Hận,Phong Vũ,ART_878c94d90f,BOLERO_TRUTINH,deterministic_mapping,1.0,N/A (Standard 11 Taxonomy),,MISSING,data/lyrics/RMVM_S_ee6982f12b.txt,AVAILABLE,,MISSING,,UNVERIFIED,TIER_A,LYRICS_ONLY,train
RMVM_S_5f2575a7e6,Lạnh Lẽo,"Bằng Cường, Saka Trương Tuyền",ART_551c1e5288,POP_BALLAD,deterministic_mapping,1.0,N/A (Standard 11 Taxonomy),,MISSING,data/lyrics/RMVM_S_5f2575a7e6.txt,AVAILABLE,,MISSING,,UNVERIFIED,TIER_A,LYRICS_ONLY,train
RMVM_S_f7340333ee,Chậm Như Rùa,Bé Hồng Ân,ART_35f4e19dfa,CHILDREN,deterministic_mapping,1.0,N/A (Standard 11 Taxonomy),,MISSING,data/lyrics/RMVM_S_f7340333ee.txt,AVAILABLE,,MISSING,,UNVERIFIED,TIER_A,LYRICS_ONLY,train
RMVM_S_b57593f38e,Con Gà Trống Gáy,Bé Hồng Ân,ART_35f4e19dfa,CHILDREN,deterministic_mapping,1.0,N/A (Standard 11 Taxonomy),,MISSING,data/lyrics/RMVM_S_b57593f38e.txt,AVAILABLE,,MISSING,,UNVERIFIED,TIER_A,LYRICS_ONLY,train
RMVM_S_8495430416,Con Gà Con,Bé Hồng Ân,ART_35f4e19dfa,CHILDREN,deterministic_mapping,1.0,N/A (Standard 11 Taxonomy),,MISSING,data/lyrics/RMVM_S_8495430416.txt,AVAILABLE,,MISSING,,UNVERIFIED,TIER_A,LYRICS_ONLY,train
RMVM_S_26294abe5a,3am & Healing,"Larria., Trung Tâm Băng Đĩa Lậu Hải Ngoại",ART_17d8aae30f,POP_BALLAD,deterministic_mapping,1.0,N/A (Standard 11 Taxonomy),,MISSING,data/lyrics/RMVM_S_26294abe5a.txt,AVAILABLE,,MISSING,,UNVERIFIED,TIER_A,LYRICS_ONLY,train
RMVM_S_22a37fdeaa,Quên Chưa Những Dấu Yêu,Ngọc Lan,ART_cb7d82ba55,INSTRUMENTAL,source_tag_verification,0.85,N/A (Standard 11 Taxonomy),,MISSING,data/lyrics/RMVM_S_22a37fdeaa.txt,AVAILABLE,,MISSING,,UNVERIFIED,TIER_B,LYRICS_ONLY,train
RMVM_S_2a05e223f6,Chiều Hoàng Hôn,"Jombie, Jena, G5R Squad",ART_ccf58be9cd,POP_BALLAD,deterministic_mapping,1.0,N/A (Standard 11 Taxonomy),,MISSING,data/lyrics/RMVM_S_2a05e223f6.txt,AVAILABLE,,MISSING,,UNVERIFIED,TIER_A,LYRICS_ONLY,train
RMVM_S_2ac2394ff2,Chiều Hoàng Hôn (Cải Lương Remix),"Jombie, Jena, G5R Squad",ART_ccf58be9cd,POP_BALLAD,deterministic_mapping,1.0,N/A (Standard 11 Taxonomy),,MISSING,data/lyrics/RMVM_S_2ac2394ff2.txt,AVAILABLE,,MISSING,,UNVERIFIED,TIER_A,LYRICS_ONLY,train
RMVM_S_33898dced6,Hà Nội của tôi Official,"Hải Duget, Ca sĩ Tuyết Mai, Thy Trần, Thu Hương, Tuệ Quyên",ART_249f06f13a,POP_BALLAD,deterministic_mapping,1.0,N/A (Standard 11 Taxonomy),,MISSING,,MISSING,data/covers/RMVM_S_33898dced6.jpg,AVAILABLE,,UNVERIFIED,TIER_A,COVER_ONLY,train
RMVM_S_6de644603c,Anh Em Mình Cạn,"Khánh Đơn, Phương Nam",ART_c9107ccb70,POP_BALLAD,deterministic_mapping,1.0,N/A (Standard 11 Taxonomy),,MISSING,data/lyrics/RMVM_S_6de644603c.txt,AVAILABLE,,MISSING,,UNVERIFIED,TIER_A,LYRICS_ONLY,train
RMVM_S_61e37a2ede,Nếu Phôi Phai Ngày Mai,"Saka Trương Tuyền, Khang Lê",ART_b7bab775d7,DANCE_EDM,deterministic_mapping,1.0,N/A (Standard 11 Taxonomy),,MISSING,data/lyrics/RMVM_S_61e37a2ede.txt,AVAILABLE,,MISSING,,UNVERIFIED,TIER_A,LYRICS_ONLY,train
RMVM_S_f3389a72d8,Ánh Trăng Buồn (Pi Nine Remix),"Vương Nguyễn, Nhã Pc",ART_a8fa024fc5,POP_BALLAD,deterministic_mapping,1.0,N/A (Standard 11 Taxonomy),,MISSING,,MISSING,data/covers/RMVM_S_f3389a72d8.jpg,AVAILABLE,,UNVERIFIED,TIER_A,COVER_ONLY,train
RMVM_S_f83ca0277b,Điệu Hò Phu Thê,"Lưu Ánh Loan, Khưu Huy Vũ",ART_aeb86c50db,BOLERO_TRUTINH,deterministic_mapping,1.0,N/A (Standard 11 Taxonomy),,MISSING,data/lyrics/RMVM_S_f83ca0277b.txt,AVAILABLE,,MISSING,,UNVERIFIED,TIER_A,LYRICS_ONLY,train
RMVM_S_0b37bf7b9f,Chuyện Bạn Tôi,Oliver Lee,ART_cd6d6e4cfc,POP_BALLAD,deterministic_mapping,1.0,N/A (Standard 11 Taxonomy),,MISSING,data/lyrics/RMVM_S_0b37bf7b9f.txt,AVAILABLE,,MISSING,,UNVERIFIED,TIER_A,LYRICS_ONLY,train
RMVM_MB_f8210e52f2,Cuối Ngày (Có Nhau Version),The Flob,ART_9037c183b4,ROCK,musicbrainz_artist_discography,0.85,N/A (Standard 11 Taxonomy),,MISSING,,MISSING,,MISSING,2022.0,VERIFIED,TIER_B,NO_PHYSICAL_MODALITY,train
RMVM_MB_2858c752fe,Cuối Ngày,The Flob,ART_9037c183b4,ROCK,musicbrainz_artist_discography,0.85,N/A (Standard 11 Taxonomy),,MISSING,,MISSING,,MISSING,2022.0,VERIFIED,TIER_B,NO_PHYSICAL_MODALITY,train
RMVM_MB_34bc6bdd5c,Ở Nhà Đêêê,The Flob,ART_9037c183b4,ROCK,musicbrainz_artist_discography,0.85,N/A (Standard 11 Taxonomy),,MISSING,,MISSING,,MISSING,2021.0,VERIFIED,TIER_B,NO_PHYSICAL_MODALITY,train
RMVM_MB_8af12782cb,Alright,The Flob,ART_9037c183b4,ROCK,musicbrainz_artist_discography,0.85,N/A (Standard 11 Taxonomy),,MISSING,,MISSING,,MISSING,2020.0,VERIFIED,TIER_B,NO_PHYSICAL_MODALITY,train
RMVM_MB_a7099ffbb4,Tạo tác từ đất sét,The Flob,ART_9037c183b4,ROCK,musicbrainz_artist_discography,0.85,N/A (Standard 11 Taxonomy),,MISSING,,MISSING,,MISSING,2020.0,VERIFIED,TIER_B,NO_PHYSICAL_MODALITY,train
RMVM_MB_be41b55d7b,Alright (alternative),The Flob,ART_9037c183b4,ROCK,musicbrainz_artist_discography,0.85,N/A (Standard 11 Taxonomy),,MISSING,,MISSING,,MISSING,2020.0,VERIFIED,TIER_B,NO_PHYSICAL_MODALITY,train
RMVM_S_b08455008d,Cô Không Kiểm Tra Bài,"Lynk Lee, Vanh Leg",ART_774ad06d9b,POP_BALLAD,deterministic_mapping,1.0,N/A (Standard 11 Taxonomy),,MISSING,data/lyrics/RMVM_S_b08455008d.txt,AVAILABLE,data/covers/RMVM_S_b08455008d.jpg,AVAILABLE,,UNVERIFIED,TIER_A,LYRICS_COVER,train
RMVM_S_9cb2f427ab,Không Thích Thì Đi,"Vĩnh Thuyên Kim, Nguyễn Đình Vũ",ART_4570cc03c0,POP_BALLAD,deterministic_mapping,1.0,N/A (Standard 11 Taxonomy),,MISSING,data/lyrics/RMVM_S_9cb2f427ab.txt,AVAILABLE,,MISSING,,UNVERIFIED,TIER_A,LYRICS_ONLY,train
RMVM_S_a0e9941caf,Ru Lại Câu Hò,"CT Media, Mai Tiến Đạt",ART_cbdea900fb,POP_BALLAD,deterministic_mapping,0.85,N/A (Standard 11 Taxonomy),,MISSING,,MISSING,,MISSING,,UNVERIFIED,TIER_B,NO_PHYSICAL_MODALITY,train
RMVM_S_762e2242bb,Lời ca dâng Bác,NSND Thu Hiền,ART_21a94c4389,FOLK_TRADITIONAL,artist_discography_verification,0.85,N/A (Standard 11 Taxonomy),,MISSING,data/lyrics/RMVM_S_762e2242bb.txt,AVAILABLE,,MISSING,,UNVERIFIED,TIER_B,LYRICS_ONLY,train
RMVM_S_8bafc6dd00,Mưa Cứ Rơi,"Mr. A, Wxrdie",ART_b5e8097bdc,RAP_HIPHOP,deterministic_mapping,1.0,N/A (Standard 11 Taxonomy),,MISSING,data/lyrics/RMVM_S_8bafc6dd00.txt,AVAILABLE,,MISSING,,UNVERIFIED,TIER_A,LYRICS_ONLY,train
RMVM_S_5389ffa391,Chán Thì Chia Tay,FreshlyRC,ART_4ff276d79d,POP_BALLAD,deterministic_mapping,1.0,N/A (Standard 11 Taxonomy),,MISSING,data/lyrics/RMVM_S_5389ffa391.txt,AVAILABLE,,MISSING,,UNVERIFIED,TIER_A,LYRICS_ONLY,train
RMVM_S_21328b4169,Anh Nào Có Tội,Vũ Duy Khánh,ART_59bdbd06ba,POP_BALLAD,deterministic_mapping,1.0,N/A (Standard 11 Taxonomy),,MISSING,,MISSING,data/covers/RMVM_S_21328b4169.jpg,AVAILABLE,,UNVERIFIED,TIER_A,COVER_ONLY,train
RMVM_S_3c10111b73,Chia Tay Vì Quá Hiểu,Vũ Duy Khánh,ART_59bdbd06ba,POP_BALLAD,deterministic_mapping,1.0,N/A (Standard 11 Taxonomy),,MISSING,data/lyrics/RMVM_S_3c10111b73.txt,AVAILABLE,,MISSING,,UNVERIFIED,TIER_A,LYRICS_ONLY,train
RMVM_S_b16b2a78f3,Người Ấy Sẽ Quên Em Thôi,Đại Tuyên,ART_68088a15a7,POP_BALLAD,deterministic_mapping,1.0,N/A (Standard 11 Taxonomy),,MISSING,data/lyrics/RMVM_S_b16b2a78f3.txt,AVAILABLE,,MISSING,,UNVERIFIED,TIER_A,LYRICS_ONLY,train
RMVM_S_9df26ba90f,Anh Không Quen Thiếu Em,CzEight,ART_7e640e67ee,POP_BALLAD,deterministic_mapping,1.0,N/A (Standard 11 Taxonomy),,MISSING,data/lyrics/RMVM_S_9df26ba90f.txt,AVAILABLE,,MISSING,,UNVERIFIED,TIER_A,LYRICS_ONLY,train
RMVM_S_886b5ddc8e,Chôn Sâu Yêu Thương,CzEight,ART_7e640e67ee,POP_BALLAD,deterministic_mapping,1.0,N/A (Standard 11 Taxonomy),,MISSING,data/lyrics/RMVM_S_886b5ddc8e.txt,AVAILABLE,,MISSING,,UNVERIFIED,TIER_A,LYRICS_ONLY,train
RMVM_S_8926665c50,Gọi Em Là Đóa Hoa Sầu,Vũ Khanh,ART_effa65f1ce,BOLERO_TRUTINH,deterministic_mapping,1.0,N/A (Standard 11 Taxonomy),,MISSING,,MISSING,data/covers/RMVM_S_8926665c50.jpg,AVAILABLE,,UNVERIFIED,TIER_A,COVER_ONLY,train
RMVM_S_8b63309fda,Cây đàn bỏ quên,Vũ Khanh,ART_effa65f1ce,BOLERO_TRUTINH,deterministic_mapping,1.0,N/A (Standard 11 Taxonomy),,MISSING,data/lyrics/RMVM_S_8b63309fda.txt,AVAILABLE,,MISSING,,UNVERIFIED,TIER_A,LYRICS_ONLY,train
RMVM_S_caef957143,Anh Chỉ Là Người Đến Sau Mà,"Tiến Thanh, Huỳnh Toàn",ART_9df485a500,POP_BALLAD,deterministic_mapping,0.85,N/A (Standard 11 Taxonomy),,MISSING,,MISSING,,MISSING,,UNVERIFIED,TIER_B,NO_PHYSICAL_MODALITY,train
RMVM_S_a445d66eeb,Biết Bao Giờ Trở Lại,Lân Nhã,ART_62dcd39a34,POP_BALLAD,deterministic_mapping,1.0,N/A (Standard 11 Taxonomy),,MISSING,data/lyrics/RMVM_S_a445d66eeb.txt,AVAILABLE,,MISSING,,UNVERIFIED,TIER_A,LYRICS_ONLY,train
RMVM_S_4ed15a3855,Có Những Phai Tàn,Lân Nhã,ART_62dcd39a34,POP_BALLAD,deterministic_mapping,1.0,N/A (Standard 11 Taxonomy),,MISSING,data/lyrics/RMVM_S_4ed15a3855.txt,AVAILABLE,,MISSING,,UNVERIFIED,TIER_A,LYRICS_ONLY,train
RMVM_S_f8f9e94114,Chút Nắng Vàng Bay (Live at Giấc Mơ Sol),Tùng Dương,ART_4da1ec08d5,POP_BALLAD,deterministic_mapping,1.0,N/A (Standard 11 Taxonomy),,MISSING,data/lyrics/RMVM_S_f8f9e94114.txt,AVAILABLE,,MISSING,,UNVERIFIED,TIER_A,LYRICS_ONLY,train
RMVM_S_49b9e8413d,Anh Cũng Biết Đau,"EnTi TK, Quân Táo, KaWaiiBi",ART_9319d36de6,RAP_HIPHOP,deterministic_mapping,1.0,N/A (Standard 11 Taxonomy),,MISSING,data/lyrics/RMVM_S_49b9e8413d.txt,AVAILABLE,,MISSING,,UNVERIFIED,TIER_A,LYRICS_ONLY,train
RMVM_S_671ab31fb3,Khúc Hát Dựng Xây Nông Thôn Mới,"Phan Tuấn, Hoài Tâm",ART_ef1e42afee,FOLK_TRADITIONAL,deterministic_mapping,1.0,N/A (Standard 11 Taxonomy),,MISSING,data/lyrics/RMVM_S_671ab31fb3.txt,AVAILABLE,,MISSING,,UNVERIFIED,TIER_A,LYRICS_ONLY,train
RMVM_S_0b1e17be1c,Lời Hứa Bay Đi,"Marr D, Freak",ART_3d693ef653,POP_BALLAD,deterministic_mapping,1.0,N/A (Standard 11 Taxonomy),,MISSING,data/lyrics/RMVM_S_0b1e17be1c.txt,AVAILABLE,,MISSING,,UNVERIFIED,TIER_A,LYRICS_ONLY,train
RMVM_S_b957e60261,Đàn Tình (Beat),"Quân Min, L.D.A.",ART_2ecef0a02e,POP_BALLAD,deterministic_mapping,1.0,N/A (Standard 11 Taxonomy),,MISSING,data/lyrics/RMVM_S_b957e60261.txt,AVAILABLE,,MISSING,,UNVERIFIED,TIER_A,LYRICS_ONLY,train
RMVM_S_042f501a62,Không Muốn Ai Thấy Anh Tổn Thương (Lofi Version),"Ngô Thành Dương, Nachi Khang",ART_e3228b8dfd,POP_BALLAD,deterministic_mapping,1.0,N/A (Standard 11 Taxonomy),,MISSING,,MISSING,data/covers/RMVM_S_042f501a62.jpg,AVAILABLE,,UNVERIFIED,TIER_A,COVER_ONLY,train
RMVM_S_8e3bc920db,Ghép Môi,OSAD,ART_db8e34b9d9,RAP_HIPHOP,deterministic_mapping,1.0,N/A (Standard 11 Taxonomy),,MISSING,data/lyrics/RMVM_S_8e3bc920db.txt,AVAILABLE,,MISSING,,UNVERIFIED,TIER_A,LYRICS_ONLY,train
RMVM_S_654f9562aa,Bức Thư Anh Chưa Gửi,"The Men, Quốc Cường",ART_57e370574b,POP_BALLAD,deterministic_mapping,1.0,N/A (Standard 11 Taxonomy),,MISSING,data/lyrics/RMVM_S_654f9562aa.txt,AVAILABLE,,MISSING,,UNVERIFIED,TIER_A,LYRICS_ONLY,train
RMVM_S_4c7b418c6d,Chẳng Còn Là Chúng Ta (Mến Gái Miền Tây OST),Võ Đăng Khoa,ART_06056e451e,POP_BALLAD,deterministic_mapping,1.0,N/A (Standard 11 Taxonomy),,MISSING,data/lyrics/RMVM_S_4c7b418c6d.txt,AVAILABLE,,MISSING,,UNVERIFIED,TIER_A,LYRICS_ONLY,train
RMVM_S_de449ce9e5,Anh Không Hối Tiếc,"Rap Việt, Limitlxss, Vũ Thảo My",ART_ff8cf55ee6,POP_BALLAD,deterministic_mapping,1.0,N/A (Standard 11 Taxonomy),,MISSING,,MISSING,data/covers/RMVM_S_de449ce9e5.jpg,AVAILABLE,2023.0,VERIFIED,TIER_A,COVER_ONLY,train
RMVM_S_a660c5aa71,Anh Không Năn Nỉ Em Đâu,Trương Bảo Anh,ART_90db7688e9,POP_BALLAD,deterministic_mapping,1.0,N/A (Standard 11 Taxonomy),,MISSING,data/lyrics/RMVM_S_a660c5aa71.txt,AVAILABLE,,MISSING,,UNVERIFIED,TIER_A,LYRICS_ONLY,train
RMVM_S_2cca71e3da,Liên Khúc 4 Mùa,GiGi Hương Giang,ART_9be47a5fc7,POP_BALLAD,deterministic_mapping,1.0,N/A (Standard 11 Taxonomy),,MISSING,data/lyrics/RMVM_S_2cca71e3da.txt,AVAILABLE,,MISSING,,UNVERIFIED,TIER_A,LYRICS_ONLY,train
RMVM_S_7c1c7d7215,Có Em Là Nhà,GiGi Hương Giang,ART_9be47a5fc7,POP_BALLAD,deterministic_mapping,1.0,N/A (Standard 11 Taxonomy),,MISSING,data/lyrics/RMVM_S_7c1c7d7215.txt,AVAILABLE,,MISSING,,UNVERIFIED,TIER_A,LYRICS_ONLY,train
RMVM_S_83fb56e8c7,"Mashup Gửi Người Yêu Cũ, Vỡ Tan",GiGi Hương Giang,ART_9be47a5fc7,POP_BALLAD,deterministic_mapping,1.0,N/A (Standard 11 Taxonomy),,MISSING,data/lyrics/RMVM_S_83fb56e8c7.txt,AVAILABLE,,MISSING,,UNVERIFIED,TIER_A,LYRICS_ONLY,train
RMVM_S_93f5bef71c,Anh Thôi Nhân Nhượng (Cover) (TD x MrK Remix),Dunghoangpham,ART_b401d4cde2,DANCE_EDM,deterministic_mapping,1.0,N/A (Standard 11 Taxonomy),,MISSING,data/lyrics/RMVM_S_93f5bef71c.txt,AVAILABLE,,MISSING,,UNVERIFIED,TIER_A,LYRICS_ONLY,train
RMVM_S_1399dce1b4,Anh Mới Chính Là Người Em Yêu (TD Remix) [Short Version 2],Dunghoangpham,ART_b401d4cde2,POP_BALLAD,deterministic_mapping,1.0,N/A (Standard 11 Taxonomy),,MISSING,data/lyrics/RMVM_S_1399dce1b4.txt,AVAILABLE,,MISSING,,UNVERIFIED,TIER_A,LYRICS_ONLY,train
RMVM_S_4741258bea,Anh Mới Chính Là Người Em Yêu (TD Remix) [Short Version 1],Dunghoangpham,ART_b401d4cde2,POP_BALLAD,deterministic_mapping,1.0,N/A (Standard 11 Taxonomy),,MISSING,data/lyrics/RMVM_S_4741258bea.txt,AVAILABLE,,MISSING,,UNVERIFIED,TIER_A,LYRICS_ONLY,train
RMVM_S_ec37306e94,Điều Em Cần,Thảo Wendy,ART_d6129c7d84,POP_BALLAD,deterministic_mapping,1.0,N/A (Standard 11 Taxonomy),,MISSING,data/lyrics/RMVM_S_ec37306e94.txt,AVAILABLE,,MISSING,,UNVERIFIED,TIER_A,LYRICS_ONLY,train
RMVM_S_f474c99fa3,Một Lần Khờ Dại Một Đời Nhớ Thương,Thảo Wendy,ART_d6129c7d84,POP_BALLAD,deterministic_mapping,1.0,N/A (Standard 11 Taxonomy),,MISSING,data/lyrics/RMVM_S_f474c99fa3.txt,AVAILABLE,,MISSING,,UNVERIFIED,TIER_A,LYRICS_ONLY,train
RMVM_S_151418c865,Để Em Cười Như Xưa,Thảo Wendy,ART_d6129c7d84,POP_BALLAD,deterministic_mapping,1.0,N/A (Standard 11 Taxonomy),,MISSING,data/lyrics/RMVM_S_151418c865.txt,AVAILABLE,,MISSING,,UNVERIFIED,TIER_A,LYRICS_ONLY,train
RMVM_S_efd32fa571,Tương Tư Người Lạ,Thảo Wendy,ART_d6129c7d84,POP_BALLAD,deterministic_mapping,1.0,N/A (Standard 11 Taxonomy),,MISSING,data/lyrics/RMVM_S_efd32fa571.txt,AVAILABLE,,MISSING,,UNVERIFIED,TIER_A,LYRICS_ONLY,train
RMVM_S_435c1cc95c,Chỉ Có Tôi Mong,Thảo Wendy,ART_d6129c7d84,POP_BALLAD,deterministic_mapping,1.0,N/A (Standard 11 Taxonomy),,MISSING,data/lyrics/RMVM_S_435c1cc95c.txt,AVAILABLE,,MISSING,,UNVERIFIED,TIER_A,LYRICS_ONLY,train
RMVM_S_a3dd7f272d,Bước Qua Những Tổn Thương,Hà Thúy Anh,ART_f342d23c6f,POP_BALLAD,deterministic_mapping,1.0,N/A (Standard 11 Taxonomy),,MISSING,data/lyrics/RMVM_S_a3dd7f272d.txt,AVAILABLE,,MISSING,,UNVERIFIED,TIER_A,LYRICS_ONLY,train
RMVM_S_ab46517301,Hà Giang Quê Hương Tôi,Mỹ Anh,ART_5fed28340d,BOLERO_TRUTINH,deterministic_mapping,1.0,N/A (Standard 11 Taxonomy),,MISSING,data/lyrics/RMVM_S_ab46517301.txt,AVAILABLE,,MISSING,,UNVERIFIED,TIER_A,LYRICS_ONLY,train
RMVM_S_d4eb7c7fea,Về Đô Lương Quê Mình,Mỹ Anh,ART_5fed28340d,FOLK_TRADITIONAL,deterministic_mapping,1.0,N/A (Standard 11 Taxonomy),,MISSING,data/lyrics/RMVM_S_d4eb7c7fea.txt,AVAILABLE,,MISSING,,UNVERIFIED,TIER_A,LYRICS_ONLY,train
RMVM_S_b91c556525,Liên Khúc Làng Quan Họ Quê Tôi,Mỹ Anh,ART_5fed28340d,BOLERO_TRUTINH,deterministic_mapping,1.0,N/A (Standard 11 Taxonomy),,MISSING,data/lyrics/RMVM_S_b91c556525.txt,AVAILABLE,,MISSING,,UNVERIFIED,TIER_A,LYRICS_ONLY,train
RMVM_S_e3146b2ab0,Cánh Hoa Pansse,Mỹ Anh,ART_5fed28340d,BOLERO_TRUTINH,deterministic_mapping,1.0,N/A (Standard 11 Taxonomy),,MISSING,data/lyrics/RMVM_S_e3146b2ab0.txt,AVAILABLE,,MISSING,,UNVERIFIED,TIER_A,LYRICS_ONLY,train
RMVM_S_6e212d49c7,Nhật Ký Sau Cùng,Mỹ Anh,ART_5fed28340d,BOLERO_TRUTINH,deterministic_mapping,1.0,N/A (Standard 11 Taxonomy),,MISSING,data/lyrics/RMVM_S_6e212d49c7.txt,AVAILABLE,,MISSING,,UNVERIFIED,TIER_A,LYRICS_ONLY,train
RMVM_S_2f2e11f630,Chẳng Thể Né Tránh,Mỹ Anh,ART_5fed28340d,POP_BALLAD,deterministic_mapping,1.0,N/A (Standard 11 Taxonomy),,MISSING,data/lyrics/RMVM_S_2f2e11f630.txt,AVAILABLE,,MISSING,,UNVERIFIED,TIER_A,LYRICS_ONLY,train
RMVM_MB_69516788c6,Ngồi Chờ Trong Vấn Vương,Mỹ Anh,ART_5fed28340d,RB_SOUL,musicbrainz_artist_discography,0.85,N/A (Standard 11 Taxonomy),,MISSING,,MISSING,,MISSING,2024.0,VERIFIED,TIER_B,NO_PHYSICAL_MODALITY,train
RMVM_MB_6691e91f9c,Cơn bão,Mỹ Anh,ART_5fed28340d,RB_SOUL,musicbrainz_artist_discography,0.85,N/A (Standard 11 Taxonomy),,MISSING,,MISSING,,MISSING,2011.0,VERIFIED,TIER_B,NO_PHYSICAL_MODALITY,train
RMVM_S_15cb683df8,Dòng Ký Ức,Cao Như Long,ART_869d8b2695,POP_BALLAD,deterministic_mapping,1.0,N/A (Standard 11 Taxonomy),,MISSING,data/lyrics/RMVM_S_15cb683df8.txt,AVAILABLE,,MISSING,,UNVERIFIED,TIER_A,LYRICS_ONLY,train
RMVM_S_2de85a6636,Hãy Về Đây Bên Em Bass Căng,Dj Tiffany,ART_4ef0e68993,POP_BALLAD,deterministic_mapping,1.0,N/A (Standard 11 Taxonomy),,MISSING,,MISSING,data/covers/RMVM_S_2de85a6636.jpg,AVAILABLE,,UNVERIFIED,TIER_A,COVER_ONLY,train
RMVM_S_20584964b3,Nắng Thủy Tinh,"Lệ Hồng, Thiên An",ART_3e500a6410,NHAC_TRINH,deterministic_mapping,1.0,N/A (Standard 11 Taxonomy),,MISSING,data/lyrics/RMVM_S_20584964b3.txt,AVAILABLE,,MISSING,,UNVERIFIED,TIER_A,LYRICS_ONLY,train
RMVM_MB_36647a95a4,Chúc Anh Đài,Lệ Thủy,ART_1bdf636624,FOLK_TRADITIONAL,musicbrainz_artist_discography,0.85,N/A (Standard 11 Taxonomy),,MISSING,,MISSING,,MISSING,2013.0,VERIFIED,TIER_B,NO_PHYSICAL_MODALITY,train
RMVM_S_53c0c43976,Nghe Tôi Gia Đình Rồi Phải Khác,Nguyên Thanh Phong,ART_a3eab0c3af,POP_BALLAD,deterministic_mapping,1.0,N/A (Standard 11 Taxonomy),,MISSING,data/lyrics/RMVM_S_53c0c43976.txt,AVAILABLE,data/covers/RMVM_S_53c0c43976.jpg,AVAILABLE,,UNVERIFIED,TIER_A,LYRICS_COVER,train
RMVM_S_00364cda4e,Gia Đình Là Điểm Tựa,Nguyên Thanh Phong,ART_a3eab0c3af,POP_BALLAD,deterministic_mapping,1.0,N/A (Standard 11 Taxonomy),,MISSING,data/lyrics/RMVM_S_00364cda4e.txt,AVAILABLE,,MISSING,,UNVERIFIED,TIER_A,LYRICS_ONLY,train
RMVM_S_d450c5039d,Chuyện Kể Về Cát Bụi,Lương Bằng Quang,ART_12772a45b4,POP_BALLAD,deterministic_mapping,1.0,N/A (Standard 11 Taxonomy),,MISSING,data/lyrics/RMVM_S_d450c5039d.txt,AVAILABLE,,MISSING,,UNVERIFIED,TIER_A,LYRICS_ONLY,train
RMVM_S_75b012f182,Bờ Vai Cho Em,Lương Bằng Quang,ART_12772a45b4,POP_BALLAD,deterministic_mapping,1.0,N/A (Standard 11 Taxonomy),,MISSING,data/lyrics/RMVM_S_75b012f182.txt,AVAILABLE,,MISSING,,UNVERIFIED,TIER_A,LYRICS_ONLY,train
RMVM_S_1280157612,Tin Yêu,Haukong,ART_d034409e46,POP_BALLAD,deterministic_mapping,1.0,N/A (Standard 11 Taxonomy),,MISSING,data/lyrics/RMVM_S_1280157612.txt,AVAILABLE,,MISSING,,UNVERIFIED,TIER_A,LYRICS_ONLY,train
RMVM_S_d53af339a5,Đời Rồi Ai Cũng Như Ai,Dương Anh Tâm,ART_3d051f33c8,POP_BALLAD,deterministic_mapping,1.0,N/A (Standard 11 Taxonomy),,MISSING,data/lyrics/RMVM_S_d53af339a5.txt,AVAILABLE,,MISSING,,UNVERIFIED,TIER_A,LYRICS_ONLY,train
RMVM_S_85438f8069,Trong Cõi Địa Đàng,Phạm Đình Nam,ART_3f58477e76,BOLERO_TRUTINH,deterministic_mapping,1.0,N/A (Standard 11 Taxonomy),,MISSING,data/lyrics/RMVM_S_85438f8069.txt,AVAILABLE,,MISSING,,UNVERIFIED,TIER_A,LYRICS_ONLY,train
RMVM_S_3d76c6d1b0,Anh Và Bạn Tôi,"NgânT, Yuki Bo",ART_c6f946cc8d,POP_BALLAD,deterministic_mapping,1.0,N/A (Standard 11 Taxonomy),,MISSING,data/lyrics/RMVM_S_3d76c6d1b0.txt,AVAILABLE,,MISSING,,UNVERIFIED,TIER_A,LYRICS_ONLY,train
RMVM_S_ab3bc716c3,Du Ngoạn Miền Tây,"N2H, KaWaiiBi",ART_da21ee9356,RAP_HIPHOP,deterministic_mapping,1.0,N/A (Standard 11 Taxonomy),,MISSING,data/lyrics/RMVM_S_ab3bc716c3.txt,AVAILABLE,,MISSING,,UNVERIFIED,TIER_A,LYRICS_ONLY,train
RMVM_S_9b4c11501e,Có Ai Mua Dùm Em Nỗi Buồn,NLy,ART_aff324073c,POP_BALLAD,deterministic_mapping,1.0,N/A (Standard 11 Taxonomy),,MISSING,,MISSING,data/covers/RMVM_S_9b4c11501e.jpg,AVAILABLE,,UNVERIFIED,TIER_A,COVER_ONLY,train
RMVM_S_88769dbad4,Giấc Mơ Bốn Mùa,"Nguyễn Hồng Ân, Lương Ngọc Quý",ART_0f51a72789,OTHER,curated_out_of_taxonomy,0.9,Religious / Sacred spiritual Vietnamese music,,MISSING,,MISSING,,MISSING,,UNVERIFIED,TIER_B,NO_PHYSICAL_MODALITY,train
RMVM_S_aa847bf73a,Anh Ba Ngố Miền Tây,"Đan Trường, Tin Tin",ART_cbfdbd6e49,FOLK_TRADITIONAL,deterministic_mapping,1.0,N/A (Standard 11 Taxonomy),,MISSING,data/lyrics/RMVM_S_aa847bf73a.txt,AVAILABLE,,MISSING,,UNVERIFIED,TIER_A,LYRICS_ONLY,train
RMVM_S_f331ade6f9,Du Ca Khúc,"Mer, Lazii",ART_e9475b4e19,POP_BALLAD,deterministic_mapping,1.0,N/A (Standard 11 Taxonomy),,MISSING,data/lyrics/RMVM_S_f331ade6f9.txt,AVAILABLE,,MISSING,,UNVERIFIED,TIER_A,LYRICS_ONLY,train
RMVM_S_92ead483d2,Họa Màu Nước Mắt,"Kenny You, Gon",ART_79b6742bce,POP_BALLAD,deterministic_mapping,1.0,N/A (Standard 11 Taxonomy),,MISSING,data/lyrics/RMVM_S_92ead483d2.txt,AVAILABLE,,MISSING,,UNVERIFIED,TIER_A,LYRICS_ONLY,train
RMVM_S_adcb664762,Cho Đến Khi Trời Đất Sụp Đổ,Trịnh Thăng Bình,ART_c35bd8b264,POP_BALLAD,deterministic_mapping,1.0,N/A (Standard 11 Taxonomy),,MISSING,data/lyrics/RMVM_S_adcb664762.txt,AVAILABLE,,MISSING,,UNVERIFIED,TIER_A,LYRICS_ONLY,train
RMVM_S_45dda3a3d7,Anh Chỉ Là Cơn Gió,Trịnh Thăng Bình,ART_c35bd8b264,POP_BALLAD,deterministic_mapping,1.0,N/A (Standard 11 Taxonomy),,MISSING,data/lyrics/RMVM_S_45dda3a3d7.txt,AVAILABLE,,MISSING,,UNVERIFIED,TIER_A,LYRICS_ONLY,train
RMVM_S_973decd823,Bức Bình Phong,Trịnh Thăng Bình,ART_c35bd8b264,POP_BALLAD,deterministic_mapping,1.0,N/A (Standard 11 Taxonomy),,MISSING,data/lyrics/RMVM_S_973decd823.txt,AVAILABLE,,MISSING,,UNVERIFIED,TIER_A,LYRICS_ONLY,train
RMVM_S_72c6ac98d3,Dạ Khúc Dưới Ánh Trăng,Trịnh Thăng Bình,ART_c35bd8b264,POP_BALLAD,deterministic_mapping,1.0,N/A (Standard 11 Taxonomy),,MISSING,data/lyrics/RMVM_S_72c6ac98d3.txt,AVAILABLE,,MISSING,,UNVERIFIED,TIER_A,LYRICS_ONLY,train
RMVM_S_7bf0c6f13d,Ai Là Ai Của Ai,Trịnh Thăng Bình,ART_c35bd8b264,POP_BALLAD,deterministic_mapping,1.0,N/A (Standard 11 Taxonomy),,MISSING,data/lyrics/RMVM_S_7bf0c6f13d.txt,AVAILABLE,,MISSING,,UNVERIFIED,TIER_A,LYRICS_ONLY,train
RMVM_S_80b9ca8b2f,Chớ Để Nắng Tàn,Trọng Nghĩa,ART_6fe11ffe30,BOLERO_TRUTINH,deterministic_mapping,1.0,N/A (Standard 11 Taxonomy),,MISSING,,MISSING,data/covers/RMVM_S_80b9ca8b2f.jpg,AVAILABLE,,UNVERIFIED,TIER_A,COVER_ONLY,train
RMVM_S_3b7330cd21,Tình Yêu Vỗ Cánh,Trọng Nghĩa,ART_6fe11ffe30,BOLERO_TRUTINH,deterministic_mapping,1.0,N/A (Standard 11 Taxonomy),,MISSING,,MISSING,data/covers/RMVM_S_3b7330cd21.jpg,AVAILABLE,,UNVERIFIED,TIER_A,COVER_ONLY,train
RMVM_S_8ad42f411f,Đường tình đôi ngả,"Dương Ngọc Vũ, Thanh Tuyền",ART_207d4ed505,POP_BALLAD,deterministic_mapping,1.0,N/A (Standard 11 Taxonomy),,MISSING,,MISSING,data/covers/RMVM_S_8ad42f411f.jpg,AVAILABLE,,UNVERIFIED,TIER_A,COVER_ONLY,train
RMVM_S_24a393b533,Bản Tình Ca Của Chàng Nhạc Sĩ,Hồng Xương Long,ART_33aaed29df,POP_BALLAD,deterministic_mapping,1.0,N/A (Standard 11 Taxonomy),,MISSING,data/lyrics/RMVM_S_24a393b533.txt,AVAILABLE,,MISSING,,UNVERIFIED,TIER_A,LYRICS_ONLY,train
RMVM_S_6d500d6242,Quảng Ngãi Chiều Sông Quê,Hồng Xương Long,ART_33aaed29df,POP_BALLAD,deterministic_mapping,1.0,N/A (Standard 11 Taxonomy),,MISSING,data/lyrics/RMVM_S_6d500d6242.txt,AVAILABLE,,MISSING,,UNVERIFIED,TIER_A,LYRICS_ONLY,train
RMVM_S_ba6e2ac887,Anh Ra Đi Mùa Nắng,Hồng Xương Long,ART_33aaed29df,POP_BALLAD,deterministic_mapping,1.0,N/A (Standard 11 Taxonomy),,MISSING,data/lyrics/RMVM_S_ba6e2ac887.txt,AVAILABLE,,MISSING,,UNVERIFIED,TIER_A,LYRICS_ONLY,train
RMVM_S_54447f2989,ĐẠI DIỆN CHO TRÁI TIM,"SOUTHALID, MaL.",ART_560a7bb5e7,POP_BALLAD,deterministic_mapping,1.0,N/A (Standard 11 Taxonomy),,MISSING,data/lyrics/RMVM_S_54447f2989.txt,AVAILABLE,,MISSING,,UNVERIFIED,TIER_A,LYRICS_ONLY,train
RMVM_S_24eb02b04c,Em Vẫn Mong Chờ Anh,"Như Phượng, Đức Quang",ART_7d5e4bc6f1,POP_BALLAD,deterministic_mapping,1.0,N/A (Standard 11 Taxonomy),,MISSING,,MISSING,data/covers/RMVM_S_24eb02b04c.jpg,AVAILABLE,,UNVERIFIED,TIER_A,COVER_ONLY,train
RMVM_S_66134a655c,Em Có Từng Yêu,Tuấn Trần,ART_640037bb6c,POP_BALLAD,deterministic_mapping,1.0,N/A (Standard 11 Taxonomy),,MISSING,data/lyrics/RMVM_S_66134a655c.txt,AVAILABLE,,MISSING,,UNVERIFIED,TIER_A,LYRICS_ONLY,train
RMVM_S_927991d3d0,Ta Có Thuộc Về Nhau (Deep House Remix),Diệu Vân,ART_e23fbc2938,DANCE_EDM,deterministic_mapping,1.0,N/A (Standard 11 Taxonomy),,MISSING,data/lyrics/RMVM_S_927991d3d0.txt,AVAILABLE,,MISSING,,UNVERIFIED,TIER_A,LYRICS_ONLY,train
RMVM_S_ad9bffaa7f,Thương Nhớ Vơi Màu,"Tiến Đào, Thịnh Trần, Tổi VN",ART_1fb6a5ff70,POP_BALLAD,deterministic_mapping,1.0,N/A (Standard 11 Taxonomy),,MISSING,data/lyrics/RMVM_S_ad9bffaa7f.txt,AVAILABLE,,MISSING,,UNVERIFIED,TIER_A,LYRICS_ONLY,train
RMVM_S_8dcda1b8bc,Hai Trái Tim Một Tấm Lòng,Nguyễn Minh Anh,ART_902cc9eecb,POP_BALLAD,deterministic_mapping,1.0,N/A (Standard 11 Taxonomy),,MISSING,data/lyrics/RMVM_S_8dcda1b8bc.txt,AVAILABLE,,MISSING,,UNVERIFIED,TIER_A,LYRICS_ONLY,train
RMVM_S_55fff3f78d,Bước Vu Quy,"Khởi Vinh, Siro",ART_b12b0ab337,POP_BALLAD,deterministic_mapping,1.0,N/A (Standard 11 Taxonomy),,MISSING,data/lyrics/RMVM_S_55fff3f78d.txt,AVAILABLE,,MISSING,,UNVERIFIED,TIER_A,LYRICS_ONLY,train
RMVM_S_cbd719a6ad,Nhớ Mùa Thu Hà Nội,Trịnh Vĩnh Trinh,ART_06707a5746,NHAC_TRINH,artist_discography_verification,0.85,N/A (Standard 11 Taxonomy),,MISSING,data/lyrics/RMVM_S_cbd719a6ad.txt,AVAILABLE,,MISSING,,UNVERIFIED,TIER_B,LYRICS_ONLY,train
RMVM_S_269533ff0d,Trong Nỗi Đau Tình Cờ,Trịnh Vĩnh Trinh,ART_06707a5746,POP_BALLAD,deterministic_mapping,1.0,N/A (Standard 11 Taxonomy),,MISSING,data/lyrics/RMVM_S_269533ff0d.txt,AVAILABLE,,MISSING,,UNVERIFIED,TIER_A,LYRICS_ONLY,train
RMVM_S_8989e11eee,Em Đến Từ Nghìn Xưa,Trịnh Vĩnh Trinh,ART_06707a5746,NHAC_TRINH,artist_discography_verification,0.85,N/A (Standard 11 Taxonomy),,MISSING,data/lyrics/RMVM_S_8989e11eee.txt,AVAILABLE,,MISSING,,UNVERIFIED,TIER_B,LYRICS_ONLY,train
RMVM_MB_06eedf4b5f,Còn ai với ai,Trịnh Vĩnh Trinh,ART_06707a5746,NHAC_TRINH,musicbrainz_artist_discography,0.85,N/A (Standard 11 Taxonomy),,MISSING,,MISSING,,MISSING,1994.0,VERIFIED,TIER_B,NO_PHYSICAL_MODALITY,train
RMVM_MB_a51514c895,Chợt nghĩ về hai nơi,Trịnh Vĩnh Trinh,ART_06707a5746,NHAC_TRINH,musicbrainz_artist_discography,0.85,N/A (Standard 11 Taxonomy),,MISSING,,MISSING,,MISSING,1993.0,VERIFIED,TIER_B,NO_PHYSICAL_MODALITY,train
RMVM_MB_94172ced7a,Tình yêu và huyền thoại,Trịnh Vĩnh Trinh,ART_06707a5746,NHAC_TRINH,musicbrainz_artist_discography,0.85,N/A (Standard 11 Taxonomy),,MISSING,,MISSING,,MISSING,1993.0,VERIFIED,TIER_B,NO_PHYSICAL_MODALITY,train
RMVM_MB_d4efd563d6,Xin trả nợ người,Trịnh Vĩnh Trinh,ART_06707a5746,NHAC_TRINH,musicbrainz_artist_discography,0.85,N/A (Standard 11 Taxonomy),,MISSING,,MISSING,,MISSING,1991.0,VERIFIED,TIER_B,NO_PHYSICAL_MODALITY,train
RMVM_MB_ccb0967435,Vàng phai trước ngõ,Trịnh Vĩnh Trinh,ART_06707a5746,NHAC_TRINH,musicbrainz_artist_discography,0.85,N/A (Standard 11 Taxonomy),,MISSING,,MISSING,,MISSING,1991.0,VERIFIED,TIER_B,NO_PHYSICAL_MODALITY,train
RMVM_MB_79df136f54,Hôm nay tôi nghe,Trịnh Vĩnh Trinh,ART_06707a5746,NHAC_TRINH,musicbrainz_artist_discography,0.85,N/A (Standard 11 Taxonomy),,MISSING,,MISSING,,MISSING,1994.0,VERIFIED,TIER_B,NO_PHYSICAL_MODALITY,train
RMVM_MB_ad1dbc5d5c,Cho đời chút ơn,Trịnh Vĩnh Trinh,ART_06707a5746,NHAC_TRINH,musicbrainz_artist_discography,0.85,N/A (Standard 11 Taxonomy),,MISSING,,MISSING,,MISSING,1991.0,VERIFIED,TIER_B,NO_PHYSICAL_MODALITY,train
RMVM_MB_cdb8d63403,Tình khúc Ơ bai,Trịnh Vĩnh Trinh,ART_06707a5746,NHAC_TRINH,musicbrainz_artist_discography,0.85,N/A (Standard 11 Taxonomy),,MISSING,,MISSING,,MISSING,1991.0,VERIFIED,TIER_B,NO_PHYSICAL_MODALITY,train
RMVM_MB_c5c1206fff,Môi hồng đào,Trịnh Vĩnh Trinh,ART_06707a5746,NHAC_TRINH,musicbrainz_artist_discography,0.85,N/A (Standard 11 Taxonomy),,MISSING,,MISSING,,MISSING,,UNVERIFIED,TIER_B,NO_PHYSICAL_MODALITY,train
RMVM_MB_290cb74219,Một cõi đi về,Trịnh Vĩnh Trinh,ART_06707a5746,NHAC_TRINH,musicbrainz_artist_discography,0.85,N/A (Standard 11 Taxonomy),,MISSING,,MISSING,,MISSING,1991.0,VERIFIED,TIER_B,NO_PHYSICAL_MODALITY,train
RMVM_MB_1d932be2a3,Còn tuổi nào cho em,Trịnh Vĩnh Trinh,ART_06707a5746,NHAC_TRINH,musicbrainz_artist_discography,0.85,N/A (Standard 11 Taxonomy),,MISSING,,MISSING,,MISSING,2003.0,VERIFIED,TIER_B,NO_PHYSICAL_MODALITY,train
RMVM_S_811a63c7b5,Ai Là Người Thương Em (Remix),Quân A.P,ART_6e8fa15c39,POP_BALLAD,deterministic_mapping,1.0,N/A (Standard 11 Taxonomy),,MISSING,data/lyrics/RMVM_S_811a63c7b5.txt,AVAILABLE,data/covers/RMVM_S_811a63c7b5.jpg,AVAILABLE,,UNVERIFIED,TIER_A,LYRICS_COVER,train
RMVM_S_a644371893,Ta Đã Quên Nhau Bao Lâu,Quân A.P,ART_6e8fa15c39,POP_BALLAD,deterministic_mapping,1.0,N/A (Standard 11 Taxonomy),,MISSING,data/lyrics/RMVM_S_a644371893.txt,AVAILABLE,,MISSING,,UNVERIFIED,TIER_A,LYRICS_ONLY,train
RMVM_S_64474053fc,Lời Xin Lỗi Vụng Về,Quân A.P,ART_6e8fa15c39,POP_BALLAD,deterministic_mapping,1.0,N/A (Standard 11 Taxonomy),,MISSING,data/lyrics/RMVM_S_64474053fc.txt,AVAILABLE,,MISSING,,UNVERIFIED,TIER_A,LYRICS_ONLY,train
RMVM_S_b637f3ae23,"Mashup Sau Tất Cả ,Yêu Lại Từ Đầu",Khắc Việt,ART_31be0c3977,POP_BALLAD,deterministic_mapping,1.0,N/A (Standard 11 Taxonomy),,MISSING,data/lyrics/RMVM_S_b637f3ae23.txt,AVAILABLE,,MISSING,,UNVERIFIED,TIER_A,LYRICS_ONLY,train
RMVM_S_c3a8400546,Không Thể Cùng Nhau Suốt Kiếp,"Hòa Minzy, XHTĐRLX, Forest Studio",ART_9d818e0658,POP_BALLAD,deterministic_mapping,1.0,N/A (Standard 11 Taxonomy),,MISSING,data/lyrics/RMVM_S_c3a8400546.txt,AVAILABLE,,MISSING,,UNVERIFIED,TIER_A,LYRICS_ONLY,train
RMVM_S_190530b0b0,Những Giấc Mơ Dịu Dàng,Song Huy,ART_c79c74878b,POP_BALLAD,deterministic_mapping,1.0,N/A (Standard 11 Taxonomy),,MISSING,data/lyrics/RMVM_S_190530b0b0.txt,AVAILABLE,,MISSING,,UNVERIFIED,TIER_A,LYRICS_ONLY,train
RMVM_S_36c770f88d,Nếu Một Ngày Em Đến,Hoàng Thiên Long,ART_d858b334cb,POP_BALLAD,deterministic_mapping,1.0,N/A (Standard 11 Taxonomy),,MISSING,data/lyrics/RMVM_S_36c770f88d.txt,AVAILABLE,,MISSING,,UNVERIFIED,TIER_A,LYRICS_ONLY,train
RMVM_S_fc8c29ff3e,Tấm Lòng Em Trong Sáng,"Minh Thuận, Phương Thanh",ART_03b451aced,POP_BALLAD,deterministic_mapping,1.0,N/A (Standard 11 Taxonomy),,MISSING,data/lyrics/RMVM_S_fc8c29ff3e.txt,AVAILABLE,,MISSING,,UNVERIFIED,TIER_A,LYRICS_ONLY,train
RMVM_S_8d218e5ae6,Giọt Nắng Mùa Thu,Ngọc Tân,ART_f23641b541,BOLERO_TRUTINH,deterministic_mapping,1.0,N/A (Standard 11 Taxonomy),,MISSING,data/lyrics/RMVM_S_8d218e5ae6.txt,AVAILABLE,,MISSING,,UNVERIFIED,TIER_A,LYRICS_ONLY,train
RMVM_S_508e08ea50,Anh có nghe thấy không,Ngọc Tân,ART_f23641b541,BOLERO_TRUTINH,deterministic_mapping,1.0,N/A (Standard 11 Taxonomy),,MISSING,data/lyrics/RMVM_S_508e08ea50.txt,AVAILABLE,,MISSING,,UNVERIFIED,TIER_A,LYRICS_ONLY,train
RMVM_S_bebfee5490,Em Phải Tin Vào Điều Đó,"Như Loan, Lương Tùng Quang",ART_6e14e00df0,INSTRUMENTAL,source_tag_verification,0.85,N/A (Standard 11 Taxonomy),,MISSING,data/lyrics/RMVM_S_bebfee5490.txt,AVAILABLE,,MISSING,,UNVERIFIED,TIER_B,LYRICS_ONLY,train
RMVM_S_85362c1e28,Ai Cũng Quên Đi Tháng Năm Êm Đềm,"Thành Tar, RamC",ART_a4a96acd2d,POP_BALLAD,deterministic_mapping,1.0,N/A (Standard 11 Taxonomy),,MISSING,data/lyrics/RMVM_S_85362c1e28.txt,AVAILABLE,,MISSING,,UNVERIFIED,TIER_A,LYRICS_ONLY,train
RMVM_S_56cff1a6d4,Búp bê bị hư,Dương Hiếu Nghĩa,ART_a06865efa3,POP_BALLAD,deterministic_mapping,1.0,N/A (Standard 11 Taxonomy),,MISSING,data/lyrics/RMVM_S_56cff1a6d4.txt,AVAILABLE,,MISSING,,UNVERIFIED,TIER_A,LYRICS_ONLY,train
RMVM_S_aeaf616cc6,Cô Ấy Sao Rồi,TTN,ART_828bc84901,POP_BALLAD,deterministic_mapping,1.0,N/A (Standard 11 Taxonomy),,MISSING,data/lyrics/RMVM_S_aeaf616cc6.txt,AVAILABLE,,MISSING,,UNVERIFIED,TIER_A,LYRICS_ONLY,train
RMVM_S_d5d4a12bce,Cho Họ Ghét Đi Em,Huỳnh James,ART_c393c6df6c,RAP_HIPHOP,deterministic_mapping,1.0,N/A (Standard 11 Taxonomy),,MISSING,data/lyrics/RMVM_S_d5d4a12bce.txt,AVAILABLE,,MISSING,,UNVERIFIED,TIER_A,LYRICS_ONLY,train
RMVM_S_6a1ba06f97,A Man Without Love (Lời Của Kẻ Không Tình Yêu),Henry Chúc,ART_f9f00e134d,POP_BALLAD,deterministic_mapping,1.0,N/A (Standard 11 Taxonomy),,MISSING,data/lyrics/RMVM_S_6a1ba06f97.txt,AVAILABLE,,MISSING,,UNVERIFIED,TIER_A,LYRICS_ONLY,train
RMVM_S_96e2d80f52,Không Còn Chung Hướng,"Phạm Sắc Lệnh, LQ",ART_0433b2a30b,POP_BALLAD,deterministic_mapping,1.0,N/A (Standard 11 Taxonomy),,MISSING,data/lyrics/RMVM_S_96e2d80f52.txt,AVAILABLE,,MISSING,,UNVERIFIED,TIER_A,LYRICS_ONLY,train
RMVM_S_9151a170a4,Gặp Mẹ Trong Mơ,Thương Nguyễn,ART_2de0ea5b88,BOLERO_TRUTINH,deterministic_mapping,1.0,N/A (Standard 11 Taxonomy),,MISSING,data/lyrics/RMVM_S_9151a170a4.txt,AVAILABLE,,MISSING,,UNVERIFIED,TIER_A,LYRICS_ONLY,train
RMVM_S_09800776ed,Cát Bụi Cuộc Đời (New Version),Thương Nguyễn,ART_2de0ea5b88,NHAC_TRINH,deterministic_mapping,1.0,N/A (Standard 11 Taxonomy),,MISSING,data/lyrics/RMVM_S_09800776ed.txt,AVAILABLE,,MISSING,,UNVERIFIED,TIER_A,LYRICS_ONLY,train
RMVM_S_c28e4933da,Đừng Trách Cha Mẹ Nghèo,Thương Nguyễn,ART_2de0ea5b88,BOLERO_TRUTINH,deterministic_mapping,1.0,N/A (Standard 11 Taxonomy),,MISSING,data/lyrics/RMVM_S_c28e4933da.txt,AVAILABLE,,MISSING,,UNVERIFIED,TIER_A,LYRICS_ONLY,train
RMVM_S_f2d1c81de0,Phật Thuyết (Cover),Thương Nguyễn,ART_2de0ea5b88,OTHER,curated_out_of_taxonomy,0.9,Religious / Sacred spiritual Vietnamese music,,MISSING,,MISSING,,MISSING,,UNVERIFIED,TIER_B,NO_PHYSICAL_MODALITY,train
RMVM_S_79d556dc46,Nguyện Thoát Luân Hồi (Liên Khúc Lý),Thương Nguyễn,ART_2de0ea5b88,OTHER,curated_out_of_taxonomy,0.9,Religious / Sacred spiritual Vietnamese music,,MISSING,,MISSING,,MISSING,,UNVERIFIED,TIER_B,NO_PHYSICAL_MODALITY,train
RMVM_S_c85f339c2e,Bể Khổ Trần Ai (Liên Khúc Lý - Điệu Lý Cải Lương),Thương Nguyễn,ART_2de0ea5b88,OTHER,curated_out_of_taxonomy,0.9,Religious / Sacred spiritual Vietnamese music,,MISSING,,MISSING,,MISSING,,UNVERIFIED,TIER_B,NO_PHYSICAL_MODALITY,train
RMVM_S_dfbf352874,Cao Bằng Khát Vọng Vươn Xa,Lê Ngọc Thúy,ART_7318a4b7c0,FOLK_TRADITIONAL,deterministic_mapping,1.0,N/A (Standard 11 Taxonomy),,MISSING,data/lyrics/RMVM_S_dfbf352874.txt,AVAILABLE,data/covers/RMVM_S_dfbf352874.jpg,AVAILABLE,,UNVERIFIED,TIER_A,LYRICS_COVER,train
RMVM_S_42ca501b5d,Tiếng Quê,Lê Ngọc Thúy,ART_7318a4b7c0,BOLERO_TRUTINH,deterministic_mapping,1.0,N/A (Standard 11 Taxonomy),,MISSING,data/lyrics/RMVM_S_42ca501b5d.txt,AVAILABLE,,MISSING,,UNVERIFIED,TIER_A,LYRICS_ONLY,train
RMVM_S_677485deae,Chuyện Tình Cổ Tích Nga Sơn,Lê Ngọc Thúy,ART_7318a4b7c0,FOLK_TRADITIONAL,deterministic_mapping,1.0,N/A (Standard 11 Taxonomy),,MISSING,data/lyrics/RMVM_S_677485deae.txt,AVAILABLE,,MISSING,,UNVERIFIED,TIER_A,LYRICS_ONLY,train
RMVM_S_35f1b5555a,Mừng Ngày Nhà Giáo Việt Nam,Lê Ngọc Thúy,ART_7318a4b7c0,BOLERO_TRUTINH,deterministic_mapping,1.0,N/A (Standard 11 Taxonomy),,MISSING,data/lyrics/RMVM_S_35f1b5555a.txt,AVAILABLE,,MISSING,,UNVERIFIED,TIER_A,LYRICS_ONLY,train
RMVM_S_a75e2932da,Em Là Cô Gái Vùng Cao,Lê Ngọc Thúy,ART_7318a4b7c0,BOLERO_TRUTINH,deterministic_mapping,1.0,N/A (Standard 11 Taxonomy),,MISSING,data/lyrics/RMVM_S_a75e2932da.txt,AVAILABLE,,MISSING,,UNVERIFIED,TIER_A,LYRICS_ONLY,train
RMVM_S_bb38e2b7c5,MIền Trung Ơi Đau Xót Nào Vơi,Lê Ngọc Thúy,ART_7318a4b7c0,FOLK_TRADITIONAL,deterministic_mapping,1.0,N/A (Standard 11 Taxonomy),,MISSING,data/lyrics/RMVM_S_bb38e2b7c5.txt,AVAILABLE,,MISSING,,UNVERIFIED,TIER_A,LYRICS_ONLY,train
RMVM_S_4133ff6ff0,Lỗi Ở Nơi Anh,Lê Ngọc Thúy,ART_7318a4b7c0,BOLERO_TRUTINH,deterministic_mapping,1.0,N/A (Standard 11 Taxonomy),,MISSING,data/lyrics/RMVM_S_4133ff6ff0.txt,AVAILABLE,,MISSING,,UNVERIFIED,TIER_A,LYRICS_ONLY,train
RMVM_S_f359c682ce,Đành Lòng Sao Anh,Diễm Trang,ART_3d2d88c0be,POP_BALLAD,deterministic_mapping,1.0,N/A (Standard 11 Taxonomy),,MISSING,data/lyrics/RMVM_S_f359c682ce.txt,AVAILABLE,,MISSING,,UNVERIFIED,TIER_A,LYRICS_ONLY,train
RMVM_S_bf46b3f5cc,Tình Sầu Ngoại Ô,Diễm Trang,ART_3d2d88c0be,POP_BALLAD,deterministic_mapping,1.0,N/A (Standard 11 Taxonomy),,MISSING,data/lyrics/RMVM_S_bf46b3f5cc.txt,AVAILABLE,,MISSING,,UNVERIFIED,TIER_A,LYRICS_ONLY,train
RMVM_S_71adff3bbb,Phương Trời Xứ Lạ,Diễm Trang,ART_3d2d88c0be,POP_BALLAD,deterministic_mapping,1.0,N/A (Standard 11 Taxonomy),,MISSING,data/lyrics/RMVM_S_71adff3bbb.txt,AVAILABLE,,MISSING,,UNVERIFIED,TIER_A,LYRICS_ONLY,train
RMVM_S_6be1da01dd,Tình Năng Đôi Bờ,Diễm Trang,ART_3d2d88c0be,POP_BALLAD,deterministic_mapping,1.0,N/A (Standard 11 Taxonomy),,MISSING,data/lyrics/RMVM_S_6be1da01dd.txt,AVAILABLE,,MISSING,,UNVERIFIED,TIER_A,LYRICS_ONLY,train
RMVM_S_e350e5890a,Duyên Phận Má Hồng,Diễm Trang,ART_3d2d88c0be,POP_BALLAD,deterministic_mapping,1.0,N/A (Standard 11 Taxonomy),,MISSING,data/lyrics/RMVM_S_e350e5890a.txt,AVAILABLE,,MISSING,,UNVERIFIED,TIER_A,LYRICS_ONLY,train
RMVM_S_544be6a0c9,Chuyện Tình Cô Gái Hái Sầu Riêng (Version 2023),Diễm Trang,ART_3d2d88c0be,BOLERO_TRUTINH,deterministic_mapping,0.85,N/A (Standard 11 Taxonomy),,MISSING,,MISSING,,MISSING,2023.0,VERIFIED,TIER_B,NO_PHYSICAL_MODALITY,train
RMVM_S_3bfcd32a16,Ngoài Đằng Kia Mùa Đông (Rap Version),"Thái Đinh, NamKun",ART_8da7747dcb,POP_BALLAD,deterministic_mapping,1.0,N/A (Standard 11 Taxonomy),,MISSING,data/lyrics/RMVM_S_3bfcd32a16.txt,AVAILABLE,,MISSING,,UNVERIFIED,TIER_A,LYRICS_ONLY,train
RMVM_S_b758006f5e,Chỉ Mình Anh Nhìn Thấy,"Thái Đinh, NamKun",ART_8da7747dcb,POP_BALLAD,deterministic_mapping,1.0,N/A (Standard 11 Taxonomy),,MISSING,data/lyrics/RMVM_S_b758006f5e.txt,AVAILABLE,,MISSING,,UNVERIFIED,TIER_A,LYRICS_ONLY,train
RMVM_S_0a1d923423,Bài Không Tên Cuối Cùng & Bài Không Tên Cuối Cùng Trở Lại,Đào Kỳ Anh,ART_53748ec518,POP_BALLAD,deterministic_mapping,1.0,N/A (Standard 11 Taxonomy),,MISSING,data/lyrics/RMVM_S_0a1d923423.txt,AVAILABLE,,MISSING,,UNVERIFIED,TIER_A,LYRICS_ONLY,train
RMVM_S_5f7ca11a7d,Cảm Xúc Từ Câu Hò Điệu Ví,Trang Dung,ART_aa5854f4a9,BOLERO_TRUTINH,deterministic_mapping,1.0,N/A (Standard 11 Taxonomy),,MISSING,data/lyrics/RMVM_S_5f7ca11a7d.txt,AVAILABLE,,MISSING,,UNVERIFIED,TIER_A,LYRICS_ONLY,train
RMVM_S_814fa10d68,Khi Bạn Cần Có Tôi Đây (Qinn Remix),"Qinn Media, Tô Gia Tuấn, Minh Tâm",ART_0650a52f62,POP_BALLAD,deterministic_mapping,1.0,N/A (Standard 11 Taxonomy),,MISSING,data/lyrics/RMVM_S_814fa10d68.txt,AVAILABLE,,MISSING,,UNVERIFIED,TIER_A,LYRICS_ONLY,train
RMVM_S_7a5d221954,Anh Vẫn Mơ Về Em,Johnny Dũng,ART_71a99b056f,BOLERO_TRUTINH,deterministic_mapping,0.85,N/A (Standard 11 Taxonomy),,MISSING,,MISSING,,MISSING,,UNVERIFIED,TIER_B,NO_PHYSICAL_MODALITY,train
RMVM_S_d2ca6e651c,Cố Quên Tình Yêu,Johnny Dũng,ART_71a99b056f,POP_BALLAD,deterministic_mapping,0.85,N/A (Standard 11 Taxonomy),,MISSING,,MISSING,,MISSING,,UNVERIFIED,TIER_B,NO_PHYSICAL_MODALITY,train
RMVM_S_0ee5fafcb8,Ai Đã Cướp Nụ Hôn Của Anh,Cao Thái Sơn,ART_c4e148f0ff,POP_BALLAD,deterministic_mapping,1.0,N/A (Standard 11 Taxonomy),,MISSING,data/lyrics/RMVM_S_0ee5fafcb8.txt,AVAILABLE,,MISSING,,UNVERIFIED,TIER_A,LYRICS_ONLY,train
RMVM_S_297aa2e479,Cô Gái Ngày Xưa,Cao Thái Sơn,ART_c4e148f0ff,POP_BALLAD,deterministic_mapping,1.0,N/A (Standard 11 Taxonomy),,MISSING,data/lyrics/RMVM_S_297aa2e479.txt,AVAILABLE,,MISSING,,UNVERIFIED,TIER_A,LYRICS_ONLY,train
RMVM_S_27db78a11f,Bờ Mộng Mị,Linh Cáo,ART_efdab3411b,POP_BALLAD,deterministic_mapping,1.0,N/A (Standard 11 Taxonomy),,MISSING,data/lyrics/RMVM_S_27db78a11f.txt,AVAILABLE,,MISSING,,UNVERIFIED,TIER_A,LYRICS_ONLY,train
RMVM_S_ebba23ec07,Chỉ Cần Đi Với Nhau,Linh Cáo,ART_efdab3411b,POP_BALLAD,deterministic_mapping,1.0,N/A (Standard 11 Taxonomy),,MISSING,data/lyrics/RMVM_S_ebba23ec07.txt,AVAILABLE,,MISSING,,UNVERIFIED,TIER_A,LYRICS_ONLY,train
RMVM_MB_3e4808f39b,Chợt Nhìn Nhau,Vũ.,ART_5f8f1db97c,RB_SOUL,musicbrainz_artist_discography,0.85,N/A (Standard 11 Taxonomy),,MISSING,,MISSING,,MISSING,2022.0,VERIFIED,TIER_B,NO_PHYSICAL_MODALITY,train
RMVM_MB_267b893e99,Xin Phép Được Cô Đơn,Vũ.,ART_5f8f1db97c,RB_SOUL,musicbrainz_artist_discography,0.85,N/A (Standard 11 Taxonomy),,MISSING,,MISSING,,MISSING,2019.0,VERIFIED,TIER_B,NO_PHYSICAL_MODALITY,train
RMVM_MB_ce5a277295,Phút Ban Đầu,Vũ.,ART_5f8f1db97c,RB_SOUL,musicbrainz_artist_discography,0.85,N/A (Standard 11 Taxonomy),,MISSING,,MISSING,,MISSING,2013.0,VERIFIED,TIER_B,NO_PHYSICAL_MODALITY,train
RMVM_MB_69bea329d4,Có Thể Là Tại Sao?,Vũ.,ART_5f8f1db97c,RB_SOUL,musicbrainz_artist_discography,0.85,N/A (Standard 11 Taxonomy),,MISSING,,MISSING,,MISSING,2024.0,VERIFIED,TIER_B,NO_PHYSICAL_MODALITY,train
RMVM_MB_b55e59d732,Cô Ta,Vũ.,ART_5f8f1db97c,RB_SOUL,musicbrainz_artist_discography,0.85,N/A (Standard 11 Taxonomy),,MISSING,,MISSING,,MISSING,2022.0,VERIFIED,TIER_B,NO_PHYSICAL_MODALITY,train
RMVM_MB_d9abe73774,Bước Qua Nhau,Vũ.,ART_5f8f1db97c,RB_SOUL,musicbrainz_artist_discography,0.85,N/A (Standard 11 Taxonomy),,MISSING,,MISSING,,MISSING,2022.0,VERIFIED,TIER_B,NO_PHYSICAL_MODALITY,train
RMVM_MB_d319b5810d,Sau Chia Tay Ta Còn Gì?,Vũ.,ART_5f8f1db97c,RB_SOUL,musicbrainz_artist_discography,0.85,N/A (Standard 11 Taxonomy),,MISSING,,MISSING,,MISSING,2022.0,VERIFIED,TIER_B,NO_PHYSICAL_MODALITY,train
RMVM_MB_1e1d728a87,"Hành Tinh Song Song, Pt. 2",Vũ.,ART_5f8f1db97c,RB_SOUL,musicbrainz_artist_discography,0.85,N/A (Standard 11 Taxonomy),,MISSING,,MISSING,,MISSING,2019.0,VERIFIED,TIER_B,NO_PHYSICAL_MODALITY,train
RMVM_S_7717332def,Anh Mệt Rồi (Lofi Version),"Anh Quân Idol, Freak D",ART_f7ae28423b,POP_BALLAD,deterministic_mapping,1.0,N/A (Standard 11 Taxonomy),,MISSING,data/lyrics/RMVM_S_7717332def.txt,AVAILABLE,,MISSING,,UNVERIFIED,TIER_A,LYRICS_ONLY,train
RMVM_S_7620c5b314,Vết Thương Lòng,Jimmy Lam Pham,ART_610d14b837,POP_BALLAD,deterministic_mapping,1.0,N/A (Standard 11 Taxonomy),,MISSING,data/lyrics/RMVM_S_7620c5b314.txt,AVAILABLE,,MISSING,,UNVERIFIED,TIER_A,LYRICS_ONLY,train
RMVM_S_7a7241a9b7,Đi Về Cuối Biển,Đức Tuấn,ART_326eb740ca,BOLERO_TRUTINH,deterministic_mapping,1.0,N/A (Standard 11 Taxonomy),,MISSING,,MISSING,data/covers/RMVM_S_7a7241a9b7.jpg,AVAILABLE,,UNVERIFIED,TIER_A,COVER_ONLY,train
RMVM_S_ca5c4cbdcc,Về Tìm Trên Cát,Đức Tuấn,ART_326eb740ca,BOLERO_TRUTINH,deterministic_mapping,1.0,N/A (Standard 11 Taxonomy),,MISSING,data/lyrics/RMVM_S_ca5c4cbdcc.txt,AVAILABLE,,MISSING,,UNVERIFIED,TIER_A,LYRICS_ONLY,train
RMVM_S_4aa83ebca2,Tình Như Khúc Ca,Đức Tuấn,ART_326eb740ca,POP_BALLAD,deterministic_mapping,1.0,N/A (Standard 11 Taxonomy),,MISSING,data/lyrics/RMVM_S_4aa83ebca2.txt,AVAILABLE,,MISSING,,UNVERIFIED,TIER_A,LYRICS_ONLY,train
RMVM_S_ba913dac30,Cho Tình Yêu Quay Về,Đức Tuấn,ART_326eb740ca,POP_BALLAD,deterministic_mapping,1.0,N/A (Standard 11 Taxonomy),,MISSING,data/lyrics/RMVM_S_ba913dac30.txt,AVAILABLE,,MISSING,,UNVERIFIED,TIER_A,LYRICS_ONLY,train
RMVM_S_c53678c57e,Hạnh Phúc Bỏ Rơi Em (Piano Version),Hương Ly,ART_4d63b5edc1,POP_BALLAD,deterministic_mapping,1.0,N/A (Standard 11 Taxonomy),,MISSING,data/lyrics/RMVM_S_c53678c57e.txt,AVAILABLE,,MISSING,,UNVERIFIED,TIER_A,LYRICS_ONLY,train
RMVM_S_d949caccd2,Lời Yêu Cũ Anh Chối Từ,Hương Ly,ART_4d63b5edc1,POP_BALLAD,deterministic_mapping,1.0,N/A (Standard 11 Taxonomy),,MISSING,data/lyrics/RMVM_S_d949caccd2.txt,AVAILABLE,,MISSING,,UNVERIFIED,TIER_A,LYRICS_ONLY,train
RMVM_S_79e55134ba,Điều Dang Dở Ngọt Ngào (Hướng Dương Ngược Nắng P2 OST),Hương Ly,ART_4d63b5edc1,POP_BALLAD,deterministic_mapping,1.0,N/A (Standard 11 Taxonomy),,MISSING,data/lyrics/RMVM_S_79e55134ba.txt,AVAILABLE,,MISSING,,UNVERIFIED,TIER_A,LYRICS_ONLY,train
RMVM_S_17a664d77d,Yêu Được Không (Cover),Hương Ly,ART_4d63b5edc1,POP_BALLAD,deterministic_mapping,1.0,N/A (Standard 11 Taxonomy),,MISSING,data/lyrics/RMVM_S_17a664d77d.txt,AVAILABLE,,MISSING,,UNVERIFIED,TIER_A,LYRICS_ONLY,train
RMVM_S_9bb740a5f1,Liên Khúc Nhà Anh Nhà Em,Đoàn Minh,ART_c5309905bb,BOLERO_TRUTINH,deterministic_mapping,1.0,N/A (Standard 11 Taxonomy),,MISSING,data/lyrics/RMVM_S_9bb740a5f1.txt,AVAILABLE,,MISSING,,UNVERIFIED,TIER_A,LYRICS_ONLY,train
RMVM_S_bd33a807d7,Liên Khúc Giấc Ngủ Đầu Nôi,Đoàn Minh,ART_c5309905bb,BOLERO_TRUTINH,deterministic_mapping,1.0,N/A (Standard 11 Taxonomy),,MISSING,data/lyrics/RMVM_S_bd33a807d7.txt,AVAILABLE,,MISSING,,UNVERIFIED,TIER_A,LYRICS_ONLY,train
RMVM_S_8b519e44b3,Chờ Ngày Anh Nhận Ra Em (Mối Tình Đầu Của Tôi OST),Thùy Chi,ART_b30a936cba,POP_BALLAD,deterministic_mapping,1.0,N/A (Standard 11 Taxonomy),,MISSING,data/lyrics/RMVM_S_8b519e44b3.txt,AVAILABLE,,MISSING,,UNVERIFIED,TIER_A,LYRICS_ONLY,train
RMVM_S_160e666b39,Những Đứa Con Xa Nhà,Thùy Chi,ART_b30a936cba,POP_BALLAD,deterministic_mapping,1.0,N/A (Standard 11 Taxonomy),,MISSING,data/lyrics/RMVM_S_160e666b39.txt,AVAILABLE,,MISSING,,UNVERIFIED,TIER_A,LYRICS_ONLY,train
RMVM_S_1dc14477a5,Nếu Anh Là Em,"Nguyễn Văn Chung, Thanh Goll",ART_859c851fe8,POP_BALLAD,deterministic_mapping,1.0,N/A (Standard 11 Taxonomy),,MISSING,,MISSING,data/covers/RMVM_S_1dc14477a5.jpg,AVAILABLE,,UNVERIFIED,TIER_A,COVER_ONLY,train
RMVM_S_2d02b54c37,Chưa Từng Thuộc Về Nhau,"Nguyễn Văn Chung, Thanh Goll",ART_859c851fe8,POP_BALLAD,deterministic_mapping,1.0,N/A (Standard 11 Taxonomy),,MISSING,,MISSING,data/covers/RMVM_S_2d02b54c37.jpg,AVAILABLE,,UNVERIFIED,TIER_A,COVER_ONLY,train
RMVM_S_06763646e9,Ngồi Bên Anh,"Nguyễn Văn Chung, Thanh Goll",ART_859c851fe8,POP_BALLAD,deterministic_mapping,1.0,N/A (Standard 11 Taxonomy),,MISSING,data/lyrics/RMVM_S_06763646e9.txt,AVAILABLE,,MISSING,,UNVERIFIED,TIER_A,LYRICS_ONLY,train
RMVM_S_2dde85b36e,Cậu Đã Có Người Yêu Chưa,Ahn,ART_5a88054d92,POP_BALLAD,deterministic_mapping,0.85,N/A (Standard 11 Taxonomy),,MISSING,,MISSING,,MISSING,,UNVERIFIED,TIER_B,NO_PHYSICAL_MODALITY,train
RMVM_S_0c7fd230fa,Nhẹ Bước Sang Sông,"Kim Linh, Dương Lễ",ART_16c0ddd347,BOLERO_TRUTINH,deterministic_mapping,1.0,N/A (Standard 11 Taxonomy),,MISSING,data/lyrics/RMVM_S_0c7fd230fa.txt,AVAILABLE,,MISSING,,UNVERIFIED,TIER_A,LYRICS_ONLY,train
RMVM_S_f30abb260b,"Mashup： Trăng Sơn Cước, Về Với Em","Võ Hạ Trâm, Nhật Thủy, Phạm Đình Thái Ngân, Quỳnh Anh",ART_f72031d215,POP_BALLAD,deterministic_mapping,0.85,N/A (Standard 11 Taxonomy),,MISSING,,MISSING,,MISSING,,UNVERIFIED,TIER_B,NO_PHYSICAL_MODALITY,train
RMVM_S_25d78247fe,Lễ Vu Lan,Gia Tuấn,ART_361c518a16,BOLERO_TRUTINH,deterministic_mapping,1.0,N/A (Standard 11 Taxonomy),,MISSING,data/lyrics/RMVM_S_25d78247fe.txt,AVAILABLE,,MISSING,,UNVERIFIED,TIER_A,LYRICS_ONLY,train
RMVM_MB_11dd0fc413,Bão đêm,Microwave,ART_6cfaeb6caa,ROCK,musicbrainz_artist_discography,0.85,N/A (Standard 11 Taxonomy),,MISSING,,MISSING,,MISSING,2005.0,VERIFIED,TIER_B,NO_PHYSICAL_MODALITY,train
RMVM_MB_3dc4064ccc,Sói,Microwave,ART_6cfaeb6caa,ROCK,musicbrainz_artist_discography,0.85,N/A (Standard 11 Taxonomy),,MISSING,,MISSING,,MISSING,2005.0,VERIFIED,TIER_B,NO_PHYSICAL_MODALITY,train
RMVM_MB_16b8db6cfd,Hạt cát,Microwave,ART_6cfaeb6caa,ROCK,musicbrainz_artist_discography,0.85,N/A (Standard 11 Taxonomy),,MISSING,,MISSING,,MISSING,2009.0,VERIFIED,TIER_B,NO_PHYSICAL_MODALITY,train
RMVM_MB_927c477882,Người mẹ,Microwave,ART_6cfaeb6caa,ROCK,musicbrainz_artist_discography,0.85,N/A (Standard 11 Taxonomy),,MISSING,,MISSING,,MISSING,2009.0,VERIFIED,TIER_B,NO_PHYSICAL_MODALITY,train
RMVM_MB_3b51534a86,Khúc xuân thịnh vượng,Microwave,ART_6cfaeb6caa,ROCK,musicbrainz_artist_discography,0.85,N/A (Standard 11 Taxonomy),,MISSING,,MISSING,,MISSING,2016.0,VERIFIED,TIER_B,NO_PHYSICAL_MODALITY,train
RMVM_MB_42b0b598b2,Chung một con đường,Microwave,ART_6cfaeb6caa,ROCK,musicbrainz_artist_discography,0.85,N/A (Standard 11 Taxonomy),,MISSING,,MISSING,,MISSING,2016.0,VERIFIED,TIER_B,NO_PHYSICAL_MODALITY,train
RMVM_MB_6e3a14d2ea,Đừng,Microwave,ART_6cfaeb6caa,ROCK,musicbrainz_artist_discography,0.85,N/A (Standard 11 Taxonomy),,MISSING,,MISSING,,MISSING,2016.0,VERIFIED,TIER_B,NO_PHYSICAL_MODALITY,train
RMVM_MB_85ad7f047b,Grass Stains,Microwave,ART_6cfaeb6caa,ROCK,musicbrainz_artist_discography,0.85,N/A (Standard 11 Taxonomy),,MISSING,,MISSING,,MISSING,2015.0,VERIFIED,TIER_B,NO_PHYSICAL_MODALITY,train
RMVM_MB_64fb842b4c,Cô đơn,Microwave,ART_6cfaeb6caa,ROCK,musicbrainz_artist_discography,0.85,N/A (Standard 11 Taxonomy),,MISSING,,MISSING,,MISSING,2009.0,VERIFIED,TIER_B,NO_PHYSICAL_MODALITY,train
RMVM_MB_9f94057d3b,Không tên,Microwave,ART_6cfaeb6caa,ROCK,musicbrainz_artist_discography,0.85,N/A (Standard 11 Taxonomy),,MISSING,,MISSING,,MISSING,2009.0,VERIFIED,TIER_B,NO_PHYSICAL_MODALITY,train
RMVM_MB_02a91fe113,Trái tim dũng cảm,Microwave,ART_6cfaeb6caa,ROCK,musicbrainz_artist_discography,0.85,N/A (Standard 11 Taxonomy),,MISSING,,MISSING,,MISSING,2005.0,VERIFIED,TIER_B,NO_PHYSICAL_MODALITY,train
RMVM_MB_126c29289b,Tìm lại,Microwave,ART_6cfaeb6caa,ROCK,musicbrainz_artist_discography,0.85,N/A (Standard 11 Taxonomy),,MISSING,,MISSING,,MISSING,2005.0,VERIFIED,TIER_B,NO_PHYSICAL_MODALITY,train
RMVM_MB_0ef66cab28,Ước mơ,Microwave,ART_6cfaeb6caa,ROCK,musicbrainz_artist_discography,0.85,N/A (Standard 11 Taxonomy),,MISSING,,MISSING,,MISSING,2005.0,VERIFIED,TIER_B,NO_PHYSICAL_MODALITY,train
RMVM_MB_375983f795,Lối thoát,Microwave,ART_6cfaeb6caa,ROCK,musicbrainz_artist_discography,0.85,N/A (Standard 11 Taxonomy),,MISSING,,MISSING,,MISSING,2005.0,VERIFIED,TIER_B,NO_PHYSICAL_MODALITY,train
RMVM_MB_b67cf8600b,Mộng du (remix),Microwave,ART_6cfaeb6caa,ROCK,musicbrainz_artist_discography,0.85,N/A (Standard 11 Taxonomy),,MISSING,,MISSING,,MISSING,2005.0,VERIFIED,TIER_B,NO_PHYSICAL_MODALITY,train
RMVM_MB_8f2589c56f,Sai,Microwave,ART_6cfaeb6caa,ROCK,musicbrainz_artist_discography,0.85,N/A (Standard 11 Taxonomy),,MISSING,,MISSING,,MISSING,2016.0,VERIFIED,TIER_B,NO_PHYSICAL_MODALITY,train
RMVM_S_3598972292,Tự Sự Yêu Của Em,Nông Anh Thơ,ART_e22ab44e48,POP_BALLAD,deterministic_mapping,1.0,N/A (Standard 11 Taxonomy),,MISSING,data/lyrics/RMVM_S_3598972292.txt,AVAILABLE,,MISSING,,UNVERIFIED,TIER_A,LYRICS_ONLY,train
RMVM_S_40de96f1f8,Vẫn Rơi,Limitlxss,ART_8f8ddc1262,RAP_HIPHOP,deterministic_mapping,1.0,N/A (Standard 11 Taxonomy),,MISSING,data/lyrics/RMVM_S_40de96f1f8.txt,AVAILABLE,,MISSING,,UNVERIFIED,TIER_A,LYRICS_ONLY,train
RMVM_S_aa690d6d7d,Duyên Vỡ Ép Mấy Cũng Lỡ,Yong Anh,ART_7159467d61,POP_BALLAD,deterministic_mapping,1.0,N/A (Standard 11 Taxonomy),,MISSING,data/lyrics/RMVM_S_aa690d6d7d.txt,AVAILABLE,,MISSING,,UNVERIFIED,TIER_A,LYRICS_ONLY,train
RMVM_S_e4b6572481,Khắc Cốt Ghi Tâm,Dương Chấn Huy,ART_3a1b4cf881,POP_BALLAD,deterministic_mapping,1.0,N/A (Standard 11 Taxonomy),,MISSING,data/lyrics/RMVM_S_e4b6572481.txt,AVAILABLE,,MISSING,,UNVERIFIED,TIER_A,LYRICS_ONLY,train
RMVM_S_96192eb080,Cảm Giác Còn Lại,"20 CARATS, Minus",ART_bca2df43db,POP_BALLAD,deterministic_mapping,1.0,N/A (Standard 11 Taxonomy),,MISSING,data/lyrics/RMVM_S_96192eb080.txt,AVAILABLE,,MISSING,,UNVERIFIED,TIER_A,LYRICS_ONLY,train
RMVM_S_b932ddc27b,Chưa Từng “Người Yêu Cũ” Của Ai,Shine Thành Anh,ART_1d24e4ba66,POP_BALLAD,deterministic_mapping,1.0,N/A (Standard 11 Taxonomy),,MISSING,data/lyrics/RMVM_S_b932ddc27b.txt,AVAILABLE,,MISSING,,UNVERIFIED,TIER_A,LYRICS_ONLY,train
RMVM_S_dcda873ecb,Nếu Anh Hiểu Được Là,Shine Thành Anh,ART_1d24e4ba66,POP_BALLAD,deterministic_mapping,1.0,N/A (Standard 11 Taxonomy),,MISSING,data/lyrics/RMVM_S_dcda873ecb.txt,AVAILABLE,,MISSING,,UNVERIFIED,TIER_A,LYRICS_ONLY,train
RMVM_S_851ae9e97e,Nhật Ký Buồn,Trần Thành Long,ART_fe95790550,BOLERO_TRUTINH,deterministic_mapping,1.0,N/A (Standard 11 Taxonomy),,MISSING,data/lyrics/RMVM_S_851ae9e97e.txt,AVAILABLE,,MISSING,,UNVERIFIED,TIER_A,LYRICS_ONLY,train
RMVM_S_fb7d055f20,Bậu Về Nơi Đâu,Hồ Khắc Tùng,ART_0bba243a82,BOLERO_TRUTINH,deterministic_mapping,1.0,N/A (Standard 11 Taxonomy),,MISSING,data/lyrics/RMVM_S_fb7d055f20.txt,AVAILABLE,,MISSING,,UNVERIFIED,TIER_A,LYRICS_ONLY,train
RMVM_S_0a0d815567,Cần Thơ Trong Nỗi Nhớ,Hồ Khắc Tùng,ART_0bba243a82,BOLERO_TRUTINH,deterministic_mapping,1.0,N/A (Standard 11 Taxonomy),,MISSING,data/lyrics/RMVM_S_0a0d815567.txt,AVAILABLE,,MISSING,,UNVERIFIED,TIER_A,LYRICS_ONLY,train
RMVM_S_230570a39d,Áo Sờn Vai,Hồ Khắc Tùng,ART_0bba243a82,POP_BALLAD,deterministic_mapping,1.0,N/A (Standard 11 Taxonomy),,MISSING,data/lyrics/RMVM_S_230570a39d.txt,AVAILABLE,,MISSING,,UNVERIFIED,TIER_A,LYRICS_ONLY,train
RMVM_S_2af511f19e,Em Ở Nơi Đâu,Quang Lý,ART_19689dbd80,BOLERO_TRUTINH,deterministic_mapping,1.0,N/A (Standard 11 Taxonomy),,MISSING,data/lyrics/RMVM_S_2af511f19e.txt,AVAILABLE,,MISSING,,UNVERIFIED,TIER_A,LYRICS_ONLY,train
RMVM_S_4b47156687,Em Ơi Đừng Khóc,"Gia Huy Singer, Lương Chí Tâm",ART_9e3d914bc4,POP_BALLAD,deterministic_mapping,1.0,N/A (Standard 11 Taxonomy),,MISSING,data/lyrics/RMVM_S_4b47156687.txt,AVAILABLE,,MISSING,,UNVERIFIED,TIER_A,LYRICS_ONLY,train
RMVM_S_e5336532e4,Câu Hát Lý Theo Chồng,Tài Linh,ART_31534a883f,FOLK_TRADITIONAL,deterministic_mapping,1.0,N/A (Standard 11 Taxonomy),,MISSING,data/lyrics/RMVM_S_e5336532e4.txt,AVAILABLE,,MISSING,,UNVERIFIED,TIER_A,LYRICS_ONLY,train
RMVM_S_a0f00624b3,Bình Minh Tình Yêu,Trường Sinh,ART_b1dd680e9f,POP_BALLAD,deterministic_mapping,1.0,N/A (Standard 11 Taxonomy),,MISSING,,MISSING,data/covers/RMVM_S_a0f00624b3.jpg,AVAILABLE,,UNVERIFIED,TIER_A,COVER_ONLY,train
RMVM_S_d5a73def18,Nữ Vương Địa Phận Vinh,Trường Sinh,ART_b1dd680e9f,BOLERO_TRUTINH,deterministic_mapping,1.0,N/A (Standard 11 Taxonomy),,MISSING,data/lyrics/RMVM_S_d5a73def18.txt,AVAILABLE,,MISSING,,UNVERIFIED,TIER_A,LYRICS_ONLY,train
RMVM_S_f294819ec9,Hát Trên Đỉnh Đồi,Trường Sinh,ART_b1dd680e9f,OTHER,curated_out_of_taxonomy,0.9,Religious / Sacred spiritual Vietnamese music,,MISSING,,MISSING,,MISSING,,UNVERIFIED,TIER_B,NO_PHYSICAL_MODALITY,train
RMVM_S_4b0fdb1d5a,Còn Thương Người Cũ,Viet Lee,ART_e97d695829,POP_BALLAD,deterministic_mapping,1.0,N/A (Standard 11 Taxonomy),,MISSING,data/lyrics/RMVM_S_4b0fdb1d5a.txt,AVAILABLE,,MISSING,,UNVERIFIED,TIER_A,LYRICS_ONLY,train
RMVM_S_e9ef2ac837,Chỉ Còn Những Mùa Nhớ,Bảo Trâm,ART_7c7bfa4ed2,POP_BALLAD,deterministic_mapping,1.0,N/A (Standard 11 Taxonomy),,MISSING,data/lyrics/RMVM_S_e9ef2ac837.txt,AVAILABLE,,MISSING,,UNVERIFIED,TIER_A,LYRICS_ONLY,train
RMVM_S_505e93c77e,Bài này không để đi diễn,Anh Tú Atus,ART_292a401648,POP_BALLAD,deterministic_mapping,1.0,N/A (Standard 11 Taxonomy),,MISSING,data/lyrics/RMVM_S_505e93c77e.txt,AVAILABLE,,MISSING,,UNVERIFIED,TIER_A,LYRICS_ONLY,train
RMVM_S_a05e33dc83,Đến Cuối Cùng Lại Cô Đơn,Dickson Nguyen,ART_dcfde16c83,POP_BALLAD,deterministic_mapping,1.0,N/A (Standard 11 Taxonomy),,MISSING,data/lyrics/RMVM_S_a05e33dc83.txt,AVAILABLE,,MISSING,,UNVERIFIED,TIER_A,LYRICS_ONLY,train
RMVM_S_6ddc179b6f,Đêm Qua Con Nằm Mơ (Đại Mèo Remix),"DIMZ, NH4T",ART_14fad43c35,POP_BALLAD,deterministic_mapping,0.85,N/A (Standard 11 Taxonomy),,MISSING,,MISSING,,MISSING,,UNVERIFIED,TIER_B,NO_PHYSICAL_MODALITY,train
RMVM_S_1b57599114,Ba Năm Một Cuộc Tình,"Trang, Madihu",ART_f58f43075f,POP_BALLAD,deterministic_mapping,1.0,N/A (Standard 11 Taxonomy),,MISSING,data/lyrics/RMVM_S_1b57599114.txt,AVAILABLE,,MISSING,,UNVERIFIED,TIER_A,LYRICS_ONLY,train
RMVM_S_4f84a91c53,Ăn Năn Muộn Màng,Lâm Vũ,ART_23de7e84af,POP_BALLAD,deterministic_mapping,1.0,N/A (Standard 11 Taxonomy),,MISSING,data/lyrics/RMVM_S_4f84a91c53.txt,AVAILABLE,,MISSING,,UNVERIFIED,TIER_A,LYRICS_ONLY,train
RMVM_S_c08350893b,Xôn Xao Mùa XUân,Lâm Vũ,ART_23de7e84af,BOLERO_TRUTINH,deterministic_mapping,1.0,N/A (Standard 11 Taxonomy),,MISSING,data/lyrics/RMVM_S_c08350893b.txt,AVAILABLE,,MISSING,,UNVERIFIED,TIER_A,LYRICS_ONLY,train
RMVM_S_1859d35580,Chỉ Vì Anh Nghèo,Lâm Vũ,ART_23de7e84af,POP_BALLAD,deterministic_mapping,1.0,N/A (Standard 11 Taxonomy),,MISSING,data/lyrics/RMVM_S_1859d35580.txt,AVAILABLE,,MISSING,,UNVERIFIED,TIER_A,LYRICS_ONLY,train
RMVM_S_e6ce5f13c5,Mơ Là Phải Mở,"Miu Lê, Yuno Bigboi",ART_9a79a789c2,POP_BALLAD,deterministic_mapping,1.0,N/A (Standard 11 Taxonomy),,MISSING,data/lyrics/RMVM_S_e6ce5f13c5.txt,AVAILABLE,,MISSING,,UNVERIFIED,TIER_A,LYRICS_ONLY,train
RMVM_S_a8c8e1bcbd,Còn đâu lời anh hứa,"Phạm Khánh Hưng, Phạm Thanh Thảo",ART_7f4fedb109,POP_BALLAD,deterministic_mapping,1.0,N/A (Standard 11 Taxonomy),,MISSING,data/lyrics/RMVM_S_a8c8e1bcbd.txt,AVAILABLE,,MISSING,,UNVERIFIED,TIER_A,LYRICS_ONLY,train
RMVM_S_79a518fe8d,KÝ ỨC SÓT LẠI,"Hast, Piens, Khiem",ART_b7bcce95b0,POP_BALLAD,deterministic_mapping,1.0,N/A (Standard 11 Taxonomy),,MISSING,data/lyrics/RMVM_S_79a518fe8d.txt,AVAILABLE,,MISSING,,UNVERIFIED,TIER_A,LYRICS_ONLY,train
RMVM_S_013f09741f,Liên Khúc Trộm Nhìn Nhau,"Thái Trâm, Trương Huy",ART_7773330778,BOLERO_TRUTINH,deterministic_mapping,1.0,N/A (Standard 11 Taxonomy),,MISSING,,MISSING,data/covers/RMVM_S_013f09741f.jpg,AVAILABLE,,UNVERIFIED,TIER_A,COVER_ONLY,train
RMVM_S_3b5cbce5d3,Em Chỉ Muốn Yêu Thôi Mà,"SASSY, Marutron",ART_f58a17f200,POP_BALLAD,deterministic_mapping,1.0,N/A (Standard 11 Taxonomy),,MISSING,data/lyrics/RMVM_S_3b5cbce5d3.txt,AVAILABLE,,MISSING,,UNVERIFIED,TIER_A,LYRICS_ONLY,train
RMVM_S_f0286ee514,Cách Xa Nhau Rồi,"YuniBoo, Út Nhị Mino, BD Media",ART_c742bc7708,POP_BALLAD,deterministic_mapping,1.0,N/A (Standard 11 Taxonomy),,MISSING,data/lyrics/RMVM_S_f0286ee514.txt,AVAILABLE,,MISSING,,UNVERIFIED,TIER_A,LYRICS_ONLY,train
RMVM_S_2cb1ada726,Tôi là người đàn ông tội nghiệp,Lâm Quốc Hưng,ART_b116a0dc03,POP_BALLAD,deterministic_mapping,1.0,N/A (Standard 11 Taxonomy),,MISSING,,MISSING,data/covers/RMVM_S_2cb1ada726.jpg,AVAILABLE,,UNVERIFIED,TIER_A,COVER_ONLY,train
RMVM_S_c71f275002,Bỏ thiền hút thuốc * Phiên tự thôi miên để ngăn chặn nghiện nicotine.,Entrance,ART_2a20afe023,POP_BALLAD,deterministic_mapping,1.0,N/A (Standard 11 Taxonomy),,MISSING,,MISSING,data/covers/RMVM_S_c71f275002.jpg,AVAILABLE,,UNVERIFIED,TIER_A,COVER_ONLY,train
RMVM_S_45501138dc,Hôm Ấy Hà Nội Đổ Mưa,Lee Wolves,ART_8505f8ac56,POP_BALLAD,deterministic_mapping,0.85,N/A (Standard 11 Taxonomy),,MISSING,,MISSING,,MISSING,,UNVERIFIED,TIER_B,NO_PHYSICAL_MODALITY,train
RMVM_S_7665d9ca87,Linh Khế,"Lee Phú Quý, Tuấn Nguyễn",ART_0b7f219049,POP_BALLAD,deterministic_mapping,1.0,N/A (Standard 11 Taxonomy),,MISSING,data/lyrics/RMVM_S_7665d9ca87.txt,AVAILABLE,,MISSING,,UNVERIFIED,TIER_A,LYRICS_ONLY,train
RMVM_S_4d4a9ba695,Chuyến Bay Thao Thức / 失眠飞行,"Thẩm Dĩ Thành, tiết minh viện",ART_ba2d6c6482,RAP_HIPHOP,deterministic_mapping,1.0,N/A (Standard 11 Taxonomy),,MISSING,,MISSING,data/covers/RMVM_S_4d4a9ba695.jpg,AVAILABLE,,UNVERIFIED,TIER_A,COVER_ONLY,train
RMVM_S_93b4e31e95,Tình Ca Mùa Xuân,"Bùi Thúy, Trần Hữu Tuấn",ART_d105c3b24f,FOLK_TRADITIONAL,deterministic_mapping,1.0,N/A (Standard 11 Taxonomy),,MISSING,data/lyrics/RMVM_S_93b4e31e95.txt,AVAILABLE,,MISSING,,UNVERIFIED,TIER_A,LYRICS_ONLY,train
RMVM_S_ce43205eb4,Sống Dai,B Ray,ART_ba452018e5,BOLERO_TRUTINH,deterministic_mapping,1.0,N/A (Standard 11 Taxonomy),,MISSING,,MISSING,data/covers/RMVM_S_ce43205eb4.jpg,AVAILABLE,,UNVERIFIED,TIER_A,COVER_ONLY,train
RMVM_S_7a86373ed6,Liên Khúc Rap: Trời Mưa; Mưa Tên Em; Mưa Xin Đừng Về Nữa,B Ray,ART_ba452018e5,RAP_HIPHOP,deterministic_mapping,1.0,N/A (Standard 11 Taxonomy),,MISSING,data/lyrics/RMVM_S_7a86373ed6.txt,AVAILABLE,,MISSING,,UNVERIFIED,TIER_A,LYRICS_ONLY,train
RMVM_S_5bcd2b2749,1 vòng sài gòn,B Ray,ART_ba452018e5,RAP_HIPHOP,deterministic_mapping,1.0,N/A (Standard 11 Taxonomy),,MISSING,data/lyrics/RMVM_S_5bcd2b2749.txt,AVAILABLE,,MISSING,,UNVERIFIED,TIER_A,LYRICS_ONLY,train
RMVM_S_175a6aaea8,Anh Luôn Như Vậy,B Ray,ART_ba452018e5,RAP_HIPHOP,deterministic_mapping,1.0,N/A (Standard 11 Taxonomy),,MISSING,data/lyrics/RMVM_S_175a6aaea8.txt,AVAILABLE,,MISSING,,UNVERIFIED,TIER_A,LYRICS_ONLY,train
RMVM_S_ba8923e5fe,Người Tình Dấu Yêu,"Cao Duy, Thủy Tiên",ART_ea37421384,POP_BALLAD,deterministic_mapping,1.0,N/A (Standard 11 Taxonomy),,MISSING,data/lyrics/RMVM_S_ba8923e5fe.txt,AVAILABLE,,MISSING,,UNVERIFIED,TIER_A,LYRICS_ONLY,train
RMVM_S_ca72bdf60e,Bởi vì đã yêu em,"Winno, CCMK",ART_8923c95e1e,RAP_HIPHOP,deterministic_mapping,1.0,N/A (Standard 11 Taxonomy),,MISSING,data/lyrics/RMVM_S_ca72bdf60e.txt,AVAILABLE,,MISSING,,UNVERIFIED,TIER_A,LYRICS_ONLY,train
RMVM_S_f52d836fd9,Giấc Mơ Mùa Đông,Huy Vũ,ART_360b4ddc5b,POP_BALLAD,deterministic_mapping,0.85,N/A (Standard 11 Taxonomy),,MISSING,,MISSING,,MISSING,,UNVERIFIED,TIER_B,NO_PHYSICAL_MODALITY,train
RMVM_S_faf77aa2db,Thà Không Đến Với Nhau,Huy Vũ,ART_360b4ddc5b,BOLERO_TRUTINH,deterministic_mapping,0.85,N/A (Standard 11 Taxonomy),,MISSING,,MISSING,,MISSING,,UNVERIFIED,TIER_B,NO_PHYSICAL_MODALITY,train
RMVM_S_ec69a0b7b1,Tình Đầu Mãi Yêu,Huy Vũ,ART_360b4ddc5b,POP_BALLAD,deterministic_mapping,0.85,N/A (Standard 11 Taxonomy),,MISSING,,MISSING,,MISSING,,UNVERIFIED,TIER_B,NO_PHYSICAL_MODALITY,train
RMVM_S_06072878ce,Cơn Mưa Xóa Nhòa,Thiên Phong,ART_2a0c6cd940,POP_BALLAD,deterministic_mapping,1.0,N/A (Standard 11 Taxonomy),,MISSING,data/lyrics/RMVM_S_06072878ce.txt,AVAILABLE,,MISSING,,UNVERIFIED,TIER_A,LYRICS_ONLY,train
