song_id,title,artist,artist_id,genre,label_source,label_confidence,other_reason,audio_path,audio_status,lyrics_path,lyrics_status,cover_path,cover_status,release_year,year_status,tier,modality_state,split
RMVM_MB_007dda39e8,QUAY ĐI QUAY LẠI,HIEUTHUHAI,ART_b196424628,RAP_HIPHOP,musicbrainz_artist_discography,0.85,,,unavailable,,unavailable,,unavailable,2024.0,verified,TIER_B,METADATA_ONLY,train
RMVM_MB_024d34c05b,Nửa trái tim,Phi Nhung,ART_33de4125fc,FOLK_TRADITIONAL,musicbrainz_artist_discography,0.85,,,unavailable,,unavailable,,unavailable,1999.0,verified,TIER_B,METADATA_ONLY,train
RMVM_MB_0295b88980,Toxic Incense,Parasite,ART_d034010438,ROCK,musicbrainz_artist_discography,0.85,,,unavailable,,unavailable,,unavailable,2023.0,verified,TIER_B,METADATA_ONLY,train
RMVM_MB_02a91fe113,Trái tim dũng cảm,Microwave,ART_6cfaeb6caa,ROCK,musicbrainz_artist_discography,0.85,,,unavailable,,unavailable,,unavailable,2005.0,verified,TIER_B,METADATA_ONLY,train
RMVM_MB_042ffb9226,Đừng Yêu Người Nổi Tiếng (Piano Version),7UPPERCUTS,ART_795d93f942,ROCK,musicbrainz_artist_discography,0.85,,,unavailable,,unavailable,,unavailable,2024.0,verified,TIER_B,METADATA_ONLY,train
RMVM_MB_0440bf1d4f,Giã bạn đêm trăng,Tân Nhàn,ART_bde6d9dd7d,REVOLUTIONARY,musicbrainz_artist_discography,0.85,,,unavailable,,unavailable,,unavailable,2001.0,verified,TIER_B,METADATA_ONLY,train
RMVM_MB_044e2f45a2,Le gateau de riz (Thème musical),Thanh Ngân,ART_165c93966a,FOLK_TRADITIONAL,musicbrainz_artist_discography,0.85,,,unavailable,,unavailable,,unavailable,2007.0,verified,TIER_B,METADATA_ONLY,train
RMVM_MB_048eeb1c5d,Trái tim lầm lỡ,Vân Khánh,ART_fdc4292814,FOLK_TRADITIONAL,musicbrainz_artist_discography,0.85,,,unavailable,,unavailable,,unavailable,,missing,TIER_B,METADATA_ONLY,train
RMVM_MB_055cc3c6e9,Fuelled by fear,Hoaprox,ART_ce3cb4feab,DANCE_EDM,musicbrainz_artist_discography,0.85,,,unavailable,,unavailable,,unavailable,2020.0,verified,TIER_B,METADATA_ONLY,train
RMVM_MB_06ef56d7a4,Anh Nên Đi Khỏi Đây,HIEUTHUHAI,ART_b196424628,RAP_HIPHOP,musicbrainz_artist_discography,0.85,,,unavailable,,unavailable,,unavailable,2026.0,verified,TIER_B,METADATA_ONLY,train
RMVM_MB_075031b05c,favourite liar,Kai Đinh,ART_db22fc7f69,RB_SOUL,musicbrainz_artist_discography,0.85,,,unavailable,,unavailable,,unavailable,2023.0,verified,TIER_B,METADATA_ONLY,train
RMVM_MB_0894f2c9af,3/4 Interlude,Cam,ART_ad017e9d66,RAP_HIPHOP,musicbrainz_artist_discography,0.85,,,unavailable,,unavailable,,unavailable,2001.0,verified,TIER_B,METADATA_ONLY,train
RMVM_MB_08f8ef67f8,Đi tìm,Ánh Tuyết,ART_d72564b10f,NHAC_TRINH,musicbrainz_artist_discography,0.85,,,unavailable,,unavailable,,unavailable,,missing,TIER_B,METADATA_ONLY,train
RMVM_MB_096f10b94e,Thủy Triều,Quang Hưng,ART_7060520839,REVOLUTIONARY,musicbrainz_artist_discography,0.85,,,unavailable,,unavailable,,unavailable,2024.0,verified,TIER_B,METADATA_ONLY,train
RMVM_MB_0a14a18db9,Giây phút uyên ương,Thủy Triều Đỏ,ART_fd95027341,ROCK,musicbrainz_artist_discography,0.85,,,unavailable,,unavailable,,unavailable,2006.0,verified,TIER_B,METADATA_ONLY,train
RMVM_MB_0a7347b3c4,Thích Em Hơi Nhiều,Wren Evans,ART_76f842bb32,RB_SOUL,musicbrainz_artist_discography,0.85,,,unavailable,,unavailable,,unavailable,2021.0,verified,TIER_B,METADATA_ONLY,train
RMVM_MB_0aba14383c,Bên đời hiu quạnh (với AC&M),Quang Dũng,ART_d0d47f53b1,NHAC_TRINH,musicbrainz_artist_discography,0.85,,,unavailable,,unavailable,,unavailable,2003.0,verified,TIER_B,METADATA_ONLY,train
RMVM_MB_0b06b4610b,Nửa đêm ngoài phố,Bảo Yến,ART_43fbb5fa06,NHAC_TRINH,musicbrainz_artist_discography,0.85,,,unavailable,,unavailable,,unavailable,2009.0,verified,TIER_B,METADATA_ONLY,train
RMVM_MB_0b2bc28e65,Tình ca,Quang Thọ,ART_a9ce8fc0ed,REVOLUTIONARY,musicbrainz_artist_discography,0.85,,,unavailable,,unavailable,,unavailable,2001.0,verified,TIER_B,METADATA_ONLY,train
RMVM_MB_0bbb807e96,Yêu Xa,Vũ Cát Tường,ART_45bba9499c,RB_SOUL,musicbrainz_artist_discography,0.85,,,unavailable,,unavailable,,unavailable,2014.0,verified,TIER_B,METADATA_ONLY,train
RMVM_MB_0bc13b72f5,Tình lỡ,Bảo Yến,ART_43fbb5fa06,NHAC_TRINH,musicbrainz_artist_discography,0.85,,,unavailable,,unavailable,,unavailable,2015.0,verified,TIER_B,METADATA_ONLY,train
RMVM_MB_0cf5147f71,Giấc Mơ Mỹ,Rhymastic,ART_35ac2077c4,RAP_HIPHOP,musicbrainz_artist_discography,0.85,,,unavailable,,unavailable,,unavailable,2026.0,verified,TIER_B,METADATA_ONLY,train
RMVM_MB_0d21d3b03e,Outro,Binz,ART_fca6de2907,RAP_HIPHOP,musicbrainz_artist_discography,0.85,,,unavailable,,unavailable,,unavailable,2026.0,verified,TIER_B,METADATA_ONLY,train
RMVM_MB_0d4ec0cc6e,Head And Shoulders,Xuân Mai,ART_fc7f4714c5,CHILDREN,musicbrainz_artist_discography,0.85,,,unavailable,,unavailable,,unavailable,2004.0,verified,TIER_B,METADATA_ONLY,train
RMVM_MB_0da525da22,Rừng xanh vang tiếng ta lư,Lan Anh,ART_666a5520df,REVOLUTIONARY,musicbrainz_artist_discography,0.85,,,unavailable,,unavailable,,unavailable,2017.0,verified,TIER_B,METADATA_ONLY,train
RMVM_MB_0db8b75bbd,Cầu Vĩnh Tuy,Wren Evans,ART_76f842bb32,RB_SOUL,musicbrainz_artist_discography,0.85,,,unavailable,,unavailable,,unavailable,2024.0,verified,TIER_B,METADATA_ONLY,train
RMVM_MB_0dd9417089,Chiếc gậy Trường Sơn,Đăng Dương,ART_cbdf1167c1,REVOLUTIONARY,musicbrainz_artist_discography,0.85,,,unavailable,,unavailable,,unavailable,2005.0,verified,TIER_B,METADATA_ONLY,train
RMVM_MB_0ddad413ee,Gởi người em gái,Ánh Tuyết,ART_d72564b10f,NHAC_TRINH,musicbrainz_artist_discography,0.85,,,unavailable,,unavailable,,unavailable,,missing,TIER_B,METADATA_ONLY,train
RMVM_MB_0e27fdd98b,Kiềng 3 Chân,Karik,ART_ac386cda83,RAP_HIPHOP,musicbrainz_artist_discography,0.85,,,unavailable,,unavailable,,unavailable,2022.0,verified,TIER_B,METADATA_ONLY,train
RMVM_MB_0e3c5be2e3,Danh Thoi Gia Tu,Trần Thái Hòa,ART_1b610001da,NHAC_TRINH,musicbrainz_artist_discography,0.85,,,unavailable,,unavailable,,unavailable,,missing,TIER_B,METADATA_ONLY,train
RMVM_MB_0e40bc1fa2,Đời,Suboi,ART_7b7ae56247,RAP_HIPHOP,musicbrainz_artist_discography,0.85,,,unavailable,,unavailable,,unavailable,2016.0,verified,TIER_B,METADATA_ONLY,train
RMVM_MB_0e640857e4,Trăng khuyết,Tân Nhàn,ART_bde6d9dd7d,REVOLUTIONARY,musicbrainz_artist_discography,0.85,,,unavailable,,unavailable,,unavailable,2001.0,verified,TIER_B,METADATA_ONLY,train
RMVM_MB_0ef66cab28,Ước mơ,Microwave,ART_6cfaeb6caa,ROCK,musicbrainz_artist_discography,0.85,,,unavailable,,unavailable,,unavailable,2005.0,verified,TIER_B,METADATA_ONLY,train
RMVM_MB_0f40e3460b,Lạc bước,Ánh Tuyết,ART_d72564b10f,NHAC_TRINH,musicbrainz_artist_discography,0.85,,,unavailable,,unavailable,,unavailable,,missing,TIER_B,METADATA_ONLY,train
RMVM_MB_0fa8e4e059,Điều không thể mất,Tân Nhàn,ART_bde6d9dd7d,REVOLUTIONARY,musicbrainz_artist_discography,0.85,,,unavailable,,unavailable,,unavailable,2013.0,verified,TIER_B,METADATA_ONLY,train
RMVM_MB_0feeeb73c6,Trả Lại Em Hạnh Phúc (instrumental),Minh Vương,ART_647daac8f6,FOLK_TRADITIONAL,musicbrainz_artist_discography,0.85,,,unavailable,,unavailable,,unavailable,2024.0,verified,TIER_B,METADATA_ONLY,train
RMVM_MB_10cd2b734f,Tiếng mưa đêm,Trần Thái Hòa,ART_1b610001da,NHAC_TRINH,musicbrainz_artist_discography,0.85,,,unavailable,,unavailable,,unavailable,2002.0,verified,TIER_B,METADATA_ONLY,train
RMVM_MB_10f035ddac,"Nocturne no. 2 in E-flat major, op. 9 no. 2",Đặng Thái Sơn,ART_b2127037ec,INSTRUMENTAL,musicbrainz_artist_discography,0.85,,,unavailable,,unavailable,,unavailable,1993.0,verified,TIER_B,METADATA_ONLY,train
RMVM_MB_1119e25ca0,KHIÊU VŨ DƯỚI TRĂNG,Erik,ART_6a42dd6e7c,RB_SOUL,musicbrainz_artist_discography,0.85,,,unavailable,,unavailable,,unavailable,2024.0,verified,TIER_B,METADATA_ONLY,train
RMVM_MB_1120ae8e13,phải viết bao nhiêu bản tình ca,Min,ART_d8bd79cc13,RB_SOUL,musicbrainz_artist_discography,0.85,,,unavailable,,unavailable,,unavailable,2025.0,verified,TIER_B,METADATA_ONLY,train
RMVM_MB_11dd0fc413,Bão đêm,Microwave,ART_6cfaeb6caa,ROCK,musicbrainz_artist_discography,0.85,,,unavailable,,unavailable,,unavailable,2005.0,verified,TIER_B,METADATA_ONLY,train
RMVM_MB_1220d4aee1,Nhớ người ra đi,Hương Lan,ART_8422601bfe,FOLK_TRADITIONAL,musicbrainz_artist_discography,0.85,,,unavailable,,unavailable,,unavailable,1996.0,verified,TIER_B,METADATA_ONLY,train
RMVM_MB_126c29289b,Tìm lại,Microwave,ART_6cfaeb6caa,ROCK,musicbrainz_artist_discography,0.85,,,unavailable,,unavailable,,unavailable,2005.0,verified,TIER_B,METADATA_ONLY,train
RMVM_MB_13042ffd9c,Mái tranh chiều,Trần Thái Hòa,ART_1b610001da,NHAC_TRINH,musicbrainz_artist_discography,0.85,,,unavailable,,unavailable,,unavailable,2002.0,verified,TIER_B,METADATA_ONLY,train
RMVM_MB_13230dd549,Hai kỷ niệm một chuyến đi,Lan Anh,ART_666a5520df,REVOLUTIONARY,musicbrainz_artist_discography,0.85,,,unavailable,,unavailable,,unavailable,,missing,TIER_B,METADATA_ONLY,train
RMVM_MB_139b0931ad,Mùa xuân,Cẩm Vân,ART_9f811a153f,NHAC_TRINH,musicbrainz_artist_discography,0.85,,,unavailable,,unavailable,,unavailable,,missing,TIER_B,METADATA_ONLY,train
RMVM_MB_1461b30905,Thời gian (instrumental),Thủy Triều Đỏ,ART_fd95027341,ROCK,musicbrainz_artist_discography,0.85,,,unavailable,,unavailable,,unavailable,2003.0,verified,TIER_B,METADATA_ONLY,train
RMVM_MB_14b66bc3ce,Tôi muốn,Lê Hiếu,ART_b3bb561ad9,NHAC_TRINH,musicbrainz_artist_discography,0.85,,,unavailable,,unavailable,,unavailable,2008.0,verified,TIER_B,METADATA_ONLY,train
RMVM_MB_14e68a3363,Giấu Vào Đôi Mắt (instrumental),Minh Vương,ART_647daac8f6,FOLK_TRADITIONAL,musicbrainz_artist_discography,0.85,,,unavailable,,unavailable,,unavailable,2024.0,verified,TIER_B,METADATA_ONLY,train
RMVM_MB_156b1ded32,Thành phố mưa bay,Quang Linh,ART_3a6003b287,FOLK_TRADITIONAL,musicbrainz_artist_discography,0.85,,,unavailable,,unavailable,,unavailable,2006.0,verified,TIER_B,METADATA_ONLY,train
RMVM_MB_15be6b35c6,Về Miền Trung,Lệ Thu,ART_fcc792d4cb,NHAC_TRINH,musicbrainz_artist_discography,0.85,,,unavailable,,unavailable,,unavailable,1996.0,verified,TIER_B,METADATA_ONLY,train
RMVM_MB_170789e3a7,Lệ đá,Lệ Thu,ART_fcc792d4cb,NHAC_TRINH,musicbrainz_artist_discography,0.85,,,unavailable,,unavailable,,unavailable,2001.0,verified,TIER_B,METADATA_ONLY,train
RMVM_MB_172872e945,Ấm tình quê Bác,Anh Thơ,ART_a0c43ea0e8,REVOLUTIONARY,musicbrainz_artist_discography,0.85,,,unavailable,,unavailable,,unavailable,,missing,TIER_B,METADATA_ONLY,train
RMVM_MB_17cec40442,Xác Lá Vàng Rơi,Minh Vương,ART_647daac8f6,FOLK_TRADITIONAL,musicbrainz_artist_discography,0.85,,,unavailable,,unavailable,,unavailable,2018.0,verified,TIER_B,METADATA_ONLY,train
RMVM_MB_17f7529a36,Tình thắm duyên quê,Bảo Yến,ART_43fbb5fa06,NHAC_TRINH,musicbrainz_artist_discography,0.85,,,unavailable,,unavailable,,unavailable,2004.0,verified,TIER_B,METADATA_ONLY,train
RMVM_MB_1808dbb3ef,Photos,Unlimited,ART_958f470d0b,ROCK,musicbrainz_artist_discography,0.85,,,unavailable,,unavailable,,unavailable,2009.0,verified,TIER_B,METADATA_ONLY,train
RMVM_MB_181c9bb68a,I Heart You,Min,ART_d8bd79cc13,RB_SOUL,musicbrainz_artist_discography,0.85,,,unavailable,,unavailable,,unavailable,2021.0,verified,TIER_B,METADATA_ONLY,train
RMVM_MB_184d346ef3,Chiếc Lá Thu Phai,Trịnh Công Sơn,ART_92e0040ca7,NHAC_TRINH,musicbrainz_artist_discography,0.85,,,unavailable,,unavailable,,unavailable,2020.0,verified,TIER_B,METADATA_ONLY,train
RMVM_MB_18b3ff9355,Trương chi,Ánh Tuyết,ART_d72564b10f,NHAC_TRINH,musicbrainz_artist_discography,0.85,,,unavailable,,unavailable,,unavailable,2004.0,verified,TIER_B,METADATA_ONLY,train
RMVM_MB_18fcb414c2,Rebel Woman,Erik,ART_6a42dd6e7c,RB_SOUL,musicbrainz_artist_discography,0.85,,,unavailable,,unavailable,,unavailable,2019.0,verified,TIER_B,METADATA_ONLY,train
RMVM_MB_192ddc1b48,Go Home,Cát,ART_3dfad4e24c,ROCK,musicbrainz_artist_discography,0.85,,,unavailable,,unavailable,,unavailable,2010.0,verified,TIER_B,METADATA_ONLY,train
RMVM_MB_1933ad2c22,Vũng lầy của chúng ta,Trần Thái Hòa,ART_1b610001da,NHAC_TRINH,musicbrainz_artist_discography,0.85,,,unavailable,,unavailable,,unavailable,2006.0,verified,TIER_B,METADATA_ONLY,train
RMVM_MB_19d4ac3511,Mẹ,Minh Vương,ART_647daac8f6,FOLK_TRADITIONAL,musicbrainz_artist_discography,0.85,,,unavailable,,unavailable,,unavailable,2024.0,verified,TIER_B,METADATA_ONLY,train
RMVM_MB_1a508a38dd,Lý cây da (Chant sous le banian) [Comptine du Vietnam],Thanh Ngân,ART_165c93966a,FOLK_TRADITIONAL,musicbrainz_artist_discography,0.85,,,unavailable,,unavailable,,unavailable,2007.0,verified,TIER_B,METADATA_ONLY,train
RMVM_MB_1bc6d245be,Cát bụi,Khánh Ly,ART_2a0e02284a,NHAC_TRINH,musicbrainz_artist_discography,0.85,,,unavailable,,unavailable,,unavailable,1974.0,verified,TIER_B,METADATA_ONLY,train
RMVM_MB_1bccdf2d53,Sẽ Quên Em Nhanh Thôi,Rhymastic,ART_35ac2077c4,RAP_HIPHOP,musicbrainz_artist_discography,0.85,,,unavailable,,unavailable,,unavailable,2025.0,verified,TIER_B,METADATA_ONLY,train
RMVM_MB_1cab8edf14,Người về tương tư,Ánh Tuyết,ART_d72564b10f,NHAC_TRINH,musicbrainz_artist_discography,0.85,,,unavailable,,unavailable,,unavailable,,missing,TIER_B,METADATA_ONLY,train
RMVM_MB_1d2c3eebce,Cửa sổ mùa đông,Bằng Kiều,ART_e70c837c14,NHAC_TRINH,musicbrainz_artist_discography,0.85,,,unavailable,,unavailable,,unavailable,1998.0,verified,TIER_B,METADATA_ONLY,train
RMVM_MB_1dc7ccdafe,Chuyến xe lam chiều,Phi Nhung,ART_33de4125fc,FOLK_TRADITIONAL,musicbrainz_artist_discography,0.85,,,unavailable,,unavailable,,unavailable,1996.0,verified,TIER_B,METADATA_ONLY,train
RMVM_MB_1e68835848,La Parfum,Nguyễn Lê,ART_1907478bfd,INSTRUMENTAL,musicbrainz_artist_discography,0.85,,,unavailable,,unavailable,,unavailable,1997.0,verified,TIER_B,METADATA_ONLY,train
RMVM_MB_1eb205b54f,Hate Me,Cát,ART_3dfad4e24c,ROCK,musicbrainz_artist_discography,0.85,,,unavailable,,unavailable,,unavailable,2011.0,verified,TIER_B,METADATA_ONLY,train
RMVM_MB_1ed4fcce55,Nghe như tình yêu,Kewtiie,ART_77d474bf1d,DANCE_EDM,musicbrainz_artist_discography,0.85,,,unavailable,,unavailable,,unavailable,,missing,TIER_B,METADATA_ONLY,train
RMVM_MB_1edd181741,Rừng xưa đã khép,Khánh Ly,ART_2a0e02284a,NHAC_TRINH,musicbrainz_artist_discography,0.85,,,unavailable,,unavailable,,unavailable,1994.0,verified,TIER_B,METADATA_ONLY,train
RMVM_MB_1eeec14613,Cảm ơn anh,Ngọc Huyền,ART_47d6821a96,FOLK_TRADITIONAL,musicbrainz_artist_discography,0.85,,,unavailable,,unavailable,,unavailable,2011.0,verified,TIER_B,METADATA_ONLY,train
RMVM_MB_1f0c30571f,Người hát rong,Thủy Triều Đỏ,ART_fd95027341,ROCK,musicbrainz_artist_discography,0.85,,,unavailable,,unavailable,,unavailable,2003.0,verified,TIER_B,METADATA_ONLY,train
RMVM_MB_1f1eec3269,Vì Mẹ Anh Bắt Chia Tay,Karik,ART_ac386cda83,RAP_HIPHOP,musicbrainz_artist_discography,0.85,,,unavailable,,unavailable,,unavailable,2022.0,verified,TIER_B,METADATA_ONLY,train
RMVM_MB_1f3ee82afe,"Chopin: Barcarolle in F-sharp Major, Op. 60",Đặng Thái Sơn,ART_b2127037ec,INSTRUMENTAL,musicbrainz_artist_discography,0.85,,,unavailable,,unavailable,,unavailable,1996.0,verified,TIER_B,METADATA_ONLY,train
RMVM_MB_1ffd453bda,Khi yêu xin chớ biệt ly,Cẩm Vân,ART_9f811a153f,NHAC_TRINH,musicbrainz_artist_discography,0.85,,,unavailable,,unavailable,,unavailable,1998.0,verified,TIER_B,METADATA_ONLY,train
RMVM_MB_20c4bd22ce,Keys and Locks Don’t Work,Cát,ART_3dfad4e24c,ROCK,musicbrainz_artist_discography,0.85,,,unavailable,,unavailable,,unavailable,2011.0,verified,TIER_B,METADATA_ONLY,train
RMVM_MB_20c543b5b3,Thôi anh hãy đi theo người,Phi Nhung,ART_33de4125fc,FOLK_TRADITIONAL,musicbrainz_artist_discography,0.85,,,unavailable,,unavailable,,unavailable,1999.0,verified,TIER_B,METADATA_ONLY,train
RMVM_MB_20cb6f6206,Les lois de l'étiquette,Orange,ART_fe01d67a00,RB_SOUL,musicbrainz_artist_discography,0.85,,,unavailable,,unavailable,,unavailable,2009.0,verified,TIER_B,METADATA_ONLY,train
RMVM_MB_20e7396ca7,Intro,Binz,ART_fca6de2907,RAP_HIPHOP,musicbrainz_artist_discography,0.85,,,unavailable,,unavailable,,unavailable,2026.0,verified,TIER_B,METADATA_ONLY,train
RMVM_MB_215ab85464,Tình ca,Trung Kiên,ART_518be47b26,REVOLUTIONARY,musicbrainz_artist_discography,0.85,,,unavailable,,unavailable,,unavailable,1997.0,verified,TIER_B,METADATA_ONLY,train
RMVM_MB_21982214ec,Em Chào Tết,Bích Phượng,ART_b6ef58448b,REVOLUTIONARY,musicbrainz_artist_discography,0.85,,,unavailable,,unavailable,,unavailable,2020.0,verified,TIER_B,METADATA_ONLY,train
RMVM_MB_21ff60fd1f,Việt Nam Tử Tế,Karik,ART_ac386cda83,RAP_HIPHOP,musicbrainz_artist_discography,0.85,,,unavailable,,unavailable,,unavailable,2020.0,verified,TIER_B,METADATA_ONLY,train
RMVM_MB_225be5ab22,Thu Hoài,Rhymastic,ART_35ac2077c4,RAP_HIPHOP,musicbrainz_artist_discography,0.85,,,unavailable,,unavailable,,unavailable,2024.0,verified,TIER_B,METADATA_ONLY,train
RMVM_MB_228e458d44,Khúc hát chia xa,Việt Hoàn,ART_276f4cb1af,REVOLUTIONARY,musicbrainz_artist_discography,0.85,,,unavailable,,unavailable,,unavailable,2013.0,verified,TIER_B,METADATA_ONLY,train
RMVM_MB_22a0f9fd5b,Để tóc nàng ngủ yên,Phi Nhung,ART_33de4125fc,FOLK_TRADITIONAL,musicbrainz_artist_discography,0.85,,,unavailable,,unavailable,,unavailable,1999.0,verified,TIER_B,METADATA_ONLY,train
RMVM_MB_233b831584,Cây trúc xinh,Xuân Mai,ART_fc7f4714c5,CHILDREN,musicbrainz_artist_discography,0.85,,,unavailable,,unavailable,,unavailable,,missing,TIER_B,METADATA_ONLY,train
RMVM_MB_238db075e6,Quên Em Để Hạnh Phúc,Minh Vương,ART_647daac8f6,FOLK_TRADITIONAL,musicbrainz_artist_discography,0.85,,,unavailable,,unavailable,,unavailable,2018.0,verified,TIER_B,METADATA_ONLY,train
RMVM_MB_23f5618fe4,Bèo dạt mây trôi,Anh Thơ,ART_a0c43ea0e8,REVOLUTIONARY,musicbrainz_artist_discography,0.85,,,unavailable,,unavailable,,unavailable,,missing,TIER_B,METADATA_ONLY,train
RMVM_MB_2556a0c9f2,Bật Nó Lên,SOOBIN,ART_123141dbf1,RB_SOUL,musicbrainz_artist_discography,0.85,,,unavailable,,unavailable,,unavailable,2024.0,verified,TIER_B,METADATA_ONLY,train
RMVM_MB_255f8974fb,What Can You Do to Me,Binz,ART_fca6de2907,RAP_HIPHOP,musicbrainz_artist_discography,0.85,,,unavailable,,unavailable,,unavailable,2014.0,verified,TIER_B,METADATA_ONLY,train
RMVM_MB_26281dbc8f,Tôi là người thợ lò,Đăng Dương,ART_cbdf1167c1,REVOLUTIONARY,musicbrainz_artist_discography,0.85,,,unavailable,,unavailable,,unavailable,2005.0,verified,TIER_B,METADATA_ONLY,train
RMVM_MB_26426e769a,yêu em như…,Grey D,ART_89903cb997,RB_SOUL,musicbrainz_artist_discography,0.85,,,unavailable,,unavailable,,unavailable,2026.0,verified,TIER_B,METADATA_ONLY,train
RMVM_MB_266edc5e61,Nỗi Đau Xót Xa,Minh Vương,ART_647daac8f6,FOLK_TRADITIONAL,musicbrainz_artist_discography,0.85,,,unavailable,,unavailable,,unavailable,2024.0,verified,TIER_B,METADATA_ONLY,train
RMVM_MB_2673e6f6ae,Chờ Tới Khi Anh Về,HIEUTHUHAI,ART_b196424628,RAP_HIPHOP,musicbrainz_artist_discography,0.85,,,unavailable,,unavailable,,unavailable,2026.0,verified,TIER_B,METADATA_ONLY,train
RMVM_MB_267b893e99,Xin Phép Được Cô Đơn,Vũ.,ART_5f8f1db97c,RB_SOUL,musicbrainz_artist_discography,0.85,,,unavailable,,unavailable,,unavailable,2019.0,verified,TIER_B,METADATA_ONLY,train
RMVM_MB_26bc45759a,Lệ nồng môi khô,Ánh Tuyết,ART_d72564b10f,NHAC_TRINH,musicbrainz_artist_discography,0.85,,,unavailable,,unavailable,,unavailable,,missing,TIER_B,METADATA_ONLY,train
RMVM_MB_26f4cc9235,Hoa học trò,Quang Linh,ART_3a6003b287,FOLK_TRADITIONAL,musicbrainz_artist_discography,0.85,,,unavailable,,unavailable,,unavailable,2006.0,verified,TIER_B,METADATA_ONLY,train
RMVM_MB_27d4feecc2,Party,Triple D,ART_7b16a4372e,DANCE_EDM,musicbrainz_artist_discography,0.85,,,unavailable,,unavailable,,unavailable,2016.0,verified,TIER_B,METADATA_ONLY,train
RMVM_MB_2858c752fe,Cuối Ngày,The Flob,ART_9037c183b4,ROCK,musicbrainz_artist_discography,0.85,,,unavailable,,unavailable,,unavailable,2022.0,verified,TIER_B,METADATA_ONLY,train
RMVM_MB_287f681517,Diễm Xưa,Khánh Ly,ART_2a0e02284a,NHAC_TRINH,musicbrainz_artist_discography,0.85,,,unavailable,,unavailable,,unavailable,,missing,TIER_B,METADATA_ONLY,train
RMVM_MB_2901d8167e,Vacheron Louie V,HIEUTHUHAI,ART_b196424628,RAP_HIPHOP,musicbrainz_artist_discography,0.85,,,unavailable,,unavailable,,unavailable,2026.0,verified,TIER_B,METADATA_ONLY,train
RMVM_MB_290891726f,Nến Và Hoa,Rhymastic,ART_35ac2077c4,RAP_HIPHOP,musicbrainz_artist_discography,0.85,,,unavailable,,unavailable,,unavailable,2018.0,verified,TIER_B,METADATA_ONLY,train
RMVM_MB_29470c89bb,Paranoid,Binz,ART_fca6de2907,RAP_HIPHOP,musicbrainz_artist_discography,0.85,,,unavailable,,unavailable,,unavailable,2014.0,verified,TIER_B,METADATA_ONLY,train
RMVM_MB_2960db5d5f,Tưởng rằng đã quên,Quang Dũng,ART_d0d47f53b1,NHAC_TRINH,musicbrainz_artist_discography,0.85,,,unavailable,,unavailable,,unavailable,2003.0,verified,TIER_B,METADATA_ONLY,train
RMVM_MB_299de80fff,Vui Như Tết,Ricky Star,ART_49436287f3,RAP_HIPHOP,musicbrainz_artist_discography,0.85,,,unavailable,,unavailable,,unavailable,2023.0,verified,TIER_B,METADATA_ONLY,train
RMVM_MB_2b67783de5,Cánh thiệp đầu xuân,Hương Lan,ART_8422601bfe,FOLK_TRADITIONAL,musicbrainz_artist_discography,0.85,,,unavailable,,unavailable,,unavailable,1993.0,verified,TIER_B,METADATA_ONLY,train
RMVM_MB_2bb09ce051,Nghệ sĩ với cây đàn,Trọng Tấn,ART_e45d081f4c,REVOLUTIONARY,musicbrainz_artist_discography,0.85,,,unavailable,,unavailable,,unavailable,2001.0,verified,TIER_B,METADATA_ONLY,train
RMVM_MB_2bbec86533,Suối Mường Hum còn chảy mãi,Anh Thơ,ART_a0c43ea0e8,REVOLUTIONARY,musicbrainz_artist_discography,0.85,,,unavailable,,unavailable,,unavailable,2010.0,verified,TIER_B,METADATA_ONLY,train
RMVM_MB_2c2c9b8447,từ chối nhẹ nhàng thôi,Phúc Du,ART_955a09ac82,RAP_HIPHOP,musicbrainz_artist_discography,0.85,,,unavailable,,unavailable,,unavailable,2020.0,verified,TIER_B,METADATA_ONLY,train
RMVM_MB_2cb80083c8,Sunshine,Unlimited,ART_958f470d0b,ROCK,musicbrainz_artist_discography,0.85,,,unavailable,,unavailable,,unavailable,2017.0,verified,TIER_B,METADATA_ONLY,train
RMVM_MB_2cd97f24c2,Hoa cau vúờn tràu,Thu Hiền,ART_66084b8a1c,REVOLUTIONARY,musicbrainz_artist_discography,0.85,,,unavailable,,unavailable,,unavailable,1998.0,verified,TIER_B,METADATA_ONLY,train
RMVM_MB_2cebe81160,1911 Black Terror Metal,Parasite,ART_d034010438,ROCK,musicbrainz_artist_discography,0.85,,,unavailable,,unavailable,,unavailable,2021.0,verified,TIER_B,METADATA_ONLY,train
RMVM_MB_2db77272f0,Em Bé,Karik,ART_ac386cda83,RAP_HIPHOP,musicbrainz_artist_discography,0.85,,,unavailable,,unavailable,,unavailable,2020.0,verified,TIER_B,METADATA_ONLY,train
RMVM_MB_2e29d2b271,Đàn T'rưng,Đăng Dương,ART_cbdf1167c1,REVOLUTIONARY,musicbrainz_artist_discography,0.85,,,unavailable,,unavailable,,unavailable,2005.0,verified,TIER_B,METADATA_ONLY,train
RMVM_MB_2e2e3f17f1,Chàm Islands,Hoàng Tuấn,ART_5ab8ba158a,INSTRUMENTAL,musicbrainz_artist_discography,0.85,,,unavailable,,unavailable,,unavailable,2025.0,verified,TIER_B,METADATA_ONLY,train
RMVM_MB_2ebeae1701,Fall in Love,Kimmese,ART_9b77c3bf9e,RB_SOUL,musicbrainz_artist_discography,0.85,,,unavailable,,unavailable,,unavailable,2018.0,verified,TIER_B,METADATA_ONLY,train
RMVM_MB_2ed471c3b5,Bạn bè,Thủy Triều Đỏ,ART_fd95027341,ROCK,musicbrainz_artist_discography,0.85,,,unavailable,,unavailable,,unavailable,2003.0,verified,TIER_B,METADATA_ONLY,train
RMVM_MB_2f2a09ffe7,Ghé Thăm,Kimmese,ART_9b77c3bf9e,RB_SOUL,musicbrainz_artist_discography,0.85,,,unavailable,,unavailable,,unavailable,2016.0,verified,TIER_B,METADATA_ONLY,train
RMVM_MB_2fbbae8b53,I Just Wanna Know,Wren Evans,ART_76f842bb32,RB_SOUL,musicbrainz_artist_discography,0.85,,,unavailable,,unavailable,,unavailable,2021.0,verified,TIER_B,METADATA_ONLY,train
RMVM_MB_2fc870c88c,Overture,Binz,ART_fca6de2907,RAP_HIPHOP,musicbrainz_artist_discography,0.85,,,unavailable,,unavailable,,unavailable,2023.0,verified,TIER_B,METADATA_ONLY,train
RMVM_MB_30150b5046,Sabaku,Khánh Ly,ART_2a0e02284a,NHAC_TRINH,musicbrainz_artist_discography,0.85,,,unavailable,,unavailable,,unavailable,1992.0,verified,TIER_B,METADATA_ONLY,train
RMVM_MB_301d93adcb,Tổ quốc tôi chưa đẹp thế bao giờ,Quang Thọ,ART_a9ce8fc0ed,REVOLUTIONARY,musicbrainz_artist_discography,0.85,,,unavailable,,unavailable,,unavailable,2001.0,verified,TIER_B,METADATA_ONLY,train
RMVM_MB_3184c3547d,Hoa thương nhớ ai,Hương Lan,ART_8422601bfe,FOLK_TRADITIONAL,musicbrainz_artist_discography,0.85,,,unavailable,,unavailable,,unavailable,1996.0,verified,TIER_B,METADATA_ONLY,train
RMVM_MB_32827028b9,Drive a Desert Into a Brick Wall,Cát,ART_3dfad4e24c,ROCK,musicbrainz_artist_discography,0.85,,,unavailable,,unavailable,,unavailable,2011.0,verified,TIER_B,METADATA_ONLY,train
RMVM_MB_32927e4f0a,Tình thắm duyên quê,Thúy Hường,ART_d31060c982,FOLK_TRADITIONAL,musicbrainz_artist_discography,0.85,,,unavailable,,unavailable,,unavailable,2016.0,verified,TIER_B,METADATA_ONLY,train
RMVM_MB_32acf01354,Realuminatti,Blacka,ART_87222206ce,RAP_HIPHOP,musicbrainz_artist_discography,0.85,,,unavailable,,unavailable,,unavailable,2013.0,verified,TIER_B,METADATA_ONLY,train
RMVM_MB_335d3204bf,Baby,Marzuz,ART_76981b9616,RB_SOUL,musicbrainz_artist_discography,0.85,,,unavailable,,unavailable,,unavailable,2026.0,verified,TIER_B,METADATA_ONLY,train
RMVM_MB_340b01dbf0,Cùng hành quân giữa mùa xuân,Đăng Dương,ART_cbdf1167c1,REVOLUTIONARY,musicbrainz_artist_discography,0.85,,,unavailable,,unavailable,,unavailable,2004.0,verified,TIER_B,METADATA_ONLY,train
RMVM_MB_3425fd35a2,Cho bước chân em đi,Bức Tường,ART_376d48d912,ROCK,musicbrainz_artist_discography,0.85,,,unavailable,,unavailable,,unavailable,2010.0,verified,TIER_B,METADATA_ONLY,train
RMVM_MB_3435a420c5,Chuyện tình chiếc dây đàn,Thủy Triều Đỏ,ART_fd95027341,ROCK,musicbrainz_artist_discography,0.85,,,unavailable,,unavailable,,unavailable,2006.0,verified,TIER_B,METADATA_ONLY,train
RMVM_MB_34aa507dc2,Bắt Bướm,Xuân Mai,ART_fc7f4714c5,CHILDREN,musicbrainz_artist_discography,0.85,,,unavailable,,unavailable,,unavailable,2004.0,verified,TIER_B,METADATA_ONLY,train
RMVM_MB_34bc6bdd5c,Ở Nhà Đêêê,The Flob,ART_9037c183b4,ROCK,musicbrainz_artist_discography,0.85,,,unavailable,,unavailable,,unavailable,2021.0,verified,TIER_B,METADATA_ONLY,train
RMVM_MB_351a668cca,Chiều hải cảng,Quý Dương,ART_459a303c9f,REVOLUTIONARY,musicbrainz_artist_discography,0.85,,,unavailable,,unavailable,,unavailable,2001.0,verified,TIER_B,METADATA_ONLY,train
RMVM_MB_3640c38166,Deep Sea,Triple D,ART_7b16a4372e,DANCE_EDM,musicbrainz_artist_discography,0.85,,,unavailable,,unavailable,,unavailable,2018.0,verified,TIER_B,METADATA_ONLY,train
RMVM_MB_36a465d589,Tháng ba Tây Nguyên,Đăng Dương,ART_cbdf1167c1,REVOLUTIONARY,musicbrainz_artist_discography,0.85,,,unavailable,,unavailable,,unavailable,2005.0,verified,TIER_B,METADATA_ONLY,train
RMVM_MB_36a5a17f07,Cho dù có đi nơi đâu,Anh Thơ,ART_a0c43ea0e8,REVOLUTIONARY,musicbrainz_artist_discography,0.85,,,unavailable,,unavailable,,unavailable,2010.0,verified,TIER_B,METADATA_ONLY,train
RMVM_MB_36ce692159,Bóng cây Kơ nia,Lan Anh,ART_666a5520df,REVOLUTIONARY,musicbrainz_artist_discography,0.85,,,unavailable,,unavailable,,unavailable,2004.0,verified,TIER_B,METADATA_ONLY,train
RMVM_MB_375983f795,Lối thoát,Microwave,ART_6cfaeb6caa,ROCK,musicbrainz_artist_discography,0.85,,,unavailable,,unavailable,,unavailable,2005.0,verified,TIER_B,METADATA_ONLY,train
RMVM_MB_384ab4ab25,Ngày khác,Bức Tường,ART_376d48d912,ROCK,musicbrainz_artist_discography,0.85,,,unavailable,,unavailable,,unavailable,2010.0,verified,TIER_B,METADATA_ONLY,train
RMVM_MB_38a28c964b,Dig,Cát,ART_3dfad4e24c,ROCK,musicbrainz_artist_discography,0.85,,,unavailable,,unavailable,,unavailable,2009.0,verified,TIER_B,METADATA_ONLY,train
RMVM_MB_38bf5748a2,Còn thấy mặt người,Khánh Ly,ART_2a0e02284a,NHAC_TRINH,musicbrainz_artist_discography,0.85,,,unavailable,,unavailable,,unavailable,1992.0,verified,TIER_B,METADATA_ONLY,train
RMVM_MB_39f7e330c4,Tiếng đàn hàm oan,Hạc San,ART_ce377d1ff9,ROCK,musicbrainz_artist_discography,0.85,,,unavailable,,unavailable,,unavailable,2015.0,verified,TIER_B,METADATA_ONLY,train
RMVM_MB_3b743a3928,Phố vắng em rồi,Quang Linh,ART_3a6003b287,FOLK_TRADITIONAL,musicbrainz_artist_discography,0.85,,,unavailable,,unavailable,,unavailable,2006.0,verified,TIER_B,METADATA_ONLY,train
RMVM_MB_3ba2208e1b,Tự tình mùa đông,Bảo Yến,ART_43fbb5fa06,NHAC_TRINH,musicbrainz_artist_discography,0.85,,,unavailable,,unavailable,,unavailable,2018.0,verified,TIER_B,METADATA_ONLY,train
RMVM_MB_3c497ff856,Nước mắt muộn màng,Bảo Yến,ART_43fbb5fa06,NHAC_TRINH,musicbrainz_artist_discography,0.85,,,unavailable,,unavailable,,unavailable,2015.0,verified,TIER_B,METADATA_ONLY,train
RMVM_MB_3c70891466,Bastard,Monstar,ART_d13f16501d,RB_SOUL,musicbrainz_artist_discography,0.85,,,unavailable,,unavailable,,unavailable,2012.0,verified,TIER_B,METADATA_ONLY,train
RMVM_MB_3cb0ef5f5e,Ru anh,Quang Dũng,ART_d0d47f53b1,NHAC_TRINH,musicbrainz_artist_discography,0.85,,,unavailable,,unavailable,,unavailable,2004.0,verified,TIER_B,METADATA_ONLY,train
RMVM_MB_3e4808f39b,Chợt Nhìn Nhau,Vũ.,ART_5f8f1db97c,RB_SOUL,musicbrainz_artist_discography,0.85,,,unavailable,,unavailable,,unavailable,2022.0,verified,TIER_B,METADATA_ONLY,train
RMVM_MB_3e4a6cffd6,Bài ca Trường Sơn,Trung Kiên,ART_518be47b26,REVOLUTIONARY,musicbrainz_artist_discography,0.85,,,unavailable,,unavailable,,unavailable,1997.0,verified,TIER_B,METADATA_ONLY,train
RMVM_MB_3ef4d37643,Đoá Hoa Hồng (Queen),Masew,ART_6714f6b919,DANCE_EDM,musicbrainz_artist_discography,0.85,,,unavailable,,unavailable,,unavailable,2018.0,verified,TIER_B,METADATA_ONLY,train
RMVM_MB_3f62403637,Em Và Tôi,Vũ Thắng Lợi,ART_9f576254ff,REVOLUTIONARY,musicbrainz_artist_discography,0.85,,,unavailable,,unavailable,,unavailable,2023.0,verified,TIER_B,METADATA_ONLY,train
RMVM_MB_409222a8df,Khát khao,Thúy Hường,ART_d31060c982,FOLK_TRADITIONAL,musicbrainz_artist_discography,0.85,,,unavailable,,unavailable,,unavailable,2008.0,verified,TIER_B,METADATA_ONLY,train
RMVM_MB_414c4e1558,Tình phụ,Ánh Tuyết,ART_d72564b10f,NHAC_TRINH,musicbrainz_artist_discography,0.85,,,unavailable,,unavailable,,unavailable,,missing,TIER_B,METADATA_ONLY,train
RMVM_MB_41782d441a,Are You Experienced,Nguyễn Lê,ART_1907478bfd,INSTRUMENTAL,musicbrainz_artist_discography,0.85,,,unavailable,,unavailable,,unavailable,2002.0,verified,TIER_B,METADATA_ONLY,train
RMVM_MB_422c820c57,The Devil and the Deep Blue Sea (Safe Hands and Gold mix),Erik,ART_6a42dd6e7c,RB_SOUL,musicbrainz_artist_discography,0.85,,,unavailable,,unavailable,,unavailable,1993.0,verified,TIER_B,METADATA_ONLY,train
RMVM_MB_4250eaed59,Người là niềm tin tất thắng,Quang Thọ,ART_a9ce8fc0ed,REVOLUTIONARY,musicbrainz_artist_discography,0.85,,,unavailable,,unavailable,,unavailable,,missing,TIER_B,METADATA_ONLY,train
RMVM_MB_42b0b598b2,Chung một con đường,Microwave,ART_6cfaeb6caa,ROCK,musicbrainz_artist_discography,0.85,,,unavailable,,unavailable,,unavailable,2016.0,verified,TIER_B,METADATA_ONLY,train
RMVM_MB_4318fcbd81,Vì Tôi Còn Sống,Tiên Tiên,ART_692ad687f0,RB_SOUL,musicbrainz_artist_discography,0.85,,,unavailable,,unavailable,,unavailable,2015.0,verified,TIER_B,METADATA_ONLY,train
RMVM_MB_43a3c76bdc,Đào Liễu,Rhymastic,ART_35ac2077c4,RAP_HIPHOP,musicbrainz_artist_discography,0.85,,,unavailable,,unavailable,,unavailable,2024.0,verified,TIER_B,METADATA_ONLY,train
RMVM_MB_441481b46c,Việt Nam Tử Tế (instrumental),Karik,ART_ac386cda83,RAP_HIPHOP,musicbrainz_artist_discography,0.85,,,unavailable,,unavailable,,unavailable,2020.0,verified,TIER_B,METADATA_ONLY,train
RMVM_MB_4514abb224,Ru đời đi nhé,Quang Dũng,ART_d0d47f53b1,NHAC_TRINH,musicbrainz_artist_discography,0.85,,,unavailable,,unavailable,,unavailable,2003.0,verified,TIER_B,METADATA_ONLY,train
RMVM_MB_451ed02939,Em tôi,Trọng Tấn,ART_e45d081f4c,REVOLUTIONARY,musicbrainz_artist_discography,0.85,,,unavailable,,unavailable,,unavailable,2012.0,verified,TIER_B,METADATA_ONLY,train
RMVM_MB_4579526667,Medley CC Catch,Thúy Hường,ART_d31060c982,FOLK_TRADITIONAL,musicbrainz_artist_discography,0.85,,,unavailable,,unavailable,,unavailable,,missing,TIER_B,METADATA_ONLY,train
RMVM_MB_46eda9ca7b,Ở trọ,Ý Lan,ART_47ad458977,NHAC_TRINH,musicbrainz_artist_discography,0.85,,,unavailable,,unavailable,,unavailable,1991.0,verified,TIER_B,METADATA_ONLY,train
RMVM_MB_46f8948093,Lão cô đơn,Gạt Tàn Đầy,ART_70c5640a4b,ROCK,musicbrainz_artist_discography,0.85,,,unavailable,,unavailable,,unavailable,2006.0,verified,TIER_B,METADATA_ONLY,train
RMVM_MB_49149053a6,Gió Thoảng,Bích Phượng,ART_b6ef58448b,REVOLUTIONARY,musicbrainz_artist_discography,0.85,,,unavailable,,unavailable,,unavailable,2015.0,verified,TIER_B,METADATA_ONLY,train
RMVM_MB_4a610bf450,Gửi nắng cho em,Đăng Dương,ART_cbdf1167c1,REVOLUTIONARY,musicbrainz_artist_discography,0.85,,,unavailable,,unavailable,,unavailable,2005.0,verified,TIER_B,METADATA_ONLY,train
RMVM_MB_4ad7a367ac,Tình xa,Khánh Ly,ART_2a0e02284a,NHAC_TRINH,musicbrainz_artist_discography,0.85,,,unavailable,,unavailable,,unavailable,1974.0,verified,TIER_B,METADATA_ONLY,train
RMVM_MB_4b783561ad,Mơ (Unplugged),Vũ Cát Tường,ART_45bba9499c,RB_SOUL,musicbrainz_artist_discography,0.85,,,unavailable,,unavailable,,unavailable,2023.0,verified,TIER_B,METADATA_ONLY,train
RMVM_MB_4ba1e06ab9,Sapa thành phố trong sương,Trọng Tấn,ART_e45d081f4c,REVOLUTIONARY,musicbrainz_artist_discography,0.85,,,unavailable,,unavailable,,unavailable,2012.0,verified,TIER_B,METADATA_ONLY,train
RMVM_MB_4c1203aae0,không biết nên vui hay buồn,Kai Đinh,ART_db22fc7f69,RB_SOUL,musicbrainz_artist_discography,0.85,,,unavailable,,unavailable,,unavailable,2023.0,verified,TIER_B,METADATA_ONLY,train
RMVM_MB_4c33797d26,Lá thư,Trần Mạnh Tuấn,ART_b1cf40b89e,INSTRUMENTAL,musicbrainz_artist_discography,0.85,,,unavailable,,unavailable,,unavailable,2006.0,verified,TIER_B,METADATA_ONLY,train
RMVM_MB_4c3d6c561a,Bên đời hiu quạnh,Ý Lan,ART_47ad458977,NHAC_TRINH,musicbrainz_artist_discography,0.85,,,unavailable,,unavailable,,unavailable,,missing,TIER_B,METADATA_ONLY,train
RMVM_MB_4c5bada3d4,Vì Tôi Còn Sống (Dsmall remix),Tiên Tiên,ART_692ad687f0,RB_SOUL,musicbrainz_artist_discography,0.85,,,unavailable,,unavailable,,unavailable,2015.0,verified,TIER_B,METADATA_ONLY,train
RMVM_MB_4ceced7f6f,Slime,Cát,ART_3dfad4e24c,ROCK,musicbrainz_artist_discography,0.85,,,unavailable,,unavailable,,unavailable,2014.0,verified,TIER_B,METADATA_ONLY,train
RMVM_MB_4d07d14ff2,Hai năm tình lận đận,Trần Thái Hòa,ART_1b610001da,NHAC_TRINH,musicbrainz_artist_discography,0.85,,,unavailable,,unavailable,,unavailable,2003.0,verified,TIER_B,METADATA_ONLY,train
RMVM_MB_4d6e2094d1,Sóng về đâu,Vân Khánh,ART_fdc4292814,FOLK_TRADITIONAL,musicbrainz_artist_discography,0.85,,,unavailable,,unavailable,,unavailable,,missing,TIER_B,METADATA_ONLY,train
RMVM_MB_4d859840bf,Tình đồng chí,Việt Hoàn,ART_276f4cb1af,REVOLUTIONARY,musicbrainz_artist_discography,0.85,,,unavailable,,unavailable,,unavailable,2013.0,verified,TIER_B,METADATA_ONLY,train
RMVM_MB_4dc59fd152,Người Hà Nội,Đăng Dương,ART_cbdf1167c1,REVOLUTIONARY,musicbrainz_artist_discography,0.85,,,unavailable,,unavailable,,unavailable,2004.0,verified,TIER_B,METADATA_ONLY,train
RMVM_MB_4e101f4338,No.2 in E flat minor OP.26-2,Đặng Thái Sơn,ART_b2127037ec,INSTRUMENTAL,musicbrainz_artist_discography,0.85,,,unavailable,,unavailable,,unavailable,2008.0,verified,TIER_B,METADATA_ONLY,train
RMVM_MB_4e4f8aa1d2,No.5 in F sharp minor OP.44,Đặng Thái Sơn,ART_b2127037ec,INSTRUMENTAL,musicbrainz_artist_discography,0.85,,,unavailable,,unavailable,,unavailable,2008.0,verified,TIER_B,METADATA_ONLY,train
RMVM_MB_4ebd560d89,Gặp May,Wren Evans,ART_76f842bb32,RB_SOUL,musicbrainz_artist_discography,0.85,,,unavailable,,unavailable,,unavailable,2022.0,verified,TIER_B,METADATA_ONLY,train
RMVM_MB_4ed47cb0d7,Wrecked Groooves,Unlimited,ART_958f470d0b,ROCK,musicbrainz_artist_discography,0.85,,,unavailable,,unavailable,,unavailable,2024.0,verified,TIER_B,METADATA_ONLY,train
RMVM_MB_4ef42a5c11,Yêu,Marzuz,ART_76981b9616,RB_SOUL,musicbrainz_artist_discography,0.85,,,unavailable,,unavailable,,unavailable,2024.0,verified,TIER_B,METADATA_ONLY,train
RMVM_MB_4f7f23286e,Anh Đánh Rơi Người Yêu Này,Andiez,ART_9439c81871,RB_SOUL,musicbrainz_artist_discography,0.85,,,unavailable,,unavailable,,unavailable,2019.0,verified,TIER_B,METADATA_ONLY,train
RMVM_MB_501de6f700,Sợi nhớ sợi thương,Thu Hiền,ART_66084b8a1c,REVOLUTIONARY,musicbrainz_artist_discography,0.85,,,unavailable,,unavailable,,unavailable,,missing,TIER_B,METADATA_ONLY,train
RMVM_MB_5085e7ffea,Có Người,Vũ Cát Tường,ART_45bba9499c,RB_SOUL,musicbrainz_artist_discography,0.85,,,unavailable,,unavailable,,unavailable,2023.0,verified,TIER_B,METADATA_ONLY,train
RMVM_MB_51051cac0e,Đêm tóc rối,Phi Nhung,ART_33de4125fc,FOLK_TRADITIONAL,musicbrainz_artist_discography,0.85,,,unavailable,,unavailable,,unavailable,1998.0,verified,TIER_B,METADATA_ONLY,train
RMVM_MB_52102cb7b0,Heyyy,SOOBIN,ART_123141dbf1,RB_SOUL,musicbrainz_artist_discography,0.85,,,unavailable,,unavailable,,unavailable,2024.0,verified,TIER_B,METADATA_ONLY,train
RMVM_MB_5225f371bc,Tưởng như còn người yêu,Hương Lan,ART_8422601bfe,FOLK_TRADITIONAL,musicbrainz_artist_discography,0.85,,,unavailable,,unavailable,,unavailable,,missing,TIER_B,METADATA_ONLY,train
RMVM_MB_528b7fc2c0,BlackJack,SOOBIN,ART_123141dbf1,RB_SOUL,musicbrainz_artist_discography,0.85,,,unavailable,,unavailable,,unavailable,2020.0,verified,TIER_B,METADATA_ONLY,train
RMVM_MB_52cd82b3ac,Em Không Tin,Bích Phượng,ART_b6ef58448b,REVOLUTIONARY,musicbrainz_artist_discography,0.85,,,unavailable,,unavailable,,unavailable,2015.0,verified,TIER_B,METADATA_ONLY,train
RMVM_MB_5304b2af3b,Giá băng,Bằng Kiều,ART_e70c837c14,NHAC_TRINH,musicbrainz_artist_discography,0.85,,,unavailable,,unavailable,,unavailable,1998.0,verified,TIER_B,METADATA_ONLY,train
RMVM_MB_532dc176b8,Hương giang còn tôi chờ,Hương Lan,ART_8422601bfe,FOLK_TRADITIONAL,musicbrainz_artist_discography,0.85,,,unavailable,,unavailable,,unavailable,,missing,TIER_B,METADATA_ONLY,train
RMVM_MB_53e2b13050,The Show,Cam,ART_ad017e9d66,RAP_HIPHOP,musicbrainz_artist_discography,0.85,,,unavailable,,unavailable,,unavailable,2001.0,verified,TIER_B,METADATA_ONLY,train
RMVM_MB_53fd0be9a7,Ước Mơ Tuổi Thơ,Xuân Mai,ART_fc7f4714c5,CHILDREN,musicbrainz_artist_discography,0.85,,,unavailable,,unavailable,,unavailable,2004.0,verified,TIER_B,METADATA_ONLY,train
RMVM_MB_55455a6451,CHẤT ÊM. MY GAME,16 Typh,ART_381649d6fd,RAP_HIPHOP,musicbrainz_artist_discography,0.85,,,unavailable,,unavailable,,unavailable,2023.0,verified,TIER_B,METADATA_ONLY,train
RMVM_MB_5562fa63a9,I Don't Care,Daniel Mastro,ART_356c868764,DANCE_EDM,musicbrainz_artist_discography,0.85,,,unavailable,,unavailable,,unavailable,2017.0,verified,TIER_B,METADATA_ONLY,train
RMVM_MB_55dc42b319,Hà Tiên,Ngọc Huyền,ART_47d6821a96,FOLK_TRADITIONAL,musicbrainz_artist_discography,0.85,,,unavailable,,unavailable,,unavailable,2006.0,verified,TIER_B,METADATA_ONLY,train
RMVM_MB_55dffe2d1c,När får jag se dig igen,Erik,ART_6a42dd6e7c,RB_SOUL,musicbrainz_artist_discography,0.85,,,unavailable,,unavailable,,unavailable,1996.0,verified,TIER_B,METADATA_ONLY,train
RMVM_MB_56138113af,Hạt mưa mùa xuân,Anh Thơ,ART_a0c43ea0e8,REVOLUTIONARY,musicbrainz_artist_discography,0.85,,,unavailable,,unavailable,,unavailable,,missing,TIER_B,METADATA_ONLY,train
RMVM_MB_561e431e8d,Trash The Girl Them Trash,Blacka,ART_87222206ce,RAP_HIPHOP,musicbrainz_artist_discography,0.85,,,unavailable,,unavailable,,unavailable,1987.0,verified,TIER_B,METADATA_ONLY,train
RMVM_MB_56374b713d,2025´,Hải Phượng,ART_cbc3972eaa,INSTRUMENTAL,musicbrainz_artist_discography,0.85,,,unavailable,,unavailable,,unavailable,2025.0,verified,TIER_B,METADATA_ONLY,train
RMVM_MB_574065d6a8,Đừng Gọi Anh Dậy (DSmall Remix),Phúc Du,ART_955a09ac82,RAP_HIPHOP,musicbrainz_artist_discography,0.85,,,unavailable,,unavailable,,unavailable,2023.0,verified,TIER_B,METADATA_ONLY,train
RMVM_MB_57c2b33018,Rước tình về với quê hương,Ngọc Huyền,ART_47d6821a96,FOLK_TRADITIONAL,musicbrainz_artist_discography,0.85,,,unavailable,,unavailable,,unavailable,2010.0,verified,TIER_B,METADATA_ONLY,train
RMVM_MB_585d03e32e,Đêm cô đơn,Trung Kiên,ART_518be47b26,REVOLUTIONARY,musicbrainz_artist_discography,0.85,,,unavailable,,unavailable,,unavailable,,missing,TIER_B,METADATA_ONLY,train
RMVM_MB_593179e287,Men Say Tình Ái,Thúy Hường,ART_d31060c982,FOLK_TRADITIONAL,musicbrainz_artist_discography,0.85,,,unavailable,,unavailable,,unavailable,2008.0,verified,TIER_B,METADATA_ONLY,train
RMVM_MB_59665d46d3,Bèo giạt mây trôi,Kiều Hưng,ART_4ad333ac01,REVOLUTIONARY,musicbrainz_artist_discography,0.85,,,unavailable,,unavailable,,unavailable,1999.0,verified,TIER_B,METADATA_ONLY,train
RMVM_MB_5a22173b24,Yêu 5,Rhymastic,ART_35ac2077c4,RAP_HIPHOP,musicbrainz_artist_discography,0.85,,,unavailable,,unavailable,,unavailable,2017.0,verified,TIER_B,METADATA_ONLY,train
RMVM_MB_5a68a0d680,Trở về,Tân Nhàn,ART_bde6d9dd7d,REVOLUTIONARY,musicbrainz_artist_discography,0.85,,,unavailable,,unavailable,,unavailable,2013.0,verified,TIER_B,METADATA_ONLY,train
RMVM_MB_5afc8c8701,Albator,Orange,ART_fe01d67a00,RB_SOUL,musicbrainz_artist_discography,0.85,,,unavailable,,unavailable,,unavailable,2011.0,verified,TIER_B,METADATA_ONLY,train
RMVM_MB_5b2d57aadb,Ru con Nam Bộ,Trần Mạnh Tuấn,ART_b1cf40b89e,INSTRUMENTAL,musicbrainz_artist_discography,0.85,,,unavailable,,unavailable,,unavailable,2008.0,verified,TIER_B,METADATA_ONLY,train
RMVM_MB_5b48174ad0,Duma Song (Instrumental),7UPPERCUTS,ART_795d93f942,ROCK,musicbrainz_artist_discography,0.85,,,unavailable,,unavailable,,unavailable,2019.0,verified,TIER_B,METADATA_ONLY,train
RMVM_MB_5b50b6bc65,Face Fucking Bass,Monstar,ART_d13f16501d,RB_SOUL,musicbrainz_artist_discography,0.85,,,unavailable,,unavailable,,unavailable,2012.0,verified,TIER_B,METADATA_ONLY,train
RMVM_MB_5c02037bbd,Gánh Hát Rong,Ngọc Huyền,ART_47d6821a96,FOLK_TRADITIONAL,musicbrainz_artist_discography,0.85,,,unavailable,,unavailable,,unavailable,2005.0,verified,TIER_B,METADATA_ONLY,train
RMVM_MB_5c232f14fd,The Fishermen,Hoaprox,ART_ce3cb4feab,DANCE_EDM,musicbrainz_artist_discography,0.85,,,unavailable,,unavailable,,unavailable,2020.0,verified,TIER_B,METADATA_ONLY,train
RMVM_MB_5c26b422b1,fragile (intro),Min,ART_d8bd79cc13,RB_SOUL,musicbrainz_artist_discography,0.85,,,unavailable,,unavailable,,unavailable,2025.0,verified,TIER_B,METADATA_ONLY,train
RMVM_MB_5c2b768bfc,Hai vì sao lạc,Quang Linh,ART_3a6003b287,FOLK_TRADITIONAL,musicbrainz_artist_discography,0.85,,,unavailable,,unavailable,,unavailable,2017.0,verified,TIER_B,METADATA_ONLY,train
RMVM_MB_5cab90a2ee,Come Back Down,Suboi,ART_7b7ae56247,RAP_HIPHOP,musicbrainz_artist_discography,0.85,,,unavailable,,unavailable,,unavailable,2014.0,verified,TIER_B,METADATA_ONLY,train
RMVM_MB_5d3d16b58c,Say You Do (Beat),Tiên Tiên,ART_692ad687f0,RB_SOUL,musicbrainz_artist_discography,0.85,,,unavailable,,unavailable,,unavailable,2014.0,verified,TIER_B,METADATA_ONLY,train
RMVM_MB_5d56c3cff2,Oh Rosie,Ricky Star,ART_49436287f3,RAP_HIPHOP,musicbrainz_artist_discography,0.85,,,unavailable,,unavailable,,unavailable,1983.0,verified,TIER_B,METADATA_ONLY,train
RMVM_MB_5d6c7ea321,Harder,Monstar,ART_d13f16501d,RB_SOUL,musicbrainz_artist_discography,0.85,,,unavailable,,unavailable,,unavailable,2012.0,verified,TIER_B,METADATA_ONLY,train
RMVM_MB_5d80336c5c,Cứ Chill Thôi,Rhymastic,ART_35ac2077c4,RAP_HIPHOP,musicbrainz_artist_discography,0.85,,,unavailable,,unavailable,,unavailable,2020.0,verified,TIER_B,METADATA_ONLY,train
RMVM_MB_5df49d52ec,Màu hoa đỏ,Trọng Tấn,ART_e45d081f4c,REVOLUTIONARY,musicbrainz_artist_discography,0.85,,,unavailable,,unavailable,,unavailable,,missing,TIER_B,METADATA_ONLY,train
RMVM_MB_5ead6e08d4,Bến xưa tình sầu,Ánh Tuyết,ART_d72564b10f,NHAC_TRINH,musicbrainz_artist_discography,0.85,,,unavailable,,unavailable,,unavailable,,missing,TIER_B,METADATA_ONLY,train
RMVM_MB_5f62d36471,Anh Không Thể,Onionn,ART_6972eb2860,DANCE_EDM,musicbrainz_artist_discography,0.85,,,unavailable,,unavailable,,unavailable,2022.0,verified,TIER_B,METADATA_ONLY,train
RMVM_MB_5f8b34ff2b,TOKYO Cypher,16 Typh,ART_381649d6fd,RAP_HIPHOP,musicbrainz_artist_discography,0.85,,,unavailable,,unavailable,,unavailable,2023.0,verified,TIER_B,METADATA_ONLY,train
RMVM_MB_5fae2126e6,The Secret Planet,Unlimited,ART_958f470d0b,ROCK,musicbrainz_artist_discography,0.85,,,unavailable,,unavailable,,unavailable,2016.0,verified,TIER_B,METADATA_ONLY,train
RMVM_MB_5fb5e605b2,Mitt hjärta tillhör dig,Erik,ART_6a42dd6e7c,RB_SOUL,musicbrainz_artist_discography,0.85,,,unavailable,,unavailable,,unavailable,1996.0,verified,TIER_B,METADATA_ONLY,train
RMVM_MB_603cf18c97,Sunset In The City - Deluxe Version,SOOBIN,ART_123141dbf1,RB_SOUL,musicbrainz_artist_discography,0.85,,,unavailable,,unavailable,,unavailable,2024.0,verified,TIER_B,METADATA_ONLY,train
RMVM_MB_603d833a0d,Em Muốn,Bích Phượng,ART_b6ef58448b,REVOLUTIONARY,musicbrainz_artist_discography,0.85,,,unavailable,,unavailable,,unavailable,2015.0,verified,TIER_B,METADATA_ONLY,train
RMVM_MB_612c40b2f0,Old MacDonal Had A Farm,Xuân Mai,ART_fc7f4714c5,CHILDREN,musicbrainz_artist_discography,0.85,,,unavailable,,unavailable,,unavailable,,missing,TIER_B,METADATA_ONLY,train
RMVM_MB_6178593b3f,We Got the Love (Paul Gotel club mix),Erik,ART_6a42dd6e7c,RB_SOUL,musicbrainz_artist_discography,0.85,,,unavailable,,unavailable,,unavailable,1994.0,verified,TIER_B,METADATA_ONLY,train
RMVM_MB_61b94d4ab1,Cái chết trắng,Thủy Triều Đỏ,ART_fd95027341,ROCK,musicbrainz_artist_discography,0.85,,,unavailable,,unavailable,,unavailable,2006.0,verified,TIER_B,METADATA_ONLY,train
RMVM_MB_62118c0acf,Mời Trầu,Masew,ART_6714f6b919,DANCE_EDM,musicbrainz_artist_discography,0.85,,,unavailable,,unavailable,,unavailable,2022.0,verified,TIER_B,METADATA_ONLY,train
RMVM_MB_622abc1312,Tái sinh,Hạc San,ART_ce377d1ff9,ROCK,musicbrainz_artist_discography,0.85,,,unavailable,,unavailable,,unavailable,2015.0,verified,TIER_B,METADATA_ONLY,train
RMVM_MB_6300f11911,Gap Hue dem trang,Thu Hiền,ART_66084b8a1c,REVOLUTIONARY,musicbrainz_artist_discography,0.85,,,unavailable,,unavailable,,unavailable,,missing,TIER_B,METADATA_ONLY,train
RMVM_MB_635cb03599,Drama Queen,Bích Phượng,ART_b6ef58448b,REVOLUTIONARY,musicbrainz_artist_discography,0.85,,,unavailable,,unavailable,,unavailable,2018.0,verified,TIER_B,METADATA_ONLY,train
RMVM_MB_639ba9936a,Nửa đêm ngoài phố,Quang Linh,ART_3a6003b287,FOLK_TRADITIONAL,musicbrainz_artist_discography,0.85,,,unavailable,,unavailable,,unavailable,2006.0,verified,TIER_B,METADATA_ONLY,train
RMVM_MB_63b0b1bb6a,Hoa Vàng Mấy Độ,Trịnh Công Sơn,ART_92e0040ca7,NHAC_TRINH,musicbrainz_artist_discography,0.85,,,unavailable,,unavailable,,unavailable,2011.0,verified,TIER_B,METADATA_ONLY,train
RMVM_MB_63cf7ee185,Huyền Vi,Masew,ART_6714f6b919,DANCE_EDM,musicbrainz_artist_discography,0.85,,,unavailable,,unavailable,,unavailable,2023.0,verified,TIER_B,METADATA_ONLY,train
RMVM_MB_6454278b71,Khiến Nó Ngầu,Rhymastic,ART_35ac2077c4,RAP_HIPHOP,musicbrainz_artist_discography,0.85,,,unavailable,,unavailable,,unavailable,2024.0,verified,TIER_B,METADATA_ONLY,train
RMVM_MB_647acddcc3,Freak Stepper,Parasite,ART_d034010438,ROCK,musicbrainz_artist_discography,0.85,,,unavailable,,unavailable,,unavailable,2003.0,verified,TIER_B,METADATA_ONLY,train
RMVM_MB_64d587b091,Waiting For You,Onionn,ART_6972eb2860,DANCE_EDM,musicbrainz_artist_discography,0.85,,,unavailable,,unavailable,,unavailable,2022.0,verified,TIER_B,METADATA_ONLY,train
RMVM_MB_64fb842b4c,Cô đơn,Microwave,ART_6cfaeb6caa,ROCK,musicbrainz_artist_discography,0.85,,,unavailable,,unavailable,,unavailable,2009.0,verified,TIER_B,METADATA_ONLY,train
RMVM_MB_651e9ccac7,Mứt,Gạt Tàn Đầy,ART_70c5640a4b,ROCK,musicbrainz_artist_discography,0.85,,,unavailable,,unavailable,,unavailable,2006.0,verified,TIER_B,METADATA_ONLY,train
RMVM_MB_6598984bf6,Người Hà Nội,Quang Thọ,ART_a9ce8fc0ed,REVOLUTIONARY,musicbrainz_artist_discography,0.85,,,unavailable,,unavailable,,unavailable,2001.0,verified,TIER_B,METADATA_ONLY,train
RMVM_MB_65b57d13a8,Dans Met Mij,Blacka,ART_87222206ce,RAP_HIPHOP,musicbrainz_artist_discography,0.85,,,unavailable,,unavailable,,unavailable,2023.0,verified,TIER_B,METADATA_ONLY,train
RMVM_MB_65f0531a45,The End,Binz,ART_fca6de2907,RAP_HIPHOP,musicbrainz_artist_discography,0.85,,,unavailable,,unavailable,,unavailable,2014.0,verified,TIER_B,METADATA_ONLY,train
RMVM_MB_6647727eb6,Chuyện tình Lan & Điệp,Ngọc Huyền,ART_47d6821a96,FOLK_TRADITIONAL,musicbrainz_artist_discography,0.85,,,unavailable,,unavailable,,unavailable,2006.0,verified,TIER_B,METADATA_ONLY,train
RMVM_MB_6691e91f9c,Cơn bão,Mỹ Anh,ART_5fed28340d,RB_SOUL,musicbrainz_artist_discography,0.85,,,unavailable,,unavailable,,unavailable,2011.0,verified,TIER_B,METADATA_ONLY,train
RMVM_MB_6698449515,Về thăm mái trường xưa,Ý Lan,ART_47ad458977,NHAC_TRINH,musicbrainz_artist_discography,0.85,,,unavailable,,unavailable,,unavailable,1992.0,verified,TIER_B,METADATA_ONLY,train
RMVM_MB_67145da2dd,Put Ya Hands Up,Monstar,ART_d13f16501d,RB_SOUL,musicbrainz_artist_discography,0.85,,,unavailable,,unavailable,,unavailable,2010.0,verified,TIER_B,METADATA_ONLY,train
RMVM_MB_6763930388,Romance,Cát,ART_3dfad4e24c,ROCK,musicbrainz_artist_discography,0.85,,,unavailable,,unavailable,,unavailable,2011.0,verified,TIER_B,METADATA_ONLY,train
RMVM_MB_6846f9cdf1,Em Ơi Cứ Vui,SlimV,ART_7011c7ab57,DANCE_EDM,musicbrainz_artist_discography,0.85,,,unavailable,,unavailable,,unavailable,2017.0,verified,TIER_B,METADATA_ONLY,train
RMVM_MB_688dddfabc,Mùa chim én bay,Anh Thơ,ART_a0c43ea0e8,REVOLUTIONARY,musicbrainz_artist_discography,0.85,,,unavailable,,unavailable,,unavailable,,missing,TIER_B,METADATA_ONLY,train
RMVM_MB_691988b7ed,Je danse dans ma tête,Orange,ART_fe01d67a00,RB_SOUL,musicbrainz_artist_discography,0.85,,,unavailable,,unavailable,,unavailable,2009.0,verified,TIER_B,METADATA_ONLY,train
RMVM_MB_69516788c6,Ngồi Chờ Trong Vấn Vương,Mỹ Anh,ART_5fed28340d,RB_SOUL,musicbrainz_artist_discography,0.85,,,unavailable,,unavailable,,unavailable,2024.0,verified,TIER_B,METADATA_ONLY,train
RMVM_MB_699856146b,I Need Your Love,Triple D,ART_7b16a4372e,DANCE_EDM,musicbrainz_artist_discography,0.85,,,unavailable,,unavailable,,unavailable,1996.0,verified,TIER_B,METADATA_ONLY,train
RMVM_MB_69bea329d4,Có Thể Là Tại Sao?,Vũ.,ART_5f8f1db97c,RB_SOUL,musicbrainz_artist_discography,0.85,,,unavailable,,unavailable,,unavailable,2024.0,verified,TIER_B,METADATA_ONLY,train
RMVM_MB_69c61f0504,yêu anh đi mẹ anh bán bánh mì,Phúc Du,ART_955a09ac82,RAP_HIPHOP,musicbrainz_artist_discography,0.85,,,unavailable,,unavailable,,unavailable,2023.0,verified,TIER_B,METADATA_ONLY,train
RMVM_MB_69d3a5ef3e,Giá Như,SOOBIN,ART_123141dbf1,RB_SOUL,musicbrainz_artist_discography,0.85,,,unavailable,,unavailable,,unavailable,2024.0,verified,TIER_B,METADATA_ONLY,train
RMVM_MB_69da8c96d0,Hát Cho Màn Đêm,Minh Vương,ART_647daac8f6,FOLK_TRADITIONAL,musicbrainz_artist_discography,0.85,,,unavailable,,unavailable,,unavailable,2024.0,verified,TIER_B,METADATA_ONLY,train
RMVM_MB_69ed0f7a28,De wilde jaren,Ricky Star,ART_49436287f3,RAP_HIPHOP,musicbrainz_artist_discography,0.85,,,unavailable,,unavailable,,unavailable,1983.0,verified,TIER_B,METADATA_ONLY,train
RMVM_MB_6a00536449,Đêm Cô Đơn,Rhymastic,ART_35ac2077c4,RAP_HIPHOP,musicbrainz_artist_discography,0.85,,,unavailable,,unavailable,,unavailable,2024.0,verified,TIER_B,METADATA_ONLY,train
RMVM_MB_6b9e6a3982,Cycle,Re-Cycle,ART_dffa896787,ROCK,musicbrainz_artist_discography,0.85,,,unavailable,,unavailable,,unavailable,1997.0,verified,TIER_B,METADATA_ONLY,train
RMVM_MB_6c26b26226,Nghe những tàn phai,Khánh Ly,ART_2a0e02284a,NHAC_TRINH,musicbrainz_artist_discography,0.85,,,unavailable,,unavailable,,unavailable,1994.0,verified,TIER_B,METADATA_ONLY,train
RMVM_MB_6c5a2d6c3f,Thiên đường biết,Suboi,ART_7b7ae56247,RAP_HIPHOP,musicbrainz_artist_discography,0.85,,,unavailable,,unavailable,,unavailable,2014.0,verified,TIER_B,METADATA_ONLY,train
RMVM_MB_6c9354ea7f,Shield of Faith,Cam,ART_ad017e9d66,RAP_HIPHOP,musicbrainz_artist_discography,0.85,,,unavailable,,unavailable,,unavailable,2006.0,verified,TIER_B,METADATA_ONLY,train
RMVM_MB_6d839e3786,Pavement,Cát,ART_3dfad4e24c,ROCK,musicbrainz_artist_discography,0.85,,,unavailable,,unavailable,,unavailable,2011.0,verified,TIER_B,METADATA_ONLY,train
RMVM_MB_6db3eb9f8d,Hoa Ban trắng,Bức Tường,ART_376d48d912,ROCK,musicbrainz_artist_discography,0.85,,,unavailable,,unavailable,,unavailable,2010.0,verified,TIER_B,METADATA_ONLY,train
RMVM_MB_6deb71f9eb,Lâu đài tình ái,Bảo Yến,ART_43fbb5fa06,NHAC_TRINH,musicbrainz_artist_discography,0.85,,,unavailable,,unavailable,,unavailable,2009.0,verified,TIER_B,METADATA_ONLY,train
RMVM_MB_6e3a14d2ea,Đừng,Microwave,ART_6cfaeb6caa,ROCK,musicbrainz_artist_discography,0.85,,,unavailable,,unavailable,,unavailable,2016.0,verified,TIER_B,METADATA_ONLY,train
RMVM_MB_6f6f515bd7,Vệt Nắng Cuối Trời,Minh Vương,ART_647daac8f6,FOLK_TRADITIONAL,musicbrainz_artist_discography,0.85,,,unavailable,,unavailable,,unavailable,2018.0,verified,TIER_B,METADATA_ONLY,train
RMVM_MB_6f7bb85a68,Dễ Đến Dễ Đi,Quang Hưng,ART_7060520839,REVOLUTIONARY,musicbrainz_artist_discography,0.85,,,unavailable,,unavailable,,unavailable,2020.0,verified,TIER_B,METADATA_ONLY,train
RMVM_MB_6fbf62a5b7,Ký Ức Còn Đâu - Daniel Mastro Remix,Daniel Mastro,ART_356c868764,DANCE_EDM,musicbrainz_artist_discography,0.85,,,unavailable,,unavailable,,unavailable,2018.0,verified,TIER_B,METADATA_ONLY,train
RMVM_MB_707176bbc3,Mưa lệ,Trần Thái Hòa,ART_1b610001da,NHAC_TRINH,musicbrainz_artist_discography,0.85,,,unavailable,,unavailable,,unavailable,2004.0,verified,TIER_B,METADATA_ONLY,train
RMVM_MB_70744cca78,Thơ tình cuối mùa thu,Tân Nhàn,ART_bde6d9dd7d,REVOLUTIONARY,musicbrainz_artist_discography,0.85,,,unavailable,,unavailable,,unavailable,2009.0,verified,TIER_B,METADATA_ONLY,train
RMVM_MB_713d1b99b2,Khuc Tah Tinh Ha Tinh,Kim Sinh,ART_cf792f0e13,INSTRUMENTAL,musicbrainz_artist_discography,0.85,,,unavailable,,unavailable,,unavailable,1992.0,verified,TIER_B,METADATA_ONLY,train
RMVM_MB_7198e13927,Vô Cực,Vũ Cát Tường,ART_45bba9499c,RB_SOUL,musicbrainz_artist_discography,0.85,,,unavailable,,unavailable,,unavailable,2023.0,verified,TIER_B,METADATA_ONLY,train
RMVM_MB_72284f95e0,Hà Tĩnh quê mình,Anh Thơ,ART_a0c43ea0e8,REVOLUTIONARY,musicbrainz_artist_discography,0.85,,,unavailable,,unavailable,,unavailable,2010.0,verified,TIER_B,METADATA_ONLY,train
RMVM_MB_72be1e62cd,Về Miền Trung,Trọng Tấn,ART_e45d081f4c,REVOLUTIONARY,musicbrainz_artist_discography,0.85,,,unavailable,,unavailable,,unavailable,2000.0,verified,TIER_B,METADATA_ONLY,train
RMVM_MB_734a623d84,Ninh Bình quê mẹ,Anh Thơ,ART_a0c43ea0e8,REVOLUTIONARY,musicbrainz_artist_discography,0.85,,,unavailable,,unavailable,,unavailable,2010.0,verified,TIER_B,METADATA_ONLY,train
RMVM_MB_747ad780d1,Cơn Đau,Wren Evans,ART_76f842bb32,RB_SOUL,musicbrainz_artist_discography,0.85,,,unavailable,,unavailable,,unavailable,2022.0,verified,TIER_B,METADATA_ONLY,train
RMVM_MB_74d301b7fd,Khúc hát tương phùng,Phi Nhung,ART_33de4125fc,FOLK_TRADITIONAL,musicbrainz_artist_discography,0.85,,,unavailable,,unavailable,,unavailable,2001.0,verified,TIER_B,METADATA_ONLY,train
RMVM_MB_74fb45e5c7,Wave Alpha (Instrumental),7UPPERCUTS,ART_795d93f942,ROCK,musicbrainz_artist_discography,0.85,,,unavailable,,unavailable,,unavailable,2019.0,verified,TIER_B,METADATA_ONLY,train
RMVM_MB_75d1f145dc,Phantom of the Opera,Unlimited,ART_958f470d0b,ROCK,musicbrainz_artist_discography,0.85,,,unavailable,,unavailable,,unavailable,2009.0,verified,TIER_B,METADATA_ONLY,train
RMVM_MB_76ab76b7f3,Remember Me (SlimV Mix),SlimV,ART_7011c7ab57,DANCE_EDM,musicbrainz_artist_discography,0.85,,,unavailable,,unavailable,,unavailable,2017.0,verified,TIER_B,METADATA_ONLY,train
RMVM_MB_76e62cfcbe,Có Lẽ Em - Instrumental,Bích Phượng,ART_b6ef58448b,REVOLUTIONARY,musicbrainz_artist_discography,0.85,,,unavailable,,unavailable,,unavailable,2015.0,verified,TIER_B,METADATA_ONLY,train
RMVM_MB_76e6ef5e03,Đêm Hoa Đăng,Quang Linh,ART_3a6003b287,FOLK_TRADITIONAL,musicbrainz_artist_discography,0.85,,,unavailable,,unavailable,,unavailable,1999.0,verified,TIER_B,METADATA_ONLY,train
RMVM_MB_770a065cb9,Biển nhớ,Trịnh Công Sơn,ART_92e0040ca7,NHAC_TRINH,musicbrainz_artist_discography,0.85,,,unavailable,,unavailable,,unavailable,1996.0,verified,TIER_B,METADATA_ONLY,train
RMVM_MB_77ca79dd69,Cho anh xin số nhà,Thúy Hường,ART_d31060c982,FOLK_TRADITIONAL,musicbrainz_artist_discography,0.85,,,unavailable,,unavailable,,unavailable,2006.0,verified,TIER_B,METADATA_ONLY,train
RMVM_MB_77f0d893e2,One Second (Unplugged),Vũ Cát Tường,ART_45bba9499c,RB_SOUL,musicbrainz_artist_discography,0.85,,,unavailable,,unavailable,,unavailable,2023.0,verified,TIER_B,METADATA_ONLY,train
RMVM_MB_780f0ed2fb,Ni snackar skit,Triple D,ART_7b16a4372e,DANCE_EDM,musicbrainz_artist_discography,0.85,,,unavailable,,unavailable,,unavailable,2007.0,verified,TIER_B,METADATA_ONLY,train
RMVM_MB_7839598bd4,Đêm phương nam nghe câu hò Huế,Vân Khánh,ART_fdc4292814,FOLK_TRADITIONAL,musicbrainz_artist_discography,0.85,,,unavailable,,unavailable,,unavailable,2007.0,verified,TIER_B,METADATA_ONLY,train
RMVM_MB_78d366c4f2,Papa,Xuân Mai,ART_fc7f4714c5,CHILDREN,musicbrainz_artist_discography,0.85,,,unavailable,,unavailable,,unavailable,2004.0,verified,TIER_B,METADATA_ONLY,train
RMVM_MB_798d7cbebb,Nguoc dong Huong Giang,Thu Hiền,ART_66084b8a1c,REVOLUTIONARY,musicbrainz_artist_discography,0.85,,,unavailable,,unavailable,,unavailable,,missing,TIER_B,METADATA_ONLY,train
RMVM_MB_79d2e41f56,Gái xuân,Ý Lan,ART_47ad458977,NHAC_TRINH,musicbrainz_artist_discography,0.85,,,unavailable,,unavailable,,unavailable,2014.0,verified,TIER_B,METADATA_ONLY,train
RMVM_MB_79df136f54,Hôm nay tôi nghe,Trịnh Vĩnh Trinh,ART_06707a5746,NHAC_TRINH,musicbrainz_artist_discography,0.85,,,unavailable,,unavailable,,unavailable,1994.0,verified,TIER_B,METADATA_ONLY,train
RMVM_MB_7afe71ca8d,Vỡ mộng ân tình,Hải Phượng,ART_cbc3972eaa,INSTRUMENTAL,musicbrainz_artist_discography,0.85,,,unavailable,,unavailable,,unavailable,2019.0,verified,TIER_B,METADATA_ONLY,train
RMVM_MB_7ba09015a6,Track 8,Grey D,ART_89903cb997,RB_SOUL,musicbrainz_artist_discography,0.85,,,unavailable,,unavailable,,unavailable,2026.0,verified,TIER_B,METADATA_ONLY,train
RMVM_MB_7c3df11920,Trái đất ôm Mặt trời,Kai Đinh,ART_db22fc7f69,RB_SOUL,musicbrainz_artist_discography,0.85,,,unavailable,,unavailable,,unavailable,2023.0,verified,TIER_B,METADATA_ONLY,train
RMVM_MB_7ca03865c1,Gánh Hàng Rong,Triple D,ART_7b16a4372e,DANCE_EDM,musicbrainz_artist_discography,0.85,,,unavailable,,unavailable,,unavailable,2016.0,verified,TIER_B,METADATA_ONLY,train
RMVM_MB_7deebd474e,Thuong ve Co Do,Thu Hiền,ART_66084b8a1c,REVOLUTIONARY,musicbrainz_artist_discography,0.85,,,unavailable,,unavailable,,unavailable,,missing,TIER_B,METADATA_ONLY,train
RMVM_MB_7e470cd3e6,Infected Times,ICD,ART_a63e7e0a7a,RAP_HIPHOP,musicbrainz_artist_discography,0.85,,,unavailable,,unavailable,,unavailable,2018.0,verified,TIER_B,METADATA_ONLY,train
RMVM_MB_7f91405717,Thị Mầu,Masew,ART_6714f6b919,DANCE_EDM,musicbrainz_artist_discography,0.85,,,unavailable,,unavailable,,unavailable,2023.0,verified,TIER_B,METADATA_ONLY,train
RMVM_MB_7fd09a70a8,Bình Trị Thiên khói lửa,Quang Thọ,ART_a9ce8fc0ed,REVOLUTIONARY,musicbrainz_artist_discography,0.85,,,unavailable,,unavailable,,unavailable,2001.0,verified,TIER_B,METADATA_ONLY,train
RMVM_MB_7fdd279ffe,Chuyện tình thảo nguyên,Anh Thơ,ART_a0c43ea0e8,REVOLUTIONARY,musicbrainz_artist_discography,0.85,,,unavailable,,unavailable,,unavailable,2010.0,verified,TIER_B,METADATA_ONLY,train
RMVM_MB_7fe7f00bcf,yêu anh đi mẹ anh bán bánh mì (DuongK Lofi),Phúc Du,ART_955a09ac82,RAP_HIPHOP,musicbrainz_artist_discography,0.85,,,unavailable,,unavailable,,unavailable,2023.0,verified,TIER_B,METADATA_ONLY,train
RMVM_MB_80070f0da7,Painted on the Wall,Erik,ART_6a42dd6e7c,RB_SOUL,musicbrainz_artist_discography,0.85,,,unavailable,,unavailable,,unavailable,1967.0,verified,TIER_B,METADATA_ONLY,train
RMVM_MB_8275139d58,Chờ Định Mệnh Mỉm Cười,Minh Vương,ART_647daac8f6,FOLK_TRADITIONAL,musicbrainz_artist_discography,0.85,,,unavailable,,unavailable,,unavailable,2024.0,verified,TIER_B,METADATA_ONLY,train
RMVM_MB_830ed07212,Đưa Em Đi Khắp Thế Gian,Bích Phượng,ART_b6ef58448b,REVOLUTIONARY,musicbrainz_artist_discography,0.85,,,unavailable,,unavailable,,unavailable,2017.0,verified,TIER_B,METADATA_ONLY,train
RMVM_MB_83b1f242a4,Người Lữ Hành Trong Mưa,Ý Lan,ART_47ad458977,NHAC_TRINH,musicbrainz_artist_discography,0.85,,,unavailable,,unavailable,,unavailable,1995.0,verified,TIER_B,METADATA_ONLY,train
RMVM_MB_83bb072e42,Lá đỏ,Quang Thọ,ART_a9ce8fc0ed,REVOLUTIONARY,musicbrainz_artist_discography,0.85,,,unavailable,,unavailable,,unavailable,1997.0,verified,TIER_B,METADATA_ONLY,train
RMVM_MB_83d9854fb5,Duma Song,7UPPERCUTS,ART_795d93f942,ROCK,musicbrainz_artist_discography,0.85,,,unavailable,,unavailable,,unavailable,2019.0,verified,TIER_B,METADATA_ONLY,train
RMVM_MB_84aee52d64,Under snötäcktet,Erik,ART_6a42dd6e7c,RB_SOUL,musicbrainz_artist_discography,0.85,,,unavailable,,unavailable,,unavailable,2007.0,verified,TIER_B,METADATA_ONLY,train
RMVM_MB_8516e6f465,Sỏn Đông lử hướng mã – Trạng nguyên hành lộ – Mẫu tam tử,Kim Sinh,ART_cf792f0e13,INSTRUMENTAL,musicbrainz_artist_discography,0.85,,,unavailable,,unavailable,,unavailable,2003.0,verified,TIER_B,METADATA_ONLY,train
RMVM_MB_85573172f8,It Goes Like This (Instrumental),7UPPERCUTS,ART_795d93f942,ROCK,musicbrainz_artist_discography,0.85,,,unavailable,,unavailable,,unavailable,2019.0,verified,TIER_B,METADATA_ONLY,train
RMVM_MB_855d5fab9c,Phía Sau Một Cô Gái,SOOBIN,ART_123141dbf1,RB_SOUL,musicbrainz_artist_discography,0.85,,,unavailable,,unavailable,,unavailable,,missing,TIER_B,METADATA_ONLY,train
RMVM_MB_85ad7f047b,Grass Stains,Microwave,ART_6cfaeb6caa,ROCK,musicbrainz_artist_discography,0.85,,,unavailable,,unavailable,,unavailable,2015.0,verified,TIER_B,METADATA_ONLY,train
RMVM_MB_86b0bb0fb4,Em là khúc nhạc không lời,Quý Dương,ART_459a303c9f,REVOLUTIONARY,musicbrainz_artist_discography,0.85,,,unavailable,,unavailable,,unavailable,,missing,TIER_B,METADATA_ONLY,train
RMVM_MB_86cf6399de,Cedar (Reimagined),Windrunner,ART_111ab1fdd2,ROCK,musicbrainz_artist_discography,0.85,,,unavailable,,unavailable,,unavailable,2019.0,verified,TIER_B,METADATA_ONLY,train
RMVM_MB_86d76fb7e5,Be Off Man,Erik,ART_6a42dd6e7c,RB_SOUL,musicbrainz_artist_discography,0.85,,,unavailable,,unavailable,,unavailable,1967.0,verified,TIER_B,METADATA_ONLY,train
RMVM_MB_875e472832,Tình em,Đăng Dương,ART_cbdf1167c1,REVOLUTIONARY,musicbrainz_artist_discography,0.85,,,unavailable,,unavailable,,unavailable,2010.0,verified,TIER_B,METADATA_ONLY,train
RMVM_MB_87b3c61db6,Xin làm người hát rong,Cẩm Vân,ART_9f811a153f,NHAC_TRINH,musicbrainz_artist_discography,0.85,,,unavailable,,unavailable,,unavailable,2001.0,verified,TIER_B,METADATA_ONLY,train
RMVM_MB_87cc395359,Mưa rơi,Trần Mạnh Tuấn,ART_b1cf40b89e,INSTRUMENTAL,musicbrainz_artist_discography,0.85,,,unavailable,,unavailable,,unavailable,2006.0,verified,TIER_B,METADATA_ONLY,train
RMVM_MB_880c2f7917,Cỏ úa,Quang Linh,ART_3a6003b287,FOLK_TRADITIONAL,musicbrainz_artist_discography,0.85,,,unavailable,,unavailable,,unavailable,2006.0,verified,TIER_B,METADATA_ONLY,train
RMVM_MB_8835c2f801,Xin còn gọi tên nhau,Lệ Thu,ART_fcc792d4cb,NHAC_TRINH,musicbrainz_artist_discography,0.85,,,unavailable,,unavailable,,unavailable,2001.0,verified,TIER_B,METADATA_ONLY,train
RMVM_MB_88dcccf176,Mời Trầu (Lofi version 1),Masew,ART_6714f6b919,DANCE_EDM,musicbrainz_artist_discography,0.85,,,unavailable,,unavailable,,unavailable,2022.0,verified,TIER_B,METADATA_ONLY,train
RMVM_MB_89752f64c3,Chùm nho chín mọng,Gạt Tàn Đầy,ART_70c5640a4b,ROCK,musicbrainz_artist_discography,0.85,,,unavailable,,unavailable,,unavailable,2006.0,verified,TIER_B,METADATA_ONLY,train
RMVM_MB_89da201a14,Diana,Ricky Star,ART_49436287f3,RAP_HIPHOP,musicbrainz_artist_discography,0.85,,,unavailable,,unavailable,,unavailable,1983.0,verified,TIER_B,METADATA_ONLY,train
RMVM_MB_8a8c8c112e,Chiều tím,Trần Mạnh Tuấn,ART_b1cf40b89e,INSTRUMENTAL,musicbrainz_artist_discography,0.85,,,unavailable,,unavailable,,unavailable,2006.0,verified,TIER_B,METADATA_ONLY,train
RMVM_MB_8ad5bd3928,Kẻ phản bội,Hạc San,ART_ce377d1ff9,ROCK,musicbrainz_artist_discography,0.85,,,unavailable,,unavailable,,unavailable,2015.0,verified,TIER_B,METADATA_ONLY,train
RMVM_MB_8afd0647a9,My Everything (Acousticbeat),Tiên Tiên,ART_692ad687f0,RB_SOUL,musicbrainz_artist_discography,0.85,,,unavailable,,unavailable,,unavailable,,missing,TIER_B,METADATA_ONLY,train
RMVM_MB_8b3b3e082f,Tôi là Lê anh nuôi,Việt Hoàn,ART_276f4cb1af,REVOLUTIONARY,musicbrainz_artist_discography,0.85,,,unavailable,,unavailable,,unavailable,2010.0,verified,TIER_B,METADATA_ONLY,train
RMVM_MB_8b5b6a37f0,Turkisk Peppar,Karik,ART_ac386cda83,RAP_HIPHOP,musicbrainz_artist_discography,0.85,,,unavailable,,unavailable,,unavailable,2001.0,verified,TIER_B,METADATA_ONLY,train
RMVM_MB_8b8fe12bb7,Điệu valse buồn cho em,Bằng Kiều,ART_e70c837c14,NHAC_TRINH,musicbrainz_artist_discography,0.85,,,unavailable,,unavailable,,unavailable,2011.0,verified,TIER_B,METADATA_ONLY,train
RMVM_MB_8bf7711154,Đất nước,Quang Thọ,ART_a9ce8fc0ed,REVOLUTIONARY,musicbrainz_artist_discography,0.85,,,unavailable,,unavailable,,unavailable,2001.0,verified,TIER_B,METADATA_ONLY,train
RMVM_MB_8cc3fa14ce,QUÁ LÀ TRÔI,Rhymastic,ART_35ac2077c4,RAP_HIPHOP,musicbrainz_artist_discography,0.85,,,unavailable,,unavailable,,unavailable,2024.0,verified,TIER_B,METADATA_ONLY,train
RMVM_MB_8cc48b22a2,Sao Anh Chưa Về Nhà,Ricky Star,ART_49436287f3,RAP_HIPHOP,musicbrainz_artist_discography,0.85,,,unavailable,,unavailable,,unavailable,2020.0,verified,TIER_B,METADATA_ONLY,train
RMVM_MB_8d3067e0de,Hồ Chí Minh đẹp nhất tên Người,Kiều Hưng,ART_4ad333ac01,REVOLUTIONARY,musicbrainz_artist_discography,0.85,,,unavailable,,unavailable,,unavailable,,missing,TIER_B,METADATA_ONLY,train
RMVM_MB_8d7e987126,Tình,Ý Lan,ART_47ad458977,NHAC_TRINH,musicbrainz_artist_discography,0.85,,,unavailable,,unavailable,,unavailable,1995.0,verified,TIER_B,METADATA_ONLY,train
RMVM_MB_8e31dc53e4,Em Ơi Lên Phố,Minh Vương,ART_647daac8f6,FOLK_TRADITIONAL,musicbrainz_artist_discography,0.85,,,unavailable,,unavailable,,unavailable,2020.0,verified,TIER_B,METADATA_ONLY,train
RMVM_MB_8e3f3b9cb4,Tôi yêu,Quang Linh,ART_3a6003b287,FOLK_TRADITIONAL,musicbrainz_artist_discography,0.85,,,unavailable,,unavailable,,unavailable,2007.0,verified,TIER_B,METADATA_ONLY,train
RMVM_MB_8eb09ffa30,Điều Em Khó Nói,Min,ART_d8bd79cc13,RB_SOUL,musicbrainz_artist_discography,0.85,,,unavailable,,unavailable,,unavailable,2025.0,verified,TIER_B,METADATA_ONLY,train
RMVM_MB_8f2589c56f,Sai,Microwave,ART_6cfaeb6caa,ROCK,musicbrainz_artist_discography,0.85,,,unavailable,,unavailable,,unavailable,2016.0,verified,TIER_B,METADATA_ONLY,train
RMVM_MB_8f5e6c4171,Ngẫu hứng giao duyên,Trọng Tấn,ART_e45d081f4c,REVOLUTIONARY,musicbrainz_artist_discography,0.85,,,unavailable,,unavailable,,unavailable,,missing,TIER_B,METADATA_ONLY,train
RMVM_MB_900b5f1f92,Bỏ phố lên rừng,Phi Nhung,ART_33de4125fc,FOLK_TRADITIONAL,musicbrainz_artist_discography,0.85,,,unavailable,,unavailable,,unavailable,2016.0,verified,TIER_B,METADATA_ONLY,train
RMVM_MB_905e425f87,Say You Do,Tiên Tiên,ART_692ad687f0,RB_SOUL,musicbrainz_artist_discography,0.85,,,unavailable,,unavailable,,unavailable,2014.0,verified,TIER_B,METADATA_ONLY,train
RMVM_MB_916a0228a3,NGUYÊN TEAM ĐI VÀO HẾT,Triple D,ART_7b16a4372e,DANCE_EDM,musicbrainz_artist_discography,0.85,,,unavailable,,unavailable,,unavailable,2018.0,verified,TIER_B,METADATA_ONLY,train
RMVM_MB_920674eaa5,Mảnh Ghép Đã Vỡ (instrumental),Minh Vương,ART_647daac8f6,FOLK_TRADITIONAL,musicbrainz_artist_discography,0.85,,,unavailable,,unavailable,,unavailable,2024.0,verified,TIER_B,METADATA_ONLY,train
RMVM_MB_9236b890b5,Định mệnh,Bảo Yến,ART_43fbb5fa06,NHAC_TRINH,musicbrainz_artist_discography,0.85,,,unavailable,,unavailable,,unavailable,2015.0,verified,TIER_B,METADATA_ONLY,train
RMVM_MB_924b6df1d7,Đừng hỏi vì sao,Ánh Tuyết,ART_d72564b10f,NHAC_TRINH,musicbrainz_artist_discography,0.85,,,unavailable,,unavailable,,unavailable,,missing,TIER_B,METADATA_ONLY,train
RMVM_MB_924ec618c0,À Lôi,Masew,ART_6714f6b919,DANCE_EDM,musicbrainz_artist_discography,0.85,,,unavailable,,unavailable,,unavailable,2023.0,verified,TIER_B,METADATA_ONLY,train
RMVM_MB_93e074ca79,Người chiến sỹ ấy,Quang Thọ,ART_a9ce8fc0ed,REVOLUTIONARY,musicbrainz_artist_discography,0.85,,,unavailable,,unavailable,,unavailable,2001.0,verified,TIER_B,METADATA_ONLY,train
RMVM_MB_94172ced7a,Tình yêu và huyền thoại,Trịnh Vĩnh Trinh,ART_06707a5746,NHAC_TRINH,musicbrainz_artist_discography,0.85,,,unavailable,,unavailable,,unavailable,1993.0,verified,TIER_B,METADATA_ONLY,train
RMVM_MB_94800732cd,Le buffle noir (Thème musical),Thanh Ngân,ART_165c93966a,FOLK_TRADITIONAL,musicbrainz_artist_discography,0.85,,,unavailable,,unavailable,,unavailable,2007.0,verified,TIER_B,METADATA_ONLY,train
RMVM_MB_94895b02b0,Got to Be Real (J & S Disco Bunny),Erik,ART_6a42dd6e7c,RB_SOUL,musicbrainz_artist_discography,0.85,,,unavailable,,unavailable,,unavailable,1993.0,verified,TIER_B,METADATA_ONLY,train
RMVM_MB_94d6d068e4,Burning of the Midnight Lamp,Nguyễn Lê,ART_1907478bfd,INSTRUMENTAL,musicbrainz_artist_discography,0.85,,,unavailable,,unavailable,,unavailable,2002.0,verified,TIER_B,METADATA_ONLY,train
RMVM_MB_958ff8e2d1,L'ABC de la séduction,Orange,ART_fe01d67a00,RB_SOUL,musicbrainz_artist_discography,0.85,,,unavailable,,unavailable,,unavailable,2011.0,verified,TIER_B,METADATA_ONLY,train
RMVM_MB_95d8e1adfe,Call Me,Wren Evans,ART_76f842bb32,RB_SOUL,musicbrainz_artist_discography,0.85,,,unavailable,,unavailable,,unavailable,2023.0,verified,TIER_B,METADATA_ONLY,train
RMVM_MB_968cfd41fc,One Shot,Kimmese,ART_9b77c3bf9e,RB_SOUL,musicbrainz_artist_discography,0.85,,,unavailable,,unavailable,,unavailable,2026.0,verified,TIER_B,METADATA_ONLY,train
RMVM_MB_970fbfd8e4,Mộ gió,Unlimited,ART_958f470d0b,ROCK,musicbrainz_artist_discography,0.85,,,unavailable,,unavailable,,unavailable,2007.0,verified,TIER_B,METADATA_ONLY,train
RMVM_MB_97a3833471,Truong Tuong Tu,Kim Sinh,ART_cf792f0e13,INSTRUMENTAL,musicbrainz_artist_discography,0.85,,,unavailable,,unavailable,,unavailable,1992.0,verified,TIER_B,METADATA_ONLY,train
RMVM_MB_97c49f2eaa,Đất nước trọn niềm vui,Đăng Dương,ART_cbdf1167c1,REVOLUTIONARY,musicbrainz_artist_discography,0.85,,,unavailable,,unavailable,,unavailable,2005.0,verified,TIER_B,METADATA_ONLY,train
RMVM_MB_9886c917b0,Wings of Destiny,Unlimited,ART_958f470d0b,ROCK,musicbrainz_artist_discography,0.85,,,unavailable,,unavailable,,unavailable,2007.0,verified,TIER_B,METADATA_ONLY,train
RMVM_MB_98c46e8c90,Chiều cuối tuần,Quang Linh,ART_3a6003b287,FOLK_TRADITIONAL,musicbrainz_artist_discography,0.85,,,unavailable,,unavailable,,unavailable,2006.0,verified,TIER_B,METADATA_ONLY,train
RMVM_MB_995f29f493,I'll Be Okay,Thúy Hường,ART_d31060c982,FOLK_TRADITIONAL,musicbrainz_artist_discography,0.85,,,unavailable,,unavailable,,unavailable,2005.0,verified,TIER_B,METADATA_ONLY,train
RMVM_MB_99bf83f8df,Toi et moi,Orange,ART_fe01d67a00,RB_SOUL,musicbrainz_artist_discography,0.85,,,unavailable,,unavailable,,unavailable,2011.0,verified,TIER_B,METADATA_ONLY,train
RMVM_MB_99dec1f5f2,Bài ca dao đầu đời,Bảo Yến,ART_43fbb5fa06,NHAC_TRINH,musicbrainz_artist_discography,0.85,,,unavailable,,unavailable,,unavailable,2015.0,verified,TIER_B,METADATA_ONLY,train
RMVM_MB_9bbf902fd3,Thank God,Cam,ART_ad017e9d66,RAP_HIPHOP,musicbrainz_artist_discography,0.85,,,unavailable,,unavailable,,unavailable,2006.0,verified,TIER_B,METADATA_ONLY,train
RMVM_MB_9bda23a761,Name Brand,Blacka,ART_87222206ce,RAP_HIPHOP,musicbrainz_artist_discography,0.85,,,unavailable,,unavailable,,unavailable,2010.0,verified,TIER_B,METADATA_ONLY,train
RMVM_MB_9d20abd51e,Ta tự hào đi lên ôi Việt Nam!,Quang Thọ,ART_a9ce8fc0ed,REVOLUTIONARY,musicbrainz_artist_discography,0.85,,,unavailable,,unavailable,,unavailable,2001.0,verified,TIER_B,METADATA_ONLY,train
RMVM_MB_9d2202dace,Nguoi em Vy Da,Thu Hiền,ART_66084b8a1c,REVOLUTIONARY,musicbrainz_artist_discography,0.85,,,unavailable,,unavailable,,unavailable,,missing,TIER_B,METADATA_ONLY,train
RMVM_MB_9d9afe9558,Nếu mình thương nhau,Phi Nhung,ART_33de4125fc,FOLK_TRADITIONAL,musicbrainz_artist_discography,0.85,,,unavailable,,unavailable,,unavailable,1998.0,verified,TIER_B,METADATA_ONLY,train
RMVM_MB_9dfc3226e3,Sự sống,Unlimited,ART_958f470d0b,ROCK,musicbrainz_artist_discography,0.85,,,unavailable,,unavailable,,unavailable,2009.0,verified,TIER_B,METADATA_ONLY,train
RMVM_MB_9e07e25573,Để Trả Lời Một Câu Hỏi,Hương Lan,ART_8422601bfe,FOLK_TRADITIONAL,musicbrainz_artist_discography,0.85,,,unavailable,,unavailable,,unavailable,1992.0,verified,TIER_B,METADATA_ONLY,train
RMVM_MB_9e34ccc566,Ai oán,Hạc San,ART_ce377d1ff9,ROCK,musicbrainz_artist_discography,0.85,,,unavailable,,unavailable,,unavailable,2015.0,verified,TIER_B,METADATA_ONLY,train
RMVM_MB_9f177324e0,Ru tình,Quang Dũng,ART_d0d47f53b1,NHAC_TRINH,musicbrainz_artist_discography,0.85,,,unavailable,,unavailable,,unavailable,2003.0,verified,TIER_B,METADATA_ONLY,train
RMVM_MB_9fd92feea1,Nỗi Lòng Người Đi,Lê Hiếu,ART_b3bb561ad9,NHAC_TRINH,musicbrainz_artist_discography,0.85,,,unavailable,,unavailable,,unavailable,2018.0,verified,TIER_B,METADATA_ONLY,train
RMVM_MB_a04ebf7dcd,Trống vắng,Vân Khánh,ART_fdc4292814,FOLK_TRADITIONAL,musicbrainz_artist_discography,0.85,,,unavailable,,unavailable,,unavailable,,missing,TIER_B,METADATA_ONLY,train
RMVM_MB_a0a01ba6d8,Giọt sương trên mí mắt,Bằng Kiều,ART_e70c837c14,NHAC_TRINH,musicbrainz_artist_discography,0.85,,,unavailable,,unavailable,,unavailable,1998.0,verified,TIER_B,METADATA_ONLY,train
RMVM_MB_a10baeff77,Công (Dance remix),Suboi,ART_7b7ae56247,RAP_HIPHOP,musicbrainz_artist_discography,0.85,,,unavailable,,unavailable,,unavailable,2021.0,verified,TIER_B,METADATA_ONLY,train
RMVM_MB_a24c013b91,Khúc thụy du,Lê Hiếu,ART_b3bb561ad9,NHAC_TRINH,musicbrainz_artist_discography,0.85,,,unavailable,,unavailable,,unavailable,,missing,TIER_B,METADATA_ONLY,train
RMVM_MB_a2884468a6,Nối vòng tay lớn,Unlimited,ART_958f470d0b,ROCK,musicbrainz_artist_discography,0.85,,,unavailable,,unavailable,,unavailable,2007.0,verified,TIER_B,METADATA_ONLY,train
RMVM_MB_a328444667,Trống vắng,Phi Nhung,ART_33de4125fc,FOLK_TRADITIONAL,musicbrainz_artist_discography,0.85,,,unavailable,,unavailable,,unavailable,1999.0,verified,TIER_B,METADATA_ONLY,train
RMVM_MB_a346fa20db,Six Green And Speckled Frogs,Xuân Mai,ART_fc7f4714c5,CHILDREN,musicbrainz_artist_discography,0.85,,,unavailable,,unavailable,,unavailable,,missing,TIER_B,METADATA_ONLY,train
RMVM_MB_a39fff60c0,No.4 in C minor OP.40-2,Đặng Thái Sơn,ART_b2127037ec,INSTRUMENTAL,musicbrainz_artist_discography,0.85,,,unavailable,,unavailable,,unavailable,2008.0,verified,TIER_B,METADATA_ONLY,train
RMVM_MB_a3d9ae8e28,Chỉ còn những kỷ niệm,Lê Hiếu,ART_b3bb561ad9,NHAC_TRINH,musicbrainz_artist_discography,0.85,,,unavailable,,unavailable,,unavailable,,missing,TIER_B,METADATA_ONLY,train
RMVM_MB_a514019e5a,Chiếc đàn môi,Anh Thơ,ART_a0c43ea0e8,REVOLUTIONARY,musicbrainz_artist_discography,0.85,,,unavailable,,unavailable,,unavailable,,missing,TIER_B,METADATA_ONLY,train
RMVM_MB_a51514c895,Chợt nghĩ về hai nơi,Trịnh Vĩnh Trinh,ART_06707a5746,NHAC_TRINH,musicbrainz_artist_discography,0.85,,,unavailable,,unavailable,,unavailable,1993.0,verified,TIER_B,METADATA_ONLY,train
RMVM_MB_a7099ffbb4,Tạo tác từ đất sét,The Flob,ART_9037c183b4,ROCK,musicbrainz_artist_discography,0.85,,,unavailable,,unavailable,,unavailable,2020.0,verified,TIER_B,METADATA_ONLY,train
RMVM_MB_a837ad2bab,Hết Yêu,HIEUTHUHAI,ART_b196424628,RAP_HIPHOP,musicbrainz_artist_discography,0.85,,,unavailable,,unavailable,,unavailable,2026.0,verified,TIER_B,METADATA_ONLY,train
RMVM_MB_a9f5f17a6b,DANCING IN THE DARK,SOOBIN,ART_123141dbf1,RB_SOUL,musicbrainz_artist_discography,0.85,,,unavailable,,unavailable,,unavailable,2024.0,verified,TIER_B,METADATA_ONLY,train
RMVM_MB_aa3d039031,Old New,Cát,ART_3dfad4e24c,ROCK,musicbrainz_artist_discography,0.85,,,unavailable,,unavailable,,unavailable,2009.0,verified,TIER_B,METADATA_ONLY,train
RMVM_MB_aa5d3b8c21,lời tạm biệt chưa nói,Kai Đinh,ART_db22fc7f69,RB_SOUL,musicbrainz_artist_discography,0.85,,,unavailable,,unavailable,,unavailable,2022.0,verified,TIER_B,METADATA_ONLY,train
RMVM_MB_ab5a011d36,Heard Her Play,Cát,ART_3dfad4e24c,ROCK,musicbrainz_artist_discography,0.85,,,unavailable,,unavailable,,unavailable,2010.0,verified,TIER_B,METADATA_ONLY,train
RMVM_MB_ab87ca2923,Chàng đẹp trai,Thúy Hường,ART_d31060c982,FOLK_TRADITIONAL,musicbrainz_artist_discography,0.85,,,unavailable,,unavailable,,unavailable,2008.0,verified,TIER_B,METADATA_ONLY,train
RMVM_MB_ab90c64037,Quen Di Tinh Yeu Cu,Trần Thái Hòa,ART_1b610001da,NHAC_TRINH,musicbrainz_artist_discography,0.85,,,unavailable,,unavailable,,unavailable,,missing,TIER_B,METADATA_ONLY,train
RMVM_MB_abff100170,Tiếng hát sông Lam,Tân Nhàn,ART_bde6d9dd7d,REVOLUTIONARY,musicbrainz_artist_discography,0.85,,,unavailable,,unavailable,,unavailable,2001.0,verified,TIER_B,METADATA_ONLY,train
RMVM_MB_ace1e1eb42,Lý con sáo Bạc Liêu,Phi Nhung,ART_33de4125fc,FOLK_TRADITIONAL,musicbrainz_artist_discography,0.85,,,unavailable,,unavailable,,unavailable,1999.0,verified,TIER_B,METADATA_ONLY,train
RMVM_MB_ad1dbc5d5c,Cho đời chút ơn,Trịnh Vĩnh Trinh,ART_06707a5746,NHAC_TRINH,musicbrainz_artist_discography,0.85,,,unavailable,,unavailable,,unavailable,1991.0,verified,TIER_B,METADATA_ONLY,train
RMVM_MB_ae219a4416,Hai mươi năm tình sầu,Ánh Tuyết,ART_d72564b10f,NHAC_TRINH,musicbrainz_artist_discography,0.85,,,unavailable,,unavailable,,unavailable,,missing,TIER_B,METADATA_ONLY,train
RMVM_MB_ae26018c59,Tuổi đá buồn,Lệ Thu,ART_fcc792d4cb,NHAC_TRINH,musicbrainz_artist_discography,0.85,,,unavailable,,unavailable,,unavailable,,missing,TIER_B,METADATA_ONLY,train
RMVM_MB_ae2b87f63a,From This Day On,Cam,ART_ad017e9d66,RAP_HIPHOP,musicbrainz_artist_discography,0.85,,,unavailable,,unavailable,,unavailable,2006.0,verified,TIER_B,METADATA_ONLY,train
RMVM_MB_ae8c587b42,Zamora,Nguyễn Lê,ART_1907478bfd,INSTRUMENTAL,musicbrainz_artist_discography,0.85,,,unavailable,,unavailable,,unavailable,2005.0,verified,TIER_B,METADATA_ONLY,train
RMVM_MB_ae907d3afe,Nhớ,Quang Dũng,ART_d0d47f53b1,NHAC_TRINH,musicbrainz_artist_discography,0.85,,,unavailable,,unavailable,,unavailable,2007.0,verified,TIER_B,METADATA_ONLY,train
RMVM_MB_b00a253b0c,Khúc hát thanh xuân,Kiều Hưng,ART_4ad333ac01,REVOLUTIONARY,musicbrainz_artist_discography,0.85,,,unavailable,,unavailable,,unavailable,1998.0,verified,TIER_B,METADATA_ONLY,train
RMVM_MB_b04f9f3349,Kick The Bass,Low G,ART_1457f41cd8,RAP_HIPHOP,musicbrainz_artist_discography,0.85,,,unavailable,,unavailable,,unavailable,2019.0,verified,TIER_B,METADATA_ONLY,train
RMVM_MB_b194bf0e28,Alexander Bell,Erik,ART_6a42dd6e7c,RB_SOUL,musicbrainz_artist_discography,0.85,,,unavailable,,unavailable,,unavailable,1967.0,verified,TIER_B,METADATA_ONLY,train
RMVM_MB_b1e3651e94,Gửi gió cho mây ngàn bay,Trần Mạnh Tuấn,ART_b1cf40b89e,INSTRUMENTAL,musicbrainz_artist_discography,0.85,,,unavailable,,unavailable,,unavailable,2006.0,verified,TIER_B,METADATA_ONLY,train
RMVM_MB_b22f840356,Câu chuyện đầu năm,Quang Linh,ART_3a6003b287,FOLK_TRADITIONAL,musicbrainz_artist_discography,0.85,,,unavailable,,unavailable,,unavailable,,missing,TIER_B,METADATA_ONLY,train
RMVM_MB_b25294b59e,Tình rơi,Trần Thái Hòa,ART_1b610001da,NHAC_TRINH,musicbrainz_artist_discography,0.85,,,unavailable,,unavailable,,unavailable,2007.0,verified,TIER_B,METADATA_ONLY,train
RMVM_MB_b27e76b440,Bác đang cùng chúng cháu hành quân,Quang Thọ,ART_a9ce8fc0ed,REVOLUTIONARY,musicbrainz_artist_discography,0.85,,,unavailable,,unavailable,,unavailable,,missing,TIER_B,METADATA_ONLY,train
RMVM_MB_b289955c32,N-Sao?,Suboi,ART_7b7ae56247,RAP_HIPHOP,musicbrainz_artist_discography,0.85,,,unavailable,,unavailable,,unavailable,2018.0,verified,TIER_B,METADATA_ONLY,train
RMVM_MB_b2e8810b53,Nhạc Hòa Tấu,Khánh Ly,ART_2a0e02284a,NHAC_TRINH,musicbrainz_artist_discography,0.85,,,unavailable,,unavailable,,unavailable,1992.0,verified,TIER_B,METADATA_ONLY,train
RMVM_MB_b2ec1bf641,Vì (Special Music Night Ver),Marzuz,ART_76981b9616,RB_SOUL,musicbrainz_artist_discography,0.85,,,unavailable,,unavailable,,unavailable,2024.0,verified,TIER_B,METADATA_ONLY,train
RMVM_MB_b30d269960,Nhìn những mùa thu đi,Khánh Ly,ART_2a0e02284a,NHAC_TRINH,musicbrainz_artist_discography,0.85,,,unavailable,,unavailable,,unavailable,1974.0,verified,TIER_B,METADATA_ONLY,train
RMVM_MB_b3de0a6308,Thinkin' About... (original mix edit),The Light,ART_db31f13346,ROCK,musicbrainz_artist_discography,0.85,,,unavailable,,unavailable,,unavailable,2001.0,verified,TIER_B,METADATA_ONLY,train
RMVM_MB_b48e86db7c,"Berceuse in D-flat major, op. 57",Đặng Thái Sơn,ART_b2127037ec,INSTRUMENTAL,musicbrainz_artist_discography,0.85,,,unavailable,,unavailable,,unavailable,1993.0,verified,TIER_B,METADATA_ONLY,train
RMVM_MB_b526361d85,Anh đã phụ em,Ánh Tuyết,ART_d72564b10f,NHAC_TRINH,musicbrainz_artist_discography,0.85,,,unavailable,,unavailable,,unavailable,,missing,TIER_B,METADATA_ONLY,train
RMVM_MB_b527bf49aa,Huyền thoại mẹ,Cẩm Vân,ART_9f811a153f,NHAC_TRINH,musicbrainz_artist_discography,0.85,,,unavailable,,unavailable,,unavailable,2007.0,verified,TIER_B,METADATA_ONLY,train
RMVM_MB_b55e59d732,Cô Ta,Vũ.,ART_5f8f1db97c,RB_SOUL,musicbrainz_artist_discography,0.85,,,unavailable,,unavailable,,unavailable,2022.0,verified,TIER_B,METADATA_ONLY,train
RMVM_MB_b5edec1e09,tựa đầu,Grey D,ART_89903cb997,RB_SOUL,musicbrainz_artist_discography,0.85,,,unavailable,,unavailable,,unavailable,2026.0,verified,TIER_B,METADATA_ONLY,train
RMVM_MB_b60550696f,Alien Abduction Envy,Binz,ART_fca6de2907,RAP_HIPHOP,musicbrainz_artist_discography,0.85,,,unavailable,,unavailable,,unavailable,2014.0,verified,TIER_B,METADATA_ONLY,train
RMVM_MB_b6d41a8e4a,Như cánh vạc bay,Trịnh Công Sơn,ART_92e0040ca7,NHAC_TRINH,musicbrainz_artist_discography,0.85,,,unavailable,,unavailable,,unavailable,1997.0,verified,TIER_B,METADATA_ONLY,train
RMVM_MB_b86d2603b3,Thành phố tình yêu và nỗi nhớ (karaoke),Cẩm Vân,ART_9f811a153f,NHAC_TRINH,musicbrainz_artist_discography,0.85,,,unavailable,,unavailable,,unavailable,,missing,TIER_B,METADATA_ONLY,train
RMVM_MB_b86d60712e,Bee,Nguyễn Lê,ART_1907478bfd,INSTRUMENTAL,musicbrainz_artist_discography,0.85,,,unavailable,,unavailable,,unavailable,2005.0,verified,TIER_B,METADATA_ONLY,train
RMVM_MB_b896fa9edf,Urban Vibe,Re-Cycle,ART_dffa896787,ROCK,musicbrainz_artist_discography,0.85,,,unavailable,,unavailable,,unavailable,2001.0,verified,TIER_B,METADATA_ONLY,train
RMVM_MB_b8e7210b40,Mua thom pho Hue,Thu Hiền,ART_66084b8a1c,REVOLUTIONARY,musicbrainz_artist_discography,0.85,,,unavailable,,unavailable,,unavailable,,missing,TIER_B,METADATA_ONLY,train
RMVM_MB_b98ae10ea4,I Miss U,Hoaprox,ART_ce3cb4feab,DANCE_EDM,musicbrainz_artist_discography,0.85,,,unavailable,,unavailable,,unavailable,2016.0,verified,TIER_B,METADATA_ONLY,train
RMVM_MB_b99b5f7cc7,Nghiêng chiều Đà Lạt,Việt Hoàn,ART_276f4cb1af,REVOLUTIONARY,musicbrainz_artist_discography,0.85,,,unavailable,,unavailable,,unavailable,,missing,TIER_B,METADATA_ONLY,train
RMVM_MB_b9ae9fcc5a,Trông cây lại nhớ đến Người,Thu Hiền,ART_66084b8a1c,REVOLUTIONARY,musicbrainz_artist_discography,0.85,,,unavailable,,unavailable,,unavailable,,missing,TIER_B,METADATA_ONLY,train
RMVM_MB_b9bca543ce,Phụng cầu hoàng,Kim Sinh,ART_cf792f0e13,INSTRUMENTAL,musicbrainz_artist_discography,0.85,,,unavailable,,unavailable,,unavailable,1991.0,verified,TIER_B,METADATA_ONLY,train
RMVM_MB_baf3501441,Ở hai đầu nỗi nhớ,Tân Nhàn,ART_bde6d9dd7d,REVOLUTIONARY,musicbrainz_artist_discography,0.85,,,unavailable,,unavailable,,unavailable,2009.0,verified,TIER_B,METADATA_ONLY,train
RMVM_MB_bb4e972238,Gimme Gimme,Thúy Hường,ART_d31060c982,FOLK_TRADITIONAL,musicbrainz_artist_discography,0.85,,,unavailable,,unavailable,,unavailable,2008.0,verified,TIER_B,METADATA_ONLY,train
RMVM_MB_bc0a6712cd,Expand the Room (Illumination mix),The Light,ART_db31f13346,ROCK,musicbrainz_artist_discography,0.85,,,unavailable,,unavailable,,unavailable,1998.0,verified,TIER_B,METADATA_ONLY,train
RMVM_MB_bc546af095,"Liefste, waar ben je",Ricky Star,ART_49436287f3,RAP_HIPHOP,musicbrainz_artist_discography,0.85,,,unavailable,,unavailable,,unavailable,1984.0,verified,TIER_B,METADATA_ONLY,train
RMVM_MB_bc97671fc2,TRÓI EM LẠI,Quang Hưng,ART_7060520839,REVOLUTIONARY,musicbrainz_artist_discography,0.85,,,unavailable,,unavailable,,unavailable,2024.0,verified,TIER_B,METADATA_ONLY,train
RMVM_MB_bcb9d2acf5,Raven,Windrunner,ART_111ab1fdd2,ROCK,musicbrainz_artist_discography,0.85,,,unavailable,,unavailable,,unavailable,2022.0,verified,TIER_B,METADATA_ONLY,train
RMVM_MB_bcdfcb9601,Mars,Cát,ART_3dfad4e24c,ROCK,musicbrainz_artist_discography,0.85,,,unavailable,,unavailable,,unavailable,2004.0,verified,TIER_B,METADATA_ONLY,train
RMVM_MB_bd326ed0bc,Steelworkers of Lucifer,Parasite,ART_d034010438,ROCK,musicbrainz_artist_discography,0.85,,,unavailable,,unavailable,,unavailable,2021.0,verified,TIER_B,METADATA_ONLY,train
RMVM_MB_bd7c5747f7,Tính xa khuất,Phi Nhung,ART_33de4125fc,FOLK_TRADITIONAL,musicbrainz_artist_discography,0.85,,,unavailable,,unavailable,,unavailable,1999.0,verified,TIER_B,METADATA_ONLY,train
RMVM_MB_bee1b63b14,Tình Nghĩa Đôi Ta Chỉ Thế Thôi,Lê Hiếu,ART_b3bb561ad9,NHAC_TRINH,musicbrainz_artist_discography,0.85,,,unavailable,,unavailable,,unavailable,2018.0,verified,TIER_B,METADATA_ONLY,train
RMVM_MB_bf1a15eaa4,Việt Nam Hết Mình,Karik,ART_ac386cda83,RAP_HIPHOP,musicbrainz_artist_discography,0.85,,,unavailable,,unavailable,,unavailable,2022.0,verified,TIER_B,METADATA_ONLY,train
RMVM_MB_bf9269dcb3,Tình nghệ sĩ,Ánh Tuyết,ART_d72564b10f,NHAC_TRINH,musicbrainz_artist_discography,0.85,,,unavailable,,unavailable,,unavailable,,missing,TIER_B,METADATA_ONLY,train
RMVM_MB_bff4adfdfa,Suffer,Binz,ART_fca6de2907,RAP_HIPHOP,musicbrainz_artist_discography,0.85,,,unavailable,,unavailable,,unavailable,2014.0,verified,TIER_B,METADATA_ONLY,train
RMVM_MB_c058c051cb,Untitled,Parasite,ART_d034010438,ROCK,musicbrainz_artist_discography,0.85,,,unavailable,,unavailable,,unavailable,2000.0,verified,TIER_B,METADATA_ONLY,train
RMVM_MB_c2a7c3de4d,Perfect Wave,Unlimited,ART_958f470d0b,ROCK,musicbrainz_artist_discography,0.85,,,unavailable,,unavailable,,unavailable,2016.0,verified,TIER_B,METADATA_ONLY,train
RMVM_MB_c2efb82adb,TỪNG QUEN,Wren Evans,ART_76f842bb32,RB_SOUL,musicbrainz_artist_discography,0.85,,,unavailable,,unavailable,,unavailable,2023.0,verified,TIER_B,METADATA_ONLY,train
RMVM_MB_c3b9dcc7ef,Calling for a Boat to Cross the River (vocal solo),Thúy Hường,ART_d31060c982,FOLK_TRADITIONAL,musicbrainz_artist_discography,0.85,,,unavailable,,unavailable,,unavailable,,missing,TIER_B,METADATA_ONLY,train
RMVM_MB_c3c0f4a680,Thành phố hoa phượng đỏ,Trọng Tấn,ART_e45d081f4c,REVOLUTIONARY,musicbrainz_artist_discography,0.85,,,unavailable,,unavailable,,unavailable,2012.0,verified,TIER_B,METADATA_ONLY,train
RMVM_MB_c45a61c8c9,Những Ngày Đẹp Trời,Minh Vương,ART_647daac8f6,FOLK_TRADITIONAL,musicbrainz_artist_discography,0.85,,,unavailable,,unavailable,,unavailable,2018.0,verified,TIER_B,METADATA_ONLY,train
RMVM_MB_c5c1206fff,Môi hồng đào,Trịnh Vĩnh Trinh,ART_06707a5746,NHAC_TRINH,musicbrainz_artist_discography,0.85,,,unavailable,,unavailable,,unavailable,,missing,TIER_B,METADATA_ONLY,train
RMVM_MB_c609fe4a99,No.10 in F minor OP.71-3,Đặng Thái Sơn,ART_b2127037ec,INSTRUMENTAL,musicbrainz_artist_discography,0.85,,,unavailable,,unavailable,,unavailable,2008.0,verified,TIER_B,METADATA_ONLY,train
RMVM_MB_c6175f54dc,Tiễn Khách,Bích Phượng,ART_b6ef58448b,REVOLUTIONARY,musicbrainz_artist_discography,0.85,,,unavailable,,unavailable,,unavailable,2018.0,verified,TIER_B,METADATA_ONLY,train
RMVM_MB_c692e31b5f,Vì Sao Cuối Trời,Minh Vương,ART_647daac8f6,FOLK_TRADITIONAL,musicbrainz_artist_discography,0.85,,,unavailable,,unavailable,,unavailable,2018.0,verified,TIER_B,METADATA_ONLY,train
RMVM_MB_c6d319913b,Make Me Feel,Binz,ART_fca6de2907,RAP_HIPHOP,musicbrainz_artist_discography,0.85,,,unavailable,,unavailable,,unavailable,2023.0,verified,TIER_B,METADATA_ONLY,train
RMVM_MB_c6e1e5599b,Sợi nhớ sợi thương,Lan Anh,ART_666a5520df,REVOLUTIONARY,musicbrainz_artist_discography,0.85,,,unavailable,,unavailable,,unavailable,2017.0,verified,TIER_B,METADATA_ONLY,train
RMVM_MB_c6f1206f5c,Track 10,Grey D,ART_89903cb997,RB_SOUL,musicbrainz_artist_discography,0.85,,,unavailable,,unavailable,,unavailable,2026.0,verified,TIER_B,METADATA_ONLY,train
RMVM_MB_c70736f866,Border cross,Erik,ART_6a42dd6e7c,RB_SOUL,musicbrainz_artist_discography,0.85,,,unavailable,,unavailable,,unavailable,2010.0,verified,TIER_B,METADATA_ONLY,train
RMVM_MB_c82e5ec6bf,Six Gleen And Spekled Frogs,Xuân Mai,ART_fc7f4714c5,CHILDREN,musicbrainz_artist_discography,0.85,,,unavailable,,unavailable,,unavailable,2004.0,verified,TIER_B,METADATA_ONLY,train
RMVM_MB_c89a4c97cb,Glory Is Yours,Masew,ART_6714f6b919,DANCE_EDM,musicbrainz_artist_discography,0.85,,,unavailable,,unavailable,,unavailable,2025.0,verified,TIER_B,METADATA_ONLY,train
RMVM_MB_c8f8c88490,Cám ơn mùa thu,Trung Kiên,ART_518be47b26,REVOLUTIONARY,musicbrainz_artist_discography,0.85,,,unavailable,,unavailable,,unavailable,1998.0,verified,TIER_B,METADATA_ONLY,train
RMVM_MB_c90b693bb1,Chú Khỉ Con,Xuân Mai,ART_fc7f4714c5,CHILDREN,musicbrainz_artist_discography,0.85,,,unavailable,,unavailable,,unavailable,2004.0,verified,TIER_B,METADATA_ONLY,train
RMVM_MB_ca1811f590,Hát cho người nằm xuống,Lệ Thu,ART_fcc792d4cb,NHAC_TRINH,musicbrainz_artist_discography,0.85,,,unavailable,,unavailable,,unavailable,,missing,TIER_B,METADATA_ONLY,train
RMVM_MB_cad39a354d,Sóng gió,K-ICM,ART_20fba47405,DANCE_EDM,musicbrainz_artist_discography,0.85,,,unavailable,,unavailable,,unavailable,,missing,TIER_B,METADATA_ONLY,train
RMVM_MB_cb1f3dc20e,Lời giã biệt,Hương Lan,ART_8422601bfe,FOLK_TRADITIONAL,musicbrainz_artist_discography,0.85,,,unavailable,,unavailable,,unavailable,,missing,TIER_B,METADATA_ONLY,train
RMVM_MB_cb5cec611c,Just You,Wowy,ART_074d76b1a4,RAP_HIPHOP,musicbrainz_artist_discography,0.85,,,unavailable,,unavailable,,unavailable,2015.0,verified,TIER_B,METADATA_ONLY,train
RMVM_MB_cbf8c04f8e,Bạn Đời,Karik,ART_ac386cda83,RAP_HIPHOP,musicbrainz_artist_discography,0.85,,,unavailable,,unavailable,,unavailable,2023.0,verified,TIER_B,METADATA_ONLY,train
RMVM_MB_cca26ec3cb,Yêu dại khờ,Thúy Hường,ART_d31060c982,FOLK_TRADITIONAL,musicbrainz_artist_discography,0.85,,,unavailable,,unavailable,,unavailable,2008.0,verified,TIER_B,METADATA_ONLY,train
RMVM_MB_ccb3422335,Interlude 1 - Cửa Sổ Tình Yêu,Low G,ART_1457f41cd8,RAP_HIPHOP,musicbrainz_artist_discography,0.85,,,unavailable,,unavailable,,unavailable,2025.0,verified,TIER_B,METADATA_ONLY,train
RMVM_MB_ccb3465ea0,Huế Buồn Vì Ai,Quang Linh,ART_3a6003b287,FOLK_TRADITIONAL,musicbrainz_artist_discography,0.85,,,unavailable,,unavailable,,unavailable,1999.0,verified,TIER_B,METADATA_ONLY,train
RMVM_MB_ccbaa35021,Người mộng du,Bức Tường,ART_376d48d912,ROCK,musicbrainz_artist_discography,0.85,,,unavailable,,unavailable,,unavailable,2004.0,verified,TIER_B,METADATA_ONLY,train
RMVM_MB_ccd22c6627,Con đường ánh sáng,Unlimited,ART_958f470d0b,ROCK,musicbrainz_artist_discography,0.85,,,unavailable,,unavailable,,unavailable,2009.0,verified,TIER_B,METADATA_ONLY,train
RMVM_MB_cd9b0740cf,Thu Bồn ơi,Tân Nhàn,ART_bde6d9dd7d,REVOLUTIONARY,musicbrainz_artist_discography,0.85,,,unavailable,,unavailable,,unavailable,2013.0,verified,TIER_B,METADATA_ONLY,train
RMVM_MB_cda5178ff2,Eerst wil je dit… (Some Girls),Ricky Star,ART_49436287f3,RAP_HIPHOP,musicbrainz_artist_discography,0.85,,,unavailable,,unavailable,,unavailable,1984.0,verified,TIER_B,METADATA_ONLY,train
RMVM_MB_cdb8d63403,Tình khúc Ơ bai,Trịnh Vĩnh Trinh,ART_06707a5746,NHAC_TRINH,musicbrainz_artist_discography,0.85,,,unavailable,,unavailable,,unavailable,1991.0,verified,TIER_B,METADATA_ONLY,train
RMVM_MB_cdf0d0b8aa,Yêu,7UPPERCUTS,ART_795d93f942,ROCK,musicbrainz_artist_discography,0.85,,,unavailable,,unavailable,,unavailable,2020.0,verified,TIER_B,METADATA_ONLY,train
RMVM_MB_ce2a82831b,Chuồn chuồn xanh,Hải Phượng,ART_cbc3972eaa,INSTRUMENTAL,musicbrainz_artist_discography,0.85,,,unavailable,,unavailable,,unavailable,2019.0,verified,TIER_B,METADATA_ONLY,train
RMVM_MB_cf68a9a8e1,My Everything (Beat),Tiên Tiên,ART_692ad687f0,RB_SOUL,musicbrainz_artist_discography,0.85,,,unavailable,,unavailable,,unavailable,,missing,TIER_B,METADATA_ONLY,train
RMVM_MB_cf7359bece,Tiếng hát từ thành phố mang tên Người,Đăng Dương,ART_cbdf1167c1,REVOLUTIONARY,musicbrainz_artist_discography,0.85,,,unavailable,,unavailable,,unavailable,2005.0,verified,TIER_B,METADATA_ONLY,train
RMVM_MB_cfb1af0057,Ca ngợi Hồ Chủ Tịch,Quang Thọ,ART_a9ce8fc0ed,REVOLUTIONARY,musicbrainz_artist_discography,0.85,,,unavailable,,unavailable,,unavailable,2001.0,verified,TIER_B,METADATA_ONLY,train
RMVM_MB_cfc86b5b1a,Nới ấy quê mình,Tân Nhàn,ART_bde6d9dd7d,REVOLUTIONARY,musicbrainz_artist_discography,0.85,,,unavailable,,unavailable,,unavailable,2013.0,verified,TIER_B,METADATA_ONLY,train
RMVM_MB_d136e05a8a,Thì thầm với dòng sông,Trọng Tấn,ART_e45d081f4c,REVOLUTIONARY,musicbrainz_artist_discography,0.85,,,unavailable,,unavailable,,unavailable,,missing,TIER_B,METADATA_ONLY,train
RMVM_MB_d1e506876a,Kén Cá Chọn Anh,Bích Phượng,ART_b6ef58448b,REVOLUTIONARY,musicbrainz_artist_discography,0.85,,,unavailable,,unavailable,,unavailable,2020.0,verified,TIER_B,METADATA_ONLY,train
RMVM_MB_d319b5810d,Sau Chia Tay Ta Còn Gì?,Vũ.,ART_5f8f1db97c,RB_SOUL,musicbrainz_artist_discography,0.85,,,unavailable,,unavailable,,unavailable,2022.0,verified,TIER_B,METADATA_ONLY,train
RMVM_MB_d4efd563d6,Xin trả nợ người,Trịnh Vĩnh Trinh,ART_06707a5746,NHAC_TRINH,musicbrainz_artist_discography,0.85,,,unavailable,,unavailable,,unavailable,1991.0,verified,TIER_B,METADATA_ONLY,train
RMVM_MB_d5ef9055ca,Con gà trông (Le coq) [Comptine du Vietnam],Thanh Ngân,ART_165c93966a,FOLK_TRADITIONAL,musicbrainz_artist_discography,0.85,,,unavailable,,unavailable,,unavailable,2007.0,verified,TIER_B,METADATA_ONLY,train
RMVM_MB_d627b416f2,Lại gần với nhau,Khánh Ly,ART_2a0e02284a,NHAC_TRINH,musicbrainz_artist_discography,0.85,,,unavailable,,unavailable,,unavailable,,missing,TIER_B,METADATA_ONLY,train
RMVM_MB_d62fc30c64,Lavender,Windrunner,ART_111ab1fdd2,ROCK,musicbrainz_artist_discography,0.85,,,unavailable,,unavailable,,unavailable,2022.0,verified,TIER_B,METADATA_ONLY,train
RMVM_MB_d6cceb302e,Thương nhau ngày mưa,Thúy Hường,ART_d31060c982,FOLK_TRADITIONAL,musicbrainz_artist_discography,0.85,,,unavailable,,unavailable,,unavailable,2011.0,verified,TIER_B,METADATA_ONLY,train
RMVM_MB_d81829a98b,Ướt mi,Lệ Thu,ART_fcc792d4cb,NHAC_TRINH,musicbrainz_artist_discography,0.85,,,unavailable,,unavailable,,unavailable,1994.0,verified,TIER_B,METADATA_ONLY,train
RMVM_MB_d9bd4c3bc7,Trăng sáng đôi miền,Lan Anh,ART_666a5520df,REVOLUTIONARY,musicbrainz_artist_discography,0.85,,,unavailable,,unavailable,,unavailable,2017.0,verified,TIER_B,METADATA_ONLY,train
RMVM_MB_d9d60c9d24,Contacto,Erik,ART_6a42dd6e7c,RB_SOUL,musicbrainz_artist_discography,0.85,,,unavailable,,unavailable,,unavailable,2008.0,verified,TIER_B,METADATA_ONLY,train
RMVM_MB_da928d2c56,Chớ Không,Suboi,ART_7b7ae56247,RAP_HIPHOP,musicbrainz_artist_discography,0.85,,,unavailable,,unavailable,,unavailable,2019.0,verified,TIER_B,METADATA_ONLY,train
RMVM_MB_dbc248c425,Vọng cổ,Kim Sinh,ART_cf792f0e13,INSTRUMENTAL,musicbrainz_artist_discography,0.85,,,unavailable,,unavailable,,unavailable,2003.0,verified,TIER_B,METADATA_ONLY,train
RMVM_MB_dcc0169904,Movidas,Triple D,ART_7b16a4372e,DANCE_EDM,musicbrainz_artist_discography,0.85,,,unavailable,,unavailable,,unavailable,2016.0,verified,TIER_B,METADATA_ONLY,train
RMVM_MB_dcd5122061,Chạy Ngay Đi - Onionn Remix,Onionn,ART_6972eb2860,DANCE_EDM,musicbrainz_artist_discography,0.85,,,unavailable,,unavailable,,unavailable,2018.0,verified,TIER_B,METADATA_ONLY,train
RMVM_MB_dd3e8a2c43,Yêu dại khờ,Ý Lan,ART_47ad458977,NHAC_TRINH,musicbrainz_artist_discography,0.85,,,unavailable,,unavailable,,unavailable,,missing,TIER_B,METADATA_ONLY,train
RMVM_MB_ddb5253536,Đông Ba Market,Hoàng Tuấn,ART_5ab8ba158a,INSTRUMENTAL,musicbrainz_artist_discography,0.85,,,unavailable,,unavailable,,unavailable,2025.0,verified,TIER_B,METADATA_ONLY,train
RMVM_MB_ddd92663d5,Con Tàu,Hải Phượng,ART_cbc3972eaa,INSTRUMENTAL,musicbrainz_artist_discography,0.85,,,unavailable,,unavailable,,unavailable,2025.0,verified,TIER_B,METADATA_ONLY,train
RMVM_MB_df73f5ba40,Tổ Quốc,Quang Thọ,ART_a9ce8fc0ed,REVOLUTIONARY,musicbrainz_artist_discography,0.85,,,unavailable,,unavailable,,unavailable,2001.0,verified,TIER_B,METADATA_ONLY,train
RMVM_MB_df8757f307,Special Love,Triple D,ART_7b16a4372e,DANCE_EDM,musicbrainz_artist_discography,0.85,,,unavailable,,unavailable,,unavailable,2014.0,verified,TIER_B,METADATA_ONLY,train
RMVM_MB_e037c8e2fe,Trên tháng ngày đã qua,Quang Dũng,ART_d0d47f53b1,NHAC_TRINH,musicbrainz_artist_discography,0.85,,,unavailable,,unavailable,,unavailable,2008.0,verified,TIER_B,METADATA_ONLY,train
RMVM_MB_e0af30fa68,"Money, Money, Money",Parasite,ART_d034010438,ROCK,musicbrainz_artist_discography,0.85,,,unavailable,,unavailable,,unavailable,2000.0,verified,TIER_B,METADATA_ONLY,train
RMVM_MB_e0de7b78e1,Up To You,Min,ART_d8bd79cc13,RB_SOUL,musicbrainz_artist_discography,0.85,,,unavailable,,unavailable,,unavailable,2021.0,verified,TIER_B,METADATA_ONLY,train
RMVM_MB_e0ef2603c3,Outro - L2K FM,Low G,ART_1457f41cd8,RAP_HIPHOP,musicbrainz_artist_discography,0.85,,,unavailable,,unavailable,,unavailable,2025.0,verified,TIER_B,METADATA_ONLY,train
RMVM_MB_e14a9fdc44,Tình xa,Quang Dũng,ART_d0d47f53b1,NHAC_TRINH,musicbrainz_artist_discography,0.85,,,unavailable,,unavailable,,unavailable,2003.0,verified,TIER_B,METADATA_ONLY,train
RMVM_MB_e16c2b24ad,Phàn nàn,Gạt Tàn Đầy,ART_70c5640a4b,ROCK,musicbrainz_artist_discography,0.85,,,unavailable,,unavailable,,unavailable,2006.0,verified,TIER_B,METADATA_ONLY,train
RMVM_MB_e1a6ac6dcc,Duyên phận,Lan Anh,ART_666a5520df,REVOLUTIONARY,musicbrainz_artist_discography,0.85,,,unavailable,,unavailable,,unavailable,,missing,TIER_B,METADATA_ONLY,train
RMVM_MB_e1efa47af4,Tình hoài thương,Anh Thơ,ART_a0c43ea0e8,REVOLUTIONARY,musicbrainz_artist_discography,0.85,,,unavailable,,unavailable,,unavailable,2010.0,verified,TIER_B,METADATA_ONLY,train
RMVM_MB_e2998a0160,Ngược dòng Hương Giang,Tân Nhàn,ART_bde6d9dd7d,REVOLUTIONARY,musicbrainz_artist_discography,0.85,,,unavailable,,unavailable,,unavailable,2009.0,verified,TIER_B,METADATA_ONLY,train
RMVM_MB_e33c298906,Lotus (Reimagined),Windrunner,ART_111ab1fdd2,ROCK,musicbrainz_artist_discography,0.85,,,unavailable,,unavailable,,unavailable,2019.0,verified,TIER_B,METADATA_ONLY,train
RMVM_MB_e3b092daf3,Mùa đông của anh,Bảo Yến,ART_43fbb5fa06,NHAC_TRINH,musicbrainz_artist_discography,0.85,,,unavailable,,unavailable,,unavailable,2008.0,verified,TIER_B,METADATA_ONLY,train
RMVM_MB_e3d625f98f,Em Đã Sai Vì Em Tin,Bích Phượng,ART_b6ef58448b,REVOLUTIONARY,musicbrainz_artist_discography,0.85,,,unavailable,,unavailable,,unavailable,2015.0,verified,TIER_B,METADATA_ONLY,train
RMVM_MB_e3e997b3b5,Medley: Khong Minh Toa Lau / Ly Ngua O / Kim Tien Bao / Nam Ai,Kim Sinh,ART_cf792f0e13,INSTRUMENTAL,musicbrainz_artist_discography,0.85,,,unavailable,,unavailable,,unavailable,1992.0,verified,TIER_B,METADATA_ONLY,train
RMVM_MB_e3feeeb77d,The Message,Hoaprox,ART_ce3cb4feab,DANCE_EDM,musicbrainz_artist_discography,0.85,,,unavailable,,unavailable,,unavailable,2020.0,verified,TIER_B,METADATA_ONLY,train
RMVM_MB_e42c9f2529,My Everything (Deephouse version...),Tiên Tiên,ART_692ad687f0,RB_SOUL,musicbrainz_artist_discography,0.85,,,unavailable,,unavailable,,unavailable,,missing,TIER_B,METADATA_ONLY,train
RMVM_MB_e456ecaac0,Rototom Party Girl,Orange,ART_fe01d67a00,RB_SOUL,musicbrainz_artist_discography,0.85,,,unavailable,,unavailable,,unavailable,2011.0,verified,TIER_B,METADATA_ONLY,train
RMVM_MB_e4940d62a8,Le tigre la poule et le lièvre (Conte),Thanh Ngân,ART_165c93966a,FOLK_TRADITIONAL,musicbrainz_artist_discography,0.85,,,unavailable,,unavailable,,unavailable,2007.0,verified,TIER_B,METADATA_ONLY,train
RMVM_MB_e579d5f87e,"Thương Nhau Ngày Mưa, Một Giấc Mơ",Thúy Hường,ART_d31060c982,FOLK_TRADITIONAL,musicbrainz_artist_discography,0.85,,,unavailable,,unavailable,,unavailable,,missing,TIER_B,METADATA_ONLY,train
RMVM_MB_e59079a6b3,Tình em,Quý Dương,ART_459a303c9f,REVOLUTIONARY,musicbrainz_artist_discography,0.85,,,unavailable,,unavailable,,unavailable,,missing,TIER_B,METADATA_ONLY,train
RMVM_MB_e65c8ffe6e,It Ain't Hard to Do Right,Cam,ART_ad017e9d66,RAP_HIPHOP,musicbrainz_artist_discography,0.85,,,unavailable,,unavailable,,unavailable,2006.0,verified,TIER_B,METADATA_ONLY,train
RMVM_MB_e68baa1928,Hai phương trời cách biệt,Bảo Yến,ART_43fbb5fa06,NHAC_TRINH,musicbrainz_artist_discography,0.85,,,unavailable,,unavailable,,unavailable,2018.0,verified,TIER_B,METADATA_ONLY,train
RMVM_MB_e6c48f414d,Bên Đời Hiu Quạnh,Trịnh Công Sơn,ART_92e0040ca7,NHAC_TRINH,musicbrainz_artist_discography,0.85,,,unavailable,,unavailable,,unavailable,2011.0,verified,TIER_B,METADATA_ONLY,train
RMVM_MB_e7040e411e,Interlude Nước Mắt Cá Sấu,HIEUTHUHAI,ART_b196424628,RAP_HIPHOP,musicbrainz_artist_discography,0.85,,,unavailable,,unavailable,,unavailable,2026.0,verified,TIER_B,METADATA_ONLY,train
RMVM_MB_e70d449f07,Xãng xê – Vọng cổ,Kim Sinh,ART_cf792f0e13,INSTRUMENTAL,musicbrainz_artist_discography,0.85,,,unavailable,,unavailable,,unavailable,2003.0,verified,TIER_B,METADATA_ONLY,train
RMVM_MB_e77416a8c8,Câu chuyện nhỏ của tôi,Thanh Hoa,ART_1dd320405e,REVOLUTIONARY,musicbrainz_artist_discography,0.85,,,unavailable,,unavailable,,unavailable,1998.0,verified,TIER_B,METADATA_ONLY,train
RMVM_MB_e7b6832b18,Cô gái quàng khăn đỏ,Bức Tường,ART_376d48d912,ROCK,musicbrainz_artist_discography,0.85,,,unavailable,,unavailable,,unavailable,2010.0,verified,TIER_B,METADATA_ONLY,train
RMVM_MB_e8034a16bd,Ơi dòng suối Lala,Lan Anh,ART_666a5520df,REVOLUTIONARY,musicbrainz_artist_discography,0.85,,,unavailable,,unavailable,,unavailable,2017.0,verified,TIER_B,METADATA_ONLY,train
RMVM_MB_e8112cfc6a,Khối tình Trương Chi,Hương Lan,ART_8422601bfe,FOLK_TRADITIONAL,musicbrainz_artist_discography,0.85,,,unavailable,,unavailable,,unavailable,1990.0,verified,TIER_B,METADATA_ONLY,train
RMVM_MB_e865f0ce6f,Xin đừng quay lại,Bằng Kiều,ART_e70c837c14,NHAC_TRINH,musicbrainz_artist_discography,0.85,,,unavailable,,unavailable,,unavailable,2010.0,verified,TIER_B,METADATA_ONLY,train
RMVM_MB_e88be2e382,Sông đợi,Tân Nhàn,ART_bde6d9dd7d,REVOLUTIONARY,musicbrainz_artist_discography,0.85,,,unavailable,,unavailable,,unavailable,2001.0,verified,TIER_B,METADATA_ONLY,train
RMVM_MB_e8d5f936ee,Màu Áo Học Trò,7UPPERCUTS,ART_795d93f942,ROCK,musicbrainz_artist_discography,0.85,,,unavailable,,unavailable,,unavailable,2019.0,verified,TIER_B,METADATA_ONLY,train
RMVM_MB_e8fa1a0430,Up To You (Remix),Min,ART_d8bd79cc13,RB_SOUL,musicbrainz_artist_discography,0.85,,,unavailable,,unavailable,,unavailable,2021.0,verified,TIER_B,METADATA_ONLY,train
RMVM_MB_e94645c07c,Diệu lý qua cầu,Trần Mạnh Tuấn,ART_b1cf40b89e,INSTRUMENTAL,musicbrainz_artist_discography,0.85,,,unavailable,,unavailable,,unavailable,2008.0,verified,TIER_B,METADATA_ONLY,train
RMVM_MB_ea48c1b869,Expand the Room (original dub),The Light,ART_db31f13346,ROCK,musicbrainz_artist_discography,0.85,,,unavailable,,unavailable,,unavailable,1999.0,verified,TIER_B,METADATA_ONLY,train
RMVM_MB_eabb7cf700,Hoa sim biên giới,Việt Hoàn,ART_276f4cb1af,REVOLUTIONARY,musicbrainz_artist_discography,0.85,,,unavailable,,unavailable,,unavailable,2013.0,verified,TIER_B,METADATA_ONLY,train
RMVM_MB_eace399a4a,For rest,Unlimited,ART_958f470d0b,ROCK,musicbrainz_artist_discography,0.85,,,unavailable,,unavailable,,unavailable,2009.0,verified,TIER_B,METADATA_ONLY,train
RMVM_MB_eb5671b214,Cát bụi,Trịnh Công Sơn,ART_92e0040ca7,NHAC_TRINH,musicbrainz_artist_discography,0.85,,,unavailable,,unavailable,,unavailable,,missing,TIER_B,METADATA_ONLY,train
RMVM_MB_eb649cd095,Trees,Cát,ART_3dfad4e24c,ROCK,musicbrainz_artist_discography,0.85,,,unavailable,,unavailable,,unavailable,2014.0,verified,TIER_B,METADATA_ONLY,train
RMVM_MB_ed8c5188f2,Đoản Xuân Ca,Bích Phượng,ART_b6ef58448b,REVOLUTIONARY,musicbrainz_artist_discography,0.85,,,unavailable,,unavailable,,unavailable,2017.0,verified,TIER_B,METADATA_ONLY,train
RMVM_MB_ee7dde204b,Con Nít,Binz,ART_fca6de2907,RAP_HIPHOP,musicbrainz_artist_discography,0.85,,,unavailable,,unavailable,,unavailable,2026.0,verified,TIER_B,METADATA_ONLY,train
RMVM_MB_eeee874b24,Trốn Tìm (Remastered 2024),7UPPERCUTS,ART_795d93f942,ROCK,musicbrainz_artist_discography,0.85,,,unavailable,,unavailable,,unavailable,2024.0,verified,TIER_B,METADATA_ONLY,train
RMVM_MB_ef821491e7,Hò biển,Đăng Dương,ART_cbdf1167c1,REVOLUTIONARY,musicbrainz_artist_discography,0.85,,,unavailable,,unavailable,,unavailable,2005.0,verified,TIER_B,METADATA_ONLY,train
RMVM_MB_f0027b19ec,Nắng mới,Thủy Triều Đỏ,ART_fd95027341,ROCK,musicbrainz_artist_discography,0.85,,,unavailable,,unavailable,,unavailable,2003.0,verified,TIER_B,METADATA_ONLY,train
RMVM_MB_f15047a3b2,Xa Huế,Tân Nhàn,ART_bde6d9dd7d,REVOLUTIONARY,musicbrainz_artist_discography,0.85,,,unavailable,,unavailable,,unavailable,2018.0,verified,TIER_B,METADATA_ONLY,train
RMVM_MB_f22c39bf26,Tôi đang lắng nghe,Khánh Ly,ART_2a0e02284a,NHAC_TRINH,musicbrainz_artist_discography,0.85,,,unavailable,,unavailable,,unavailable,,missing,TIER_B,METADATA_ONLY,train
RMVM_MB_f256a2c738,Nỗi đau còn mãi,Lê Hiếu,ART_b3bb561ad9,NHAC_TRINH,musicbrainz_artist_discography,0.85,,,unavailable,,unavailable,,unavailable,,missing,TIER_B,METADATA_ONLY,train
RMVM_MB_f2d276be00,Anschlag bei Nacht,ICD,ART_a63e7e0a7a,RAP_HIPHOP,musicbrainz_artist_discography,0.85,,,unavailable,,unavailable,,unavailable,2014.0,verified,TIER_B,METADATA_ONLY,train
RMVM_MB_f45ebc673e,Hà Nội tình yêu tôi,Trọng Tấn,ART_e45d081f4c,REVOLUTIONARY,musicbrainz_artist_discography,0.85,,,unavailable,,unavailable,,unavailable,2010.0,verified,TIER_B,METADATA_ONLY,train
RMVM_MB_f4eaa6aa92,Cát bụi,Trần Mạnh Tuấn,ART_b1cf40b89e,INSTRUMENTAL,musicbrainz_artist_discography,0.85,,,unavailable,,unavailable,,unavailable,2001.0,verified,TIER_B,METADATA_ONLY,train
RMVM_MB_f4fef5e6e3,Expand the Room (Rennie Pilgrem mix),The Light,ART_db31f13346,ROCK,musicbrainz_artist_discography,0.85,,,unavailable,,unavailable,,unavailable,1999.0,verified,TIER_B,METADATA_ONLY,train
RMVM_MB_f5a765933c,Transmigration,Unlimited,ART_958f470d0b,ROCK,musicbrainz_artist_discography,0.85,,,unavailable,,unavailable,,unavailable,2009.0,verified,TIER_B,METADATA_ONLY,train
RMVM_MB_f5f9830ca2,Got to Be Real (TK Groove),Erik,ART_6a42dd6e7c,RB_SOUL,musicbrainz_artist_discography,0.85,,,unavailable,,unavailable,,unavailable,1993.0,verified,TIER_B,METADATA_ONLY,train
RMVM_MB_f63d5f8726,Chài điếp noọng (Anh yêu em),DuongK,ART_523c4cdd5b,DANCE_EDM,musicbrainz_artist_discography,0.85,,,unavailable,,unavailable,,unavailable,2023.0,verified,TIER_B,METADATA_ONLY,train
RMVM_MB_f6b5bf9d6b,Tiều phu,Hạc San,ART_ce377d1ff9,ROCK,musicbrainz_artist_discography,0.85,,,unavailable,,unavailable,,unavailable,2015.0,verified,TIER_B,METADATA_ONLY,train
RMVM_MB_f7ead42fe5,Water Goes,Cát,ART_3dfad4e24c,ROCK,musicbrainz_artist_discography,0.85,,,unavailable,,unavailable,,unavailable,2011.0,verified,TIER_B,METADATA_ONLY,train
RMVM_MB_f8210e52f2,Cuối Ngày (Có Nhau Version),The Flob,ART_9037c183b4,ROCK,musicbrainz_artist_discography,0.85,,,unavailable,,unavailable,,unavailable,2022.0,verified,TIER_B,METADATA_ONLY,train
RMVM_MB_f8fd7c7776,Yêu Dấu Tan Theo,Trịnh Công Sơn,ART_92e0040ca7,NHAC_TRINH,musicbrainz_artist_discography,0.85,,,unavailable,,unavailable,,unavailable,2011.0,verified,TIER_B,METADATA_ONLY,train
RMVM_MB_f909c03d8a,Nhớ Em,Minh Vương,ART_647daac8f6,FOLK_TRADITIONAL,musicbrainz_artist_discography,0.85,,,unavailable,,unavailable,,unavailable,2018.0,verified,TIER_B,METADATA_ONLY,train
RMVM_MB_fa9926bba3,Chiều nắng,Tân Nhàn,ART_bde6d9dd7d,REVOLUTIONARY,musicbrainz_artist_discography,0.85,,,unavailable,,unavailable,,unavailable,2013.0,verified,TIER_B,METADATA_ONLY,train
RMVM_MB_fb505159f5,Giọt đắng,Bức Tường,ART_376d48d912,ROCK,musicbrainz_artist_discography,0.85,,,unavailable,,unavailable,,unavailable,2002.0,verified,TIER_B,METADATA_ONLY,train
RMVM_MB_fba5137fc0,Lac d'automne (Thème musical),Thanh Ngân,ART_165c93966a,FOLK_TRADITIONAL,musicbrainz_artist_discography,0.85,,,unavailable,,unavailable,,unavailable,2007.0,verified,TIER_B,METADATA_ONLY,train
RMVM_MB_fc36e8ede1,Ngọn đèn đứng gác,Quý Dương,ART_459a303c9f,REVOLUTIONARY,musicbrainz_artist_discography,0.85,,,unavailable,,unavailable,,unavailable,1997.0,verified,TIER_B,METADATA_ONLY,train
RMVM_MB_fc50ccf8b5,TÌNH ĐẦU QUÁ CHÉN,Quang Hưng,ART_7060520839,REVOLUTIONARY,musicbrainz_artist_discography,0.85,,,unavailable,,unavailable,,unavailable,2024.0,verified,TIER_B,METADATA_ONLY,train
RMVM_MB_fc765b0544,Hà Nội niềm tin hy vọng,Đăng Dương,ART_cbdf1167c1,REVOLUTIONARY,musicbrainz_artist_discography,0.85,,,unavailable,,unavailable,,unavailable,2005.0,verified,TIER_B,METADATA_ONLY,train
RMVM_MB_fcb4fb9b96,Bé Chúc Tết,Xuân Mai,ART_fc7f4714c5,CHILDREN,musicbrainz_artist_discography,0.85,,,unavailable,,unavailable,,unavailable,2004.0,verified,TIER_B,METADATA_ONLY,train
RMVM_MB_fe567ea3b4,Docteur,Orange,ART_fe01d67a00,RB_SOUL,musicbrainz_artist_discography,0.85,,,unavailable,,unavailable,,unavailable,2011.0,verified,TIER_B,METADATA_ONLY,train
RMVM_MB_feb2733c23,Bao Giờ Mới Nói,Binz,ART_fca6de2907,RAP_HIPHOP,musicbrainz_artist_discography,0.85,,,unavailable,,unavailable,,unavailable,2026.0,verified,TIER_B,METADATA_ONLY,train
RMVM_MB_fee2002ef6,Confidence (How to Suck but Make People Think You Are Great),Kimmese,ART_9b77c3bf9e,RB_SOUL,musicbrainz_artist_discography,0.85,,,unavailable,,unavailable,,unavailable,2016.0,verified,TIER_B,METADATA_ONLY,train
RMVM_S_0000902c11,Da Nâu,"Hoon, Chips",ART_3273a94f83,POP_BALLAD,deterministic_mapping,1.0,,,unavailable,data/lyrics/RMVM_S_0000902c11.txt,verified_local,,unavailable,,missing,TIER_A,LYRICS_ONLY,train
RMVM_S_000705de34,Cho Anh Một Điều Ước,"Hoàng Tôn, LK",ART_564038b041,POP_BALLAD,deterministic_mapping,1.0,,,unavailable,data/lyrics/RMVM_S_000705de34.txt,verified_local,data/covers/RMVM_S_000705de34.jpg,verified_local,,missing,TIER_A,LYRICS_COVER,train
RMVM_S_000f5ec04b,Ngày Trái Tim Rơi Lệ,Nguyễn Đình Vũ,ART_4bd0bf08ac,POP_BALLAD,deterministic_mapping,1.0,,,unavailable,data/lyrics/RMVM_S_000f5ec04b.txt,verified_local,,unavailable,,missing,TIER_A,LYRICS_ONLY,train
RMVM_S_0029ec80dd,Mạnh Mẽ Đến Từ Anh,Bin Trần,ART_9e8d2f84f4,POP_BALLAD,deterministic_mapping,1.0,,,unavailable,data/lyrics/RMVM_S_0029ec80dd.txt,verified_local,,unavailable,,missing,TIER_A,LYRICS_ONLY,train
RMVM_S_00364cda4e,Gia Đình Là Điểm Tựa,Nguyên Thanh Phong,ART_a3eab0c3af,POP_BALLAD,deterministic_mapping,1.0,,,unavailable,data/lyrics/RMVM_S_00364cda4e.txt,verified_local,,unavailable,,missing,TIER_A,LYRICS_ONLY,train
RMVM_S_004bfc4dcf,Kết Thúc Không Vui (Remix),Minh Nghĩa,ART_7c4a073045,POP_BALLAD,deterministic_mapping,1.0,,,unavailable,data/lyrics/RMVM_S_004bfc4dcf.txt,verified_local,data/covers/RMVM_S_004bfc4dcf.jpg,verified_local,,missing,TIER_A,LYRICS_COVER,train
RMVM_S_0077441450,Hoài Cảm,"Bằng Kiều, Thiên Tôn, Đình Bảo",ART_2a11882551,INSTRUMENTAL,source_tag_verification,0.85,,,unavailable,data/lyrics/RMVM_S_0077441450.txt,verified_local,data/covers/RMVM_S_0077441450.jpg,verified_local,,missing,TIER_B,LYRICS_COVER,train
RMVM_S_0092ab89c2,Áo Lụa Hà Đông,Bằng Kiều,ART_e70c837c14,INSTRUMENTAL,source_tag_verification,0.85,,,unavailable,data/lyrics/RMVM_S_0092ab89c2.txt,verified_local,,unavailable,,missing,TIER_B,LYRICS_ONLY,train
RMVM_S_009edbf2cc,Má Thương Con Hoài,Kevin Vương,ART_42c2c5c3f4,BOLERO_TRUTINH,deterministic_mapping,1.0,,,unavailable,data/lyrics/RMVM_S_009edbf2cc.txt,verified_local,,unavailable,,missing,TIER_A,LYRICS_ONLY,train
RMVM_S_00b1d11b4e,Hoa Của Mẹ,Bé Trang Thư,ART_fb6740eb7b,CHILDREN,artist_discography_verification,0.85,,,unavailable,data/lyrics/RMVM_S_00b1d11b4e.txt,verified_local,,unavailable,,missing,TIER_B,LYRICS_ONLY,train
RMVM_S_00b42999d0,Tại Tôi Không Thích Thôi,Đình Dương,ART_d2079a4eba,POP_BALLAD,deterministic_mapping,1.0,,,unavailable,data/lyrics/RMVM_S_00b42999d0.txt,verified_local,,unavailable,,missing,TIER_A,LYRICS_ONLY,train
RMVM_S_00ee619299,Vô Tình Hay Cố Ý,Đỗ Thành Duy,ART_4d39f48c38,POP_BALLAD,deterministic_mapping,1.0,,,unavailable,data/lyrics/RMVM_S_00ee619299.txt,verified_local,,unavailable,,missing,TIER_A,LYRICS_ONLY,train
RMVM_S_00f8350052,Em Hạnh Phúc Không,Khánh Đơn,ART_3057e7080f,POP_BALLAD,deterministic_mapping,1.0,,,unavailable,data/lyrics/RMVM_S_00f8350052.txt,verified_local,data/covers/RMVM_S_00f8350052.jpg,verified_local,,missing,TIER_A,LYRICS_COVER,train
RMVM_S_00fa5b71b1,Trở Về Bên Chúa 2,Kiều Oanh Nguyễn,ART_75ff26f64c,OTHER,curated_out_of_taxonomy,0.9,Religious / Sacred spiritual Vietnamese music,,unavailable,,unavailable,,unavailable,,missing,TIER_B,METADATA_ONLY,train
RMVM_S_01179300e4,AI KHỔ VÌ AI (LOFI VERSION),Bùi Phi Long,ART_725ffd36a2,FOLK_TRADITIONAL,deterministic_mapping,1.0,,,unavailable,data/lyrics/RMVM_S_01179300e4.txt,verified_local,,unavailable,,missing,TIER_A,LYRICS_ONLY,train
RMVM_S_011df062f0,Chợt nghe em hát,Hồng Nhung,ART_cae1d62498,POP_BALLAD,deterministic_mapping,0.85,,,unavailable,,unavailable,,unavailable,,missing,TIER_B,METADATA_ONLY,train
RMVM_S_013d3b5825,Áo Dài Ơi,Hồng Phượng,ART_50c59db3c2,BOLERO_TRUTINH,deterministic_mapping,1.0,,,unavailable,data/lyrics/RMVM_S_013d3b5825.txt,verified_local,,unavailable,,missing,TIER_A,LYRICS_ONLY,train
RMVM_S_013f09741f,Liên Khúc Trộm Nhìn Nhau,"Thái Trâm, Trương Huy",ART_7773330778,BOLERO_TRUTINH,deterministic_mapping,1.0,,,unavailable,,unavailable,data/covers/RMVM_S_013f09741f.jpg,verified_local,,missing,TIER_A,COVER_ONLY,train
RMVM_S_013f2cd3b3,Một Lần Dang Dở x Đi Qua Cầu Vồng,Nhiều nghệ sĩ,ART_736b531937,POP_BALLAD,deterministic_mapping,1.0,,,unavailable,data/lyrics/RMVM_S_013f2cd3b3.txt,verified_local,,unavailable,2024.0,verified,TIER_A,LYRICS_ONLY,train
RMVM_S_015099724d,Như Anh Chờ Em,Lai Xuân Tú,ART_eeb0008f26,POP_BALLAD,deterministic_mapping,1.0,,,unavailable,data/lyrics/RMVM_S_015099724d.txt,verified_local,,unavailable,,missing,TIER_A,LYRICS_ONLY,train
RMVM_S_01720439fd,Hạnh Phúc Nhỏ,Nguyễn Chí Tâm,ART_017b7012fa,POP_BALLAD,deterministic_mapping,1.0,,,unavailable,data/lyrics/RMVM_S_01720439fd.txt,verified_local,,unavailable,,missing,TIER_A,LYRICS_ONLY,train
RMVM_S_017da9f911,Nếu Như Con,Khánh Loan,ART_286b33056e,POP_BALLAD,deterministic_mapping,1.0,,,unavailable,data/lyrics/RMVM_S_017da9f911.txt,verified_local,,unavailable,,missing,TIER_A,LYRICS_ONLY,train
RMVM_S_01ba107d62,NGƯỜI PHU KÉO MO CAU (LOFI VERSION),Bùi Phi Long,ART_725ffd36a2,BOLERO_TRUTINH,deterministic_mapping,1.0,,,unavailable,data/lyrics/RMVM_S_01ba107d62.txt,verified_local,,unavailable,,missing,TIER_A,LYRICS_ONLY,train
RMVM_S_01ba6feea4,Anh Không Vui Chơi Đâu,"Kyo, Suzie",ART_ed8856b838,POP_BALLAD,deterministic_mapping,1.0,,,unavailable,data/lyrics/RMVM_S_01ba6feea4.txt,verified_local,,unavailable,,missing,TIER_A,LYRICS_ONLY,train
RMVM_S_01c2d6b028,Sầu Vương Chi,Hàn Quốc Thắng,ART_9dfe23c801,POP_BALLAD,deterministic_mapping,1.0,,,unavailable,data/lyrics/RMVM_S_01c2d6b028.txt,verified_local,,unavailable,,missing,TIER_A,LYRICS_ONLY,train
RMVM_S_01c7513c64,Âm Thanh Mùa Xuân,NAM DaBand,ART_b35ebe9c09,POP_BALLAD,deterministic_mapping,1.0,,,unavailable,data/lyrics/RMVM_S_01c7513c64.txt,verified_local,,unavailable,,missing,TIER_A,LYRICS_ONLY,train
RMVM_S_01ee0abbb2,Cung Đàn Có Em,Châu Ngọc Tiên,ART_bf15076f34,BOLERO_TRUTINH,deterministic_mapping,1.0,,,unavailable,data/lyrics/RMVM_S_01ee0abbb2.txt,verified_local,,unavailable,,missing,TIER_A,LYRICS_ONLY,train
RMVM_S_0223dc9e10,Đêm Tâm Sự (Beat),Lâm Bảo Phi,ART_a455c80bfc,POP_BALLAD,deterministic_mapping,1.0,,,unavailable,,unavailable,data/covers/RMVM_S_0223dc9e10.jpg,verified_local,,missing,TIER_A,COVER_ONLY,train
RMVM_S_022b2cb60f,Chiều Anh Ngồi Anh Nhớ (Lofi),"H2O Lofi, Trung Quang",ART_bb03d5eaad,POP_BALLAD,deterministic_mapping,1.0,,,unavailable,,unavailable,data/covers/RMVM_S_022b2cb60f.jpg,verified_local,,missing,TIER_A,COVER_ONLY,train
RMVM_S_022ea32d5f,Em Mãi Là Người Thay Thế,Trương Linh Đan,ART_8f75fc965b,POP_BALLAD,deterministic_mapping,1.0,,,unavailable,data/lyrics/RMVM_S_022ea32d5f.txt,verified_local,,unavailable,,missing,TIER_A,LYRICS_ONLY,train
RMVM_S_02364cf2f0,Giọt Mưa Thu (Album Tại Sao Là Không),"Lam Anh, Nguyệt Anh",ART_5d67ea2cc8,BOLERO_TRUTINH,deterministic_mapping,1.0,,,unavailable,data/lyrics/RMVM_S_02364cf2f0.txt,verified_local,,unavailable,,missing,TIER_A,LYRICS_ONLY,train
RMVM_S_0238f2b36f,Em Là Tình Yêu Của Anh (Remix),"Nhật Tinh Anh, DJ Phơ Nguyễn",ART_070f0aa649,POP_BALLAD,deterministic_mapping,1.0,,,unavailable,data/lyrics/RMVM_S_0238f2b36f.txt,verified_local,,unavailable,,missing,TIER_A,LYRICS_ONLY,train
RMVM_S_0267fd782a,Thành Phố Sương,Hiền Thục,ART_0c3829059a,BOLERO_TRUTINH,deterministic_mapping,1.0,,,unavailable,data/lyrics/RMVM_S_0267fd782a.txt,verified_local,,unavailable,,missing,TIER_A,LYRICS_ONLY,train
RMVM_S_02729eaf90,Tình Mẫu Tử,Duy Cường Bolero,ART_e3b4bbdc16,BOLERO_TRUTINH,deterministic_mapping,1.0,,,unavailable,data/lyrics/RMVM_S_02729eaf90.txt,verified_local,,unavailable,,missing,TIER_A,LYRICS_ONLY,train
RMVM_S_0279bea8e0,Nếu Hôm Nay Là Ngày Tận Cuối Để Yêu,Đinh Hương,ART_058358bacf,POP_BALLAD,deterministic_mapping,1.0,,,unavailable,data/lyrics/RMVM_S_0279bea8e0.txt,verified_local,,unavailable,,missing,TIER_A,LYRICS_ONLY,train
RMVM_S_027b142178,Lỡ Nhịp Yêu Thương,"Piu Nhok, Shyn Tây",ART_94598c3720,POP_BALLAD,deterministic_mapping,1.0,,,unavailable,data/lyrics/RMVM_S_027b142178.txt,verified_local,,unavailable,,missing,TIER_A,LYRICS_ONLY,train
RMVM_S_0292fe854c,Con Vẫn Trông Cậy Chúa,Vy Oanh,ART_4835a2401f,OTHER,curated_out_of_taxonomy,0.9,Religious / Sacred spiritual Vietnamese music,,unavailable,,unavailable,,unavailable,,missing,TIER_B,METADATA_ONLY,train
RMVM_S_0297937f2f,Hai Chuyến Tàu Đêm,Đặng Thái Hiển,ART_c1d12140ab,POP_BALLAD,deterministic_mapping,1.0,,,unavailable,data/lyrics/RMVM_S_0297937f2f.txt,verified_local,data/covers/RMVM_S_0297937f2f.jpg,verified_local,,missing,TIER_A,LYRICS_COVER,train
RMVM_S_029bca48ad,Cô Bé Mắt Nhung,Jack Long,ART_a254927a5d,POP_BALLAD,deterministic_mapping,1.0,,,unavailable,,unavailable,data/covers/RMVM_S_029bca48ad.jpg,verified_local,,missing,TIER_A,COVER_ONLY,train
RMVM_S_02a4095b8b,Đông Lạnh Có Em,Thái Phương D.A,ART_895a5696a6,POP_BALLAD,deterministic_mapping,1.0,,,unavailable,data/lyrics/RMVM_S_02a4095b8b.txt,verified_local,data/covers/RMVM_S_02a4095b8b.jpg,verified_local,,missing,TIER_A,LYRICS_COVER,train
RMVM_S_02b991dac6,Tình Là Gì (Remix),Minh Nghĩa,ART_7c4a073045,POP_BALLAD,deterministic_mapping,1.0,,,unavailable,data/lyrics/RMVM_S_02b991dac6.txt,verified_local,,unavailable,,missing,TIER_A,LYRICS_ONLY,train
RMVM_S_02d706492f,Chờ Em Nơi Chốn Cũ,M5RUSH,ART_38915a0637,POP_BALLAD,deterministic_mapping,1.0,,,unavailable,data/lyrics/RMVM_S_02d706492f.txt,verified_local,,unavailable,,missing,TIER_A,LYRICS_ONLY,train
RMVM_S_02dc32f658,Một Mai Em Đi,Hoài Nam,ART_4e14e21303,INSTRUMENTAL,source_tag_verification,0.85,,,unavailable,data/lyrics/RMVM_S_02dc32f658.txt,verified_local,,unavailable,,missing,TIER_B,LYRICS_ONLY,train
RMVM_S_03131757c5,LK Thành Phố Buồn,Chế Linh,ART_1b72c8b7f2,INSTRUMENTAL,source_tag_verification,0.85,,,unavailable,data/lyrics/RMVM_S_03131757c5.txt,verified_local,,unavailable,,missing,TIER_B,LYRICS_ONLY,train
RMVM_S_03224c7059,Bước Chân Em Về,Đức Thịnh,ART_383670474b,POP_BALLAD,deterministic_mapping,0.85,,,unavailable,,unavailable,,unavailable,,missing,TIER_B,METADATA_ONLY,train
RMVM_S_032d5947a1,Không Nên Thật Lòng,Hà Nhi,ART_294fedde83,POP_BALLAD,deterministic_mapping,1.0,,,unavailable,data/lyrics/RMVM_S_032d5947a1.txt,verified_local,,unavailable,,missing,TIER_A,LYRICS_ONLY,train
RMVM_S_0333193e3c,Kéo Khỏi Cô Đơn,Lê Vũ Bình,ART_8df1c6d8f9,POP_BALLAD,deterministic_mapping,0.85,,,unavailable,,unavailable,,unavailable,,missing,TIER_B,METADATA_ONLY,train
RMVM_S_033dd792d1,Anh Chỉ Là Quá Khứ,Lê Yến Vy,ART_4e168dd094,POP_BALLAD,deterministic_mapping,1.0,,,unavailable,data/lyrics/RMVM_S_033dd792d1.txt,verified_local,,unavailable,,missing,TIER_A,LYRICS_ONLY,train
RMVM_S_0342fafc82,Cơm Đoàn Viên,Hồ Nhật Huy,ART_46418f5f0c,POP_BALLAD,deterministic_mapping,1.0,,,unavailable,data/lyrics/RMVM_S_0342fafc82.txt,verified_local,data/covers/RMVM_S_0342fafc82.jpg,verified_local,,missing,TIER_A,LYRICS_COVER,train
RMVM_S_035fcb827f,Xin Em Về (Mashup),Jena,ART_1aa97a0422,POP_BALLAD,deterministic_mapping,1.0,,,unavailable,data/lyrics/RMVM_S_035fcb827f.txt,verified_local,data/covers/RMVM_S_035fcb827f.jpg,verified_local,,missing,TIER_A,LYRICS_COVER,train
RMVM_S_038e8bfd4a,Dốc Mù Sương,N.Deep B,ART_92900d2875,POP_BALLAD,deterministic_mapping,1.0,,,unavailable,data/lyrics/RMVM_S_038e8bfd4a.txt,verified_local,,unavailable,,missing,TIER_A,LYRICS_ONLY,train
RMVM_S_039f666292,Việt Nam Quê Hương Tôi,Thiên Phúc,ART_46f041d602,FOLK_TRADITIONAL,deterministic_mapping,1.0,,,unavailable,data/lyrics/RMVM_S_039f666292.txt,verified_local,,unavailable,,missing,TIER_A,LYRICS_ONLY,train
RMVM_S_03a3e5ed48,Ải Hồng Nhan (Remix),"Lee Ken, Cần Vinh",ART_ec135dbb1d,DANCE_EDM,deterministic_mapping,1.0,,,unavailable,data/lyrics/RMVM_S_03a3e5ed48.txt,verified_local,,unavailable,,missing,TIER_A,LYRICS_ONLY,train
RMVM_S_03a91270ea,Là Ai Mang Nắng Đi Xa (Lofi Version),"Yang, CaoTri",ART_1ab213a3ce,POP_BALLAD,deterministic_mapping,1.0,,,unavailable,data/lyrics/RMVM_S_03a91270ea.txt,verified_local,,unavailable,,missing,TIER_A,LYRICS_ONLY,train
RMVM_S_03bd0968b0,"LK Mùa Xuân Xa Quê, Như Đã Dấu Yêu","Cẩm Loan, Đoàn Minh",ART_ea44a2ca72,BOLERO_TRUTINH,deterministic_mapping,1.0,,,unavailable,,unavailable,data/covers/RMVM_S_03bd0968b0.jpg,verified_local,,missing,TIER_A,COVER_ONLY,train
RMVM_S_03cd279a21,Dở Hơi,Xanh 8+1,ART_a5bbe2f94d,ROCK,deterministic_mapping,1.0,,,unavailable,,unavailable,data/covers/RMVM_S_03cd279a21.jpg,verified_local,,missing,TIER_A,COVER_ONLY,train
RMVM_S_03d565e0de,Lỡ Mai Này,"Bozitt, LilGee Phạm",ART_27c8316e3a,POP_BALLAD,deterministic_mapping,1.0,,,unavailable,data/lyrics/RMVM_S_03d565e0de.txt,verified_local,,unavailable,,missing,TIER_A,LYRICS_ONLY,train
RMVM_S_03f8a0f068,Ai Là Hương Là Hoa,Liêu Chấn Hải,ART_7b11405333,POP_BALLAD,deterministic_mapping,1.0,,,unavailable,data/lyrics/RMVM_S_03f8a0f068.txt,verified_local,,unavailable,,missing,TIER_A,LYRICS_ONLY,train
RMVM_S_0408c1ebd7,Em Đâu Có Biết,"Bchow, Illusion, Triple",ART_abdd621376,RAP_HIPHOP,deterministic_mapping,1.0,,,unavailable,data/lyrics/RMVM_S_0408c1ebd7.txt,verified_local,,unavailable,,missing,TIER_A,LYRICS_ONLY,train
RMVM_S_0408cfb315,Lớp Học Online,"Đào Nguyễn Ánh, Trần Hiếu Trung, Cua Mề",ART_0f718efc4e,POP_BALLAD,deterministic_mapping,1.0,,,unavailable,data/lyrics/RMVM_S_0408cfb315.txt,verified_local,,unavailable,,missing,TIER_A,LYRICS_ONLY,train
RMVM_S_041782883d,Thầm Yêu (7 Deep Cuts Session),Phùng Khánh Linh,ART_e66b900342,POP_BALLAD,deterministic_mapping,1.0,,,unavailable,data/lyrics/RMVM_S_041782883d.txt,verified_local,,unavailable,,missing,TIER_A,LYRICS_ONLY,train
RMVM_S_042f501a62,Không Muốn Ai Thấy Anh Tổn Thương (Lofi Version),"Ngô Thành Dương, Nachi Khang",ART_e3228b8dfd,POP_BALLAD,deterministic_mapping,1.0,,,unavailable,,unavailable,data/covers/RMVM_S_042f501a62.jpg,verified_local,,missing,TIER_A,COVER_ONLY,train
RMVM_S_044d54a115,Kiếp Xa Quê,Phùng Ngọc Huy,ART_dc0148a015,POP_BALLAD,deterministic_mapping,1.0,,,unavailable,data/lyrics/RMVM_S_044d54a115.txt,verified_local,,unavailable,,missing,TIER_A,LYRICS_ONLY,train
RMVM_S_045877e12c,Chào Mùa Xuân Mới (Beat),"Lưu Minh Tuấn, Quách Beem, Huy Nam (A#)",ART_b7de5b8673,POP_BALLAD,deterministic_mapping,1.0,,,unavailable,data/lyrics/RMVM_S_045877e12c.txt,verified_local,,unavailable,,missing,TIER_A,LYRICS_ONLY,train
RMVM_S_04946d8d45,Họ Đâu Có Biết,Thúy Chi,ART_85df88997f,POP_BALLAD,deterministic_mapping,1.0,,,unavailable,data/lyrics/RMVM_S_04946d8d45.txt,verified_local,,unavailable,,missing,TIER_A,LYRICS_ONLY,train
RMVM_S_04b916f1e2,Anh Cho Em Mùa Xuân,Hồ Văn Cường,ART_f4e04c0dc8,BOLERO_TRUTINH,deterministic_mapping,1.0,,,unavailable,data/lyrics/RMVM_S_04b916f1e2.txt,verified_local,,unavailable,,missing,TIER_A,LYRICS_ONLY,train
RMVM_S_04d3e03484,Tâm Sự Chiếc Áo Dòng (New Version),Vũ Hoàng,ART_cbaf0965d0,OTHER,curated_out_of_taxonomy,0.9,Religious / Sacred spiritual Vietnamese music,,unavailable,,unavailable,,unavailable,,missing,TIER_B,METADATA_ONLY,train
RMVM_S_050b297017,Giận Anh (Beat),Ngọc Thùy Duyên,ART_65967d4f01,BOLERO_TRUTINH,deterministic_mapping,1.0,,,unavailable,data/lyrics/RMVM_S_050b297017.txt,verified_local,,unavailable,,missing,TIER_A,LYRICS_ONLY,train
RMVM_S_052038a28a,Quên Hết Đam Mê,"Tuấn Hùng, Thùy Vân",ART_2493bd1d8e,POP_BALLAD,deterministic_mapping,1.0,,,unavailable,data/lyrics/RMVM_S_052038a28a.txt,verified_local,,unavailable,,missing,TIER_A,LYRICS_ONLY,train
RMVM_S_053765bc4a,"Cafe, Anh Yêu Em!",Tino,ART_55131f0ffa,POP_BALLAD,deterministic_mapping,1.0,,,unavailable,data/lyrics/RMVM_S_053765bc4a.txt,verified_local,,unavailable,,missing,TIER_A,LYRICS_ONLY,train
RMVM_S_057282a987,Café Đắng,Thiên Kim,ART_941c26b730,INSTRUMENTAL,source_tag_verification,0.85,,,unavailable,data/lyrics/RMVM_S_057282a987.txt,verified_local,,unavailable,,missing,TIER_B,LYRICS_ONLY,train
RMVM_S_0575a83bba,Vì Yêu Em (Prod. Zeaplee),Binno Phương Bắc,ART_52a5f0bdd5,POP_BALLAD,deterministic_mapping,1.0,,,unavailable,data/lyrics/RMVM_S_0575a83bba.txt,verified_local,,unavailable,,missing,TIER_A,LYRICS_ONLY,train
RMVM_S_0576c8f2b4,Chờ Đợi Giữa Thế Gian,Kaisoul,ART_134a0615e8,POP_BALLAD,deterministic_mapping,1.0,,,unavailable,data/lyrics/RMVM_S_0576c8f2b4.txt,verified_local,,unavailable,,missing,TIER_A,LYRICS_ONLY,train
RMVM_S_0577834139,Biết Đâu,Cá Hồi Hoang,ART_c3d8c178db,POP_BALLAD,deterministic_mapping,1.0,,,unavailable,data/lyrics/RMVM_S_0577834139.txt,verified_local,,unavailable,,missing,TIER_A,LYRICS_ONLY,train
RMVM_S_059eb612b8,Anh Có Làm Gì Đâu,"Hồ Việt Trung, BlackBi",ART_b95ab562b9,POP_BALLAD,deterministic_mapping,1.0,,,unavailable,data/lyrics/RMVM_S_059eb612b8.txt,verified_local,,unavailable,,missing,TIER_A,LYRICS_ONLY,train
RMVM_S_05a8ed7fcd,MAX CÔ ĐƠN (OST Đại Ca Đi Học),Đạt Max,ART_80152d222e,POP_BALLAD,deterministic_mapping,1.0,,,unavailable,data/lyrics/RMVM_S_05a8ed7fcd.txt,verified_local,,unavailable,,missing,TIER_A,LYRICS_ONLY,train
RMVM_S_05b9e2066f,Bóng Cả,Mây Trắng,ART_1144cc9dfe,POP_BALLAD,deterministic_mapping,1.0,,,unavailable,,unavailable,data/covers/RMVM_S_05b9e2066f.jpg,verified_local,,missing,TIER_A,COVER_ONLY,train
RMVM_S_05c3554a90,Anh Có Về Đây Với Em (Remix),Saka Trương Tuyền,ART_3dbd6dca03,POP_BALLAD,deterministic_mapping,1.0,,,unavailable,data/lyrics/RMVM_S_05c3554a90.txt,verified_local,data/covers/RMVM_S_05c3554a90.jpg,verified_local,,missing,TIER_A,LYRICS_COVER,train
RMVM_S_06016eabcf,Đóa Hoa Hồng (红玫瑰) (Chengfeng 2023 Version),Chi Pu,ART_0b7082e18b,POP_BALLAD,deterministic_mapping,1.0,,,unavailable,data/lyrics/RMVM_S_06016eabcf.txt,verified_local,,unavailable,2023.0,verified,TIER_A,LYRICS_ONLY,train
RMVM_S_061dd752e7,Biết Đâu Khi Gặp Nhau (Không Bằng),Tuấn Khương,ART_ba50429312,POP_BALLAD,deterministic_mapping,1.0,,,unavailable,data/lyrics/RMVM_S_061dd752e7.txt,verified_local,,unavailable,,missing,TIER_A,LYRICS_ONLY,train
RMVM_S_062bea73ab,Ôi Kìa Tết Đến,"BÌN, Trường Lê",ART_d8c4dd547b,POP_BALLAD,deterministic_mapping,1.0,,,unavailable,data/lyrics/RMVM_S_062bea73ab.txt,verified_local,,unavailable,,missing,TIER_A,LYRICS_ONLY,train
RMVM_S_065edebf4b,Hướng Dương (AnnG Remix),Nhiều nghệ sĩ,ART_736b531937,DANCE_EDM,deterministic_mapping,1.0,,,unavailable,data/lyrics/RMVM_S_065edebf4b.txt,verified_local,,unavailable,,missing,TIER_A,LYRICS_ONLY,train
RMVM_S_068ba9c2da,Học Trò Ơi!,Dương Huệ,ART_64c54d2d81,POP_BALLAD,deterministic_mapping,1.0,,,unavailable,data/lyrics/RMVM_S_068ba9c2da.txt,verified_local,,unavailable,,missing,TIER_A,LYRICS_ONLY,train
RMVM_S_06b482e1cd,Cần,Xanh 8+1,ART_a5bbe2f94d,POP_BALLAD,deterministic_mapping,1.0,,,unavailable,data/lyrics/RMVM_S_06b482e1cd.txt,verified_local,,unavailable,,missing,TIER_A,LYRICS_ONLY,train
RMVM_S_06dcbbd505,Em Muốn Ăn Gì?,"OSAD, MIN",ART_e033bd1087,POP_BALLAD,deterministic_mapping,1.0,,,unavailable,data/lyrics/RMVM_S_06dcbbd505.txt,verified_local,data/covers/RMVM_S_06dcbbd505.jpg,verified_local,,missing,TIER_A,LYRICS_COVER,train
RMVM_S_06f18b5dbc,Bước Chân Buồn,Anh Đô,ART_4c6b942316,BOLERO_TRUTINH,deterministic_mapping,1.0,,,unavailable,data/lyrics/RMVM_S_06f18b5dbc.txt,verified_local,,unavailable,,missing,TIER_A,LYRICS_ONLY,train
RMVM_S_0703d4e508,Đã Biết Sẽ Có Ngày Hôm Qua,"Tim, Quỳnh Như",ART_86b830e4ee,POP_BALLAD,deterministic_mapping,1.0,,,unavailable,data/lyrics/RMVM_S_0703d4e508.txt,verified_local,,unavailable,,missing,TIER_A,LYRICS_ONLY,train
RMVM_S_07083266ed,Tơ Duyên,Ái Vân,ART_40e372afc0,INSTRUMENTAL,source_tag_verification,0.85,,,unavailable,data/lyrics/RMVM_S_07083266ed.txt,verified_local,,unavailable,,missing,TIER_B,LYRICS_ONLY,train
RMVM_S_0722c56887,Mashup Để Cho Em Khóc - Sống Xa Anh Chẳng Dễ Dàng (Remix),Lương Viết Quang,ART_893a15a317,DANCE_EDM,deterministic_mapping,1.0,,,unavailable,data/lyrics/RMVM_S_0722c56887.txt,verified_local,data/covers/RMVM_S_0722c56887.jpg,verified_local,,missing,TIER_A,LYRICS_COVER,train
RMVM_S_074505e682,Chỉ Cần Em Biết,"Dani D, Tama, Lil Tian",ART_b45b9bcc6c,POP_BALLAD,deterministic_mapping,1.0,,,unavailable,data/lyrics/RMVM_S_074505e682.txt,verified_local,,unavailable,,missing,TIER_A,LYRICS_ONLY,train
RMVM_S_0760571d1d,Lk: Tàn Tro - Radio Buồn,Thanh Hà,ART_52aeafc1b7,POP_BALLAD,deterministic_mapping,1.0,,,unavailable,data/lyrics/RMVM_S_0760571d1d.txt,verified_local,,unavailable,,missing,TIER_A,LYRICS_ONLY,train
RMVM_S_076ebb6b28,Lời Hứa Cũ,RHY,ART_5348c2d67c,POP_BALLAD,deterministic_mapping,1.0,,,unavailable,data/lyrics/RMVM_S_076ebb6b28.txt,verified_local,,unavailable,,missing,TIER_A,LYRICS_ONLY,train
RMVM_S_077c1d8ac6,Không Bao Giờ Quên Em,Đăng Anh,ART_b6b0f32cc3,BOLERO_TRUTINH,deterministic_mapping,1.0,,,unavailable,,unavailable,data/covers/RMVM_S_077c1d8ac6.jpg,verified_local,,missing,TIER_A,COVER_ONLY,train
RMVM_S_077d0d1b3f,Dương Tính Với Thính,Tân Trần,ART_dd56c76f2a,POP_BALLAD,deterministic_mapping,1.0,,,unavailable,data/lyrics/RMVM_S_077d0d1b3f.txt,verified_local,,unavailable,,missing,TIER_A,LYRICS_ONLY,train
RMVM_S_0781005064,Anh Nhận Ra,Bằng Cường,ART_92092d6cfb,POP_BALLAD,deterministic_mapping,1.0,,,unavailable,data/lyrics/RMVM_S_0781005064.txt,verified_local,,unavailable,,missing,TIER_A,LYRICS_ONLY,train
RMVM_S_078960b5a9,Biển Rộng Trời Cao,Đức Hati,ART_2ccc327f17,POP_BALLAD,deterministic_mapping,1.0,,,unavailable,data/lyrics/RMVM_S_078960b5a9.txt,verified_local,,unavailable,,missing,TIER_A,LYRICS_ONLY,train
RMVM_S_0798716207,Mashup Út Ơi 12345 (Chips Lofi),Jena,ART_1aa97a0422,POP_BALLAD,deterministic_mapping,1.0,,,unavailable,data/lyrics/RMVM_S_0798716207.txt,verified_local,,unavailable,,missing,TIER_A,LYRICS_ONLY,train
RMVM_S_07ce03b9c7,Độc Thân,"Châu Đăng Khoa, Ricky Star",ART_c7b817d66c,POP_BALLAD,deterministic_mapping,0.85,,,unavailable,,unavailable,,unavailable,,missing,TIER_B,METADATA_ONLY,train
RMVM_S_07ff6b172a,Cha Yêu Mẹ Yêu,"Đức Hưng, Y Jang Tuyn",ART_a88cb1d295,BOLERO_TRUTINH,deterministic_mapping,1.0,,,unavailable,data/lyrics/RMVM_S_07ff6b172a.txt,verified_local,,unavailable,,missing,TIER_A,LYRICS_ONLY,train
RMVM_S_0822bb46c8,Điều Anh Sai Nhất,Chí Thiện,ART_6886f3a59c,POP_BALLAD,deterministic_mapping,1.0,,,unavailable,data/lyrics/RMVM_S_0822bb46c8.txt,verified_local,,unavailable,,missing,TIER_A,LYRICS_ONLY,train
RMVM_S_082e49dd9b,Cho Em Đi Tìm Bến Mới,Lâm Hùng,ART_af1585c62c,POP_BALLAD,deterministic_mapping,1.0,,,unavailable,,unavailable,data/covers/RMVM_S_082e49dd9b.jpg,verified_local,,missing,TIER_A,COVER_ONLY,train
RMVM_S_0830c9d2b6,Trái Tim Lạc Loài,Gia Huy,ART_4aca6f6ec6,POP_BALLAD,deterministic_mapping,1.0,,,unavailable,,unavailable,data/covers/RMVM_S_0830c9d2b6.jpg,verified_local,,missing,TIER_A,COVER_ONLY,train
RMVM_S_0851c6243d,Liên Khúc Tình Khúc Vàng - Mãi Mãi Một Tình Yêu,Đan Trường,ART_d7d6ae2597,POP_BALLAD,deterministic_mapping,1.0,,,unavailable,,unavailable,data/covers/RMVM_S_0851c6243d.jpg,verified_local,,missing,TIER_A,COVER_ONLY,train
RMVM_S_0857abb679,CHUYỆN HOA SIM (LOFI VERSION),Bùi Phi Long,ART_725ffd36a2,BOLERO_TRUTINH,deterministic_mapping,1.0,,,unavailable,data/lyrics/RMVM_S_0857abb679.txt,verified_local,data/covers/RMVM_S_0857abb679.jpg,verified_local,,missing,TIER_A,LYRICS_COVER,train
RMVM_S_086b70ee0f,Giáng Sinh Chẳng Muốn Cô Đơn,"Hannie, SoHo",ART_9349f79b91,POP_BALLAD,deterministic_mapping,1.0,,,unavailable,data/lyrics/RMVM_S_086b70ee0f.txt,verified_local,,unavailable,,missing,TIER_A,LYRICS_ONLY,train
RMVM_S_08722b7939,Cơn Mưa Ký Ức,Dee Trần,ART_57dfc97013,POP_BALLAD,deterministic_mapping,1.0,,,unavailable,data/lyrics/RMVM_S_08722b7939.txt,verified_local,,unavailable,,missing,TIER_A,LYRICS_ONLY,train
RMVM_S_08dd325459,kho báu đánh rơi (ft. GREY D),"tlinh, GREY D",ART_e47714b287,POP_BALLAD,deterministic_mapping,1.0,,,unavailable,data/lyrics/RMVM_S_08dd325459.txt,verified_local,,unavailable,,missing,TIER_A,LYRICS_ONLY,train
RMVM_S_08ec558992,Chúc Mừng Giáng Sinh,Tín Nhiệm,ART_ac76920f7e,POP_BALLAD,deterministic_mapping,1.0,,,unavailable,data/lyrics/RMVM_S_08ec558992.txt,verified_local,,unavailable,,missing,TIER_A,LYRICS_ONLY,train
RMVM_S_08fc0c8c7f,Chiều Buồn Thương Nhớ Mẹ Cha,Huỳnh Nguyễn Công Bằng,ART_1faf2a948a,BOLERO_TRUTINH,deterministic_mapping,1.0,,,unavailable,data/lyrics/RMVM_S_08fc0c8c7f.txt,verified_local,data/covers/RMVM_S_08fc0c8c7f.jpg,verified_local,,missing,TIER_A,LYRICS_COVER,train
RMVM_S_09115c49f8,Cuộc Đời Nghèo,Hoàng Tú Minh,ART_65d7528481,BOLERO_TRUTINH,deterministic_mapping,1.0,,,unavailable,data/lyrics/RMVM_S_09115c49f8.txt,verified_local,,unavailable,,missing,TIER_A,LYRICS_ONLY,train
RMVM_S_09132b87ef,Cảm Xúc Của Anh (Beat),Vân Du,ART_a948da70c9,POP_BALLAD,deterministic_mapping,1.0,,,unavailable,,unavailable,data/covers/RMVM_S_09132b87ef.jpg,verified_local,,missing,TIER_A,COVER_ONLY,train
RMVM_S_0969271448,Người Nỡ Quên Anh Như Thế Sao,Giáp Hoàng Hiếu,ART_e869e0af03,POP_BALLAD,deterministic_mapping,1.0,,,unavailable,data/lyrics/RMVM_S_0969271448.txt,verified_local,,unavailable,,missing,TIER_A,LYRICS_ONLY,train
RMVM_S_09800776ed,Cát Bụi Cuộc Đời (New Version),Thương Nguyễn,ART_2de0ea5b88,NHAC_TRINH,deterministic_mapping,1.0,,,unavailable,data/lyrics/RMVM_S_09800776ed.txt,verified_local,,unavailable,,missing,TIER_A,LYRICS_ONLY,train
RMVM_S_0985feb346,Yêu Lâu Mới Thấu,Vũ Uyên Nhi,ART_89886758cc,POP_BALLAD,deterministic_mapping,1.0,,,unavailable,data/lyrics/RMVM_S_0985feb346.txt,verified_local,,unavailable,,missing,TIER_A,LYRICS_ONLY,train
RMVM_S_099258aeec,Anh Chắc Phải Quên Em Rồi,Tường Quân,ART_d069eccc5a,POP_BALLAD,deterministic_mapping,1.0,,,unavailable,data/lyrics/RMVM_S_099258aeec.txt,verified_local,,unavailable,,missing,TIER_A,LYRICS_ONLY,train
RMVM_S_099fb5288b,Biển Mặn Tình Em,Thanh Vinh,ART_993f253972,BOLERO_TRUTINH,deterministic_mapping,1.0,,,unavailable,,unavailable,data/covers/RMVM_S_099fb5288b.jpg,verified_local,,missing,TIER_A,COVER_ONLY,train
RMVM_S_09a34d9c18,Gặp Lại,"CB Khánh Nguyễn, Yi Lư",ART_a3281a6079,POP_BALLAD,deterministic_mapping,1.0,,,unavailable,data/lyrics/RMVM_S_09a34d9c18.txt,verified_local,,unavailable,,missing,TIER_A,LYRICS_ONLY,train
RMVM_S_09b0d10c67,Đón Xuân Này Nhớ Xuân Xưa (Remix),Dương Nhất Linh,ART_02796cb87a,BOLERO_TRUTINH,deterministic_mapping,1.0,,,unavailable,data/lyrics/RMVM_S_09b0d10c67.txt,verified_local,data/covers/RMVM_S_09b0d10c67.jpg,verified_local,,missing,TIER_A,LYRICS_COVER,train
RMVM_S_09b30ef8f4,Có Em là Điều Tuyệt Vời (Cover),Oanh Tạ,ART_a9d43febda,POP_BALLAD,deterministic_mapping,1.0,,,unavailable,data/lyrics/RMVM_S_09b30ef8f4.txt,verified_local,,unavailable,,missing,TIER_A,LYRICS_ONLY,train
RMVM_S_09c37470ea,Cho Anh Được Về,"Nguyễn Hữu Tài, Nhật Chan",ART_b731777600,POP_BALLAD,deterministic_mapping,1.0,,,unavailable,data/lyrics/RMVM_S_09c37470ea.txt,verified_local,,unavailable,,missing,TIER_A,LYRICS_ONLY,train
RMVM_S_0a0d815567,Cần Thơ Trong Nỗi Nhớ,Hồ Khắc Tùng,ART_0bba243a82,BOLERO_TRUTINH,deterministic_mapping,1.0,,,unavailable,data/lyrics/RMVM_S_0a0d815567.txt,verified_local,,unavailable,,missing,TIER_A,LYRICS_ONLY,train
RMVM_S_0a1d923423,Bài Không Tên Cuối Cùng & Bài Không Tên Cuối Cùng Trở Lại,Đào Kỳ Anh,ART_53748ec518,POP_BALLAD,deterministic_mapping,1.0,,,unavailable,data/lyrics/RMVM_S_0a1d923423.txt,verified_local,,unavailable,,missing,TIER_A,LYRICS_ONLY,train
RMVM_S_0a4dcbe397,BIẾT ĐÂU BẤT NGỜ,T-Flow,ART_7b060f5026,POP_BALLAD,deterministic_mapping,1.0,,,unavailable,data/lyrics/RMVM_S_0a4dcbe397.txt,verified_local,,unavailable,,missing,TIER_A,LYRICS_ONLY,train
RMVM_S_0a6f935258,Cô Độc (Bất Chấp Yêu Anh OST),Dược Sĩ Tiến,ART_a758db677f,POP_BALLAD,deterministic_mapping,1.0,,,unavailable,data/lyrics/RMVM_S_0a6f935258.txt,verified_local,,unavailable,,missing,TIER_A,LYRICS_ONLY,train
RMVM_S_0a7f566ed0,Tình Sẽ Về Đâu,Phan Đinh Tùng,ART_628c82bb0f,POP_BALLAD,deterministic_mapping,1.0,,,unavailable,data/lyrics/RMVM_S_0a7f566ed0.txt,verified_local,,unavailable,,missing,TIER_A,LYRICS_ONLY,train
RMVM_S_0a8b793477,"Lời Ru, Bú Mớm, Nâng Niu",Thái Hiền,ART_cc1066efe0,INSTRUMENTAL,source_tag_verification,0.85,,,unavailable,data/lyrics/RMVM_S_0a8b793477.txt,verified_local,,unavailable,,missing,TIER_B,LYRICS_ONLY,train
RMVM_S_0a8bf0897e,Khổ Vì Yêu,Mỹ Huyền,ART_88167f0a5a,INSTRUMENTAL,source_tag_verification,0.85,,,unavailable,data/lyrics/RMVM_S_0a8bf0897e.txt,verified_local,,unavailable,,missing,TIER_B,LYRICS_ONLY,train
RMVM_S_0a8cd686e5,Bỏ Lỡ Nhau Rồi,A.C Xuân Tài,ART_69189da7a6,POP_BALLAD,deterministic_mapping,1.0,,,unavailable,data/lyrics/RMVM_S_0a8cd686e5.txt,verified_local,,unavailable,,missing,TIER_A,LYRICS_ONLY,train
RMVM_S_0ab32e9f12,"Mashup Trái Tim Của Gió, TDP (Nam Duck Remix)","Exclusive Music, Dunghoangpham",ART_0a7ff9c0cb,POP_BALLAD,deterministic_mapping,1.0,,,unavailable,data/lyrics/RMVM_S_0ab32e9f12.txt,verified_local,,unavailable,,missing,TIER_A,LYRICS_ONLY,train
RMVM_S_0ac48d0c0e,Chuyện Tình Hoa Cát Đằng (New Version),"Vũ Hoàng, Thạch Thảo",ART_98bbd428dd,BOLERO_TRUTINH,deterministic_mapping,1.0,,,unavailable,data/lyrics/RMVM_S_0ac48d0c0e.txt,verified_local,,unavailable,,missing,TIER_A,LYRICS_ONLY,train
RMVM_S_0ad2ce6309,Chờ Kẻ Phụ Tình,Lâm Hoài Phong,ART_2aa35c261f,BOLERO_TRUTINH,deterministic_mapping,1.0,,,unavailable,data/lyrics/RMVM_S_0ad2ce6309.txt,verified_local,data/covers/RMVM_S_0ad2ce6309.jpg,verified_local,,missing,TIER_A,LYRICS_COVER,train
RMVM_S_0ae8a867d4,Chắc Em Đã Quên Rồi (MUS x HHD Remix),"Quang Chợ Lầm, HHD",ART_58fb54a220,DANCE_EDM,deterministic_mapping,1.0,,,unavailable,data/lyrics/RMVM_S_0ae8a867d4.txt,verified_local,,unavailable,,missing,TIER_A,LYRICS_ONLY,train
RMVM_S_0b11452de2,Ai Cho Tôi Lương Thiện,"Trang Pháp, Thu Phương, Ninh Dương Lan Ngọc",ART_e1f6dfa3ba,POP_BALLAD,deterministic_mapping,1.0,,,unavailable,data/lyrics/RMVM_S_0b11452de2.txt,verified_local,,unavailable,,missing,TIER_A,LYRICS_ONLY,train
RMVM_S_0b1584c0cc,Chuyện Người Đàn Bà Ngàn Năm Trước,Thế Sơn,ART_67eb934159,INSTRUMENTAL,source_tag_verification,0.85,,,unavailable,data/lyrics/RMVM_S_0b1584c0cc.txt,verified_local,,unavailable,,missing,TIER_B,LYRICS_ONLY,train
RMVM_S_0b1c1f2974,Hành Khúc Trường PTTH Nguyễn Hữu Thọ,Nhiều Nghệ Sĩ,ART_736b531937,POP_BALLAD,deterministic_mapping,1.0,,,unavailable,data/lyrics/RMVM_S_0b1c1f2974.txt,verified_local,,unavailable,,missing,TIER_A,LYRICS_ONLY,train
RMVM_S_0b1e17be1c,Lời Hứa Bay Đi,"Marr D, Freak",ART_3d693ef653,POP_BALLAD,deterministic_mapping,1.0,,,unavailable,data/lyrics/RMVM_S_0b1e17be1c.txt,verified_local,,unavailable,,missing,TIER_A,LYRICS_ONLY,train
RMVM_S_0b2aff5481,Hôm Nay Anh Đang Làm Gì? (Beat),Fanny Trần,ART_8c94e327f0,RB_SOUL,deterministic_mapping,1.0,,,unavailable,data/lyrics/RMVM_S_0b2aff5481.txt,verified_local,data/covers/RMVM_S_0b2aff5481.jpg,verified_local,,missing,TIER_A,LYRICS_COVER,train
RMVM_S_0b2c8c3b45,Anh Chẳng Cần Ai Thương,Thiên Tú,ART_b0af0bf20e,POP_BALLAD,deterministic_mapping,1.0,,,unavailable,data/lyrics/RMVM_S_0b2c8c3b45.txt,verified_local,,unavailable,,missing,TIER_A,LYRICS_ONLY,train
RMVM_S_0b302a3c9f,Anh Nhớ Em Thật Nhiều,Tăng Vinh Quang,ART_f0ca425162,POP_BALLAD,deterministic_mapping,1.0,,,unavailable,data/lyrics/RMVM_S_0b302a3c9f.txt,verified_local,,unavailable,,missing,TIER_A,LYRICS_ONLY,train
RMVM_S_0b309c754e,Kẻ Theo Đuổi Ánh Sáng (Lofi),Huy Vạc,ART_6ab9432a9c,POP_BALLAD,deterministic_mapping,1.0,,,unavailable,data/lyrics/RMVM_S_0b309c754e.txt,verified_local,,unavailable,,missing,TIER_A,LYRICS_ONLY,train
RMVM_S_0b37bf7b9f,Chuyện Bạn Tôi,Oliver Lee,ART_cd6d6e4cfc,POP_BALLAD,deterministic_mapping,1.0,,,unavailable,data/lyrics/RMVM_S_0b37bf7b9f.txt,verified_local,,unavailable,,missing,TIER_A,LYRICS_ONLY,train
RMVM_S_0b5933c065,Tôi Đang Chờ Một Cuộc Chia Tay,"Bá Vương, Magda",ART_dbada215a8,POP_BALLAD,deterministic_mapping,1.0,,,unavailable,data/lyrics/RMVM_S_0b5933c065.txt,verified_local,,unavailable,,missing,TIER_A,LYRICS_ONLY,train
RMVM_S_0ba6f1a592,Anh Có Người Mới Chưa,Huỳnh Tú,ART_275f409219,POP_BALLAD,deterministic_mapping,1.0,,,unavailable,data/lyrics/RMVM_S_0ba6f1a592.txt,verified_local,,unavailable,,missing,TIER_A,LYRICS_ONLY,train
RMVM_S_0baa6c8b31,Nỗi Nhớ Vô Hạn (Vux Lofi),Thanh Hưng,ART_d38827b9cb,POP_BALLAD,deterministic_mapping,1.0,,,unavailable,data/lyrics/RMVM_S_0baa6c8b31.txt,verified_local,,unavailable,,missing,TIER_A,LYRICS_ONLY,train
RMVM_S_0baaece342,Niềm Vui Của Cha,Danh Zoram,ART_e5a2bb009e,POP_BALLAD,deterministic_mapping,1.0,,,unavailable,data/lyrics/RMVM_S_0baaece342.txt,verified_local,data/covers/RMVM_S_0baaece342.jpg,verified_local,,missing,TIER_A,LYRICS_COVER,train
RMVM_S_0bae808c58,CHÀNG KHỜ THỦY CHUNG (Vmix),Ưng Hoàng Phúc,ART_f2f942414d,POP_BALLAD,deterministic_mapping,0.85,,,unavailable,,unavailable,,unavailable,,missing,TIER_B,METADATA_ONLY,train
RMVM_S_0bd3f10492,Bước Qua Cuộc Tình,Gia Ly,ART_eca6c44742,POP_BALLAD,deterministic_mapping,1.0,,,unavailable,data/lyrics/RMVM_S_0bd3f10492.txt,verified_local,,unavailable,,missing,TIER_A,LYRICS_ONLY,train
RMVM_S_0be9a98935,Gởi Huế,"Hương Lan, Hoài Nam",ART_f3f4743884,INSTRUMENTAL,source_tag_verification,0.85,,,unavailable,data/lyrics/RMVM_S_0be9a98935.txt,verified_local,data/covers/RMVM_S_0be9a98935.jpg,verified_local,,missing,TIER_B,LYRICS_COVER,train
RMVM_S_0bf4211f04,Ân Danh Cha Mẹ,"Bình Tinh, Nhật Minh",ART_9cb3a397ca,BOLERO_TRUTINH,deterministic_mapping,1.0,,,unavailable,,unavailable,data/covers/RMVM_S_0bf4211f04.jpg,verified_local,,missing,TIER_A,COVER_ONLY,train
RMVM_S_0c3243673b,Chúa Đang Hiện Diện Nơi Đây,Isaac Thái,ART_84028ff2d2,OTHER,curated_out_of_taxonomy,0.9,Religious / Sacred spiritual Vietnamese music,,unavailable,,unavailable,,unavailable,,missing,TIER_B,METADATA_ONLY,train
RMVM_S_0c4d56bbd9,Chuyện Tình Cô Ba Cao Lãnh,"Khưu Huy Vũ, Dương Hồng Loan",ART_838ee0dcd8,BOLERO_TRUTINH,deterministic_mapping,1.0,,,unavailable,data/lyrics/RMVM_S_0c4d56bbd9.txt,verified_local,,unavailable,,missing,TIER_A,LYRICS_ONLY,train
RMVM_S_0c60bd0eae,Gửi Tình Theo Gió,Minh Thuận,ART_29f9849d59,POP_BALLAD,deterministic_mapping,1.0,,,unavailable,data/lyrics/RMVM_S_0c60bd0eae.txt,verified_local,,unavailable,,missing,TIER_A,LYRICS_ONLY,train
RMVM_S_0c61643542,Chờ Em Trong Đêm,"CT Media, Thanh Trúc",ART_641299de41,POP_BALLAD,deterministic_mapping,1.0,,,unavailable,data/lyrics/RMVM_S_0c61643542.txt,verified_local,,unavailable,,missing,TIER_A,LYRICS_ONLY,train
RMVM_S_0c76503cce,Làm Sao Để Yêu Thương Quay Về,Đoàn Tuấn,ART_0af4859032,POP_BALLAD,deterministic_mapping,1.0,,,unavailable,data/lyrics/RMVM_S_0c76503cce.txt,verified_local,,unavailable,,missing,TIER_A,LYRICS_ONLY,train
RMVM_S_0c7fd230fa,Nhẹ Bước Sang Sông,"Kim Linh, Dương Lễ",ART_16c0ddd347,BOLERO_TRUTINH,deterministic_mapping,1.0,,,unavailable,data/lyrics/RMVM_S_0c7fd230fa.txt,verified_local,,unavailable,,missing,TIER_A,LYRICS_ONLY,train
RMVM_S_0c8ac64693,Vẽ trái tim,Quang Vinh,ART_141990a1f4,POP_BALLAD,deterministic_mapping,1.0,,,unavailable,data/lyrics/RMVM_S_0c8ac64693.txt,verified_local,,unavailable,,missing,TIER_A,LYRICS_ONLY,train
RMVM_S_0c9fd415a5,Mẹ Tôi - Nhị Hà,Quang Dũng,ART_d0d47f53b1,FOLK_TRADITIONAL,deterministic_mapping,1.0,,,unavailable,data/lyrics/RMVM_S_0c9fd415a5.txt,verified_local,,unavailable,,missing,TIER_A,LYRICS_ONLY,train
RMVM_S_0cc91ae53a,Cơn Mơ Mùa Đông,Quang Trung,ART_8c58b2eac3,POP_BALLAD,deterministic_mapping,1.0,,,unavailable,data/lyrics/RMVM_S_0cc91ae53a.txt,verified_local,,unavailable,,missing,TIER_A,LYRICS_ONLY,train
RMVM_S_0cea048ed6,Duyên Duyên Số Số (Piano Version),"DuUyen, Hương Ly",ART_a9bb4ff219,POP_BALLAD,deterministic_mapping,1.0,,,unavailable,data/lyrics/RMVM_S_0cea048ed6.txt,verified_local,,unavailable,,missing,TIER_A,LYRICS_ONLY,train
RMVM_S_0d3846cd18,Bến Đò Chiều Vắng Em (Beat Tone Nam),Mỹ Nhung,ART_1a486c4713,POP_BALLAD,deterministic_mapping,1.0,,,unavailable,,unavailable,data/covers/RMVM_S_0d3846cd18.jpg,verified_local,,missing,TIER_A,COVER_ONLY,train
RMVM_S_0d5f6d1563,Tìm Nhau Không (Live Version),Tăng Phúc,ART_a350fb7207,POP_BALLAD,deterministic_mapping,0.85,,,unavailable,,unavailable,,unavailable,,missing,TIER_B,METADATA_ONLY,train
RMVM_S_0d8131798c,Nếu Anh Hỏi,Bảo Nguyên,ART_ffaac0a806,BOLERO_TRUTINH,deterministic_mapping,1.0,,,unavailable,data/lyrics/RMVM_S_0d8131798c.txt,verified_local,,unavailable,,missing,TIER_A,LYRICS_ONLY,train
RMVM_S_0dc751e296,Cho Người Tình Nhỏ,Mai Trung Hậu,ART_5c95722a7f,NHAC_TRINH,deterministic_mapping,1.0,,,unavailable,,unavailable,data/covers/RMVM_S_0dc751e296.jpg,verified_local,,missing,TIER_A,COVER_ONLY,train
RMVM_S_0dc96f0580,Ði Tìm Câu Hát Lý Thương Nhau,Minh Đức,ART_31a9fe9966,BOLERO_TRUTINH,deterministic_mapping,1.0,,,unavailable,data/lyrics/RMVM_S_0dc96f0580.txt,verified_local,,unavailable,,missing,TIER_A,LYRICS_ONLY,train
RMVM_S_0dc973a38a,Anh Mong Quay Về (Beat),Khang Việt,ART_8a69eef7ef,POP_BALLAD,deterministic_mapping,1.0,,,unavailable,data/lyrics/RMVM_S_0dc973a38a.txt,verified_local,,unavailable,,missing,TIER_A,LYRICS_ONLY,train
RMVM_S_0dd7ed7abd,Tình Hồng Phai,Nhóm Khoái Văn Nghệ,ART_e7354bf906,BOLERO_TRUTINH,deterministic_mapping,1.0,,,unavailable,data/lyrics/RMVM_S_0dd7ed7abd.txt,verified_local,,unavailable,,missing,TIER_A,LYRICS_ONLY,train
RMVM_S_0ddcb3dfcc,Cắm Sừng Ai Đừng Cắm Sừng Em,"Phí Phương Anh, RIN9",ART_d09f529233,POP_BALLAD,deterministic_mapping,1.0,,,unavailable,data/lyrics/RMVM_S_0ddcb3dfcc.txt,verified_local,,unavailable,,missing,TIER_A,LYRICS_ONLY,train
RMVM_S_0dee1f929a,Không Cần Phải Nói Nhiều,"tlinh, Hoàng Tôn",ART_2a5a1ac120,POP_BALLAD,deterministic_mapping,1.0,,,unavailable,data/lyrics/RMVM_S_0dee1f929a.txt,verified_local,,unavailable,,missing,TIER_A,LYRICS_ONLY,train
RMVM_S_0df116a55c,Đừng Nói Xa Nhau,Huỳnh Thật,ART_08c2cfbdd2,POP_BALLAD,deterministic_mapping,1.0,,,unavailable,,unavailable,data/covers/RMVM_S_0df116a55c.jpg,verified_local,,missing,TIER_A,COVER_ONLY,train
RMVM_S_0e0f2dd0b7,Anh Là Quá Khứ Em Không Thể Quên (WRC REMIX),"ZIN MEDIA, Oanh Tạ",ART_f92ee7eb77,DANCE_EDM,deterministic_mapping,1.0,,,unavailable,data/lyrics/RMVM_S_0e0f2dd0b7.txt,verified_local,,unavailable,,missing,TIER_A,LYRICS_ONLY,train
RMVM_S_0e23d972cf,Dối Gian Tình Đầu,Quốc Thái,ART_bf8962ebcc,POP_BALLAD,deterministic_mapping,1.0,,,unavailable,data/lyrics/RMVM_S_0e23d972cf.txt,verified_local,,unavailable,,missing,TIER_A,LYRICS_ONLY,train
RMVM_S_0e35f01009,Tết Năm Nay Có Gì Mới Không Ba?,Thanh Goll,ART_6a03b76013,POP_BALLAD,deterministic_mapping,1.0,,,unavailable,data/lyrics/RMVM_S_0e35f01009.txt,verified_local,,unavailable,,missing,TIER_A,LYRICS_ONLY,train
RMVM_S_0e3a2df2ce,Tan Đi,Cú,ART_57f2264c82,POP_BALLAD,deterministic_mapping,1.0,,,unavailable,data/lyrics/RMVM_S_0e3a2df2ce.txt,verified_local,,unavailable,,missing,TIER_A,LYRICS_ONLY,train
RMVM_S_0e4fa4bdf5,Tình Yêu Không Thể Từ Một Phía,"Vương Bảo Khang, Khánh Phong",ART_2a9d5c1899,POP_BALLAD,deterministic_mapping,1.0,,,unavailable,data/lyrics/RMVM_S_0e4fa4bdf5.txt,verified_local,,unavailable,,missing,TIER_A,LYRICS_ONLY,train
RMVM_S_0e6fef15af,Có Em Để Khoe Rồi,Kevin Toàn,ART_1dab64917f,POP_BALLAD,deterministic_mapping,1.0,,,unavailable,data/lyrics/RMVM_S_0e6fef15af.txt,verified_local,,unavailable,,missing,TIER_A,LYRICS_ONLY,train
RMVM_S_0e7cff71e8,Tập Yêu Đi,Anh Rồng,ART_a2c36a6376,POP_BALLAD,deterministic_mapping,1.0,,,unavailable,data/lyrics/RMVM_S_0e7cff71e8.txt,verified_local,,unavailable,,missing,TIER_A,LYRICS_ONLY,train
RMVM_S_0e80d7b958,Nỗi Nhớ Còn Đây (Remix),Nhật Tinh Anh,ART_497554b7f8,POP_BALLAD,deterministic_mapping,1.0,,,unavailable,data/lyrics/RMVM_S_0e80d7b958.txt,verified_local,data/covers/RMVM_S_0e80d7b958.jpg,verified_local,,missing,TIER_A,LYRICS_COVER,train
RMVM_S_0eafd2e5a6,Nếu Phải Mất Nhau (Lofi Version),"Đình Dũng, DJ Tú Chuột",ART_8f10690274,POP_BALLAD,deterministic_mapping,1.0,,,unavailable,data/lyrics/RMVM_S_0eafd2e5a6.txt,verified_local,,unavailable,,missing,TIER_A,LYRICS_ONLY,train
RMVM_S_0eb07998b4,Trong Nỗi Nhớ Vô Cùng,Dương Nhân Trung,ART_bf347f5a8f,POP_BALLAD,deterministic_mapping,1.0,,,unavailable,data/lyrics/RMVM_S_0eb07998b4.txt,verified_local,,unavailable,,missing,TIER_A,LYRICS_ONLY,train
RMVM_S_0ed355b65c,Tết Là Tết,Bé Ngọc Ngân,ART_f9fa7ba9cb,POP_BALLAD,deterministic_mapping,1.0,,,unavailable,data/lyrics/RMVM_S_0ed355b65c.txt,verified_local,,unavailable,,missing,TIER_A,LYRICS_ONLY,train
RMVM_S_0edcde1e0e,Khi Ta Già,"Vũ Thịnh, Vicky Nhung",ART_b600bb6738,POP_BALLAD,deterministic_mapping,1.0,,,unavailable,data/lyrics/RMVM_S_0edcde1e0e.txt,verified_local,,unavailable,,missing,TIER_A,LYRICS_ONLY,train
RMVM_S_0ee5fafcb8,Ai Đã Cướp Nụ Hôn Của Anh,Cao Thái Sơn,ART_c4e148f0ff,POP_BALLAD,deterministic_mapping,1.0,,,unavailable,data/lyrics/RMVM_S_0ee5fafcb8.txt,verified_local,,unavailable,,missing,TIER_A,LYRICS_ONLY,train
RMVM_S_0eefda3e57,Áo Mới Cà Mau (Liveshow Thương Quá Việt Nam),Hồng Thanh (trữ Tình),ART_dacf991f1c,POP_BALLAD,deterministic_mapping,1.0,,,unavailable,,unavailable,data/covers/RMVM_S_0eefda3e57.jpg,verified_local,,missing,TIER_A,COVER_ONLY,train
RMVM_S_0ef138479c,Bỏ Đi Mà Làm Người,Val Huyn,ART_7e59660d26,POP_BALLAD,deterministic_mapping,1.0,,,unavailable,data/lyrics/RMVM_S_0ef138479c.txt,verified_local,,unavailable,,missing,TIER_A,LYRICS_ONLY,train
RMVM_S_0f0f39e4cf,Vô Cùng Hối Hận Khi Yêu Anh (Vinahouse Remix),MyMy,ART_62695e8f32,DANCE_EDM,deterministic_mapping,1.0,,,unavailable,data/lyrics/RMVM_S_0f0f39e4cf.txt,verified_local,,unavailable,,missing,TIER_A,LYRICS_ONLY,train
RMVM_S_0f20d963ff,Chỉ Cần Có Nhau,VCT,ART_7ed6cc10b2,POP_BALLAD,deterministic_mapping,1.0,,,unavailable,data/lyrics/RMVM_S_0f20d963ff.txt,verified_local,,unavailable,,missing,TIER_A,LYRICS_ONLY,train
RMVM_S_0f271c98c5,Biển Nước Mắt,Tp Nguyên,ART_5bbac3651d,POP_BALLAD,deterministic_mapping,1.0,,,unavailable,data/lyrics/RMVM_S_0f271c98c5.txt,verified_local,,unavailable,,missing,TIER_A,LYRICS_ONLY,train
RMVM_S_0f2b5d4dd6,Yêu Người Phụ Tôi,Tâm Đoan,ART_cfa251c242,INSTRUMENTAL,source_tag_verification,0.85,,,unavailable,data/lyrics/RMVM_S_0f2b5d4dd6.txt,verified_local,,unavailable,,missing,TIER_B,LYRICS_ONLY,train
RMVM_S_0f6937f5c4,Hãy Tin Anh,Ngô Kiến Huy,ART_21b3df1bba,POP_BALLAD,deterministic_mapping,1.0,,,unavailable,,unavailable,data/covers/RMVM_S_0f6937f5c4.jpg,verified_local,,missing,TIER_A,COVER_ONLY,train
RMVM_S_0f6f89add2,Anh Có Thể Đừng Rời Xa Em Được Không,"Nguyên Khang, Dương Nguyễn",ART_b7b1c2d23b,POP_BALLAD,deterministic_mapping,1.0,,,unavailable,data/lyrics/RMVM_S_0f6f89add2.txt,verified_local,,unavailable,,missing,TIER_A,LYRICS_ONLY,train
RMVM_S_0f7b358125,Đi Tìm Kỷ Niệm,Thế Sơn,ART_67eb934159,INSTRUMENTAL,source_tag_verification,0.85,,,unavailable,data/lyrics/RMVM_S_0f7b358125.txt,verified_local,data/covers/RMVM_S_0f7b358125.jpg,verified_local,,missing,TIER_B,LYRICS_COVER,train
RMVM_S_0f917acc88,Chuyện Hai Đứa Mình,Dương Hồng Loan,ART_ef4a4d3768,BOLERO_TRUTINH,deterministic_mapping,1.0,,,unavailable,data/lyrics/RMVM_S_0f917acc88.txt,verified_local,,unavailable,,missing,TIER_A,LYRICS_ONLY,train
RMVM_S_0fac91638f,ANH MỆT RỒI (Live NPD),Anh Quân Idol,ART_c101a632e2,POP_BALLAD,deterministic_mapping,1.0,,,unavailable,data/lyrics/RMVM_S_0fac91638f.txt,verified_local,,unavailable,,missing,TIER_A,LYRICS_ONLY,train
RMVM_S_0fc3b8e821,TIẾNG YÊU VỘI VÀNG,Poll,ART_b0f6dfb42f,POP_BALLAD,deterministic_mapping,1.0,,,unavailable,data/lyrics/RMVM_S_0fc3b8e821.txt,verified_local,,unavailable,,missing,TIER_A,LYRICS_ONLY,train
RMVM_S_0fc45b7832,Điều Ta Viết Mùa Xa Nhau,"Đoàn Minh Quân, Tiên Fami",ART_265161af99,POP_BALLAD,deterministic_mapping,1.0,,,unavailable,data/lyrics/RMVM_S_0fc45b7832.txt,verified_local,,unavailable,,missing,TIER_A,LYRICS_ONLY,train
RMVM_S_0fc64439ee,Bài Tình Ca Cho Em (Live),Thiên Tôn,ART_00db2f7fa3,BOLERO_TRUTINH,deterministic_mapping,1.0,,,unavailable,data/lyrics/RMVM_S_0fc64439ee.txt,verified_local,,unavailable,,missing,TIER_A,LYRICS_ONLY,train
RMVM_S_0fd99911db,Những Kí Ức Hôm Qua,Vũ Phương,ART_4d0d1bc43a,POP_BALLAD,deterministic_mapping,1.0,,,unavailable,data/lyrics/RMVM_S_0fd99911db.txt,verified_local,data/covers/RMVM_S_0fd99911db.jpg,verified_local,,missing,TIER_A,LYRICS_COVER,train
RMVM_S_0fe4a729c8,Chiên Con Lạc Lối,Duy Ninh,ART_269f82678a,POP_BALLAD,deterministic_mapping,1.0,,,unavailable,data/lyrics/RMVM_S_0fe4a729c8.txt,verified_local,,unavailable,,missing,TIER_A,LYRICS_ONLY,train
RMVM_S_0fefc46ae2,Anh Đợi Em Này (Remix),Hồng Dương,ART_90d456f1d1,POP_BALLAD,deterministic_mapping,1.0,,,unavailable,data/lyrics/RMVM_S_0fefc46ae2.txt,verified_local,,unavailable,,missing,TIER_A,LYRICS_ONLY,train
RMVM_S_100752a059,Cuộc Tình Vạn Dặm,Hạ Vy,ART_ed6bcc2ca5,POP_BALLAD,deterministic_mapping,0.85,,,unavailable,,unavailable,,unavailable,,missing,TIER_B,METADATA_ONLY,train
RMVM_S_100775241c,Buồn Vì Corona,Dư Anh,ART_0191065bc4,POP_BALLAD,deterministic_mapping,1.0,,,unavailable,data/lyrics/RMVM_S_100775241c.txt,verified_local,data/covers/RMVM_S_100775241c.jpg,verified_local,,missing,TIER_A,LYRICS_COVER,train
RMVM_S_1020b1e51c,Chiều Mưa Lũ,Mạnh Quỳnh,ART_d1f9e306ee,INSTRUMENTAL,source_tag_verification,0.85,,,unavailable,data/lyrics/RMVM_S_1020b1e51c.txt,verified_local,,unavailable,,missing,TIER_B,LYRICS_ONLY,train
RMVM_S_107c170d93,Tặng Nhau Đóa Hồng,Mỹ Lan,ART_1b403d6bd5,INSTRUMENTAL,source_tag_verification,0.85,,,unavailable,data/lyrics/RMVM_S_107c170d93.txt,verified_local,,unavailable,,missing,TIER_B,LYRICS_ONLY,train
RMVM_S_10af5427e1,Cho Đời Chút Ơn,Quang Dũng,ART_d0d47f53b1,POP_BALLAD,deterministic_mapping,1.0,,,unavailable,,unavailable,data/covers/RMVM_S_10af5427e1.jpg,verified_local,,missing,TIER_A,COVER_ONLY,train
RMVM_S_10f2a072c4,Ngôi Sao Của Lòng Anh,Lý Hải,ART_694bbc639d,POP_BALLAD,deterministic_mapping,1.0,,,unavailable,,unavailable,data/covers/RMVM_S_10f2a072c4.jpg,verified_local,,missing,TIER_A,COVER_ONLY,train
RMVM_S_10f4a1e397,Bài Ca Bên Cánh Võng,Tấn Minh,ART_52e0cea312,FOLK_TRADITIONAL,deterministic_mapping,1.0,,,unavailable,data/lyrics/RMVM_S_10f4a1e397.txt,verified_local,,unavailable,,missing,TIER_A,LYRICS_ONLY,train
RMVM_S_10f955fdcf,Liên Khúc Mưa Bụi,Hồ Quang Lộc,ART_9fc0a0a1d7,BOLERO_TRUTINH,deterministic_mapping,1.0,,,unavailable,data/lyrics/RMVM_S_10f955fdcf.txt,verified_local,,unavailable,,missing,TIER_A,LYRICS_ONLY,train
RMVM_S_11037013aa,Anh Lại Làm Em Khóc Nữa Rồi,Khiem,ART_9b0598c730,POP_BALLAD,deterministic_mapping,1.0,,,unavailable,data/lyrics/RMVM_S_11037013aa.txt,verified_local,,unavailable,,missing,TIER_A,LYRICS_ONLY,train
RMVM_S_1109eaaefe,Một Thuở Yêu Người (Ballad),Ngân Ngân,ART_4155bae4a8,POP_BALLAD,deterministic_mapping,1.0,,,unavailable,data/lyrics/RMVM_S_1109eaaefe.txt,verified_local,,unavailable,,missing,TIER_A,LYRICS_ONLY,train
RMVM_S_11122f6e6f,Yêu Xuân Yêu Đời,Phi Bằng,ART_7111f18e6a,BOLERO_TRUTINH,deterministic_mapping,1.0,,,unavailable,data/lyrics/RMVM_S_11122f6e6f.txt,verified_local,,unavailable,,missing,TIER_A,LYRICS_ONLY,train
RMVM_S_1121e2216a,Bartender,Ngọt,ART_c5e40683b5,POP_BALLAD,deterministic_mapping,1.0,,,unavailable,data/lyrics/RMVM_S_1121e2216a.txt,verified_local,,unavailable,,missing,TIER_A,LYRICS_ONLY,train
RMVM_S_1126cd8304,Em Thuộc Về Một Người Khác,Dương Phúc Hậu,ART_1a76b33b94,POP_BALLAD,deterministic_mapping,1.0,,,unavailable,data/lyrics/RMVM_S_1126cd8304.txt,verified_local,,unavailable,,missing,TIER_A,LYRICS_ONLY,train
RMVM_S_112ce34f7d,Xuân Ở Lại Chơi Remix (Dance Version),Peto,ART_489539e42b,DANCE_EDM,deterministic_mapping,1.0,,,unavailable,data/lyrics/RMVM_S_112ce34f7d.txt,verified_local,,unavailable,,missing,TIER_A,LYRICS_ONLY,train
RMVM_S_115752ca60,Nhật Thực,Cẩm Loan,ART_307e1071de,BOLERO_TRUTINH,deterministic_mapping,1.0,,,unavailable,data/lyrics/RMVM_S_115752ca60.txt,verified_local,,unavailable,,missing,TIER_A,LYRICS_ONLY,train
RMVM_S_1159cc6fe3,Hết Hôm Nay Thành Người Xa Lạ,"NAM DaBand, Hamlet Trương",ART_c882d7a9e0,POP_BALLAD,deterministic_mapping,1.0,,,unavailable,data/lyrics/RMVM_S_1159cc6fe3.txt,verified_local,,unavailable,,missing,TIER_A,LYRICS_ONLY,train
RMVM_S_118207cbc2,Bài Tình Ca Giê-Su,Tuyết Mai,ART_0d8e63e66a,OTHER,curated_out_of_taxonomy,0.9,Religious / Sacred spiritual Vietnamese music,,unavailable,,unavailable,,unavailable,,missing,TIER_B,METADATA_ONLY,train
RMVM_S_11a64d7074,Bao tuổi rồi mà còn yêu với đương,Saabirose,ART_b6ccd3354f,RAP_HIPHOP,deterministic_mapping,1.0,,,unavailable,data/lyrics/RMVM_S_11a64d7074.txt,verified_local,,unavailable,,missing,TIER_A,LYRICS_ONLY,train
RMVM_S_11bf555ad8,Em Nào Biết,Thương,ART_5e21c2396f,POP_BALLAD,deterministic_mapping,1.0,,,unavailable,data/lyrics/RMVM_S_11bf555ad8.txt,verified_local,,unavailable,,missing,TIER_A,LYRICS_ONLY,train
RMVM_S_11c2e020f1,Anh Hiểu Không,Hari Won,ART_3fb74c401e,POP_BALLAD,deterministic_mapping,1.0,,,unavailable,data/lyrics/RMVM_S_11c2e020f1.txt,verified_local,,unavailable,,missing,TIER_A,LYRICS_ONLY,train
RMVM_S_11d9e23093,Lý Do Anh Xuất Hiện,Tân Trần,ART_dd56c76f2a,POP_BALLAD,deterministic_mapping,1.0,,,unavailable,data/lyrics/RMVM_S_11d9e23093.txt,verified_local,,unavailable,,missing,TIER_A,LYRICS_ONLY,train
RMVM_S_11e2a7c959,Chạy Theo Em,T.R.I,ART_c60614113e,POP_BALLAD,deterministic_mapping,1.0,,,unavailable,data/lyrics/RMVM_S_11e2a7c959.txt,verified_local,,unavailable,,missing,TIER_A,LYRICS_ONLY,train
RMVM_S_11e2d48a7f,Vào Hạ,Bé Phương Nhi,ART_a724e95582,CHILDREN,deterministic_mapping,1.0,,,unavailable,data/lyrics/RMVM_S_11e2d48a7f.txt,verified_local,,unavailable,,missing,TIER_A,LYRICS_ONLY,train
RMVM_S_11fd9a42bc,Ngày Ấy Không Trở Lại,Lý Hải,ART_694bbc639d,POP_BALLAD,deterministic_mapping,1.0,,,unavailable,data/lyrics/RMVM_S_11fd9a42bc.txt,verified_local,,unavailable,,missing,TIER_A,LYRICS_ONLY,train
RMVM_S_1209950bb2,Cô Út Củ Chi,Bé Mai Vy,ART_04fe13b603,CHILDREN,deterministic_mapping,1.0,,,unavailable,data/lyrics/RMVM_S_1209950bb2.txt,verified_local,data/covers/RMVM_S_1209950bb2.jpg,verified_local,,missing,TIER_A,LYRICS_COVER,train
RMVM_S_121692b6f5,Đợi Chờ Bóng Xuân,Eric Toàn Nguyễn,ART_6ee35653d5,BOLERO_TRUTINH,deterministic_mapping,1.0,,,unavailable,data/lyrics/RMVM_S_121692b6f5.txt,verified_local,data/covers/RMVM_S_121692b6f5.jpg,verified_local,,missing,TIER_A,LYRICS_COVER,train
RMVM_S_12499ada99,Cảm Tạ Ơn Chúa,Lm. Quang Lâm,ART_131de67c02,OTHER,curated_out_of_taxonomy,0.9,Religious / Sacred spiritual Vietnamese music,,unavailable,,unavailable,,unavailable,,missing,TIER_B,METADATA_ONLY,train
RMVM_S_125f8223f2,"LK Em Cứ Theo Người, Dấu Yêu Ơi",Khang Lê,ART_ed8283abf9,POP_BALLAD,deterministic_mapping,1.0,,,unavailable,,unavailable,data/covers/RMVM_S_125f8223f2.jpg,verified_local,,missing,TIER_A,COVER_ONLY,train
RMVM_S_126d4ab3b0,Câu chuyện mình tôi và em,Tin,ART_2cb1b78013,POP_BALLAD,deterministic_mapping,1.0,,,unavailable,data/lyrics/RMVM_S_126d4ab3b0.txt,verified_local,data/covers/RMVM_S_126d4ab3b0.jpg,verified_local,,missing,TIER_A,LYRICS_COVER,train
RMVM_S_1280157612,Tin Yêu,Haukong,ART_d034409e46,POP_BALLAD,deterministic_mapping,1.0,,,unavailable,data/lyrics/RMVM_S_1280157612.txt,verified_local,data/covers/RMVM_S_1280157612.jpg,verified_local,,missing,TIER_A,LYRICS_COVER,train
RMVM_S_129760af31,Tình Cũ Không Rủ Cũng Tới,Phan Yến Nhi,ART_b232031735,POP_BALLAD,deterministic_mapping,1.0,,,unavailable,data/lyrics/RMVM_S_129760af31.txt,verified_local,,unavailable,,missing,TIER_A,LYRICS_ONLY,train
RMVM_S_12b9eb813b,Cô Giáo Trẻ,Dương Kim Ánh,ART_f84105190f,FOLK_TRADITIONAL,deterministic_mapping,1.0,,,unavailable,data/lyrics/RMVM_S_12b9eb813b.txt,verified_local,,unavailable,,missing,TIER_A,LYRICS_ONLY,train
RMVM_S_12c62fa7dd,Biển Chiều Hoàng Hôn,Đông Hùng,ART_5767518840,POP_BALLAD,deterministic_mapping,1.0,,,unavailable,data/lyrics/RMVM_S_12c62fa7dd.txt,verified_local,,unavailable,,missing,TIER_A,LYRICS_ONLY,train
RMVM_S_12ed2f118f,Mùa Xuân Gọi Mình Yêu Nhau,"Gin Tuấn Kiệt, Juky San",ART_c22228f747,POP_BALLAD,deterministic_mapping,1.0,,,unavailable,data/lyrics/RMVM_S_12ed2f118f.txt,verified_local,,unavailable,,missing,TIER_A,LYRICS_ONLY,train
RMVM_S_12faeeb769,Liên Khúc: Mưa Nửa Đêm – Phố Đêm,Diễm Hân,ART_c71c1eed39,BOLERO_TRUTINH,deterministic_mapping,1.0,,,unavailable,,unavailable,data/covers/RMVM_S_12faeeb769.jpg,verified_local,,missing,TIER_A,COVER_ONLY,train
RMVM_S_13120de462,Chỉ Là Không Chung Lối (Lofi Version),Âu Hoàng,ART_b01e2dc9ba,POP_BALLAD,deterministic_mapping,1.0,,,unavailable,data/lyrics/RMVM_S_13120de462.txt,verified_local,data/covers/RMVM_S_13120de462.jpg,verified_local,,missing,TIER_A,LYRICS_COVER,train
RMVM_S_1313fe0016,Có Đâu Xa Gần (Beat),Ái Phương,ART_21e0c66239,POP_BALLAD,deterministic_mapping,1.0,,,unavailable,data/lyrics/RMVM_S_1313fe0016.txt,verified_local,data/covers/RMVM_S_1313fe0016.jpg,verified_local,,missing,TIER_A,LYRICS_COVER,train
RMVM_S_132eb88537,Cho Người Tình Phụ,"Kim Cương, Nhật Nguyên",ART_3fd64aeb43,BOLERO_TRUTINH,deterministic_mapping,1.0,,,unavailable,,unavailable,data/covers/RMVM_S_132eb88537.jpg,verified_local,,missing,TIER_A,COVER_ONLY,train
RMVM_S_133936ecbc,Cả Nhà Lên Chức,Rhymastic,ART_35ac2077c4,POP_BALLAD,deterministic_mapping,1.0,,,unavailable,data/lyrics/RMVM_S_133936ecbc.txt,verified_local,data/covers/RMVM_S_133936ecbc.jpg,verified_local,,missing,TIER_A,LYRICS_COVER,train
RMVM_S_133ddd6d07,Vẫn Còn Có Anh (Remix),Samson BMT,ART_f960e248d2,DANCE_EDM,deterministic_mapping,1.0,,,unavailable,data/lyrics/RMVM_S_133ddd6d07.txt,verified_local,,unavailable,,missing,TIER_A,LYRICS_ONLY,train
RMVM_S_1342bba721,Hai Sắc Mùa Xuân,"Hồng Phượng, Vũ Linh",ART_f85d7ce9d3,BOLERO_TRUTINH,deterministic_mapping,1.0,,,unavailable,data/lyrics/RMVM_S_1342bba721.txt,verified_local,,unavailable,,missing,TIER_A,LYRICS_ONLY,train
RMVM_S_134b1ba0b7,Thích Gì Thì Làm Thôi,"Sino P, FEEZY, Deezy",ART_e13d5f3f2e,DANCE_EDM,deterministic_mapping,1.0,,,unavailable,data/lyrics/RMVM_S_134b1ba0b7.txt,verified_local,,unavailable,,missing,TIER_A,LYRICS_ONLY,train
RMVM_S_1350bbcb07,Lạc Bước Bên Đời,Trịnh Lam,ART_91cc1e2430,INSTRUMENTAL,source_tag_verification,0.85,,,unavailable,data/lyrics/RMVM_S_1350bbcb07.txt,verified_local,,unavailable,,missing,TIER_B,LYRICS_ONLY,train
RMVM_S_1366522d0b,CHƯA QUÊN ĐƯỢC ĐÂU,Nhật Phi,ART_79aa5ddf6c,POP_BALLAD,deterministic_mapping,1.0,,,unavailable,data/lyrics/RMVM_S_1366522d0b.txt,verified_local,,unavailable,,missing,TIER_A,LYRICS_ONLY,train
RMVM_S_1376262df9,Xóm Đêm,Diễm Thùy,ART_b4d32ccd24,BOLERO_TRUTINH,deterministic_mapping,1.0,,,unavailable,data/lyrics/RMVM_S_1376262df9.txt,verified_local,,unavailable,,missing,TIER_A,LYRICS_ONLY,train
RMVM_S_13787a8f58,Bắc Ninh Trong Tôi,Bỉnh Tài,ART_78cc83f1bb,FOLK_TRADITIONAL,deterministic_mapping,1.0,,,unavailable,data/lyrics/RMVM_S_13787a8f58.txt,verified_local,,unavailable,,missing,TIER_A,LYRICS_ONLY,train
RMVM_S_1388a2a7b6,Ngày Xuân Vui Cưới,Bé Ngọc Ngân,ART_f9fa7ba9cb,POP_BALLAD,deterministic_mapping,0.85,,,unavailable,,unavailable,,unavailable,,missing,TIER_B,METADATA_ONLY,train
RMVM_S_13903f5e58,Con Mèo Ra Bờ Sông,Bé Minh Thư,ART_1ff22e485e,CHILDREN,deterministic_mapping,1.0,,,unavailable,data/lyrics/RMVM_S_13903f5e58.txt,verified_local,,unavailable,,missing,TIER_A,LYRICS_ONLY,train
RMVM_S_1391290dfb,Bằng Lòng Không Em,"Khang Ty, PIU",ART_c7c411cf22,POP_BALLAD,deterministic_mapping,1.0,,,unavailable,data/lyrics/RMVM_S_1391290dfb.txt,verified_local,,unavailable,,missing,TIER_A,LYRICS_ONLY,train
RMVM_S_1394279518,Còn Thấy Mặt Người,Thu Trang,ART_656bf8a697,NHAC_TRINH,deterministic_mapping,1.0,,,unavailable,data/lyrics/RMVM_S_1394279518.txt,verified_local,,unavailable,,missing,TIER_A,LYRICS_ONLY,train
RMVM_S_1399dce1b4,Anh Mới Chính Là Người Em Yêu (TD Remix) [Short Version 2],Dunghoangpham,ART_b401d4cde2,POP_BALLAD,deterministic_mapping,1.0,,,unavailable,data/lyrics/RMVM_S_1399dce1b4.txt,verified_local,,unavailable,,missing,TIER_A,LYRICS_ONLY,train
RMVM_S_13a966b4ff,Mẹ Hãy Nắm Chặt Tay Con Đi,Khánh Duyên Singer,ART_6fc0dd6004,POP_BALLAD,deterministic_mapping,1.0,,,unavailable,data/lyrics/RMVM_S_13a966b4ff.txt,verified_local,data/covers/RMVM_S_13a966b4ff.jpg,verified_local,,missing,TIER_A,LYRICS_COVER,train
RMVM_S_13aa5d373f,Đêm Xót Xa,Ngô Thanh Vân,ART_664da31eb4,POP_BALLAD,deterministic_mapping,1.0,,,unavailable,data/lyrics/RMVM_S_13aa5d373f.txt,verified_local,,unavailable,,missing,TIER_A,LYRICS_ONLY,train
RMVM_S_13ad5b9f2f,Biết Đau Nhưng Vẫn Yêu,Hồ Gia Khánh,ART_a2effaecdf,POP_BALLAD,deterministic_mapping,1.0,,,unavailable,data/lyrics/RMVM_S_13ad5b9f2f.txt,verified_local,,unavailable,,missing,TIER_A,LYRICS_ONLY,train
RMVM_S_140940b388,Dòng Sông Ai Đã Đặt Tên,Vân Khánh,ART_fdc4292814,POP_BALLAD,deterministic_mapping,1.0,,,unavailable,data/lyrics/RMVM_S_140940b388.txt,verified_local,,unavailable,,missing,TIER_A,LYRICS_ONLY,train
RMVM_S_142d0aeb74,Dạo Này Em Có Còn Thức Đêm,Hades,ART_f34422bcdc,POP_BALLAD,deterministic_mapping,1.0,,,unavailable,data/lyrics/RMVM_S_142d0aeb74.txt,verified_local,,unavailable,,missing,TIER_A,LYRICS_ONLY,train
RMVM_S_143ee98f8f,Xuân Không Về,Dương Hoàng Yến,ART_24f7c14afc,BOLERO_TRUTINH,deterministic_mapping,1.0,,,unavailable,data/lyrics/RMVM_S_143ee98f8f.txt,verified_local,,unavailable,,missing,TIER_A,LYRICS_ONLY,train
RMVM_S_14511f073b,"Con gái à, trước khi lấy chồng, ba có đôi lời muốn nói với con",Hug DJ,ART_270c6b903d,POP_BALLAD,deterministic_mapping,1.0,,,unavailable,,unavailable,data/covers/RMVM_S_14511f073b.jpg,verified_local,,missing,TIER_A,COVER_ONLY,train
RMVM_S_147c9deafa,Giá Băng Như Mặt Trăng,Nhiều nghệ sĩ,ART_736b531937,RAP_HIPHOP,deterministic_mapping,1.0,,,unavailable,data/lyrics/RMVM_S_147c9deafa.txt,verified_local,,unavailable,,missing,TIER_A,LYRICS_ONLY,train
RMVM_S_14bf5ac944,Bé Chúc Tết,Bé Thảo Như,ART_cf5336ec5d,CHILDREN,deterministic_mapping,1.0,,,unavailable,data/lyrics/RMVM_S_14bf5ac944.txt,verified_local,,unavailable,,missing,TIER_A,LYRICS_ONLY,train
RMVM_S_14cacf7423,Chuyến Đò Không Em,Kim Tuyến,ART_56b8158daa,POP_BALLAD,deterministic_mapping,1.0,,,unavailable,,unavailable,data/covers/RMVM_S_14cacf7423.jpg,verified_local,,missing,TIER_A,COVER_ONLY,train
RMVM_S_14f62f960e,Có Những Mảnh Đời,Bé Thoại Nghi,ART_3e42776d9d,OTHER,curated_out_of_taxonomy,0.9,Religious / Sacred spiritual Vietnamese music,,unavailable,,unavailable,data/covers/RMVM_S_14f62f960e.jpg,verified_local,,missing,TIER_B,COVER_ONLY,train
RMVM_S_151418c865,Để Em Cười Như Xưa,Thảo Wendy,ART_d6129c7d84,POP_BALLAD,deterministic_mapping,1.0,,,unavailable,data/lyrics/RMVM_S_151418c865.txt,verified_local,data/covers/RMVM_S_151418c865.jpg,verified_local,,missing,TIER_A,LYRICS_COVER,train
RMVM_S_1523c961b8,Rap về Captain America,Phan Ann,ART_07345cf2b0,POP_BALLAD,deterministic_mapping,1.0,,,unavailable,data/lyrics/RMVM_S_1523c961b8.txt,verified_local,,unavailable,,missing,TIER_A,LYRICS_ONLY,train
RMVM_S_1531c419d1,Anh Vẫn Ở Đây (LHK Remix),"Thành Đạt, HOA HỒNG DẠI MUSIC",ART_2c5d64c868,DANCE_EDM,deterministic_mapping,1.0,,,unavailable,data/lyrics/RMVM_S_1531c419d1.txt,verified_local,,unavailable,,missing,TIER_A,LYRICS_ONLY,train
RMVM_S_155f95c02f,Hành Khúc Ngày Và Đêm,Thanh Hương,ART_ebd4f9bdbe,POP_BALLAD,deterministic_mapping,1.0,,,unavailable,data/lyrics/RMVM_S_155f95c02f.txt,verified_local,,unavailable,,missing,TIER_A,LYRICS_ONLY,train
RMVM_S_157effa12a,Trời Còn Làm Mưa Mãi,"Đức Vinh, Đức Hiếu",ART_031b3618c6,POP_BALLAD,deterministic_mapping,1.0,,,unavailable,data/lyrics/RMVM_S_157effa12a.txt,verified_local,,unavailable,,missing,TIER_A,LYRICS_ONLY,train
RMVM_S_15a3f74158,Ốc Đắng Buồn Ai,"Tố My, Đan Trường",ART_617027e8ae,POP_BALLAD,deterministic_mapping,1.0,,,unavailable,data/lyrics/RMVM_S_15a3f74158.txt,verified_local,,unavailable,,missing,TIER_A,LYRICS_ONLY,train
RMVM_S_15b916fd2d,Hạnh Phúc Của Anh Là Em,"Đưc Tuấn iTV, Đức Tuấn iTV",ART_5fdfd80c18,POP_BALLAD,deterministic_mapping,1.0,,,unavailable,,unavailable,data/covers/RMVM_S_15b916fd2d.jpg,verified_local,,missing,TIER_A,COVER_ONLY,train
RMVM_S_15cb683df8,Dòng Ký Ức,Cao Như Long,ART_869d8b2695,POP_BALLAD,deterministic_mapping,1.0,,,unavailable,data/lyrics/RMVM_S_15cb683df8.txt,verified_local,,unavailable,,missing,TIER_A,LYRICS_ONLY,train
RMVM_S_15d1b1070b,Đoạn Buồn Đêm Mưa,Ân Thiên Vỹ,ART_a7e34b8ed2,BOLERO_TRUTINH,deterministic_mapping,1.0,,,unavailable,data/lyrics/RMVM_S_15d1b1070b.txt,verified_local,data/covers/RMVM_S_15d1b1070b.jpg,verified_local,,missing,TIER_A,LYRICS_COVER,train
RMVM_S_15d2f580e3,Hoa Tím Ngày Xưa,Hải Vy,ART_072589b6ce,BOLERO_TRUTINH,deterministic_mapping,1.0,,,unavailable,data/lyrics/RMVM_S_15d2f580e3.txt,verified_local,,unavailable,,missing,TIER_A,LYRICS_ONLY,train
RMVM_S_15d78675a5,Bao Giờ Em Thôi Nói Yêu Anh,Hoài Nam,ART_4e14e21303,BOLERO_TRUTINH,deterministic_mapping,1.0,,,unavailable,data/lyrics/RMVM_S_15d78675a5.txt,verified_local,,unavailable,,missing,TIER_A,LYRICS_ONLY,train
RMVM_S_15db0094f7,Có Những Chiều (Cover),Music 30 - 365,ART_4985d2bb78,POP_BALLAD,deterministic_mapping,1.0,,,unavailable,data/lyrics/RMVM_S_15db0094f7.txt,verified_local,,unavailable,,missing,TIER_A,LYRICS_ONLY,train
RMVM_S_15df482ce7,Anh Đã Tìm Được Em (Lofi Version),"A.C Xuân Tài, T.Vy",ART_fa37d99d4e,POP_BALLAD,deterministic_mapping,1.0,,,unavailable,data/lyrics/RMVM_S_15df482ce7.txt,verified_local,,unavailable,,missing,TIER_A,LYRICS_ONLY,train
RMVM_S_15e4883a68,Đâu Còn Đây (Lofi),"Nal, Lee Ken",ART_bec1d97393,POP_BALLAD,deterministic_mapping,1.0,,,unavailable,data/lyrics/RMVM_S_15e4883a68.txt,verified_local,,unavailable,,missing,TIER_A,LYRICS_ONLY,train
RMVM_S_15ecb44746,Cách Sống Ở Đời (Beat),Du Thiên,ART_e5652c266a,POP_BALLAD,deterministic_mapping,1.0,,,unavailable,data/lyrics/RMVM_S_15ecb44746.txt,verified_local,,unavailable,,missing,TIER_A,LYRICS_ONLY,train
RMVM_S_15f638c594,Chiều Thu Hẹn Ước,Bùi Tuyết Mai,ART_ee032ff0d2,BOLERO_TRUTINH,deterministic_mapping,1.0,,,unavailable,data/lyrics/RMVM_S_15f638c594.txt,verified_local,,unavailable,,missing,TIER_A,LYRICS_ONLY,train
RMVM_S_160bb09f05,Bài Ca Sao,"Ái Vân, Elvis Phương",ART_ae22c37494,INSTRUMENTAL,source_tag_verification,0.85,,,unavailable,data/lyrics/RMVM_S_160bb09f05.txt,verified_local,,unavailable,,missing,TIER_B,LYRICS_ONLY,train
RMVM_S_160e666b39,Những Đứa Con Xa Nhà,Thùy Chi,ART_b30a936cba,POP_BALLAD,deterministic_mapping,1.0,,,unavailable,data/lyrics/RMVM_S_160e666b39.txt,verified_local,,unavailable,,missing,TIER_A,LYRICS_ONLY,train
RMVM_S_16458096b1,Có Em Đây,"JayM, DIEN, Tú Na",ART_bd71de1662,RAP_HIPHOP,deterministic_mapping,1.0,,,unavailable,data/lyrics/RMVM_S_16458096b1.txt,verified_local,data/covers/RMVM_S_16458096b1.jpg,verified_local,,missing,TIER_A,LYRICS_COVER,train
RMVM_S_168a8dcd54,Ca Ngợi Phật,Kim Linh,ART_e4bd38b781,OTHER,curated_out_of_taxonomy,0.9,Religious / Sacred spiritual Vietnamese music,,unavailable,,unavailable,,unavailable,,missing,TIER_B,METADATA_ONLY,train
RMVM_S_168e5e16ef,Cô Gái Đến Từ Hôm Qua (25th Làn Sóng Xanh),"DTAP, Thu Phương, ERIK",ART_e4d790c323,POP_BALLAD,deterministic_mapping,1.0,,,unavailable,data/lyrics/RMVM_S_168e5e16ef.txt,verified_local,,unavailable,,missing,TIER_A,LYRICS_ONLY,train
RMVM_S_16a5bfd9d1,Cứ Để Ta Yêu (Live Version),Phương Phương Thảo,ART_97b8e28671,POP_BALLAD,deterministic_mapping,1.0,,,unavailable,data/lyrics/RMVM_S_16a5bfd9d1.txt,verified_local,,unavailable,,missing,TIER_A,LYRICS_ONLY,train
RMVM_S_16a7d1ce4c,Con Đường Mưa (Ciray Remix),Thương Võ,ART_d98f07dbcf,DANCE_EDM,deterministic_mapping,1.0,,,unavailable,data/lyrics/RMVM_S_16a7d1ce4c.txt,verified_local,,unavailable,,missing,TIER_A,LYRICS_ONLY,train
RMVM_S_16b1e35760,"Em, Anh Và Cô Ấy (Live Version)",Phương Phương Thảo,ART_97b8e28671,POP_BALLAD,deterministic_mapping,1.0,,,unavailable,data/lyrics/RMVM_S_16b1e35760.txt,verified_local,,unavailable,,missing,TIER_A,LYRICS_ONLY,train
RMVM_S_16bc53f874,Ai Gieo Hy Vọng,Lâm Thái Bảo,ART_57fc306c0c,POP_BALLAD,deterministic_mapping,1.0,,,unavailable,data/lyrics/RMVM_S_16bc53f874.txt,verified_local,,unavailable,,missing,TIER_A,LYRICS_ONLY,train
RMVM_S_16e30c854d,Xin Người Lãng Quên Dùm Tôi,Nguyên Vũ,ART_d4afdf558c,POP_BALLAD,deterministic_mapping,1.0,,,unavailable,data/lyrics/RMVM_S_16e30c854d.txt,verified_local,,unavailable,,missing,TIER_A,LYRICS_ONLY,train
RMVM_S_16f63f1e0e,Liên Khúc Tùy Hứng Lý Qua Cầu,Mỹ Nhung,ART_1a486c4713,BOLERO_TRUTINH,deterministic_mapping,1.0,,,unavailable,,unavailable,data/covers/RMVM_S_16f63f1e0e.jpg,verified_local,,missing,TIER_A,COVER_ONLY,train
RMVM_S_1722cbcc39,Đi Về Đâu Hỡi Em (Biểu diễn trực tiếp),Don Hồ,ART_7a15955a82,BOLERO_TRUTINH,deterministic_mapping,1.0,,,unavailable,,unavailable,,unavailable,,missing,TIER_A,METADATA_ONLY,train
RMVM_S_17301bbe08,Cớ Sao Buông Bàn Tay,"Tâm Tâm, HíuV, HOA HỒNG DẠI MUSIC",ART_9c478b16a5,POP_BALLAD,deterministic_mapping,1.0,,,unavailable,data/lyrics/RMVM_S_17301bbe08.txt,verified_local,,unavailable,,missing,TIER_A,LYRICS_ONLY,train
RMVM_S_177c7d5822,Không Yêu Nữa,Minh Luân,ART_ed0b5b5f40,BOLERO_TRUTINH,deterministic_mapping,1.0,,,unavailable,data/lyrics/RMVM_S_177c7d5822.txt,verified_local,,unavailable,,missing,TIER_A,LYRICS_ONLY,train
RMVM_S_179714fe73,Đâu Ai Cần,"Machiot, Wxrdie",ART_1e5f190f88,RAP_HIPHOP,deterministic_mapping,1.0,,,unavailable,data/lyrics/RMVM_S_179714fe73.txt,verified_local,,unavailable,,missing,TIER_A,LYRICS_ONLY,train
RMVM_S_17980f0f45,Lớn Rồi Còn Ham Lì Xì,"Sara Lưu, Minh Hằng",ART_ac787dbad9,POP_BALLAD,deterministic_mapping,1.0,,,unavailable,data/lyrics/RMVM_S_17980f0f45.txt,verified_local,,unavailable,,missing,TIER_A,LYRICS_ONLY,train
RMVM_S_179b29798b,Cha Mẹ Là Phật,Lio Thái,ART_51330fbe44,BOLERO_TRUTINH,deterministic_mapping,1.0,,,unavailable,data/lyrics/RMVM_S_179b29798b.txt,verified_local,,unavailable,,missing,TIER_A,LYRICS_ONLY,train
RMVM_S_17a664d77d,Yêu Được Không (Cover),Hương Ly,ART_4d63b5edc1,POP_BALLAD,deterministic_mapping,1.0,,,unavailable,data/lyrics/RMVM_S_17a664d77d.txt,verified_local,,unavailable,,missing,TIER_A,LYRICS_ONLY,train
RMVM_S_17b4d0e57c,Đừng Lừa Dối (Beat),Viết Trung,ART_c9f5e508d6,POP_BALLAD,deterministic_mapping,1.0,,,unavailable,data/lyrics/RMVM_S_17b4d0e57c.txt,verified_local,,unavailable,,missing,TIER_A,LYRICS_ONLY,train
RMVM_S_17e7204afc,Tự Thân Nàng Cứu Độ Nàng,Diệu Đan,ART_cdeaf1410d,OTHER,curated_out_of_taxonomy,0.9,Religious / Sacred spiritual Vietnamese music,,unavailable,,unavailable,,unavailable,,missing,TIER_B,METADATA_ONLY,train
RMVM_S_18051f7557,Dẫu Mình Xa Nhau,"Kim Linh, Lê Tiến Tiền",ART_cde5f07c56,BOLERO_TRUTINH,deterministic_mapping,1.0,,,unavailable,data/lyrics/RMVM_S_18051f7557.txt,verified_local,,unavailable,,missing,TIER_A,LYRICS_ONLY,train
RMVM_S_18064aa35c,Chi Chi Chành Chành,"Giang Bảo Trang, Giang Bảo Anh",ART_f074d1483e,RAP_HIPHOP,deterministic_mapping,1.0,,,unavailable,,unavailable,data/covers/RMVM_S_18064aa35c.jpg,verified_local,,missing,TIER_A,COVER_ONLY,train
RMVM_S_18074011d4,Say Em Mất Rồi 2,"T2K4, Xuân Quỳnh",ART_abbec13536,RAP_HIPHOP,deterministic_mapping,1.0,,,unavailable,data/lyrics/RMVM_S_18074011d4.txt,verified_local,,unavailable,,missing,TIER_A,LYRICS_ONLY,train
RMVM_S_1816dc799e,Chẳng Ai Khác Ngoài Em,Âu Nam Thái,ART_b6ac884bf2,POP_BALLAD,deterministic_mapping,1.0,,,unavailable,data/lyrics/RMVM_S_1816dc799e.txt,verified_local,,unavailable,,missing,TIER_A,LYRICS_ONLY,train
RMVM_S_181d5a6fe0,Bóng Tối Là Ánh Nến Của Anh,"Killic, Buford",ART_efafd5eaa6,RAP_HIPHOP,deterministic_mapping,1.0,,,unavailable,data/lyrics/RMVM_S_181d5a6fe0.txt,verified_local,,unavailable,,missing,TIER_A,LYRICS_ONLY,train
RMVM_S_18252ee43d,Yêu Anh Nhưng Đã Muộn,AndyShin,ART_902cc33a81,POP_BALLAD,deterministic_mapping,1.0,,,unavailable,data/lyrics/RMVM_S_18252ee43d.txt,verified_local,,unavailable,,missing,TIER_A,LYRICS_ONLY,train
RMVM_S_1846083ac7,Ngày Em Vui Cưới,Tuấn 2T,ART_4a07e338d7,POP_BALLAD,deterministic_mapping,1.0,,,unavailable,data/lyrics/RMVM_S_1846083ac7.txt,verified_local,,unavailable,,missing,TIER_A,LYRICS_ONLY,train
RMVM_S_184d75f3f7,Tự Hào Là Người Bắc Giang,Lis Shangin,ART_0d8f1e36a1,POP_BALLAD,deterministic_mapping,1.0,,,unavailable,data/lyrics/RMVM_S_184d75f3f7.txt,verified_local,,unavailable,,missing,TIER_A,LYRICS_ONLY,train
RMVM_S_1859d35580,Chỉ Vì Anh Nghèo,Lâm Vũ,ART_23de7e84af,POP_BALLAD,deterministic_mapping,1.0,,,unavailable,data/lyrics/RMVM_S_1859d35580.txt,verified_local,,unavailable,,missing,TIER_A,LYRICS_ONLY,train
RMVM_S_18861c7e45,Trò Chơi Tội Lỗi,Duy Hạnh,ART_c8171dc4fe,INSTRUMENTAL,source_tag_verification,0.85,,,unavailable,data/lyrics/RMVM_S_18861c7e45.txt,verified_local,,unavailable,,missing,TIER_B,LYRICS_ONLY,train
RMVM_S_18b085f174,Anh Ấy Là Gì Của Em,Vương Anh Tú,ART_b5427a3989,POP_BALLAD,deterministic_mapping,1.0,,,unavailable,data/lyrics/RMVM_S_18b085f174.txt,verified_local,data/covers/RMVM_S_18b085f174.jpg,verified_local,,missing,TIER_A,LYRICS_COVER,train
RMVM_S_18bd551aa6,Mashup Nếu Có Buông Tay - Cho Anh Gần Em Thêm Chút Nữa,Tùng Linh,ART_45319aa419,POP_BALLAD,deterministic_mapping,1.0,,,unavailable,data/lyrics/RMVM_S_18bd551aa6.txt,verified_local,,unavailable,,missing,TIER_A,LYRICS_ONLY,train
RMVM_S_18d86823c3,Gái xuân & Tình yêu màu nắng,"Myra Trần, BigDaddy",ART_ae3d17e954,POP_BALLAD,deterministic_mapping,1.0,,,unavailable,data/lyrics/RMVM_S_18d86823c3.txt,verified_local,,unavailable,,missing,TIER_A,LYRICS_ONLY,train
RMVM_S_18e083992c,Mấy Khi Lớn Để Buồn,thanhretro,ART_665160131b,POP_BALLAD,deterministic_mapping,1.0,,,unavailable,data/lyrics/RMVM_S_18e083992c.txt,verified_local,,unavailable,,missing,TIER_A,LYRICS_ONLY,train
RMVM_S_18ffd2ea10,Chiếc Thuyền Nan,Kitty Ngọc Nhi,ART_dcdf26394c,CHILDREN,deterministic_mapping,1.0,,,unavailable,data/lyrics/RMVM_S_18ffd2ea10.txt,verified_local,,unavailable,,missing,TIER_A,LYRICS_ONLY,train
RMVM_S_191d034e3c,Tuổi Mộng,Xuân Mai,ART_fc7f4714c5,BOLERO_TRUTINH,deterministic_mapping,1.0,,,unavailable,data/lyrics/RMVM_S_191d034e3c.txt,verified_local,,unavailable,,missing,TIER_A,LYRICS_ONLY,train
RMVM_S_1933dcdd38,Ôi Đời Hư Nát,Bảo Thắng,ART_d66a1d82b1,BOLERO_TRUTINH,deterministic_mapping,1.0,,,unavailable,data/lyrics/RMVM_S_1933dcdd38.txt,verified_local,,unavailable,,missing,TIER_A,LYRICS_ONLY,train
RMVM_S_194d6ca62b,Khói Sương,"Teddy, C.G.R Band",ART_14c5bee560,POP_BALLAD,deterministic_mapping,1.0,,,unavailable,data/lyrics/RMVM_S_194d6ca62b.txt,verified_local,data/covers/RMVM_S_194d6ca62b.jpg,verified_local,,missing,TIER_A,LYRICS_COVER,train
RMVM_S_194e3a568e,Chúa Là Con Đường,Tuyết Mai,ART_0d8e63e66a,OTHER,curated_out_of_taxonomy,0.9,Religious / Sacred spiritual Vietnamese music,,unavailable,,unavailable,data/covers/RMVM_S_194e3a568e.jpg,verified_local,,missing,TIER_B,COVER_ONLY,train
RMVM_S_198ad4f4c9,Âm Thanh Của Tuyết Rơi (Cover),Tuyết Mai,ART_0d8e63e66a,POP_BALLAD,deterministic_mapping,1.0,,,unavailable,data/lyrics/RMVM_S_198ad4f4c9.txt,verified_local,,unavailable,,missing,TIER_A,LYRICS_ONLY,train
RMVM_S_19aae2009b,Lạc Lối Giữa Sài Gòn (Chạy Đi Rồi Tính OST),Addy Trần,ART_a3103ba449,POP_BALLAD,deterministic_mapping,1.0,,,unavailable,,unavailable,data/covers/RMVM_S_19aae2009b.jpg,verified_local,,missing,TIER_A,COVER_ONLY,train
RMVM_S_19b04eaa48,Xuân Xa Xứ,"BeeBoss, Tuấn Chung",ART_418aa1c982,POP_BALLAD,deterministic_mapping,1.0,,,unavailable,data/lyrics/RMVM_S_19b04eaa48.txt,verified_local,,unavailable,,missing,TIER_A,LYRICS_ONLY,train
RMVM_S_19e6247bec,Anh Ta Bỏ Em Rồi (Beat),Hương Giang,ART_7570e7decb,POP_BALLAD,deterministic_mapping,1.0,,,unavailable,data/lyrics/RMVM_S_19e6247bec.txt,verified_local,,unavailable,,missing,TIER_A,LYRICS_ONLY,train
RMVM_S_19ec7392ba,Hai Đứa Mình Yêu Nhau,"Lưu Ánh Loan, Đoàn Minh",ART_84eacece43,BOLERO_TRUTINH,deterministic_mapping,1.0,,,unavailable,data/lyrics/RMVM_S_19ec7392ba.txt,verified_local,,unavailable,,missing,TIER_A,LYRICS_ONLY,train
RMVM_S_19ed58eb45,Ánh Sáng Nơi Cuối Đường (Remix),Lil Knight,ART_ff538b5bf5,POP_BALLAD,deterministic_mapping,1.0,,,unavailable,data/lyrics/RMVM_S_19ed58eb45.txt,verified_local,,unavailable,,missing,TIER_A,LYRICS_ONLY,train
RMVM_S_1a401be5c1,Thương Lắm Vợ Ơi !!!,Hoàng Ngọc Hải,ART_80edca828c,POP_BALLAD,deterministic_mapping,1.0,,,unavailable,,unavailable,data/covers/RMVM_S_1a401be5c1.jpg,verified_local,,missing,TIER_A,COVER_ONLY,train
RMVM_S_1a7d14be6e,Một Ngày Là Anh Em Suốt Đời Là Anh Em (Remix) (Beat),"Đinh Kiến Phong, Ben Heineken",ART_e77f1ab62f,POP_BALLAD,deterministic_mapping,1.0,,,unavailable,data/lyrics/RMVM_S_1a7d14be6e.txt,verified_local,data/covers/RMVM_S_1a7d14be6e.jpg,verified_local,,missing,TIER_A,LYRICS_COVER,train
RMVM_S_1a89a22057,Khúc Ca Mùa Đông,Dương Triệu Vũ,ART_40c6c237c0,INSTRUMENTAL,source_tag_verification,0.85,,,unavailable,,unavailable,data/covers/RMVM_S_1a89a22057.jpg,verified_local,,missing,TIER_B,COVER_ONLY,train
RMVM_S_1a9d1ddf7a,Đánh Cắp Mặt Trời,"Double2T, Cao Thanh Thảo My, Xệ Xệ",ART_098080729f,POP_BALLAD,deterministic_mapping,1.0,,,unavailable,data/lyrics/RMVM_S_1a9d1ddf7a.txt,verified_local,,unavailable,,missing,TIER_A,LYRICS_ONLY,train
RMVM_S_1aacef14b2,Đừng Gọi Em Là Mặt Trời,"Đoàn Minh Quân, MAI",ART_224d5c6b6e,POP_BALLAD,deterministic_mapping,1.0,,,unavailable,data/lyrics/RMVM_S_1aacef14b2.txt,verified_local,,unavailable,,missing,TIER_A,LYRICS_ONLY,train
RMVM_S_1aade217f6,Hơn Thua Được Gì Đâu,Ngọc Ánh Sáng,ART_84f6273e77,BOLERO_TRUTINH,deterministic_mapping,1.0,,,unavailable,,unavailable,data/covers/RMVM_S_1aade217f6.jpg,verified_local,,missing,TIER_A,COVER_ONLY,train
RMVM_S_1ac683e5a4,Khúc Hát Mừng Sinh Nhật,Hùng Min,ART_7338890a30,POP_BALLAD,deterministic_mapping,1.0,,,unavailable,data/lyrics/RMVM_S_1ac683e5a4.txt,verified_local,,unavailable,,missing,TIER_A,LYRICS_ONLY,train
RMVM_S_1ad637fe09,Bầu Trời Của Biển,Thành Đạt,ART_7abef207dc,POP_BALLAD,deterministic_mapping,1.0,,,unavailable,data/lyrics/RMVM_S_1ad637fe09.txt,verified_local,data/covers/RMVM_S_1ad637fe09.jpg,verified_local,,missing,TIER_A,LYRICS_COVER,train
RMVM_S_1af6c947e4,Bên Ấy Bên Này (Chillout),Long Cao,ART_d991a8dc50,DANCE_EDM,deterministic_mapping,1.0,,,unavailable,data/lyrics/RMVM_S_1af6c947e4.txt,verified_local,,unavailable,,missing,TIER_A,LYRICS_ONLY,train
RMVM_S_1b46d418fb,Đã Bao Lâu,"Arius Boiz, Lỏn",ART_8c3e6785e3,POP_BALLAD,deterministic_mapping,1.0,,,unavailable,data/lyrics/RMVM_S_1b46d418fb.txt,verified_local,,unavailable,,missing,TIER_A,LYRICS_ONLY,train
RMVM_S_1b57599114,Ba Năm Một Cuộc Tình,"Trang, Madihu",ART_f58f43075f,POP_BALLAD,deterministic_mapping,1.0,,,unavailable,data/lyrics/RMVM_S_1b57599114.txt,verified_local,,unavailable,,missing,TIER_A,LYRICS_ONLY,train
RMVM_S_1b5cf40209,Điều Ước Giản Dị,Khánh Phương,ART_a36111936d,POP_BALLAD,deterministic_mapping,1.0,,,unavailable,data/lyrics/RMVM_S_1b5cf40209.txt,verified_local,,unavailable,,missing,TIER_A,LYRICS_ONLY,train
RMVM_S_1b83aaff43,Mưa Trong Lòng (DJ Future Remix),Trịnh Đình Quang,ART_00eb07d1b5,POP_BALLAD,deterministic_mapping,1.0,,,unavailable,,unavailable,data/covers/RMVM_S_1b83aaff43.jpg,verified_local,,missing,TIER_A,COVER_ONLY,train
RMVM_S_1bae6af511,"Cuộc Đời Như Vòng Xoay (From ""The Lion King""/Soundtrack Version)","Hồ Hoàng Ngọc, Lebo M.",ART_4c40738c67,OTHER,curated_out_of_taxonomy,0.9,Film Soundtrack / OST composition,,unavailable,,unavailable,,unavailable,,missing,TIER_B,METADATA_ONLY,train
RMVM_S_1bca33d105,Liên Khúc Xuân Yêu Thương,Saka Trương Tuyền,ART_3dbd6dca03,POP_BALLAD,deterministic_mapping,1.0,,,unavailable,data/lyrics/RMVM_S_1bca33d105.txt,verified_local,,unavailable,,missing,TIER_A,LYRICS_ONLY,train
RMVM_S_1bdd81354c,Anh Không Cần (Beat),Hoàng Gia Huy,ART_319b46def5,POP_BALLAD,deterministic_mapping,1.0,,,unavailable,data/lyrics/RMVM_S_1bdd81354c.txt,verified_local,,unavailable,,missing,TIER_A,LYRICS_ONLY,train
RMVM_S_1bf5c72348,8 Dòng Yêu,"Nguyễn Văn Trung, Trọng Phước",ART_43d43762bc,POP_BALLAD,deterministic_mapping,1.0,,,unavailable,data/lyrics/RMVM_S_1bf5c72348.txt,verified_local,,unavailable,,missing,TIER_A,LYRICS_ONLY,train
RMVM_S_1bfec51436,Hà Nội Đem Trở Gió,Ngọc Hạ,ART_081346f81a,INSTRUMENTAL,source_tag_verification,0.85,,,unavailable,data/lyrics/RMVM_S_1bfec51436.txt,verified_local,,unavailable,,missing,TIER_B,LYRICS_ONLY,train
RMVM_S_1c07748911,"Đồng Tiền Bạc Lắm (Parody, Short Version)",Hoàng Hồng Quân,ART_fad8af9e99,POP_BALLAD,deterministic_mapping,1.0,,,unavailable,data/lyrics/RMVM_S_1c07748911.txt,verified_local,,unavailable,,missing,TIER_A,LYRICS_ONLY,train
RMVM_S_1c159a50b2,Bình Minh Yêu Thương,MPS,ART_7c1dc91629,POP_BALLAD,deterministic_mapping,1.0,,,unavailable,data/lyrics/RMVM_S_1c159a50b2.txt,verified_local,data/covers/RMVM_S_1c159a50b2.jpg,verified_local,,missing,TIER_A,LYRICS_COVER,train
RMVM_S_1c2de20a9b,Trái Tim Si Tình,Đỗ Hoàng Phúc,ART_6ca45c0062,POP_BALLAD,deterministic_mapping,1.0,,,unavailable,data/lyrics/RMVM_S_1c2de20a9b.txt,verified_local,,unavailable,,missing,TIER_A,LYRICS_ONLY,train
RMVM_S_1c68b438e5,Tình Ngỡ Trăm Năm,"Lương Tùng Quang, Tú Quyên",ART_9db64c1895,INSTRUMENTAL,source_tag_verification,0.85,,,unavailable,data/lyrics/RMVM_S_1c68b438e5.txt,verified_local,,unavailable,,missing,TIER_B,LYRICS_ONLY,train
RMVM_S_1c81417208,Đừng Đùa Với Tình Yêu,Vân Quang Long,ART_a625dedbca,POP_BALLAD,deterministic_mapping,1.0,,,unavailable,data/lyrics/RMVM_S_1c81417208.txt,verified_local,,unavailable,,missing,TIER_A,LYRICS_ONLY,train
RMVM_S_1c8150a109,Một Đời Yêu Anh,Sa Huỳnh,ART_a225ee922a,BOLERO_TRUTINH,deterministic_mapping,1.0,,,unavailable,data/lyrics/RMVM_S_1c8150a109.txt,verified_local,,unavailable,,missing,TIER_A,LYRICS_ONLY,train
RMVM_S_1c8489c826,Níu Kéo Hay Buông Tay (Beat),Luna Band,ART_7d28168601,POP_BALLAD,deterministic_mapping,1.0,,,unavailable,data/lyrics/RMVM_S_1c8489c826.txt,verified_local,,unavailable,,missing,TIER_A,LYRICS_ONLY,train
RMVM_S_1c90aa156c,Anh Mơ Mình Chia Tay,Bình Minh Vũ,ART_1bb6ff1ff8,POP_BALLAD,deterministic_mapping,1.0,,,unavailable,data/lyrics/RMVM_S_1c90aa156c.txt,verified_local,data/covers/RMVM_S_1c90aa156c.jpg,verified_local,,missing,TIER_A,LYRICS_COVER,train
RMVM_S_1c958c6d42,Hai Mươi Năm Gặp Lại,Thanh Tuyền,ART_503bd28963,BOLERO_TRUTINH,deterministic_mapping,0.85,,,unavailable,,unavailable,,unavailable,,missing,TIER_B,METADATA_ONLY,train
RMVM_S_1c9cfc3772,Còn Là Gì Của Nhau,Châu Khải Phong,ART_b5c7c65b2f,POP_BALLAD,deterministic_mapping,1.0,,,unavailable,data/lyrics/RMVM_S_1c9cfc3772.txt,verified_local,,unavailable,,missing,TIER_A,LYRICS_ONLY,train
RMVM_S_1ca0faecb5,Có Tiền Tôi Chẳng Cần Tiên,Phi Bằng,ART_7111f18e6a,POP_BALLAD,deterministic_mapping,1.0,,,unavailable,data/lyrics/RMVM_S_1ca0faecb5.txt,verified_local,data/covers/RMVM_S_1ca0faecb5.jpg,verified_local,,missing,TIER_A,LYRICS_COVER,train
RMVM_S_1ccd942f81,Tôi Tin GiêSu,Diệu Hiền,ART_fa39baeecb,BOLERO_TRUTINH,deterministic_mapping,1.0,,,unavailable,data/lyrics/RMVM_S_1ccd942f81.txt,verified_local,,unavailable,,missing,TIER_A,LYRICS_ONLY,train
RMVM_S_1ce2a206ee,Em Vừa Lòng Chưa,Dee Trần,ART_57dfc97013,POP_BALLAD,deterministic_mapping,1.0,,,unavailable,data/lyrics/RMVM_S_1ce2a206ee.txt,verified_local,,unavailable,,missing,TIER_A,LYRICS_ONLY,train
RMVM_S_1ce32a1657,Cứ Bước Đi Cùng Nhau,Espelune,ART_6f93b82b03,POP_BALLAD,deterministic_mapping,1.0,,,unavailable,data/lyrics/RMVM_S_1ce32a1657.txt,verified_local,,unavailable,,missing,TIER_A,LYRICS_ONLY,train
RMVM_S_1cedb7851d,Lá Thư Của Gió,Kha Idol,ART_b8af4a912d,POP_BALLAD,deterministic_mapping,1.0,,,unavailable,data/lyrics/RMVM_S_1cedb7851d.txt,verified_local,,unavailable,,missing,TIER_A,LYRICS_ONLY,train
RMVM_S_1d1218a00b,Một Bản Tình Ca Nhịp 6⧸8 (Live from Giao Lộ Thời Gian),Khánh Linh,ART_8cb866f3b2,POP_BALLAD,deterministic_mapping,0.85,,,unavailable,,unavailable,,unavailable,,missing,TIER_B,METADATA_ONLY,train
RMVM_S_1d35e6a668,Lối Đi Cho Nhau (Gold Mk Remix),"Hùng Quân, Quý Nhỏ",ART_4194a92447,POP_BALLAD,deterministic_mapping,1.0,,,unavailable,data/lyrics/RMVM_S_1d35e6a668.txt,verified_local,,unavailable,,missing,TIER_A,LYRICS_ONLY,train
RMVM_S_1d3cdb1bb9,Cái Tên Khắc Sâu Trong Tim,"Hà Nhi, Quốc Thiên",ART_5e33facd8c,POP_BALLAD,deterministic_mapping,1.0,,,unavailable,data/lyrics/RMVM_S_1d3cdb1bb9.txt,verified_local,data/covers/RMVM_S_1d3cdb1bb9.jpg,verified_local,,missing,TIER_A,LYRICS_COVER,train
RMVM_S_1d47f3b6fa,Bài Học Thương Đau,Nguyễn Hoàng Anh,ART_4c3135d55f,POP_BALLAD,deterministic_mapping,1.0,,,unavailable,data/lyrics/RMVM_S_1d47f3b6fa.txt,verified_local,,unavailable,,missing,TIER_A,LYRICS_ONLY,train
RMVM_S_1d6d161189,Ma Sơ Hiền Của Tôi,Diệu Hiền,ART_fa39baeecb,BOLERO_TRUTINH,deterministic_mapping,1.0,,,unavailable,data/lyrics/RMVM_S_1d6d161189.txt,verified_local,,unavailable,,missing,TIER_A,LYRICS_ONLY,train
RMVM_S_1d8e84c9f8,Lá Diêu Bông,Hồ Quang Lộc,ART_9fc0a0a1d7,BOLERO_TRUTINH,deterministic_mapping,1.0,,,unavailable,data/lyrics/RMVM_S_1d8e84c9f8.txt,verified_local,,unavailable,,missing,TIER_A,LYRICS_ONLY,train
RMVM_S_1d9abbb1ee,Đồng Tiền Và Nhân Cách (Beat),Quang Mask,ART_188dceadf2,POP_BALLAD,deterministic_mapping,1.0,,,unavailable,data/lyrics/RMVM_S_1d9abbb1ee.txt,verified_local,data/covers/RMVM_S_1d9abbb1ee.jpg,verified_local,,missing,TIER_A,LYRICS_COVER,train
RMVM_S_1db713eaaf,Bao Ngày Nhớ Bao Ngày Đau,Khánh Dũng,ART_6c3a7ae49a,POP_BALLAD,deterministic_mapping,1.0,,,unavailable,data/lyrics/RMVM_S_1db713eaaf.txt,verified_local,,unavailable,,missing,TIER_A,LYRICS_ONLY,train
RMVM_S_1dc14477a5,Nếu Anh Là Em,"Nguyễn Văn Chung, Thanh Goll",ART_859c851fe8,POP_BALLAD,deterministic_mapping,1.0,,,unavailable,,unavailable,data/covers/RMVM_S_1dc14477a5.jpg,verified_local,,missing,TIER_A,COVER_ONLY,train
RMVM_S_1dc7202a31,Biển Vắng,Bằng Kiều,ART_e70c837c14,INSTRUMENTAL,source_tag_verification,0.85,,,unavailable,data/lyrics/RMVM_S_1dc7202a31.txt,verified_local,,unavailable,,missing,TIER_B,LYRICS_ONLY,train
RMVM_S_1def9b54b0,Đừng Khóc Vì Người Yêu Cũ,Fame Chí Thành,ART_e23d2a18d1,POP_BALLAD,deterministic_mapping,1.0,,,unavailable,,unavailable,data/covers/RMVM_S_1def9b54b0.jpg,verified_local,,missing,TIER_A,COVER_ONLY,train
RMVM_S_1e0fc0ed44,Những Ngày Ấu Thơ,Bé Bào Ngư,ART_d278399f73,INSTRUMENTAL,deterministic_mapping,1.0,,,unavailable,data/lyrics/RMVM_S_1e0fc0ed44.txt,verified_local,,unavailable,,missing,TIER_A,LYRICS_ONLY,train
RMVM_S_1e1250c0d3,Chẳng Thể Giữ Lại,Chung Thanh Duy,ART_ddb107a39a,POP_BALLAD,deterministic_mapping,1.0,,,unavailable,data/lyrics/RMVM_S_1e1250c0d3.txt,verified_local,data/covers/RMVM_S_1e1250c0d3.jpg,verified_local,,missing,TIER_A,LYRICS_COVER,train
RMVM_S_1e3c01f56f,"Tìm Được Nhau Khó Thế Nào (Original Movie Soundtrack From ""Chìa Khóa Trăm Tỷ”)",Anh Tú,ART_d106731bb0,POP_BALLAD,deterministic_mapping,1.0,,,unavailable,data/lyrics/RMVM_S_1e3c01f56f.txt,verified_local,data/covers/RMVM_S_1e3c01f56f.jpg,verified_local,,missing,TIER_A,LYRICS_COVER,train
RMVM_S_1eb8172e19,Ta Trở Về,Chí Thành Danh,ART_e302e93612,POP_BALLAD,deterministic_mapping,1.0,,,unavailable,data/lyrics/RMVM_S_1eb8172e19.txt,verified_local,,unavailable,,missing,TIER_A,LYRICS_ONLY,train
RMVM_S_1ed980e9d8,Anh Sợ Nhìn Em Khóc,The Men,ART_bbb595b853,POP_BALLAD,deterministic_mapping,1.0,,,unavailable,data/lyrics/RMVM_S_1ed980e9d8.txt,verified_local,data/covers/RMVM_S_1ed980e9d8.jpg,verified_local,,missing,TIER_A,LYRICS_COVER,train
RMVM_S_1f23ce696e,Cho Ta Gần Hơn (I'm In Love),Chi Pu,ART_0b7082e18b,POP_BALLAD,deterministic_mapping,1.0,,,unavailable,data/lyrics/RMVM_S_1f23ce696e.txt,verified_local,,unavailable,,missing,TIER_A,LYRICS_ONLY,train
RMVM_S_1f3cdb0974,Chiều Đông Matxcova,Mai Diệu Ly,ART_627b32edc9,BOLERO_TRUTINH,deterministic_mapping,1.0,,,unavailable,data/lyrics/RMVM_S_1f3cdb0974.txt,verified_local,,unavailable,,missing,TIER_A,LYRICS_ONLY,train
RMVM_S_1f520eae8f,Anh Cũng Như Vậy Thôi,Hoàng Y Nhung,ART_6a0bb23820,POP_BALLAD,deterministic_mapping,1.0,,,unavailable,data/lyrics/RMVM_S_1f520eae8f.txt,verified_local,,unavailable,,missing,TIER_A,LYRICS_ONLY,train
RMVM_S_1f646931ac,LK Người Ngoài Phố - Nửa Đêm Ngoài Phố - Phố Đêm (Liveshow Thương Quá Việt Nam),Ân Thiên Vỹ,ART_a7e34b8ed2,BOLERO_TRUTINH,deterministic_mapping,1.0,,,unavailable,,unavailable,data/covers/RMVM_S_1f646931ac.jpg,verified_local,,missing,TIER_A,COVER_ONLY,train
RMVM_S_1f757b5152,Ánh Trăng Hiểu Lòng Tôi,Tường Quân,ART_d069eccc5a,POP_BALLAD,deterministic_mapping,1.0,,,unavailable,data/lyrics/RMVM_S_1f757b5152.txt,verified_local,,unavailable,,missing,TIER_A,LYRICS_ONLY,train
RMVM_S_1f84d07cad,Hay Là Tôi Đã Yêu,Trần Duy Phương,ART_d477c36534,BOLERO_TRUTINH,deterministic_mapping,1.0,,,unavailable,data/lyrics/RMVM_S_1f84d07cad.txt,verified_local,,unavailable,,missing,TIER_A,LYRICS_ONLY,train
RMVM_S_1f954b1b41,Tình Tự Mùa Xuân,Quang Dũng,ART_d0d47f53b1,POP_BALLAD,deterministic_mapping,1.0,,,unavailable,data/lyrics/RMVM_S_1f954b1b41.txt,verified_local,,unavailable,,missing,TIER_A,LYRICS_ONLY,train
RMVM_S_1fd72ff33c,Mười Năm Tái Ngộ,Ân Thiên Vỹ,ART_a7e34b8ed2,BOLERO_TRUTINH,deterministic_mapping,1.0,,,unavailable,data/lyrics/RMVM_S_1fd72ff33c.txt,verified_local,data/covers/RMVM_S_1fd72ff33c.jpg,verified_local,,missing,TIER_A,LYRICS_COVER,train
RMVM_S_2000fa7d0f,Chuyện Tình Buồn & Ngàn Năm Vẫn Không Quên,Duy Quang,ART_c8082352bb,INSTRUMENTAL,source_tag_verification,0.85,,,unavailable,data/lyrics/RMVM_S_2000fa7d0f.txt,verified_local,,unavailable,,missing,TIER_B,LYRICS_ONLY,train
RMVM_S_20072dcfe0,Đêm Nhớ Người Tình,"Vũ Hoàng, Thạch Thảo",ART_98bbd428dd,BOLERO_TRUTINH,deterministic_mapping,1.0,,,unavailable,data/lyrics/RMVM_S_20072dcfe0.txt,verified_local,,unavailable,,missing,TIER_A,LYRICS_ONLY,train
RMVM_S_20094a4884,Khóc Mẹ Đêm Mưa,Lưu Gia Bảo,ART_198f1b2afb,BOLERO_TRUTINH,deterministic_mapping,1.0,,,unavailable,data/lyrics/RMVM_S_20094a4884.txt,verified_local,,unavailable,,missing,TIER_A,LYRICS_ONLY,train
RMVM_S_202bb46721,Anh Chưa Có Gì Đến Nay (Prod. Vic),Kidz,ART_e701696252,POP_BALLAD,deterministic_mapping,1.0,,,unavailable,data/lyrics/RMVM_S_202bb46721.txt,verified_local,,unavailable,,missing,TIER_A,LYRICS_ONLY,train
RMVM_S_20325a5cd1,Bởi Vì Anh Không Phải Trai Ngoan,"Lua, Ma$$",ART_176ebbe2dc,POP_BALLAD,deterministic_mapping,1.0,,,unavailable,data/lyrics/RMVM_S_20325a5cd1.txt,verified_local,data/covers/RMVM_S_20325a5cd1.jpg,verified_local,,missing,TIER_A,LYRICS_COVER,train
RMVM_S_2032f105b3,Yêu Em Vàng Thu Lá Đổ,Tấn Minh,ART_52e0cea312,BOLERO_TRUTINH,deterministic_mapping,1.0,,,unavailable,data/lyrics/RMVM_S_2032f105b3.txt,verified_local,,unavailable,,missing,TIER_A,LYRICS_ONLY,train
RMVM_S_2035c44089,Gặp Nhau Để Làm Gì,"Thanh Thảo, Long Đẹp Trai",ART_dfc83dac1f,POP_BALLAD,deterministic_mapping,1.0,,,unavailable,data/lyrics/RMVM_S_2035c44089.txt,verified_local,,unavailable,,missing,TIER_A,LYRICS_ONLY,train
RMVM_S_20584964b3,Nắng Thủy Tinh,"Lệ Hồng, Thiên An",ART_3e500a6410,NHAC_TRINH,deterministic_mapping,1.0,,,unavailable,data/lyrics/RMVM_S_20584964b3.txt,verified_local,,unavailable,,missing,TIER_A,LYRICS_ONLY,train
RMVM_S_205fdbc0f3,Chờ Em Được Không?,Anh Hào,ART_48511c94e9,POP_BALLAD,deterministic_mapping,1.0,,,unavailable,data/lyrics/RMVM_S_205fdbc0f3.txt,verified_local,,unavailable,,missing,TIER_A,LYRICS_ONLY,train
RMVM_S_206c0f38dc,Liên Khúc Sao Quá Mềm Lòng,Nhiều nghệ sĩ,ART_736b531937,POP_BALLAD,deterministic_mapping,1.0,,,unavailable,data/lyrics/RMVM_S_206c0f38dc.txt,verified_local,,unavailable,,missing,TIER_A,LYRICS_ONLY,train
RMVM_S_2086832ead,Điều Ghi Tạc Lòng Con,Phước Lộc,ART_fa84dabe3d,FOLK_TRADITIONAL,deterministic_mapping,1.0,,,unavailable,data/lyrics/RMVM_S_2086832ead.txt,verified_local,,unavailable,,missing,TIER_A,LYRICS_ONLY,train
RMVM_S_209353d1a4,Nắng Chiều,"Cảnh Hàn, Cẩm Ly, Minh Tuyết",ART_459c2f3c65,BOLERO_TRUTINH,deterministic_mapping,1.0,,,unavailable,data/lyrics/RMVM_S_209353d1a4.txt,verified_local,,unavailable,,missing,TIER_A,LYRICS_ONLY,train
RMVM_S_20a8b6c1f1,"Đừng Yêu Nữa, Em Mệt Rồi (Ngôn Phi Remix)",Diijam Studio,ART_1abda07758,POP_BALLAD,deterministic_mapping,1.0,,,unavailable,,unavailable,data/covers/RMVM_S_20a8b6c1f1.jpg,verified_local,,missing,TIER_A,COVER_ONLY,train
RMVM_S_20ba2ef73f,LK Nhật Ký Của Mẹ & Lời Mẹ Ru,Bé Phương Nhi,ART_a724e95582,CHILDREN,deterministic_mapping,1.0,,,unavailable,data/lyrics/RMVM_S_20ba2ef73f.txt,verified_local,,unavailable,,missing,TIER_A,LYRICS_ONLY,train
RMVM_S_20d22f34d6,Em Quên Rồi Phải Không,Final Band,ART_3fead2d334,POP_BALLAD,deterministic_mapping,1.0,,,unavailable,data/lyrics/RMVM_S_20d22f34d6.txt,verified_local,,unavailable,,missing,TIER_A,LYRICS_ONLY,train
RMVM_S_20dd8bf6fa,Chúa Vui Xuống Trần Gian,"Isaac Thái, Hoàng Đức",ART_dc3a2f4995,OTHER,curated_out_of_taxonomy,0.9,Religious / Sacred spiritual Vietnamese music,,unavailable,,unavailable,,unavailable,,missing,TIER_B,METADATA_ONLY,train
RMVM_S_20e378ef8f,Anh Làm Gì Sai (Vinahouse),Châu Khải Phong,ART_b5c7c65b2f,POP_BALLAD,deterministic_mapping,1.0,,,unavailable,data/lyrics/RMVM_S_20e378ef8f.txt,verified_local,data/covers/RMVM_S_20e378ef8f.jpg,verified_local,,missing,TIER_A,LYRICS_COVER,train
RMVM_S_20fbebfbf7,Được Tin Em Lấy Chồng,Võ Hoàng Lâm,ART_f36a18c45f,POP_BALLAD,deterministic_mapping,1.0,,,unavailable,,unavailable,data/covers/RMVM_S_20fbebfbf7.jpg,verified_local,,missing,TIER_A,COVER_ONLY,train
RMVM_S_210dfe9fe7,Anh Không Thuộc Về Em,Minh Tuyết,ART_729a36465f,INSTRUMENTAL,source_tag_verification,0.85,,,unavailable,data/lyrics/RMVM_S_210dfe9fe7.txt,verified_local,,unavailable,,missing,TIER_B,LYRICS_ONLY,train
RMVM_S_21141a7fbb,Dù Đúng Dù Sai Anh Vẫn Yêu Em,"Rum, Double Noize",ART_5f220a4a95,POP_BALLAD,deterministic_mapping,1.0,,,unavailable,data/lyrics/RMVM_S_21141a7fbb.txt,verified_local,,unavailable,,missing,TIER_A,LYRICS_ONLY,train
RMVM_S_211435a160,Nụ Cười Tắt,Tào Lữ Phụ,ART_e24089fa98,POP_BALLAD,deterministic_mapping,1.0,,,unavailable,data/lyrics/RMVM_S_211435a160.txt,verified_local,,unavailable,,missing,TIER_A,LYRICS_ONLY,train
RMVM_S_2119c880a2,Ai Thương Yêu Em,"Thanh Ngân, Minh Minh",ART_2b590ca5de,POP_BALLAD,deterministic_mapping,1.0,,,unavailable,,unavailable,data/covers/RMVM_S_2119c880a2.jpg,verified_local,,missing,TIER_A,COVER_ONLY,train
RMVM_S_212c70a56e,Cát Bụi Tình Xa,Dalena,ART_8c9420e266,INSTRUMENTAL,source_tag_verification,0.85,,,unavailable,data/lyrics/RMVM_S_212c70a56e.txt,verified_local,,unavailable,,missing,TIER_B,LYRICS_ONLY,train
RMVM_S_213f0e9912,Dư Âm,"8 the Theatre, Dattie Do",ART_e5ba46d48d,POP_BALLAD,deterministic_mapping,0.85,,,unavailable,,unavailable,,unavailable,,missing,TIER_B,METADATA_ONLY,train
RMVM_S_215c3d181a,Buồn Chỉ Một Mình Thôi,"Tika Tùng Anh, TinyQ",ART_3aa5fc5ceb,POP_BALLAD,deterministic_mapping,1.0,,,unavailable,,unavailable,data/covers/RMVM_S_215c3d181a.jpg,verified_local,,missing,TIER_A,COVER_ONLY,train
RMVM_S_215dee78bc,Gặp Nhau Là Yêu (Remix),"Kim Cương, Thọ Hùng",ART_c324dc12a9,DANCE_EDM,deterministic_mapping,1.0,,,unavailable,data/lyrics/RMVM_S_215dee78bc.txt,verified_local,,unavailable,,missing,TIER_A,LYRICS_ONLY,train
RMVM_S_2191f64874,Trên Chuyến Xe Lam,Hồ Quốc Bửu,ART_5b0f1629d7,POP_BALLAD,deterministic_mapping,1.0,,,unavailable,data/lyrics/RMVM_S_2191f64874.txt,verified_local,,unavailable,,missing,TIER_A,LYRICS_ONLY,train
RMVM_S_21b54c8a30,Buồn Một Lần Nữa Thôi (OTTOKE),"DICKSON, Jin Ju",ART_977feda746,POP_BALLAD,deterministic_mapping,1.0,,,unavailable,data/lyrics/RMVM_S_21b54c8a30.txt,verified_local,data/covers/RMVM_S_21b54c8a30.jpg,verified_local,,missing,TIER_A,LYRICS_COVER,train
RMVM_S_21d5c7cc91,Chuyện Một Con Đò,Thích Pháp Như,ART_ca695bd178,OTHER,curated_out_of_taxonomy,0.9,Religious / Sacred spiritual Vietnamese music,,unavailable,,unavailable,,unavailable,,missing,TIER_B,METADATA_ONLY,train
RMVM_S_2204037f9d,Tình Bằng Không (Lofi Version),"Rum, Trungg I.U",ART_56544f09f2,POP_BALLAD,deterministic_mapping,1.0,,,unavailable,data/lyrics/RMVM_S_2204037f9d.txt,verified_local,data/covers/RMVM_S_2204037f9d.jpg,verified_local,,missing,TIER_A,LYRICS_COVER,train
RMVM_S_22092e48d3,Chiều Xuân Xa Nhà,"Võ Thanh Linh, Lê Khanh",ART_fb631cdb93,BOLERO_TRUTINH,deterministic_mapping,1.0,,,unavailable,,unavailable,data/covers/RMVM_S_22092e48d3.jpg,verified_local,,missing,TIER_A,COVER_ONLY,train
RMVM_S_2211d8d419,Biệt Tri Kỷ,Chí Thành Danh,ART_e302e93612,BOLERO_TRUTINH,deterministic_mapping,1.0,,,unavailable,data/lyrics/RMVM_S_2211d8d419.txt,verified_local,,unavailable,,missing,TIER_A,LYRICS_ONLY,train
RMVM_S_221f81801a,Lòng Tự Tôn Của Anh,Trần Đăng Quang,ART_94cddca55c,POP_BALLAD,deterministic_mapping,1.0,,,unavailable,data/lyrics/RMVM_S_221f81801a.txt,verified_local,,unavailable,,missing,TIER_A,LYRICS_ONLY,train
RMVM_S_2225d32eec,Con Tim Si Tình,Minh Thuận,ART_29f9849d59,POP_BALLAD,deterministic_mapping,1.0,,,unavailable,data/lyrics/RMVM_S_2225d32eec.txt,verified_local,,unavailable,,missing,TIER_A,LYRICS_ONLY,train
RMVM_S_223aa3f766,Răng Khôn,"Phí Phương Anh, RIN9",ART_d09f529233,POP_BALLAD,deterministic_mapping,1.0,,,unavailable,data/lyrics/RMVM_S_223aa3f766.txt,verified_local,,unavailable,,missing,TIER_A,LYRICS_ONLY,train
RMVM_S_223bea98f0,Chuyện Về Bầu Trời Xanh,TaynguyenSound,ART_62319ec941,POP_BALLAD,deterministic_mapping,0.85,,,unavailable,,unavailable,,unavailable,,missing,TIER_B,METADATA_ONLY,train
RMVM_S_225428961b,Chỉ Vì Ngày Đó,Lina Nguyễn,ART_6847b298d4,BOLERO_TRUTINH,deterministic_mapping,1.0,,,unavailable,data/lyrics/RMVM_S_225428961b.txt,verified_local,,unavailable,,missing,TIER_A,LYRICS_ONLY,train
RMVM_S_2260422bdb,Chủ Tịch Và Nữ Thư Ký,"Đào Nguyễn Ánh, Trần Hiếu Trung, Cua Mề",ART_0f718efc4e,POP_BALLAD,deterministic_mapping,1.0,,,unavailable,data/lyrics/RMVM_S_2260422bdb.txt,verified_local,,unavailable,,missing,TIER_A,LYRICS_ONLY,train
RMVM_S_227d86a24d,Vọng Kim Lang - Bậu Đi Theo Người,Nguyễn Tuấn Phong,ART_1b97aaf157,INSTRUMENTAL,source_tag_verification,0.85,,,unavailable,data/lyrics/RMVM_S_227d86a24d.txt,verified_local,,unavailable,,missing,TIER_B,LYRICS_ONLY,train
RMVM_S_22985c64c3,Ngày Tình Yêu,Thu Phương,ART_4933834873,POP_BALLAD,deterministic_mapping,1.0,,,unavailable,data/lyrics/RMVM_S_22985c64c3.txt,verified_local,,unavailable,,missing,TIER_A,LYRICS_ONLY,train
RMVM_S_22afb3b9ce,Cho Đến Mãi Về Sau,Khải,ART_f9eadfe4de,POP_BALLAD,deterministic_mapping,1.0,,,unavailable,data/lyrics/RMVM_S_22afb3b9ce.txt,verified_local,data/covers/RMVM_S_22afb3b9ce.jpg,verified_local,,missing,TIER_A,LYRICS_COVER,train
RMVM_S_22b892de67,Chúng Ta Chỉ Là Đã Từng Yêu,MyMy,ART_62695e8f32,POP_BALLAD,deterministic_mapping,1.0,,,unavailable,data/lyrics/RMVM_S_22b892de67.txt,verified_local,,unavailable,,missing,TIER_A,LYRICS_ONLY,train
RMVM_S_22bc97d4b7,Đừng Ghen Em Nhé,Nguyên Vũ,ART_d4afdf558c,POP_BALLAD,deterministic_mapping,1.0,,,unavailable,data/lyrics/RMVM_S_22bc97d4b7.txt,verified_local,,unavailable,,missing,TIER_A,LYRICS_ONLY,train
RMVM_S_22d82be697,Cảm Giác Cô Đơn,"Kim Thư (Ẩn), Kim Thư",ART_15fda6bc2b,RAP_HIPHOP,deterministic_mapping,1.0,,,unavailable,data/lyrics/RMVM_S_22d82be697.txt,verified_local,,unavailable,,missing,TIER_A,LYRICS_ONLY,train
RMVM_S_22f2189edf,Duyên Anh Nợ Em,Lê Như,ART_0ee2dcc808,FOLK_TRADITIONAL,deterministic_mapping,1.0,,,unavailable,data/lyrics/RMVM_S_22f2189edf.txt,verified_local,,unavailable,,missing,TIER_A,LYRICS_ONLY,train
RMVM_S_22fa445d34,Hai Lối Mộng,"Ánh Linh, Khánh Bình",ART_0834f9251a,BOLERO_TRUTINH,deterministic_mapping,1.0,,,unavailable,data/lyrics/RMVM_S_22fa445d34.txt,verified_local,,unavailable,,missing,TIER_A,LYRICS_ONLY,train
RMVM_S_230570a39d,Áo Sờn Vai,Hồ Khắc Tùng,ART_0bba243a82,POP_BALLAD,deterministic_mapping,1.0,,,unavailable,data/lyrics/RMVM_S_230570a39d.txt,verified_local,,unavailable,,missing,TIER_A,LYRICS_ONLY,train
RMVM_S_2308a2ce46,Anh Đã Ngủ Chưa,ChuChu,ART_0278a02a9e,POP_BALLAD,deterministic_mapping,1.0,,,unavailable,data/lyrics/RMVM_S_2308a2ce46.txt,verified_local,data/covers/RMVM_S_2308a2ce46.jpg,verified_local,,missing,TIER_A,LYRICS_COVER,train
RMVM_S_2317adf0c9,Để Con Tim Dẫn Lối,T-Rex,ART_9318c38827,POP_BALLAD,deterministic_mapping,1.0,,,unavailable,data/lyrics/RMVM_S_2317adf0c9.txt,verified_local,,unavailable,,missing,TIER_A,LYRICS_ONLY,train
RMVM_S_231cbaa42f,Điệu Nhảy Cuối,Pixel Neko,ART_c2c3129870,POP_BALLAD,deterministic_mapping,1.0,,,unavailable,data/lyrics/RMVM_S_231cbaa42f.txt,verified_local,,unavailable,,missing,TIER_A,LYRICS_ONLY,train
RMVM_S_2329ebbae6,Bách Quỷ Dạ Hành,Huỳnh Anh Khang,ART_ba7a5619ab,POP_BALLAD,deterministic_mapping,1.0,,,unavailable,data/lyrics/RMVM_S_2329ebbae6.txt,verified_local,,unavailable,,missing,TIER_A,LYRICS_ONLY,train
RMVM_S_233283dfe2,Bên Em Luôn Có Một Người,Y Jalin,ART_dae64b077e,POP_BALLAD,deterministic_mapping,1.0,,,unavailable,data/lyrics/RMVM_S_233283dfe2.txt,verified_local,,unavailable,,missing,TIER_A,LYRICS_ONLY,train
RMVM_S_234d18a2ae,Dám Hỏi Đạo Ở Nơi Đâu,Lee Phú Quý,ART_0dae860da2,POP_BALLAD,deterministic_mapping,1.0,,,unavailable,data/lyrics/RMVM_S_234d18a2ae.txt,verified_local,,unavailable,,missing,TIER_A,LYRICS_ONLY,train
RMVM_S_236e6fe492,Bóng Tối Trước Bình Minh (Cover),Thái Quỳnh,ART_b7deac8c97,POP_BALLAD,deterministic_mapping,1.0,,,unavailable,data/lyrics/RMVM_S_236e6fe492.txt,verified_local,,unavailable,,missing,TIER_A,LYRICS_ONLY,train
RMVM_S_2375fad06f,Người Xa Quê Nhớ,Mr. Siro,ART_2af03d03f2,POP_BALLAD,deterministic_mapping,1.0,,,unavailable,data/lyrics/RMVM_S_2375fad06f.txt,verified_local,,unavailable,,missing,TIER_A,LYRICS_ONLY,train
RMVM_S_23976c0983,Hạnh Phúc Xuân,"Bùi Anh Tuấn, Văn Mai Hương",ART_c2dfb9e14a,POP_BALLAD,deterministic_mapping,1.0,,,unavailable,data/lyrics/RMVM_S_23976c0983.txt,verified_local,,unavailable,,missing,TIER_A,LYRICS_ONLY,train
RMVM_S_23a8e13e19,Liên Khúc Thiên Sứ Tình Yêu (Remix),Đan Trường,ART_d7d6ae2597,POP_BALLAD,deterministic_mapping,1.0,,,unavailable,,unavailable,data/covers/RMVM_S_23a8e13e19.jpg,verified_local,,missing,TIER_A,COVER_ONLY,train
RMVM_S_23c787c7d1,Liên Khúc Ơn Nghĩa Sinh Thành,Trường Kha,ART_abe0f2439b,BOLERO_TRUTINH,deterministic_mapping,1.0,,,unavailable,data/lyrics/RMVM_S_23c787c7d1.txt,verified_local,data/covers/RMVM_S_23c787c7d1.jpg,verified_local,,missing,TIER_A,LYRICS_COVER,train
RMVM_S_23d9c00a74,Xuân Mộng,Anh Thi,ART_e92bc15ce3,POP_BALLAD,deterministic_mapping,1.0,,,unavailable,data/lyrics/RMVM_S_23d9c00a74.txt,verified_local,data/covers/RMVM_S_23d9c00a74.jpg,verified_local,,missing,TIER_A,LYRICS_COVER,train
RMVM_S_23da94f84c,Anh Chỉ Giỏi Giả Vờ,Huỳnh Ái Vy,ART_9ce4335c01,POP_BALLAD,deterministic_mapping,1.0,,,unavailable,data/lyrics/RMVM_S_23da94f84c.txt,verified_local,,unavailable,,missing,TIER_A,LYRICS_ONLY,train
RMVM_S_23e1bf81db,Tận Cùng Của Nỗi Cô Đơn,Tiểu Doanh,ART_66f95a16f9,POP_BALLAD,deterministic_mapping,1.0,,,unavailable,data/lyrics/RMVM_S_23e1bf81db.txt,verified_local,,unavailable,,missing,TIER_A,LYRICS_ONLY,train
RMVM_S_23ead4d2ff,Thương Rồi Cũng Thế Thôi (Zeaplee Lofi Remix),"Huy Diệc, HOA HỒNG DẠI MUSIC",ART_56c840bc52,DANCE_EDM,deterministic_mapping,1.0,,,unavailable,data/lyrics/RMVM_S_23ead4d2ff.txt,verified_local,,unavailable,,missing,TIER_A,LYRICS_ONLY,train
RMVM_S_2408fbba58,Thơ Ngây,Ái Vân,ART_40e372afc0,INSTRUMENTAL,source_tag_verification,0.85,,,unavailable,data/lyrics/RMVM_S_2408fbba58.txt,verified_local,,unavailable,,missing,TIER_B,LYRICS_ONLY,train
RMVM_S_2410b7a2b2,Và Rồi Nắng Ra Đi,Duy Hạnh,ART_c8171dc4fe,INSTRUMENTAL,source_tag_verification,0.85,,,unavailable,data/lyrics/RMVM_S_2410b7a2b2.txt,verified_local,,unavailable,,missing,TIER_B,LYRICS_ONLY,train
RMVM_S_241c2c8035,Đau Một Lần Rồi Thôi,"Uyên Trang, Trần Tâm",ART_6cf9b4b9b9,POP_BALLAD,deterministic_mapping,1.0,,,unavailable,data/lyrics/RMVM_S_241c2c8035.txt,verified_local,,unavailable,,missing,TIER_A,LYRICS_ONLY,train
RMVM_S_2422da5c70,Anh Kết Em Rồi,"Hồng Thanh, DJ Mie",ART_18594bdeff,POP_BALLAD,deterministic_mapping,1.0,,,unavailable,data/lyrics/RMVM_S_2422da5c70.txt,verified_local,data/covers/RMVM_S_2422da5c70.jpg,verified_local,,missing,TIER_A,LYRICS_COVER,train
RMVM_S_2426007b08,Em Chưa Đôi Mươi,Phúc Sơn,ART_bcf9030bf5,POP_BALLAD,deterministic_mapping,1.0,,,unavailable,data/lyrics/RMVM_S_2426007b08.txt,verified_local,,unavailable,,missing,TIER_A,LYRICS_ONLY,train
RMVM_S_242af1ac12,Em Có Đủ Bình Yên,"Đào Duy Quý, Gianggi",ART_d83901484c,POP_BALLAD,deterministic_mapping,1.0,,,unavailable,data/lyrics/RMVM_S_242af1ac12.txt,verified_local,,unavailable,,missing,TIER_A,LYRICS_ONLY,train
RMVM_S_242ee3ba10,Hừng Đông (In Da Club),Hồ Ngọc Hà,ART_061d531256,POP_BALLAD,deterministic_mapping,1.0,,,unavailable,data/lyrics/RMVM_S_242ee3ba10.txt,verified_local,data/covers/RMVM_S_242ee3ba10.jpg,verified_local,,missing,TIER_A,LYRICS_COVER,train
RMVM_S_245958171a,"Ai Của Riêng Ai, Đâu Còn Quan Trọng",Đinh Kiến Phong,ART_beaaa23f3f,POP_BALLAD,deterministic_mapping,1.0,,,unavailable,data/lyrics/RMVM_S_245958171a.txt,verified_local,,unavailable,,missing,TIER_A,LYRICS_ONLY,train
RMVM_S_245ee5b704,Giăng Câu 2,"Tài Linh, Đình Văn",ART_a0a37f8b27,BOLERO_TRUTINH,deterministic_mapping,1.0,,,unavailable,,unavailable,data/covers/RMVM_S_245ee5b704.jpg,verified_local,,missing,TIER_A,COVER_ONLY,train
RMVM_S_246250e7bd,Anh Quên Em Đi (Acoustic),Nipe,ART_da9df75ede,POP_BALLAD,deterministic_mapping,1.0,,,unavailable,data/lyrics/RMVM_S_246250e7bd.txt,verified_local,,unavailable,,missing,TIER_A,LYRICS_ONLY,train
RMVM_S_246e40215f,Anh Còn Yêu Anh Còn Thương,Thành Nguyễn,ART_39b1b4a4c3,POP_BALLAD,deterministic_mapping,1.0,,,unavailable,data/lyrics/RMVM_S_246e40215f.txt,verified_local,,unavailable,,missing,TIER_A,LYRICS_ONLY,train
RMVM_S_2481bb0e8c,Bạn Chung Giường,Hạ Vũ,ART_847c322c2a,POP_BALLAD,deterministic_mapping,1.0,,,unavailable,data/lyrics/RMVM_S_2481bb0e8c.txt,verified_local,data/covers/RMVM_S_2481bb0e8c.jpg,verified_local,,missing,TIER_A,LYRICS_COVER,train
RMVM_S_249f75f35e,Gửi Huế Thân Yêu,Hương Lan,ART_8422601bfe,FOLK_TRADITIONAL,deterministic_mapping,1.0,,,unavailable,data/lyrics/RMVM_S_249f75f35e.txt,verified_local,,unavailable,,missing,TIER_A,LYRICS_ONLY,train
RMVM_S_24a393b533,Bản Tình Ca Của Chàng Nhạc Sĩ,Hồng Xương Long,ART_33aaed29df,POP_BALLAD,deterministic_mapping,1.0,,,unavailable,data/lyrics/RMVM_S_24a393b533.txt,verified_local,,unavailable,,missing,TIER_A,LYRICS_ONLY,train
RMVM_S_24c54934df,Buồn Như Lá Rơi,Quang Vinh,ART_141990a1f4,POP_BALLAD,deterministic_mapping,1.0,,,unavailable,data/lyrics/RMVM_S_24c54934df.txt,verified_local,,unavailable,,missing,TIER_A,LYRICS_ONLY,train
RMVM_S_24d31bd9d9,Hà Nam Quê Hương Tôi,Mạnh Hakyno,ART_fd676aa17a,POP_BALLAD,deterministic_mapping,1.0,,,unavailable,data/lyrics/RMVM_S_24d31bd9d9.txt,verified_local,data/covers/RMVM_S_24d31bd9d9.jpg,verified_local,,missing,TIER_A,LYRICS_COVER,train
RMVM_S_24e064632b,Liên Khúc Tình Nghèo Có Nhau - Ước Mộng Đôi Ta,"Châu Giang, Ngọc Sơn",ART_dff9f2f12d,BOLERO_TRUTINH,deterministic_mapping,1.0,,,unavailable,data/lyrics/RMVM_S_24e064632b.txt,verified_local,,unavailable,,missing,TIER_A,LYRICS_ONLY,train
RMVM_S_24e5e54935,Khúc Thu Ca,Lưu Bích,ART_4c4952faa8,INSTRUMENTAL,source_tag_verification,0.85,,,unavailable,data/lyrics/RMVM_S_24e5e54935.txt,verified_local,,unavailable,,missing,TIER_B,LYRICS_ONLY,train
RMVM_S_24e62b4a61,Lý Bông Mai,Tuấn Quang,ART_66b05dde9a,POP_BALLAD,deterministic_mapping,0.85,,,unavailable,,unavailable,,unavailable,,missing,TIER_B,METADATA_ONLY,train
RMVM_S_24eb02b04c,Em Vẫn Mong Chờ Anh,"Như Phượng, Đức Quang",ART_7d5e4bc6f1,POP_BALLAD,deterministic_mapping,1.0,,,unavailable,,unavailable,data/covers/RMVM_S_24eb02b04c.jpg,verified_local,,missing,TIER_A,COVER_ONLY,train
RMVM_S_2506d628c4,Có Cô Đơn Nào Vui,Nguyễn Hữu Kha,ART_2e043f0cab,POP_BALLAD,deterministic_mapping,1.0,,,unavailable,data/lyrics/RMVM_S_2506d628c4.txt,verified_local,,unavailable,,missing,TIER_A,LYRICS_ONLY,train
RMVM_S_250d34e547,Duyên Mỏng Nợ Cũng Chẳng Sâu,Trần Mỹ Ngọc,ART_8cc4f99b9b,POP_BALLAD,deterministic_mapping,1.0,,,unavailable,data/lyrics/RMVM_S_250d34e547.txt,verified_local,data/covers/RMVM_S_250d34e547.jpg,verified_local,,missing,TIER_A,LYRICS_COVER,train
RMVM_S_25180bae1b,"Tay Trái Chỉ Trăng, Tay Phải Uống Trà",Hà Nhi,ART_294fedde83,POP_BALLAD,deterministic_mapping,1.0,,,unavailable,data/lyrics/RMVM_S_25180bae1b.txt,verified_local,,unavailable,,missing,TIER_A,LYRICS_ONLY,train
RMVM_S_252bdda2c4,Giọt Buồn Không Tên,Tố My,ART_181767e2b8,POP_BALLAD,deterministic_mapping,1.0,,,unavailable,data/lyrics/RMVM_S_252bdda2c4.txt,verified_local,,unavailable,,missing,TIER_A,LYRICS_ONLY,train
RMVM_S_25329446a8,Anh Đừng Lo,"Ân Nhi, dinhhung",ART_d6505bfde4,POP_BALLAD,deterministic_mapping,1.0,,,unavailable,data/lyrics/RMVM_S_25329446a8.txt,verified_local,,unavailable,,missing,TIER_A,LYRICS_ONLY,train
RMVM_S_253d617c2f,Gửi Người Yêu Tương Lai,Yến Lê,ART_b0ca3e2ef0,POP_BALLAD,deterministic_mapping,1.0,,,unavailable,data/lyrics/RMVM_S_253d617c2f.txt,verified_local,,unavailable,,missing,TIER_A,LYRICS_ONLY,train
RMVM_S_253e0a8ce8,Anh Đâu Đợi Nổi Một Cơn Mưa,Khói,ART_44fe5350a5,POP_BALLAD,deterministic_mapping,1.0,,,unavailable,data/lyrics/RMVM_S_253e0a8ce8.txt,verified_local,,unavailable,,missing,TIER_A,LYRICS_ONLY,train
RMVM_S_2551c92f27,Bài Tình Ca Cho Anh,Minh Thu,ART_d8168e026a,POP_BALLAD,deterministic_mapping,1.0,,,unavailable,,unavailable,data/covers/RMVM_S_2551c92f27.jpg,verified_local,,missing,TIER_A,COVER_ONLY,train
RMVM_S_2573becf40,Bé Lật Đật,Bé Minh Vy,ART_6812bd41d7,CHILDREN,deterministic_mapping,1.0,,,unavailable,data/lyrics/RMVM_S_2573becf40.txt,verified_local,,unavailable,,missing,TIER_A,LYRICS_ONLY,train
RMVM_S_258295bc18,Mong Gặp Lại Em,Đông Duy,ART_4aff1e5096,POP_BALLAD,deterministic_mapping,1.0,,,unavailable,data/lyrics/RMVM_S_258295bc18.txt,verified_local,,unavailable,,missing,TIER_A,LYRICS_ONLY,train
RMVM_S_25b418d5c1,Dĩ Vãng Nhạt Nhòa (Gala Nhạc Việt 4 - Những Giấc Mơ Trở Về),"Ưng Hoàng Phúc, Yến Trang",ART_62c62ca780,POP_BALLAD,deterministic_mapping,1.0,,,unavailable,data/lyrics/RMVM_S_25b418d5c1.txt,verified_local,,unavailable,,missing,TIER_A,LYRICS_ONLY,train
RMVM_S_25b877295e,Tặng Em Một Khúc Quân Hành,Duy Linh,ART_31125c0b3f,BOLERO_TRUTINH,deterministic_mapping,1.0,,,unavailable,data/lyrics/RMVM_S_25b877295e.txt,verified_local,,unavailable,,missing,TIER_A,LYRICS_ONLY,train
RMVM_S_25e92f1ad9,Chiếc Lá Tình Yêu (Remix),Hồ Phong An,ART_215d58c827,DANCE_EDM,deterministic_mapping,1.0,,,unavailable,data/lyrics/RMVM_S_25e92f1ad9.txt,verified_local,,unavailable,,missing,TIER_A,LYRICS_ONLY,train
RMVM_S_2617bc161b,Ai Từng Chân Thành Vì Em,Viên Xuân Sư,ART_932c66a07c,POP_BALLAD,deterministic_mapping,1.0,,,unavailable,data/lyrics/RMVM_S_2617bc161b.txt,verified_local,,unavailable,,missing,TIER_A,LYRICS_ONLY,train
RMVM_S_262409a345,Yêu Em Còn Xa,Đăng Khôi,ART_c9cce0826e,POP_BALLAD,deterministic_mapping,1.0,,,unavailable,data/lyrics/RMVM_S_262409a345.txt,verified_local,,unavailable,,missing,TIER_A,LYRICS_ONLY,train
RMVM_S_26294abe5a,3am & Healing,"Larria., Trung Tâm Băng Đĩa Lậu Hải Ngoại",ART_17d8aae30f,POP_BALLAD,deterministic_mapping,1.0,,,unavailable,data/lyrics/RMVM_S_26294abe5a.txt,verified_local,,unavailable,,missing,TIER_A,LYRICS_ONLY,train
RMVM_S_263094bfe5,Thơm Má Em,Hồng Thanh,ART_7b6ad0e2b8,POP_BALLAD,deterministic_mapping,1.0,,,unavailable,data/lyrics/RMVM_S_263094bfe5.txt,verified_local,,unavailable,,missing,TIER_A,LYRICS_ONLY,train
RMVM_S_263a45ae8f,Tân Hàn Mặc Tử,"Đoàn Minh, Lưu Ánh Loan",ART_32582bb4fd,BOLERO_TRUTINH,deterministic_mapping,1.0,,,unavailable,data/lyrics/RMVM_S_263a45ae8f.txt,verified_local,,unavailable,,missing,TIER_A,LYRICS_ONLY,train
RMVM_S_263db794a7,Chưa Được Yêu Như Thế,TRANG,ART_c786f96bb9,POP_BALLAD,deterministic_mapping,1.0,,,unavailable,data/lyrics/RMVM_S_263db794a7.txt,verified_local,,unavailable,,missing,TIER_A,LYRICS_ONLY,train
RMVM_S_267679f970,Liên Khúc Tình Đơn Phương - Ảo Mộng Tình Yêu,Đan Trường,ART_d7d6ae2597,POP_BALLAD,deterministic_mapping,1.0,,,unavailable,data/lyrics/RMVM_S_267679f970.txt,verified_local,,unavailable,,missing,TIER_A,LYRICS_ONLY,train
RMVM_S_26856bb5fa,Ngày Mai Trời Lại Sáng,Nhật Kim Anh,ART_8f5deabde4,POP_BALLAD,deterministic_mapping,1.0,,,unavailable,data/lyrics/RMVM_S_26856bb5fa.txt,verified_local,,unavailable,,missing,TIER_A,LYRICS_ONLY,train
RMVM_S_268dbcabdc,Hai Người Từng Yêu,Khánh Đơn,ART_3057e7080f,POP_BALLAD,deterministic_mapping,1.0,,,unavailable,data/lyrics/RMVM_S_268dbcabdc.txt,verified_local,,unavailable,,missing,TIER_A,LYRICS_ONLY,train
RMVM_S_2694ba8422,Anh Lại Một Mình,Keyo,ART_9251fbe5e0,POP_BALLAD,deterministic_mapping,1.0,,,unavailable,data/lyrics/RMVM_S_2694ba8422.txt,verified_local,,unavailable,,missing,TIER_A,LYRICS_ONLY,train
RMVM_S_2698a58f3e,20 Năm Tình Đẹp Mùa Chôm Chôm,"Hồng Quyên, Trọng Phúc",ART_aff1c631db,BOLERO_TRUTINH,deterministic_mapping,1.0,,,unavailable,data/lyrics/RMVM_S_2698a58f3e.txt,verified_local,,unavailable,,missing,TIER_A,LYRICS_ONLY,train
RMVM_S_26bd162770,Em Đã Quên Tình Tôi,"Phương Huyền, Lê Minh MTV",ART_b7eb8aab6b,POP_BALLAD,deterministic_mapping,1.0,,,unavailable,,unavailable,data/covers/RMVM_S_26bd162770.jpg,verified_local,,missing,TIER_A,COVER_ONLY,train
RMVM_S_26c1853b04,Liên Khúc Lục Tỉnh Miền Tây,Nhiều nghệ sĩ,ART_736b531937,NHAC_TRINH,deterministic_mapping,1.0,,,unavailable,data/lyrics/RMVM_S_26c1853b04.txt,verified_local,,unavailable,,missing,TIER_A,LYRICS_ONLY,train
RMVM_S_26da12d31d,Ánh Sáng Phật Về,"Chân Quang, Tạ Minh Tâm",ART_163eaf20ba,OTHER,curated_out_of_taxonomy,0.9,Religious / Sacred spiritual Vietnamese music,,unavailable,,unavailable,,unavailable,,missing,TIER_B,METADATA_ONLY,train
RMVM_S_26de2bfd80,Ánh Nắng Mặt Trời,Những Đứa Trẻ,ART_642234ce01,POP_BALLAD,deterministic_mapping,1.0,,,unavailable,data/lyrics/RMVM_S_26de2bfd80.txt,verified_local,,unavailable,,missing,TIER_A,LYRICS_ONLY,train
RMVM_S_26df62a035,Mèo Hoang,"Anh Nguyễn, Mai Tiến Đạt",ART_5831bf563d,POP_BALLAD,deterministic_mapping,1.0,,,unavailable,data/lyrics/RMVM_S_26df62a035.txt,verified_local,,unavailable,,missing,TIER_A,LYRICS_ONLY,train
RMVM_S_26e76487ee,Ngày Mai Người Ta Lấy Chồng (Remix),Thành Đạt,ART_7abef207dc,DANCE_EDM,deterministic_mapping,1.0,,,unavailable,data/lyrics/RMVM_S_26e76487ee.txt,verified_local,,unavailable,,missing,TIER_A,LYRICS_ONLY,train
RMVM_S_26f101bce8,"Trên Bàn Nhậu Dưới Bàn Mưu (From ""Trên Bàn Nhậu Dưới Bàn Mưu"")","Vũ Thảo My, Lăng LD",ART_5f612887c9,POP_BALLAD,deterministic_mapping,1.0,,,unavailable,data/lyrics/RMVM_S_26f101bce8.txt,verified_local,,unavailable,,missing,TIER_A,LYRICS_ONLY,train
RMVM_S_26f618396b,Dừng Lại Em Nhé,Ngô Kiến Huy,ART_21b3df1bba,RB_SOUL,deterministic_mapping,1.0,,,unavailable,data/lyrics/RMVM_S_26f618396b.txt,verified_local,,unavailable,,missing,TIER_A,LYRICS_ONLY,train
RMVM_S_26fc8803f2,Bụi Bay Vào Mắt,"BeeBoss, Châu Ngọc Lan",ART_43e14dec39,POP_BALLAD,deterministic_mapping,0.85,,,unavailable,,unavailable,,unavailable,,missing,TIER_B,METADATA_ONLY,train
RMVM_S_270a067aa7,Badaboo Của Anh (Orinn Remix),Lập Nguyên,ART_a068721c8a,POP_BALLAD,deterministic_mapping,1.0,,,unavailable,data/lyrics/RMVM_S_270a067aa7.txt,verified_local,,unavailable,,missing,TIER_A,LYRICS_ONLY,train
RMVM_S_271a5f8466,Ký Ức Còn Mang,Hồ Trung Dũng,ART_bedae72137,BOLERO_TRUTINH,deterministic_mapping,1.0,,,unavailable,data/lyrics/RMVM_S_271a5f8466.txt,verified_local,,unavailable,,missing,TIER_A,LYRICS_ONLY,train
RMVM_S_2730bc1ad5,Nỗi Nhớ Không Anh (Beat),Phương Trinh Jolie,ART_0cb393276a,POP_BALLAD,deterministic_mapping,1.0,,,unavailable,data/lyrics/RMVM_S_2730bc1ad5.txt,verified_local,,unavailable,,missing,TIER_A,LYRICS_ONLY,train
RMVM_S_2751445490,Chẳng Còn Cạnh Bên Nhau (Lofi Version),"BTa, HuyD",ART_02f5f4ea00,POP_BALLAD,deterministic_mapping,1.0,,,unavailable,,unavailable,data/covers/RMVM_S_2751445490.jpg,verified_local,,missing,TIER_A,COVER_ONLY,train
RMVM_S_277fdbd6ce,Liên Khúc Đường Tím Bằng Lăng - Vì Lỡ Thương Nhau,"Đạt Võ, Kim Ryna",ART_e22c8044c5,BOLERO_TRUTINH,deterministic_mapping,1.0,,,unavailable,data/lyrics/RMVM_S_277fdbd6ce.txt,verified_local,,unavailable,,missing,TIER_A,LYRICS_ONLY,train
RMVM_S_27970b23ef,Chẳng Còn Như Đã Từng,Nguyễn Đình Long,ART_69878a760c,POP_BALLAD,deterministic_mapping,1.0,,,unavailable,data/lyrics/RMVM_S_27970b23ef.txt,verified_local,,unavailable,,missing,TIER_A,LYRICS_ONLY,train
RMVM_S_27d465a7e3,Nhất Tiếu Giang Hồ (Lofi),"Fanny Trần, HHD",ART_60d638877a,POP_BALLAD,deterministic_mapping,1.0,,,unavailable,data/lyrics/RMVM_S_27d465a7e3.txt,verified_local,,unavailable,,missing,TIER_A,LYRICS_ONLY,train
RMVM_S_27db78a11f,Bờ Mộng Mị,Linh Cáo,ART_efdab3411b,POP_BALLAD,deterministic_mapping,1.0,,,unavailable,data/lyrics/RMVM_S_27db78a11f.txt,verified_local,data/covers/RMVM_S_27db78a11f.jpg,verified_local,,missing,TIER_A,LYRICS_COVER,train
RMVM_S_27f98336d5,Anh Về Miền Tây,Lâm Trí Tú,ART_c501714b4a,FOLK_TRADITIONAL,deterministic_mapping,1.0,,,unavailable,,unavailable,data/covers/RMVM_S_27f98336d5.jpg,verified_local,,missing,TIER_A,COVER_ONLY,train
RMVM_S_283a2ad203,Một Đêm Say,Thịnh Suy,ART_9c92d2a39a,POP_BALLAD,deterministic_mapping,1.0,,,unavailable,data/lyrics/RMVM_S_283a2ad203.txt,verified_local,data/covers/RMVM_S_283a2ad203.jpg,verified_local,,missing,TIER_A,LYRICS_COVER,train
RMVM_S_2847bb7411,Bài Ca Người Săn Máy Bay,Thanh Vinh,ART_993f253972,REVOLUTIONARY,deterministic_mapping,1.0,,,unavailable,data/lyrics/RMVM_S_2847bb7411.txt,verified_local,,unavailable,,missing,TIER_A,LYRICS_ONLY,train
RMVM_S_2863cbb1d2,CHO EM MỘT NGÀY (feat. Thanh Lam & Orange),"OUR SONG VIETNAM, Thanh Lam, Orange",ART_9bb61b28cf,POP_BALLAD,deterministic_mapping,1.0,,,unavailable,data/lyrics/RMVM_S_2863cbb1d2.txt,verified_local,,unavailable,,missing,TIER_A,LYRICS_ONLY,train
RMVM_S_2887709671,Những Đóm Mắt Thảo Châu,Thảo Trang,ART_41e837bea5,POP_BALLAD,deterministic_mapping,1.0,,,unavailable,data/lyrics/RMVM_S_2887709671.txt,verified_local,,unavailable,,missing,TIER_A,LYRICS_ONLY,train
RMVM_S_288e393f55,Tình Là Chi,Giang Trường,ART_0994a63f86,BOLERO_TRUTINH,deterministic_mapping,1.0,,,unavailable,data/lyrics/RMVM_S_288e393f55.txt,verified_local,,unavailable,,missing,TIER_A,LYRICS_ONLY,train
RMVM_S_289645f689,Chú Rể Không Là Anh,"Dư Anh, Phương Bích Thảo",ART_06a9268f66,BOLERO_TRUTINH,deterministic_mapping,1.0,,,unavailable,data/lyrics/RMVM_S_289645f689.txt,verified_local,,unavailable,,missing,TIER_A,LYRICS_ONLY,train
RMVM_S_289d3950fb,Than Thở Trong Tim,Khánh Đơn,ART_3057e7080f,POP_BALLAD,deterministic_mapping,1.0,,,unavailable,data/lyrics/RMVM_S_289d3950fb.txt,verified_local,,unavailable,,missing,TIER_A,LYRICS_ONLY,train
RMVM_S_28ac813a58,Em Nói Em Thương,"Quang Khải, HOA HỒNG DẠI MUSIC",ART_b2652970fe,POP_BALLAD,deterministic_mapping,1.0,,,unavailable,data/lyrics/RMVM_S_28ac813a58.txt,verified_local,,unavailable,,missing,TIER_A,LYRICS_ONLY,train
RMVM_S_28df804529,Mất Em Thật Rồi (Remix) (Beat),"Đình Phong, DZ",ART_2079de211f,POP_BALLAD,deterministic_mapping,1.0,,,unavailable,data/lyrics/RMVM_S_28df804529.txt,verified_local,,unavailable,,missing,TIER_A,LYRICS_ONLY,train
RMVM_S_28e46c4ffb,Sai Cách Yêu,Lê Bảo Bình,ART_c78cc0ca7a,POP_BALLAD,deterministic_mapping,1.0,,,unavailable,,unavailable,data/covers/RMVM_S_28e46c4ffb.jpg,verified_local,,missing,TIER_A,COVER_ONLY,train
RMVM_S_28e981d855,CHIỀU MƯA BUỒN,Nhiều nghệ sĩ,ART_736b531937,POP_BALLAD,deterministic_mapping,1.0,,,unavailable,,unavailable,data/covers/RMVM_S_28e981d855.jpg,verified_local,,missing,TIER_A,COVER_ONLY,train
RMVM_S_28f7e600d4,Anh Mới Chính Là Người Yêu Em (Remix 2022),Liêu Chấn Hải,ART_7b11405333,DANCE_EDM,deterministic_mapping,1.0,,,unavailable,data/lyrics/RMVM_S_28f7e600d4.txt,verified_local,data/covers/RMVM_S_28f7e600d4.jpg,verified_local,2022.0,verified,TIER_A,LYRICS_COVER,train
RMVM_S_29211f372f,Sao Nỡ Đành Quên,Lý Hải,ART_694bbc639d,BOLERO_TRUTINH,deterministic_mapping,1.0,,,unavailable,data/lyrics/RMVM_S_29211f372f.txt,verified_local,,unavailable,,missing,TIER_A,LYRICS_ONLY,train
RMVM_S_295e56378f,Trường Vinh Xuân Thân Yêu,Quang Thành,ART_64b4b2f987,POP_BALLAD,deterministic_mapping,1.0,,,unavailable,data/lyrics/RMVM_S_295e56378f.txt,verified_local,,unavailable,,missing,TIER_A,LYRICS_ONLY,train
RMVM_S_29632ccff5,Âm Thanh Buồn,Phước DKNY,ART_95c918ea88,POP_BALLAD,deterministic_mapping,1.0,,,unavailable,data/lyrics/RMVM_S_29632ccff5.txt,verified_local,,unavailable,,missing,TIER_A,LYRICS_ONLY,train
RMVM_S_29738afb15,Chuyện Một Người Đi,Hồng Quyên,ART_3823754c5d,BOLERO_TRUTINH,deterministic_mapping,1.0,,,unavailable,data/lyrics/RMVM_S_29738afb15.txt,verified_local,,unavailable,,missing,TIER_A,LYRICS_ONLY,train
RMVM_S_2973bcf305,Mashup Người Lạ Ơi - Buồn Của Anh,"Đỗ Minh Quân, Ayoo",ART_7e9d64306c,POP_BALLAD,deterministic_mapping,1.0,,,unavailable,data/lyrics/RMVM_S_2973bcf305.txt,verified_local,data/covers/RMVM_S_2973bcf305.jpg,verified_local,,missing,TIER_A,LYRICS_COVER,train
RMVM_S_298e202a1e,Đơn Giản Anh Yêu Em (DJ Trang Moon Remix),Phan Duy Anh,ART_e57f03d93c,POP_BALLAD,deterministic_mapping,1.0,,,unavailable,data/lyrics/RMVM_S_298e202a1e.txt,verified_local,,unavailable,,missing,TIER_A,LYRICS_ONLY,train
RMVM_S_29a608ea01,Chả Hiểu Sao,Weeza,ART_aafeeb1024,POP_BALLAD,deterministic_mapping,1.0,,,unavailable,data/lyrics/RMVM_S_29a608ea01.txt,verified_local,,unavailable,,missing,TIER_A,LYRICS_ONLY,train
RMVM_S_29d1885811,Anh Biết Anh Đã Sai,Dược Sĩ Tiến,ART_a758db677f,POP_BALLAD,deterministic_mapping,1.0,,,unavailable,data/lyrics/RMVM_S_29d1885811.txt,verified_local,,unavailable,,missing,TIER_A,LYRICS_ONLY,train
RMVM_S_29e5bec2c2,Chiều Về Trên Sông,Tuyết Mai,ART_0d8e63e66a,POP_BALLAD,deterministic_mapping,1.0,,,unavailable,data/lyrics/RMVM_S_29e5bec2c2.txt,verified_local,data/covers/RMVM_S_29e5bec2c2.jpg,verified_local,,missing,TIER_A,LYRICS_COVER,train
RMVM_S_2a05e223f6,Chiều Hoàng Hôn,"Jombie, Jena, G5R Squad",ART_ccf58be9cd,POP_BALLAD,deterministic_mapping,1.0,,,unavailable,data/lyrics/RMVM_S_2a05e223f6.txt,verified_local,,unavailable,,missing,TIER_A,LYRICS_ONLY,train
RMVM_S_2a2aff18fa,Em Ngốc Quá,Gia Huy Singer,ART_65b773d175,POP_BALLAD,deterministic_mapping,1.0,,,unavailable,data/lyrics/RMVM_S_2a2aff18fa.txt,verified_local,,unavailable,,missing,TIER_A,LYRICS_ONLY,train
RMVM_S_2a3490bad1,Đời Tôi Chỉ Một Người,Vũ Hoàng,ART_cbaf0965d0,BOLERO_TRUTINH,deterministic_mapping,1.0,,,unavailable,data/lyrics/RMVM_S_2a3490bad1.txt,verified_local,,unavailable,,missing,TIER_A,LYRICS_ONLY,train
RMVM_S_2a34cd8752,Tân Thời - Vì Anh Quá Yêu Em,"Trọng Đức, Henry Ngọc Thạch, Lê Trần Media",ART_19a1798bec,POP_BALLAD,deterministic_mapping,1.0,,,unavailable,data/lyrics/RMVM_S_2a34cd8752.txt,verified_local,,unavailable,,missing,TIER_A,LYRICS_ONLY,train
RMVM_S_2a3b530508,Có Phải Em Đã Yêu Anh,Minh Tuyết,ART_729a36465f,POP_BALLAD,deterministic_mapping,0.85,,,unavailable,,unavailable,,unavailable,,missing,TIER_B,METADATA_ONLY,train
RMVM_S_2a507cd21e,Tan Biến (Beat),"Trịnh Thiên Ân, NAhy",ART_26765871ca,POP_BALLAD,deterministic_mapping,1.0,,,unavailable,,unavailable,data/covers/RMVM_S_2a507cd21e.jpg,verified_local,,missing,TIER_A,COVER_ONLY,train
RMVM_S_2a5438862a,Chỉ Trừ Em Ra,Chic Quỳnh,ART_52caeaf0bc,POP_BALLAD,deterministic_mapping,1.0,,,unavailable,data/lyrics/RMVM_S_2a5438862a.txt,verified_local,,unavailable,,missing,TIER_A,LYRICS_ONLY,train
RMVM_S_2a6ad2781b,Đừng Xem Như Trò Chơi,Võ Phúc Hưng,ART_6227590916,POP_BALLAD,deterministic_mapping,1.0,,,unavailable,data/lyrics/RMVM_S_2a6ad2781b.txt,verified_local,data/covers/RMVM_S_2a6ad2781b.jpg,verified_local,,missing,TIER_A,LYRICS_COVER,train
RMVM_S_2a6b5d6fa3,Con Tim Anh Thuộc Về Em,Sỹ Luân,ART_7ab361585b,POP_BALLAD,deterministic_mapping,1.0,,,unavailable,data/lyrics/RMVM_S_2a6b5d6fa3.txt,verified_local,,unavailable,,missing,TIER_A,LYRICS_ONLY,train
RMVM_S_2a8188cd79,"LK Khắc Khoải, Về Lại Cõi Sầu, Chơi Vơi (Live)","Diệu Hương, Don Hồ, Thanh Hà",ART_1596b7154e,BOLERO_TRUTINH,deterministic_mapping,1.0,,,unavailable,data/lyrics/RMVM_S_2a8188cd79.txt,verified_local,,unavailable,,missing,TIER_A,LYRICS_ONLY,train
RMVM_S_2a8a9bb264,Có Mùa Xuân Về Đây,"Minh Trang LyLy, TG Rapper",ART_ce7c324ebe,POP_BALLAD,deterministic_mapping,1.0,,,unavailable,data/lyrics/RMVM_S_2a8a9bb264.txt,verified_local,,unavailable,,missing,TIER_A,LYRICS_ONLY,train
RMVM_S_2a92d60937,Bọt Biển,"Gia Huy, Vy Oanh",ART_77537f8bcc,BOLERO_TRUTINH,deterministic_mapping,1.0,,,unavailable,data/lyrics/RMVM_S_2a92d60937.txt,verified_local,,unavailable,,missing,TIER_A,LYRICS_ONLY,train
RMVM_S_2aa045a67f,ANH KHÔNG MUỐN VẬY,Nguyên.,ART_18f484d6a1,POP_BALLAD,deterministic_mapping,1.0,,,unavailable,data/lyrics/RMVM_S_2aa045a67f.txt,verified_local,data/covers/RMVM_S_2aa045a67f.jpg,verified_local,,missing,TIER_A,LYRICS_COVER,train
RMVM_S_2aa46d8547,Không Dừng Lại Được,"Đông, yeuquaimohihi",ART_ef85ead9f4,RAP_HIPHOP,deterministic_mapping,1.0,,,unavailable,data/lyrics/RMVM_S_2aa46d8547.txt,verified_local,,unavailable,,missing,TIER_A,LYRICS_ONLY,train
RMVM_S_2ab1d1d5f9,Đó Chỉ Là Giấc Mơ,"Khucmay, Chương Đan",ART_89902ed276,POP_BALLAD,deterministic_mapping,1.0,,,unavailable,data/lyrics/RMVM_S_2ab1d1d5f9.txt,verified_local,,unavailable,,missing,TIER_A,LYRICS_ONLY,train
RMVM_S_2ab61535a4,Kiếp Phù Du,Diệu Đan,ART_cdeaf1410d,OTHER,curated_out_of_taxonomy,0.9,Religious / Sacred spiritual Vietnamese music,,unavailable,,unavailable,,unavailable,,missing,TIER_B,METADATA_ONLY,train
RMVM_S_2ac2394ff2,Chiều Hoàng Hôn (Cải Lương Remix),"Jombie, Jena, G5R Squad",ART_ccf58be9cd,POP_BALLAD,deterministic_mapping,1.0,,,unavailable,data/lyrics/RMVM_S_2ac2394ff2.txt,verified_local,,unavailable,,missing,TIER_A,LYRICS_ONLY,train
RMVM_S_2ae516e5b2,Chuyện Đời Con Gái,Tố My,ART_181767e2b8,POP_BALLAD,deterministic_mapping,1.0,,,unavailable,data/lyrics/RMVM_S_2ae516e5b2.txt,verified_local,data/covers/RMVM_S_2ae516e5b2.jpg,verified_local,,missing,TIER_A,LYRICS_COVER,train
RMVM_S_2af511f19e,Em Ở Nơi Đâu,Quang Lý,ART_19689dbd80,BOLERO_TRUTINH,deterministic_mapping,1.0,,,unavailable,data/lyrics/RMVM_S_2af511f19e.txt,verified_local,,unavailable,,missing,TIER_A,LYRICS_ONLY,train
RMVM_S_2b12cc0e5f,HOA SỨ NHÀ NÀNG (LOFI VERSION),Bùi Phi Long,ART_725ffd36a2,BOLERO_TRUTINH,deterministic_mapping,1.0,,,unavailable,data/lyrics/RMVM_S_2b12cc0e5f.txt,verified_local,,unavailable,,missing,TIER_A,LYRICS_ONLY,train
RMVM_S_2b26ff2f4c,Ai Chờ Ai,Bỉnh Tài,ART_78cc83f1bb,POP_BALLAD,deterministic_mapping,1.0,,,unavailable,data/lyrics/RMVM_S_2b26ff2f4c.txt,verified_local,,unavailable,,missing,TIER_A,LYRICS_ONLY,train
RMVM_S_2b33c44727,Lá Thư Đô Thị,Ánh Linh,ART_6edc0adc69,BOLERO_TRUTINH,deterministic_mapping,1.0,,,unavailable,data/lyrics/RMVM_S_2b33c44727.txt,verified_local,,unavailable,,missing,TIER_A,LYRICS_ONLY,train
RMVM_S_2b444433f2,Tương Tư Cục,"Lee Phú Quý, Thắng Ca",ART_c5337485a5,POP_BALLAD,deterministic_mapping,1.0,,,unavailable,data/lyrics/RMVM_S_2b444433f2.txt,verified_local,,unavailable,,missing,TIER_A,LYRICS_ONLY,train
RMVM_S_2b65e85b57,Mùa Hoa Tam Giác Mạch,Vũ Minh Vương,ART_ac3da35dbc,BOLERO_TRUTINH,deterministic_mapping,1.0,,,unavailable,data/lyrics/RMVM_S_2b65e85b57.txt,verified_local,,unavailable,,missing,TIER_A,LYRICS_ONLY,train
RMVM_S_2b7afac176,Thả Trôi Phiền Muộn,Diệu Đan,ART_cdeaf1410d,OTHER,curated_out_of_taxonomy,0.9,Religious / Sacred spiritual Vietnamese music,,unavailable,,unavailable,,unavailable,,missing,TIER_B,METADATA_ONLY,train
RMVM_S_2b98a4f0b8,Giây Phút Giao Thừa,Đan Trường,ART_d7d6ae2597,POP_BALLAD,deterministic_mapping,1.0,,,unavailable,data/lyrics/RMVM_S_2b98a4f0b8.txt,verified_local,,unavailable,,missing,TIER_A,LYRICS_ONLY,train
RMVM_S_2b995ac994,Đi Ra Đi Vào,"Minh Đinh, Trung Trần",ART_6606ed4ae9,POP_BALLAD,deterministic_mapping,1.0,,,unavailable,data/lyrics/RMVM_S_2b995ac994.txt,verified_local,,unavailable,,missing,TIER_A,LYRICS_ONLY,train
RMVM_S_2bbc794da0,Đã Quá Trễ Để Anh Tha Thứ Cho Em,Tim,ART_b15d47e998,BOLERO_TRUTINH,deterministic_mapping,1.0,,,unavailable,data/lyrics/RMVM_S_2bbc794da0.txt,verified_local,,unavailable,,missing,TIER_A,LYRICS_ONLY,train
RMVM_S_2be467db3e,Em Và Những Ngày Yêu,Khoai Lang Thang,ART_49ce81776e,POP_BALLAD,deterministic_mapping,1.0,,,unavailable,data/lyrics/RMVM_S_2be467db3e.txt,verified_local,,unavailable,,missing,TIER_A,LYRICS_ONLY,train
RMVM_S_2bf2907b90,"Cuộc Đời Là Vậy Đó (Parody, Short Version)",Hoàng Hồng Quân,ART_fad8af9e99,POP_BALLAD,deterministic_mapping,1.0,,,unavailable,data/lyrics/RMVM_S_2bf2907b90.txt,verified_local,,unavailable,,missing,TIER_A,LYRICS_ONLY,train
RMVM_S_2bf325c9ac,Đắm Say Nàng (Remix),KxK,ART_d09a30aff8,POP_BALLAD,deterministic_mapping,1.0,,,unavailable,data/lyrics/RMVM_S_2bf325c9ac.txt,verified_local,,unavailable,,missing,TIER_A,LYRICS_ONLY,train
RMVM_S_2c031862ab,Bất Bình Thường,Whee!,ART_5a7a482e7c,POP_BALLAD,deterministic_mapping,1.0,,,unavailable,data/lyrics/RMVM_S_2c031862ab.txt,verified_local,,unavailable,,missing,TIER_A,LYRICS_ONLY,train
RMVM_S_2c0d69c55b,Còn Yêu Anh Nữa Không,Ngữ Hồ,ART_276b985877,POP_BALLAD,deterministic_mapping,1.0,,,unavailable,data/lyrics/RMVM_S_2c0d69c55b.txt,verified_local,,unavailable,,missing,TIER_A,LYRICS_ONLY,train
RMVM_S_2c36083637,Cô Bé Có Chiếc Răng Khểnh,Trường Kha,ART_abe0f2439b,BOLERO_TRUTINH,deterministic_mapping,1.0,,,unavailable,data/lyrics/RMVM_S_2c36083637.txt,verified_local,,unavailable,,missing,TIER_A,LYRICS_ONLY,train
RMVM_S_2c4dbeec3b,Anh Mãi Yêu Em,Bằng Kiều,ART_e70c837c14,POP_BALLAD,deterministic_mapping,1.0,,,unavailable,data/lyrics/RMVM_S_2c4dbeec3b.txt,verified_local,data/covers/RMVM_S_2c4dbeec3b.jpg,verified_local,,missing,TIER_A,LYRICS_COVER,train
RMVM_S_2c6e90146c,Thà Ế Còn Hơn Yêu,Nguyễn Trung Đức,ART_9eb16399a0,POP_BALLAD,deterministic_mapping,1.0,,,unavailable,data/lyrics/RMVM_S_2c6e90146c.txt,verified_local,,unavailable,,missing,TIER_A,LYRICS_ONLY,train
RMVM_S_2c81220534,Nỗi Lòng Người Đi,Anh Trinh,ART_c2c70020d2,BOLERO_TRUTINH,deterministic_mapping,1.0,,,unavailable,data/lyrics/RMVM_S_2c81220534.txt,verified_local,,unavailable,,missing,TIER_A,LYRICS_ONLY,train
RMVM_S_2c9133414a,Chẳng còn gì mong nữa,"Zinno, Vimistic",ART_deb6425a03,POP_BALLAD,deterministic_mapping,1.0,,,unavailable,data/lyrics/RMVM_S_2c9133414a.txt,verified_local,,unavailable,,missing,TIER_A,LYRICS_ONLY,train
RMVM_S_2ca55a09bc,Giọt Nước Mắt Sẽ Tan,Quốc Hùng,ART_7138677aaa,INSTRUMENTAL,source_tag_verification,0.85,,,unavailable,data/lyrics/RMVM_S_2ca55a09bc.txt,verified_local,,unavailable,,missing,TIER_B,LYRICS_ONLY,train
RMVM_S_2cb1ada726,Tôi là người đàn ông tội nghiệp,Lâm Quốc Hưng,ART_b116a0dc03,POP_BALLAD,deterministic_mapping,1.0,,,unavailable,,unavailable,data/covers/RMVM_S_2cb1ada726.jpg,verified_local,,missing,TIER_A,COVER_ONLY,train
RMVM_S_2cb2598e01,Cánh Hoa Bên Đường,Phạm Trưởng,ART_4d4476e4b2,POP_BALLAD,deterministic_mapping,1.0,,,unavailable,data/lyrics/RMVM_S_2cb2598e01.txt,verified_local,,unavailable,,missing,TIER_A,LYRICS_ONLY,train
RMVM_S_2cbf952fac,Có Lẽ Là Tình Yêu (Em Trai Bố Dượng OST),Kha Ly,ART_896f0bd6c1,POP_BALLAD,deterministic_mapping,1.0,,,unavailable,data/lyrics/RMVM_S_2cbf952fac.txt,verified_local,,unavailable,,missing,TIER_A,LYRICS_ONLY,train
RMVM_S_2cca71e3da,Liên Khúc 4 Mùa,GiGi Hương Giang,ART_9be47a5fc7,POP_BALLAD,deterministic_mapping,1.0,,,unavailable,data/lyrics/RMVM_S_2cca71e3da.txt,verified_local,,unavailable,,missing,TIER_A,LYRICS_ONLY,train
RMVM_S_2cd4b81138,"Buồn Ơi, Chào Mi!",Giang Hồng Ngọc,ART_1bf81baddb,POP_BALLAD,deterministic_mapping,1.0,,,unavailable,data/lyrics/RMVM_S_2cd4b81138.txt,verified_local,,unavailable,,missing,TIER_A,LYRICS_ONLY,train
RMVM_S_2ce1c687bf,Kỷ Nguyên Kiếm Sĩ,Phan Ann,ART_07345cf2b0,POP_BALLAD,deterministic_mapping,1.0,,,unavailable,data/lyrics/RMVM_S_2ce1c687bf.txt,verified_local,,unavailable,,missing,TIER_A,LYRICS_ONLY,train
RMVM_S_2d31112163,Liên Khúc Bạn Bè,"Vũ Hoàng, Lương Gia Huy, Khưu Huy Vũ",ART_5ceaf48154,POP_BALLAD,deterministic_mapping,1.0,,,unavailable,data/lyrics/RMVM_S_2d31112163.txt,verified_local,,unavailable,,missing,TIER_A,LYRICS_ONLY,train
RMVM_S_2d40cbcc15,Lời Tình Viết Vội,"Thanh Ngân, Gia Tiến",ART_e71637f8e2,POP_BALLAD,deterministic_mapping,1.0,,,unavailable,data/lyrics/RMVM_S_2d40cbcc15.txt,verified_local,,unavailable,,missing,TIER_A,LYRICS_ONLY,train
RMVM_S_2d44d2b9ee,"Nhà Tôi Quá Khó (Parody, Short Version)",Hoàng Hồng Quân,ART_fad8af9e99,POP_BALLAD,deterministic_mapping,1.0,,,unavailable,data/lyrics/RMVM_S_2d44d2b9ee.txt,verified_local,,unavailable,,missing,TIER_A,LYRICS_ONLY,train
RMVM_S_2d4bfda81c,Có Ai Thương Anh Nhiều Hơn,Thảo Cherry,ART_1fd11849d4,POP_BALLAD,deterministic_mapping,1.0,,,unavailable,data/lyrics/RMVM_S_2d4bfda81c.txt,verified_local,data/covers/RMVM_S_2d4bfda81c.jpg,verified_local,,missing,TIER_A,LYRICS_COVER,train
RMVM_S_2d82e35739,Anh Hãy Về Cùng Mùa Xuân,Nguyễn Duyên Quỳnh,ART_fca5fbf3bb,POP_BALLAD,deterministic_mapping,1.0,,,unavailable,data/lyrics/RMVM_S_2d82e35739.txt,verified_local,,unavailable,,missing,TIER_A,LYRICS_ONLY,train
RMVM_S_2d86009fbc,Tâm Sự Gửi Về Đâu,Tuấn Ngọc,ART_e269d46b5a,INSTRUMENTAL,source_tag_verification,0.85,,,unavailable,data/lyrics/RMVM_S_2d86009fbc.txt,verified_local,,unavailable,,missing,TIER_B,LYRICS_ONLY,train
RMVM_S_2d8ccd9678,Cô Gái Mù,Bức Tường,ART_376d48d912,ROCK,artist_discography_verification,0.85,,,unavailable,data/lyrics/RMVM_S_2d8ccd9678.txt,verified_local,data/covers/RMVM_S_2d8ccd9678.jpg,verified_local,,missing,TIER_B,LYRICS_COVER,train
RMVM_S_2d96712d47,Đôi Lời Tình Ca (Live at Hội Đồng Hội 2020),Hoàng Dũng,ART_4a78167f7e,POP_BALLAD,deterministic_mapping,1.0,,,unavailable,data/lyrics/RMVM_S_2d96712d47.txt,verified_local,,unavailable,2020.0,verified,TIER_A,LYRICS_ONLY,train
RMVM_S_2d9ddfce66,Lạnh Lắm,"Lệnh Hồ Khang, EnTi TK, Kid TD",ART_cc5a0d840f,POP_BALLAD,deterministic_mapping,1.0,,,unavailable,data/lyrics/RMVM_S_2d9ddfce66.txt,verified_local,,unavailable,,missing,TIER_A,LYRICS_ONLY,train
RMVM_S_2dcf88e426,Ai Cũng Đẹp,Phi Bằng,ART_7111f18e6a,BOLERO_TRUTINH,deterministic_mapping,1.0,,,unavailable,data/lyrics/RMVM_S_2dcf88e426.txt,verified_local,,unavailable,,missing,TIER_A,LYRICS_ONLY,train
RMVM_S_2dde85b36e,Cậu Đã Có Người Yêu Chưa,Ahn,ART_5a88054d92,POP_BALLAD,deterministic_mapping,0.85,,,unavailable,,unavailable,,unavailable,,missing,TIER_B,METADATA_ONLY,train
RMVM_S_2df480ff75,Tình Yêu Thấu Tận Trời Xanh,Võ Phi,ART_245bb6b9bd,BOLERO_TRUTINH,deterministic_mapping,1.0,,,unavailable,data/lyrics/RMVM_S_2df480ff75.txt,verified_local,,unavailable,,missing,TIER_A,LYRICS_ONLY,train
RMVM_S_2e0426910b,Tâm Sự Nàng Xuân (2024 Version),Lưu Ánh Loan,ART_72a4147195,BOLERO_TRUTINH,deterministic_mapping,1.0,,,unavailable,data/lyrics/RMVM_S_2e0426910b.txt,verified_local,,unavailable,2024.0,verified,TIER_A,LYRICS_ONLY,train
RMVM_S_2e08194e81,Chờ Em Trong Mỏi Mòn,Ngô Kiến Huy,ART_21b3df1bba,RB_SOUL,deterministic_mapping,1.0,,,unavailable,data/lyrics/RMVM_S_2e08194e81.txt,verified_local,,unavailable,,missing,TIER_A,LYRICS_ONLY,train
RMVM_S_2e3318f641,Giấc Mơ Tình Yêu,Đậu Tất Đạt,ART_357ac06684,POP_BALLAD,deterministic_mapping,1.0,,,unavailable,data/lyrics/RMVM_S_2e3318f641.txt,verified_local,,unavailable,,missing,TIER_A,LYRICS_ONLY,train
RMVM_S_2e427c5378,Con Sói Cô Đơn,"T-Akayz, Yanbi, Bueno",ART_d429b59b7c,POP_BALLAD,deterministic_mapping,1.0,,,unavailable,data/lyrics/RMVM_S_2e427c5378.txt,verified_local,,unavailable,,missing,TIER_A,LYRICS_ONLY,train
RMVM_S_2e4b987231,Đẹp Nhất Là Em,"SOOBIN, Jiyeon",ART_29d44d0296,POP_BALLAD,deterministic_mapping,1.0,,,unavailable,data/lyrics/RMVM_S_2e4b987231.txt,verified_local,data/covers/RMVM_S_2e4b987231.jpg,verified_local,,missing,TIER_A,LYRICS_COVER,train
RMVM_S_2e69ada898,Những Điều Lạ Chẳng Mới,NamKun,ART_03dc88aa83,POP_BALLAD,deterministic_mapping,1.0,,,unavailable,data/lyrics/RMVM_S_2e69ada898.txt,verified_local,,unavailable,,missing,TIER_A,LYRICS_ONLY,train
RMVM_S_2e8a521eec,Em Hãy Về Đi,Bằng Chương,ART_1ac51879a7,BOLERO_TRUTINH,deterministic_mapping,1.0,,,unavailable,data/lyrics/RMVM_S_2e8a521eec.txt,verified_local,,unavailable,,missing,TIER_A,LYRICS_ONLY,train
RMVM_S_2e9d56ee77,Màu Ký Ức,Lâm Tuấn,ART_b1eb6b617e,POP_BALLAD,deterministic_mapping,1.0,,,unavailable,data/lyrics/RMVM_S_2e9d56ee77.txt,verified_local,,unavailable,,missing,TIER_A,LYRICS_ONLY,train
RMVM_S_2eb18c14c8,Liên Khúc Cho Em Mùa Xuân,Mai Tuấn,ART_b4d3323fac,POP_BALLAD,deterministic_mapping,1.0,,,unavailable,data/lyrics/RMVM_S_2eb18c14c8.txt,verified_local,,unavailable,2020.0,verified,TIER_A,LYRICS_ONLY,train
RMVM_S_2eb783d0b4,Kiếp Xóc Đĩa,Đinh Kiến Phong,ART_beaaa23f3f,POP_BALLAD,deterministic_mapping,1.0,,,unavailable,data/lyrics/RMVM_S_2eb783d0b4.txt,verified_local,,unavailable,,missing,TIER_A,LYRICS_ONLY,train
RMVM_S_2ec084671c,Cần Tay Chờ Mong,"Văn Tài, Đồng Thùy Linh",ART_0d97c0d6ec,FOLK_TRADITIONAL,deterministic_mapping,1.0,,,unavailable,data/lyrics/RMVM_S_2ec084671c.txt,verified_local,,unavailable,,missing,TIER_A,LYRICS_ONLY,train
RMVM_S_2ecf03b3da,Sau Bao Đêm,"Cú, Ngô Hoàng Hạ",ART_0c15027b5b,POP_BALLAD,deterministic_mapping,1.0,,,unavailable,data/lyrics/RMVM_S_2ecf03b3da.txt,verified_local,,unavailable,,missing,TIER_A,LYRICS_ONLY,train
RMVM_S_2ef802d3c5,DAY OFF - Ban Mai Thủ Đô,RPT TC,ART_fac9a78edf,RAP_HIPHOP,deterministic_mapping,1.0,,,unavailable,data/lyrics/RMVM_S_2ef802d3c5.txt,verified_local,,unavailable,,missing,TIER_A,LYRICS_ONLY,train
RMVM_S_2f033f5af3,Có Bao Giờ Em Sợ Mất Anh,Khánh Đơn,ART_3057e7080f,POP_BALLAD,deterministic_mapping,1.0,,,unavailable,data/lyrics/RMVM_S_2f033f5af3.txt,verified_local,,unavailable,,missing,TIER_A,LYRICS_ONLY,train
RMVM_S_2f12d10b7b,Mùa Thu Không Em,Công Danh,ART_535f5dd8f1,POP_BALLAD,deterministic_mapping,1.0,,,unavailable,data/lyrics/RMVM_S_2f12d10b7b.txt,verified_local,,unavailable,,missing,TIER_A,LYRICS_ONLY,train
RMVM_S_2f2e11f630,Chẳng Thể Né Tránh,Mỹ Anh,ART_5fed28340d,POP_BALLAD,deterministic_mapping,1.0,,,unavailable,data/lyrics/RMVM_S_2f2e11f630.txt,verified_local,,unavailable,,missing,TIER_A,LYRICS_ONLY,train
RMVM_S_2f374763de,Cám Ơn Người Cũ,Hàn Thái Tú,ART_28c3149f5a,POP_BALLAD,deterministic_mapping,1.0,,,unavailable,data/lyrics/RMVM_S_2f374763de.txt,verified_local,,unavailable,,missing,TIER_A,LYRICS_ONLY,train
RMVM_S_2f405a6de7,Khắp Trên Trời Truyền Rao,Isaac Thái,ART_84028ff2d2,OTHER,curated_out_of_taxonomy,0.9,Religious / Sacred spiritual Vietnamese music,,unavailable,,unavailable,,unavailable,,missing,TIER_B,METADATA_ONLY,train
RMVM_S_2f5310e28e,Hai Đám Mây,Khói,ART_44fe5350a5,POP_BALLAD,deterministic_mapping,1.0,,,unavailable,data/lyrics/RMVM_S_2f5310e28e.txt,verified_local,,unavailable,,missing,TIER_A,LYRICS_ONLY,train
RMVM_S_2f776c548f,Cửu Môn Hồi Ức,Thái Quỳnh,ART_b7deac8c97,DANCE_EDM,deterministic_mapping,1.0,,,unavailable,data/lyrics/RMVM_S_2f776c548f.txt,verified_local,,unavailable,,missing,TIER_A,LYRICS_ONLY,train
RMVM_S_2f7a25b2e5,Mảnh Tim Vỡ,"EnTi TK, KaWaiiBi",ART_35505d7cf7,RAP_HIPHOP,deterministic_mapping,1.0,,,unavailable,data/lyrics/RMVM_S_2f7a25b2e5.txt,verified_local,,unavailable,,missing,TIER_A,LYRICS_ONLY,train
RMVM_S_2f7d4bd38c,Hội Thánh Đức Chúa Trời,Gia Huy Singer,ART_65b773d175,POP_BALLAD,deterministic_mapping,1.0,,,unavailable,data/lyrics/RMVM_S_2f7d4bd38c.txt,verified_local,,unavailable,,missing,TIER_A,LYRICS_ONLY,train
RMVM_S_2f981d3993,Cơn Mơ Băng Giá,Bằng Kiều,ART_e70c837c14,POP_BALLAD,deterministic_mapping,1.0,,,unavailable,,unavailable,data/covers/RMVM_S_2f981d3993.jpg,verified_local,,missing,TIER_A,COVER_ONLY,train
RMVM_S_2fb4346c32,Tỉnh Giấc,Ngọc Liên,ART_c574883bb0,BOLERO_TRUTINH,deterministic_mapping,1.0,,,unavailable,,unavailable,data/covers/RMVM_S_2fb4346c32.jpg,verified_local,,missing,TIER_A,COVER_ONLY,train
RMVM_S_2fb6ef740e,Anh Vẫn Thế Thôi,Tam Hổ,ART_63290c924d,POP_BALLAD,deterministic_mapping,1.0,,,unavailable,data/lyrics/RMVM_S_2fb6ef740e.txt,verified_local,,unavailable,,missing,TIER_A,LYRICS_ONLY,train
RMVM_S_2fc3f512b6,Bình Dương Dấu Yêu,Dương Hồng Loan,ART_ef4a4d3768,BOLERO_TRUTINH,deterministic_mapping,1.0,,,unavailable,data/lyrics/RMVM_S_2fc3f512b6.txt,verified_local,,unavailable,,missing,TIER_A,LYRICS_ONLY,train
RMVM_S_2fda9a20d3,Ly Rượu Mừng (2024 Version),Lưu Ánh Loan,ART_72a4147195,BOLERO_TRUTINH,deterministic_mapping,1.0,,,unavailable,data/lyrics/RMVM_S_2fda9a20d3.txt,verified_local,,unavailable,2024.0,verified,TIER_A,LYRICS_ONLY,train
RMVM_S_2fea65bec1,Hai Ngã Rẽ,Vũ Hoàng,ART_cbaf0965d0,BOLERO_TRUTINH,deterministic_mapping,1.0,,,unavailable,data/lyrics/RMVM_S_2fea65bec1.txt,verified_local,,unavailable,,missing,TIER_A,LYRICS_ONLY,train
RMVM_S_2ff449f7fd,Em Vẫn Tin Vào Tình Yêu Ấy (Piano Version),Lương Bích Hữu,ART_ed3b85af9f,INSTRUMENTAL,source_tag_verification,0.85,,,unavailable,data/lyrics/RMVM_S_2ff449f7fd.txt,verified_local,,unavailable,,missing,TIER_B,LYRICS_ONLY,train
RMVM_S_2ff869e1bc,Có Anh Bên Em Mãi,Đoàn Thúy Trang,ART_6f7bf05632,POP_BALLAD,deterministic_mapping,1.0,,,unavailable,data/lyrics/RMVM_S_2ff869e1bc.txt,verified_local,,unavailable,,missing,TIER_A,LYRICS_ONLY,train
RMVM_S_3022171bb0,Bao Giờ Là Khi Nào?,"LTee, YunND",ART_94caa99656,RAP_HIPHOP,deterministic_mapping,1.0,,,unavailable,data/lyrics/RMVM_S_3022171bb0.txt,verified_local,,unavailable,,missing,TIER_A,LYRICS_ONLY,train
RMVM_S_30340b5d2d,Đẹp Nhất Là Em (Korean Version),"SOOBIN, Jiyeon",ART_29d44d0296,POP_BALLAD,deterministic_mapping,1.0,,,unavailable,data/lyrics/RMVM_S_30340b5d2d.txt,verified_local,,unavailable,,missing,TIER_A,LYRICS_ONLY,train
RMVM_S_303adeb48e,Buông Bàn Tay Thật Nhanh,"Đạt G, DuUyen",ART_77e4d1d7bb,RAP_HIPHOP,deterministic_mapping,1.0,,,unavailable,data/lyrics/RMVM_S_303adeb48e.txt,verified_local,,unavailable,,missing,TIER_A,LYRICS_ONLY,train
RMVM_S_303c30d081,Đêm Của Lời Hẹn Hò,"Thu Giang, Phan Đinh Tùng",ART_57b0ea75b1,BOLERO_TRUTINH,deterministic_mapping,1.0,,,unavailable,data/lyrics/RMVM_S_303c30d081.txt,verified_local,,unavailable,,missing,TIER_A,LYRICS_ONLY,train
RMVM_S_3063c1c839,Đừng Bỏ Em Một Mình,Lệ Thu,ART_fcc792d4cb,BOLERO_TRUTINH,deterministic_mapping,0.85,,,unavailable,,unavailable,,unavailable,,missing,TIER_B,METADATA_ONLY,train
RMVM_S_3082371a03,Chiếc Ô Xoay Tròn,"Zick Phạm, Jackie Luu",ART_bf8ab26b28,POP_BALLAD,deterministic_mapping,1.0,,,unavailable,data/lyrics/RMVM_S_3082371a03.txt,verified_local,,unavailable,,missing,TIER_A,LYRICS_ONLY,train
RMVM_S_30aa02f53b,Bây Giờ Còn Nhớ Hay Không,Trường Kha,ART_abe0f2439b,BOLERO_TRUTINH,deterministic_mapping,1.0,,,unavailable,data/lyrics/RMVM_S_30aa02f53b.txt,verified_local,,unavailable,,missing,TIER_A,LYRICS_ONLY,train
RMVM_S_30c6c373fb,Em Đau Ở Đây,T Blish,ART_08b4c46a3c,POP_BALLAD,deterministic_mapping,1.0,,,unavailable,data/lyrics/RMVM_S_30c6c373fb.txt,verified_local,,unavailable,,missing,TIER_A,LYRICS_ONLY,train
RMVM_S_30e69300c4,Lụy Tình (AnhVu x HHD Remix),TLong,ART_8fa879d3fc,DANCE_EDM,deterministic_mapping,1.0,,,unavailable,data/lyrics/RMVM_S_30e69300c4.txt,verified_local,,unavailable,,missing,TIER_A,LYRICS_ONLY,train
RMVM_S_30ec8c65d2,Chuyện Tình Hôm Qua,Hà Nhi,ART_294fedde83,POP_BALLAD,deterministic_mapping,1.0,,,unavailable,data/lyrics/RMVM_S_30ec8c65d2.txt,verified_local,,unavailable,,missing,TIER_A,LYRICS_ONLY,train
RMVM_S_30eef67429,7 Tỷ Người (Piano Version),"A.C Xuân Tài, Lynk Lee",ART_7a8ab0412f,POP_BALLAD,deterministic_mapping,1.0,,,unavailable,data/lyrics/RMVM_S_30eef67429.txt,verified_local,,unavailable,,missing,TIER_A,LYRICS_ONLY,train
RMVM_S_30f63fed6a,Tây Vương Nữ Quốc,"Thanh Ngân, Gia Tiến",ART_e71637f8e2,POP_BALLAD,deterministic_mapping,1.0,,,unavailable,data/lyrics/RMVM_S_30f63fed6a.txt,verified_local,,unavailable,,missing,TIER_A,LYRICS_ONLY,train
RMVM_S_3103fe7c02,Quảng Nam Đất Mẹ Nghĩa Tình,Tây Giang,ART_43c3e5a2a4,POP_BALLAD,deterministic_mapping,1.0,,,unavailable,data/lyrics/RMVM_S_3103fe7c02.txt,verified_local,,unavailable,,missing,TIER_A,LYRICS_ONLY,train
RMVM_S_311777a420,Con Sẽ Về Đêm 30,NB3 Hoài Bảo,ART_033bde1867,POP_BALLAD,deterministic_mapping,1.0,,,unavailable,data/lyrics/RMVM_S_311777a420.txt,verified_local,,unavailable,,missing,TIER_A,LYRICS_ONLY,train
RMVM_S_311ac481d9,Đợi Em Đến Hoa Tàn,Kiwi Ngô Mai Trang,ART_89c09dc726,POP_BALLAD,deterministic_mapping,1.0,,,unavailable,data/lyrics/RMVM_S_311ac481d9.txt,verified_local,data/covers/RMVM_S_311ac481d9.jpg,verified_local,,missing,TIER_A,LYRICS_COVER,train
RMVM_S_3153c24033,Lời Mẹ Mãi Trong Tim 2,"Vũ Hoàng, Hương Lan",ART_c47320ca66,BOLERO_TRUTINH,deterministic_mapping,1.0,,,unavailable,data/lyrics/RMVM_S_3153c24033.txt,verified_local,,unavailable,,missing,TIER_A,LYRICS_ONLY,train
RMVM_S_315af2526e,Yêu Cần Phải Cưới,Đạt Trần,ART_bb94eff729,POP_BALLAD,deterministic_mapping,1.0,,,unavailable,data/lyrics/RMVM_S_315af2526e.txt,verified_local,,unavailable,,missing,TIER_A,LYRICS_ONLY,train
RMVM_S_317ee457d9,Đó Là Chuyện Của Anh,Trịnh Đình Quang,ART_00eb07d1b5,POP_BALLAD,deterministic_mapping,1.0,,,unavailable,data/lyrics/RMVM_S_317ee457d9.txt,verified_local,data/covers/RMVM_S_317ee457d9.jpg,verified_local,,missing,TIER_A,LYRICS_COVER,train
RMVM_S_31827c9732,Khi Em Xa Anh,Ngô Lan Hương,ART_f1d4ece2d8,POP_BALLAD,deterministic_mapping,1.0,,,unavailable,data/lyrics/RMVM_S_31827c9732.txt,verified_local,data/covers/RMVM_S_31827c9732.jpg,verified_local,,missing,TIER_A,LYRICS_COVER,train
RMVM_S_318ed1cf27,Cái Mày Ở Lại Đây Nha,"Cát Tiên, Huy Đinh",ART_f2a213aa5d,POP_BALLAD,deterministic_mapping,1.0,,,unavailable,data/lyrics/RMVM_S_318ed1cf27.txt,verified_local,,unavailable,,missing,TIER_A,LYRICS_ONLY,train
RMVM_S_319395d65c,Đánh Rơi Yêu Thương,Minh Tài,ART_b4099ff934,POP_BALLAD,deterministic_mapping,1.0,,,unavailable,,unavailable,data/covers/RMVM_S_319395d65c.jpg,verified_local,,missing,TIER_A,COVER_ONLY,train
RMVM_S_319de9ad50,Anh Ơi Đừng Đến Nữa,Thúy Huyền,ART_36808d017b,POP_BALLAD,deterministic_mapping,1.0,,,unavailable,data/lyrics/RMVM_S_319de9ad50.txt,verified_local,,unavailable,,missing,TIER_A,LYRICS_ONLY,train
RMVM_S_31a2bbff4e,Đảo Không Người,Ngô Anh Đạt,ART_501c1c6947,POP_BALLAD,deterministic_mapping,1.0,,,unavailable,data/lyrics/RMVM_S_31a2bbff4e.txt,verified_local,,unavailable,,missing,TIER_A,LYRICS_ONLY,train
RMVM_S_31a9c3117f,Anh Sẽ Đợi (VisconC Remix),"TLong, Tô Minh, HOA HỒNG DẠI MUSIC",ART_8784419826,DANCE_EDM,deterministic_mapping,1.0,,,unavailable,data/lyrics/RMVM_S_31a9c3117f.txt,verified_local,,unavailable,,missing,TIER_A,LYRICS_ONLY,train
RMVM_S_31b5b21a36,Đau Lắm (Remix),Phạm Trưởng,ART_4d4476e4b2,POP_BALLAD,deterministic_mapping,1.0,,,unavailable,data/lyrics/RMVM_S_31b5b21a36.txt,verified_local,,unavailable,,missing,TIER_A,LYRICS_ONLY,train
RMVM_S_31e68cb92e,Giấc Mơ Không Quay Về,The Men,ART_bbb595b853,POP_BALLAD,deterministic_mapping,1.0,,,unavailable,data/lyrics/RMVM_S_31e68cb92e.txt,verified_local,,unavailable,2012.0,verified,TIER_A,LYRICS_ONLY,train
RMVM_S_31fd3163b1,Người Cũ (Beat),Minh Vương M4U,ART_6d64de7cb2,POP_BALLAD,deterministic_mapping,1.0,,,unavailable,data/lyrics/RMVM_S_31fd3163b1.txt,verified_local,,unavailable,,missing,TIER_A,LYRICS_ONLY,train
RMVM_S_3203405192,Bữa Cơm Đoàn Viên,Trường Kha,ART_abe0f2439b,POP_BALLAD,deterministic_mapping,1.0,,,unavailable,data/lyrics/RMVM_S_3203405192.txt,verified_local,,unavailable,,missing,TIER_A,LYRICS_ONLY,train
RMVM_S_3212664321,Đâu Dám Trèo Cao,"Dư Anh, Mỹ Linh",ART_a4f8323b24,BOLERO_TRUTINH,deterministic_mapping,1.0,,,unavailable,data/lyrics/RMVM_S_3212664321.txt,verified_local,,unavailable,,missing,TIER_A,LYRICS_ONLY,train
RMVM_S_32178cab2e,Chuyện Tình Tan Vỡ,Hoàng Luân,ART_7ba12e11df,POP_BALLAD,deterministic_mapping,1.0,,,unavailable,data/lyrics/RMVM_S_32178cab2e.txt,verified_local,,unavailable,,missing,TIER_A,LYRICS_ONLY,train
RMVM_S_32425d7196,Ngàn Hoa Đẹp Tươi,Lm. Quang Lâm,ART_131de67c02,OTHER,curated_out_of_taxonomy,0.9,Religious / Sacred spiritual Vietnamese music,,unavailable,,unavailable,,unavailable,,missing,TIER_B,METADATA_ONLY,train
RMVM_S_324508e809,Anh Từ Đâu Đến,Hồng Hạnh,ART_031bfee6e2,BOLERO_TRUTINH,deterministic_mapping,1.0,,,unavailable,data/lyrics/RMVM_S_324508e809.txt,verified_local,data/covers/RMVM_S_324508e809.jpg,verified_local,,missing,TIER_A,LYRICS_COVER,train
RMVM_S_32480cf603,Chỉ Cần Có Em (Remix),Nguyễn Đức Quang,ART_95ff6c123b,POP_BALLAD,deterministic_mapping,1.0,,,unavailable,data/lyrics/RMVM_S_32480cf603.txt,verified_local,,unavailable,,missing,TIER_A,LYRICS_ONLY,train
RMVM_S_324a966215,Bên Em Luôn Có Anh (Remix),Du Thiên,ART_e5652c266a,DANCE_EDM,deterministic_mapping,1.0,,,unavailable,data/lyrics/RMVM_S_324a966215.txt,verified_local,,unavailable,,missing,TIER_A,LYRICS_ONLY,train
RMVM_S_326e403e36,Nhớ Quê,Linh Hoa,ART_d7231aa480,POP_BALLAD,deterministic_mapping,1.0,,,unavailable,data/lyrics/RMVM_S_326e403e36.txt,verified_local,,unavailable,,missing,TIER_A,LYRICS_ONLY,train
RMVM_S_32ad4d9505,"Astro Nuevo: I. Area, ""Astro nuevo"" - II. Recitado, ""A la esphera divina"" - III. Area, ""Pura rosa"" - IV. Recitativo, ""En obscuro velo"" - V. Area, ""Qué dichoso es"" - VI. Adagio, ""Ay! que me muero"" (Cantata al Santísimo con violines)",Julia Doyle,ART_2aa293658a,FOLK_TRADITIONAL,deterministic_mapping,1.0,,,unavailable,,unavailable,data/covers/RMVM_S_32ad4d9505.jpg,verified_local,,missing,TIER_A,COVER_ONLY,train
RMVM_S_32c88278ed,Say Câu Hát Người Ơi,Vũ Minh Vương,ART_ac3da35dbc,BOLERO_TRUTINH,deterministic_mapping,1.0,,,unavailable,data/lyrics/RMVM_S_32c88278ed.txt,verified_local,,unavailable,,missing,TIER_A,LYRICS_ONLY,train
RMVM_S_32caebd8bc,Anh Sẽ Gặp Em Lần Nữa,Suno Nguyễn,ART_8995d5903e,POP_BALLAD,deterministic_mapping,1.0,,,unavailable,data/lyrics/RMVM_S_32caebd8bc.txt,verified_local,,unavailable,,missing,TIER_A,LYRICS_ONLY,train
RMVM_S_32e0307a4e,Còn Duyên,Hồng Duyên,ART_a0fceb82df,POP_BALLAD,deterministic_mapping,1.0,,,unavailable,data/lyrics/RMVM_S_32e0307a4e.txt,verified_local,,unavailable,,missing,TIER_A,LYRICS_ONLY,train
RMVM_S_32f74f73db,Chắc Anh Có Yêu Em (Cover),"Anie Như Thùy, Lương Thăng",ART_4b5d9f7f7d,POP_BALLAD,deterministic_mapping,1.0,,,unavailable,,unavailable,data/covers/RMVM_S_32f74f73db.jpg,verified_local,,missing,TIER_A,COVER_ONLY,train
RMVM_S_33038d16e6,Giấu Mặt,Đức Phúc,ART_2f5a74e3f0,POP_BALLAD,deterministic_mapping,1.0,,,unavailable,data/lyrics/RMVM_S_33038d16e6.txt,verified_local,,unavailable,,missing,TIER_A,LYRICS_ONLY,train
RMVM_S_3317e4fc55,Có Tất Cả Nhưng Không Có Nhau (Beat),Tuyết Mai,ART_0d8e63e66a,POP_BALLAD,deterministic_mapping,1.0,,,unavailable,data/lyrics/RMVM_S_3317e4fc55.txt,verified_local,,unavailable,,missing,TIER_A,LYRICS_ONLY,train
RMVM_S_3335f30e7f,Anh Là Tia Nắng Trong Em (Disco),"BeeBoss, Châu Ngọc Lan",ART_43e14dec39,POP_BALLAD,deterministic_mapping,1.0,,,unavailable,data/lyrics/RMVM_S_3335f30e7f.txt,verified_local,,unavailable,,missing,TIER_A,LYRICS_ONLY,train
RMVM_S_3342f0ba8f,Anh Biết Tìm Đâu,Bằng Cường,ART_92092d6cfb,POP_BALLAD,deterministic_mapping,1.0,,,unavailable,data/lyrics/RMVM_S_3342f0ba8f.txt,verified_local,data/covers/RMVM_S_3342f0ba8f.jpg,verified_local,,missing,TIER_A,LYRICS_COVER,train
RMVM_S_3355244cf2,Giá Như Anh Được Nghe Em Nói,Vincent,ART_b15ab3f829,POP_BALLAD,deterministic_mapping,1.0,,,unavailable,,unavailable,data/covers/RMVM_S_3355244cf2.jpg,verified_local,,missing,TIER_A,COVER_ONLY,train
RMVM_S_3361016c60,Bất Nhiễm (Cover),Thủy Tiên,ART_e38c9f3061,POP_BALLAD,deterministic_mapping,1.0,,,unavailable,data/lyrics/RMVM_S_3361016c60.txt,verified_local,data/covers/RMVM_S_3361016c60.jpg,verified_local,,missing,TIER_A,LYRICS_COVER,train
RMVM_S_337407f2e7,Men Say Tình Cũ,A Tổ,ART_70048a8cbc,POP_BALLAD,deterministic_mapping,1.0,,,unavailable,data/lyrics/RMVM_S_337407f2e7.txt,verified_local,,unavailable,,missing,TIER_A,LYRICS_ONLY,train
RMVM_S_33898dced6,Hà Nội của tôi Official,"Hải Duget, Ca sĩ Tuyết Mai, Thy Trần, Thu Hương, Tuệ Quyên",ART_249f06f13a,POP_BALLAD,deterministic_mapping,1.0,,,unavailable,,unavailable,data/covers/RMVM_S_33898dced6.jpg,verified_local,,missing,TIER_A,COVER_ONLY,train
RMVM_S_33b6ad460c,Duyên Đọa Đày,Thiên Tú,ART_b0af0bf20e,POP_BALLAD,deterministic_mapping,1.0,,,unavailable,data/lyrics/RMVM_S_33b6ad460c.txt,verified_local,,unavailable,,missing,TIER_A,LYRICS_ONLY,train
RMVM_S_33ef8bd702,Có Thể Em Không Biết,Trịnh Đình Quang,ART_00eb07d1b5,POP_BALLAD,deterministic_mapping,1.0,,,unavailable,data/lyrics/RMVM_S_33ef8bd702.txt,verified_local,,unavailable,,missing,TIER_A,LYRICS_ONLY,train
RMVM_S_33f8305ac7,Dù Tình Sương Khói,"Quỳnh Vi, Trịnh Lam",ART_668d49e577,INSTRUMENTAL,source_tag_verification,0.85,,,unavailable,data/lyrics/RMVM_S_33f8305ac7.txt,verified_local,,unavailable,,missing,TIER_B,LYRICS_ONLY,train
RMVM_S_3404644182,Anh Chỉ Dám Nhá Máy Cho Em,Lâm Chấn Huy,ART_6c383e0ed1,POP_BALLAD,deterministic_mapping,1.0,,,unavailable,data/lyrics/RMVM_S_3404644182.txt,verified_local,data/covers/RMVM_S_3404644182.jpg,verified_local,,missing,TIER_A,LYRICS_COVER,train
RMVM_S_34304121f9,Liên Khúc Hờn Trách Con Đò - Éo Le Cuộc Tình,Hoàng Minh Thắng,ART_8de2974414,BOLERO_TRUTINH,deterministic_mapping,1.0,,,unavailable,data/lyrics/RMVM_S_34304121f9.txt,verified_local,,unavailable,,missing,TIER_A,LYRICS_ONLY,train
RMVM_S_343372b82a,Bạn Ổn Không (Son2M Remix),Đinh Đại Vũ,ART_206f2813bd,POP_BALLAD,deterministic_mapping,1.0,,,unavailable,data/lyrics/RMVM_S_343372b82a.txt,verified_local,data/covers/RMVM_S_343372b82a.jpg,verified_local,,missing,TIER_A,LYRICS_COVER,train
RMVM_S_3440f791a4,Hồng Trần Ngàn Vạn Xuân,Bùi Hoàng Yến,ART_4ac2aad179,POP_BALLAD,deterministic_mapping,1.0,,,unavailable,data/lyrics/RMVM_S_3440f791a4.txt,verified_local,,unavailable,,missing,TIER_A,LYRICS_ONLY,train
RMVM_S_344db0a068,Mưa Học Trò,Bích Tuyền,ART_bd071a7848,BOLERO_TRUTINH,deterministic_mapping,1.0,,,unavailable,data/lyrics/RMVM_S_344db0a068.txt,verified_local,,unavailable,,missing,TIER_A,LYRICS_ONLY,train
RMVM_S_34600a6279,5 Vạn 7 Ngàn 600 Lần Nhớ Em,Thương,ART_5e21c2396f,POP_BALLAD,deterministic_mapping,1.0,,,unavailable,data/lyrics/RMVM_S_34600a6279.txt,verified_local,,unavailable,,missing,TIER_A,LYRICS_ONLY,train
RMVM_S_347475ec54,"Thân Phận, Được Tin Em Lấy Chồng","Quỳnh Dung, Mai Quốc Huy",ART_b953954657,BOLERO_TRUTINH,deterministic_mapping,1.0,,,unavailable,,unavailable,,unavailable,,missing,TIER_A,METADATA_ONLY,train
RMVM_S_348d814ae5,Cảm Ơn Mình Đã Yêu Anh - Lạc,HA Live,ART_c6e8e9559d,POP_BALLAD,deterministic_mapping,1.0,,,unavailable,data/lyrics/RMVM_S_348d814ae5.txt,verified_local,,unavailable,,missing,TIER_A,LYRICS_ONLY,train
RMVM_S_348ddb0e81,Kẻ Chờ Trăng Lên,DIMZ,ART_b78bfa06ae,POP_BALLAD,deterministic_mapping,1.0,,,unavailable,data/lyrics/RMVM_S_348ddb0e81.txt,verified_local,,unavailable,,missing,TIER_A,LYRICS_ONLY,train
RMVM_S_34b285f3e3,[Music Space] Yêu một người vô tâm - Sáng tác: Mr.Siro | Trình bày: Neon | Guitar: Trọng Lê (Cover),Liêu Hà Trinh,ART_d9183f78b2,POP_BALLAD,deterministic_mapping,1.0,,,unavailable,,unavailable,data/covers/RMVM_S_34b285f3e3.jpg,verified_local,,missing,TIER_A,COVER_ONLY,train
RMVM_S_34b6002653,Tổn Thương Nhau Để Được Gì?,"JayJay, KayZ",ART_44963d48ce,POP_BALLAD,deterministic_mapping,1.0,,,unavailable,data/lyrics/RMVM_S_34b6002653.txt,verified_local,,unavailable,,missing,TIER_A,LYRICS_ONLY,train
RMVM_S_34c3e4610d,Vội Vàng,Đình Bảo,ART_db71a476cb,INSTRUMENTAL,source_tag_verification,0.85,,,unavailable,,unavailable,,unavailable,,missing,TIER_B,METADATA_ONLY,train
RMVM_S_34c6d446f4,Tết Đến Khi Con Về,"Tú DuCa, HHD",ART_8f9ef0c5e8,POP_BALLAD,deterministic_mapping,1.0,,,unavailable,data/lyrics/RMVM_S_34c6d446f4.txt,verified_local,,unavailable,,missing,TIER_A,LYRICS_ONLY,train
RMVM_S_34ce7a759e,Tình Khúc Cho Em (Liveshow Thương Quá Việt Nam 3),Ngọc Ánh,ART_ffec2f6571,INSTRUMENTAL,source_tag_verification,0.85,,,unavailable,,unavailable,data/covers/RMVM_S_34ce7a759e.jpg,verified_local,,missing,TIER_B,COVER_ONLY,train
RMVM_S_34e8394942,Đồng Sâu Xứ Lạ,Phi Nhung,ART_33de4125fc,BOLERO_TRUTINH,deterministic_mapping,1.0,,,unavailable,data/lyrics/RMVM_S_34e8394942.txt,verified_local,,unavailable,,missing,TIER_A,LYRICS_ONLY,train
RMVM_S_34f6838951,Trái Tim Xao Động,Nguyễn Phi Hùng,ART_8b396f08ea,POP_BALLAD,deterministic_mapping,1.0,,,unavailable,data/lyrics/RMVM_S_34f6838951.txt,verified_local,,unavailable,,missing,TIER_A,LYRICS_ONLY,train
RMVM_S_34fb27724e,Bình Yên Nơi Anh (CM1X x VRT Remix),"TeamV, CM1X, VRT",ART_7492d04079,POP_BALLAD,deterministic_mapping,1.0,,,unavailable,data/lyrics/RMVM_S_34fb27724e.txt,verified_local,,unavailable,,missing,TIER_A,LYRICS_ONLY,train
RMVM_S_34fc1b846b,Chuyện Lứa Đôi,"Như Quỳnh, Don Hồ",ART_744665c87d,INSTRUMENTAL,source_tag_verification,0.85,,,unavailable,data/lyrics/RMVM_S_34fc1b846b.txt,verified_local,,unavailable,,missing,TIER_B,LYRICS_ONLY,train
RMVM_S_3500d0e2f3,Cơn Mơ Ngọt Ngào,Thiều Bảo Trâm,ART_c6540c3274,POP_BALLAD,deterministic_mapping,1.0,,,unavailable,data/lyrics/RMVM_S_3500d0e2f3.txt,verified_local,,unavailable,,missing,TIER_A,LYRICS_ONLY,train
RMVM_S_3503bba17f,Tiếng Đàn Guitar (Giao Lộ Thời Gian),Đức Huy,ART_d9ef494b5e,POP_BALLAD,deterministic_mapping,0.85,,,unavailable,,unavailable,,unavailable,,missing,TIER_B,METADATA_ONLY,train
RMVM_S_352ee96659,Bao Giờ Em Mới Yêu Anh,Tuấn,ART_02c2c29610,POP_BALLAD,deterministic_mapping,1.0,,,unavailable,data/lyrics/RMVM_S_352ee96659.txt,verified_local,,unavailable,,missing,TIER_A,LYRICS_ONLY,train
RMVM_S_35397ccd35,Im Lặng Hơn Ngàn Lời Nói (Beat),Lyna Thùy Linh,ART_0556671fc2,POP_BALLAD,deterministic_mapping,1.0,,,unavailable,data/lyrics/RMVM_S_35397ccd35.txt,verified_local,,unavailable,,missing,TIER_A,LYRICS_ONLY,train
RMVM_S_35561db66b,Đêm Lao Xao,"Anh Khang, Quỳnh Trang",ART_edff91e08b,POP_BALLAD,deterministic_mapping,1.0,,,unavailable,data/lyrics/RMVM_S_35561db66b.txt,verified_local,,unavailable,,missing,TIER_A,LYRICS_ONLY,train
RMVM_S_355faefec8,Anh Thế Giới Và Em (Beat),Hương Tràm,ART_e920f3a510,POP_BALLAD,deterministic_mapping,1.0,,,unavailable,data/lyrics/RMVM_S_355faefec8.txt,verified_local,,unavailable,,missing,TIER_A,LYRICS_ONLY,train
RMVM_S_358fc0f515,Thế Là Tết,"Đức Phúc, Hòa Minzy",ART_18cc8bbcb7,POP_BALLAD,deterministic_mapping,1.0,,,unavailable,data/lyrics/RMVM_S_358fc0f515.txt,verified_local,,unavailable,,missing,TIER_A,LYRICS_ONLY,train
RMVM_S_359330d5d2,Em Không Như Anh Nghĩ,Anh T.O.M,ART_a81263ea22,POP_BALLAD,deterministic_mapping,1.0,,,unavailable,data/lyrics/RMVM_S_359330d5d2.txt,verified_local,data/covers/RMVM_S_359330d5d2.jpg,verified_local,,missing,TIER_A,LYRICS_COVER,train
RMVM_S_3598972292,Tự Sự Yêu Của Em,Nông Anh Thơ,ART_e22ab44e48,POP_BALLAD,deterministic_mapping,1.0,,,unavailable,data/lyrics/RMVM_S_3598972292.txt,verified_local,,unavailable,,missing,TIER_A,LYRICS_ONLY,train
RMVM_S_359d4329a9,Trả Nợ Ân Tình,Thu Trang MC,ART_97a549df87,BOLERO_TRUTINH,deterministic_mapping,1.0,,,unavailable,data/lyrics/RMVM_S_359d4329a9.txt,verified_local,,unavailable,,missing,TIER_A,LYRICS_ONLY,train
RMVM_S_35b151f22b,Dĩ Vãng Nhạt Nhòa (Cover),Hà Nhi,ART_294fedde83,POP_BALLAD,deterministic_mapping,1.0,,,unavailable,data/lyrics/RMVM_S_35b151f22b.txt,verified_local,,unavailable,,missing,TIER_A,LYRICS_ONLY,train
RMVM_S_35c08d0c5d,Ai Đã Từng,Hồng Dương,ART_90d456f1d1,POP_BALLAD,deterministic_mapping,1.0,,,unavailable,data/lyrics/RMVM_S_35c08d0c5d.txt,verified_local,,unavailable,,missing,TIER_A,LYRICS_ONLY,train
RMVM_S_35ca11c00c,Giá Em Chưa Từng Đến,"Haukong, H2 JSON",ART_7743c844af,POP_BALLAD,deterministic_mapping,1.0,,,unavailable,data/lyrics/RMVM_S_35ca11c00c.txt,verified_local,,unavailable,,missing,TIER_A,LYRICS_ONLY,train
RMVM_S_35efcf9389,Nhìn Vào Mưa (Em Gái Mưa OST),Trung Quân Idol,ART_61b872964d,POP_BALLAD,deterministic_mapping,1.0,,,unavailable,data/lyrics/RMVM_S_35efcf9389.txt,verified_local,,unavailable,,missing,TIER_A,LYRICS_ONLY,train
RMVM_S_362b4a653b,Em Ơi Anh Về Rồi,Giang Trường,ART_0994a63f86,BOLERO_TRUTINH,deterministic_mapping,1.0,,,unavailable,data/lyrics/RMVM_S_362b4a653b.txt,verified_local,,unavailable,,missing,TIER_A,LYRICS_ONLY,train
RMVM_S_3633cc5f57,Nỗi Đau Tình Phụ,Mạnh Quỳnh,ART_d1f9e306ee,INSTRUMENTAL,source_tag_verification,0.85,,,unavailable,data/lyrics/RMVM_S_3633cc5f57.txt,verified_local,,unavailable,,missing,TIER_B,LYRICS_ONLY,train
RMVM_S_3672eb88e1,Bạn Tình Ơi,"YuniBoo, Goctoi Mixer",ART_8de9b36d5f,RAP_HIPHOP,deterministic_mapping,1.0,,,unavailable,data/lyrics/RMVM_S_3672eb88e1.txt,verified_local,,unavailable,,missing,TIER_A,LYRICS_ONLY,train
RMVM_S_367533c4d1,60 Năm Yêu Mãi Nhé,"Tân Hy Khánh, Mạnh Quân",ART_f64c8fe62e,POP_BALLAD,deterministic_mapping,1.0,,,unavailable,data/lyrics/RMVM_S_367533c4d1.txt,verified_local,,unavailable,,missing,TIER_A,LYRICS_ONLY,train
RMVM_S_368e7e38a4,Chúc Mừng Xuân Mới,Cadillac,ART_f2e3f2b2db,FOLK_TRADITIONAL,deterministic_mapping,1.0,,,unavailable,data/lyrics/RMVM_S_368e7e38a4.txt,verified_local,,unavailable,,missing,TIER_A,LYRICS_ONLY,train
RMVM_S_36b80859cb,Biển Chiều Vắng Em,Vũ Hoàng,ART_cbaf0965d0,BOLERO_TRUTINH,deterministic_mapping,1.0,,,unavailable,data/lyrics/RMVM_S_36b80859cb.txt,verified_local,,unavailable,,missing,TIER_A,LYRICS_ONLY,train
RMVM_S_36cb6d4685,"Đi Tiếp Nhé, Việt Nam Ơi!","Andiez, Seachains",ART_5b57526df6,POP_BALLAD,deterministic_mapping,1.0,,,unavailable,data/lyrics/RMVM_S_36cb6d4685.txt,verified_local,,unavailable,,missing,TIER_A,LYRICS_ONLY,train
RMVM_S_36f1332288,Ảo Mộng Đơn Phương (Bước Cùng Nỗi Đau 2),CD Hoàng,ART_0adc959c92,POP_BALLAD,deterministic_mapping,1.0,,,unavailable,data/lyrics/RMVM_S_36f1332288.txt,verified_local,,unavailable,,missing,TIER_A,LYRICS_ONLY,train
RMVM_S_36ffa2d3fd,Cơn Mưa Chiều Ấy,DatKaa,ART_28dc7fe15b,POP_BALLAD,deterministic_mapping,1.0,,,unavailable,data/lyrics/RMVM_S_36ffa2d3fd.txt,verified_local,,unavailable,,missing,TIER_A,LYRICS_ONLY,train
RMVM_S_3711bff17e,Anh Không Thể Nào Quên,Tăng Anh Tuấn,ART_3a6c60b80f,POP_BALLAD,deterministic_mapping,1.0,,,unavailable,data/lyrics/RMVM_S_3711bff17e.txt,verified_local,,unavailable,,missing,TIER_A,LYRICS_ONLY,train
RMVM_S_371438ff43,Nhành Mai Thắm Tặng Em,Phương Thùy (Nhóm Phù Sa),ART_c29578fbde,BOLERO_TRUTINH,deterministic_mapping,1.0,,,unavailable,data/lyrics/RMVM_S_371438ff43.txt,verified_local,,unavailable,,missing,TIER_A,LYRICS_ONLY,train
RMVM_S_37349b90f2,Hạnh Phúc Khi Có Anh,Nhật Kim Anh,ART_8f5deabde4,POP_BALLAD,deterministic_mapping,1.0,,,unavailable,data/lyrics/RMVM_S_37349b90f2.txt,verified_local,,unavailable,,missing,TIER_A,LYRICS_ONLY,train
RMVM_S_3734d0a8f4,Anh Là Ai ?,"ASC, MRoy",ART_90fe3e624f,POP_BALLAD,deterministic_mapping,1.0,,,unavailable,data/lyrics/RMVM_S_3734d0a8f4.txt,verified_local,,unavailable,,missing,TIER_A,LYRICS_ONLY,train
RMVM_S_373efce170,Em Lại Nhớ Anh Nữa Rồi,"Lynk Lee, A.C Xuân Tài",ART_3823cf7bdd,POP_BALLAD,deterministic_mapping,1.0,,,unavailable,data/lyrics/RMVM_S_373efce170.txt,verified_local,,unavailable,,missing,TIER_A,LYRICS_ONLY,train
RMVM_S_37466d6a69,8 Lời Nói Dối Của Mẹ,"Nguyễn Văn Chung, Như Thùy",ART_f4d4b846b6,POP_BALLAD,deterministic_mapping,1.0,,,unavailable,,unavailable,data/covers/RMVM_S_37466d6a69.jpg,verified_local,,missing,TIER_A,COVER_ONLY,train
RMVM_S_3748e60260,Anh Sao Cũng Được,Lê Chí Trung,ART_08e8e412ba,POP_BALLAD,deterministic_mapping,1.0,,,unavailable,data/lyrics/RMVM_S_3748e60260.txt,verified_local,,unavailable,,missing,TIER_A,LYRICS_ONLY,train
RMVM_S_374b6cc04d,Mỹ Nhân (Cover),"Khánh Phương, Vĩnh Thuyên Kim",ART_2136da58dc,POP_BALLAD,deterministic_mapping,1.0,,,unavailable,data/lyrics/RMVM_S_374b6cc04d.txt,verified_local,data/covers/RMVM_S_374b6cc04d.jpg,verified_local,,missing,TIER_A,LYRICS_COVER,train
RMVM_S_374fceb3c6,Nụ Hôn Bất Ngờ,Thu Hiền Hellen,ART_36a796d1e8,POP_BALLAD,deterministic_mapping,1.0,,,unavailable,data/lyrics/RMVM_S_374fceb3c6.txt,verified_local,,unavailable,2023.0,verified,TIER_A,LYRICS_ONLY,train
RMVM_S_37a4b5fc15,Khóc Thầm / Vùng Trời Ngày Đó,Hương Lan,ART_8422601bfe,INSTRUMENTAL,source_tag_verification,0.85,,,unavailable,data/lyrics/RMVM_S_37a4b5fc15.txt,verified_local,,unavailable,,missing,TIER_B,LYRICS_ONLY,train
RMVM_S_37ac9cc833,Buồn Nào Đẹp Như Thế - “Chuyện Của Anh”,Haro,ART_9abf850b1f,POP_BALLAD,deterministic_mapping,1.0,,,unavailable,data/lyrics/RMVM_S_37ac9cc833.txt,verified_local,data/covers/RMVM_S_37ac9cc833.jpg,verified_local,,missing,TIER_A,LYRICS_COVER,train
RMVM_S_37ae450cfa,Đứng Sau Người Em Yêu,Wind,ART_7e25b972e1,POP_BALLAD,deterministic_mapping,1.0,,,unavailable,data/lyrics/RMVM_S_37ae450cfa.txt,verified_local,,unavailable,,missing,TIER_A,LYRICS_ONLY,train
RMVM_S_37d5984971,Chiều Đông Kỷ Niệm,Cao Hoàng,ART_d9d7f97870,BOLERO_TRUTINH,deterministic_mapping,1.0,,,unavailable,data/lyrics/RMVM_S_37d5984971.txt,verified_local,,unavailable,,missing,TIER_A,LYRICS_ONLY,train
RMVM_S_37e3019e62,Chàng Trai Ấy,Mai Ngọc Hân,ART_163404363e,POP_BALLAD,deterministic_mapping,1.0,,,unavailable,data/lyrics/RMVM_S_37e3019e62.txt,verified_local,,unavailable,,missing,TIER_A,LYRICS_ONLY,train
RMVM_S_3810bba0f9,Treo Ngược Cành Cây,Duy Zuno,ART_2bc466f079,POP_BALLAD,deterministic_mapping,1.0,,,unavailable,data/lyrics/RMVM_S_3810bba0f9.txt,verified_local,,unavailable,,missing,TIER_A,LYRICS_ONLY,train
RMVM_S_381dff931e,Lá Sầu Riêng,Khưu Huy Vũ,ART_6b80279d12,BOLERO_TRUTINH,deterministic_mapping,1.0,,,unavailable,data/lyrics/RMVM_S_381dff931e.txt,verified_local,data/covers/RMVM_S_381dff931e.jpg,verified_local,,missing,TIER_A,LYRICS_COVER,train
RMVM_S_3825ace4a7,Chỉ Còn Lại Tình Yêu,Bằng Kiều,ART_e70c837c14,INSTRUMENTAL,source_tag_verification,0.85,,,unavailable,data/lyrics/RMVM_S_3825ace4a7.txt,verified_local,,unavailable,,missing,TIER_B,LYRICS_ONLY,train
RMVM_S_383f5d7442,Liên Khúc Đêm Buồn Phố Thị,Hoàng Tú Minh,ART_65d7528481,BOLERO_TRUTINH,deterministic_mapping,1.0,,,unavailable,data/lyrics/RMVM_S_383f5d7442.txt,verified_local,,unavailable,,missing,TIER_A,LYRICS_ONLY,train
RMVM_S_38486ac04f,Bây Giờ Thì,"DatKaa, QT Beatz",ART_a13bd10b09,POP_BALLAD,deterministic_mapping,1.0,,,unavailable,data/lyrics/RMVM_S_38486ac04f.txt,verified_local,,unavailable,,missing,TIER_A,LYRICS_ONLY,train
RMVM_S_38520a4319,Bạc Lòng,Kim Tuyến,ART_56b8158daa,POP_BALLAD,deterministic_mapping,1.0,,,unavailable,data/lyrics/RMVM_S_38520a4319.txt,verified_local,,unavailable,,missing,TIER_A,LYRICS_ONLY,train
RMVM_S_385580d9f6,Có Trở Về Bên Nhau (Tiến Bromance OST),Dược Sĩ Tiến,ART_a758db677f,POP_BALLAD,deterministic_mapping,1.0,,,unavailable,data/lyrics/RMVM_S_385580d9f6.txt,verified_local,,unavailable,,missing,TIER_A,LYRICS_ONLY,train
RMVM_S_3873844e1f,Hôm Nay Ta Chia Tay,"Summer Vee, Niz",ART_06220bc350,POP_BALLAD,deterministic_mapping,1.0,,,unavailable,data/lyrics/RMVM_S_3873844e1f.txt,verified_local,,unavailable,,missing,TIER_A,LYRICS_ONLY,train
RMVM_S_387cf8d6bc,Hóa Ra Em Chẳng Ở Đây (Beat),Đỗ Minh Quân,ART_0c629416a2,POP_BALLAD,deterministic_mapping,1.0,,,unavailable,data/lyrics/RMVM_S_387cf8d6bc.txt,verified_local,,unavailable,,missing,TIER_A,LYRICS_ONLY,train
RMVM_S_38a10e6790,Người Yêu Đi Lấy Chồng,Bùi Vĩnh Phúc,ART_d6ddbdf499,POP_BALLAD,deterministic_mapping,1.0,,,unavailable,data/lyrics/RMVM_S_38a10e6790.txt,verified_local,,unavailable,,missing,TIER_A,LYRICS_ONLY,train
RMVM_S_38c5c37aad,Xin Cho Mãi Yêu,"Vicky Nhung, Long Rex",ART_aa005a262d,POP_BALLAD,deterministic_mapping,1.0,,,unavailable,data/lyrics/RMVM_S_38c5c37aad.txt,verified_local,,unavailable,,missing,TIER_A,LYRICS_ONLY,train
RMVM_S_38fb25ec7e,"Việt Nam, We Are The Champions","Phạm Hồng Biển, Tố My",ART_d0b47b3680,POP_BALLAD,deterministic_mapping,1.0,,,unavailable,data/lyrics/RMVM_S_38fb25ec7e.txt,verified_local,,unavailable,,missing,TIER_A,LYRICS_ONLY,train
RMVM_S_39012e46ac,Chút Tình Đã Quên (Hoán Đổi OST),Hương Tràm,ART_e920f3a510,POP_BALLAD,deterministic_mapping,1.0,,,unavailable,data/lyrics/RMVM_S_39012e46ac.txt,verified_local,,unavailable,,missing,TIER_A,LYRICS_ONLY,train
RMVM_S_390436ab59,Biển Đời 2,Châu Gia Chuyển,ART_05831f6430,POP_BALLAD,deterministic_mapping,1.0,,,unavailable,data/lyrics/RMVM_S_390436ab59.txt,verified_local,,unavailable,,missing,TIER_A,LYRICS_ONLY,train
RMVM_S_3927e09670,Bước Tình Xa,Lê Uyên Nhi,ART_c18ad7c6f1,BOLERO_TRUTINH,deterministic_mapping,1.0,,,unavailable,data/lyrics/RMVM_S_3927e09670.txt,verified_local,,unavailable,,missing,TIER_A,LYRICS_ONLY,train
RMVM_S_392953887f,Có Một Người Để Yêu (Beat),"Sĩ Thanh, PD Seven",ART_34e384b650,POP_BALLAD,deterministic_mapping,1.0,,,unavailable,data/lyrics/RMVM_S_392953887f.txt,verified_local,,unavailable,,missing,TIER_A,LYRICS_ONLY,train
RMVM_S_3934cfeb95,An Giang Quê Tôi,Văn Hương,ART_0adf9b4061,BOLERO_TRUTINH,deterministic_mapping,1.0,,,unavailable,data/lyrics/RMVM_S_3934cfeb95.txt,verified_local,,unavailable,,missing,TIER_A,LYRICS_ONLY,train
RMVM_S_393bc93d6c,Chắc Sẽ Quên Được Người,Dilan Vũ,ART_c3a45ecb6c,POP_BALLAD,deterministic_mapping,1.0,,,unavailable,data/lyrics/RMVM_S_393bc93d6c.txt,verified_local,,unavailable,,missing,TIER_A,LYRICS_ONLY,train
RMVM_S_395f3f4e20,Lạc Nhịp,Trường Nhân,ART_b0b97615c2,POP_BALLAD,deterministic_mapping,1.0,,,unavailable,data/lyrics/RMVM_S_395f3f4e20.txt,verified_local,,unavailable,,missing,TIER_A,LYRICS_ONLY,train
RMVM_S_398cb567ce,Lựa Chọn Của Anh (Vinahouse),Thương Võ,ART_d98f07dbcf,DANCE_EDM,deterministic_mapping,1.0,,,unavailable,data/lyrics/RMVM_S_398cb567ce.txt,verified_local,,unavailable,,missing,TIER_A,LYRICS_ONLY,train
RMVM_S_39a6fd2e45,Liên Khúc Vòng Tay Nào Cho Em,"Dương Hồng Loan, Hoàng Ngọc Anh",ART_2a075d558b,BOLERO_TRUTINH,deterministic_mapping,1.0,,,unavailable,,unavailable,,unavailable,,missing,TIER_A,METADATA_ONLY,train
RMVM_S_39dc45460c,Cảm Ơn Đời Cảm Ơn Em,Huỳnh Đăng Thuận,ART_300c289dbb,POP_BALLAD,deterministic_mapping,1.0,,,unavailable,data/lyrics/RMVM_S_39dc45460c.txt,verified_local,,unavailable,,missing,TIER_A,LYRICS_ONLY,train
RMVM_S_3a123423fc,Liên Khúc Dân Ca Mừng Xuân Quê Hương,"Minh Thu, Hoài Tâm",ART_381a7ab68a,FOLK_TRADITIONAL,deterministic_mapping,1.0,,,unavailable,data/lyrics/RMVM_S_3a123423fc.txt,verified_local,,unavailable,,missing,TIER_A,LYRICS_ONLY,train
RMVM_S_3a2c97f5a3,Rap Về Bạch Tuyết,Phan Ann,ART_07345cf2b0,RAP_HIPHOP,deterministic_mapping,1.0,,,unavailable,data/lyrics/RMVM_S_3a2c97f5a3.txt,verified_local,,unavailable,,missing,TIER_A,LYRICS_ONLY,train
RMVM_S_3a36994d7d,Love You More Than Me,"K-ICM, Huyền Tâm Môn",ART_533913739f,POP_BALLAD,deterministic_mapping,1.0,,,unavailable,data/lyrics/RMVM_S_3a36994d7d.txt,verified_local,,unavailable,,missing,TIER_A,LYRICS_ONLY,train
RMVM_S_3a36b5c774,Ai Bình Yên Hơn Ai Đậm Sâu Hơn,"Dương Yến Phi, NH4T",ART_17d2b27356,POP_BALLAD,deterministic_mapping,1.0,,,unavailable,data/lyrics/RMVM_S_3a36b5c774.txt,verified_local,,unavailable,,missing,TIER_A,LYRICS_ONLY,train
RMVM_S_3a5d63f71e,Bài Ca Anh Viết Cho Em (Acoustic Version),Danh Zoram,ART_e5a2bb009e,POP_BALLAD,deterministic_mapping,1.0,,,unavailable,data/lyrics/RMVM_S_3a5d63f71e.txt,verified_local,data/covers/RMVM_S_3a5d63f71e.jpg,verified_local,,missing,TIER_A,LYRICS_COVER,train
RMVM_S_3a5f150251,Giọt Nước Mắt Giữa Đêm,Gia Lạc,ART_50ae37329e,POP_BALLAD,deterministic_mapping,1.0,,,unavailable,data/lyrics/RMVM_S_3a5f150251.txt,verified_local,,unavailable,,missing,TIER_A,LYRICS_ONLY,train
RMVM_S_3a8eda6e1a,Đóa Hồng Nơi Trái Tim Cover (Piano Version),Brian Huỳnh Anh,ART_6426e369a4,POP_BALLAD,deterministic_mapping,1.0,,,unavailable,data/lyrics/RMVM_S_3a8eda6e1a.txt,verified_local,,unavailable,,missing,TIER_A,LYRICS_ONLY,train
RMVM_S_3a989dec12,Một Thưở Hè Qua,Việt Quang,ART_b5db6a5479,POP_BALLAD,deterministic_mapping,1.0,,,unavailable,data/lyrics/RMVM_S_3a989dec12.txt,verified_local,,unavailable,,missing,TIER_A,LYRICS_ONLY,train
RMVM_S_3ab4648e98,Có Nhất Thiết Phải Chia Ly,"Trần Tuấn Dũng, Dopping",ART_7304cb9a03,POP_BALLAD,deterministic_mapping,1.0,,,unavailable,data/lyrics/RMVM_S_3ab4648e98.txt,verified_local,,unavailable,,missing,TIER_A,LYRICS_ONLY,train
RMVM_S_3ababdb47d,Thương Em Anh Giấu Trong Lòng,"Khưu Huy Vũ, Dương Hồng Loan",ART_838ee0dcd8,BOLERO_TRUTINH,deterministic_mapping,1.0,,,unavailable,data/lyrics/RMVM_S_3ababdb47d.txt,verified_local,data/covers/RMVM_S_3ababdb47d.jpg,verified_local,,missing,TIER_A,LYRICS_COVER,train
RMVM_S_3abef44434,Cô Thắm Không Về,"Phát Hồ, JokeS Bii, Sinike",ART_07023c1cf6,POP_BALLAD,deterministic_mapping,1.0,,,unavailable,data/lyrics/RMVM_S_3abef44434.txt,verified_local,,unavailable,,missing,TIER_A,LYRICS_ONLY,train
RMVM_S_3ad03e0cdd,Đành Quên (Beat),Ngô Chí Cường,ART_cfc52f130e,POP_BALLAD,deterministic_mapping,1.0,,,unavailable,data/lyrics/RMVM_S_3ad03e0cdd.txt,verified_local,,unavailable,,missing,TIER_A,LYRICS_ONLY,train
RMVM_S_3aff260f3e,Em Mới Là Người Yêu Anh,MIN,ART_d8bd79cc13,POP_BALLAD,deterministic_mapping,1.0,,,unavailable,data/lyrics/RMVM_S_3aff260f3e.txt,verified_local,,unavailable,,missing,TIER_A,LYRICS_ONLY,train
RMVM_S_3b2669171e,Chờ Đợi Có Đáng Sợ (Piano Verison),Andiez,ART_9439c81871,POP_BALLAD,deterministic_mapping,1.0,,,unavailable,data/lyrics/RMVM_S_3b2669171e.txt,verified_local,,unavailable,,missing,TIER_A,LYRICS_ONLY,train
RMVM_S_3b2d8281b0,Tình Sầu,Avin Lu,ART_9c382b0200,POP_BALLAD,deterministic_mapping,1.0,,,unavailable,,unavailable,data/covers/RMVM_S_3b2d8281b0.jpg,verified_local,,missing,TIER_A,COVER_ONLY,train
RMVM_S_3b42aacdff,Con Sông Tuổi Thơ Tôi,Trung Nghĩa,ART_40c879c33a,BOLERO_TRUTINH,deterministic_mapping,1.0,,,unavailable,data/lyrics/RMVM_S_3b42aacdff.txt,verified_local,,unavailable,,missing,TIER_A,LYRICS_ONLY,train
RMVM_S_3b44827b54,Bae dun't cry x Anh muốn nghe giọng em,"Koo, Nguyên",ART_72d3e9b80b,RAP_HIPHOP,deterministic_mapping,1.0,,,unavailable,data/lyrics/RMVM_S_3b44827b54.txt,verified_local,,unavailable,,missing,TIER_A,LYRICS_ONLY,train
RMVM_S_3b4cf9c462,Em Vẫn Luôn Tìm Kiếm,"GreenD, Lập Nguyên",ART_f00cc54047,POP_BALLAD,deterministic_mapping,1.0,,,unavailable,data/lyrics/RMVM_S_3b4cf9c462.txt,verified_local,,unavailable,,missing,TIER_A,LYRICS_ONLY,train
RMVM_S_3b56271fd8,Thê Lương (Kiệu Hồng Đưa Đón),"Trung Dio, HOA HỒNG DẠI MUSIC",ART_e6c7f75344,POP_BALLAD,deterministic_mapping,1.0,,,unavailable,data/lyrics/RMVM_S_3b56271fd8.txt,verified_local,,unavailable,,missing,TIER_A,LYRICS_ONLY,train
RMVM_S_3b5902391e,Dân Ca DJ 2,Bảo Hưng Miền Tây,ART_714050c0f0,POP_BALLAD,deterministic_mapping,1.0,,,unavailable,data/lyrics/RMVM_S_3b5902391e.txt,verified_local,data/covers/RMVM_S_3b5902391e.jpg,verified_local,,missing,TIER_A,LYRICS_COVER,train
RMVM_S_3b5cbce5d3,Em Chỉ Muốn Yêu Thôi Mà,"SASSY, Marutron",ART_f58a17f200,POP_BALLAD,deterministic_mapping,1.0,,,unavailable,data/lyrics/RMVM_S_3b5cbce5d3.txt,verified_local,,unavailable,,missing,TIER_A,LYRICS_ONLY,train
RMVM_S_3b70041c85,Ai Mang Em Đi,"K-ICM, APJ",ART_4badfb4d12,POP_BALLAD,deterministic_mapping,1.0,,,unavailable,data/lyrics/RMVM_S_3b70041c85.txt,verified_local,,unavailable,,missing,TIER_A,LYRICS_ONLY,train
RMVM_S_3b7330cd21,Tình Yêu Vỗ Cánh,Trọng Nghĩa,ART_6fe11ffe30,BOLERO_TRUTINH,deterministic_mapping,1.0,,,unavailable,,unavailable,data/covers/RMVM_S_3b7330cd21.jpg,verified_local,,missing,TIER_A,COVER_ONLY,train
RMVM_S_3bac057d66,Bài Tình Ca Cho Kỹ Niệm,Loan Châu,ART_330a874d37,BOLERO_TRUTINH,deterministic_mapping,1.0,,,unavailable,data/lyrics/RMVM_S_3bac057d66.txt,verified_local,,unavailable,,missing,TIER_A,LYRICS_ONLY,train
RMVM_S_3bb5a3c110,Yêu Mãi Ngàn Năm,Bùi Việt Hà,ART_266e045bbb,BOLERO_TRUTINH,deterministic_mapping,1.0,,,unavailable,data/lyrics/RMVM_S_3bb5a3c110.txt,verified_local,,unavailable,,missing,TIER_A,LYRICS_ONLY,train
RMVM_S_3bb7f8f73e,Con Đường Từ Trái Tim,Various Artists,ART_03b645ef21,POP_BALLAD,deterministic_mapping,1.0,,,unavailable,data/lyrics/RMVM_S_3bb7f8f73e.txt,verified_local,,unavailable,,missing,TIER_A,LYRICS_ONLY,train
RMVM_S_3bfcd32a16,Ngoài Đằng Kia Mùa Đông (Rap Version),"Thái Đinh, NamKun",ART_8da7747dcb,POP_BALLAD,deterministic_mapping,1.0,,,unavailable,data/lyrics/RMVM_S_3bfcd32a16.txt,verified_local,,unavailable,,missing,TIER_A,LYRICS_ONLY,train
RMVM_S_3c0e57d89a,Bao Đời Miền Trung,Kevin Toàn,ART_1dab64917f,POP_BALLAD,deterministic_mapping,1.0,,,unavailable,data/lyrics/RMVM_S_3c0e57d89a.txt,verified_local,,unavailable,,missing,TIER_A,LYRICS_ONLY,train
RMVM_S_3c1bc4d9df,Chiếc Áo Mẹ May,Thạch Thảo,ART_9054eabe1c,BOLERO_TRUTINH,deterministic_mapping,1.0,,,unavailable,data/lyrics/RMVM_S_3c1bc4d9df.txt,verified_local,,unavailable,,missing,TIER_A,LYRICS_ONLY,train
RMVM_S_3c34ed729b,Không Phải Sai Thời Điểm,Trang Tạ,ART_677217c829,POP_BALLAD,deterministic_mapping,1.0,,,unavailable,data/lyrics/RMVM_S_3c34ed729b.txt,verified_local,,unavailable,,missing,TIER_A,LYRICS_ONLY,train
RMVM_S_3c364df0ab,Lựa Chọn Buông Tay,NQP,ART_5471870b69,POP_BALLAD,deterministic_mapping,1.0,,,unavailable,data/lyrics/RMVM_S_3c364df0ab.txt,verified_local,,unavailable,,missing,TIER_A,LYRICS_ONLY,train
RMVM_S_3c834b6742,"Dòng Sông Quê Anh, Dòng Sông Quê Em (From ""Những Ân Tình Xưa"")","NSND Thanh Hoa, NSƯT Đức Long",ART_e10d932ddb,BOLERO_TRUTINH,deterministic_mapping,1.0,,,unavailable,,unavailable,data/covers/RMVM_S_3c834b6742.jpg,verified_local,,missing,TIER_A,COVER_ONLY,train
RMVM_S_3c8cb3bd70,Đừng Bỏ Anh Mà,Phạm Trúng,ART_fc530d2dfa,POP_BALLAD,deterministic_mapping,1.0,,,unavailable,data/lyrics/RMVM_S_3c8cb3bd70.txt,verified_local,,unavailable,,missing,TIER_A,LYRICS_ONLY,train
RMVM_S_3c9c088a17,Như Lời Đồn,Nhiều nghệ sĩ,ART_736b531937,POP_BALLAD,deterministic_mapping,1.0,,,unavailable,data/lyrics/RMVM_S_3c9c088a17.txt,verified_local,,unavailable,,missing,TIER_A,LYRICS_ONLY,train
RMVM_S_3cbeba981e,Con Mãi Khắc Ghi,Hoàng Cường,ART_c734421b13,POP_BALLAD,deterministic_mapping,1.0,,,unavailable,data/lyrics/RMVM_S_3cbeba981e.txt,verified_local,data/covers/RMVM_S_3cbeba981e.jpg,verified_local,,missing,TIER_A,LYRICS_COVER,train
RMVM_S_3cd2f7c37b,Huyền Diệu,Thu Hiền,ART_66084b8a1c,FOLK_TRADITIONAL,artist_discography_verification,0.85,,,unavailable,data/lyrics/RMVM_S_3cd2f7c37b.txt,verified_local,,unavailable,,missing,TIER_B,LYRICS_ONLY,train
RMVM_S_3cd6ff6c18,Bầu Trời Của Em Màu Xanh,"Kiwi Kim Quý, A.C Xuân Tài",ART_0f9a3479f9,POP_BALLAD,deterministic_mapping,1.0,,,unavailable,data/lyrics/RMVM_S_3cd6ff6c18.txt,verified_local,data/covers/RMVM_S_3cd6ff6c18.jpg,verified_local,,missing,TIER_A,LYRICS_COVER,train
RMVM_S_3cde21ad5b,Từng Ngày Con Nhớ Phật,"Chân Quang, Tùng Dương",ART_248b95a045,OTHER,curated_out_of_taxonomy,0.9,Religious / Sacred spiritual Vietnamese music,,unavailable,,unavailable,,unavailable,,missing,TIER_B,METADATA_ONLY,train
RMVM_S_3cf42a724d,Nụ Cười Em Ngày Đó,Don Hồ,ART_7a15955a82,INSTRUMENTAL,source_tag_verification,0.85,,,unavailable,data/lyrics/RMVM_S_3cf42a724d.txt,verified_local,,unavailable,,missing,TIER_B,LYRICS_ONLY,train
RMVM_S_3d1eac3dfb,"Khó Có Được Người (From ""Dickson Acoustic"")",DICKSON,ART_2154f28665,POP_BALLAD,deterministic_mapping,1.0,,,unavailable,data/lyrics/RMVM_S_3d1eac3dfb.txt,verified_local,data/covers/RMVM_S_3d1eac3dfb.jpg,verified_local,,missing,TIER_A,LYRICS_COVER,train
RMVM_S_3d22ec7220,Xa Nghìn Trùng Mây,Ngắn,ART_afda5ffaab,POP_BALLAD,deterministic_mapping,1.0,,,unavailable,data/lyrics/RMVM_S_3d22ec7220.txt,verified_local,data/covers/RMVM_S_3d22ec7220.jpg,verified_local,,missing,TIER_A,LYRICS_COVER,train
RMVM_S_3d23d64100,Chiều Phố Xưa,Đặng Trường Phát,ART_5ae9746b38,INSTRUMENTAL,source_tag_verification,0.85,,,unavailable,data/lyrics/RMVM_S_3d23d64100.txt,verified_local,,unavailable,,missing,TIER_B,LYRICS_ONLY,train
RMVM_S_3d2a7548eb,Yêu Là Đau Mà Đau Để Được Yêu,Sarah Lê,ART_901078ada1,POP_BALLAD,deterministic_mapping,1.0,,,unavailable,data/lyrics/RMVM_S_3d2a7548eb.txt,verified_local,data/covers/RMVM_S_3d2a7548eb.jpg,verified_local,,missing,TIER_A,LYRICS_COVER,train
RMVM_S_3d409b03dd,LK Yêu Người Yêu Đời,Thế Sơn,ART_67eb934159,INSTRUMENTAL,source_tag_verification,0.85,,,unavailable,data/lyrics/RMVM_S_3d409b03dd.txt,verified_local,,unavailable,,missing,TIER_B,LYRICS_ONLY,train
RMVM_S_3d46013c41,Phi Thẳng Vào Lòng Anh - Tại Sao Lại Xinh Như Thế,Nhiều nghệ sĩ,ART_736b531937,POP_BALLAD,deterministic_mapping,1.0,,,unavailable,data/lyrics/RMVM_S_3d46013c41.txt,verified_local,,unavailable,,missing,TIER_A,LYRICS_ONLY,train
RMVM_S_3d62d50407,Liên Khúc Tuổi Xa Người & Bài Cho Em,Trung Nghĩa,ART_40c879c33a,BOLERO_TRUTINH,deterministic_mapping,1.0,,,unavailable,data/lyrics/RMVM_S_3d62d50407.txt,verified_local,,unavailable,,missing,TIER_A,LYRICS_ONLY,train
RMVM_S_3d76c6d1b0,Anh Và Bạn Tôi,"NgânT, Yuki Bo",ART_c6f946cc8d,POP_BALLAD,deterministic_mapping,1.0,,,unavailable,data/lyrics/RMVM_S_3d76c6d1b0.txt,verified_local,,unavailable,,missing,TIER_A,LYRICS_ONLY,train
RMVM_S_3d890c80e5,Nếu Anh Được Chọn Lại,Lý Tuấn Kiệt,ART_3af0664099,POP_BALLAD,deterministic_mapping,1.0,,,unavailable,data/lyrics/RMVM_S_3d890c80e5.txt,verified_local,,unavailable,,missing,TIER_A,LYRICS_ONLY,train
RMVM_S_3da84a6f5b,Ai Là Em (Beat),"Dương Edward, SlimV",ART_6bb5a7b75f,POP_BALLAD,deterministic_mapping,1.0,,,unavailable,data/lyrics/RMVM_S_3da84a6f5b.txt,verified_local,,unavailable,,missing,TIER_A,LYRICS_ONLY,train
RMVM_S_3daa7a38a0,Đừng (Don't Do It),"Tăng Duy Tân, Bofie",ART_7d4ab741f4,POP_BALLAD,deterministic_mapping,1.0,,,unavailable,data/lyrics/RMVM_S_3daa7a38a0.txt,verified_local,,unavailable,,missing,TIER_A,LYRICS_ONLY,train
RMVM_S_3dc4455a1d,Con Diều Của Mẹ,"Hoàng Minh, Nhóm Khoái Văn Nghệ",ART_cd1d4e7ee2,BOLERO_TRUTINH,deterministic_mapping,1.0,,,unavailable,data/lyrics/RMVM_S_3dc4455a1d.txt,verified_local,,unavailable,,missing,TIER_A,LYRICS_ONLY,train
RMVM_S_3dfae27439,Anh Sợ Yêu,Anh Quân Idol,ART_c101a632e2,POP_BALLAD,deterministic_mapping,1.0,,,unavailable,data/lyrics/RMVM_S_3dfae27439.txt,verified_local,,unavailable,,missing,TIER_A,LYRICS_ONLY,train
RMVM_S_3e26778660,LK: Thiên Đàng Ái Ân,"Bảo Hân, Don Hồ",ART_d0fda727d9,POP_BALLAD,deterministic_mapping,1.0,,,unavailable,data/lyrics/RMVM_S_3e26778660.txt,verified_local,,unavailable,,missing,TIER_A,LYRICS_ONLY,train
RMVM_S_3e4fe8ad9e,Anh Sẽ Chẳng Làm Em Khó Xử (Beat),"Nam Anh, Lê Chí Trung",ART_5b0d33cdc0,POP_BALLAD,deterministic_mapping,1.0,,,unavailable,,unavailable,data/covers/RMVM_S_3e4fe8ad9e.jpg,verified_local,,missing,TIER_A,COVER_ONLY,train
RMVM_S_3e622a27fa,Đôi Cánh Ước Mơ,Various Artists,ART_03b645ef21,POP_BALLAD,deterministic_mapping,1.0,,,unavailable,data/lyrics/RMVM_S_3e622a27fa.txt,verified_local,,unavailable,,missing,TIER_A,LYRICS_ONLY,train
RMVM_S_3e683c898f,Mình Quay Lại Đi,T.R.I,ART_c60614113e,POP_BALLAD,deterministic_mapping,1.0,,,unavailable,data/lyrics/RMVM_S_3e683c898f.txt,verified_local,,unavailable,,missing,TIER_A,LYRICS_ONLY,train
RMVM_S_3e6b0aa2c3,Mẹ Ơi Con Yêu Mẹ,Bé Bào Ngư,ART_d278399f73,CHILDREN,artist_discography_verification,0.85,,,unavailable,data/lyrics/RMVM_S_3e6b0aa2c3.txt,verified_local,,unavailable,,missing,TIER_B,LYRICS_ONLY,train
RMVM_S_3e9fc7070d,Liên Khúc Ước Mơ Ánh Trăng Trẻ Thơ,Chen,ART_a1a8887793,POP_BALLAD,deterministic_mapping,1.0,,,unavailable,data/lyrics/RMVM_S_3e9fc7070d.txt,verified_local,,unavailable,,missing,TIER_A,LYRICS_ONLY,train
RMVM_S_3eb23507ac,Liên Khúc Đời Lắm Vô Thường,Mai Tiến Đạt,ART_b32a9f66e8,POP_BALLAD,deterministic_mapping,1.0,,,unavailable,,unavailable,data/covers/RMVM_S_3eb23507ac.jpg,verified_local,,missing,TIER_A,COVER_ONLY,train
RMVM_S_3ebaeabc6c,Câu Hát Tình Quê,Hải Triều,ART_d28cadc977,FOLK_TRADITIONAL,deterministic_mapping,0.85,,,unavailable,,unavailable,,unavailable,,missing,TIER_B,METADATA_ONLY,train
RMVM_S_3ec5bdfd46,Đọa Ma Để Độ Nàng,Bỉ Ngạn Nương,ART_dca63d31a3,POP_BALLAD,deterministic_mapping,1.0,,,unavailable,data/lyrics/RMVM_S_3ec5bdfd46.txt,verified_local,,unavailable,,missing,TIER_A,LYRICS_ONLY,train
RMVM_S_3ecbff600d,Hãy Cứ Vui Như Mọi Ngày,Huy MC,ART_e62962d06d,NHAC_TRINH,deterministic_mapping,1.0,,,unavailable,data/lyrics/RMVM_S_3ecbff600d.txt,verified_local,,unavailable,,missing,TIER_A,LYRICS_ONLY,train
RMVM_S_3ed46e7627,Thao Thức Vì Em - Xin Gọi Nhau Là Cố Nhân (Live),Đăng Nguyên,ART_551e5c9c86,BOLERO_TRUTINH,deterministic_mapping,1.0,,,unavailable,data/lyrics/RMVM_S_3ed46e7627.txt,verified_local,data/covers/RMVM_S_3ed46e7627.jpg,verified_local,,missing,TIER_A,LYRICS_COVER,train
RMVM_S_3eeaacc45e,Sầu Lẻ Bóng 2,Dương Hồng Loan,ART_ef4a4d3768,BOLERO_TRUTINH,deterministic_mapping,1.0,,,unavailable,data/lyrics/RMVM_S_3eeaacc45e.txt,verified_local,,unavailable,,missing,TIER_A,LYRICS_ONLY,train
RMVM_S_3f089dd1bf,Lặng Lẽ Tiếng Dương Cầm,Trịnh Hoàng Hải,ART_071b6e5353,POP_BALLAD,deterministic_mapping,1.0,,,unavailable,data/lyrics/RMVM_S_3f089dd1bf.txt,verified_local,,unavailable,,missing,TIER_A,LYRICS_ONLY,train
RMVM_S_3f16d162da,Góc Quê Hương,Quốc Đại,ART_dd18f9eda0,BOLERO_TRUTINH,deterministic_mapping,1.0,,,unavailable,data/lyrics/RMVM_S_3f16d162da.txt,verified_local,data/covers/RMVM_S_3f16d162da.jpg,verified_local,,missing,TIER_A,LYRICS_COVER,train
RMVM_S_3f222ca32b,"Lk Khóc Thầm, Chuyện Chúng Mình","Ngọc Khang, Đào Trọng Hải, Star Online",ART_8d549a4771,INSTRUMENTAL,source_tag_verification,0.85,,,unavailable,,unavailable,data/covers/RMVM_S_3f222ca32b.jpg,verified_local,,missing,TIER_B,COVER_ONLY,train
RMVM_S_3f2da36fb9,Tim Em Xa Lắm (Remix),Long Hải,ART_602a5294cc,POP_BALLAD,deterministic_mapping,1.0,,,unavailable,data/lyrics/RMVM_S_3f2da36fb9.txt,verified_local,data/covers/RMVM_S_3f2da36fb9.jpg,verified_local,,missing,TIER_A,LYRICS_COVER,train
RMVM_S_3f44196400,2 Ngày 1 Đêm,Da LAB,ART_30c4941a85,POP_BALLAD,deterministic_mapping,0.85,,,unavailable,,unavailable,,unavailable,,missing,TIER_B,METADATA_ONLY,train
RMVM_S_3f4685c795,Liên Khúc Bên Em Là Biển Rộng - Vẫn Hát Lời Tình Yêu,Quang Dũng,ART_d0d47f53b1,BOLERO_TRUTINH,deterministic_mapping,1.0,,,unavailable,data/lyrics/RMVM_S_3f4685c795.txt,verified_local,,unavailable,,missing,TIER_A,LYRICS_ONLY,train
RMVM_S_3f53644144,BIET DAU LA THAT,"T.A, Tuanmanhtr",ART_b26ae4bd91,RAP_HIPHOP,deterministic_mapping,1.0,,,unavailable,data/lyrics/RMVM_S_3f53644144.txt,verified_local,,unavailable,,missing,TIER_A,LYRICS_ONLY,train
RMVM_S_3f8ab7c7f6,Đã Bao Giờ Mẹ Hạnh Phúc Chưa?,Nhiều nghệ sĩ,ART_736b531937,POP_BALLAD,deterministic_mapping,1.0,,,unavailable,data/lyrics/RMVM_S_3f8ab7c7f6.txt,verified_local,,unavailable,,missing,TIER_A,LYRICS_ONLY,train
RMVM_S_3f8d832a9a,Mây Tình Yêu,Gia Huy,ART_4aca6f6ec6,POP_BALLAD,deterministic_mapping,1.0,,,unavailable,data/lyrics/RMVM_S_3f8d832a9a.txt,verified_local,,unavailable,,missing,TIER_A,LYRICS_ONLY,train
RMVM_S_3f93e17f35,Thơ Tình Xuân Diệu,"Vicky Nhung, Lam",ART_3b541cd1bc,POP_BALLAD,deterministic_mapping,1.0,,,unavailable,data/lyrics/RMVM_S_3f93e17f35.txt,verified_local,data/covers/RMVM_S_3f93e17f35.jpg,verified_local,,missing,TIER_A,LYRICS_COVER,train
RMVM_S_3f95a95ddd,Chúng Ta Từng Chung Một Đoạn Đường,Tuấn Kiệt,ART_3eeffbbaaf,POP_BALLAD,deterministic_mapping,1.0,,,unavailable,data/lyrics/RMVM_S_3f95a95ddd.txt,verified_local,,unavailable,,missing,TIER_A,LYRICS_ONLY,train
RMVM_S_3fa8ea549a,Điều Ước Nhỏ Nhoi,Triệu Tuấn Linh,ART_d79d5857f4,BOLERO_TRUTINH,deterministic_mapping,1.0,,,unavailable,data/lyrics/RMVM_S_3fa8ea549a.txt,verified_local,,unavailable,,missing,TIER_A,LYRICS_ONLY,train
RMVM_S_40000935a8,Đời Thế Mà,Khánh Đơn,ART_3057e7080f,POP_BALLAD,deterministic_mapping,1.0,,,unavailable,data/lyrics/RMVM_S_40000935a8.txt,verified_local,,unavailable,,missing,TIER_A,LYRICS_ONLY,train
RMVM_S_4015d6934e,"Anh Vẫn Vậy, Em Đổi Thay",Trung Quân,ART_80dddb714b,POP_BALLAD,deterministic_mapping,1.0,,,unavailable,data/lyrics/RMVM_S_4015d6934e.txt,verified_local,,unavailable,,missing,TIER_A,LYRICS_ONLY,train
RMVM_S_401a275703,Nàng Trung Hoa Xinh Đẹp,Họa Mi,ART_bf4b42fccd,INSTRUMENTAL,source_tag_verification,0.85,,,unavailable,data/lyrics/RMVM_S_401a275703.txt,verified_local,,unavailable,,missing,TIER_B,LYRICS_ONLY,train
RMVM_S_401b6613b6,Mẹ Chở Con Đi (Beat),Nhiều nghệ sĩ,ART_736b531937,POP_BALLAD,deterministic_mapping,1.0,,,unavailable,data/lyrics/RMVM_S_401b6613b6.txt,verified_local,,unavailable,,missing,TIER_A,LYRICS_ONLY,train
RMVM_S_401daccb1f,Sợ Rằng Em Biết Anh Còn Yêu Em,Ưng Hoàng Phúc,ART_f2f942414d,POP_BALLAD,deterministic_mapping,1.0,,,unavailable,data/lyrics/RMVM_S_401daccb1f.txt,verified_local,data/covers/RMVM_S_401daccb1f.jpg,verified_local,,missing,TIER_A,LYRICS_COVER,train
RMVM_S_4024bb7436,Khúc Tâm Ca,Sơn Đăng,ART_7be6093c8b,BOLERO_TRUTINH,deterministic_mapping,1.0,,,unavailable,data/lyrics/RMVM_S_4024bb7436.txt,verified_local,,unavailable,,missing,TIER_A,LYRICS_ONLY,train
RMVM_S_4038bf84ff,Khúc Tình Dối Gian - Bài Ca Tình Nhớ,Elvis Phương,ART_8fc6c3c29e,BOLERO_TRUTINH,deterministic_mapping,0.85,,,unavailable,,unavailable,,unavailable,,missing,TIER_B,METADATA_ONLY,train
RMVM_S_403ca9f353,Từ Nay Không Phiền Anh Nữa (Remix),Tuệ Phương,ART_bc902f7854,DANCE_EDM,deterministic_mapping,1.0,,,unavailable,data/lyrics/RMVM_S_403ca9f353.txt,verified_local,,unavailable,,missing,TIER_A,LYRICS_ONLY,train
RMVM_S_4051349fe4,Chuyến Tàu Của Thanh Xuân,Xuân Định K.Y,ART_16cf4c2d35,POP_BALLAD,deterministic_mapping,1.0,,,unavailable,data/lyrics/RMVM_S_4051349fe4.txt,verified_local,data/covers/RMVM_S_4051349fe4.jpg,verified_local,,missing,TIER_A,LYRICS_COVER,train
RMVM_S_408dd3853f,Chỉ Có Bạn Bè Thôi (Liveshow Thương Quá Việt Nam 1),"Thúy Vân, Ân Thiên Vỹ",ART_7084a0549c,POP_BALLAD,deterministic_mapping,1.0,,,unavailable,,unavailable,data/covers/RMVM_S_408dd3853f.jpg,verified_local,,missing,TIER_A,COVER_ONLY,train
RMVM_S_408e14797b,Bói Duyên,"INSOLENT, Shieeez, CM1X",ART_fc082f5b5a,POP_BALLAD,deterministic_mapping,1.0,,,unavailable,data/lyrics/RMVM_S_408e14797b.txt,verified_local,data/covers/RMVM_S_408e14797b.jpg,verified_local,,missing,TIER_A,LYRICS_COVER,train
RMVM_S_4098774c40,Giá Như Ta Chưa Từng Gặp Nhau,Ngọc Khoa,ART_eb8a326a37,POP_BALLAD,deterministic_mapping,1.0,,,unavailable,data/lyrics/RMVM_S_4098774c40.txt,verified_local,,unavailable,,missing,TIER_A,LYRICS_ONLY,train
RMVM_S_40aac3d09e,Điều Em Không Muốn Nghe,"QNT, Dick",ART_4afba7427d,RAP_HIPHOP,deterministic_mapping,1.0,,,unavailable,data/lyrics/RMVM_S_40aac3d09e.txt,verified_local,,unavailable,,missing,TIER_A,LYRICS_ONLY,train
RMVM_S_40de96f1f8,Vẫn Rơi,Limitlxss,ART_8f8ddc1262,RAP_HIPHOP,deterministic_mapping,1.0,,,unavailable,data/lyrics/RMVM_S_40de96f1f8.txt,verified_local,,unavailable,,missing,TIER_A,LYRICS_ONLY,train
RMVM_S_40e61aea58,Liệu Rằng,Barry Nam Bảo,ART_eeff6de893,POP_BALLAD,deterministic_mapping,1.0,,,unavailable,data/lyrics/RMVM_S_40e61aea58.txt,verified_local,data/covers/RMVM_S_40e61aea58.jpg,verified_local,,missing,TIER_A,LYRICS_COVER,train
RMVM_S_40ea6bbff1,ĐÃ LỠ IU,"gung0cay, $A Milo, Gxxfy",ART_6dbaed215f,RAP_HIPHOP,deterministic_mapping,1.0,,,unavailable,data/lyrics/RMVM_S_40ea6bbff1.txt,verified_local,,unavailable,,missing,TIER_A,LYRICS_ONLY,train
RMVM_S_41040b5143,Cứ Dày Vò Nhau Thôi,Phùng Tiểu Nhi,ART_4b130bb399,POP_BALLAD,deterministic_mapping,1.0,,,unavailable,data/lyrics/RMVM_S_41040b5143.txt,verified_local,data/covers/RMVM_S_41040b5143.jpg,verified_local,,missing,TIER_A,LYRICS_COVER,train
RMVM_S_4133251136,Dịu Dàng Hương Tóc Em,"Bằng Cường, Ngô Mai Trang",ART_7c3d6c453e,POP_BALLAD,deterministic_mapping,1.0,,,unavailable,data/lyrics/RMVM_S_4133251136.txt,verified_local,,unavailable,,missing,TIER_A,LYRICS_ONLY,train
RMVM_S_4133ff6ff0,Lỗi Ở Nơi Anh,Lê Ngọc Thúy,ART_7318a4b7c0,BOLERO_TRUTINH,deterministic_mapping,1.0,,,unavailable,data/lyrics/RMVM_S_4133ff6ff0.txt,verified_local,,unavailable,,missing,TIER_A,LYRICS_ONLY,train
RMVM_S_415c7bf794,Bây Giờ Và Mãi Mãi,"Lương Tùng Quang, Minh Tuyết",ART_ad077695ba,INSTRUMENTAL,source_tag_verification,0.85,,,unavailable,data/lyrics/RMVM_S_415c7bf794.txt,verified_local,,unavailable,,missing,TIER_B,LYRICS_ONLY,train
RMVM_S_417168b1fa,Chuyện Người Đàn Bà 2000 Năm Trước,Tín Nhiệm,ART_ac76920f7e,BOLERO_TRUTINH,deterministic_mapping,1.0,,,unavailable,data/lyrics/RMVM_S_417168b1fa.txt,verified_local,,unavailable,2000.0,verified,TIER_A,LYRICS_ONLY,train
RMVM_S_41795f299e,Cầu Xin Suốt Đời Bình Yên,Bảo Hân,ART_2c2a520f17,INSTRUMENTAL,source_tag_verification,0.85,,,unavailable,data/lyrics/RMVM_S_41795f299e.txt,verified_local,,unavailable,,missing,TIER_B,LYRICS_ONLY,train
RMVM_S_4183a036f1,Biệt Ly - Dù Khóc Một Dòng Sông,HA Live,ART_c6e8e9559d,POP_BALLAD,deterministic_mapping,1.0,,,unavailable,data/lyrics/RMVM_S_4183a036f1.txt,verified_local,,unavailable,,missing,TIER_A,LYRICS_ONLY,train
RMVM_S_41852304d9,Sầu Khúc Mùa Đông,Trường Kha,ART_abe0f2439b,POP_BALLAD,deterministic_mapping,1.0,,,unavailable,data/lyrics/RMVM_S_41852304d9.txt,verified_local,,unavailable,,missing,TIER_A,LYRICS_ONLY,train
RMVM_S_418ff12fc5,Cuộc Đời Vẫn Đẹp Sao,Anh Bằng,ART_94a5f2e61e,INSTRUMENTAL,source_tag_verification,0.85,,,unavailable,data/lyrics/RMVM_S_418ff12fc5.txt,verified_local,,unavailable,,missing,TIER_B,LYRICS_ONLY,train
RMVM_S_41ae75ad90,Anh Cô Đơn Quá,NQP,ART_5471870b69,POP_BALLAD,deterministic_mapping,1.0,,,unavailable,data/lyrics/RMVM_S_41ae75ad90.txt,verified_local,,unavailable,,missing,TIER_A,LYRICS_ONLY,train
RMVM_S_41bc0551f9,Em Làm Bạn Gái Anh Được Không,Tuấn 2T,ART_4a07e338d7,POP_BALLAD,deterministic_mapping,1.0,,,unavailable,data/lyrics/RMVM_S_41bc0551f9.txt,verified_local,,unavailable,,missing,TIER_A,LYRICS_ONLY,train
RMVM_S_41bd44db65,Ðường Về Quê Hương,Minh Đức,ART_31a9fe9966,BOLERO_TRUTINH,deterministic_mapping,1.0,,,unavailable,data/lyrics/RMVM_S_41bd44db65.txt,verified_local,,unavailable,,missing,TIER_A,LYRICS_ONLY,train
RMVM_S_41becf690d,ĐỢI (Prod. RIO),"52Hz, RIO",ART_d562da67bc,RB_SOUL,deterministic_mapping,1.0,,,unavailable,data/lyrics/RMVM_S_41becf690d.txt,verified_local,,unavailable,,missing,TIER_A,LYRICS_ONLY,train
RMVM_S_41c88d2531,Nỗi Nhớ Mưa Phai,Khang Lê,ART_ed8283abf9,BOLERO_TRUTINH,deterministic_mapping,1.0,,,unavailable,data/lyrics/RMVM_S_41c88d2531.txt,verified_local,,unavailable,,missing,TIER_A,LYRICS_ONLY,train
RMVM_S_41ff0c227e,Khúc Nhạc Buồn (Live Version),Tô Chấn Phong,ART_cd9db6064a,POP_BALLAD,deterministic_mapping,0.85,,,unavailable,,unavailable,,unavailable,,missing,TIER_B,METADATA_ONLY,train
RMVM_S_42127942ae,Mời Anh Về Thăm Quê Em,Giáng Tiên,ART_b1d762b0a5,BOLERO_TRUTINH,deterministic_mapping,1.0,,,unavailable,data/lyrics/RMVM_S_42127942ae.txt,verified_local,,unavailable,,missing,TIER_A,LYRICS_ONLY,train
RMVM_S_421d7a4cbf,Tiếng Cuốc Đêm Trăng,Diễm Thùy,ART_b4d32ccd24,BOLERO_TRUTINH,deterministic_mapping,1.0,,,unavailable,data/lyrics/RMVM_S_421d7a4cbf.txt,verified_local,,unavailable,,missing,TIER_A,LYRICS_ONLY,train
RMVM_S_421e64b44b,Đừng Chúc Em Hạnh Phúc,Thanh Hà,ART_52aeafc1b7,POP_BALLAD,deterministic_mapping,1.0,,,unavailable,data/lyrics/RMVM_S_421e64b44b.txt,verified_local,,unavailable,,missing,TIER_A,LYRICS_ONLY,train
RMVM_S_4225db021c,Ký Ức Gió Lào,Cáp Anh Tài,ART_3862a98574,POP_BALLAD,deterministic_mapping,1.0,,,unavailable,data/lyrics/RMVM_S_4225db021c.txt,verified_local,,unavailable,,missing,TIER_A,LYRICS_ONLY,train
RMVM_S_422f1f03c8,Mẹ Ơi Mẹ Ơi,"LÁu, Vano",ART_320549a6f2,POP_BALLAD,deterministic_mapping,1.0,,,unavailable,data/lyrics/RMVM_S_422f1f03c8.txt,verified_local,,unavailable,,missing,TIER_A,LYRICS_ONLY,train
RMVM_S_423b185413,"Có Nghe Chăng Tiếng Yêu Đêm Nay (From ""The Lion King""/Soundtrack Version)",Nhiều nghệ sĩ,ART_736b531937,OTHER,curated_out_of_taxonomy,0.9,Film Soundtrack / OST composition,,unavailable,,unavailable,data/covers/RMVM_S_423b185413.jpg,verified_local,,missing,TIER_B,COVER_ONLY,train
RMVM_S_423b2ac6c7,E Là Không Thể,Thành Đạt,ART_7abef207dc,POP_BALLAD,deterministic_mapping,1.0,,,unavailable,data/lyrics/RMVM_S_423b2ac6c7.txt,verified_local,,unavailable,,missing,TIER_A,LYRICS_ONLY,train
RMVM_S_4246b8d02e,Mạnh Mẽ Lên Em,Dương Nhất Linh,ART_02796cb87a,POP_BALLAD,deterministic_mapping,1.0,,,unavailable,data/lyrics/RMVM_S_4246b8d02e.txt,verified_local,,unavailable,,missing,TIER_A,LYRICS_ONLY,train
RMVM_S_42701cc0fa,LK Cánh Thiệp Đầu Xuân,"Nguyên Vũ, NSƯT Thanh Ngân",ART_cdd41715b8,BOLERO_TRUTINH,deterministic_mapping,1.0,,,unavailable,data/lyrics/RMVM_S_42701cc0fa.txt,verified_local,,unavailable,,missing,TIER_A,LYRICS_ONLY,train
RMVM_S_427e4631a6,Bởi Tôi Nghèo,Hoàng Lâm,ART_d8de3ca976,BOLERO_TRUTINH,deterministic_mapping,1.0,,,unavailable,data/lyrics/RMVM_S_427e4631a6.txt,verified_local,data/covers/RMVM_S_427e4631a6.jpg,verified_local,,missing,TIER_A,LYRICS_COVER,train
RMVM_S_429b091851,Khung Trời Ngày Xưa (25th Làn Sóng Xanh),"Isaac, Hòa Minzy",ART_0ff728cd82,POP_BALLAD,deterministic_mapping,1.0,,,unavailable,data/lyrics/RMVM_S_429b091851.txt,verified_local,,unavailable,,missing,TIER_A,LYRICS_ONLY,train
RMVM_S_42b196ffee,Vì Ngày Hôm Đó,"TAM, TooV, Bảo Jen",ART_e186a8280d,POP_BALLAD,deterministic_mapping,1.0,,,unavailable,data/lyrics/RMVM_S_42b196ffee.txt,verified_local,data/covers/RMVM_S_42b196ffee.jpg,verified_local,,missing,TIER_A,LYRICS_COVER,train
RMVM_S_42ca501b5d,Tiếng Quê,Lê Ngọc Thúy,ART_7318a4b7c0,BOLERO_TRUTINH,deterministic_mapping,1.0,,,unavailable,data/lyrics/RMVM_S_42ca501b5d.txt,verified_local,data/covers/RMVM_S_42ca501b5d.jpg,verified_local,,missing,TIER_A,LYRICS_COVER,train
RMVM_S_4304c4fc9f,Đêm Tạ Tình,Như Loan,ART_7101f466df,INSTRUMENTAL,source_tag_verification,0.85,,,unavailable,data/lyrics/RMVM_S_4304c4fc9f.txt,verified_local,,unavailable,,missing,TIER_B,LYRICS_ONLY,train
RMVM_S_43374524b8,Bên Em Quên Đêm Đen,"ImD, Shi-G, Tiến Dũng",ART_9da4462434,POP_BALLAD,deterministic_mapping,1.0,,,unavailable,data/lyrics/RMVM_S_43374524b8.txt,verified_local,,unavailable,,missing,TIER_A,LYRICS_ONLY,train
RMVM_S_4346b59fc4,Còn Thương Thì Không Để Em Khóc,Miu Lê,ART_ea6f9ba7a6,POP_BALLAD,deterministic_mapping,1.0,,,unavailable,,unavailable,data/covers/RMVM_S_4346b59fc4.jpg,verified_local,,missing,TIER_A,COVER_ONLY,train
RMVM_S_4359b27e4e,Hát Cho Uta,Phan Ann,ART_07345cf2b0,RAP_HIPHOP,deterministic_mapping,1.0,,,unavailable,data/lyrics/RMVM_S_4359b27e4e.txt,verified_local,data/covers/RMVM_S_4359b27e4e.jpg,verified_local,,missing,TIER_A,LYRICS_COVER,train
RMVM_S_435c1cc95c,Chỉ Có Tôi Mong,Thảo Wendy,ART_d6129c7d84,POP_BALLAD,deterministic_mapping,1.0,,,unavailable,data/lyrics/RMVM_S_435c1cc95c.txt,verified_local,,unavailable,,missing,TIER_A,LYRICS_ONLY,train
RMVM_S_436ef7ad22,Nắng Lụa Vàng,Phương Thùy (Nhóm Phù Sa),ART_c29578fbde,BOLERO_TRUTINH,deterministic_mapping,1.0,,,unavailable,data/lyrics/RMVM_S_436ef7ad22.txt,verified_local,,unavailable,,missing,TIER_A,LYRICS_ONLY,train
RMVM_S_437563b2dd,Lặng Lẽ Bên Em,Tuấn Khang,ART_62a15d859e,POP_BALLAD,deterministic_mapping,1.0,,,unavailable,data/lyrics/RMVM_S_437563b2dd.txt,verified_local,,unavailable,,missing,TIER_A,LYRICS_ONLY,train
RMVM_S_4399c4cdea,Sân Khấu Buồn,Phạm Thanh Thảo,ART_76b3eb7b40,POP_BALLAD,deterministic_mapping,1.0,,,unavailable,data/lyrics/RMVM_S_4399c4cdea.txt,verified_local,,unavailable,,missing,TIER_A,LYRICS_ONLY,train
RMVM_S_439f00760c,Anh Về Với Em (Liveshow Thương Quá Việt Nam 4),"Khưu Huy Vũ, Hà My, Ân Thiên Vỹ",ART_6cbace27d1,BOLERO_TRUTINH,deterministic_mapping,1.0,,,unavailable,,unavailable,data/covers/RMVM_S_439f00760c.jpg,verified_local,,missing,TIER_A,COVER_ONLY,train
RMVM_S_43a3b06a17,Mình Anh Thôi,Kuun Đức Nam,ART_58111b9fa8,POP_BALLAD,deterministic_mapping,1.0,,,unavailable,data/lyrics/RMVM_S_43a3b06a17.txt,verified_local,data/covers/RMVM_S_43a3b06a17.jpg,verified_local,,missing,TIER_A,LYRICS_COVER,train
RMVM_S_43ab07570b,Cay Đắng Đời Tôi,Lâm Hoài Phong,ART_2aa35c261f,BOLERO_TRUTINH,deterministic_mapping,1.0,,,unavailable,data/lyrics/RMVM_S_43ab07570b.txt,verified_local,,unavailable,,missing,TIER_A,LYRICS_ONLY,train
RMVM_S_43bd5d51e2,Ai Chung Tình Được Mãi (Lofi Version),Thương Võ,ART_d98f07dbcf,DANCE_EDM,deterministic_mapping,1.0,,,unavailable,data/lyrics/RMVM_S_43bd5d51e2.txt,verified_local,,unavailable,,missing,TIER_A,LYRICS_ONLY,train
RMVM_S_43f2b08504,Em Chính Là Người Anh Yêu (Remix),Mạnh Tịnh,ART_eb0951ad03,POP_BALLAD,deterministic_mapping,1.0,,,unavailable,data/lyrics/RMVM_S_43f2b08504.txt,verified_local,,unavailable,,missing,TIER_A,LYRICS_ONLY,train
RMVM_S_44007c3be0,Tôi Vẫn Tin Có Tình Yêu,Phan Đinh Tùng,ART_628c82bb0f,POP_BALLAD,deterministic_mapping,1.0,,,unavailable,data/lyrics/RMVM_S_44007c3be0.txt,verified_local,,unavailable,,missing,TIER_A,LYRICS_ONLY,train
RMVM_S_440aa11edb,Yêu Là Gì,"Lê Tính, Châu Khải Phong",ART_e83fb71f5e,POP_BALLAD,deterministic_mapping,1.0,,,unavailable,data/lyrics/RMVM_S_440aa11edb.txt,verified_local,,unavailable,,missing,TIER_A,LYRICS_ONLY,train
RMVM_S_441a29ee08,Lí Do Là Gì (Air Remix),Nguyễn Vĩ,ART_928be7a04d,POP_BALLAD,deterministic_mapping,1.0,,,unavailable,,unavailable,data/covers/RMVM_S_441a29ee08.jpg,verified_local,,missing,TIER_A,COVER_ONLY,train
RMVM_S_441b685106,Nóng Vãi Linh Hồn,Cao Tùng Anh,ART_31b2344e7c,POP_BALLAD,deterministic_mapping,1.0,,,unavailable,data/lyrics/RMVM_S_441b685106.txt,verified_local,,unavailable,,missing,TIER_A,LYRICS_ONLY,train
RMVM_S_44327e493a,Là Anh (Lofi Version),"Phạm Lịch, BMZ",ART_38a28f3962,DANCE_EDM,deterministic_mapping,1.0,,,unavailable,data/lyrics/RMVM_S_44327e493a.txt,verified_local,data/covers/RMVM_S_44327e493a.jpg,verified_local,,missing,TIER_A,LYRICS_COVER,train
RMVM_S_445c6e6c90,Ngược Chiều,Fer,ART_90eb8760c1,POP_BALLAD,deterministic_mapping,1.0,,,unavailable,data/lyrics/RMVM_S_445c6e6c90.txt,verified_local,,unavailable,,missing,TIER_A,LYRICS_ONLY,train
RMVM_S_449b5c30a8,Tết Là Đây Chứ Đâu,"Orange, Seachains",ART_e2149abd07,POP_BALLAD,deterministic_mapping,1.0,,,unavailable,data/lyrics/RMVM_S_449b5c30a8.txt,verified_local,data/covers/RMVM_S_449b5c30a8.jpg,verified_local,,missing,TIER_A,LYRICS_COVER,train
RMVM_S_449cbbe891,Ru Con Bắc Bộ,Thu Hiền,ART_66084b8a1c,BOLERO_TRUTINH,deterministic_mapping,1.0,,,unavailable,data/lyrics/RMVM_S_449cbbe891.txt,verified_local,,unavailable,,missing,TIER_A,LYRICS_ONLY,train
RMVM_S_44a5243dfc,Anh Biết Anh Quá Đẹp Trai,"SOUND HIT, Minh Béo",ART_5144b189dd,POP_BALLAD,deterministic_mapping,0.85,,,unavailable,,unavailable,,unavailable,,missing,TIER_B,METADATA_ONLY,train
RMVM_S_44a71aac7c,Nếu Anh Không Phiền,"Kaity Nguyễn, SoHo",ART_3db8d76613,POP_BALLAD,deterministic_mapping,1.0,,,unavailable,data/lyrics/RMVM_S_44a71aac7c.txt,verified_local,,unavailable,,missing,TIER_A,LYRICS_ONLY,train
RMVM_S_44d3488b68,Tìm Đâu Một Lời Hứa,Vân Du,ART_a948da70c9,POP_BALLAD,deterministic_mapping,1.0,,,unavailable,data/lyrics/RMVM_S_44d3488b68.txt,verified_local,,unavailable,,missing,TIER_A,LYRICS_ONLY,train
RMVM_S_44d366970c,Không giới hạn,"Tim, Khổng Tú Quỳnh",ART_757b0a2026,POP_BALLAD,deterministic_mapping,1.0,,,unavailable,data/lyrics/RMVM_S_44d366970c.txt,verified_local,,unavailable,,missing,TIER_A,LYRICS_ONLY,train
RMVM_S_44d631dd27,Liên Khúc: Cả Nhà Thương Nhau - Nhong Nhong Nhong,Bé Minh Vy,ART_6812bd41d7,CHILDREN,deterministic_mapping,1.0,,,unavailable,data/lyrics/RMVM_S_44d631dd27.txt,verified_local,,unavailable,,missing,TIER_A,LYRICS_ONLY,train
RMVM_S_44dc6773b2,Chúng Ta Là Anh Em,Ngọc Turbo,ART_d7095b203a,POP_BALLAD,deterministic_mapping,1.0,,,unavailable,data/lyrics/RMVM_S_44dc6773b2.txt,verified_local,,unavailable,,missing,TIER_A,LYRICS_ONLY,train
RMVM_S_44eb3b0ccb,Ánh mắt vô tình,Tống Gia Vỹ,ART_3056dbc2e2,POP_BALLAD,deterministic_mapping,1.0,,,unavailable,data/lyrics/RMVM_S_44eb3b0ccb.txt,verified_local,,unavailable,,missing,TIER_A,LYRICS_ONLY,train
RMVM_S_4517663617,Xin Mẹ Cha An Lòng,Hoàng Chiến,ART_4be523ecae,BOLERO_TRUTINH,deterministic_mapping,1.0,,,unavailable,data/lyrics/RMVM_S_4517663617.txt,verified_local,,unavailable,,missing,TIER_A,LYRICS_ONLY,train
RMVM_S_453535abe2,Chớ Nên Về Sớm,Đông Nhi,ART_ced5e40c9a,POP_BALLAD,deterministic_mapping,1.0,,,unavailable,data/lyrics/RMVM_S_453535abe2.txt,verified_local,,unavailable,,missing,TIER_A,LYRICS_ONLY,train
RMVM_S_454cfbc2ea,Xuân Về Trong Tiếng Cười,Quách Thành Danh,ART_e9410774a6,BOLERO_TRUTINH,deterministic_mapping,1.0,,,unavailable,data/lyrics/RMVM_S_454cfbc2ea.txt,verified_local,,unavailable,,missing,TIER_A,LYRICS_ONLY,train
RMVM_S_45559d9737,Người Anh Em Giang Hồ,Duy Mạnh,ART_037bf51e2d,POP_BALLAD,deterministic_mapping,1.0,,,unavailable,data/lyrics/RMVM_S_45559d9737.txt,verified_local,,unavailable,,missing,TIER_A,LYRICS_ONLY,train
RMVM_S_4562810cec,Đêm Pháp Hoa,Anh Thư Nguyễn,ART_14823e847a,BOLERO_TRUTINH,deterministic_mapping,1.0,,,unavailable,data/lyrics/RMVM_S_4562810cec.txt,verified_local,,unavailable,,missing,TIER_A,LYRICS_ONLY,train
RMVM_S_457533c9e2,Vội Đi (Remix),Trịnh Ngọc Hà,ART_a0f9aa3838,DANCE_EDM,deterministic_mapping,1.0,,,unavailable,data/lyrics/RMVM_S_457533c9e2.txt,verified_local,,unavailable,,missing,TIER_A,LYRICS_ONLY,train
RMVM_S_4576873d4d,Buồn Vì Ta Mất Nhau,Trương Ngôn,ART_bb97496cd1,POP_BALLAD,deterministic_mapping,1.0,,,unavailable,data/lyrics/RMVM_S_4576873d4d.txt,verified_local,,unavailable,,missing,TIER_A,LYRICS_ONLY,train
RMVM_S_4587f9ee4b,Anh Ơi Em Khóc Nhé,Song Thư,ART_866f28d1bc,POP_BALLAD,deterministic_mapping,1.0,,,unavailable,data/lyrics/RMVM_S_4587f9ee4b.txt,verified_local,,unavailable,,missing,TIER_A,LYRICS_ONLY,train
RMVM_S_458e8eb036,Cuộc Tình Ngang Trái (Beat),Trịnh Gia Phúc,ART_de0443a854,POP_BALLAD,deterministic_mapping,1.0,,,unavailable,data/lyrics/RMVM_S_458e8eb036.txt,verified_local,,unavailable,,missing,TIER_A,LYRICS_ONLY,train
RMVM_S_459837358c,Áng Mây Vô Tình (Remix),Lương Gia Hùng,ART_b70987d85c,POP_BALLAD,deterministic_mapping,1.0,,,unavailable,data/lyrics/RMVM_S_459837358c.txt,verified_local,data/covers/RMVM_S_459837358c.jpg,verified_local,,missing,TIER_A,LYRICS_COVER,train
RMVM_S_45a20049ca,Hào Khí Việt Nam,Kitty Ngọc Nhi,ART_dcdf26394c,CHILDREN,deterministic_mapping,1.0,,,unavailable,data/lyrics/RMVM_S_45a20049ca.txt,verified_local,,unavailable,,missing,TIER_A,LYRICS_ONLY,train
RMVM_S_45a2a62af4,Đồi Thông Hai Mộ 2,Như Ý,ART_7cb3bb719f,BOLERO_TRUTINH,deterministic_mapping,1.0,,,unavailable,data/lyrics/RMVM_S_45a2a62af4.txt,verified_local,,unavailable,,missing,TIER_A,LYRICS_ONLY,train
RMVM_S_45a44ad9a8,Căn Nhà Mộng Ước,Mai Lệ Quyên,ART_fe22d84e12,BOLERO_TRUTINH,deterministic_mapping,1.0,,,unavailable,data/lyrics/RMVM_S_45a44ad9a8.txt,verified_local,,unavailable,,missing,TIER_A,LYRICS_ONLY,train
RMVM_S_45a5916c3a,Little Sài Gòn,Justin Nguyễn,ART_1cb4ecd41c,INSTRUMENTAL,source_tag_verification,0.85,,,unavailable,data/lyrics/RMVM_S_45a5916c3a.txt,verified_local,,unavailable,,missing,TIER_B,LYRICS_ONLY,train
RMVM_S_45b094cc13,Âm Nh?c ?? Làm Cho Tình Yêu,Tháng Tám Berry,ART_8141dd51ce,INSTRUMENTAL,source_tag_verification,0.85,,,unavailable,,unavailable,data/covers/RMVM_S_45b094cc13.jpg,verified_local,,missing,TIER_B,COVER_ONLY,train
RMVM_S_45b116772a,Người Ở Người Về,Thanh Lam,ART_353d160c6b,BOLERO_TRUTINH,deterministic_mapping,1.0,,,unavailable,data/lyrics/RMVM_S_45b116772a.txt,verified_local,,unavailable,,missing,TIER_A,LYRICS_ONLY,train
RMVM_S_45bb817f74,Phiến Đá Sầu,Don Hồ,ART_7a15955a82,INSTRUMENTAL,source_tag_verification,0.85,,,unavailable,data/lyrics/RMVM_S_45bb817f74.txt,verified_local,,unavailable,,missing,TIER_B,LYRICS_ONLY,train
RMVM_S_45bef51741,Khí Phách Nam Nhi (Thái Bình Thiên Quốc OST),Châu Gia Chuyển,ART_05831f6430,POP_BALLAD,deterministic_mapping,1.0,,,unavailable,data/lyrics/RMVM_S_45bef51741.txt,verified_local,,unavailable,,missing,TIER_A,LYRICS_ONLY,train
RMVM_S_45cfc84c63,Trong Gió Có Đám Mây Làm Từ Mưa,Lee Phú Quý,ART_0dae860da2,POP_BALLAD,deterministic_mapping,1.0,,,unavailable,data/lyrics/RMVM_S_45cfc84c63.txt,verified_local,data/covers/RMVM_S_45cfc84c63.jpg,verified_local,,missing,TIER_A,LYRICS_COVER,train
RMVM_S_45e46b4bab,Gửi Nắng Xuân Về,Uyên Linh,ART_d2bb88ab5c,POP_BALLAD,deterministic_mapping,1.0,,,unavailable,data/lyrics/RMVM_S_45e46b4bab.txt,verified_local,,unavailable,,missing,TIER_A,LYRICS_ONLY,train
RMVM_S_460be43802,Lời Ru Quê Hương,"Trọng Tấn, Xuân Trí",ART_6dd6883fef,BOLERO_TRUTINH,deterministic_mapping,1.0,,,unavailable,data/lyrics/RMVM_S_460be43802.txt,verified_local,,unavailable,,missing,TIER_A,LYRICS_ONLY,train
RMVM_S_4634dc0aa7,L.O.V.E,Lou Hoàng,ART_e03ff06a4a,POP_BALLAD,deterministic_mapping,1.0,,,unavailable,data/lyrics/RMVM_S_4634dc0aa7.txt,verified_local,,unavailable,,missing,TIER_A,LYRICS_ONLY,train
RMVM_S_4652c9a13c,Sai Cách Yêu (Remix),Lê Bảo Bình,ART_c78cc0ca7a,POP_BALLAD,deterministic_mapping,1.0,,,unavailable,data/lyrics/RMVM_S_4652c9a13c.txt,verified_local,,unavailable,,missing,TIER_A,LYRICS_ONLY,train
RMVM_S_467e1e0727,Hà Nội Em Và Mùa Xuân,Quang Minh,ART_cc46c9819e,BOLERO_TRUTINH,deterministic_mapping,1.0,,,unavailable,data/lyrics/RMVM_S_467e1e0727.txt,verified_local,,unavailable,,missing,TIER_A,LYRICS_ONLY,train
RMVM_S_4680140f2b,Anh Vẫn Mãi Yêu,Hot Boy Xăm Trổ (Hoàng Anh Lê),ART_0c3c671225,POP_BALLAD,deterministic_mapping,1.0,,,unavailable,data/lyrics/RMVM_S_4680140f2b.txt,verified_local,,unavailable,,missing,TIER_A,LYRICS_ONLY,train
RMVM_S_469f13c0fa,Trên Bãi Biển Một Chiều Xuân,Phú Tiến Phú,ART_3ff823f1e5,POP_BALLAD,deterministic_mapping,1.0,,,unavailable,,unavailable,data/covers/RMVM_S_469f13c0fa.jpg,verified_local,,missing,TIER_A,COVER_ONLY,train
RMVM_S_46ddf33b42,Hà Nội Gen Trội,"Vũ., gung0cay",ART_298851cffd,POP_BALLAD,deterministic_mapping,1.0,,,unavailable,data/lyrics/RMVM_S_46ddf33b42.txt,verified_local,,unavailable,,missing,TIER_A,LYRICS_ONLY,train
RMVM_S_46e9c3f471,Cau Trầu Đưa Lối (Remix),"Khưu Huy Vũ, Võ Lê Mi",ART_ee555cf740,DANCE_EDM,deterministic_mapping,1.0,,,unavailable,data/lyrics/RMVM_S_46e9c3f471.txt,verified_local,,unavailable,,missing,TIER_A,LYRICS_ONLY,train
RMVM_S_46f5ddf51f,Chọn Cách Cô Đơn (Beat),Vân Du,ART_a948da70c9,POP_BALLAD,deterministic_mapping,1.0,,,unavailable,,unavailable,data/covers/RMVM_S_46f5ddf51f.jpg,verified_local,,missing,TIER_A,COVER_ONLY,train
RMVM_S_46fbc1dee4,Lk Lời Cha Dạy - Đạo Làm Con,"Trịnh Nam Phương, Dương Anh Tuân",ART_cc6b438483,BOLERO_TRUTINH,deterministic_mapping,1.0,,,unavailable,,unavailable,data/covers/RMVM_S_46fbc1dee4.jpg,verified_local,,missing,TIER_A,COVER_ONLY,train
RMVM_S_4703598fb5,LK Chuyện tình la lanNỗi buồn châu pha,Lê Sang,ART_d024fbd65f,INSTRUMENTAL,source_tag_verification,0.85,,,unavailable,,unavailable,data/covers/RMVM_S_4703598fb5.jpg,verified_local,,missing,TIER_B,COVER_ONLY,train
RMVM_S_470e37d54f,Liên Khúc Đoản Ca Xuân - Xuân Đẹp Làm Sao,Hồ Quang Lộc,ART_9fc0a0a1d7,BOLERO_TRUTINH,deterministic_mapping,1.0,,,unavailable,data/lyrics/RMVM_S_470e37d54f.txt,verified_local,data/covers/RMVM_S_470e37d54f.jpg,verified_local,,missing,TIER_A,LYRICS_COVER,train
RMVM_S_4740f8b077,Khúc Tình Cuối,"Quỳnh Trang, Thiên Quang",ART_b55b7bffd3,BOLERO_TRUTINH,deterministic_mapping,1.0,,,unavailable,data/lyrics/RMVM_S_4740f8b077.txt,verified_local,,unavailable,,missing,TIER_A,LYRICS_ONLY,train
RMVM_S_4741258bea,Anh Mới Chính Là Người Em Yêu (TD Remix) [Short Version 1],Dunghoangpham,ART_b401d4cde2,POP_BALLAD,deterministic_mapping,1.0,,,unavailable,data/lyrics/RMVM_S_4741258bea.txt,verified_local,,unavailable,,missing,TIER_A,LYRICS_ONLY,train
RMVM_S_474ae2e0f9,Cho Một Thời Yêu Dấu,Phương Thùy,ART_739efe7def,BOLERO_TRUTINH,deterministic_mapping,1.0,,,unavailable,data/lyrics/RMVM_S_474ae2e0f9.txt,verified_local,,unavailable,,missing,TIER_A,LYRICS_ONLY,train
RMVM_S_476892af7a,Cung Đường Mưa Rơi,CHARLES.,ART_43f0cfceba,POP_BALLAD,deterministic_mapping,1.0,,,unavailable,data/lyrics/RMVM_S_476892af7a.txt,verified_local,data/covers/RMVM_S_476892af7a.jpg,verified_local,,missing,TIER_A,LYRICS_COVER,train
RMVM_S_476ea48fbb,50% khi yêu 2,Tô Tài Năng,ART_20aef05bbd,BOLERO_TRUTINH,deterministic_mapping,1.0,,,unavailable,data/lyrics/RMVM_S_476ea48fbb.txt,verified_local,,unavailable,,missing,TIER_A,LYRICS_ONLY,train
RMVM_S_476f3bf955,Đến Với Biển,Min Chu,ART_1b2f7fab7b,CHILDREN,deterministic_mapping,1.0,,,unavailable,data/lyrics/RMVM_S_476f3bf955.txt,verified_local,,unavailable,,missing,TIER_A,LYRICS_ONLY,train
RMVM_S_476f841014,Rap Về Brook,Phan Ann,ART_07345cf2b0,RAP_HIPHOP,deterministic_mapping,1.0,,,unavailable,data/lyrics/RMVM_S_476f841014.txt,verified_local,,unavailable,,missing,TIER_A,LYRICS_ONLY,train
RMVM_S_4782e551a0,Con Gái Của Mẹ (Live),Phi Nhung,ART_33de4125fc,BOLERO_TRUTINH,deterministic_mapping,1.0,,,unavailable,data/lyrics/RMVM_S_4782e551a0.txt,verified_local,,unavailable,,missing,TIER_A,LYRICS_ONLY,train
RMVM_S_478af06679,Vết Tình (Remix),Minh Tùng,ART_eb2f0eadf2,POP_BALLAD,deterministic_mapping,1.0,,,unavailable,data/lyrics/RMVM_S_478af06679.txt,verified_local,,unavailable,,missing,TIER_A,LYRICS_ONLY,train
RMVM_S_478db4f351,Mất điện,Nam Thế Giới,ART_6aff7c86a0,ROCK,deterministic_mapping,1.0,,,unavailable,data/lyrics/RMVM_S_478db4f351.txt,verified_local,data/covers/RMVM_S_478db4f351.jpg,verified_local,,missing,TIER_A,LYRICS_COVER,train
RMVM_S_4796ae5e8c,Kiếp Nào Có Yêu Nhau,Bích Vân,ART_dba456f83e,BOLERO_TRUTINH,deterministic_mapping,1.0,,,unavailable,data/lyrics/RMVM_S_4796ae5e8c.txt,verified_local,,unavailable,,missing,TIER_A,LYRICS_ONLY,train
RMVM_S_47aa5179ba,Tình Yêu Tôi Hát,"Avin Lu, DABLO",ART_beb1db51ee,POP_BALLAD,deterministic_mapping,1.0,,,unavailable,data/lyrics/RMVM_S_47aa5179ba.txt,verified_local,,unavailable,,missing,TIER_A,LYRICS_ONLY,train
RMVM_S_47bd83e118,Phải Duyên Phải Nợ,"Khưu Huy Vũ, Quỳnh Trang",ART_20f6c66efc,POP_BALLAD,deterministic_mapping,1.0,,,unavailable,data/lyrics/RMVM_S_47bd83e118.txt,verified_local,,unavailable,,missing,TIER_A,LYRICS_ONLY,train
RMVM_S_47f4120a51,Tình Yêu Kết Thúc Nơi Em,Thái Thành Công,ART_00a62d70a4,POP_BALLAD,deterministic_mapping,1.0,,,unavailable,data/lyrics/RMVM_S_47f4120a51.txt,verified_local,data/covers/RMVM_S_47f4120a51.jpg,verified_local,,missing,TIER_A,LYRICS_COVER,train
RMVM_S_48147fde82,Anh Muốn,Hoàng Ngọc Sơn,ART_6dff36829a,POP_BALLAD,deterministic_mapping,0.85,,,unavailable,,unavailable,,unavailable,,missing,TIER_B,METADATA_ONLY,train
RMVM_S_481cea4d63,Đành Để Em Đi,TBEAR,ART_ee7526ad6a,POP_BALLAD,deterministic_mapping,1.0,,,unavailable,,unavailable,data/covers/RMVM_S_481cea4d63.jpg,verified_local,,missing,TIER_A,COVER_ONLY,train
RMVM_S_4821bd8dfd,Ngày Nắng Đẹp,DANHKA,ART_dfdc786843,RAP_HIPHOP,deterministic_mapping,1.0,,,unavailable,data/lyrics/RMVM_S_4821bd8dfd.txt,verified_local,data/covers/RMVM_S_4821bd8dfd.jpg,verified_local,,missing,TIER_A,LYRICS_COVER,train
RMVM_S_482749d27f,Đậm Sâu Rồi Cũng Phai Tàn,Nguyễn Bảo Minh Long,ART_b3d6c74446,POP_BALLAD,deterministic_mapping,1.0,,,unavailable,data/lyrics/RMVM_S_482749d27f.txt,verified_local,,unavailable,,missing,TIER_A,LYRICS_ONLY,train
RMVM_S_482ecf1ffd,Như Một Giấc Mơ,Bình Lee,ART_414d831220,POP_BALLAD,deterministic_mapping,1.0,,,unavailable,data/lyrics/RMVM_S_482ecf1ffd.txt,verified_local,data/covers/RMVM_S_482ecf1ffd.jpg,verified_local,,missing,TIER_A,LYRICS_COVER,train
RMVM_S_4835800ed3,Lại Một Mùa Mưa,Ái Vân,ART_40e372afc0,INSTRUMENTAL,source_tag_verification,0.85,,,unavailable,data/lyrics/RMVM_S_4835800ed3.txt,verified_local,,unavailable,,missing,TIER_B,LYRICS_ONLY,train
RMVM_S_485da97266,Liên Khúc Nhạc Xuân Remix Số 6,Peto,ART_489539e42b,POP_BALLAD,deterministic_mapping,1.0,,,unavailable,data/lyrics/RMVM_S_485da97266.txt,verified_local,,unavailable,,missing,TIER_A,LYRICS_ONLY,train
RMVM_S_485ff4e462,Ai Ai Ai,Mây Trắng,ART_1144cc9dfe,POP_BALLAD,deterministic_mapping,1.0,,,unavailable,data/lyrics/RMVM_S_485ff4e462.txt,verified_local,,unavailable,,missing,TIER_A,LYRICS_ONLY,train
RMVM_S_48676f57f8,Người Vội Vàng,Hoàng Châu,ART_b1a63e3d25,POP_BALLAD,deterministic_mapping,1.0,,,unavailable,data/lyrics/RMVM_S_48676f57f8.txt,verified_local,,unavailable,,missing,TIER_A,LYRICS_ONLY,train
RMVM_S_4871ba4384,Chất Ngất Tình Cha,Việt Hưng,ART_5393ae9907,POP_BALLAD,deterministic_mapping,1.0,,,unavailable,data/lyrics/RMVM_S_4871ba4384.txt,verified_local,,unavailable,,missing,TIER_A,LYRICS_ONLY,train
RMVM_S_48799e3ad2,Chúng Mình Yêu Nhau Thế Đấy,Hoàng Yến Chibi,ART_2817fb9e70,POP_BALLAD,deterministic_mapping,1.0,,,unavailable,data/lyrics/RMVM_S_48799e3ad2.txt,verified_local,,unavailable,,missing,TIER_A,LYRICS_ONLY,train
RMVM_S_488de358ef,Hát Về Anh,135 Band,ART_c9206629ac,REVOLUTIONARY,deterministic_mapping,1.0,,,unavailable,data/lyrics/RMVM_S_488de358ef.txt,verified_local,,unavailable,,missing,TIER_A,LYRICS_ONLY,train
RMVM_S_48a1a3f25c,Nhạc Kịch: Tên Sở Khanh,"Kỳ Phương Uyên, Bằng Kiều, Minh Tuyết",ART_d65e55a225,POP_BALLAD,deterministic_mapping,1.0,,,unavailable,data/lyrics/RMVM_S_48a1a3f25c.txt,verified_local,,unavailable,,missing,TIER_A,LYRICS_ONLY,train
RMVM_S_48abc7ce8a,Cũng Đành Thôi (Cover),Thanh Hùng,ART_a8751990a2,POP_BALLAD,deterministic_mapping,1.0,,,unavailable,data/lyrics/RMVM_S_48abc7ce8a.txt,verified_local,,unavailable,,missing,TIER_A,LYRICS_ONLY,train
RMVM_S_48cfc41727,Để Nhớ Một Người,"Vũ Hoàng, Thạch Thảo",ART_98bbd428dd,BOLERO_TRUTINH,deterministic_mapping,1.0,,,unavailable,data/lyrics/RMVM_S_48cfc41727.txt,verified_local,,unavailable,,missing,TIER_A,LYRICS_ONLY,train
RMVM_S_48d0013269,Dù Tha Thứ Cũng Không Xứng Đáng,Khánh Phương,ART_a36111936d,POP_BALLAD,deterministic_mapping,1.0,,,unavailable,data/lyrics/RMVM_S_48d0013269.txt,verified_local,,unavailable,,missing,TIER_A,LYRICS_ONLY,train
RMVM_S_48debccc7a,Ân Tình Chia Đôi,TLong,ART_8fa879d3fc,POP_BALLAD,deterministic_mapping,1.0,,,unavailable,data/lyrics/RMVM_S_48debccc7a.txt,verified_local,,unavailable,,missing,TIER_A,LYRICS_ONLY,train
RMVM_S_48e9e94311,Anh Chấp Nhận Là Người Đến Sau,Thái Triệu Luân,ART_12fdbaa32e,POP_BALLAD,deterministic_mapping,1.0,,,unavailable,data/lyrics/RMVM_S_48e9e94311.txt,verified_local,,unavailable,,missing,TIER_A,LYRICS_ONLY,train
RMVM_S_48fa112696,Mùa Thu Cho Em,Giang Hồng Ngọc,ART_1bf81baddb,BOLERO_TRUTINH,deterministic_mapping,0.85,,,unavailable,,unavailable,,unavailable,,missing,TIER_B,METADATA_ONLY,train
RMVM_S_4902be4f5d,Góc Phố Nơi Tuyết Rơi,Cao Quân Kiệt,ART_8117363c95,POP_BALLAD,deterministic_mapping,1.0,,,unavailable,data/lyrics/RMVM_S_4902be4f5d.txt,verified_local,,unavailable,,missing,TIER_A,LYRICS_ONLY,train
RMVM_S_4918c2e1bb,Chiều Hoang,Ngọc Anh,ART_90c92c26d4,BOLERO_TRUTINH,deterministic_mapping,1.0,,,unavailable,data/lyrics/RMVM_S_4918c2e1bb.txt,verified_local,,unavailable,,missing,TIER_A,LYRICS_ONLY,train
RMVM_S_491bbcfbbf,Chờ Đông,Bảo Hân Bolero,ART_f69e0baf38,BOLERO_TRUTINH,deterministic_mapping,1.0,,,unavailable,data/lyrics/RMVM_S_491bbcfbbf.txt,verified_local,,unavailable,,missing,TIER_A,LYRICS_ONLY,train
RMVM_S_492e19f68a,LK: Nếu Một Ngày-Chủ Nhật Buồn Thôi-Bao Giờ Biết Tương Tư-Thôi,"Đào Phi Dương, Phương Thùy",ART_0b4038e349,BOLERO_TRUTINH,deterministic_mapping,1.0,,,unavailable,data/lyrics/RMVM_S_492e19f68a.txt,verified_local,,unavailable,,missing,TIER_A,LYRICS_ONLY,train
RMVM_S_4930340ec0,Anh Về Trong Tiếng Sóng,Trần Thu Hường,ART_cf3204265d,REVOLUTIONARY,deterministic_mapping,1.0,,,unavailable,data/lyrics/RMVM_S_4930340ec0.txt,verified_local,,unavailable,,missing,TIER_A,LYRICS_ONLY,train
RMVM_S_493b5e19c7,Bayby Em Có Muốn Được High,"Niz, Koo",ART_9f3d754643,RAP_HIPHOP,deterministic_mapping,1.0,,,unavailable,data/lyrics/RMVM_S_493b5e19c7.txt,verified_local,,unavailable,,missing,TIER_A,LYRICS_ONLY,train
RMVM_S_4947cac1a9,Có Em Anh Có Cả Thế Giới (EDM Version),Phạm Tuấn Tài,ART_19df0be631,POP_BALLAD,deterministic_mapping,1.0,,,unavailable,data/lyrics/RMVM_S_4947cac1a9.txt,verified_local,,unavailable,,missing,TIER_A,LYRICS_ONLY,train
RMVM_S_4952786d26,Baby Em Cô Đơn,"Bảo Thy, Nimbia, RedT",ART_a2d38e3e23,POP_BALLAD,deterministic_mapping,1.0,,,unavailable,data/lyrics/RMVM_S_4952786d26.txt,verified_local,,unavailable,,missing,TIER_A,LYRICS_ONLY,train
RMVM_S_495fc4884d,Hát Về Miền Quê Mới,Thu Hiền,ART_66084b8a1c,BOLERO_TRUTINH,deterministic_mapping,1.0,,,unavailable,data/lyrics/RMVM_S_495fc4884d.txt,verified_local,,unavailable,,missing,TIER_A,LYRICS_ONLY,train
RMVM_S_497ae0641d,Non Sông Ngàn Năm Gấm Vóc,"Diệu Đan, Duy Mẫn",ART_9945612b24,OTHER,curated_out_of_taxonomy,0.9,Religious / Sacred spiritual Vietnamese music,,unavailable,,unavailable,,unavailable,,missing,TIER_B,METADATA_ONLY,train
RMVM_S_49a92cfce2,Cha Mãi Bên Con,Diệu Đan,ART_cdeaf1410d,OTHER,curated_out_of_taxonomy,0.9,Religious / Sacred spiritual Vietnamese music,,unavailable,,unavailable,,unavailable,,missing,TIER_B,METADATA_ONLY,train
RMVM_S_49b9e8413d,Anh Cũng Biết Đau,"EnTi TK, Quân Táo, KaWaiiBi",ART_9319d36de6,RAP_HIPHOP,deterministic_mapping,1.0,,,unavailable,data/lyrics/RMVM_S_49b9e8413d.txt,verified_local,,unavailable,,missing,TIER_A,LYRICS_ONLY,train
RMVM_S_49bc46d924,Anh Sợ Mình Yếu Đuối,Truc Ban Bun,ART_d1807dba15,POP_BALLAD,deterministic_mapping,1.0,,,unavailable,data/lyrics/RMVM_S_49bc46d924.txt,verified_local,,unavailable,,missing,TIER_A,LYRICS_ONLY,train
RMVM_S_49becf493a,Ai Đã Khiến Em Như Vậy,"Andree Right Hand, Lil' Knight",ART_442cccc5e7,POP_BALLAD,deterministic_mapping,1.0,,,unavailable,data/lyrics/RMVM_S_49becf493a.txt,verified_local,,unavailable,,missing,TIER_A,LYRICS_ONLY,train
RMVM_S_4a11a14121,Hoa Hữu Ý Nước Vô Tình (Lofi MK),Hùng Quân,ART_dd120825b4,POP_BALLAD,deterministic_mapping,1.0,,,unavailable,data/lyrics/RMVM_S_4a11a14121.txt,verified_local,,unavailable,,missing,TIER_A,LYRICS_ONLY,train
RMVM_S_4a1c4f57c0,Chúng Ta Chỉ Giống Tình Yêu,Hoàng Green,ART_26b5d7f804,POP_BALLAD,deterministic_mapping,1.0,,,unavailable,data/lyrics/RMVM_S_4a1c4f57c0.txt,verified_local,,unavailable,,missing,TIER_A,LYRICS_ONLY,train
RMVM_S_4a1ed933be,Đừng Thương Tôi,"Lina Nguyễn, Lê Trần Media",ART_a6f381dca5,POP_BALLAD,deterministic_mapping,1.0,,,unavailable,data/lyrics/RMVM_S_4a1ed933be.txt,verified_local,,unavailable,,missing,TIER_A,LYRICS_ONLY,train
RMVM_S_4a30fb4945,Không Yêu Cũng Đừng Làm Tổn Thương Em,Anh Duy,ART_418fc879e4,POP_BALLAD,deterministic_mapping,1.0,,,unavailable,data/lyrics/RMVM_S_4a30fb4945.txt,verified_local,,unavailable,,missing,TIER_A,LYRICS_ONLY,train
RMVM_S_4a3be971f7,Mười Ngón Tay Tình Yêu (Remix),Saka Trương Tuyền,ART_3dbd6dca03,POP_BALLAD,deterministic_mapping,1.0,,,unavailable,data/lyrics/RMVM_S_4a3be971f7.txt,verified_local,,unavailable,,missing,TIER_A,LYRICS_ONLY,train
RMVM_S_4a604e021f,Gió Mây Chuyển Sắc,Lee Phú Quý,ART_0dae860da2,POP_BALLAD,deterministic_mapping,1.0,,,unavailable,data/lyrics/RMVM_S_4a604e021f.txt,verified_local,,unavailable,,missing,TIER_A,LYRICS_ONLY,train
RMVM_S_4a61b3503e,Rap Về Digimon,Phan Ann,ART_07345cf2b0,POP_BALLAD,deterministic_mapping,1.0,,,unavailable,data/lyrics/RMVM_S_4a61b3503e.txt,verified_local,,unavailable,,missing,TIER_A,LYRICS_ONLY,train
RMVM_S_4a9ec2ebaa,Bài Thánh Ca Buồn,Dương Thiện Lâm,ART_91ef598ebc,BOLERO_TRUTINH,deterministic_mapping,1.0,,,unavailable,data/lyrics/RMVM_S_4a9ec2ebaa.txt,verified_local,,unavailable,,missing,TIER_A,LYRICS_ONLY,train
RMVM_S_4aae6d5ab1,Yêu Lắm Mà Phải Buông,Triệu Tuấn Linh,ART_d79d5857f4,POP_BALLAD,deterministic_mapping,1.0,,,unavailable,data/lyrics/RMVM_S_4aae6d5ab1.txt,verified_local,,unavailable,,missing,TIER_A,LYRICS_ONLY,train
RMVM_S_4ab94f89ee,Bằng Cách Nào Đó,"Fer, BFABB, Thái Ngân",ART_f656b1878a,POP_BALLAD,deterministic_mapping,1.0,,,unavailable,data/lyrics/RMVM_S_4ab94f89ee.txt,verified_local,,unavailable,,missing,TIER_A,LYRICS_ONLY,train
RMVM_S_4aba4e66c5,Hoa Cúc Vàng Trong Bão,Bạch Công Khanh,ART_4699a16cc7,POP_BALLAD,deterministic_mapping,1.0,,,unavailable,data/lyrics/RMVM_S_4aba4e66c5.txt,verified_local,,unavailable,,missing,TIER_A,LYRICS_ONLY,train
RMVM_S_4acd03cbce,Nỗi Lòng Người Viễn Xứ,Lưu Chí Vỹ,ART_cfb9eb0821,FOLK_TRADITIONAL,deterministic_mapping,1.0,,,unavailable,data/lyrics/RMVM_S_4acd03cbce.txt,verified_local,,unavailable,,missing,TIER_A,LYRICS_ONLY,train
RMVM_S_4add913101,LK: Hát Cho Ngày Hôm Qua,Nhiều nghệ sĩ,ART_736b531937,POP_BALLAD,deterministic_mapping,1.0,,,unavailable,data/lyrics/RMVM_S_4add913101.txt,verified_local,,unavailable,,missing,TIER_A,LYRICS_ONLY,train
RMVM_S_4afc5f620f,Biết Vui Biết Buồn,"Thùy Chi, Đức Trí",ART_16079556f3,POP_BALLAD,deterministic_mapping,1.0,,,unavailable,data/lyrics/RMVM_S_4afc5f620f.txt,verified_local,,unavailable,,missing,TIER_A,LYRICS_ONLY,train
RMVM_S_4affe636f9,Liên Khúc Trai Tài Gái Sắc,Cô Ú,ART_a27edb69ab,CHILDREN,deterministic_mapping,1.0,,,unavailable,,unavailable,data/covers/RMVM_S_4affe636f9.jpg,verified_local,,missing,TIER_A,COVER_ONLY,train
RMVM_S_4b083c65d9,Mashup Tuổi Hồng Thơ Ngây & Nhìn Nhau Lần Cuối,SMELOD,ART_d6fce6685f,POP_BALLAD,deterministic_mapping,1.0,,,unavailable,data/lyrics/RMVM_S_4b083c65d9.txt,verified_local,,unavailable,,missing,TIER_A,LYRICS_ONLY,train
RMVM_S_4b0c87b503,Anh Thật Dũng Cảm,Long Hải,ART_602a5294cc,POP_BALLAD,deterministic_mapping,1.0,,,unavailable,data/lyrics/RMVM_S_4b0c87b503.txt,verified_local,,unavailable,,missing,TIER_A,LYRICS_ONLY,train
RMVM_S_4b3005dfc7,Hát Bên Trời Lãng Quên,Trường Thanh,ART_57b1841641,BOLERO_TRUTINH,deterministic_mapping,1.0,,,unavailable,data/lyrics/RMVM_S_4b3005dfc7.txt,verified_local,,unavailable,,missing,TIER_A,LYRICS_ONLY,train
RMVM_S_4b47156687,Em Ơi Đừng Khóc,"Gia Huy Singer, Lương Chí Tâm",ART_9e3d914bc4,POP_BALLAD,deterministic_mapping,1.0,,,unavailable,data/lyrics/RMVM_S_4b47156687.txt,verified_local,,unavailable,,missing,TIER_A,LYRICS_ONLY,train
RMVM_S_4b6664c1b3,Bến Bờ Cho Con,Vy Oanh,ART_4835a2401f,POP_BALLAD,deterministic_mapping,1.0,,,unavailable,data/lyrics/RMVM_S_4b6664c1b3.txt,verified_local,data/covers/RMVM_S_4b6664c1b3.jpg,verified_local,,missing,TIER_A,LYRICS_COVER,train
RMVM_S_4b6b9ae4c8,Liên Khúc Yêu Là Cưới,Nhiều nghệ sĩ,ART_736b531937,POP_BALLAD,deterministic_mapping,1.0,,,unavailable,data/lyrics/RMVM_S_4b6b9ae4c8.txt,verified_local,,unavailable,,missing,TIER_A,LYRICS_ONLY,train
RMVM_S_4b779d32b5,Như Giọt Mưa Rơi,Phương Thanh,ART_bae46acd15,POP_BALLAD,deterministic_mapping,1.0,,,unavailable,data/lyrics/RMVM_S_4b779d32b5.txt,verified_local,,unavailable,,missing,TIER_A,LYRICS_ONLY,train
RMVM_S_4b95c996be,Vì Anh Còn Quá Yêu Em,Ưng Đại Vệ,ART_f306dce70e,POP_BALLAD,deterministic_mapping,1.0,,,unavailable,data/lyrics/RMVM_S_4b95c996be.txt,verified_local,data/covers/RMVM_S_4b95c996be.jpg,verified_local,,missing,TIER_A,LYRICS_COVER,train
RMVM_S_4bbf9d996e,Đêm Nay Một Mình,Đông Quốc Hùng,ART_ad7c9bb07e,POP_BALLAD,deterministic_mapping,1.0,,,unavailable,data/lyrics/RMVM_S_4bbf9d996e.txt,verified_local,,unavailable,,missing,TIER_A,LYRICS_ONLY,train
RMVM_S_4bbfc4d0ee,Chỉ Muốn Bên Anh Mãi Thôi,LyLy,ART_6d5d22bdb3,POP_BALLAD,deterministic_mapping,1.0,,,unavailable,data/lyrics/RMVM_S_4bbfc4d0ee.txt,verified_local,,unavailable,,missing,TIER_A,LYRICS_ONLY,train
RMVM_S_4bcf9154b4,Chuyến Xe Miền Tây,Mạnh Quỳnh,ART_d1f9e306ee,BOLERO_TRUTINH,deterministic_mapping,0.85,,,unavailable,,unavailable,,unavailable,,missing,TIER_B,METADATA_ONLY,train
RMVM_S_4bd3b9ba7a,Giấc Mơ Không Chỉ Của Riêng Ai,Minh Tuyết,ART_729a36465f,INSTRUMENTAL,source_tag_verification,0.85,,,unavailable,data/lyrics/RMVM_S_4bd3b9ba7a.txt,verified_local,,unavailable,,missing,TIER_B,LYRICS_ONLY,train
RMVM_S_4bfee06a65,Thiên Sơn Vạn Thủy Của Em,Thiên Tú,ART_b0af0bf20e,POP_BALLAD,deterministic_mapping,1.0,,,unavailable,data/lyrics/RMVM_S_4bfee06a65.txt,verified_local,,unavailable,,missing,TIER_A,LYRICS_ONLY,train
RMVM_S_4c05893f9b,Để Nhớ Một Cuộc Tình,Tô Phương Trang,ART_e937edc184,POP_BALLAD,deterministic_mapping,1.0,,,unavailable,,unavailable,data/covers/RMVM_S_4c05893f9b.jpg,verified_local,,missing,TIER_A,COVER_ONLY,train
RMVM_S_4c4c37f4be,Chỉ Là Quá Yêu Em,Quang Đăng Trần,ART_2df80ffbbc,POP_BALLAD,deterministic_mapping,1.0,,,unavailable,data/lyrics/RMVM_S_4c4c37f4be.txt,verified_local,data/covers/RMVM_S_4c4c37f4be.jpg,verified_local,,missing,TIER_A,LYRICS_COVER,train
RMVM_S_4c7b418c6d,Chẳng Còn Là Chúng Ta (Mến Gái Miền Tây OST),Võ Đăng Khoa,ART_06056e451e,POP_BALLAD,deterministic_mapping,1.0,,,unavailable,data/lyrics/RMVM_S_4c7b418c6d.txt,verified_local,,unavailable,,missing,TIER_A,LYRICS_ONLY,train
RMVM_S_4c82add366,"Mashup: Giới Hạn Nào Cho Chúng Ta, Mắt Buồn, Chuyện Như Chưa Bắt Đầu, Anh Nhớ Em",Vicky Nhung,ART_ed59bd9d6c,POP_BALLAD,deterministic_mapping,1.0,,,unavailable,data/lyrics/RMVM_S_4c82add366.txt,verified_local,,unavailable,,missing,TIER_A,LYRICS_ONLY,train
RMVM_S_4cadacd8f2,Chấp Nhận Thương Đau,Nhiều nghệ sĩ,ART_736b531937,RAP_HIPHOP,deterministic_mapping,1.0,,,unavailable,data/lyrics/RMVM_S_4cadacd8f2.txt,verified_local,,unavailable,,missing,TIER_A,LYRICS_ONLY,train
RMVM_S_4cbdb41909,Cây Cọ Thần Kỳ,"ICD, Tuimi",ART_d211c094d2,POP_BALLAD,deterministic_mapping,1.0,,,unavailable,data/lyrics/RMVM_S_4cbdb41909.txt,verified_local,,unavailable,,missing,TIER_A,LYRICS_ONLY,train
RMVM_S_4cc5cf90bc,Đi Qua Những Mùa Mưa Bay,N.Thảo,ART_4d4a810e86,POP_BALLAD,deterministic_mapping,1.0,,,unavailable,data/lyrics/RMVM_S_4cc5cf90bc.txt,verified_local,,unavailable,,missing,TIER_A,LYRICS_ONLY,train
RMVM_S_4cea687353,Tôi Xa Người Yêu,Võ Minh Lê,ART_4a80ecbc64,POP_BALLAD,deterministic_mapping,1.0,,,unavailable,data/lyrics/RMVM_S_4cea687353.txt,verified_local,,unavailable,,missing,TIER_A,LYRICS_ONLY,train
RMVM_S_4d1c24085a,"LK Trăng Về Thôn Dã, Rước Tình Về Với Quê Hương","Vi Châu, Thanh Vũ",ART_4ee40651dd,BOLERO_TRUTINH,deterministic_mapping,1.0,,,unavailable,data/lyrics/RMVM_S_4d1c24085a.txt,verified_local,,unavailable,,missing,TIER_A,LYRICS_ONLY,train
RMVM_S_4d25efff09,Liên Khúc Mùa Xuân Sang Có Hoa Anh Đào,Đình Phước,ART_e1a44ab29b,BOLERO_TRUTINH,deterministic_mapping,1.0,,,unavailable,data/lyrics/RMVM_S_4d25efff09.txt,verified_local,,unavailable,,missing,TIER_A,LYRICS_ONLY,train
RMVM_S_4d319a04fc,Buông Tay Vì Yêu,Bùi Tuấn Ngọc,ART_69a88317b3,POP_BALLAD,deterministic_mapping,1.0,,,unavailable,data/lyrics/RMVM_S_4d319a04fc.txt,verified_local,,unavailable,,missing,TIER_A,LYRICS_ONLY,train
RMVM_S_4d4a9ba695,Chuyến Bay Thao Thức / 失眠飞行,"Thẩm Dĩ Thành, tiết minh viện",ART_ba2d6c6482,RAP_HIPHOP,deterministic_mapping,1.0,,,unavailable,,unavailable,data/covers/RMVM_S_4d4a9ba695.jpg,verified_local,,missing,TIER_A,COVER_ONLY,train
RMVM_S_4d4f5f59da,Đừng Đi Đâu Đấy Nhé,"Hưng Vũ, Tinoy, MEZZO",ART_13b332e706,POP_BALLAD,deterministic_mapping,1.0,,,unavailable,data/lyrics/RMVM_S_4d4f5f59da.txt,verified_local,,unavailable,,missing,TIER_A,LYRICS_ONLY,train
RMVM_S_4d5d2e1308,Nha Trang Ngày Về,Tuấn Ngọc,ART_e269d46b5a,BOLERO_TRUTINH,deterministic_mapping,0.85,,,unavailable,,unavailable,,unavailable,,missing,TIER_B,METADATA_ONLY,train
RMVM_S_4d978163e0,Bởi Vì Sao,Tuấn Hưng,ART_31bc440729,POP_BALLAD,deterministic_mapping,0.85,,,unavailable,,unavailable,,unavailable,,missing,TIER_B,METADATA_ONLY,train
RMVM_S_4d9b381653,Có Tiếc Tình Đầu,Ngô Minh Huy,ART_a4ca5b80e2,POP_BALLAD,deterministic_mapping,1.0,,,unavailable,data/lyrics/RMVM_S_4d9b381653.txt,verified_local,,unavailable,,missing,TIER_A,LYRICS_ONLY,train
RMVM_S_4da268dc60,Hà Nội Phù Đổng Tiến Lên,Nguyễn Trung Kiên,ART_70e4cf2054,BOLERO_TRUTINH,deterministic_mapping,1.0,,,unavailable,data/lyrics/RMVM_S_4da268dc60.txt,verified_local,,unavailable,,missing,TIER_A,LYRICS_ONLY,train
RMVM_S_4dab675472,Hôm Nay Em Cưới Rồi,Khải Đăng,ART_77d10f700c,POP_BALLAD,deterministic_mapping,1.0,,,unavailable,data/lyrics/RMVM_S_4dab675472.txt,verified_local,,unavailable,,missing,TIER_A,LYRICS_ONLY,train
RMVM_S_4db6a034c9,Chờ Anh Em Nhé (Beat),"Châu Khải Phong, Thành Nam ABK",ART_68a2bcdcc1,POP_BALLAD,deterministic_mapping,1.0,,,unavailable,data/lyrics/RMVM_S_4db6a034c9.txt,verified_local,,unavailable,,missing,TIER_A,LYRICS_ONLY,train
RMVM_S_4dc4ea9ebd,Bướm Bay Vườn Cải Hoa Vàng,Diệu Đan,ART_cdeaf1410d,OTHER,curated_out_of_taxonomy,0.9,Religious / Sacred spiritual Vietnamese music,,unavailable,,unavailable,,unavailable,,missing,TIER_B,METADATA_ONLY,train
RMVM_S_4e30f94245,Có Ai Nói Em Biết Không?,Trịnh Bảo Bàng,ART_1a9382289d,POP_BALLAD,deterministic_mapping,1.0,,,unavailable,,unavailable,data/covers/RMVM_S_4e30f94245.jpg,verified_local,,missing,TIER_A,COVER_ONLY,train
RMVM_S_4e6fce2581,Khúc Ca Xuân,Đan Trường,ART_d7d6ae2597,BOLERO_TRUTINH,deterministic_mapping,1.0,,,unavailable,data/lyrics/RMVM_S_4e6fce2581.txt,verified_local,,unavailable,,missing,TIER_A,LYRICS_ONLY,train
RMVM_S_4e727d6880,Cô Ấy Không Thích Tôi,Long Cao,ART_d991a8dc50,POP_BALLAD,deterministic_mapping,1.0,,,unavailable,data/lyrics/RMVM_S_4e727d6880.txt,verified_local,,unavailable,,missing,TIER_A,LYRICS_ONLY,train
RMVM_S_4e869182ce,Điều Muốn Nói,RHY,ART_5348c2d67c,POP_BALLAD,deterministic_mapping,1.0,,,unavailable,data/lyrics/RMVM_S_4e869182ce.txt,verified_local,,unavailable,,missing,TIER_A,LYRICS_ONLY,train
RMVM_S_4e95d32fe5,Người Thương Em Cả Đời Em Xua Đuổi,VIET.,ART_47e4e9bce4,POP_BALLAD,deterministic_mapping,1.0,,,unavailable,data/lyrics/RMVM_S_4e95d32fe5.txt,verified_local,,unavailable,,missing,TIER_A,LYRICS_ONLY,train
RMVM_S_4ed15a3855,Có Những Phai Tàn,Lân Nhã,ART_62dcd39a34,POP_BALLAD,deterministic_mapping,1.0,,,unavailable,data/lyrics/RMVM_S_4ed15a3855.txt,verified_local,,unavailable,,missing,TIER_A,LYRICS_ONLY,train
RMVM_S_4ef34f9c1b,Đêm Nghe Tiếng Mưa,Đan Kim,ART_753237ee8a,POP_BALLAD,deterministic_mapping,1.0,,,unavailable,,unavailable,data/covers/RMVM_S_4ef34f9c1b.jpg,verified_local,,missing,TIER_A,COVER_ONLY,train
RMVM_S_4f24f4415c,Anh Có Điều Muốn Nói,Tronie,ART_677e927937,RB_SOUL,deterministic_mapping,1.0,,,unavailable,data/lyrics/RMVM_S_4f24f4415c.txt,verified_local,,unavailable,,missing,TIER_A,LYRICS_ONLY,train
RMVM_S_4f45bb819c,Em Yêu Anh Thật Không,Deris,ART_101f91d42a,POP_BALLAD,deterministic_mapping,1.0,,,unavailable,data/lyrics/RMVM_S_4f45bb819c.txt,verified_local,,unavailable,,missing,TIER_A,LYRICS_ONLY,train
RMVM_S_4f5176a02b,Em Có Đợi Anh Không,Mạnh Hakyno,ART_fd676aa17a,POP_BALLAD,deterministic_mapping,1.0,,,unavailable,data/lyrics/RMVM_S_4f5176a02b.txt,verified_local,,unavailable,,missing,TIER_A,LYRICS_ONLY,train
RMVM_S_4f5f163f97,Bông Hoa Ven Đường,"Thiên Ân, LQ MEDIA",ART_b116eb2877,POP_BALLAD,deterministic_mapping,1.0,,,unavailable,data/lyrics/RMVM_S_4f5f163f97.txt,verified_local,,unavailable,,missing,TIER_A,LYRICS_ONLY,train
RMVM_S_4f931420cb,Điều Anh Mong Chờ Không Phải Là Tuyết,Chí Thiện,ART_6886f3a59c,POP_BALLAD,deterministic_mapping,1.0,,,unavailable,data/lyrics/RMVM_S_4f931420cb.txt,verified_local,,unavailable,,missing,TIER_A,LYRICS_ONLY,train
RMVM_S_4fa28fcb6c,Một Người Ði,Phương Diễm Hạnh,ART_e286dfe345,BOLERO_TRUTINH,deterministic_mapping,1.0,,,unavailable,data/lyrics/RMVM_S_4fa28fcb6c.txt,verified_local,,unavailable,,missing,TIER_A,LYRICS_ONLY,train
RMVM_S_4fa919efac,Ảo Mộng (Remix),Nhất Vũ,ART_dd53373e7c,POP_BALLAD,deterministic_mapping,1.0,,,unavailable,data/lyrics/RMVM_S_4fa919efac.txt,verified_local,data/covers/RMVM_S_4fa919efac.jpg,verified_local,,missing,TIER_A,LYRICS_COVER,train
RMVM_S_4fc36a2390,Nhớ Về Hội Lim,Thu Hiền,ART_66084b8a1c,FOLK_TRADITIONAL,artist_discography_verification,0.85,,,unavailable,data/lyrics/RMVM_S_4fc36a2390.txt,verified_local,,unavailable,,missing,TIER_B,LYRICS_ONLY,train
RMVM_S_4ff55e595c,Bông Hồng Dâng Mẹ,Mai Thiên Vân,ART_24d0551951,INSTRUMENTAL,source_tag_verification,0.85,,,unavailable,data/lyrics/RMVM_S_4ff55e595c.txt,verified_local,,unavailable,,missing,TIER_B,LYRICS_ONLY,train
RMVM_S_4ffcce5e2b,Cứ Đi Và Yêu,"Đan Trường, Trung Quang",ART_1e6f0caca0,POP_BALLAD,deterministic_mapping,1.0,,,unavailable,data/lyrics/RMVM_S_4ffcce5e2b.txt,verified_local,data/covers/RMVM_S_4ffcce5e2b.jpg,verified_local,,missing,TIER_A,LYRICS_COVER,train
RMVM_S_4fff9f0bf3,Con Tim Anh Thay Đổi (Speed Up),Thủy Lê,ART_82fcb271da,POP_BALLAD,deterministic_mapping,1.0,,,unavailable,data/lyrics/RMVM_S_4fff9f0bf3.txt,verified_local,,unavailable,,missing,TIER_A,LYRICS_ONLY,train
RMVM_S_5005f0a302,Điều Buồn Tênh,Quang Vinh,ART_141990a1f4,POP_BALLAD,deterministic_mapping,1.0,,,unavailable,data/lyrics/RMVM_S_5005f0a302.txt,verified_local,,unavailable,,missing,TIER_A,LYRICS_ONLY,train
RMVM_S_5005f18075,Chầm Chậm Cùng Anh,A.C Xuân Tài,ART_69189da7a6,POP_BALLAD,deterministic_mapping,1.0,,,unavailable,data/lyrics/RMVM_S_5005f18075.txt,verified_local,,unavailable,,missing,TIER_A,LYRICS_ONLY,train
RMVM_S_50157c14ca,Chỉ Sợ Em Thành Núi Biếc,Hương Lan,ART_8422601bfe,BOLERO_TRUTINH,deterministic_mapping,1.0,,,unavailable,data/lyrics/RMVM_S_50157c14ca.txt,verified_local,,unavailable,,missing,TIER_A,LYRICS_ONLY,train
RMVM_S_5034b08a41,"Buồn Ơi, Xin Hãy Quên","Ái Vân, Nguyễn Hưng",ART_44b9b5206d,INSTRUMENTAL,source_tag_verification,0.85,,,unavailable,data/lyrics/RMVM_S_5034b08a41.txt,verified_local,,unavailable,,missing,TIER_B,LYRICS_ONLY,train
RMVM_S_5038782b74,Ân Tình Xứ Nghệ,NSƯT Hương Giang,ART_aa6441ed3d,BOLERO_TRUTINH,deterministic_mapping,1.0,,,unavailable,data/lyrics/RMVM_S_5038782b74.txt,verified_local,,unavailable,,missing,TIER_A,LYRICS_ONLY,train
RMVM_S_505e93c77e,Bài này không để đi diễn,Anh Tú Atus,ART_292a401648,POP_BALLAD,deterministic_mapping,1.0,,,unavailable,data/lyrics/RMVM_S_505e93c77e.txt,verified_local,,unavailable,,missing,TIER_A,LYRICS_ONLY,train
RMVM_S_505f11ccc1,Em Xin Lỗi,"Nguyễn Văn Trung, Trọng Phước",ART_43d43762bc,POP_BALLAD,deterministic_mapping,1.0,,,unavailable,data/lyrics/RMVM_S_505f11ccc1.txt,verified_local,data/covers/RMVM_S_505f11ccc1.jpg,verified_local,,missing,TIER_A,LYRICS_COVER,train
RMVM_S_506d6db951,Anh Không Tồn Tại Trong Tim Em,Âu Gia Phát,ART_68e70714c9,POP_BALLAD,deterministic_mapping,1.0,,,unavailable,data/lyrics/RMVM_S_506d6db951.txt,verified_local,data/covers/RMVM_S_506d6db951.jpg,verified_local,,missing,TIER_A,LYRICS_COVER,train
RMVM_S_508e08ea50,Anh có nghe thấy không,Ngọc Tân,ART_f23641b541,BOLERO_TRUTINH,deterministic_mapping,1.0,,,unavailable,data/lyrics/RMVM_S_508e08ea50.txt,verified_local,,unavailable,,missing,TIER_A,LYRICS_ONLY,train
RMVM_S_5094990938,Biển Nỗi Nhớ Và Em (Live at Đồng Dao),Hoài Lâm,ART_29eca983da,POP_BALLAD,deterministic_mapping,1.0,,,unavailable,data/lyrics/RMVM_S_5094990938.txt,verified_local,,unavailable,,missing,TIER_A,LYRICS_ONLY,train
RMVM_S_50d1963a18,Còn Yêu Hãy Về Với Nhau (T-Bag Remix),"Kalee Hoàng, Thành Tar",ART_f0f981bd05,DANCE_EDM,deterministic_mapping,1.0,,,unavailable,data/lyrics/RMVM_S_50d1963a18.txt,verified_local,,unavailable,,missing,TIER_A,LYRICS_ONLY,train
RMVM_S_50dbdd3e41,Em Chưa 18 (Em Chưa 18 OST),"Will, Lou Hoàng, Kaity Nguyễn",ART_1599eeafab,POP_BALLAD,deterministic_mapping,1.0,,,unavailable,data/lyrics/RMVM_S_50dbdd3e41.txt,verified_local,,unavailable,,missing,TIER_A,LYRICS_ONLY,train
RMVM_S_50ddadb7b8,Bé Chúc Xuân,Bé Trang Thư,ART_fb6740eb7b,CHILDREN,artist_discography_verification,0.85,,,unavailable,data/lyrics/RMVM_S_50ddadb7b8.txt,verified_local,,unavailable,,missing,TIER_B,LYRICS_ONLY,train
RMVM_S_5139be8272,Cá Bơi Ngược Dòng,Vương Anh Tú,ART_b5427a3989,POP_BALLAD,deterministic_mapping,1.0,,,unavailable,data/lyrics/RMVM_S_5139be8272.txt,verified_local,,unavailable,,missing,TIER_A,LYRICS_ONLY,train
RMVM_S_5139edb846,Liên khúc: Bahama Mama & Sunny,"Bảo Hân, Thủy Tiên",ART_ee85b636aa,BOLERO_TRUTINH,deterministic_mapping,1.0,,,unavailable,data/lyrics/RMVM_S_5139edb846.txt,verified_local,,unavailable,,missing,TIER_A,LYRICS_ONLY,train
RMVM_S_5142656ed2,Trả Em Hai Chữ Chung Tình,Bùi Vĩnh Phúc,ART_d6ddbdf499,POP_BALLAD,deterministic_mapping,1.0,,,unavailable,data/lyrics/RMVM_S_5142656ed2.txt,verified_local,,unavailable,,missing,TIER_A,LYRICS_ONLY,train
RMVM_S_515f85806e,Cứ Thế Lặng Im,Bozitt,ART_c134d56ec9,RAP_HIPHOP,deterministic_mapping,1.0,,,unavailable,data/lyrics/RMVM_S_515f85806e.txt,verified_local,,unavailable,,missing,TIER_A,LYRICS_ONLY,train
RMVM_S_51693aa726,Anh Ấy (Beat),Lê Vũ Bình,ART_8df1c6d8f9,POP_BALLAD,deterministic_mapping,1.0,,,unavailable,data/lyrics/RMVM_S_51693aa726.txt,verified_local,,unavailable,,missing,TIER_A,LYRICS_ONLY,train
RMVM_S_51b69f10bf,Nội Tôi,Đại Đức Thích Nhuận Thanh,ART_7964e4ed42,BOLERO_TRUTINH,deterministic_mapping,1.0,,,unavailable,data/lyrics/RMVM_S_51b69f10bf.txt,verified_local,,unavailable,,missing,TIER_A,LYRICS_ONLY,train
RMVM_S_51c68d5524,Khi Ta Đôi Mươi,"Phi Thúy Hạnh, Quang Minh",ART_5830c95a0a,BOLERO_TRUTINH,deterministic_mapping,1.0,,,unavailable,data/lyrics/RMVM_S_51c68d5524.txt,verified_local,,unavailable,,missing,TIER_A,LYRICS_ONLY,train
RMVM_S_51ceabebd7,Sunday Buồn,"Ánh Minh, Mai Tiến Dũng",ART_9beb5d927e,INSTRUMENTAL,source_tag_verification,0.85,,,unavailable,data/lyrics/RMVM_S_51ceabebd7.txt,verified_local,,unavailable,,missing,TIER_B,LYRICS_ONLY,train
RMVM_S_51d19950cf,Hẹn Ước Cổ Loa Thành,Lý Anh Khoa,ART_772c8290b0,POP_BALLAD,deterministic_mapping,1.0,,,unavailable,,unavailable,data/covers/RMVM_S_51d19950cf.jpg,verified_local,,missing,TIER_A,COVER_ONLY,train
RMVM_S_51e0a263ee,Đớn Đau Anh Vẫn Yêu,Hoàng Minh,ART_b16d18609d,POP_BALLAD,deterministic_mapping,1.0,,,unavailable,data/lyrics/RMVM_S_51e0a263ee.txt,verified_local,,unavailable,,missing,TIER_A,LYRICS_ONLY,train
RMVM_S_51e59c6d67,Hẹn Em Kiếp Sau,FOR7,ART_172238b5c1,POP_BALLAD,deterministic_mapping,1.0,,,unavailable,data/lyrics/RMVM_S_51e59c6d67.txt,verified_local,data/covers/RMVM_S_51e59c6d67.jpg,verified_local,,missing,TIER_A,LYRICS_COVER,train
RMVM_S_51eba02416,Em Hát Cùng Mùa Xuân,Hồ Cẩm Nghi,ART_5ed2f61029,BOLERO_TRUTINH,deterministic_mapping,1.0,,,unavailable,data/lyrics/RMVM_S_51eba02416.txt,verified_local,,unavailable,,missing,TIER_A,LYRICS_ONLY,train
RMVM_S_52034c28eb,Nếu Chẳng Là Của Nhau,Chu Bin,ART_9abe6c859e,POP_BALLAD,deterministic_mapping,1.0,,,unavailable,data/lyrics/RMVM_S_52034c28eb.txt,verified_local,,unavailable,,missing,TIER_A,LYRICS_ONLY,train
RMVM_S_520ba0e0ba,Giây Phút Chia Xa (Nhạc Sống Hà Tây),"Minz, BeeBoss",ART_202961c588,POP_BALLAD,deterministic_mapping,1.0,,,unavailable,data/lyrics/RMVM_S_520ba0e0ba.txt,verified_local,,unavailable,,missing,TIER_A,LYRICS_ONLY,train
RMVM_S_520ce7a551,Lời Hứa Bỏ Quên,Đỗ Hoàng Dương,ART_e61e7c23fe,POP_BALLAD,deterministic_mapping,1.0,,,unavailable,data/lyrics/RMVM_S_520ce7a551.txt,verified_local,,unavailable,,missing,TIER_A,LYRICS_ONLY,train
RMVM_S_5215ad94e7,Biết Yêu Là Thế,"CZEE, Shanhao",ART_18a1c6eb4b,RB_SOUL,deterministic_mapping,1.0,,,unavailable,data/lyrics/RMVM_S_5215ad94e7.txt,verified_local,,unavailable,,missing,TIER_A,LYRICS_ONLY,train
RMVM_S_5255356830,Ngày Mình Có Nhau,Thanh Vũ,ART_c88574a28d,POP_BALLAD,deterministic_mapping,1.0,,,unavailable,data/lyrics/RMVM_S_5255356830.txt,verified_local,data/covers/RMVM_S_5255356830.jpg,verified_local,,missing,TIER_A,LYRICS_COVER,train
RMVM_S_527f827241,Cho Con Trọn Chữ Hiếu,"Ngọc Linh, Nguyễn Hồng Thuận",ART_b508680de6,POP_BALLAD,deterministic_mapping,1.0,,,unavailable,data/lyrics/RMVM_S_527f827241.txt,verified_local,,unavailable,,missing,TIER_A,LYRICS_ONLY,train
RMVM_S_528263fda7,Cứ Ngỡ Là Em,Hồ Quỳnh Hương,ART_b84167a040,POP_BALLAD,deterministic_mapping,1.0,,,unavailable,data/lyrics/RMVM_S_528263fda7.txt,verified_local,,unavailable,,missing,TIER_A,LYRICS_ONLY,train
RMVM_S_528356ec6e,Liên Khúc: Áo Em Chưa Mặc Một Lần; Vòng Nhẫn Cưới,"Quang Lê, Mai Thiên Vân",ART_71705adb16,BOLERO_TRUTINH,deterministic_mapping,1.0,,,unavailable,,unavailable,data/covers/RMVM_S_528356ec6e.jpg,verified_local,,missing,TIER_A,COVER_ONLY,train
RMVM_S_52899e12f3,Em Là Chân Ái Của Đời Anh,Duy Tuyên,ART_0d7f36248b,POP_BALLAD,deterministic_mapping,1.0,,,unavailable,data/lyrics/RMVM_S_52899e12f3.txt,verified_local,,unavailable,,missing,TIER_A,LYRICS_ONLY,train
RMVM_S_52dd9d5d38,Đi Ngược Con Đường,Thu Thủy,ART_d19291be80,POP_BALLAD,deterministic_mapping,1.0,,,unavailable,data/lyrics/RMVM_S_52dd9d5d38.txt,verified_local,,unavailable,,missing,TIER_A,LYRICS_ONLY,train
RMVM_S_52de0c2689,Trường Sơn Đông Trường Sơn Tây,"Yên Nhiên, Duy Ngọc",ART_1974aaab5f,REVOLUTIONARY,deterministic_mapping,1.0,,,unavailable,data/lyrics/RMVM_S_52de0c2689.txt,verified_local,,unavailable,,missing,TIER_A,LYRICS_ONLY,train
RMVM_S_5307166f37,Cho Anh Xin Thêm 1 Phút,"Trịnh Thăng Bình, Liz Kim Cương",ART_69771514d6,POP_BALLAD,deterministic_mapping,1.0,,,unavailable,data/lyrics/RMVM_S_5307166f37.txt,verified_local,,unavailable,,missing,TIER_A,LYRICS_ONLY,train
RMVM_S_53094e1f14,Cá Sấu Ghê Na,Ưng Hoàng Phúc,ART_f2f942414d,POP_BALLAD,deterministic_mapping,0.85,,,unavailable,,unavailable,,unavailable,,missing,TIER_B,METADATA_ONLY,train
RMVM_S_531580bd0a,Hãy Thêm Một Lần,Don Hồ,ART_7a15955a82,INSTRUMENTAL,source_tag_verification,0.85,,,unavailable,data/lyrics/RMVM_S_531580bd0a.txt,verified_local,,unavailable,,missing,TIER_B,LYRICS_ONLY,train
RMVM_S_5335b6da2a,Cố Bước,Nam Hy,ART_67fc69235e,POP_BALLAD,deterministic_mapping,1.0,,,unavailable,data/lyrics/RMVM_S_5335b6da2a.txt,verified_local,,unavailable,,missing,TIER_A,LYRICS_ONLY,train
RMVM_S_5349dbfbe8,Miền Trung Nước Mắt,Phùng Ngọc Huy,ART_dc0148a015,FOLK_TRADITIONAL,deterministic_mapping,1.0,,,unavailable,data/lyrics/RMVM_S_5349dbfbe8.txt,verified_local,,unavailable,,missing,TIER_A,LYRICS_ONLY,train
RMVM_S_534f7807f9,Cướp Vợ,Ngũ Cung,ART_98aa258398,ROCK,artist_discography_verification,0.85,,,unavailable,,unavailable,data/covers/RMVM_S_534f7807f9.jpg,verified_local,,missing,TIER_B,COVER_ONLY,train
RMVM_S_536cc7ff23,Thằng Hề Nó Yêu,"Nguyễn Đình Vũ, DC Tâm, Hiếu Rock",ART_26dac5a81d,POP_BALLAD,deterministic_mapping,1.0,,,unavailable,data/lyrics/RMVM_S_536cc7ff23.txt,verified_local,,unavailable,,missing,TIER_A,LYRICS_ONLY,train
RMVM_S_536f289b8d,Liên Khúc Hoa Nở Về Đêm – Giọt Buồn Không Tên – Người Đi Ngoài Phố,Khang Lê,ART_ed8283abf9,BOLERO_TRUTINH,deterministic_mapping,1.0,,,unavailable,data/lyrics/RMVM_S_536f289b8d.txt,verified_local,,unavailable,,missing,TIER_A,LYRICS_ONLY,train
RMVM_S_5371bccc93,Cho Anh Gần Em Thêm Chút Nữa,Bạch Công Khanh,ART_4699a16cc7,POP_BALLAD,deterministic_mapping,1.0,,,unavailable,data/lyrics/RMVM_S_5371bccc93.txt,verified_local,data/covers/RMVM_S_5371bccc93.jpg,verified_local,,missing,TIER_A,LYRICS_COVER,train
RMVM_S_5389ffa391,Chán Thì Chia Tay,FreshlyRC,ART_4ff276d79d,POP_BALLAD,deterministic_mapping,1.0,,,unavailable,data/lyrics/RMVM_S_5389ffa391.txt,verified_local,,unavailable,,missing,TIER_A,LYRICS_ONLY,train
RMVM_S_538f4da94f,Bộ Đội Cùng Dân Chống Dịch Corona,Hoàng Y Nhung,ART_6a0bb23820,POP_BALLAD,deterministic_mapping,1.0,,,unavailable,data/lyrics/RMVM_S_538f4da94f.txt,verified_local,,unavailable,,missing,TIER_A,LYRICS_ONLY,train
RMVM_S_53a38a6c9b,Và Xem Như Chúng Ta Chỉ Còn,TRANG,ART_c786f96bb9,POP_BALLAD,deterministic_mapping,1.0,,,unavailable,data/lyrics/RMVM_S_53a38a6c9b.txt,verified_local,,unavailable,,missing,TIER_A,LYRICS_ONLY,train
RMVM_S_53a63dd4f7,Dòng Sông Thương Nhớ,Bùi Tuyết Mai,ART_ee032ff0d2,BOLERO_TRUTINH,deterministic_mapping,1.0,,,unavailable,data/lyrics/RMVM_S_53a63dd4f7.txt,verified_local,,unavailable,,missing,TIER_A,LYRICS_ONLY,train
RMVM_S_53a6ecfbf3,Con Sông Lụy Tình,Vũ Tuấn Khang,ART_96bcadc87d,BOLERO_TRUTINH,deterministic_mapping,1.0,,,unavailable,data/lyrics/RMVM_S_53a6ecfbf3.txt,verified_local,,unavailable,,missing,TIER_A,LYRICS_ONLY,train
RMVM_S_53b8a7533d,Thanh Xuân,"Andy Vũ, Phaos, Lăng LD",ART_8fcb89b222,POP_BALLAD,deterministic_mapping,1.0,,,unavailable,data/lyrics/RMVM_S_53b8a7533d.txt,verified_local,data/covers/RMVM_S_53b8a7533d.jpg,verified_local,,missing,TIER_A,LYRICS_COVER,train
RMVM_S_53c0c43976,Nghe Tôi Gia Đình Rồi Phải Khác,Nguyên Thanh Phong,ART_a3eab0c3af,POP_BALLAD,deterministic_mapping,1.0,,,unavailable,data/lyrics/RMVM_S_53c0c43976.txt,verified_local,data/covers/RMVM_S_53c0c43976.jpg,verified_local,,missing,TIER_A,LYRICS_COVER,train
RMVM_S_53c7b037d3,Giọt Sầu Trinh Nữ,Mai Thiên Vân,ART_24d0551951,INSTRUMENTAL,source_tag_verification,0.85,,,unavailable,data/lyrics/RMVM_S_53c7b037d3.txt,verified_local,,unavailable,,missing,TIER_B,LYRICS_ONLY,train
RMVM_S_5413b6bda8,Em Đang Ở Đâu Đấy (Cover),Thái Quỳnh,ART_b7deac8c97,POP_BALLAD,deterministic_mapping,1.0,,,unavailable,data/lyrics/RMVM_S_5413b6bda8.txt,verified_local,data/covers/RMVM_S_5413b6bda8.jpg,verified_local,,missing,TIER_A,LYRICS_COVER,train
RMVM_S_541533ff2f,Có Hẹn Với Hạnh Phúc,Ái Phương,ART_21e0c66239,POP_BALLAD,deterministic_mapping,1.0,,,unavailable,data/lyrics/RMVM_S_541533ff2f.txt,verified_local,,unavailable,,missing,TIER_A,LYRICS_ONLY,train
RMVM_S_541b88d590,Bao Giờ Biết Tương Tư (Remix),Quách Tuấn Du,ART_9485266b7d,POP_BALLAD,deterministic_mapping,1.0,,,unavailable,data/lyrics/RMVM_S_541b88d590.txt,verified_local,,unavailable,,missing,TIER_A,LYRICS_ONLY,train
RMVM_S_5426f2e895,Chia Tay Em Nhé,La Hoàng Phúc,ART_7c781f1eaf,POP_BALLAD,deterministic_mapping,1.0,,,unavailable,,unavailable,data/covers/RMVM_S_5426f2e895.jpg,verified_local,,missing,TIER_A,COVER_ONLY,train
RMVM_S_5451f9c80b,Anh Chẳng Thể Yêu Em,Hà,ART_34237ec1e0,POP_BALLAD,deterministic_mapping,1.0,,,unavailable,data/lyrics/RMVM_S_5451f9c80b.txt,verified_local,,unavailable,,missing,TIER_A,LYRICS_ONLY,train
RMVM_S_5485c934dd,Nụ Hôn Đầu Nợ Anh,Bùi Tuyết Mai,ART_ee032ff0d2,BOLERO_TRUTINH,deterministic_mapping,1.0,,,unavailable,data/lyrics/RMVM_S_5485c934dd.txt,verified_local,,unavailable,,missing,TIER_A,LYRICS_ONLY,train
RMVM_S_548c909f05,Có Sao Cũng Đành (Remix Version),DatKaa,ART_28dc7fe15b,POP_BALLAD,deterministic_mapping,1.0,,,unavailable,data/lyrics/RMVM_S_548c909f05.txt,verified_local,,unavailable,,missing,TIER_A,LYRICS_ONLY,train
RMVM_S_549f3af1ef,Bài Không Tên Số 12 - Bên Nhau Chiều Gió Lộng,Trường Kha,ART_abe0f2439b,BOLERO_TRUTINH,deterministic_mapping,1.0,,,unavailable,data/lyrics/RMVM_S_549f3af1ef.txt,verified_local,,unavailable,,missing,TIER_A,LYRICS_ONLY,train
RMVM_S_54abd203cc,Trắng Tay,Chí Thành Danh,ART_e302e93612,POP_BALLAD,deterministic_mapping,1.0,,,unavailable,data/lyrics/RMVM_S_54abd203cc.txt,verified_local,,unavailable,,missing,TIER_A,LYRICS_ONLY,train
RMVM_S_54c34d41be,Lỗi Hẹn Cùng Trăng,"Phi Bằng, Dạ Thảo My",ART_b4970f7d9a,BOLERO_TRUTINH,deterministic_mapping,1.0,,,unavailable,data/lyrics/RMVM_S_54c34d41be.txt,verified_local,,unavailable,,missing,TIER_A,LYRICS_ONLY,train
RMVM_S_55025b9e34,Chuyện Người Ngậm Ngãi Tìm Trầm,Thu Cúc,ART_df594c91bb,BOLERO_TRUTINH,deterministic_mapping,1.0,,,unavailable,data/lyrics/RMVM_S_55025b9e34.txt,verified_local,,unavailable,,missing,TIER_A,LYRICS_ONLY,train
RMVM_S_5542b22f72,Phải Lòng Anh,MIN,ART_d8bd79cc13,POP_BALLAD,deterministic_mapping,1.0,,,unavailable,data/lyrics/RMVM_S_5542b22f72.txt,verified_local,,unavailable,,missing,TIER_A,LYRICS_ONLY,train
RMVM_S_555a8840fd,Như Ngày Chưa Yêu,Linh Lê,ART_c74ab29fc4,POP_BALLAD,deterministic_mapping,1.0,,,unavailable,data/lyrics/RMVM_S_555a8840fd.txt,verified_local,,unavailable,,missing,TIER_A,LYRICS_ONLY,train
RMVM_S_5570d1b978,Lỗi Lầm Của Con,Lâm Bảo Phi,ART_a455c80bfc,BOLERO_TRUTINH,deterministic_mapping,1.0,,,unavailable,data/lyrics/RMVM_S_5570d1b978.txt,verified_local,data/covers/RMVM_S_5570d1b978.jpg,verified_local,,missing,TIER_A,LYRICS_COVER,train
RMVM_S_55796e184e,Chốt Em Được Không,"Đỗ Thành Duy, NH4T",ART_f1717a856a,POP_BALLAD,deterministic_mapping,1.0,,,unavailable,data/lyrics/RMVM_S_55796e184e.txt,verified_local,,unavailable,,missing,TIER_A,LYRICS_ONLY,train
RMVM_S_55bf67162e,Em Là Người Yêu Cũ,Hoàng Đăng Thanh,ART_6ee96e93ce,POP_BALLAD,deterministic_mapping,1.0,,,unavailable,data/lyrics/RMVM_S_55bf67162e.txt,verified_local,,unavailable,,missing,TIER_A,LYRICS_ONLY,train
RMVM_S_55c16bc708,Anh Biết Anh Đang Sai,"Hazel, Minh Vũ",ART_e2f8eae1d0,RAP_HIPHOP,deterministic_mapping,1.0,,,unavailable,data/lyrics/RMVM_S_55c16bc708.txt,verified_local,,unavailable,,missing,TIER_A,LYRICS_ONLY,train
RMVM_S_55d32ce01b,Cánh Chim Cùng Gió,"Hustlang Heily, Hustlang HBo",ART_3ff0bf7e80,RAP_HIPHOP,deterministic_mapping,1.0,,,unavailable,data/lyrics/RMVM_S_55d32ce01b.txt,verified_local,,unavailable,,missing,TIER_A,LYRICS_ONLY,train
RMVM_S_55da9cd113,Bạc Liêu Quê Mình,Kim Linh,ART_e4bd38b781,BOLERO_TRUTINH,deterministic_mapping,1.0,,,unavailable,data/lyrics/RMVM_S_55da9cd113.txt,verified_local,,unavailable,,missing,TIER_A,LYRICS_ONLY,train
RMVM_S_55faae7cc9,Hãy Đàn Lên,Phương Thảo,ART_a2d5402d30,POP_BALLAD,deterministic_mapping,1.0,,,unavailable,data/lyrics/RMVM_S_55faae7cc9.txt,verified_local,,unavailable,,missing,TIER_A,LYRICS_ONLY,train
RMVM_S_560057b0f3,Cười Cho Qua Kiếp Người,Phi Bằng,ART_7111f18e6a,BOLERO_TRUTINH,deterministic_mapping,1.0,,,unavailable,data/lyrics/RMVM_S_560057b0f3.txt,verified_local,,unavailable,,missing,TIER_A,LYRICS_ONLY,train
RMVM_S_5630408f3e,LK Ngày Tạm Biệt - Ðèn Khuya - Tiễn NgườI Ði,"Mỹ Lan, Phương Loan, Ngọc Thúy",ART_d866356edd,BOLERO_TRUTINH,deterministic_mapping,1.0,,,unavailable,data/lyrics/RMVM_S_5630408f3e.txt,verified_local,,unavailable,,missing,TIER_A,LYRICS_ONLY,train
RMVM_S_5640f62337,Dòng Thư Không Hồi Âm,Trung Nghĩa,ART_40c879c33a,BOLERO_TRUTINH,deterministic_mapping,1.0,,,unavailable,data/lyrics/RMVM_S_5640f62337.txt,verified_local,data/covers/RMVM_S_5640f62337.jpg,verified_local,,missing,TIER_A,LYRICS_COVER,train
RMVM_S_5678d205ed,Điều Kỳ Lạ Của Em,Thủy Tiên,ART_e38c9f3061,BOLERO_TRUTINH,deterministic_mapping,1.0,,,unavailable,data/lyrics/RMVM_S_5678d205ed.txt,verified_local,,unavailable,,missing,TIER_A,LYRICS_ONLY,train
RMVM_S_5694596c86,Ngày Anh Buồn Nhất,"Đạt PT, Quân Táo, MVN",ART_fe57afe9d1,POP_BALLAD,deterministic_mapping,1.0,,,unavailable,data/lyrics/RMVM_S_5694596c86.txt,verified_local,,unavailable,,missing,TIER_A,LYRICS_ONLY,train
RMVM_S_56af27ec33,Lỗi Của Anh (Beat),La Thăng New,ART_78e058647e,POP_BALLAD,deterministic_mapping,1.0,,,unavailable,data/lyrics/RMVM_S_56af27ec33.txt,verified_local,,unavailable,,missing,TIER_A,LYRICS_ONLY,train
RMVM_S_56afc761cf,Còn Nhớ Tên Em,Minh Tuyết,ART_729a36465f,POP_BALLAD,deterministic_mapping,0.85,,,unavailable,,unavailable,,unavailable,,missing,TIER_B,METADATA_ONLY,train
RMVM_S_56c1d04e5c,Ta Lại Yêu Nhau,Hàn Khởi,ART_d1b7df0d7e,POP_BALLAD,deterministic_mapping,1.0,,,unavailable,data/lyrics/RMVM_S_56c1d04e5c.txt,verified_local,,unavailable,,missing,TIER_A,LYRICS_ONLY,train
RMVM_S_56cff1a6d4,Búp bê bị hư,Dương Hiếu Nghĩa,ART_a06865efa3,POP_BALLAD,deterministic_mapping,1.0,,,unavailable,data/lyrics/RMVM_S_56cff1a6d4.txt,verified_local,,unavailable,,missing,TIER_A,LYRICS_ONLY,train
RMVM_S_56d988025f,Mấy Ai Bằng Anh,Keyo,ART_9251fbe5e0,POP_BALLAD,deterministic_mapping,1.0,,,unavailable,data/lyrics/RMVM_S_56d988025f.txt,verified_local,,unavailable,,missing,TIER_A,LYRICS_ONLY,train
RMVM_S_56f3e81eb0,Muôn Thuở Tình Đau,Dương Hồng Loan,ART_ef4a4d3768,BOLERO_TRUTINH,deterministic_mapping,1.0,,,unavailable,data/lyrics/RMVM_S_56f3e81eb0.txt,verified_local,,unavailable,,missing,TIER_A,LYRICS_ONLY,train
RMVM_S_56fa5a3511,Đau Xót Lý Mồ Côi,Dương Nghi Đình,ART_e16e18b912,BOLERO_TRUTINH,deterministic_mapping,1.0,,,unavailable,data/lyrics/RMVM_S_56fa5a3511.txt,verified_local,,unavailable,,missing,TIER_A,LYRICS_ONLY,train
RMVM_S_5711873782,Ai Về Quảng Ngãi,Lâm Chu Min,ART_072d82813c,BOLERO_TRUTINH,deterministic_mapping,1.0,,,unavailable,data/lyrics/RMVM_S_5711873782.txt,verified_local,,unavailable,,missing,TIER_A,LYRICS_ONLY,train
RMVM_S_5712a66770,Chợt Nhớ Hơn Bao Giờ,Loan Châu,ART_330a874d37,BOLERO_TRUTINH,deterministic_mapping,1.0,,,unavailable,data/lyrics/RMVM_S_5712a66770.txt,verified_local,,unavailable,,missing,TIER_A,LYRICS_ONLY,train
RMVM_S_57169875be,Anh Đã Cố Gắng,Dương Vỹ Phúc,ART_5700e3e297,POP_BALLAD,deterministic_mapping,1.0,,,unavailable,data/lyrics/RMVM_S_57169875be.txt,verified_local,,unavailable,,missing,TIER_A,LYRICS_ONLY,train
RMVM_S_5738f56aa3,Hỷ Nộ Ái Ố Kiếp Người,Dương Hồng Loan,ART_ef4a4d3768,BOLERO_TRUTINH,deterministic_mapping,1.0,,,unavailable,data/lyrics/RMVM_S_5738f56aa3.txt,verified_local,,unavailable,,missing,TIER_A,LYRICS_ONLY,train
RMVM_S_5789740573,Liên Khúc Tình Duyên Chẳng Nợ,Hoàng Lâm,ART_d8de3ca976,POP_BALLAD,deterministic_mapping,1.0,,,unavailable,,unavailable,data/covers/RMVM_S_5789740573.jpg,verified_local,,missing,TIER_A,COVER_ONLY,train
RMVM_S_57a05240fa,Thân Phận Tù Nhân (Beat),Tào Lữ Phụ,ART_e24089fa98,POP_BALLAD,deterministic_mapping,1.0,,,unavailable,data/lyrics/RMVM_S_57a05240fa.txt,verified_local,,unavailable,,missing,TIER_A,LYRICS_ONLY,train
RMVM_S_57e211f474,Trọc Đầu Không Hiểu Vì Đâu,Dật Hanh,ART_b47c0bc733,POP_BALLAD,deterministic_mapping,1.0,,,unavailable,data/lyrics/RMVM_S_57e211f474.txt,verified_local,,unavailable,,missing,TIER_A,LYRICS_ONLY,train
RMVM_S_57e6e79cdc,Anh Muốn Đặt Tên Em Cho Bài Hát Này,nighTy,ART_7054c1eeda,POP_BALLAD,deterministic_mapping,1.0,,,unavailable,data/lyrics/RMVM_S_57e6e79cdc.txt,verified_local,,unavailable,,missing,TIER_A,LYRICS_ONLY,train
RMVM_S_57edf86ddf,Hát Lời Mẹ Ru,Randy,ART_163218e536,BOLERO_TRUTINH,deterministic_mapping,1.0,,,unavailable,data/lyrics/RMVM_S_57edf86ddf.txt,verified_local,,unavailable,,missing,TIER_A,LYRICS_ONLY,train
RMVM_S_57f76bbeed,Liên Khúc Mưa Nhớ Em - Tả Tơi Chữ Đời,Mỹ Nhung,ART_1a486c4713,POP_BALLAD,deterministic_mapping,1.0,,,unavailable,,unavailable,data/covers/RMVM_S_57f76bbeed.jpg,verified_local,,missing,TIER_A,COVER_ONLY,train
RMVM_S_57f7dd440c,Anh Mong Mình Về Với Nhau,"Melomix, Phạm Lê Yến Nhi",ART_998e455e9c,POP_BALLAD,deterministic_mapping,0.85,,,unavailable,,unavailable,,unavailable,,missing,TIER_B,METADATA_ONLY,train
RMVM_S_57fad7bf55,Liên Khúc Nhớ Người Yêu,"Lưu Chí Vỹ, Lưu Ánh Loan",ART_6aa6f40497,BOLERO_TRUTINH,deterministic_mapping,1.0,,,unavailable,data/lyrics/RMVM_S_57fad7bf55.txt,verified_local,,unavailable,,missing,TIER_A,LYRICS_ONLY,train
RMVM_S_57fb73649c,Chỉ Khi Anh Một Mình,"Vũ Duy Khánh, Đạt G",ART_f5397f9aa6,POP_BALLAD,deterministic_mapping,1.0,,,unavailable,data/lyrics/RMVM_S_57fb73649c.txt,verified_local,data/covers/RMVM_S_57fb73649c.jpg,verified_local,,missing,TIER_A,LYRICS_COVER,train
RMVM_S_57fbbe87e1,Chiếc Cầu Chiều Mưa,"Ngọc Sơn, Hương Lan",ART_a26c3c17c2,FOLK_TRADITIONAL,artist_discography_verification,0.85,,,unavailable,data/lyrics/RMVM_S_57fbbe87e1.txt,verified_local,,unavailable,,missing,TIER_B,LYRICS_ONLY,train
RMVM_S_580d258014,Đánh Mất Niềm Vui,Vân Khánh,ART_fdc4292814,FOLK_TRADITIONAL,artist_discography_verification,0.85,,,unavailable,data/lyrics/RMVM_S_580d258014.txt,verified_local,,unavailable,,missing,TIER_B,LYRICS_ONLY,train
RMVM_S_58248642bc,Chỉ Còn Một Mình Em,Hoàng Linh Anh,ART_c2897c3f2b,POP_BALLAD,deterministic_mapping,1.0,,,unavailable,data/lyrics/RMVM_S_58248642bc.txt,verified_local,,unavailable,,missing,TIER_A,LYRICS_ONLY,train
RMVM_S_5831e9a35a,Tuyết Yêu Thương (Lofi),Kiều Thơ Mellow,ART_f804208731,POP_BALLAD,deterministic_mapping,1.0,,,unavailable,data/lyrics/RMVM_S_5831e9a35a.txt,verified_local,,unavailable,,missing,TIER_A,LYRICS_ONLY,train
RMVM_S_5848cc0740,Kẻ Đa Tình,Hoàng Minh Thắng,ART_8de2974414,BOLERO_TRUTINH,deterministic_mapping,1.0,,,unavailable,data/lyrics/RMVM_S_5848cc0740.txt,verified_local,,unavailable,,missing,TIER_A,LYRICS_ONLY,train
RMVM_S_5860e12bfd,Bình Yên (Disco Remix),Minz,ART_edaeb294d2,POP_BALLAD,deterministic_mapping,1.0,,,unavailable,data/lyrics/RMVM_S_5860e12bfd.txt,verified_local,data/covers/RMVM_S_5860e12bfd.jpg,verified_local,,missing,TIER_A,LYRICS_COVER,train
RMVM_S_5869211b4a,Một Tay Ôm Em,Bạch Công Khanh,ART_4699a16cc7,POP_BALLAD,deterministic_mapping,1.0,,,unavailable,data/lyrics/RMVM_S_5869211b4a.txt,verified_local,,unavailable,,missing,TIER_A,LYRICS_ONLY,train
RMVM_S_586e744963,tell his dream - hay ke giac mo cua anh,N2 MUSIC,ART_13c76e7ae3,RAP_HIPHOP,deterministic_mapping,1.0,,,unavailable,,unavailable,data/covers/RMVM_S_586e744963.jpg,verified_local,,missing,TIER_A,COVER_ONLY,train
RMVM_S_5872251864,Con Không Một Mình,Bá Vương,ART_17c84fe28f,POP_BALLAD,deterministic_mapping,1.0,,,unavailable,data/lyrics/RMVM_S_5872251864.txt,verified_local,,unavailable,,missing,TIER_A,LYRICS_ONLY,train
RMVM_S_5887a092e6,Thanh Xuân Cho Em,Nhiều nghệ sĩ,ART_736b531937,POP_BALLAD,deterministic_mapping,1.0,,,unavailable,data/lyrics/RMVM_S_5887a092e6.txt,verified_local,,unavailable,,missing,TIER_A,LYRICS_ONLY,train
RMVM_S_5888b5bbe3,Có Đường Tắt Nào?,MEZZO,ART_dd59fe7061,POP_BALLAD,deterministic_mapping,1.0,,,unavailable,data/lyrics/RMVM_S_5888b5bbe3.txt,verified_local,,unavailable,,missing,TIER_A,LYRICS_ONLY,train
RMVM_S_58e7204946,"ANH EM GỌI LÀ CÓ MẶT NGAY (feat. Đức Phúc, CAPTAIN, Quân A.P & Anh Tú) (Nhiều nghệ sĩ)","Lời bài hát, tải nhạc Zing MP3",ART_ac84d0e8b1,POP_BALLAD,deterministic_mapping,1.0,,,unavailable,,unavailable,data/covers/RMVM_S_58e7204946.jpg,verified_local,,missing,TIER_A,COVER_ONLY,train
RMVM_S_59012359a4,Nơi Gọi Là Quá Khứ,Aries,ART_a482921766,POP_BALLAD,deterministic_mapping,1.0,,,unavailable,data/lyrics/RMVM_S_59012359a4.txt,verified_local,data/covers/RMVM_S_59012359a4.jpg,verified_local,,missing,TIER_A,LYRICS_COVER,train
RMVM_S_590e144ad6,Liên Khúc Con Đường Xưa Em Đi,"Khánh Bình, Lý Thu Thảo",ART_7e02a9633e,BOLERO_TRUTINH,deterministic_mapping,1.0,,,unavailable,data/lyrics/RMVM_S_590e144ad6.txt,verified_local,,unavailable,,missing,TIER_A,LYRICS_ONLY,train
RMVM_S_591375270f,LK Hát Với Dòng Sông - Đừng Xa Em Nhé,Đinh Bảo Yến,ART_882116d504,POP_BALLAD,deterministic_mapping,1.0,,,unavailable,,unavailable,data/covers/RMVM_S_591375270f.jpg,verified_local,,missing,TIER_A,COVER_ONLY,train
RMVM_S_59282448cd,Hiếm Có Khó Tìm,"JSOL, Han Sara",ART_26eb3f676d,POP_BALLAD,deterministic_mapping,1.0,,,unavailable,data/lyrics/RMVM_S_59282448cd.txt,verified_local,,unavailable,,missing,TIER_A,LYRICS_ONLY,train
RMVM_S_5937184efe,Bài Dành Cho Em (Speed Up Version),"Vin Quốc Anh, BMZ",ART_3a0a3976fa,DANCE_EDM,deterministic_mapping,1.0,,,unavailable,data/lyrics/RMVM_S_5937184efe.txt,verified_local,,unavailable,,missing,TIER_A,LYRICS_ONLY,train
RMVM_S_594e6af1f9,Gieo Tương Tư,"Tô Minh, Hào Năng",ART_d8b108bc46,POP_BALLAD,deterministic_mapping,1.0,,,unavailable,data/lyrics/RMVM_S_594e6af1f9.txt,verified_local,,unavailable,,missing,TIER_A,LYRICS_ONLY,train
RMVM_S_596bc69bcc,Chúng Con Mãi Nhớ Ơn Thầy,Trịnh Nam Phương,ART_5da6f1164f,OTHER,curated_out_of_taxonomy,0.9,Religious / Sacred spiritual Vietnamese music,,unavailable,,unavailable,data/covers/RMVM_S_596bc69bcc.jpg,verified_local,,missing,TIER_B,COVER_ONLY,train
RMVM_S_5982711a1d,Joy To The World ( Chúc Mừng Cho Thế Giới),Tam Ca Áo Trắng,ART_69e71e0958,POP_BALLAD,deterministic_mapping,1.0,,,unavailable,data/lyrics/RMVM_S_5982711a1d.txt,verified_local,,unavailable,,missing,TIER_A,LYRICS_ONLY,train
RMVM_S_59b3e9b2ab,Người Cô Đơn Lại Càng Cô Đơn,Bằng Cường,ART_92092d6cfb,POP_BALLAD,deterministic_mapping,1.0,,,unavailable,data/lyrics/RMVM_S_59b3e9b2ab.txt,verified_local,,unavailable,,missing,TIER_A,LYRICS_ONLY,train
RMVM_S_59b7347713,Dù Chỉ Là Phút Giây,Tâm Đoan,ART_cfa251c242,INSTRUMENTAL,source_tag_verification,0.85,,,unavailable,data/lyrics/RMVM_S_59b7347713.txt,verified_local,,unavailable,,missing,TIER_B,LYRICS_ONLY,train
RMVM_S_59c283d917,Cô Ta Luôn Đúng (feat. Dani D),Nie,ART_d8bd8e4fa4,POP_BALLAD,deterministic_mapping,1.0,,,unavailable,data/lyrics/RMVM_S_59c283d917.txt,verified_local,,unavailable,,missing,TIER_A,LYRICS_ONLY,train
RMVM_S_59d42cb931,Khi Trở Lại Trường Cũ,Ánh Tuyết,ART_d72564b10f,POP_BALLAD,deterministic_mapping,1.0,,,unavailable,data/lyrics/RMVM_S_59d42cb931.txt,verified_local,,unavailable,,missing,TIER_A,LYRICS_ONLY,train
RMVM_S_59ed55c464,Buồn Thương Sáo Sậu (New Version),"Danh Vũ Linh, G ONE, Phàm TN",ART_9fb5333c17,POP_BALLAD,deterministic_mapping,1.0,,,unavailable,data/lyrics/RMVM_S_59ed55c464.txt,verified_local,,unavailable,,missing,TIER_A,LYRICS_ONLY,train
RMVM_S_59fc47d76a,Tình Yêu Cao Thượng 2 (Live Version),Hamlet Trương,ART_4b476adef5,POP_BALLAD,deterministic_mapping,1.0,,,unavailable,data/lyrics/RMVM_S_59fc47d76a.txt,verified_local,,unavailable,,missing,TIER_A,LYRICS_ONLY,train
RMVM_S_5a42115930,Anh Sẽ Cố Gắng Quên Em,Nguyễn Bảo Linh,ART_310be3a81c,POP_BALLAD,deterministic_mapping,1.0,,,unavailable,data/lyrics/RMVM_S_5a42115930.txt,verified_local,,unavailable,,missing,TIER_A,LYRICS_ONLY,train
RMVM_S_5a42a32e46,Anh Em Mình Mà (Remix Version),"Khánh Trần Rio, DJ Nhật Nguyễn",ART_286f49403c,DANCE_EDM,deterministic_mapping,1.0,,,unavailable,data/lyrics/RMVM_S_5a42a32e46.txt,verified_local,,unavailable,,missing,TIER_A,LYRICS_ONLY,train
RMVM_S_5a4426d0c6,Nhớ Đến Mệt Rồi,Lâm Chấn Khang,ART_6f8a404572,POP_BALLAD,deterministic_mapping,0.85,,,unavailable,,unavailable,,unavailable,,missing,TIER_B,METADATA_ONLY,train
RMVM_S_5a9b2b1343,Anh Em Chí Cốt,Tô Gia Tuấn,ART_f10bd9c241,POP_BALLAD,deterministic_mapping,1.0,,,unavailable,data/lyrics/RMVM_S_5a9b2b1343.txt,verified_local,,unavailable,,missing,TIER_A,LYRICS_ONLY,train
RMVM_S_5a9e015af1,Giá Như Anh Ở Đây,"Đỗ Lê Hồng Nhung, NovP",ART_9d10d4128b,POP_BALLAD,deterministic_mapping,1.0,,,unavailable,data/lyrics/RMVM_S_5a9e015af1.txt,verified_local,,unavailable,,missing,TIER_A,LYRICS_ONLY,train
RMVM_S_5aa051157c,Buồn Một Chút Thôi Em Ơi,Diệu Đan,ART_cdeaf1410d,OTHER,curated_out_of_taxonomy,0.9,Religious / Sacred spiritual Vietnamese music,,unavailable,,unavailable,,unavailable,,missing,TIER_B,METADATA_ONLY,train
RMVM_S_5aa119d356,"Ngày Ấy, Tháng Ấy, Năm Ấy",Kim Ny Ngọc,ART_33f93ac48f,POP_BALLAD,deterministic_mapping,1.0,,,unavailable,data/lyrics/RMVM_S_5aa119d356.txt,verified_local,,unavailable,,missing,TIER_A,LYRICS_ONLY,train
RMVM_S_5ab315adca,Độc Bước Đời Ta,Tính Đỗ,ART_8496257a04,BOLERO_TRUTINH,deterministic_mapping,1.0,,,unavailable,,unavailable,data/covers/RMVM_S_5ab315adca.jpg,verified_local,,missing,TIER_A,COVER_ONLY,train
RMVM_S_5ae41acb6a,Anh Nắm Tay Em Buông Tay,Triều Hải,ART_9b4b447367,POP_BALLAD,deterministic_mapping,1.0,,,unavailable,data/lyrics/RMVM_S_5ae41acb6a.txt,verified_local,,unavailable,,missing,TIER_A,LYRICS_ONLY,train
RMVM_S_5ae642fedf,Sao Đỏ Bị Chơi Xỏ,"Đào Nguyễn Ánh, Trần Hiếu Trung, Cua Mề",ART_0f718efc4e,POP_BALLAD,deterministic_mapping,1.0,,,unavailable,data/lyrics/RMVM_S_5ae642fedf.txt,verified_local,,unavailable,,missing,TIER_A,LYRICS_ONLY,train
RMVM_S_5aee49a71c,Em Là Ai Trên Con Đường Anh Đi,Nguyên Khánh,ART_fae2f55604,POP_BALLAD,deterministic_mapping,1.0,,,unavailable,,unavailable,data/covers/RMVM_S_5aee49a71c.jpg,verified_local,,missing,TIER_A,COVER_ONLY,train
RMVM_S_5b02335e47,Anh Có Thể Đừng Rời Xa Em Được Không (Remix),Thiên Tú,ART_b0af0bf20e,POP_BALLAD,deterministic_mapping,1.0,,,unavailable,data/lyrics/RMVM_S_5b02335e47.txt,verified_local,,unavailable,,missing,TIER_A,LYRICS_ONLY,train
RMVM_S_5b0cad7a7e,ĐÔI TA LÀ GÌ,"Tôn Hồ Anh, O.lew",ART_103e93c624,POP_BALLAD,deterministic_mapping,1.0,,,unavailable,data/lyrics/RMVM_S_5b0cad7a7e.txt,verified_local,,unavailable,,missing,TIER_A,LYRICS_ONLY,train
RMVM_S_5b1d002527,Câu Chuyện Bỏ Lỡ,"AXC, Lâm hà",ART_3cfbeb3993,POP_BALLAD,deterministic_mapping,1.0,,,unavailable,data/lyrics/RMVM_S_5b1d002527.txt,verified_local,,unavailable,,missing,TIER_A,LYRICS_ONLY,train
RMVM_S_5b25b07c0f,Yêu Anh Dài Lâu,Thanh Thảo,ART_27d4425bab,POP_BALLAD,deterministic_mapping,1.0,,,unavailable,data/lyrics/RMVM_S_5b25b07c0f.txt,verified_local,,unavailable,,missing,TIER_A,LYRICS_ONLY,train
RMVM_S_5b43814b5c,Lại Gần Anh 1 Chút,Lập Nguyên,ART_a068721c8a,POP_BALLAD,deterministic_mapping,1.0,,,unavailable,data/lyrics/RMVM_S_5b43814b5c.txt,verified_local,,unavailable,,missing,TIER_A,LYRICS_ONLY,train
RMVM_S_5b4d81e615,Em Là Hạnh Phúc Trong Anh (Remake),Hồ Quang Hiếu,ART_7573d36bbb,POP_BALLAD,deterministic_mapping,1.0,,,unavailable,data/lyrics/RMVM_S_5b4d81e615.txt,verified_local,,unavailable,,missing,TIER_A,LYRICS_ONLY,train
RMVM_S_5b50e28a1f,Vì Anh Đã Yêu Em,Quang Dũng,ART_d0d47f53b1,POP_BALLAD,deterministic_mapping,1.0,,,unavailable,data/lyrics/RMVM_S_5b50e28a1f.txt,verified_local,,unavailable,,missing,TIER_A,LYRICS_ONLY,train
RMVM_S_5b73b9336a,Liên Khúc Nếu Anh Đừng Hẹn - Tâm Sự Với Anh,"Quân Bảo, Quỳnh Trang",ART_d8070e5c09,BOLERO_TRUTINH,deterministic_mapping,1.0,,,unavailable,data/lyrics/RMVM_S_5b73b9336a.txt,verified_local,,unavailable,,missing,TIER_A,LYRICS_ONLY,train
RMVM_S_5b7a95c84c,Giấu Kí Ức,Winno,ART_c8350b43ea,RAP_HIPHOP,deterministic_mapping,1.0,,,unavailable,data/lyrics/RMVM_S_5b7a95c84c.txt,verified_local,,unavailable,,missing,TIER_A,LYRICS_ONLY,train
RMVM_S_5b800ca74d,Anh Vẫn Không (Remix) (Thời Không Sai Lệch),Vĩnh Thuyên Kim,ART_b5e4af47bb,POP_BALLAD,deterministic_mapping,1.0,,,unavailable,data/lyrics/RMVM_S_5b800ca74d.txt,verified_local,data/covers/RMVM_S_5b800ca74d.jpg,verified_local,,missing,TIER_A,LYRICS_COVER,train
RMVM_S_5b864bf0d0,Tình Yêu Không Thể Nắm Giữ,Anh Duy,ART_418fc879e4,POP_BALLAD,deterministic_mapping,1.0,,,unavailable,data/lyrics/RMVM_S_5b864bf0d0.txt,verified_local,,unavailable,,missing,TIER_A,LYRICS_ONLY,train
RMVM_S_5ba67c68f2,Trời Sinh Voi Sinh Cỏ,Phi Nhung,ART_33de4125fc,BOLERO_TRUTINH,deterministic_mapping,0.85,,,unavailable,,unavailable,,unavailable,,missing,TIER_B,METADATA_ONLY,train
RMVM_S_5bb71b9f39,Con Rắn,Hoàng Hồng Ngọc,ART_a3e589e731,POP_BALLAD,deterministic_mapping,1.0,,,unavailable,data/lyrics/RMVM_S_5bb71b9f39.txt,verified_local,,unavailable,,missing,TIER_A,LYRICS_ONLY,train
RMVM_S_5bb8255b1f,Dĩ An Xinh Tươi Màu Nắng,Minh Trang LyLy,ART_7d94943583,POP_BALLAD,deterministic_mapping,1.0,,,unavailable,data/lyrics/RMVM_S_5bb8255b1f.txt,verified_local,,unavailable,,missing,TIER_A,LYRICS_ONLY,train
RMVM_S_5bcd2b2749,1 vòng sài gòn,B Ray,ART_ba452018e5,RAP_HIPHOP,deterministic_mapping,1.0,,,unavailable,data/lyrics/RMVM_S_5bcd2b2749.txt,verified_local,,unavailable,,missing,TIER_A,LYRICS_ONLY,train
RMVM_S_5bf688cf76,Ba Mẹ Không Đồng Ý,Đạt Mata,ART_89ba8a67f8,POP_BALLAD,deterministic_mapping,1.0,,,unavailable,data/lyrics/RMVM_S_5bf688cf76.txt,verified_local,,unavailable,,missing,TIER_A,LYRICS_ONLY,train
RMVM_S_5c00715d72,Duyên Kiếp Và Cỏ Úa,Đinh Trường,ART_b23c61eca3,POP_BALLAD,deterministic_mapping,1.0,,,unavailable,data/lyrics/RMVM_S_5c00715d72.txt,verified_local,,unavailable,,missing,TIER_A,LYRICS_ONLY,train
RMVM_S_5c0113ce1e,Anh Thấy (Interlude),Wren Evans,ART_76f842bb32,POP_BALLAD,deterministic_mapping,1.0,,,unavailable,data/lyrics/RMVM_S_5c0113ce1e.txt,verified_local,,unavailable,,missing,TIER_A,LYRICS_ONLY,train
RMVM_S_5c28f6a31e,Hãy Thắp Ánh Sáng,Khắc Triệu,ART_4b6d379a84,POP_BALLAD,deterministic_mapping,1.0,,,unavailable,data/lyrics/RMVM_S_5c28f6a31e.txt,verified_local,,unavailable,,missing,TIER_A,LYRICS_ONLY,train
RMVM_S_5c31ddec50,Bình Minh Không Còn Nhau,"Hà Vân, Hamlet Trương",ART_cbbb2180d1,POP_BALLAD,deterministic_mapping,1.0,,,unavailable,data/lyrics/RMVM_S_5c31ddec50.txt,verified_local,,unavailable,,missing,TIER_A,LYRICS_ONLY,train
RMVM_S_5c36ba7bed,Không Nói Nên Lời,Đỗ Hoàng Dương,ART_e61e7c23fe,POP_BALLAD,deterministic_mapping,1.0,,,unavailable,data/lyrics/RMVM_S_5c36ba7bed.txt,verified_local,,unavailable,,missing,TIER_A,LYRICS_ONLY,train
RMVM_S_5c381a4ead,Chiều Đông Nhớ Mẹ,Trường Sơn,ART_f60bdc9895,POP_BALLAD,deterministic_mapping,1.0,,,unavailable,data/lyrics/RMVM_S_5c381a4ead.txt,verified_local,,unavailable,,missing,TIER_A,LYRICS_ONLY,train
RMVM_S_5c4e454ac9,Cảm Giác Với Một Người Khác,Dương Triệu Vũ,ART_40c6c237c0,POP_BALLAD,deterministic_mapping,1.0,,,unavailable,data/lyrics/RMVM_S_5c4e454ac9.txt,verified_local,,unavailable,,missing,TIER_A,LYRICS_ONLY,train
RMVM_S_5c52f5dbe8,Không Còn Thương Nhớ Người Yêu,Hoàng Việt Trang,ART_8de687e775,POP_BALLAD,deterministic_mapping,1.0,,,unavailable,data/lyrics/RMVM_S_5c52f5dbe8.txt,verified_local,,unavailable,,missing,TIER_A,LYRICS_ONLY,train
RMVM_S_5c72bd6594,Hò Huế - Lý Mười Thương,Thu Hiền,ART_66084b8a1c,FOLK_TRADITIONAL,deterministic_mapping,1.0,,,unavailable,,unavailable,data/covers/RMVM_S_5c72bd6594.jpg,verified_local,,missing,TIER_A,COVER_ONLY,train
RMVM_S_5c7cd4f729,Điểm Ca Đích Nhân (Đời Nhạc Sĩ),Lâm Chấn Kiệt,ART_fc4a77b3f3,POP_BALLAD,deterministic_mapping,1.0,,,unavailable,data/lyrics/RMVM_S_5c7cd4f729.txt,verified_local,,unavailable,,missing,TIER_A,LYRICS_ONLY,train
RMVM_S_5c86b99f71,VỌNG KIM LANG (LOFI VERSION),Bùi Phi Long,ART_725ffd36a2,BOLERO_TRUTINH,deterministic_mapping,1.0,,,unavailable,data/lyrics/RMVM_S_5c86b99f71.txt,verified_local,,unavailable,,missing,TIER_A,LYRICS_ONLY,train
RMVM_S_5c872207e0,Khúc Xuân (KBTL Remix),"BeeBoss, Châu Ngọc Lan",ART_43e14dec39,POP_BALLAD,deterministic_mapping,1.0,,,unavailable,data/lyrics/RMVM_S_5c872207e0.txt,verified_local,,unavailable,,missing,TIER_A,LYRICS_ONLY,train
RMVM_S_5cd09c1c12,Đôi Môi Ngây Dại,"Hải Đăng Doo, Weeza",ART_012504f943,POP_BALLAD,deterministic_mapping,1.0,,,unavailable,data/lyrics/RMVM_S_5cd09c1c12.txt,verified_local,,unavailable,,missing,TIER_A,LYRICS_ONLY,train
RMVM_S_5ceef2d039,Giấc Mơ Hiền,Bảo Hân,ART_2c2a520f17,INSTRUMENTAL,source_tag_verification,0.85,,,unavailable,data/lyrics/RMVM_S_5ceef2d039.txt,verified_local,,unavailable,,missing,TIER_B,LYRICS_ONLY,train
RMVM_S_5d0a256521,Anh Buồn Thật Đấy,Anh Quân,ART_88e5536d3d,POP_BALLAD,deterministic_mapping,1.0,,,unavailable,data/lyrics/RMVM_S_5d0a256521.txt,verified_local,,unavailable,,missing,TIER_A,LYRICS_ONLY,train
RMVM_S_5d0f668908,Em Là Hot Girl？,"Ưng Hoàng Phúc, Chung Thương T-JO",ART_a23ef01937,POP_BALLAD,deterministic_mapping,0.85,,,unavailable,,unavailable,,unavailable,,missing,TIER_B,METADATA_ONLY,train
RMVM_S_5d0f9573b1,Chẳng Gì Là Mãi Mãi,Thành Đạt,ART_7abef207dc,POP_BALLAD,deterministic_mapping,1.0,,,unavailable,data/lyrics/RMVM_S_5d0f9573b1.txt,verified_local,,unavailable,,missing,TIER_A,LYRICS_ONLY,train
RMVM_S_5d45579040,Mùa Hè Không Độ,"NICKY, Han Sara",ART_8e86e34a70,POP_BALLAD,deterministic_mapping,1.0,,,unavailable,data/lyrics/RMVM_S_5d45579040.txt,verified_local,data/covers/RMVM_S_5d45579040.jpg,verified_local,,missing,TIER_A,LYRICS_COVER,train
RMVM_S_5d548d60fb,Anh Chưa Tin Vào Sự Thật,Kevin Tuấn,ART_226fa3ec87,POP_BALLAD,deterministic_mapping,1.0,,,unavailable,data/lyrics/RMVM_S_5d548d60fb.txt,verified_local,data/covers/RMVM_S_5d548d60fb.jpg,verified_local,,missing,TIER_A,LYRICS_COVER,train
RMVM_S_5d713a03b0,Anh Yêu Em Không Phải Chỉ Kiếp Này (Beat),Quang Mask,ART_188dceadf2,POP_BALLAD,deterministic_mapping,1.0,,,unavailable,data/lyrics/RMVM_S_5d713a03b0.txt,verified_local,,unavailable,,missing,TIER_A,LYRICS_ONLY,train
RMVM_S_5d7e480a51,Anh Thương Người Người Thương Ai (Rumba),"Mai Tiến Đạt, CT",ART_3800df12dd,POP_BALLAD,deterministic_mapping,1.0,,,unavailable,data/lyrics/RMVM_S_5d7e480a51.txt,verified_local,data/covers/RMVM_S_5d7e480a51.jpg,verified_local,,missing,TIER_A,LYRICS_COVER,train
RMVM_S_5d86c5ca00,Thuyền Hoa,"Ái Vân, Nguyễn Hưng",ART_44b9b5206d,INSTRUMENTAL,source_tag_verification,0.85,,,unavailable,data/lyrics/RMVM_S_5d86c5ca00.txt,verified_local,,unavailable,,missing,TIER_B,LYRICS_ONLY,train
RMVM_S_5d8855ad64,Bình Phước Nỗi Nhớ Gọi Tên,Trinh Phạm,ART_36d27d170a,POP_BALLAD,deterministic_mapping,1.0,,,unavailable,data/lyrics/RMVM_S_5d8855ad64.txt,verified_local,,unavailable,,missing,TIER_A,LYRICS_ONLY,train
RMVM_S_5d91c2a17b,Mashup Buồn Không Em – Nếu Em Ở Lại,Nhiều nghệ sĩ,ART_736b531937,POP_BALLAD,deterministic_mapping,1.0,,,unavailable,data/lyrics/RMVM_S_5d91c2a17b.txt,verified_local,,unavailable,,missing,TIER_A,LYRICS_ONLY,train
RMVM_S_5dbe26e519,Buồn Làm Chi Em Ơi (Ballad),Ngân Ngân,ART_4155bae4a8,POP_BALLAD,deterministic_mapping,1.0,,,unavailable,data/lyrics/RMVM_S_5dbe26e519.txt,verified_local,,unavailable,,missing,TIER_A,LYRICS_ONLY,train
RMVM_S_5dc169ed40,Em Về Với Người,Tuấn Vũ,ART_e55a028dd6,BOLERO_TRUTINH,deterministic_mapping,1.0,,,unavailable,data/lyrics/RMVM_S_5dc169ed40.txt,verified_local,,unavailable,,missing,TIER_A,LYRICS_ONLY,train
RMVM_S_5dcd3e5475,Mai Anh Đi Rồi,Gia Tiến,ART_364f2356ab,POP_BALLAD,deterministic_mapping,1.0,,,unavailable,data/lyrics/RMVM_S_5dcd3e5475.txt,verified_local,,unavailable,,missing,TIER_A,LYRICS_ONLY,train
RMVM_S_5dd6c9c607,Em Ra Đi Mùa Thu,Thu Phương,ART_4933834873,BOLERO_TRUTINH,deterministic_mapping,1.0,,,unavailable,,unavailable,data/covers/RMVM_S_5dd6c9c607.jpg,verified_local,,missing,TIER_A,COVER_ONLY,train
RMVM_S_5ddc7951b8,Độ Ta Không Độ Nàng 2,Yamix Hầu Ca,ART_049ac68f9a,POP_BALLAD,deterministic_mapping,1.0,,,unavailable,data/lyrics/RMVM_S_5ddc7951b8.txt,verified_local,,unavailable,,missing,TIER_A,LYRICS_ONLY,train
RMVM_S_5e03e73099,Tình Bạn Đẹp Nhất (TikTok Remix),"iBe Viet, BMZ",ART_41c2bf3d63,POP_BALLAD,deterministic_mapping,1.0,,,unavailable,data/lyrics/RMVM_S_5e03e73099.txt,verified_local,,unavailable,,missing,TIER_A,LYRICS_ONLY,train
RMVM_S_5e0e66623e,Cha Thấy Đau Lòng (Đắng Tình Anh Em),Lâm Chấn Huy,ART_6c383e0ed1,POP_BALLAD,deterministic_mapping,1.0,,,unavailable,data/lyrics/RMVM_S_5e0e66623e.txt,verified_local,,unavailable,,missing,TIER_A,LYRICS_ONLY,train
RMVM_S_5e1080d006,Hoa Phù Dung,RHY,ART_5348c2d67c,POP_BALLAD,deterministic_mapping,1.0,,,unavailable,data/lyrics/RMVM_S_5e1080d006.txt,verified_local,,unavailable,,missing,TIER_A,LYRICS_ONLY,train
RMVM_S_5e138acfd6,Ngày Thơ Ấu Đã Xa,Minh Thuận,ART_29f9849d59,POP_BALLAD,deterministic_mapping,1.0,,,unavailable,data/lyrics/RMVM_S_5e138acfd6.txt,verified_local,,unavailable,,missing,TIER_A,LYRICS_ONLY,train
RMVM_S_5e38a16fa4,Dõi Theo Nỗi Đau,AndyShin,ART_902cc33a81,POP_BALLAD,deterministic_mapping,1.0,,,unavailable,data/lyrics/RMVM_S_5e38a16fa4.txt,verified_local,,unavailable,,missing,TIER_A,LYRICS_ONLY,train
RMVM_S_5e3e06574e,Hãy Cho Anh Một Lần Được Yêu,Lưu Gia Bảo,ART_198f1b2afb,POP_BALLAD,deterministic_mapping,1.0,,,unavailable,data/lyrics/RMVM_S_5e3e06574e.txt,verified_local,,unavailable,,missing,TIER_A,LYRICS_ONLY,train
RMVM_S_5e9905d648,Trước Biển Với Ông,Bé Bào Ngư,ART_d278399f73,INSTRUMENTAL,deterministic_mapping,1.0,,,unavailable,data/lyrics/RMVM_S_5e9905d648.txt,verified_local,,unavailable,,missing,TIER_A,LYRICS_ONLY,train
RMVM_S_5eb90030ab,Bài Đồng Dao Của Hà,"Quốc Bảo, Nguyên Hà",ART_7ec4a9db44,POP_BALLAD,deterministic_mapping,1.0,,,unavailable,data/lyrics/RMVM_S_5eb90030ab.txt,verified_local,,unavailable,,missing,TIER_A,LYRICS_ONLY,train
RMVM_S_5ef376fe91,Điệp Khúc Mùa Xuân (Remix),Cao Tùng Huy,ART_879c1f8ca5,POP_BALLAD,deterministic_mapping,1.0,,,unavailable,,unavailable,data/covers/RMVM_S_5ef376fe91.jpg,verified_local,,missing,TIER_A,COVER_ONLY,train
RMVM_S_5f1519af32,Vì Đâu Lại Thế,Reddy,ART_3d2d73252a,POP_BALLAD,deterministic_mapping,1.0,,,unavailable,data/lyrics/RMVM_S_5f1519af32.txt,verified_local,,unavailable,,missing,TIER_A,LYRICS_ONLY,train
RMVM_S_5f1908297d,Em Có Bằng Lòng Về Quê Mẹ Cùng Anh (Remix),"Hưng Mix, Trà Panda",ART_a107ae6635,DANCE_EDM,deterministic_mapping,1.0,,,unavailable,data/lyrics/RMVM_S_5f1908297d.txt,verified_local,,unavailable,,missing,TIER_A,LYRICS_ONLY,train
RMVM_S_5f2575a7e6,Lạnh Lẽo,"Bằng Cường, Saka Trương Tuyền",ART_551c1e5288,POP_BALLAD,deterministic_mapping,1.0,,,unavailable,data/lyrics/RMVM_S_5f2575a7e6.txt,verified_local,data/covers/RMVM_S_5f2575a7e6.jpg,verified_local,,missing,TIER_A,LYRICS_COVER,train
RMVM_S_5f2d8d8726,Ngài Vẫn Ở Bên Con,Mai Thiên Vân,ART_24d0551951,INSTRUMENTAL,source_tag_verification,0.85,,,unavailable,data/lyrics/RMVM_S_5f2d8d8726.txt,verified_local,,unavailable,,missing,TIER_B,LYRICS_ONLY,train
RMVM_S_5f2ef5eda8,Thà Rằng Chia Tay,Cẩm Ly,ART_310ca7b279,POP_BALLAD,deterministic_mapping,1.0,,,unavailable,data/lyrics/RMVM_S_5f2ef5eda8.txt,verified_local,,unavailable,,missing,TIER_A,LYRICS_ONLY,train
RMVM_S_5f75c63c64,Như Hòn Bi Xanh,Xuân Mai,ART_fc7f4714c5,NHAC_TRINH,deterministic_mapping,1.0,,,unavailable,data/lyrics/RMVM_S_5f75c63c64.txt,verified_local,,unavailable,,missing,TIER_A,LYRICS_ONLY,train
RMVM_S_5f7e4b5072,Mưa Của Ký Ức,"NNA, KaWaiiBi, Kid TD",ART_902c78546e,RAP_HIPHOP,deterministic_mapping,1.0,,,unavailable,data/lyrics/RMVM_S_5f7e4b5072.txt,verified_local,,unavailable,,missing,TIER_A,LYRICS_ONLY,train
RMVM_S_5f8803b4a0,Tôi Đi Giữa Hoàng Hôn,Trần Thái Hòa,ART_1b610001da,INSTRUMENTAL,source_tag_verification,0.85,,,unavailable,data/lyrics/RMVM_S_5f8803b4a0.txt,verified_local,,unavailable,,missing,TIER_B,LYRICS_ONLY,train
RMVM_S_5fa339b6e1,Chỉ Hai Đứa Mình Thôi,Bảo Hân Bolero,ART_f69e0baf38,BOLERO_TRUTINH,deterministic_mapping,1.0,,,unavailable,data/lyrics/RMVM_S_5fa339b6e1.txt,verified_local,data/covers/RMVM_S_5fa339b6e1.jpg,verified_local,,missing,TIER_A,LYRICS_COVER,train
RMVM_S_5fae6faaa6,Ai Đến Thăm Em Đêm 30 (Xuân Phát Tài 10),"Đàm Vĩnh Hưng, Thanh Hà",ART_d877e45164,BOLERO_TRUTINH,deterministic_mapping,1.0,,,unavailable,data/lyrics/RMVM_S_5fae6faaa6.txt,verified_local,data/covers/RMVM_S_5fae6faaa6.jpg,verified_local,,missing,TIER_A,LYRICS_COVER,train
RMVM_S_5fc3cee1bf,Anh Chẳng Thể (Beat),Phạm Kỳ,ART_270438487a,POP_BALLAD,deterministic_mapping,1.0,,,unavailable,,unavailable,data/covers/RMVM_S_5fc3cee1bf.jpg,verified_local,,missing,TIER_A,COVER_ONLY,train
RMVM_S_5fda12da6c,Mối Tình Già,"Khưu Huy Vũ, Lê Như",ART_d4415c1a60,BOLERO_TRUTINH,deterministic_mapping,1.0,,,unavailable,data/lyrics/RMVM_S_5fda12da6c.txt,verified_local,,unavailable,,missing,TIER_A,LYRICS_ONLY,train
RMVM_S_5fead5cd11,Chòm Sao Trên Bầu Trời Nam Thiên Môn,Lee Phú Quý,ART_0dae860da2,POP_BALLAD,deterministic_mapping,1.0,,,unavailable,data/lyrics/RMVM_S_5fead5cd11.txt,verified_local,data/covers/RMVM_S_5fead5cd11.jpg,verified_local,,missing,TIER_A,LYRICS_COVER,train
RMVM_S_600cc43d99,Đến Khi Em Nhận Ra (Remix),Cảnh Minh,ART_13e4f6512b,POP_BALLAD,deterministic_mapping,1.0,,,unavailable,data/lyrics/RMVM_S_600cc43d99.txt,verified_local,,unavailable,,missing,TIER_A,LYRICS_ONLY,train
RMVM_S_602ac6aba3,Chút Thư Tình Của Người Lính Biển,Hoài Nam,ART_4e14e21303,REVOLUTIONARY,deterministic_mapping,1.0,,,unavailable,data/lyrics/RMVM_S_602ac6aba3.txt,verified_local,data/covers/RMVM_S_602ac6aba3.jpg,verified_local,,missing,TIER_A,LYRICS_COVER,train
RMVM_S_6063a13e2a,Tơ Hồng Tình Đã Se Duyên,Hiền Trang,ART_912300807b,FOLK_TRADITIONAL,deterministic_mapping,1.0,,,unavailable,data/lyrics/RMVM_S_6063a13e2a.txt,verified_local,,unavailable,,missing,TIER_A,LYRICS_ONLY,train
RMVM_S_6066aee130,Còn Đêm Nay Thôi,"Thế Sơn, Mỹ Huyền",ART_aed0681dd5,INSTRUMENTAL,source_tag_verification,0.85,,,unavailable,data/lyrics/RMVM_S_6066aee130.txt,verified_local,,unavailable,,missing,TIER_B,LYRICS_ONLY,train
RMVM_S_607ba1808f,Tâm Thư Cha Mẹ Gửi Cho Con,Vũ Hoàng,ART_cbaf0965d0,BOLERO_TRUTINH,deterministic_mapping,1.0,,,unavailable,data/lyrics/RMVM_S_607ba1808f.txt,verified_local,,unavailable,,missing,TIER_A,LYRICS_ONLY,train
RMVM_S_60b010ae01,Lời Dối Gian Muộn Màng,Đăng Minh,ART_28deb49048,POP_BALLAD,deterministic_mapping,1.0,,,unavailable,data/lyrics/RMVM_S_60b010ae01.txt,verified_local,,unavailable,,missing,TIER_A,LYRICS_ONLY,train
RMVM_S_60b8196a7a,Đời Phiêu Lãng,D&D,ART_f1f04e868c,POP_BALLAD,deterministic_mapping,1.0,,,unavailable,data/lyrics/RMVM_S_60b8196a7a.txt,verified_local,,unavailable,,missing,TIER_A,LYRICS_ONLY,train
RMVM_S_60e31ecab9,Cho Anh Quyền Kiêu Hãnh,Thành Đạt,ART_7abef207dc,POP_BALLAD,deterministic_mapping,1.0,,,unavailable,data/lyrics/RMVM_S_60e31ecab9.txt,verified_local,,unavailable,,missing,TIER_A,LYRICS_ONLY,train
RMVM_S_60eca8417e,Đặt Vào Tay Anh Cả Thế Giới,Thiều Bảo Trang,ART_c461836bbf,POP_BALLAD,deterministic_mapping,1.0,,,unavailable,data/lyrics/RMVM_S_60eca8417e.txt,verified_local,,unavailable,,missing,TIER_A,LYRICS_ONLY,train
RMVM_S_6112c4198f,Đau Thương Em Phải Mang,Lâm Triệu Minh,ART_8acf61bc85,POP_BALLAD,deterministic_mapping,1.0,,,unavailable,data/lyrics/RMVM_S_6112c4198f.txt,verified_local,,unavailable,,missing,TIER_A,LYRICS_ONLY,train
RMVM_S_615ea2fd29,nói em không tin (Acoustic),"14 Casper, Bon Nghiêm",ART_37689b82b3,POP_BALLAD,deterministic_mapping,1.0,,,unavailable,data/lyrics/RMVM_S_615ea2fd29.txt,verified_local,,unavailable,,missing,TIER_A,LYRICS_ONLY,train
RMVM_S_617f6652bf,Anh Đánh Rơi Em Đây Này,"Tuyến Kim, Đạt Khói",ART_412b1bf733,POP_BALLAD,deterministic_mapping,1.0,,,unavailable,data/lyrics/RMVM_S_617f6652bf.txt,verified_local,,unavailable,,missing,TIER_A,LYRICS_ONLY,train
RMVM_S_619791c87b,Ai Ngốc Hơn Anh,Lil Z,ART_236c4c9a38,POP_BALLAD,deterministic_mapping,1.0,,,unavailable,data/lyrics/RMVM_S_619791c87b.txt,verified_local,data/covers/RMVM_S_619791c87b.jpg,verified_local,,missing,TIER_A,LYRICS_COVER,train
RMVM_S_6199013231,Đêm Cuối Bên Nhau,Nhiều nghệ sĩ,ART_736b531937,BOLERO_TRUTINH,deterministic_mapping,1.0,,,unavailable,data/lyrics/RMVM_S_6199013231.txt,verified_local,,unavailable,,missing,TIER_A,LYRICS_ONLY,train
RMVM_S_61b1cc87f7,Biệt Khúc Tương Tư,Phùng Ngọc Huy,ART_dc0148a015,POP_BALLAD,deterministic_mapping,1.0,,,unavailable,data/lyrics/RMVM_S_61b1cc87f7.txt,verified_local,data/covers/RMVM_S_61b1cc87f7.jpg,verified_local,,missing,TIER_A,LYRICS_COVER,train
RMVM_S_61c1d93b3b,Cô Đơn Dành Cho Ai (Lofi Chill),"Lee Ken, Nal",ART_4931f71080,POP_BALLAD,deterministic_mapping,1.0,,,unavailable,data/lyrics/RMVM_S_61c1d93b3b.txt,verified_local,data/covers/RMVM_S_61c1d93b3b.jpg,verified_local,,missing,TIER_A,LYRICS_COVER,train
RMVM_S_61c3d69222,Dù Ta Không Cùng Nhau,Dương Minh Kiệt,ART_5e91656f2b,POP_BALLAD,deterministic_mapping,1.0,,,unavailable,data/lyrics/RMVM_S_61c3d69222.txt,verified_local,,unavailable,,missing,TIER_A,LYRICS_ONLY,train
RMVM_S_61e37a2ede,Nếu Phôi Phai Ngày Mai,"Saka Trương Tuyền, Khang Lê",ART_b7bab775d7,DANCE_EDM,deterministic_mapping,1.0,,,unavailable,data/lyrics/RMVM_S_61e37a2ede.txt,verified_local,,unavailable,,missing,TIER_A,LYRICS_ONLY,train
RMVM_S_61e8ae987c,Tìm Về Bên Chúa,Isaac Thái,ART_84028ff2d2,OTHER,curated_out_of_taxonomy,0.9,Religious / Sacred spiritual Vietnamese music,,unavailable,,unavailable,,unavailable,,missing,TIER_B,METADATA_ONLY,train
RMVM_S_61ec2a70fd,Bịt Mắt Bắt Anh,"Phí Phương Anh, RIN9, DREAMeR",ART_ed6d942533,POP_BALLAD,deterministic_mapping,1.0,,,unavailable,data/lyrics/RMVM_S_61ec2a70fd.txt,verified_local,,unavailable,,missing,TIER_A,LYRICS_ONLY,train
RMVM_S_61f4473b15,Ba Trăm Ba Mươi Ba Nhịp Yêu,Only C,ART_ca976de8a9,POP_BALLAD,deterministic_mapping,1.0,,,unavailable,data/lyrics/RMVM_S_61f4473b15.txt,verified_local,,unavailable,,missing,TIER_A,LYRICS_ONLY,train
RMVM_S_61fc1edb08,Cao Nguyên Nhớ Em,Chế Thanh,ART_d642df9cd2,BOLERO_TRUTINH,deterministic_mapping,1.0,,,unavailable,data/lyrics/RMVM_S_61fc1edb08.txt,verified_local,,unavailable,,missing,TIER_A,LYRICS_ONLY,train
RMVM_S_6209e133eb,Xin Anh Đừng,"Huyền Cadie, Lê Trần Media",ART_66f275c231,POP_BALLAD,deterministic_mapping,1.0,,,unavailable,data/lyrics/RMVM_S_6209e133eb.txt,verified_local,,unavailable,,missing,TIER_A,LYRICS_ONLY,train
RMVM_S_62135ddbab,Bọt Nước,Nguyên Vũ,ART_d4afdf558c,BOLERO_TRUTINH,deterministic_mapping,1.0,,,unavailable,data/lyrics/RMVM_S_62135ddbab.txt,verified_local,,unavailable,,missing,TIER_A,LYRICS_ONLY,train
RMVM_S_62158ea124,Khúc Xuân Tình,Triệu Minh,ART_714a311b61,POP_BALLAD,deterministic_mapping,0.85,,,unavailable,,unavailable,,unavailable,,missing,TIER_B,METADATA_ONLY,train
RMVM_S_6223098a30,Ngày Em Quay Lại,Mars Anh Tú,ART_b77a43310a,POP_BALLAD,deterministic_mapping,1.0,,,unavailable,data/lyrics/RMVM_S_6223098a30.txt,verified_local,,unavailable,,missing,TIER_A,LYRICS_ONLY,train
RMVM_S_6230cdd458,Đời Người Anh Em,"Đinh Đại Vũ, BlackBi",ART_7bc0e540c3,OTHER,curated_out_of_taxonomy,0.9,Religious / Sacred spiritual Vietnamese music,,unavailable,,unavailable,data/covers/RMVM_S_6230cdd458.jpg,verified_local,,missing,TIER_B,COVER_ONLY,train
RMVM_S_6232acb94e,Mong Nhớ Về Em,Lương Tùng Quang,ART_a9b65420c2,INSTRUMENTAL,source_tag_verification,0.85,,,unavailable,data/lyrics/RMVM_S_6232acb94e.txt,verified_local,,unavailable,,missing,TIER_B,LYRICS_ONLY,train
RMVM_S_624074d1d1,Vì Có Khi Đôi Tay,"MANBO, Laye",ART_26ef12548b,POP_BALLAD,deterministic_mapping,1.0,,,unavailable,data/lyrics/RMVM_S_624074d1d1.txt,verified_local,,unavailable,,missing,TIER_A,LYRICS_ONLY,train
RMVM_S_627f6976d7,Tình Em Tháp Mười,Ân Thiên Vỹ,ART_a7e34b8ed2,FOLK_TRADITIONAL,deterministic_mapping,1.0,,,unavailable,data/lyrics/RMVM_S_627f6976d7.txt,verified_local,,unavailable,,missing,TIER_A,LYRICS_ONLY,train
RMVM_S_6283b02dcc,Bến Phụ Con Đò,Vũ Tuấn Khang,ART_96bcadc87d,POP_BALLAD,deterministic_mapping,1.0,,,unavailable,data/lyrics/RMVM_S_6283b02dcc.txt,verified_local,,unavailable,,missing,TIER_A,LYRICS_ONLY,train
RMVM_S_6299b286a3,Chúa Tể (New Version),Bùi Công Nam,ART_69b429162b,POP_BALLAD,deterministic_mapping,1.0,,,unavailable,data/lyrics/RMVM_S_6299b286a3.txt,verified_local,,unavailable,,missing,TIER_A,LYRICS_ONLY,train
RMVM_S_6308768cfa,Đã Yêu Sao Không Chân Thành,Ngọc Liên,ART_c574883bb0,INSTRUMENTAL,source_tag_verification,0.85,,,unavailable,data/lyrics/RMVM_S_6308768cfa.txt,verified_local,,unavailable,,missing,TIER_B,LYRICS_ONLY,train
RMVM_S_63103afd2a,Ngủ Đi Anh,Bùi Tiến Thường,ART_6a7f45f408,BOLERO_TRUTINH,deterministic_mapping,1.0,,,unavailable,data/lyrics/RMVM_S_63103afd2a.txt,verified_local,,unavailable,,missing,TIER_A,LYRICS_ONLY,train
RMVM_S_632baf1ba1,Con Gái Thời Nay,"Gia Huy Singer, Phúc Vlog",ART_180fc68266,POP_BALLAD,deterministic_mapping,1.0,,,unavailable,data/lyrics/RMVM_S_632baf1ba1.txt,verified_local,,unavailable,,missing,TIER_A,LYRICS_ONLY,train
RMVM_S_6362b83754,Đau Gấp Trăm Lần (Remix),Lương Gia Hùng,ART_b70987d85c,POP_BALLAD,deterministic_mapping,1.0,,,unavailable,data/lyrics/RMVM_S_6362b83754.txt,verified_local,,unavailable,,missing,TIER_A,LYRICS_ONLY,train
RMVM_S_638c596656,Tiếc Thương Gì Nửa,"Lương Tùng Quang, Vân Quỳnh",ART_f6cadace9e,INSTRUMENTAL,source_tag_verification,0.85,,,unavailable,data/lyrics/RMVM_S_638c596656.txt,verified_local,,unavailable,,missing,TIER_B,LYRICS_ONLY,train
RMVM_S_639a837639,Một Khúc Tương Tư (Remix),Gumin,ART_a929e3d6f2,POP_BALLAD,deterministic_mapping,1.0,,,unavailable,data/lyrics/RMVM_S_639a837639.txt,verified_local,,unavailable,,missing,TIER_A,LYRICS_ONLY,train
RMVM_S_63a9b97e3d,Tuyết Rơi Mùa Hè,"Đức Vinh, Đức Hiếu",ART_031b3618c6,POP_BALLAD,deterministic_mapping,1.0,,,unavailable,data/lyrics/RMVM_S_63a9b97e3d.txt,verified_local,,unavailable,,missing,TIER_A,LYRICS_ONLY,train
RMVM_S_63e2681d1f,Khi Chọn Yêu Anh (New Version),Kim Ny Ngọc,ART_33f93ac48f,POP_BALLAD,deterministic_mapping,1.0,,,unavailable,data/lyrics/RMVM_S_63e2681d1f.txt,verified_local,,unavailable,,missing,TIER_A,LYRICS_ONLY,train
RMVM_S_63e5f53580,Giây Phút Chia Ly,Minh Trang LyLy,ART_7d94943583,POP_BALLAD,deterministic_mapping,1.0,,,unavailable,data/lyrics/RMVM_S_63e5f53580.txt,verified_local,,unavailable,,missing,TIER_A,LYRICS_ONLY,train
RMVM_S_63e60c3258,Anh thấy mình nhớ em,Tống Gia Vỹ,ART_3056dbc2e2,POP_BALLAD,deterministic_mapping,1.0,,,unavailable,data/lyrics/RMVM_S_63e60c3258.txt,verified_local,,unavailable,2011.0,verified,TIER_A,LYRICS_ONLY,train
RMVM_S_63ee518aa3,Động Phòng Hoa Chúc,"Lâm Chấn Khang, Jombie",ART_81c64f28e6,POP_BALLAD,deterministic_mapping,1.0,,,unavailable,data/lyrics/RMVM_S_63ee518aa3.txt,verified_local,,unavailable,,missing,TIER_A,LYRICS_ONLY,train
RMVM_S_63f132da89,Cô Đơn Không Đáng Sợ,Thành Sơn,ART_5ba5b5b10e,POP_BALLAD,deterministic_mapping,1.0,,,unavailable,data/lyrics/RMVM_S_63f132da89.txt,verified_local,,unavailable,,missing,TIER_A,LYRICS_ONLY,train
RMVM_S_63f174d5b8,Bạc Bẽo Đời Em,Ngọc Hân,ART_e908c009ec,BOLERO_TRUTINH,deterministic_mapping,1.0,,,unavailable,data/lyrics/RMVM_S_63f174d5b8.txt,verified_local,,unavailable,,missing,TIER_A,LYRICS_ONLY,train
RMVM_S_6437edb749,Vật Chất Và Em Đi,Khang Ty,ART_64027551ac,POP_BALLAD,deterministic_mapping,1.0,,,unavailable,data/lyrics/RMVM_S_6437edb749.txt,verified_local,,unavailable,,missing,TIER_A,LYRICS_ONLY,train
RMVM_S_643a979376,Ta Còn Thuộc Về Nhau (Cover),Hoàng Linh Anh,ART_c2897c3f2b,POP_BALLAD,deterministic_mapping,1.0,,,unavailable,data/lyrics/RMVM_S_643a979376.txt,verified_local,,unavailable,,missing,TIER_A,LYRICS_ONLY,train
RMVM_S_643d009913,LK Thất Tình,"Mạnh Đình, Trường Vũ, Mạnh Quỳnh",ART_fc8730f67e,INSTRUMENTAL,source_tag_verification,0.85,,,unavailable,data/lyrics/RMVM_S_643d009913.txt,verified_local,,unavailable,,missing,TIER_B,LYRICS_ONLY,train
RMVM_S_643e27b5d6,Ai Nhớ Chăng Ai,Bảo Hân Bolero,ART_f69e0baf38,BOLERO_TRUTINH,deterministic_mapping,0.85,,,unavailable,,unavailable,,unavailable,,missing,TIER_B,METADATA_ONLY,train
RMVM_S_6464411c23,Cô Bé U Sầu,Lam Trường,ART_758209dea4,POP_BALLAD,deterministic_mapping,1.0,,,unavailable,data/lyrics/RMVM_S_6464411c23.txt,verified_local,,unavailable,,missing,TIER_A,LYRICS_ONLY,train
RMVM_S_64a99c4f40,Dâng Mẹ Quan Thế Âm,Hoàng Tuấn Minh,ART_e8d638b680,OTHER,curated_out_of_taxonomy,0.9,Religious / Sacred spiritual Vietnamese music,,unavailable,,unavailable,,unavailable,,missing,TIER_B,METADATA_ONLY,train
RMVM_S_64b832f8f3,Đại Ca Tôi,Huỳnh Nhật Đông,ART_6c775c2940,POP_BALLAD,deterministic_mapping,1.0,,,unavailable,data/lyrics/RMVM_S_64b832f8f3.txt,verified_local,,unavailable,,missing,TIER_A,LYRICS_ONLY,train
RMVM_S_64c4014929,Cuồng Quay,"K.O.I, CM1X",ART_e0b039a631,POP_BALLAD,deterministic_mapping,1.0,,,unavailable,data/lyrics/RMVM_S_64c4014929.txt,verified_local,,unavailable,,missing,TIER_A,LYRICS_ONLY,train
RMVM_S_64ead6e4d5,Ngỡ Như Giấc Mơ,"Chu Duyên, ACV",ART_af9d7cf31f,POP_BALLAD,deterministic_mapping,1.0,,,unavailable,data/lyrics/RMVM_S_64ead6e4d5.txt,verified_local,,unavailable,,missing,TIER_A,LYRICS_ONLY,train
RMVM_S_64ed3985fc,Anh Nghĩ Em Tiếc Anh Sao,Saa,ART_8a1a17e049,POP_BALLAD,deterministic_mapping,1.0,,,unavailable,data/lyrics/RMVM_S_64ed3985fc.txt,verified_local,,unavailable,,missing,TIER_A,LYRICS_ONLY,train
RMVM_S_6545f6f7e9,Đám Cưới Của Em (Lofi Version),"Lý Tuấn Kiệt, Phát Hồ",ART_f3d1e91baa,POP_BALLAD,deterministic_mapping,1.0,,,unavailable,data/lyrics/RMVM_S_6545f6f7e9.txt,verified_local,,unavailable,,missing,TIER_A,LYRICS_ONLY,train
RMVM_S_6550c0980e,Liên Khúc Tình Yêu 2,"Thanh Ngân, Nguyên Vũ, Trương Nguyên",ART_5763fbb97c,BOLERO_TRUTINH,deterministic_mapping,1.0,,,unavailable,data/lyrics/RMVM_S_6550c0980e.txt,verified_local,data/covers/RMVM_S_6550c0980e.jpg,verified_local,,missing,TIER_A,LYRICS_COVER,train
RMVM_S_656afb6870,Hát Nữa Đi Em,Chế Thanh,ART_d642df9cd2,BOLERO_TRUTINH,deterministic_mapping,1.0,,,unavailable,data/lyrics/RMVM_S_656afb6870.txt,verified_local,,unavailable,,missing,TIER_A,LYRICS_ONLY,train
RMVM_S_656c3feeb1,Mùi Tổ Ấm,"Quân A.P, Hứa Kim Tuyền",ART_50b471f7f1,POP_BALLAD,deterministic_mapping,1.0,,,unavailable,data/lyrics/RMVM_S_656c3feeb1.txt,verified_local,,unavailable,,missing,TIER_A,LYRICS_ONLY,train
RMVM_S_65751f700a,Đêm Giao Thừa,Ánh Tuyết,ART_d72564b10f,POP_BALLAD,deterministic_mapping,0.85,,,unavailable,,unavailable,,unavailable,,missing,TIER_B,METADATA_ONLY,train
RMVM_S_65a8fad66b,Công Dã Tràng,Duy Phước,ART_3fe7900ebc,POP_BALLAD,deterministic_mapping,1.0,,,unavailable,data/lyrics/RMVM_S_65a8fad66b.txt,verified_local,,unavailable,,missing,TIER_A,LYRICS_ONLY,train
RMVM_S_65ad191b5c,Giờ Đây Con Khôn Lớn (Parody),Hoàng Hồng Quân,ART_fad8af9e99,POP_BALLAD,deterministic_mapping,1.0,,,unavailable,data/lyrics/RMVM_S_65ad191b5c.txt,verified_local,,unavailable,,missing,TIER_A,LYRICS_ONLY,train
RMVM_S_65c31b6c92,Bởi Tin Lời Thề,"BeeBoss, Tuấn Chung",ART_418aa1c982,POP_BALLAD,deterministic_mapping,0.85,,,unavailable,,unavailable,,unavailable,,missing,TIER_B,METADATA_ONLY,train
RMVM_S_65e38f4285,Bao Tiền Một Mớ Bình Yên?,"14 Casper, Bon",ART_07a4b2bed7,POP_BALLAD,deterministic_mapping,1.0,,,unavailable,data/lyrics/RMVM_S_65e38f4285.txt,verified_local,,unavailable,,missing,TIER_A,LYRICS_ONLY,train
RMVM_S_65e58b6a0a,Tết Sẻ Chia - Xuân Hạnh Phúc,"Tuyết Mai, Various Artists",ART_a7c602b130,POP_BALLAD,deterministic_mapping,1.0,,,unavailable,,unavailable,data/covers/RMVM_S_65e58b6a0a.jpg,verified_local,,missing,TIER_A,COVER_ONLY,train
RMVM_S_65eaf3fe5f,6 Cô Gái Bạn Có Thể Sẽ Hẹn Hò Ở Đại Học,Haisam,ART_befec50940,POP_BALLAD,deterministic_mapping,1.0,,,unavailable,data/lyrics/RMVM_S_65eaf3fe5f.txt,verified_local,,unavailable,,missing,TIER_A,LYRICS_ONLY,train
RMVM_S_65f9225e2a,Chiều Chiều,Long Nhật,ART_be7a07d976,BOLERO_TRUTINH,deterministic_mapping,1.0,,,unavailable,data/lyrics/RMVM_S_65f9225e2a.txt,verified_local,data/covers/RMVM_S_65f9225e2a.jpg,verified_local,,missing,TIER_A,LYRICS_COVER,train
RMVM_S_65fd92aa81,Lời Cảm Ơn Mẹ Ngọt Ngào,VMO Band,ART_630219d172,POP_BALLAD,deterministic_mapping,1.0,,,unavailable,data/lyrics/RMVM_S_65fd92aa81.txt,verified_local,,unavailable,,missing,TIER_A,LYRICS_ONLY,train
RMVM_S_660b5c4a2a,Buồn Một Chút Rồi Thôi (New Version),Chi Dân,ART_b92b6ad2df,POP_BALLAD,deterministic_mapping,1.0,,,unavailable,data/lyrics/RMVM_S_660b5c4a2a.txt,verified_local,,unavailable,,missing,TIER_A,LYRICS_ONLY,train
RMVM_S_6619d33e53,Để Gió Cuốn Đi,Đam San,ART_05ee0bde12,NHAC_TRINH,deterministic_mapping,1.0,,,unavailable,data/lyrics/RMVM_S_6619d33e53.txt,verified_local,,unavailable,,missing,TIER_A,LYRICS_ONLY,train
RMVM_S_6633f84c44,Đợi Chờ Người Dưng,Cao Thiên Vũ,ART_5a3ac2c4b1,FOLK_TRADITIONAL,deterministic_mapping,1.0,,,unavailable,data/lyrics/RMVM_S_6633f84c44.txt,verified_local,data/covers/RMVM_S_6633f84c44.jpg,verified_local,,missing,TIER_A,LYRICS_COVER,train
RMVM_S_6645225320,Baby I Love You,Đoàn Việt Phương,ART_9bdc86fea0,POP_BALLAD,deterministic_mapping,1.0,,,unavailable,data/lyrics/RMVM_S_6645225320.txt,verified_local,,unavailable,,missing,TIER_A,LYRICS_ONLY,train
RMVM_S_664775bf4b,Hạnh Phúc Trong Anh Là Em (Remix) (New Version),Hoàng Khánh Dũng,ART_de3669816e,DANCE_EDM,deterministic_mapping,1.0,,,unavailable,data/lyrics/RMVM_S_664775bf4b.txt,verified_local,,unavailable,,missing,TIER_A,LYRICS_ONLY,train
RMVM_S_664df74c6e,Dẫu Anh Không Nhìn Thấy (Cover),Nguyễn Gia Hưng,ART_9c39dfa4a8,POP_BALLAD,deterministic_mapping,1.0,,,unavailable,data/lyrics/RMVM_S_664df74c6e.txt,verified_local,,unavailable,,missing,TIER_A,LYRICS_ONLY,train
RMVM_S_6658e8f4ab,Chẳng Qua Nỗi Nhớ Vẫn Đong Đầy,Thu Thủy,ART_d19291be80,POP_BALLAD,deterministic_mapping,1.0,,,unavailable,data/lyrics/RMVM_S_6658e8f4ab.txt,verified_local,,unavailable,,missing,TIER_A,LYRICS_ONLY,train
RMVM_S_666bb00065,Giọt Café Đắng Đầu Môi,Vương Tuấn Anh,ART_fce5292017,POP_BALLAD,deterministic_mapping,1.0,,,unavailable,data/lyrics/RMVM_S_666bb00065.txt,verified_local,,unavailable,,missing,TIER_A,LYRICS_ONLY,train
RMVM_S_66b287b16f,Im Lặng Anh Mất Em,AndyShin,ART_902cc33a81,POP_BALLAD,deterministic_mapping,1.0,,,unavailable,data/lyrics/RMVM_S_66b287b16f.txt,verified_local,,unavailable,,missing,TIER_A,LYRICS_ONLY,train
RMVM_S_66bdec9730,Đò Qua Bến Sông,Mai Tiến Đạt,ART_b32a9f66e8,POP_BALLAD,deterministic_mapping,1.0,,,unavailable,data/lyrics/RMVM_S_66bdec9730.txt,verified_local,,unavailable,,missing,TIER_A,LYRICS_ONLY,train
RMVM_S_66bf33f1b1,Về Xứ Nghệ Quê Em,Tài Phúc,ART_abeb48f924,FOLK_TRADITIONAL,deterministic_mapping,1.0,,,unavailable,,unavailable,data/covers/RMVM_S_66bf33f1b1.jpg,verified_local,,missing,TIER_A,COVER_ONLY,train
RMVM_S_66cd6993c4,Hãy Sống Cùng Tình Yêu (slow version),Nhiều nghệ sĩ,ART_736b531937,INSTRUMENTAL,source_tag_verification,0.85,,,unavailable,data/lyrics/RMVM_S_66cd6993c4.txt,verified_local,,unavailable,,missing,TIER_B,LYRICS_ONLY,train
RMVM_S_66d173f8a6,Câu Chuyện Hoa Ngọc Lan,Hà Trần,ART_9cb3d907e2,POP_BALLAD,deterministic_mapping,1.0,,,unavailable,data/lyrics/RMVM_S_66d173f8a6.txt,verified_local,,unavailable,,missing,TIER_A,LYRICS_ONLY,train
RMVM_S_6705522d1d,Em Có Còn Dùng Số Này Không,Thái Đinh,ART_e357260383,POP_BALLAD,deterministic_mapping,1.0,,,unavailable,data/lyrics/RMVM_S_6705522d1d.txt,verified_local,,unavailable,,missing,TIER_A,LYRICS_ONLY,train
RMVM_S_670d48192b,Chắc Em Đã Quên Rồi (Wan Remix),"Quang Chợ Lầm, HOA HỒNG DẠI MUSIC",ART_84116e65e4,DANCE_EDM,deterministic_mapping,1.0,,,unavailable,data/lyrics/RMVM_S_670d48192b.txt,verified_local,,unavailable,,missing,TIER_A,LYRICS_ONLY,train
RMVM_S_6717d858c8,Cánh Diều Tàn Phai,"Nam Hee, Phạm Sắc Lệnh, LQ MEDIA",ART_063475c6d5,POP_BALLAD,deterministic_mapping,1.0,,,unavailable,data/lyrics/RMVM_S_6717d858c8.txt,verified_local,data/covers/RMVM_S_6717d858c8.jpg,verified_local,,missing,TIER_A,LYRICS_COVER,train
RMVM_S_671ab31fb3,Khúc Hát Dựng Xây Nông Thôn Mới,"Phan Tuấn, Hoài Tâm",ART_ef1e42afee,FOLK_TRADITIONAL,deterministic_mapping,1.0,,,unavailable,data/lyrics/RMVM_S_671ab31fb3.txt,verified_local,,unavailable,,missing,TIER_A,LYRICS_ONLY,train
RMVM_S_675081daa2,Ave Maria Trăng Từ Bi,"Mai Thiên Vân, Thiên Tôn",ART_55d0d18843,INSTRUMENTAL,source_tag_verification,0.85,,,unavailable,data/lyrics/RMVM_S_675081daa2.txt,verified_local,,unavailable,,missing,TIER_B,LYRICS_ONLY,train
RMVM_S_677485deae,Chuyện Tình Cổ Tích Nga Sơn,Lê Ngọc Thúy,ART_7318a4b7c0,FOLK_TRADITIONAL,deterministic_mapping,1.0,,,unavailable,data/lyrics/RMVM_S_677485deae.txt,verified_local,,unavailable,,missing,TIER_A,LYRICS_ONLY,train
RMVM_S_67754eb1da,em giấu,Giang Hồng Ngọc,ART_1bf81baddb,POP_BALLAD,deterministic_mapping,1.0,,,unavailable,data/lyrics/RMVM_S_67754eb1da.txt,verified_local,,unavailable,,missing,TIER_A,LYRICS_ONLY,train
RMVM_S_678631dc6f,Giấc Mơ Của Kẻ Khờ (Beat),Trương Quỳnh Anh,ART_54e2fd0501,POP_BALLAD,deterministic_mapping,0.85,,,unavailable,,unavailable,,unavailable,,missing,TIER_B,METADATA_ONLY,train
RMVM_S_679340ebc0,Anh Cần Một Bờ Vai,"Khánh Đơn, Khánh Trung",ART_b21d96a372,POP_BALLAD,deterministic_mapping,1.0,,,unavailable,data/lyrics/RMVM_S_679340ebc0.txt,verified_local,,unavailable,,missing,TIER_A,LYRICS_ONLY,train
RMVM_S_67e76f28dd,Đập Vỡ Tim Anh Cho Rồi (Remix Version),Trọng Hiếu,ART_3ae8e14c29,DANCE_EDM,deterministic_mapping,1.0,,,unavailable,data/lyrics/RMVM_S_67e76f28dd.txt,verified_local,,unavailable,,missing,TIER_A,LYRICS_ONLY,train
RMVM_S_67efbc697e,Cơn Gió Lạ,Bạch Công Khanh,ART_4699a16cc7,POP_BALLAD,deterministic_mapping,1.0,,,unavailable,,unavailable,data/covers/RMVM_S_67efbc697e.jpg,verified_local,,missing,TIER_A,COVER_ONLY,train
RMVM_S_67f960e9a4,Chỉ Anh Nghĩ,Hồng Duy,ART_49936e3eb4,POP_BALLAD,deterministic_mapping,1.0,,,unavailable,data/lyrics/RMVM_S_67f960e9a4.txt,verified_local,,unavailable,,missing,TIER_A,LYRICS_ONLY,train
RMVM_S_68137a80a8,Có Ai Đi Hoài Một Lối?,"Yến Tattoo, Quân A.P",ART_8c1e8425c9,POP_BALLAD,deterministic_mapping,1.0,,,unavailable,data/lyrics/RMVM_S_68137a80a8.txt,verified_local,,unavailable,,missing,TIER_A,LYRICS_ONLY,train
RMVM_S_6823b3634f,Cắt Đôi Nỗi Sầu,"Tăng Duy Tân, Drum7",ART_8f5cccff67,POP_BALLAD,deterministic_mapping,1.0,,,unavailable,data/lyrics/RMVM_S_6823b3634f.txt,verified_local,data/covers/RMVM_S_6823b3634f.jpg,verified_local,,missing,TIER_A,LYRICS_COVER,train
RMVM_S_682a441966,Chỉ Còn Em Thôi,"Hương Ly, Andiez",ART_611eb69048,POP_BALLAD,deterministic_mapping,1.0,,,unavailable,data/lyrics/RMVM_S_682a441966.txt,verified_local,,unavailable,,missing,TIER_A,LYRICS_ONLY,train
RMVM_S_6842a8eba4,Nói Câu Yêu Anh Đi,MEZZO,ART_dd59fe7061,POP_BALLAD,deterministic_mapping,1.0,,,unavailable,data/lyrics/RMVM_S_6842a8eba4.txt,verified_local,,unavailable,,missing,TIER_A,LYRICS_ONLY,train
RMVM_S_6848ba5ff8,Cô Mèo Đen,Linh Miu,ART_ff11934a8b,POP_BALLAD,deterministic_mapping,0.85,,,unavailable,,unavailable,,unavailable,,missing,TIER_B,METADATA_ONLY,train
RMVM_S_68777a5f30,Người Điên Biết Yêu,Trường Kha,ART_abe0f2439b,POP_BALLAD,deterministic_mapping,1.0,,,unavailable,data/lyrics/RMVM_S_68777a5f30.txt,verified_local,,unavailable,,missing,TIER_A,LYRICS_ONLY,train
RMVM_S_6898e050c4,Không Cần Phải Hứa Đâu Em (Cover) (Remix),"Đức Trọng, DJ Hải Vũ",ART_05c29fe396,POP_BALLAD,deterministic_mapping,1.0,,,unavailable,data/lyrics/RMVM_S_6898e050c4.txt,verified_local,,unavailable,,missing,TIER_A,LYRICS_ONLY,train
RMVM_S_689910c93d,Có Chó Nó Yêu Mày,Lâm Chấn Khang,ART_6f8a404572,POP_BALLAD,deterministic_mapping,0.85,,,unavailable,,unavailable,,unavailable,,missing,TIER_B,METADATA_ONLY,train
RMVM_S_689aa09db3,Cuộc tình vắng anh,Hoàng Lê Vi,ART_6a3a7d6943,POP_BALLAD,deterministic_mapping,1.0,,,unavailable,data/lyrics/RMVM_S_689aa09db3.txt,verified_local,,unavailable,,missing,TIER_A,LYRICS_ONLY,train
RMVM_S_68ae468e54,Chiếc Lá Mùa Đông,Dương Gia Khánh,ART_3422725ffd,POP_BALLAD,deterministic_mapping,1.0,,,unavailable,data/lyrics/RMVM_S_68ae468e54.txt,verified_local,,unavailable,,missing,TIER_A,LYRICS_ONLY,train
RMVM_S_68b45b3b1b,Giáng Sinh Kỷ Niệm,Don Hồ,ART_7a15955a82,INSTRUMENTAL,source_tag_verification,0.85,,,unavailable,data/lyrics/RMVM_S_68b45b3b1b.txt,verified_local,,unavailable,,missing,TIER_B,LYRICS_ONLY,train
RMVM_S_68b609a51a,Công Ơn Hùng Vương,"Ruby Bảo An, Công Quốc",ART_8705ec56b8,CHILDREN,deterministic_mapping,1.0,,,unavailable,data/lyrics/RMVM_S_68b609a51a.txt,verified_local,,unavailable,,missing,TIER_A,LYRICS_ONLY,train
RMVM_S_68f4d26390,Hoa Có Vàng Nơi Ấy,"Đình Bảo, Thanh Hà",ART_eb5288700c,INSTRUMENTAL,source_tag_verification,0.85,,,unavailable,data/lyrics/RMVM_S_68f4d26390.txt,verified_local,,unavailable,,missing,TIER_B,LYRICS_ONLY,train
RMVM_S_69180db51d,Liên Khúc Mong Em Còn Ngày Mai (Remix),Hằng Ni,ART_7c47accb35,POP_BALLAD,deterministic_mapping,1.0,,,unavailable,data/lyrics/RMVM_S_69180db51d.txt,verified_local,,unavailable,,missing,TIER_A,LYRICS_ONLY,train
RMVM_S_693038d7d7,Gửi Tình Yêu Nhỏ,Trịnh Đình Quang,ART_00eb07d1b5,POP_BALLAD,deterministic_mapping,1.0,,,unavailable,data/lyrics/RMVM_S_693038d7d7.txt,verified_local,,unavailable,,missing,TIER_A,LYRICS_ONLY,train
RMVM_S_6935fe8eda,Phượng Thắm Sân Trường,Mạnh Quỳnh,ART_d1f9e306ee,BOLERO_TRUTINH,deterministic_mapping,1.0,,,unavailable,data/lyrics/RMVM_S_6935fe8eda.txt,verified_local,,unavailable,,missing,TIER_A,LYRICS_ONLY,train
RMVM_S_693aa08fc7,Xuân Là Để Yêu,Thiều Bảo Trang,ART_c461836bbf,POP_BALLAD,deterministic_mapping,1.0,,,unavailable,,unavailable,data/covers/RMVM_S_693aa08fc7.jpg,verified_local,,missing,TIER_A,COVER_ONLY,train
RMVM_S_69534cd9dd,Chúng Ta Không Có Sau Này,Hương Tràm,ART_e920f3a510,POP_BALLAD,deterministic_mapping,1.0,,,unavailable,data/lyrics/RMVM_S_69534cd9dd.txt,verified_local,,unavailable,,missing,TIER_A,LYRICS_ONLY,train
RMVM_S_6a169bef8a,Liên Khúc Ngày Xưa Anh Nói - Bội Bạc,"Quỳnh Trang, Thiên Quang",ART_b55b7bffd3,BOLERO_TRUTINH,deterministic_mapping,1.0,,,unavailable,data/lyrics/RMVM_S_6a169bef8a.txt,verified_local,,unavailable,,missing,TIER_A,LYRICS_ONLY,train
RMVM_S_6a179edec3,Khúc Nhạc Mừng Xuân,Phi Thúy Hạnh,ART_58833257b0,POP_BALLAD,deterministic_mapping,1.0,,,unavailable,,unavailable,data/covers/RMVM_S_6a179edec3.jpg,verified_local,,missing,TIER_A,COVER_ONLY,train
RMVM_S_6a2e381bfb,Đừng Yêu Ai Quá Nhiều,"LEO, ZuongZeroEnt",ART_4873a0ac8c,POP_BALLAD,deterministic_mapping,1.0,,,unavailable,data/lyrics/RMVM_S_6a2e381bfb.txt,verified_local,data/covers/RMVM_S_6a2e381bfb.jpg,verified_local,,missing,TIER_A,LYRICS_COVER,train
RMVM_S_6a31f786eb,Chờ Em Là Hạnh Phúc (Lofi Version),Cao Sỹ Hùng,ART_e9a531336d,POP_BALLAD,deterministic_mapping,1.0,,,unavailable,,unavailable,data/covers/RMVM_S_6a31f786eb.jpg,verified_local,,missing,TIER_A,COVER_ONLY,train
RMVM_S_6a380ad5c1,Mẹ Ơi Mai Con Về,"Chí Viễn, Quỳnh Như",ART_6275e7c362,BOLERO_TRUTINH,deterministic_mapping,1.0,,,unavailable,data/lyrics/RMVM_S_6a380ad5c1.txt,verified_local,,unavailable,,missing,TIER_A,LYRICS_ONLY,train
RMVM_S_6a4da4af3c,Bản Tình Cuối,"Don Hồ, Diễm Liên",ART_a16ecf285f,INSTRUMENTAL,source_tag_verification,0.85,,,unavailable,data/lyrics/RMVM_S_6a4da4af3c.txt,verified_local,data/covers/RMVM_S_6a4da4af3c.jpg,verified_local,,missing,TIER_B,LYRICS_COVER,train
RMVM_S_6a6f250652,"LK Vì Lỡ Thương Nhau, Phận Bạc","Cẩm Loan, Kha Thi, Lâm Quang Long",ART_2fa67c5c96,BOLERO_TRUTINH,deterministic_mapping,1.0,,,unavailable,,unavailable,data/covers/RMVM_S_6a6f250652.jpg,verified_local,,missing,TIER_A,COVER_ONLY,train
RMVM_S_6a7ac9c608,Con Hứa Sẽ Về (Lofi),Lê Bảo Bình,ART_c78cc0ca7a,POP_BALLAD,deterministic_mapping,1.0,,,unavailable,data/lyrics/RMVM_S_6a7ac9c608.txt,verified_local,,unavailable,,missing,TIER_A,LYRICS_ONLY,train
RMVM_S_6a7ce00987,Chỉ Còn Lại Mình Anh,Nguyên Vũ,ART_d4afdf558c,POP_BALLAD,deterministic_mapping,1.0,,,unavailable,data/lyrics/RMVM_S_6a7ce00987.txt,verified_local,,unavailable,,missing,TIER_A,LYRICS_ONLY,train
RMVM_S_6a818f5d97,Người Yêu Không Đá,"CHOCO, The Fillin",ART_c34e8814f1,POP_BALLAD,deterministic_mapping,1.0,,,unavailable,data/lyrics/RMVM_S_6a818f5d97.txt,verified_local,data/covers/RMVM_S_6a818f5d97.jpg,verified_local,,missing,TIER_A,LYRICS_COVER,train
RMVM_S_6a873c24d8,Cháy Nhà Ra Mặt Chuột,Lộn Xộn,ART_c71d5b2b9d,POP_BALLAD,deterministic_mapping,1.0,,,unavailable,data/lyrics/RMVM_S_6a873c24d8.txt,verified_local,,unavailable,,missing,TIER_A,LYRICS_ONLY,train
RMVM_S_6a9929ce6c,Ngôi Sao May Mắn,"Khang Luân, Phi Nga",ART_2f6c760f56,POP_BALLAD,deterministic_mapping,1.0,,,unavailable,data/lyrics/RMVM_S_6a9929ce6c.txt,verified_local,,unavailable,,missing,TIER_A,LYRICS_ONLY,train
RMVM_S_6aa9a69323,Câu Chuyện Cuối Năm (Xuân Phát Tài 13),Quang Lê,ART_7e1949e8d0,POP_BALLAD,deterministic_mapping,1.0,,,unavailable,data/lyrics/RMVM_S_6aa9a69323.txt,verified_local,,unavailable,,missing,TIER_A,LYRICS_ONLY,train
RMVM_S_6ac3f3af9f,Tình Đã Phai,Lưu Bích,ART_4c4952faa8,POP_BALLAD,deterministic_mapping,1.0,,,unavailable,data/lyrics/RMVM_S_6ac3f3af9f.txt,verified_local,,unavailable,,missing,TIER_A,LYRICS_ONLY,train
RMVM_S_6ace39a4ae,Người Thương Ngược Hướng,"Minh Tường, HOA HỒNG DẠI MUSIC",ART_7b4f770100,POP_BALLAD,deterministic_mapping,1.0,,,unavailable,data/lyrics/RMVM_S_6ace39a4ae.txt,verified_local,,unavailable,,missing,TIER_A,LYRICS_ONLY,train
RMVM_S_6adbf238e7,Giết Người Anh Yêu,Hoàng Tú Minh,ART_65d7528481,BOLERO_TRUTINH,deterministic_mapping,1.0,,,unavailable,data/lyrics/RMVM_S_6adbf238e7.txt,verified_local,,unavailable,,missing,TIER_A,LYRICS_ONLY,train
RMVM_S_6ae3f41239,Bất Chợt Cơn Mưa Chiều,Nguyễn Hân,ART_0c50a69efc,POP_BALLAD,deterministic_mapping,1.0,,,unavailable,data/lyrics/RMVM_S_6ae3f41239.txt,verified_local,data/covers/RMVM_S_6ae3f41239.jpg,verified_local,,missing,TIER_A,LYRICS_COVER,train
RMVM_S_6afc822ba9,Cô Gái Sài Gòn Đi Tải Đạn,Thanh Hương,ART_ebd4f9bdbe,POP_BALLAD,deterministic_mapping,1.0,,,unavailable,,unavailable,data/covers/RMVM_S_6afc822ba9.jpg,verified_local,,missing,TIER_A,COVER_ONLY,train
RMVM_S_6b0b88a7fd,Chúng Ta Cô Đơn Nhỉ,"SG Prider, Nguyễn Hồng Giang",ART_c646d8c89e,POP_BALLAD,deterministic_mapping,1.0,,,unavailable,data/lyrics/RMVM_S_6b0b88a7fd.txt,verified_local,,unavailable,,missing,TIER_A,LYRICS_ONLY,train
RMVM_S_6b2c1b2f59,Đúng Lúc Gặp Người (Remix),Bằng Cường,ART_92092d6cfb,DANCE_EDM,deterministic_mapping,1.0,,,unavailable,data/lyrics/RMVM_S_6b2c1b2f59.txt,verified_local,,unavailable,,missing,TIER_A,LYRICS_ONLY,train
RMVM_S_6b5e0b16c9,Chỉ Mua Bằng Tiền,Vương Nam Phong,ART_f3938c00e5,POP_BALLAD,deterministic_mapping,1.0,,,unavailable,data/lyrics/RMVM_S_6b5e0b16c9.txt,verified_local,,unavailable,,missing,TIER_A,LYRICS_ONLY,train
RMVM_S_6b5ed83412,Yêu Không Cần Nói (Beat),"Tino, Bảo Uyên",ART_39d116cbf4,POP_BALLAD,deterministic_mapping,1.0,,,unavailable,data/lyrics/RMVM_S_6b5ed83412.txt,verified_local,,unavailable,,missing,TIER_A,LYRICS_ONLY,train
RMVM_S_6b6aa04bee,Cắt Ruột Lòng Đau,"Diệp Hoài Ngọc, Minh Minh",ART_545ef8d450,BOLERO_TRUTINH,deterministic_mapping,1.0,,,unavailable,data/lyrics/RMVM_S_6b6aa04bee.txt,verified_local,,unavailable,,missing,TIER_A,LYRICS_ONLY,train
RMVM_S_6b72420240,Vọng Kim Lang & Bậu Ði Theo Người,Phi Nhung,ART_33de4125fc,BOLERO_TRUTINH,deterministic_mapping,1.0,,,unavailable,data/lyrics/RMVM_S_6b72420240.txt,verified_local,,unavailable,,missing,TIER_A,LYRICS_ONLY,train
RMVM_S_6b90ba16ff,Phận Đời Ca Sĩ,Vũ Hoàng,ART_cbaf0965d0,BOLERO_TRUTINH,deterministic_mapping,1.0,,,unavailable,data/lyrics/RMVM_S_6b90ba16ff.txt,verified_local,data/covers/RMVM_S_6b90ba16ff.jpg,verified_local,,missing,TIER_A,LYRICS_COVER,train
RMVM_S_6b993965f5,Em Đã Cho Tôi Một Lần Đau,Lương Tùng Quang,ART_a9b65420c2,INSTRUMENTAL,source_tag_verification,0.85,,,unavailable,data/lyrics/RMVM_S_6b993965f5.txt,verified_local,,unavailable,,missing,TIER_B,LYRICS_ONLY,train
RMVM_S_6bab819b1b,Tình Xa Ngàn Khơi,Vân Quang Long,ART_a625dedbca,POP_BALLAD,deterministic_mapping,1.0,,,unavailable,data/lyrics/RMVM_S_6bab819b1b.txt,verified_local,,unavailable,,missing,TIER_A,LYRICS_ONLY,train
RMVM_S_6bca6c7480,Magic Castle - Ngày Mai Nắng Lên,Khánh Phương,ART_a36111936d,POP_BALLAD,deterministic_mapping,1.0,,,unavailable,data/lyrics/RMVM_S_6bca6c7480.txt,verified_local,,unavailable,,missing,TIER_A,LYRICS_ONLY,train
RMVM_S_6be1da01dd,Tình Năng Đôi Bờ,Diễm Trang,ART_3d2d88c0be,POP_BALLAD,deterministic_mapping,1.0,,,unavailable,data/lyrics/RMVM_S_6be1da01dd.txt,verified_local,,unavailable,,missing,TIER_A,LYRICS_ONLY,train
RMVM_S_6c2c9d42ee,Bé Đi Học,Trịnh Nhật Minh,ART_ca5769a928,CHILDREN,deterministic_mapping,1.0,,,unavailable,data/lyrics/RMVM_S_6c2c9d42ee.txt,verified_local,,unavailable,,missing,TIER_A,LYRICS_ONLY,train
RMVM_S_6c4e4b2a5e,Vì Ta Chán Nhau,Trương Thảo Nhi,ART_0fff381864,POP_BALLAD,deterministic_mapping,1.0,,,unavailable,data/lyrics/RMVM_S_6c4e4b2a5e.txt,verified_local,,unavailable,,missing,TIER_A,LYRICS_ONLY,train
RMVM_S_6c55abd815,Tết Đến Rồi,"Biên, Thoại",ART_dbc9659521,POP_BALLAD,deterministic_mapping,1.0,,,unavailable,,unavailable,data/covers/RMVM_S_6c55abd815.jpg,verified_local,,missing,TIER_A,COVER_ONLY,train
RMVM_S_6c6a7e0ee6,Cào Cào Bay Trong Gió,"Nguyễn Hồng Thuận, Ruby Bảo An, Châu Anh",ART_e1773412c6,POP_BALLAD,deterministic_mapping,1.0,,,unavailable,data/lyrics/RMVM_S_6c6a7e0ee6.txt,verified_local,,unavailable,,missing,TIER_A,LYRICS_ONLY,train
RMVM_S_6c79bca339,Em Sẽ Khóc Vì Tôi,Vân Quang Long,ART_a625dedbca,POP_BALLAD,deterministic_mapping,1.0,,,unavailable,data/lyrics/RMVM_S_6c79bca339.txt,verified_local,,unavailable,,missing,TIER_A,LYRICS_ONLY,train
RMVM_S_6c97298425,Cảm Ơn Nhà,"Hoàng Dũng, Suni Hạ Linh",ART_08eae3488d,POP_BALLAD,deterministic_mapping,1.0,,,unavailable,data/lyrics/RMVM_S_6c97298425.txt,verified_local,data/covers/RMVM_S_6c97298425.jpg,verified_local,,missing,TIER_A,LYRICS_COVER,train
RMVM_S_6cb0e351e1,Phèo Ơi!,Milk,ART_ecbdb882ae,POP_BALLAD,deterministic_mapping,1.0,,,unavailable,data/lyrics/RMVM_S_6cb0e351e1.txt,verified_local,,unavailable,,missing,TIER_A,LYRICS_ONLY,train
RMVM_S_6cdc8d49f0,Chớ Nuối Tiếc,Lý Hải,ART_694bbc639d,POP_BALLAD,deterministic_mapping,1.0,,,unavailable,data/lyrics/RMVM_S_6cdc8d49f0.txt,verified_local,,unavailable,,missing,TIER_A,LYRICS_ONLY,train
RMVM_S_6cfc327d77,Hãy Một Lần Yêu,Lý Hải,ART_694bbc639d,POP_BALLAD,deterministic_mapping,1.0,,,unavailable,data/lyrics/RMVM_S_6cfc327d77.txt,verified_local,,unavailable,,missing,TIER_A,LYRICS_ONLY,train
RMVM_S_6d0f64edc2,LK Đoạn Cuối Tình Yêu,"Lê Sang, Randy",ART_e1473d1963,BOLERO_TRUTINH,deterministic_mapping,1.0,,,unavailable,data/lyrics/RMVM_S_6d0f64edc2.txt,verified_local,,unavailable,,missing,TIER_A,LYRICS_ONLY,train
RMVM_S_6d24201f73,Anh Ấy Sẽ Không Yêu Em Như Anh (Cover),Ali Hoàng Dương,ART_1ac9d58dce,POP_BALLAD,deterministic_mapping,1.0,,,unavailable,data/lyrics/RMVM_S_6d24201f73.txt,verified_local,,unavailable,,missing,TIER_A,LYRICS_ONLY,train
RMVM_S_6d42e71575,Cơn Say Tình Ái,Minh Thuận,ART_29f9849d59,POP_BALLAD,deterministic_mapping,1.0,,,unavailable,data/lyrics/RMVM_S_6d42e71575.txt,verified_local,,unavailable,,missing,TIER_A,LYRICS_ONLY,train
RMVM_S_6d500d6242,Quảng Ngãi Chiều Sông Quê,Hồng Xương Long,ART_33aaed29df,POP_BALLAD,deterministic_mapping,1.0,,,unavailable,data/lyrics/RMVM_S_6d500d6242.txt,verified_local,,unavailable,,missing,TIER_A,LYRICS_ONLY,train
RMVM_S_6d84b09c83,Người Yêu Tương Lai Anh Ở Đâu (Beat),La Thanh Vy,ART_cc6e5ca985,POP_BALLAD,deterministic_mapping,1.0,,,unavailable,data/lyrics/RMVM_S_6d84b09c83.txt,verified_local,data/covers/RMVM_S_6d84b09c83.jpg,verified_local,,missing,TIER_A,LYRICS_COVER,train
RMVM_S_6da2233fb7,Có Thế Thôi,Chế Minh,ART_e9b5752011,BOLERO_TRUTINH,deterministic_mapping,1.0,,,unavailable,data/lyrics/RMVM_S_6da2233fb7.txt,verified_local,,unavailable,,missing,TIER_A,LYRICS_ONLY,train
RMVM_S_6da3aca0c8,Nói Với Anh Đôi Lời,Đức Ứng,ART_83cc4e3708,POP_BALLAD,deterministic_mapping,1.0,,,unavailable,data/lyrics/RMVM_S_6da3aca0c8.txt,verified_local,,unavailable,,missing,TIER_A,LYRICS_ONLY,train
RMVM_S_6dbcb296e8,Có Trăng Quên Đèn,Võ Minh Lê,ART_4a80ecbc64,POP_BALLAD,deterministic_mapping,1.0,,,unavailable,data/lyrics/RMVM_S_6dbcb296e8.txt,verified_local,,unavailable,,missing,TIER_A,LYRICS_ONLY,train
RMVM_S_6dc4494e43,Chiều Nhớ,Hồ Hán Dân,ART_d6f68bc84c,BOLERO_TRUTINH,deterministic_mapping,0.85,,,unavailable,,unavailable,,unavailable,,missing,TIER_B,METADATA_ONLY,train
RMVM_S_6de1fbfe86,Bến Sông Buồn (Cha Cha Cha),"Ngọc Hân, Văn Hương, CT",ART_bc494aa1d1,POP_BALLAD,deterministic_mapping,1.0,,,unavailable,,unavailable,data/covers/RMVM_S_6de1fbfe86.jpg,verified_local,,missing,TIER_A,COVER_ONLY,train
RMVM_S_6de5865a81,Đành Phải Xa Nhau,"Khưu Huy Vũ, Dương Hồng Loan",ART_838ee0dcd8,BOLERO_TRUTINH,deterministic_mapping,1.0,,,unavailable,data/lyrics/RMVM_S_6de5865a81.txt,verified_local,,unavailable,,missing,TIER_A,LYRICS_ONLY,train
RMVM_S_6de644603c,Anh Em Mình Cạn,"Khánh Đơn, Phương Nam",ART_c9107ccb70,POP_BALLAD,deterministic_mapping,1.0,,,unavailable,data/lyrics/RMVM_S_6de644603c.txt,verified_local,,unavailable,,missing,TIER_A,LYRICS_ONLY,train
RMVM_S_6debdcbb1f,Liên Khúc Bolero Trữ Tình - Nếu Lỡ Ngày Mai Mình Xa Nhau,Hoàng Lâm,ART_d8de3ca976,BOLERO_TRUTINH,deterministic_mapping,1.0,,,unavailable,,unavailable,data/covers/RMVM_S_6debdcbb1f.jpg,verified_local,,missing,TIER_A,COVER_ONLY,train
RMVM_S_6e2596d4e3,Nhiệm Kỳ Tình Yêu,H2K,ART_773826cd96,POP_BALLAD,deterministic_mapping,1.0,,,unavailable,data/lyrics/RMVM_S_6e2596d4e3.txt,verified_local,,unavailable,,missing,TIER_A,LYRICS_ONLY,train
RMVM_S_6e3bc91320,Giàu Sang,Nhiều nghệ sĩ,ART_736b531937,POP_BALLAD,deterministic_mapping,1.0,,,unavailable,data/lyrics/RMVM_S_6e3bc91320.txt,verified_local,,unavailable,2024.0,verified,TIER_A,LYRICS_ONLY,train
RMVM_S_6e3e62b633,Chỉ Vì Anh Ngu Ngốc,Đặng Minh,ART_c22623291d,POP_BALLAD,deterministic_mapping,1.0,,,unavailable,data/lyrics/RMVM_S_6e3e62b633.txt,verified_local,,unavailable,,missing,TIER_A,LYRICS_ONLY,train
RMVM_S_6e9260a69a,Bạc Phận – Dạ Cổ Hoài,Hoàn Lâm,ART_7412e37659,POP_BALLAD,deterministic_mapping,1.0,,,unavailable,data/lyrics/RMVM_S_6e9260a69a.txt,verified_local,,unavailable,,missing,TIER_A,LYRICS_ONLY,train
RMVM_S_6e9cb54f60,Bản Tình Ca Cho Giai Nhân,Quang Dũng,ART_d0d47f53b1,BOLERO_TRUTINH,deterministic_mapping,1.0,,,unavailable,data/lyrics/RMVM_S_6e9cb54f60.txt,verified_local,,unavailable,,missing,TIER_A,LYRICS_ONLY,train
RMVM_S_6eac0de841,Đập Nát Kỷ Niệm,Hoàng Tuấn Kiệt,ART_3297f9c267,POP_BALLAD,deterministic_mapping,1.0,,,unavailable,data/lyrics/RMVM_S_6eac0de841.txt,verified_local,,unavailable,,missing,TIER_A,LYRICS_ONLY,train
RMVM_S_6eb0bc757e,Kết Thúc Bắt Đầu,"Da LAB, Đức Phúc",ART_c2d81d5a02,POP_BALLAD,deterministic_mapping,1.0,,,unavailable,data/lyrics/RMVM_S_6eb0bc757e.txt,verified_local,,unavailable,,missing,TIER_A,LYRICS_ONLY,train
RMVM_S_6ecf3ff671,Cứ Mặc Anh Đau (Beat),Lâm Triệu Vỹ,ART_7342a29223,POP_BALLAD,deterministic_mapping,1.0,,,unavailable,data/lyrics/RMVM_S_6ecf3ff671.txt,verified_local,,unavailable,,missing,TIER_A,LYRICS_ONLY,train
RMVM_S_6efcab08c5,Cuoc Tinh Nghiet Nga,Hồ Lệ Thu,ART_41699ad39a,OTHER,curated_out_of_taxonomy,0.9,Country style,,unavailable,,unavailable,,unavailable,,missing,TIER_B,METADATA_ONLY,train
RMVM_S_6f206b0e80,Biết Về Đâu,Lý Hải,ART_694bbc639d,POP_BALLAD,deterministic_mapping,1.0,,,unavailable,data/lyrics/RMVM_S_6f206b0e80.txt,verified_local,,unavailable,,missing,TIER_A,LYRICS_ONLY,train
RMVM_S_6f3b581861,Anh Là Người Ích Kỷ,La Thăng (Huy Nam & Huy Khánh),ART_3076c695c3,POP_BALLAD,deterministic_mapping,1.0,,,unavailable,data/lyrics/RMVM_S_6f3b581861.txt,verified_local,,unavailable,,missing,TIER_A,LYRICS_ONLY,train
RMVM_S_6f4708a07e,Đừng Hẹn Kiếp Sau (Cover),Hoàng Đình Đông Dương,ART_5008195d17,POP_BALLAD,deterministic_mapping,1.0,,,unavailable,,unavailable,data/covers/RMVM_S_6f4708a07e.jpg,verified_local,,missing,TIER_A,COVER_ONLY,train
RMVM_S_6f5fe7affa,"Audio Chuyện Tình Yêu, Tình Một Đêm",Duy Linh Đọc Truyện Audio,ART_3b9d9f386d,INSTRUMENTAL,source_tag_verification,0.85,,,unavailable,,unavailable,data/covers/RMVM_S_6f5fe7affa.jpg,verified_local,,missing,TIER_B,COVER_ONLY,train
RMVM_S_6f8a47dac3,Mùa Xuân Đầu Tiên (Lofi),"H2K, Quốc Lượng, KProx",ART_f94d83b731,POP_BALLAD,deterministic_mapping,1.0,,,unavailable,data/lyrics/RMVM_S_6f8a47dac3.txt,verified_local,data/covers/RMVM_S_6f8a47dac3.jpg,verified_local,,missing,TIER_A,LYRICS_COVER,train
RMVM_S_6f8b68b831,Bến Đợi Bơ Vơ,"Tuấn Sông Thu, To My",ART_bd616865bd,POP_BALLAD,deterministic_mapping,1.0,,,unavailable,data/lyrics/RMVM_S_6f8b68b831.txt,verified_local,,unavailable,,missing,TIER_A,LYRICS_ONLY,train
RMVM_S_6f919b6b62,Bước Qua Nước Mắt,Thanh Bình,ART_c5a6e2b1f2,POP_BALLAD,deterministic_mapping,1.0,,,unavailable,data/lyrics/RMVM_S_6f919b6b62.txt,verified_local,,unavailable,,missing,TIER_A,LYRICS_ONLY,train
RMVM_S_6f9b3c0bc9,Anh Quá Dại Khờ (Remix),"HHD, Khánh Cường",ART_e5e109f97e,POP_BALLAD,deterministic_mapping,1.0,,,unavailable,data/lyrics/RMVM_S_6f9b3c0bc9.txt,verified_local,,unavailable,,missing,TIER_A,LYRICS_ONLY,train
RMVM_S_6f9f130120,Em Ơi Ví Dầu,Đan Trường,ART_d7d6ae2597,POP_BALLAD,deterministic_mapping,1.0,,,unavailable,data/lyrics/RMVM_S_6f9f130120.txt,verified_local,,unavailable,,missing,TIER_A,LYRICS_ONLY,train
RMVM_S_6fbc94393f,Em Là Tất Cả Trong Anh,Vu TC Nguyen,ART_d470ecbf20,INSTRUMENTAL,source_tag_verification,0.85,,,unavailable,,unavailable,data/covers/RMVM_S_6fbc94393f.jpg,verified_local,,missing,TIER_B,COVER_ONLY,train
RMVM_S_6fd7968bff,Em Tên Gì (Remake),"Đinh Đại Vũ, Jombie",ART_89d274fe91,POP_BALLAD,deterministic_mapping,1.0,,,unavailable,data/lyrics/RMVM_S_6fd7968bff.txt,verified_local,,unavailable,,missing,TIER_A,LYRICS_ONLY,train
RMVM_S_6fdf5b0dd3,LẠI NHỚ NGƯỜI YÊU (LOFI VERSION),Bùi Phi Long,ART_725ffd36a2,BOLERO_TRUTINH,deterministic_mapping,1.0,,,unavailable,data/lyrics/RMVM_S_6fdf5b0dd3.txt,verified_local,data/covers/RMVM_S_6fdf5b0dd3.jpg,verified_local,,missing,TIER_A,LYRICS_COVER,train
RMVM_S_6fedbe0fea,Chuyện Tình Yêu Đôi Khi,"Trương Ngọc Thành, Naot",ART_d540df90da,RAP_HIPHOP,deterministic_mapping,1.0,,,unavailable,data/lyrics/RMVM_S_6fedbe0fea.txt,verified_local,,unavailable,,missing,TIER_A,LYRICS_ONLY,train
RMVM_S_6ffa23c948,Ngày Anh Khóc,Khánh Cường,ART_b62c1d5ffa,POP_BALLAD,deterministic_mapping,1.0,,,unavailable,data/lyrics/RMVM_S_6ffa23c948.txt,verified_local,data/covers/RMVM_S_6ffa23c948.jpg,verified_local,,missing,TIER_A,LYRICS_COVER,train
RMVM_S_70202b79d1,Gửi Lại Cho Em,Binno Phương Bắc,ART_52a5f0bdd5,POP_BALLAD,deterministic_mapping,1.0,,,unavailable,data/lyrics/RMVM_S_70202b79d1.txt,verified_local,,unavailable,,missing,TIER_A,LYRICS_ONLY,train
RMVM_S_703a962ab3,Cánh Hoa Duyên Kiếp,Ánh Tuyết,ART_d72564b10f,FOLK_TRADITIONAL,deterministic_mapping,1.0,,,unavailable,data/lyrics/RMVM_S_703a962ab3.txt,verified_local,,unavailable,,missing,TIER_A,LYRICS_ONLY,train
RMVM_S_703d6881eb,Có Một Ngày Trời Không Nắng,Thái Đinh,ART_e357260383,POP_BALLAD,deterministic_mapping,1.0,,,unavailable,data/lyrics/RMVM_S_703d6881eb.txt,verified_local,data/covers/RMVM_S_703d6881eb.jpg,verified_local,,missing,TIER_A,LYRICS_COVER,train
RMVM_S_703f48acbc,Em Đi Chơi Thuyền,Bé Bào Ngư,ART_d278399f73,CHILDREN,artist_discography_verification,0.85,,,unavailable,data/lyrics/RMVM_S_703f48acbc.txt,verified_local,,unavailable,,missing,TIER_B,LYRICS_ONLY,train
RMVM_S_7050e57f01,Bài Không Tên 50,Nguyen Hong Nhung,ART_cb937a6387,INSTRUMENTAL,source_tag_verification,0.85,,,unavailable,data/lyrics/RMVM_S_7050e57f01.txt,verified_local,,unavailable,,missing,TIER_B,LYRICS_ONLY,train
RMVM_S_706806de48,Đau Rồi Cũng Sẽ Qua,"Roy Nguyễn, Reddy",ART_2f733c41cd,POP_BALLAD,deterministic_mapping,1.0,,,unavailable,data/lyrics/RMVM_S_706806de48.txt,verified_local,,unavailable,,missing,TIER_A,LYRICS_ONLY,train
RMVM_S_707555308d,Bến Đò Vẫn Đợi,"Huỳnh Phong, Thắng Trầm",ART_fe2ddbe701,POP_BALLAD,deterministic_mapping,1.0,,,unavailable,data/lyrics/RMVM_S_707555308d.txt,verified_local,,unavailable,,missing,TIER_A,LYRICS_ONLY,train
RMVM_S_7079bc3ea9,Chuỗi Ngày Ta Mộng Mơ,Lil Zpoet,ART_221ba64ddd,POP_BALLAD,deterministic_mapping,1.0,,,unavailable,data/lyrics/RMVM_S_7079bc3ea9.txt,verified_local,,unavailable,,missing,TIER_A,LYRICS_ONLY,train
RMVM_S_708e02b369,Trong Trí Nhớ Của Em (Cover),P.M Band,ART_097b06d2a2,POP_BALLAD,deterministic_mapping,1.0,,,unavailable,data/lyrics/RMVM_S_708e02b369.txt,verified_local,,unavailable,,missing,TIER_A,LYRICS_ONLY,train
RMVM_S_70ab83a88d,2 Nice,"Pay, Gọi Là Phúc, Công Hòa",ART_03e514cad6,POP_BALLAD,deterministic_mapping,1.0,,,unavailable,data/lyrics/RMVM_S_70ab83a88d.txt,verified_local,data/covers/RMVM_S_70ab83a88d.jpg,verified_local,,missing,TIER_A,LYRICS_COVER,train
RMVM_S_70ca0f0c3d,Sống Như Tia Nắng Mặt Trời,Nhiều Nghệ Sĩ,ART_736b531937,POP_BALLAD,deterministic_mapping,1.0,,,unavailable,data/lyrics/RMVM_S_70ca0f0c3d.txt,verified_local,,unavailable,,missing,TIER_A,LYRICS_ONLY,train
RMVM_S_70d4d2572b,Trong Vai Người Lạ,"DICKSON, Trung Ngon",ART_024679d7a0,POP_BALLAD,deterministic_mapping,1.0,,,unavailable,data/lyrics/RMVM_S_70d4d2572b.txt,verified_local,data/covers/RMVM_S_70d4d2572b.jpg,verified_local,,missing,TIER_A,LYRICS_COVER,train
RMVM_S_70d58d4b47,Thanh Xuân Có Nhau,Rin,ART_dda9d52e8e,POP_BALLAD,deterministic_mapping,1.0,,,unavailable,data/lyrics/RMVM_S_70d58d4b47.txt,verified_local,,unavailable,,missing,TIER_A,LYRICS_ONLY,train
RMVM_S_70ed0e45fb,Hoa Lòng Anh Vẫn Tím,Mạnh Quỳnh,ART_d1f9e306ee,BOLERO_TRUTINH,deterministic_mapping,1.0,,,unavailable,data/lyrics/RMVM_S_70ed0e45fb.txt,verified_local,,unavailable,,missing,TIER_A,LYRICS_ONLY,train
RMVM_S_70ef54103c,Liên Khúc Bolero Mẹ,Nhiều Nghệ Sĩ,ART_736b531937,BOLERO_TRUTINH,deterministic_mapping,1.0,,,unavailable,data/lyrics/RMVM_S_70ef54103c.txt,verified_local,,unavailable,,missing,TIER_A,LYRICS_ONLY,train
RMVM_S_7103b49fcb,Khi Người Con Gái Cô Đơn,"GiGi Hương Giang, Andiez",ART_9eb9a27042,POP_BALLAD,deterministic_mapping,1.0,,,unavailable,data/lyrics/RMVM_S_7103b49fcb.txt,verified_local,,unavailable,,missing,TIER_A,LYRICS_ONLY,train
RMVM_S_712a5b4250,Ngày Còn Em Bên Tôi,Cao Hoàng Nghi,ART_e029e3ae51,BOLERO_TRUTINH,deterministic_mapping,1.0,,,unavailable,data/lyrics/RMVM_S_712a5b4250.txt,verified_local,,unavailable,,missing,TIER_A,LYRICS_ONLY,train
RMVM_S_712d5db91e,Có Gì Đâu Mà Ngại,G5R Squad,ART_3d906ac03b,POP_BALLAD,deterministic_mapping,1.0,,,unavailable,data/lyrics/RMVM_S_712d5db91e.txt,verified_local,,unavailable,,missing,TIER_A,LYRICS_ONLY,train
RMVM_S_713a31081f,Hoa Bèo Tím,Thanh Quý,ART_7bdf7be6b5,BOLERO_TRUTINH,deterministic_mapping,1.0,,,unavailable,data/lyrics/RMVM_S_713a31081f.txt,verified_local,,unavailable,,missing,TIER_A,LYRICS_ONLY,train
RMVM_S_714e3915dd,Anh! Nghe Em Nói,NgânT,ART_053c27d7f8,POP_BALLAD,deterministic_mapping,1.0,,,unavailable,data/lyrics/RMVM_S_714e3915dd.txt,verified_local,,unavailable,,missing,TIER_A,LYRICS_ONLY,train
RMVM_S_714fe60554,Biết Đến Bao Giờ / Đêm Dài Chiến Tuyến,Phương Hồng Quế,ART_224c1a0962,INSTRUMENTAL,source_tag_verification,0.85,,,unavailable,data/lyrics/RMVM_S_714fe60554.txt,verified_local,,unavailable,,missing,TIER_B,LYRICS_ONLY,train
RMVM_S_716b66254a,Lời Đường Mật (Remix),"LyLy, HIEUTHUHAI",ART_8854601b2e,POP_BALLAD,deterministic_mapping,1.0,,,unavailable,data/lyrics/RMVM_S_716b66254a.txt,verified_local,,unavailable,,missing,TIER_A,LYRICS_ONLY,train
RMVM_S_719c826507,Hoa Nào Không Phai,Lâm Triệu Minh,ART_8acf61bc85,POP_BALLAD,deterministic_mapping,1.0,,,unavailable,data/lyrics/RMVM_S_719c826507.txt,verified_local,,unavailable,,missing,TIER_A,LYRICS_ONLY,train
RMVM_S_71a7e2284f,Một Chuyến Bay Đêm,"BeeBoss, Tuấn Chung",ART_418aa1c982,POP_BALLAD,deterministic_mapping,1.0,,,unavailable,data/lyrics/RMVM_S_71a7e2284f.txt,verified_local,,unavailable,,missing,TIER_A,LYRICS_ONLY,train
RMVM_S_71adff3bbb,Phương Trời Xứ Lạ,Diễm Trang,ART_3d2d88c0be,POP_BALLAD,deterministic_mapping,1.0,,,unavailable,data/lyrics/RMVM_S_71adff3bbb.txt,verified_local,,unavailable,,missing,TIER_A,LYRICS_ONLY,train
RMVM_S_71bd566137,Người Đàn Ông Bản Lĩnh,Bùi Vĩnh Phúc,ART_d6ddbdf499,POP_BALLAD,deterministic_mapping,1.0,,,unavailable,data/lyrics/RMVM_S_71bd566137.txt,verified_local,data/covers/RMVM_S_71bd566137.jpg,verified_local,,missing,TIER_A,LYRICS_COVER,train
RMVM_S_71cc2c15e0,Để Tình Ngàn Sau Đớn Đau,Vũ Hoàng,ART_cbaf0965d0,BOLERO_TRUTINH,deterministic_mapping,1.0,,,unavailable,data/lyrics/RMVM_S_71cc2c15e0.txt,verified_local,,unavailable,,missing,TIER_A,LYRICS_ONLY,train
RMVM_S_7208a4a4d6,Bé Bình Khóc Nhè,Phan Đinh Tùng,ART_628c82bb0f,POP_BALLAD,deterministic_mapping,1.0,,,unavailable,data/lyrics/RMVM_S_7208a4a4d6.txt,verified_local,,unavailable,,missing,TIER_A,LYRICS_ONLY,train
RMVM_S_720aa07615,Không Bao Giờ Quên Anh,"BeeBoss, Anh Thư",ART_4fe5073341,POP_BALLAD,deterministic_mapping,1.0,,,unavailable,data/lyrics/RMVM_S_720aa07615.txt,verified_local,,unavailable,,missing,TIER_A,LYRICS_ONLY,train
RMVM_S_721cf2c8ce,Thương Lắm Mình Ơi,Thiêng Ngân,ART_2a5c2878cb,BOLERO_TRUTINH,deterministic_mapping,1.0,,,unavailable,data/lyrics/RMVM_S_721cf2c8ce.txt,verified_local,,unavailable,,missing,TIER_A,LYRICS_ONLY,train
RMVM_S_7250483b67,Chẳng Ai Yêu Mãi Một Người,"CT Media, Hồng Nhi",ART_7564f2e256,POP_BALLAD,deterministic_mapping,1.0,,,unavailable,data/lyrics/RMVM_S_7250483b67.txt,verified_local,,unavailable,,missing,TIER_A,LYRICS_ONLY,train
RMVM_S_725c5ee3b3,Anh Không Yêu Cô Gái Đó (Remix),Hồ Gia Khánh,ART_a2effaecdf,POP_BALLAD,deterministic_mapping,1.0,,,unavailable,data/lyrics/RMVM_S_725c5ee3b3.txt,verified_local,,unavailable,,missing,TIER_A,LYRICS_ONLY,train
RMVM_S_727aff10df,Đơn Phương Yêu Một Người,"Long.C, Ngắn",ART_b155648070,POP_BALLAD,deterministic_mapping,1.0,,,unavailable,data/lyrics/RMVM_S_727aff10df.txt,verified_local,,unavailable,,missing,TIER_A,LYRICS_ONLY,train
RMVM_S_7282448d42,Biết Đâu Anh Gặp May,"Ngọc KayLa, Yanbi",ART_57bdafcddc,POP_BALLAD,deterministic_mapping,1.0,,,unavailable,data/lyrics/RMVM_S_7282448d42.txt,verified_local,,unavailable,,missing,TIER_A,LYRICS_ONLY,train
RMVM_S_729dcc06e0,Đừng Phụ Lòng Nhau,"Huỳnh Thanh Thảo, Lý Công",ART_c537fdb1a1,BOLERO_TRUTINH,deterministic_mapping,1.0,,,unavailable,data/lyrics/RMVM_S_729dcc06e0.txt,verified_local,,unavailable,,missing,TIER_A,LYRICS_ONLY,train
RMVM_S_72ad62cdd6,Ngài Luôn Ở Đó,Isaac Thái,ART_84028ff2d2,OTHER,curated_out_of_taxonomy,0.9,Religious / Sacred spiritual Vietnamese music,,unavailable,,unavailable,,unavailable,,missing,TIER_B,METADATA_ONLY,train
RMVM_S_72c6ac98d3,Dạ Khúc Dưới Ánh Trăng,Trịnh Thăng Bình,ART_c35bd8b264,POP_BALLAD,deterministic_mapping,1.0,,,unavailable,data/lyrics/RMVM_S_72c6ac98d3.txt,verified_local,,unavailable,,missing,TIER_A,LYRICS_ONLY,train
RMVM_S_72d2f89b26,Hạnh Phúc Bên Em Ngày Ấy (Beat),Hoàng Khánh Dũng,ART_de3669816e,POP_BALLAD,deterministic_mapping,1.0,,,unavailable,,unavailable,data/covers/RMVM_S_72d2f89b26.jpg,verified_local,,missing,TIER_A,COVER_ONLY,train
RMVM_S_72f8134bbb,Đỡ Buồn Chiều Mưa,Mai Tiến Đạt,ART_b32a9f66e8,POP_BALLAD,deterministic_mapping,1.0,,,unavailable,data/lyrics/RMVM_S_72f8134bbb.txt,verified_local,,unavailable,,missing,TIER_A,LYRICS_ONLY,train
RMVM_S_7317d1631d,Vội Vàng Đến Bên Nhau,Nguyên Trung,ART_739ad6f994,POP_BALLAD,deterministic_mapping,1.0,,,unavailable,data/lyrics/RMVM_S_7317d1631d.txt,verified_local,,unavailable,,missing,TIER_A,LYRICS_ONLY,train
RMVM_S_731e80c2b9,Câu Hò Quê Nội,Bé Mai Vy,ART_04fe13b603,FOLK_TRADITIONAL,deterministic_mapping,1.0,,,unavailable,data/lyrics/RMVM_S_731e80c2b9.txt,verified_local,data/covers/RMVM_S_731e80c2b9.jpg,verified_local,,missing,TIER_A,LYRICS_COVER,train
RMVM_S_73203ab874,Mùa Nắng Vừa Qua,"Tú Phương, Minh Cà Ri",ART_2042428e46,POP_BALLAD,deterministic_mapping,1.0,,,unavailable,data/lyrics/RMVM_S_73203ab874.txt,verified_local,,unavailable,,missing,TIER_A,LYRICS_ONLY,train
RMVM_S_733299c46b,Anh Nói Yêu Em Được Không (Short Version 2),MinZ Mặt Đất,ART_68c7c4e219,POP_BALLAD,deterministic_mapping,0.85,,,unavailable,,unavailable,,unavailable,,missing,TIER_B,METADATA_ONLY,train
RMVM_S_733c113ce8,Liên Khúc Chiều Cuối Tuần,"Khưu Huy Vũ, Saka Trương Tuyền",ART_968b12e52c,BOLERO_TRUTINH,deterministic_mapping,1.0,,,unavailable,data/lyrics/RMVM_S_733c113ce8.txt,verified_local,,unavailable,2021.0,verified,TIER_A,LYRICS_ONLY,train
RMVM_S_736c42b1c4,Hộp thư thoại,Ronboogz,ART_cdfc590c4e,RAP_HIPHOP,deterministic_mapping,1.0,,,unavailable,data/lyrics/RMVM_S_736c42b1c4.txt,verified_local,,unavailable,,missing,TIER_A,LYRICS_ONLY,train
RMVM_S_73797ffd2e,Anh Đi Về Đâu (Live),"Thanh Tuyền, Phương Hồng Quế",ART_1d023ded6e,POP_BALLAD,deterministic_mapping,1.0,,,unavailable,data/lyrics/RMVM_S_73797ffd2e.txt,verified_local,,unavailable,,missing,TIER_A,LYRICS_ONLY,train
RMVM_S_73985ca385,Kết Thúc Được Rồi,"UKI Uyen, Freaky",ART_3c94f2d174,POP_BALLAD,deterministic_mapping,1.0,,,unavailable,data/lyrics/RMVM_S_73985ca385.txt,verified_local,,unavailable,,missing,TIER_A,LYRICS_ONLY,train
RMVM_S_73b0e2994a,Bối Rối (Cover),Jang Mi,ART_6df699f238,POP_BALLAD,deterministic_mapping,1.0,,,unavailable,data/lyrics/RMVM_S_73b0e2994a.txt,verified_local,,unavailable,,missing,TIER_A,LYRICS_ONLY,train
RMVM_S_73b54271d0,Hoan Ca Maria,Vy Oanh,ART_4835a2401f,OTHER,curated_out_of_taxonomy,0.9,Religious / Sacred spiritual Vietnamese music,,unavailable,,unavailable,,unavailable,,missing,TIER_B,METADATA_ONLY,train
RMVM_S_73c105052b,Mưa Đêm Tỉnh Lẻ,Gia Tiến,ART_364f2356ab,POP_BALLAD,deterministic_mapping,1.0,,,unavailable,data/lyrics/RMVM_S_73c105052b.txt,verified_local,,unavailable,,missing,TIER_A,LYRICS_ONLY,train
RMVM_S_73d78e191e,Em Là Thiên Thần Trong Anh,Trần,ART_043a1e9bdb,POP_BALLAD,deterministic_mapping,1.0,,,unavailable,data/lyrics/RMVM_S_73d78e191e.txt,verified_local,,unavailable,,missing,TIER_A,LYRICS_ONLY,train
RMVM_S_73efb6724e,Năm Mới Nhưng Nỗi Buồn Cũ,"Luxuyen, Riki Lâm, Chi",ART_29fb95c3dc,POP_BALLAD,deterministic_mapping,1.0,,,unavailable,data/lyrics/RMVM_S_73efb6724e.txt,verified_local,,unavailable,,missing,TIER_A,LYRICS_ONLY,train
RMVM_S_73fa6e04cb,Ngày Đá Đơm Bông,Bảo Hân Bolero,ART_f69e0baf38,BOLERO_TRUTINH,deterministic_mapping,1.0,,,unavailable,data/lyrics/RMVM_S_73fa6e04cb.txt,verified_local,,unavailable,,missing,TIER_A,LYRICS_ONLY,train
RMVM_S_74355cff76,Liên Khúc Trăng Về Thôn Dã,"Hoàng Nhật Thái, Quỳnh Trâm",ART_3238d4b375,BOLERO_TRUTINH,deterministic_mapping,1.0,,,unavailable,data/lyrics/RMVM_S_74355cff76.txt,verified_local,,unavailable,,missing,TIER_A,LYRICS_ONLY,train
RMVM_S_7439dee53e,Ngày Đẹp Nhất Để Chia Tay,Zusu Nguyễn Đức,ART_401627c467,POP_BALLAD,deterministic_mapping,1.0,,,unavailable,data/lyrics/RMVM_S_7439dee53e.txt,verified_local,,unavailable,,missing,TIER_A,LYRICS_ONLY,train
RMVM_S_743af0bc04,Con Mãi Thuộc Về Chúa,Nhiều nghệ sĩ,ART_736b531937,OTHER,curated_out_of_taxonomy,0.9,Religious / Sacred spiritual Vietnamese music,,unavailable,,unavailable,data/covers/RMVM_S_743af0bc04.jpg,verified_local,,missing,TIER_B,COVER_ONLY,train
RMVM_S_744403a6cc,Giấc Mơ Ấy,Tuấn Hưng,ART_31bc440729,POP_BALLAD,deterministic_mapping,0.85,,,unavailable,,unavailable,,unavailable,,missing,TIER_B,METADATA_ONLY,train
RMVM_S_7448b1bd89,Trái Tim Bụi Đường,Bằng Kiều,ART_e70c837c14,POP_BALLAD,deterministic_mapping,0.85,,,unavailable,,unavailable,,unavailable,,missing,TIER_B,METADATA_ONLY,train
RMVM_S_745b334b6d,Giai Điệu Dành Cho Em,Thiệu Tân,ART_3aea6de86c,POP_BALLAD,deterministic_mapping,1.0,,,unavailable,data/lyrics/RMVM_S_745b334b6d.txt,verified_local,,unavailable,,missing,TIER_A,LYRICS_ONLY,train
RMVM_S_746056502a,Ba Ba Tiếng Con Gọi,Trần Duy Phương,ART_d477c36534,POP_BALLAD,deterministic_mapping,1.0,,,unavailable,data/lyrics/RMVM_S_746056502a.txt,verified_local,,unavailable,,missing,TIER_A,LYRICS_ONLY,train
RMVM_S_74b9c9272c,Mưa Ru,Đăng Khôi,ART_c9cce0826e,POP_BALLAD,deterministic_mapping,1.0,,,unavailable,,unavailable,data/covers/RMVM_S_74b9c9272c.jpg,verified_local,,missing,TIER_A,COVER_ONLY,train
RMVM_S_74d962bf40,Cô Đơn Ơi,Nguyễn Thương,ART_76baf850d3,POP_BALLAD,deterministic_mapping,1.0,,,unavailable,data/lyrics/RMVM_S_74d962bf40.txt,verified_local,,unavailable,,missing,TIER_A,LYRICS_ONLY,train
RMVM_S_74dcbd3db9,Thức Đêm Mới Biết Đêm Dài,"Minh Thuận, Nhật Hào",ART_611562f3a1,POP_BALLAD,deterministic_mapping,1.0,,,unavailable,data/lyrics/RMVM_S_74dcbd3db9.txt,verified_local,,unavailable,,missing,TIER_A,LYRICS_ONLY,train
RMVM_S_74e0c627fc,Điều Em Cất Giữ,Nheo,ART_e90843b92c,POP_BALLAD,deterministic_mapping,1.0,,,unavailable,data/lyrics/RMVM_S_74e0c627fc.txt,verified_local,,unavailable,,missing,TIER_A,LYRICS_ONLY,train
RMVM_S_74fa5ed7e9,Lk Thà Trắng Thà Đen,Khánh Duy Khương,ART_29c25daf12,INSTRUMENTAL,source_tag_verification,0.85,,,unavailable,,unavailable,data/covers/RMVM_S_74fa5ed7e9.jpg,verified_local,,missing,TIER_B,COVER_ONLY,train
RMVM_S_74fdc8c909,Anh Chọn Cô Đơn,Viết Long,ART_187df8c27b,POP_BALLAD,deterministic_mapping,1.0,,,unavailable,data/lyrics/RMVM_S_74fdc8c909.txt,verified_local,,unavailable,,missing,TIER_A,LYRICS_ONLY,train
RMVM_S_7520cb481c,14 Ngày Nhớ Em,Đinh Đại Vũ,ART_206f2813bd,POP_BALLAD,deterministic_mapping,1.0,,,unavailable,,unavailable,data/covers/RMVM_S_7520cb481c.jpg,verified_local,,missing,TIER_A,COVER_ONLY,train
RMVM_S_7564432eab,Nhận Ra Mình Đã Sai,"Hoàng Mạnh Sơn, LQ MEDIA",ART_192fe11935,POP_BALLAD,deterministic_mapping,1.0,,,unavailable,data/lyrics/RMVM_S_7564432eab.txt,verified_local,,unavailable,,missing,TIER_A,LYRICS_ONLY,train
RMVM_S_756755e084,Áo Cũ Tình Mới (Remix),Châu Khải Phong,ART_b5c7c65b2f,DANCE_EDM,deterministic_mapping,1.0,,,unavailable,data/lyrics/RMVM_S_756755e084.txt,verified_local,,unavailable,,missing,TIER_A,LYRICS_ONLY,train
RMVM_S_759641a929,Dù Chỉ Một Lần,Trường Kha,ART_abe0f2439b,FOLK_TRADITIONAL,deterministic_mapping,1.0,,,unavailable,data/lyrics/RMVM_S_759641a929.txt,verified_local,,unavailable,,missing,TIER_A,LYRICS_ONLY,train
RMVM_S_75b012f182,Bờ Vai Cho Em,Lương Bằng Quang,ART_12772a45b4,POP_BALLAD,deterministic_mapping,1.0,,,unavailable,data/lyrics/RMVM_S_75b012f182.txt,verified_local,,unavailable,,missing,TIER_A,LYRICS_ONLY,train
RMVM_S_75b0ce9c91,Không Lấy Chồng Đâu,"YuniBoo, Tracy Thảo My",ART_f1845b8ddb,POP_BALLAD,deterministic_mapping,1.0,,,unavailable,data/lyrics/RMVM_S_75b0ce9c91.txt,verified_local,data/covers/RMVM_S_75b0ce9c91.jpg,verified_local,,missing,TIER_A,LYRICS_COVER,train
RMVM_S_75c5424162,Hồi Ức Ngày Hôm Qua (Beat),Hoàng Yến Chibi,ART_2817fb9e70,POP_BALLAD,deterministic_mapping,1.0,,,unavailable,data/lyrics/RMVM_S_75c5424162.txt,verified_local,data/covers/RMVM_S_75c5424162.jpg,verified_local,,missing,TIER_A,LYRICS_COVER,train
RMVM_S_75c871eefd,Hay Là Anh Đã Quên Em,Nguyễn Cao Kỳ Duyên,ART_658a8a9198,POP_BALLAD,deterministic_mapping,1.0,,,unavailable,data/lyrics/RMVM_S_75c871eefd.txt,verified_local,,unavailable,,missing,TIER_A,LYRICS_ONLY,train
RMVM_S_75c888eb4f,Căn Nhà Dĩ Vãng,"Lâm Mạnh Quỳnh, Đào Anh Thư",ART_914c70eece,BOLERO_TRUTINH,deterministic_mapping,1.0,,,unavailable,data/lyrics/RMVM_S_75c888eb4f.txt,verified_local,,unavailable,,missing,TIER_A,LYRICS_ONLY,train
RMVM_S_76054bfa39,Tình Xuân Ca,Đạt Long Vinh,ART_a0ffd3fdc0,POP_BALLAD,deterministic_mapping,1.0,,,unavailable,data/lyrics/RMVM_S_76054bfa39.txt,verified_local,,unavailable,,missing,TIER_A,LYRICS_ONLY,train
RMVM_S_760875ef01,Bước Cùng Cô Đơn,Lưu Gia Tài,ART_9dd31faf9a,POP_BALLAD,deterministic_mapping,1.0,,,unavailable,,unavailable,data/covers/RMVM_S_760875ef01.jpg,verified_local,,missing,TIER_A,COVER_ONLY,train
RMVM_S_761a3999b2,Giọt Nắng Hồng,Mai Khôi,ART_90b67ff98c,BOLERO_TRUTINH,deterministic_mapping,1.0,,,unavailable,data/lyrics/RMVM_S_761a3999b2.txt,verified_local,,unavailable,,missing,TIER_A,LYRICS_ONLY,train
RMVM_S_7620c5b314,Vết Thương Lòng,Jimmy Lam Pham,ART_610d14b837,POP_BALLAD,deterministic_mapping,1.0,,,unavailable,data/lyrics/RMVM_S_7620c5b314.txt,verified_local,,unavailable,,missing,TIER_A,LYRICS_ONLY,train
RMVM_S_762dcceb6a,Bên Kia Đời Nhau,Nguyên Khang,ART_637c23a08a,POP_BALLAD,deterministic_mapping,1.0,,,unavailable,data/lyrics/RMVM_S_762dcceb6a.txt,verified_local,,unavailable,,missing,TIER_A,LYRICS_ONLY,train
RMVM_S_762e2242bb,Lời ca dâng Bác,NSND Thu Hiền,ART_21a94c4389,FOLK_TRADITIONAL,artist_discography_verification,0.85,,,unavailable,data/lyrics/RMVM_S_762e2242bb.txt,verified_local,data/covers/RMVM_S_762e2242bb.jpg,verified_local,,missing,TIER_B,LYRICS_COVER,train
RMVM_S_7639f824ed,Nỗi Nhớ Bình Yên,Gia Ly,ART_eca6c44742,POP_BALLAD,deterministic_mapping,1.0,,,unavailable,data/lyrics/RMVM_S_7639f824ed.txt,verified_local,,unavailable,,missing,TIER_A,LYRICS_ONLY,train
RMVM_S_763e5e4654,Đừng Lo Nhé Có Anh Đây (HM Remix) (Beat),Lâm Chấn Kiệt,ART_fc4a77b3f3,RAP_HIPHOP,deterministic_mapping,1.0,,,unavailable,,unavailable,data/covers/RMVM_S_763e5e4654.jpg,verified_local,,missing,TIER_A,COVER_ONLY,train
RMVM_S_764b6d8137,Chờ Em Nơi Thềm Trăng,Hồng Nhung,ART_cae1d62498,POP_BALLAD,deterministic_mapping,1.0,,,unavailable,data/lyrics/RMVM_S_764b6d8137.txt,verified_local,,unavailable,,missing,TIER_A,LYRICS_ONLY,train
RMVM_S_7651de8a7c,Bán Duyên (Beat),Chu Bin,ART_9abe6c859e,POP_BALLAD,deterministic_mapping,1.0,,,unavailable,,unavailable,data/covers/RMVM_S_7651de8a7c.jpg,verified_local,,missing,TIER_A,COVER_ONLY,train
RMVM_S_7653f7e262,Mộng Ước Không Thành,Ngọc Sáng,ART_5ab326246f,BOLERO_TRUTINH,deterministic_mapping,1.0,,,unavailable,data/lyrics/RMVM_S_7653f7e262.txt,verified_local,data/covers/RMVM_S_7653f7e262.jpg,verified_local,,missing,TIER_A,LYRICS_COVER,train
RMVM_S_765fdd5bad,Hương Vị Tình,Lâm Triệu Minh,ART_8acf61bc85,BOLERO_TRUTINH,deterministic_mapping,1.0,,,unavailable,data/lyrics/RMVM_S_765fdd5bad.txt,verified_local,,unavailable,,missing,TIER_A,LYRICS_ONLY,train
RMVM_S_7665b38b17,Rời Xa Anh Chậm Thôi (WRC Remix),Đình Bình,ART_9fba9285bb,DANCE_EDM,deterministic_mapping,1.0,,,unavailable,data/lyrics/RMVM_S_7665b38b17.txt,verified_local,,unavailable,,missing,TIER_A,LYRICS_ONLY,train
RMVM_S_7665d9ca87,Linh Khế,"Lee Phú Quý, Tuấn Nguyễn",ART_0b7f219049,POP_BALLAD,deterministic_mapping,1.0,,,unavailable,data/lyrics/RMVM_S_7665d9ca87.txt,verified_local,,unavailable,,missing,TIER_A,LYRICS_ONLY,train
RMVM_S_769f7fdf78,CHIẾC ÁO BÀ BA (LOFI VERSION),Bùi Phi Long,ART_725ffd36a2,BOLERO_TRUTINH,deterministic_mapping,1.0,,,unavailable,data/lyrics/RMVM_S_769f7fdf78.txt,verified_local,,unavailable,,missing,TIER_A,LYRICS_ONLY,train
RMVM_S_76ac3a8d4b,Thiên Hạ Hữu Tình,"Mỹ Hạnh, Thái Sơn",ART_0daf8b66ab,POP_BALLAD,deterministic_mapping,1.0,,,unavailable,data/lyrics/RMVM_S_76ac3a8d4b.txt,verified_local,,unavailable,,missing,TIER_A,LYRICS_ONLY,train
RMVM_S_76e964b851,Em Muốn Cùng Anh,Đặng Thanh Tuyền,ART_b05e323f35,POP_BALLAD,deterministic_mapping,1.0,,,unavailable,data/lyrics/RMVM_S_76e964b851.txt,verified_local,,unavailable,,missing,TIER_A,LYRICS_ONLY,train
RMVM_S_76ea5cc92d,Xin Hãy Thứ Tha (Remix),"Hoàng Trọng Tiến, SOUND HIT",ART_5a42f84fa5,DANCE_EDM,deterministic_mapping,1.0,,,unavailable,data/lyrics/RMVM_S_76ea5cc92d.txt,verified_local,,unavailable,,missing,TIER_A,LYRICS_ONLY,train
RMVM_S_770a5adcfe,Hương Tình Xưa,"Tuấn Sông Thu, Quang Lê, Hạ Vân",ART_8ed7a00e68,POP_BALLAD,deterministic_mapping,1.0,,,unavailable,data/lyrics/RMVM_S_770a5adcfe.txt,verified_local,,unavailable,,missing,TIER_A,LYRICS_ONLY,train
RMVM_S_77124708ab,Ta Hỏi Lại Nhau,"Lê Thu Uyên, Duy Phương",ART_5aef4983c2,BOLERO_TRUTINH,deterministic_mapping,1.0,,,unavailable,data/lyrics/RMVM_S_77124708ab.txt,verified_local,,unavailable,,missing,TIER_A,LYRICS_ONLY,train
RMVM_S_7717332def,Anh Mệt Rồi (Lofi Version),"Anh Quân Idol, Freak D",ART_f7ae28423b,POP_BALLAD,deterministic_mapping,1.0,,,unavailable,data/lyrics/RMVM_S_7717332def.txt,verified_local,,unavailable,,missing,TIER_A,LYRICS_ONLY,train
RMVM_S_7719aa58e1,Thiếu Một Tình Yêu,Trần Hùng Tiến,ART_97a9f44121,POP_BALLAD,deterministic_mapping,1.0,,,unavailable,data/lyrics/RMVM_S_7719aa58e1.txt,verified_local,,unavailable,,missing,TIER_A,LYRICS_ONLY,train
RMVM_S_77368e5279,Cuộc Tình Kỳ Cục,SUNDAZE,ART_1b7e249c94,POP_BALLAD,deterministic_mapping,1.0,,,unavailable,data/lyrics/RMVM_S_77368e5279.txt,verified_local,,unavailable,,missing,TIER_A,LYRICS_ONLY,train
RMVM_S_774b8f27f2,Nàng Dâu Tương Lai,Hồng Quân WyTy,ART_7f95314308,POP_BALLAD,deterministic_mapping,1.0,,,unavailable,data/lyrics/RMVM_S_774b8f27f2.txt,verified_local,,unavailable,,missing,TIER_A,LYRICS_ONLY,train
RMVM_S_77541432ed,Tự Nghĩ Tự Suy Tự Buồn,Võ Đức Trí,ART_a1ca3cc66d,POP_BALLAD,deterministic_mapping,1.0,,,unavailable,data/lyrics/RMVM_S_77541432ed.txt,verified_local,,unavailable,,missing,TIER_A,LYRICS_ONLY,train
RMVM_S_77b467affd,Biển Buồn,"Don Hồ, Dalena",ART_832e9174ca,INSTRUMENTAL,source_tag_verification,0.85,,,unavailable,data/lyrics/RMVM_S_77b467affd.txt,verified_local,,unavailable,,missing,TIER_B,LYRICS_ONLY,train
RMVM_S_77bb185be3,Đôi Mắt (Cover),Tạ Minh Thành,ART_aa1d7a014b,POP_BALLAD,deterministic_mapping,1.0,,,unavailable,data/lyrics/RMVM_S_77bb185be3.txt,verified_local,,unavailable,,missing,TIER_A,LYRICS_ONLY,train
RMVM_S_77c66061ec,Cây Muốn Lặng Gió Chẳng Ngừng,"Hùng Cuội, BMZ",ART_2982af02cc,POP_BALLAD,deterministic_mapping,1.0,,,unavailable,data/lyrics/RMVM_S_77c66061ec.txt,verified_local,,unavailable,,missing,TIER_A,LYRICS_ONLY,train
RMVM_S_77f17c915d,Anh Quên Em Gái Quê Rồi,"Dư Anh, Thiên Nga",ART_b80b945fc2,FOLK_TRADITIONAL,deterministic_mapping,1.0,,,unavailable,data/lyrics/RMVM_S_77f17c915d.txt,verified_local,,unavailable,,missing,TIER_A,LYRICS_ONLY,train
RMVM_S_77f38cda01,Em Đi Xa Nơi Đâu,Hợi,ART_d88f4902bd,POP_BALLAD,deterministic_mapping,1.0,,,unavailable,data/lyrics/RMVM_S_77f38cda01.txt,verified_local,data/covers/RMVM_S_77f38cda01.jpg,verified_local,,missing,TIER_A,LYRICS_COVER,train
RMVM_S_780b725eb5,Chuyến Đi Của Năm (Cover),"Andiez, Seachains",ART_5b57526df6,POP_BALLAD,deterministic_mapping,1.0,,,unavailable,data/lyrics/RMVM_S_780b725eb5.txt,verified_local,,unavailable,,missing,TIER_A,LYRICS_ONLY,train
RMVM_S_780b9976c2,Yêu Nhau Từ Bao Giờ,Tăng Quỳnh My,ART_089e02ee96,POP_BALLAD,deterministic_mapping,1.0,,,unavailable,data/lyrics/RMVM_S_780b9976c2.txt,verified_local,,unavailable,,missing,TIER_A,LYRICS_ONLY,train
RMVM_S_78449b7fe7,Câu Hát Chung Tình,"Giang Trường, Phương Cẩm Ngọc",ART_6021333c1d,BOLERO_TRUTINH,deterministic_mapping,1.0,,,unavailable,data/lyrics/RMVM_S_78449b7fe7.txt,verified_local,data/covers/RMVM_S_78449b7fe7.jpg,verified_local,,missing,TIER_A,LYRICS_COVER,train
RMVM_S_7863c8a0b6,Điều Ước Cho Con,Đình Trung,ART_0532ce72ab,POP_BALLAD,deterministic_mapping,1.0,,,unavailable,data/lyrics/RMVM_S_7863c8a0b6.txt,verified_local,,unavailable,,missing,TIER_A,LYRICS_ONLY,train
RMVM_S_7885f70f89,Sông Vong Xuyên Hoa Bĩ Ngạn,Anh Duy,ART_418fc879e4,POP_BALLAD,deterministic_mapping,1.0,,,unavailable,data/lyrics/RMVM_S_7885f70f89.txt,verified_local,,unavailable,,missing,TIER_A,LYRICS_ONLY,train
RMVM_S_78ab93b47f,Chiếc Sport Của Tôi,Lâm Trí Hải,ART_392482d74a,POP_BALLAD,deterministic_mapping,1.0,,,unavailable,,unavailable,data/covers/RMVM_S_78ab93b47f.jpg,verified_local,,missing,TIER_A,COVER_ONLY,train
RMVM_S_78ccd7896a,Đừng Như Người Dưng Lofi (# 2),Nhật Phong,ART_da8f5a6669,POP_BALLAD,deterministic_mapping,1.0,,,unavailable,data/lyrics/RMVM_S_78ccd7896a.txt,verified_local,data/covers/RMVM_S_78ccd7896a.jpg,verified_local,,missing,TIER_A,LYRICS_COVER,train
RMVM_S_78d8a7ba21,"Anh Ổn, Em Sao Rồi","Đạt PT, Puns F",ART_8a5827348f,POP_BALLAD,deterministic_mapping,1.0,,,unavailable,data/lyrics/RMVM_S_78d8a7ba21.txt,verified_local,,unavailable,,missing,TIER_A,LYRICS_ONLY,train
RMVM_S_78ebde6dcd,Em Có Biết Chăng,Lam Trường,ART_758209dea4,POP_BALLAD,deterministic_mapping,1.0,,,unavailable,data/lyrics/RMVM_S_78ebde6dcd.txt,verified_local,,unavailable,,missing,TIER_A,LYRICS_ONLY,train
RMVM_S_78f1b7d0ac,Điệu Buồn Phương Nam,"Khưu Huy Vũ, Ngọc Hân",ART_1fcb227407,BOLERO_TRUTINH,deterministic_mapping,1.0,,,unavailable,data/lyrics/RMVM_S_78f1b7d0ac.txt,verified_local,,unavailable,,missing,TIER_A,LYRICS_ONLY,train
RMVM_S_791f3cd11c,Đò Sang Sông,"Thanh Ngân, Gia Tiến",ART_e71637f8e2,POP_BALLAD,deterministic_mapping,1.0,,,unavailable,data/lyrics/RMVM_S_791f3cd11c.txt,verified_local,,unavailable,,missing,TIER_A,LYRICS_ONLY,train
RMVM_S_7930546029,Cuộc Tình Đau,Tina Ngọc Lan,ART_205262157e,BOLERO_TRUTINH,deterministic_mapping,1.0,,,unavailable,,unavailable,data/covers/RMVM_S_7930546029.jpg,verified_local,,missing,TIER_A,COVER_ONLY,train
RMVM_S_795e5f2184,Ai Đúng Ai Sai,Lương Minh Trang,ART_2d7596a13b,POP_BALLAD,deterministic_mapping,1.0,,,unavailable,data/lyrics/RMVM_S_795e5f2184.txt,verified_local,,unavailable,,missing,TIER_A,LYRICS_ONLY,train
RMVM_S_796057868c,Con Mai Noi Nay,Nguoi Xanh,ART_e8feed20fc,BOLERO_TRUTINH,deterministic_mapping,1.0,,,unavailable,,unavailable,data/covers/RMVM_S_796057868c.jpg,verified_local,,missing,TIER_A,COVER_ONLY,train
RMVM_S_7967e222e0,Đừng Nghĩ Được Anh Yêu Em Liền Không Trân Trọng (Remix),Khánh Bii,ART_5d21b010f6,DANCE_EDM,deterministic_mapping,1.0,,,unavailable,data/lyrics/RMVM_S_7967e222e0.txt,verified_local,,unavailable,,missing,TIER_A,LYRICS_ONLY,train
RMVM_S_7968946ed3,Lời Ru Ngày Xưa,Quang Linh,ART_3a6003b287,BOLERO_TRUTINH,deterministic_mapping,1.0,,,unavailable,data/lyrics/RMVM_S_7968946ed3.txt,verified_local,,unavailable,,missing,TIER_A,LYRICS_ONLY,train
RMVM_S_796c5e6758,Ai Cho Tôi Tình Yêu,"Khánh Duy, Nhã Ca",ART_f0fdfb450c,BOLERO_TRUTINH,deterministic_mapping,1.0,,,unavailable,,unavailable,data/covers/RMVM_S_796c5e6758.jpg,verified_local,,missing,TIER_A,COVER_ONLY,train
RMVM_S_798fe8e947,Chẳng Yêu Nữa Rồi,"Aki Khoa, NB3 Hoài Bảo",ART_8458ac90c2,POP_BALLAD,deterministic_mapping,1.0,,,unavailable,data/lyrics/RMVM_S_798fe8e947.txt,verified_local,data/covers/RMVM_S_798fe8e947.jpg,verified_local,,missing,TIER_A,LYRICS_COVER,train
RMVM_S_799ad72702,Dặn Lòng Phải Quên (VisconC X HHD Remix),"TLong, HHD",ART_0100e7f1d0,DANCE_EDM,deterministic_mapping,1.0,,,unavailable,data/lyrics/RMVM_S_799ad72702.txt,verified_local,data/covers/RMVM_S_799ad72702.jpg,verified_local,,missing,TIER_A,LYRICS_COVER,train
RMVM_S_79a2ae2326,Khóc Hay Không Khóc,Phạm Khánh Hưng,ART_0e97aa8411,POP_BALLAD,deterministic_mapping,1.0,,,unavailable,data/lyrics/RMVM_S_79a2ae2326.txt,verified_local,,unavailable,,missing,TIER_A,LYRICS_ONLY,train
RMVM_S_79ad801669,Một Chút Gì Rất Huế,Xuân Viên,ART_d47827254e,FOLK_TRADITIONAL,deterministic_mapping,1.0,,,unavailable,data/lyrics/RMVM_S_79ad801669.txt,verified_local,,unavailable,,missing,TIER_A,LYRICS_ONLY,train
RMVM_S_79d556dc46,Nguyện Thoát Luân Hồi (Liên Khúc Lý),Thương Nguyễn,ART_2de0ea5b88,OTHER,curated_out_of_taxonomy,0.9,Religious / Sacred spiritual Vietnamese music,,unavailable,,unavailable,,unavailable,,missing,TIER_B,METADATA_ONLY,train
RMVM_S_7a026a6a1d,Sẽ Yêu Hơn Ngày Xưa,Phan Đinh Tùng,ART_628c82bb0f,POP_BALLAD,deterministic_mapping,1.0,,,unavailable,data/lyrics/RMVM_S_7a026a6a1d.txt,verified_local,,unavailable,,missing,TIER_A,LYRICS_ONLY,train
RMVM_S_7a0c0d4261,Một Vòng Trái Đất,Đạt Long Vinh,ART_a0ffd3fdc0,POP_BALLAD,deterministic_mapping,1.0,,,unavailable,data/lyrics/RMVM_S_7a0c0d4261.txt,verified_local,,unavailable,,missing,TIER_A,LYRICS_ONLY,train
RMVM_S_7a2f54991c,Trả Lại Em Nụ Cười,Thanh Hà,ART_52aeafc1b7,INSTRUMENTAL,source_tag_verification,0.85,,,unavailable,data/lyrics/RMVM_S_7a2f54991c.txt,verified_local,,unavailable,,missing,TIER_B,LYRICS_ONLY,train
RMVM_S_7a3289a6ce,MỘNG YU,"AMEE, MCK",ART_775eafac70,POP_BALLAD,deterministic_mapping,1.0,,,unavailable,data/lyrics/RMVM_S_7a3289a6ce.txt,verified_local,data/covers/RMVM_S_7a3289a6ce.jpg,verified_local,,missing,TIER_A,LYRICS_COVER,train
RMVM_S_7a33072daa,Nỗi Lòng Một Kẻ Tha Hương,Tường Quân,ART_d069eccc5a,POP_BALLAD,deterministic_mapping,1.0,,,unavailable,data/lyrics/RMVM_S_7a33072daa.txt,verified_local,,unavailable,,missing,TIER_A,LYRICS_ONLY,train
RMVM_S_7a4155b517,Chỉ Là Lời Nói,Chung Thanh Duy,ART_ddb107a39a,POP_BALLAD,deterministic_mapping,1.0,,,unavailable,data/lyrics/RMVM_S_7a4155b517.txt,verified_local,,unavailable,,missing,TIER_A,LYRICS_ONLY,train
RMVM_S_7a7241a9b7,Đi Về Cuối Biển,Đức Tuấn,ART_326eb740ca,BOLERO_TRUTINH,deterministic_mapping,1.0,,,unavailable,,unavailable,data/covers/RMVM_S_7a7241a9b7.jpg,verified_local,,missing,TIER_A,COVER_ONLY,train
RMVM_S_7a86373ed6,Liên Khúc Rap: Trời Mưa; Mưa Tên Em; Mưa Xin Đừng Về Nữa,B Ray,ART_ba452018e5,RAP_HIPHOP,deterministic_mapping,1.0,,,unavailable,data/lyrics/RMVM_S_7a86373ed6.txt,verified_local,,unavailable,,missing,TIER_A,LYRICS_ONLY,train
RMVM_S_7a9f775aa1,Bài Ca Của Nàng (Nhạc Trữ Tình Mới Nhất 2022),Thanh Thanh Hiền,ART_9b07c10258,POP_BALLAD,deterministic_mapping,1.0,,,unavailable,data/lyrics/RMVM_S_7a9f775aa1.txt,verified_local,,unavailable,2022.0,verified,TIER_A,LYRICS_ONLY,train
RMVM_S_7ab9d4eb04,chạy theo cơn mưa,"Phượng Vũ, Tuno, PhiWoai",ART_99de074d81,POP_BALLAD,deterministic_mapping,1.0,,,unavailable,data/lyrics/RMVM_S_7ab9d4eb04.txt,verified_local,,unavailable,,missing,TIER_A,LYRICS_ONLY,train
RMVM_S_7aeb37ea06,Cô Gái Xứ Dừa,Thu Hiền,ART_66084b8a1c,FOLK_TRADITIONAL,artist_discography_verification,0.85,,,unavailable,data/lyrics/RMVM_S_7aeb37ea06.txt,verified_local,,unavailable,,missing,TIER_B,LYRICS_ONLY,train
RMVM_S_7af4b9efb5,Anh Đang Ở Đâu Đấy Anh (Cover),Đỗ Phú Quí,ART_5e3e8ac8b5,POP_BALLAD,deterministic_mapping,1.0,,,unavailable,data/lyrics/RMVM_S_7af4b9efb5.txt,verified_local,,unavailable,,missing,TIER_A,LYRICS_ONLY,train
RMVM_S_7b17551662,Bán Thanh Xuân,"Quang Hảo, LQ MEDIA",ART_1094b2df16,POP_BALLAD,deterministic_mapping,1.0,,,unavailable,data/lyrics/RMVM_S_7b17551662.txt,verified_local,data/covers/RMVM_S_7b17551662.jpg,verified_local,,missing,TIER_A,LYRICS_COVER,train
RMVM_S_7b59e7140b,Điều Anh Chưa Nói,Hoàng Tuấn Kiệt,ART_3297f9c267,POP_BALLAD,deterministic_mapping,1.0,,,unavailable,data/lyrics/RMVM_S_7b59e7140b.txt,verified_local,,unavailable,,missing,TIER_A,LYRICS_ONLY,train
RMVM_S_7b79ed9474,Nửa Trái Tim (Song Ca),"Minh Thuận, Nhật Hào",ART_611562f3a1,BOLERO_TRUTINH,deterministic_mapping,1.0,,,unavailable,data/lyrics/RMVM_S_7b79ed9474.txt,verified_local,,unavailable,,missing,TIER_A,LYRICS_ONLY,train
RMVM_S_7ba579e7ad,Chỉ Mong Em Bình An,Khánh Phương,ART_a36111936d,POP_BALLAD,deterministic_mapping,1.0,,,unavailable,data/lyrics/RMVM_S_7ba579e7ad.txt,verified_local,,unavailable,,missing,TIER_A,LYRICS_ONLY,train
RMVM_S_7ba71ae410,Anh Là Của Em Đừng Của Ai,Kỳ Châu Ngọc Bích,ART_c2032d3979,POP_BALLAD,deterministic_mapping,1.0,,,unavailable,data/lyrics/RMVM_S_7ba71ae410.txt,verified_local,,unavailable,,missing,TIER_A,LYRICS_ONLY,train
RMVM_S_7bd16e5bfe,999 Đóa Hồng (Remix),Khương Hùng,ART_d9a708568a,POP_BALLAD,deterministic_mapping,1.0,,,unavailable,data/lyrics/RMVM_S_7bd16e5bfe.txt,verified_local,,unavailable,,missing,TIER_A,LYRICS_ONLY,train
RMVM_S_7bdfba0933,Một Thủa Đam Mê,"BeeBoss, Tuấn Chung",ART_418aa1c982,POP_BALLAD,deterministic_mapping,1.0,,,unavailable,data/lyrics/RMVM_S_7bdfba0933.txt,verified_local,,unavailable,,missing,TIER_A,LYRICS_ONLY,train
RMVM_S_7be84a7266,Mai Em Về Bên Ấy,Ngọc Hân,ART_e908c009ec,BOLERO_TRUTINH,deterministic_mapping,1.0,,,unavailable,data/lyrics/RMVM_S_7be84a7266.txt,verified_local,,unavailable,,missing,TIER_A,LYRICS_ONLY,train
RMVM_S_7bece52acd,Chín Tháng Cưu Mang,Phùng Ngọc Huy,ART_dc0148a015,BOLERO_TRUTINH,deterministic_mapping,1.0,,,unavailable,data/lyrics/RMVM_S_7bece52acd.txt,verified_local,,unavailable,,missing,TIER_A,LYRICS_ONLY,train
RMVM_S_7bf0c6f13d,Ai Là Ai Của Ai,Trịnh Thăng Bình,ART_c35bd8b264,POP_BALLAD,deterministic_mapping,1.0,,,unavailable,data/lyrics/RMVM_S_7bf0c6f13d.txt,verified_local,,unavailable,,missing,TIER_A,LYRICS_ONLY,train
RMVM_S_7c04578685,Chắc Có Lẽ Em Đã Quên,erdivii,ART_3780f71251,BOLERO_TRUTINH,deterministic_mapping,1.0,,,unavailable,,unavailable,data/covers/RMVM_S_7c04578685.jpg,verified_local,,missing,TIER_A,COVER_ONLY,train
RMVM_S_7c1c7d7215,Có Em Là Nhà,GiGi Hương Giang,ART_9be47a5fc7,POP_BALLAD,deterministic_mapping,1.0,,,unavailable,data/lyrics/RMVM_S_7c1c7d7215.txt,verified_local,,unavailable,,missing,TIER_A,LYRICS_ONLY,train
RMVM_S_7c331c414f,Bỏ Anh Đi,Renny Hiếu,ART_190acbbf07,POP_BALLAD,deterministic_mapping,1.0,,,unavailable,data/lyrics/RMVM_S_7c331c414f.txt,verified_local,,unavailable,,missing,TIER_A,LYRICS_ONLY,train
RMVM_S_7c33667598,Nơi Ấy Là Trường Sa,"Đức Tuấn, Xuân Nghĩa",ART_8858e21ffd,POP_BALLAD,deterministic_mapping,1.0,,,unavailable,data/lyrics/RMVM_S_7c33667598.txt,verified_local,,unavailable,2023.0,verified,TIER_A,LYRICS_ONLY,train
RMVM_S_7c3af1fa25,Bên Anh Lần Cuối (One More Night),Vĩnh Thuyên Kim,ART_b5e4af47bb,POP_BALLAD,deterministic_mapping,1.0,,,unavailable,data/lyrics/RMVM_S_7c3af1fa25.txt,verified_local,,unavailable,,missing,TIER_A,LYRICS_ONLY,train
RMVM_S_7c47509be0,Mashup Nơi Đâu Tìm Thấy Em,Chu Bin,ART_9abe6c859e,POP_BALLAD,deterministic_mapping,1.0,,,unavailable,data/lyrics/RMVM_S_7c47509be0.txt,verified_local,,unavailable,,missing,TIER_A,LYRICS_ONLY,train
RMVM_S_7c48fa673e,Cánh Hoa Lẻ Loi,Lưu Mỹ Linh,ART_3af7402bd1,BOLERO_TRUTINH,deterministic_mapping,0.85,,,unavailable,,unavailable,,unavailable,,missing,TIER_B,METADATA_ONLY,train
RMVM_S_7c491c9243,Bên Nhau Ta Say Đêm Nay,Trini,ART_94865d09f1,POP_BALLAD,deterministic_mapping,1.0,,,unavailable,data/lyrics/RMVM_S_7c491c9243.txt,verified_local,,unavailable,,missing,TIER_A,LYRICS_ONLY,train
RMVM_S_7c49b4e033,Cứ Ngỡ Là Anh (Vinahouse),Đinh Tùng Huy,ART_e1ad17266c,DANCE_EDM,deterministic_mapping,1.0,,,unavailable,data/lyrics/RMVM_S_7c49b4e033.txt,verified_local,,unavailable,,missing,TIER_A,LYRICS_ONLY,train
RMVM_S_7c52424089,Mùa Xuân Cô Đơn,Khánh Đơn,ART_3057e7080f,POP_BALLAD,deterministic_mapping,1.0,,,unavailable,data/lyrics/RMVM_S_7c52424089.txt,verified_local,,unavailable,,missing,TIER_A,LYRICS_ONLY,train
RMVM_S_7c545217a2,Một Người Không Thể Yêu Hai Lần,Puns F,ART_8d57dc42b7,POP_BALLAD,deterministic_mapping,1.0,,,unavailable,data/lyrics/RMVM_S_7c545217a2.txt,verified_local,,unavailable,,missing,TIER_A,LYRICS_ONLY,train
RMVM_S_7c5c4a3c3b,Chàng Trai Si Tình,Đạt Long Vinh,ART_a0ffd3fdc0,BOLERO_TRUTINH,deterministic_mapping,1.0,,,unavailable,data/lyrics/RMVM_S_7c5c4a3c3b.txt,verified_local,,unavailable,,missing,TIER_A,LYRICS_ONLY,train
RMVM_S_7c60b37537,Liên Khúc Nếu Đời Không Có Em,"Trung Nghĩa, Lâm Minh Khôi",ART_ab30be00a9,BOLERO_TRUTINH,deterministic_mapping,1.0,,,unavailable,data/lyrics/RMVM_S_7c60b37537.txt,verified_local,,unavailable,,missing,TIER_A,LYRICS_ONLY,train
RMVM_S_7c6715c1e7,Tình duyên đầu năm,"Mai Tuấn, Yến Khoa",ART_49a38edf0d,BOLERO_TRUTINH,deterministic_mapping,1.0,,,unavailable,data/lyrics/RMVM_S_7c6715c1e7.txt,verified_local,,unavailable,,missing,TIER_A,LYRICS_ONLY,train
RMVM_S_7c73293bcc,Món Quà Đầu Tiên,Nguyễn Minh Hải,ART_688f3c4c90,POP_BALLAD,deterministic_mapping,1.0,,,unavailable,data/lyrics/RMVM_S_7c73293bcc.txt,verified_local,,unavailable,,missing,TIER_A,LYRICS_ONLY,train
RMVM_S_7c7879736a,Còn Đâu Nữa,Trịnh Tuấn Vỹ,ART_12f2bbbb35,POP_BALLAD,deterministic_mapping,1.0,,,unavailable,data/lyrics/RMVM_S_7c7879736a.txt,verified_local,,unavailable,,missing,TIER_A,LYRICS_ONLY,train
RMVM_S_7cab5992b0,Dâu Thiên Hạ,Suboi,ART_7b7ae56247,POP_BALLAD,deterministic_mapping,1.0,,,unavailable,data/lyrics/RMVM_S_7cab5992b0.txt,verified_local,,unavailable,,missing,TIER_A,LYRICS_ONLY,train
RMVM_S_7caed9feea,Em Hơi Mệt Với Bạn Thân Anh,"Hương Giang, Trang Pháp, Masew",ART_93bbb2062a,POP_BALLAD,deterministic_mapping,1.0,,,unavailable,data/lyrics/RMVM_S_7caed9feea.txt,verified_local,,unavailable,,missing,TIER_A,LYRICS_ONLY,train
RMVM_S_7cbfcdc9c7,Đổng Trác Từ Lữ Bố,"Hồng Vân, Hoài Linh, Cẩm Ly",ART_87ab17e7b3,POP_BALLAD,deterministic_mapping,1.0,,,unavailable,data/lyrics/RMVM_S_7cbfcdc9c7.txt,verified_local,,unavailable,,missing,TIER_A,LYRICS_ONLY,train
RMVM_S_7cc1ecf863,Phai Phôi,"KHOA, NVM, MTK",ART_edb98c6f54,POP_BALLAD,deterministic_mapping,1.0,,,unavailable,data/lyrics/RMVM_S_7cc1ecf863.txt,verified_local,,unavailable,,missing,TIER_A,LYRICS_ONLY,train
RMVM_S_7ce08f1745,Chắc Do Em Đã Sai (WRC REMIX),Nhiều nghệ sĩ,ART_736b531937,DANCE_EDM,deterministic_mapping,1.0,,,unavailable,data/lyrics/RMVM_S_7ce08f1745.txt,verified_local,,unavailable,,missing,TIER_A,LYRICS_ONLY,train
RMVM_S_7ce9f07e2e,Hồi Ức Lan Và Điệp (New Version),"Vũ Hoàng, Thạch Thảo",ART_98bbd428dd,BOLERO_TRUTINH,deterministic_mapping,1.0,,,unavailable,data/lyrics/RMVM_S_7ce9f07e2e.txt,verified_local,data/covers/RMVM_S_7ce9f07e2e.jpg,verified_local,,missing,TIER_A,LYRICS_COVER,train
RMVM_S_7cf423e459,Vì Nếu Yêu Em Anh Sẽ,"YLing, Drum7",ART_eb9543ce67,POP_BALLAD,deterministic_mapping,1.0,,,unavailable,data/lyrics/RMVM_S_7cf423e459.txt,verified_local,,unavailable,,missing,TIER_A,LYRICS_ONLY,train
RMVM_S_7d0c9e4500,Chạnh Lòng Thương Cô (Remix),"Huy Vạc, Non Hanta, Hiderway",ART_ef944fb13b,POP_BALLAD,deterministic_mapping,1.0,,,unavailable,data/lyrics/RMVM_S_7d0c9e4500.txt,verified_local,,unavailable,,missing,TIER_A,LYRICS_ONLY,train
RMVM_S_7d1f578fdb,Con Mến,"Sino, Wikey",ART_5021658fd0,POP_BALLAD,deterministic_mapping,1.0,,,unavailable,data/lyrics/RMVM_S_7d1f578fdb.txt,verified_local,data/covers/RMVM_S_7d1f578fdb.jpg,verified_local,,missing,TIER_A,LYRICS_COVER,train
RMVM_S_7d24000321,Chỉ Cần Bạn Có Mặt (Ngày Hội Liên Quân 2024),Nhiều nghệ sĩ,ART_736b531937,RAP_HIPHOP,deterministic_mapping,1.0,,,unavailable,data/lyrics/RMVM_S_7d24000321.txt,verified_local,data/covers/RMVM_S_7d24000321.jpg,verified_local,2024.0,verified,TIER_A,LYRICS_COVER,train
RMVM_S_7d29133542,Anh Không Muốn Làm Người Lạ,Lữ Kiến Hào,ART_7b6ebeffae,POP_BALLAD,deterministic_mapping,1.0,,,unavailable,data/lyrics/RMVM_S_7d29133542.txt,verified_local,,unavailable,,missing,TIER_A,LYRICS_ONLY,train
RMVM_S_7d2b3b4feb,Điệu Nhạc Vui,Thanh Thảo,ART_27d4425bab,POP_BALLAD,deterministic_mapping,1.0,,,unavailable,data/lyrics/RMVM_S_7d2b3b4feb.txt,verified_local,,unavailable,,missing,TIER_A,LYRICS_ONLY,train
RMVM_S_7d324a7893,Anh Là Con Rối Của Em (Beat),Dương Nhất Linh,ART_02796cb87a,POP_BALLAD,deterministic_mapping,1.0,,,unavailable,,unavailable,data/covers/RMVM_S_7d324a7893.jpg,verified_local,,missing,TIER_A,COVER_ONLY,train
RMVM_S_7d3da5249d,Đi Tìm Chúa Tôi,"Don Hồ, Phùng Ý Nhi, Kenny Thái",ART_2cd3b28c21,POP_BALLAD,deterministic_mapping,1.0,,,unavailable,data/lyrics/RMVM_S_7d3da5249d.txt,verified_local,,unavailable,,missing,TIER_A,LYRICS_ONLY,train
RMVM_S_7d48a819c1,Người Đẹp (New Version),Sala Uyên Trinh,ART_8ff8cb2d1b,POP_BALLAD,deterministic_mapping,1.0,,,unavailable,data/lyrics/RMVM_S_7d48a819c1.txt,verified_local,,unavailable,,missing,TIER_A,LYRICS_ONLY,train
RMVM_S_7d49a4f6c8,Biến Tan,Hoàng Hải Thoại,ART_543ee43287,POP_BALLAD,deterministic_mapping,1.0,,,unavailable,data/lyrics/RMVM_S_7d49a4f6c8.txt,verified_local,,unavailable,,missing,TIER_A,LYRICS_ONLY,train
RMVM_S_7d657c6292,Tân Cổ Bạc Trắng Lửa Hồng,"Nguyên Hùng, Hồng Yến",ART_4ef9fcdfe3,BOLERO_TRUTINH,deterministic_mapping,1.0,,,unavailable,data/lyrics/RMVM_S_7d657c6292.txt,verified_local,,unavailable,,missing,TIER_A,LYRICS_ONLY,train
RMVM_S_7d6a6e59f9,Alo Anh À,"YuniBoo, Misabae",ART_2e7d4d0265,POP_BALLAD,deterministic_mapping,1.0,,,unavailable,data/lyrics/RMVM_S_7d6a6e59f9.txt,verified_local,,unavailable,,missing,TIER_A,LYRICS_ONLY,train
RMVM_S_7d76b18de3,Giọt Đàn Thạch Sanh,MTV,ART_88eaac40b2,POP_BALLAD,deterministic_mapping,1.0,,,unavailable,data/lyrics/RMVM_S_7d76b18de3.txt,verified_local,,unavailable,,missing,TIER_A,LYRICS_ONLY,train
RMVM_S_7da53beb97,Bao Giờ Em Lấy Chồng,Mai Thiên Vân,ART_24d0551951,INSTRUMENTAL,source_tag_verification,0.85,,,unavailable,data/lyrics/RMVM_S_7da53beb97.txt,verified_local,,unavailable,,missing,TIER_B,LYRICS_ONLY,train
RMVM_S_7da8d56815,Đợi Anh (Beat),Hà Lan Phương,ART_9ba379fe64,BOLERO_TRUTINH,deterministic_mapping,1.0,,,unavailable,data/lyrics/RMVM_S_7da8d56815.txt,verified_local,,unavailable,,missing,TIER_A,LYRICS_ONLY,train
RMVM_S_7de9f2c8a2,Ngã Ba Đường Hai Người Đi,Trương Như Anh,ART_fe44284910,POP_BALLAD,deterministic_mapping,1.0,,,unavailable,data/lyrics/RMVM_S_7de9f2c8a2.txt,verified_local,,unavailable,,missing,TIER_A,LYRICS_ONLY,train
RMVM_S_7df09d918c,Sau Một Hạnh Phúc,Lưu Ánh Loan,ART_72a4147195,POP_BALLAD,deterministic_mapping,1.0,,,unavailable,data/lyrics/RMVM_S_7df09d918c.txt,verified_local,,unavailable,,missing,TIER_A,LYRICS_ONLY,train
RMVM_S_7df9cd5337,Thở Đều Em Nhé,Thanh Ngọc,ART_55a2673c86,BOLERO_TRUTINH,deterministic_mapping,1.0,,,unavailable,data/lyrics/RMVM_S_7df9cd5337.txt,verified_local,,unavailable,,missing,TIER_A,LYRICS_ONLY,train
RMVM_S_7e037200ce,Chỉ Là Hạt Mưa,Lyna Thùy Linh,ART_0556671fc2,POP_BALLAD,deterministic_mapping,1.0,,,unavailable,data/lyrics/RMVM_S_7e037200ce.txt,verified_local,data/covers/RMVM_S_7e037200ce.jpg,verified_local,,missing,TIER_A,LYRICS_COVER,train
RMVM_S_7e2cc820f9,Muốn Quên Không Đành,Phi Bằng,ART_7111f18e6a,BOLERO_TRUTINH,deterministic_mapping,1.0,,,unavailable,data/lyrics/RMVM_S_7e2cc820f9.txt,verified_local,,unavailable,,missing,TIER_A,LYRICS_ONLY,train
RMVM_S_7e47264b76,Thà Khóc Lên Cho Nhẹ Lòng (Lofi Version),Du Thiên,ART_e5652c266a,POP_BALLAD,deterministic_mapping,1.0,,,unavailable,data/lyrics/RMVM_S_7e47264b76.txt,verified_local,,unavailable,,missing,TIER_A,LYRICS_ONLY,train
RMVM_S_7e4d0f348b,Giang Hải Không Độ Nàng (Cover),"Kiều Thơ Mellow, DinhLong",ART_a7b3420617,POP_BALLAD,deterministic_mapping,1.0,,,unavailable,data/lyrics/RMVM_S_7e4d0f348b.txt,verified_local,data/covers/RMVM_S_7e4d0f348b.jpg,verified_local,,missing,TIER_A,LYRICS_COVER,train
RMVM_S_7e60ba659b,Nhật Hạ Mái Nhà Chung,"Mr Hero, Bé Kim Anh",ART_1a61afc9de,POP_BALLAD,deterministic_mapping,1.0,,,unavailable,data/lyrics/RMVM_S_7e60ba659b.txt,verified_local,,unavailable,,missing,TIER_A,LYRICS_ONLY,train
RMVM_S_7e6e5580d0,Liệu Ta Sẽ,"Phạm Đình Thái Ngân, Annie",ART_e45b4d373f,POP_BALLAD,deterministic_mapping,1.0,,,unavailable,data/lyrics/RMVM_S_7e6e5580d0.txt,verified_local,,unavailable,,missing,TIER_A,LYRICS_ONLY,train
RMVM_S_7e78b51fd6,Bước Đến Đỉnh Cao,Việt Quang,ART_b5db6a5479,POP_BALLAD,deterministic_mapping,1.0,,,unavailable,data/lyrics/RMVM_S_7e78b51fd6.txt,verified_local,,unavailable,,missing,TIER_A,LYRICS_ONLY,train
RMVM_S_7e94c6397a,Chuyện Lòng Người Ca Sỹ,Hoàng Hoa,ART_6275f9a500,BOLERO_TRUTINH,deterministic_mapping,1.0,,,unavailable,data/lyrics/RMVM_S_7e94c6397a.txt,verified_local,,unavailable,,missing,TIER_A,LYRICS_ONLY,train
RMVM_S_7eb8d6c378,Chiều Mưa Vĩ Dạ,Vân Khánh,ART_fdc4292814,FOLK_TRADITIONAL,deterministic_mapping,1.0,,,unavailable,data/lyrics/RMVM_S_7eb8d6c378.txt,verified_local,data/covers/RMVM_S_7eb8d6c378.jpg,verified_local,,missing,TIER_A,LYRICS_COVER,train
RMVM_S_7ecdbf2533,Bé Ơi Hãy Nhớ,Bé Tú Anh,ART_078cddeba1,CHILDREN,deterministic_mapping,1.0,,,unavailable,data/lyrics/RMVM_S_7ecdbf2533.txt,verified_local,,unavailable,,missing,TIER_A,LYRICS_ONLY,train
RMVM_S_7ed0aebb35,Là Vì Ai (Another Version),The Sheep,ART_34bcd0bb75,POP_BALLAD,deterministic_mapping,1.0,,,unavailable,data/lyrics/RMVM_S_7ed0aebb35.txt,verified_local,,unavailable,,missing,TIER_A,LYRICS_ONLY,train
RMVM_S_7ee57225a5,Dấu Vết Cuộc Tình,Xuân Phú,ART_757fe4b862,BOLERO_TRUTINH,deterministic_mapping,1.0,,,unavailable,data/lyrics/RMVM_S_7ee57225a5.txt,verified_local,,unavailable,,missing,TIER_A,LYRICS_ONLY,train
RMVM_S_7ef79817cc,Cũng Hóa Người Dưng,Vũ Phan Dương Ninh,ART_23e0ac80c3,POP_BALLAD,deterministic_mapping,1.0,,,unavailable,data/lyrics/RMVM_S_7ef79817cc.txt,verified_local,,unavailable,,missing,TIER_A,LYRICS_ONLY,train
RMVM_S_7efc36be17,Rap Về Monkey D Luffy,Phan Ann,ART_07345cf2b0,RAP_HIPHOP,deterministic_mapping,1.0,,,unavailable,data/lyrics/RMVM_S_7efc36be17.txt,verified_local,,unavailable,,missing,TIER_A,LYRICS_ONLY,train
RMVM_S_7efef6141d,Sẽ Không Còn,Hoàng Lê Vi,ART_6a3a7d6943,POP_BALLAD,deterministic_mapping,1.0,,,unavailable,data/lyrics/RMVM_S_7efef6141d.txt,verified_local,,unavailable,,missing,TIER_A,LYRICS_ONLY,train
RMVM_S_7f0ee4b8df,Cho Em Một Lần Yêu (Chips Lofi),BEAN,ART_46086bc60b,POP_BALLAD,deterministic_mapping,1.0,,,unavailable,data/lyrics/RMVM_S_7f0ee4b8df.txt,verified_local,,unavailable,,missing,TIER_A,LYRICS_ONLY,train
RMVM_S_7f1e426c5e,Đợi Cho Những Hạt Mưa Ngừng Rơi,Việt Athen,ART_236efdb322,POP_BALLAD,deterministic_mapping,1.0,,,unavailable,data/lyrics/RMVM_S_7f1e426c5e.txt,verified_local,,unavailable,,missing,TIER_A,LYRICS_ONLY,train
RMVM_S_7f5be30840,Ngày Mưa (Acoustic Version),Nguyễn Hồng Ân,ART_7633be609c,POP_BALLAD,deterministic_mapping,1.0,,,unavailable,data/lyrics/RMVM_S_7f5be30840.txt,verified_local,,unavailable,,missing,TIER_A,LYRICS_ONLY,train
RMVM_S_7f684887ec,Nhớ Về Cuộc Tình,Xuân Phú,ART_757fe4b862,BOLERO_TRUTINH,deterministic_mapping,1.0,,,unavailable,data/lyrics/RMVM_S_7f684887ec.txt,verified_local,,unavailable,,missing,TIER_A,LYRICS_ONLY,train
RMVM_S_7f6f3d9f3e,Thả Tim Gái Nghệ,"HanDrytion, Đinh Nguyệt Hằng, Thái Quỳnh",ART_069c781344,POP_BALLAD,deterministic_mapping,1.0,,,unavailable,data/lyrics/RMVM_S_7f6f3d9f3e.txt,verified_local,,unavailable,,missing,TIER_A,LYRICS_ONLY,train
RMVM_S_7f79e33b5b,Đành Chôn Theo Quên Lãng,"Nhật Trung, La Sương Sương",ART_2cacfd7dd5,INSTRUMENTAL,source_tag_verification,0.85,,,unavailable,data/lyrics/RMVM_S_7f79e33b5b.txt,verified_local,,unavailable,,missing,TIER_B,LYRICS_ONLY,train
RMVM_S_7f910b21bd,Anh Vẫn Ở Đây (Đạt R Remix),"Thành Đạt, HOA HỒNG DẠI MUSIC",ART_2c5d64c868,DANCE_EDM,deterministic_mapping,1.0,,,unavailable,data/lyrics/RMVM_S_7f910b21bd.txt,verified_local,,unavailable,,missing,TIER_A,LYRICS_ONLY,train
RMVM_S_7fabb1d27a,Quan Trọng Là Tâm Hồn,"Namlee, 1nG",ART_7e2e34b88a,POP_BALLAD,deterministic_mapping,1.0,,,unavailable,data/lyrics/RMVM_S_7fabb1d27a.txt,verified_local,,unavailable,,missing,TIER_A,LYRICS_ONLY,train
RMVM_S_7fac468899,Cuộc Đời Công Nhân,"Giang Trường, Lâm Quang Long, Minh Thắng",ART_d1919ff29c,BOLERO_TRUTINH,deterministic_mapping,1.0,,,unavailable,data/lyrics/RMVM_S_7fac468899.txt,verified_local,,unavailable,,missing,TIER_A,LYRICS_ONLY,train
RMVM_S_7fc3b89689,Cho Em X Đôi Mắt,Thiên Minh,ART_36c48c92c3,POP_BALLAD,deterministic_mapping,1.0,,,unavailable,data/lyrics/RMVM_S_7fc3b89689.txt,verified_local,data/covers/RMVM_S_7fc3b89689.jpg,verified_local,2024.0,verified,TIER_A,LYRICS_COVER,train
RMVM_S_800b4e60bd,Trốn Tránh,Bằng Cường,ART_92092d6cfb,POP_BALLAD,deterministic_mapping,1.0,,,unavailable,data/lyrics/RMVM_S_800b4e60bd.txt,verified_local,,unavailable,,missing,TIER_A,LYRICS_ONLY,train
RMVM_S_8021ad0d06,Bí Mật Nỗi Đau,Toàn Temo,ART_886200fcc9,POP_BALLAD,deterministic_mapping,1.0,,,unavailable,data/lyrics/RMVM_S_8021ad0d06.txt,verified_local,,unavailable,,missing,TIER_A,LYRICS_ONLY,train
RMVM_S_802398214b,Một Khúc Ca Xưa,"Thiên Kim, Quốc Hùng",ART_295b40f147,INSTRUMENTAL,source_tag_verification,0.85,,,unavailable,data/lyrics/RMVM_S_802398214b.txt,verified_local,,unavailable,,missing,TIER_B,LYRICS_ONLY,train
RMVM_S_806d45a2da,Vằng Trăng Cô Đơn (Chạm Liveshow),Ưng Hoàng Phúc,ART_f2f942414d,POP_BALLAD,deterministic_mapping,1.0,,,unavailable,data/lyrics/RMVM_S_806d45a2da.txt,verified_local,,unavailable,,missing,TIER_A,LYRICS_ONLY,train
RMVM_S_807516e3d3,Dù Người Đã Xa,Uyên Trang,ART_2b3ec29762,POP_BALLAD,deterministic_mapping,1.0,,,unavailable,data/lyrics/RMVM_S_807516e3d3.txt,verified_local,,unavailable,,missing,TIER_A,LYRICS_ONLY,train
RMVM_S_807efdb56b,Đêm Mưa Sài Gòn,Nam Vương Bảo Lê,ART_7e2747d6d4,POP_BALLAD,deterministic_mapping,1.0,,,unavailable,data/lyrics/RMVM_S_807efdb56b.txt,verified_local,,unavailable,,missing,TIER_A,LYRICS_ONLY,train
RMVM_S_808aa3d6ea,Chào Quê Hương Vui Bước Lên Đường,Minh Thế,ART_cf649ed8aa,POP_BALLAD,deterministic_mapping,1.0,,,unavailable,data/lyrics/RMVM_S_808aa3d6ea.txt,verified_local,,unavailable,,missing,TIER_A,LYRICS_ONLY,train
RMVM_S_80b9ca8b2f,Chớ Để Nắng Tàn,Trọng Nghĩa,ART_6fe11ffe30,BOLERO_TRUTINH,deterministic_mapping,1.0,,,unavailable,,unavailable,data/covers/RMVM_S_80b9ca8b2f.jpg,verified_local,,missing,TIER_A,COVER_ONLY,train
RMVM_S_80c42f8c5c,Hận Mình Tay Trắng (Yang Remix),Thành Đạt,ART_7abef207dc,DANCE_EDM,deterministic_mapping,1.0,,,unavailable,data/lyrics/RMVM_S_80c42f8c5c.txt,verified_local,,unavailable,,missing,TIER_A,LYRICS_ONLY,train
RMVM_S_8100335bc1,Em Hay Lắm,Phạm Trưởng,ART_4d4476e4b2,POP_BALLAD,deterministic_mapping,1.0,,,unavailable,data/lyrics/RMVM_S_8100335bc1.txt,verified_local,,unavailable,,missing,TIER_A,LYRICS_ONLY,train
RMVM_S_81039c04f6,Có Ai Vô Hình Trong Tôi,Neon,ART_a63728c09c,POP_BALLAD,deterministic_mapping,1.0,,,unavailable,data/lyrics/RMVM_S_81039c04f6.txt,verified_local,,unavailable,,missing,TIER_A,LYRICS_ONLY,train
RMVM_S_810dd2adf9,Hãy Khóc Trên Vai Anh,Uni5,ART_367a25643c,POP_BALLAD,deterministic_mapping,1.0,,,unavailable,data/lyrics/RMVM_S_810dd2adf9.txt,verified_local,,unavailable,,missing,TIER_A,LYRICS_ONLY,train
RMVM_S_811875430c,Chiều Lên Đỉnh Sa Mù,Trang Nhung,ART_8d87063614,POP_BALLAD,deterministic_mapping,1.0,,,unavailable,data/lyrics/RMVM_S_811875430c.txt,verified_local,,unavailable,,missing,TIER_A,LYRICS_ONLY,train
RMVM_S_811a63c7b5,Ai Là Người Thương Em (Remix),Quân A.P,ART_6e8fa15c39,POP_BALLAD,deterministic_mapping,1.0,,,unavailable,data/lyrics/RMVM_S_811a63c7b5.txt,verified_local,data/covers/RMVM_S_811a63c7b5.jpg,verified_local,,missing,TIER_A,LYRICS_COVER,train
RMVM_S_8139832583,Bên Cầu Ô Thước,Loan Châu,ART_330a874d37,BOLERO_TRUTINH,deterministic_mapping,1.0,,,unavailable,,unavailable,data/covers/RMVM_S_8139832583.jpg,verified_local,,missing,TIER_A,COVER_ONLY,train
RMVM_S_814fa10d68,Khi Bạn Cần Có Tôi Đây (Qinn Remix),"Qinn Media, Tô Gia Tuấn, Minh Tâm",ART_0650a52f62,POP_BALLAD,deterministic_mapping,1.0,,,unavailable,data/lyrics/RMVM_S_814fa10d68.txt,verified_local,,unavailable,,missing,TIER_A,LYRICS_ONLY,train
RMVM_S_815165d51c,Trăm Năm Không Quên (DJ Hiếu Phan Remix),Quang Hà,ART_ec331abb47,POP_BALLAD,deterministic_mapping,1.0,,,unavailable,data/lyrics/RMVM_S_815165d51c.txt,verified_local,,unavailable,,missing,TIER_A,LYRICS_ONLY,train
RMVM_S_81761524bb,Chỉ Là Anh Cảm Thấy Tổn Thương,Jang Nguyễn,ART_3cb362b3c3,POP_BALLAD,deterministic_mapping,1.0,,,unavailable,data/lyrics/RMVM_S_81761524bb.txt,verified_local,,unavailable,,missing,TIER_A,LYRICS_ONLY,train
RMVM_S_817fc65b2a,Đã Đến Lúc Phải Xa Nhau,Ưng Hoàng Phúc,ART_f2f942414d,POP_BALLAD,deterministic_mapping,0.85,,,unavailable,,unavailable,,unavailable,,missing,TIER_B,METADATA_ONLY,train
RMVM_S_81805c85f9,Âm Thanh Của Nỗi Nhớ Anh / 是想你的声音啊,Ngạo Thất Gia,ART_c13840a37c,POP_BALLAD,deterministic_mapping,1.0,,,unavailable,,unavailable,data/covers/RMVM_S_81805c85f9.jpg,verified_local,,missing,TIER_A,COVER_ONLY,train
RMVM_S_81cd79e251,Vì Sao Em Khóa Máy,Lâm Chấn Huy,ART_6c383e0ed1,POP_BALLAD,deterministic_mapping,1.0,,,unavailable,data/lyrics/RMVM_S_81cd79e251.txt,verified_local,,unavailable,,missing,TIER_A,LYRICS_ONLY,train
RMVM_S_8201bdc7bc,Có Khi Nào Em Biết,Hoàng Nghiệp,ART_b75e91f356,POP_BALLAD,deterministic_mapping,1.0,,,unavailable,data/lyrics/RMVM_S_8201bdc7bc.txt,verified_local,,unavailable,,missing,TIER_A,LYRICS_ONLY,train
RMVM_S_82379c78c6,Yêu Anh Em Nhé,Tuấn 2T,ART_4a07e338d7,POP_BALLAD,deterministic_mapping,1.0,,,unavailable,data/lyrics/RMVM_S_82379c78c6.txt,verified_local,,unavailable,,missing,TIER_A,LYRICS_ONLY,train
RMVM_S_82795a500e,Bác Đang Cùng Chúng Cháu Hành Quân,"Quang Thọ, Trọng Thủy",ART_901fb3465c,REVOLUTIONARY,provenance_metadata_verification,0.85,,,unavailable,data/lyrics/RMVM_S_82795a500e.txt,verified_local,,unavailable,,missing,TIER_B,LYRICS_ONLY,train
RMVM_S_8290a43586,Nói Chia Tay Thật Khó,"Thùy Chi, Trấn Thành",ART_8c5346200b,POP_BALLAD,deterministic_mapping,1.0,,,unavailable,data/lyrics/RMVM_S_8290a43586.txt,verified_local,data/covers/RMVM_S_8290a43586.jpg,verified_local,,missing,TIER_A,LYRICS_COVER,train
RMVM_S_829bd347e8,Về Giữa Mùa Sen,Thanh Tài,ART_2cd0ffc096,BOLERO_TRUTINH,deterministic_mapping,1.0,,,unavailable,data/lyrics/RMVM_S_829bd347e8.txt,verified_local,,unavailable,,missing,TIER_A,LYRICS_ONLY,train
RMVM_S_82b8f6b58f,Anh Có Con Công,Jin Tuấn Nam,ART_ee9d1be130,POP_BALLAD,deterministic_mapping,1.0,,,unavailable,data/lyrics/RMVM_S_82b8f6b58f.txt,verified_local,,unavailable,,missing,TIER_A,LYRICS_ONLY,train
RMVM_S_82bec4b262,Dế Welcome,"Hà Okio, Thu Minh",ART_82dd8f11c9,POP_BALLAD,deterministic_mapping,1.0,,,unavailable,data/lyrics/RMVM_S_82bec4b262.txt,verified_local,,unavailable,,missing,TIER_A,LYRICS_ONLY,train
RMVM_S_82cad612e8,Anh Ba Khía,Bé Dương Hoàng Anh,ART_984d8d5d85,FOLK_TRADITIONAL,deterministic_mapping,1.0,,,unavailable,data/lyrics/RMVM_S_82cad612e8.txt,verified_local,,unavailable,,missing,TIER_A,LYRICS_ONLY,train
RMVM_S_82d1043dae,Chiếc Đèn Ông Sao,"Bé Thanh Ngân, LalaTv",ART_d1416787db,CHILDREN,deterministic_mapping,1.0,,,unavailable,data/lyrics/RMVM_S_82d1043dae.txt,verified_local,,unavailable,,missing,TIER_A,LYRICS_ONLY,train
RMVM_S_82e6ece52e,Có Phải Người Dưng,Bằng Kiều,ART_e70c837c14,INSTRUMENTAL,source_tag_verification,0.85,,,unavailable,data/lyrics/RMVM_S_82e6ece52e.txt,verified_local,,unavailable,,missing,TIER_B,LYRICS_ONLY,train
RMVM_S_82e7c6d451,Anh Đang Nơi Đâu (Khắc Hưng Remix),Miu Lê,ART_ea6f9ba7a6,POP_BALLAD,deterministic_mapping,1.0,,,unavailable,data/lyrics/RMVM_S_82e7c6d451.txt,verified_local,,unavailable,,missing,TIER_A,LYRICS_ONLY,train
RMVM_S_830f89be7b,Túp Lều Lý Tưởng,"Lương Gia Huy, Nhật Kim Anh",ART_04f220f055,POP_BALLAD,deterministic_mapping,1.0,,,unavailable,data/lyrics/RMVM_S_830f89be7b.txt,verified_local,,unavailable,,missing,TIER_A,LYRICS_ONLY,train
RMVM_S_8329e12390,Ta Hỏi Phật,Tuấn Nguyễn,ART_195f0adb6b,POP_BALLAD,deterministic_mapping,1.0,,,unavailable,data/lyrics/RMVM_S_8329e12390.txt,verified_local,,unavailable,,missing,TIER_A,LYRICS_ONLY,train
RMVM_S_8336d5a76d,Anh Có Chắc Họ Thương Anh Cả Đời,Tú Na,ART_5f658950aa,POP_BALLAD,deterministic_mapping,1.0,,,unavailable,data/lyrics/RMVM_S_8336d5a76d.txt,verified_local,,unavailable,,missing,TIER_A,LYRICS_ONLY,train
RMVM_S_83720c5329,LK Người Yêu Cô Đơn - Đập Vỡ Cây Đàn,Tuấn Khương,ART_ba50429312,BOLERO_TRUTINH,deterministic_mapping,1.0,,,unavailable,,unavailable,data/covers/RMVM_S_83720c5329.jpg,verified_local,,missing,TIER_A,COVER_ONLY,train
RMVM_S_8372dc4e78,Tìm Lại Người Xưa,Lưu Vĩnh Yên,ART_2d6b3489d6,BOLERO_TRUTINH,deterministic_mapping,1.0,,,unavailable,,unavailable,data/covers/RMVM_S_8372dc4e78.jpg,verified_local,,missing,TIER_A,COVER_ONLY,train
RMVM_S_8373765fe1,Chuyện Của Mùa Đông,"Anh Tú, XHTĐRLX, Forest Studio",ART_101bb2ea8b,POP_BALLAD,deterministic_mapping,1.0,,,unavailable,data/lyrics/RMVM_S_8373765fe1.txt,verified_local,,unavailable,,missing,TIER_A,LYRICS_ONLY,train
RMVM_S_837c32233d,Em Quá Đáng Lắm Luôn Á,Phong Supin,ART_e40e495cd4,POP_BALLAD,deterministic_mapping,1.0,,,unavailable,data/lyrics/RMVM_S_837c32233d.txt,verified_local,,unavailable,,missing,TIER_A,LYRICS_ONLY,train
RMVM_S_8390c6a9e3,Kiếp Ngục Tù,Gia Huy Singer,ART_65b773d175,POP_BALLAD,deterministic_mapping,1.0,,,unavailable,data/lyrics/RMVM_S_8390c6a9e3.txt,verified_local,,unavailable,,missing,TIER_A,LYRICS_ONLY,train
RMVM_S_83a2142bfb,Mashup Ôi Tình Yêu - Ok Chia Tay,Vĩnh Thuyên Kim,ART_b5e4af47bb,POP_BALLAD,deterministic_mapping,1.0,,,unavailable,data/lyrics/RMVM_S_83a2142bfb.txt,verified_local,,unavailable,,missing,TIER_A,LYRICS_ONLY,train
RMVM_S_83a3cf729f,Liên Khúc Một Chuyến Xe Hoa - Yêu Trong Nghịch Cảnh,"Thanh Ngân, Hồ Quốc Bửu",ART_b9482fdee1,BOLERO_TRUTINH,deterministic_mapping,1.0,,,unavailable,data/lyrics/RMVM_S_83a3cf729f.txt,verified_local,data/covers/RMVM_S_83a3cf729f.jpg,verified_local,,missing,TIER_A,LYRICS_COVER,train
RMVM_S_83c053baf7,Tết Này Con Sẽ Về,Dương Jun,ART_12327db343,POP_BALLAD,deterministic_mapping,1.0,,,unavailable,data/lyrics/RMVM_S_83c053baf7.txt,verified_local,,unavailable,2024.0,verified,TIER_A,LYRICS_ONLY,train
RMVM_S_83d105d1fc,Em Mong Chờ Anh,Mắt Ngọc,ART_6cfbee5e76,POP_BALLAD,deterministic_mapping,1.0,,,unavailable,data/lyrics/RMVM_S_83d105d1fc.txt,verified_local,,unavailable,,missing,TIER_A,LYRICS_ONLY,train
RMVM_S_83f1bceb73,Thương (Acoustic Version),Reddy,ART_3d2d73252a,POP_BALLAD,deterministic_mapping,1.0,,,unavailable,data/lyrics/RMVM_S_83f1bceb73.txt,verified_local,,unavailable,,missing,TIER_A,LYRICS_ONLY,train
RMVM_S_83fb56e8c7,"Mashup Gửi Người Yêu Cũ, Vỡ Tan",GiGi Hương Giang,ART_9be47a5fc7,POP_BALLAD,deterministic_mapping,1.0,,,unavailable,data/lyrics/RMVM_S_83fb56e8c7.txt,verified_local,,unavailable,,missing,TIER_A,LYRICS_ONLY,train
RMVM_S_84210c1b80,Gọi Là Người Dưng,Trung Dio,ART_c9e4cbe0ff,POP_BALLAD,deterministic_mapping,1.0,,,unavailable,data/lyrics/RMVM_S_84210c1b80.txt,verified_local,,unavailable,,missing,TIER_A,LYRICS_ONLY,train
RMVM_S_843b41c80b,Cô Hàng Nước,Ánh Tuyết,ART_d72564b10f,BOLERO_TRUTINH,deterministic_mapping,1.0,,,unavailable,data/lyrics/RMVM_S_843b41c80b.txt,verified_local,,unavailable,,missing,TIER_A,LYRICS_ONLY,train
RMVM_S_843f848a23,Trái Tim Dịu Dàng,Hồ Lệ Thu,ART_41699ad39a,BOLERO_TRUTINH,deterministic_mapping,1.0,,,unavailable,data/lyrics/RMVM_S_843f848a23.txt,verified_local,,unavailable,,missing,TIER_A,LYRICS_ONLY,train
RMVM_S_844730ca2b,Nỗi Lòng Của Anh,G5R Squad,ART_3d906ac03b,POP_BALLAD,deterministic_mapping,1.0,,,unavailable,data/lyrics/RMVM_S_844730ca2b.txt,verified_local,,unavailable,,missing,TIER_A,LYRICS_ONLY,train
RMVM_S_8460028c61,Đau Là Còn Thương,Võ Kiều Vân,ART_2f9e0bb814,POP_BALLAD,deterministic_mapping,1.0,,,unavailable,data/lyrics/RMVM_S_8460028c61.txt,verified_local,,unavailable,,missing,TIER_A,LYRICS_ONLY,train
RMVM_S_84632346d8,Anh Không Thể Quay Về,"Khang Ty, Trịnh Liên",ART_67030858f6,POP_BALLAD,deterministic_mapping,1.0,,,unavailable,data/lyrics/RMVM_S_84632346d8.txt,verified_local,,unavailable,,missing,TIER_A,LYRICS_ONLY,train
RMVM_S_847dc38e7e,Khi Người Yêu Lừa Dối,Ánh Minh,ART_0fe69296f8,INSTRUMENTAL,source_tag_verification,0.85,,,unavailable,data/lyrics/RMVM_S_847dc38e7e.txt,verified_local,,unavailable,,missing,TIER_B,LYRICS_ONLY,train
RMVM_S_8482d17f76,Đất Biển Quê Em,Đình Phước,ART_e1a44ab29b,BOLERO_TRUTINH,deterministic_mapping,1.0,,,unavailable,data/lyrics/RMVM_S_8482d17f76.txt,verified_local,,unavailable,,missing,TIER_A,LYRICS_ONLY,train
RMVM_S_8495430416,Con Gà Con,Bé Hồng Ân,ART_35f4e19dfa,CHILDREN,deterministic_mapping,1.0,,,unavailable,data/lyrics/RMVM_S_8495430416.txt,verified_local,,unavailable,,missing,TIER_A,LYRICS_ONLY,train
RMVM_S_84a05b47fa,Ba Má Anh,"Nhật Bảo Luân, Bỉnh Tài",ART_05a4baf098,POP_BALLAD,deterministic_mapping,1.0,,,unavailable,data/lyrics/RMVM_S_84a05b47fa.txt,verified_local,,unavailable,,missing,TIER_A,LYRICS_ONLY,train
RMVM_S_84b4de76db,Chúng Ta Là Tri Kỉ,Kim Ny Ngọc,ART_33f93ac48f,POP_BALLAD,deterministic_mapping,1.0,,,unavailable,data/lyrics/RMVM_S_84b4de76db.txt,verified_local,,unavailable,,missing,TIER_A,LYRICS_ONLY,train
RMVM_S_84bc94d3ff,Chỉ Có Một Người Để Yêu Trên Thế Gian (Piano Version),Mr. Siro,ART_2af03d03f2,POP_BALLAD,deterministic_mapping,1.0,,,unavailable,data/lyrics/RMVM_S_84bc94d3ff.txt,verified_local,,unavailable,,missing,TIER_A,LYRICS_ONLY,train
RMVM_S_84cfe9741c,Cây Đa Quán Dốc,LEO,ART_0f759dd1ea,POP_BALLAD,deterministic_mapping,1.0,,,unavailable,data/lyrics/RMVM_S_84cfe9741c.txt,verified_local,,unavailable,,missing,TIER_A,LYRICS_ONLY,train
RMVM_S_84e3b3f06e,Khúc Nhạc Vui,Huỳnh Tú,ART_275f409219,POP_BALLAD,deterministic_mapping,1.0,,,unavailable,data/lyrics/RMVM_S_84e3b3f06e.txt,verified_local,,unavailable,,missing,TIER_A,LYRICS_ONLY,train
RMVM_S_84e3e3badf,LK Tuổi Học Trò/Trường Cũ Tình Xưa,"Mai Thiên Vân, Quỳnh Dung",ART_690a682014,BOLERO_TRUTINH,deterministic_mapping,1.0,,,unavailable,,unavailable,,unavailable,,missing,TIER_A,METADATA_ONLY,train
RMVM_S_850439a706,Ông Noel Xuống Phó,Thủy Tiên,ART_e38c9f3061,BOLERO_TRUTINH,deterministic_mapping,1.0,,,unavailable,data/lyrics/RMVM_S_850439a706.txt,verified_local,,unavailable,,missing,TIER_A,LYRICS_ONLY,train
RMVM_S_85092a305c,Anh Buông Tay Rồi Đấy (Beat),Âu Nam Thái,ART_b6ac884bf2,POP_BALLAD,deterministic_mapping,1.0,,,unavailable,data/lyrics/RMVM_S_85092a305c.txt,verified_local,,unavailable,,missing,TIER_A,LYRICS_ONLY,train
RMVM_S_8514514163,Trở Về Bên Bến Xưa (Cover),Quách Tuấn Du,ART_9485266b7d,POP_BALLAD,deterministic_mapping,1.0,,,unavailable,data/lyrics/RMVM_S_8514514163.txt,verified_local,,unavailable,,missing,TIER_A,LYRICS_ONLY,train
RMVM_S_851ae9e97e,Nhật Ký Buồn,Trần Thành Long,ART_fe95790550,BOLERO_TRUTINH,deterministic_mapping,1.0,,,unavailable,data/lyrics/RMVM_S_851ae9e97e.txt,verified_local,,unavailable,,missing,TIER_A,LYRICS_ONLY,train
RMVM_S_8524cb8ab1,Liên Khúc Gõ Cửa,"Đăng Nguyên, Quỳnh Vy",ART_e08e9057cc,BOLERO_TRUTINH,deterministic_mapping,1.0,,,unavailable,data/lyrics/RMVM_S_8524cb8ab1.txt,verified_local,,unavailable,,missing,TIER_A,LYRICS_ONLY,train
RMVM_S_8526e17820,Đông Đến Kìa Em,Bằng Cường,ART_92092d6cfb,BOLERO_TRUTINH,deterministic_mapping,1.0,,,unavailable,data/lyrics/RMVM_S_8526e17820.txt,verified_local,,unavailable,,missing,TIER_A,LYRICS_ONLY,train
RMVM_S_85438f8069,Trong Cõi Địa Đàng,Phạm Đình Nam,ART_3f58477e76,BOLERO_TRUTINH,deterministic_mapping,1.0,,,unavailable,data/lyrics/RMVM_S_85438f8069.txt,verified_local,,unavailable,,missing,TIER_A,LYRICS_ONLY,train
RMVM_S_8545932185,Cứ Mãi Là Giấc Mơ,Hiền Thục,ART_0c3829059a,POP_BALLAD,deterministic_mapping,1.0,,,unavailable,data/lyrics/RMVM_S_8545932185.txt,verified_local,,unavailable,,missing,TIER_A,LYRICS_ONLY,train
RMVM_S_857c6be09f,Đôi Mắt Người Xưa,Trường Vũ,ART_9ba4540d1a,BOLERO_TRUTINH,deterministic_mapping,1.0,,,unavailable,data/lyrics/RMVM_S_857c6be09f.txt,verified_local,,unavailable,,missing,TIER_A,LYRICS_ONLY,train
RMVM_S_85836b7581,Ta Sẽ Trở Lại,Bức Tường,ART_376d48d912,POP_BALLAD,deterministic_mapping,1.0,,,unavailable,data/lyrics/RMVM_S_85836b7581.txt,verified_local,,unavailable,,missing,TIER_A,LYRICS_ONLY,train
RMVM_S_85a000102e,GIƠ TAY LÊN,Dế Choắt,ART_34e67512b0,POP_BALLAD,deterministic_mapping,0.85,,,unavailable,,unavailable,,unavailable,,missing,TIER_B,METADATA_ONLY,train
RMVM_S_85b8c4cf4c,Người Thương Kẻ Nhớ,Diệp Hoài Ngọc,ART_e7a9035f07,BOLERO_TRUTINH,deterministic_mapping,1.0,,,unavailable,data/lyrics/RMVM_S_85b8c4cf4c.txt,verified_local,,unavailable,,missing,TIER_A,LYRICS_ONLY,train
RMVM_S_85cf318521,ANH KHÔNG BẬN TÂM,Roy Nguyễn,ART_c27c073dc2,POP_BALLAD,deterministic_mapping,1.0,,,unavailable,data/lyrics/RMVM_S_85cf318521.txt,verified_local,,unavailable,,missing,TIER_A,LYRICS_ONLY,train
RMVM_S_85e7093bf9,Đêm Trao Kỷ Niệm Disco,Star Band,ART_5b680ff365,BOLERO_TRUTINH,deterministic_mapping,1.0,,,unavailable,,unavailable,data/covers/RMVM_S_85e7093bf9.jpg,verified_local,,missing,TIER_A,COVER_ONLY,train
RMVM_S_85f73f556d,Nếu Vô Tình Ta Làm Tổn Thương Nhau (Cover),Như Hexi,ART_342399a411,POP_BALLAD,deterministic_mapping,1.0,,,unavailable,data/lyrics/RMVM_S_85f73f556d.txt,verified_local,,unavailable,,missing,TIER_A,LYRICS_ONLY,train
RMVM_S_85f7ce1e95,Nhiều Tiền Để Làm Chi,Kiun Gia Tuấn,ART_77b498d289,POP_BALLAD,deterministic_mapping,1.0,,,unavailable,data/lyrics/RMVM_S_85f7ce1e95.txt,verified_local,,unavailable,,missing,TIER_A,LYRICS_ONLY,train
RMVM_S_8600ed29fc,Còn Trách Nhau Làm Gì,Hồ Lệ Thu,ART_41699ad39a,POP_BALLAD,deterministic_mapping,1.0,,,unavailable,data/lyrics/RMVM_S_8600ed29fc.txt,verified_local,,unavailable,,missing,TIER_A,LYRICS_ONLY,train
RMVM_S_8605d86d27,Tình Yêu Đặt Không Đúng Nơi,Chu Bin,ART_9abe6c859e,POP_BALLAD,deterministic_mapping,1.0,,,unavailable,data/lyrics/RMVM_S_8605d86d27.txt,verified_local,,unavailable,,missing,TIER_A,LYRICS_ONLY,train
RMVM_S_864ec3b3f1,Em Có Cuộc Đời,CHUDAT,ART_27bcb26b2b,POP_BALLAD,deterministic_mapping,1.0,,,unavailable,data/lyrics/RMVM_S_864ec3b3f1.txt,verified_local,,unavailable,,missing,TIER_A,LYRICS_ONLY,train
RMVM_S_8653dce56f,Mảnh TÌnh Sầu,"Thanh Ngân, Gia Tiến",ART_e71637f8e2,POP_BALLAD,deterministic_mapping,1.0,,,unavailable,data/lyrics/RMVM_S_8653dce56f.txt,verified_local,,unavailable,,missing,TIER_A,LYRICS_ONLY,train
RMVM_S_865634a448,Đợi Bao Giờ,RHY,ART_5348c2d67c,POP_BALLAD,deterministic_mapping,1.0,,,unavailable,data/lyrics/RMVM_S_865634a448.txt,verified_local,,unavailable,,missing,TIER_A,LYRICS_ONLY,train
RMVM_S_8686e96081,Một Người Đi,Hồng Phượng,ART_50c59db3c2,BOLERO_TRUTINH,deterministic_mapping,1.0,,,unavailable,data/lyrics/RMVM_S_8686e96081.txt,verified_local,,unavailable,,missing,TIER_A,LYRICS_ONLY,train
RMVM_S_8686ea7856,Khó Để Buông Tay,Minh Tài,ART_b4099ff934,POP_BALLAD,deterministic_mapping,1.0,,,unavailable,data/lyrics/RMVM_S_8686ea7856.txt,verified_local,,unavailable,,missing,TIER_A,LYRICS_ONLY,train
RMVM_S_86905f9456,Chim Sáo Ngày Xưa,Trung Quang,ART_5c805f1db6,BOLERO_TRUTINH,deterministic_mapping,0.85,,,unavailable,,unavailable,,unavailable,,missing,TIER_B,METADATA_ONLY,train
RMVM_S_86ddf9f3d8,Bốn Mùa Yêu Thương,Thanh Ngân,ART_165c93966a,POP_BALLAD,deterministic_mapping,1.0,,,unavailable,,unavailable,data/covers/RMVM_S_86ddf9f3d8.jpg,verified_local,,missing,TIER_A,COVER_ONLY,train
RMVM_S_86e9beed0d,2 Thế Giới,Lâm Nguyên,ART_7fd68776bf,POP_BALLAD,deterministic_mapping,1.0,,,unavailable,data/lyrics/RMVM_S_86e9beed0d.txt,verified_local,,unavailable,,missing,TIER_A,LYRICS_ONLY,train
RMVM_S_8700b4b481,Kẻ Lãng Du,Nhật Hào,ART_e9beed3387,POP_BALLAD,deterministic_mapping,1.0,,,unavailable,data/lyrics/RMVM_S_8700b4b481.txt,verified_local,,unavailable,,missing,TIER_A,LYRICS_ONLY,train
RMVM_S_8710ada008,Thần Tượng Của Tôi (Remix),Ngọc Sơn,ART_1987501298,DANCE_EDM,deterministic_mapping,1.0,,,unavailable,data/lyrics/RMVM_S_8710ada008.txt,verified_local,,unavailable,,missing,TIER_A,LYRICS_ONLY,train
RMVM_S_8719dfeaf6,Chồng Yêu (Remix),Saka Trương Tuyền,ART_3dbd6dca03,DANCE_EDM,deterministic_mapping,1.0,,,unavailable,data/lyrics/RMVM_S_8719dfeaf6.txt,verified_local,data/covers/RMVM_S_8719dfeaf6.jpg,verified_local,,missing,TIER_A,LYRICS_COVER,train
RMVM_S_872af40503,Chuyện Của Mặt Trời - Chuyện Của Chúng Ta,HA Live,ART_c6e8e9559d,POP_BALLAD,deterministic_mapping,1.0,,,unavailable,data/lyrics/RMVM_S_872af40503.txt,verified_local,,unavailable,,missing,TIER_A,LYRICS_ONLY,train
RMVM_S_874bea97f0,Chẳng Phụ Như Lai Chẳng Phụ Nàng,Reii,ART_7ea66b7f74,POP_BALLAD,deterministic_mapping,1.0,,,unavailable,data/lyrics/RMVM_S_874bea97f0.txt,verified_local,,unavailable,,missing,TIER_A,LYRICS_ONLY,train
RMVM_S_877141940f,Khúc Tự Tình Phố Núi,Hồ Trung Dũng,ART_bedae72137,BOLERO_TRUTINH,deterministic_mapping,1.0,,,unavailable,data/lyrics/RMVM_S_877141940f.txt,verified_local,,unavailable,,missing,TIER_A,LYRICS_ONLY,train
RMVM_S_8779aa2041,Giấc Mơ Yêu (Acoustic),Đăng Nguyên,ART_551e5c9c86,POP_BALLAD,deterministic_mapping,1.0,,,unavailable,data/lyrics/RMVM_S_8779aa2041.txt,verified_local,,unavailable,,missing,TIER_A,LYRICS_ONLY,train
RMVM_S_87e3c454e3,Hẹn Yêu,Phan Yến Nhi,ART_b232031735,POP_BALLAD,deterministic_mapping,1.0,,,unavailable,data/lyrics/RMVM_S_87e3c454e3.txt,verified_local,,unavailable,,missing,TIER_A,LYRICS_ONLY,train
RMVM_S_881c2a9641,Mùi Hương,Anh Khang,ART_fbb3d64e9b,POP_BALLAD,deterministic_mapping,1.0,,,unavailable,data/lyrics/RMVM_S_881c2a9641.txt,verified_local,,unavailable,,missing,TIER_A,LYRICS_ONLY,train
RMVM_S_8842031a6e,Có Lẽ Em Sẽ Quên,Ưng Đại Vệ,ART_f306dce70e,POP_BALLAD,deterministic_mapping,0.85,,,unavailable,,unavailable,,unavailable,,missing,TIER_B,METADATA_ONLY,train
RMVM_S_8844f067d1,Đâu Là Yêu Đâu Là Thương (Lofi Version),Hồ Phong An,ART_215d58c827,POP_BALLAD,deterministic_mapping,1.0,,,unavailable,data/lyrics/RMVM_S_8844f067d1.txt,verified_local,,unavailable,,missing,TIER_A,LYRICS_ONLY,train
RMVM_S_886b5ddc8e,Chôn Sâu Yêu Thương,CzEight,ART_7e640e67ee,POP_BALLAD,deterministic_mapping,1.0,,,unavailable,data/lyrics/RMVM_S_886b5ddc8e.txt,verified_local,,unavailable,,missing,TIER_A,LYRICS_ONLY,train
RMVM_S_887037d98e,Chúc Phúc Tài Lộc,Bé Tú Anh,ART_078cddeba1,CHILDREN,deterministic_mapping,1.0,,,unavailable,data/lyrics/RMVM_S_887037d98e.txt,verified_local,,unavailable,,missing,TIER_A,LYRICS_ONLY,train
RMVM_S_889a7c2cc5,Có Nhau Từ Đây,Nguyễn Phi Hùng,ART_8b396f08ea,POP_BALLAD,deterministic_mapping,1.0,,,unavailable,data/lyrics/RMVM_S_889a7c2cc5.txt,verified_local,data/covers/RMVM_S_889a7c2cc5.jpg,verified_local,,missing,TIER_A,LYRICS_COVER,train
RMVM_S_889ec098e6,Sống Đầy Từ Hôm Nay,Cao Minh Thiên Tùng,ART_8b7cca717e,POP_BALLAD,deterministic_mapping,1.0,,,unavailable,data/lyrics/RMVM_S_889ec098e6.txt,verified_local,,unavailable,,missing,TIER_A,LYRICS_ONLY,train
RMVM_S_88a51db284,Để Cô Ta Đi,"Millixn, Hazel",ART_d3d7521043,RAP_HIPHOP,deterministic_mapping,1.0,,,unavailable,data/lyrics/RMVM_S_88a51db284.txt,verified_local,,unavailable,,missing,TIER_A,LYRICS_ONLY,train
RMVM_S_88aaeda564,Rồi Xa Người Yêu,Thiên Kim,ART_941c26b730,INSTRUMENTAL,source_tag_verification,0.85,,,unavailable,data/lyrics/RMVM_S_88aaeda564.txt,verified_local,,unavailable,,missing,TIER_B,LYRICS_ONLY,train
RMVM_S_88d9549be9,Chờ Đợi Đến Bao Giờ,Vũ Long,ART_48df05e21d,POP_BALLAD,deterministic_mapping,1.0,,,unavailable,data/lyrics/RMVM_S_88d9549be9.txt,verified_local,,unavailable,,missing,TIER_A,LYRICS_ONLY,train
RMVM_S_88f7ee6aa2,Nhạt Nắng,"Chí Viễn, Lưu Chí Vỹ",ART_2fecdacb74,BOLERO_TRUTINH,deterministic_mapping,1.0,,,unavailable,data/lyrics/RMVM_S_88f7ee6aa2.txt,verified_local,,unavailable,,missing,TIER_A,LYRICS_ONLY,train
RMVM_S_88fe74f8c5,Từ Nay Còn Ta Với Ta Lưu Lạc,Lee Phú Quý,ART_0dae860da2,POP_BALLAD,deterministic_mapping,1.0,,,unavailable,data/lyrics/RMVM_S_88fe74f8c5.txt,verified_local,,unavailable,,missing,TIER_A,LYRICS_ONLY,train
RMVM_S_8904f45de5,Lá Thư Tình Đô Thị,Trường Sơn,ART_f60bdc9895,BOLERO_TRUTINH,deterministic_mapping,1.0,,,unavailable,data/lyrics/RMVM_S_8904f45de5.txt,verified_local,,unavailable,,missing,TIER_A,LYRICS_ONLY,train
RMVM_S_891b39aa73,Là Mây Trên Bầu Trời Của Ai Đó,"Trịnh Tú Trung, Wonbi Minh Quân",ART_2c066354a6,POP_BALLAD,deterministic_mapping,1.0,,,unavailable,data/lyrics/RMVM_S_891b39aa73.txt,verified_local,,unavailable,,missing,TIER_A,LYRICS_ONLY,train
RMVM_S_8926665c50,Gọi Em Là Đóa Hoa Sầu,Vũ Khanh,ART_effa65f1ce,BOLERO_TRUTINH,deterministic_mapping,1.0,,,unavailable,,unavailable,data/covers/RMVM_S_8926665c50.jpg,verified_local,,missing,TIER_A,COVER_ONLY,train
RMVM_S_895c5a57be,Là Người Dưng (Đừng Xa Anh),Chung Thanh Duy,ART_ddb107a39a,POP_BALLAD,deterministic_mapping,1.0,,,unavailable,data/lyrics/RMVM_S_895c5a57be.txt,verified_local,,unavailable,,missing,TIER_A,LYRICS_ONLY,train
RMVM_S_895eb4e576,Cảm Mến Ân Tình,Phương Anh,ART_5f86675642,BOLERO_TRUTINH,deterministic_mapping,1.0,,,unavailable,data/lyrics/RMVM_S_895eb4e576.txt,verified_local,,unavailable,,missing,TIER_A,LYRICS_ONLY,train
RMVM_S_89623f6cb0,Đã Sai Từ Lúc Đầu (Cover in HOA Concert),"Trung Quân Idol, Bùi Anh Tuấn",ART_bc4ab3a8f5,POP_BALLAD,deterministic_mapping,1.0,,,unavailable,data/lyrics/RMVM_S_89623f6cb0.txt,verified_local,,unavailable,,missing,TIER_A,LYRICS_ONLY,train
RMVM_S_8967843cb2,Đêm Sông Cầu,Minh Thùy,ART_c93bb4adec,FOLK_TRADITIONAL,deterministic_mapping,1.0,,,unavailable,data/lyrics/RMVM_S_8967843cb2.txt,verified_local,,unavailable,,missing,TIER_A,LYRICS_ONLY,train
RMVM_S_89791323b8,Lời Tâm Sự Giấu Kín,"D.A.T, Hennessy, Monkieq",ART_7df9938240,POP_BALLAD,deterministic_mapping,1.0,,,unavailable,data/lyrics/RMVM_S_89791323b8.txt,verified_local,,unavailable,,missing,TIER_A,LYRICS_ONLY,train
RMVM_S_89894e8d0e,Giọt Nắng Tháng Giêng,Phan Yến Nhi,ART_b232031735,POP_BALLAD,deterministic_mapping,1.0,,,unavailable,data/lyrics/RMVM_S_89894e8d0e.txt,verified_local,,unavailable,,missing,TIER_A,LYRICS_ONLY,train
RMVM_S_8989e11eee,Em Đến Từ Nghìn Xưa,Trịnh Vĩnh Trinh,ART_06707a5746,NHAC_TRINH,artist_discography_verification,0.85,,,unavailable,data/lyrics/RMVM_S_8989e11eee.txt,verified_local,,unavailable,,missing,TIER_B,LYRICS_ONLY,train
RMVM_S_89cac18537,Phải Chăng Là Số Kiếp,Tống Gia Vỹ,ART_3056dbc2e2,POP_BALLAD,deterministic_mapping,1.0,,,unavailable,data/lyrics/RMVM_S_89cac18537.txt,verified_local,,unavailable,,missing,TIER_A,LYRICS_ONLY,train
RMVM_S_89e46cb516,Một Thoáng Suy Tư,Thái,ART_152ec1a312,POP_BALLAD,deterministic_mapping,1.0,,,unavailable,data/lyrics/RMVM_S_89e46cb516.txt,verified_local,,unavailable,,missing,TIER_A,LYRICS_ONLY,train
RMVM_S_89e4be6de5,Ba Thật Là Giỏi,Bé Minh Vy,ART_6812bd41d7,CHILDREN,deterministic_mapping,1.0,,,unavailable,data/lyrics/RMVM_S_89e4be6de5.txt,verified_local,,unavailable,,missing,TIER_A,LYRICS_ONLY,train
RMVM_S_89fc7b3e4e,Tìm Tôi? (Find Me?),"Khoi Vu, Thỏ",ART_f225b3040f,POP_BALLAD,deterministic_mapping,1.0,,,unavailable,data/lyrics/RMVM_S_89fc7b3e4e.txt,verified_local,,unavailable,,missing,TIER_A,LYRICS_ONLY,train
RMVM_S_89ffc1dfc2,Còn Mãi Vấn Vương,Anh Tom,ART_80d54b583c,POP_BALLAD,deterministic_mapping,1.0,,,unavailable,data/lyrics/RMVM_S_89ffc1dfc2.txt,verified_local,,unavailable,,missing,TIER_A,LYRICS_ONLY,train
RMVM_S_8a02a9a8c3,Mùa Xuân Cưới Nhau,Nhật Tinh Anh,ART_497554b7f8,POP_BALLAD,deterministic_mapping,1.0,,,unavailable,data/lyrics/RMVM_S_8a02a9a8c3.txt,verified_local,,unavailable,,missing,TIER_A,LYRICS_ONLY,train
RMVM_S_8a0ea62030,Mưa Ngoại Ô,Đặng Thái Hiển,ART_c1d12140ab,POP_BALLAD,deterministic_mapping,1.0,,,unavailable,data/lyrics/RMVM_S_8a0ea62030.txt,verified_local,,unavailable,,missing,TIER_A,LYRICS_ONLY,train
RMVM_S_8a12009361,Khóc Vì Một Người,Cao Nam Thành,ART_96f1876e49,POP_BALLAD,deterministic_mapping,1.0,,,unavailable,data/lyrics/RMVM_S_8a12009361.txt,verified_local,,unavailable,,missing,TIER_A,LYRICS_ONLY,train
RMVM_S_8a146bcad9,Bài Ca Hy Vọng,Dòng Thời Gian,ART_be661daa36,REVOLUTIONARY,deterministic_mapping,1.0,,,unavailable,data/lyrics/RMVM_S_8a146bcad9.txt,verified_local,,unavailable,,missing,TIER_A,LYRICS_ONLY,train
RMVM_S_8a2ebb44c2,Hãy Mang Niềm Vui Tới,Tú Quyên,ART_bfe8d8bb63,POP_BALLAD,deterministic_mapping,0.85,,,unavailable,,unavailable,,unavailable,,missing,TIER_B,METADATA_ONLY,train
RMVM_S_8a4c4882fe,1 Ngày Mùa Đông Của Tháng 12,"Đỗ Phú Quí, Mcee Blue",ART_5013f0314d,POP_BALLAD,deterministic_mapping,1.0,,,unavailable,data/lyrics/RMVM_S_8a4c4882fe.txt,verified_local,,unavailable,,missing,TIER_A,LYRICS_ONLY,train
RMVM_S_8a4cac2aba,Người Đẹp Trong Tranh,Dương Hồng Loan,ART_ef4a4d3768,BOLERO_TRUTINH,deterministic_mapping,1.0,,,unavailable,data/lyrics/RMVM_S_8a4cac2aba.txt,verified_local,,unavailable,,missing,TIER_A,LYRICS_ONLY,train
RMVM_S_8a71d4e1f3,Ba Má Ơi! Con Hứa Lấy Vợ,"Nguyên Vũ, Sakhar",ART_5b295c699f,POP_BALLAD,deterministic_mapping,1.0,,,unavailable,data/lyrics/RMVM_S_8a71d4e1f3.txt,verified_local,,unavailable,,missing,TIER_A,LYRICS_ONLY,train
RMVM_S_8a7b7e1a26,Điều Em Mong Chờ Không Phải Là Tuyết (Remix),Đài Pinky,ART_4710891fb9,POP_BALLAD,deterministic_mapping,1.0,,,unavailable,,unavailable,data/covers/RMVM_S_8a7b7e1a26.jpg,verified_local,,missing,TIER_A,COVER_ONLY,train
RMVM_S_8a84a198bd,Hai Đứa Giận Nhau,"BeeBoss, Anh Thư",ART_4fe5073341,POP_BALLAD,deterministic_mapping,1.0,,,unavailable,data/lyrics/RMVM_S_8a84a198bd.txt,verified_local,,unavailable,,missing,TIER_A,LYRICS_ONLY,train
RMVM_S_8a8ef2252b,Anh Có Lỗi Gì,"Balin, SOUND HIT",ART_abbbcf5977,POP_BALLAD,deterministic_mapping,1.0,,,unavailable,data/lyrics/RMVM_S_8a8ef2252b.txt,verified_local,,unavailable,,missing,TIER_A,LYRICS_ONLY,train
RMVM_S_8a9ead56b5,Noel Ngọt Ngào,Nam Vương Bảo Lê,ART_7e2747d6d4,BOLERO_TRUTINH,deterministic_mapping,1.0,,,unavailable,data/lyrics/RMVM_S_8a9ead56b5.txt,verified_local,,unavailable,,missing,TIER_A,LYRICS_ONLY,train
RMVM_S_8abdc9107b,Ai Cũng Có Một Mối Tình Buồn,Vicky Nhung,ART_ed59bd9d6c,POP_BALLAD,deterministic_mapping,1.0,,,unavailable,data/lyrics/RMVM_S_8abdc9107b.txt,verified_local,,unavailable,,missing,TIER_A,LYRICS_ONLY,train
RMVM_S_8ad42f411f,Đường tình đôi ngả,"Dương Ngọc Vũ, Thanh Tuyền",ART_207d4ed505,POP_BALLAD,deterministic_mapping,1.0,,,unavailable,,unavailable,data/covers/RMVM_S_8ad42f411f.jpg,verified_local,,missing,TIER_A,COVER_ONLY,train
RMVM_S_8ad713394f,Chẳng Biết Điều Gì,Emcee L,ART_28d57ed231,POP_BALLAD,deterministic_mapping,1.0,,,unavailable,data/lyrics/RMVM_S_8ad713394f.txt,verified_local,,unavailable,,missing,TIER_A,LYRICS_ONLY,train
RMVM_S_8b002aa62e,Vương Vấn Mùa Xuân,MPS,ART_7c1dc91629,POP_BALLAD,deterministic_mapping,1.0,,,unavailable,data/lyrics/RMVM_S_8b002aa62e.txt,verified_local,,unavailable,,missing,TIER_A,LYRICS_ONLY,train
RMVM_S_8b2dc759c8,Giọng Ca Buồn,Lưu Ánh Loan,ART_72a4147195,BOLERO_TRUTINH,deterministic_mapping,1.0,,,unavailable,data/lyrics/RMVM_S_8b2dc759c8.txt,verified_local,data/covers/RMVM_S_8b2dc759c8.jpg,verified_local,,missing,TIER_A,LYRICS_COVER,train
RMVM_S_8b4158e179,"Nắng Đẹp Miền Nam, Khúc Ca Ngày Mùa","Hương Thủy, Hà Phương",ART_a9d01ae709,BOLERO_TRUTINH,deterministic_mapping,1.0,,,unavailable,data/lyrics/RMVM_S_8b4158e179.txt,verified_local,,unavailable,,missing,TIER_A,LYRICS_ONLY,train
RMVM_S_8b4a7ab805,Tình cờ gặp nhau,Chế Thanh,ART_d642df9cd2,POP_BALLAD,deterministic_mapping,1.0,,,unavailable,data/lyrics/RMVM_S_8b4a7ab805.txt,verified_local,,unavailable,,missing,TIER_A,LYRICS_ONLY,train
RMVM_S_8b519e44b3,Chờ Ngày Anh Nhận Ra Em (Mối Tình Đầu Của Tôi OST),Thùy Chi,ART_b30a936cba,POP_BALLAD,deterministic_mapping,1.0,,,unavailable,data/lyrics/RMVM_S_8b519e44b3.txt,verified_local,,unavailable,,missing,TIER_A,LYRICS_ONLY,train
RMVM_S_8b63cc5544,Anh Thích Lúc Em Cười,Như Loan,ART_7101f466df,INSTRUMENTAL,source_tag_verification,0.85,,,unavailable,data/lyrics/RMVM_S_8b63cc5544.txt,verified_local,,unavailable,,missing,TIER_B,LYRICS_ONLY,train
RMVM_S_8b70b0b1f8,LK: Dạ Khúc Buồn-Hãy Về Với Em-Cho Em Lời Cuối,Phương Thanh,ART_bae46acd15,INSTRUMENTAL,source_tag_verification,0.85,,,unavailable,,unavailable,,unavailable,,missing,TIER_B,METADATA_ONLY,train
RMVM_S_8b9967a4d0,Chưa Từng Thương Em,Hoàng Ly,ART_865229ad7a,POP_BALLAD,deterministic_mapping,1.0,,,unavailable,data/lyrics/RMVM_S_8b9967a4d0.txt,verified_local,,unavailable,,missing,TIER_A,LYRICS_ONLY,train
RMVM_S_8ba424b284,Đời Còn Cô Đơn (Beat),Lê Công,ART_719722a539,BOLERO_TRUTINH,deterministic_mapping,1.0,,,unavailable,,unavailable,data/covers/RMVM_S_8ba424b284.jpg,verified_local,,missing,TIER_A,COVER_ONLY,train
RMVM_S_8bafc6dd00,Mưa Cứ Rơi,"Mr. A, Wxrdie",ART_b5e8097bdc,RAP_HIPHOP,deterministic_mapping,1.0,,,unavailable,data/lyrics/RMVM_S_8bafc6dd00.txt,verified_local,,unavailable,,missing,TIER_A,LYRICS_ONLY,train
RMVM_S_8bc65c64ee,Hoa Có Chủ,Trung Quang,ART_5c805f1db6,POP_BALLAD,deterministic_mapping,0.85,,,unavailable,,unavailable,,unavailable,,missing,TIER_B,METADATA_ONLY,train
RMVM_S_8bc98b3c4c,Thuyền Nhỏ Sóng Lớn,Vân Du,ART_a948da70c9,POP_BALLAD,deterministic_mapping,1.0,,,unavailable,data/lyrics/RMVM_S_8bc98b3c4c.txt,verified_local,,unavailable,,missing,TIER_A,LYRICS_ONLY,train
RMVM_S_8bd351149c,Ảo Ảnh (BLUE REMIX),"ZIN MEDIA, Linh Hương Luz",ART_417d438d24,DANCE_EDM,deterministic_mapping,1.0,,,unavailable,data/lyrics/RMVM_S_8bd351149c.txt,verified_local,,unavailable,,missing,TIER_A,LYRICS_ONLY,train
RMVM_S_8bf3bbc9bb,Đừng Chờ Anh Nữa (Lofi Version),Tăng Phúc,ART_a350fb7207,POP_BALLAD,deterministic_mapping,1.0,,,unavailable,data/lyrics/RMVM_S_8bf3bbc9bb.txt,verified_local,data/covers/RMVM_S_8bf3bbc9bb.jpg,verified_local,,missing,TIER_A,LYRICS_COVER,train
RMVM_S_8c134df6d1,Khi Em Thấy Cô Đơn,Đăng Khôi,ART_c9cce0826e,POP_BALLAD,deterministic_mapping,1.0,,,unavailable,data/lyrics/RMVM_S_8c134df6d1.txt,verified_local,,unavailable,,missing,TIER_A,LYRICS_ONLY,train
RMVM_S_8c41435f64,Tình Hồng Như Mơ,"Cẩm Ly, Đan Trường",ART_e88fb25d12,BOLERO_TRUTINH,deterministic_mapping,1.0,,,unavailable,data/lyrics/RMVM_S_8c41435f64.txt,verified_local,,unavailable,,missing,TIER_A,LYRICS_ONLY,train
RMVM_S_8c4b61f9a5,Câu Chuyện Hôm Qua,"Phạm Lê Yến Nhi, Melomix",ART_4d66b65b50,POP_BALLAD,deterministic_mapping,0.85,,,unavailable,,unavailable,,unavailable,,missing,TIER_B,METADATA_ONLY,train
RMVM_S_8c57b96b5e,Tân Cổ Tình Xưa Vụng Dại,"Vy Thúy Hằng, Nguyễn Thanh Sang",ART_d4221a5656,BOLERO_TRUTINH,deterministic_mapping,1.0,,,unavailable,data/lyrics/RMVM_S_8c57b96b5e.txt,verified_local,,unavailable,,missing,TIER_A,LYRICS_ONLY,train
RMVM_S_8c59ced28f,Chúng Ta Từng Có Nhau,"Lil Z, Poll",ART_9276748501,POP_BALLAD,deterministic_mapping,1.0,,,unavailable,data/lyrics/RMVM_S_8c59ced28f.txt,verified_local,,unavailable,,missing,TIER_A,LYRICS_ONLY,train
RMVM_S_8c5f104c6f,Anh Là Người Duy Nhất (Remix),Quyn Si,ART_fe98484b94,POP_BALLAD,deterministic_mapping,1.0,,,unavailable,data/lyrics/RMVM_S_8c5f104c6f.txt,verified_local,,unavailable,,missing,TIER_A,LYRICS_ONLY,train
RMVM_S_8c971c7845,Đừng Nghe Nhạc Anh Nữa,"Tài Lê, KindyA",ART_6b564d691d,POP_BALLAD,deterministic_mapping,1.0,,,unavailable,data/lyrics/RMVM_S_8c971c7845.txt,verified_local,,unavailable,,missing,TIER_A,LYRICS_ONLY,train
RMVM_S_8c9d73e0a0,Cố Nhân 2,Nhiều nghệ sĩ,ART_736b531937,POP_BALLAD,deterministic_mapping,1.0,,,unavailable,data/lyrics/RMVM_S_8c9d73e0a0.txt,verified_local,data/covers/RMVM_S_8c9d73e0a0.jpg,verified_local,,missing,TIER_A,LYRICS_COVER,train
RMVM_S_8ce1305346,Cho Đêm Không Còn Buồn,Don Hồ,ART_7a15955a82,INSTRUMENTAL,source_tag_verification,0.85,,,unavailable,data/lyrics/RMVM_S_8ce1305346.txt,verified_local,,unavailable,,missing,TIER_B,LYRICS_ONLY,train
RMVM_S_8ce5adb737,Chắc Do Em Đã Sai,"TVk, Huỳnh Mộng Như, 93NEW-G",ART_6fb3acba39,POP_BALLAD,deterministic_mapping,1.0,,,unavailable,data/lyrics/RMVM_S_8ce5adb737.txt,verified_local,data/covers/RMVM_S_8ce5adb737.jpg,verified_local,,missing,TIER_A,LYRICS_COVER,train
RMVM_S_8d0018afe9,Ai Ra Xứ Huế,"Phương Thùy, Đông Quân",ART_7cc944ca2d,BOLERO_TRUTINH,deterministic_mapping,1.0,,,unavailable,data/lyrics/RMVM_S_8d0018afe9.txt,verified_local,,unavailable,,missing,TIER_A,LYRICS_ONLY,train
RMVM_S_8d218e5ae6,Giọt Nắng Mùa Thu,Ngọc Tân,ART_f23641b541,BOLERO_TRUTINH,deterministic_mapping,1.0,,,unavailable,data/lyrics/RMVM_S_8d218e5ae6.txt,verified_local,,unavailable,,missing,TIER_A,LYRICS_ONLY,train
RMVM_S_8d291dfa1a,Đừng Quá Yêu Lại Tổn Thương Nhiều,Winston,ART_a699e3972e,POP_BALLAD,deterministic_mapping,1.0,,,unavailable,data/lyrics/RMVM_S_8d291dfa1a.txt,verified_local,,unavailable,,missing,TIER_A,LYRICS_ONLY,train
RMVM_S_8d29c4a417,Bằng Lòng Em Ơi,"Lee Ken, Rum Bi - N",ART_07c87d3f9a,POP_BALLAD,deterministic_mapping,1.0,,,unavailable,data/lyrics/RMVM_S_8d29c4a417.txt,verified_local,,unavailable,,missing,TIER_A,LYRICS_ONLY,train
RMVM_S_8d36c4404d,MƯA THÁNG SÁU (solo version),"Trung Quân, Hứa Kim Tuyền",ART_c07ee99465,POP_BALLAD,deterministic_mapping,1.0,,,unavailable,data/lyrics/RMVM_S_8d36c4404d.txt,verified_local,,unavailable,,missing,TIER_A,LYRICS_ONLY,train
RMVM_S_8d4f6765d9,Mãi Còn Yêu,Lương Tùng Quang,ART_a9b65420c2,INSTRUMENTAL,source_tag_verification,0.85,,,unavailable,,unavailable,data/covers/RMVM_S_8d4f6765d9.jpg,verified_local,,missing,TIER_B,COVER_ONLY,train
RMVM_S_8d767861f5,Bước Za Đi Xa,"Wxrdie, Marlykid, Lucin3x",ART_a7192db0c7,POP_BALLAD,deterministic_mapping,1.0,,,unavailable,data/lyrics/RMVM_S_8d767861f5.txt,verified_local,,unavailable,,missing,TIER_A,LYRICS_ONLY,train
RMVM_S_8d86b2ea83,Em Đã Nói Trước,"Hana Cẩm Tiên, TVk",ART_0cfdbcf965,POP_BALLAD,deterministic_mapping,1.0,,,unavailable,data/lyrics/RMVM_S_8d86b2ea83.txt,verified_local,,unavailable,,missing,TIER_A,LYRICS_ONLY,train
RMVM_S_8da4731f16,Đừng Bao Giờ Hứa,Thanh Hà,ART_52aeafc1b7,INSTRUMENTAL,source_tag_verification,0.85,,,unavailable,data/lyrics/RMVM_S_8da4731f16.txt,verified_local,,unavailable,,missing,TIER_B,LYRICS_ONLY,train
RMVM_S_8da605ec94,Là Anh Sai,Lâm Chấn Kiệt,ART_fc4a77b3f3,POP_BALLAD,deterministic_mapping,1.0,,,unavailable,data/lyrics/RMVM_S_8da605ec94.txt,verified_local,,unavailable,,missing,TIER_A,LYRICS_ONLY,train
RMVM_S_8dbf774077,Mẹ Anh Thương Em,Bùi Vĩnh Phúc,ART_d6ddbdf499,POP_BALLAD,deterministic_mapping,1.0,,,unavailable,data/lyrics/RMVM_S_8dbf774077.txt,verified_local,,unavailable,,missing,TIER_A,LYRICS_ONLY,train
RMVM_S_8dc3471b4f,Đôi Đứa Đôi Đường,Mai Tuấn,ART_b4d3323fac,BOLERO_TRUTINH,deterministic_mapping,1.0,,,unavailable,data/lyrics/RMVM_S_8dc3471b4f.txt,verified_local,,unavailable,,missing,TIER_A,LYRICS_ONLY,train
RMVM_S_8dd5cd3b92,Chỉ Còn Xuân Thôi,Trường Kha,ART_abe0f2439b,OTHER,curated_out_of_taxonomy,0.9,Religious / Sacred spiritual Vietnamese music,,unavailable,,unavailable,,unavailable,,missing,TIER_B,METADATA_ONLY,train
RMVM_S_8decaa8a8e,Mắt Em Khi Cười,Teddy,ART_962b2d2b8e,POP_BALLAD,deterministic_mapping,1.0,,,unavailable,data/lyrics/RMVM_S_8decaa8a8e.txt,verified_local,,unavailable,,missing,TIER_A,LYRICS_ONLY,train
RMVM_S_8df2c0107a,"Chúng Ta Sẽ Hạnh Phúc, Chỉ Là Không Cùng Nhau",Kalee Hoàng,ART_f8faefe406,POP_BALLAD,deterministic_mapping,1.0,,,unavailable,data/lyrics/RMVM_S_8df2c0107a.txt,verified_local,,unavailable,,missing,TIER_A,LYRICS_ONLY,train
RMVM_S_8df33283d3,Nhưng Anh Vẫn Yêu Em (Beat Không Bè),Phạm Đình Thái Ngân,ART_317bd50d6c,POP_BALLAD,deterministic_mapping,1.0,,,unavailable,data/lyrics/RMVM_S_8df33283d3.txt,verified_local,,unavailable,,missing,TIER_A,LYRICS_ONLY,train
RMVM_S_8dfea18046,Bài Ca Mùa Thu,Chu Minh Ký,ART_c693bfdfcf,POP_BALLAD,deterministic_mapping,1.0,,,unavailable,data/lyrics/RMVM_S_8dfea18046.txt,verified_local,,unavailable,,missing,TIER_A,LYRICS_ONLY,train
RMVM_S_8e24a62f2f,Hai Nửa Thương Đau,Cao Hoàng Nghi,ART_e029e3ae51,BOLERO_TRUTINH,deterministic_mapping,1.0,,,unavailable,data/lyrics/RMVM_S_8e24a62f2f.txt,verified_local,,unavailable,,missing,TIER_A,LYRICS_ONLY,train
RMVM_S_8e2b604eff,Góc Phố Buồn,Minh Tuyết,ART_729a36465f,POP_BALLAD,deterministic_mapping,0.85,,,unavailable,,unavailable,,unavailable,,missing,TIER_B,METADATA_ONLY,train
RMVM_S_8e3316048b,Ôm Trọn Cô Đơn,Lê Vũ Bình,ART_8df1c6d8f9,POP_BALLAD,deterministic_mapping,0.85,,,unavailable,,unavailable,,unavailable,,missing,TIER_B,METADATA_ONLY,train
RMVM_S_8e3bc920db,Ghép Môi,OSAD,ART_db8e34b9d9,RAP_HIPHOP,deterministic_mapping,1.0,,,unavailable,data/lyrics/RMVM_S_8e3bc920db.txt,verified_local,,unavailable,,missing,TIER_A,LYRICS_ONLY,train
RMVM_S_8e45686acc,Anh Xin Lỗi Em Remix,Châu Khải Phong,ART_b5c7c65b2f,POP_BALLAD,deterministic_mapping,1.0,,,unavailable,data/lyrics/RMVM_S_8e45686acc.txt,verified_local,,unavailable,2014.0,verified,TIER_A,LYRICS_ONLY,train
RMVM_S_8e6b6cc473,Mưa Hoa Tàn,Trương Như Anh,ART_fe44284910,POP_BALLAD,deterministic_mapping,1.0,,,unavailable,data/lyrics/RMVM_S_8e6b6cc473.txt,verified_local,,unavailable,,missing,TIER_A,LYRICS_ONLY,train
RMVM_S_8e7114f0c3,Lời Nhạt Phai,Tóc Tiên,ART_0078d1d8e6,INSTRUMENTAL,source_tag_verification,0.85,,,unavailable,data/lyrics/RMVM_S_8e7114f0c3.txt,verified_local,,unavailable,,missing,TIER_B,LYRICS_ONLY,train
RMVM_S_8ea87a1082,Cô Ấy Không Yêu Tôi,Hùng Quân,ART_dd120825b4,POP_BALLAD,deterministic_mapping,1.0,,,unavailable,data/lyrics/RMVM_S_8ea87a1082.txt,verified_local,,unavailable,,missing,TIER_A,LYRICS_ONLY,train
RMVM_S_8eaec24ea9,Vì Em Nhiều Nước Mắt,Minh Tuyết,ART_729a36465f,INSTRUMENTAL,source_tag_verification,0.85,,,unavailable,data/lyrics/RMVM_S_8eaec24ea9.txt,verified_local,,unavailable,,missing,TIER_B,LYRICS_ONLY,train
RMVM_S_8edba72117,Nỗi Buồn Mẹ Tôi,Dương Hồng Loan,ART_ef4a4d3768,BOLERO_TRUTINH,deterministic_mapping,1.0,,,unavailable,data/lyrics/RMVM_S_8edba72117.txt,verified_local,,unavailable,,missing,TIER_A,LYRICS_ONLY,train
RMVM_S_8f1cedddaa,Anh Béo Thì Sao Nào?,"Võ Ê Vo, Như Hexi",ART_f36c747c88,POP_BALLAD,deterministic_mapping,1.0,,,unavailable,data/lyrics/RMVM_S_8f1cedddaa.txt,verified_local,,unavailable,,missing,TIER_A,LYRICS_ONLY,train
RMVM_S_8f1df4811c,Cò Ơi,Diệu Đan,ART_cdeaf1410d,OTHER,curated_out_of_taxonomy,0.9,Religious / Sacred spiritual Vietnamese music,,unavailable,,unavailable,,unavailable,,missing,TIER_B,METADATA_ONLY,train
RMVM_S_8f20f4506c,Chúng Ta Dừng Lại Ở Đây Thôi,Nguyễn Đình Vũ,ART_4bd0bf08ac,POP_BALLAD,deterministic_mapping,1.0,,,unavailable,,unavailable,data/covers/RMVM_S_8f20f4506c.jpg,verified_local,,missing,TIER_A,COVER_ONLY,train
RMVM_S_8f258bad61,Có Em Rong Chơi,The Meo,ART_8709a4b9b9,POP_BALLAD,deterministic_mapping,1.0,,,unavailable,data/lyrics/RMVM_S_8f258bad61.txt,verified_local,,unavailable,,missing,TIER_A,LYRICS_ONLY,train
RMVM_S_8f35a10499,Còn Bao Năm Nữa Ở Bên Cha,Ngô Viết Trung,ART_a4cf8d25af,POP_BALLAD,deterministic_mapping,1.0,,,unavailable,data/lyrics/RMVM_S_8f35a10499.txt,verified_local,,unavailable,,missing,TIER_A,LYRICS_ONLY,train
RMVM_S_8f57417bc0,Chẳng Thể Nghe Con Tim,Phát Huy T4,ART_1c1962cb88,POP_BALLAD,deterministic_mapping,1.0,,,unavailable,data/lyrics/RMVM_S_8f57417bc0.txt,verified_local,,unavailable,,missing,TIER_A,LYRICS_ONLY,train
RMVM_S_8f72914ed6,Em Một Giấc Mơ,Nguyễn Hoàng Anh,ART_4c3135d55f,POP_BALLAD,deterministic_mapping,1.0,,,unavailable,data/lyrics/RMVM_S_8f72914ed6.txt,verified_local,,unavailable,,missing,TIER_A,LYRICS_ONLY,train
RMVM_S_8f90ae0363,Áo Anh Si Nhưng Lòng Anh Thật,Peto,ART_489539e42b,POP_BALLAD,deterministic_mapping,1.0,,,unavailable,data/lyrics/RMVM_S_8f90ae0363.txt,verified_local,,unavailable,,missing,TIER_A,LYRICS_ONLY,train
RMVM_S_8f9ac35700,Lối Cũ Rêu Phong,"Chiennhatlang, FreshlyRC",ART_d96c939abf,RAP_HIPHOP,deterministic_mapping,1.0,,,unavailable,data/lyrics/RMVM_S_8f9ac35700.txt,verified_local,,unavailable,,missing,TIER_A,LYRICS_ONLY,train
RMVM_S_8fc4833d2f,Đêm Tóc Rối,Bảo Hân Bolero,ART_f69e0baf38,BOLERO_TRUTINH,deterministic_mapping,1.0,,,unavailable,data/lyrics/RMVM_S_8fc4833d2f.txt,verified_local,,unavailable,,missing,TIER_A,LYRICS_ONLY,train
RMVM_S_8fd652a2e5,Vì Anh Em Đành Lùi,AndyShin,ART_902cc33a81,POP_BALLAD,deterministic_mapping,1.0,,,unavailable,data/lyrics/RMVM_S_8fd652a2e5.txt,verified_local,,unavailable,,missing,TIER_A,LYRICS_ONLY,train
RMVM_S_8fed80e96a,Anh Không Quan Trọng Nữa,"Tăng Phúc, Nguyễn Đình Vũ",ART_9b60788193,POP_BALLAD,deterministic_mapping,1.0,,,unavailable,data/lyrics/RMVM_S_8fed80e96a.txt,verified_local,data/covers/RMVM_S_8fed80e96a.jpg,verified_local,,missing,TIER_A,LYRICS_COVER,train
RMVM_S_8ffa76440d,Buồn Mà Chi Em,Vũ Hoàng,ART_cbaf0965d0,BOLERO_TRUTINH,deterministic_mapping,1.0,,,unavailable,data/lyrics/RMVM_S_8ffa76440d.txt,verified_local,,unavailable,,missing,TIER_A,LYRICS_ONLY,train
RMVM_S_8ffbafc592,Chuyện Tình Cây Và Lá (Remix),Ngô Kiến Huy,ART_21b3df1bba,DANCE_EDM,deterministic_mapping,1.0,,,unavailable,data/lyrics/RMVM_S_8ffbafc592.txt,verified_local,,unavailable,,missing,TIER_A,LYRICS_ONLY,train
RMVM_S_900395621f,Chẳng Cần Đúng Sai,Hồ Phong An,ART_215d58c827,POP_BALLAD,deterministic_mapping,1.0,,,unavailable,data/lyrics/RMVM_S_900395621f.txt,verified_local,,unavailable,,missing,TIER_A,LYRICS_ONLY,train
RMVM_S_90074ef6d9,Em Hãy Nhắn Tin,Huy Lê,ART_f103856d52,POP_BALLAD,deterministic_mapping,1.0,,,unavailable,data/lyrics/RMVM_S_90074ef6d9.txt,verified_local,,unavailable,,missing,TIER_A,LYRICS_ONLY,train
RMVM_S_901042e0a5,Ai Cũng Có Một Mối Tình Buồn (Lofi),"Vicky Nhung, Ngọc Mai",ART_93d8aaa34e,POP_BALLAD,deterministic_mapping,1.0,,,unavailable,data/lyrics/RMVM_S_901042e0a5.txt,verified_local,data/covers/RMVM_S_901042e0a5.jpg,verified_local,,missing,TIER_A,LYRICS_COVER,train
RMVM_S_901cf827a8,Đừng Quên Tôi Nhé,Mạnh Hakyno,ART_fd676aa17a,POP_BALLAD,deterministic_mapping,1.0,,,unavailable,data/lyrics/RMVM_S_901cf827a8.txt,verified_local,,unavailable,,missing,TIER_A,LYRICS_ONLY,train
RMVM_S_902064a298,Hải Phòng Ấm Lòng Tình Quê,"Nhật Thuận, Xuân Trí",ART_0006b96b18,BOLERO_TRUTINH,deterministic_mapping,1.0,,,unavailable,data/lyrics/RMVM_S_902064a298.txt,verified_local,data/covers/RMVM_S_902064a298.jpg,verified_local,,missing,TIER_A,LYRICS_COVER,train
RMVM_S_9046ac32bb,Hạnh Phúc Của Riêng Anh (Beat),Trương Khải Minh,ART_170a8920b9,POP_BALLAD,deterministic_mapping,1.0,,,unavailable,data/lyrics/RMVM_S_9046ac32bb.txt,verified_local,,unavailable,,missing,TIER_A,LYRICS_ONLY,train
RMVM_S_908aa4fdd7,Love You Love You (Yuuki Remix),"Bix Music Group, Chú Gián Nhỏ, Yuuki",ART_37dffca79b,POP_BALLAD,deterministic_mapping,1.0,,,unavailable,data/lyrics/RMVM_S_908aa4fdd7.txt,verified_local,,unavailable,,missing,TIER_A,LYRICS_ONLY,train
RMVM_S_909e4f54c0,Nắng Trong Mưa,Lâm Nguyên,ART_7fd68776bf,POP_BALLAD,deterministic_mapping,1.0,,,unavailable,data/lyrics/RMVM_S_909e4f54c0.txt,verified_local,,unavailable,,missing,TIER_A,LYRICS_ONLY,train
RMVM_S_90b11fdb87,Ngôi Sao Lẻ Loi,"BeeBoss, Tuấn Chung",ART_418aa1c982,POP_BALLAD,deterministic_mapping,1.0,,,unavailable,data/lyrics/RMVM_S_90b11fdb87.txt,verified_local,data/covers/RMVM_S_90b11fdb87.jpg,verified_local,,missing,TIER_A,LYRICS_COVER,train
RMVM_S_90b1e19642,Chạy Đâu Cho Khỏi Nắng,"14 Casper, ChamCham",ART_f2fe6565f2,POP_BALLAD,deterministic_mapping,1.0,,,unavailable,data/lyrics/RMVM_S_90b1e19642.txt,verified_local,,unavailable,,missing,TIER_A,LYRICS_ONLY,train
RMVM_S_90c6c5bd79,Lỗi Lầm Tình Yêu,Nhật Kim Anh,ART_8f5deabde4,POP_BALLAD,deterministic_mapping,1.0,,,unavailable,data/lyrics/RMVM_S_90c6c5bd79.txt,verified_local,,unavailable,,missing,TIER_A,LYRICS_ONLY,train
RMVM_S_90d1419e9f,Bức Họa Về Mưa,Nhiều nghệ sĩ,ART_736b531937,RAP_HIPHOP,deterministic_mapping,1.0,,,unavailable,data/lyrics/RMVM_S_90d1419e9f.txt,verified_local,,unavailable,,missing,TIER_A,LYRICS_ONLY,train
RMVM_S_90e46095f7,Em Của Kỷ Niệm,Diệp Thanh Phong,ART_addc5afa81,POP_BALLAD,deterministic_mapping,1.0,,,unavailable,data/lyrics/RMVM_S_90e46095f7.txt,verified_local,data/covers/RMVM_S_90e46095f7.jpg,verified_local,,missing,TIER_A,LYRICS_COVER,train
RMVM_S_90f0c6faa1,Chuyện Tình Không Mang Tên,Lan Vy,ART_46e9a0312d,BOLERO_TRUTINH,deterministic_mapping,1.0,,,unavailable,data/lyrics/RMVM_S_90f0c6faa1.txt,verified_local,,unavailable,,missing,TIER_A,LYRICS_ONLY,train
RMVM_S_911d8ab381,Cún Bin Yêu,Bé Bào Ngư,ART_d278399f73,INSTRUMENTAL,deterministic_mapping,1.0,,,unavailable,,unavailable,data/covers/RMVM_S_911d8ab381.jpg,verified_local,,missing,TIER_A,COVER_ONLY,train
RMVM_S_9145ffeb61,Cô Ấy Đã Từng (Remix),Anh Trung,ART_177155a407,POP_BALLAD,deterministic_mapping,1.0,,,unavailable,data/lyrics/RMVM_S_9145ffeb61.txt,verified_local,,unavailable,,missing,TIER_A,LYRICS_ONLY,train
RMVM_S_916f496ed0,Em sẽ rạng ngời,Khải,ART_f9eadfe4de,POP_BALLAD,deterministic_mapping,1.0,,,unavailable,data/lyrics/RMVM_S_916f496ed0.txt,verified_local,data/covers/RMVM_S_916f496ed0.jpg,verified_local,,missing,TIER_A,LYRICS_COVER,train
RMVM_S_91733fc9cc,Liên Khúc Nhạc Về Thầy Minh Tuệ - Thương Thầy Người Là Đấng Chân Tu,Mỹ Nhung,ART_1a486c4713,POP_BALLAD,deterministic_mapping,1.0,,,unavailable,,unavailable,data/covers/RMVM_S_91733fc9cc.jpg,verified_local,,missing,TIER_A,COVER_ONLY,train
RMVM_S_918791447c,Duyên Quê (Liveshow Thương Quá Việt Nam 3),V.A,ART_a9356cbe0e,POP_BALLAD,deterministic_mapping,1.0,,,unavailable,,unavailable,data/covers/RMVM_S_918791447c.jpg,verified_local,,missing,TIER_A,COVER_ONLY,train
RMVM_S_920c299c88,Đau Thương Anh Nặng Mang,La Hoàng Phúc,ART_7c781f1eaf,POP_BALLAD,deterministic_mapping,1.0,,,unavailable,data/lyrics/RMVM_S_920c299c88.txt,verified_local,,unavailable,,missing,TIER_A,LYRICS_ONLY,train
RMVM_S_922adb2b02,Chim Quý Trong Lồng,"K-ICM, Văn Mai Hương",ART_0ca3147328,POP_BALLAD,deterministic_mapping,1.0,,,unavailable,data/lyrics/RMVM_S_922adb2b02.txt,verified_local,,unavailable,,missing,TIER_A,LYRICS_ONLY,train
RMVM_S_9242ffbc9f,Hát Khúc Xuân Ca,Phan Bảo Nam,ART_f58b4086bf,POP_BALLAD,deterministic_mapping,1.0,,,unavailable,data/lyrics/RMVM_S_9242ffbc9f.txt,verified_local,data/covers/RMVM_S_9242ffbc9f.jpg,verified_local,,missing,TIER_A,LYRICS_COVER,train
RMVM_S_9244701544,Anh Sáu Về Quê (Cha Cha Cha),"Văn Hương, Thùy Dương, CT",ART_57b5803fc1,BOLERO_TRUTINH,deterministic_mapping,1.0,,,unavailable,,unavailable,data/covers/RMVM_S_9244701544.jpg,verified_local,,missing,TIER_A,COVER_ONLY,train
RMVM_S_925df2332d,Bến Đợi Đò Sang,Kim Linh,ART_e4bd38b781,BOLERO_TRUTINH,deterministic_mapping,1.0,,,unavailable,data/lyrics/RMVM_S_925df2332d.txt,verified_local,,unavailable,,missing,TIER_A,LYRICS_ONLY,train
RMVM_S_9260f56ff0,Ta Yêu Sài Gòn Đến Lạ (ChuChu),"Lời bài hát, tải nhạc Zing MP3",ART_ac84d0e8b1,POP_BALLAD,deterministic_mapping,1.0,,,unavailable,,unavailable,data/covers/RMVM_S_9260f56ff0.jpg,verified_local,,missing,TIER_A,COVER_ONLY,train
RMVM_S_927b3065c3,Đi Bên Em,"Kiun Gia Tuấn, Masew",ART_1af1e18726,POP_BALLAD,deterministic_mapping,1.0,,,unavailable,data/lyrics/RMVM_S_927b3065c3.txt,verified_local,,unavailable,,missing,TIER_A,LYRICS_ONLY,train
RMVM_S_929418dcbc,Mẹ Của Tôi,Bích Tuyền,ART_bd071a7848,BOLERO_TRUTINH,deterministic_mapping,1.0,,,unavailable,data/lyrics/RMVM_S_929418dcbc.txt,verified_local,,unavailable,,missing,TIER_A,LYRICS_ONLY,train
RMVM_S_929d87e402,Thanh Xuân Là Để Nhớ,"Fer, Thái Ngân, LeO",ART_f29556b0f3,POP_BALLAD,deterministic_mapping,1.0,,,unavailable,data/lyrics/RMVM_S_929d87e402.txt,verified_local,,unavailable,,missing,TIER_A,LYRICS_ONLY,train
RMVM_S_92a1d39dd0,Lòng Mãi Yêu Thương,Thanh Vinh,ART_993f253972,BOLERO_TRUTINH,deterministic_mapping,1.0,,,unavailable,data/lyrics/RMVM_S_92a1d39dd0.txt,verified_local,,unavailable,,missing,TIER_A,LYRICS_ONLY,train
RMVM_S_92a7766f31,Anh Đang Nơi Đâu,Hoàng Duyên,ART_c470a55db0,POP_BALLAD,deterministic_mapping,1.0,,,unavailable,data/lyrics/RMVM_S_92a7766f31.txt,verified_local,,unavailable,,missing,TIER_A,LYRICS_ONLY,train
RMVM_S_92ae4b78f8,Men Tình Nhân Gian,Gia Bin,ART_c3adbbeb70,POP_BALLAD,deterministic_mapping,1.0,,,unavailable,data/lyrics/RMVM_S_92ae4b78f8.txt,verified_local,,unavailable,,missing,TIER_A,LYRICS_ONLY,train
RMVM_S_92afc674ce,Còn Gì Để Nhớ,Chance C,ART_f9a6671575,POP_BALLAD,deterministic_mapping,1.0,,,unavailable,data/lyrics/RMVM_S_92afc674ce.txt,verified_local,,unavailable,,missing,TIER_A,LYRICS_ONLY,train
RMVM_S_92d95fb67e,Cầu Hôn (Cover),Juky San,ART_00dcf830d4,POP_BALLAD,deterministic_mapping,1.0,,,unavailable,data/lyrics/RMVM_S_92d95fb67e.txt,verified_local,,unavailable,,missing,TIER_A,LYRICS_ONLY,train
RMVM_S_92e738742e,Quà Trung Thu Của Bố,Bé Bào Ngư,ART_d278399f73,CHILDREN,artist_discography_verification,0.85,,,unavailable,data/lyrics/RMVM_S_92e738742e.txt,verified_local,,unavailable,,missing,TIER_B,LYRICS_ONLY,train
RMVM_S_92e74e1137,Một Thuở Yêu Nhau,Triệu Lộc,ART_209f4d1133,BOLERO_TRUTINH,deterministic_mapping,1.0,,,unavailable,data/lyrics/RMVM_S_92e74e1137.txt,verified_local,,unavailable,,missing,TIER_A,LYRICS_ONLY,train
RMVM_S_92ead483d2,Họa Màu Nước Mắt,"Kenny You, Gon",ART_79b6742bce,POP_BALLAD,deterministic_mapping,1.0,,,unavailable,data/lyrics/RMVM_S_92ead483d2.txt,verified_local,,unavailable,,missing,TIER_A,LYRICS_ONLY,train
RMVM_S_92f3ec980f,Chờ Em Dưới Cơn Mưa,Vàng Ngọc Kính,ART_72627c2d56,POP_BALLAD,deterministic_mapping,1.0,,,unavailable,data/lyrics/RMVM_S_92f3ec980f.txt,verified_local,data/covers/RMVM_S_92f3ec980f.jpg,verified_local,,missing,TIER_A,LYRICS_COVER,train
RMVM_S_92f442c6ed,Chuyện Tình Lạc Trôi,Thiều Thu Sa,ART_af9e91b62c,BOLERO_TRUTINH,deterministic_mapping,1.0,,,unavailable,,unavailable,data/covers/RMVM_S_92f442c6ed.jpg,verified_local,,missing,TIER_A,COVER_ONLY,train
RMVM_S_92f5cf9342,Anh Luôn Tồn Tại,Huỳnh Như,ART_af3438dd15,POP_BALLAD,deterministic_mapping,1.0,,,unavailable,data/lyrics/RMVM_S_92f5cf9342.txt,verified_local,,unavailable,,missing,TIER_A,LYRICS_ONLY,train
RMVM_S_9300fc0ffc,Thế Hệ Tan Vỡ,"Kai Đinh, SIVAN",ART_fab88ee752,POP_BALLAD,deterministic_mapping,1.0,,,unavailable,data/lyrics/RMVM_S_9300fc0ffc.txt,verified_local,,unavailable,,missing,TIER_A,LYRICS_ONLY,train
RMVM_S_931da53c59,Dậy Đi Em,"N2H, KaWaiiBi, Key",ART_43e0f5908d,RAP_HIPHOP,deterministic_mapping,1.0,,,unavailable,data/lyrics/RMVM_S_931da53c59.txt,verified_local,,unavailable,,missing,TIER_A,LYRICS_ONLY,train
RMVM_S_93223bdf6a,Cố Chấp Để Bên Nhau,Phạm Nguyệt Hằng,ART_95e59ae118,POP_BALLAD,deterministic_mapping,1.0,,,unavailable,,unavailable,data/covers/RMVM_S_93223bdf6a.jpg,verified_local,,missing,TIER_A,COVER_ONLY,train
RMVM_S_93261daa96,Tất Cả Là Dối Lòng,Lý Tuấn Kiệt,ART_3af0664099,POP_BALLAD,deterministic_mapping,1.0,,,unavailable,data/lyrics/RMVM_S_93261daa96.txt,verified_local,,unavailable,,missing,TIER_A,LYRICS_ONLY,train
RMVM_S_932b8e3b53,Nhớ Tiếng Mẹ Ru,Thanh Quý,ART_7bdf7be6b5,BOLERO_TRUTINH,deterministic_mapping,1.0,,,unavailable,data/lyrics/RMVM_S_932b8e3b53.txt,verified_local,,unavailable,,missing,TIER_A,LYRICS_ONLY,train
RMVM_S_9352a8bd66,Nhìn Anh Đi,"Par SG, Galaxyy",ART_28ac51c206,RAP_HIPHOP,deterministic_mapping,1.0,,,unavailable,data/lyrics/RMVM_S_9352a8bd66.txt,verified_local,data/covers/RMVM_S_9352a8bd66.jpg,verified_local,,missing,TIER_A,LYRICS_COVER,train
RMVM_S_9379126bdb,Thế Giới Gọi Tắt Là Em,Vương Thiên Tuấn,ART_52b45fcfe2,POP_BALLAD,deterministic_mapping,1.0,,,unavailable,data/lyrics/RMVM_S_9379126bdb.txt,verified_local,,unavailable,,missing,TIER_A,LYRICS_ONLY,train
RMVM_S_9392392949,Phố Vắng Ai Rồi,Bonneur Trinh,ART_c7f8069413,BOLERO_TRUTINH,deterministic_mapping,1.0,,,unavailable,data/lyrics/RMVM_S_9392392949.txt,verified_local,,unavailable,,missing,TIER_A,LYRICS_ONLY,train
RMVM_S_93b4e31e95,Tình Ca Mùa Xuân,"Bùi Thúy, Trần Hữu Tuấn",ART_d105c3b24f,FOLK_TRADITIONAL,deterministic_mapping,1.0,,,unavailable,data/lyrics/RMVM_S_93b4e31e95.txt,verified_local,,unavailable,,missing,TIER_A,LYRICS_ONLY,train
RMVM_S_93d166b974,Lâu Rồi Không Nói Yêu Nhau,Nam Cường,ART_b3f55dbb97,POP_BALLAD,deterministic_mapping,1.0,,,unavailable,data/lyrics/RMVM_S_93d166b974.txt,verified_local,,unavailable,,missing,TIER_A,LYRICS_ONLY,train
RMVM_S_93d6f56f2a,Chia Đôi Cơn Mơ,"Nguyên Khang, Lương Bích Hữu",ART_5c34f110d4,RAP_HIPHOP,deterministic_mapping,1.0,,,unavailable,data/lyrics/RMVM_S_93d6f56f2a.txt,verified_local,,unavailable,,missing,TIER_A,LYRICS_ONLY,train
RMVM_S_93f5bef71c,Anh Thôi Nhân Nhượng (Cover) (TD x MrK Remix),Dunghoangpham,ART_b401d4cde2,DANCE_EDM,deterministic_mapping,1.0,,,unavailable,data/lyrics/RMVM_S_93f5bef71c.txt,verified_local,,unavailable,,missing,TIER_A,LYRICS_ONLY,train
RMVM_S_93f9eefc46,Anh Còn Ở Đó Không?,Trương Quỳnh Anh,ART_54e2fd0501,POP_BALLAD,deterministic_mapping,1.0,,,unavailable,data/lyrics/RMVM_S_93f9eefc46.txt,verified_local,,unavailable,,missing,TIER_A,LYRICS_ONLY,train
RMVM_S_941c813a1e,Chuyện Tình NKA,Nhật Kim Anh,ART_8f5deabde4,POP_BALLAD,deterministic_mapping,1.0,,,unavailable,data/lyrics/RMVM_S_941c813a1e.txt,verified_local,,unavailable,,missing,TIER_A,LYRICS_ONLY,train
RMVM_S_9421266a4b,Cho Con Xin,"Quỳnh Gai, Đinh Trang, CM1X",ART_acd101b7eb,POP_BALLAD,deterministic_mapping,1.0,,,unavailable,data/lyrics/RMVM_S_9421266a4b.txt,verified_local,,unavailable,,missing,TIER_A,LYRICS_ONLY,train
RMVM_S_94319aea62,Tình Chẳng Phai Mờ,Nguyễn Phi Hùng,ART_8b396f08ea,POP_BALLAD,deterministic_mapping,1.0,,,unavailable,,unavailable,data/covers/RMVM_S_94319aea62.jpg,verified_local,,missing,TIER_A,COVER_ONLY,train
RMVM_S_946e9c4084,Cạn Nghĩa Cạn Tình,GIK,ART_3092af5adf,POP_BALLAD,deterministic_mapping,1.0,,,unavailable,data/lyrics/RMVM_S_946e9c4084.txt,verified_local,,unavailable,,missing,TIER_A,LYRICS_ONLY,train
RMVM_S_946f11a739,Vì Ta Quá Yêu (Live at In The Moonlight),Quốc Thiên,ART_39472163fd,POP_BALLAD,deterministic_mapping,1.0,,,unavailable,data/lyrics/RMVM_S_946f11a739.txt,verified_local,data/covers/RMVM_S_946f11a739.jpg,verified_local,,missing,TIER_A,LYRICS_COVER,train
RMVM_S_9470aa9f79,Xin Lỗi Vì Anh Nghèo (Beat),Phạm Kỳ Anh,ART_004639e8c2,POP_BALLAD,deterministic_mapping,1.0,,,unavailable,data/lyrics/RMVM_S_9470aa9f79.txt,verified_local,,unavailable,,missing,TIER_A,LYRICS_ONLY,train
RMVM_S_9490a41a1a,Bông Hồng Gai (Beat),"VIET, XAN",ART_85e801baa0,POP_BALLAD,deterministic_mapping,1.0,,,unavailable,data/lyrics/RMVM_S_9490a41a1a.txt,verified_local,data/covers/RMVM_S_9490a41a1a.jpg,verified_local,,missing,TIER_A,LYRICS_COVER,train
RMVM_S_94b23bf2d9,Kinh Cầu Mẹ Từ Bi,Thích Pháp Như,ART_ca695bd178,OTHER,curated_out_of_taxonomy,0.9,Religious / Sacred spiritual Vietnamese music,,unavailable,,unavailable,,unavailable,,missing,TIER_B,METADATA_ONLY,train
RMVM_S_94b73a226f,Cơn Mưa Cuối Cùng,Elty,ART_692f623056,POP_BALLAD,deterministic_mapping,1.0,,,unavailable,,unavailable,data/covers/RMVM_S_94b73a226f.jpg,verified_local,,missing,TIER_A,COVER_ONLY,train
RMVM_S_94bfa0a241,Chuyện Làm Dâu,Phi Nhung,ART_33de4125fc,INSTRUMENTAL,source_tag_verification,0.85,,,unavailable,data/lyrics/RMVM_S_94bfa0a241.txt,verified_local,,unavailable,,missing,TIER_B,LYRICS_ONLY,train
RMVM_S_94cc0c1ca2,Để Cho Anh Khóc (Remix),Thành Đại Siêu,ART_b2e564a75e,POP_BALLAD,deterministic_mapping,1.0,,,unavailable,data/lyrics/RMVM_S_94cc0c1ca2.txt,verified_local,,unavailable,,missing,TIER_A,LYRICS_ONLY,train
RMVM_S_94e7095112,Bài Tango Ngày Ấy,Lưu Ánh Loan,ART_72a4147195,BOLERO_TRUTINH,deterministic_mapping,1.0,,,unavailable,data/lyrics/RMVM_S_94e7095112.txt,verified_local,,unavailable,,missing,TIER_A,LYRICS_ONLY,train
RMVM_S_94ff1d5848,Đêm Tiễn Biệt,"Lưu Ánh Loan, Huỳnh Thật",ART_c093b0b77d,BOLERO_TRUTINH,deterministic_mapping,0.85,,,unavailable,,unavailable,,unavailable,,missing,TIER_B,METADATA_ONLY,train
RMVM_S_9505c5ae6f,Ánh Mắt Ấy,Thu Thủy,ART_d19291be80,POP_BALLAD,deterministic_mapping,1.0,,,unavailable,data/lyrics/RMVM_S_9505c5ae6f.txt,verified_local,,unavailable,,missing,TIER_A,LYRICS_ONLY,train
RMVM_S_9536a274de,Khó Tính Cá Tính Mà Thật Xinh,Sang Bùi,ART_8a0d778187,POP_BALLAD,deterministic_mapping,1.0,,,unavailable,data/lyrics/RMVM_S_9536a274de.txt,verified_local,,unavailable,,missing,TIER_A,LYRICS_ONLY,train
RMVM_S_955dace2f5,Đôi Mắt Biết Nói Dối,CeCe Trương,ART_c86868ba75,POP_BALLAD,deterministic_mapping,1.0,,,unavailable,data/lyrics/RMVM_S_955dace2f5.txt,verified_local,,unavailable,,missing,TIER_A,LYRICS_ONLY,train
RMVM_S_9563c364b1,Mùa Xuân Cưới Em (Disco),"Thanh Vinh, Hồng Quyên, CT",ART_f9e20e466d,BOLERO_TRUTINH,deterministic_mapping,1.0,,,unavailable,,unavailable,data/covers/RMVM_S_9563c364b1.jpg,verified_local,,missing,TIER_A,COVER_ONLY,train
RMVM_S_956e7bd045,Bay Trong Xuân,Hoàng Yến Chibi,ART_2817fb9e70,POP_BALLAD,deterministic_mapping,1.0,,,unavailable,data/lyrics/RMVM_S_956e7bd045.txt,verified_local,,unavailable,,missing,TIER_A,LYRICS_ONLY,train
RMVM_S_95c6626626,Anh Không Muốn Ra Đi,"Vicky Nhung, Long Rex",ART_aa005a262d,POP_BALLAD,deterministic_mapping,1.0,,,unavailable,data/lyrics/RMVM_S_95c6626626.txt,verified_local,,unavailable,,missing,TIER_A,LYRICS_ONLY,train
RMVM_S_961246515e,"Bên Ta Khi Giàu Sang (Parody, Short Version)",Hoàng Hồng Quân,ART_fad8af9e99,POP_BALLAD,deterministic_mapping,1.0,,,unavailable,data/lyrics/RMVM_S_961246515e.txt,verified_local,,unavailable,,missing,TIER_A,LYRICS_ONLY,train
RMVM_S_96179d3a24,Ân Tình Mẹ Yêu,Lm. Quang Lâm,ART_131de67c02,BOLERO_TRUTINH,deterministic_mapping,1.0,,,unavailable,data/lyrics/RMVM_S_96179d3a24.txt,verified_local,,unavailable,,missing,TIER_A,LYRICS_ONLY,train
RMVM_S_96192eb080,Cảm Giác Còn Lại,"20 CARATS, Minus",ART_bca2df43db,POP_BALLAD,deterministic_mapping,1.0,,,unavailable,data/lyrics/RMVM_S_96192eb080.txt,verified_local,,unavailable,,missing,TIER_A,LYRICS_ONLY,train
RMVM_S_9620ea800a,Vì Anh Đã Sai (Dance Version),Triệu Lộc,ART_209f4d1133,POP_BALLAD,deterministic_mapping,1.0,,,unavailable,data/lyrics/RMVM_S_9620ea800a.txt,verified_local,data/covers/RMVM_S_9620ea800a.jpg,verified_local,,missing,TIER_A,LYRICS_COVER,train
RMVM_S_963b44079c,Cô Nương Bên Cầu,"Dương Nhân Trung, Vũ Nguyên Thảo",ART_77b4698e64,POP_BALLAD,deterministic_mapping,1.0,,,unavailable,data/lyrics/RMVM_S_963b44079c.txt,verified_local,,unavailable,,missing,TIER_A,LYRICS_ONLY,train
RMVM_S_9646c08f94,Con Dế Mèn Hát Vào Mùa Hè,Tùng,ART_58a4ced5a7,POP_BALLAD,deterministic_mapping,1.0,,,unavailable,data/lyrics/RMVM_S_9646c08f94.txt,verified_local,,unavailable,,missing,TIER_A,LYRICS_ONLY,train
RMVM_S_966a110699,Tan Bao Giấc Mơ,The Men,ART_bbb595b853,POP_BALLAD,deterministic_mapping,0.85,,,unavailable,,unavailable,,unavailable,,missing,TIER_B,METADATA_ONLY,train
RMVM_S_968562d799,Girl Hai Huoc Nhung Tim Day Vet Xuoc,Saabirose,ART_b6ccd3354f,POP_BALLAD,deterministic_mapping,1.0,,,unavailable,data/lyrics/RMVM_S_968562d799.txt,verified_local,,unavailable,,missing,TIER_A,LYRICS_ONLY,train
RMVM_S_96877bf9ba,Hà Nội Những Đêm Không Ngủ,"Đăng Dương, Trọng Tấn, NSUT Việt Hoàn",ART_25af97e0c1,REVOLUTIONARY,provenance_metadata_verification,0.85,,,unavailable,data/lyrics/RMVM_S_96877bf9ba.txt,verified_local,,unavailable,,missing,TIER_B,LYRICS_ONLY,train
RMVM_S_969606395e,Cau Thắm Trầu Xanh,"Thanh Ngân, Mai Tiến Đạt",ART_16f058aea1,POP_BALLAD,deterministic_mapping,1.0,,,unavailable,data/lyrics/RMVM_S_969606395e.txt,verified_local,,unavailable,,missing,TIER_A,LYRICS_ONLY,train
RMVM_S_96997ca9e7,Anh Còn Ở Đó Không? (New Version),Trương Quỳnh Anh,ART_54e2fd0501,POP_BALLAD,deterministic_mapping,1.0,,,unavailable,data/lyrics/RMVM_S_96997ca9e7.txt,verified_local,,unavailable,,missing,TIER_A,LYRICS_ONLY,train
RMVM_S_96ba0e37ff,Chỉ Còn Mùa Quên,Dương Triệu Vũ,ART_40c6c237c0,POP_BALLAD,deterministic_mapping,1.0,,,unavailable,data/lyrics/RMVM_S_96ba0e37ff.txt,verified_local,,unavailable,,missing,TIER_A,LYRICS_ONLY,train
RMVM_S_96c5a029c6,Lỗi Duyên Tại Ý Trời,"TVk, Huỳnh Mộng Như, 93NEW-G",ART_6fb3acba39,POP_BALLAD,deterministic_mapping,1.0,,,unavailable,data/lyrics/RMVM_S_96c5a029c6.txt,verified_local,,unavailable,,missing,TIER_A,LYRICS_ONLY,train
RMVM_S_96e2d80f52,Không Còn Chung Hướng,"Phạm Sắc Lệnh, LQ",ART_0433b2a30b,POP_BALLAD,deterministic_mapping,1.0,,,unavailable,data/lyrics/RMVM_S_96e2d80f52.txt,verified_local,,unavailable,,missing,TIER_A,LYRICS_ONLY,train
RMVM_S_96fab43855,Đến Đây Và Ôm,"Lê Vũ, Blue T",ART_abe60467f4,POP_BALLAD,deterministic_mapping,1.0,,,unavailable,data/lyrics/RMVM_S_96fab43855.txt,verified_local,,unavailable,,missing,TIER_A,LYRICS_ONLY,train
RMVM_S_971a7f04d0,Anh Khóc Thật Rồi,Kool Nguyễn,ART_bdbc651305,POP_BALLAD,deterministic_mapping,1.0,,,unavailable,data/lyrics/RMVM_S_971a7f04d0.txt,verified_local,,unavailable,,missing,TIER_A,LYRICS_ONLY,train
RMVM_S_9728665555,Yêu Vợ Nhất Trái Đất,Úy Trung Dũng,ART_36df10744b,POP_BALLAD,deterministic_mapping,1.0,,,unavailable,data/lyrics/RMVM_S_9728665555.txt,verified_local,,unavailable,,missing,TIER_A,LYRICS_ONLY,train
RMVM_S_973decd823,Bức Bình Phong,Trịnh Thăng Bình,ART_c35bd8b264,POP_BALLAD,deterministic_mapping,1.0,,,unavailable,data/lyrics/RMVM_S_973decd823.txt,verified_local,,unavailable,,missing,TIER_A,LYRICS_ONLY,train
RMVM_S_9742836b4e,Mùa Xuân Mùa Tình Yêu,Minh Trang LyLy,ART_7d94943583,POP_BALLAD,deterministic_mapping,1.0,,,unavailable,data/lyrics/RMVM_S_9742836b4e.txt,verified_local,,unavailable,,missing,TIER_A,LYRICS_ONLY,train
RMVM_S_9752e6a060,18 Ngu Ngơ,"Wang, Tee Đình Hào, Lusic",ART_76551c6cad,RAP_HIPHOP,deterministic_mapping,1.0,,,unavailable,data/lyrics/RMVM_S_9752e6a060.txt,verified_local,,unavailable,,missing,TIER_A,LYRICS_ONLY,train
RMVM_S_975c0602c2,Bé Vui Học Vần On-An,"Đỗ Tuyết Nhi, Dâu Tây",ART_08d82366cc,CHILDREN,deterministic_mapping,1.0,,,unavailable,data/lyrics/RMVM_S_975c0602c2.txt,verified_local,,unavailable,,missing,TIER_A,LYRICS_ONLY,train
RMVM_S_9764b5cf94,Lỗi Lầm Này Anh Sẽ Gánh Vì Em,Hàn Thái Tú,ART_28c3149f5a,POP_BALLAD,deterministic_mapping,1.0,,,unavailable,data/lyrics/RMVM_S_9764b5cf94.txt,verified_local,,unavailable,,missing,TIER_A,LYRICS_ONLY,train
RMVM_S_9765300d12,Dám Hỏi Đường Ở Đâu,Lee Phú Quý,ART_0dae860da2,POP_BALLAD,deterministic_mapping,1.0,,,unavailable,data/lyrics/RMVM_S_9765300d12.txt,verified_local,,unavailable,,missing,TIER_A,LYRICS_ONLY,train
RMVM_S_9771086601,Có Em Là Đủ,Will,ART_18218139ee,POP_BALLAD,deterministic_mapping,1.0,,,unavailable,data/lyrics/RMVM_S_9771086601.txt,verified_local,,unavailable,,missing,TIER_A,LYRICS_ONLY,train
RMVM_S_97878031c8,Mùa Xuân Trảy Hội Làng Lim,Trang Nhung,ART_8d87063614,POP_BALLAD,deterministic_mapping,1.0,,,unavailable,data/lyrics/RMVM_S_97878031c8.txt,verified_local,data/covers/RMVM_S_97878031c8.jpg,verified_local,,missing,TIER_A,LYRICS_COVER,train
RMVM_S_97b103a837,Có Đau Mới Đậm Sâu,BTK,ART_564f64348e,POP_BALLAD,deterministic_mapping,1.0,,,unavailable,data/lyrics/RMVM_S_97b103a837.txt,verified_local,,unavailable,,missing,TIER_A,LYRICS_ONLY,train
RMVM_S_97b7f4b071,Ai về sông Tương,Hoàng Bách,ART_8421320d16,POP_BALLAD,deterministic_mapping,1.0,,,unavailable,data/lyrics/RMVM_S_97b7f4b071.txt,verified_local,,unavailable,,missing,TIER_A,LYRICS_ONLY,train
RMVM_S_97d695bd69,Nhịp Cầu Tri Âm,"Đoàn Thanh Phương, Cao Bảo Hân",ART_d0bd8861ee,BOLERO_TRUTINH,deterministic_mapping,0.85,,,unavailable,,unavailable,,unavailable,,missing,TIER_B,METADATA_ONLY,train
RMVM_S_97d69e3ed0,Bao Giờ Hết Nợ Đời (Rumba),"Mai Tiến Đạt, CT",ART_3800df12dd,POP_BALLAD,deterministic_mapping,1.0,,,unavailable,data/lyrics/RMVM_S_97d69e3ed0.txt,verified_local,data/covers/RMVM_S_97d69e3ed0.jpg,verified_local,,missing,TIER_A,LYRICS_COVER,train
RMVM_S_9803be72f2,Bầu Trời Của Con,Lâm Chấn Huy,ART_6c383e0ed1,FOLK_TRADITIONAL,deterministic_mapping,1.0,,,unavailable,data/lyrics/RMVM_S_9803be72f2.txt,verified_local,,unavailable,,missing,TIER_A,LYRICS_ONLY,train
RMVM_S_9816fd4aec,Là Vậy Đó (Piano Version),"Misabae, KayDee, The 199X",ART_e9eb7372a7,POP_BALLAD,deterministic_mapping,1.0,,,unavailable,data/lyrics/RMVM_S_9816fd4aec.txt,verified_local,,unavailable,,missing,TIER_A,LYRICS_ONLY,train
RMVM_S_9831ff1345,Mình Yêu Nhau Từ Kiếp Nào (Pháp Sư Mù OST),Trung Quân Idol,ART_61b872964d,POP_BALLAD,deterministic_mapping,1.0,,,unavailable,data/lyrics/RMVM_S_9831ff1345.txt,verified_local,,unavailable,,missing,TIER_A,LYRICS_ONLY,train
RMVM_S_983d15aea7,Đừng Hỏi Em vì Sao,Hồng Nhi,ART_583140ac50,POP_BALLAD,deterministic_mapping,1.0,,,unavailable,data/lyrics/RMVM_S_983d15aea7.txt,verified_local,,unavailable,,missing,TIER_A,LYRICS_ONLY,train
RMVM_S_985373cc07,Biết Em Thương Người Khác,Trương Khải Minh,ART_170a8920b9,POP_BALLAD,deterministic_mapping,1.0,,,unavailable,data/lyrics/RMVM_S_985373cc07.txt,verified_local,,unavailable,,missing,TIER_A,LYRICS_ONLY,train
RMVM_S_9877bab48d,Họa Khúc Tương Tư (Vinahouse),"Minh Vương M4U, Hương Ly",ART_771f91e7ca,DANCE_EDM,deterministic_mapping,1.0,,,unavailable,data/lyrics/RMVM_S_9877bab48d.txt,verified_local,,unavailable,,missing,TIER_A,LYRICS_ONLY,train
RMVM_S_987e41576f,Hãy Nói Với Em Lời Chia Tay,Mạnh Hồng Nhi,ART_ca9a9be0e2,INSTRUMENTAL,source_tag_verification,0.85,,,unavailable,data/lyrics/RMVM_S_987e41576f.txt,verified_local,,unavailable,,missing,TIER_B,LYRICS_ONLY,train
RMVM_S_988459dd3c,Khúc Tâm Tình Người Hà Tĩnh,Hoàng Yến,ART_1ae2cbd1f2,POP_BALLAD,deterministic_mapping,0.85,,,unavailable,,unavailable,,unavailable,,missing,TIER_B,METADATA_ONLY,train
RMVM_S_988a11b42f,"LK Gió Về Miền Xuôi, Hai Mùa Noel",Khang Lê,ART_ed8283abf9,POP_BALLAD,deterministic_mapping,1.0,,,unavailable,,unavailable,data/covers/RMVM_S_988a11b42f.jpg,verified_local,,missing,TIER_A,COVER_ONLY,train
RMVM_S_98a5b220ab,Con Đò Lỡ Hẹn,Bảo Hân Bolero,ART_f69e0baf38,BOLERO_TRUTINH,deterministic_mapping,1.0,,,unavailable,data/lyrics/RMVM_S_98a5b220ab.txt,verified_local,data/covers/RMVM_S_98a5b220ab.jpg,verified_local,,missing,TIER_A,LYRICS_COVER,train
RMVM_S_98ade299c6,Không Sao Đâu Em (Tâm Sắc Tấm OST),Khải Đăng,ART_77d10f700c,POP_BALLAD,deterministic_mapping,1.0,,,unavailable,data/lyrics/RMVM_S_98ade299c6.txt,verified_local,,unavailable,,missing,TIER_A,LYRICS_ONLY,train
RMVM_S_98be82fcd4,Chiều Quê Kỷ Niệm,Bích Tuyền,ART_bd071a7848,BOLERO_TRUTINH,deterministic_mapping,1.0,,,unavailable,data/lyrics/RMVM_S_98be82fcd4.txt,verified_local,,unavailable,,missing,TIER_A,LYRICS_ONLY,train
RMVM_S_98d2ba4086,Yêu Thầm Phía Sau Em (Beat),Lương Chấn Nam,ART_9527b71586,POP_BALLAD,deterministic_mapping,1.0,,,unavailable,,unavailable,data/covers/RMVM_S_98d2ba4086.jpg,verified_local,,missing,TIER_A,COVER_ONLY,train
RMVM_S_98d2ba64cc,Để Làm Người Yêu Em,Chuy Blue,ART_714e2acaee,POP_BALLAD,deterministic_mapping,1.0,,,unavailable,data/lyrics/RMVM_S_98d2ba64cc.txt,verified_local,,unavailable,,missing,TIER_A,LYRICS_ONLY,train
RMVM_S_98da8b6d02,Phía Không Em,Vũ Minh Vương,ART_ac3da35dbc,POP_BALLAD,deterministic_mapping,1.0,,,unavailable,data/lyrics/RMVM_S_98da8b6d02.txt,verified_local,,unavailable,,missing,TIER_A,LYRICS_ONLY,train
RMVM_S_98edf62833,Chú Tiểu Ngây Thơ,Kitty Ngọc Nhi,ART_dcdf26394c,CHILDREN,deterministic_mapping,1.0,,,unavailable,data/lyrics/RMVM_S_98edf62833.txt,verified_local,,unavailable,,missing,TIER_A,LYRICS_ONLY,train
RMVM_S_98faf43f0d,Mùa Đông Thương Nhớ,Thúy Hằng Hana,ART_9b9bc32cf4,POP_BALLAD,deterministic_mapping,1.0,,,unavailable,data/lyrics/RMVM_S_98faf43f0d.txt,verified_local,,unavailable,,missing,TIER_A,LYRICS_ONLY,train
RMVM_S_9915ce296e,Chỉ Chọn Tây Kinh,Lee Phú Quý,ART_0dae860da2,POP_BALLAD,deterministic_mapping,1.0,,,unavailable,data/lyrics/RMVM_S_9915ce296e.txt,verified_local,,unavailable,,missing,TIER_A,LYRICS_ONLY,train
RMVM_S_991a4b6e0d,Mẹ Hiểu Con Không,Mr. Siro,ART_2af03d03f2,POP_BALLAD,deterministic_mapping,1.0,,,unavailable,data/lyrics/RMVM_S_991a4b6e0d.txt,verified_local,,unavailable,,missing,TIER_A,LYRICS_ONLY,train
RMVM_S_993d215b43,Dịu Dàng Sắc Xuân,"BeeBoss, Châu Ngọc Lan",ART_43e14dec39,POP_BALLAD,deterministic_mapping,1.0,,,unavailable,data/lyrics/RMVM_S_993d215b43.txt,verified_local,,unavailable,,missing,TIER_A,LYRICS_ONLY,train
RMVM_S_993f58bab2,Ai Tiếc Cho Ai,Anh Hảo,ART_f24cb38231,POP_BALLAD,deterministic_mapping,1.0,,,unavailable,data/lyrics/RMVM_S_993f58bab2.txt,verified_local,,unavailable,,missing,TIER_A,LYRICS_ONLY,train
RMVM_S_9941cb86fd,Chẳng Ai Trân Trọng Tình Yêu,Gia Quý,ART_6dae253029,POP_BALLAD,deterministic_mapping,1.0,,,unavailable,data/lyrics/RMVM_S_9941cb86fd.txt,verified_local,data/covers/RMVM_S_9941cb86fd.jpg,verified_local,,missing,TIER_A,LYRICS_COVER,train
RMVM_S_9942424fed,Có Một Người Vẫn Đợi (Remix),"Viet Lee, BConcept, Khánh Cường",ART_8bf14dc475,POP_BALLAD,deterministic_mapping,1.0,,,unavailable,data/lyrics/RMVM_S_9942424fed.txt,verified_local,,unavailable,,missing,TIER_A,LYRICS_ONLY,train
RMVM_S_995c4bb083,Hết Duyên Tình Tan,"Hoàng Minh, Lương Gia Hùng",ART_89013f4ecf,POP_BALLAD,deterministic_mapping,1.0,,,unavailable,data/lyrics/RMVM_S_995c4bb083.txt,verified_local,,unavailable,,missing,TIER_A,LYRICS_ONLY,train
RMVM_S_9988a211e9,Xuân Xa Mẹ,Ái Như,ART_539faf39e9,BOLERO_TRUTINH,deterministic_mapping,1.0,,,unavailable,data/lyrics/RMVM_S_9988a211e9.txt,verified_local,,unavailable,,missing,TIER_A,LYRICS_ONLY,train
RMVM_S_998d987543,Anh Chẳng Quan Tâm Em Nữa Rồi,"VAnh, Phạm Nguyên Ngọc, BMZ",ART_506fcb9c6a,POP_BALLAD,deterministic_mapping,1.0,,,unavailable,data/lyrics/RMVM_S_998d987543.txt,verified_local,,unavailable,,missing,TIER_A,LYRICS_ONLY,train
RMVM_S_99912485b0,Miễn cưỡng nhận lời chia tay,Tống Gia Vỹ,ART_3056dbc2e2,POP_BALLAD,deterministic_mapping,1.0,,,unavailable,data/lyrics/RMVM_S_99912485b0.txt,verified_local,,unavailable,,missing,TIER_A,LYRICS_ONLY,train
RMVM_S_99960bb4e9,Nếu Đời Không Có Nhau,Thu Phương,ART_4933834873,BOLERO_TRUTINH,deterministic_mapping,1.0,,,unavailable,data/lyrics/RMVM_S_99960bb4e9.txt,verified_local,,unavailable,,missing,TIER_A,LYRICS_ONLY,train
RMVM_S_99a5ddd793,Đừng Lau Nước Mắt Cho Em,Kim Ny Ngọc,ART_33f93ac48f,POP_BALLAD,deterministic_mapping,1.0,,,unavailable,data/lyrics/RMVM_S_99a5ddd793.txt,verified_local,data/covers/RMVM_S_99a5ddd793.jpg,verified_local,,missing,TIER_A,LYRICS_COVER,train
RMVM_S_99a770b6a7,RA GIÊNG ANH CƯỚI EM (Lofi Mix),Bùi Phi Long,ART_725ffd36a2,BOLERO_TRUTINH,deterministic_mapping,1.0,,,unavailable,data/lyrics/RMVM_S_99a770b6a7.txt,verified_local,,unavailable,,missing,TIER_A,LYRICS_ONLY,train
RMVM_S_99aebc1770,+1 ngày bên em (Lofi Version),"Trungg I.U, Rum",ART_50785f38b8,POP_BALLAD,deterministic_mapping,1.0,,,unavailable,data/lyrics/RMVM_S_99aebc1770.txt,verified_local,,unavailable,,missing,TIER_A,LYRICS_ONLY,train
RMVM_S_99c677f2cf,Ngày Em Nói,T.R.I,ART_c60614113e,POP_BALLAD,deterministic_mapping,1.0,,,unavailable,data/lyrics/RMVM_S_99c677f2cf.txt,verified_local,,unavailable,,missing,TIER_A,LYRICS_ONLY,train
RMVM_S_99d55aeff5,Bình Minh Xa Xôi,Cyrus Thiên Ân,ART_4e84a727bb,POP_BALLAD,deterministic_mapping,1.0,,,unavailable,data/lyrics/RMVM_S_99d55aeff5.txt,verified_local,,unavailable,,missing,TIER_A,LYRICS_ONLY,train
RMVM_S_9a0a510a4d,Biết Bao Giờ,Huệ Ngọc Nhã,ART_45e3f480f8,OTHER,curated_out_of_taxonomy,0.9,Religious / Sacred spiritual Vietnamese music,,unavailable,,unavailable,data/covers/RMVM_S_9a0a510a4d.jpg,verified_local,,missing,TIER_B,COVER_ONLY,train
RMVM_S_9a1789e72e,Anh Chỉ Buồn Hôm Nay Nữa Thôi,Rain Lưu,ART_ed13bb7e04,POP_BALLAD,deterministic_mapping,1.0,,,unavailable,data/lyrics/RMVM_S_9a1789e72e.txt,verified_local,,unavailable,,missing,TIER_A,LYRICS_ONLY,train
RMVM_S_9a18eefd67,Hãy Nói Thật Lòng,Hoàng Châu,ART_b1a63e3d25,POP_BALLAD,deterministic_mapping,1.0,,,unavailable,data/lyrics/RMVM_S_9a18eefd67.txt,verified_local,,unavailable,,missing,TIER_A,LYRICS_ONLY,train
RMVM_S_9a6c24c01c,"Anh Thương Em , Em Yêu Ai",Đinh Tùng Huy,ART_e1ad17266c,DANCE_EDM,deterministic_mapping,1.0,,,unavailable,data/lyrics/RMVM_S_9a6c24c01c.txt,verified_local,,unavailable,,missing,TIER_A,LYRICS_ONLY,train
RMVM_S_9a718c2365,Bước Với Chúa Yêu Thương,Isaac Thái,ART_84028ff2d2,OTHER,curated_out_of_taxonomy,0.9,Religious / Sacred spiritual Vietnamese music,,unavailable,,unavailable,,unavailable,,missing,TIER_B,METADATA_ONLY,train
RMVM_S_9a798a43ec,Người Từng Nói Bao Câu Hẹn Ước (HM Remix),MyMy,ART_62695e8f32,DANCE_EDM,deterministic_mapping,1.0,,,unavailable,data/lyrics/RMVM_S_9a798a43ec.txt,verified_local,,unavailable,,missing,TIER_A,LYRICS_ONLY,train
RMVM_S_9a7b92a548,Chỉ Còn Lại Tôi,"Chung Thanh Duy, Quân Han",ART_2a0d791d35,POP_BALLAD,deterministic_mapping,1.0,,,unavailable,data/lyrics/RMVM_S_9a7b92a548.txt,verified_local,,unavailable,,missing,TIER_A,LYRICS_ONLY,train
RMVM_S_9aa04aada7,Đi Để Trở Về (Beat),SOOBIN,ART_123141dbf1,POP_BALLAD,deterministic_mapping,1.0,,,unavailable,data/lyrics/RMVM_S_9aa04aada7.txt,verified_local,data/covers/RMVM_S_9aa04aada7.jpg,verified_local,,missing,TIER_A,LYRICS_COVER,train
RMVM_S_9aa0fe04ca,Bà Còng Đi Chợ,Mầm Chồi Lá,ART_b88b9de8d8,CHILDREN,deterministic_mapping,1.0,,,unavailable,data/lyrics/RMVM_S_9aa0fe04ca.txt,verified_local,,unavailable,,missing,TIER_A,LYRICS_ONLY,train
RMVM_S_9abf9f612c,Ai Gánh Cuộc Đời Trầm Luân (Live at Bến Thành),Hoài Lâm,ART_29eca983da,POP_BALLAD,deterministic_mapping,1.0,,,unavailable,data/lyrics/RMVM_S_9abf9f612c.txt,verified_local,,unavailable,,missing,TIER_A,LYRICS_ONLY,train
RMVM_S_9ac096a975,Uyên Ương Hồ Điệp,Hồ Quang Hiếu,ART_7573d36bbb,POP_BALLAD,deterministic_mapping,1.0,,,unavailable,data/lyrics/RMVM_S_9ac096a975.txt,verified_local,,unavailable,,missing,TIER_A,LYRICS_ONLY,train
RMVM_S_9ad6222090,Hãy Xem Là Giấc Mơ 2,Chu Bin,ART_9abe6c859e,POP_BALLAD,deterministic_mapping,1.0,,,unavailable,data/lyrics/RMVM_S_9ad6222090.txt,verified_local,data/covers/RMVM_S_9ad6222090.jpg,verified_local,,missing,TIER_A,LYRICS_COVER,train
RMVM_S_9aed47228d,Chờ Đợi Có Đáng Sợ (speed up),Andiez,ART_9439c81871,POP_BALLAD,deterministic_mapping,1.0,,,unavailable,,unavailable,data/covers/RMVM_S_9aed47228d.jpg,verified_local,,missing,TIER_A,COVER_ONLY,train
RMVM_S_9b101db97a,Ai Mang Mưa Về Thành Phố,Homin,ART_8adf1d8ab9,POP_BALLAD,deterministic_mapping,1.0,,,unavailable,data/lyrics/RMVM_S_9b101db97a.txt,verified_local,data/covers/RMVM_S_9b101db97a.jpg,verified_local,,missing,TIER_A,LYRICS_COVER,train
RMVM_S_9b292c1a57,Tiễn Đưa & Về Mái Nhà Xưa,"Khánh Ly, Thanh Tuyền",ART_bf19dc489f,NHAC_TRINH,artist_discography_verification,0.85,,,unavailable,data/lyrics/RMVM_S_9b292c1a57.txt,verified_local,,unavailable,,missing,TIER_B,LYRICS_ONLY,train
RMVM_S_9b3b0d2db9,Trải Đời,Jiren K,ART_9fe7922806,BOLERO_TRUTINH,deterministic_mapping,1.0,,,unavailable,data/lyrics/RMVM_S_9b3b0d2db9.txt,verified_local,,unavailable,,missing,TIER_A,LYRICS_ONLY,train
RMVM_S_9b4c11501e,Có Ai Mua Dùm Em Nỗi Buồn,NLy,ART_aff324073c,POP_BALLAD,deterministic_mapping,1.0,,,unavailable,,unavailable,data/covers/RMVM_S_9b4c11501e.jpg,verified_local,,missing,TIER_A,COVER_ONLY,train
RMVM_S_9b5ec2e3d6,Giác Quan Thứ 6 (Giao Lộ Thời Gian),Thu Minh,ART_cddf8d82c0,POP_BALLAD,deterministic_mapping,0.85,,,unavailable,,unavailable,,unavailable,,missing,TIER_B,METADATA_ONLY,train
RMVM_S_9b6cf156f7,9 Đợi 10 Chờ,Thanh Nhân,ART_a67d81e6d5,POP_BALLAD,deterministic_mapping,1.0,,,unavailable,data/lyrics/RMVM_S_9b6cf156f7.txt,verified_local,,unavailable,,missing,TIER_A,LYRICS_ONLY,train
RMVM_S_9b75b58b28,Cuốn Theo Chiều Gió,Thúy Huyền,ART_36808d017b,POP_BALLAD,deterministic_mapping,1.0,,,unavailable,data/lyrics/RMVM_S_9b75b58b28.txt,verified_local,,unavailable,,missing,TIER_A,LYRICS_ONLY,train
RMVM_S_9b84c31be9,Anh Cần Gì?,SimonC,ART_033a46af5e,RB_SOUL,deterministic_mapping,1.0,,,unavailable,data/lyrics/RMVM_S_9b84c31be9.txt,verified_local,,unavailable,,missing,TIER_A,LYRICS_ONLY,train
RMVM_S_9b86080c22,Đừng Trách Con Gái (Acoustic),DIMZ,ART_b78bfa06ae,POP_BALLAD,deterministic_mapping,1.0,,,unavailable,data/lyrics/RMVM_S_9b86080c22.txt,verified_local,,unavailable,,missing,TIER_A,LYRICS_ONLY,train
RMVM_S_9b89c61cd5,Công Chúa Ngủ Trong Rừng,Trương Quỳnh Anh,ART_54e2fd0501,POP_BALLAD,deterministic_mapping,1.0,,,unavailable,data/lyrics/RMVM_S_9b89c61cd5.txt,verified_local,,unavailable,,missing,TIER_A,LYRICS_ONLY,train
RMVM_S_9b8c8fc46f,Đời Hoa Trắng,Lưu Ánh Loan,ART_72a4147195,BOLERO_TRUTINH,deterministic_mapping,1.0,,,unavailable,data/lyrics/RMVM_S_9b8c8fc46f.txt,verified_local,,unavailable,,missing,TIER_A,LYRICS_ONLY,train
RMVM_S_9bab041e41,Kể Chuyện Trong Đêm Disco,Sao Band,ART_686396c88b,BOLERO_TRUTINH,deterministic_mapping,1.0,,,unavailable,,unavailable,data/covers/RMVM_S_9bab041e41.jpg,verified_local,,missing,TIER_A,COVER_ONLY,train
RMVM_S_9bb101fd3a,Thương Người Xứ Lạ,"Thanh Ngân, Mai Tiến Đạt",ART_16f058aea1,POP_BALLAD,deterministic_mapping,1.0,,,unavailable,data/lyrics/RMVM_S_9bb101fd3a.txt,verified_local,data/covers/RMVM_S_9bb101fd3a.jpg,verified_local,,missing,TIER_A,LYRICS_COVER,train
RMVM_S_9bb740a5f1,Liên Khúc Nhà Anh Nhà Em,Đoàn Minh,ART_c5309905bb,BOLERO_TRUTINH,deterministic_mapping,1.0,,,unavailable,data/lyrics/RMVM_S_9bb740a5f1.txt,verified_local,,unavailable,,missing,TIER_A,LYRICS_ONLY,train
RMVM_S_9bda7a224f,Về Lại Sông Trà,Trường Kha,ART_abe0f2439b,FOLK_TRADITIONAL,deterministic_mapping,1.0,,,unavailable,data/lyrics/RMVM_S_9bda7a224f.txt,verified_local,,unavailable,,missing,TIER_A,LYRICS_ONLY,train
RMVM_S_9bec48822c,nếu một mai tôi bay lên trời (Colours Version),"Hứa Kim Tuyền, Trúc Nhân",ART_9656421521,POP_BALLAD,deterministic_mapping,1.0,,,unavailable,data/lyrics/RMVM_S_9bec48822c.txt,verified_local,,unavailable,,missing,TIER_A,LYRICS_ONLY,train
RMVM_S_9bf9384198,Say Em,"QNT, Refund Band",ART_dea76c465b,POP_BALLAD,deterministic_mapping,1.0,,,unavailable,data/lyrics/RMVM_S_9bf9384198.txt,verified_local,,unavailable,,missing,TIER_A,LYRICS_ONLY,train
RMVM_S_9bfa547136,Lung Linh Xứ Mường,Vũ Minh Vương,ART_ac3da35dbc,BOLERO_TRUTINH,deterministic_mapping,1.0,,,unavailable,data/lyrics/RMVM_S_9bfa547136.txt,verified_local,data/covers/RMVM_S_9bfa547136.jpg,verified_local,,missing,TIER_A,LYRICS_COVER,train
RMVM_S_9c18d7c6b4,Ánh Trăng Tan,Don Hồ,ART_7a15955a82,INSTRUMENTAL,source_tag_verification,0.85,,,unavailable,data/lyrics/RMVM_S_9c18d7c6b4.txt,verified_local,,unavailable,,missing,TIER_B,LYRICS_ONLY,train
RMVM_S_9c2d5e1a38,Khúc Nhạc Tình Tang (Beat),Kim Linh,ART_e4bd38b781,BOLERO_TRUTINH,deterministic_mapping,1.0,,,unavailable,data/lyrics/RMVM_S_9c2d5e1a38.txt,verified_local,,unavailable,,missing,TIER_A,LYRICS_ONLY,train
RMVM_S_9c495a6622,Biết Làm Sao Quên,Trương Đình Phong,ART_5ab81df982,POP_BALLAD,deterministic_mapping,1.0,,,unavailable,data/lyrics/RMVM_S_9c495a6622.txt,verified_local,,unavailable,,missing,TIER_A,LYRICS_ONLY,train
RMVM_S_9c4ed92374,Mẹ Ơi 2,Jack,ART_4ff9fc6e4e,POP_BALLAD,deterministic_mapping,1.0,,,unavailable,data/lyrics/RMVM_S_9c4ed92374.txt,verified_local,data/covers/RMVM_S_9c4ed92374.jpg,verified_local,,missing,TIER_A,LYRICS_COVER,train
RMVM_S_9c4fb38c36,Lệ Vu Quy,"Trịnh Lam, Diễm Sương",ART_53017d04eb,INSTRUMENTAL,source_tag_verification,0.85,,,unavailable,data/lyrics/RMVM_S_9c4fb38c36.txt,verified_local,,unavailable,,missing,TIER_B,LYRICS_ONLY,train
RMVM_S_9c6f1c1309,Long An Khúc Hát Trao Duyên,"Văn Hương, Lý Thu Thảo",ART_aeb01a106c,BOLERO_TRUTINH,deterministic_mapping,1.0,,,unavailable,data/lyrics/RMVM_S_9c6f1c1309.txt,verified_local,,unavailable,,missing,TIER_A,LYRICS_ONLY,train
RMVM_S_9c8787fd8c,Bước Bên Em (Speed Up),"Dani D, Lê Vũ",ART_0930b4e6c0,POP_BALLAD,deterministic_mapping,1.0,,,unavailable,data/lyrics/RMVM_S_9c8787fd8c.txt,verified_local,,unavailable,,missing,TIER_A,LYRICS_ONLY,train
RMVM_S_9c89e775ef,Hẹn Ước Mùa Xuân,Thanh Long,ART_6d8e8bd436,POP_BALLAD,deterministic_mapping,1.0,,,unavailable,,unavailable,data/covers/RMVM_S_9c89e775ef.jpg,verified_local,,missing,TIER_A,COVER_ONLY,train
RMVM_S_9c99c5339d,Nàng Tiên Xấu Xa,Thanh Thanh,ART_8475e3b77c,BOLERO_TRUTINH,deterministic_mapping,1.0,,,unavailable,data/lyrics/RMVM_S_9c99c5339d.txt,verified_local,,unavailable,,missing,TIER_A,LYRICS_ONLY,train
RMVM_S_9cb195a596,KHÔNG CÒN EM (ft. Wxrdie & hoangnhi.),"LOPE PHAM, Wxrdie, hoangnhi.",ART_0a7f39dec1,POP_BALLAD,deterministic_mapping,1.0,,,unavailable,data/lyrics/RMVM_S_9cb195a596.txt,verified_local,,unavailable,,missing,TIER_A,LYRICS_ONLY,train
RMVM_S_9cb1ed089d,Bí Mật Của Anh,Khánh My,ART_14cb6dff27,POP_BALLAD,deterministic_mapping,1.0,,,unavailable,data/lyrics/RMVM_S_9cb1ed089d.txt,verified_local,data/covers/RMVM_S_9cb1ed089d.jpg,verified_local,,missing,TIER_A,LYRICS_COVER,train
RMVM_S_9cb29504e1,Anh Không Đáng Đâu,"Tap, Jur, Kiyoshi Phan Music",ART_0919a81d2b,POP_BALLAD,deterministic_mapping,1.0,,,unavailable,data/lyrics/RMVM_S_9cb29504e1.txt,verified_local,,unavailable,,missing,TIER_A,LYRICS_ONLY,train
RMVM_S_9cd69b8069,Chiếc Lá Mùa Đông (Xuân Phát Tài 13),Bằng Kiều,ART_e70c837c14,POP_BALLAD,deterministic_mapping,1.0,,,unavailable,data/lyrics/RMVM_S_9cd69b8069.txt,verified_local,,unavailable,,missing,TIER_A,LYRICS_ONLY,train
RMVM_S_9cd6e0f972,Asian Beauty / Nét Đẹp Á Đông,Nhiều nghệ sĩ,ART_736b531937,BOLERO_TRUTINH,deterministic_mapping,1.0,,,unavailable,data/lyrics/RMVM_S_9cd6e0f972.txt,verified_local,data/covers/RMVM_S_9cd6e0f972.jpg,verified_local,,missing,TIER_A,LYRICS_COVER,train
RMVM_S_9cfad601b0,Cuộc Tình Đơn Côi,Cẩm Ly,ART_310ca7b279,BOLERO_TRUTINH,deterministic_mapping,1.0,,,unavailable,data/lyrics/RMVM_S_9cfad601b0.txt,verified_local,,unavailable,,missing,TIER_A,LYRICS_ONLY,train
RMVM_S_9d04a8de3f,Bao Nhiêu Một Phút Bên Anh,"Xôn Nguyễn, Cầm, Kiều Chi",ART_552d4bf57e,POP_BALLAD,deterministic_mapping,1.0,,,unavailable,data/lyrics/RMVM_S_9d04a8de3f.txt,verified_local,,unavailable,,missing,TIER_A,LYRICS_ONLY,train
RMVM_S_9d0aafa04d,Âm Hồn Ca,Phước DKNY,ART_95c918ea88,RAP_HIPHOP,deterministic_mapping,1.0,,,unavailable,data/lyrics/RMVM_S_9d0aafa04d.txt,verified_local,,unavailable,,missing,TIER_A,LYRICS_ONLY,train
RMVM_S_9d3c30edfb,Bài Ca Ngày Vu Quy,Cao Sỹ Hùng,ART_e9a531336d,BOLERO_TRUTINH,deterministic_mapping,1.0,,,unavailable,data/lyrics/RMVM_S_9d3c30edfb.txt,verified_local,,unavailable,,missing,TIER_A,LYRICS_ONLY,train
RMVM_S_9d41980ac2,LK: Gửi Gió Cho Mây Ngàn Bay,"Ái Vân, Elvis Phương",ART_ae22c37494,BOLERO_TRUTINH,deterministic_mapping,1.0,,,unavailable,data/lyrics/RMVM_S_9d41980ac2.txt,verified_local,,unavailable,,missing,TIER_A,LYRICS_ONLY,train
RMVM_S_9d55aeb683,Nhịp Cầu Xưa,Duy Sang,ART_626671460a,BOLERO_TRUTINH,deterministic_mapping,1.0,,,unavailable,data/lyrics/RMVM_S_9d55aeb683.txt,verified_local,,unavailable,,missing,TIER_A,LYRICS_ONLY,train
RMVM_S_9d60ad39e4,Mai Anh Đào,Tùng Nguyễn,ART_32f7c5be34,POP_BALLAD,deterministic_mapping,1.0,,,unavailable,data/lyrics/RMVM_S_9d60ad39e4.txt,verified_local,,unavailable,,missing,TIER_A,LYRICS_ONLY,train
RMVM_S_9d6ba5dba7,"Hè, Chợt Về Chí Linh? (Beat)","Trần Minh Tiến, Cao Tuấn Anh",ART_403449d2c7,POP_BALLAD,deterministic_mapping,1.0,,,unavailable,data/lyrics/RMVM_S_9d6ba5dba7.txt,verified_local,data/covers/RMVM_S_9d6ba5dba7.jpg,verified_local,,missing,TIER_A,LYRICS_COVER,train
RMVM_S_9d7077b59a,Mẹ Ơi Con Là Ai,Trịnh Bảo Nam,ART_ba9343ca06,POP_BALLAD,deterministic_mapping,1.0,,,unavailable,data/lyrics/RMVM_S_9d7077b59a.txt,verified_local,,unavailable,,missing,TIER_A,LYRICS_ONLY,train
RMVM_S_9d82b10919,Khúc Hương Tình Bolero,"Lâm Hoài Phong, Hoàng Tuấn Khang",ART_a690d42d0a,BOLERO_TRUTINH,deterministic_mapping,1.0,,,unavailable,data/lyrics/RMVM_S_9d82b10919.txt,verified_local,,unavailable,,missing,TIER_A,LYRICS_ONLY,train
RMVM_S_9db992409d,Lời Yêu Thương Lớn Nhất,Thiên Tú,ART_b0af0bf20e,POP_BALLAD,deterministic_mapping,1.0,,,unavailable,data/lyrics/RMVM_S_9db992409d.txt,verified_local,,unavailable,,missing,TIER_A,LYRICS_ONLY,train
RMVM_S_9ddf7e39a2,Sao Em Vô Tình,Chế Thanh,ART_d642df9cd2,BOLERO_TRUTINH,deterministic_mapping,1.0,,,unavailable,,unavailable,data/covers/RMVM_S_9ddf7e39a2.jpg,verified_local,,missing,TIER_A,COVER_ONLY,train
RMVM_S_9de7f972b7,Đôi Mươi Em Theo Chồng (Lofi Version),"Hồ Duy Khang, Toony",ART_1c20c82aa2,POP_BALLAD,deterministic_mapping,1.0,,,unavailable,data/lyrics/RMVM_S_9de7f972b7.txt,verified_local,,unavailable,,missing,TIER_A,LYRICS_ONLY,train
RMVM_S_9df26ba90f,Anh Không Quen Thiếu Em,CzEight,ART_7e640e67ee,POP_BALLAD,deterministic_mapping,1.0,,,unavailable,data/lyrics/RMVM_S_9df26ba90f.txt,verified_local,,unavailable,,missing,TIER_A,LYRICS_ONLY,train
RMVM_S_9dfb0a8a7f,Sầu Tím Thiệp Hồng,"Dương Ngọc Thái, Hoàng Châu",ART_ee7f6b695b,BOLERO_TRUTINH,deterministic_mapping,1.0,,,unavailable,data/lyrics/RMVM_S_9dfb0a8a7f.txt,verified_local,,unavailable,,missing,TIER_A,LYRICS_ONLY,train
RMVM_S_9e0cbcfb8e,Liên Khúc Để Cho Em Khóc - Anh Thì Không (Xuân Phát Tài 10),Minh Tuyết,ART_729a36465f,POP_BALLAD,deterministic_mapping,1.0,,,unavailable,data/lyrics/RMVM_S_9e0cbcfb8e.txt,verified_local,,unavailable,,missing,TIER_A,LYRICS_ONLY,train
RMVM_S_9e1fd52f0c,Giấc Mơ Một Cuộc Tình,Dương 565,ART_2d5465ede3,POP_BALLAD,deterministic_mapping,1.0,,,unavailable,data/lyrics/RMVM_S_9e1fd52f0c.txt,verified_local,data/covers/RMVM_S_9e1fd52f0c.jpg,verified_local,,missing,TIER_A,LYRICS_COVER,train
RMVM_S_9e22b16976,De Me Bo Mi Cua Em,DANNY COLD,ART_c728855226,POP_BALLAD,deterministic_mapping,1.0,,,unavailable,data/lyrics/RMVM_S_9e22b16976.txt,verified_local,,unavailable,,missing,TIER_A,LYRICS_ONLY,train
RMVM_S_9e2664735a,Dấu Vết Thời Gian,Deep Blue Sea,ART_5484391f92,POP_BALLAD,deterministic_mapping,1.0,,,unavailable,data/lyrics/RMVM_S_9e2664735a.txt,verified_local,,unavailable,,missing,TIER_A,LYRICS_ONLY,train
RMVM_S_9e3207f1e3,Đêm Bơ Vơ,Diễm Thùy,ART_b4d32ccd24,BOLERO_TRUTINH,deterministic_mapping,1.0,,,unavailable,data/lyrics/RMVM_S_9e3207f1e3.txt,verified_local,,unavailable,,missing,TIER_A,LYRICS_ONLY,train
RMVM_S_9e34468e97,Nhận Diện Tình Đời,Đặng Thái Hiển,ART_c1d12140ab,POP_BALLAD,deterministic_mapping,1.0,,,unavailable,data/lyrics/RMVM_S_9e34468e97.txt,verified_local,,unavailable,,missing,TIER_A,LYRICS_ONLY,train
RMVM_S_9e6cbce315,Cao Cung Lên,Lm. Quang Lâm,ART_131de67c02,OTHER,curated_out_of_taxonomy,0.9,Religious / Sacred spiritual Vietnamese music,,unavailable,,unavailable,,unavailable,,missing,TIER_B,METADATA_ONLY,train
RMVM_S_9e80352448,Trọn Cả Tấm Lòng,"Isaac Thái, NT Worship",ART_0158b9552c,OTHER,curated_out_of_taxonomy,0.9,Religious / Sacred spiritual Vietnamese music,,unavailable,,unavailable,,unavailable,,missing,TIER_B,METADATA_ONLY,train
RMVM_S_9e87857bc5,Vì Sao Thế,"BeeBoss, Tuấn Chung",ART_418aa1c982,POP_BALLAD,deterministic_mapping,0.85,,,unavailable,,unavailable,,unavailable,,missing,TIER_B,METADATA_ONLY,train
RMVM_S_9e8ec0e43e,Xuân Ơi Xuân Đã Về Remix (Dance Version),Peto,ART_489539e42b,DANCE_EDM,deterministic_mapping,1.0,,,unavailable,data/lyrics/RMVM_S_9e8ec0e43e.txt,verified_local,,unavailable,,missing,TIER_A,LYRICS_ONLY,train
RMVM_S_9eb49604ca,Anh Sợ Mất Em (Beat),365DaBand,ART_22a0ac5823,POP_BALLAD,deterministic_mapping,1.0,,,unavailable,data/lyrics/RMVM_S_9eb49604ca.txt,verified_local,,unavailable,,missing,TIER_A,LYRICS_ONLY,train
RMVM_S_9eb82eea7f,Hãy Yêu Thật Lòng,AXN,ART_625fa0bfdb,POP_BALLAD,deterministic_mapping,0.85,,,unavailable,,unavailable,,unavailable,,missing,TIER_B,METADATA_ONLY,train
RMVM_S_9f09cdbfd3,Thiếu Nhi Thành Phố Bác,Bé Phương Nhi,ART_a724e95582,CHILDREN,deterministic_mapping,1.0,,,unavailable,data/lyrics/RMVM_S_9f09cdbfd3.txt,verified_local,data/covers/RMVM_S_9f09cdbfd3.jpg,verified_local,,missing,TIER_A,LYRICS_COVER,train
RMVM_S_9f0ac1f1f1,Đừng Vì Cô Đơn (Remix),LaLa Trần,ART_7964e66c14,DANCE_EDM,deterministic_mapping,1.0,,,unavailable,data/lyrics/RMVM_S_9f0ac1f1f1.txt,verified_local,,unavailable,,missing,TIER_A,LYRICS_ONLY,train
RMVM_S_9f115b57d1,Bước Qua Tổn Thương Có Dễ Dàng,Hà Nhi,ART_294fedde83,POP_BALLAD,deterministic_mapping,1.0,,,unavailable,data/lyrics/RMVM_S_9f115b57d1.txt,verified_local,,unavailable,,missing,TIER_A,LYRICS_ONLY,train
RMVM_S_9f15c89045,Sau Tất Cả Trở Thành Người Dưng,Bin Trần,ART_9e8d2f84f4,POP_BALLAD,deterministic_mapping,1.0,,,unavailable,data/lyrics/RMVM_S_9f15c89045.txt,verified_local,,unavailable,,missing,TIER_A,LYRICS_ONLY,train
RMVM_S_9f1da5a6fa,Cha Già Rồi Đúng Không (Live),Ali Hoàng Dương,ART_1ac9d58dce,POP_BALLAD,deterministic_mapping,1.0,,,unavailable,data/lyrics/RMVM_S_9f1da5a6fa.txt,verified_local,data/covers/RMVM_S_9f1da5a6fa.jpg,verified_local,,missing,TIER_A,LYRICS_COVER,train
RMVM_S_9f401f0110,Người Ta Hỏi Anh (Remix),"Nhật Tinh Anh, DJ Turbo",ART_65326e1bcb,POP_BALLAD,deterministic_mapping,1.0,,,unavailable,data/lyrics/RMVM_S_9f401f0110.txt,verified_local,,unavailable,,missing,TIER_A,LYRICS_ONLY,train
RMVM_S_9f40f3e833,Đang Yên Đang Lành,"Hoàng Rapper, Tim, Bảo Kun",ART_66ee01e4b5,POP_BALLAD,deterministic_mapping,1.0,,,unavailable,data/lyrics/RMVM_S_9f40f3e833.txt,verified_local,,unavailable,,missing,TIER_A,LYRICS_ONLY,train
RMVM_S_9f46587a23,Thương Biệt Ly,Oanh Tạ,ART_a9d43febda,POP_BALLAD,deterministic_mapping,1.0,,,unavailable,data/lyrics/RMVM_S_9f46587a23.txt,verified_local,,unavailable,,missing,TIER_A,LYRICS_ONLY,train
RMVM_S_9f61e0e65a,Liên Khúc Nhạc Sến Sang (Remix),Peto,ART_489539e42b,POP_BALLAD,deterministic_mapping,1.0,,,unavailable,data/lyrics/RMVM_S_9f61e0e65a.txt,verified_local,,unavailable,,missing,TIER_A,LYRICS_ONLY,train
RMVM_S_9f84e54abd,Nếu Đời Không Có Em,"Thanh Ngân, Gia Tiến",ART_e71637f8e2,POP_BALLAD,deterministic_mapping,1.0,,,unavailable,,unavailable,data/covers/RMVM_S_9f84e54abd.jpg,verified_local,,missing,TIER_A,COVER_ONLY,train
RMVM_S_9f9c9412f5,Gọi Tên Anh Mãi (Call You An Angel),Thanh Hà,ART_52aeafc1b7,POP_BALLAD,deterministic_mapping,1.0,,,unavailable,data/lyrics/RMVM_S_9f9c9412f5.txt,verified_local,,unavailable,,missing,TIER_A,LYRICS_ONLY,train
RMVM_S_9fd78668a9,Khi Ta Xa Nhau,Diễm Liên,ART_c7bd12036b,BOLERO_TRUTINH,deterministic_mapping,1.0,,,unavailable,data/lyrics/RMVM_S_9fd78668a9.txt,verified_local,,unavailable,,missing,TIER_A,LYRICS_ONLY,train
RMVM_S_9fed9b96bb,Cảm Ơn Vợ (Remix),Khưu Huy Vũ,ART_6b80279d12,DANCE_EDM,deterministic_mapping,1.0,,,unavailable,data/lyrics/RMVM_S_9fed9b96bb.txt,verified_local,,unavailable,,missing,TIER_A,LYRICS_ONLY,train
RMVM_S_a01a904132,LK Phố Cũ Vắng Anh,"Phạm Thanh Duy, Kha Ly",ART_3d4e6c2e57,POP_BALLAD,deterministic_mapping,1.0,,,unavailable,data/lyrics/RMVM_S_a01a904132.txt,verified_local,,unavailable,,missing,TIER_A,LYRICS_ONLY,train
RMVM_S_a02d430ece,Sài Gòn Anh Đợi!,"NNA, KaWaiiBi",ART_8d27d8e2de,RAP_HIPHOP,deterministic_mapping,1.0,,,unavailable,data/lyrics/RMVM_S_a02d430ece.txt,verified_local,data/covers/RMVM_S_a02d430ece.jpg,verified_local,,missing,TIER_A,LYRICS_COVER,train
RMVM_S_a05081049f,7 ngày sau chia tay,mơ,ART_db9bdc84ca,POP_BALLAD,deterministic_mapping,1.0,,,unavailable,data/lyrics/RMVM_S_a05081049f.txt,verified_local,,unavailable,,missing,TIER_A,LYRICS_ONLY,train
RMVM_S_a055324dc1,Dù Anh Nghèo (Rumba),"Quân Bảo, Hồ Phương Liên, CT",ART_1192f7e35a,BOLERO_TRUTINH,deterministic_mapping,1.0,,,unavailable,data/lyrics/RMVM_S_a055324dc1.txt,verified_local,,unavailable,,missing,TIER_A,LYRICS_ONLY,train
RMVM_S_a073e42730,Cả Đời Thương Em (WRC REMIX),"ZIN MEDIA, Huy Rupi",ART_0c50909db2,DANCE_EDM,deterministic_mapping,1.0,,,unavailable,data/lyrics/RMVM_S_a073e42730.txt,verified_local,,unavailable,,missing,TIER_A,LYRICS_ONLY,train
RMVM_S_a076ef5a7b,Bé Về Thăm Quê,Bé Bào Ngư,ART_d278399f73,CHILDREN,deterministic_mapping,1.0,,,unavailable,data/lyrics/RMVM_S_a076ef5a7b.txt,verified_local,,unavailable,,missing,TIER_A,LYRICS_ONLY,train
RMVM_S_a0877709de,Tôi Muốn Làm Cái Cây,Hoàng Dũng,ART_4a78167f7e,POP_BALLAD,deterministic_mapping,1.0,,,unavailable,data/lyrics/RMVM_S_a0877709de.txt,verified_local,,unavailable,,missing,TIER_A,LYRICS_ONLY,train
RMVM_S_a0bd8fd861,Hoa Nở Không Màu (Remix),Ngân Ngân,ART_4155bae4a8,POP_BALLAD,deterministic_mapping,1.0,,,unavailable,data/lyrics/RMVM_S_a0bd8fd861.txt,verified_local,,unavailable,,missing,TIER_A,LYRICS_ONLY,train
RMVM_S_a0e5a99ad6,Chiếc Ôm Từ Phía Sau,HER,ART_a43b4caa46,POP_BALLAD,deterministic_mapping,1.0,,,unavailable,data/lyrics/RMVM_S_a0e5a99ad6.txt,verified_local,,unavailable,,missing,TIER_A,LYRICS_ONLY,train
RMVM_S_a0e9941caf,Ru Lại Câu Hò,"CT Media, Mai Tiến Đạt",ART_cbdea900fb,POP_BALLAD,deterministic_mapping,0.85,,,unavailable,,unavailable,,unavailable,,missing,TIER_B,METADATA_ONLY,train
RMVM_S_a0ea11c628,Mênh Mông Tình Buồn,Thu Minh,ART_cddf8d82c0,POP_BALLAD,deterministic_mapping,1.0,,,unavailable,data/lyrics/RMVM_S_a0ea11c628.txt,verified_local,,unavailable,,missing,TIER_A,LYRICS_ONLY,train
RMVM_S_a0f00624b3,Bình Minh Tình Yêu,Trường Sinh,ART_b1dd680e9f,POP_BALLAD,deterministic_mapping,1.0,,,unavailable,,unavailable,data/covers/RMVM_S_a0f00624b3.jpg,verified_local,,missing,TIER_A,COVER_ONLY,train
RMVM_S_a102219279,Cô Bé Mắt Nai,Cảnh Hàn,ART_94d4d7e8a0,POP_BALLAD,deterministic_mapping,1.0,,,unavailable,,unavailable,data/covers/RMVM_S_a102219279.jpg,verified_local,,missing,TIER_A,COVER_ONLY,train
RMVM_S_a11dcce8f6,Ngắm Cánh Hoa Rơi,Kim Linh,ART_e4bd38b781,BOLERO_TRUTINH,deterministic_mapping,1.0,,,unavailable,data/lyrics/RMVM_S_a11dcce8f6.txt,verified_local,,unavailable,,missing,TIER_A,LYRICS_ONLY,train
RMVM_S_a128a2db7d,Em Có Tiếc Nhớ Tuổi Thơ Qua,"Củ Cải, Vương Cây",ART_a682c72712,POP_BALLAD,deterministic_mapping,1.0,,,unavailable,,unavailable,data/covers/RMVM_S_a128a2db7d.jpg,verified_local,,missing,TIER_A,COVER_ONLY,train
RMVM_S_a1330e32c9,Gió Vẫn Hát,"Balin, SOUND HIT",ART_abbbcf5977,POP_BALLAD,deterministic_mapping,1.0,,,unavailable,data/lyrics/RMVM_S_a1330e32c9.txt,verified_local,,unavailable,,missing,TIER_A,LYRICS_ONLY,train
RMVM_S_a133c825af,Anh Đây Em Ơi,Yan Nguyễn,ART_81381df321,POP_BALLAD,deterministic_mapping,1.0,,,unavailable,data/lyrics/RMVM_S_a133c825af.txt,verified_local,,unavailable,,missing,TIER_A,LYRICS_ONLY,train
RMVM_S_a15895a7a0,Này Người Anh Em,"Lâm Chấn Hải, Thái Thành Công",ART_35868f0537,POP_BALLAD,deterministic_mapping,1.0,,,unavailable,data/lyrics/RMVM_S_a15895a7a0.txt,verified_local,,unavailable,,missing,TIER_A,LYRICS_ONLY,train
RMVM_S_a15a92d079,"Đêm Nay, Anh Muốn Đưa Em Về",Hồ Việt Trung,ART_c9878142a1,POP_BALLAD,deterministic_mapping,1.0,,,unavailable,data/lyrics/RMVM_S_a15a92d079.txt,verified_local,data/covers/RMVM_S_a15a92d079.jpg,verified_local,,missing,TIER_A,LYRICS_COVER,train
RMVM_S_a17395526a,Câu Trả Lời,"Tiên Tiên, Trang",ART_b122e011e9,POP_BALLAD,deterministic_mapping,1.0,,,unavailable,data/lyrics/RMVM_S_a17395526a.txt,verified_local,,unavailable,,missing,TIER_A,LYRICS_ONLY,train
RMVM_S_a19309e7cd,Em Hỏi Tối Nay Đi Đâu,"QNT, SpideyBoy",ART_ead5fc1c6e,RAP_HIPHOP,deterministic_mapping,1.0,,,unavailable,data/lyrics/RMVM_S_a19309e7cd.txt,verified_local,,unavailable,,missing,TIER_A,LYRICS_ONLY,train
RMVM_S_a19675ab30,Cha Mẹ Có Biết Con Đau,Kim Ny Ngọc,ART_33f93ac48f,POP_BALLAD,deterministic_mapping,0.85,,,unavailable,,unavailable,,unavailable,,missing,TIER_B,METADATA_ONLY,train
RMVM_S_a1cfe9d561,Cô Đơn Giữa Lòng Thành Phố,"Green, Andrea",ART_22fbd3fd9d,POP_BALLAD,deterministic_mapping,1.0,,,unavailable,data/lyrics/RMVM_S_a1cfe9d561.txt,verified_local,data/covers/RMVM_S_a1cfe9d561.jpg,verified_local,,missing,TIER_A,LYRICS_COVER,train
RMVM_S_a212923311,Liên Khúc Chú Ếch Con - Con Cào Cào - Hai Con Thằn Lằn Con,Various Artists,ART_03b645ef21,CHILDREN,deterministic_mapping,1.0,,,unavailable,data/lyrics/RMVM_S_a212923311.txt,verified_local,,unavailable,,missing,TIER_A,LYRICS_ONLY,train
RMVM_S_a235b28b68,Điệu Ru Ca Tình Yêu,"Lưu Ánh Loan, Lâm Huỳnh",ART_3221027b23,INSTRUMENTAL,source_tag_verification,0.85,,,unavailable,data/lyrics/RMVM_S_a235b28b68.txt,verified_local,,unavailable,,missing,TIER_B,LYRICS_ONLY,train
RMVM_S_a244ffbe11,Hôm nay anh say quá,"Melomix, Dakota, Black P",ART_8392f5be94,RAP_HIPHOP,deterministic_mapping,0.85,,,unavailable,,unavailable,,unavailable,,missing,TIER_B,METADATA_ONLY,train
RMVM_S_a254e774e7,Liên Khúc Lạc Mất Mùa Xuân - Lắng Nghe Mùa Xuân Về,OPlus,ART_9e3410536a,POP_BALLAD,deterministic_mapping,1.0,,,unavailable,data/lyrics/RMVM_S_a254e774e7.txt,verified_local,data/covers/RMVM_S_a254e774e7.jpg,verified_local,,missing,TIER_A,LYRICS_COVER,train
RMVM_S_a25a1fe394,Hello Mùa Xuân (Beat),"Kiến Thành, Yabi Nguyễn",ART_624957c448,FOLK_TRADITIONAL,deterministic_mapping,1.0,,,unavailable,data/lyrics/RMVM_S_a25a1fe394.txt,verified_local,,unavailable,,missing,TIER_A,LYRICS_ONLY,train
RMVM_S_a27edd1615,5 tháng bên em,Kuun Đức Nam,ART_58111b9fa8,POP_BALLAD,deterministic_mapping,1.0,,,unavailable,data/lyrics/RMVM_S_a27edd1615.txt,verified_local,,unavailable,,missing,TIER_A,LYRICS_ONLY,train
RMVM_S_a290a1943b,Cung Sầu Lỡ Nhịp,Dương Hồng Loan,ART_ef4a4d3768,BOLERO_TRUTINH,deterministic_mapping,1.0,,,unavailable,data/lyrics/RMVM_S_a290a1943b.txt,verified_local,,unavailable,,missing,TIER_A,LYRICS_ONLY,train
RMVM_S_a297ab2784,Bạn Không Hiểu Tôi (BLUE REMIX),"ZIN MEDIA, Hoàng Văn Sáng",ART_074c2d2dce,DANCE_EDM,deterministic_mapping,1.0,,,unavailable,data/lyrics/RMVM_S_a297ab2784.txt,verified_local,,unavailable,,missing,TIER_A,LYRICS_ONLY,train
RMVM_S_a29f579546,Ai Hiểu Cho Em,Saka Trương Tuyền,ART_3dbd6dca03,POP_BALLAD,deterministic_mapping,1.0,,,unavailable,data/lyrics/RMVM_S_a29f579546.txt,verified_local,,unavailable,,missing,TIER_A,LYRICS_ONLY,train
RMVM_S_a2a02cf36c,Em Lấy Chồng Đi,Billy Nhựt Minh,ART_d82a089e1c,POP_BALLAD,deterministic_mapping,1.0,,,unavailable,data/lyrics/RMVM_S_a2a02cf36c.txt,verified_local,,unavailable,,missing,TIER_A,LYRICS_ONLY,train
RMVM_S_a2b6204010,Liên Khúc Thần Tài Khoe Tết,Minh Thuận,ART_29f9849d59,POP_BALLAD,deterministic_mapping,1.0,,,unavailable,data/lyrics/RMVM_S_a2b6204010.txt,verified_local,,unavailable,,missing,TIER_A,LYRICS_ONLY,train
RMVM_S_a2b7fa6d6c,Đâu Phải Nhân Tình,Milk,ART_ecbdb882ae,POP_BALLAD,deterministic_mapping,1.0,,,unavailable,data/lyrics/RMVM_S_a2b7fa6d6c.txt,verified_local,,unavailable,,missing,TIER_A,LYRICS_ONLY,train
RMVM_S_a2c3fc62a9,Áng Mây Vô Tình (Beat),Lương Gia Hùng,ART_b70987d85c,POP_BALLAD,deterministic_mapping,1.0,,,unavailable,data/lyrics/RMVM_S_a2c3fc62a9.txt,verified_local,,unavailable,,missing,TIER_A,LYRICS_ONLY,train
RMVM_S_a2e4c399d8,Chia Tay Lần Nữa,Thanh Thảo,ART_27d4425bab,POP_BALLAD,deterministic_mapping,1.0,,,unavailable,,unavailable,data/covers/RMVM_S_a2e4c399d8.jpg,verified_local,,missing,TIER_A,COVER_ONLY,train
RMVM_S_a2e9efe895,Xin Lỗi! Em Không Cần,Tăng Quỳnh My,ART_089e02ee96,POP_BALLAD,deterministic_mapping,1.0,,,unavailable,data/lyrics/RMVM_S_a2e9efe895.txt,verified_local,,unavailable,,missing,TIER_A,LYRICS_ONLY,train
RMVM_S_a2ec8d1c5b,Mùa Ly Bỏ Lại,Thái Đinh,ART_e357260383,POP_BALLAD,deterministic_mapping,1.0,,,unavailable,data/lyrics/RMVM_S_a2ec8d1c5b.txt,verified_local,,unavailable,,missing,TIER_A,LYRICS_ONLY,train
RMVM_S_a2ff14e828,Đánh Đổi Cả Thế Gian,Mây Trắng,ART_1144cc9dfe,POP_BALLAD,deterministic_mapping,1.0,,,unavailable,data/lyrics/RMVM_S_a2ff14e828.txt,verified_local,,unavailable,,missing,TIER_A,LYRICS_ONLY,train
RMVM_S_a31ee3419e,Bao Giờ Biết Yêu Lại,Lê Vy,ART_0e30d7496e,POP_BALLAD,deterministic_mapping,1.0,,,unavailable,data/lyrics/RMVM_S_a31ee3419e.txt,verified_local,,unavailable,,missing,TIER_A,LYRICS_ONLY,train
RMVM_S_a32128c158,Tin Mừng Chúa Giáng Thế,Nam Vương Bảo Lê,ART_7e2747d6d4,POP_BALLAD,deterministic_mapping,1.0,,,unavailable,data/lyrics/RMVM_S_a32128c158.txt,verified_local,,unavailable,,missing,TIER_A,LYRICS_ONLY,train
RMVM_S_a39a424444,Tiếng Sét Trong Vườn Hoang,Ngọc Ánh,ART_ffec2f6571,INSTRUMENTAL,source_tag_verification,0.85,,,unavailable,data/lyrics/RMVM_S_a39a424444.txt,verified_local,,unavailable,,missing,TIER_B,LYRICS_ONLY,train
RMVM_S_a3a51c70de,Cứ Nói Yêu Lần Này (Cukak Remix),"Lil Z, CUKAK",ART_5a8e8e90c5,POP_BALLAD,deterministic_mapping,1.0,,,unavailable,data/lyrics/RMVM_S_a3a51c70de.txt,verified_local,,unavailable,,missing,TIER_A,LYRICS_ONLY,train
RMVM_S_a3a9a86ba2,Ngày Anh Đến (Remix),"Lưu Bích, Trung Ngon",ART_1fe481070d,DANCE_EDM,deterministic_mapping,1.0,,,unavailable,data/lyrics/RMVM_S_a3a9a86ba2.txt,verified_local,data/covers/RMVM_S_a3a9a86ba2.jpg,verified_local,,missing,TIER_A,LYRICS_COVER,train
RMVM_S_a3aa3bd961,Duyên Tàn (BLUE REMIX),"ZIN MEDIA, TLong, Lạc Khởi",ART_8aa177c14a,DANCE_EDM,deterministic_mapping,1.0,,,unavailable,data/lyrics/RMVM_S_a3aa3bd961.txt,verified_local,,unavailable,,missing,TIER_A,LYRICS_ONLY,train
RMVM_S_a3adb3646d,Áo Tím Ngày Xưa,Thái Hiền,ART_cc1066efe0,INSTRUMENTAL,source_tag_verification,0.85,,,unavailable,data/lyrics/RMVM_S_a3adb3646d.txt,verified_local,,unavailable,,missing,TIER_B,LYRICS_ONLY,train
RMVM_S_a3b09d1dc9,Anh Đã Hiểu Tình Em,Puol Lê,ART_37dc765b68,BOLERO_TRUTINH,deterministic_mapping,0.85,,,unavailable,,unavailable,,unavailable,,missing,TIER_B,METADATA_ONLY,train
RMVM_S_a3b2557c09,Ai Chung Tình Được Mãi (Beat),"Nguyễn Lê Hoàng Anh, Đinh Tùng Huy, Thương Võ, ACV, KAKA Official",ART_3a8c83bebf,POP_BALLAD,deterministic_mapping,1.0,,,unavailable,,unavailable,data/covers/RMVM_S_a3b2557c09.jpg,verified_local,,missing,TIER_A,COVER_ONLY,train
RMVM_S_a3b362cb4d,Người Anh Đã Từng,Nam Cường,ART_b3f55dbb97,POP_BALLAD,deterministic_mapping,1.0,,,unavailable,data/lyrics/RMVM_S_a3b362cb4d.txt,verified_local,,unavailable,,missing,TIER_A,LYRICS_ONLY,train
RMVM_S_a3cc063828,Ánh Trăng Tình Bạn,Bé Diệu Anh,ART_0984f7dcc2,CHILDREN,deterministic_mapping,1.0,,,unavailable,data/lyrics/RMVM_S_a3cc063828.txt,verified_local,data/covers/RMVM_S_a3cc063828.jpg,verified_local,,missing,TIER_A,LYRICS_COVER,train
RMVM_S_a3d0708211,Đại Minh Tinh,"Văn Mai Hương, Hứa Kim Tuyền",ART_59d09d6c49,POP_BALLAD,deterministic_mapping,1.0,,,unavailable,data/lyrics/RMVM_S_a3d0708211.txt,verified_local,,unavailable,,missing,TIER_A,LYRICS_ONLY,train
RMVM_S_a3dd2deeb0,Liên Khúc Sa Mạc tình Yêu - Cơn Mưa Hạ,Ngọc Bảo Anh,ART_72dacb7ac7,POP_BALLAD,deterministic_mapping,1.0,,,unavailable,data/lyrics/RMVM_S_a3dd2deeb0.txt,verified_local,,unavailable,,missing,TIER_A,LYRICS_ONLY,train
RMVM_S_a3dd7f272d,Bước Qua Những Tổn Thương,Hà Thúy Anh,ART_f342d23c6f,POP_BALLAD,deterministic_mapping,1.0,,,unavailable,data/lyrics/RMVM_S_a3dd7f272d.txt,verified_local,data/covers/RMVM_S_a3dd7f272d.jpg,verified_local,,missing,TIER_A,LYRICS_COVER,train
RMVM_S_a3ea0d720d,Giấc Mộng Vàng,Phan Đinh Tùng,ART_628c82bb0f,POP_BALLAD,deterministic_mapping,1.0,,,unavailable,data/lyrics/RMVM_S_a3ea0d720d.txt,verified_local,,unavailable,,missing,TIER_A,LYRICS_ONLY,train
RMVM_S_a3f5ff29b7,Chẳng Thể Cùng Em!,"QuocKiet, Khiem",ART_204a6499fc,POP_BALLAD,deterministic_mapping,1.0,,,unavailable,data/lyrics/RMVM_S_a3f5ff29b7.txt,verified_local,,unavailable,,missing,TIER_A,LYRICS_ONLY,train
RMVM_S_a405aa4065,Anh Yêu Em Nhiều Hơn Ngày Hôm Qua,Lâm Chấn Huy,ART_6c383e0ed1,POP_BALLAD,deterministic_mapping,1.0,,,unavailable,data/lyrics/RMVM_S_a405aa4065.txt,verified_local,,unavailable,,missing,TIER_A,LYRICS_ONLY,train
RMVM_S_a40bc4327b,Tâm Sự Một Người Lần Đầu Làm Ba,Sang Bùi,ART_8a0d778187,POP_BALLAD,deterministic_mapping,1.0,,,unavailable,data/lyrics/RMVM_S_a40bc4327b.txt,verified_local,,unavailable,,missing,TIER_A,LYRICS_ONLY,train
RMVM_S_a40e958b52,Em Di Qua Để Lại,Minh Tuyết,ART_729a36465f,POP_BALLAD,deterministic_mapping,1.0,,,unavailable,data/lyrics/RMVM_S_a40e958b52.txt,verified_local,data/covers/RMVM_S_a40e958b52.jpg,verified_local,,missing,TIER_A,LYRICS_COVER,train
RMVM_S_a413110290,Còn Lại Chút Tình Người,Thái Sơn,ART_a32e52f007,POP_BALLAD,deterministic_mapping,1.0,,,unavailable,data/lyrics/RMVM_S_a413110290.txt,verified_local,data/covers/RMVM_S_a413110290.jpg,verified_local,,missing,TIER_A,LYRICS_COVER,train
RMVM_S_a436fbf9eb,Khi Mới Biết Yêu Lần Đầu,Kỳ Lân Luxury,ART_a72e613a58,POP_BALLAD,deterministic_mapping,1.0,,,unavailable,data/lyrics/RMVM_S_a436fbf9eb.txt,verified_local,data/covers/RMVM_S_a436fbf9eb.jpg,verified_local,,missing,TIER_A,LYRICS_COVER,train
RMVM_S_a445d66eeb,Biết Bao Giờ Trở Lại,Lân Nhã,ART_62dcd39a34,POP_BALLAD,deterministic_mapping,1.0,,,unavailable,data/lyrics/RMVM_S_a445d66eeb.txt,verified_local,,unavailable,,missing,TIER_A,LYRICS_ONLY,train
RMVM_S_a44fc33796,Anh Lam Nhac La Vi Tinh Yeu,TCain,ART_a569ff0558,CHILDREN,deterministic_mapping,1.0,,,unavailable,data/lyrics/RMVM_S_a44fc33796.txt,verified_local,,unavailable,,missing,TIER_A,LYRICS_ONLY,train
RMVM_S_a462728b22,Anh Chàng Si Tình,"Nhật Tinh Anh, Khánh Ngọc",ART_d43f262077,POP_BALLAD,deterministic_mapping,0.85,,,unavailable,,unavailable,,unavailable,,missing,TIER_B,METADATA_ONLY,train
RMVM_S_a466e30d4b,Đừng Hỏi Anh,Chu Bin,ART_9abe6c859e,POP_BALLAD,deterministic_mapping,1.0,,,unavailable,data/lyrics/RMVM_S_a466e30d4b.txt,verified_local,,unavailable,,missing,TIER_A,LYRICS_ONLY,train
RMVM_S_a475b3dc2d,Cánh Sen Cô Độc?,Ngọc Mai,ART_46aa09baac,POP_BALLAD,deterministic_mapping,1.0,,,unavailable,data/lyrics/RMVM_S_a475b3dc2d.txt,verified_local,data/covers/RMVM_S_a475b3dc2d.jpg,verified_local,,missing,TIER_A,LYRICS_COVER,train
RMVM_S_a47d25ae1d,Chúng Con Canh Giấc Ngủ Của Người,Trọng Tấn,ART_e45d081f4c,REVOLUTIONARY,provenance_metadata_verification,0.85,,,unavailable,data/lyrics/RMVM_S_a47d25ae1d.txt,verified_local,,unavailable,,missing,TIER_B,LYRICS_ONLY,train
RMVM_S_a486f84dde,Bài Hát Chiều Thu,Vân Trường,ART_edc0fa6ba2,BOLERO_TRUTINH,deterministic_mapping,1.0,,,unavailable,data/lyrics/RMVM_S_a486f84dde.txt,verified_local,data/covers/RMVM_S_a486f84dde.jpg,verified_local,,missing,TIER_A,LYRICS_COVER,train
RMVM_S_a4919a03d8,Ca Khúc Yêu Đời,"Trường Kha, Sao Mai",ART_a266062005,BOLERO_TRUTINH,deterministic_mapping,1.0,,,unavailable,data/lyrics/RMVM_S_a4919a03d8.txt,verified_local,,unavailable,,missing,TIER_A,LYRICS_ONLY,train
RMVM_S_a49b6dfadc,Bố Ơi Kể Chuyện Con Nghe,"Nguyễn Văn Chung, Bé Bánh Quy",ART_353884477b,POP_BALLAD,deterministic_mapping,1.0,,,unavailable,data/lyrics/RMVM_S_a49b6dfadc.txt,verified_local,,unavailable,,missing,TIER_A,LYRICS_ONLY,train
RMVM_S_a4a46010fa,Bài Hát Ru Anh,Thiên Kim,ART_941c26b730,INSTRUMENTAL,source_tag_verification,0.85,,,unavailable,data/lyrics/RMVM_S_a4a46010fa.txt,verified_local,,unavailable,,missing,TIER_B,LYRICS_ONLY,train
RMVM_S_a4ecd36e48,Chuyện Xưa Tụi Mình,"Lâm Hoài Phong, Hoàng Tuấn Khang",ART_a690d42d0a,BOLERO_TRUTINH,deterministic_mapping,1.0,,,unavailable,data/lyrics/RMVM_S_a4ecd36e48.txt,verified_local,,unavailable,,missing,TIER_A,LYRICS_ONLY,train
RMVM_S_a4f83a9d2e,Thời Em Đẹp Nhất,Thu Phương,ART_4933834873,POP_BALLAD,deterministic_mapping,1.0,,,unavailable,data/lyrics/RMVM_S_a4f83a9d2e.txt,verified_local,,unavailable,,missing,TIER_A,LYRICS_ONLY,train
RMVM_S_a4faddbb4c,Nỗi Buồn Người Con Gái (Remix),Cường Anh,ART_227d402bf0,DANCE_EDM,deterministic_mapping,1.0,,,unavailable,data/lyrics/RMVM_S_a4faddbb4c.txt,verified_local,data/covers/RMVM_S_a4faddbb4c.jpg,verified_local,,missing,TIER_A,LYRICS_COVER,train
RMVM_S_a53041ed1d,Liên Khúc: Thương Nhau Ngày Mưa - Tình Khúc Chiều Mưa,Đình Phước,ART_e1a44ab29b,BOLERO_TRUTINH,deterministic_mapping,1.0,,,unavailable,data/lyrics/RMVM_S_a53041ed1d.txt,verified_local,data/covers/RMVM_S_a53041ed1d.jpg,verified_local,,missing,TIER_A,LYRICS_COVER,train
RMVM_S_a551b1b29b,Vô Cực Nhớ Em,Lil Z,ART_236c4c9a38,POP_BALLAD,deterministic_mapping,1.0,,,unavailable,data/lyrics/RMVM_S_a551b1b29b.txt,verified_local,,unavailable,,missing,TIER_A,LYRICS_ONLY,train
RMVM_S_a55e3b0883,Ký Ức Mong Manh,"Hồ Gia Hùng, Aki Khoa",ART_244c94df79,POP_BALLAD,deterministic_mapping,1.0,,,unavailable,data/lyrics/RMVM_S_a55e3b0883.txt,verified_local,,unavailable,,missing,TIER_A,LYRICS_ONLY,train
RMVM_S_a573f95998,Tâm Tình Sinh Viên,"Nguyễn Văn Thông, Võ Đình Hiếu",ART_08098ae232,BOLERO_TRUTINH,deterministic_mapping,1.0,,,unavailable,data/lyrics/RMVM_S_a573f95998.txt,verified_local,,unavailable,,missing,TIER_A,LYRICS_ONLY,train
RMVM_S_a57c6401af,Anh Không Hiểu (DJ Hiếu Phan Remix),Quang Hà,ART_ec331abb47,POP_BALLAD,deterministic_mapping,1.0,,,unavailable,data/lyrics/RMVM_S_a57c6401af.txt,verified_local,,unavailable,,missing,TIER_A,LYRICS_ONLY,train
RMVM_S_a597087fed,Nghề Tôi Tài Xế,Hoàng Minh Thắng,ART_8de2974414,POP_BALLAD,deterministic_mapping,1.0,,,unavailable,data/lyrics/RMVM_S_a597087fed.txt,verified_local,,unavailable,,missing,TIER_A,LYRICS_ONLY,train
RMVM_S_a5a0b5ca15,Cua Mề Đại Chiến Long Hách (Siêu Nhân Cuồng Phong),"Đào Nguyễn Ánh, Trần Hiếu Trung, Cua Mề",ART_0f718efc4e,POP_BALLAD,deterministic_mapping,1.0,,,unavailable,data/lyrics/RMVM_S_a5a0b5ca15.txt,verified_local,,unavailable,,missing,TIER_A,LYRICS_ONLY,train
RMVM_S_a5ace6a873,Mai Lệ Xuân,Thế Sơn,ART_67eb934159,INSTRUMENTAL,source_tag_verification,0.85,,,unavailable,data/lyrics/RMVM_S_a5ace6a873.txt,verified_local,,unavailable,,missing,TIER_B,LYRICS_ONLY,train
RMVM_S_a5b20aaf9d,Người Con Gái Trong Mơ,Tạ Quang Thắng,ART_bec222c5a5,POP_BALLAD,deterministic_mapping,1.0,,,unavailable,data/lyrics/RMVM_S_a5b20aaf9d.txt,verified_local,,unavailable,,missing,TIER_A,LYRICS_ONLY,train
RMVM_S_a5b3b52adf,Chờ Một Mai Nắng Lên,Mây Trắng,ART_1144cc9dfe,POP_BALLAD,deterministic_mapping,1.0,,,unavailable,data/lyrics/RMVM_S_a5b3b52adf.txt,verified_local,,unavailable,,missing,TIER_A,LYRICS_ONLY,train
RMVM_S_a5db3fa4b1,Điệu Lý Duyên Tình,"Mai Phương Thảo, Trần Xuân",ART_5f3f51ed24,POP_BALLAD,deterministic_mapping,1.0,,,unavailable,data/lyrics/RMVM_S_a5db3fa4b1.txt,verified_local,,unavailable,,missing,TIER_A,LYRICS_ONLY,train
RMVM_S_a5e2ef90ef,Anh Sai Nhiều Lắm,Thanh Cường,ART_395b3dae63,POP_BALLAD,deterministic_mapping,1.0,,,unavailable,data/lyrics/RMVM_S_a5e2ef90ef.txt,verified_local,,unavailable,,missing,TIER_A,LYRICS_ONLY,train
RMVM_S_a5f0fc5abc,Cứ Vội Vàng (Cover),ngọc thạch,ART_8fc13f7d14,POP_BALLAD,deterministic_mapping,1.0,,,unavailable,,unavailable,data/covers/RMVM_S_a5f0fc5abc.jpg,verified_local,,missing,TIER_A,COVER_ONLY,train
RMVM_S_a5f291789f,Đường Tím Bằng Lăng,"Văn Đình Tới Nguyễn, Lê Tiểu Thúy",ART_a0773a857e,BOLERO_TRUTINH,deterministic_mapping,1.0,,,unavailable,data/lyrics/RMVM_S_a5f291789f.txt,verified_local,,unavailable,,missing,TIER_A,LYRICS_ONLY,train
RMVM_S_a6004e0cc3,Gửi Trường Sa,Huỳnh Lợi,ART_d22f283706,REVOLUTIONARY,deterministic_mapping,1.0,,,unavailable,data/lyrics/RMVM_S_a6004e0cc3.txt,verified_local,,unavailable,,missing,TIER_A,LYRICS_ONLY,train
RMVM_S_a614d14fce,Ai Thật Lòng Thương Anh,Linh Rin,ART_491c887068,POP_BALLAD,deterministic_mapping,1.0,,,unavailable,data/lyrics/RMVM_S_a614d14fce.txt,verified_local,data/covers/RMVM_S_a614d14fce.jpg,verified_local,,missing,TIER_A,LYRICS_COVER,train
RMVM_S_a615301cc6,TuổI 23 (Đại Mèo Remix),Ngô Lan Hương,ART_f1d4ece2d8,DANCE_EDM,deterministic_mapping,1.0,,,unavailable,data/lyrics/RMVM_S_a615301cc6.txt,verified_local,data/covers/RMVM_S_a615301cc6.jpg,verified_local,,missing,TIER_A,LYRICS_COVER,train
RMVM_S_a623412387,Chúa Biết Con Luôn Cần Chúa,Mai Văn Huynh,ART_5a493dd9f8,OTHER,curated_out_of_taxonomy,0.9,Religious / Sacred spiritual Vietnamese music,,unavailable,,unavailable,,unavailable,,missing,TIER_B,METADATA_ONLY,train
RMVM_S_a6427049dc,Đoạn Tình Phai,G5R Squad,ART_3d906ac03b,POP_BALLAD,deterministic_mapping,1.0,,,unavailable,data/lyrics/RMVM_S_a6427049dc.txt,verified_local,,unavailable,,missing,TIER_A,LYRICS_ONLY,train
RMVM_S_a644371893,Ta Đã Quên Nhau Bao Lâu,Quân A.P,ART_6e8fa15c39,POP_BALLAD,deterministic_mapping,1.0,,,unavailable,data/lyrics/RMVM_S_a644371893.txt,verified_local,data/covers/RMVM_S_a644371893.jpg,verified_local,,missing,TIER_A,LYRICS_COVER,train
RMVM_S_a65c13574f,Chuyện Tình Bên Ao Cá,"Quang Linh, Cẩm Ly",ART_e628d0d156,BOLERO_TRUTINH,deterministic_mapping,1.0,,,unavailable,data/lyrics/RMVM_S_a65c13574f.txt,verified_local,,unavailable,,missing,TIER_A,LYRICS_ONLY,train
RMVM_S_a65cd6500a,Ký Ức Nhạt Màu,Lâm Chấn Huy,ART_6c383e0ed1,POP_BALLAD,deterministic_mapping,1.0,,,unavailable,data/lyrics/RMVM_S_a65cd6500a.txt,verified_local,,unavailable,,missing,TIER_A,LYRICS_ONLY,train
RMVM_S_a662aeba2d,Anh Không Là Tất Cả,Nguyễn Quang Quý,ART_3346ed27af,POP_BALLAD,deterministic_mapping,1.0,,,unavailable,data/lyrics/RMVM_S_a662aeba2d.txt,verified_local,,unavailable,,missing,TIER_A,LYRICS_ONLY,train
RMVM_S_a68a856d00,Sao Cứ Phải Là Anh,"NAM DaBand, Đông Thiên Đức",ART_8e873f0c79,POP_BALLAD,deterministic_mapping,1.0,,,unavailable,data/lyrics/RMVM_S_a68a856d00.txt,verified_local,,unavailable,,missing,TIER_A,LYRICS_ONLY,train
RMVM_S_a6bb1d9f02,Em Cần Tiền Anh Cần Tình,Dương Minh Kiệt,ART_5e91656f2b,POP_BALLAD,deterministic_mapping,1.0,,,unavailable,data/lyrics/RMVM_S_a6bb1d9f02.txt,verified_local,data/covers/RMVM_S_a6bb1d9f02.jpg,verified_local,,missing,TIER_A,LYRICS_COVER,train
RMVM_S_a6c5f161bf,Gái Huế Chồng Xa,Vân Khánh,ART_fdc4292814,BOLERO_TRUTINH,deterministic_mapping,1.0,,,unavailable,data/lyrics/RMVM_S_a6c5f161bf.txt,verified_local,,unavailable,,missing,TIER_A,LYRICS_ONLY,train
RMVM_S_a6c794175d,Giữ Giùm Em Trái Tim (Remix),Lyna Thùy Linh,ART_0556671fc2,DANCE_EDM,deterministic_mapping,1.0,,,unavailable,data/lyrics/RMVM_S_a6c794175d.txt,verified_local,,unavailable,,missing,TIER_A,LYRICS_ONLY,train
RMVM_S_a6efad7fb4,Chạm Đáy Nỗi Đau (Beat),ERIK,ART_6a42dd6e7c,POP_BALLAD,deterministic_mapping,1.0,,,unavailable,data/lyrics/RMVM_S_a6efad7fb4.txt,verified_local,,unavailable,,missing,TIER_A,LYRICS_ONLY,train
RMVM_S_a7187007fa,Tết Đi Em Ơi,"Masew, Khoi Vu, Kaybo",ART_622c9cbdc3,POP_BALLAD,deterministic_mapping,1.0,,,unavailable,data/lyrics/RMVM_S_a7187007fa.txt,verified_local,,unavailable,,missing,TIER_A,LYRICS_ONLY,train
RMVM_S_a72977a4a2,Dáng Xưa,Hoàng Chiến,ART_4be523ecae,BOLERO_TRUTINH,deterministic_mapping,1.0,,,unavailable,data/lyrics/RMVM_S_a72977a4a2.txt,verified_local,,unavailable,,missing,TIER_A,LYRICS_ONLY,train
RMVM_S_a75e2932da,Em Là Cô Gái Vùng Cao,Lê Ngọc Thúy,ART_7318a4b7c0,BOLERO_TRUTINH,deterministic_mapping,1.0,,,unavailable,data/lyrics/RMVM_S_a75e2932da.txt,verified_local,,unavailable,,missing,TIER_A,LYRICS_ONLY,train
RMVM_S_a77872a1d6,Dừng Lại Hành Trình,Bình Lee,ART_414d831220,POP_BALLAD,deterministic_mapping,1.0,,,unavailable,data/lyrics/RMVM_S_a77872a1d6.txt,verified_local,,unavailable,,missing,TIER_A,LYRICS_ONLY,train
RMVM_S_a77883e132,Buồn Thì Cứ Khóc Đi,"JSOL, CARA, Hoàng Duyên",ART_a15872e5b6,POP_BALLAD,deterministic_mapping,1.0,,,unavailable,data/lyrics/RMVM_S_a77883e132.txt,verified_local,,unavailable,,missing,TIER_A,LYRICS_ONLY,train
RMVM_S_a7a21b199c,Anh Đâu Muốn Mình Phải Xa (Tlong Remix),Kim Trọng,ART_c6f7c76f6b,DANCE_EDM,deterministic_mapping,1.0,,,unavailable,data/lyrics/RMVM_S_a7a21b199c.txt,verified_local,,unavailable,,missing,TIER_A,LYRICS_ONLY,train
RMVM_S_a7aaaa0e51,Ấm No Đời Đời,"Đoàn Thúy Trang, BigDaddy",ART_e87bcb8c48,POP_BALLAD,deterministic_mapping,1.0,,,unavailable,data/lyrics/RMVM_S_a7aaaa0e51.txt,verified_local,,unavailable,,missing,TIER_A,LYRICS_ONLY,train
RMVM_S_a7b8c3bb1b,Trong Nỗi Nhớ Muộn Màng,Ý Lan,ART_47ad458977,INSTRUMENTAL,source_tag_verification,0.85,,,unavailable,data/lyrics/RMVM_S_a7b8c3bb1b.txt,verified_local,,unavailable,,missing,TIER_B,LYRICS_ONLY,train
RMVM_S_a7da74f279,Tình Yêu Tôi Ở Nơi Đây,"Quang Thọ, Tuyết Thanh, Thúy Lan",ART_8e4775cb87,REVOLUTIONARY,provenance_metadata_verification,0.85,,,unavailable,data/lyrics/RMVM_S_a7da74f279.txt,verified_local,,unavailable,,missing,TIER_B,LYRICS_ONLY,train
RMVM_S_a7e993619f,Tâm Sự Người Đơn Phương,"A.C Xuân Tài, Nguyenn",ART_e66f9a878f,POP_BALLAD,deterministic_mapping,1.0,,,unavailable,data/lyrics/RMVM_S_a7e993619f.txt,verified_local,data/covers/RMVM_S_a7e993619f.jpg,verified_local,,missing,TIER_A,LYRICS_COVER,train
RMVM_S_a7f9a5eeab,Cửa Hẹp,Diệu Hiền,ART_fa39baeecb,BOLERO_TRUTINH,deterministic_mapping,1.0,,,unavailable,data/lyrics/RMVM_S_a7f9a5eeab.txt,verified_local,,unavailable,,missing,TIER_A,LYRICS_ONLY,train
RMVM_S_a8070ac446,Liên Khúc Dìu Người Tôi Yêu,"Đan Nguyên, Bằng Kiều, Quang Lê",ART_f52404d6a3,INSTRUMENTAL,source_tag_verification,0.85,,,unavailable,data/lyrics/RMVM_S_a8070ac446.txt,verified_local,,unavailable,,missing,TIER_B,LYRICS_ONLY,train
RMVM_S_a807e518ac,Là Anh (Remix Version),"Phạm Lịch, BMZ",ART_38a28f3962,DANCE_EDM,deterministic_mapping,1.0,,,unavailable,data/lyrics/RMVM_S_a807e518ac.txt,verified_local,,unavailable,,missing,TIER_A,LYRICS_ONLY,train
RMVM_S_a81608f607,Yêu Hơn Thế Nhiều,"Mr. Cười, Donna Nguyễn, Joke D",ART_634de4c885,RAP_HIPHOP,deterministic_mapping,1.0,,,unavailable,data/lyrics/RMVM_S_a81608f607.txt,verified_local,,unavailable,,missing,TIER_A,LYRICS_ONLY,train
RMVM_S_a816e962ee,Duyên Nợ Miền tây,Minh Nghĩa,ART_7c4a073045,POP_BALLAD,deterministic_mapping,1.0,,,unavailable,data/lyrics/RMVM_S_a816e962ee.txt,verified_local,,unavailable,,missing,TIER_A,LYRICS_ONLY,train
RMVM_S_a86f0c0af6,Khúc Giao Mùa Remix,Peto,ART_489539e42b,POP_BALLAD,deterministic_mapping,1.0,,,unavailable,data/lyrics/RMVM_S_a86f0c0af6.txt,verified_local,,unavailable,,missing,TIER_A,LYRICS_ONLY,train
RMVM_S_a8774ed43e,Giai Điệu Tổ Quốc,Dòng Thời Gian,ART_be661daa36,REVOLUTIONARY,deterministic_mapping,1.0,,,unavailable,data/lyrics/RMVM_S_a8774ed43e.txt,verified_local,data/covers/RMVM_S_a8774ed43e.jpg,verified_local,,missing,TIER_A,LYRICS_COVER,train
RMVM_S_a8a02510a1,Cố Tìm Quên,Kevie Quỳnh,ART_9f61f69260,POP_BALLAD,deterministic_mapping,1.0,,,unavailable,data/lyrics/RMVM_S_a8a02510a1.txt,verified_local,,unavailable,,missing,TIER_A,LYRICS_ONLY,train
RMVM_S_a8af2db132,Anh Không Dám Nói ver 1 (ST Music) (Short Version),Chu Bin,ART_9abe6c859e,INSTRUMENTAL,deterministic_mapping,1.0,,,unavailable,,unavailable,data/covers/RMVM_S_a8af2db132.jpg,verified_local,,missing,TIER_A,COVER_ONLY,train
RMVM_S_a8c1d228f1,Tắc Kè Bông,Bé Hiển Thông,ART_e18713999a,CHILDREN,deterministic_mapping,1.0,,,unavailable,data/lyrics/RMVM_S_a8c1d228f1.txt,verified_local,,unavailable,,missing,TIER_A,LYRICS_ONLY,train
RMVM_S_a8c8e1bcbd,Còn đâu lời anh hứa,"Phạm Khánh Hưng, Phạm Thanh Thảo",ART_7f4fedb109,POP_BALLAD,deterministic_mapping,1.0,,,unavailable,data/lyrics/RMVM_S_a8c8e1bcbd.txt,verified_local,,unavailable,,missing,TIER_A,LYRICS_ONLY,train
RMVM_S_a8cb1f9f06,Hẹn Một Ngày Xuân Mới,"Quang Anh, N.Thảo",ART_ac57223375,POP_BALLAD,deterministic_mapping,1.0,,,unavailable,data/lyrics/RMVM_S_a8cb1f9f06.txt,verified_local,,unavailable,,missing,TIER_A,LYRICS_ONLY,train
RMVM_S_a8d5783716,Tình Anh Vẫn Như Thế 2023,Nhật Tinh Anh,ART_497554b7f8,POP_BALLAD,deterministic_mapping,1.0,,,unavailable,data/lyrics/RMVM_S_a8d5783716.txt,verified_local,,unavailable,2023.0,verified,TIER_A,LYRICS_ONLY,train
RMVM_S_a8e299abe3,Miền Tây Xuân Tình,"Hồng Phượng, Thiện Hảo",ART_d24cd07a7a,POP_BALLAD,deterministic_mapping,1.0,,,unavailable,data/lyrics/RMVM_S_a8e299abe3.txt,verified_local,,unavailable,,missing,TIER_A,LYRICS_ONLY,train
RMVM_S_a9019b5de7,Đau Đến Nghẹn Lời,Trung Tự,ART_4382e8c9bb,POP_BALLAD,deterministic_mapping,1.0,,,unavailable,data/lyrics/RMVM_S_a9019b5de7.txt,verified_local,data/covers/RMVM_S_a9019b5de7.jpg,verified_local,,missing,TIER_A,LYRICS_COVER,train
RMVM_S_a92aba8dc5,Nhường Em Cho Người Tốt Hơn,Nguyễn Chí Tâm,ART_017b7012fa,POP_BALLAD,deterministic_mapping,1.0,,,unavailable,data/lyrics/RMVM_S_a92aba8dc5.txt,verified_local,data/covers/RMVM_S_a92aba8dc5.jpg,verified_local,,missing,TIER_A,LYRICS_COVER,train
RMVM_S_a97389d63c,Càng Yêu Càng Tổn Thương,Tiêu Minh Tiến,ART_a948f400a5,POP_BALLAD,deterministic_mapping,1.0,,,unavailable,data/lyrics/RMVM_S_a97389d63c.txt,verified_local,,unavailable,,missing,TIER_A,LYRICS_ONLY,train
RMVM_S_a9929adac5,Huyết Nguyệt,"CM1X, Alice, Roki",ART_387351321a,POP_BALLAD,deterministic_mapping,1.0,,,unavailable,data/lyrics/RMVM_S_a9929adac5.txt,verified_local,data/covers/RMVM_S_a9929adac5.jpg,verified_local,,missing,TIER_A,LYRICS_COVER,train
RMVM_S_a995bf8197,Sóc Sờ Bai Sóc Trăng,Ân Thiên Vỹ,ART_a7e34b8ed2,FOLK_TRADITIONAL,deterministic_mapping,1.0,,,unavailable,data/lyrics/RMVM_S_a995bf8197.txt,verified_local,,unavailable,,missing,TIER_A,LYRICS_ONLY,train
RMVM_S_a999917c4b,Một Đường Nở Hoa (Remix),Hàn Dung,ART_b42469bc7c,DANCE_EDM,deterministic_mapping,1.0,,,unavailable,data/lyrics/RMVM_S_a999917c4b.txt,verified_local,,unavailable,,missing,TIER_A,LYRICS_ONLY,train
RMVM_S_a999f1b6ba,Em Gái Miền Tây,"H2K, Đía, Kunzing",ART_ca7c2d7c64,POP_BALLAD,deterministic_mapping,1.0,,,unavailable,data/lyrics/RMVM_S_a999f1b6ba.txt,verified_local,,unavailable,,missing,TIER_A,LYRICS_ONLY,train
RMVM_S_a9b7bbb4c8,Đánh Thức Mùa Xuân,IRIS,ART_f75c9af2f9,POP_BALLAD,deterministic_mapping,1.0,,,unavailable,data/lyrics/RMVM_S_a9b7bbb4c8.txt,verified_local,,unavailable,,missing,TIER_A,LYRICS_ONLY,train
RMVM_S_a9ba637da9,Cứ Ngỡ Trọn Đời (Vinahouse),Đạt Khói,ART_de7a268cdf,DANCE_EDM,deterministic_mapping,1.0,,,unavailable,data/lyrics/RMVM_S_a9ba637da9.txt,verified_local,,unavailable,,missing,TIER_A,LYRICS_ONLY,train
RMVM_S_a9d8e29b1c,Bỏ Phật Nhập Ma,Thái Quỳnh,ART_b7deac8c97,OTHER,curated_out_of_taxonomy,0.9,Religious / Sacred spiritual Vietnamese music,,unavailable,,unavailable,,unavailable,,missing,TIER_B,METADATA_ONLY,train
RMVM_S_a9eadc5046,Anh Nói Yêu Em Được Không (Awriix Remix),MinZ Mặt Đất,ART_68c7c4e219,POP_BALLAD,deterministic_mapping,0.85,,,unavailable,,unavailable,,unavailable,,missing,TIER_B,METADATA_ONLY,train
RMVM_S_aa06ce242f,Bài Ca Kỷ Niệm,"Hà Thanh Tâm, Xu Xu",ART_fe315833bb,POP_BALLAD,deterministic_mapping,1.0,,,unavailable,,unavailable,data/covers/RMVM_S_aa06ce242f.jpg,verified_local,,missing,TIER_A,COVER_ONLY,train
RMVM_S_aa12c7f0b4,Tình Yêu Không Thể Phá Vỡ,Thiều Bảo Trang,ART_c461836bbf,POP_BALLAD,deterministic_mapping,1.0,,,unavailable,data/lyrics/RMVM_S_aa12c7f0b4.txt,verified_local,,unavailable,,missing,TIER_A,LYRICS_ONLY,train
RMVM_S_aa16aa1c72,Cưới Thôi Em,Thái Học,ART_2b15792dbc,POP_BALLAD,deterministic_mapping,1.0,,,unavailable,data/lyrics/RMVM_S_aa16aa1c72.txt,verified_local,data/covers/RMVM_S_aa16aa1c72.jpg,verified_local,,missing,TIER_A,LYRICS_COVER,train
RMVM_S_aa1b81f70f,Bài Tango Mùa Thu,Vy Oanh,ART_4835a2401f,BOLERO_TRUTINH,deterministic_mapping,1.0,,,unavailable,data/lyrics/RMVM_S_aa1b81f70f.txt,verified_local,,unavailable,,missing,TIER_A,LYRICS_ONLY,train
RMVM_S_aa32fcd009,Hạnh Phúc Không Dành Cho Tình Nhân (Cover),"Đỗ Thụy Khanh, Hương Ly, Hiền Thục",ART_8e0b7b2af6,POP_BALLAD,deterministic_mapping,1.0,,,unavailable,data/lyrics/RMVM_S_aa32fcd009.txt,verified_local,,unavailable,,missing,TIER_A,LYRICS_ONLY,train
RMVM_S_aa60f53114,Anh Chỉ Cần Một Tình Yêu,Lâm Chấn Thiên,ART_4eb5d2f0d0,POP_BALLAD,deterministic_mapping,0.85,,,unavailable,,unavailable,,unavailable,,missing,TIER_B,METADATA_ONLY,train
RMVM_S_aa690d6d7d,Duyên Vỡ Ép Mấy Cũng Lỡ,Yong Anh,ART_7159467d61,POP_BALLAD,deterministic_mapping,1.0,,,unavailable,data/lyrics/RMVM_S_aa690d6d7d.txt,verified_local,,unavailable,,missing,TIER_A,LYRICS_ONLY,train
RMVM_S_aa765e8035,Chết Trong Vòng Tay Em,Don Hồ,ART_7a15955a82,INSTRUMENTAL,source_tag_verification,0.85,,,unavailable,data/lyrics/RMVM_S_aa765e8035.txt,verified_local,,unavailable,,missing,TIER_B,LYRICS_ONLY,train
RMVM_S_aa847bf73a,Anh Ba Ngố Miền Tây,"Đan Trường, Tin Tin",ART_cbfdbd6e49,FOLK_TRADITIONAL,deterministic_mapping,1.0,,,unavailable,data/lyrics/RMVM_S_aa847bf73a.txt,verified_local,data/covers/RMVM_S_aa847bf73a.jpg,verified_local,,missing,TIER_A,LYRICS_COVER,train
RMVM_S_aac087fef3,Gió Chuyển Mùa Thương,Phương Dung,ART_cf2e778d38,BOLERO_TRUTINH,deterministic_mapping,0.85,,,unavailable,,unavailable,,unavailable,,missing,TIER_B,METADATA_ONLY,train
RMVM_S_aae5487138,Tình Vô Vọng,Việt Nhân,ART_3d7b53e30c,BOLERO_TRUTINH,deterministic_mapping,1.0,,,unavailable,data/lyrics/RMVM_S_aae5487138.txt,verified_local,data/covers/RMVM_S_aae5487138.jpg,verified_local,,missing,TIER_A,LYRICS_COVER,train
RMVM_S_aafbf98cea,Búp Bê Đẹp Xinh,Thanh Thảo,ART_27d4425bab,POP_BALLAD,deterministic_mapping,1.0,,,unavailable,data/lyrics/RMVM_S_aafbf98cea.txt,verified_local,,unavailable,,missing,TIER_A,LYRICS_ONLY,train
RMVM_S_ab2dad81f2,Lý Ta Nói,Nhiều nghệ sĩ,ART_736b531937,RAP_HIPHOP,deterministic_mapping,1.0,,,unavailable,data/lyrics/RMVM_S_ab2dad81f2.txt,verified_local,,unavailable,,missing,TIER_A,LYRICS_ONLY,train
RMVM_S_ab2f0ac5f5,Hết Yêu Thì Em Cứ Đi,Bùi Vĩnh Phúc,ART_d6ddbdf499,POP_BALLAD,deterministic_mapping,1.0,,,unavailable,data/lyrics/RMVM_S_ab2f0ac5f5.txt,verified_local,,unavailable,,missing,TIER_A,LYRICS_ONLY,train
RMVM_S_ab3ac0a686,Tâm Sự Người Xa Xứ,Khánh Đơn,ART_3057e7080f,POP_BALLAD,deterministic_mapping,1.0,,,unavailable,data/lyrics/RMVM_S_ab3ac0a686.txt,verified_local,,unavailable,,missing,TIER_A,LYRICS_ONLY,train
RMVM_S_ab3bc716c3,Du Ngoạn Miền Tây,"N2H, KaWaiiBi",ART_da21ee9356,RAP_HIPHOP,deterministic_mapping,1.0,,,unavailable,data/lyrics/RMVM_S_ab3bc716c3.txt,verified_local,,unavailable,,missing,TIER_A,LYRICS_ONLY,train
RMVM_S_ab46517301,Hà Giang Quê Hương Tôi,Mỹ Anh,ART_5fed28340d,BOLERO_TRUTINH,deterministic_mapping,1.0,,,unavailable,data/lyrics/RMVM_S_ab46517301.txt,verified_local,,unavailable,,missing,TIER_A,LYRICS_ONLY,train
RMVM_S_ab47db50d7,Anh đang chơi đùa,Đạt Dope,ART_99cf81a7e8,RAP_HIPHOP,deterministic_mapping,1.0,,,unavailable,data/lyrics/RMVM_S_ab47db50d7.txt,verified_local,,unavailable,,missing,TIER_A,LYRICS_ONLY,train
RMVM_S_ab4cd88a80,Muốn Có Em,Trương Gia Thịnh,ART_0d0bdb03cd,POP_BALLAD,deterministic_mapping,1.0,,,unavailable,data/lyrics/RMVM_S_ab4cd88a80.txt,verified_local,data/covers/RMVM_S_ab4cd88a80.jpg,verified_local,,missing,TIER_A,LYRICS_COVER,train
RMVM_S_ab6814ddf1,Nỗi Nhớ Hóa Băng,Nam Em,ART_c759ccf76d,POP_BALLAD,deterministic_mapping,1.0,,,unavailable,data/lyrics/RMVM_S_ab6814ddf1.txt,verified_local,,unavailable,,missing,TIER_A,LYRICS_ONLY,train
RMVM_S_ab90c04e4b,Xin Lỗi Ta Yêu Người (Yuki No Hana),Lee Phú Quý,ART_0dae860da2,POP_BALLAD,deterministic_mapping,1.0,,,unavailable,data/lyrics/RMVM_S_ab90c04e4b.txt,verified_local,,unavailable,,missing,TIER_A,LYRICS_ONLY,train
RMVM_S_ab9eb7cc8b,Nếu Em Không Gặp May,Cao Tùng Huy,ART_879c1f8ca5,POP_BALLAD,deterministic_mapping,1.0,,,unavailable,data/lyrics/RMVM_S_ab9eb7cc8b.txt,verified_local,,unavailable,,missing,TIER_A,LYRICS_ONLY,train
RMVM_S_aba90c07f9,Anh Đã Lạc Vào,GreenD,ART_0d6dc44fde,POP_BALLAD,deterministic_mapping,1.0,,,unavailable,data/lyrics/RMVM_S_aba90c07f9.txt,verified_local,data/covers/RMVM_S_aba90c07f9.jpg,verified_local,,missing,TIER_A,LYRICS_COVER,train
RMVM_S_aba9a61aa4,Anh Nhớ Em (Beat),Tuấn Hưng,ART_31bc440729,POP_BALLAD,deterministic_mapping,0.85,,,unavailable,,unavailable,,unavailable,,missing,TIER_B,METADATA_ONLY,train
RMVM_S_abb514a6fe,Giả Vờ Nhưng Anh Yêu Em,Ngô Anh Đạt,ART_501c1c6947,POP_BALLAD,deterministic_mapping,1.0,,,unavailable,data/lyrics/RMVM_S_abb514a6fe.txt,verified_local,,unavailable,,missing,TIER_A,LYRICS_ONLY,train
RMVM_S_abcdb50a39,Cấp 3 Của Tôi,Vương Đình Dũng,ART_f76f968b02,POP_BALLAD,deterministic_mapping,1.0,,,unavailable,data/lyrics/RMVM_S_abcdb50a39.txt,verified_local,,unavailable,,missing,TIER_A,LYRICS_ONLY,train
RMVM_S_abe6e8124c,Người Giàu Cũng Điên,Giang Trường,ART_0994a63f86,BOLERO_TRUTINH,deterministic_mapping,1.0,,,unavailable,data/lyrics/RMVM_S_abe6e8124c.txt,verified_local,,unavailable,,missing,TIER_A,LYRICS_ONLY,train
RMVM_S_ac206ecdd4,Buông Tay Một Người Thương,"V.iris, Mley, Đạt PT",ART_0206d30e60,POP_BALLAD,deterministic_mapping,1.0,,,unavailable,data/lyrics/RMVM_S_ac206ecdd4.txt,verified_local,,unavailable,,missing,TIER_A,LYRICS_ONLY,train
RMVM_S_ac5efc7599,Bé Vui Đón Tết,Đỗ Tuyết Nhi,ART_5c0ef95693,CHILDREN,deterministic_mapping,1.0,,,unavailable,data/lyrics/RMVM_S_ac5efc7599.txt,verified_local,,unavailable,,missing,TIER_A,LYRICS_ONLY,train
RMVM_S_ac69e4478c,Chuyện Người Con Gái Ao Sen,"Thạch Dũng, Thạch Dũng - Trần Xuân",ART_718b6c7076,INSTRUMENTAL,source_tag_verification,0.85,,,unavailable,,unavailable,data/covers/RMVM_S_ac69e4478c.jpg,verified_local,,missing,TIER_B,COVER_ONLY,train
RMVM_S_ac6bcd3ace,Nợ Nhau Chữ Tình,Trương Lynh,ART_16845dcfba,POP_BALLAD,deterministic_mapping,1.0,,,unavailable,data/lyrics/RMVM_S_ac6bcd3ace.txt,verified_local,,unavailable,,missing,TIER_A,LYRICS_ONLY,train
RMVM_S_ac82b96221,Về Với Ngài,Phan Đinh Tùng,ART_628c82bb0f,POP_BALLAD,deterministic_mapping,1.0,,,unavailable,data/lyrics/RMVM_S_ac82b96221.txt,verified_local,,unavailable,,missing,TIER_A,LYRICS_ONLY,train
RMVM_S_ac841f8586,Đành Ôm Xót Xa,Thiên Bảo,ART_3a90bef167,BOLERO_TRUTINH,deterministic_mapping,1.0,,,unavailable,data/lyrics/RMVM_S_ac841f8586.txt,verified_local,,unavailable,,missing,TIER_A,LYRICS_ONLY,train
RMVM_S_aca58275ec,Em Hứa Thế Nào (EDM),VIET,ART_a4e6142476,DANCE_EDM,deterministic_mapping,1.0,,,unavailable,data/lyrics/RMVM_S_aca58275ec.txt,verified_local,,unavailable,,missing,TIER_A,LYRICS_ONLY,train
RMVM_S_accf15272b,Ước Mơ Của Tôi,Lâm Trí Tú,ART_c501714b4a,BOLERO_TRUTINH,deterministic_mapping,1.0,,,unavailable,data/lyrics/RMVM_S_accf15272b.txt,verified_local,,unavailable,,missing,TIER_A,LYRICS_ONLY,train
RMVM_S_acd96858a4,Một Giấc Mộng Xưa 2,Chí Thành Danh,ART_e302e93612,POP_BALLAD,deterministic_mapping,1.0,,,unavailable,data/lyrics/RMVM_S_acd96858a4.txt,verified_local,,unavailable,,missing,TIER_A,LYRICS_ONLY,train
RMVM_S_ace0deaad0,Mặt Trời Bé Con (Live),"Thùy Linh, 8 the Theatre",ART_ce2f98ac94,POP_BALLAD,deterministic_mapping,1.0,,,unavailable,data/lyrics/RMVM_S_ace0deaad0.txt,verified_local,,unavailable,,missing,TIER_A,LYRICS_ONLY,train
RMVM_S_acf245d8ff,Anh Tự Do Nhưng Cô Đơn,"Trung Quân Idol, Văn Mai Hương",ART_278b19c597,POP_BALLAD,deterministic_mapping,1.0,,,unavailable,data/lyrics/RMVM_S_acf245d8ff.txt,verified_local,,unavailable,,missing,TIER_A,LYRICS_ONLY,train
RMVM_S_ad122a90f6,Tết Quê (Beat),"Kiến Thành, Kim Đàm Rapper",ART_facdcdf907,FOLK_TRADITIONAL,deterministic_mapping,1.0,,,unavailable,data/lyrics/RMVM_S_ad122a90f6.txt,verified_local,,unavailable,,missing,TIER_A,LYRICS_ONLY,train
RMVM_S_ad17d07ba9,Cách Để Quên Em,Tăng Anh Tuấn,ART_3a6c60b80f,POP_BALLAD,deterministic_mapping,1.0,,,unavailable,data/lyrics/RMVM_S_ad17d07ba9.txt,verified_local,,unavailable,,missing,TIER_A,LYRICS_ONLY,train
RMVM_S_ad19b38f43,LK Mắt Thu & Tuổi Xa Người,"Trần Thái Hòa, Hương Giang",ART_b1d5acf62e,INSTRUMENTAL,source_tag_verification,0.85,,,unavailable,data/lyrics/RMVM_S_ad19b38f43.txt,verified_local,,unavailable,,missing,TIER_B,LYRICS_ONLY,train
RMVM_S_ad240c7ce4,Làm Sao Để Giữ Yêu Thương,Đình Bình,ART_9fba9285bb,POP_BALLAD,deterministic_mapping,1.0,,,unavailable,data/lyrics/RMVM_S_ad240c7ce4.txt,verified_local,,unavailable,,missing,TIER_A,LYRICS_ONLY,train
RMVM_S_ad31a8c7f1,Một Lần Cho Tôi Ghé Về Thăm,Quang Linh,ART_3a6003b287,BOLERO_TRUTINH,deterministic_mapping,1.0,,,unavailable,data/lyrics/RMVM_S_ad31a8c7f1.txt,verified_local,,unavailable,,missing,TIER_A,LYRICS_ONLY,train
RMVM_S_ad330cf699,Mình Làm Người Yêu Nhé Em (Beat),Anh Tú,ART_d106731bb0,POP_BALLAD,deterministic_mapping,1.0,,,unavailable,data/lyrics/RMVM_S_ad330cf699.txt,verified_local,,unavailable,,missing,TIER_A,LYRICS_ONLY,train
RMVM_S_ad5414b5a0,Nhớ Mẹ - Ầu Ơ Ví Dầu,HA Live,ART_c6e8e9559d,POP_BALLAD,deterministic_mapping,1.0,,,unavailable,data/lyrics/RMVM_S_ad5414b5a0.txt,verified_local,,unavailable,,missing,TIER_A,LYRICS_ONLY,train
RMVM_S_ad5f0f6512,Có Em Mỗi Bước Anh Đi,Da LAB,ART_30c4941a85,POP_BALLAD,deterministic_mapping,1.0,,,unavailable,data/lyrics/RMVM_S_ad5f0f6512.txt,verified_local,data/covers/RMVM_S_ad5f0f6512.jpg,verified_local,,missing,TIER_A,LYRICS_COVER,train
RMVM_S_ad743f682b,Chân Ngắn (Cover),Sjck,ART_be6f5715d3,POP_BALLAD,deterministic_mapping,1.0,,,unavailable,data/lyrics/RMVM_S_ad743f682b.txt,verified_local,,unavailable,,missing,TIER_A,LYRICS_ONLY,train
RMVM_S_ad79055653,Anh Ta Là Sao,"ERIK, OSAD",ART_21bfb40cb9,POP_BALLAD,deterministic_mapping,1.0,,,unavailable,data/lyrics/RMVM_S_ad79055653.txt,verified_local,,unavailable,,missing,TIER_A,LYRICS_ONLY,train
RMVM_S_ad7e6d570b,Anh Sẽ Đợi (TLong Remix Ver 2),"TLong, Tô Minh, HOA HỒNG DẠI MUSIC",ART_8784419826,POP_BALLAD,deterministic_mapping,1.0,,,unavailable,data/lyrics/RMVM_S_ad7e6d570b.txt,verified_local,,unavailable,,missing,TIER_A,LYRICS_ONLY,train
RMVM_S_adb7608fb9,Kẻ Si Tình,"Minh Thuận, Nhật Hào",ART_611562f3a1,POP_BALLAD,deterministic_mapping,1.0,,,unavailable,data/lyrics/RMVM_S_adb7608fb9.txt,verified_local,,unavailable,,missing,TIER_A,LYRICS_ONLY,train
RMVM_S_adcb664762,Cho Đến Khi Trời Đất Sụp Đổ,Trịnh Thăng Bình,ART_c35bd8b264,POP_BALLAD,deterministic_mapping,1.0,,,unavailable,data/lyrics/RMVM_S_adcb664762.txt,verified_local,,unavailable,,missing,TIER_A,LYRICS_ONLY,train
RMVM_S_add15eb8ae,Buồn Nơi Anh,Đinh Việt Quang,ART_642c5a355f,POP_BALLAD,deterministic_mapping,1.0,,,unavailable,data/lyrics/RMVM_S_add15eb8ae.txt,verified_local,,unavailable,,missing,TIER_A,LYRICS_ONLY,train
RMVM_S_ade24e1643,Thằng Cuội,"Bé Bào Ngư, Hồ Văn Cường",ART_b709dc7322,CHILDREN,artist_discography_verification,0.85,,,unavailable,data/lyrics/RMVM_S_ade24e1643.txt,verified_local,,unavailable,,missing,TIER_B,LYRICS_ONLY,train
RMVM_S_ade707e8d6,Anh Em MaCau (SinKra remix),"Sakhar, Xavi",ART_0e8b57ba43,POP_BALLAD,deterministic_mapping,1.0,,,unavailable,data/lyrics/RMVM_S_ade707e8d6.txt,verified_local,,unavailable,,missing,TIER_A,LYRICS_ONLY,train
RMVM_S_adfa1883fd,Vây Giữ (Cover),Nam Em,ART_c759ccf76d,POP_BALLAD,deterministic_mapping,1.0,,,unavailable,data/lyrics/RMVM_S_adfa1883fd.txt,verified_local,,unavailable,,missing,TIER_A,LYRICS_ONLY,train
RMVM_S_ae1c19e072,Con Đường An Lạc,Diệu Đan,ART_cdeaf1410d,OTHER,curated_out_of_taxonomy,0.9,Religious / Sacred spiritual Vietnamese music,,unavailable,,unavailable,,unavailable,,missing,TIER_B,METADATA_ONLY,train
RMVM_S_ae352fcd26,Người Không Đáng (Remix),"Khắc Việt, DJ Hoàng Anh",ART_89f0b16e87,DANCE_EDM,deterministic_mapping,1.0,,,unavailable,data/lyrics/RMVM_S_ae352fcd26.txt,verified_local,,unavailable,,missing,TIER_A,LYRICS_ONLY,train
RMVM_S_ae3704d3ec,Con Đường Mang Tên Em,"Duy Khánh, Hà My",ART_8667f7e262,BOLERO_TRUTINH,deterministic_mapping,1.0,,,unavailable,data/lyrics/RMVM_S_ae3704d3ec.txt,verified_local,data/covers/RMVM_S_ae3704d3ec.jpg,verified_local,,missing,TIER_A,LYRICS_COVER,train
RMVM_S_ae6932bfcf,Bách Hoa Hương,Thiên Tú,ART_b0af0bf20e,POP_BALLAD,deterministic_mapping,1.0,,,unavailable,data/lyrics/RMVM_S_ae6932bfcf.txt,verified_local,,unavailable,,missing,TIER_A,LYRICS_ONLY,train
RMVM_S_ae97b6874b,Câu Hát Lý Qua Đèo,Thu Hiền,ART_66084b8a1c,FOLK_TRADITIONAL,deterministic_mapping,1.0,,,unavailable,data/lyrics/RMVM_S_ae97b6874b.txt,verified_local,,unavailable,,missing,TIER_A,LYRICS_ONLY,train
RMVM_S_ae9b5cabbd,Chạm Gần Thêm Thương,Trúc Nhân,ART_1a77dc6ebf,POP_BALLAD,deterministic_mapping,1.0,,,unavailable,data/lyrics/RMVM_S_ae9b5cabbd.txt,verified_local,,unavailable,,missing,TIER_A,LYRICS_ONLY,train
RMVM_S_aebcce41e2,Giáng Sinh Để Nói,"Yanbi, Yến Lê",ART_0df15ee9bb,POP_BALLAD,deterministic_mapping,1.0,,,unavailable,data/lyrics/RMVM_S_aebcce41e2.txt,verified_local,,unavailable,,missing,TIER_A,LYRICS_ONLY,train
RMVM_S_aecccb9933,Chết Trong Em,Thịnh Suy,ART_9c92d2a39a,POP_BALLAD,deterministic_mapping,1.0,,,unavailable,data/lyrics/RMVM_S_aecccb9933.txt,verified_local,,unavailable,,missing,TIER_A,LYRICS_ONLY,train
RMVM_S_aee39c02ff,Tình Cũ Bao Giờ Cũng Tốt Hơn? (Remix),"Dương Hoàng Yến, Kenz",ART_8f20a28990,DANCE_EDM,deterministic_mapping,1.0,,,unavailable,data/lyrics/RMVM_S_aee39c02ff.txt,verified_local,,unavailable,,missing,TIER_A,LYRICS_ONLY,train
RMVM_S_aeebecadae,Bonus Track: Hôm Nay Tôi Lười (Pt.1) (Acoustic Version),CHARLES.,ART_43f0cfceba,POP_BALLAD,deterministic_mapping,1.0,,,unavailable,data/lyrics/RMVM_S_aeebecadae.txt,verified_local,,unavailable,,missing,TIER_A,LYRICS_ONLY,train
RMVM_S_af1e51752c,Cho Em Một Lối Về,Phương Thanh,ART_bae46acd15,BOLERO_TRUTINH,deterministic_mapping,1.0,,,unavailable,data/lyrics/RMVM_S_af1e51752c.txt,verified_local,,unavailable,,missing,TIER_A,LYRICS_ONLY,train
RMVM_S_af4406e4bc,Kẻ Say Rượu,Thiên Tú,ART_b0af0bf20e,POP_BALLAD,deterministic_mapping,1.0,,,unavailable,data/lyrics/RMVM_S_af4406e4bc.txt,verified_local,,unavailable,,missing,TIER_A,LYRICS_ONLY,train
RMVM_S_af4bb72a9e,Anh Hứa Sao Chẳng Được,Huỳnh Ái Vy,ART_9ce4335c01,POP_BALLAD,deterministic_mapping,1.0,,,unavailable,data/lyrics/RMVM_S_af4bb72a9e.txt,verified_local,,unavailable,,missing,TIER_A,LYRICS_ONLY,train
RMVM_S_af6d9d13b8,Mình Còn Thương Nhau,Ngọc Hân,ART_e908c009ec,BOLERO_TRUTINH,deterministic_mapping,1.0,,,unavailable,data/lyrics/RMVM_S_af6d9d13b8.txt,verified_local,,unavailable,,missing,TIER_A,LYRICS_ONLY,train
RMVM_S_af79ac46cf,Bạn Ơi Hãy Cho Đi,"Phạm Hà, Tốp Ca",ART_bcca7295ea,POP_BALLAD,deterministic_mapping,1.0,,,unavailable,data/lyrics/RMVM_S_af79ac46cf.txt,verified_local,,unavailable,,missing,TIER_A,LYRICS_ONLY,train
RMVM_S_af86bc338e,Anh Nên Yêu Cô Ấy,N Ly,ART_a85294c260,POP_BALLAD,deterministic_mapping,1.0,,,unavailable,data/lyrics/RMVM_S_af86bc338e.txt,verified_local,,unavailable,,missing,TIER_A,LYRICS_ONLY,train
RMVM_S_af9397eca7,Yêu Em Như Hành Xác,"Cường Seven, Wxrdie, M-A",ART_808fb7a6bc,DANCE_EDM,deterministic_mapping,1.0,,,unavailable,data/lyrics/RMVM_S_af9397eca7.txt,verified_local,,unavailable,,missing,TIER_A,LYRICS_ONLY,train
RMVM_S_afc758fefd,Chiến Thắng Covid,Lucy Vân Anh,ART_af3ade8b99,CHILDREN,deterministic_mapping,1.0,,,unavailable,data/lyrics/RMVM_S_afc758fefd.txt,verified_local,data/covers/RMVM_S_afc758fefd.jpg,verified_local,,missing,TIER_A,LYRICS_COVER,train
RMVM_S_afc7a9bc30,Lối Ra Nào Cho Hai Ta,"MEZZO, Mono, Trúc Phương",ART_75a78a7306,POP_BALLAD,deterministic_mapping,1.0,,,unavailable,data/lyrics/RMVM_S_afc7a9bc30.txt,verified_local,,unavailable,,missing,TIER_A,LYRICS_ONLY,train
RMVM_S_afd0e94d12,Anh Cứ Thử Quên Em,Trang Nhung,ART_8d87063614,BOLERO_TRUTINH,deterministic_mapping,1.0,,,unavailable,data/lyrics/RMVM_S_afd0e94d12.txt,verified_local,,unavailable,,missing,TIER_A,LYRICS_ONLY,train
RMVM_S_afdac10408,Anh Phải Quen Cuộc Sống Một Mình ( Yêu Trong Mù Lòa),Lâm Chí Khanh,ART_d144927004,POP_BALLAD,deterministic_mapping,1.0,,,unavailable,data/lyrics/RMVM_S_afdac10408.txt,verified_local,,unavailable,,missing,TIER_A,LYRICS_ONLY,train
RMVM_S_b004ffa5f2,Duyên Tình Lý Ngựa Ô,Hương Lan,ART_8422601bfe,FOLK_TRADITIONAL,artist_discography_verification,0.85,,,unavailable,data/lyrics/RMVM_S_b004ffa5f2.txt,verified_local,,unavailable,,missing,TIER_B,LYRICS_ONLY,train
RMVM_S_b00c6e2f8c,Con Phải Làm Sao,Bùi Công Nam,ART_69b429162b,POP_BALLAD,deterministic_mapping,1.0,,,unavailable,data/lyrics/RMVM_S_b00c6e2f8c.txt,verified_local,,unavailable,,missing,TIER_A,LYRICS_ONLY,train
RMVM_S_b00e246fa1,Kỷ Niệm Xa Rồi,Hồng Hạnh,ART_031bfee6e2,BOLERO_TRUTINH,deterministic_mapping,1.0,,,unavailable,data/lyrics/RMVM_S_b00e246fa1.txt,verified_local,,unavailable,,missing,TIER_A,LYRICS_ONLY,train
RMVM_S_b016f4afb3,Cún Ơi 3 (Người Lạ Từng Quen 6),Dukytnt Lee,ART_175c9a84cf,POP_BALLAD,deterministic_mapping,1.0,,,unavailable,data/lyrics/RMVM_S_b016f4afb3.txt,verified_local,,unavailable,,missing,TIER_A,LYRICS_ONLY,train
RMVM_S_b01bc1bb54,Gặp Em Lúc Tan Vỡ,Trung Quân,ART_80dddb714b,POP_BALLAD,deterministic_mapping,1.0,,,unavailable,data/lyrics/RMVM_S_b01bc1bb54.txt,verified_local,,unavailable,,missing,TIER_A,LYRICS_ONLY,train
RMVM_S_b02afed33e,Tình Em Mãi Mãi,Hoàng Lan,ART_c2caa94ac6,INSTRUMENTAL,source_tag_verification,0.85,,,unavailable,data/lyrics/RMVM_S_b02afed33e.txt,verified_local,,unavailable,,missing,TIER_B,LYRICS_ONLY,train
RMVM_S_b048c47089,Đêm Giao Thừa Nghe Khúc Dân Ca,"Thanh Ngân, Mai Tiến Đạt",ART_16f058aea1,POP_BALLAD,deterministic_mapping,1.0,,,unavailable,data/lyrics/RMVM_S_b048c47089.txt,verified_local,,unavailable,,missing,TIER_A,LYRICS_ONLY,train
RMVM_S_b04c16461a,Anh Chải Tóc Cho Em,Triệu Lộc,ART_209f4d1133,BOLERO_TRUTINH,deterministic_mapping,1.0,,,unavailable,data/lyrics/RMVM_S_b04c16461a.txt,verified_local,,unavailable,,missing,TIER_A,LYRICS_ONLY,train
RMVM_S_b075f7463c,Cơn Mê Tình Ái,Bảo Hân Bolero,ART_f69e0baf38,BOLERO_TRUTINH,deterministic_mapping,1.0,,,unavailable,data/lyrics/RMVM_S_b075f7463c.txt,verified_local,data/covers/RMVM_S_b075f7463c.jpg,verified_local,,missing,TIER_A,LYRICS_COVER,train
RMVM_S_b09aa49405,Lan Và Điệp 1,"Quách Tuấn Du, Quỳnh Trang",ART_0a80d8ebe5,BOLERO_TRUTINH,deterministic_mapping,1.0,,,unavailable,data/lyrics/RMVM_S_b09aa49405.txt,verified_local,,unavailable,,missing,TIER_A,LYRICS_ONLY,train
RMVM_S_b09cd2b69b,Em Nghĩ Sao Về,Phạm Đình Thái Ngân,ART_317bd50d6c,POP_BALLAD,deterministic_mapping,1.0,,,unavailable,data/lyrics/RMVM_S_b09cd2b69b.txt,verified_local,,unavailable,,missing,TIER_A,LYRICS_ONLY,train
RMVM_S_b0a9242f29,Em Nào Có Tội (Vinahouse),Thương Võ,ART_d98f07dbcf,DANCE_EDM,deterministic_mapping,1.0,,,unavailable,data/lyrics/RMVM_S_b0a9242f29.txt,verified_local,,unavailable,,missing,TIER_A,LYRICS_ONLY,train
RMVM_S_b0bc547367,Đêm Yên Lặng,Isaac Thái,ART_84028ff2d2,OTHER,curated_out_of_taxonomy,0.9,Religious / Sacred spiritual Vietnamese music,,unavailable,,unavailable,,unavailable,,missing,TIER_B,METADATA_ONLY,train
RMVM_S_b0be3d2f58,Ánh Trăng Tình Ái,Dương Edward,ART_8e24244ef6,POP_BALLAD,deterministic_mapping,1.0,,,unavailable,data/lyrics/RMVM_S_b0be3d2f58.txt,verified_local,,unavailable,,missing,TIER_A,LYRICS_ONLY,train
RMVM_S_b1291a9fd4,Muốn Làm Lại Người Tốt,Trương Đình Phong,ART_5ab81df982,POP_BALLAD,deterministic_mapping,1.0,,,unavailable,data/lyrics/RMVM_S_b1291a9fd4.txt,verified_local,,unavailable,,missing,TIER_A,LYRICS_ONLY,train
RMVM_S_b13a34b3e5,Em Không Hiểu (Lofi Mix),Chilly,ART_ba70ae925e,POP_BALLAD,deterministic_mapping,1.0,,,unavailable,data/lyrics/RMVM_S_b13a34b3e5.txt,verified_local,data/covers/RMVM_S_b13a34b3e5.jpg,verified_local,,missing,TIER_A,LYRICS_COVER,train
RMVM_S_b140fa42d4,Bỏ Lại Thương Nhưng Vướng Thì Đau,Lý Tuấn Kiệt,ART_3af0664099,POP_BALLAD,deterministic_mapping,1.0,,,unavailable,data/lyrics/RMVM_S_b140fa42d4.txt,verified_local,,unavailable,,missing,TIER_A,LYRICS_ONLY,train
RMVM_S_b14c3fb5e3,Giây Phút Ấy,J.K,ART_91e12519d4,POP_BALLAD,deterministic_mapping,1.0,,,unavailable,data/lyrics/RMVM_S_b14c3fb5e3.txt,verified_local,data/covers/RMVM_S_b14c3fb5e3.jpg,verified_local,,missing,TIER_A,LYRICS_COVER,train
RMVM_S_b1567342cc,Cảm Xúc Không Tên,Nhật Thiên,ART_26c904a688,POP_BALLAD,deterministic_mapping,1.0,,,unavailable,data/lyrics/RMVM_S_b1567342cc.txt,verified_local,,unavailable,,missing,TIER_A,LYRICS_ONLY,train
RMVM_S_b161f605dd,Bolero Miệt Vườn,Trường Sơn,ART_f60bdc9895,BOLERO_TRUTINH,deterministic_mapping,1.0,,,unavailable,data/lyrics/RMVM_S_b161f605dd.txt,verified_local,,unavailable,,missing,TIER_A,LYRICS_ONLY,train
RMVM_S_b1639fae4a,Hạt Mưa Vương Vấn,Phan Duy Anh,ART_e57f03d93c,POP_BALLAD,deterministic_mapping,1.0,,,unavailable,data/lyrics/RMVM_S_b1639fae4a.txt,verified_local,,unavailable,,missing,TIER_A,LYRICS_ONLY,train
RMVM_S_b16b2a78f3,Người Ấy Sẽ Quên Em Thôi,Đại Tuyên,ART_68088a15a7,POP_BALLAD,deterministic_mapping,1.0,,,unavailable,data/lyrics/RMVM_S_b16b2a78f3.txt,verified_local,data/covers/RMVM_S_b16b2a78f3.jpg,verified_local,,missing,TIER_A,LYRICS_COVER,train
RMVM_S_b16ebbff5e,Đừng Như Thói Quen (Cover) (Beat Nam),"Anh Toàn Nguyễn, Trần Ngọc Bảo",ART_835c48a9d8,POP_BALLAD,deterministic_mapping,1.0,,,unavailable,data/lyrics/RMVM_S_b16ebbff5e.txt,verified_local,,unavailable,,missing,TIER_A,LYRICS_ONLY,train
RMVM_S_b1a3f87687,Một Chút Tình Quê,Thu Hiền,ART_66084b8a1c,FOLK_TRADITIONAL,artist_discography_verification,0.85,,,unavailable,data/lyrics/RMVM_S_b1a3f87687.txt,verified_local,,unavailable,,missing,TIER_B,LYRICS_ONLY,train
RMVM_S_b1ac9f287a,Đợi Đến Tháng 13,Đặng Thanh Tuyền,ART_b05e323f35,POP_BALLAD,deterministic_mapping,1.0,,,unavailable,data/lyrics/RMVM_S_b1ac9f287a.txt,verified_local,,unavailable,,missing,TIER_A,LYRICS_ONLY,train
RMVM_S_b1b915ea94,"Anh Thương Em, Em Thương Ai",Đinh Tùng Huy,ART_e1ad17266c,POP_BALLAD,deterministic_mapping,1.0,,,unavailable,data/lyrics/RMVM_S_b1b915ea94.txt,verified_local,,unavailable,,missing,TIER_A,LYRICS_ONLY,train
RMVM_S_b1f2e21740,Chuyện Bên Bờ Ao,"Bé Bào Ngư, Như Ý",ART_7500bc4ca0,CHILDREN,artist_discography_verification,0.85,,,unavailable,,unavailable,data/covers/RMVM_S_b1f2e21740.jpg,verified_local,,missing,TIER_B,COVER_ONLY,train
RMVM_S_b20915d1c9,Cô Ấy Là Ai,NgânT,ART_053c27d7f8,POP_BALLAD,deterministic_mapping,1.0,,,unavailable,data/lyrics/RMVM_S_b20915d1c9.txt,verified_local,data/covers/RMVM_S_b20915d1c9.jpg,verified_local,,missing,TIER_A,LYRICS_COVER,train
RMVM_S_b22be54e11,Suốt Đời Không Xứng,"Khải Đăng, Vương Anh Tú",ART_71755f3e78,POP_BALLAD,deterministic_mapping,1.0,,,unavailable,data/lyrics/RMVM_S_b22be54e11.txt,verified_local,,unavailable,,missing,TIER_A,LYRICS_ONLY,train
RMVM_S_b230f601ce,Và Ngày Nào Đó,Đỗ Thị Quỳnh Trân,ART_ef41b99618,POP_BALLAD,deterministic_mapping,1.0,,,unavailable,data/lyrics/RMVM_S_b230f601ce.txt,verified_local,data/covers/RMVM_S_b230f601ce.jpg,verified_local,2023.0,verified,TIER_A,LYRICS_COVER,train
RMVM_S_b2555bfa56,Bolero Tiền Thắng Tình Thua,Lương Hồng Huệ,ART_3a833d842d,POP_BALLAD,deterministic_mapping,1.0,,,unavailable,data/lyrics/RMVM_S_b2555bfa56.txt,verified_local,data/covers/RMVM_S_b2555bfa56.jpg,verified_local,,missing,TIER_A,LYRICS_COVER,train
RMVM_S_b2785b062c,Chỉ Vì Quá Hy Vọng (Live at Bến Thành),Hoài Lâm,ART_29eca983da,POP_BALLAD,deterministic_mapping,1.0,,,unavailable,data/lyrics/RMVM_S_b2785b062c.txt,verified_local,,unavailable,,missing,TIER_A,LYRICS_ONLY,train
RMVM_S_b2830f8be0,"Anh Vẫn Cứ Thế, Em À!",Trương Việt Thái,ART_21321c27ce,POP_BALLAD,deterministic_mapping,1.0,,,unavailable,data/lyrics/RMVM_S_b2830f8be0.txt,verified_local,,unavailable,,missing,TIER_A,LYRICS_ONLY,train
RMVM_S_b2a70585e5,Cô Dâu Của Anh,Đinh Kiến Phong,ART_beaaa23f3f,POP_BALLAD,deterministic_mapping,1.0,,,unavailable,data/lyrics/RMVM_S_b2a70585e5.txt,verified_local,,unavailable,,missing,TIER_A,LYRICS_ONLY,train
RMVM_S_b2ab2cb700,Hồi Ức Một Tình Yêu,"Dương Minh Đức, Thanh Goll",ART_7f7f6cecaf,POP_BALLAD,deterministic_mapping,1.0,,,unavailable,data/lyrics/RMVM_S_b2ab2cb700.txt,verified_local,,unavailable,,missing,TIER_A,LYRICS_ONLY,train
RMVM_S_b2d731df6c,Thầm Mang Ơn Anh,Trương Như Anh,ART_fe44284910,POP_BALLAD,deterministic_mapping,1.0,,,unavailable,,unavailable,data/covers/RMVM_S_b2d731df6c.jpg,verified_local,,missing,TIER_A,COVER_ONLY,train
RMVM_S_b2f173842e,Ai Còn Nhớ Thương,Nguyễn Trần Trọng Hiếu,ART_0abffdf235,POP_BALLAD,deterministic_mapping,1.0,,,unavailable,data/lyrics/RMVM_S_b2f173842e.txt,verified_local,,unavailable,,missing,TIER_A,LYRICS_ONLY,train
RMVM_S_b2f5166015,Liên Khúc Daddy Cool,Đức Vinh,ART_45793cc170,POP_BALLAD,deterministic_mapping,1.0,,,unavailable,data/lyrics/RMVM_S_b2f5166015.txt,verified_local,,unavailable,,missing,TIER_A,LYRICS_ONLY,train
RMVM_S_b2f52cd367,Tình Yêu Cũng Như Mảnh Giấy,Clow,ART_a458dabbae,POP_BALLAD,deterministic_mapping,1.0,,,unavailable,data/lyrics/RMVM_S_b2f52cd367.txt,verified_local,data/covers/RMVM_S_b2f52cd367.jpg,verified_local,,missing,TIER_A,LYRICS_COVER,train
RMVM_S_b30398579b,Chuyện Con Trai Con Gái,"Đoàn Việt Phương, Vũ Trâm Anh",ART_b1652f8893,POP_BALLAD,deterministic_mapping,1.0,,,unavailable,data/lyrics/RMVM_S_b30398579b.txt,verified_local,,unavailable,,missing,TIER_A,LYRICS_ONLY,train
RMVM_S_b31035b3a0,Lý Do Anh Yêu Em,KayPy,ART_556640ac75,POP_BALLAD,deterministic_mapping,1.0,,,unavailable,data/lyrics/RMVM_S_b31035b3a0.txt,verified_local,,unavailable,,missing,TIER_A,LYRICS_ONLY,train
RMVM_S_b33854f97f,Bên Anh Em Không Có Tương Lai (Cover),Hứa Văn Cường,ART_6aebe1205e,BOLERO_TRUTINH,deterministic_mapping,1.0,,,unavailable,data/lyrics/RMVM_S_b33854f97f.txt,verified_local,,unavailable,,missing,TIER_A,LYRICS_ONLY,train
RMVM_S_b34c5060bc,Anh Cất Em Đi Nhé,Khánh Đơn,ART_3057e7080f,POP_BALLAD,deterministic_mapping,1.0,,,unavailable,data/lyrics/RMVM_S_b34c5060bc.txt,verified_local,,unavailable,,missing,TIER_A,LYRICS_ONLY,train
RMVM_S_b35f0e90ab,Con Xin Quay Về,Kim Linh,ART_e4bd38b781,OTHER,curated_out_of_taxonomy,0.9,Religious / Sacred spiritual Vietnamese music,,unavailable,,unavailable,,unavailable,,missing,TIER_B,METADATA_ONLY,train
RMVM_S_b3610e7410,Thị Trấn Mù Sương,Phi Nhung,ART_33de4125fc,INSTRUMENTAL,source_tag_verification,0.85,,,unavailable,data/lyrics/RMVM_S_b3610e7410.txt,verified_local,data/covers/RMVM_S_b3610e7410.jpg,verified_local,,missing,TIER_B,LYRICS_COVER,train
RMVM_S_b3737eb53f,Khúc Ca Ngày Hè,Trần Thu Hà,ART_3a9bb5e6bc,POP_BALLAD,deterministic_mapping,1.0,,,unavailable,data/lyrics/RMVM_S_b3737eb53f.txt,verified_local,,unavailable,,missing,TIER_A,LYRICS_ONLY,train
RMVM_S_b3a3c48ffc,Chạm Tới Tuổi Đôi Mươi,GreenD,ART_0d6dc44fde,POP_BALLAD,deterministic_mapping,1.0,,,unavailable,data/lyrics/RMVM_S_b3a3c48ffc.txt,verified_local,,unavailable,,missing,TIER_A,LYRICS_ONLY,train
RMVM_S_b3cde4afdf,Một Câu Chuyện Buồn,Ái Phương,ART_21e0c66239,POP_BALLAD,deterministic_mapping,1.0,,,unavailable,data/lyrics/RMVM_S_b3cde4afdf.txt,verified_local,,unavailable,,missing,TIER_A,LYRICS_ONLY,train
RMVM_S_b3d5300a83,Hữu Duyên Huynh Đệ (Remix),"CT, Đoàn Lâm",ART_f3ae405b23,POP_BALLAD,deterministic_mapping,1.0,,,unavailable,data/lyrics/RMVM_S_b3d5300a83.txt,verified_local,,unavailable,,missing,TIER_A,LYRICS_ONLY,train
RMVM_S_b41f067469,Khi Đàn Ông Mang Bầu,Shin Hồng Vịnh,ART_e9e741146e,POP_BALLAD,deterministic_mapping,1.0,,,unavailable,data/lyrics/RMVM_S_b41f067469.txt,verified_local,,unavailable,,missing,TIER_A,LYRICS_ONLY,train
RMVM_S_b45bf2bdde,Mừng Nắng Xuân Về,Various Artists,ART_03b645ef21,BOLERO_TRUTINH,deterministic_mapping,1.0,,,unavailable,data/lyrics/RMVM_S_b45bf2bdde.txt,verified_local,,unavailable,,missing,TIER_A,LYRICS_ONLY,train
RMVM_S_b48ee33183,Tuổi Ngọc,Đoan Trang,ART_0ee13d720c,BOLERO_TRUTINH,deterministic_mapping,1.0,,,unavailable,data/lyrics/RMVM_S_b48ee33183.txt,verified_local,,unavailable,,missing,TIER_A,LYRICS_ONLY,train
RMVM_S_b494b0ec11,3 1 0 7 (Whisky & Mr. Paa Remix),"W/N, Duongg, Nâu",ART_52a2dffaa2,POP_BALLAD,deterministic_mapping,1.0,,,unavailable,data/lyrics/RMVM_S_b494b0ec11.txt,verified_local,,unavailable,,missing,TIER_A,LYRICS_ONLY,train
RMVM_S_b4cb97e318,Con Cò Quên Mẹ,Cao Sỹ Hùng,ART_e9a531336d,BOLERO_TRUTINH,deterministic_mapping,1.0,,,unavailable,data/lyrics/RMVM_S_b4cb97e318.txt,verified_local,,unavailable,,missing,TIER_A,LYRICS_ONLY,train
RMVM_S_b4e78fa68b,ANH SẼ CHỜ EM,Qiti,ART_5340a9cb63,POP_BALLAD,deterministic_mapping,1.0,,,unavailable,data/lyrics/RMVM_S_b4e78fa68b.txt,verified_local,,unavailable,,missing,TIER_A,LYRICS_ONLY,train
RMVM_S_b504cc50db,Chiều Buồn,Quỳnh Trang,ART_b484f0dc48,BOLERO_TRUTINH,deterministic_mapping,1.0,,,unavailable,data/lyrics/RMVM_S_b504cc50db.txt,verified_local,,unavailable,,missing,TIER_A,LYRICS_ONLY,train
RMVM_S_b5102e9ae7,Gọi Tên Hạnh Phúc,Diệu Đan,ART_cdeaf1410d,OTHER,curated_out_of_taxonomy,0.9,Religious / Sacred spiritual Vietnamese music,,unavailable,,unavailable,,unavailable,,missing,TIER_B,METADATA_ONLY,train
RMVM_S_b51064b1dd,Anh Là Người Da Đen,Phúc Vlog,ART_e3d06fb95d,POP_BALLAD,deterministic_mapping,1.0,,,unavailable,data/lyrics/RMVM_S_b51064b1dd.txt,verified_local,,unavailable,,missing,TIER_A,LYRICS_ONLY,train
RMVM_S_b52bb87ec4,Hạnh Phúc Khi Có Phật,Hùng Thanh,ART_f19406d387,OTHER,curated_out_of_taxonomy,0.9,Religious / Sacred spiritual Vietnamese music,,unavailable,,unavailable,,unavailable,,missing,TIER_B,METADATA_ONLY,train
RMVM_S_b539afc1a0,Đánh Thức Giấc Mơ,Hà Văn Đông,ART_1f2aa16304,POP_BALLAD,deterministic_mapping,1.0,,,unavailable,data/lyrics/RMVM_S_b539afc1a0.txt,verified_local,,unavailable,,missing,TIER_A,LYRICS_ONLY,train
RMVM_S_b544ba5333,Không Để Anh Đau Khổ,Vũ Uyên Nhi,ART_89886758cc,POP_BALLAD,deterministic_mapping,1.0,,,unavailable,data/lyrics/RMVM_S_b544ba5333.txt,verified_local,data/covers/RMVM_S_b544ba5333.jpg,verified_local,,missing,TIER_A,LYRICS_COVER,train
RMVM_S_b562d7dd41,Dưới Ánh Đèn Sân Khấu,HA Live,ART_c6e8e9559d,POP_BALLAD,deterministic_mapping,1.0,,,unavailable,data/lyrics/RMVM_S_b562d7dd41.txt,verified_local,,unavailable,,missing,TIER_A,LYRICS_ONLY,train
RMVM_S_b56b20ac6f,Phải Dừng Lại Thôi (Remix),"Hana Cẩm Tiên, TVk",ART_0cfdbcf965,POP_BALLAD,deterministic_mapping,1.0,,,unavailable,data/lyrics/RMVM_S_b56b20ac6f.txt,verified_local,,unavailable,,missing,TIER_A,LYRICS_ONLY,train
RMVM_S_b57069d520,Một Lần Về Với Biển,Bùi Tuyết Mai,ART_ee032ff0d2,BOLERO_TRUTINH,deterministic_mapping,1.0,,,unavailable,data/lyrics/RMVM_S_b57069d520.txt,verified_local,,unavailable,,missing,TIER_A,LYRICS_ONLY,train
RMVM_S_b5720df997,Hà Nội Ngày Trở Về,"Phương Phạm Guitarist, Minh Chuyên",ART_03e37afbc1,BOLERO_TRUTINH,deterministic_mapping,1.0,,,unavailable,,unavailable,data/covers/RMVM_S_b5720df997.jpg,verified_local,,missing,TIER_A,COVER_ONLY,train
RMVM_S_b57593f38e,Con Gà Trống Gáy,Bé Hồng Ân,ART_35f4e19dfa,CHILDREN,deterministic_mapping,1.0,,,unavailable,data/lyrics/RMVM_S_b57593f38e.txt,verified_local,,unavailable,,missing,TIER_A,LYRICS_ONLY,train
RMVM_S_b5b00d22be,Cho Tôi Yêu Một Lần,Thế Sơn,ART_67eb934159,INSTRUMENTAL,source_tag_verification,0.85,,,unavailable,,unavailable,data/covers/RMVM_S_b5b00d22be.jpg,verified_local,,missing,TIER_B,COVER_ONLY,train
RMVM_S_b5b613087b,Bi Hài (Giao Lộ Thời Gian),Hòa Minzy,ART_8fe466339b,POP_BALLAD,deterministic_mapping,0.85,,,unavailable,,unavailable,,unavailable,,missing,TIER_B,METADATA_ONLY,train
RMVM_S_b5b6aa873c,Lười Yêu,Bảo Anh,ART_a0e20c2820,POP_BALLAD,deterministic_mapping,1.0,,,unavailable,data/lyrics/RMVM_S_b5b6aa873c.txt,verified_local,,unavailable,,missing,TIER_A,LYRICS_ONLY,train
RMVM_S_b5c0ab4066,Đóa Hoa Vô Thường,Hồng Nhung,ART_cae1d62498,OTHER,curated_out_of_taxonomy,0.9,Religious / Sacred spiritual Vietnamese music,,unavailable,,unavailable,,unavailable,,missing,TIER_B,METADATA_ONLY,train
RMVM_S_b5cbeab9f5,Chỉ Là Giấc Mơ Qua,Lưu Bích,ART_4c4952faa8,INSTRUMENTAL,source_tag_verification,0.85,,,unavailable,data/lyrics/RMVM_S_b5cbeab9f5.txt,verified_local,,unavailable,,missing,TIER_B,LYRICS_ONLY,train
RMVM_S_b6092373ed,Cô Liêu (BLUE REMIX),"ZIN MEDIA, Phạm Sắc Lệnh",ART_569e88df70,DANCE_EDM,deterministic_mapping,1.0,,,unavailable,data/lyrics/RMVM_S_b6092373ed.txt,verified_local,data/covers/RMVM_S_b6092373ed.jpg,verified_local,,missing,TIER_A,LYRICS_COVER,train
RMVM_S_b624658b9b,Tranh Nguoi Yeu Toi Ra,Đào Nguyễn Ánh,ART_1995f6593a,ROCK,source_tag_verification,0.85,,,unavailable,data/lyrics/RMVM_S_b624658b9b.txt,verified_local,,unavailable,2018.0,verified,TIER_B,LYRICS_ONLY,train
RMVM_S_b637f3ae23,"Mashup Sau Tất Cả ,Yêu Lại Từ Đầu",Khắc Việt,ART_31be0c3977,POP_BALLAD,deterministic_mapping,1.0,,,unavailable,data/lyrics/RMVM_S_b637f3ae23.txt,verified_local,,unavailable,,missing,TIER_A,LYRICS_ONLY,train
RMVM_S_b6560bd0f0,Chương 2 Của Tương Lai,"WEAN, MCK, Tenkitsune",ART_9ae2c65f8f,POP_BALLAD,deterministic_mapping,1.0,,,unavailable,data/lyrics/RMVM_S_b6560bd0f0.txt,verified_local,,unavailable,,missing,TIER_A,LYRICS_ONLY,train
RMVM_S_b663a2bb97,Chẳng Thể Sống Thiếu Em (Lofi Version),"Kalee Hoàng, Cường",ART_89be08b62b,POP_BALLAD,deterministic_mapping,1.0,,,unavailable,data/lyrics/RMVM_S_b663a2bb97.txt,verified_local,,unavailable,,missing,TIER_A,LYRICS_ONLY,train
RMVM_S_b663cf938d,Cạn Tình Như Thế,"DICKSON, Thành Đạt, Lê Chí Trung",ART_b5765cbf56,POP_BALLAD,deterministic_mapping,1.0,,,unavailable,data/lyrics/RMVM_S_b663cf938d.txt,verified_local,,unavailable,,missing,TIER_A,LYRICS_ONLY,train
RMVM_S_b677154589,Anh Chỉ Yêu Một Người (Remix),Lương Nhất Cường,ART_ddc9ba2548,DANCE_EDM,deterministic_mapping,1.0,,,unavailable,data/lyrics/RMVM_S_b677154589.txt,verified_local,,unavailable,,missing,TIER_A,LYRICS_ONLY,train
RMVM_S_b6ab8dda43,Rap Về Doctor Strange,Phan Ann,ART_07345cf2b0,POP_BALLAD,deterministic_mapping,1.0,,,unavailable,data/lyrics/RMVM_S_b6ab8dda43.txt,verified_local,,unavailable,,missing,TIER_A,LYRICS_ONLY,train
RMVM_S_b6ac2f4d2d,Anh Không Phải Hotboy,Phạm Hồng Phước,ART_cebd2bfcff,POP_BALLAD,deterministic_mapping,1.0,,,unavailable,data/lyrics/RMVM_S_b6ac2f4d2d.txt,verified_local,,unavailable,,missing,TIER_A,LYRICS_ONLY,train
RMVM_S_b6ca12d3af,Ba Đời Ba Kiếp Mười Dặm Hoa Rơi,Lee Phú Quý,ART_0dae860da2,POP_BALLAD,deterministic_mapping,1.0,,,unavailable,data/lyrics/RMVM_S_b6ca12d3af.txt,verified_local,,unavailable,,missing,TIER_A,LYRICS_ONLY,train
RMVM_S_b6efaf8821,Binh Yen Tuoi Tho,Phạm Hồng Biển,ART_f9c7395249,POP_BALLAD,deterministic_mapping,1.0,,,unavailable,data/lyrics/RMVM_S_b6efaf8821.txt,verified_local,,unavailable,,missing,TIER_A,LYRICS_ONLY,train
RMVM_S_b705428d7f,Lời Em Hứa,"Gia Lạc, Nguyễn Minh",ART_90390bccfe,BOLERO_TRUTINH,deterministic_mapping,0.85,,,unavailable,,unavailable,,unavailable,,missing,TIER_B,METADATA_ONLY,train
RMVM_S_b73236d74c,Là Duyên Không Phận (New Version),Chung Thanh Duy,ART_ddb107a39a,POP_BALLAD,deterministic_mapping,1.0,,,unavailable,data/lyrics/RMVM_S_b73236d74c.txt,verified_local,data/covers/RMVM_S_b73236d74c.jpg,verified_local,,missing,TIER_A,LYRICS_COVER,train
RMVM_S_b74397d9b4,Đã Xa Thật Rồi,GIK,ART_3092af5adf,POP_BALLAD,deterministic_mapping,1.0,,,unavailable,data/lyrics/RMVM_S_b74397d9b4.txt,verified_local,,unavailable,,missing,TIER_A,LYRICS_ONLY,train
RMVM_S_b758006f5e,Chỉ Mình Anh Nhìn Thấy,"Thái Đinh, NamKun",ART_8da7747dcb,POP_BALLAD,deterministic_mapping,1.0,,,unavailable,data/lyrics/RMVM_S_b758006f5e.txt,verified_local,,unavailable,,missing,TIER_A,LYRICS_ONLY,train
RMVM_S_b77d98d75a,Bỗng Dưng Yêu Em (Vinahouse),Chu Duyên,ART_fba380b103,DANCE_EDM,deterministic_mapping,1.0,,,unavailable,data/lyrics/RMVM_S_b77d98d75a.txt,verified_local,data/covers/RMVM_S_b77d98d75a.jpg,verified_local,,missing,TIER_A,LYRICS_COVER,train
RMVM_S_b783f23324,Yêu Vì Yêu,Mắt Ngọc,ART_6cfbee5e76,POP_BALLAD,deterministic_mapping,1.0,,,unavailable,data/lyrics/RMVM_S_b783f23324.txt,verified_local,,unavailable,,missing,TIER_A,LYRICS_ONLY,train
RMVM_S_b7a01a8e72,Để Em Tính,Hana Cẩm Tiên,ART_03c3d26c07,POP_BALLAD,deterministic_mapping,1.0,,,unavailable,data/lyrics/RMVM_S_b7a01a8e72.txt,verified_local,,unavailable,,missing,TIER_A,LYRICS_ONLY,train
RMVM_S_b7a2465cdf,Chang The Quen Mot Nguoi,"Flo D, Hổ",ART_19b2f84769,RAP_HIPHOP,deterministic_mapping,1.0,,,unavailable,data/lyrics/RMVM_S_b7a2465cdf.txt,verified_local,,unavailable,,missing,TIER_A,LYRICS_ONLY,train
RMVM_S_b7a560aebb,Nếu Như Ngày Xưa,"TiTi, Jombie",ART_f406c4a285,POP_BALLAD,deterministic_mapping,1.0,,,unavailable,data/lyrics/RMVM_S_b7a560aebb.txt,verified_local,,unavailable,,missing,TIER_A,LYRICS_ONLY,train
RMVM_S_b7abff6397,Bỏ Anh Thì Đừng Hối Hận,Suno Nguyễn,ART_8995d5903e,POP_BALLAD,deterministic_mapping,1.0,,,unavailable,data/lyrics/RMVM_S_b7abff6397.txt,verified_local,,unavailable,,missing,TIER_A,LYRICS_ONLY,train
RMVM_S_b7cebc02bb,Đón Ông Thần Tài,Bảo Nam,ART_cd3fb335c1,POP_BALLAD,deterministic_mapping,1.0,,,unavailable,data/lyrics/RMVM_S_b7cebc02bb.txt,verified_local,,unavailable,,missing,TIER_A,LYRICS_ONLY,train
RMVM_S_b7dd0de77a,Thời Thơ Ấu Đã Xa,Mây Trắng,ART_1144cc9dfe,POP_BALLAD,deterministic_mapping,1.0,,,unavailable,data/lyrics/RMVM_S_b7dd0de77a.txt,verified_local,,unavailable,,missing,TIER_A,LYRICS_ONLY,train
RMVM_S_b7f0e115bf,Lời Tạm Biệt,buitruonglinh,ART_625a05e110,POP_BALLAD,deterministic_mapping,1.0,,,unavailable,data/lyrics/RMVM_S_b7f0e115bf.txt,verified_local,,unavailable,,missing,TIER_A,LYRICS_ONLY,train
RMVM_S_b7f3082532,Bên Em Mùa Xuân (Remix),"Mai Tiến Đạt, CT",ART_3800df12dd,POP_BALLAD,deterministic_mapping,1.0,,,unavailable,,unavailable,data/covers/RMVM_S_b7f3082532.jpg,verified_local,,missing,TIER_A,COVER_ONLY,train
RMVM_S_b809709f68,Cần Một Lý Do (WRC Remix),Khánh Cường,ART_b62c1d5ffa,DANCE_EDM,deterministic_mapping,1.0,,,unavailable,,unavailable,data/covers/RMVM_S_b809709f68.jpg,verified_local,,missing,TIER_A,COVER_ONLY,train
RMVM_S_b817082c9c,Đời Trai Lênh Đênh 2 (NMG REMIX),"ZIN MEDIA, TLong",ART_a4682e4a6a,DANCE_EDM,deterministic_mapping,1.0,,,unavailable,data/lyrics/RMVM_S_b817082c9c.txt,verified_local,,unavailable,,missing,TIER_A,LYRICS_ONLY,train
RMVM_S_b84345df83,Duyên Số Cầm Ca,Nhật Kim Anh,ART_8f5deabde4,POP_BALLAD,deterministic_mapping,1.0,,,unavailable,data/lyrics/RMVM_S_b84345df83.txt,verified_local,,unavailable,,missing,TIER_A,LYRICS_ONLY,train
RMVM_S_b85ec5b41d,Anh Chỉ Mơ Có Em,"Công Danh, Y Điêu",ART_5aa245b0bd,POP_BALLAD,deterministic_mapping,1.0,,,unavailable,data/lyrics/RMVM_S_b85ec5b41d.txt,verified_local,,unavailable,,missing,TIER_A,LYRICS_ONLY,train
RMVM_S_b877bc33b6,Không Tiền Bậu Nói Ai Nghe,Ngọc Khang,ART_c7bb8de2d5,BOLERO_TRUTINH,deterministic_mapping,1.0,,,unavailable,data/lyrics/RMVM_S_b877bc33b6.txt,verified_local,data/covers/RMVM_S_b877bc33b6.jpg,verified_local,,missing,TIER_A,LYRICS_COVER,train
RMVM_S_b888b00842,Người Yêu Mới (Acoustic),Jaigon Orchestra,ART_79108406c9,ROCK,deterministic_mapping,1.0,,,unavailable,,unavailable,data/covers/RMVM_S_b888b00842.jpg,verified_local,,missing,TIER_A,COVER_ONLY,train
RMVM_S_b89ba7acba,Chừng Nào Cưới,"Phạm Đình Thái Ngân, Lăng LD",ART_d5ce6102dd,POP_BALLAD,deterministic_mapping,1.0,,,unavailable,data/lyrics/RMVM_S_b89ba7acba.txt,verified_local,,unavailable,,missing,TIER_A,LYRICS_ONLY,train
RMVM_S_b8ab6b3b5a,Anh Của Hiện Tại,Kayshi,ART_2fc5f26614,RAP_HIPHOP,deterministic_mapping,1.0,,,unavailable,data/lyrics/RMVM_S_b8ab6b3b5a.txt,verified_local,data/covers/RMVM_S_b8ab6b3b5a.jpg,verified_local,,missing,TIER_A,LYRICS_COVER,train
RMVM_S_b8c62d3deb,Xa Vắng,Bằng Cường,ART_92092d6cfb,POP_BALLAD,deterministic_mapping,1.0,,,unavailable,data/lyrics/RMVM_S_b8c62d3deb.txt,verified_local,,unavailable,,missing,TIER_A,LYRICS_ONLY,train
RMVM_S_b8cdf33f71,Nếu Mình Yêu Nhau,"CM1X, Quỳnh Gai, Daeron",ART_5f8d2844db,POP_BALLAD,deterministic_mapping,1.0,,,unavailable,data/lyrics/RMVM_S_b8cdf33f71.txt,verified_local,data/covers/RMVM_S_b8cdf33f71.jpg,verified_local,,missing,TIER_A,LYRICS_COVER,train
RMVM_S_b8df290d62,Xem Như Anh Chẳng May - Ngọt Ngào Đến Mấy Cũng Tan Thành Mây (Remix),"Nhật Tinh Anh, Trung Ngon",ART_3737550eba,DANCE_EDM,deterministic_mapping,1.0,,,unavailable,data/lyrics/RMVM_S_b8df290d62.txt,verified_local,,unavailable,,missing,TIER_A,LYRICS_ONLY,train
RMVM_S_b8e0bb7f4c,Con Là Ai Mẹ Ơi,Quang Mask,ART_188dceadf2,POP_BALLAD,deterministic_mapping,1.0,,,unavailable,data/lyrics/RMVM_S_b8e0bb7f4c.txt,verified_local,data/covers/RMVM_S_b8e0bb7f4c.jpg,verified_local,,missing,TIER_A,LYRICS_COVER,train
RMVM_S_b8e22a6324,Bóng Chiều Tà,Trần Thái Hòa,ART_1b610001da,INSTRUMENTAL,source_tag_verification,0.85,,,unavailable,data/lyrics/RMVM_S_b8e22a6324.txt,verified_local,,unavailable,,missing,TIER_B,LYRICS_ONLY,train
RMVM_S_b8e28fc148,Đừng Nhìn Em Khóc Mới Biết Em Đau (Cover),Ngô Thủy,ART_5fb2b91c7b,POP_BALLAD,deterministic_mapping,1.0,,,unavailable,data/lyrics/RMVM_S_b8e28fc148.txt,verified_local,,unavailable,,missing,TIER_A,LYRICS_ONLY,train
RMVM_S_b8f38d3403,Chỉ Còn Lại Kí Ức (NMG REMIX),"ZIN MEDIA, Phát Huy T4",ART_0c113901a2,DANCE_EDM,deterministic_mapping,1.0,,,unavailable,data/lyrics/RMVM_S_b8f38d3403.txt,verified_local,data/covers/RMVM_S_b8f38d3403.jpg,verified_local,,missing,TIER_A,LYRICS_COVER,train
RMVM_S_b8f50ca723,Thế Giới Còn Mình Em,Phạm Đình Thái Ngân,ART_317bd50d6c,POP_BALLAD,deterministic_mapping,1.0,,,unavailable,data/lyrics/RMVM_S_b8f50ca723.txt,verified_local,,unavailable,,missing,TIER_A,LYRICS_ONLY,train
RMVM_S_b90764e354,Đây Chính Là Nhảy Đường Phố,Yuno Bigboi,ART_9adb734ee3,RAP_HIPHOP,deterministic_mapping,1.0,,,unavailable,data/lyrics/RMVM_S_b90764e354.txt,verified_local,,unavailable,,missing,TIER_A,LYRICS_ONLY,train
RMVM_S_b91762c950,Giấc Mơ Tuổi Thơ,"Lil Shady, Zenky, Diby",ART_57255ddf32,POP_BALLAD,deterministic_mapping,1.0,,,unavailable,data/lyrics/RMVM_S_b91762c950.txt,verified_local,,unavailable,,missing,TIER_A,LYRICS_ONLY,train
RMVM_S_b91c556525,Liên Khúc Làng Quan Họ Quê Tôi,Mỹ Anh,ART_5fed28340d,BOLERO_TRUTINH,deterministic_mapping,1.0,,,unavailable,data/lyrics/RMVM_S_b91c556525.txt,verified_local,,unavailable,,missing,TIER_A,LYRICS_ONLY,train
RMVM_S_b92256cd47,Chiều Mưa Trên Phố,Ron Phan,ART_ac890b0bfe,RB_SOUL,deterministic_mapping,1.0,,,unavailable,data/lyrics/RMVM_S_b92256cd47.txt,verified_local,,unavailable,,missing,TIER_A,LYRICS_ONLY,train
RMVM_S_b932ddc27b,Chưa Từng “Người Yêu Cũ” Của Ai,Shine Thành Anh,ART_1d24e4ba66,POP_BALLAD,deterministic_mapping,1.0,,,unavailable,data/lyrics/RMVM_S_b932ddc27b.txt,verified_local,,unavailable,,missing,TIER_A,LYRICS_ONLY,train
RMVM_S_b947a00854,Cô Em Gì Ơi,B-Eazy,ART_eab7b251a5,POP_BALLAD,deterministic_mapping,1.0,,,unavailable,data/lyrics/RMVM_S_b947a00854.txt,verified_local,,unavailable,,missing,TIER_A,LYRICS_ONLY,train
RMVM_S_b980ce5408,Liên Khúc Thành Phố Mưa Bay,"Khánh Bình, Trường Sang, Nguyễn Hân",ART_ab5fba64bf,BOLERO_TRUTINH,deterministic_mapping,1.0,,,unavailable,data/lyrics/RMVM_S_b980ce5408.txt,verified_local,,unavailable,,missing,TIER_A,LYRICS_ONLY,train
RMVM_S_b98c14a2cf,Vọng Cổ Tình Xuân,Hằng Ni,ART_7c47accb35,BOLERO_TRUTINH,deterministic_mapping,1.0,,,unavailable,data/lyrics/RMVM_S_b98c14a2cf.txt,verified_local,,unavailable,,missing,TIER_A,LYRICS_ONLY,train
RMVM_S_b98cb6b9e1,Bài Không Tên Cuối Cùng,Nguyễn Hồng Ân,ART_7633be609c,POP_BALLAD,deterministic_mapping,1.0,,,unavailable,data/lyrics/RMVM_S_b98cb6b9e1.txt,verified_local,,unavailable,,missing,TIER_A,LYRICS_ONLY,train
RMVM_S_b991cea6f4,Dấu Phố Em Qua (Live Version),Hà Anh Tuấn,ART_5f4543f12f,POP_BALLAD,deterministic_mapping,1.0,,,unavailable,data/lyrics/RMVM_S_b991cea6f4.txt,verified_local,,unavailable,,missing,TIER_A,LYRICS_ONLY,train
RMVM_S_b99cb703b8,123 Em Yêu Anh,Trương Linh Đan,ART_8f75fc965b,POP_BALLAD,deterministic_mapping,1.0,,,unavailable,data/lyrics/RMVM_S_b99cb703b8.txt,verified_local,,unavailable,,missing,TIER_A,LYRICS_ONLY,train
RMVM_S_b9a6ae82f8,Người Đẹp,Tóc Tiên,ART_0078d1d8e6,INSTRUMENTAL,source_tag_verification,0.85,,,unavailable,data/lyrics/RMVM_S_b9a6ae82f8.txt,verified_local,,unavailable,,missing,TIER_B,LYRICS_ONLY,train
RMVM_S_b9cea0efd9,Ước Mơ Của Bạn,"Chung Thanh Duy, Hamin, Konis Williams",ART_eec71ee036,POP_BALLAD,deterministic_mapping,1.0,,,unavailable,data/lyrics/RMVM_S_b9cea0efd9.txt,verified_local,,unavailable,,missing,TIER_A,LYRICS_ONLY,train
RMVM_S_b9d7f53e78,Gặp Lại Ta Sẽ,"Pyshu, SG Prider",ART_019c01e0e3,POP_BALLAD,deterministic_mapping,1.0,,,unavailable,data/lyrics/RMVM_S_b9d7f53e78.txt,verified_local,,unavailable,,missing,TIER_A,LYRICS_ONLY,train
RMVM_S_b9ec140273,Cô Gái Sầm Nưa,"Lê Ngọc Thúy, Đào Mác",ART_23ad5e6b78,BOLERO_TRUTINH,deterministic_mapping,0.85,,,unavailable,,unavailable,,unavailable,,missing,TIER_B,METADATA_ONLY,train
RMVM_S_ba085eb3df,Ngày Đẹp Trời Ngày Anh Có Em,GMEZ,ART_0a198681de,POP_BALLAD,deterministic_mapping,1.0,,,unavailable,,unavailable,data/covers/RMVM_S_ba085eb3df.jpg,verified_local,,missing,TIER_A,COVER_ONLY,train
RMVM_S_ba0910db52,Tình Ca Muôn Thuở,Ái Vân,ART_40e372afc0,INSTRUMENTAL,source_tag_verification,0.85,,,unavailable,data/lyrics/RMVM_S_ba0910db52.txt,verified_local,,unavailable,,missing,TIER_B,LYRICS_ONLY,train
RMVM_S_ba2ab637a5,Lời Sám Hối Của Con,Trinh Nguyễn,ART_d9e8c490c5,OTHER,curated_out_of_taxonomy,0.9,Religious / Sacred spiritual Vietnamese music,,unavailable,,unavailable,,unavailable,,missing,TIER_B,METADATA_ONLY,train
RMVM_S_ba48063124,Vậy Là Em Sai,Ca Ca,ART_879d5f316c,POP_BALLAD,deterministic_mapping,0.85,,,unavailable,,unavailable,,unavailable,,missing,TIER_B,METADATA_ONLY,train
RMVM_S_ba5c1e9c03,Cuộc Sống Vô Thường,Huệ Ngọc Nhã,ART_45e3f480f8,BOLERO_TRUTINH,deterministic_mapping,1.0,,,unavailable,,unavailable,data/covers/RMVM_S_ba5c1e9c03.jpg,verified_local,,missing,TIER_A,COVER_ONLY,train
RMVM_S_ba5dc59ab5,Con Tim Doi Mau,"Dewie, Trash Dee",ART_412d13741f,POP_BALLAD,deterministic_mapping,1.0,,,unavailable,data/lyrics/RMVM_S_ba5dc59ab5.txt,verified_local,,unavailable,,missing,TIER_A,LYRICS_ONLY,train
RMVM_S_ba6e2ac887,Anh Ra Đi Mùa Nắng,Hồng Xương Long,ART_33aaed29df,POP_BALLAD,deterministic_mapping,1.0,,,unavailable,data/lyrics/RMVM_S_ba6e2ac887.txt,verified_local,,unavailable,,missing,TIER_A,LYRICS_ONLY,train
RMVM_S_ba6fde221c,Anh Chỉ Cần Có Em,Trương Quốc Quý,ART_13cc3a5d8f,POP_BALLAD,deterministic_mapping,1.0,,,unavailable,data/lyrics/RMVM_S_ba6fde221c.txt,verified_local,,unavailable,,missing,TIER_A,LYRICS_ONLY,train
RMVM_S_ba71df8ffa,Ác Ma Đến Từ Thiên Đường,Thái Quỳnh,ART_b7deac8c97,POP_BALLAD,deterministic_mapping,1.0,,,unavailable,data/lyrics/RMVM_S_ba71df8ffa.txt,verified_local,,unavailable,,missing,TIER_A,LYRICS_ONLY,train
RMVM_S_ba8709d58e,Đừng Về Bên Anh (WRC Remix),Thiên Tú,ART_b0af0bf20e,POP_BALLAD,deterministic_mapping,1.0,,,unavailable,data/lyrics/RMVM_S_ba8709d58e.txt,verified_local,data/covers/RMVM_S_ba8709d58e.jpg,verified_local,,missing,TIER_A,LYRICS_COVER,train
RMVM_S_ba8923e5fe,Người Tình Dấu Yêu,"Cao Duy, Thủy Tiên",ART_ea37421384,POP_BALLAD,deterministic_mapping,1.0,,,unavailable,data/lyrics/RMVM_S_ba8923e5fe.txt,verified_local,,unavailable,,missing,TIER_A,LYRICS_ONLY,train
RMVM_S_ba913dac30,Cho Tình Yêu Quay Về,Đức Tuấn,ART_326eb740ca,POP_BALLAD,deterministic_mapping,1.0,,,unavailable,data/lyrics/RMVM_S_ba913dac30.txt,verified_local,,unavailable,,missing,TIER_A,LYRICS_ONLY,train
RMVM_S_ba9562c6d7,Dạo Này Anh Thế Nào (DJ Edmmoon 2K Remix),"Tuyết Mai, Nguyễn Bá Hùng",ART_e011eea8b5,POP_BALLAD,deterministic_mapping,1.0,,,unavailable,,unavailable,data/covers/RMVM_S_ba9562c6d7.jpg,verified_local,,missing,TIER_A,COVER_ONLY,train
RMVM_S_baa7c878a1,Bài Valse Buồn Cho Em,Thu Minh,ART_cddf8d82c0,BOLERO_TRUTINH,deterministic_mapping,1.0,,,unavailable,,unavailable,data/covers/RMVM_S_baa7c878a1.jpg,verified_local,,missing,TIER_A,COVER_ONLY,train
RMVM_S_baa8f9c128,Bài Nhạc Tình Khó Viết,Đăng Nguyên,ART_551e5c9c86,POP_BALLAD,deterministic_mapping,1.0,,,unavailable,data/lyrics/RMVM_S_baa8f9c128.txt,verified_local,,unavailable,,missing,TIER_A,LYRICS_ONLY,train
RMVM_S_babfd67b91,Đố Anh Quên Được Em,LONA,ART_6430f44686,POP_BALLAD,deterministic_mapping,1.0,,,unavailable,data/lyrics/RMVM_S_babfd67b91.txt,verified_local,,unavailable,,missing,TIER_A,LYRICS_ONLY,train
RMVM_S_bad073b181,Bài Cho Em,Xuân Phú,ART_757fe4b862,BOLERO_TRUTINH,deterministic_mapping,1.0,,,unavailable,data/lyrics/RMVM_S_bad073b181.txt,verified_local,,unavailable,,missing,TIER_A,LYRICS_ONLY,train
RMVM_S_baeaf38baf,Liên Khúc Người Thương Kẻ Nhớ,"Đăng Nguyên, Tống Sỹ Đông",ART_a3d90022fa,BOLERO_TRUTINH,deterministic_mapping,1.0,,,unavailable,data/lyrics/RMVM_S_baeaf38baf.txt,verified_local,,unavailable,,missing,TIER_A,LYRICS_ONLY,train
RMVM_S_bb0058b9a9,Duyên Kiếp Lỡ Làng,Diễm Thùy,ART_b4d32ccd24,BOLERO_TRUTINH,deterministic_mapping,1.0,,,unavailable,data/lyrics/RMVM_S_bb0058b9a9.txt,verified_local,,unavailable,,missing,TIER_A,LYRICS_ONLY,train
RMVM_S_bb2ec916cb,Hạnh Phúc Đầy,Lương Gia Hùng,ART_b70987d85c,POP_BALLAD,deterministic_mapping,1.0,,,unavailable,data/lyrics/RMVM_S_bb2ec916cb.txt,verified_local,,unavailable,,missing,TIER_A,LYRICS_ONLY,train
RMVM_S_bb4efb9866,Anh Tin Mình Đã Cho Nhau 1 Kỉ Niệm (Prod.by Pharreal Phương & Dsmall),Nhiều nghệ sĩ,ART_736b531937,POP_BALLAD,deterministic_mapping,1.0,,,unavailable,data/lyrics/RMVM_S_bb4efb9866.txt,verified_local,data/covers/RMVM_S_bb4efb9866.jpg,verified_local,2017.0,verified,TIER_A,LYRICS_COVER,train
RMVM_S_bb4fbc4927,Chuyện Nắng Mưa (Remix Version),"Khởi My, Kelvin Khánh",ART_86ff0b61f7,POP_BALLAD,deterministic_mapping,1.0,,,unavailable,data/lyrics/RMVM_S_bb4fbc4927.txt,verified_local,,unavailable,,missing,TIER_A,LYRICS_ONLY,train
RMVM_S_bb510bc869,Bình Yên Ơi,"Nguyễn Hoàng Nam, Tina Ngọc Nữ",ART_f3b12270bc,POP_BALLAD,deterministic_mapping,1.0,,,unavailable,data/lyrics/RMVM_S_bb510bc869.txt,verified_local,,unavailable,,missing,TIER_A,LYRICS_ONLY,train
RMVM_S_bb655b0d09,Cám Ơn Em Đã Yêu Anh,The Men,ART_bbb595b853,POP_BALLAD,deterministic_mapping,0.85,,,unavailable,,unavailable,,unavailable,,missing,TIER_B,METADATA_ONLY,train
RMVM_S_bb8be3f74c,Kể Từ Đêm Đó (Live),Giao Linh,ART_fb73e2faef,BOLERO_TRUTINH,deterministic_mapping,1.0,,,unavailable,data/lyrics/RMVM_S_bb8be3f74c.txt,verified_local,,unavailable,,missing,TIER_A,LYRICS_ONLY,train
RMVM_S_bba1804869,Ghen Tuông Vợ Chồng,"Vũ Hoàng, Thạch Thảo",ART_98bbd428dd,BOLERO_TRUTINH,deterministic_mapping,1.0,,,unavailable,data/lyrics/RMVM_S_bba1804869.txt,verified_local,,unavailable,,missing,TIER_A,LYRICS_ONLY,train
RMVM_S_bbca419bf2,Nắng Lên Xóm Nghèo,Bảo Hân Bolero,ART_f69e0baf38,BOLERO_TRUTINH,deterministic_mapping,1.0,,,unavailable,data/lyrics/RMVM_S_bbca419bf2.txt,verified_local,,unavailable,,missing,TIER_A,LYRICS_ONLY,train
RMVM_S_bc0348ccd7,Mệt Chưa Anh Về Đây? (BLUE REMIX),"ZIN MEDIA, Hana Cẩm Tiên",ART_021e13f7c9,DANCE_EDM,deterministic_mapping,1.0,,,unavailable,data/lyrics/RMVM_S_bc0348ccd7.txt,verified_local,data/covers/RMVM_S_bc0348ccd7.jpg,verified_local,,missing,TIER_A,LYRICS_COVER,train
RMVM_S_bc32f19b56,Điều Gì Anh Đang Tìm Kiếm,Dương Nhân Trung,ART_bf347f5a8f,POP_BALLAD,deterministic_mapping,1.0,,,unavailable,data/lyrics/RMVM_S_bc32f19b56.txt,verified_local,,unavailable,,missing,TIER_A,LYRICS_ONLY,train
RMVM_S_bc54fe90b6,LK Đêm Giao Thừa Nghe Một Khúc Dân Ca - Tết Phát Tài (Remix),Cao Thiên Vũ,ART_5a3ac2c4b1,POP_BALLAD,deterministic_mapping,1.0,,,unavailable,data/lyrics/RMVM_S_bc54fe90b6.txt,verified_local,data/covers/RMVM_S_bc54fe90b6.jpg,verified_local,,missing,TIER_A,LYRICS_COVER,train
RMVM_S_bc5fbdc406,Đâu Ai Một Đời Yêu Ai,Thành Đại Siêu,ART_b2e564a75e,POP_BALLAD,deterministic_mapping,1.0,,,unavailable,data/lyrics/RMVM_S_bc5fbdc406.txt,verified_local,data/covers/RMVM_S_bc5fbdc406.jpg,verified_local,,missing,TIER_A,LYRICS_COVER,train
RMVM_S_bc62d33448,Biết Yêu Thật Nhiều,"Sean, Lemese",ART_9997b140aa,POP_BALLAD,deterministic_mapping,1.0,,,unavailable,data/lyrics/RMVM_S_bc62d33448.txt,verified_local,data/covers/RMVM_S_bc62d33448.jpg,verified_local,,missing,TIER_A,LYRICS_COVER,train
RMVM_S_bc636cffa9,Đứt Đoạn Duyên Tình (VisconC Remix),"Duy Minh, KxK, HOA HỒNG DẠI MUSIC",ART_0633dd4473,DANCE_EDM,deterministic_mapping,1.0,,,unavailable,data/lyrics/RMVM_S_bc636cffa9.txt,verified_local,,unavailable,,missing,TIER_A,LYRICS_ONLY,train
RMVM_S_bc9481c4e5,Có Phải Em Đổi Thay (Beat),Vân Du,ART_a948da70c9,POP_BALLAD,deterministic_mapping,1.0,,,unavailable,data/lyrics/RMVM_S_bc9481c4e5.txt,verified_local,,unavailable,,missing,TIER_A,LYRICS_ONLY,train
RMVM_S_bc9abc96c8,Cháu Xin Lỗi Chú,"Linh Thộn, Gia Nghi",ART_4b31b9eac2,RAP_HIPHOP,deterministic_mapping,1.0,,,unavailable,data/lyrics/RMVM_S_bc9abc96c8.txt,verified_local,data/covers/RMVM_S_bc9abc96c8.jpg,verified_local,,missing,TIER_A,LYRICS_COVER,train
RMVM_S_bcb9b104ba,Anh Em Một Lòng Có Nhau (Remix),"Dương Minh Kiệt, Trịnh Tuấn Vỹ",ART_53427fae6c,POP_BALLAD,deterministic_mapping,1.0,,,unavailable,data/lyrics/RMVM_S_bcb9b104ba.txt,verified_local,,unavailable,,missing,TIER_A,LYRICS_ONLY,train
RMVM_S_bcbfb527aa,Em Yêu Xin Đừng Khóc,Lưu Gia Bảo,ART_198f1b2afb,POP_BALLAD,deterministic_mapping,1.0,,,unavailable,data/lyrics/RMVM_S_bcbfb527aa.txt,verified_local,,unavailable,,missing,TIER_A,LYRICS_ONLY,train
RMVM_S_bcc71912b8,Con Tin Nơi Ngài,"Rosa, NT Worship",ART_47b68a7196,OTHER,curated_out_of_taxonomy,0.9,Religious / Sacred spiritual Vietnamese music,,unavailable,,unavailable,data/covers/RMVM_S_bcc71912b8.jpg,verified_local,,missing,TIER_B,COVER_ONLY,train
RMVM_S_bcc72f7c25,Ăn Đi Đừng Sợ,Vicky Nhung,ART_ed59bd9d6c,POP_BALLAD,deterministic_mapping,1.0,,,unavailable,data/lyrics/RMVM_S_bcc72f7c25.txt,verified_local,,unavailable,,missing,TIER_A,LYRICS_ONLY,train
RMVM_S_bccec94e34,Cô Ú Bình Dương,Cô Ú,ART_a27edb69ab,POP_BALLAD,deterministic_mapping,1.0,,,unavailable,data/lyrics/RMVM_S_bccec94e34.txt,verified_local,,unavailable,,missing,TIER_A,LYRICS_ONLY,train
RMVM_S_bce616bfd4,Một Ngày Yêu,Tóc Tiên,ART_0078d1d8e6,INSTRUMENTAL,source_tag_verification,0.85,,,unavailable,data/lyrics/RMVM_S_bce616bfd4.txt,verified_local,,unavailable,,missing,TIER_B,LYRICS_ONLY,train
RMVM_S_bcf8640aa0,Lắng Nghe Mùa Xuân Về (KBTL Remix),"BeeBoss, Châu Ngọc Lan",ART_43e14dec39,POP_BALLAD,deterministic_mapping,1.0,,,unavailable,data/lyrics/RMVM_S_bcf8640aa0.txt,verified_local,,unavailable,,missing,TIER_A,LYRICS_ONLY,train
RMVM_S_bd10ebebb6,Người Anh Yêu Nhất,Đinh Đại Vũ,ART_206f2813bd,POP_BALLAD,deterministic_mapping,1.0,,,unavailable,data/lyrics/RMVM_S_bd10ebebb6.txt,verified_local,,unavailable,,missing,TIER_A,LYRICS_ONLY,train
RMVM_S_bd33a807d7,Liên Khúc Giấc Ngủ Đầu Nôi,Đoàn Minh,ART_c5309905bb,BOLERO_TRUTINH,deterministic_mapping,1.0,,,unavailable,data/lyrics/RMVM_S_bd33a807d7.txt,verified_local,,unavailable,,missing,TIER_A,LYRICS_ONLY,train
RMVM_S_bd4b1d471e,Em là của anh (Remix),"Hồ Việt Trung, Hồ Quang Hiếu, DJ Leek 54",ART_6574bb83d9,DANCE_EDM,deterministic_mapping,1.0,,,unavailable,data/lyrics/RMVM_S_bd4b1d471e.txt,verified_local,,unavailable,,missing,TIER_A,LYRICS_ONLY,train
RMVM_S_bd515cb2b5,Than Trách Duyên Phận,Mai Lệ Quyên,ART_fe22d84e12,BOLERO_TRUTINH,deterministic_mapping,1.0,,,unavailable,data/lyrics/RMVM_S_bd515cb2b5.txt,verified_local,,unavailable,,missing,TIER_A,LYRICS_ONLY,train
RMVM_S_bd56b53fe0,Bước Chân Người Miền Trung,Trung Nghĩa,ART_40c879c33a,BOLERO_TRUTINH,deterministic_mapping,1.0,,,unavailable,data/lyrics/RMVM_S_bd56b53fe0.txt,verified_local,,unavailable,,missing,TIER_A,LYRICS_ONLY,train
RMVM_S_bd673875ec,Khoảng Cách Anh Và Em,Đoàn Tuấn,ART_0af4859032,POP_BALLAD,deterministic_mapping,1.0,,,unavailable,data/lyrics/RMVM_S_bd673875ec.txt,verified_local,,unavailable,,missing,TIER_A,LYRICS_ONLY,train
RMVM_S_bd85e96dea,Tình Quay Gót,Huy Tâm,ART_673e349b6c,POP_BALLAD,deterministic_mapping,0.85,,,unavailable,,unavailable,,unavailable,,missing,TIER_B,METADATA_ONLY,train
RMVM_S_bd946aa66f,Mưa Đêm,B.O.M,ART_bf00ff36c1,POP_BALLAD,deterministic_mapping,0.85,,,unavailable,,unavailable,,unavailable,,missing,TIER_B,METADATA_ONLY,train
RMVM_S_bda26c309d,Lỗi Do Anh Mà (Tình Yêu Dối Lừa OST) (Đại Mèo Remix),"Anh Tài, Đỗ Thụy Khanh, BMZ",ART_e8b81c0bc3,OTHER,curated_out_of_taxonomy,0.9,Film Soundtrack / OST composition,,unavailable,,unavailable,,unavailable,,missing,TIER_B,METADATA_ONLY,train
RMVM_S_bdaa009d6c,Cuối Cùng Anh Cũng Đến,Hari Won,ART_3fb74c401e,POP_BALLAD,deterministic_mapping,1.0,,,unavailable,data/lyrics/RMVM_S_bdaa009d6c.txt,verified_local,,unavailable,,missing,TIER_A,LYRICS_ONLY,train
RMVM_S_bdb9541e59,Anh Cố Quên Em,Vân Quang Long,ART_a625dedbca,POP_BALLAD,deterministic_mapping,1.0,,,unavailable,data/lyrics/RMVM_S_bdb9541e59.txt,verified_local,,unavailable,,missing,TIER_A,LYRICS_ONLY,train
RMVM_S_bdc2376514,Có Ai Quên Tình Đầu,Zick Phạm,ART_a23a2e76df,POP_BALLAD,deterministic_mapping,1.0,,,unavailable,data/lyrics/RMVM_S_bdc2376514.txt,verified_local,,unavailable,,missing,TIER_A,LYRICS_ONLY,train
RMVM_S_bdc9dccaaf,Chuyện Tình Nghèo,"Đăng Nguyên, Quỳnh Vy",ART_e08e9057cc,BOLERO_TRUTINH,deterministic_mapping,1.0,,,unavailable,data/lyrics/RMVM_S_bdc9dccaaf.txt,verified_local,,unavailable,,missing,TIER_A,LYRICS_ONLY,train
RMVM_S_bdccfafb87,Mong Kiếp Sau Vẫn Là Anh Em,"Lưu Hưng, Dương Ngọc Thái",ART_5d777abe4d,POP_BALLAD,deterministic_mapping,1.0,,,unavailable,data/lyrics/RMVM_S_bdccfafb87.txt,verified_local,,unavailable,,missing,TIER_A,LYRICS_ONLY,train
RMVM_S_bdd767d252,Anh Em Hãy Cho Họ Ăn,Lưu Bá Vĩnh,ART_e372d11445,OTHER,curated_out_of_taxonomy,0.9,Religious / Sacred spiritual Vietnamese music,,unavailable,,unavailable,,unavailable,,missing,TIER_B,METADATA_ONLY,train
RMVM_S_be314f7a0a,Ngoan Thì Cái Gì Cũng Có,Billy Hoàng Phong,ART_fe09faf756,POP_BALLAD,deterministic_mapping,1.0,,,unavailable,data/lyrics/RMVM_S_be314f7a0a.txt,verified_local,,unavailable,,missing,TIER_A,LYRICS_ONLY,train
RMVM_S_be4c3c8fb4,Vầng Trăng Cô Đơn,HA Live,ART_c6e8e9559d,BOLERO_TRUTINH,deterministic_mapping,1.0,,,unavailable,data/lyrics/RMVM_S_be4c3c8fb4.txt,verified_local,data/covers/RMVM_S_be4c3c8fb4.jpg,verified_local,,missing,TIER_A,LYRICS_COVER,train
RMVM_S_be91e3a215,Anh Thương Em Thế Đủ Rồi,Trương Khải Minh,ART_170a8920b9,POP_BALLAD,deterministic_mapping,1.0,,,unavailable,data/lyrics/RMVM_S_be91e3a215.txt,verified_local,,unavailable,,missing,TIER_A,LYRICS_ONLY,train
RMVM_S_be9860ff21,Trái Tim Tan Nát,Thu Phương,ART_4933834873,POP_BALLAD,deterministic_mapping,1.0,,,unavailable,data/lyrics/RMVM_S_be9860ff21.txt,verified_local,,unavailable,,missing,TIER_A,LYRICS_ONLY,train
RMVM_S_be9da7445d,Niệm Khúc Cuối,Dalena,ART_8c9420e266,INSTRUMENTAL,source_tag_verification,0.85,,,unavailable,data/lyrics/RMVM_S_be9da7445d.txt,verified_local,data/covers/RMVM_S_be9da7445d.jpg,verified_local,,missing,TIER_B,LYRICS_COVER,train
RMVM_S_beb8fafe4e,Liên Khúc Ai Đưa Em Về - Mùa Thu Lá Bay,Bằng Cường,ART_92092d6cfb,RB_SOUL,deterministic_mapping,1.0,,,unavailable,,unavailable,data/covers/RMVM_S_beb8fafe4e.jpg,verified_local,,missing,TIER_A,COVER_ONLY,train
RMVM_S_bebfee5490,Em Phải Tin Vào Điều Đó,"Như Loan, Lương Tùng Quang",ART_6e14e00df0,INSTRUMENTAL,source_tag_verification,0.85,,,unavailable,data/lyrics/RMVM_S_bebfee5490.txt,verified_local,,unavailable,,missing,TIER_B,LYRICS_ONLY,train
RMVM_S_bec01bd306,Intro: Em đi chùa Hương & Về nhà ăn Tết & Mùa xuân ơi,Nhiều nghệ sĩ,ART_736b531937,POP_BALLAD,deterministic_mapping,1.0,,,unavailable,data/lyrics/RMVM_S_bec01bd306.txt,verified_local,,unavailable,,missing,TIER_A,LYRICS_ONLY,train
RMVM_S_bed85ecaac,Bức Họa Đồng Quê,Nhiều nghệ sĩ,ART_736b531937,BOLERO_TRUTINH,deterministic_mapping,1.0,,,unavailable,data/lyrics/RMVM_S_bed85ecaac.txt,verified_local,,unavailable,,missing,TIER_A,LYRICS_ONLY,train
RMVM_S_bee39b20ad,Hoa Cưới,Đạt Long Vinh,ART_a0ffd3fdc0,POP_BALLAD,deterministic_mapping,0.85,,,unavailable,,unavailable,,unavailable,,missing,TIER_B,METADATA_ONLY,train
RMVM_S_bee78e8609,Nỗi Buồn Không Tên,Quốc Đại,ART_dd18f9eda0,BOLERO_TRUTINH,deterministic_mapping,1.0,,,unavailable,data/lyrics/RMVM_S_bee78e8609.txt,verified_local,,unavailable,,missing,TIER_A,LYRICS_ONLY,train
RMVM_S_bf0e95da16,Mỉm Cười Khi Anh Ra Đi,Đông Nhi,ART_ced5e40c9a,POP_BALLAD,deterministic_mapping,1.0,,,unavailable,data/lyrics/RMVM_S_bf0e95da16.txt,verified_local,data/covers/RMVM_S_bf0e95da16.jpg,verified_local,,missing,TIER_A,LYRICS_COVER,train
RMVM_S_bf25501d4b,Đâu Ai Vì Nhau,"Khánh Đala, Tống Yến Nhi",ART_84f7890bfa,POP_BALLAD,deterministic_mapping,1.0,,,unavailable,data/lyrics/RMVM_S_bf25501d4b.txt,verified_local,,unavailable,,missing,TIER_A,LYRICS_ONLY,train
RMVM_S_bf29e59217,Đợi Người Phương Xa,Mai Tiến Đạt,ART_b32a9f66e8,POP_BALLAD,deterministic_mapping,1.0,,,unavailable,data/lyrics/RMVM_S_bf29e59217.txt,verified_local,,unavailable,,missing,TIER_A,LYRICS_ONLY,train
RMVM_S_bf7511b9f7,Cô Gái Với Nụ Cười Việt Nam,Tạ Quang Thắng,ART_bec222c5a5,POP_BALLAD,deterministic_mapping,1.0,,,unavailable,data/lyrics/RMVM_S_bf7511b9f7.txt,verified_local,,unavailable,,missing,TIER_A,LYRICS_ONLY,train
RMVM_S_bf7dc32b89,Anh Vẫn Phía Sau Em Mà,Khánh Trần Rio,ART_cba9d89142,POP_BALLAD,deterministic_mapping,1.0,,,unavailable,data/lyrics/RMVM_S_bf7dc32b89.txt,verified_local,,unavailable,,missing,TIER_A,LYRICS_ONLY,train
RMVM_S_bf83c990a8,Cố Gắng Vô Hình,Vương Anh Tú,ART_b5427a3989,POP_BALLAD,deterministic_mapping,1.0,,,unavailable,data/lyrics/RMVM_S_bf83c990a8.txt,verified_local,,unavailable,,missing,TIER_A,LYRICS_ONLY,train
RMVM_S_bf9e079f71,Trưng Vương khung cửa mùa thu,Thanh Tuyền,ART_503bd28963,BOLERO_TRUTINH,deterministic_mapping,0.85,,,unavailable,,unavailable,,unavailable,,missing,TIER_B,METADATA_ONLY,train
RMVM_S_bfc5e335c6,Con Đường Xưa Em Đi (Disco),"Anh Thư, CT",ART_09a712857c,BOLERO_TRUTINH,deterministic_mapping,1.0,,,unavailable,data/lyrics/RMVM_S_bfc5e335c6.txt,verified_local,data/covers/RMVM_S_bfc5e335c6.jpg,verified_local,,missing,TIER_A,LYRICS_COVER,train
RMVM_S_bfd9a6ab46,Kiếp Ve Sầu,"CT Media, Poul Lê",ART_d5ce10e11d,POP_BALLAD,deterministic_mapping,1.0,,,unavailable,data/lyrics/RMVM_S_bfd9a6ab46.txt,verified_local,,unavailable,,missing,TIER_A,LYRICS_ONLY,train
RMVM_S_bfe04a5088,Ai Nhớ Ai Mong,Hồ Kha,ART_590a443e45,POP_BALLAD,deterministic_mapping,1.0,,,unavailable,data/lyrics/RMVM_S_bfe04a5088.txt,verified_local,,unavailable,,missing,TIER_A,LYRICS_ONLY,train
RMVM_S_bfe1a1e4c0,Trách Ai Bây Giờ,"Khưu Huy Vũ, Dương Hồng Loan",ART_838ee0dcd8,CHILDREN,deterministic_mapping,1.0,,,unavailable,data/lyrics/RMVM_S_bfe1a1e4c0.txt,verified_local,data/covers/RMVM_S_bfe1a1e4c0.jpg,verified_local,,missing,TIER_A,LYRICS_COVER,train
RMVM_S_bfe507558a,Dòng Thời Gian (Mùa Viết Tình Ca OST),Isaac,ART_84311803c7,POP_BALLAD,deterministic_mapping,1.0,,,unavailable,data/lyrics/RMVM_S_bfe507558a.txt,verified_local,,unavailable,,missing,TIER_A,LYRICS_ONLY,train
RMVM_S_bfe7bc9140,Chẳng Ai Muốn,"Phan Ngọc Luân, Võ Hạ Trâm",ART_a37d66552e,POP_BALLAD,deterministic_mapping,1.0,,,unavailable,data/lyrics/RMVM_S_bfe7bc9140.txt,verified_local,data/covers/RMVM_S_bfe7bc9140.jpg,verified_local,,missing,TIER_A,LYRICS_COVER,train
RMVM_S_bff82d98e7,Chỉ Khi Mất Đi,Quang Đăng Trần,ART_2df80ffbbc,POP_BALLAD,deterministic_mapping,1.0,,,unavailable,data/lyrics/RMVM_S_bff82d98e7.txt,verified_local,,unavailable,,missing,TIER_A,LYRICS_ONLY,train
RMVM_S_c006d86600,Hãy Là Của Riêng Anh (Remix),"Triệu Minh Đạt, T.2M",ART_9c284c06f7,POP_BALLAD,deterministic_mapping,1.0,,,unavailable,data/lyrics/RMVM_S_c006d86600.txt,verified_local,,unavailable,,missing,TIER_A,LYRICS_ONLY,train
RMVM_S_c02310ebf6,Chỉ Cần Em Luôn Hạnh Phúc,Dương Cao Thắng,ART_058c3a3635,POP_BALLAD,deterministic_mapping,1.0,,,unavailable,data/lyrics/RMVM_S_c02310ebf6.txt,verified_local,,unavailable,,missing,TIER_A,LYRICS_ONLY,train
RMVM_S_c028884e58,Như Áng Mây Trời,Trường Kha,ART_abe0f2439b,BOLERO_TRUTINH,deterministic_mapping,1.0,,,unavailable,data/lyrics/RMVM_S_c028884e58.txt,verified_local,,unavailable,,missing,TIER_A,LYRICS_ONLY,train
RMVM_S_c05bbbf316,Gửi Em (BLUE REMIX),"ZIN MEDIA, Hoa Vinh",ART_8b7274a876,DANCE_EDM,deterministic_mapping,1.0,,,unavailable,data/lyrics/RMVM_S_c05bbbf316.txt,verified_local,,unavailable,,missing,TIER_A,LYRICS_ONLY,train
RMVM_S_c060894eed,Cứ Ngỡ Tình Phôi Phai (Beat),"Dương Hồng Loan, Huỳnh Nguyễn Công Bằng",ART_44fe4615ce,POP_BALLAD,deterministic_mapping,1.0,,,unavailable,,unavailable,,unavailable,,missing,TIER_A,METADATA_ONLY,train
RMVM_S_c0689f5d4e,Biển Cát Nắng Xanh Vàng Trắng,Nguyên Vũ,ART_d4afdf558c,POP_BALLAD,deterministic_mapping,1.0,,,unavailable,data/lyrics/RMVM_S_c0689f5d4e.txt,verified_local,,unavailable,,missing,TIER_A,LYRICS_ONLY,train
RMVM_S_c07df0e154,Thơ Tình Trên Cát,"Quang Vinh, Bảo Thy",ART_410510f5fa,POP_BALLAD,deterministic_mapping,1.0,,,unavailable,data/lyrics/RMVM_S_c07df0e154.txt,verified_local,,unavailable,,missing,TIER_A,LYRICS_ONLY,train
RMVM_S_c08350893b,Xôn Xao Mùa XUân,Lâm Vũ,ART_23de7e84af,BOLERO_TRUTINH,deterministic_mapping,1.0,,,unavailable,data/lyrics/RMVM_S_c08350893b.txt,verified_local,,unavailable,,missing,TIER_A,LYRICS_ONLY,train
RMVM_S_c0a653627b,Người Thế Thay (Remix),Cao Nam Thành,ART_96f1876e49,POP_BALLAD,deterministic_mapping,1.0,,,unavailable,data/lyrics/RMVM_S_c0a653627b.txt,verified_local,,unavailable,,missing,TIER_A,LYRICS_ONLY,train
RMVM_S_c0cdbaab8d,Anh Không Còn Thương,Diễm Hân,ART_c71c1eed39,BOLERO_TRUTINH,deterministic_mapping,1.0,,,unavailable,data/lyrics/RMVM_S_c0cdbaab8d.txt,verified_local,,unavailable,,missing,TIER_A,LYRICS_ONLY,train
RMVM_S_c0fbff2173,Anh Có Tài Mà,Xuân Nghị,ART_fa174418a6,POP_BALLAD,deterministic_mapping,1.0,,,unavailable,data/lyrics/RMVM_S_c0fbff2173.txt,verified_local,,unavailable,,missing,TIER_A,LYRICS_ONLY,train
RMVM_S_c112108367,Nước Mắt Của Mẹ,Diễm Hân,ART_c71c1eed39,POP_BALLAD,deterministic_mapping,1.0,,,unavailable,data/lyrics/RMVM_S_c112108367.txt,verified_local,,unavailable,,missing,TIER_A,LYRICS_ONLY,train
RMVM_S_c125e52b6a,Chiếc Lá Cuối Cùng,Quỳnh Lan,ART_6fa17b2738,BOLERO_TRUTINH,deterministic_mapping,1.0,,,unavailable,data/lyrics/RMVM_S_c125e52b6a.txt,verified_local,data/covers/RMVM_S_c125e52b6a.jpg,verified_local,,missing,TIER_A,LYRICS_COVER,train
RMVM_S_c1370a69ee,Quá Khứ Ngọt Ngào,Trịnh Gia Phúc,ART_de0443a854,POP_BALLAD,deterministic_mapping,1.0,,,unavailable,data/lyrics/RMVM_S_c1370a69ee.txt,verified_local,,unavailable,,missing,TIER_A,LYRICS_ONLY,train
RMVM_S_c13cde9d0b,DUYÊN MỘNG VỠ TAN,Qiti,ART_5340a9cb63,POP_BALLAD,deterministic_mapping,1.0,,,unavailable,data/lyrics/RMVM_S_c13cde9d0b.txt,verified_local,,unavailable,,missing,TIER_A,LYRICS_ONLY,train
RMVM_S_c13f27a29a,Cách Để Quên Một Người,Vũ Phương,ART_4d0d1bc43a,POP_BALLAD,deterministic_mapping,1.0,,,unavailable,data/lyrics/RMVM_S_c13f27a29a.txt,verified_local,,unavailable,,missing,TIER_A,LYRICS_ONLY,train
RMVM_S_c14ebd7277,CÀNG NÍU LẠI CÀNG ĐAU,Việt Anh,ART_5d344f2065,POP_BALLAD,deterministic_mapping,1.0,,,unavailable,data/lyrics/RMVM_S_c14ebd7277.txt,verified_local,,unavailable,,missing,TIER_A,LYRICS_ONLY,train
RMVM_S_c188245748,Có Anh Rồi,"Hạ Vy, Huy Vũ",ART_d20e117ba1,BOLERO_TRUTINH,deterministic_mapping,0.85,,,unavailable,,unavailable,,unavailable,,missing,TIER_B,METADATA_ONLY,train
RMVM_S_c18a50eae3,Ánh Trăng Hòa Bình,Mầm Chồi Lá,ART_b88b9de8d8,CHILDREN,deterministic_mapping,1.0,,,unavailable,data/lyrics/RMVM_S_c18a50eae3.txt,verified_local,,unavailable,,missing,TIER_A,LYRICS_ONLY,train
RMVM_S_c18fc158ab,Gặp Huế Đêm Trăng,Thu Hiền,ART_66084b8a1c,FOLK_TRADITIONAL,artist_discography_verification,0.85,,,unavailable,data/lyrics/RMVM_S_c18fc158ab.txt,verified_local,,unavailable,,missing,TIER_B,LYRICS_ONLY,train
RMVM_S_c19d2d87df,Ngày Mai Sẽ Khác (Cover),Chiến Lê,ART_569dde7423,POP_BALLAD,deterministic_mapping,1.0,,,unavailable,data/lyrics/RMVM_S_c19d2d87df.txt,verified_local,,unavailable,,missing,TIER_A,LYRICS_ONLY,train
RMVM_S_c1a4118ef1,Chiếc Váy Xinh,"Nasty5, WIT",ART_541e1a2aa4,RAP_HIPHOP,deterministic_mapping,1.0,,,unavailable,data/lyrics/RMVM_S_c1a4118ef1.txt,verified_local,,unavailable,,missing,TIER_A,LYRICS_ONLY,train
RMVM_S_c1c35f5c70,Hạnh Phúc Ảo,Bích Ngọc Trân,ART_8f5f52b655,BOLERO_TRUTINH,deterministic_mapping,1.0,,,unavailable,data/lyrics/RMVM_S_c1c35f5c70.txt,verified_local,,unavailable,,missing,TIER_A,LYRICS_ONLY,train
RMVM_S_c1cbd49398,Anh Nhận Yêu Em,"Tripple H, VRT",ART_34d6f5dc00,POP_BALLAD,deterministic_mapping,1.0,,,unavailable,data/lyrics/RMVM_S_c1cbd49398.txt,verified_local,data/covers/RMVM_S_c1cbd49398.jpg,verified_local,,missing,TIER_A,LYRICS_COVER,train
RMVM_S_c1f7417c5a,Cánh Diều Mưa,"Đan Nguyên, Mai Thiên Vân",ART_9b5570127f,INSTRUMENTAL,source_tag_verification,0.85,,,unavailable,data/lyrics/RMVM_S_c1f7417c5a.txt,verified_local,,unavailable,,missing,TIER_B,LYRICS_ONLY,train
RMVM_S_c2456b998f,Nhớ Anh (Đạt R x HHD Remix),"Hà Trâm, Minant, HOA HỒNG DẠI MUSIC",ART_ca1e469f4a,DANCE_EDM,deterministic_mapping,1.0,,,unavailable,data/lyrics/RMVM_S_c2456b998f.txt,verified_local,,unavailable,,missing,TIER_A,LYRICS_ONLY,train
RMVM_S_c245b458d3,Ca Sĩ Nhạc Pop,"OSAD, Captain",ART_2b6dd1d2aa,RB_SOUL,deterministic_mapping,1.0,,,unavailable,data/lyrics/RMVM_S_c245b458d3.txt,verified_local,,unavailable,,missing,TIER_A,LYRICS_ONLY,train
RMVM_S_c24a97c88a,Khóc Vì Đời,Danh Tuấn Trung,ART_61a32cff49,POP_BALLAD,deterministic_mapping,1.0,,,unavailable,data/lyrics/RMVM_S_c24a97c88a.txt,verified_local,,unavailable,,missing,TIER_A,LYRICS_ONLY,train
RMVM_S_c26907b225,Về Đây Với Anh,Winston,ART_a699e3972e,POP_BALLAD,deterministic_mapping,1.0,,,unavailable,data/lyrics/RMVM_S_c26907b225.txt,verified_local,,unavailable,,missing,TIER_A,LYRICS_ONLY,train
RMVM_S_c270d9fcd2,Cô Út Chung Tình,"Lương Minh Đạt, Ngọc Hân",ART_6ca22eb1da,BOLERO_TRUTINH,deterministic_mapping,1.0,,,unavailable,data/lyrics/RMVM_S_c270d9fcd2.txt,verified_local,,unavailable,,missing,TIER_A,LYRICS_ONLY,train
RMVM_S_c27ef1d635,Anh Và Mùa Đông,Đặng Dinh,ART_3da4952e4e,POP_BALLAD,deterministic_mapping,1.0,,,unavailable,data/lyrics/RMVM_S_c27ef1d635.txt,verified_local,,unavailable,,missing,TIER_A,LYRICS_ONLY,train
RMVM_S_c2868aaff2,Mà Vẫn Cô Đơn,"Khải, 14 Casper",ART_76b1e74b3c,POP_BALLAD,deterministic_mapping,1.0,,,unavailable,data/lyrics/RMVM_S_c2868aaff2.txt,verified_local,,unavailable,,missing,TIER_A,LYRICS_ONLY,train
RMVM_S_c28823340d,Vai Áo Phù Sa (Orinn Remix),"Nguyễn Thành Đạt, Orinn",ART_0d5c7ab29e,DANCE_EDM,deterministic_mapping,1.0,,,unavailable,data/lyrics/RMVM_S_c28823340d.txt,verified_local,,unavailable,,missing,TIER_A,LYRICS_ONLY,train
RMVM_S_c28e4933da,Đừng Trách Cha Mẹ Nghèo,Thương Nguyễn,ART_2de0ea5b88,BOLERO_TRUTINH,deterministic_mapping,1.0,,,unavailable,data/lyrics/RMVM_S_c28e4933da.txt,verified_local,,unavailable,,missing,TIER_A,LYRICS_ONLY,train
RMVM_S_c29ade7bef,LK Những Chuyện Tình Mong Manh - Tình Trong Mưa - Chuyện Buồn Tình Yêu - Đồi Thông Hai Mộ,"Hương Lan, Thế Sơn",ART_7aa781790f,BOLERO_TRUTINH,deterministic_mapping,1.0,,,unavailable,data/lyrics/RMVM_S_c29ade7bef.txt,verified_local,,unavailable,,missing,TIER_A,LYRICS_ONLY,train
RMVM_S_c2b9b3db2c,Ngày Nắng Lên Em Lại Đi,Vương Triệu Anh,ART_139e78f8ab,POP_BALLAD,deterministic_mapping,1.0,,,unavailable,data/lyrics/RMVM_S_c2b9b3db2c.txt,verified_local,,unavailable,,missing,TIER_A,LYRICS_ONLY,train
RMVM_S_c2da32ddaf,Người Yêu Của Anh,Thiên Ân,ART_89e0f9fc34,POP_BALLAD,deterministic_mapping,1.0,,,unavailable,data/lyrics/RMVM_S_c2da32ddaf.txt,verified_local,,unavailable,,missing,TIER_A,LYRICS_ONLY,train
RMVM_S_c2e62ba3d8,Khi Cơn Mưa Nhẹ Rơi,"Minh Huy, Pjnboys",ART_0a6a074568,RB_SOUL,deterministic_mapping,1.0,,,unavailable,data/lyrics/RMVM_S_c2e62ba3d8.txt,verified_local,data/covers/RMVM_S_c2e62ba3d8.jpg,verified_local,,missing,TIER_A,LYRICS_COVER,train
RMVM_S_c2f8734bc0,Khoảnh Khắc Đáng Giá Nhất,Ngô Viết Trung,ART_a4cf8d25af,POP_BALLAD,deterministic_mapping,1.0,,,unavailable,data/lyrics/RMVM_S_c2f8734bc0.txt,verified_local,,unavailable,,missing,TIER_A,LYRICS_ONLY,train
RMVM_S_c33fd6077d,Vẫn Mãi Yêu Em,Bằng Kiều,ART_e70c837c14,BOLERO_TRUTINH,deterministic_mapping,1.0,,,unavailable,data/lyrics/RMVM_S_c33fd6077d.txt,verified_local,,unavailable,,missing,TIER_A,LYRICS_ONLY,train
RMVM_S_c3690ec045,Khó Quên Cuộc Tình,"Uyên Trang, Hàn Thái Tú",ART_ca1d37a2f0,POP_BALLAD,deterministic_mapping,1.0,,,unavailable,data/lyrics/RMVM_S_c3690ec045.txt,verified_local,,unavailable,,missing,TIER_A,LYRICS_ONLY,train
RMVM_S_c36a33929e,Những Lời Dối Gian (Cover),Nguyễn Thạc Bảo Ngọc,ART_1641a07cc8,POP_BALLAD,deterministic_mapping,1.0,,,unavailable,data/lyrics/RMVM_S_c36a33929e.txt,verified_local,,unavailable,,missing,TIER_A,LYRICS_ONLY,train
RMVM_S_c37fdc6b53,Bao Đêm Anh Khóc Remix,Lưu Chí Vỹ,ART_cfb9eb0821,POP_BALLAD,deterministic_mapping,1.0,,,unavailable,data/lyrics/RMVM_S_c37fdc6b53.txt,verified_local,,unavailable,,missing,TIER_A,LYRICS_ONLY,train
RMVM_S_c3bbd5d6d2,Liên Khúc Nhạc Xuân Vui Nhộn,"Sarah Đào, Ngũ Long Công Chúa",ART_e255392b12,POP_BALLAD,deterministic_mapping,1.0,,,unavailable,,unavailable,data/covers/RMVM_S_c3bbd5d6d2.jpg,verified_local,,missing,TIER_A,COVER_ONLY,train
RMVM_S_c3c17ad7f2,Nắng Đi Rồi,Ary,ART_9ac7ff63ea,POP_BALLAD,deterministic_mapping,1.0,,,unavailable,data/lyrics/RMVM_S_c3c17ad7f2.txt,verified_local,,unavailable,,missing,TIER_A,LYRICS_ONLY,train
RMVM_S_c3f2549067,Giấc Mơ Chapi,Huỳnh Gia Đạt,ART_3f2eee9ba2,BOLERO_TRUTINH,deterministic_mapping,1.0,,,unavailable,data/lyrics/RMVM_S_c3f2549067.txt,verified_local,,unavailable,,missing,TIER_A,LYRICS_ONLY,train
RMVM_S_c3ff5cc720,Đoạn Đường Sao Băng,Kha,ART_207b40d2b1,POP_BALLAD,deterministic_mapping,1.0,,,unavailable,data/lyrics/RMVM_S_c3ff5cc720.txt,verified_local,,unavailable,,missing,TIER_A,LYRICS_ONLY,train
RMVM_S_c40ea077d0,Em Ngày Gặp Lại (Ciray Remix),"TLong, ACV",ART_1a15f582a2,POP_BALLAD,deterministic_mapping,1.0,,,unavailable,data/lyrics/RMVM_S_c40ea077d0.txt,verified_local,,unavailable,,missing,TIER_A,LYRICS_ONLY,train
RMVM_S_c416ab54f7,Người Thừa (DJ Eric TJ (Remix),Cảnh Minh,ART_13e4f6512b,DANCE_EDM,deterministic_mapping,1.0,,,unavailable,data/lyrics/RMVM_S_c416ab54f7.txt,verified_local,data/covers/RMVM_S_c416ab54f7.jpg,verified_local,,missing,TIER_A,LYRICS_COVER,train
RMVM_S_c420bc3089,Anh Vẫn Tìm Em,Nguyễn Bảo Linh,ART_310be3a81c,POP_BALLAD,deterministic_mapping,1.0,,,unavailable,data/lyrics/RMVM_S_c420bc3089.txt,verified_local,,unavailable,,missing,TIER_A,LYRICS_ONLY,train
RMVM_S_c42ab2f34a,Người Ấy 2020,"Trịnh Thăng Bình, Chí Tâm",ART_8d870ccb85,POP_BALLAD,deterministic_mapping,1.0,,,unavailable,data/lyrics/RMVM_S_c42ab2f34a.txt,verified_local,,unavailable,2020.0,verified,TIER_A,LYRICS_ONLY,train
RMVM_S_c44ca1da46,Đôi Mắt Ấy,Đàm Vĩnh Hưng,ART_b91ba8f75c,POP_BALLAD,deterministic_mapping,1.0,,,unavailable,data/lyrics/RMVM_S_c44ca1da46.txt,verified_local,,unavailable,,missing,TIER_A,LYRICS_ONLY,train
RMVM_S_c469ba6e5b,Em Hãy Nín Đi,Long Hải,ART_602a5294cc,POP_BALLAD,deterministic_mapping,1.0,,,unavailable,data/lyrics/RMVM_S_c469ba6e5b.txt,verified_local,,unavailable,,missing,TIER_A,LYRICS_ONLY,train
RMVM_S_c48a3631db,Ánh Nắng Của Anh (Chờ Em Đến Ngày Mai Original Soundtrack),Đức Phúc,ART_2f5a74e3f0,POP_BALLAD,deterministic_mapping,1.0,,,unavailable,data/lyrics/RMVM_S_c48a3631db.txt,verified_local,data/covers/RMVM_S_c48a3631db.jpg,verified_local,,missing,TIER_A,LYRICS_COVER,train
RMVM_S_c48f36c0ab,Hương Vị Mùa Đông,Kai Đinh,ART_db22fc7f69,POP_BALLAD,deterministic_mapping,1.0,,,unavailable,data/lyrics/RMVM_S_c48f36c0ab.txt,verified_local,,unavailable,,missing,TIER_A,LYRICS_ONLY,train
RMVM_S_c4b56cf7fc,Đạo Hiếu Vu Lan,Kim Linh,ART_e4bd38b781,BOLERO_TRUTINH,deterministic_mapping,1.0,,,unavailable,data/lyrics/RMVM_S_c4b56cf7fc.txt,verified_local,data/covers/RMVM_S_c4b56cf7fc.jpg,verified_local,,missing,TIER_A,LYRICS_COVER,train
RMVM_S_c508d4a6ab,Trở Lại Tây Sơn,Lê Mười,ART_d2512b716b,BOLERO_TRUTINH,deterministic_mapping,1.0,,,unavailable,data/lyrics/RMVM_S_c508d4a6ab.txt,verified_local,,unavailable,,missing,TIER_A,LYRICS_ONLY,train
RMVM_S_c53678c57e,Hạnh Phúc Bỏ Rơi Em (Piano Version),Hương Ly,ART_4d63b5edc1,POP_BALLAD,deterministic_mapping,1.0,,,unavailable,data/lyrics/RMVM_S_c53678c57e.txt,verified_local,data/covers/RMVM_S_c53678c57e.jpg,verified_local,,missing,TIER_A,LYRICS_COVER,train
RMVM_S_c54170cb05,Anh Đánh Rơi Người Yêu Này! (Thật Tuyệt Vời Khi Ở Bên Em OST) (Beat),"Andiez, AMEE",ART_614e705733,POP_BALLAD,deterministic_mapping,1.0,,,unavailable,data/lyrics/RMVM_S_c54170cb05.txt,verified_local,,unavailable,,missing,TIER_A,LYRICS_ONLY,train
RMVM_S_c5571650ef,Buồn Của Anh (Ballad),Ngân Ngân,ART_4155bae4a8,POP_BALLAD,deterministic_mapping,1.0,,,unavailable,data/lyrics/RMVM_S_c5571650ef.txt,verified_local,,unavailable,,missing,TIER_A,LYRICS_ONLY,train
RMVM_S_c56c75b142,Thư Cho Em (Live Version),Hà Anh Tuấn,ART_5f4543f12f,POP_BALLAD,deterministic_mapping,1.0,,,unavailable,data/lyrics/RMVM_S_c56c75b142.txt,verified_local,,unavailable,,missing,TIER_A,LYRICS_ONLY,train
RMVM_S_c57caa237e,Bụi Trần,Jin Tuấn Nam,ART_ee9d1be130,POP_BALLAD,deterministic_mapping,1.0,,,unavailable,data/lyrics/RMVM_S_c57caa237e.txt,verified_local,,unavailable,,missing,TIER_A,LYRICS_ONLY,train
RMVM_S_c57d29272e,Cám Ơn Ngài,"Isaac Thái, Quỳnh Mint",ART_4ca6cb995f,OTHER,curated_out_of_taxonomy,0.9,Religious / Sacred spiritual Vietnamese music,,unavailable,,unavailable,,unavailable,,missing,TIER_B,METADATA_ONLY,train
RMVM_S_c594c252da,Một Mùa Xuân Nho Nhỏ,Lê Thu Uyên,ART_b3cd7f48e5,BOLERO_TRUTINH,deterministic_mapping,1.0,,,unavailable,data/lyrics/RMVM_S_c594c252da.txt,verified_local,,unavailable,,missing,TIER_A,LYRICS_ONLY,train
RMVM_S_c5a2569604,Chạm Nhẹ Quá Khứ,"Dickson Nguyen, Dagenix",ART_10f735e1da,POP_BALLAD,deterministic_mapping,1.0,,,unavailable,data/lyrics/RMVM_S_c5a2569604.txt,verified_local,,unavailable,,missing,TIER_A,LYRICS_ONLY,train
RMVM_S_c5b61253e4,Chờ Đợi Người Xưa,Băng Tình,ART_f33c15c3f7,POP_BALLAD,deterministic_mapping,1.0,,,unavailable,data/lyrics/RMVM_S_c5b61253e4.txt,verified_local,,unavailable,,missing,TIER_A,LYRICS_ONLY,train
RMVM_S_c5b6dcb75a,Đàn Ông Hay Hứa Phụ Nữ Hay Tin?,Hamlet Trương,ART_4b476adef5,POP_BALLAD,deterministic_mapping,1.0,,,unavailable,data/lyrics/RMVM_S_c5b6dcb75a.txt,verified_local,,unavailable,,missing,TIER_A,LYRICS_ONLY,train
RMVM_S_c60da88426,Còn Lại Những Yêu Thương,Hiền Thục,ART_0c3829059a,POP_BALLAD,deterministic_mapping,1.0,,,unavailable,data/lyrics/RMVM_S_c60da88426.txt,verified_local,,unavailable,,missing,TIER_A,LYRICS_ONLY,train
RMVM_S_c615a34296,Cuộc Sống Vốn Không Công Bằng,CHARLES.,ART_43f0cfceba,POP_BALLAD,deterministic_mapping,1.0,,,unavailable,data/lyrics/RMVM_S_c615a34296.txt,verified_local,,unavailable,,missing,TIER_A,LYRICS_ONLY,train
RMVM_S_c649b81a29,Cao Dao Tình Mẹ,Tịnh Hải,ART_e5952d355d,BOLERO_TRUTINH,deterministic_mapping,1.0,,,unavailable,data/lyrics/RMVM_S_c649b81a29.txt,verified_local,,unavailable,,missing,TIER_A,LYRICS_ONLY,train
RMVM_S_c64ad9315b,Đồng Tháp Duyên Gì,Thanh Tuyền,ART_503bd28963,BOLERO_TRUTINH,deterministic_mapping,0.85,,,unavailable,,unavailable,,unavailable,,missing,TIER_B,METADATA_ONLY,train
RMVM_S_c650d643f1,Về Bên Anh (SinKra Remix),Jack,ART_4ff9fc6e4e,POP_BALLAD,deterministic_mapping,1.0,,,unavailable,data/lyrics/RMVM_S_c650d643f1.txt,verified_local,,unavailable,,missing,TIER_A,LYRICS_ONLY,train
RMVM_S_c65cb68763,Đã Không Còn Yêu,Lưu Gia Bảo,ART_198f1b2afb,POP_BALLAD,deterministic_mapping,1.0,,,unavailable,data/lyrics/RMVM_S_c65cb68763.txt,verified_local,,unavailable,,missing,TIER_A,LYRICS_ONLY,train
RMVM_S_c6741597f2,Cuộc Gọi Về Nhà,Orange,ART_fe01d67a00,POP_BALLAD,deterministic_mapping,1.0,,,unavailable,data/lyrics/RMVM_S_c6741597f2.txt,verified_local,,unavailable,,missing,TIER_A,LYRICS_ONLY,train
RMVM_S_c67a0d256b,Kiếp Sau Vẫn Muốn Lập Gia Đình Với Anh,Oanh Tạ,ART_a9d43febda,POP_BALLAD,deterministic_mapping,1.0,,,unavailable,data/lyrics/RMVM_S_c67a0d256b.txt,verified_local,data/covers/RMVM_S_c67a0d256b.jpg,verified_local,,missing,TIER_A,LYRICS_COVER,train
RMVM_S_c6936fbb75,Biết Trái Tim Còn Tha Thiết - Con Tim Thật Thà,HA Live,ART_c6e8e9559d,POP_BALLAD,deterministic_mapping,1.0,,,unavailable,data/lyrics/RMVM_S_c6936fbb75.txt,verified_local,,unavailable,,missing,TIER_A,LYRICS_ONLY,train
RMVM_S_c6ac74fb6f,Chuông Ngân Vang,Nam Vương Bảo Lê,ART_7e2747d6d4,POP_BALLAD,deterministic_mapping,1.0,,,unavailable,data/lyrics/RMVM_S_c6ac74fb6f.txt,verified_local,,unavailable,,missing,TIER_A,LYRICS_ONLY,train
RMVM_S_c6be9233fe,Một Đời Tan Vỡ,Khánh Hà,ART_a1adc52dc2,INSTRUMENTAL,source_tag_verification,0.85,,,unavailable,data/lyrics/RMVM_S_c6be9233fe.txt,verified_local,data/covers/RMVM_S_c6be9233fe.jpg,verified_local,,missing,TIER_B,LYRICS_COVER,train
RMVM_S_c6ed3fa3ac,Đêm Mưa Nhớ Mẹ,Hoàng Minh Thắng,ART_8de2974414,POP_BALLAD,deterministic_mapping,1.0,,,unavailable,data/lyrics/RMVM_S_c6ed3fa3ac.txt,verified_local,,unavailable,,missing,TIER_A,LYRICS_ONLY,train
RMVM_S_c70b7d4b3b,Anh Luôn Tin,Khánh Phương,ART_a36111936d,POP_BALLAD,deterministic_mapping,1.0,,,unavailable,data/lyrics/RMVM_S_c70b7d4b3b.txt,verified_local,data/covers/RMVM_S_c70b7d4b3b.jpg,verified_local,,missing,TIER_A,LYRICS_COVER,train
RMVM_S_c70fb9e664,Một Nửa Thế Giới,Anna,ART_a70f9e38ff,POP_BALLAD,deterministic_mapping,1.0,,,unavailable,data/lyrics/RMVM_S_c70fb9e664.txt,verified_local,,unavailable,,missing,TIER_A,LYRICS_ONLY,train
RMVM_S_c710473760,Ngày Tan Vỡ,DIMZ,ART_b78bfa06ae,POP_BALLAD,deterministic_mapping,1.0,,,unavailable,data/lyrics/RMVM_S_c710473760.txt,verified_local,,unavailable,,missing,TIER_A,LYRICS_ONLY,train
RMVM_S_c71739be4c,Có Yêu Được Không (Zeke Remix),"Võ Lê Mi, Jin Tuấn Nam, HHD",ART_f6fafd8fab,POP_BALLAD,deterministic_mapping,1.0,,,unavailable,data/lyrics/RMVM_S_c71739be4c.txt,verified_local,,unavailable,,missing,TIER_A,LYRICS_ONLY,train
RMVM_S_c71a70f375,Đứng Sau Người Đến Sau (Cozak Remix),"TLong, HHD",ART_0100e7f1d0,DANCE_EDM,deterministic_mapping,1.0,,,unavailable,data/lyrics/RMVM_S_c71a70f375.txt,verified_local,,unavailable,,missing,TIER_A,LYRICS_ONLY,train
RMVM_S_c71f275002,Bỏ thiền hút thuốc * Phiên tự thôi miên để ngăn chặn nghiện nicotine.,Entrance,ART_2a20afe023,POP_BALLAD,deterministic_mapping,1.0,,,unavailable,,unavailable,data/covers/RMVM_S_c71f275002.jpg,verified_local,,missing,TIER_A,COVER_ONLY,train
RMVM_S_c726b474ea,Chuyện Như Chưa Bắt Đầu (Remix),Thanh Hương,ART_ebd4f9bdbe,POP_BALLAD,deterministic_mapping,1.0,,,unavailable,data/lyrics/RMVM_S_c726b474ea.txt,verified_local,data/covers/RMVM_S_c726b474ea.jpg,verified_local,,missing,TIER_A,LYRICS_COVER,train
RMVM_S_c729d19e8d,Bên Nhau Thật Khó (New Version),"Châu Khải Phong, Khang Việt",ART_e7a995b59d,POP_BALLAD,deterministic_mapping,1.0,,,unavailable,,unavailable,data/covers/RMVM_S_c729d19e8d.jpg,verified_local,,missing,TIER_A,COVER_ONLY,train
RMVM_S_c74ea2891d,Tha Thứ Khó Hơn Cả Yêu,Khiết Ngọc,ART_886f748b73,POP_BALLAD,deterministic_mapping,1.0,,,unavailable,data/lyrics/RMVM_S_c74ea2891d.txt,verified_local,,unavailable,,missing,TIER_A,LYRICS_ONLY,train
RMVM_S_c7d876c87d,Thiên Đàng,"Wowy, JoliPoli",ART_c5db11fcde,POP_BALLAD,deterministic_mapping,1.0,,,unavailable,data/lyrics/RMVM_S_c7d876c87d.txt,verified_local,,unavailable,,missing,TIER_A,LYRICS_ONLY,train
RMVM_S_c8163f1e92,Lời Yêu Ngây Dại (Cover),Như Hexi,ART_342399a411,POP_BALLAD,deterministic_mapping,1.0,,,unavailable,data/lyrics/RMVM_S_c8163f1e92.txt,verified_local,,unavailable,,missing,TIER_A,LYRICS_ONLY,train
RMVM_S_c81e668df8,Bạn Hay Bè,Hùng Trọc,ART_d9485d85ac,BOLERO_TRUTINH,deterministic_mapping,1.0,,,unavailable,data/lyrics/RMVM_S_c81e668df8.txt,verified_local,,unavailable,,missing,TIER_A,LYRICS_ONLY,train
RMVM_S_c84b4426e6,Cảm Ơn Vẻ Đẹp Em,Quách Tuấn Du,ART_9485266b7d,POP_BALLAD,deterministic_mapping,1.0,,,unavailable,data/lyrics/RMVM_S_c84b4426e6.txt,verified_local,,unavailable,,missing,TIER_A,LYRICS_ONLY,train
RMVM_S_c84d778ed7,Bạc Trắng Lửa Hồng,Mạnh Quỳnh,ART_d1f9e306ee,BOLERO_TRUTINH,deterministic_mapping,0.85,,,unavailable,,unavailable,,unavailable,,missing,TIER_B,METADATA_ONLY,train
RMVM_S_c85b6fe9f4,Yếu Đuối,Bảo Anh,ART_a0e20c2820,POP_BALLAD,deterministic_mapping,1.0,,,unavailable,data/lyrics/RMVM_S_c85b6fe9f4.txt,verified_local,,unavailable,,missing,TIER_A,LYRICS_ONLY,train
RMVM_S_c85f339c2e,Bể Khổ Trần Ai (Liên Khúc Lý - Điệu Lý Cải Lương),Thương Nguyễn,ART_2de0ea5b88,OTHER,curated_out_of_taxonomy,0.9,Religious / Sacred spiritual Vietnamese music,,unavailable,,unavailable,,unavailable,,missing,TIER_B,METADATA_ONLY,train
RMVM_S_c87cd2f8b2,LK Cho Vừa Lòng Em - Làm Dâu Xứ Lạ,Tố My,ART_181767e2b8,BOLERO_TRUTINH,deterministic_mapping,1.0,,,unavailable,data/lyrics/RMVM_S_c87cd2f8b2.txt,verified_local,,unavailable,,missing,TIER_A,LYRICS_ONLY,train
RMVM_S_c899ac3fc3,Cho Ngày Mai Nụ Cười,Lê Vy,ART_0e30d7496e,POP_BALLAD,deterministic_mapping,1.0,,,unavailable,data/lyrics/RMVM_S_c899ac3fc3.txt,verified_local,,unavailable,,missing,TIER_A,LYRICS_ONLY,train
RMVM_S_c89abbe1d4,Mưa Trên Biển Vắng,Cẩm Ly,ART_310ca7b279,POP_BALLAD,deterministic_mapping,1.0,,,unavailable,data/lyrics/RMVM_S_c89abbe1d4.txt,verified_local,,unavailable,,missing,TIER_A,LYRICS_ONLY,train
RMVM_S_c8a7db63be,Ca Phê Đắng Trở Lại (Cover),Hứa Văn Cường,ART_6aebe1205e,BOLERO_TRUTINH,deterministic_mapping,1.0,,,unavailable,data/lyrics/RMVM_S_c8a7db63be.txt,verified_local,data/covers/RMVM_S_c8a7db63be.jpg,verified_local,,missing,TIER_A,LYRICS_COVER,train
RMVM_S_c8ad9fcaf3,Bên Chiều Mưa Phố Núi,"Hoàng KayLee, Flepy",ART_75ea12a15a,POP_BALLAD,deterministic_mapping,1.0,,,unavailable,,unavailable,data/covers/RMVM_S_c8ad9fcaf3.jpg,verified_local,,missing,TIER_A,COVER_ONLY,train
RMVM_S_c8b0842b57,Con Đường Tơ Lụa,"Tùng TeA, PC",ART_013821585e,RAP_HIPHOP,deterministic_mapping,1.0,,,unavailable,data/lyrics/RMVM_S_c8b0842b57.txt,verified_local,,unavailable,,missing,TIER_A,LYRICS_ONLY,train
RMVM_S_c8be07bce7,Đoạn Kết Cuối,"Vũ Thịnh, Fanny Trần",ART_a01b2b53b8,POP_BALLAD,deterministic_mapping,1.0,,,unavailable,data/lyrics/RMVM_S_c8be07bce7.txt,verified_local,data/covers/RMVM_S_c8be07bce7.jpg,verified_local,,missing,TIER_A,LYRICS_COVER,train
RMVM_S_c8d0b3d528,Em Hạnh Phúc Chứ,Nguyễn Đình Vũ,ART_4bd0bf08ac,POP_BALLAD,deterministic_mapping,1.0,,,unavailable,data/lyrics/RMVM_S_c8d0b3d528.txt,verified_local,,unavailable,,missing,TIER_A,LYRICS_ONLY,train
RMVM_S_c8e07b7e89,Thư Về Người Em Gái Thành Đô,"Thanh Ngân, Gia Tiến",ART_e71637f8e2,POP_BALLAD,deterministic_mapping,1.0,,,unavailable,data/lyrics/RMVM_S_c8e07b7e89.txt,verified_local,,unavailable,,missing,TIER_A,LYRICS_ONLY,train
RMVM_S_c8ff5c63be,Mưa Trên Cuộc Tình (Version 2019),Đan Trường,ART_d7d6ae2597,POP_BALLAD,deterministic_mapping,1.0,,,unavailable,data/lyrics/RMVM_S_c8ff5c63be.txt,verified_local,data/covers/RMVM_S_c8ff5c63be.jpg,verified_local,2019.0,verified,TIER_A,LYRICS_COVER,train
RMVM_S_c912656f10,LK Lại Nhớ Người Yêu & Ước Mộng Ðôi Ta,"Mạnh Quỳnh, Phi Nhung",ART_4bf90b2464,POP_BALLAD,deterministic_mapping,1.0,,,unavailable,data/lyrics/RMVM_S_c912656f10.txt,verified_local,data/covers/RMVM_S_c912656f10.jpg,verified_local,,missing,TIER_A,LYRICS_COVER,train
RMVM_S_c94b87d70c,Có Gì Đâu,"Mai Khôi, Ái Phương, June Nguyen",ART_3c8d01f991,BOLERO_TRUTINH,deterministic_mapping,1.0,,,unavailable,,unavailable,data/covers/RMVM_S_c94b87d70c.jpg,verified_local,,missing,TIER_A,COVER_ONLY,train
RMVM_S_c94df68332,Nhớ Em Thầm Gọi Tên,Ưng Hoàng Phúc,ART_f2f942414d,POP_BALLAD,deterministic_mapping,0.85,,,unavailable,,unavailable,,unavailable,,missing,TIER_B,METADATA_ONLY,train
RMVM_S_c98a488b4d,Ngày Đó,Thế Sơn,ART_67eb934159,INSTRUMENTAL,source_tag_verification,0.85,,,unavailable,data/lyrics/RMVM_S_c98a488b4d.txt,verified_local,data/covers/RMVM_S_c98a488b4d.jpg,verified_local,,missing,TIER_B,LYRICS_COVER,train
RMVM_S_c99d9372c2,Buông... Em Yêu Anh,AndyShin,ART_902cc33a81,POP_BALLAD,deterministic_mapping,1.0,,,unavailable,data/lyrics/RMVM_S_c99d9372c2.txt,verified_local,,unavailable,,missing,TIER_A,LYRICS_ONLY,train
RMVM_S_c9a7abd579,"Liên Khúc: Người Thầy, Giấc Mơ Tà Áo Trắng",Cẩm Ly,ART_310ca7b279,BOLERO_TRUTINH,deterministic_mapping,1.0,,,unavailable,data/lyrics/RMVM_S_c9a7abd579.txt,verified_local,,unavailable,,missing,TIER_A,LYRICS_ONLY,train
RMVM_S_c9aff2a8b8,Hà Nội Nơi Tìm Về,Minh Thu,ART_d8168e026a,POP_BALLAD,deterministic_mapping,1.0,,,unavailable,data/lyrics/RMVM_S_c9aff2a8b8.txt,verified_local,,unavailable,,missing,TIER_A,LYRICS_ONLY,train
RMVM_S_c9b901b5f0,Người Cùng Cảnh Ngộ,"Nguyên Khang, Lương Bích Hữu, Hamlet Trương",ART_6b8f263176,RAP_HIPHOP,deterministic_mapping,1.0,,,unavailable,data/lyrics/RMVM_S_c9b901b5f0.txt,verified_local,,unavailable,,missing,TIER_A,LYRICS_ONLY,train
RMVM_S_ca17080aef,Anh Mới Chính Là Người Em Yêu Remix - TD Remix Ft Minh TiếnL Remix,Minh TiếnL,ART_fbd6d7ed12,POP_BALLAD,deterministic_mapping,1.0,,,unavailable,,unavailable,data/covers/RMVM_S_ca17080aef.jpg,verified_local,,missing,TIER_A,COVER_ONLY,train
RMVM_S_ca1a4fceca,Chỉ Là Phù Du,Quỳnh Trang,ART_b484f0dc48,BOLERO_TRUTINH,deterministic_mapping,1.0,,,unavailable,data/lyrics/RMVM_S_ca1a4fceca.txt,verified_local,,unavailable,,missing,TIER_A,LYRICS_ONLY,train
RMVM_S_ca1de7dab2,NỐI LẠI TÌNH XƯA (LOFI VERSION),Bùi Phi Long,ART_725ffd36a2,BOLERO_TRUTINH,deterministic_mapping,1.0,,,unavailable,data/lyrics/RMVM_S_ca1de7dab2.txt,verified_local,data/covers/RMVM_S_ca1de7dab2.jpg,verified_local,,missing,TIER_A,LYRICS_COVER,train
RMVM_S_ca215d04db,Đối Diện Ngày Mất Em,Đào Duy Quý,ART_191d301b85,POP_BALLAD,deterministic_mapping,1.0,,,unavailable,data/lyrics/RMVM_S_ca215d04db.txt,verified_local,data/covers/RMVM_S_ca215d04db.jpg,verified_local,,missing,TIER_A,LYRICS_COVER,train
RMVM_S_ca27d6f989,Liên Khúc: Ước Mơ Trong Đời - Có Nhau Trọn Đời (Live),Hồ Quỳnh Hương,ART_b84167a040,POP_BALLAD,deterministic_mapping,1.0,,,unavailable,,unavailable,data/covers/RMVM_S_ca27d6f989.jpg,verified_local,2011.0,verified,TIER_A,COVER_ONLY,train
RMVM_S_ca30aa6a70,Liên Khúc Nếu Em Được Lựa Chọn - Để Nhớ Một Thời Ta Đã Yêu (Xuân Phát Tài 11),Lệ Quyên,ART_151698bb5b,BOLERO_TRUTINH,deterministic_mapping,1.0,,,unavailable,data/lyrics/RMVM_S_ca30aa6a70.txt,verified_local,,unavailable,,missing,TIER_A,LYRICS_ONLY,train
RMVM_S_ca43144037,Đừng Nói Dối Em Nữa (Remix),"Kiều Thơ Mellow, Khải Nv",ART_ee88bc4aff,POP_BALLAD,deterministic_mapping,1.0,,,unavailable,data/lyrics/RMVM_S_ca43144037.txt,verified_local,,unavailable,,missing,TIER_A,LYRICS_ONLY,train
RMVM_S_ca56e98448,Như Những Phút Ban Đầu (Live),Hoài Lâm,ART_29eca983da,POP_BALLAD,deterministic_mapping,1.0,,,unavailable,data/lyrics/RMVM_S_ca56e98448.txt,verified_local,,unavailable,,missing,TIER_A,LYRICS_ONLY,train
RMVM_S_ca5c4cbdcc,Về Tìm Trên Cát,Đức Tuấn,ART_326eb740ca,BOLERO_TRUTINH,deterministic_mapping,1.0,,,unavailable,data/lyrics/RMVM_S_ca5c4cbdcc.txt,verified_local,,unavailable,,missing,TIER_A,LYRICS_ONLY,train
RMVM_S_ca65fa5d79,Tron Kiep La Anh Em,Đào Nguyễn Ánh,ART_1995f6593a,ROCK,source_tag_verification,0.85,,,unavailable,data/lyrics/RMVM_S_ca65fa5d79.txt,verified_local,,unavailable,2018.0,verified,TIER_B,LYRICS_ONLY,train
RMVM_S_ca72bdf60e,Bởi vì đã yêu em,"Winno, CCMK",ART_8923c95e1e,RAP_HIPHOP,deterministic_mapping,1.0,,,unavailable,data/lyrics/RMVM_S_ca72bdf60e.txt,verified_local,,unavailable,,missing,TIER_A,LYRICS_ONLY,train
RMVM_S_caa4b67549,Anh Nguyện Là Tất Cả,Dương Hùng Sơn,ART_bfca74c3a7,POP_BALLAD,deterministic_mapping,1.0,,,unavailable,data/lyrics/RMVM_S_caa4b67549.txt,verified_local,,unavailable,,missing,TIER_A,LYRICS_ONLY,train
RMVM_S_caa7037c99,Em Không Tin (DJ HS Remix),"Miu Lê, Clownd Hoàng",ART_f93604c924,POP_BALLAD,deterministic_mapping,1.0,,,unavailable,data/lyrics/RMVM_S_caa7037c99.txt,verified_local,,unavailable,,missing,TIER_A,LYRICS_ONLY,train
RMVM_S_cac3960e3c,Biết Tất Cả Rồi,Đan Trường,ART_d7d6ae2597,POP_BALLAD,deterministic_mapping,1.0,,,unavailable,data/lyrics/RMVM_S_cac3960e3c.txt,verified_local,,unavailable,,missing,TIER_A,LYRICS_ONLY,train
RMVM_S_caccc3481f,Hẳn Là Yêu,Keyo,ART_9251fbe5e0,POP_BALLAD,deterministic_mapping,1.0,,,unavailable,data/lyrics/RMVM_S_caccc3481f.txt,verified_local,,unavailable,,missing,TIER_A,LYRICS_ONLY,train
RMVM_S_cae06eabee,Vài Ba Cảm Xúc,Minh Tài,ART_b4099ff934,POP_BALLAD,deterministic_mapping,1.0,,,unavailable,data/lyrics/RMVM_S_cae06eabee.txt,verified_local,,unavailable,,missing,TIER_A,LYRICS_ONLY,train
RMVM_S_caef957143,Anh Chỉ Là Người Đến Sau Mà,"Tiến Thanh, Huỳnh Toàn",ART_9df485a500,POP_BALLAD,deterministic_mapping,0.85,,,unavailable,,unavailable,,unavailable,,missing,TIER_B,METADATA_ONLY,train
RMVM_S_caf946bc3d,Bởi Vì Em Tin,Nhật Kim Anh,ART_8f5deabde4,BOLERO_TRUTINH,deterministic_mapping,1.0,,,unavailable,data/lyrics/RMVM_S_caf946bc3d.txt,verified_local,,unavailable,,missing,TIER_A,LYRICS_ONLY,train
RMVM_S_cb14bbaff6,Ánh Mắt Kiêu Sa,La Thăng (Huy Nam & Huy Khánh),ART_3076c695c3,POP_BALLAD,deterministic_mapping,1.0,,,unavailable,data/lyrics/RMVM_S_cb14bbaff6.txt,verified_local,,unavailable,,missing,TIER_A,LYRICS_ONLY,train
RMVM_S_cb1ba649c1,Em Đi Về Đi,Trung Tự,ART_4382e8c9bb,POP_BALLAD,deterministic_mapping,1.0,,,unavailable,data/lyrics/RMVM_S_cb1ba649c1.txt,verified_local,,unavailable,,missing,TIER_A,LYRICS_ONLY,train
RMVM_S_cb1f2223ff,Khúc Tự Tình Mùa Xuân,Uyên Nguyên,ART_261f56a034,POP_BALLAD,deterministic_mapping,1.0,,,unavailable,data/lyrics/RMVM_S_cb1f2223ff.txt,verified_local,,unavailable,,missing,TIER_A,LYRICS_ONLY,train
RMVM_S_cb24a558d0,Mãi Là Người Đến Sau,Thanh Hương,ART_ebd4f9bdbe,POP_BALLAD,deterministic_mapping,1.0,,,unavailable,data/lyrics/RMVM_S_cb24a558d0.txt,verified_local,,unavailable,,missing,TIER_A,LYRICS_ONLY,train
RMVM_S_cb36243bb6,Cả Một Trời Thương Nhớ (Live in HOA Concert),Noo Phước Thịnh,ART_d34a38c1b2,POP_BALLAD,deterministic_mapping,1.0,,,unavailable,data/lyrics/RMVM_S_cb36243bb6.txt,verified_local,,unavailable,,missing,TIER_A,LYRICS_ONLY,train
RMVM_S_cb38c62fdb,Chúng Ta Sinh Ra Là Của Nhau,Phong Huy,ART_3638219e5c,POP_BALLAD,deterministic_mapping,1.0,,,unavailable,data/lyrics/RMVM_S_cb38c62fdb.txt,verified_local,data/covers/RMVM_S_cb38c62fdb.jpg,verified_local,,missing,TIER_A,LYRICS_COVER,train
RMVM_S_cb3ec36934,Giấc Mơ Phù Du,Thanh Thảo,ART_27d4425bab,POP_BALLAD,deterministic_mapping,1.0,,,unavailable,data/lyrics/RMVM_S_cb3ec36934.txt,verified_local,,unavailable,,missing,TIER_A,LYRICS_ONLY,train
RMVM_S_cb42039630,Anh Đã Quen Rồi,Hà Thế Dũng,ART_ad6fa88a34,POP_BALLAD,deterministic_mapping,1.0,,,unavailable,data/lyrics/RMVM_S_cb42039630.txt,verified_local,,unavailable,,missing,TIER_A,LYRICS_ONLY,train
RMVM_S_cb73c5bf45,Em Nhớ Anh Người Yêu Cũ,"CT Media, Thanh Trúc",ART_641299de41,POP_BALLAD,deterministic_mapping,1.0,,,unavailable,data/lyrics/RMVM_S_cb73c5bf45.txt,verified_local,,unavailable,,missing,TIER_A,LYRICS_ONLY,train
RMVM_S_cb79bddb13,Dô Là Dô,Nông Dân Sound,ART_f87d66d644,POP_BALLAD,deterministic_mapping,1.0,,,unavailable,data/lyrics/RMVM_S_cb79bddb13.txt,verified_local,,unavailable,,missing,TIER_A,LYRICS_ONLY,train
RMVM_S_cb86f89bba,Mong Người Về Đây,"Lương Tùng Quang, Vân Quỳnh",ART_f6cadace9e,INSTRUMENTAL,source_tag_verification,0.85,,,unavailable,data/lyrics/RMVM_S_cb86f89bba.txt,verified_local,,unavailable,,missing,TIER_B,LYRICS_ONLY,train
RMVM_S_cb99a6ab07,Cũng Vì Chữ Tiền,Lâm Hoài Phong,ART_2aa35c261f,BOLERO_TRUTINH,deterministic_mapping,1.0,,,unavailable,data/lyrics/RMVM_S_cb99a6ab07.txt,verified_local,data/covers/RMVM_S_cb99a6ab07.jpg,verified_local,,missing,TIER_A,LYRICS_COVER,train
RMVM_S_cb9c218f5e,Anh Vẫn Ở Đây (Wan Remix),"Thành Đạt, HOA HỒNG DẠI MUSIC",ART_2c5d64c868,DANCE_EDM,deterministic_mapping,1.0,,,unavailable,data/lyrics/RMVM_S_cb9c218f5e.txt,verified_local,,unavailable,,missing,TIER_A,LYRICS_ONLY,train
RMVM_S_cbaf69d2c2,Em Không Sao Đâu Beat,Bạc Cầm Diễm My,ART_ca9d4bf143,POP_BALLAD,deterministic_mapping,1.0,,,unavailable,,unavailable,data/covers/RMVM_S_cbaf69d2c2.jpg,verified_local,,missing,TIER_A,COVER_ONLY,train
RMVM_S_cbaf8ff748,Tình Yêu Và Dòng Sông Quan Họ,Nguyễn Hưng,ART_a519ae6e77,BOLERO_TRUTINH,deterministic_mapping,1.0,,,unavailable,data/lyrics/RMVM_S_cbaf8ff748.txt,verified_local,,unavailable,,missing,TIER_A,LYRICS_ONLY,train
RMVM_S_cbafed03d9,Cuộc Tình Cuối,Trường Sơn,ART_f60bdc9895,BOLERO_TRUTINH,deterministic_mapping,1.0,,,unavailable,data/lyrics/RMVM_S_cbafed03d9.txt,verified_local,,unavailable,,missing,TIER_A,LYRICS_ONLY,train
RMVM_S_cbb6936ae1,Bolero Liên Khúc Chuyện Đêm Mưa,"Khánh Tâm, Phạm Anh Tuấn",ART_14beabdcf3,POP_BALLAD,deterministic_mapping,1.0,,,unavailable,data/lyrics/RMVM_S_cbb6936ae1.txt,verified_local,,unavailable,,missing,TIER_A,LYRICS_ONLY,train
RMVM_S_cbdf9bfb95,Anh Không Tha Thứ,"Đình Dũng, ACV",ART_1c73d8c47f,POP_BALLAD,deterministic_mapping,1.0,,,unavailable,data/lyrics/RMVM_S_cbdf9bfb95.txt,verified_local,,unavailable,,missing,TIER_A,LYRICS_ONLY,train
RMVM_S_cbf7ad9e6d,Mong Một Ngày Anh Nhớ Đến Em (Qinn Remix),"TamKe, Qinn Media",ART_f59ab5b86e,DANCE_EDM,deterministic_mapping,1.0,,,unavailable,data/lyrics/RMVM_S_cbf7ad9e6d.txt,verified_local,,unavailable,,missing,TIER_A,LYRICS_ONLY,train
RMVM_S_cc2995bd67,Phụ Tình Tình Phụ,Lý Kiến Hào,ART_d7da5a0708,BOLERO_TRUTINH,deterministic_mapping,1.0,,,unavailable,data/lyrics/RMVM_S_cc2995bd67.txt,verified_local,,unavailable,,missing,TIER_A,LYRICS_ONLY,train
RMVM_S_cc4ff5c4c2,Chỉ Có Một Người,Quang Dũng,ART_d0d47f53b1,INSTRUMENTAL,source_tag_verification,0.85,,,unavailable,,unavailable,,unavailable,,missing,TIER_B,METADATA_ONLY,train
RMVM_S_cc8ede2ca8,Ký Ức Cha Tôi (New Version),Vũ Hoàng,ART_cbaf0965d0,BOLERO_TRUTINH,deterministic_mapping,1.0,,,unavailable,data/lyrics/RMVM_S_cc8ede2ca8.txt,verified_local,,unavailable,,missing,TIER_A,LYRICS_ONLY,train
RMVM_S_cca5b90422,Bước Vào Tim Tôi Hút Hồn Tôi,Thiên Tú,ART_b0af0bf20e,POP_BALLAD,deterministic_mapping,1.0,,,unavailable,data/lyrics/RMVM_S_cca5b90422.txt,verified_local,,unavailable,,missing,TIER_A,LYRICS_ONLY,train
RMVM_S_ccd41935a7,Em Về Miệt Thứ,Bảo Hân Bolero,ART_f69e0baf38,BOLERO_TRUTINH,deterministic_mapping,1.0,,,unavailable,data/lyrics/RMVM_S_ccd41935a7.txt,verified_local,data/covers/RMVM_S_ccd41935a7.jpg,verified_local,,missing,TIER_A,LYRICS_COVER,train
RMVM_S_cce6d3ffac,Bên Nhau Để Ta Bớt Đau,Trường Kha,ART_abe0f2439b,POP_BALLAD,deterministic_mapping,1.0,,,unavailable,data/lyrics/RMVM_S_cce6d3ffac.txt,verified_local,,unavailable,,missing,TIER_A,LYRICS_ONLY,train
RMVM_S_cd025b9965,"Giọt Sương Và Chiếc Lá (From ""Lưu Hương Giang's Library"")",Lưu Hương Giang,ART_3b352bbfc2,POP_BALLAD,deterministic_mapping,1.0,,,unavailable,data/lyrics/RMVM_S_cd025b9965.txt,verified_local,,unavailable,,missing,TIER_A,LYRICS_ONLY,train
RMVM_S_cd0bf0b064,Ăn Năn Sám Hối,Khưu Huy Vũ,ART_6b80279d12,BOLERO_TRUTINH,deterministic_mapping,1.0,,,unavailable,data/lyrics/RMVM_S_cd0bf0b064.txt,verified_local,,unavailable,,missing,TIER_A,LYRICS_ONLY,train
RMVM_S_cd564fbc71,Thì Thầm Mùa Xuân Remix (Dance Version),Peto,ART_489539e42b,DANCE_EDM,deterministic_mapping,1.0,,,unavailable,data/lyrics/RMVM_S_cd564fbc71.txt,verified_local,,unavailable,,missing,TIER_A,LYRICS_ONLY,train
RMVM_S_cd59318444,Anh Đâu Biết Em Thuộc Về Ai,Trường Kha,ART_abe0f2439b,POP_BALLAD,deterministic_mapping,1.0,,,unavailable,data/lyrics/RMVM_S_cd59318444.txt,verified_local,,unavailable,,missing,TIER_A,LYRICS_ONLY,train
RMVM_S_cd6eae756b,Bức Thư Gởi Lên Thiên Đường,Trường Kha,ART_abe0f2439b,OTHER,curated_out_of_taxonomy,0.9,Religious / Sacred spiritual Vietnamese music,,unavailable,,unavailable,,unavailable,,missing,TIER_B,METADATA_ONLY,train
RMVM_S_cd73993f78,Anh Ghét Những Cơn Mưa,Hiếu Nghĩa,ART_298abd2c80,POP_BALLAD,deterministic_mapping,1.0,,,unavailable,data/lyrics/RMVM_S_cd73993f78.txt,verified_local,,unavailable,,missing,TIER_A,LYRICS_ONLY,train
RMVM_S_cda0fa67c7,Cà Khịa,Nguyễn Đình Vũ,ART_4bd0bf08ac,POP_BALLAD,deterministic_mapping,1.0,,,unavailable,data/lyrics/RMVM_S_cda0fa67c7.txt,verified_local,,unavailable,,missing,TIER_A,LYRICS_ONLY,train
RMVM_S_cdb8669751,Chịu Em Đi,"Tracy Thảo My, YuniBoo",ART_f4d26ac273,POP_BALLAD,deterministic_mapping,1.0,,,unavailable,data/lyrics/RMVM_S_cdb8669751.txt,verified_local,,unavailable,,missing,TIER_A,LYRICS_ONLY,train
RMVM_S_cdc7faabd5,Ngày Tạm Biệt / Đèn Khuya / Tiễn Người Đi,"Mỹ Lan, Phương Loan, Ngọc Thúy",ART_d866356edd,BOLERO_TRUTINH,deterministic_mapping,1.0,,,unavailable,,unavailable,,unavailable,,missing,TIER_A,METADATA_ONLY,train
RMVM_S_cdddd44727,Nhật Ký Mẹ,Nguyễn Hồng Ân,ART_7633be609c,POP_BALLAD,deterministic_mapping,1.0,,,unavailable,data/lyrics/RMVM_S_cdddd44727.txt,verified_local,,unavailable,,missing,TIER_A,LYRICS_ONLY,train
RMVM_S_cde1e55216,Xuân Vui Ca,"Thanh Hà, Đình Bảo",ART_f3c601afae,INSTRUMENTAL,source_tag_verification,0.85,,,unavailable,data/lyrics/RMVM_S_cde1e55216.txt,verified_local,data/covers/RMVM_S_cde1e55216.jpg,verified_local,,missing,TIER_B,LYRICS_COVER,train
RMVM_S_cdfb64c499,Lời Sau Cuối,Khoa Đăng,ART_9bbfd58252,POP_BALLAD,deterministic_mapping,1.0,,,unavailable,data/lyrics/RMVM_S_cdfb64c499.txt,verified_local,,unavailable,,missing,TIER_A,LYRICS_ONLY,train
RMVM_S_ce056e841e,Nguyện Ước Mùa Xuân (Acapella),"MTV band, Lân Nhã",ART_ae1e1cc980,POP_BALLAD,deterministic_mapping,1.0,,,unavailable,data/lyrics/RMVM_S_ce056e841e.txt,verified_local,data/covers/RMVM_S_ce056e841e.jpg,verified_local,,missing,TIER_A,LYRICS_COVER,train
RMVM_S_ce0952807b,Em Dám Yêu Không?,Nguyễn Đạt,ART_44c31efb11,POP_BALLAD,deterministic_mapping,1.0,,,unavailable,data/lyrics/RMVM_S_ce0952807b.txt,verified_local,,unavailable,,missing,TIER_A,LYRICS_ONLY,train
RMVM_S_ce2ac728d3,Cách Xa Muôn Đời (Đạt R Remix),"Billyy Công Hiền, TLong, HOA HỒNG DẠI MUSIC",ART_1b8e4d5f5b,INSTRUMENTAL,source_tag_verification,0.85,,,unavailable,data/lyrics/RMVM_S_ce2ac728d3.txt,verified_local,,unavailable,,missing,TIER_B,LYRICS_ONLY,train
RMVM_S_ce2e1ed0ed,Khúc Nhạc Buồn,Don Hồ,ART_7a15955a82,INSTRUMENTAL,source_tag_verification,0.85,,,unavailable,data/lyrics/RMVM_S_ce2e1ed0ed.txt,verified_local,,unavailable,,missing,TIER_B,LYRICS_ONLY,train
RMVM_S_ce43205eb4,Sống Dai,B Ray,ART_ba452018e5,BOLERO_TRUTINH,deterministic_mapping,1.0,,,unavailable,,unavailable,data/covers/RMVM_S_ce43205eb4.jpg,verified_local,,missing,TIER_A,COVER_ONLY,train
RMVM_S_ce4ee9f5bb,Bài Ca Tạm Biệt,Quốc Định,ART_a89126c5f6,BOLERO_TRUTINH,deterministic_mapping,1.0,,,unavailable,data/lyrics/RMVM_S_ce4ee9f5bb.txt,verified_local,,unavailable,,missing,TIER_A,LYRICS_ONLY,train
RMVM_S_ce61b43f70,Aiii Chuyện Cũ Bán Hông?,Trúc Nhân,ART_1a77dc6ebf,POP_BALLAD,deterministic_mapping,1.0,,,unavailable,data/lyrics/RMVM_S_ce61b43f70.txt,verified_local,,unavailable,,missing,TIER_A,LYRICS_ONLY,train
RMVM_S_ce6b2daf74,Mong Một Ngày Anh Nhớ Đến Em (Disco),"BeeBoss, Châu Ngọc Lan",ART_43e14dec39,POP_BALLAD,deterministic_mapping,1.0,,,unavailable,data/lyrics/RMVM_S_ce6b2daf74.txt,verified_local,data/covers/RMVM_S_ce6b2daf74.jpg,verified_local,,missing,TIER_A,LYRICS_COVER,train
RMVM_S_ce7c2b9aea,Liên Hoa,Con Gái Của Bụt,ART_c2c55113a9,OTHER,curated_out_of_taxonomy,0.9,Religious / Sacred spiritual Vietnamese music,,unavailable,,unavailable,,unavailable,,missing,TIER_B,METADATA_ONLY,train
RMVM_S_ce993efe94,A Í A (Cuộc Đời Vẫn Đẹp Sao OST),Dương Trường Giang,ART_67b132dab9,OTHER,curated_out_of_taxonomy,0.9,Film Soundtrack / OST composition,,unavailable,,unavailable,,unavailable,,missing,TIER_B,METADATA_ONLY,train
RMVM_S_ceac01ff90,Sa Đéc Vào Xuân,Dương Hồng Loan,ART_ef4a4d3768,BOLERO_TRUTINH,deterministic_mapping,1.0,,,unavailable,data/lyrics/RMVM_S_ceac01ff90.txt,verified_local,data/covers/RMVM_S_ceac01ff90.jpg,verified_local,,missing,TIER_A,LYRICS_COVER,train
RMVM_S_ced50a8bab,Thà Đừng Nói Ra,Bảo Kun,ART_78e5fc09c6,POP_BALLAD,deterministic_mapping,1.0,,,unavailable,data/lyrics/RMVM_S_ced50a8bab.txt,verified_local,,unavailable,,missing,TIER_A,LYRICS_ONLY,train
RMVM_S_ceda35077b,Người Giàu Tương Tư,Thanh Vinh,ART_993f253972,BOLERO_TRUTINH,deterministic_mapping,1.0,,,unavailable,data/lyrics/RMVM_S_ceda35077b.txt,verified_local,,unavailable,,missing,TIER_A,LYRICS_ONLY,train
RMVM_S_cf1ec8286d,Có Một Người Vẫn Đợi (Ballad),Ngân Ngân,ART_4155bae4a8,POP_BALLAD,deterministic_mapping,1.0,,,unavailable,data/lyrics/RMVM_S_cf1ec8286d.txt,verified_local,,unavailable,,missing,TIER_A,LYRICS_ONLY,train
RMVM_S_cf2075173c,Có Lẽ Bên Nhau Là Sai (MUS Remix),"HHD, thaolinh, ViAM",ART_f968a605fe,DANCE_EDM,deterministic_mapping,1.0,,,unavailable,data/lyrics/RMVM_S_cf2075173c.txt,verified_local,,unavailable,,missing,TIER_A,LYRICS_ONLY,train
RMVM_S_cf4f0bdeb7,Biển Tình,Bảo Hân Bolero,ART_f69e0baf38,BOLERO_TRUTINH,deterministic_mapping,1.0,,,unavailable,data/lyrics/RMVM_S_cf4f0bdeb7.txt,verified_local,,unavailable,,missing,TIER_A,LYRICS_ONLY,train
RMVM_S_cf59546007,Bên Anh Còn Nỗi Nhớ,Ưng Hoàng Phúc,ART_f2f942414d,POP_BALLAD,deterministic_mapping,0.85,,,unavailable,,unavailable,,unavailable,,missing,TIER_B,METADATA_ONLY,train
RMVM_S_cf5ac20029,Mùa Đông Tim Anh Lại Khóc,Tam Hổ,ART_63290c924d,POP_BALLAD,deterministic_mapping,1.0,,,unavailable,data/lyrics/RMVM_S_cf5ac20029.txt,verified_local,,unavailable,,missing,TIER_A,LYRICS_ONLY,train
RMVM_S_cf7fe427a5,Mai Lỡ Mình Xa Nhau,"Hà My, Hoài Linh",ART_117f699096,BOLERO_TRUTINH,deterministic_mapping,1.0,,,unavailable,data/lyrics/RMVM_S_cf7fe427a5.txt,verified_local,,unavailable,,missing,TIER_A,LYRICS_ONLY,train
RMVM_S_cfb4f1f4ca,Cam Niệm Ân Sư,Diệu Đan,ART_cdeaf1410d,OTHER,curated_out_of_taxonomy,0.9,Religious / Sacred spiritual Vietnamese music,,unavailable,,unavailable,,unavailable,,missing,TIER_B,METADATA_ONLY,train
RMVM_S_cfbf39b8c1,Hey Ông Già Noel,Trương Quỳnh Anh,ART_54e2fd0501,POP_BALLAD,deterministic_mapping,0.85,,,unavailable,,unavailable,,unavailable,,missing,TIER_B,METADATA_ONLY,train
RMVM_S_cfd02fc80f,Nếu Biết Trước Ngày Mai,TRANG,ART_c786f96bb9,POP_BALLAD,deterministic_mapping,1.0,,,unavailable,data/lyrics/RMVM_S_cfd02fc80f.txt,verified_local,,unavailable,,missing,TIER_A,LYRICS_ONLY,train
RMVM_S_cfd9547ffa,Hương Tình Gái Quê,Hương Thủy,ART_1e195ce73c,INSTRUMENTAL,source_tag_verification,0.85,,,unavailable,data/lyrics/RMVM_S_cfd9547ffa.txt,verified_local,,unavailable,,missing,TIER_B,LYRICS_ONLY,train
RMVM_S_cfee4ee0b2,Khát Khao Chiến Thắng,Trần Ngọc Ánh,ART_1c465228e1,POP_BALLAD,deterministic_mapping,1.0,,,unavailable,data/lyrics/RMVM_S_cfee4ee0b2.txt,verified_local,data/covers/RMVM_S_cfee4ee0b2.jpg,verified_local,,missing,TIER_A,LYRICS_COVER,train
RMVM_S_cff37b7068,"Nếu Lúc Ấy (Vệ Sĩ, Tiểu Thư Và Chàng Khờ OST)","Bằng Kiều, Văn Mai Hương",ART_e5a22cd578,POP_BALLAD,deterministic_mapping,1.0,,,unavailable,data/lyrics/RMVM_S_cff37b7068.txt,verified_local,,unavailable,,missing,TIER_A,LYRICS_ONLY,train
RMVM_S_cff6e183cc,Để Dành Giấc Mơ,Thiên Nam,ART_e852ced6ad,POP_BALLAD,deterministic_mapping,1.0,,,unavailable,data/lyrics/RMVM_S_cff6e183cc.txt,verified_local,,unavailable,,missing,TIER_A,LYRICS_ONLY,train
RMVM_S_d016febfb2,Cháu Vẽ Ông Mặt Trời,Mầm Chồi Lá,ART_b88b9de8d8,CHILDREN,deterministic_mapping,1.0,,,unavailable,data/lyrics/RMVM_S_d016febfb2.txt,verified_local,,unavailable,,missing,TIER_A,LYRICS_ONLY,train
RMVM_S_d01df62d18,Anh Không Nhớ Em Vậy Đâu,"Xuf, Trà Hoa Cúc",ART_ea9554244a,POP_BALLAD,deterministic_mapping,1.0,,,unavailable,data/lyrics/RMVM_S_d01df62d18.txt,verified_local,,unavailable,,missing,TIER_A,LYRICS_ONLY,train
RMVM_S_d03482c0a7,Corona Ghét Lắm Nha,Thiên An,ART_4d16d0c4c1,POP_BALLAD,deterministic_mapping,1.0,,,unavailable,data/lyrics/RMVM_S_d03482c0a7.txt,verified_local,,unavailable,,missing,TIER_A,LYRICS_ONLY,train
RMVM_S_d03e4d1e3d,Ngàn Năm Vẫn Ðợi,Malise Tường Vy,ART_fdd960354c,POP_BALLAD,deterministic_mapping,1.0,,,unavailable,data/lyrics/RMVM_S_d03e4d1e3d.txt,verified_local,,unavailable,,missing,TIER_A,LYRICS_ONLY,train
RMVM_S_d049f53b34,Hy Vọng Quá Hóa Đau Lòng (Nguyễn Hoàng ft Hải Nam),"Exclusive Music, Nguyễn Vĩ",ART_89c48fa317,POP_BALLAD,deterministic_mapping,1.0,,,unavailable,data/lyrics/RMVM_S_d049f53b34.txt,verified_local,,unavailable,,missing,TIER_A,LYRICS_ONLY,train
RMVM_S_d04efb7846,Một Buổi Chiều Mơ,Lan Ngọc,ART_60ec5e68e7,BOLERO_TRUTINH,deterministic_mapping,1.0,,,unavailable,data/lyrics/RMVM_S_d04efb7846.txt,verified_local,,unavailable,,missing,TIER_A,LYRICS_ONLY,train
RMVM_S_d053e49642,Chợt Buồn Nghe Tiếng Ễnh Ương,Diệp Hoài Ngọc,ART_e7a9035f07,BOLERO_TRUTINH,deterministic_mapping,1.0,,,unavailable,data/lyrics/RMVM_S_d053e49642.txt,verified_local,,unavailable,,missing,TIER_A,LYRICS_ONLY,train
RMVM_S_d05654d585,Chẳng Thể Biết,"Sol7, Young Tulo",ART_dcb17251d3,POP_BALLAD,deterministic_mapping,1.0,,,unavailable,data/lyrics/RMVM_S_d05654d585.txt,verified_local,,unavailable,,missing,TIER_A,LYRICS_ONLY,train
RMVM_S_d08c98244b,Rap Về Nezuko (Lưỡi Gươm Diệt Quỷ),Phan Ann,ART_07345cf2b0,POP_BALLAD,deterministic_mapping,1.0,,,unavailable,data/lyrics/RMVM_S_d08c98244b.txt,verified_local,,unavailable,,missing,TIER_A,LYRICS_ONLY,train
RMVM_S_d0b737b7dd,Thương Xuân Ca,Nguyễn Hữu Kha,ART_2e043f0cab,POP_BALLAD,deterministic_mapping,1.0,,,unavailable,data/lyrics/RMVM_S_d0b737b7dd.txt,verified_local,,unavailable,,missing,TIER_A,LYRICS_ONLY,train
RMVM_S_d0c35ccf21,"Tiền Bạc Tựa Như Dao (Parody, Short Version)",Hoàng Hồng Quân,ART_fad8af9e99,POP_BALLAD,deterministic_mapping,1.0,,,unavailable,data/lyrics/RMVM_S_d0c35ccf21.txt,verified_local,data/covers/RMVM_S_d0c35ccf21.jpg,verified_local,,missing,TIER_A,LYRICS_COVER,train
RMVM_S_d0cbac0834,Trọn Kiếp Đơn Côi,Nguyễn Hưng,ART_a519ae6e77,INSTRUMENTAL,source_tag_verification,0.85,,,unavailable,data/lyrics/RMVM_S_d0cbac0834.txt,verified_local,,unavailable,,missing,TIER_B,LYRICS_ONLY,train
RMVM_S_d0cd378f00,Đưa Em Qua Cánh Đồng Vàng,"Quốc Đại, Vân Trang",ART_c99d0fd3c9,POP_BALLAD,deterministic_mapping,1.0,,,unavailable,data/lyrics/RMVM_S_d0cd378f00.txt,verified_local,,unavailable,,missing,TIER_A,LYRICS_ONLY,train
RMVM_S_d0e84e1eae,Những Ngày Mưa Gió,Cao Mỹ Kim,ART_4426e57fe6,POP_BALLAD,deterministic_mapping,1.0,,,unavailable,data/lyrics/RMVM_S_d0e84e1eae.txt,verified_local,,unavailable,,missing,TIER_A,LYRICS_ONLY,train
RMVM_S_d0f3ffc00d,Khi Ta Nằm Xuống,Quách Thành Danh,ART_e9410774a6,BOLERO_TRUTINH,deterministic_mapping,1.0,,,unavailable,data/lyrics/RMVM_S_d0f3ffc00d.txt,verified_local,data/covers/RMVM_S_d0f3ffc00d.jpg,verified_local,,missing,TIER_A,LYRICS_COVER,train
RMVM_S_d101d323a0,Nụ Cười Lọ Lem,VOX,ART_cd9a346bd6,POP_BALLAD,deterministic_mapping,1.0,,,unavailable,data/lyrics/RMVM_S_d101d323a0.txt,verified_local,,unavailable,,missing,TIER_A,LYRICS_ONLY,train
RMVM_S_d10979d067,Bảy Bước Tới Mùa Hè,Đào Líuloo,ART_822c42be8c,POP_BALLAD,deterministic_mapping,1.0,,,unavailable,data/lyrics/RMVM_S_d10979d067.txt,verified_local,,unavailable,,missing,TIER_A,LYRICS_ONLY,train
RMVM_S_d13ca6416e,Chỉ Có Thể Là Anh,TRANG,ART_c786f96bb9,POP_BALLAD,deterministic_mapping,1.0,,,unavailable,data/lyrics/RMVM_S_d13ca6416e.txt,verified_local,,unavailable,,missing,TIER_A,LYRICS_ONLY,train
RMVM_S_d14633e360,Kẻ Mộng Mơ (Lofi Version),"Reddy, Freak D",ART_ea32b51994,POP_BALLAD,deterministic_mapping,1.0,,,unavailable,data/lyrics/RMVM_S_d14633e360.txt,verified_local,,unavailable,,missing,TIER_A,LYRICS_ONLY,train
RMVM_S_d14a8b08ad,Gió Cuốn Anh Đi (Cha Ma OST),Nguyễn Duyên Quỳnh,ART_fca5fbf3bb,POP_BALLAD,deterministic_mapping,1.0,,,unavailable,data/lyrics/RMVM_S_d14a8b08ad.txt,verified_local,,unavailable,,missing,TIER_A,LYRICS_ONLY,train
RMVM_S_d14f42f8bb,Tâm Sự Với Anh,"Dương Hồng Loan, Lâm Hiếu",ART_dded1b183b,BOLERO_TRUTINH,deterministic_mapping,1.0,,,unavailable,data/lyrics/RMVM_S_d14f42f8bb.txt,verified_local,,unavailable,,missing,TIER_A,LYRICS_ONLY,train
RMVM_S_d15fd005ed,Anh Sẽ Yêu Em Đến Khi Nào (BLUE REMIX),ZIN MEDIA,ART_d31ea14d96,DANCE_EDM,deterministic_mapping,1.0,,,unavailable,data/lyrics/RMVM_S_d15fd005ed.txt,verified_local,,unavailable,,missing,TIER_A,LYRICS_ONLY,train
RMVM_S_d173ae964d,Đành Phụ Tình Người,Bonneur Trinh,ART_c7f8069413,POP_BALLAD,deterministic_mapping,1.0,,,unavailable,data/lyrics/RMVM_S_d173ae964d.txt,verified_local,,unavailable,,missing,TIER_A,LYRICS_ONLY,train
RMVM_S_d195b0f72d,Đau Nhất Là Yêu Nhiều Hơn,Bozitt,ART_c134d56ec9,POP_BALLAD,deterministic_mapping,1.0,,,unavailable,data/lyrics/RMVM_S_d195b0f72d.txt,verified_local,,unavailable,,missing,TIER_A,LYRICS_ONLY,train
RMVM_S_d1b56b53f1,Anh Đã Yêu Em (Beat),"Grey, H-Kray",ART_6141da51e4,POP_BALLAD,deterministic_mapping,1.0,,,unavailable,data/lyrics/RMVM_S_d1b56b53f1.txt,verified_local,,unavailable,,missing,TIER_A,LYRICS_ONLY,train
RMVM_S_d1c369e766,Sức Sống Trường Sa,Trang Nhung,ART_8d87063614,BOLERO_TRUTINH,deterministic_mapping,1.0,,,unavailable,data/lyrics/RMVM_S_d1c369e766.txt,verified_local,,unavailable,,missing,TIER_A,LYRICS_ONLY,train
RMVM_S_d1e61c99df,Liên Khúc Gió Về Miền Xuôi,"Đăng Nguyên, MC Tiến Vĩnh",ART_5b00623d5e,BOLERO_TRUTINH,deterministic_mapping,1.0,,,unavailable,data/lyrics/RMVM_S_d1e61c99df.txt,verified_local,,unavailable,,missing,TIER_A,LYRICS_ONLY,train
RMVM_S_d1e6d6fe95,Thương Về Cố Đô (2017),"Lương Gia Huy, Lâm Chấn Huy",ART_48f40ab9f5,FOLK_TRADITIONAL,deterministic_mapping,1.0,,,unavailable,data/lyrics/RMVM_S_d1e6d6fe95.txt,verified_local,,unavailable,2017.0,verified,TIER_A,LYRICS_ONLY,train
RMVM_S_d1f6311b25,"Liên Khúc: 60 Năm Cuộc Đời, 20-40","Nguyễn Hưng, Như Loan",ART_09816a6b35,BOLERO_TRUTINH,deterministic_mapping,1.0,,,unavailable,data/lyrics/RMVM_S_d1f6311b25.txt,verified_local,,unavailable,,missing,TIER_A,LYRICS_ONLY,train
RMVM_S_d20f9b58e5,Hỡi Tình Nào Hay,Thành Anh Tú T.A.T,ART_45fa231b82,POP_BALLAD,deterministic_mapping,1.0,,,unavailable,data/lyrics/RMVM_S_d20f9b58e5.txt,verified_local,data/covers/RMVM_S_d20f9b58e5.jpg,verified_local,,missing,TIER_A,LYRICS_COVER,train
RMVM_S_d259c93a80,Nặng Tình,Khả Hiệp,ART_6a21264362,POP_BALLAD,deterministic_mapping,1.0,,,unavailable,data/lyrics/RMVM_S_d259c93a80.txt,verified_local,,unavailable,,missing,TIER_A,LYRICS_ONLY,train
RMVM_S_d25e5c570e,Anh Thương Em Còn Non Dại,"Đình Dũng, ACV",ART_1c73d8c47f,RAP_HIPHOP,deterministic_mapping,1.0,,,unavailable,data/lyrics/RMVM_S_d25e5c570e.txt,verified_local,,unavailable,,missing,TIER_A,LYRICS_ONLY,train
RMVM_S_d269f1f70a,Buồn Tàn Thu,Họa Mi,ART_bf4b42fccd,INSTRUMENTAL,source_tag_verification,0.85,,,unavailable,data/lyrics/RMVM_S_d269f1f70a.txt,verified_local,,unavailable,,missing,TIER_B,LYRICS_ONLY,train
RMVM_S_d28668db3c,Ngoại Ô Buồn,Hà Thanh Tâm,ART_742f641699,POP_BALLAD,deterministic_mapping,1.0,,,unavailable,data/lyrics/RMVM_S_d28668db3c.txt,verified_local,,unavailable,,missing,TIER_A,LYRICS_ONLY,train
RMVM_S_d29604f1e3,Không Thể Quên Em,Mỹ Nhung,ART_1a486c4713,POP_BALLAD,deterministic_mapping,1.0,,,unavailable,,unavailable,data/covers/RMVM_S_d29604f1e3.jpg,verified_local,,missing,TIER_A,COVER_ONLY,train
RMVM_S_d2b866e090,Hình Dung Thoáng Qua,Trần,ART_043a1e9bdb,POP_BALLAD,deterministic_mapping,1.0,,,unavailable,data/lyrics/RMVM_S_d2b866e090.txt,verified_local,,unavailable,,missing,TIER_A,LYRICS_ONLY,train
RMVM_S_d2c2edbef7,Hương Ca Vô Tận (Nhạc Trữ Tình Mới Nhất 2022),Thanh Thanh Hiền,ART_9b07c10258,POP_BALLAD,deterministic_mapping,1.0,,,unavailable,data/lyrics/RMVM_S_d2c2edbef7.txt,verified_local,,unavailable,2022.0,verified,TIER_A,LYRICS_ONLY,train
RMVM_S_d2ced015d5,Có Những Niềm Riêng,Quang Dũng,ART_d0d47f53b1,BOLERO_TRUTINH,deterministic_mapping,1.0,,,unavailable,data/lyrics/RMVM_S_d2ced015d5.txt,verified_local,data/covers/RMVM_S_d2ced015d5.jpg,verified_local,,missing,TIER_A,LYRICS_COVER,train
RMVM_S_d2e16a41e8,Bốn Năm Vợ Chồng,Phương Tử Long,ART_6634b4bc6c,BOLERO_TRUTINH,deterministic_mapping,1.0,,,unavailable,data/lyrics/RMVM_S_d2e16a41e8.txt,verified_local,,unavailable,,missing,TIER_A,LYRICS_ONLY,train
RMVM_S_d312105a6c,Ai Ngoài Cánh Cửa,Xuân Mai,ART_fc7f4714c5,CHILDREN,artist_discography_verification,0.85,,,unavailable,data/lyrics/RMVM_S_d312105a6c.txt,verified_local,,unavailable,,missing,TIER_B,LYRICS_ONLY,train
RMVM_S_d31b625bce,Bỏ Lỡ Nhau Rồi (Lofi Version),"Hải Nam, Freak D",ART_81288884ac,POP_BALLAD,deterministic_mapping,1.0,,,unavailable,data/lyrics/RMVM_S_d31b625bce.txt,verified_local,,unavailable,,missing,TIER_A,LYRICS_ONLY,train
RMVM_S_d31ba1e017,Tình Là Thế,"BeeBoss, Tuấn Chung, Dương Huỳnh Khang",ART_7e9cc3c2f0,POP_BALLAD,deterministic_mapping,1.0,,,unavailable,,unavailable,data/covers/RMVM_S_d31ba1e017.jpg,verified_local,,missing,TIER_A,COVER_ONLY,train
RMVM_S_d330ef0e72,Cô Gái À Em Đừng Khóc Nữa (EDM),Oanh Tạ,ART_a9d43febda,POP_BALLAD,deterministic_mapping,1.0,,,unavailable,data/lyrics/RMVM_S_d330ef0e72.txt,verified_local,,unavailable,,missing,TIER_A,LYRICS_ONLY,train
RMVM_S_d347bc68dd,Anh Sẽ Để Em Đi,Kidz,ART_e701696252,POP_BALLAD,deterministic_mapping,1.0,,,unavailable,data/lyrics/RMVM_S_d347bc68dd.txt,verified_local,,unavailable,,missing,TIER_A,LYRICS_ONLY,train
RMVM_S_d3522296a3,Để Mãi Bên Nhau,Bằng Kiều,ART_e70c837c14,INSTRUMENTAL,source_tag_verification,0.85,,,unavailable,data/lyrics/RMVM_S_d3522296a3.txt,verified_local,,unavailable,,missing,TIER_B,LYRICS_ONLY,train
RMVM_S_d364002a8a,Tân Quý Phi Say Rượu,Lee Phú Quý,ART_0dae860da2,POP_BALLAD,deterministic_mapping,1.0,,,unavailable,data/lyrics/RMVM_S_d364002a8a.txt,verified_local,,unavailable,,missing,TIER_A,LYRICS_ONLY,train
RMVM_S_d37c70bf00,Anh Đi Tìm Em,Phúc Bồ,ART_4dac2c239c,POP_BALLAD,deterministic_mapping,1.0,,,unavailable,data/lyrics/RMVM_S_d37c70bf00.txt,verified_local,,unavailable,,missing,TIER_A,LYRICS_ONLY,train
RMVM_S_d37d1b1a08,Không Thể Bên Nhau,Hoa Vinh,ART_4deeefdb7f,POP_BALLAD,deterministic_mapping,1.0,,,unavailable,data/lyrics/RMVM_S_d37d1b1a08.txt,verified_local,,unavailable,,missing,TIER_A,LYRICS_ONLY,train
RMVM_S_d382a63d41,Sinh Ra Để Cô Đơn,Lily Chen / 陈洁丽,ART_27d59cca56,POP_BALLAD,deterministic_mapping,1.0,,,unavailable,data/lyrics/RMVM_S_d382a63d41.txt,verified_local,,unavailable,,missing,TIER_A,LYRICS_ONLY,train
RMVM_S_d38f23fb8c,Nét Đẹp Á Đông,Bảo Hân Bolero,ART_f69e0baf38,POP_BALLAD,deterministic_mapping,1.0,,,unavailable,data/lyrics/RMVM_S_d38f23fb8c.txt,verified_local,,unavailable,,missing,TIER_A,LYRICS_ONLY,train
RMVM_S_d3a5583bf3,Ánh Đèn Màu,Bông Mai,ART_285a5a7588,BOLERO_TRUTINH,deterministic_mapping,1.0,,,unavailable,data/lyrics/RMVM_S_d3a5583bf3.txt,verified_local,,unavailable,,missing,TIER_A,LYRICS_ONLY,train
RMVM_S_d3bfe958ec,Bình Minh Xua Tan Bóng Đêm,Minh Hằng,ART_5a1a4cd7d1,POP_BALLAD,deterministic_mapping,1.0,,,unavailable,data/lyrics/RMVM_S_d3bfe958ec.txt,verified_local,,unavailable,,missing,TIER_A,LYRICS_ONLY,train
RMVM_S_d3d12c7edc,BUỒN CON SÁO SẬU (Lofi Mix),Bùi Phi Long,ART_725ffd36a2,BOLERO_TRUTINH,deterministic_mapping,1.0,,,unavailable,data/lyrics/RMVM_S_d3d12c7edc.txt,verified_local,data/covers/RMVM_S_d3d12c7edc.jpg,verified_local,,missing,TIER_A,LYRICS_COVER,train
RMVM_S_d3ffe64912,Chỉ Là Không Cùng Nhau (Lofi Version),Gumin,ART_a929e3d6f2,POP_BALLAD,deterministic_mapping,1.0,,,unavailable,data/lyrics/RMVM_S_d3ffe64912.txt,verified_local,,unavailable,,missing,TIER_A,LYRICS_ONLY,train
RMVM_S_d40ec08de2,Chút Tâm Sự Người Đàn Ông,"Vũ Hoàng, Thạch Thảo",ART_98bbd428dd,BOLERO_TRUTINH,deterministic_mapping,1.0,,,unavailable,data/lyrics/RMVM_S_d40ec08de2.txt,verified_local,data/covers/RMVM_S_d40ec08de2.jpg,verified_local,,missing,TIER_A,LYRICS_COVER,train
RMVM_S_d4143c0092,Tốt Cho Cả Hai,"Quang Chợ Lầm, HHD",ART_58fb54a220,DANCE_EDM,deterministic_mapping,1.0,,,unavailable,data/lyrics/RMVM_S_d4143c0092.txt,verified_local,,unavailable,,missing,TIER_A,LYRICS_ONLY,train
RMVM_S_d422af0037,Tết Đã Về Đây,Hana Cẩm Tiên,ART_03c3d26c07,POP_BALLAD,deterministic_mapping,1.0,,,unavailable,data/lyrics/RMVM_S_d422af0037.txt,verified_local,data/covers/RMVM_S_d422af0037.jpg,verified_local,,missing,TIER_A,LYRICS_COVER,train
RMVM_S_d463fe4200,Lý Tình Xuân,Dương Hồng Loan,ART_ef4a4d3768,BOLERO_TRUTINH,deterministic_mapping,1.0,,,unavailable,data/lyrics/RMVM_S_d463fe4200.txt,verified_local,data/covers/RMVM_S_d463fe4200.jpg,verified_local,,missing,TIER_A,LYRICS_COVER,train
RMVM_S_d46725d887,Khúc Mùa Thu,Minh Thu,ART_d8168e026a,POP_BALLAD,deterministic_mapping,1.0,,,unavailable,,unavailable,data/covers/RMVM_S_d46725d887.jpg,verified_local,,missing,TIER_A,COVER_ONLY,train
RMVM_S_d4806e416d,Sự Thật Đã Bỏ Quên (Version 2),Hà Duy Thái,ART_78ba1d7948,POP_BALLAD,deterministic_mapping,1.0,,,unavailable,data/lyrics/RMVM_S_d4806e416d.txt,verified_local,,unavailable,,missing,TIER_A,LYRICS_ONLY,train
RMVM_S_d49687ccac,Muốn Hát Em Nghe,"NamD, Tuyền, Trang Phan",ART_46a6ad1608,POP_BALLAD,deterministic_mapping,1.0,,,unavailable,data/lyrics/RMVM_S_d49687ccac.txt,verified_local,,unavailable,,missing,TIER_A,LYRICS_ONLY,train
RMVM_S_d49d6309e4,Có Những Ngày Như Thế,Neon,ART_a63728c09c,POP_BALLAD,deterministic_mapping,1.0,,,unavailable,data/lyrics/RMVM_S_d49d6309e4.txt,verified_local,,unavailable,,missing,TIER_A,LYRICS_ONLY,train
RMVM_S_d4c23f1726,Có Một Thế Giới Em Phải Quên,Trương Thảo Nhi,ART_0fff381864,POP_BALLAD,deterministic_mapping,1.0,,,unavailable,data/lyrics/RMVM_S_d4c23f1726.txt,verified_local,,unavailable,,missing,TIER_A,LYRICS_ONLY,train
RMVM_S_d4c556e111,Kẻ Thật Lòng Phía Sau,"Linh Hương Luz, ZuongZero Ent",ART_f2e15b2375,POP_BALLAD,deterministic_mapping,1.0,,,unavailable,data/lyrics/RMVM_S_d4c556e111.txt,verified_local,,unavailable,,missing,TIER_A,LYRICS_ONLY,train
RMVM_S_d4e86cfc32,Anh Có Về Hà Tĩnh Với Em Không,Thanh Hương,ART_ebd4f9bdbe,POP_BALLAD,deterministic_mapping,1.0,,,unavailable,data/lyrics/RMVM_S_d4e86cfc32.txt,verified_local,,unavailable,,missing,TIER_A,LYRICS_ONLY,train
RMVM_S_d5153e8c6c,Anh Yêu Tà Áo Trắng,Nhật Tinh Anh,ART_497554b7f8,POP_BALLAD,deterministic_mapping,1.0,,,unavailable,data/lyrics/RMVM_S_d5153e8c6c.txt,verified_local,,unavailable,,missing,TIER_A,LYRICS_ONLY,train
RMVM_S_d5286d6d01,Chẳng Hề Đổi Thay,"Tăng Phúc, Trương Thảo Nhi, Gold MK",ART_45d11ad8ea,POP_BALLAD,deterministic_mapping,1.0,,,unavailable,data/lyrics/RMVM_S_d5286d6d01.txt,verified_local,,unavailable,,missing,TIER_A,LYRICS_ONLY,train
RMVM_S_d52a8f0f67,Liên Khúc Biết Đến Bao Giờ,Phước Lộc,ART_fa84dabe3d,BOLERO_TRUTINH,deterministic_mapping,1.0,,,unavailable,data/lyrics/RMVM_S_d52a8f0f67.txt,verified_local,,unavailable,,missing,TIER_A,LYRICS_ONLY,train
RMVM_S_d5376d4c56,Kẻ Nắm Người Buông,"NB3 Hoài Bảo, Châu Dương",ART_add38e9030,POP_BALLAD,deterministic_mapping,1.0,,,unavailable,data/lyrics/RMVM_S_d5376d4c56.txt,verified_local,,unavailable,,missing,TIER_A,LYRICS_ONLY,train
RMVM_S_d537d9f221,Chia Đôi Hạnh Phúc,Trương Chí Lâm,ART_32d08d2328,POP_BALLAD,deterministic_mapping,1.0,,,unavailable,data/lyrics/RMVM_S_d537d9f221.txt,verified_local,data/covers/RMVM_S_d537d9f221.jpg,verified_local,,missing,TIER_A,LYRICS_COVER,train
RMVM_S_d53af339a5,Đời Rồi Ai Cũng Như Ai,Dương Anh Tâm,ART_3d051f33c8,POP_BALLAD,deterministic_mapping,1.0,,,unavailable,data/lyrics/RMVM_S_d53af339a5.txt,verified_local,,unavailable,,missing,TIER_A,LYRICS_ONLY,train
RMVM_S_d53e987831,Tết Phát Tài (Xuân Phát Tài 9),Cẩm Ly,ART_310ca7b279,POP_BALLAD,deterministic_mapping,1.0,,,unavailable,data/lyrics/RMVM_S_d53e987831.txt,verified_local,data/covers/RMVM_S_d53e987831.jpg,verified_local,,missing,TIER_A,LYRICS_COVER,train
RMVM_S_d5446b3eb0,Tình Yêu Trọn Vẹn,Hoàng Kim,ART_6dca5a541d,POP_BALLAD,deterministic_mapping,1.0,,,unavailable,data/lyrics/RMVM_S_d5446b3eb0.txt,verified_local,,unavailable,,missing,TIER_A,LYRICS_ONLY,train
RMVM_S_d55c5ebe7b,Bao Lời Hoa Mỹ,"Lynk Lee, Nah",ART_997d84c851,POP_BALLAD,deterministic_mapping,1.0,,,unavailable,data/lyrics/RMVM_S_d55c5ebe7b.txt,verified_local,,unavailable,,missing,TIER_A,LYRICS_ONLY,train
RMVM_S_d55e145a11,Vì Anh Cần Em,Wanderlust,ART_b269f46aac,POP_BALLAD,deterministic_mapping,1.0,,,unavailable,data/lyrics/RMVM_S_d55e145a11.txt,verified_local,,unavailable,,missing,TIER_A,LYRICS_ONLY,train
RMVM_S_d5640b509f,Bái Đính Linh Thiêng Tự,Diệu Đan,ART_cdeaf1410d,OTHER,curated_out_of_taxonomy,0.9,Religious / Sacred spiritual Vietnamese music,,unavailable,,unavailable,,unavailable,,missing,TIER_B,METADATA_ONLY,train
RMVM_S_d57107dc96,Liên khúc Quê hương ba miền,Lê Trần Khánh Vy,ART_f85f4cc0d4,BOLERO_TRUTINH,deterministic_mapping,1.0,,,unavailable,,unavailable,data/covers/RMVM_S_d57107dc96.jpg,verified_local,,missing,TIER_A,COVER_ONLY,train
RMVM_S_d57820c947,Ai Đâu Hay (CM1X Remix),"Sean, CM1X",ART_905b2e896e,DANCE_EDM,deterministic_mapping,1.0,,,unavailable,data/lyrics/RMVM_S_d57820c947.txt,verified_local,,unavailable,,missing,TIER_A,LYRICS_ONLY,train
RMVM_S_d5813fed3a,Thương Thân Beat,"Hana Cẩm Tiên, Khánh Ân",ART_801ffb2462,POP_BALLAD,deterministic_mapping,1.0,,,unavailable,,unavailable,data/covers/RMVM_S_d5813fed3a.jpg,verified_local,,missing,TIER_A,COVER_ONLY,train
RMVM_S_d58f7e0938,Còn Ai Để Ý Nước Mắt Em Rơi,Thiên Tú,ART_b0af0bf20e,POP_BALLAD,deterministic_mapping,1.0,,,unavailable,data/lyrics/RMVM_S_d58f7e0938.txt,verified_local,,unavailable,,missing,TIER_A,LYRICS_ONLY,train
RMVM_S_d59bfa2c6c,ĐÊM GÀNH HÀO NGHE ĐIỆU HOÀI LANG (LOFI VERSION,"Bùi Phi Long, Trần Duy Đào",ART_52897241e8,BOLERO_TRUTINH,deterministic_mapping,1.0,,,unavailable,data/lyrics/RMVM_S_d59bfa2c6c.txt,verified_local,data/covers/RMVM_S_d59bfa2c6c.jpg,verified_local,,missing,TIER_A,LYRICS_COVER,train
RMVM_S_d59cd412fd,Những Trái Tim Hồng,Hương Lan,ART_8422601bfe,FOLK_TRADITIONAL,artist_discography_verification,0.85,,,unavailable,data/lyrics/RMVM_S_d59cd412fd.txt,verified_local,,unavailable,,missing,TIER_B,LYRICS_ONLY,train
RMVM_S_d5a73def18,Nữ Vương Địa Phận Vinh,Trường Sinh,ART_b1dd680e9f,BOLERO_TRUTINH,deterministic_mapping,1.0,,,unavailable,data/lyrics/RMVM_S_d5a73def18.txt,verified_local,,unavailable,,missing,TIER_A,LYRICS_ONLY,train
RMVM_S_d5b2a133b3,Liên Khúc Tình Bơ Vơ - Nếu Đời Không Có Anh,"Võ Thanh Linh, Hà My, Star Online",ART_76b14e8737,BOLERO_TRUTINH,deterministic_mapping,1.0,,,unavailable,,unavailable,data/covers/RMVM_S_d5b2a133b3.jpg,verified_local,,missing,TIER_A,COVER_ONLY,train
RMVM_S_d5b3cab260,Muốn Quên Đi Một Người Ta Đã Yêu,Lâm Chấn Huy,ART_6c383e0ed1,POP_BALLAD,deterministic_mapping,1.0,,,unavailable,data/lyrics/RMVM_S_d5b3cab260.txt,verified_local,,unavailable,,missing,TIER_A,LYRICS_ONLY,train
RMVM_S_d5d2bad0db,Tình Yêu Như Thế Đó,Bảo Hân,ART_2c2a520f17,INSTRUMENTAL,source_tag_verification,0.85,,,unavailable,data/lyrics/RMVM_S_d5d2bad0db.txt,verified_local,,unavailable,,missing,TIER_B,LYRICS_ONLY,train
RMVM_S_d5d4a12bce,Cho Họ Ghét Đi Em,Huỳnh James,ART_c393c6df6c,RAP_HIPHOP,deterministic_mapping,1.0,,,unavailable,data/lyrics/RMVM_S_d5d4a12bce.txt,verified_local,,unavailable,,missing,TIER_A,LYRICS_ONLY,train
RMVM_S_d5ebf8681b,Sao Em Nỡ Lừa Dối Anh,Tâm Đức Tài,ART_58f7a471f0,POP_BALLAD,deterministic_mapping,1.0,,,unavailable,data/lyrics/RMVM_S_d5ebf8681b.txt,verified_local,data/covers/RMVM_S_d5ebf8681b.jpg,verified_local,,missing,TIER_A,LYRICS_COVER,train
RMVM_S_d5f5124015,Vũ Điệu Tình Say,"Minh Tuyết, Lương Tùng Quang",ART_59554a93b3,INSTRUMENTAL,source_tag_verification,0.85,,,unavailable,data/lyrics/RMVM_S_d5f5124015.txt,verified_local,data/covers/RMVM_S_d5f5124015.jpg,verified_local,,missing,TIER_B,LYRICS_COVER,train
RMVM_S_d610858483,Mưa Đêm Một Mình,Tim,ART_b15d47e998,POP_BALLAD,deterministic_mapping,1.0,,,unavailable,data/lyrics/RMVM_S_d610858483.txt,verified_local,,unavailable,,missing,TIER_A,LYRICS_ONLY,train
RMVM_S_d612b75b22,Đường Về Hai Thôn,"Phan Hoàng Oanh, Hoàng Việt Trang",ART_f3a6c73185,BOLERO_TRUTINH,deterministic_mapping,1.0,,,unavailable,data/lyrics/RMVM_S_d612b75b22.txt,verified_local,data/covers/RMVM_S_d612b75b22.jpg,verified_local,,missing,TIER_A,LYRICS_COVER,train
RMVM_S_d613ae763e,Cơn Mưa Ngang Qua (Remix 2022),Sơn Tùng M-TP,ART_8f722c4f53,DANCE_EDM,deterministic_mapping,1.0,,,unavailable,data/lyrics/RMVM_S_d613ae763e.txt,verified_local,,unavailable,2022.0,verified,TIER_A,LYRICS_ONLY,train
RMVM_S_d61cee69b5,Khói Thuốc Đợi Chờ,Khải Đăng,ART_77d10f700c,POP_BALLAD,deterministic_mapping,1.0,,,unavailable,data/lyrics/RMVM_S_d61cee69b5.txt,verified_local,,unavailable,,missing,TIER_A,LYRICS_ONLY,train
RMVM_S_d6368c1940,Nếu Anh Thấy Lòng Mình Yếu Đuối,"Tùa, CM1X",ART_a695cc9153,POP_BALLAD,deterministic_mapping,1.0,,,unavailable,data/lyrics/RMVM_S_d6368c1940.txt,verified_local,,unavailable,,missing,TIER_A,LYRICS_ONLY,train
RMVM_S_d64e41c4a8,Có Ai Khi Yêu,Kiều Phạm,ART_8e268ef18e,POP_BALLAD,deterministic_mapping,1.0,,,unavailable,data/lyrics/RMVM_S_d64e41c4a8.txt,verified_local,data/covers/RMVM_S_d64e41c4a8.jpg,verified_local,,missing,TIER_A,LYRICS_COVER,train
RMVM_S_d6544dec9b,Sót Lại Vệt Buồn,Nhiều nghệ sĩ,ART_736b531937,RAP_HIPHOP,deterministic_mapping,1.0,,,unavailable,data/lyrics/RMVM_S_d6544dec9b.txt,verified_local,,unavailable,,missing,TIER_A,LYRICS_ONLY,train
RMVM_S_d6632ff4e6,Anh Phải Quên (Beat),Cao Nam Thành,ART_96f1876e49,POP_BALLAD,deterministic_mapping,1.0,,,unavailable,data/lyrics/RMVM_S_d6632ff4e6.txt,verified_local,,unavailable,,missing,TIER_A,LYRICS_ONLY,train
RMVM_S_d67bd115d5,Người Ta (Beat),Sĩ Thanh,ART_2f43c0c1d9,POP_BALLAD,deterministic_mapping,1.0,,,unavailable,data/lyrics/RMVM_S_d67bd115d5.txt,verified_local,,unavailable,,missing,TIER_A,LYRICS_ONLY,train
RMVM_S_d690d34589,Liên Khúc Khu Phố Ngày Xưa - Xa Người Mình Yêu,"Phi Nga, Star Online",ART_9549670c8c,POP_BALLAD,deterministic_mapping,1.0,,,unavailable,,unavailable,data/covers/RMVM_S_d690d34589.jpg,verified_local,,missing,TIER_A,COVER_ONLY,train
RMVM_S_d69438d8f9,Điều Cha Chưa Nói,Ali Hoang Duong,ART_3f20e8b3ff,POP_BALLAD,deterministic_mapping,1.0,,,unavailable,data/lyrics/RMVM_S_d69438d8f9.txt,verified_local,,unavailable,,missing,TIER_A,LYRICS_ONLY,train
RMVM_S_d6b7d191b3,Mẹ Già Không Thể Chờ (Beat),Nguyễn Hữu Thành,ART_b4871a660e,BOLERO_TRUTINH,deterministic_mapping,1.0,,,unavailable,data/lyrics/RMVM_S_d6b7d191b3.txt,verified_local,,unavailable,,missing,TIER_A,LYRICS_ONLY,train
RMVM_S_d6bae32311,Yêu Cô Gái Bạc Liêu,Kim Tuyến,ART_56b8158daa,POP_BALLAD,deterministic_mapping,1.0,,,unavailable,,unavailable,data/covers/RMVM_S_d6bae32311.jpg,verified_local,,missing,TIER_A,COVER_ONLY,train
RMVM_S_d6c63187f1,Như Vẫn Còn Yêu,Vy Oanh,ART_4835a2401f,POP_BALLAD,deterministic_mapping,1.0,,,unavailable,data/lyrics/RMVM_S_d6c63187f1.txt,verified_local,,unavailable,,missing,TIER_A,LYRICS_ONLY,train
RMVM_S_d6d98511bf,Mẹ Con Sai Rồi,Bé Hiển Thông,ART_e18713999a,POP_BALLAD,deterministic_mapping,1.0,,,unavailable,data/lyrics/RMVM_S_d6d98511bf.txt,verified_local,,unavailable,,missing,TIER_A,LYRICS_ONLY,train
RMVM_S_d6dd818841,Liên Khúc: Bóng Nhỏ Đường Chiều,Ân Thiên Vỹ,ART_a7e34b8ed2,BOLERO_TRUTINH,deterministic_mapping,1.0,,,unavailable,data/lyrics/RMVM_S_d6dd818841.txt,verified_local,,unavailable,,missing,TIER_A,LYRICS_ONLY,train
RMVM_S_d6e9c6f478,Đường Nào Em Đi,Hoàng Châu,ART_b1a63e3d25,BOLERO_TRUTINH,deterministic_mapping,1.0,,,unavailable,data/lyrics/RMVM_S_d6e9c6f478.txt,verified_local,,unavailable,,missing,TIER_A,LYRICS_ONLY,train
RMVM_S_d7167d4f55,Cô Đơn Sẽ Tốt Hơn,Lương Gia Hùng,ART_b70987d85c,POP_BALLAD,deterministic_mapping,1.0,,,unavailable,data/lyrics/RMVM_S_d7167d4f55.txt,verified_local,data/covers/RMVM_S_d7167d4f55.jpg,verified_local,,missing,TIER_A,LYRICS_COVER,train
RMVM_S_d71badaa59,Dù Sai Em Vẫn Yêu Anh,Hạnh Sino,ART_5c5bcdc6fb,POP_BALLAD,deterministic_mapping,1.0,,,unavailable,data/lyrics/RMVM_S_d71badaa59.txt,verified_local,,unavailable,,missing,TIER_A,LYRICS_ONLY,train
RMVM_S_d72428680a,Đoàn Xuân Ca,"Lâm Hoài Phong, Hoàng Hoa",ART_1b25216aa7,POP_BALLAD,deterministic_mapping,1.0,,,unavailable,data/lyrics/RMVM_S_d72428680a.txt,verified_local,,unavailable,,missing,TIER_A,LYRICS_ONLY,train
RMVM_S_d724dd21ae,Anh Còn Nhớ Em,Trương Chí Lâm,ART_32d08d2328,POP_BALLAD,deterministic_mapping,1.0,,,unavailable,data/lyrics/RMVM_S_d724dd21ae.txt,verified_local,data/covers/RMVM_S_d724dd21ae.jpg,verified_local,,missing,TIER_A,LYRICS_COVER,train
RMVM_S_d7345de804,Khúc Biệt Tình Lang,Lê Như,ART_0ee2dcc808,BOLERO_TRUTINH,deterministic_mapping,1.0,,,unavailable,data/lyrics/RMVM_S_d7345de804.txt,verified_local,,unavailable,,missing,TIER_A,LYRICS_ONLY,train
RMVM_S_d748140c90,Tình yêu không phải trò chơi,Lâm Chấn Huy,ART_6c383e0ed1,POP_BALLAD,deterministic_mapping,1.0,,,unavailable,data/lyrics/RMVM_S_d748140c90.txt,verified_local,,unavailable,,missing,TIER_A,LYRICS_ONLY,train
RMVM_S_d778a075a9,Bán Hồ Sa,Lee Phú Quý,ART_0dae860da2,POP_BALLAD,deterministic_mapping,1.0,,,unavailable,data/lyrics/RMVM_S_d778a075a9.txt,verified_local,data/covers/RMVM_S_d778a075a9.jpg,verified_local,,missing,TIER_A,LYRICS_COVER,train
RMVM_S_d78a7f562a,"Bỏ Lỡ Một Người, Bỏ Lỡ Một Đời","Châu Khải Phong, Lê Chí Trung",ART_bb5444069e,POP_BALLAD,deterministic_mapping,1.0,,,unavailable,data/lyrics/RMVM_S_d78a7f562a.txt,verified_local,,unavailable,,missing,TIER_A,LYRICS_ONLY,train
RMVM_S_d7d99a3bcd,Anh Em Bỏ Nhau Sao Đành (Phim Ngắn Thua Một Người Dưng 2),Kim Tiểu Long,ART_a1101b38fa,BOLERO_TRUTINH,deterministic_mapping,1.0,,,unavailable,data/lyrics/RMVM_S_d7d99a3bcd.txt,verified_local,data/covers/RMVM_S_d7d99a3bcd.jpg,verified_local,,missing,TIER_A,LYRICS_COVER,train
RMVM_S_d7e25ea687,Xa Dần Bóng Em,Khánh Vỹ TK,ART_ab6391e898,POP_BALLAD,deterministic_mapping,1.0,,,unavailable,data/lyrics/RMVM_S_d7e25ea687.txt,verified_local,data/covers/RMVM_S_d7e25ea687.jpg,verified_local,,missing,TIER_A,LYRICS_COVER,train
RMVM_S_d7fc1fda60,Lạc Bước Thiên Đường (Tropical Version),"Đức Hati, Htrol",ART_26c4156fd7,POP_BALLAD,deterministic_mapping,1.0,,,unavailable,data/lyrics/RMVM_S_d7fc1fda60.txt,verified_local,,unavailable,,missing,TIER_A,LYRICS_ONLY,train
RMVM_S_d8021ed37c,Khi Nào Em Nói Yêu Anh,SMS,ART_18b43c6a53,POP_BALLAD,deterministic_mapping,1.0,,,unavailable,data/lyrics/RMVM_S_d8021ed37c.txt,verified_local,,unavailable,,missing,TIER_A,LYRICS_ONLY,train
RMVM_S_d802affe3a,Cửa Tâm Hồn,"KindyA, CvP, KaWaiiBi",ART_6e9dbe8522,RAP_HIPHOP,deterministic_mapping,1.0,,,unavailable,data/lyrics/RMVM_S_d802affe3a.txt,verified_local,,unavailable,,missing,TIER_A,LYRICS_ONLY,train
RMVM_S_d824dfb982,800 Màn Đêm,"TeuYungBoy, Hazel",ART_6abe721060,RAP_HIPHOP,deterministic_mapping,1.0,,,unavailable,data/lyrics/RMVM_S_d824dfb982.txt,verified_local,data/covers/RMVM_S_d824dfb982.jpg,verified_local,,missing,TIER_A,LYRICS_COVER,train
RMVM_S_d8444a959d,Đừng Vội Hẹn Ước,Jackie Thắng Nguyễn,ART_da9e01006b,POP_BALLAD,deterministic_mapping,1.0,,,unavailable,data/lyrics/RMVM_S_d8444a959d.txt,verified_local,,unavailable,,missing,TIER_A,LYRICS_ONLY,train
RMVM_S_d8649b6979,Dặm Trường Tương Tư,Dee Trần,ART_57dfc97013,POP_BALLAD,deterministic_mapping,1.0,,,unavailable,data/lyrics/RMVM_S_d8649b6979.txt,verified_local,,unavailable,,missing,TIER_A,LYRICS_ONLY,train
RMVM_S_d86a15457a,Cần Thiết,Thanh Hà,ART_52aeafc1b7,INSTRUMENTAL,source_tag_verification,0.85,,,unavailable,data/lyrics/RMVM_S_d86a15457a.txt,verified_local,,unavailable,,missing,TIER_B,LYRICS_ONLY,train
RMVM_S_d877b913ad,LK Gõ cửa trái tim,"Chế Thanh, Vũ Hải",ART_02663741e4,INSTRUMENTAL,source_tag_verification,0.85,,,unavailable,,unavailable,data/covers/RMVM_S_d877b913ad.jpg,verified_local,,missing,TIER_B,COVER_ONLY,train
RMVM_S_d881d74d0e,Chuyến Trọ Trần,Trường Sang,ART_93d71ef13c,BOLERO_TRUTINH,deterministic_mapping,1.0,,,unavailable,data/lyrics/RMVM_S_d881d74d0e.txt,verified_local,,unavailable,,missing,TIER_A,LYRICS_ONLY,train
RMVM_S_d88ff38e4e,Mashup: Bài Thánh Ca Buồn - Hai Mùa Noel,"Anh Khang, Quỳnh Trang",ART_edff91e08b,POP_BALLAD,deterministic_mapping,1.0,,,unavailable,data/lyrics/RMVM_S_d88ff38e4e.txt,verified_local,,unavailable,,missing,TIER_A,LYRICS_ONLY,train
RMVM_S_d892074f29,Em Hãy Về Cùng Anh,Trường Kha,ART_abe0f2439b,FOLK_TRADITIONAL,deterministic_mapping,1.0,,,unavailable,data/lyrics/RMVM_S_d892074f29.txt,verified_local,,unavailable,,missing,TIER_A,LYRICS_ONLY,train
RMVM_S_d8a9a2f77f,Anh Chẳng Sao Mà (Beat),Khang Việt,ART_8a69eef7ef,POP_BALLAD,deterministic_mapping,1.0,,,unavailable,data/lyrics/RMVM_S_d8a9a2f77f.txt,verified_local,,unavailable,,missing,TIER_A,LYRICS_ONLY,train
RMVM_S_d8b2a47292,Chỉ Cần Một Giây Thôi,Tóc Tiên,ART_0078d1d8e6,INSTRUMENTAL,source_tag_verification,0.85,,,unavailable,data/lyrics/RMVM_S_d8b2a47292.txt,verified_local,,unavailable,,missing,TIER_B,LYRICS_ONLY,train
RMVM_S_d8f2f06c05,Hãy Nói Lời Yêu Thương,Trường Sơn,ART_f60bdc9895,BOLERO_TRUTINH,deterministic_mapping,1.0,,,unavailable,data/lyrics/RMVM_S_d8f2f06c05.txt,verified_local,,unavailable,,missing,TIER_A,LYRICS_ONLY,train
RMVM_S_d90b2d47ed,Bảy Ơn Chúa Thánh Thần,Nguyễn Hồng Ân,ART_7633be609c,OTHER,curated_out_of_taxonomy,0.9,Religious / Sacred spiritual Vietnamese music,,unavailable,,unavailable,,unavailable,,missing,TIER_B,METADATA_ONLY,train
RMVM_S_d9117c5ca9,Bài Ca Tình Nhớ,Dương Triệu Vũ,ART_40c6c237c0,INSTRUMENTAL,source_tag_verification,0.85,,,unavailable,data/lyrics/RMVM_S_d9117c5ca9.txt,verified_local,,unavailable,,missing,TIER_B,LYRICS_ONLY,train
RMVM_S_d92fa6d44e,Vào Đời (2023 Version),Thanh Ngọc,ART_55a2673c86,POP_BALLAD,deterministic_mapping,1.0,,,unavailable,data/lyrics/RMVM_S_d92fa6d44e.txt,verified_local,,unavailable,2023.0,verified,TIER_A,LYRICS_ONLY,train
RMVM_S_d9563eef71,Gửi Về Nơi Cuối Đất,Họa Mi,ART_bf4b42fccd,BOLERO_TRUTINH,deterministic_mapping,1.0,,,unavailable,data/lyrics/RMVM_S_d9563eef71.txt,verified_local,,unavailable,,missing,TIER_A,LYRICS_ONLY,train
RMVM_S_d9672b4468,Nói anh nghe những điều mà,Duongg,ART_4b2dae7d29,POP_BALLAD,deterministic_mapping,1.0,,,unavailable,data/lyrics/RMVM_S_d9672b4468.txt,verified_local,,unavailable,,missing,TIER_A,LYRICS_ONLY,train
RMVM_S_d9812026df,Ai Lấy Đi Hoàng Hôn,Lê Tiến,ART_115b5d338a,POP_BALLAD,deterministic_mapping,1.0,,,unavailable,data/lyrics/RMVM_S_d9812026df.txt,verified_local,data/covers/RMVM_S_d9812026df.jpg,verified_local,,missing,TIER_A,LYRICS_COVER,train
RMVM_S_d997623fd0,Rất Huế,Bảo Yến,ART_43fbb5fa06,BOLERO_TRUTINH,deterministic_mapping,1.0,,,unavailable,data/lyrics/RMVM_S_d997623fd0.txt,verified_local,,unavailable,,missing,TIER_A,LYRICS_ONLY,train
RMVM_S_d99ce4daa0,"LK Nhớ Nhau Hoài, Cho Người Vào Cuộc Chiến","Cao Hồng Hữu, Hồng Phượng",ART_fa358d31bb,BOLERO_TRUTINH,deterministic_mapping,1.0,,,unavailable,data/lyrics/RMVM_S_d99ce4daa0.txt,verified_local,data/covers/RMVM_S_d99ce4daa0.jpg,verified_local,,missing,TIER_A,LYRICS_COVER,train
RMVM_S_d9b7bd3c7d,Tự Anh Sai,"A Tổ, IC Music",ART_06a296e59d,POP_BALLAD,deterministic_mapping,1.0,,,unavailable,data/lyrics/RMVM_S_d9b7bd3c7d.txt,verified_local,,unavailable,,missing,TIER_A,LYRICS_ONLY,train
RMVM_S_d9ecdb5844,Vì Nghèo,"Diễm Trang, Hoàng Diễn",ART_6c43dddb6f,POP_BALLAD,deterministic_mapping,1.0,,,unavailable,data/lyrics/RMVM_S_d9ecdb5844.txt,verified_local,,unavailable,,missing,TIER_A,LYRICS_ONLY,train
RMVM_S_d9f987c7f0,Không Thành Đôi (Đạt R Remix),"Bình Boo, HOA HỒNG DẠI MUSIC",ART_d97a6bd476,DANCE_EDM,deterministic_mapping,1.0,,,unavailable,data/lyrics/RMVM_S_d9f987c7f0.txt,verified_local,,unavailable,,missing,TIER_A,LYRICS_ONLY,train
RMVM_S_da38ffec98,Em Hát Ai Nghe (Lofi Version),Orange,ART_fe01d67a00,POP_BALLAD,deterministic_mapping,1.0,,,unavailable,data/lyrics/RMVM_S_da38ffec98.txt,verified_local,,unavailable,,missing,TIER_A,LYRICS_ONLY,train
RMVM_S_da71394d09,Tháng 7 Của Anh (Masew Mix),"Khói, Masew",ART_35657d6229,RAP_HIPHOP,deterministic_mapping,1.0,,,unavailable,data/lyrics/RMVM_S_da71394d09.txt,verified_local,,unavailable,,missing,TIER_A,LYRICS_ONLY,train
RMVM_S_da7f167a32,Chờ Người Vô Tình (Version 2021),Kayshi,ART_2fc5f26614,POP_BALLAD,deterministic_mapping,1.0,,,unavailable,data/lyrics/RMVM_S_da7f167a32.txt,verified_local,,unavailable,2021.0,verified,TIER_A,LYRICS_ONLY,train
RMVM_S_da887ab755,Nụ Hôn Biệt Ly (Remix),Kasim Hoàng Vũ,ART_1b2b60e16b,POP_BALLAD,deterministic_mapping,1.0,,,unavailable,data/lyrics/RMVM_S_da887ab755.txt,verified_local,,unavailable,,missing,TIER_A,LYRICS_ONLY,train
RMVM_S_da8b8beee5,2000 câu hỏi vì sao,AMEE,ART_89a639b309,POP_BALLAD,deterministic_mapping,1.0,,,unavailable,data/lyrics/RMVM_S_da8b8beee5.txt,verified_local,,unavailable,,missing,TIER_A,LYRICS_ONLY,train
RMVM_S_daa6181175,Vợ Chồng Quê,"Ái Vân, Elvis Phương",ART_ae22c37494,INSTRUMENTAL,source_tag_verification,0.85,,,unavailable,data/lyrics/RMVM_S_daa6181175.txt,verified_local,,unavailable,,missing,TIER_B,LYRICS_ONLY,train
RMVM_S_dab820f559,Buồn Nốt Hôm Nay,Tăng Duy Tân,ART_affec4d0ca,POP_BALLAD,deterministic_mapping,1.0,,,unavailable,data/lyrics/RMVM_S_dab820f559.txt,verified_local,,unavailable,,missing,TIER_A,LYRICS_ONLY,train
RMVM_S_dac11a64fe,Gánh Chè Đêm Của Mẹ,Phương Mỹ Chi,ART_9dad669896,BOLERO_TRUTINH,deterministic_mapping,1.0,,,unavailable,data/lyrics/RMVM_S_dac11a64fe.txt,verified_local,,unavailable,,missing,TIER_A,LYRICS_ONLY,train
RMVM_S_dad0015ca7,Khát Khao Ánh Mặt Trời,Lương Tùng Quang,ART_a9b65420c2,INSTRUMENTAL,source_tag_verification,0.85,,,unavailable,data/lyrics/RMVM_S_dad0015ca7.txt,verified_local,,unavailable,,missing,TIER_B,LYRICS_ONLY,train
RMVM_S_dada8a1e91,Lỡ Duyên Tủi Phận,Út Nhị Mino,ART_6ff716596c,POP_BALLAD,deterministic_mapping,1.0,,,unavailable,data/lyrics/RMVM_S_dada8a1e91.txt,verified_local,,unavailable,,missing,TIER_A,LYRICS_ONLY,train
RMVM_S_dae05947aa,Cảm Ơn Tình Yêu Chúa,Nam Vương Bảo Lê,ART_7e2747d6d4,POP_BALLAD,deterministic_mapping,1.0,,,unavailable,data/lyrics/RMVM_S_dae05947aa.txt,verified_local,,unavailable,,missing,TIER_A,LYRICS_ONLY,train
RMVM_S_dae737df10,Dường Như Đã,"Bùi Hoàng Yến, The Loops Band",ART_30d86ec523,POP_BALLAD,deterministic_mapping,1.0,,,unavailable,data/lyrics/RMVM_S_dae737df10.txt,verified_local,,unavailable,,missing,TIER_A,LYRICS_ONLY,train
RMVM_S_daec2a392f,Không Buồn Đâu Không Hận Đâu (Remix),MyMy,ART_62695e8f32,DANCE_EDM,deterministic_mapping,1.0,,,unavailable,data/lyrics/RMVM_S_daec2a392f.txt,verified_local,,unavailable,,missing,TIER_A,LYRICS_ONLY,train
RMVM_S_daec5d2a8c,Dâng Ngọn Nến Hồng,Lm. Quang Lâm,ART_131de67c02,OTHER,curated_out_of_taxonomy,0.9,Religious / Sacred spiritual Vietnamese music,,unavailable,,unavailable,,unavailable,,missing,TIER_B,METADATA_ONLY,train
RMVM_S_db0b50fe64,Cái Gì Của Mình Sẽ Là Của Mình,Bùi Vĩnh Phúc,ART_d6ddbdf499,POP_BALLAD,deterministic_mapping,1.0,,,unavailable,data/lyrics/RMVM_S_db0b50fe64.txt,verified_local,data/covers/RMVM_S_db0b50fe64.jpg,verified_local,,missing,TIER_A,LYRICS_COVER,train
RMVM_S_db0e1a40ce,Cóc Ổi Xoài,Hoàng Trang,ART_c2ec1fd804,POP_BALLAD,deterministic_mapping,1.0,,,unavailable,data/lyrics/RMVM_S_db0e1a40ce.txt,verified_local,,unavailable,,missing,TIER_A,LYRICS_ONLY,train
RMVM_S_db176baf85,Mối Tình Xa Xưa,"Tấn Minh, Uyên Di",ART_7857367886,BOLERO_TRUTINH,deterministic_mapping,1.0,,,unavailable,data/lyrics/RMVM_S_db176baf85.txt,verified_local,,unavailable,,missing,TIER_A,LYRICS_ONLY,train
RMVM_S_db1fc250f2,Lời Khuyên Của Mẹ,Yến Ly,ART_6b212f549e,BOLERO_TRUTINH,deterministic_mapping,1.0,,,unavailable,data/lyrics/RMVM_S_db1fc250f2.txt,verified_local,data/covers/RMVM_S_db1fc250f2.jpg,verified_local,,missing,TIER_A,LYRICS_COVER,train
RMVM_S_db2240851b,Được Tin Em Lấy Chồng (Remix),Khưu Huy Vũ,ART_6b80279d12,POP_BALLAD,deterministic_mapping,1.0,,,unavailable,data/lyrics/RMVM_S_db2240851b.txt,verified_local,,unavailable,,missing,TIER_A,LYRICS_ONLY,train
RMVM_S_db27f21b5e,Mashup Ai Khóc Nỗi Đau Này - Mong Manh Tình Về,Tùng Linh,ART_45319aa419,POP_BALLAD,deterministic_mapping,1.0,,,unavailable,data/lyrics/RMVM_S_db27f21b5e.txt,verified_local,data/covers/RMVM_S_db27f21b5e.jpg,verified_local,,missing,TIER_A,LYRICS_COVER,train
RMVM_S_db4ad2213c,Bạn Chơi Tốt Tôi Đáp Lại,Lâm Chấn Huy,ART_6c383e0ed1,POP_BALLAD,deterministic_mapping,1.0,,,unavailable,data/lyrics/RMVM_S_db4ad2213c.txt,verified_local,data/covers/RMVM_S_db4ad2213c.jpg,verified_local,,missing,TIER_A,LYRICS_COVER,train
RMVM_S_db63ab6b49,Em Bỏ Sau Lưng,Đan Trường,ART_d7d6ae2597,BOLERO_TRUTINH,deterministic_mapping,1.0,,,unavailable,data/lyrics/RMVM_S_db63ab6b49.txt,verified_local,,unavailable,,missing,TIER_A,LYRICS_ONLY,train
RMVM_S_db789eecac,Bức Thư Gửi Con,Hồ Việt Trung,ART_c9878142a1,POP_BALLAD,deterministic_mapping,1.0,,,unavailable,data/lyrics/RMVM_S_db789eecac.txt,verified_local,,unavailable,,missing,TIER_A,LYRICS_ONLY,train
RMVM_S_db96a8d212,Em Đang Nơi Nào,Bạch Công Khanh,ART_4699a16cc7,POP_BALLAD,deterministic_mapping,1.0,,,unavailable,data/lyrics/RMVM_S_db96a8d212.txt,verified_local,,unavailable,,missing,TIER_A,LYRICS_ONLY,train
RMVM_S_dba6f0dd08,Đánh Mất Anh (HM Remix),Mai Tiger,ART_da12e4e970,POP_BALLAD,deterministic_mapping,1.0,,,unavailable,data/lyrics/RMVM_S_dba6f0dd08.txt,verified_local,,unavailable,,missing,TIER_A,LYRICS_ONLY,train
RMVM_S_dbf0534d5b,Gương Vỡ Không Lành,Giang Nam,ART_61ae7104b1,POP_BALLAD,deterministic_mapping,1.0,,,unavailable,data/lyrics/RMVM_S_dbf0534d5b.txt,verified_local,,unavailable,,missing,TIER_A,LYRICS_ONLY,train
RMVM_S_dc3b6e4d4d,Yêu Vợ Nhất (Remix),Lý Tuấn Kiệt,ART_3af0664099,DANCE_EDM,deterministic_mapping,1.0,,,unavailable,data/lyrics/RMVM_S_dc3b6e4d4d.txt,verified_local,,unavailable,,missing,TIER_A,LYRICS_ONLY,train
RMVM_S_dc44b41da7,Tình Nồng Phai Dấu,Lương Gia Huy,ART_f51be84ba3,POP_BALLAD,deterministic_mapping,1.0,,,unavailable,data/lyrics/RMVM_S_dc44b41da7.txt,verified_local,,unavailable,,missing,TIER_A,LYRICS_ONLY,train
RMVM_S_dc6aab26c3,Cô Ấy Nói (Lofi Version),"Ngô Anh Đạt, Freak D",ART_d8ba88347d,POP_BALLAD,deterministic_mapping,1.0,,,unavailable,data/lyrics/RMVM_S_dc6aab26c3.txt,verified_local,,unavailable,,missing,TIER_A,LYRICS_ONLY,train
RMVM_S_dc7084223d,Nước Mắt Cho Mây,Kiều Nga,ART_b96effccba,INSTRUMENTAL,source_tag_verification,0.85,,,unavailable,data/lyrics/RMVM_S_dc7084223d.txt,verified_local,,unavailable,,missing,TIER_B,LYRICS_ONLY,train
RMVM_S_dc8e828fe4,Anh Là Người Đàn Ông Không Tốt,Long Hải,ART_602a5294cc,POP_BALLAD,deterministic_mapping,1.0,,,unavailable,data/lyrics/RMVM_S_dc8e828fe4.txt,verified_local,,unavailable,,missing,TIER_A,LYRICS_ONLY,train
RMVM_S_dcaf0e5c88,Phút Giây Nồng Say,Vân Quang Long,ART_a625dedbca,POP_BALLAD,deterministic_mapping,1.0,,,unavailable,data/lyrics/RMVM_S_dcaf0e5c88.txt,verified_local,,unavailable,,missing,TIER_A,LYRICS_ONLY,train
RMVM_S_dcc5f86620,Còn Mãi Yêu Thương,Lưu Bích,ART_4c4952faa8,INSTRUMENTAL,source_tag_verification,0.85,,,unavailable,data/lyrics/RMVM_S_dcc5f86620.txt,verified_local,,unavailable,,missing,TIER_B,LYRICS_ONLY,train
RMVM_S_dcc8fb3729,Đà Lạt phố nhớ người dưng,"Trương Lê Sơn, Hoàng Lê Vi",ART_b0469aa596,POP_BALLAD,deterministic_mapping,1.0,,,unavailable,data/lyrics/RMVM_S_dcc8fb3729.txt,verified_local,,unavailable,,missing,TIER_A,LYRICS_ONLY,train
RMVM_S_dcd48d068c,Nhưng Anh Vẫn Yêu Em (Remix),Phạm Đình Thái Ngân,ART_317bd50d6c,POP_BALLAD,deterministic_mapping,1.0,,,unavailable,data/lyrics/RMVM_S_dcd48d068c.txt,verified_local,data/covers/RMVM_S_dcd48d068c.jpg,verified_local,,missing,TIER_A,LYRICS_COVER,train
RMVM_S_dcd938c77f,Một Ngàn Lý Do Đau Lòng,Ngô Minh,ART_021fd6e250,POP_BALLAD,deterministic_mapping,1.0,,,unavailable,data/lyrics/RMVM_S_dcd938c77f.txt,verified_local,,unavailable,,missing,TIER_A,LYRICS_ONLY,train
RMVM_S_dcda873ecb,Nếu Anh Hiểu Được Là,Shine Thành Anh,ART_1d24e4ba66,POP_BALLAD,deterministic_mapping,1.0,,,unavailable,data/lyrics/RMVM_S_dcda873ecb.txt,verified_local,,unavailable,,missing,TIER_A,LYRICS_ONLY,train
RMVM_S_dd383e45f6,Cần 1 Ai Đó,Phạm Đình Thái Ngân,ART_317bd50d6c,POP_BALLAD,deterministic_mapping,1.0,,,unavailable,data/lyrics/RMVM_S_dd383e45f6.txt,verified_local,,unavailable,,missing,TIER_A,LYRICS_ONLY,train
RMVM_S_dd71da446e,Chờ Anh Ngỏ Lời,Thắm Mini,ART_68662e9ad1,POP_BALLAD,deterministic_mapping,1.0,,,unavailable,data/lyrics/RMVM_S_dd71da446e.txt,verified_local,,unavailable,,missing,TIER_A,LYRICS_ONLY,train
RMVM_S_dde2c33cdb,Ràng Buộc,"NNA, KaWaiiBi, Kid TD",ART_902c78546e,RAP_HIPHOP,deterministic_mapping,1.0,,,unavailable,data/lyrics/RMVM_S_dde2c33cdb.txt,verified_local,,unavailable,,missing,TIER_A,LYRICS_ONLY,train
RMVM_S_dde508d19a,Cứ Thế Vội Vã,"Ngô Anh Đạt, ViAM",ART_86f04a853f,POP_BALLAD,deterministic_mapping,1.0,,,unavailable,data/lyrics/RMVM_S_dde508d19a.txt,verified_local,data/covers/RMVM_S_dde508d19a.jpg,verified_local,,missing,TIER_A,LYRICS_COVER,train
RMVM_S_dde6987363,Anh Xa Mãi,"Harlyn, Nhật Thái",ART_a822eada13,POP_BALLAD,deterministic_mapping,1.0,,,unavailable,data/lyrics/RMVM_S_dde6987363.txt,verified_local,,unavailable,,missing,TIER_A,LYRICS_ONLY,train
RMVM_S_dde7bd4819,Không Tồn Tại,Bảo Kun,ART_78e5fc09c6,POP_BALLAD,deterministic_mapping,1.0,,,unavailable,data/lyrics/RMVM_S_dde7bd4819.txt,verified_local,data/covers/RMVM_S_dde7bd4819.jpg,verified_local,,missing,TIER_A,LYRICS_COVER,train
RMVM_S_ddf683f172,Đón Giáng Sinh Về,"Đỗ Tuyết Nhi, Bé Thiên Phúc",ART_97b1438717,CHILDREN,deterministic_mapping,1.0,,,unavailable,data/lyrics/RMVM_S_ddf683f172.txt,verified_local,,unavailable,,missing,TIER_A,LYRICS_ONLY,train
RMVM_S_ddfbe0f6ec,Anh Cũng Bằng Lòng Anh Thôi,Hà Huy Hiếu,ART_beeacd2444,POP_BALLAD,deterministic_mapping,1.0,,,unavailable,data/lyrics/RMVM_S_ddfbe0f6ec.txt,verified_local,,unavailable,,missing,TIER_A,LYRICS_ONLY,train
RMVM_S_de008b87c2,Tơ Hồng,"Ái Vân, Thái Châu",ART_09439d9bcf,INSTRUMENTAL,source_tag_verification,0.85,,,unavailable,data/lyrics/RMVM_S_de008b87c2.txt,verified_local,data/covers/RMVM_S_de008b87c2.jpg,verified_local,,missing,TIER_B,LYRICS_COVER,train
RMVM_S_de329bfbe1,LK Thói Đời,Phước Lộc,ART_fa84dabe3d,BOLERO_TRUTINH,deterministic_mapping,1.0,,,unavailable,,unavailable,data/covers/RMVM_S_de329bfbe1.jpg,verified_local,,missing,TIER_A,COVER_ONLY,train
RMVM_S_de354c3ed4,Chẳng Ai Thay Thế Được Em (Prod. Hải Ma),Double2T,ART_bb47eba39e,POP_BALLAD,deterministic_mapping,1.0,,,unavailable,data/lyrics/RMVM_S_de354c3ed4.txt,verified_local,,unavailable,,missing,TIER_A,LYRICS_ONLY,train
RMVM_S_de39c21480,LK Chuyện Tình Nàng Trinh Nữ Tên Thi - Nỗi Buồn Hoa Phượng,Châu Ngọc Tiên,ART_bf15076f34,BOLERO_TRUTINH,deterministic_mapping,1.0,,,unavailable,data/lyrics/RMVM_S_de39c21480.txt,verified_local,,unavailable,,missing,TIER_A,LYRICS_ONLY,train
RMVM_S_de4f47193b,THỨC GIẤC,"16 Typh, MastaL",ART_e7051158e7,POP_BALLAD,deterministic_mapping,1.0,,,unavailable,,unavailable,data/covers/RMVM_S_de4f47193b.jpg,verified_local,,missing,TIER_A,COVER_ONLY,train
RMVM_S_de9dbe9cdc,Cách Mình Xa Nhau,TRANG,ART_c786f96bb9,POP_BALLAD,deterministic_mapping,1.0,,,unavailable,,unavailable,data/covers/RMVM_S_de9dbe9cdc.jpg,verified_local,,missing,TIER_A,COVER_ONLY,train
RMVM_S_deb9875236,Khi Con Tim Không Mang Đến Tình Yêu,Lý Hải,ART_694bbc639d,POP_BALLAD,deterministic_mapping,1.0,,,unavailable,data/lyrics/RMVM_S_deb9875236.txt,verified_local,,unavailable,,missing,TIER_A,LYRICS_ONLY,train
RMVM_S_defc4e56f2,Cuộc Gọi Nhỡ,Vương Anh Tú,ART_b5427a3989,POP_BALLAD,deterministic_mapping,1.0,,,unavailable,data/lyrics/RMVM_S_defc4e56f2.txt,verified_local,,unavailable,,missing,TIER_A,LYRICS_ONLY,train
RMVM_S_df11fa3695,Thứ Đàn Ông Gì Vậy?,Thành Đại Siêu,ART_b2e564a75e,POP_BALLAD,deterministic_mapping,1.0,,,unavailable,data/lyrics/RMVM_S_df11fa3695.txt,verified_local,,unavailable,,missing,TIER_A,LYRICS_ONLY,train
RMVM_S_df23bbbd8a,Tình Đã Hao Gầy,Hiền Thục,ART_0c3829059a,POP_BALLAD,deterministic_mapping,1.0,,,unavailable,data/lyrics/RMVM_S_df23bbbd8a.txt,verified_local,,unavailable,,missing,TIER_A,LYRICS_ONLY,train
RMVM_S_df27667d80,Cậu Út Chung Tình,Hương Nguyễn,ART_c998ab59c1,FOLK_TRADITIONAL,deterministic_mapping,1.0,,,unavailable,data/lyrics/RMVM_S_df27667d80.txt,verified_local,data/covers/RMVM_S_df27667d80.jpg,verified_local,,missing,TIER_A,LYRICS_COVER,train
RMVM_S_df3cb94441,Anh Nghĩ Về Em,PI.NO Phạm,ART_e5b5efb30a,POP_BALLAD,deterministic_mapping,1.0,,,unavailable,data/lyrics/RMVM_S_df3cb94441.txt,verified_local,,unavailable,,missing,TIER_A,LYRICS_ONLY,train
RMVM_S_df65c02358,Đóa Hoa Vô Ưu,Diệu Đan,ART_cdeaf1410d,OTHER,curated_out_of_taxonomy,0.9,Religious / Sacred spiritual Vietnamese music,,unavailable,,unavailable,,unavailable,,missing,TIER_B,METADATA_ONLY,train
RMVM_S_df70c57245,Trắc Ẩn,Linh Bina,ART_8f8d9cfb6d,POP_BALLAD,deterministic_mapping,1.0,,,unavailable,data/lyrics/RMVM_S_df70c57245.txt,verified_local,,unavailable,,missing,TIER_A,LYRICS_ONLY,train
RMVM_S_df7d68e25e,Suối Tóc,"Ái Vân, Elvis Phương",ART_ae22c37494,BOLERO_TRUTINH,deterministic_mapping,1.0,,,unavailable,data/lyrics/RMVM_S_df7d68e25e.txt,verified_local,,unavailable,,missing,TIER_A,LYRICS_ONLY,train
RMVM_S_dfa47520da,Sao Ta Không Đến Làm Quen,Giang Hồng Ngọc,ART_1bf81baddb,POP_BALLAD,deterministic_mapping,1.0,,,unavailable,data/lyrics/RMVM_S_dfa47520da.txt,verified_local,,unavailable,,missing,TIER_A,LYRICS_ONLY,train
RMVM_S_dfa6b80b2b,Khi Yêu Thương Là Thói Quen,Long Hải,ART_602a5294cc,POP_BALLAD,deterministic_mapping,1.0,,,unavailable,data/lyrics/RMVM_S_dfa6b80b2b.txt,verified_local,,unavailable,,missing,TIER_A,LYRICS_ONLY,train
RMVM_S_dfa9bd0a44,Điều Mẹ Không Kể (Acoustic Version),Đinh Mạnh Ninh,ART_e44adaf096,POP_BALLAD,deterministic_mapping,1.0,,,unavailable,data/lyrics/RMVM_S_dfa9bd0a44.txt,verified_local,,unavailable,,missing,TIER_A,LYRICS_ONLY,train
RMVM_S_dfbf352874,Cao Bằng Khát Vọng Vươn Xa,Lê Ngọc Thúy,ART_7318a4b7c0,FOLK_TRADITIONAL,deterministic_mapping,1.0,,,unavailable,data/lyrics/RMVM_S_dfbf352874.txt,verified_local,data/covers/RMVM_S_dfbf352874.jpg,verified_local,,missing,TIER_A,LYRICS_COVER,train
RMVM_S_dfe831f3ab,Gửi Người Yêu Dấu,Nhất Thiên Bảo,ART_9db1476817,POP_BALLAD,deterministic_mapping,1.0,,,unavailable,,unavailable,data/covers/RMVM_S_dfe831f3ab.jpg,verified_local,,missing,TIER_A,COVER_ONLY,train
RMVM_S_dffaa972d8,Ngày Tình Nhân Không Em,Nguyễn Phi Hùng,ART_8b396f08ea,POP_BALLAD,deterministic_mapping,1.0,,,unavailable,,unavailable,data/covers/RMVM_S_dffaa972d8.jpg,verified_local,,missing,TIER_A,COVER_ONLY,train
RMVM_S_e00c3adaaf,Quay Lưng Về Nhau,Lê Bảo Bình,ART_c78cc0ca7a,POP_BALLAD,deterministic_mapping,1.0,,,unavailable,data/lyrics/RMVM_S_e00c3adaaf.txt,verified_local,,unavailable,,missing,TIER_A,LYRICS_ONLY,train
RMVM_S_e018eb5fd3,Buồn… Hay Mưa,Jin Tuấn Nam,ART_ee9d1be130,POP_BALLAD,deterministic_mapping,1.0,,,unavailable,data/lyrics/RMVM_S_e018eb5fd3.txt,verified_local,,unavailable,,missing,TIER_A,LYRICS_ONLY,train
RMVM_S_e035b2703e,Liên Khúc Remix Anh Ba Hưng,Thanh Ngân,ART_165c93966a,REVOLUTIONARY,deterministic_mapping,1.0,,,unavailable,,unavailable,data/covers/RMVM_S_e035b2703e.jpg,verified_local,,missing,TIER_A,COVER_ONLY,train
RMVM_S_e03a391ecb,Dư Hương Tình Cũ,Vân Trường,ART_edc0fa6ba2,BOLERO_TRUTINH,deterministic_mapping,1.0,,,unavailable,,unavailable,data/covers/RMVM_S_e03a391ecb.jpg,verified_local,,missing,TIER_A,COVER_ONLY,train
RMVM_S_e0483891bd,Anh Bỏ Ngoài Tai Lời Gièm Pha (Remix),"Thái Thành Công, Lâm Chấn Hải",ART_1fb651576f,DANCE_EDM,deterministic_mapping,1.0,,,unavailable,data/lyrics/RMVM_S_e0483891bd.txt,verified_local,,unavailable,,missing,TIER_A,LYRICS_ONLY,train
RMVM_S_e04fbebd72,Đau Vậy Đủ Rồi,"Karik, Vũ Phụng Tiên",ART_ea3e0980c6,POP_BALLAD,deterministic_mapping,1.0,,,unavailable,data/lyrics/RMVM_S_e04fbebd72.txt,verified_local,data/covers/RMVM_S_e04fbebd72.jpg,verified_local,,missing,TIER_A,LYRICS_COVER,train
RMVM_S_e0782a1cca,Nước Mắt Em Rơi Trò Chơi Kết Thúc,"Phí Phương Anh, RIN9, DREAMeR",ART_ed6d942533,POP_BALLAD,deterministic_mapping,1.0,,,unavailable,data/lyrics/RMVM_S_e0782a1cca.txt,verified_local,,unavailable,,missing,TIER_A,LYRICS_ONLY,train
RMVM_S_e08f01717c,Bến Đợi Chờ Ai,Hoàng Lâm,ART_d8de3ca976,POP_BALLAD,deterministic_mapping,1.0,,,unavailable,data/lyrics/RMVM_S_e08f01717c.txt,verified_local,data/covers/RMVM_S_e08f01717c.jpg,verified_local,,missing,TIER_A,LYRICS_COVER,train
RMVM_S_e0adb26298,Chia Tay Sao Phải Buồn,"Lê Bô, Namchan",ART_04d918caac,POP_BALLAD,deterministic_mapping,1.0,,,unavailable,data/lyrics/RMVM_S_e0adb26298.txt,verified_local,,unavailable,,missing,TIER_A,LYRICS_ONLY,train
RMVM_S_e0bb0e718e,Đi Để Trở Về Mashup,"Phan Mạnh Quỳnh, Soobin Hoàng Sơn",ART_4e38392112,POP_BALLAD,deterministic_mapping,1.0,,,unavailable,data/lyrics/RMVM_S_e0bb0e718e.txt,verified_local,,unavailable,,missing,TIER_A,LYRICS_ONLY,train
RMVM_S_e0bcd482ae,Đến Trong Mùa Xuân,Đông Quân,ART_466383dcab,POP_BALLAD,deterministic_mapping,1.0,,,unavailable,data/lyrics/RMVM_S_e0bcd482ae.txt,verified_local,,unavailable,,missing,TIER_A,LYRICS_ONLY,train
RMVM_S_e0cf9fa5b5,"LK Câu Chuyện Đầu Năm, Còn Nhớ Không Em",Cao Hoàng Nghi,ART_e029e3ae51,FOLK_TRADITIONAL,deterministic_mapping,1.0,,,unavailable,,unavailable,data/covers/RMVM_S_e0cf9fa5b5.jpg,verified_local,,missing,TIER_A,COVER_ONLY,train
RMVM_S_e0d099f88a,Phiên Khúc Buồn,Đăng Khôi,ART_c9cce0826e,BOLERO_TRUTINH,deterministic_mapping,1.0,,,unavailable,data/lyrics/RMVM_S_e0d099f88a.txt,verified_local,data/covers/RMVM_S_e0d099f88a.jpg,verified_local,,missing,TIER_A,LYRICS_COVER,train
RMVM_S_e0e19ef81f,Liên Khúc Mùa Đông Của Anh,Tín Nhiệm,ART_ac76920f7e,POP_BALLAD,deterministic_mapping,1.0,,,unavailable,data/lyrics/RMVM_S_e0e19ef81f.txt,verified_local,,unavailable,,missing,TIER_A,LYRICS_ONLY,train
RMVM_S_e1084cc7e7,Làm Sao Anh Quên Được,"Hùng Cuội, Kay Phạm, BMZ",ART_afe7687d2f,POP_BALLAD,deterministic_mapping,1.0,,,unavailable,data/lyrics/RMVM_S_e1084cc7e7.txt,verified_local,data/covers/RMVM_S_e1084cc7e7.jpg,verified_local,,missing,TIER_A,LYRICS_COVER,train
RMVM_S_e10d57177b,Em Quá Khờ Dại (Teejay Remix),Nguyễn Thạc Bảo Ngọc,ART_1641a07cc8,POP_BALLAD,deterministic_mapping,1.0,,,unavailable,data/lyrics/RMVM_S_e10d57177b.txt,verified_local,,unavailable,,missing,TIER_A,LYRICS_ONLY,train
RMVM_S_e11705b43d,Ăn Khế Trả Vàng,Bảo Trân,ART_bec9c81ba6,CHILDREN,deterministic_mapping,1.0,,,unavailable,data/lyrics/RMVM_S_e11705b43d.txt,verified_local,,unavailable,,missing,TIER_A,LYRICS_ONLY,train
RMVM_S_e118038c1e,Khúc Hát Đam Mê,Thanh Thảo,ART_27d4425bab,POP_BALLAD,deterministic_mapping,1.0,,,unavailable,data/lyrics/RMVM_S_e118038c1e.txt,verified_local,,unavailable,,missing,TIER_A,LYRICS_ONLY,train
RMVM_S_e12aafcedb,Chờ Anh Nói Yêu Em,"Đào Kỳ Anh, Dablo",ART_2c09ca78e3,POP_BALLAD,deterministic_mapping,1.0,,,unavailable,data/lyrics/RMVM_S_e12aafcedb.txt,verified_local,,unavailable,,missing,TIER_A,LYRICS_ONLY,train
RMVM_S_e14683139e,Lỡ Duyên Khó Gặp,J.E.K Team,ART_b7aff5dfbe,POP_BALLAD,deterministic_mapping,1.0,,,unavailable,data/lyrics/RMVM_S_e14683139e.txt,verified_local,,unavailable,,missing,TIER_A,LYRICS_ONLY,train
RMVM_S_e148c0636f,Tìm Người Nhà,Ngọt,ART_c5e40683b5,POP_BALLAD,deterministic_mapping,1.0,,,unavailable,data/lyrics/RMVM_S_e148c0636f.txt,verified_local,,unavailable,,missing,TIER_A,LYRICS_ONLY,train
RMVM_S_e166a4c5d2,Đừng Xa Rời Nhau,Hoàng Lan,ART_c2caa94ac6,INSTRUMENTAL,source_tag_verification,0.85,,,unavailable,,unavailable,data/covers/RMVM_S_e166a4c5d2.jpg,verified_local,,missing,TIER_B,COVER_ONLY,train
RMVM_S_e17c4cafdf,Âm Khúc Biệt Ly,Ưng Hoàng Phúc,ART_f2f942414d,POP_BALLAD,deterministic_mapping,0.85,,,unavailable,,unavailable,,unavailable,,missing,TIER_B,METADATA_ONLY,train
RMVM_S_e18b076067,Điều Buồn Nhất Bây Giờ,Cao Nam Thành,ART_96f1876e49,POP_BALLAD,deterministic_mapping,1.0,,,unavailable,data/lyrics/RMVM_S_e18b076067.txt,verified_local,,unavailable,,missing,TIER_A,LYRICS_ONLY,train
RMVM_S_e18bb3e366,Để Cho Em Khóc (Cover),Kiwi Ngô Mai Trang,ART_89c09dc726,POP_BALLAD,deterministic_mapping,1.0,,,unavailable,data/lyrics/RMVM_S_e18bb3e366.txt,verified_local,data/covers/RMVM_S_e18bb3e366.jpg,verified_local,,missing,TIER_A,LYRICS_COVER,train
RMVM_S_e19b8c7925,Như Anh Mơ,"Minh, Quỳnh Anh",ART_3552b9330d,POP_BALLAD,deterministic_mapping,1.0,,,unavailable,data/lyrics/RMVM_S_e19b8c7925.txt,verified_local,,unavailable,,missing,TIER_A,LYRICS_ONLY,train
RMVM_S_e1a3481005,Giấu Nỗi Đau Vào Ký Ức (Beat),Thái Thành Công,ART_00a62d70a4,POP_BALLAD,deterministic_mapping,1.0,,,unavailable,data/lyrics/RMVM_S_e1a3481005.txt,verified_local,,unavailable,,missing,TIER_A,LYRICS_ONLY,train
RMVM_S_e1b0e2b33f,Liên Khúc 13 Tỉnh Thành (Lê Như),"Lời bài hát, tải nhạc Zing MP3",ART_ac84d0e8b1,FOLK_TRADITIONAL,deterministic_mapping,1.0,,,unavailable,,unavailable,data/covers/RMVM_S_e1b0e2b33f.jpg,verified_local,,missing,TIER_A,COVER_ONLY,train
RMVM_S_e1bb6133bf,Giấc Mơ Riêng Em,Sarah Lê,ART_901078ada1,POP_BALLAD,deterministic_mapping,1.0,,,unavailable,data/lyrics/RMVM_S_e1bb6133bf.txt,verified_local,,unavailable,,missing,TIER_A,LYRICS_ONLY,train
RMVM_S_e1d237aedb,Trầu Ơi,Ái Vân,ART_40e372afc0,FOLK_TRADITIONAL,deterministic_mapping,0.85,,,unavailable,,unavailable,,unavailable,,missing,TIER_B,METADATA_ONLY,train
RMVM_S_e1dc288266,ANH ĐÃ BIẾT MÌNH QUÁ SAI RỒI,"ICY RIX, ICY KRAVE",ART_b004a14be6,RAP_HIPHOP,deterministic_mapping,1.0,,,unavailable,data/lyrics/RMVM_S_e1dc288266.txt,verified_local,,unavailable,,missing,TIER_A,LYRICS_ONLY,train
RMVM_S_e20d399330,Biển Thắm Tình Xanh,Vân Khánh,ART_fdc4292814,FOLK_TRADITIONAL,artist_discography_verification,0.85,,,unavailable,data/lyrics/RMVM_S_e20d399330.txt,verified_local,,unavailable,,missing,TIER_B,LYRICS_ONLY,train
RMVM_S_e248d35c8d,Mưa Thu Buổi Hoàng Hôn,Thu Trang,ART_656bf8a697,BOLERO_TRUTINH,deterministic_mapping,1.0,,,unavailable,data/lyrics/RMVM_S_e248d35c8d.txt,verified_local,,unavailable,,missing,TIER_A,LYRICS_ONLY,train
RMVM_S_e25c276d94,Vùng Trời Bình Yên (25th Làn Sóng Xanh),"Wren Evans, DTAP",ART_6f6b3bef66,POP_BALLAD,deterministic_mapping,1.0,,,unavailable,data/lyrics/RMVM_S_e25c276d94.txt,verified_local,,unavailable,,missing,TIER_A,LYRICS_ONLY,train
RMVM_S_e288e328d3,Mùa Xuân Em Hát,Bé Nhã Kỳ,ART_9c28a27f4d,POP_BALLAD,deterministic_mapping,1.0,,,unavailable,data/lyrics/RMVM_S_e288e328d3.txt,verified_local,data/covers/RMVM_S_e288e328d3.jpg,verified_local,,missing,TIER_A,LYRICS_COVER,train
RMVM_S_e2a87114e9,Miền Trung Thương Nhớ,Vân Khánh,ART_fdc4292814,BOLERO_TRUTINH,deterministic_mapping,1.0,,,unavailable,data/lyrics/RMVM_S_e2a87114e9.txt,verified_local,data/covers/RMVM_S_e2a87114e9.jpg,verified_local,,missing,TIER_A,LYRICS_COVER,train
RMVM_S_e2ba3d3139,Xây Lũy Xây Thành,Diệp Hoài Ngọc,ART_e7a9035f07,BOLERO_TRUTINH,deterministic_mapping,1.0,,,unavailable,data/lyrics/RMVM_S_e2ba3d3139.txt,verified_local,,unavailable,,missing,TIER_A,LYRICS_ONLY,train
RMVM_S_e2bfc2ca03,Phải Kết Thúc,Ji Anh Tuấn,ART_e149fbcaa0,POP_BALLAD,deterministic_mapping,1.0,,,unavailable,data/lyrics/RMVM_S_e2bfc2ca03.txt,verified_local,,unavailable,,missing,TIER_A,LYRICS_ONLY,train
RMVM_S_e2c4c86a1e,Một Đời Yêu Nhau Một Ngày Xa Nhau,Thanh Thanh,ART_8475e3b77c,POP_BALLAD,deterministic_mapping,1.0,,,unavailable,data/lyrics/RMVM_S_e2c4c86a1e.txt,verified_local,,unavailable,,missing,TIER_A,LYRICS_ONLY,train
RMVM_S_e2ed00e611,Em Thật Đẹp,Loren Kid,ART_ea0b8f66d3,POP_BALLAD,deterministic_mapping,1.0,,,unavailable,data/lyrics/RMVM_S_e2ed00e611.txt,verified_local,,unavailable,,missing,TIER_A,LYRICS_ONLY,train
RMVM_S_e30fe77d55,Ai Mì Quảng Không?,Tố My,ART_181767e2b8,POP_BALLAD,deterministic_mapping,1.0,,,unavailable,data/lyrics/RMVM_S_e30fe77d55.txt,verified_local,,unavailable,,missing,TIER_A,LYRICS_ONLY,train
RMVM_S_e3146b2ab0,Cánh Hoa Pansse,Mỹ Anh,ART_5fed28340d,BOLERO_TRUTINH,deterministic_mapping,1.0,,,unavailable,data/lyrics/RMVM_S_e3146b2ab0.txt,verified_local,,unavailable,,missing,TIER_A,LYRICS_ONLY,train
RMVM_S_e3215120c8,Kết Thúc Một Cuộc Tình (Phi Nguyễn Remix),Cao Nam Thành,ART_96f1876e49,POP_BALLAD,deterministic_mapping,1.0,,,unavailable,data/lyrics/RMVM_S_e3215120c8.txt,verified_local,data/covers/RMVM_S_e3215120c8.jpg,verified_local,2018.0,verified,TIER_A,LYRICS_COVER,train
RMVM_S_e323e43b1f,Ân Nghĩa Sanh Thành,Quốc Cường,ART_7e987842a9,OTHER,curated_out_of_taxonomy,0.9,Religious / Sacred spiritual Vietnamese music,,unavailable,,unavailable,,unavailable,,missing,TIER_B,METADATA_ONLY,train
RMVM_S_e350ec4b45,Có Chàng Trai Viết Lên Cây (Mắt Biếc OST),Nhiều nghệ sĩ,ART_736b531937,POP_BALLAD,deterministic_mapping,1.0,,,unavailable,data/lyrics/RMVM_S_e350ec4b45.txt,verified_local,data/covers/RMVM_S_e350ec4b45.jpg,verified_local,,missing,TIER_A,LYRICS_COVER,train
RMVM_S_e36945e369,Anh Đã Lớn Hơn Thế Nhiều,"Dick, Michelle Ngn",ART_eca966d774,RAP_HIPHOP,deterministic_mapping,1.0,,,unavailable,data/lyrics/RMVM_S_e36945e369.txt,verified_local,,unavailable,,missing,TIER_A,LYRICS_ONLY,train
RMVM_S_e36a110bd3,Hoa Trang Vườn Cũ,Hương Lan,ART_8422601bfe,INSTRUMENTAL,source_tag_verification,0.85,,,unavailable,data/lyrics/RMVM_S_e36a110bd3.txt,verified_local,,unavailable,,missing,TIER_B,LYRICS_ONLY,train
RMVM_S_e38fcc5fee,Cuộc Đời Sương Gió,Vũ Hoàng,ART_cbaf0965d0,BOLERO_TRUTINH,deterministic_mapping,1.0,,,unavailable,data/lyrics/RMVM_S_e38fcc5fee.txt,verified_local,,unavailable,,missing,TIER_A,LYRICS_ONLY,train
RMVM_S_e392394cdc,Đừng Để Anh Cô Đơn,Cheng,ART_89975c5e5d,POP_BALLAD,deterministic_mapping,1.0,,,unavailable,data/lyrics/RMVM_S_e392394cdc.txt,verified_local,,unavailable,,missing,TIER_A,LYRICS_ONLY,train
RMVM_S_e398e739a3,Sao Người Ta Nỡ Làm Mình Đau,Gil Lê,ART_d2474bc671,POP_BALLAD,deterministic_mapping,1.0,,,unavailable,data/lyrics/RMVM_S_e398e739a3.txt,verified_local,,unavailable,,missing,TIER_A,LYRICS_ONLY,train
RMVM_S_e3a136baeb,Tình Anh Em Hỡi,Quang Thành,ART_64b4b2f987,BOLERO_TRUTINH,deterministic_mapping,1.0,,,unavailable,data/lyrics/RMVM_S_e3a136baeb.txt,verified_local,,unavailable,,missing,TIER_A,LYRICS_ONLY,train
RMVM_S_e3ce6eea42,Anh Về Quảng Ngãi (Beat),"Kiến Thành, Ban Lê",ART_b8b17028ec,BOLERO_TRUTINH,deterministic_mapping,1.0,,,unavailable,data/lyrics/RMVM_S_e3ce6eea42.txt,verified_local,,unavailable,,missing,TIER_A,LYRICS_ONLY,train
RMVM_S_e40f5a9192,Chúng Ta Là Thế Nào,Thương,ART_5e21c2396f,POP_BALLAD,deterministic_mapping,1.0,,,unavailable,data/lyrics/RMVM_S_e40f5a9192.txt,verified_local,,unavailable,,missing,TIER_A,LYRICS_ONLY,train
RMVM_S_e42683f406,Chuyến Tàu Hoàng Hôn,"Võ Minh Lê, Kim Tuyến",ART_decf657a9a,POP_BALLAD,deterministic_mapping,1.0,,,unavailable,data/lyrics/RMVM_S_e42683f406.txt,verified_local,data/covers/RMVM_S_e42683f406.jpg,verified_local,,missing,TIER_A,LYRICS_COVER,train
RMVM_S_e42a014af5,Em Biết Anh Đi Chẳng Trở Về,"Thanh Ngân, Gia Tiến",ART_e71637f8e2,POP_BALLAD,deterministic_mapping,1.0,,,unavailable,data/lyrics/RMVM_S_e42a014af5.txt,verified_local,,unavailable,,missing,TIER_A,LYRICS_ONLY,train
RMVM_S_e4339b8836,Tiễn Anh Về Nơi Xa,Tóc Tiên,ART_0078d1d8e6,INSTRUMENTAL,source_tag_verification,0.85,,,unavailable,data/lyrics/RMVM_S_e4339b8836.txt,verified_local,,unavailable,,missing,TIER_B,LYRICS_ONLY,train
RMVM_S_e45b15ffda,Biển Của Một Thời Đã Mất,Phương Thảo,ART_a2d5402d30,BOLERO_TRUTINH,deterministic_mapping,1.0,,,unavailable,data/lyrics/RMVM_S_e45b15ffda.txt,verified_local,,unavailable,,missing,TIER_A,LYRICS_ONLY,train
RMVM_S_e463d31c96,Anh Biết Em Không Tin,Kidz,ART_e701696252,RAP_HIPHOP,deterministic_mapping,1.0,,,unavailable,data/lyrics/RMVM_S_e463d31c96.txt,verified_local,data/covers/RMVM_S_e463d31c96.jpg,verified_local,,missing,TIER_A,LYRICS_COVER,train
RMVM_S_e46997febc,Dĩ Vãng Thương Đau (New Version),Vũ Hoàng,ART_cbaf0965d0,BOLERO_TRUTINH,deterministic_mapping,1.0,,,unavailable,data/lyrics/RMVM_S_e46997febc.txt,verified_local,,unavailable,,missing,TIER_A,LYRICS_ONLY,train
RMVM_S_e46ff9e8bc,Chờ Ngày Cưới Em (Nekko Remix),"Hương Ly, Phát Hồ",ART_a4cc4ccb35,POP_BALLAD,deterministic_mapping,1.0,,,unavailable,,unavailable,data/covers/RMVM_S_e46ff9e8bc.jpg,verified_local,,missing,TIER_A,COVER_ONLY,train
RMVM_S_e477011625,Viết Vội,"Nguyên., Dream",ART_5cdbc54e24,POP_BALLAD,deterministic_mapping,1.0,,,unavailable,data/lyrics/RMVM_S_e477011625.txt,verified_local,data/covers/RMVM_S_e477011625.jpg,verified_local,,missing,TIER_A,LYRICS_COVER,train
RMVM_S_e489ba6577,Cả Đời Này Anh Thua Em,Khánh Đơn,ART_3057e7080f,POP_BALLAD,deterministic_mapping,1.0,,,unavailable,data/lyrics/RMVM_S_e489ba6577.txt,verified_local,,unavailable,,missing,TIER_A,LYRICS_ONLY,train
RMVM_S_e48a280f91,Anh Ở Lại,"KindyA, Kizzik, KaWaiiBi",ART_6aceb8c1ee,RAP_HIPHOP,deterministic_mapping,1.0,,,unavailable,data/lyrics/RMVM_S_e48a280f91.txt,verified_local,,unavailable,,missing,TIER_A,LYRICS_ONLY,train
RMVM_S_e4947bed0e,Hát với chú ve con (Live),"Thùy Linh, Dattie Do, 8 the Theatre",ART_6e9d86ff02,POP_BALLAD,deterministic_mapping,1.0,,,unavailable,data/lyrics/RMVM_S_e4947bed0e.txt,verified_local,data/covers/RMVM_S_e4947bed0e.jpg,verified_local,,missing,TIER_A,LYRICS_COVER,train
RMVM_S_e4972eff44,Không Thể Yêu Ai Được Nữa (Cover),Chiến Lê,ART_569dde7423,POP_BALLAD,deterministic_mapping,1.0,,,unavailable,data/lyrics/RMVM_S_e4972eff44.txt,verified_local,,unavailable,,missing,TIER_A,LYRICS_ONLY,train
RMVM_S_e4eba12d71,"Ánh Trăng Quê (Huỳnh Như, Kim Tiểu Long)","Lời bài hát, tải nhạc Zing MP3",ART_ac84d0e8b1,BOLERO_TRUTINH,deterministic_mapping,1.0,,,unavailable,,unavailable,data/covers/RMVM_S_e4eba12d71.jpg,verified_local,,missing,TIER_A,COVER_ONLY,train
RMVM_S_e5049fc53b,Điệu Buồn Trên Sông (Dương Thế Bao La Sầu OST),"Hồng Phượng, Đông Dương",ART_ff5d817a48,BOLERO_TRUTINH,deterministic_mapping,1.0,,,unavailable,data/lyrics/RMVM_S_e5049fc53b.txt,verified_local,,unavailable,,missing,TIER_A,LYRICS_ONLY,train
RMVM_S_e5160adc1b,Đi Muôn Nơi,Powerk,ART_60e078e836,POP_BALLAD,deterministic_mapping,1.0,,,unavailable,data/lyrics/RMVM_S_e5160adc1b.txt,verified_local,,unavailable,,missing,TIER_A,LYRICS_ONLY,train
RMVM_S_e527390a69,"Fabulous (From ""Gái Già Lắm Chiêu 3"")",Trang Pháp,ART_c113b2411d,POP_BALLAD,deterministic_mapping,1.0,,,unavailable,data/lyrics/RMVM_S_e527390a69.txt,verified_local,,unavailable,,missing,TIER_A,LYRICS_ONLY,train
RMVM_S_e5487dda56,"Tam Giác, Vuông, Tròn?",CHARLES.,ART_43f0cfceba,POP_BALLAD,deterministic_mapping,1.0,,,unavailable,data/lyrics/RMVM_S_e5487dda56.txt,verified_local,,unavailable,,missing,TIER_A,LYRICS_ONLY,train
RMVM_S_e573647308,Chưa Hết Giặc Ta Chưa Về,Tình Ca Việt,ART_c6f1eb494d,REVOLUTIONARY,deterministic_mapping,1.0,,,unavailable,data/lyrics/RMVM_S_e573647308.txt,verified_local,,unavailable,,missing,TIER_A,LYRICS_ONLY,train
RMVM_S_e580c7c403,Không Em Anh Phải Sống Sao,Hứa Huy Thiên,ART_1d351b6d13,POP_BALLAD,deterministic_mapping,1.0,,,unavailable,data/lyrics/RMVM_S_e580c7c403.txt,verified_local,,unavailable,,missing,TIER_A,LYRICS_ONLY,train
RMVM_S_e58b9c63f0,Gửi Em Của Quá Khứ (Beat),Phạm Quỳnh Anh,ART_0286661a69,POP_BALLAD,deterministic_mapping,1.0,,,unavailable,data/lyrics/RMVM_S_e58b9c63f0.txt,verified_local,data/covers/RMVM_S_e58b9c63f0.jpg,verified_local,,missing,TIER_A,LYRICS_COVER,train
RMVM_S_e5b00b7858,Anh Cũng Muốn Là Đứa Trẻ,Khiem,ART_9b0598c730,POP_BALLAD,deterministic_mapping,1.0,,,unavailable,data/lyrics/RMVM_S_e5b00b7858.txt,verified_local,,unavailable,,missing,TIER_A,LYRICS_ONLY,train
RMVM_S_e5b59b8138,Người Dưng Nước Lã,Nguyễn Vĩ,ART_928be7a04d,POP_BALLAD,deterministic_mapping,1.0,,,unavailable,data/lyrics/RMVM_S_e5b59b8138.txt,verified_local,data/covers/RMVM_S_e5b59b8138.jpg,verified_local,,missing,TIER_A,LYRICS_COVER,train
RMVM_S_e5cd73c512,Ai Cũng Có Ngày Xưa (Beat),Khang Việt,ART_8a69eef7ef,POP_BALLAD,deterministic_mapping,1.0,,,unavailable,data/lyrics/RMVM_S_e5cd73c512.txt,verified_local,,unavailable,,missing,TIER_A,LYRICS_ONLY,train
RMVM_S_e5f82a7418,Còn Nghe Những Ngày Mưa,"Vu Minh Duc, Duy Long",ART_fff60835d0,POP_BALLAD,deterministic_mapping,1.0,,,unavailable,data/lyrics/RMVM_S_e5f82a7418.txt,verified_local,data/covers/RMVM_S_e5f82a7418.jpg,verified_local,,missing,TIER_A,LYRICS_COVER,train
RMVM_S_e5fefd2345,Em Buồn Anh Thương,"Quang Bình, Trang Thanh Lan",ART_e61405bce3,INSTRUMENTAL,source_tag_verification,0.85,,,unavailable,data/lyrics/RMVM_S_e5fefd2345.txt,verified_local,,unavailable,,missing,TIER_B,LYRICS_ONLY,train
RMVM_S_e5ff0dab06,Trách 2,Trung Tự,ART_4382e8c9bb,POP_BALLAD,deterministic_mapping,1.0,,,unavailable,data/lyrics/RMVM_S_e5ff0dab06.txt,verified_local,,unavailable,,missing,TIER_A,LYRICS_ONLY,train
RMVM_S_e60a75e74a,Biển Và Mẹ,Thu Hiền,ART_66084b8a1c,FOLK_TRADITIONAL,artist_discography_verification,0.85,,,unavailable,data/lyrics/RMVM_S_e60a75e74a.txt,verified_local,,unavailable,,missing,TIER_B,LYRICS_ONLY,train
RMVM_S_e60f419eac,Con Yêu Thơ Dại,Nam Vương Bảo Lê,ART_7e2747d6d4,POP_BALLAD,deterministic_mapping,1.0,,,unavailable,data/lyrics/RMVM_S_e60f419eac.txt,verified_local,,unavailable,,missing,TIER_A,LYRICS_ONLY,train
RMVM_S_e60f95234d,Chợt Nhớ Về Anh (Studio Session),Hồ Ngọc Hà,ART_061d531256,POP_BALLAD,deterministic_mapping,1.0,,,unavailable,data/lyrics/RMVM_S_e60f95234d.txt,verified_local,,unavailable,,missing,TIER_A,LYRICS_ONLY,train
RMVM_S_e636827b51,Biển Nhớ,Mèo Ú Guitar,ART_58f7a7cab9,INSTRUMENTAL,deterministic_mapping,1.0,,,unavailable,,unavailable,data/covers/RMVM_S_e636827b51.jpg,verified_local,,missing,TIER_A,COVER_ONLY,train
RMVM_S_e6647f9065,Tôi Yêu Bánh Mì Sài Gòn,"TDK, Long X, Nguyễn Hải Phong",ART_74cc5b3653,POP_BALLAD,deterministic_mapping,1.0,,,unavailable,data/lyrics/RMVM_S_e6647f9065.txt,verified_local,,unavailable,,missing,TIER_A,LYRICS_ONLY,train
RMVM_S_e6772f9da5,Kiếp Lầu Xanh,Tiểu Phong,ART_e3dcd27e82,POP_BALLAD,deterministic_mapping,1.0,,,unavailable,data/lyrics/RMVM_S_e6772f9da5.txt,verified_local,data/covers/RMVM_S_e6772f9da5.jpg,verified_local,,missing,TIER_A,LYRICS_COVER,train
RMVM_S_e69b3e28d1,Vì Anh Dối Gian,Minh Tuyết,ART_729a36465f,INSTRUMENTAL,source_tag_verification,0.85,,,unavailable,data/lyrics/RMVM_S_e69b3e28d1.txt,verified_local,,unavailable,,missing,TIER_B,LYRICS_ONLY,train
RMVM_S_e6aeca24c8,Sau Một Tình Yêu,Đạt Long Vinh,ART_a0ffd3fdc0,POP_BALLAD,deterministic_mapping,1.0,,,unavailable,data/lyrics/RMVM_S_e6aeca24c8.txt,verified_local,,unavailable,,missing,TIER_A,LYRICS_ONLY,train
RMVM_S_e6ba60cd62,Thương Nhau Nhé,"Đức Phúc, Thùy Chi",ART_bef907cd4e,POP_BALLAD,deterministic_mapping,1.0,,,unavailable,data/lyrics/RMVM_S_e6ba60cd62.txt,verified_local,,unavailable,,missing,TIER_A,LYRICS_ONLY,train
RMVM_S_e6ceac0c92,Tâm Sự Chàng Ca Sĩ,Võ Minh Lê,ART_4a80ecbc64,POP_BALLAD,deterministic_mapping,1.0,,,unavailable,data/lyrics/RMVM_S_e6ceac0c92.txt,verified_local,,unavailable,,missing,TIER_A,LYRICS_ONLY,train
RMVM_S_e6d764658f,Chiều Xuân - Thì Thầm Mùa Xuân,"Various Artists, Lê Trần Media",ART_2fa89a92e3,POP_BALLAD,deterministic_mapping,1.0,,,unavailable,data/lyrics/RMVM_S_e6d764658f.txt,verified_local,,unavailable,,missing,TIER_A,LYRICS_ONLY,train
RMVM_S_e6e381cc46,Cảm Thông Để Không Hối Tiếc,Trường Kha,ART_abe0f2439b,POP_BALLAD,deterministic_mapping,1.0,,,unavailable,data/lyrics/RMVM_S_e6e381cc46.txt,verified_local,,unavailable,,missing,TIER_A,LYRICS_ONLY,train
RMVM_S_e6f97b61dc,Giấc Mơ Quá Xa,Khánh Phương,ART_a36111936d,POP_BALLAD,deterministic_mapping,1.0,,,unavailable,data/lyrics/RMVM_S_e6f97b61dc.txt,verified_local,,unavailable,,missing,TIER_A,LYRICS_ONLY,train
RMVM_S_e6fcbb038b,Em Là Cô Gái Miền Trung,Lê Trọng Hiếu,ART_32e1606a3a,POP_BALLAD,deterministic_mapping,1.0,,,unavailable,data/lyrics/RMVM_S_e6fcbb038b.txt,verified_local,,unavailable,,missing,TIER_A,LYRICS_ONLY,train
RMVM_S_e71b014a3b,Cả Tuần Đều Ngoan,Mầm Chồi Lá,ART_b88b9de8d8,CHILDREN,deterministic_mapping,1.0,,,unavailable,data/lyrics/RMVM_S_e71b014a3b.txt,verified_local,,unavailable,,missing,TIER_A,LYRICS_ONLY,train
RMVM_S_e720ecd114,Lời Hứa Yêu,Tùy Phong,ART_959bdbd6ae,POP_BALLAD,deterministic_mapping,0.85,,,unavailable,,unavailable,,unavailable,,missing,TIER_B,METADATA_ONLY,train
RMVM_S_e727e46231,Anh Tin Mình Đã Cho Nhau Một Kỷ Niệm,"Thu Thủy, Lương Bằng Quang",ART_db34c33011,POP_BALLAD,deterministic_mapping,1.0,,,unavailable,data/lyrics/RMVM_S_e727e46231.txt,verified_local,,unavailable,,missing,TIER_A,LYRICS_ONLY,train
RMVM_S_e73901bc29,Cô Gái Ấy Từng Nói Yêu Tôi,Dương Nhân Trung,ART_bf347f5a8f,POP_BALLAD,deterministic_mapping,1.0,,,unavailable,data/lyrics/RMVM_S_e73901bc29.txt,verified_local,,unavailable,,missing,TIER_A,LYRICS_ONLY,train
RMVM_S_e73b22118a,Còn Có Anh,"Khang Việt, Mạnh Quân",ART_91f4eeb9f5,POP_BALLAD,deterministic_mapping,1.0,,,unavailable,data/lyrics/RMVM_S_e73b22118a.txt,verified_local,,unavailable,,missing,TIER_A,LYRICS_ONLY,train
RMVM_S_e744de3bee,Cái Giá Của Sự Trưởng Thành,"Phí Phương Anh, RIN9, DREAMeR",ART_ed6d942533,POP_BALLAD,deterministic_mapping,1.0,,,unavailable,data/lyrics/RMVM_S_e744de3bee.txt,verified_local,,unavailable,,missing,TIER_A,LYRICS_ONLY,train
RMVM_S_e75648204b,Rời Xa Để Trưởng Thành,Duy Zuno,ART_2bc466f079,POP_BALLAD,deterministic_mapping,1.0,,,unavailable,data/lyrics/RMVM_S_e75648204b.txt,verified_local,data/covers/RMVM_S_e75648204b.jpg,verified_local,,missing,TIER_A,LYRICS_COVER,train
RMVM_S_e75f7507c6,Đếm Chuỗi Ngày Đau,"Kayshi, Phương TP",ART_d998415798,POP_BALLAD,deterministic_mapping,1.0,,,unavailable,data/lyrics/RMVM_S_e75f7507c6.txt,verified_local,,unavailable,,missing,TIER_A,LYRICS_ONLY,train
RMVM_S_e765f12818,Cánh Hoa Yêu,Tố My,ART_181767e2b8,POP_BALLAD,deterministic_mapping,1.0,,,unavailable,data/lyrics/RMVM_S_e765f12818.txt,verified_local,,unavailable,,missing,TIER_A,LYRICS_ONLY,train
RMVM_S_e7663877e9,Xa Nhau Rồi Anh Nhớ Không,Nam Em,ART_c759ccf76d,POP_BALLAD,deterministic_mapping,1.0,,,unavailable,data/lyrics/RMVM_S_e7663877e9.txt,verified_local,,unavailable,,missing,TIER_A,LYRICS_ONLY,train
RMVM_S_e772d2e168,Anh Là Bỉ Ngạn Mà Em Không Thể Với Tới,Hàn Dung,ART_b42469bc7c,POP_BALLAD,deterministic_mapping,1.0,,,unavailable,data/lyrics/RMVM_S_e772d2e168.txt,verified_local,data/covers/RMVM_S_e772d2e168.jpg,verified_local,,missing,TIER_A,LYRICS_COVER,train
RMVM_S_e79d097111,Em Là Cô Dâu (Beat),Lương Bích Hữu,ART_ed3b85af9f,POP_BALLAD,deterministic_mapping,1.0,,,unavailable,data/lyrics/RMVM_S_e79d097111.txt,verified_local,data/covers/RMVM_S_e79d097111.jpg,verified_local,,missing,TIER_A,LYRICS_COVER,train
RMVM_S_e7a77f1cce,Người Đã Như Mơ,"BeeBoss, Anh Thư",ART_4fe5073341,POP_BALLAD,deterministic_mapping,1.0,,,unavailable,data/lyrics/RMVM_S_e7a77f1cce.txt,verified_local,,unavailable,,missing,TIER_A,LYRICS_ONLY,train
RMVM_S_e7afcb6e45,Đời Cha (Daddy),"Nguyễn Văn Trung, Nguyễn Thành Công",ART_d572b4df93,POP_BALLAD,deterministic_mapping,1.0,,,unavailable,data/lyrics/RMVM_S_e7afcb6e45.txt,verified_local,,unavailable,,missing,TIER_A,LYRICS_ONLY,train
RMVM_S_e7b2a11a62,Buồn Đã Quá Lâu Rồi Tôi Có Nên Bỏ Thuốc (Cover),Shyn Tây,ART_f25fa45f8e,POP_BALLAD,deterministic_mapping,1.0,,,unavailable,data/lyrics/RMVM_S_e7b2a11a62.txt,verified_local,,unavailable,,missing,TIER_A,LYRICS_ONLY,train
RMVM_S_e7c25ee92f,Đã Có Những Lúc,Nguyễn Hoàng Anh,ART_4c3135d55f,POP_BALLAD,deterministic_mapping,1.0,,,unavailable,data/lyrics/RMVM_S_e7c25ee92f.txt,verified_local,,unavailable,,missing,TIER_A,LYRICS_ONLY,train
RMVM_S_e7ced8a4c5,Cám Ơn Ba Mẹ,Bé Bào Ngư,ART_d278399f73,CHILDREN,artist_discography_verification,0.85,,,unavailable,data/lyrics/RMVM_S_e7ced8a4c5.txt,verified_local,,unavailable,,missing,TIER_B,LYRICS_ONLY,train
RMVM_S_e7d8211c24,Đây là một bản tình ca,Đạt Dope,ART_99cf81a7e8,RAP_HIPHOP,deterministic_mapping,1.0,,,unavailable,data/lyrics/RMVM_S_e7d8211c24.txt,verified_local,,unavailable,,missing,TIER_A,LYRICS_ONLY,train
RMVM_S_e7fdeea132,Buồn Trong Đêm Mưa,Như Loan,ART_7101f466df,BOLERO_TRUTINH,deterministic_mapping,1.0,,,unavailable,data/lyrics/RMVM_S_e7fdeea132.txt,verified_local,,unavailable,,missing,TIER_A,LYRICS_ONLY,train
RMVM_S_e8090231e3,Hãy Nhìn Để Thêm Yêu Cuộc Sống,Bé Phương Nhi,ART_a724e95582,CHILDREN,deterministic_mapping,1.0,,,unavailable,data/lyrics/RMVM_S_e8090231e3.txt,verified_local,,unavailable,,missing,TIER_A,LYRICS_ONLY,train
RMVM_S_e81565326f,Cánh Hoa Vụt Mất,Trương Thế Vinh,ART_9b83bfc67b,POP_BALLAD,deterministic_mapping,1.0,,,unavailable,data/lyrics/RMVM_S_e81565326f.txt,verified_local,,unavailable,2024.0,verified,TIER_A,LYRICS_ONLY,train
RMVM_S_e8186211d1,Dòng Sông Không Trở Lại,"Trường Kha, Nguyên Huy",ART_191035cad7,BOLERO_TRUTINH,deterministic_mapping,1.0,,,unavailable,data/lyrics/RMVM_S_e8186211d1.txt,verified_local,,unavailable,,missing,TIER_A,LYRICS_ONLY,train
RMVM_S_e821a3e231,Em Là Cố Chấp Duy Nhất Của Đời Anh (WRC Remix),"Thiên Tú, Zin Media Group",ART_247bb5a47b,POP_BALLAD,deterministic_mapping,1.0,,,unavailable,data/lyrics/RMVM_S_e821a3e231.txt,verified_local,,unavailable,,missing,TIER_A,LYRICS_ONLY,train
RMVM_S_e82f049ffd,Khi Giấc Mơ Về,Đinh Quang Minh,ART_7cd66bad3c,INSTRUMENTAL,source_tag_verification,0.85,,,unavailable,,unavailable,data/covers/RMVM_S_e82f049ffd.jpg,verified_local,,missing,TIER_B,COVER_ONLY,train
RMVM_S_e837d54495,Niền Tin Cho Cát Bụi,Bức Tường,ART_376d48d912,ROCK,artist_discography_verification,0.85,,,unavailable,data/lyrics/RMVM_S_e837d54495.txt,verified_local,,unavailable,,missing,TIER_B,LYRICS_ONLY,train
RMVM_S_e848474a3c,Đẹp Tình Quê Hương,Minh Béo,ART_e4640ce534,BOLERO_TRUTINH,deterministic_mapping,1.0,,,unavailable,data/lyrics/RMVM_S_e848474a3c.txt,verified_local,,unavailable,,missing,TIER_A,LYRICS_ONLY,train
RMVM_S_e85512a27f,Ai Mang Đi Niềm Đau,Cẩm Ly,ART_310ca7b279,BOLERO_TRUTINH,deterministic_mapping,1.0,,,unavailable,data/lyrics/RMVM_S_e85512a27f.txt,verified_local,,unavailable,,missing,TIER_A,LYRICS_ONLY,train
RMVM_S_e868e81509,Còn Tìm Với Mẹ,Hương Lan,ART_8422601bfe,INSTRUMENTAL,source_tag_verification,0.85,,,unavailable,data/lyrics/RMVM_S_e868e81509.txt,verified_local,,unavailable,,missing,TIER_B,LYRICS_ONLY,train
RMVM_S_e876959dab,Làm Sao Anh Quên (Beat),Nhật Tinh Anh,ART_497554b7f8,POP_BALLAD,deterministic_mapping,1.0,,,unavailable,data/lyrics/RMVM_S_e876959dab.txt,verified_local,,unavailable,,missing,TIER_A,LYRICS_ONLY,train
RMVM_S_e89f81dfb7,Bình Yên Là Trở Về,"Tuấn Hii, Thảo Phạm",ART_d1091a1501,POP_BALLAD,deterministic_mapping,1.0,,,unavailable,data/lyrics/RMVM_S_e89f81dfb7.txt,verified_local,,unavailable,,missing,TIER_A,LYRICS_ONLY,train
RMVM_S_e8bb29fd13,Cà Phê Sáng,Hồ Huy Hải,ART_8fde967dd1,POP_BALLAD,deterministic_mapping,1.0,,,unavailable,data/lyrics/RMVM_S_e8bb29fd13.txt,verified_local,,unavailable,,missing,TIER_A,LYRICS_ONLY,train
RMVM_S_e8c7d35bb5,Vì Anh Là Người Thứ Ba,Lâm Chấn Huy,ART_6c383e0ed1,POP_BALLAD,deterministic_mapping,1.0,,,unavailable,data/lyrics/RMVM_S_e8c7d35bb5.txt,verified_local,,unavailable,,missing,TIER_A,LYRICS_ONLY,train
RMVM_S_e8d4d0d74d,"Mashup： Chiều Thu Họa Bóng Nàng, Chân Mây","Phương Thanh, DatKaa",ART_4d2142315f,POP_BALLAD,deterministic_mapping,0.85,,,unavailable,,unavailable,,unavailable,,missing,TIER_B,METADATA_ONLY,train
RMVM_S_e8e3154f3a,Trên Dòng Sông Nhỏ,Nhiều nghệ sĩ,ART_736b531937,BOLERO_TRUTINH,deterministic_mapping,1.0,,,unavailable,data/lyrics/RMVM_S_e8e3154f3a.txt,verified_local,data/covers/RMVM_S_e8e3154f3a.jpg,verified_local,,missing,TIER_A,LYRICS_COVER,train
RMVM_S_e912d950ba,Ngày Về Nhớ Mẹ,Vy Thúy Hằng,ART_2ee5be9f67,BOLERO_TRUTINH,deterministic_mapping,1.0,,,unavailable,,unavailable,data/covers/RMVM_S_e912d950ba.jpg,verified_local,,missing,TIER_A,COVER_ONLY,train
RMVM_S_e91d26b1c1,Đến Gần Em,"Shay N, Sọp",ART_af5297b7d2,POP_BALLAD,deterministic_mapping,1.0,,,unavailable,data/lyrics/RMVM_S_e91d26b1c1.txt,verified_local,,unavailable,,missing,TIER_A,LYRICS_ONLY,train
RMVM_S_e940c17251,Loài Hoa Không Tên,"Hoàng Lan, Thế Sơn",ART_3e8f6c6566,INSTRUMENTAL,source_tag_verification,0.85,,,unavailable,data/lyrics/RMVM_S_e940c17251.txt,verified_local,,unavailable,,missing,TIER_B,LYRICS_ONLY,train
RMVM_S_e968ed002f,Cô Gái Anh Yêu Lúc Xuân Thời,Lâm Nguyên,ART_7fd68776bf,POP_BALLAD,deterministic_mapping,1.0,,,unavailable,data/lyrics/RMVM_S_e968ed002f.txt,verified_local,,unavailable,,missing,TIER_A,LYRICS_ONLY,train
RMVM_S_e971637704,"Đừng Yêu Nữa, Em Mệt Rồi (Cover)",Nguyễn Trần Trung Quân,ART_842a1031cf,POP_BALLAD,deterministic_mapping,1.0,,,unavailable,data/lyrics/RMVM_S_e971637704.txt,verified_local,,unavailable,,missing,TIER_A,LYRICS_ONLY,train
RMVM_S_e982541147,Đô Thị (The Remix 2017),"MiA, Tronie Ngô, Addy Trần",ART_a6da16f673,POP_BALLAD,deterministic_mapping,1.0,,,unavailable,data/lyrics/RMVM_S_e982541147.txt,verified_local,,unavailable,2017.0,verified,TIER_A,LYRICS_ONLY,train
RMVM_S_e9d5331d8c,Đánh Rơi Tình Yêu,Lưu Bích,ART_4c4952faa8,INSTRUMENTAL,source_tag_verification,0.85,,,unavailable,data/lyrics/RMVM_S_e9d5331d8c.txt,verified_local,,unavailable,,missing,TIER_B,LYRICS_ONLY,train
RMVM_S_e9e8d82029,Dạ Cổ Hoài Lang (Live),Hương Thủy,ART_1e195ce73c,FOLK_TRADITIONAL,deterministic_mapping,1.0,,,unavailable,data/lyrics/RMVM_S_e9e8d82029.txt,verified_local,,unavailable,,missing,TIER_A,LYRICS_ONLY,train
RMVM_S_e9ecc91ccc,Dừng Trách Người Ơi (Live),Bạch Công Khanh,ART_4699a16cc7,POP_BALLAD,deterministic_mapping,1.0,,,unavailable,data/lyrics/RMVM_S_e9ecc91ccc.txt,verified_local,,unavailable,,missing,TIER_A,LYRICS_ONLY,train
RMVM_S_e9ef2ac837,Chỉ Còn Những Mùa Nhớ,Bảo Trâm,ART_7c7bfa4ed2,POP_BALLAD,deterministic_mapping,1.0,,,unavailable,data/lyrics/RMVM_S_e9ef2ac837.txt,verified_local,,unavailable,,missing,TIER_A,LYRICS_ONLY,train
RMVM_S_ea0274192f,Lạc Mất Nhau Rồi,"Đức Vinh, Đức Hiếu",ART_031b3618c6,BOLERO_TRUTINH,deterministic_mapping,1.0,,,unavailable,,unavailable,data/covers/RMVM_S_ea0274192f.jpg,verified_local,,missing,TIER_A,COVER_ONLY,train
RMVM_S_ea0f6ff4d8,Đời Lúa Đời Nông,Đoàn Như Thảo,ART_5bc756c71d,BOLERO_TRUTINH,deterministic_mapping,1.0,,,unavailable,data/lyrics/RMVM_S_ea0f6ff4d8.txt,verified_local,data/covers/RMVM_S_ea0f6ff4d8.jpg,verified_local,,missing,TIER_A,LYRICS_COVER,train
RMVM_S_ea250978de,Bài Ca Tết Cho Em (2024 Version),Dương Hồng Loan,ART_ef4a4d3768,BOLERO_TRUTINH,deterministic_mapping,1.0,,,unavailable,data/lyrics/RMVM_S_ea250978de.txt,verified_local,,unavailable,2024.0,verified,TIER_A,LYRICS_ONLY,train
RMVM_S_ea556fb6c8,Hết Duyên Là Ý Trời,Chu Bin,ART_9abe6c859e,INSTRUMENTAL,deterministic_mapping,1.0,,,unavailable,data/lyrics/RMVM_S_ea556fb6c8.txt,verified_local,,unavailable,,missing,TIER_A,LYRICS_ONLY,train
RMVM_S_ea585c2f81,Người Nói Cùng Bạn Đến Già Nay Ở Đâu,Thiên Tú,ART_b0af0bf20e,POP_BALLAD,deterministic_mapping,1.0,,,unavailable,data/lyrics/RMVM_S_ea585c2f81.txt,verified_local,,unavailable,,missing,TIER_A,LYRICS_ONLY,train
RMVM_S_ea58971b7a,Phải Nên Bắt Đầu Từ Đâu,Hoài Lâm,ART_29eca983da,POP_BALLAD,deterministic_mapping,1.0,,,unavailable,data/lyrics/RMVM_S_ea58971b7a.txt,verified_local,,unavailable,,missing,TIER_A,LYRICS_ONLY,train
RMVM_S_ea5b742184,Biển Và Đôi Ta,Trần Tuấn Kiệt,ART_e106482916,BOLERO_TRUTINH,deterministic_mapping,1.0,,,unavailable,data/lyrics/RMVM_S_ea5b742184.txt,verified_local,,unavailable,,missing,TIER_A,LYRICS_ONLY,train
RMVM_S_ea788bdfd1,Không Một Ai (Remix Version),Nhiều nghệ sĩ,ART_736b531937,DANCE_EDM,deterministic_mapping,1.0,,,unavailable,data/lyrics/RMVM_S_ea788bdfd1.txt,verified_local,,unavailable,,missing,TIER_A,LYRICS_ONLY,train
RMVM_S_ea7fa8f68c,Dễ Yêu Dễ Quên (Tropical),"Nhật Tinh Anh, Nguyễn Đình Vũ, Thái Anthony",ART_f518391737,DANCE_EDM,deterministic_mapping,1.0,,,unavailable,data/lyrics/RMVM_S_ea7fa8f68c.txt,verified_local,,unavailable,,missing,TIER_A,LYRICS_ONLY,train
RMVM_S_ea8c00d1d1,Anh Yêu Nụ Cười Ấy,An Vũ,ART_d1ce273e32,POP_BALLAD,deterministic_mapping,1.0,,,unavailable,data/lyrics/RMVM_S_ea8c00d1d1.txt,verified_local,,unavailable,,missing,TIER_A,LYRICS_ONLY,train
RMVM_S_eab72c8ee8,Đường Không Lối,"Melomix, Giang Nâu Nâu",ART_b90ab99324,POP_BALLAD,deterministic_mapping,0.85,,,unavailable,,unavailable,,unavailable,,missing,TIER_B,METADATA_ONLY,train
RMVM_S_eacbdba81e,Yêu Đơn Phương (Beat),"OnlyC, Karik",ART_b2f3cb6939,POP_BALLAD,deterministic_mapping,1.0,,,unavailable,data/lyrics/RMVM_S_eacbdba81e.txt,verified_local,,unavailable,,missing,TIER_A,LYRICS_ONLY,train
RMVM_S_eacd42eb55,Cố Níu Tay Anh,Sala Uyên Trinh,ART_8ff8cb2d1b,POP_BALLAD,deterministic_mapping,1.0,,,unavailable,data/lyrics/RMVM_S_eacd42eb55.txt,verified_local,,unavailable,,missing,TIER_A,LYRICS_ONLY,train
RMVM_S_eaf1e4c5bb,Hoa Thiên Lý Trắng,Lương Nguyệt Anh,ART_3319dc2473,BOLERO_TRUTINH,deterministic_mapping,1.0,,,unavailable,data/lyrics/RMVM_S_eaf1e4c5bb.txt,verified_local,,unavailable,,missing,TIER_A,LYRICS_ONLY,train
RMVM_S_eaf7a9fec2,Người Hãy Quên Em Đi (Remix),Thanh Hương,ART_ebd4f9bdbe,POP_BALLAD,deterministic_mapping,1.0,,,unavailable,data/lyrics/RMVM_S_eaf7a9fec2.txt,verified_local,data/covers/RMVM_S_eaf7a9fec2.jpg,verified_local,,missing,TIER_A,LYRICS_COVER,train
RMVM_S_eafa543b00,Con Đường Mây Trắng,Tam Ca Con Gái,ART_4e7af6d621,BOLERO_TRUTINH,deterministic_mapping,1.0,,,unavailable,data/lyrics/RMVM_S_eafa543b00.txt,verified_local,,unavailable,,missing,TIER_A,LYRICS_ONLY,train
RMVM_S_eb10418617,Chờ Ngày Người Ấy Đồng Ý (DuyNH Remix),"Keyo, DuyNH Prod",ART_dfc7c04720,POP_BALLAD,deterministic_mapping,1.0,,,unavailable,data/lyrics/RMVM_S_eb10418617.txt,verified_local,,unavailable,,missing,TIER_A,LYRICS_ONLY,train
RMVM_S_eb2eec896c,Người Quảng Ngãi Chào Xuân (Remix 2021),Trường Kha,ART_abe0f2439b,BOLERO_TRUTINH,deterministic_mapping,1.0,,,unavailable,data/lyrics/RMVM_S_eb2eec896c.txt,verified_local,,unavailable,2021.0,verified,TIER_A,LYRICS_ONLY,train
RMVM_S_eb48336eda,Liên Khúc Bến Sông Buồn,"Thanh Ngân, Đức Thỏa",ART_ac3ff8c4ad,BOLERO_TRUTINH,deterministic_mapping,1.0,,,unavailable,data/lyrics/RMVM_S_eb48336eda.txt,verified_local,data/covers/RMVM_S_eb48336eda.jpg,verified_local,,missing,TIER_A,LYRICS_COVER,train
RMVM_S_eb72504c0c,Đã Có Những Tháng Ngày,Lâm Sung,ART_9089cd4dd6,POP_BALLAD,deterministic_mapping,1.0,,,unavailable,data/lyrics/RMVM_S_eb72504c0c.txt,verified_local,data/covers/RMVM_S_eb72504c0c.jpg,verified_local,,missing,TIER_A,LYRICS_COVER,train
RMVM_S_eb7f3acba1,Chưa Bắt Đầu Sao Kết Thúc,Minh Tài,ART_b4099ff934,POP_BALLAD,deterministic_mapping,1.0,,,unavailable,data/lyrics/RMVM_S_eb7f3acba1.txt,verified_local,data/covers/RMVM_S_eb7f3acba1.jpg,verified_local,,missing,TIER_A,LYRICS_COVER,train
RMVM_S_eb91202f61,Anh Muốn Quay Về,Phan Đinh Tùng,ART_628c82bb0f,POP_BALLAD,deterministic_mapping,1.0,,,unavailable,data/lyrics/RMVM_S_eb91202f61.txt,verified_local,,unavailable,,missing,TIER_A,LYRICS_ONLY,train
RMVM_S_eba8cc8c03,AI KHÓC CHO EM ?,"Poll, MinT",ART_807245af93,RAP_HIPHOP,deterministic_mapping,1.0,,,unavailable,data/lyrics/RMVM_S_eba8cc8c03.txt,verified_local,,unavailable,,missing,TIER_A,LYRICS_ONLY,train
RMVM_S_ebbd4a54ff,Biệt Giang Hồ (Remix),Ku Vàng,ART_f91d4d8087,POP_BALLAD,deterministic_mapping,1.0,,,unavailable,data/lyrics/RMVM_S_ebbd4a54ff.txt,verified_local,,unavailable,,missing,TIER_A,LYRICS_ONLY,train
RMVM_S_ebd75e76df,Chúng Ta Không Thuộc Về Nhau,Thái Lan Viên,ART_3d6db1a2b0,POP_BALLAD,deterministic_mapping,0.85,,,unavailable,,unavailable,,unavailable,,missing,TIER_B,METADATA_ONLY,train
RMVM_S_ebf3d6d137,Ghen Chỉ Vì Yêu,Lâm Chấn Huy,ART_6c383e0ed1,POP_BALLAD,deterministic_mapping,1.0,,,unavailable,data/lyrics/RMVM_S_ebf3d6d137.txt,verified_local,,unavailable,,missing,TIER_A,LYRICS_ONLY,train
RMVM_S_ec04de1481,Tân Cổ Đoạn Tuyệt,Như Huỳnh,ART_422644652b,BOLERO_TRUTINH,deterministic_mapping,1.0,,,unavailable,data/lyrics/RMVM_S_ec04de1481.txt,verified_local,,unavailable,,missing,TIER_A,LYRICS_ONLY,train
RMVM_S_ec062a1173,Biết Em Chưa Thể Quên,Trương Ngôn,ART_bb97496cd1,POP_BALLAD,deterministic_mapping,1.0,,,unavailable,data/lyrics/RMVM_S_ec062a1173.txt,verified_local,data/covers/RMVM_S_ec062a1173.jpg,verified_local,,missing,TIER_A,LYRICS_COVER,train
RMVM_S_ec0f24439c,Chia Tay Khi Còn Yêu,Trang Tạ,ART_677217c829,POP_BALLAD,deterministic_mapping,1.0,,,unavailable,data/lyrics/RMVM_S_ec0f24439c.txt,verified_local,,unavailable,,missing,TIER_A,LYRICS_ONLY,train
RMVM_S_ec0f8c8bbd,Hãy Mang Đến Những Mùa Xuân,Chi Dân,ART_b92b6ad2df,POP_BALLAD,deterministic_mapping,1.0,,,unavailable,data/lyrics/RMVM_S_ec0f8c8bbd.txt,verified_local,,unavailable,,missing,TIER_A,LYRICS_ONLY,train
RMVM_S_ec10acc8d6,Bến Cũ,Cổ Thạch Xuyên,ART_91ae97da1b,POP_BALLAD,deterministic_mapping,1.0,,,unavailable,data/lyrics/RMVM_S_ec10acc8d6.txt,verified_local,,unavailable,,missing,TIER_A,LYRICS_ONLY,train
RMVM_S_ec37306e94,Điều Em Cần,Thảo Wendy,ART_d6129c7d84,POP_BALLAD,deterministic_mapping,1.0,,,unavailable,data/lyrics/RMVM_S_ec37306e94.txt,verified_local,data/covers/RMVM_S_ec37306e94.jpg,verified_local,,missing,TIER_A,LYRICS_COVER,train
RMVM_S_ec4c7fc46b,Chuyện Tình Vườn Dâu,Tường Nguyên,ART_122ea1d29d,INSTRUMENTAL,source_tag_verification,0.85,,,unavailable,data/lyrics/RMVM_S_ec4c7fc46b.txt,verified_local,,unavailable,,missing,TIER_B,LYRICS_ONLY,train
RMVM_S_ec60edf967,Chú Bộ Đội Trường Sa,Bé Trang Thư,ART_fb6740eb7b,CHILDREN,artist_discography_verification,0.85,,,unavailable,data/lyrics/RMVM_S_ec60edf967.txt,verified_local,data/covers/RMVM_S_ec60edf967.jpg,verified_local,,missing,TIER_B,LYRICS_COVER,train
RMVM_S_ec641381ae,Huế Ngày Trờ Về,Vân Khánh,ART_fdc4292814,FOLK_TRADITIONAL,deterministic_mapping,1.0,,,unavailable,data/lyrics/RMVM_S_ec641381ae.txt,verified_local,,unavailable,,missing,TIER_A,LYRICS_ONLY,train
RMVM_S_ec6f5f31b5,Đời Vẫn Thế,Hoàng Châu,ART_b1a63e3d25,POP_BALLAD,deterministic_mapping,1.0,,,unavailable,data/lyrics/RMVM_S_ec6f5f31b5.txt,verified_local,,unavailable,,missing,TIER_A,LYRICS_ONLY,train
RMVM_S_ec7685d251,Ai Nói Với Em,"Lưu Ánh Loan, Đoàn Minh",ART_84eacece43,BOLERO_TRUTINH,deterministic_mapping,1.0,,,unavailable,data/lyrics/RMVM_S_ec7685d251.txt,verified_local,,unavailable,,missing,TIER_A,LYRICS_ONLY,train
RMVM_S_ec90822bec,"Già Gân, Mỹ Nhân & Gangster",Tăng Ngọc Tuyền,ART_b47d4f3212,POP_BALLAD,deterministic_mapping,1.0,,,unavailable,data/lyrics/RMVM_S_ec90822bec.txt,verified_local,,unavailable,,missing,TIER_A,LYRICS_ONLY,train
RMVM_S_ec90e0e644,Có Anh Là Giáng Sinh,Zuylee,ART_b2c54096a0,POP_BALLAD,deterministic_mapping,1.0,,,unavailable,data/lyrics/RMVM_S_ec90e0e644.txt,verified_local,,unavailable,,missing,TIER_A,LYRICS_ONLY,train
RMVM_S_ec965db3c3,Nơi Ấy Không Phải Tôi,Anh T.O.M,ART_a81263ea22,POP_BALLAD,deterministic_mapping,1.0,,,unavailable,data/lyrics/RMVM_S_ec965db3c3.txt,verified_local,,unavailable,,missing,TIER_A,LYRICS_ONLY,train
RMVM_S_eca8d8295a,Không Muốn Thế Giới Chỉ Muốn Anh,"Phí Phương Anh, RIN9, DREAMeR",ART_ed6d942533,POP_BALLAD,deterministic_mapping,1.0,,,unavailable,data/lyrics/RMVM_S_eca8d8295a.txt,verified_local,,unavailable,,missing,TIER_A,LYRICS_ONLY,train
RMVM_S_ecb2101752,Đã Từng Hạnh Phúc,Trương Khải Minh,ART_170a8920b9,POP_BALLAD,deterministic_mapping,1.0,,,unavailable,,unavailable,data/covers/RMVM_S_ecb2101752.jpg,verified_local,,missing,TIER_A,COVER_ONLY,train
RMVM_S_ecd2eb77be,Em Hãy Cứ Đi Đi,Trương Hiển,ART_1efe367e09,POP_BALLAD,deterministic_mapping,1.0,,,unavailable,data/lyrics/RMVM_S_ecd2eb77be.txt,verified_local,,unavailable,,missing,TIER_A,LYRICS_ONLY,train
RMVM_S_ecd67b2b7a,Đêm Linh Thánh,Mỹ Tâm,ART_0754088677,BOLERO_TRUTINH,deterministic_mapping,1.0,,,unavailable,data/lyrics/RMVM_S_ecd67b2b7a.txt,verified_local,,unavailable,,missing,TIER_A,LYRICS_ONLY,train
RMVM_S_ecef5d0fb0,Liều Thuốc Cho Trái Tim,"BeeBoss, Tuấn Chung",ART_418aa1c982,POP_BALLAD,deterministic_mapping,1.0,,,unavailable,data/lyrics/RMVM_S_ecef5d0fb0.txt,verified_local,data/covers/RMVM_S_ecef5d0fb0.jpg,verified_local,,missing,TIER_A,LYRICS_COVER,train
RMVM_S_ed214add4c,Câu Hò Bên Bến Hiền Lương,Lương Gia Huy,ART_f51be84ba3,FOLK_TRADITIONAL,deterministic_mapping,1.0,,,unavailable,,unavailable,data/covers/RMVM_S_ed214add4c.jpg,verified_local,,missing,TIER_A,COVER_ONLY,train
RMVM_S_ed331bf539,Chuyện Hoa Sim,Mai Lệ Quyên,ART_fe22d84e12,BOLERO_TRUTINH,deterministic_mapping,1.0,,,unavailable,data/lyrics/RMVM_S_ed331bf539.txt,verified_local,,unavailable,,missing,TIER_A,LYRICS_ONLY,train
RMVM_S_ed7d05f6eb,Tình Yêu Nơi Thiên Chúa Dành Cho Tôi,Kim Ji Đông,ART_b11c9099d0,OTHER,curated_out_of_taxonomy,0.9,Religious / Sacred spiritual Vietnamese music,,unavailable,,unavailable,,unavailable,,missing,TIER_B,METADATA_ONLY,train
RMVM_S_ed84ad8f30,Chấp Nhận Cô Đơn,"Kayl D, KaWaiiBi",ART_bfd9611a2c,RAP_HIPHOP,deterministic_mapping,1.0,,,unavailable,data/lyrics/RMVM_S_ed84ad8f30.txt,verified_local,,unavailable,,missing,TIER_A,LYRICS_ONLY,train
RMVM_S_ed90450494,TÌNH YÊU LÀ GÌ VẬY HA,"Mr.KAYZ, KhangG-B",ART_7765781100,POP_BALLAD,deterministic_mapping,1.0,,,unavailable,data/lyrics/RMVM_S_ed90450494.txt,verified_local,,unavailable,,missing,TIER_A,LYRICS_ONLY,train
RMVM_S_ed9cb60792,Duyên Bẽ Bàng,Long Đẹp Trai,ART_89f990d122,POP_BALLAD,deterministic_mapping,1.0,,,unavailable,data/lyrics/RMVM_S_ed9cb60792.txt,verified_local,,unavailable,,missing,TIER_A,LYRICS_ONLY,train
RMVM_S_ed9cf3fa54,Anh Chẳng Còn Cơ Hội (Beat),"Trang Mio, Trần Huyền Diệp",ART_4a7edb1a76,POP_BALLAD,deterministic_mapping,1.0,,,unavailable,,unavailable,data/covers/RMVM_S_ed9cf3fa54.jpg,verified_local,,missing,TIER_A,COVER_ONLY,train
RMVM_S_eda75848d9,Cảm Ơn Một Niềm Đau,Mỹ Hạnh,ART_13c54913cc,POP_BALLAD,deterministic_mapping,1.0,,,unavailable,data/lyrics/RMVM_S_eda75848d9.txt,verified_local,,unavailable,,missing,TIER_A,LYRICS_ONLY,train
RMVM_S_edba4e4185,Hà Nội 12 Mùa Hoa,Minh Thu,ART_d8168e026a,POP_BALLAD,deterministic_mapping,1.0,,,unavailable,data/lyrics/RMVM_S_edba4e4185.txt,verified_local,data/covers/RMVM_S_edba4e4185.jpg,verified_local,,missing,TIER_A,LYRICS_COVER,train
RMVM_S_edd92571ff,Để Tang Quá Khứ (DJ Power Remix),Bằng Cường,ART_92092d6cfb,POP_BALLAD,deterministic_mapping,1.0,,,unavailable,data/lyrics/RMVM_S_edd92571ff.txt,verified_local,,unavailable,,missing,TIER_A,LYRICS_ONLY,train
RMVM_S_ede45a2ac0,Anh Rồi Sẽ Ổn Thôi!,LEO,ART_0f759dd1ea,POP_BALLAD,deterministic_mapping,1.0,,,unavailable,data/lyrics/RMVM_S_ede45a2ac0.txt,verified_local,data/covers/RMVM_S_ede45a2ac0.jpg,verified_local,,missing,TIER_A,LYRICS_COVER,train
RMVM_S_edf06cf0a5,Câu Tre Lắt Lẻo,Bé Phương Nhi,ART_a724e95582,CHILDREN,deterministic_mapping,1.0,,,unavailable,data/lyrics/RMVM_S_edf06cf0a5.txt,verified_local,,unavailable,,missing,TIER_A,LYRICS_ONLY,train
RMVM_S_ee093d5cd9,Chúa Đã Nhìn Thấy Hết,Nguyễn Hồng Ân,ART_7633be609c,OTHER,curated_out_of_taxonomy,0.9,Religious / Sacred spiritual Vietnamese music,,unavailable,,unavailable,,unavailable,2022.0,verified,TIER_B,METADATA_ONLY,train
RMVM_S_ee3e435d7a,Girl Hà Nội,Nhiều nghệ sĩ,ART_736b531937,POP_BALLAD,deterministic_mapping,1.0,,,unavailable,data/lyrics/RMVM_S_ee3e435d7a.txt,verified_local,data/covers/RMVM_S_ee3e435d7a.jpg,verified_local,,missing,TIER_A,LYRICS_COVER,train
RMVM_S_ee4109f184,Lúa Mùa Thắm Duyên,"Khánh Hoàng, Lâm Ngọc Hoa",ART_7d530524e7,BOLERO_TRUTINH,deterministic_mapping,1.0,,,unavailable,data/lyrics/RMVM_S_ee4109f184.txt,verified_local,,unavailable,,missing,TIER_A,LYRICS_ONLY,train
RMVM_S_ee5142e392,Anh Đã Hết Cảm Giác Với Em,Luna Band,ART_7d28168601,POP_BALLAD,deterministic_mapping,1.0,,,unavailable,data/lyrics/RMVM_S_ee5142e392.txt,verified_local,,unavailable,,missing,TIER_A,LYRICS_ONLY,train
RMVM_S_ee59ef3220,Níu Duyên Muộn Màng,Nguyễn Hậu,ART_afb1be888c,POP_BALLAD,deterministic_mapping,1.0,,,unavailable,data/lyrics/RMVM_S_ee59ef3220.txt,verified_local,,unavailable,,missing,TIER_A,LYRICS_ONLY,train
RMVM_S_ee60ea49db,Đổi Trắng Thay Đen (Nam Tử Hán OST),Tào Lữ Phụ,ART_e24089fa98,POP_BALLAD,deterministic_mapping,1.0,,,unavailable,data/lyrics/RMVM_S_ee60ea49db.txt,verified_local,,unavailable,,missing,TIER_A,LYRICS_ONLY,train
RMVM_S_ee6982f12b,Delilah - Tình Hận,Phong Vũ,ART_878c94d90f,BOLERO_TRUTINH,deterministic_mapping,1.0,,,unavailable,data/lyrics/RMVM_S_ee6982f12b.txt,verified_local,,unavailable,,missing,TIER_A,LYRICS_ONLY,train
RMVM_S_ee765a1838,Một Bóng,Bùi Tuyết Mai,ART_ee032ff0d2,BOLERO_TRUTINH,deterministic_mapping,1.0,,,unavailable,data/lyrics/RMVM_S_ee765a1838.txt,verified_local,,unavailable,,missing,TIER_A,LYRICS_ONLY,train
RMVM_S_ee8a947876,Hãy Nói Đi Em,Lưu Gia Bảo,ART_198f1b2afb,POP_BALLAD,deterministic_mapping,1.0,,,unavailable,data/lyrics/RMVM_S_ee8a947876.txt,verified_local,,unavailable,,missing,TIER_A,LYRICS_ONLY,train
RMVM_S_eedb13bbfa,Em Chỉ Là Giấc Mộng,Hà Thanh Xuân,ART_b36e43100c,BOLERO_TRUTINH,deterministic_mapping,1.0,,,unavailable,,unavailable,data/covers/RMVM_S_eedb13bbfa.jpg,verified_local,,missing,TIER_A,COVER_ONLY,train
RMVM_S_ef1e5acdc3,Về Đâu Mái Tóc Người Thương,Sô Diễn Cuộc Đời,ART_2d3022de3b,BOLERO_TRUTINH,deterministic_mapping,1.0,,,unavailable,data/lyrics/RMVM_S_ef1e5acdc3.txt,verified_local,data/covers/RMVM_S_ef1e5acdc3.jpg,verified_local,,missing,TIER_A,LYRICS_COVER,train
RMVM_S_ef229837ff,Lý Do... Anh Bỏ Em Vào Balo,Tân Trần,ART_dd56c76f2a,POP_BALLAD,deterministic_mapping,1.0,,,unavailable,data/lyrics/RMVM_S_ef229837ff.txt,verified_local,,unavailable,,missing,TIER_A,LYRICS_ONLY,train
RMVM_S_ef404088c1,Ký Ức Giáng Sinh,Trương Kiều Diễm,ART_b75d12acb0,POP_BALLAD,deterministic_mapping,1.0,,,unavailable,data/lyrics/RMVM_S_ef404088c1.txt,verified_local,,unavailable,,missing,TIER_A,LYRICS_ONLY,train
RMVM_S_ef4e247cc1,Anh Ơi Tình Yêu Là Gì,Diệp Anh,ART_5756f5574e,POP_BALLAD,deterministic_mapping,1.0,,,unavailable,data/lyrics/RMVM_S_ef4e247cc1.txt,verified_local,,unavailable,,missing,TIER_A,LYRICS_ONLY,train
RMVM_S_ef607d7147,Chú Chuột Nhắt,Khánh Vy,ART_5de97c6d1a,CHILDREN,deterministic_mapping,1.0,,,unavailable,data/lyrics/RMVM_S_ef607d7147.txt,verified_local,,unavailable,,missing,TIER_A,LYRICS_ONLY,train
RMVM_S_ef78ae64e9,Đợi Em Đến Hoa Cũng Úa Tàn,Quang Hà,ART_ec331abb47,POP_BALLAD,deterministic_mapping,1.0,,,unavailable,data/lyrics/RMVM_S_ef78ae64e9.txt,verified_local,data/covers/RMVM_S_ef78ae64e9.jpg,verified_local,,missing,TIER_A,LYRICS_COVER,train
RMVM_S_ef7b252be4,Rồi Mình Sẽ Hạnh Phúc (Qinn Remix),"Qinn Media, Tuyền Ơi, Đạt Max",ART_62b4777d37,POP_BALLAD,deterministic_mapping,1.0,,,unavailable,data/lyrics/RMVM_S_ef7b252be4.txt,verified_local,,unavailable,,missing,TIER_A,LYRICS_ONLY,train
RMVM_S_ef88de3b9b,Mặt Nạ Hóa Đá,AndyShin,ART_902cc33a81,POP_BALLAD,deterministic_mapping,1.0,,,unavailable,data/lyrics/RMVM_S_ef88de3b9b.txt,verified_local,,unavailable,,missing,TIER_A,LYRICS_ONLY,train
RMVM_S_efb9fbfd5b,Đừng Gọi Em Là Khói Sương (Cuốc Xe Nửa Đêm OST),Bích Tuyết,ART_bea1f29571,POP_BALLAD,deterministic_mapping,1.0,,,unavailable,data/lyrics/RMVM_S_efb9fbfd5b.txt,verified_local,data/covers/RMVM_S_efb9fbfd5b.jpg,verified_local,,missing,TIER_A,LYRICS_COVER,train
RMVM_S_efc0e86bf6,Bòn Ơi Thương Lắm Quê Mình,"Lâm Thanh Tuấn, Châu Thoại Mỹ",ART_c9c63b1885,BOLERO_TRUTINH,deterministic_mapping,1.0,,,unavailable,data/lyrics/RMVM_S_efc0e86bf6.txt,verified_local,,unavailable,,missing,TIER_A,LYRICS_ONLY,train
RMVM_S_efc986e205,Hình Ảnh Người Em Không Đợi,Chí Viễn,ART_6baf81e7f3,BOLERO_TRUTINH,deterministic_mapping,1.0,,,unavailable,data/lyrics/RMVM_S_efc986e205.txt,verified_local,,unavailable,,missing,TIER_A,LYRICS_ONLY,train
RMVM_S_efcffa60f8,Không Gì Có Thể Thay Thế Em (Live Version),Khải Đăng,ART_77d10f700c,POP_BALLAD,deterministic_mapping,1.0,,,unavailable,data/lyrics/RMVM_S_efcffa60f8.txt,verified_local,,unavailable,,missing,TIER_A,LYRICS_ONLY,train
RMVM_S_efd32fa571,Tương Tư Người Lạ,Thảo Wendy,ART_d6129c7d84,POP_BALLAD,deterministic_mapping,1.0,,,unavailable,data/lyrics/RMVM_S_efd32fa571.txt,verified_local,,unavailable,,missing,TIER_A,LYRICS_ONLY,train
RMVM_S_efd9d9c8fe,Chợt Buồn,Châu Việt Cường,ART_93ca085744,POP_BALLAD,deterministic_mapping,1.0,,,unavailable,data/lyrics/RMVM_S_efd9d9c8fe.txt,verified_local,,unavailable,,missing,TIER_A,LYRICS_ONLY,train
RMVM_S_eff62cd2db,Em Giờ Sao,Khu Đình,ART_8d7c3039bf,POP_BALLAD,deterministic_mapping,1.0,,,unavailable,data/lyrics/RMVM_S_eff62cd2db.txt,verified_local,data/covers/RMVM_S_eff62cd2db.jpg,verified_local,,missing,TIER_A,LYRICS_COVER,train
RMVM_S_f0286ee514,Cách Xa Nhau Rồi,"YuniBoo, Út Nhị Mino, BD Media",ART_c742bc7708,POP_BALLAD,deterministic_mapping,1.0,,,unavailable,data/lyrics/RMVM_S_f0286ee514.txt,verified_local,data/covers/RMVM_S_f0286ee514.jpg,verified_local,,missing,TIER_A,LYRICS_COVER,train
RMVM_S_f048300b8d,Cafe Đắng Hơn Rồi Em,Trịnh Thiên Ân,ART_308ad26f2c,POP_BALLAD,deterministic_mapping,1.0,,,unavailable,data/lyrics/RMVM_S_f048300b8d.txt,verified_local,,unavailable,,missing,TIER_A,LYRICS_ONLY,train
RMVM_S_f055c14cd6,Cha Yêu,Bằng Kiều,ART_e70c837c14,FOLK_TRADITIONAL,deterministic_mapping,1.0,,,unavailable,,unavailable,data/covers/RMVM_S_f055c14cd6.jpg,verified_local,,missing,TIER_A,COVER_ONLY,train
RMVM_S_f0591acff1,Anh Cũng Biết Đau Biết Buồn,Trịnh Thiên Ân,ART_308ad26f2c,POP_BALLAD,deterministic_mapping,1.0,,,unavailable,data/lyrics/RMVM_S_f0591acff1.txt,verified_local,,unavailable,,missing,TIER_A,LYRICS_ONLY,train
RMVM_S_f0694fd2b9,Phố Cũ Mưa Rơi,Trường Thanh,ART_57b1841641,POP_BALLAD,deterministic_mapping,1.0,,,unavailable,data/lyrics/RMVM_S_f0694fd2b9.txt,verified_local,,unavailable,,missing,TIER_A,LYRICS_ONLY,train
RMVM_S_f07c5c030e,Bước Chân Con Trở Về,Isaac Thái,ART_84028ff2d2,POP_BALLAD,deterministic_mapping,1.0,,,unavailable,data/lyrics/RMVM_S_f07c5c030e.txt,verified_local,,unavailable,,missing,TIER_A,LYRICS_ONLY,train
RMVM_S_f09dc0990b,Chiếc Giường Chia Đôi,Trường Kha,ART_abe0f2439b,POP_BALLAD,deterministic_mapping,1.0,,,unavailable,data/lyrics/RMVM_S_f09dc0990b.txt,verified_local,,unavailable,,missing,TIER_A,LYRICS_ONLY,train
RMVM_S_f09f2bde1a,Cuộc Đời Éo Le (remix),"Don Hồ, Quốc Hùng",ART_a06009708a,INSTRUMENTAL,source_tag_verification,0.85,,,unavailable,data/lyrics/RMVM_S_f09f2bde1a.txt,verified_local,,unavailable,,missing,TIER_B,LYRICS_ONLY,train
RMVM_S_f0b5b189ae,Chờ Mãi Phút Giây Này,Tăng Anh Tuấn,ART_3a6c60b80f,POP_BALLAD,deterministic_mapping,1.0,,,unavailable,data/lyrics/RMVM_S_f0b5b189ae.txt,verified_local,,unavailable,,missing,TIER_A,LYRICS_ONLY,train
RMVM_S_f0d19a908c,Chuyện Đời Tôi,Diễm Thùy,ART_b4d32ccd24,BOLERO_TRUTINH,deterministic_mapping,1.0,,,unavailable,data/lyrics/RMVM_S_f0d19a908c.txt,verified_local,,unavailable,,missing,TIER_A,LYRICS_ONLY,train
RMVM_S_f0d9d3f24f,Mẹ Cho Con Tất Cả,Bằng Chương,ART_1ac51879a7,BOLERO_TRUTINH,deterministic_mapping,1.0,,,unavailable,data/lyrics/RMVM_S_f0d9d3f24f.txt,verified_local,,unavailable,,missing,TIER_A,LYRICS_ONLY,train
RMVM_S_f1283164ed,Tết Này Ai Cưới Tôi,Nhiều nghệ sĩ,ART_736b531937,POP_BALLAD,deterministic_mapping,1.0,,,unavailable,data/lyrics/RMVM_S_f1283164ed.txt,verified_local,,unavailable,,missing,TIER_A,LYRICS_ONLY,train
RMVM_S_f14a48784e,Gửi Chúng Ta Năm Nào,Cao Minh,ART_e8f048a384,POP_BALLAD,deterministic_mapping,1.0,,,unavailable,data/lyrics/RMVM_S_f14a48784e.txt,verified_local,,unavailable,,missing,TIER_A,LYRICS_ONLY,train
RMVM_S_f14fe039d0,Ngậm Ngùi,Sô Diễn Cuộc Đời,ART_2d3022de3b,BOLERO_TRUTINH,deterministic_mapping,1.0,,,unavailable,data/lyrics/RMVM_S_f14fe039d0.txt,verified_local,,unavailable,,missing,TIER_A,LYRICS_ONLY,train
RMVM_S_f15a6e96e4,Bức Tranh Trắng Xóa,K-ICM,ART_20fba47405,POP_BALLAD,deterministic_mapping,1.0,,,unavailable,data/lyrics/RMVM_S_f15a6e96e4.txt,verified_local,,unavailable,,missing,TIER_A,LYRICS_ONLY,train
RMVM_S_f171faeeb6,Cố Giữ Được Không,"Nam Anh, NH4T",ART_046729c635,POP_BALLAD,deterministic_mapping,1.0,,,unavailable,data/lyrics/RMVM_S_f171faeeb6.txt,verified_local,data/covers/RMVM_S_f171faeeb6.jpg,verified_local,,missing,TIER_A,LYRICS_COVER,train
RMVM_S_f17326192b,Em Đã Có Một Ngày Thật Tệ,Hannie,ART_9a22ccd13f,POP_BALLAD,deterministic_mapping,1.0,,,unavailable,data/lyrics/RMVM_S_f17326192b.txt,verified_local,,unavailable,,missing,TIER_A,LYRICS_ONLY,train
RMVM_S_f18ed499b5,Đậm Sâu Đến Mấy Cũng Tàn,"Võ Đức Trí, Star Online",ART_11fcf2df99,POP_BALLAD,deterministic_mapping,1.0,,,unavailable,data/lyrics/RMVM_S_f18ed499b5.txt,verified_local,,unavailable,,missing,TIER_A,LYRICS_ONLY,train
RMVM_S_f1a292d028,Chưa Kịp Nói Lời Yêu Em,Liu Quốc Việt,ART_d7fe6fa611,POP_BALLAD,deterministic_mapping,1.0,,,unavailable,data/lyrics/RMVM_S_f1a292d028.txt,verified_local,,unavailable,,missing,TIER_A,LYRICS_ONLY,train
RMVM_S_f1a5e1c99d,Duy Nhất Cho Em (Trạng Quỳnh OST),Sara Lưu,ART_2a528b3684,OTHER,curated_out_of_taxonomy,0.9,Film Soundtrack / OST composition,,unavailable,,unavailable,,unavailable,,missing,TIER_B,METADATA_ONLY,train
RMVM_S_f1e4ef9603,Có Chúa Đi Cùng Con,Nay Sara,ART_25a85c51b4,OTHER,curated_out_of_taxonomy,0.9,Religious / Sacred spiritual Vietnamese music,,unavailable,,unavailable,data/covers/RMVM_S_f1e4ef9603.jpg,verified_local,,missing,TIER_B,COVER_ONLY,train
RMVM_S_f1fb4d1aa9,Đừng Nhắc Đến Anh,Nhiều nghệ sĩ,ART_736b531937,RAP_HIPHOP,deterministic_mapping,1.0,,,unavailable,data/lyrics/RMVM_S_f1fb4d1aa9.txt,verified_local,,unavailable,,missing,TIER_A,LYRICS_ONLY,train
RMVM_S_f21140573b,Em Không Muốn Mình Cao Thêm Tí Nào Nữa Đâu Nhé,"Hải Sâm, Phan Ngân",ART_41c13a469d,POP_BALLAD,deterministic_mapping,1.0,,,unavailable,data/lyrics/RMVM_S_f21140573b.txt,verified_local,data/covers/RMVM_S_f21140573b.jpg,verified_local,,missing,TIER_A,LYRICS_COVER,train
RMVM_S_f2145de17c,Lời Tỏ Tình Dễ Thương (Cha Cha Cha),"Dáng Kiều, CT",ART_80a77d6190,BOLERO_TRUTINH,deterministic_mapping,1.0,,,unavailable,,unavailable,data/covers/RMVM_S_f2145de17c.jpg,verified_local,,missing,TIER_A,COVER_ONLY,train
RMVM_S_f26f23780b,Mưa Sài Gòn Còn Buồn Không Em,Hoàng Hoa,ART_6275f9a500,BOLERO_TRUTINH,deterministic_mapping,1.0,,,unavailable,data/lyrics/RMVM_S_f26f23780b.txt,verified_local,,unavailable,,missing,TIER_A,LYRICS_ONLY,train
RMVM_S_f2742c5a71,Cô Đơn Tận Cùng,Vương Thiên Lâm,ART_52feb40e96,POP_BALLAD,deterministic_mapping,1.0,,,unavailable,data/lyrics/RMVM_S_f2742c5a71.txt,verified_local,,unavailable,,missing,TIER_A,LYRICS_ONLY,train
RMVM_S_f27ea0e86e,Điều Đó Là Vì Em,"KindyA, KaWaiiBi",ART_b2f30c9e98,RAP_HIPHOP,deterministic_mapping,1.0,,,unavailable,data/lyrics/RMVM_S_f27ea0e86e.txt,verified_local,data/covers/RMVM_S_f27ea0e86e.jpg,verified_local,,missing,TIER_A,LYRICS_COVER,train
RMVM_S_f27f80e07c,Mừng Tuổi Mẹ,Đại Đức Thích Nhuận Thanh,ART_7964e4ed42,BOLERO_TRUTINH,deterministic_mapping,1.0,,,unavailable,data/lyrics/RMVM_S_f27f80e07c.txt,verified_local,,unavailable,,missing,TIER_A,LYRICS_ONLY,train
RMVM_S_f28bf8c084,Cư Xá Mùa Thu,Cheng,ART_89975c5e5d,POP_BALLAD,deterministic_mapping,1.0,,,unavailable,data/lyrics/RMVM_S_f28bf8c084.txt,verified_local,,unavailable,,missing,TIER_A,LYRICS_ONLY,train
RMVM_S_f294819ec9,Hát Trên Đỉnh Đồi,Trường Sinh,ART_b1dd680e9f,OTHER,curated_out_of_taxonomy,0.9,Religious / Sacred spiritual Vietnamese music,,unavailable,,unavailable,data/covers/RMVM_S_f294819ec9.jpg,verified_local,,missing,TIER_B,COVER_ONLY,train
RMVM_S_f2adbf27d5,Lại Gần Anh Chút Thôi,Linh Lor,ART_dc710bb4a1,POP_BALLAD,deterministic_mapping,1.0,,,unavailable,data/lyrics/RMVM_S_f2adbf27d5.txt,verified_local,,unavailable,,missing,TIER_A,LYRICS_ONLY,train
RMVM_S_f2b4f16ef7,Năm Tới Con Về,"Công Danh, Trọng Vĩnh",ART_241850f817,POP_BALLAD,deterministic_mapping,1.0,,,unavailable,data/lyrics/RMVM_S_f2b4f16ef7.txt,verified_local,,unavailable,,missing,TIER_A,LYRICS_ONLY,train
RMVM_S_f2cad7f8cb,Cứu Lấy Anh,Da LAB,ART_30c4941a85,POP_BALLAD,deterministic_mapping,1.0,,,unavailable,data/lyrics/RMVM_S_f2cad7f8cb.txt,verified_local,,unavailable,,missing,TIER_A,LYRICS_ONLY,train
RMVM_S_f2ceb4641b,Cảm Xúc Chiều Mưa,"Minh Thuận, Thùy My",ART_07e4c82dc3,POP_BALLAD,deterministic_mapping,1.0,,,unavailable,,unavailable,data/covers/RMVM_S_f2ceb4641b.jpg,verified_local,,missing,TIER_A,COVER_ONLY,train
RMVM_S_f2dada3973,Không Được Khóc (Remix),Phạm Trưởng,ART_4d4476e4b2,POP_BALLAD,deterministic_mapping,1.0,,,unavailable,data/lyrics/RMVM_S_f2dada3973.txt,verified_local,,unavailable,,missing,TIER_A,LYRICS_ONLY,train
RMVM_S_f30abb260b,"Mashup： Trăng Sơn Cước, Về Với Em","Võ Hạ Trâm, Nhật Thủy, Phạm Đình Thái Ngân, Quỳnh Anh",ART_f72031d215,POP_BALLAD,deterministic_mapping,0.85,,,unavailable,,unavailable,,unavailable,,missing,TIER_B,METADATA_ONLY,train
RMVM_S_f317678ba7,Người Về Bên Ai,IVAN,ART_2c42e5cf1c,POP_BALLAD,deterministic_mapping,1.0,,,unavailable,,unavailable,data/covers/RMVM_S_f317678ba7.jpg,verified_local,,missing,TIER_A,COVER_ONLY,train
RMVM_S_f32622901f,Rap Về Râu Trắng,Phan Ann,ART_07345cf2b0,RAP_HIPHOP,deterministic_mapping,1.0,,,unavailable,data/lyrics/RMVM_S_f32622901f.txt,verified_local,,unavailable,,missing,TIER_A,LYRICS_ONLY,train
RMVM_S_f331ade6f9,Du Ca Khúc,"Mer, Lazii",ART_e9475b4e19,POP_BALLAD,deterministic_mapping,1.0,,,unavailable,data/lyrics/RMVM_S_f331ade6f9.txt,verified_local,,unavailable,,missing,TIER_A,LYRICS_ONLY,train
RMVM_S_f3389a72d8,Ánh Trăng Buồn (Pi Nine Remix),"Vương Nguyễn, Nhã Pc",ART_a8fa024fc5,POP_BALLAD,deterministic_mapping,1.0,,,unavailable,,unavailable,data/covers/RMVM_S_f3389a72d8.jpg,verified_local,,missing,TIER_A,COVER_ONLY,train
RMVM_S_f3543717e5,Yêu Như Cách Em Từng,Yến Trang,ART_ef18093979,POP_BALLAD,deterministic_mapping,1.0,,,unavailable,data/lyrics/RMVM_S_f3543717e5.txt,verified_local,,unavailable,,missing,TIER_A,LYRICS_ONLY,train
RMVM_S_f359c682ce,Đành Lòng Sao Anh,Diễm Trang,ART_3d2d88c0be,POP_BALLAD,deterministic_mapping,1.0,,,unavailable,data/lyrics/RMVM_S_f359c682ce.txt,verified_local,,unavailable,,missing,TIER_A,LYRICS_ONLY,train
RMVM_S_f360774cf7,Liên Khúc Ba Dòng Sông,Thu Phương,ART_4933834873,POP_BALLAD,deterministic_mapping,1.0,,,unavailable,data/lyrics/RMVM_S_f360774cf7.txt,verified_local,,unavailable,,missing,TIER_A,LYRICS_ONLY,train
RMVM_S_f37bc48601,Chiều mưa qua sông,"Long Nhật, Vân Khánh",ART_9f9af639b8,POP_BALLAD,deterministic_mapping,1.0,,,unavailable,,unavailable,data/covers/RMVM_S_f37bc48601.jpg,verified_local,,missing,TIER_A,COVER_ONLY,train
RMVM_S_f39ab02c30,Anh Cá Bảy Màu,Chân,ART_64b7ef662c,CHILDREN,deterministic_mapping,1.0,,,unavailable,data/lyrics/RMVM_S_f39ab02c30.txt,verified_local,data/covers/RMVM_S_f39ab02c30.jpg,verified_local,,missing,TIER_A,LYRICS_COVER,train
RMVM_S_f3a94344e2,9 Vì Yêu,"Đinh Đại Vũ, Châu Dương",ART_246a089712,POP_BALLAD,deterministic_mapping,1.0,,,unavailable,data/lyrics/RMVM_S_f3a94344e2.txt,verified_local,data/covers/RMVM_S_f3a94344e2.jpg,verified_local,,missing,TIER_A,LYRICS_COVER,train
RMVM_S_f3d7cd9dfe,Bước Nhỏ Vào Đời,Dương Kim Ánh,ART_f84105190f,BOLERO_TRUTINH,deterministic_mapping,1.0,,,unavailable,data/lyrics/RMVM_S_f3d7cd9dfe.txt,verified_local,,unavailable,,missing,TIER_A,LYRICS_ONLY,train
RMVM_S_f3db0c523f,500 Năm Ruộng Dâu Biển Cạn,Lee Phú Quý,ART_0dae860da2,POP_BALLAD,deterministic_mapping,1.0,,,unavailable,data/lyrics/RMVM_S_f3db0c523f.txt,verified_local,,unavailable,,missing,TIER_A,LYRICS_ONLY,train
RMVM_S_f3f68ac442,Cô Gái Ngốc,Lilly Nguyen,ART_605bcfff8f,POP_BALLAD,deterministic_mapping,1.0,,,unavailable,data/lyrics/RMVM_S_f3f68ac442.txt,verified_local,,unavailable,,missing,TIER_A,LYRICS_ONLY,train
RMVM_S_f3fa3a2c03,Lời Ru Ánh Sáng,Ngọc Mai,ART_46aa09baac,POP_BALLAD,deterministic_mapping,1.0,,,unavailable,data/lyrics/RMVM_S_f3fa3a2c03.txt,verified_local,,unavailable,,missing,TIER_A,LYRICS_ONLY,train
RMVM_S_f420a927f8,Một Thời Để Chết,Minh Xuân,ART_1259408674,POP_BALLAD,deterministic_mapping,1.0,,,unavailable,data/lyrics/RMVM_S_f420a927f8.txt,verified_local,,unavailable,,missing,TIER_A,LYRICS_ONLY,train
RMVM_S_f4267ab8c6,Nói Anh Nghe Được Không,Andiez,ART_9439c81871,POP_BALLAD,deterministic_mapping,1.0,,,unavailable,data/lyrics/RMVM_S_f4267ab8c6.txt,verified_local,,unavailable,,missing,TIER_A,LYRICS_ONLY,train
RMVM_S_f429d052c7,Đâu Có Sao (Beat),"Judian, Haohinh",ART_4d425f267a,POP_BALLAD,deterministic_mapping,1.0,,,unavailable,data/lyrics/RMVM_S_f429d052c7.txt,verified_local,,unavailable,,missing,TIER_A,LYRICS_ONLY,train
RMVM_S_f42e813a32,Nỗi Nhớ Cha,Ân Thiên Vỹ,ART_a7e34b8ed2,POP_BALLAD,deterministic_mapping,1.0,,,unavailable,,unavailable,data/covers/RMVM_S_f42e813a32.jpg,verified_local,,missing,TIER_A,COVER_ONLY,train
RMVM_S_f4689d988b,Hoa Lạc Lối (Trap Version),Khang Việt,ART_8a69eef7ef,DANCE_EDM,deterministic_mapping,1.0,,,unavailable,data/lyrics/RMVM_S_f4689d988b.txt,verified_local,,unavailable,,missing,TIER_A,LYRICS_ONLY,train
RMVM_S_f474c99fa3,Một Lần Khờ Dại Một Đời Nhớ Thương,Thảo Wendy,ART_d6129c7d84,POP_BALLAD,deterministic_mapping,1.0,,,unavailable,data/lyrics/RMVM_S_f474c99fa3.txt,verified_local,data/covers/RMVM_S_f474c99fa3.jpg,verified_local,,missing,TIER_A,LYRICS_COVER,train
RMVM_S_f4844211e2,Cánh Diều và Em,Bé Tú Anh,ART_078cddeba1,CHILDREN,deterministic_mapping,1.0,,,unavailable,data/lyrics/RMVM_S_f4844211e2.txt,verified_local,data/covers/RMVM_S_f4844211e2.jpg,verified_local,,missing,TIER_A,LYRICS_COVER,train
RMVM_S_f49647f07b,Đường Về Miền Bắc,Trần Thái Hòa,ART_1b610001da,INSTRUMENTAL,source_tag_verification,0.85,,,unavailable,data/lyrics/RMVM_S_f49647f07b.txt,verified_local,,unavailable,,missing,TIER_B,LYRICS_ONLY,train
RMVM_S_f4b75d30f2,Nếm Lấy Trái Đắng,"Sona, G5R Squad",ART_a175af1020,POP_BALLAD,deterministic_mapping,1.0,,,unavailable,data/lyrics/RMVM_S_f4b75d30f2.txt,verified_local,,unavailable,,missing,TIER_A,LYRICS_ONLY,train
RMVM_S_f4bad27893,Em Và Huế,Đông Quân,ART_466383dcab,FOLK_TRADITIONAL,deterministic_mapping,1.0,,,unavailable,data/lyrics/RMVM_S_f4bad27893.txt,verified_local,,unavailable,,missing,TIER_A,LYRICS_ONLY,train
RMVM_S_f4e49d9731,Ba Tập Em Bơi,Kiến Thành,ART_3d70e712f3,CHILDREN,deterministic_mapping,1.0,,,unavailable,data/lyrics/RMVM_S_f4e49d9731.txt,verified_local,data/covers/RMVM_S_f4e49d9731.jpg,verified_local,,missing,TIER_A,LYRICS_COVER,train
RMVM_S_f508ab7957,Đắp Mộ Cuộc Tình,"BeeBoss, Tuấn Chung",ART_418aa1c982,POP_BALLAD,deterministic_mapping,1.0,,,unavailable,data/lyrics/RMVM_S_f508ab7957.txt,verified_local,,unavailable,,missing,TIER_A,LYRICS_ONLY,train
RMVM_S_f50b69adb0,Anh Hãy Về Đi,"Thanh Ngân, Gia Tiến, Trương Nguyên",ART_c1d7493d2f,POP_BALLAD,deterministic_mapping,1.0,,,unavailable,,unavailable,data/covers/RMVM_S_f50b69adb0.jpg,verified_local,,missing,TIER_A,COVER_ONLY,train
RMVM_S_f518010c57,Liên Khúc Thuyền Xa Bến Đỗ,"Trương Cẩm Tú, Gia Lạc",ART_8c96913362,BOLERO_TRUTINH,deterministic_mapping,1.0,,,unavailable,data/lyrics/RMVM_S_f518010c57.txt,verified_local,,unavailable,,missing,TIER_A,LYRICS_ONLY,train
RMVM_S_f52d836fd9,Giấc Mơ Mùa Đông,Huy Vũ,ART_360b4ddc5b,POP_BALLAD,deterministic_mapping,0.85,,,unavailable,,unavailable,,unavailable,,missing,TIER_B,METADATA_ONLY,train
RMVM_S_f52e45c801,Nếu Như Ngày Ấy,"Huy Diệc, HOA HỒNG DẠI MUSIC",ART_56c840bc52,POP_BALLAD,deterministic_mapping,1.0,,,unavailable,data/lyrics/RMVM_S_f52e45c801.txt,verified_local,,unavailable,,missing,TIER_A,LYRICS_ONLY,train
RMVM_S_f53825e0fe,Không Thương Cũng Đành (Cover),Cường Mèo,ART_a32f680c8c,POP_BALLAD,deterministic_mapping,1.0,,,unavailable,data/lyrics/RMVM_S_f53825e0fe.txt,verified_local,,unavailable,,missing,TIER_A,LYRICS_ONLY,train
RMVM_S_f5388751ef,1 tháng nhung nhớ,"Pay, Lazii",ART_80e8ed891b,POP_BALLAD,deterministic_mapping,1.0,,,unavailable,data/lyrics/RMVM_S_f5388751ef.txt,verified_local,data/covers/RMVM_S_f5388751ef.jpg,verified_local,,missing,TIER_A,LYRICS_COVER,train
RMVM_S_f5416c12fa,Này Sao Ơi,Ái Phương,ART_21e0c66239,POP_BALLAD,deterministic_mapping,1.0,,,unavailable,data/lyrics/RMVM_S_f5416c12fa.txt,verified_local,data/covers/RMVM_S_f5416c12fa.jpg,verified_local,,missing,TIER_A,LYRICS_COVER,train
RMVM_S_f54230f3ef,Sóng Gió (Cover),"Thiên An, Mi Ngân",ART_091d84721d,POP_BALLAD,deterministic_mapping,1.0,,,unavailable,data/lyrics/RMVM_S_f54230f3ef.txt,verified_local,,unavailable,,missing,TIER_A,LYRICS_ONLY,train
RMVM_S_f56856a315,Cơn Mưa Vội Quên,"TBEAR, P.O.N",ART_9d955dc648,POP_BALLAD,deterministic_mapping,1.0,,,unavailable,data/lyrics/RMVM_S_f56856a315.txt,verified_local,,unavailable,,missing,TIER_A,LYRICS_ONLY,train
RMVM_S_f579543237,Vùng Trời Mơ Ước,"Minh Thuận, Nhật Hào",ART_611562f3a1,POP_BALLAD,deterministic_mapping,1.0,,,unavailable,data/lyrics/RMVM_S_f579543237.txt,verified_local,,unavailable,,missing,TIER_A,LYRICS_ONLY,train
RMVM_S_f57ca73564,Liều Thuốc Cho Tình Yêu,Boo Phan,ART_106a39a375,POP_BALLAD,deterministic_mapping,1.0,,,unavailable,data/lyrics/RMVM_S_f57ca73564.txt,verified_local,,unavailable,,missing,TIER_A,LYRICS_ONLY,train
RMVM_S_f58c69eb5f,Chiều Tà,Thu Giang,ART_b1f70ef9cd,BOLERO_TRUTINH,deterministic_mapping,1.0,,,unavailable,data/lyrics/RMVM_S_f58c69eb5f.txt,verified_local,,unavailable,,missing,TIER_A,LYRICS_ONLY,train
RMVM_S_f59ab74440,Đời Vẫn Buồn Xót Xa,Hương Thơ,ART_bd18ccc8e3,POP_BALLAD,deterministic_mapping,1.0,,,unavailable,data/lyrics/RMVM_S_f59ab74440.txt,verified_local,,unavailable,,missing,TIER_A,LYRICS_ONLY,train
RMVM_S_f5af6bb178,Nhớ Nhau Hoài (Album Tình Ngược Lối),Thanh Vinh,ART_993f253972,BOLERO_TRUTINH,deterministic_mapping,1.0,,,unavailable,data/lyrics/RMVM_S_f5af6bb178.txt,verified_local,,unavailable,,missing,TIER_A,LYRICS_ONLY,train
RMVM_S_f5b8d55fbd,Chúng Ta Yêu Xa,"T-Tuner, CM1X",ART_b1c5829f1c,POP_BALLAD,deterministic_mapping,1.0,,,unavailable,data/lyrics/RMVM_S_f5b8d55fbd.txt,verified_local,,unavailable,,missing,TIER_A,LYRICS_ONLY,train
RMVM_S_f5c0afa1f6,Cũng Bởi Một Chữ Tình,Mai Tiến Đạt,ART_b32a9f66e8,POP_BALLAD,deterministic_mapping,1.0,,,unavailable,data/lyrics/RMVM_S_f5c0afa1f6.txt,verified_local,,unavailable,,missing,TIER_A,LYRICS_ONLY,train
RMVM_S_f5f3db5edb,Người Em Yêu Không Phải Tôi (Beat),Lâm Triệu Vỹ,ART_7342a29223,POP_BALLAD,deterministic_mapping,1.0,,,unavailable,data/lyrics/RMVM_S_f5f3db5edb.txt,verified_local,,unavailable,,missing,TIER_A,LYRICS_ONLY,train
RMVM_S_f605ce3b26,iu là đây (speed up),"Sean, Muộii, Anfang",ART_4984d0fe44,POP_BALLAD,deterministic_mapping,1.0,,,unavailable,data/lyrics/RMVM_S_f605ce3b26.txt,verified_local,,unavailable,,missing,TIER_A,LYRICS_ONLY,train
RMVM_S_f64d558ce0,Cuộc Đời Anh Chỉ Cần Như Vậy,Nguyễn Bảo Linh,ART_310be3a81c,POP_BALLAD,deterministic_mapping,1.0,,,unavailable,data/lyrics/RMVM_S_f64d558ce0.txt,verified_local,,unavailable,,missing,TIER_A,LYRICS_ONLY,train
RMVM_S_f6583896bf,Chạy Về Khóc Với Anh (Acoustic Version),"ERIK, Nguyễn Phúc Thiện",ART_96d3b5c231,POP_BALLAD,deterministic_mapping,1.0,,,unavailable,data/lyrics/RMVM_S_f6583896bf.txt,verified_local,data/covers/RMVM_S_f6583896bf.jpg,verified_local,,missing,TIER_A,LYRICS_COVER,train
RMVM_S_f65c4a5fce,Lúc Anh Cần Em Ở Đâu (Vinahouse),Cao Thiên Vũ,ART_5a3ac2c4b1,POP_BALLAD,deterministic_mapping,1.0,,,unavailable,data/lyrics/RMVM_S_f65c4a5fce.txt,verified_local,,unavailable,,missing,TIER_A,LYRICS_ONLY,train
RMVM_S_f664a6047d,Lk Phải Lòng Con Gái Bến Tre Áo Mới Cà Mau,"Lưu Ánh Loan, Lưu Chí Vỹ",ART_7b0c0d437e,POP_BALLAD,deterministic_mapping,1.0,,,unavailable,data/lyrics/RMVM_S_f664a6047d.txt,verified_local,,unavailable,,missing,TIER_A,LYRICS_ONLY,train
RMVM_S_f68a1d70cd,Khi Anh Ra Đi,Lưu Bích,ART_4c4952faa8,INSTRUMENTAL,source_tag_verification,0.85,,,unavailable,data/lyrics/RMVM_S_f68a1d70cd.txt,verified_local,,unavailable,,missing,TIER_B,LYRICS_ONLY,train
RMVM_S_f68fff2d23,Phố Vắng Em,CHUDAT,ART_27bcb26b2b,POP_BALLAD,deterministic_mapping,1.0,,,unavailable,data/lyrics/RMVM_S_f68fff2d23.txt,verified_local,,unavailable,,missing,TIER_A,LYRICS_ONLY,train
RMVM_S_f6af8d4ed3,Vâng! Em Yêu Anh (Lofi Version),Hương Tú,ART_c84ec39c16,POP_BALLAD,deterministic_mapping,1.0,,,unavailable,data/lyrics/RMVM_S_f6af8d4ed3.txt,verified_local,,unavailable,,missing,TIER_A,LYRICS_ONLY,train
RMVM_S_f6bb524a64,Chính Chúa Chọn Con,Minh Sang,ART_09318837eb,OTHER,curated_out_of_taxonomy,0.9,Religious / Sacred spiritual Vietnamese music,,unavailable,,unavailable,,unavailable,,missing,TIER_B,METADATA_ONLY,train
RMVM_S_f6bdd27247,Tạm Biệt Matxcova,Quang Thọ,ART_a9ce8fc0ed,POP_BALLAD,deterministic_mapping,1.0,,,unavailable,data/lyrics/RMVM_S_f6bdd27247.txt,verified_local,,unavailable,,missing,TIER_A,LYRICS_ONLY,train
RMVM_S_f6cb23cf66,Có Một Người Luôn Cười Khi Anh Đến,"tofutns, PC, TaynguyenSound",ART_cd709e07e5,POP_BALLAD,deterministic_mapping,1.0,,,unavailable,data/lyrics/RMVM_S_f6cb23cf66.txt,verified_local,,unavailable,,missing,TIER_A,LYRICS_ONLY,train
RMVM_S_f6d301f202,Lk Nước Cuốn Hoa Trôi & Tình Nàng La Lan,Như Quỳnh,ART_6fdf755d8a,INSTRUMENTAL,source_tag_verification,0.85,,,unavailable,,unavailable,data/covers/RMVM_S_f6d301f202.jpg,verified_local,,missing,TIER_B,COVER_ONLY,train
RMVM_S_f6db4b2a54,Yêu Anh Dịu Dàng,Như Loan,ART_7101f466df,INSTRUMENTAL,source_tag_verification,0.85,,,unavailable,data/lyrics/RMVM_S_f6db4b2a54.txt,verified_local,,unavailable,,missing,TIER_B,LYRICS_ONLY,train
RMVM_S_f7340333ee,Chậm Như Rùa,Bé Hồng Ân,ART_35f4e19dfa,CHILDREN,deterministic_mapping,1.0,,,unavailable,data/lyrics/RMVM_S_f7340333ee.txt,verified_local,,unavailable,,missing,TIER_A,LYRICS_ONLY,train
RMVM_S_f74e4f8d74,Chuyện Tình Sầu Riêng Anh,"Khưu Huy Vũ, Hồng Phượng",ART_4562bdce67,BOLERO_TRUTINH,deterministic_mapping,1.0,,,unavailable,data/lyrics/RMVM_S_f74e4f8d74.txt,verified_local,,unavailable,,missing,TIER_A,LYRICS_ONLY,train
RMVM_S_f75bb45bd7,Không Gian Chơi Vơi,PhanDjat,ART_b35ef509a0,POP_BALLAD,deterministic_mapping,1.0,,,unavailable,data/lyrics/RMVM_S_f75bb45bd7.txt,verified_local,data/covers/RMVM_S_f75bb45bd7.jpg,verified_local,,missing,TIER_A,LYRICS_COVER,train
RMVM_S_f77b52afbf,Chú Ếch Con,Bé Thảo Như,ART_cf5336ec5d,CHILDREN,deterministic_mapping,1.0,,,unavailable,data/lyrics/RMVM_S_f77b52afbf.txt,verified_local,,unavailable,,missing,TIER_A,LYRICS_ONLY,train
RMVM_S_f78b61f24e,Toại Nguyện,Trương Đình Phong,ART_5ab81df982,POP_BALLAD,deterministic_mapping,1.0,,,unavailable,data/lyrics/RMVM_S_f78b61f24e.txt,verified_local,data/covers/RMVM_S_f78b61f24e.jpg,verified_local,,missing,TIER_A,LYRICS_COVER,train
RMVM_S_f7be22ae38,Ngày Xuân Thăm Nhau,"Quỳnh Trang, Thiên Quang",ART_b55b7bffd3,BOLERO_TRUTINH,deterministic_mapping,1.0,,,unavailable,data/lyrics/RMVM_S_f7be22ae38.txt,verified_local,,unavailable,,missing,TIER_A,LYRICS_ONLY,train
RMVM_S_f7be403fb5,Anh Em Cây Khế (Bee Remix),"Du Thiên, Đạt Villa",ART_50babd8afa,DANCE_EDM,deterministic_mapping,1.0,,,unavailable,data/lyrics/RMVM_S_f7be403fb5.txt,verified_local,,unavailable,,missing,TIER_A,LYRICS_ONLY,train
RMVM_S_f7d2a624a9,Chuyến Đi Dài,Xanh 8+1,ART_a5bbe2f94d,ROCK,deterministic_mapping,1.0,,,unavailable,data/lyrics/RMVM_S_f7d2a624a9.txt,verified_local,data/covers/RMVM_S_f7d2a624a9.jpg,verified_local,,missing,TIER_A,LYRICS_COVER,train
RMVM_S_f7ea4819e1,Điều Ngọt Ngào Cho Em,Arrow,ART_9022a153e6,RAP_HIPHOP,deterministic_mapping,1.0,,,unavailable,data/lyrics/RMVM_S_f7ea4819e1.txt,verified_local,data/covers/RMVM_S_f7ea4819e1.jpg,verified_local,,missing,TIER_A,LYRICS_COVER,train
RMVM_S_f7fd7cb227,Khoảnh Khắc,Giang Hồng Ngọc,ART_1bf81baddb,BOLERO_TRUTINH,deterministic_mapping,1.0,,,unavailable,data/lyrics/RMVM_S_f7fd7cb227.txt,verified_local,,unavailable,,missing,TIER_A,LYRICS_ONLY,train
RMVM_S_f81a64e580,Chị Tôi 2,Trường Vũ,ART_9ba4540d1a,BOLERO_TRUTINH,deterministic_mapping,1.0,,,unavailable,data/lyrics/RMVM_S_f81a64e580.txt,verified_local,,unavailable,,missing,TIER_A,LYRICS_ONLY,train
RMVM_S_f82b9d3904,Có Lẽ Anh Đã Đánh Mất Em,"Minh Huy, THIENVU, Nam Joyy",ART_da8482e6b7,RB_SOUL,deterministic_mapping,1.0,,,unavailable,data/lyrics/RMVM_S_f82b9d3904.txt,verified_local,,unavailable,,missing,TIER_A,LYRICS_ONLY,train
RMVM_S_f8400d8633,Mơ Về Một Đêm Giáng Sinh,Don Hồ,ART_7a15955a82,INSTRUMENTAL,source_tag_verification,0.85,,,unavailable,data/lyrics/RMVM_S_f8400d8633.txt,verified_local,,unavailable,,missing,TIER_B,LYRICS_ONLY,train
RMVM_S_f89340689c,Vọng Khúc Cung Sầu,Mai Tiến Đạt,ART_b32a9f66e8,POP_BALLAD,deterministic_mapping,1.0,,,unavailable,data/lyrics/RMVM_S_f89340689c.txt,verified_local,,unavailable,,missing,TIER_A,LYRICS_ONLY,train
RMVM_S_f8a7436aed,Ngàn Đời Nhớ Thương Mẹ,Phước Lộc,ART_fa84dabe3d,FOLK_TRADITIONAL,deterministic_mapping,1.0,,,unavailable,data/lyrics/RMVM_S_f8a7436aed.txt,verified_local,,unavailable,,missing,TIER_A,LYRICS_ONLY,train
RMVM_S_f8c4cc7ddc,Đắm Trong Màn Mưa (Lofi Version),"Dee Trần, 1 9 6 7",ART_91c0741237,POP_BALLAD,deterministic_mapping,1.0,,,unavailable,data/lyrics/RMVM_S_f8c4cc7ddc.txt,verified_local,,unavailable,,missing,TIER_A,LYRICS_ONLY,train
RMVM_S_f8f6ff9693,Hẹn Thề Làm Chi (Vinahouse),"Phát Lee, 93NEWG Remix",ART_978e778d41,POP_BALLAD,deterministic_mapping,1.0,,,unavailable,data/lyrics/RMVM_S_f8f6ff9693.txt,verified_local,,unavailable,,missing,TIER_A,LYRICS_ONLY,train
RMVM_S_f8f9e94114,Chút Nắng Vàng Bay (Live at Giấc Mơ Sol),Tùng Dương,ART_4da1ec08d5,POP_BALLAD,deterministic_mapping,1.0,,,unavailable,data/lyrics/RMVM_S_f8f9e94114.txt,verified_local,,unavailable,,missing,TIER_A,LYRICS_ONLY,train
RMVM_S_f9247e7114,Bạn Của Tôi Ơi,Phạm Đình Thái Ngân,ART_317bd50d6c,POP_BALLAD,deterministic_mapping,1.0,,,unavailable,data/lyrics/RMVM_S_f9247e7114.txt,verified_local,,unavailable,,missing,TIER_A,LYRICS_ONLY,train
RMVM_S_f9821be7b6,Bông Đùa (Lofi),"Chuy Blue, Star Online",ART_27e869acc0,POP_BALLAD,deterministic_mapping,1.0,,,unavailable,data/lyrics/RMVM_S_f9821be7b6.txt,verified_local,,unavailable,,missing,TIER_A,LYRICS_ONLY,train
RMVM_S_f986535593,Tôi Yêu Bolero,Lâm Bảo Phi,ART_a455c80bfc,BOLERO_TRUTINH,deterministic_mapping,1.0,,,unavailable,data/lyrics/RMVM_S_f986535593.txt,verified_local,,unavailable,,missing,TIER_A,LYRICS_ONLY,train
RMVM_S_f9b7c7e370,Tôi Vẫn Cô Đơn,Đạt Long Vinh,ART_a0ffd3fdc0,BOLERO_TRUTINH,deterministic_mapping,1.0,,,unavailable,data/lyrics/RMVM_S_f9b7c7e370.txt,verified_local,,unavailable,,missing,TIER_A,LYRICS_ONLY,train
RMVM_S_f9ceb18f5c,Thăng Hạng Tự Tin,"OSAD, Miu Lê",ART_472297620f,POP_BALLAD,deterministic_mapping,1.0,,,unavailable,data/lyrics/RMVM_S_f9ceb18f5c.txt,verified_local,,unavailable,,missing,TIER_A,LYRICS_ONLY,train
RMVM_S_f9e22b2145,1 Chút Thôi,"Híu, Luny",ART_04aef6a9ee,POP_BALLAD,deterministic_mapping,1.0,,,unavailable,,unavailable,data/covers/RMVM_S_f9e22b2145.jpg,verified_local,,missing,TIER_A,COVER_ONLY,train
RMVM_S_fa0a6c0dfa,Kỷ Niệm Mùa Hè,Đoan Trang,ART_0ee13d720c,CHILDREN,deterministic_mapping,1.0,,,unavailable,data/lyrics/RMVM_S_fa0a6c0dfa.txt,verified_local,,unavailable,,missing,TIER_A,LYRICS_ONLY,train
RMVM_S_fa138c294d,Em Chọn Cách Rời Xa,"Vĩnh Thuyên Kim, TRUNKY",ART_0cf54efa78,POP_BALLAD,deterministic_mapping,1.0,,,unavailable,data/lyrics/RMVM_S_fa138c294d.txt,verified_local,,unavailable,,missing,TIER_A,LYRICS_ONLY,train
RMVM_S_fa3f75ab16,Chuyện Ngày Xưa,Thúy Huyền,ART_36808d017b,POP_BALLAD,deterministic_mapping,1.0,,,unavailable,data/lyrics/RMVM_S_fa3f75ab16.txt,verified_local,,unavailable,,missing,TIER_A,LYRICS_ONLY,train
RMVM_S_fa5a6df58a,Biển Và Con Tàu,Thanh Hoa,ART_1dd320405e,FOLK_TRADITIONAL,artist_discography_verification,0.85,,,unavailable,data/lyrics/RMVM_S_fa5a6df58a.txt,verified_local,,unavailable,,missing,TIER_B,LYRICS_ONLY,train
RMVM_S_fa80df1ec0,Anh Ơi Ở Lại,Nhiều nghệ sĩ,ART_736b531937,POP_BALLAD,deterministic_mapping,1.0,,,unavailable,data/lyrics/RMVM_S_fa80df1ec0.txt,verified_local,,unavailable,,missing,TIER_A,LYRICS_ONLY,train
RMVM_S_fa82acf945,Càng Trưởng Thành Càng Cô Đơn / Gửi Người Yêu Cũ (Live),"Hồ Ngọc Hà, Ngọc Mai",ART_2ab5ac08ca,POP_BALLAD,deterministic_mapping,1.0,,,unavailable,data/lyrics/RMVM_S_fa82acf945.txt,verified_local,,unavailable,,missing,TIER_A,LYRICS_ONLY,train
RMVM_S_faab630e80,Y.Ê.U (Acoustic Version),MIN,ART_d8bd79cc13,POP_BALLAD,deterministic_mapping,1.0,,,unavailable,data/lyrics/RMVM_S_faab630e80.txt,verified_local,,unavailable,,missing,TIER_A,LYRICS_ONLY,train
RMVM_S_faf67df21d,Vầng Trăng Dạ Cổ,"Hương Lan, Mạnh Quỳnh",ART_c6978286bd,FOLK_TRADITIONAL,artist_discography_verification,0.85,,,unavailable,data/lyrics/RMVM_S_faf67df21d.txt,verified_local,,unavailable,,missing,TIER_B,LYRICS_ONLY,train
RMVM_S_fb1d032aef,Bắc Ninh - Kinh Bắc (Chương Trình Nghệ Thuật Chào Mừng Thành Phố Từ Sơn),Trọng Tấn,ART_e45d081f4c,POP_BALLAD,deterministic_mapping,1.0,,,unavailable,data/lyrics/RMVM_S_fb1d032aef.txt,verified_local,data/covers/RMVM_S_fb1d032aef.jpg,verified_local,,missing,TIER_A,LYRICS_COVER,train
RMVM_S_fb3fe0fe3d,4 Phút 20 Giây (Về Nhà Với Anh Đi),Hà Anh,ART_05cd65e307,POP_BALLAD,deterministic_mapping,1.0,,,unavailable,data/lyrics/RMVM_S_fb3fe0fe3d.txt,verified_local,,unavailable,,missing,TIER_A,LYRICS_ONLY,train
RMVM_S_fb43f11537,Điều Hiển Nhiên,Phạm Anh Tuấn,ART_898badbea4,POP_BALLAD,deterministic_mapping,1.0,,,unavailable,data/lyrics/RMVM_S_fb43f11537.txt,verified_local,data/covers/RMVM_S_fb43f11537.jpg,verified_local,,missing,TIER_A,LYRICS_COVER,train
RMVM_S_fb6690c096,Yêu Chưa Bao Giờ Là Sai - Liêu Hà Trinh | @To...,Liêu Hà Trinh,ART_d9183f78b2,POP_BALLAD,deterministic_mapping,1.0,,,unavailable,,unavailable,data/covers/RMVM_S_fb6690c096.jpg,verified_local,,missing,TIER_A,COVER_ONLY,train
RMVM_S_fb69bc1e1f,Bạn Không Giống Tôi (Đừng Phán Xét),Cao Tùng Huy,ART_879c1f8ca5,POP_BALLAD,deterministic_mapping,1.0,,,unavailable,data/lyrics/RMVM_S_fb69bc1e1f.txt,verified_local,,unavailable,,missing,TIER_A,LYRICS_ONLY,train
RMVM_S_fb75887b4c,Ngày Mình Từng Yêu (Remix),Tăng Quỳnh My,ART_089e02ee96,POP_BALLAD,deterministic_mapping,1.0,,,unavailable,data/lyrics/RMVM_S_fb75887b4c.txt,verified_local,,unavailable,,missing,TIER_A,LYRICS_ONLY,train
RMVM_S_fb7d055f20,Bậu Về Nơi Đâu,Hồ Khắc Tùng,ART_0bba243a82,BOLERO_TRUTINH,deterministic_mapping,1.0,,,unavailable,data/lyrics/RMVM_S_fb7d055f20.txt,verified_local,data/covers/RMVM_S_fb7d055f20.jpg,verified_local,,missing,TIER_A,LYRICS_COVER,train
RMVM_S_fb7fd86e78,Mũi Tên Xuyên Tim,Lâm Trí Hải,ART_392482d74a,POP_BALLAD,deterministic_mapping,1.0,,,unavailable,data/lyrics/RMVM_S_fb7fd86e78.txt,verified_local,,unavailable,,missing,TIER_A,LYRICS_ONLY,train
RMVM_S_fb873ee8ff,Hãy Nói Lời Yêu Anh,Như Quỳnh,ART_6fdf755d8a,INSTRUMENTAL,source_tag_verification,0.85,,,unavailable,data/lyrics/RMVM_S_fb873ee8ff.txt,verified_local,,unavailable,,missing,TIER_B,LYRICS_ONLY,train
RMVM_S_fb9393e8b7,Mưa Ngâu,Ái Vân,ART_40e372afc0,INSTRUMENTAL,source_tag_verification,0.85,,,unavailable,data/lyrics/RMVM_S_fb9393e8b7.txt,verified_local,,unavailable,,missing,TIER_B,LYRICS_ONLY,train
RMVM_S_fbbff4b9d9,Chơi Vơi Giữa Trời (Remix),"Hoa Xuân Đức, BMZ",ART_9a2d17f646,DANCE_EDM,deterministic_mapping,1.0,,,unavailable,data/lyrics/RMVM_S_fbbff4b9d9.txt,verified_local,data/covers/RMVM_S_fbbff4b9d9.jpg,verified_local,,missing,TIER_A,LYRICS_COVER,train
RMVM_S_fbcde08ec9,Chẳng Cô Đơn Nhưng Vẫn Một Mình,Diêu Ngọc Bích Trâm,ART_f979775758,POP_BALLAD,deterministic_mapping,1.0,,,unavailable,data/lyrics/RMVM_S_fbcde08ec9.txt,verified_local,,unavailable,,missing,TIER_A,LYRICS_ONLY,train
RMVM_S_fbe1978941,Buồn Như Kiếp Tằm,Trung Hậu,ART_6b9365572a,BOLERO_TRUTINH,deterministic_mapping,1.0,,,unavailable,,unavailable,data/covers/RMVM_S_fbe1978941.jpg,verified_local,,missing,TIER_A,COVER_ONLY,train
RMVM_S_fbe99a7aba,Một Ngày Vắng Anh,Thu Thủy,ART_d19291be80,POP_BALLAD,deterministic_mapping,1.0,,,unavailable,data/lyrics/RMVM_S_fbe99a7aba.txt,verified_local,,unavailable,,missing,TIER_A,LYRICS_ONLY,train
RMVM_S_fbf8ad493a,goc khuat cua tinh yeu,Music of Friends,ART_4c93c0bfec,BOLERO_TRUTINH,deterministic_mapping,1.0,,,unavailable,,unavailable,data/covers/RMVM_S_fbf8ad493a.jpg,verified_local,,missing,TIER_A,COVER_ONLY,train
RMVM_S_fc03c33273,Ai Cũng Nói Anh Chờ Làm Gì,Jang Nguyễn,ART_3cb362b3c3,POP_BALLAD,deterministic_mapping,1.0,,,unavailable,data/lyrics/RMVM_S_fc03c33273.txt,verified_local,,unavailable,,missing,TIER_A,LYRICS_ONLY,train
RMVM_S_fc35dfb773,Cô Em Đừng Rời Xa Ta,"SoHo, TDA",ART_c228ee4df2,POP_BALLAD,deterministic_mapping,1.0,,,unavailable,data/lyrics/RMVM_S_fc35dfb773.txt,verified_local,,unavailable,,missing,TIER_A,LYRICS_ONLY,train
RMVM_S_fc3b018f5d,Quảng Ngãi Nhớ Thương,"Trường Kha, Giang Mỹ Huyền",ART_382e757c05,FOLK_TRADITIONAL,deterministic_mapping,1.0,,,unavailable,data/lyrics/RMVM_S_fc3b018f5d.txt,verified_local,,unavailable,,missing,TIER_A,LYRICS_ONLY,train
RMVM_S_fc506798d0,Anh Sẽ Là Người Đi Theo,Vân Quang Long,ART_a625dedbca,POP_BALLAD,deterministic_mapping,1.0,,,unavailable,data/lyrics/RMVM_S_fc506798d0.txt,verified_local,,unavailable,,missing,TIER_A,LYRICS_ONLY,train
RMVM_S_fc5ec342ad,Đây Là Việt Nam,"Rhymastic, Blacka",ART_acd95f5aff,POP_BALLAD,deterministic_mapping,1.0,,,unavailable,data/lyrics/RMVM_S_fc5ec342ad.txt,verified_local,,unavailable,,missing,TIER_A,LYRICS_ONLY,train
RMVM_S_fc8c29ff3e,Tấm Lòng Em Trong Sáng,"Minh Thuận, Phương Thanh",ART_03b451aced,POP_BALLAD,deterministic_mapping,1.0,,,unavailable,data/lyrics/RMVM_S_fc8c29ff3e.txt,verified_local,,unavailable,,missing,TIER_A,LYRICS_ONLY,train
RMVM_S_fcb0db6908,Đừng Khóc (Lofi Version),Chi Dân,ART_b92b6ad2df,POP_BALLAD,deterministic_mapping,1.0,,,unavailable,data/lyrics/RMVM_S_fcb0db6908.txt,verified_local,,unavailable,,missing,TIER_A,LYRICS_ONLY,train
RMVM_S_fcf59569a9,Cả Một Đời Người Xin Mượn Một Đoạn Đường,Gin Tuấn Kiệt,ART_20d7360600,POP_BALLAD,deterministic_mapping,1.0,,,unavailable,data/lyrics/RMVM_S_fcf59569a9.txt,verified_local,,unavailable,,missing,TIER_A,LYRICS_ONLY,train
RMVM_S_fd15ab61a5,Không Ai Chọn Sự Cô Đơn,Hồ Thiện Quân,ART_f46d4fa72f,POP_BALLAD,deterministic_mapping,1.0,,,unavailable,data/lyrics/RMVM_S_fd15ab61a5.txt,verified_local,,unavailable,,missing,TIER_A,LYRICS_ONLY,train
RMVM_S_fd1fe3c88b,Cho Bạn Cho Tôi,"CARA, Hoàng Duyên, JSOL",ART_9c277a23b7,POP_BALLAD,deterministic_mapping,1.0,,,unavailable,data/lyrics/RMVM_S_fd1fe3c88b.txt,verified_local,,unavailable,,missing,TIER_A,LYRICS_ONLY,train
RMVM_S_fd252fbd0d,Đàn Tôi Yêu Một Tiếng Ca,Mai Thiên Vân,ART_24d0551951,INSTRUMENTAL,source_tag_verification,0.85,,,unavailable,data/lyrics/RMVM_S_fd252fbd0d.txt,verified_local,,unavailable,,missing,TIER_B,LYRICS_ONLY,train
RMVM_S_fd4d62b486,Năm Tháng Trôi Qua,GreenD,ART_0d6dc44fde,POP_BALLAD,deterministic_mapping,1.0,,,unavailable,,unavailable,data/covers/RMVM_S_fd4d62b486.jpg,verified_local,,missing,TIER_A,COVER_ONLY,train
RMVM_S_fd5316f9ea,Anh Đang Rất Nhớ Em,"LilGee Phạm, Nguyễn Mạnh Cường, Khiết Linh",ART_c292cbd1ba,POP_BALLAD,deterministic_mapping,1.0,,,unavailable,data/lyrics/RMVM_S_fd5316f9ea.txt,verified_local,,unavailable,,missing,TIER_A,LYRICS_ONLY,train
RMVM_S_fd9944d9c0,Chỉ Là Người Anh Trai,Gia Huy Singer,ART_65b773d175,POP_BALLAD,deterministic_mapping,1.0,,,unavailable,data/lyrics/RMVM_S_fd9944d9c0.txt,verified_local,,unavailable,,missing,TIER_A,LYRICS_ONLY,train
RMVM_S_fdc2f0a609,Anh Đi Qua Để Lại,Lưu Bích,ART_4c4952faa8,INSTRUMENTAL,source_tag_verification,0.85,,,unavailable,data/lyrics/RMVM_S_fdc2f0a609.txt,verified_local,,unavailable,,missing,TIER_B,LYRICS_ONLY,train
RMVM_S_fdd3ccdea9,Tình Nghèo Cách Xa,Đinh Quốc Cường,ART_8c3f12a0f1,POP_BALLAD,deterministic_mapping,1.0,,,unavailable,data/lyrics/RMVM_S_fdd3ccdea9.txt,verified_local,,unavailable,,missing,TIER_A,LYRICS_ONLY,train
RMVM_S_fdd68c8a35,Anh Em Mình Đi,Nhiều nghệ sĩ,ART_736b531937,POP_BALLAD,deterministic_mapping,1.0,,,unavailable,data/lyrics/RMVM_S_fdd68c8a35.txt,verified_local,,unavailable,,missing,TIER_A,LYRICS_ONLY,train
RMVM_S_fdf7fe63ca,Tình Đắng Lý Cây Bần,Vũ Tuấn Khang,ART_96bcadc87d,POP_BALLAD,deterministic_mapping,1.0,,,unavailable,data/lyrics/RMVM_S_fdf7fe63ca.txt,verified_local,,unavailable,,missing,TIER_A,LYRICS_ONLY,train
RMVM_S_fe1020a0e6,Bạn Thân (Beat),V.Music New,ART_57886b6d36,POP_BALLAD,deterministic_mapping,1.0,,,unavailable,data/lyrics/RMVM_S_fe1020a0e6.txt,verified_local,,unavailable,,missing,TIER_A,LYRICS_ONLY,train
RMVM_S_fe141d209d,Nhớ Mẹ Lý Mồ Côi,Hoàng Minh Thắng,ART_8de2974414,BOLERO_TRUTINH,deterministic_mapping,1.0,,,unavailable,data/lyrics/RMVM_S_fe141d209d.txt,verified_local,,unavailable,,missing,TIER_A,LYRICS_ONLY,train
RMVM_S_fe22077c0d,Dại Khờ,"Bảo Ngọc, Thế Sơn",ART_fe4b87460c,INSTRUMENTAL,source_tag_verification,0.85,,,unavailable,data/lyrics/RMVM_S_fe22077c0d.txt,verified_local,,unavailable,,missing,TIER_B,LYRICS_ONLY,train
RMVM_S_fe32bcea0f,Liên Khúc Modern Talking (Beat),Ngô Viết Trung,ART_a4cf8d25af,POP_BALLAD,deterministic_mapping,1.0,,,unavailable,data/lyrics/RMVM_S_fe32bcea0f.txt,verified_local,,unavailable,,missing,TIER_A,LYRICS_ONLY,train
RMVM_S_fe3af70ee9,Em Vẫn Chờ Anh (Beat),Đỗ Tuyết Nhi,ART_5c0ef95693,BOLERO_TRUTINH,deterministic_mapping,1.0,,,unavailable,,unavailable,data/covers/RMVM_S_fe3af70ee9.jpg,verified_local,,missing,TIER_A,COVER_ONLY,train
RMVM_S_fe416e225a,Chân Tình Miền Tây,Lương Minh Đạt,ART_7fb3a13d5b,BOLERO_TRUTINH,deterministic_mapping,1.0,,,unavailable,data/lyrics/RMVM_S_fe416e225a.txt,verified_local,,unavailable,,missing,TIER_A,LYRICS_ONLY,train
RMVM_S_fe45044e55,Chợt Nhớ & Tình Trái Ngang,"Lam Anh, Trần Thái Hòa",ART_3cecc8d665,INSTRUMENTAL,source_tag_verification,0.85,,,unavailable,data/lyrics/RMVM_S_fe45044e55.txt,verified_local,,unavailable,,missing,TIER_B,LYRICS_ONLY,train
RMVM_S_fe580202f3,Càng Biết Càng Đau,Liz Kim Cương,ART_68919aafb3,POP_BALLAD,deterministic_mapping,1.0,,,unavailable,data/lyrics/RMVM_S_fe580202f3.txt,verified_local,data/covers/RMVM_S_fe580202f3.jpg,verified_local,,missing,TIER_A,LYRICS_COVER,train
RMVM_S_fe72899c3a,Lặng Lẽ Buông,"Rô Ti, Yuni Boo",ART_fbcb2b3fd8,POP_BALLAD,deterministic_mapping,1.0,,,unavailable,data/lyrics/RMVM_S_fe72899c3a.txt,verified_local,,unavailable,,missing,TIER_A,LYRICS_ONLY,train
RMVM_S_fe7efbd402,Hãy Để Anh Yên (Zenky Remix),"Nhật Phong, ACV",ART_7fdf414c5c,DANCE_EDM,deterministic_mapping,1.0,,,unavailable,data/lyrics/RMVM_S_fe7efbd402.txt,verified_local,,unavailable,,missing,TIER_A,LYRICS_ONLY,train
RMVM_S_fe92dfeba9,Ai Ngờ Ta Còn Thương,"Karik, Thái Trinh",ART_d96128e44e,RAP_HIPHOP,deterministic_mapping,1.0,,,unavailable,data/lyrics/RMVM_S_fe92dfeba9.txt,verified_local,data/covers/RMVM_S_fe92dfeba9.jpg,verified_local,,missing,TIER_A,LYRICS_COVER,train
RMVM_S_fead16e890,Cho Hai Người Đau,Dee Trần,ART_57dfc97013,POP_BALLAD,deterministic_mapping,1.0,,,unavailable,data/lyrics/RMVM_S_fead16e890.txt,verified_local,,unavailable,,missing,TIER_A,LYRICS_ONLY,train
RMVM_S_feb7abf57a,Đừng yêu người nổi tiếng,7UPPERCUTS,ART_795d93f942,ROCK,deterministic_mapping,1.0,,,unavailable,data/lyrics/RMVM_S_feb7abf57a.txt,verified_local,,unavailable,,missing,TIER_A,LYRICS_ONLY,train
RMVM_S_feb91093bf,Rap Về Zenitsu,Phan Ann,ART_07345cf2b0,POP_BALLAD,deterministic_mapping,1.0,,,unavailable,data/lyrics/RMVM_S_feb91093bf.txt,verified_local,,unavailable,,missing,TIER_A,LYRICS_ONLY,train
RMVM_S_febf625e82,Tôi Mất Người Yêu,"Quân Bảo, Kim Ngân",ART_2ee1bc863d,BOLERO_TRUTINH,deterministic_mapping,1.0,,,unavailable,data/lyrics/RMVM_S_febf625e82.txt,verified_local,,unavailable,,missing,TIER_A,LYRICS_ONLY,train
RMVM_S_fec71bc238,Nhớ Anh Nhiều (Remix),Saka Trương Tuyền,ART_3dbd6dca03,POP_BALLAD,deterministic_mapping,1.0,,,unavailable,data/lyrics/RMVM_S_fec71bc238.txt,verified_local,data/covers/RMVM_S_fec71bc238.jpg,verified_local,,missing,TIER_A,LYRICS_COVER,train
RMVM_S_fefbe1dae1,Cảm Ơn Cô Ấy,"Thiên Miệu, Đạt Khói, Tịnh Cường",ART_56d2ca9ed8,POP_BALLAD,deterministic_mapping,1.0,,,unavailable,data/lyrics/RMVM_S_fefbe1dae1.txt,verified_local,,unavailable,,missing,TIER_A,LYRICS_ONLY,train
RMVM_S_ff1d0f419a,Người Ta Nói Tôi Dối Gian,"Phạm Trưởng, Vboys",ART_2c82dddd10,POP_BALLAD,deterministic_mapping,1.0,,,unavailable,data/lyrics/RMVM_S_ff1d0f419a.txt,verified_local,,unavailable,,missing,TIER_A,LYRICS_ONLY,train
RMVM_S_ff24951e01,Sao Anh Không Đến Chiều Mưa,Phương Thanh,ART_bae46acd15,POP_BALLAD,deterministic_mapping,1.0,,,unavailable,data/lyrics/RMVM_S_ff24951e01.txt,verified_local,,unavailable,,missing,TIER_A,LYRICS_ONLY,train
RMVM_S_ff2e13db98,Vũ Nữ Thân Gầy,Bùi Tuyết Mai,ART_ee032ff0d2,BOLERO_TRUTINH,deterministic_mapping,1.0,,,unavailable,,unavailable,data/covers/RMVM_S_ff2e13db98.jpg,verified_local,,missing,TIER_A,COVER_ONLY,train
RMVM_S_ff2e6556f6,Bậu Ơi,Đan Trường,ART_d7d6ae2597,POP_BALLAD,deterministic_mapping,1.0,,,unavailable,data/lyrics/RMVM_S_ff2e6556f6.txt,verified_local,,unavailable,,missing,TIER_A,LYRICS_ONLY,train
RMVM_S_ff3b59992c,Cưới Em Thôi,"Tracy Thảo My, YuniBoo",ART_f4d26ac273,POP_BALLAD,deterministic_mapping,1.0,,,unavailable,data/lyrics/RMVM_S_ff3b59992c.txt,verified_local,data/covers/RMVM_S_ff3b59992c.jpg,verified_local,,missing,TIER_A,LYRICS_COVER,train
RMVM_S_ff40c53793,Đừng Vội Vàng Đổi Thay,Cao Tùng Anh,ART_31b2344e7c,POP_BALLAD,deterministic_mapping,1.0,,,unavailable,data/lyrics/RMVM_S_ff40c53793.txt,verified_local,data/covers/RMVM_S_ff40c53793.jpg,verified_local,,missing,TIER_A,LYRICS_COVER,train
RMVM_S_ff5ea1bde9,Cẩm Lý Sao,Tiểu Muội Màn Thầu,ART_3658751317,POP_BALLAD,deterministic_mapping,1.0,,,unavailable,data/lyrics/RMVM_S_ff5ea1bde9.txt,verified_local,,unavailable,,missing,TIER_A,LYRICS_ONLY,train
RMVM_S_ff74bbc86f,Xa Một Người Còn Thương (Vinahouse),Du Thiên,ART_e5652c266a,DANCE_EDM,deterministic_mapping,1.0,,,unavailable,data/lyrics/RMVM_S_ff74bbc86f.txt,verified_local,,unavailable,,missing,TIER_A,LYRICS_ONLY,train
RMVM_S_ff768222e7,Khóc Cho Một Cuộc Tình,"BeeBoss, Tuấn Chung",ART_418aa1c982,POP_BALLAD,deterministic_mapping,1.0,,,unavailable,data/lyrics/RMVM_S_ff768222e7.txt,verified_local,data/covers/RMVM_S_ff768222e7.jpg,verified_local,,missing,TIER_A,LYRICS_COVER,train
RMVM_S_ff785bda0f,Cùng Hành Quân Giữa Mùa Xuân,NSND Thanh Hoa,ART_b107f61c10,FOLK_TRADITIONAL,artist_discography_verification,0.85,,,unavailable,data/lyrics/RMVM_S_ff785bda0f.txt,verified_local,,unavailable,,missing,TIER_B,LYRICS_ONLY,train
RMVM_S_ff90107377,Lãng Đãng Chiều Hà Nội (Phần 2),"Hãy Nghe Tôi Hát, Holy Trương",ART_d697e4214c,BOLERO_TRUTINH,deterministic_mapping,1.0,,,unavailable,,unavailable,data/covers/RMVM_S_ff90107377.jpg,verified_local,,missing,TIER_A,COVER_ONLY,train
RMVM_S_ff998c60dc,Gieo Neo Phận Nghèo,Giang Trường,ART_0994a63f86,BOLERO_TRUTINH,deterministic_mapping,1.0,,,unavailable,data/lyrics/RMVM_S_ff998c60dc.txt,verified_local,,unavailable,,missing,TIER_A,LYRICS_ONLY,train
RMVM_S_ffab9252ff,Đính Ước,Đạt Long Vinh,ART_a0ffd3fdc0,BOLERO_TRUTINH,deterministic_mapping,1.0,,,unavailable,data/lyrics/RMVM_S_ffab9252ff.txt,verified_local,,unavailable,,missing,TIER_A,LYRICS_ONLY,train
RMVM_S_ffb9589432,Thuyền Tình,"Bằng Cường, Nhật Kim Anh",ART_d3ec9eb198,POP_BALLAD,deterministic_mapping,1.0,,,unavailable,data/lyrics/RMVM_S_ffb9589432.txt,verified_local,,unavailable,,missing,TIER_A,LYRICS_ONLY,train
RMVM_S_fff4e8c1e3,Đừng Mãi Nói Lời Gian Dối,Như Thùy,ART_0abbafc260,POP_BALLAD,deterministic_mapping,1.0,,,unavailable,data/lyrics/RMVM_S_fff4e8c1e3.txt,verified_local,,unavailable,,missing,TIER_A,LYRICS_ONLY,train
RMVM_S_fffe3a916c,Ngọn Đuốc Tình Mẹ,"Vũ Hoàng, Thạch Thảo",ART_98bbd428dd,BOLERO_TRUTINH,deterministic_mapping,1.0,,,unavailable,data/lyrics/RMVM_S_fffe3a916c.txt,verified_local,,unavailable,,missing,TIER_A,LYRICS_ONLY,train
